record_id,local_authority,register_reference,address_or_description,description,eircode,latitude,longitude,location_source,location_precision,source_x,source_y,source_coordinate_system,source_geometry_type,date_entered,valuation,source_url,source_date,retrieved_date,source_format,acquisition_method,extraction_quality
IE-DS-67acfac2eea396,Dublin City Council,DS864,"Templemore Avenue, site to rear of 63 Highfield Road, Dublin 6","Templemore Avenue, site to rear of 63 Highfield Road, Dublin 6",,53.313332,-6.2694465,authority_supplied_point,site_point,,,,Point,2025-10-20,,https://data.smartdublin.ie/dataset/derelict-site-register,2026-06-24,2026-08-08,GeoJSON,official_download_or_api,native_machine_readable
IE-DS-ab8288c5c5b8b7,Dublin City Council,DS492,4A Brainboro Terrace Dublin 8; 4B Brainboro Terrace Dublin 8; 4 Brainboro Terrace Dublin 8 D08PC5E,"Brainboro Terrace, 4A & 4B, Dublin 8",D08 PC5E,53.3326805,-6.2791078,authority_supplied_point,site_point,,,,Point,2025-07-28,,https://data.smartdublin.ie/dataset/derelict-site-register,2026-06-24,2026-08-08,GeoJSON,official_download_or_api,native_machine_readable
IE-DS-bf99d9e8323ce8,Dublin City Council,DS1247,58 Shelbourne Road Dublin 4,"Shelbourne Road, 58, Dublin 4",,53.3357104,-6.2322771,authority_supplied_point,site_point,,,,Point,2025-12-05,,https://data.smartdublin.ie/dataset/derelict-site-register,2026-06-24,2026-08-08,GeoJSON,official_download_or_api,native_machine_readable
IE-DS-94d3e06408f7a9,Dublin City Council,DS1982,32 Coolgariff Road Dublin 9 D09AE62,"Coolgariff Road, 32, Beaumont, Dublin 9",D09 AE62,53.3891911,-6.2360362,authority_supplied_point,site_point,,,,Point,2025-09-16,,https://data.smartdublin.ie/dataset/derelict-site-register,2026-06-24,2026-08-08,GeoJSON,official_download_or_api,native_machine_readable
IE-DS-29c46988b3287d,Dublin City Council,DS1516,2 Clanawley Road Dublin 5 D05E516,"Clanawley Road, 2, Clontarf, Dublin 5",D05 E516,53.3745693,-6.2081793,authority_supplied_point,site_point,,,,Point,2025-06-25,,https://data.smartdublin.ie/dataset/derelict-site-register,2026-06-24,2026-08-08,GeoJSON,official_download_or_api,native_machine_readable
IE-DS-cad1bed0a8e394,Dublin City Council,DS1562,91 Raheny Road Raheny Dublin 5 D05F9W2,"Raheny Road, 91, Raheny, Dublin 5",D05 F9W2,53.3845919,-6.1756283,authority_supplied_point,site_point,,,,Point,2025-10-13,,https://data.smartdublin.ie/dataset/derelict-site-register,2026-06-24,2026-08-08,GeoJSON,official_download_or_api,native_machine_readable
IE-DS-784aee2f0e8801,Dublin City Council,DS1650,12 Everton Avenue Dublin 7 D07RX5V,"Everton Avenue, 12, Cabra East, Dublin 7",D07 RX5V,53.3577945,-6.2906293,authority_supplied_point,site_point,,,,Point,2026-02-11,,https://data.smartdublin.ie/dataset/derelict-site-register,2026-06-24,2026-08-08,GeoJSON,official_download_or_api,native_machine_readable
IE-DS-c0c1e96164b0f0,Dublin City Council,DS1662,487 Blackhorse Avenue Dublin 7 D07N6V2,"Blackhorse Avenue, 487, Ashtown, Dublin 7",D07 N6V2,53.365447,-6.3206002,authority_supplied_point,site_point,,,,Point,2025-09-02,,https://data.smartdublin.ie/dataset/derelict-site-register,2026-06-24,2026-08-08,GeoJSON,official_download_or_api,native_machine_readable
IE-DS-684a905b81268c,Dublin City Council,DS1744,"Irishtown Road/Rosary Terrace, Site on laneway, Dublin 4","Irishtown Road/Rosary Terrace, Site on laneway, Dublin 4",,53.3400725,-6.2244286,authority_supplied_point,site_point,,,,Point,2025-07-10,,https://data.smartdublin.ie/dataset/derelict-site-register,2026-06-24,2026-08-08,GeoJSON,official_download_or_api,native_machine_readable
IE-DS-7fc7722112558f,Dublin City Council,DS1753,231 South Circular Road Dublin 8 D08E6HH,"South Circular Road, 231, Dublin 8",D08 E6HH,53.3317156,-6.2854778,authority_supplied_point,site_point,,,,Point,2025-07-09,,https://data.smartdublin.ie/dataset/derelict-site-register,2026-06-24,2026-08-08,GeoJSON,official_download_or_api,native_machine_readable
IE-DS-9db6d1bfba2428,Dublin City Council,DS2071,118 Dorset Street Upper Dublin 1 D01F2H7; Apartment 2 118 Dorset Street Upper Dublin 1 D01Y566; Apartment 1 118 Dorset Street Upper Dublin 1 D01DX07,"Dorset Street Upper, 118, Dublin 1",D01 F2H7,53.3545359,-6.2668219,authority_supplied_point,site_point,,,,Point,2025-09-02,,https://data.smartdublin.ie/dataset/derelict-site-register,2026-06-24,2026-08-08,GeoJSON,official_download_or_api,native_machine_readable
IE-DS-90eea986b60921,Dublin City Council,DS2072,119 Dorset Street Upper Dublin 1 D01E7K4,"Dorset Street Upper, 119, Dublin 1",D01 E7K4,53.354511,-6.2668622,authority_supplied_point,site_point,,,,Point,2025-09-02,,https://data.smartdublin.ie/dataset/derelict-site-register,2026-06-24,2026-08-08,GeoJSON,official_download_or_api,native_machine_readable
IE-DS-ca1a4e2f31e3b2,Dublin City Council,DS2096,17 Slievemore Road Crumlin Dublin 12 D12WT25,"Slievemore Road, 17, Crumlin, Dublin 12",D12 WT25,53.3273966,-6.3172943,authority_supplied_point,site_point,,,,Point,2025-06-26,,https://data.smartdublin.ie/dataset/derelict-site-register,2026-06-24,2026-08-08,GeoJSON,official_download_or_api,native_machine_readable
IE-DS-b77be24fdda6cb,Dublin City Council,DS2006,7-9 Bath Street Dublin 4 D04E294,"Bath Street, 7-9, Dublin 4",D04 E294,53.3389747,-6.2224752,authority_supplied_point,site_point,,,,Point,2025-09-17,,https://data.smartdublin.ie/dataset/derelict-site-register,2026-06-24,2026-08-08,GeoJSON,official_download_or_api,native_machine_readable
IE-DS-35dfe8d5aaf252,Dublin City Council,DS2010,48B-50A Drumcondra Road Lower Dublin 9,"Drumcondra Road Lower, 48B-50A, Dublin 9",,53.3637036,-6.2580151,authority_supplied_point,site_point,,,,Point,2025-09-30,,https://data.smartdublin.ie/dataset/derelict-site-register,2026-06-24,2026-08-08,GeoJSON,official_download_or_api,native_machine_readable
IE-DS-0684bbd0a14a87,Dublin City Council,DS2043,"17 Kincora Road Dublin 3, D03AK59","Kincora Road, 17, Clontarf, Dublin 3",D03 AK59,53.3629754,-6.2010932,authority_supplied_point,site_point,,,,Point,2025-08-11,,https://data.smartdublin.ie/dataset/derelict-site-register,2026-06-24,2026-08-08,GeoJSON,official_download_or_api,native_machine_readable
IE-DS-d430e738ce3567,Dublin City Council,DS2044,89 Ranelagh Dublin 6 D06K072,"Ranelagh, 89, Dublin 6",D06 K072,53.3239733,-6.252054,authority_supplied_point,site_point,,,,Point,2025-08-07,,https://data.smartdublin.ie/dataset/derelict-site-register,2026-06-24,2026-08-08,GeoJSON,official_download_or_api,native_machine_readable
IE-DS-d99b4507e727e8,Dublin City Council,DS2105,144 Benmadigan Road Crumlin Dublin 12 D12ED90,"Benmadigan Road, 144, Crumlin, Dublin 12",D12 ED90,53.334562,-6.3150977,authority_supplied_point,site_point,,,,Point,2025-06-26,,https://data.smartdublin.ie/dataset/derelict-site-register,2026-06-24,2026-08-08,GeoJSON,official_download_or_api,native_machine_readable
IE-DS-d4178bdee6db91,Dublin City Council,DS2068,14 Cloonlara Drive Dublin 11 D11N7F3,"Cloonlara Drive, 14, Finglas, Dublin 11",D11 N7F3,53.3810236,-6.2963245,authority_supplied_point,site_point,,,,Point,2025-08-05,,https://data.smartdublin.ie/dataset/derelict-site-register,2026-06-24,2026-08-08,GeoJSON,official_download_or_api,native_machine_readable
IE-DS-87a0f3a4b078b9,Dublin City Council,DS2172,78 Dorset Street Upper Dublin 1 D01W659,"Dorset Street Upper, 78, Dublin 1",D01 W659,53.3570773,-6.264537,authority_supplied_point,site_point,,,,Point,2026-01-14,,https://data.smartdublin.ie/dataset/derelict-site-register,2026-06-24,2026-08-08,GeoJSON,official_download_or_api,native_machine_readable
IE-DS-e6bf2bde278278,Dublin City Council,DS2196,40 Watling Street Dublin 8 D08X7Y2,"Watling Street, 40, The Liberties, Dublin 8",D08 X7Y2,53.3463603,-6.2843494,authority_supplied_point,site_point,,,,Point,2025-12-01,,https://data.smartdublin.ie/dataset/derelict-site-register,2026-06-24,2026-08-08,GeoJSON,official_download_or_api,native_machine_readable
IE-DS-3b9a18c9fbebe9,Dublin City Council,DS743,30 Frederick Street North Dublin 1,"Frederick Street North, 30, Dublin 1",,53.3551771,-6.264583,authority_supplied_point,site_point,,,,Point,2023-04-18,,https://data.smartdublin.ie/dataset/derelict-site-register,2026-06-24,2026-08-08,GeoJSON,official_download_or_api,native_machine_readable
IE-DS-de6ad46726dd09,Dublin City Council,DS784,27 Richmond Avenue Dublin 3; 29 Richmond Avenue Dublin 3,"Richmond Avenue, 21 & 27-29 & lands at rear, Dublin 3",,53.3648123,-6.2426954,authority_supplied_point,site_point,,,,Point,2012-12-13,,https://data.smartdublin.ie/dataset/derelict-site-register,2026-06-24,2026-08-08,GeoJSON,official_download_or_api,native_machine_readable
IE-DS-bcc290188910ff,Dublin City Council,DS040,10 Conyngham Road Dublin 8; 11 Conyngham Road Dublin 8; 12 Conyngham Road Dublin 8; 13 Conyngham Road Dublin 8,"Conyngham Road, site at 10-13, Dublin 8 (Protected Structures facades of 10-12)",,53.3480199,-6.2961215,authority_supplied_point,site_point,,,,Point,2019-08-07,,https://data.smartdublin.ie/dataset/derelict-site-register,2026-06-24,2026-08-08,GeoJSON,official_download_or_api,native_machine_readable
IE-DS-d700b7ba0d8eec,Dublin City Council,DS536,48 Killeen Road Dublin 6 D06E9F9,"Killeen Road, 48, Rathmines, Dublin 6",D06 E9F9,53.3189738,-6.2580858,authority_supplied_point,site_point,,,,Point,2017-10-03,,https://data.smartdublin.ie/dataset/derelict-site-register,2026-06-24,2026-08-08,GeoJSON,official_download_or_api,native_machine_readable
IE-DS-809e711a90d08b,Dublin City Council,DS580,86 North King Street Dublin 7,"North King Street, 86, Smithfield, Dublin 7",,53.3498637,-6.2788558,authority_supplied_point,site_point,,,,Point,2020-07-14,,https://data.smartdublin.ie/dataset/derelict-site-register,2026-06-24,2026-08-08,GeoJSON,official_download_or_api,native_machine_readable
IE-DS-abe287e010bc7e,Dublin City Council,DS595,15/16 Emerald Street Dublin 1,"Emerald Street, 15/16, Dublin 1",,53.3517522,-6.2432873,authority_supplied_point,site_point,,,,Point,2023-05-23,,https://data.smartdublin.ie/dataset/derelict-site-register,2026-06-24,2026-08-08,GeoJSON,official_download_or_api,native_machine_readable
IE-DS-b7da898db98c31,Dublin City Council,DS514A,6 Terrace Place Dublin 1,"Terrace Place, 6 (rear 23 Rutland St. Lr.), Dublin 1",,53.3545337,-6.2514152,authority_supplied_point,site_point,,,,Point,2008-10-20,,https://data.smartdublin.ie/dataset/derelict-site-register,2026-06-24,2026-08-08,GeoJSON,official_download_or_api,native_machine_readable
IE-DS-98ddfab5fab826,Dublin City Council,DS698,1 Bow Lane West Dublin 8,"Bow Lane West, 1, Kilmainham, Dublin 8",,53.3425058,-6.2958901,authority_supplied_point,site_point,,,,Point,2018-06-01,,https://data.smartdublin.ie/dataset/derelict-site-register,2026-06-24,2026-08-08,GeoJSON,official_download_or_api,native_machine_readable
IE-DS-d06b54a02cb0a9,Dublin City Council,DS704,19 Connaught Street Dublin 7,"Connaught Street 19, Phibsborough, Dublin 7",,53.3626265,-6.2742221,authority_supplied_point,site_point,,,,Point,2018-03-23,,https://data.smartdublin.ie/dataset/derelict-site-register,2026-06-24,2026-08-08,GeoJSON,official_download_or_api,native_machine_readable
IE-DS-e3490a28f8566e,Dublin City Council,DS705,21 Connaught Street Dublin 7,"Connaught Street 21, Phibsborough, Dublin 7",,53.3626354,-6.2743172,authority_supplied_point,site_point,,,,Point,2018-03-23,,https://data.smartdublin.ie/dataset/derelict-site-register,2026-06-24,2026-08-08,GeoJSON,official_download_or_api,native_machine_readable
IE-DS-bd967e0129ee89,Dublin City Council,DS843,48 Pleasant's Street Dublin 8 D08K0T3,"Pleasants Street, 48, Dublin 8",D08 K0T3,53.3355032,-6.2660535,authority_supplied_point,site_point,,,,Point,2022-10-14,,https://data.smartdublin.ie/dataset/derelict-site-register,2026-06-24,2026-08-08,GeoJSON,official_download_or_api,native_machine_readable
IE-DS-ed9a22f1c99fa0,Dublin City Council,DS868,6 Rowserstown Lane Dublin 8,"Rowserstown Lane, 6 (a.k.a. 6 High Road), Kilmainham, Dublin 8",,53.3416458,-6.3040179,authority_supplied_point,site_point,,,,Point,2014-09-10,,https://data.smartdublin.ie/dataset/derelict-site-register,2026-06-24,2026-08-08,GeoJSON,official_download_or_api,native_machine_readable
IE-DS-73eac87f2fca36,Dublin City Council,DS911,37 Thomas Court Dublin 8 D08T2R7,"Thomas Court, 37, Dublin 8",D08 T2R7,53.3428613,-6.2814819,authority_supplied_point,site_point,,,,Point,2016-02-18,,https://data.smartdublin.ie/dataset/derelict-site-register,2026-06-24,2026-08-08,GeoJSON,official_download_or_api,native_machine_readable
IE-DS-39376ad9c728bd,Dublin City Council,DS871A,2 Ranelagh Dublin 6 D06KX78,"Ranelagh, 2, Dublin 6",D06 KX78,53.3264647,-6.2560286,authority_supplied_point,site_point,,,,Point,2021-11-12,,https://data.smartdublin.ie/dataset/derelict-site-register,2026-06-24,2026-08-08,GeoJSON,official_download_or_api,native_machine_readable
IE-DS-8a9b8b31291faa,Dublin City Council,DS934,10 Ferguson Road Dublin 9 D09K2N2,"Ferguson Road, 10, Drumcondra, Dublin 9",D09 K2N2,53.3708388,-6.2598817,authority_supplied_point,site_point,,,,Point,2017-09-26,,https://data.smartdublin.ie/dataset/derelict-site-register,2026-06-24,2026-08-08,GeoJSON,official_download_or_api,native_machine_readable
IE-DS-cbb96c15633ece,Dublin City Council,DS898,1 Mulberry Cottages Martin's Row Chapelizod Dublin 20 D20KW29,"Mulberry Cottages, 1, Martin's Row, Chapelizod, Dublin 20",D20 KW29,53.3502582,-6.3455869,authority_supplied_point,site_point,,,,Point,2015-06-26,,https://data.smartdublin.ie/dataset/derelict-site-register,2026-06-24,2026-08-08,GeoJSON,official_download_or_api,native_machine_readable
IE-DS-200789fd3d637a,Dublin City Council,DS899,2 Mulberry Cottages Martin's Row Chapelizod Dublin 20 D20WY20,"Mulberry Cottages, 2, Martin's Row, Chapelizod, Dublin 20",D20 WY20,53.3502278,-6.3455287,authority_supplied_point,site_point,,,,Point,2015-06-26,,https://data.smartdublin.ie/dataset/derelict-site-register,2026-06-24,2026-08-08,GeoJSON,official_download_or_api,native_machine_readable
IE-DS-c147f0c0d8b2b4,Dublin City Council,DS900,7 Mulberry Cottages Martin's Row Chapelizod Dublin 20 D20F582,"Mulberry Cottages, 7, Martin's Row, Chapelizod, Dublin 20",D20 F582,53.3500731,-6.3452321,authority_supplied_point,site_point,,,,Point,2015-06-26,,https://data.smartdublin.ie/dataset/derelict-site-register,2026-06-24,2026-08-08,GeoJSON,official_download_or_api,native_machine_readable
IE-DS-332f7a457b87d9,Dublin City Council,DS901,10 Mulberry Cottages Martin's Row Chapelizod Dublin 20 D20TX99,"Mulberry Cottages, 10, Martin's Row, Chapelizod, Dublin 20",D20 TX99,53.3501664,-6.3450935,authority_supplied_point,site_point,,,,Point,2015-06-26,,https://data.smartdublin.ie/dataset/derelict-site-register,2026-06-24,2026-08-08,GeoJSON,official_download_or_api,native_machine_readable
IE-DS-1f7b697a812cd7,Dublin City Council,DS902,11 Mulberry Cottages Martin's Row Chapelizod Dublin 20 D20E524,"Mulberry Cottages, 11, Martin's Row, Chapelizod, Dublin 20",D20 E524,53.3501984,-6.3450504,authority_supplied_point,site_point,,,,Point,2015-06-26,,https://data.smartdublin.ie/dataset/derelict-site-register,2026-06-24,2026-08-08,GeoJSON,official_download_or_api,native_machine_readable
IE-DS-5350d660e43537,Dublin City Council,DS905,Coolfan House Old Naas Road Dublin 12,"Naas Road Old, Coolfan House, Dublin 12",,53.3286711,-6.3449145,authority_supplied_point,site_point,,,,Point,2015-09-04,,https://data.smartdublin.ie/dataset/derelict-site-register,2026-06-24,2026-08-08,GeoJSON,official_download_or_api,native_machine_readable
IE-DS-6eab9fc420295d,Dublin City Council,DS937,6 Creighton Street Dublin 2 D02CF66,"Creighton Street, 6, Dublin 2",D02 CF66,53.3456452,-6.2466721,authority_supplied_point,site_point,,,,Point,2016-11-16,,https://data.smartdublin.ie/dataset/derelict-site-register,2026-06-24,2026-08-08,GeoJSON,official_download_or_api,native_machine_readable
IE-DS-a554ca03e0bc4a,Dublin City Council,DS953,5 Mulberry Cottages Martin's Row Chapelizod Dublin 20 D20PF29,"Mulberry Cottages, 5, Martin's Row, Chapelizod, Dublin 20",D20 PF29,53.3501414,-6.345363,authority_supplied_point,site_point,,,,Point,2019-04-10,,https://data.smartdublin.ie/dataset/derelict-site-register,2026-06-24,2026-08-08,GeoJSON,official_download_or_api,native_machine_readable
IE-DS-1eb74337103098,Dublin City Council,DS980,"Hanover Lane, adj. No.34, Dublin 8","Hanover Lane, adj. No.34, Dublin 8",,53.3404139,-6.2735576,authority_supplied_point,site_point,,,,Point,2017-05-17,,https://data.smartdublin.ie/dataset/derelict-site-register,2026-06-24,2026-08-08,GeoJSON,official_download_or_api,native_machine_readable
IE-DS-ba7a152cf656f1,Dublin City Council,DS982,8 Ferguson Road Dublin 9 D09E3E5,"Ferguson Road, 8, Drumcondra, Dublin 9",D09 E3E5,53.3707938,-6.2599153,authority_supplied_point,site_point,,,,Point,2017-09-28,,https://data.smartdublin.ie/dataset/derelict-site-register,2026-06-24,2026-08-08,GeoJSON,official_download_or_api,native_machine_readable
IE-DS-3c38a8890d17a2,Dublin City Council,DS1005,2 Annesley Place Dublin 3 D03T620,"Annesley Place, 2, North Strand, Dublin 3",D03 T620,53.3594651,-6.2407325,authority_supplied_point,site_point,,,,Point,2025-04-14,,https://data.smartdublin.ie/dataset/derelict-site-register,2026-06-24,2026-08-08,GeoJSON,official_download_or_api,native_machine_readable
IE-DS-7e0893d2df86a4,Dublin City Council,DS1006,23 Blessington Street Dublin 7 D07DT6D,"Blessington Street, 23, Dublin 7",D07 DT6D,53.3567665,-6.2674704,authority_supplied_point,site_point,,,,Point,2017-09-29,,https://data.smartdublin.ie/dataset/derelict-site-register,2026-06-24,2026-08-08,GeoJSON,official_download_or_api,native_machine_readable
IE-DS-b1fa9d58db4277,Dublin City Council,DS1218,4 Spencer Place Dublin 3 D03X651,"Spencer Place, 4, North Strand, Dublin 3",D03 X651,53.3578742,-6.2394232,authority_supplied_point,site_point,,,,Point,2023-06-27,,https://data.smartdublin.ie/dataset/derelict-site-register,2026-06-24,2026-08-08,GeoJSON,official_download_or_api,native_machine_readable
IE-DS-7337029963cb06,Dublin City Council,DS1053,11 Bass Place Dublin 2 D02R5P3,"Bass Place, 11, Dublin 2",D02 R5P3,53.3421657,-6.2470868,authority_supplied_point,site_point,,,,Point,2023-04-04,,https://data.smartdublin.ie/dataset/derelict-site-register,2026-06-24,2026-08-08,GeoJSON,official_download_or_api,native_machine_readable
IE-DS-1ccb1d53ba243c,Dublin City Council,DS1121A,1 Thomas Court Dublin 8; 2 Thomas Court Dublin 8; 3 Thomas Court Dublin 8,"Thomas Court, 1-3, Dublin 8",,53.3429869,-6.2817123,authority_supplied_point,site_point,,,,Point,2018-11-28,,https://data.smartdublin.ie/dataset/derelict-site-register,2026-06-24,2026-08-08,GeoJSON,official_download_or_api,native_machine_readable
IE-DS-694a76e9a453b5,Dublin City Council,DS1122,44 Dolphin's Barn Street Dublin 8,"Dolphin's Barn Street, 44, Dublin 8",,53.3349252,-6.2900182,authority_supplied_point,site_point,,,,Point,2021-05-25,,https://data.smartdublin.ie/dataset/derelict-site-register,2026-06-24,2026-08-08,GeoJSON,official_download_or_api,native_machine_readable
IE-DS-d2754603678e60,Dublin City Council,DS1123,45 Dolphin's Barn Street Dublin 8,"Dolphin's Barn Street, 45, Dublin 8",,53.3349729,-6.2900026,authority_supplied_point,site_point,,,,Point,2021-05-25,,https://data.smartdublin.ie/dataset/derelict-site-register,2026-06-24,2026-08-08,GeoJSON,official_download_or_api,native_machine_readable
IE-DS-de81ea650aa764,Dublin City Council,DS1124,46 Dolphin's Barn Street Dublin 8,"Dolphin's Barn Street, 46, Dublin 8",,53.3350203,-6.2899767,authority_supplied_point,site_point,,,,Point,2021-05-25,,https://data.smartdublin.ie/dataset/derelict-site-register,2026-06-24,2026-08-08,GeoJSON,official_download_or_api,native_machine_readable
IE-DS-960cb1607bcf0a,Dublin City Council,DS1125,47 Dolphin's Barn Street Dublin 8,"Dolphin's Barn Street, 47, Dublin 8",,53.3350656,-6.289948,authority_supplied_point,site_point,,,,Point,2021-05-25,,https://data.smartdublin.ie/dataset/derelict-site-register,2026-06-24,2026-08-08,GeoJSON,official_download_or_api,native_machine_readable
IE-DS-f377044bb7094a,Dublin City Council,DS1263,40 Park Avenue Dublin 4 D04RP74,"Park Avenue, 40, Sandymount, Dublin 4",D04 RP74,53.3257292,-6.2129802,authority_supplied_point,site_point,,,,Point,2020-08-18,,https://data.smartdublin.ie/dataset/derelict-site-register,2026-06-24,2026-08-08,GeoJSON,official_download_or_api,native_machine_readable
IE-DS-93f247d2e4c609,Dublin City Council,DS1161,23 James's Street Dublin 8 D08V3P2,"James's Street, 23, Dublin 8 (Protected Structure)",D08 V3P2,53.3428408,-6.2913802,authority_supplied_point,site_point,,,,Point,2023-02-23,,https://data.smartdublin.ie/dataset/derelict-site-register,2026-06-24,2026-08-08,GeoJSON,official_download_or_api,native_machine_readable
IE-DS-5a9ae6f4f40629,Dublin City Council,DS1126,48A Dolphin's Barn Street Dublin 8; 48B Dolphin's Barn Street Dublin 8,"Dolphin's Barn Street, 48/48A, Dublin 8",,53.3351414,-6.2899146,authority_supplied_point,site_point,,,,Point,2021-05-25,,https://data.smartdublin.ie/dataset/derelict-site-register,2026-06-24,2026-08-08,GeoJSON,official_download_or_api,native_machine_readable
IE-DS-7d2ed6d4ad295f,Dublin City Council,DS1127,49 Dolphin's Barn Street Dublin 8,"Dolphin's Barn Street, 49, Dublin 8",,53.3352093,-6.289885,authority_supplied_point,site_point,,,,Point,2021-05-25,,https://data.smartdublin.ie/dataset/derelict-site-register,2026-06-24,2026-08-08,GeoJSON,official_download_or_api,native_machine_readable
IE-DS-8ba21c0825179b,Dublin City Council,DS1128,50 Dolphin's Barn Street Dublin 8,"Dolphin's Barn Street, 50, Dublin 8",,53.3352932,-6.2898471,authority_supplied_point,site_point,,,,Point,2021-05-25,,https://data.smartdublin.ie/dataset/derelict-site-register,2026-06-24,2026-08-08,GeoJSON,official_download_or_api,native_machine_readable
IE-DS-97024db76787a5,Dublin City Council,DS1276,36 Clanbrassil Street Upper Dublin 8 D08FW58; 37 Clanbrassil Street Upper Dublin 8,"Clanbrassil Street Upper, 36-37, Dublin 8",D08 FW58,53.3301103,-6.2751767,authority_supplied_point,site_point,,,,Point,2024-03-28,,https://data.smartdublin.ie/dataset/derelict-site-register,2026-06-24,2026-08-08,GeoJSON,official_download_or_api,native_machine_readable
IE-DS-b087020e8fb041,Dublin City Council,DS1281,"Brickfield Drive, site beside 2, Crumlin, Dublin 12","Brickfield Drive, site beside 2, Crumlin, Dublin 12",,53.329365,-6.3026499,authority_supplied_point,site_point,,,,Point,2023-06-26,,https://data.smartdublin.ie/dataset/derelict-site-register,2026-06-24,2026-08-08,GeoJSON,official_download_or_api,native_machine_readable
IE-DS-f5889631fcc809,Dublin City Council,DS1363,39/40 Bridgefoot Street Dublin 8 D08T6F7,"Bridgefoot Street 39-40, Dublin 8",D08 T6F7,53.3457022,-6.2811414,authority_supplied_point,site_point,,,,Point,2024-02-23,,https://data.smartdublin.ie/dataset/derelict-site-register,2026-06-24,2026-08-08,GeoJSON,official_download_or_api,native_machine_readable
IE-DS-d2178047ad0450,Dublin City Council,DS1371,7 Terrace Place Dublin 1; 8 Terrace Place Dublin 1,"Terrace Place, 7 & 8, Dublin 1",,53.354465,-6.2513834,authority_supplied_point,site_point,,,,Point,2019-06-14,,https://data.smartdublin.ie/dataset/derelict-site-register,2026-06-24,2026-08-08,GeoJSON,official_download_or_api,native_machine_readable
IE-DS-dd1179e7ab5dd8,Dublin City Council,DS1373,72 Old Kilmainham Dublin 8 D08K2E4; 73 Old Kilmainham Dublin 8; 74 Old Kilmainham Dublin 8 D08A6CP,"Old Kilmainham, 72-74, Carrigan's Pub, Dublin 8",D08 K2E4,53.3406561,-6.3029311,authority_supplied_point,site_point,,,,Point,2024-09-26,,https://data.smartdublin.ie/dataset/derelict-site-register,2026-06-24,2026-08-08,GeoJSON,official_download_or_api,native_machine_readable
IE-DS-e57d166315b455,Dublin City Council,DS1391,287 Harold's Cross Road Dublin 6W D6WVY56,"Harold's Cross Road, 285-287, Dublin 6W",,53.3168188,-6.2801494,authority_supplied_point,site_point,,,,Point,2025-04-14,,https://data.smartdublin.ie/dataset/derelict-site-register,2026-06-24,2026-08-08,GeoJSON,official_download_or_api,native_machine_readable
IE-DS-70ca3674bcc427,Dublin City Council,DS594A,42/43 Seville Place Dublin 1 D01H291,"Seville Place, 42/43, Dublin 1",D01 H291,53.3517954,-6.243165,authority_supplied_point,site_point,,,,Point,2023-05-23,,https://data.smartdublin.ie/dataset/derelict-site-register,2026-06-24,2026-08-08,GeoJSON,official_download_or_api,native_machine_readable
IE-DS-e55d4e3c2c351d,Dublin City Council,DS1547,7/8 Beaver Street Dublin 1 D01WF59,"Beaver Street, 7/8, Dublin 1",D01 WF59,53.3528751,-6.2501967,authority_supplied_point,site_point,,,,Point,2025-02-06,,https://data.smartdublin.ie/dataset/derelict-site-register,2026-06-24,2026-08-08,GeoJSON,official_download_or_api,native_machine_readable
IE-DS-7885bd452189ba,Dublin City Council,DS1789,113/114 Townsend Street Dublin 2 D02X956; 112 Townsend Street Dublin 2,"Townsend Street, 112-114, Dublin 2",D02 X956,53.3454457,-6.2488633,authority_supplied_point,site_point,,,,Point,2024-06-25,,https://data.smartdublin.ie/dataset/derelict-site-register,2026-06-24,2026-08-08,GeoJSON,official_download_or_api,native_machine_readable
IE-DS-d8149e81fbf9cd,Dublin City Council,DS1797,"1-4 City Quay Dublin 2 D02KT32; 25 Moss Street, Dublin 2","City Quay 1-4 & 25 Moss Street, Dublin 2",D02 KT32,53.346915,-6.2516688,authority_supplied_point,site_point,,,,Point,2025-02-11,,https://data.smartdublin.ie/dataset/derelict-site-register,2026-06-24,2026-08-08,GeoJSON,official_download_or_api,native_machine_readable
IE-DS-92dc7c168c80a0,Dublin City Council,DS1417,2 Church Street Dublin 11,"Church Street, 2, Finglas, Dublin 11",,53.3879807,-6.3007144,authority_supplied_point,site_point,,,,Point,2024-01-30,,https://data.smartdublin.ie/dataset/derelict-site-register,2026-06-24,2026-08-08,GeoJSON,official_download_or_api,native_machine_readable
IE-DS-5e20a9b93efe35,Dublin City Council,DS1518,43 Dolphin's Barn Street Dublin 8,"Dolphin's Barn Street, 43, Dublin 8",,53.3348765,-6.2900386,authority_supplied_point,site_point,,,,Point,2021-05-25,,https://data.smartdublin.ie/dataset/derelict-site-register,2026-06-24,2026-08-08,GeoJSON,official_download_or_api,native_machine_readable
IE-DS-94cc8521ab0b8d,Dublin City Council,DS1526,398 Clonard Road Dublin 12 D12H5P2; 398A Clonard Road Dublin 12 D12K663,"Clonard Road, 398/398A, Kimmage, Dublin 12",D12 H5P2,53.3176902,-6.2999876,authority_supplied_point,site_point,,,,Point,2023-03-06,,https://data.smartdublin.ie/dataset/derelict-site-register,2026-06-24,2026-08-08,GeoJSON,official_download_or_api,native_machine_readable
IE-DS-7932792474aa20,Dublin City Council,DS1563,19 Botanic Avenue Dublin 9 D09A6W8,"Botanic Avenue, 19, Glasnevin, Dublin 9",D09 A6W8,53.3721748,-6.2668081,authority_supplied_point,site_point,,,,Point,2023-07-04,,https://data.smartdublin.ie/dataset/derelict-site-register,2026-06-24,2026-08-08,GeoJSON,official_download_or_api,native_machine_readable
IE-DS-ccdb27622c703d,Dublin City Council,DS1572,33 Apollo Way Dublin 5 D05XR81,"Apollo Way, 33, Coolock, Dublin 5",D05 XR81,53.3941845,-6.2126397,authority_supplied_point,site_point,,,,Point,2024-04-05,,https://data.smartdublin.ie/dataset/derelict-site-register,2026-06-24,2026-08-08,GeoJSON,official_download_or_api,native_machine_readable
IE-DS-28573cfaea747e,Dublin City Council,DS1581,646 South Circular Road Dublin 8; 646A South Circular Road Dublin 8 D08HDP0; 646B South Circular Road Dublin 8 D08FK5Y; 648 South Circular Road Dublin 8 D08XDK4,"South Circular Road, 646-648, Kilmainham, Dublin 8",D08 HDP0,53.33927,-6.3035192,authority_supplied_point,site_point,,,,Point,2024-07-09,,https://data.smartdublin.ie/dataset/derelict-site-register,2026-06-24,2026-08-08,GeoJSON,official_download_or_api,native_machine_readable
IE-DS-16676b8577162d,Dublin City Council,DS1585,"Abbeyfield/Middle Third, Legion Hall Building, Killester, Dublin 5","Abbeyfield/Middle Third, Legion Hall Building, Killester, Dublin 5",,53.3749487,-6.2032866,authority_supplied_point,site_point,,,,Point,2024-02-09,,https://data.smartdublin.ie/dataset/derelict-site-register,2026-06-24,2026-08-08,GeoJSON,official_download_or_api,native_machine_readable
IE-DS-5a6f258cc9370b,Dublin City Council,DS1616,132 Morehampton Road Donnybrook Dublin 4 D04K2P5,"Morehampton Road, 132, Donnybrook, Dublin 4",D04 K2P5,53.3228594,-6.2376894,authority_supplied_point,site_point,,,,Point,2024-07-30,,https://data.smartdublin.ie/dataset/derelict-site-register,2026-06-24,2026-08-08,GeoJSON,official_download_or_api,native_machine_readable
IE-DS-d29b041cffbd1d,Dublin City Council,DS1844,5 Saint Patrick's Road Dublin 9 D09N2R0,"Saint Patrick's Road, 5, Dublin 9",D09 N2R0,53.3627698,-6.2610578,authority_supplied_point,site_point,,,,Point,2024-08-20,,https://data.smartdublin.ie/dataset/derelict-site-register,2026-06-24,2026-08-08,GeoJSON,official_download_or_api,native_machine_readable
IE-DS-4e4b12f2e484ed,Dublin City Council,DS1634A,"Shannon Terrace, opp 1-2 & adj. to 5 Auburn Terrace, Old Kilmainham, Dublin 8","Shannon Terrace, opp 1-2 & adj. to 5 Auburn Terrace, Old Kilmainham, Dublin 8",,53.3409632,-6.3028625,authority_supplied_point,site_point,,,,Point,2022-08-12,,https://data.smartdublin.ie/dataset/derelict-site-register,2026-06-24,2026-08-08,GeoJSON,official_download_or_api,native_machine_readable
IE-DS-67c1e885a24b85,Dublin City Council,DS1868,158 Mellowes Road Finglas Dublin 11 D11P9R0,"Mellowes Road 158, Finglas, Dublin 11",D11 P9R0,53.3911255,-6.316061,authority_supplied_point,site_point,,,,Point,2024-01-25,,https://data.smartdublin.ie/dataset/derelict-site-register,2026-06-24,2026-08-08,GeoJSON,official_download_or_api,native_machine_readable
IE-DS-da3a51772039dd,Dublin City Council,DS1909,93/94 Parnell Street Dublin 1 D01NT63,"Parnell Street 93-94, Dublin 1",D01 NT63,53.3531473,-6.2596713,authority_supplied_point,site_point,,,,Point,2024-04-16,,https://data.smartdublin.ie/dataset/derelict-site-register,2026-06-24,2026-08-08,GeoJSON,official_download_or_api,native_machine_readable
IE-DS-ccad649f757809,Dublin City Council,DS1916,20 Faith Avenue Dublin 3 D03PP21,"Faith Avenue, 20, Dublin 3",D03 PP21,53.3585549,-6.236856,authority_supplied_point,site_point,,,,Point,2024-07-23,,https://data.smartdublin.ie/dataset/derelict-site-register,2026-06-24,2026-08-08,GeoJSON,official_download_or_api,native_machine_readable
IE-DS-a84d9cf267d584,Dublin City Council,DS1280B,53 Clanbrassil Street Lower Dublin 8,"Clanbrassil Street Lower, 53, Dublin 8",,53.3324639,-6.2749443,authority_supplied_point,site_point,,,,Point,2024-06-11,,https://data.smartdublin.ie/dataset/derelict-site-register,2026-06-24,2026-08-08,GeoJSON,official_download_or_api,native_machine_readable
IE-DS-54d6d3d1b6a9aa,Dublin City Council,DS1948,32 Hatch Street Lower Dublin 2,"Hatch Street Lower, 32, Dublin 2",,53.3340678,-6.2556812,authority_supplied_point,site_point,,,,Point,2025-02-19,,https://data.smartdublin.ie/dataset/derelict-site-register,2026-06-24,2026-08-08,GeoJSON,official_download_or_api,native_machine_readable
IE-DS-30fd76ef5577cb,Dublin City Council,DS1999,Unit 1 124 Emmet Road Inchicore Dublin 8 D08V085,"Emmet Road, 124, Unit 1, Inchicore, Dublin 8",D08 V085,53.3393402,-6.3193349,authority_supplied_point,site_point,,,,Point,2025-04-11,,https://data.smartdublin.ie/dataset/derelict-site-register,2026-06-24,2026-08-08,GeoJSON,official_download_or_api,native_machine_readable
IE-DS-056ed7c9b8a00b,Dublin City Council,DS2004,5 Willow Park Road Dublin 11 D11P898,"Willow Park Road, 5, Ballymun, Dublin 11",D11 P898,53.3911685,-6.2797534,authority_supplied_point,site_point,,,,Point,2024-08-29,,https://data.smartdublin.ie/dataset/derelict-site-register,2026-06-24,2026-08-08,GeoJSON,official_download_or_api,native_machine_readable
IE-DS-8bd16f19e9f6d6,Dublin City Council,DS2030,"West Road, Coady's Yard, North Strand, Dublin 3","West Road, Coady's Yard, North Strand, Dublin 3",,53.3564074,-6.2391311,authority_supplied_point,site_point,,,,Point,2024-11-29,,https://data.smartdublin.ie/dataset/derelict-site-register,2026-06-24,2026-08-08,GeoJSON,official_download_or_api,native_machine_readable
IE-DS-7c53eebf5d5edd,Dublin City Council,DS2034,531 Carnlough Road Cabra Dublin 7 D07F2V9,"Carnlough Road, 531, Cabra, Dublin 7",D07 F2V9,53.3708821,-6.299796,authority_supplied_point,site_point,,,,Point,2025-01-14,,https://data.smartdublin.ie/dataset/derelict-site-register,2026-06-24,2026-08-08,GeoJSON,official_download_or_api,native_machine_readable
IE-DS-b9031a9a5e16e0,Dublin City Council,DS791,"Chamber Street & Ardee Street, site at Junction of, Dublin 8","Chamber Street & Ardee Street, site at Junction of, Dublin 8",,53.3378312,-6.2790128,authority_supplied_point,site_point,,,,Point,2024-11-27,,https://data.smartdublin.ie/dataset/derelict-site-register,2026-06-24,2026-08-08,GeoJSON,official_download_or_api,native_machine_readable
IE-DS-ea9b289d520adc,Dublin City Council,DS250,144 Harold's Cross Road Dublin 6W,"Harold's Cross Road, 144, Dublin 6W",,53.324538,-6.2796118,authority_supplied_point,site_point,,,,Point,2007-06-08,,https://data.smartdublin.ie/dataset/derelict-site-register,2026-06-24,2026-08-08,GeoJSON,official_download_or_api,native_machine_readable
IE-DS-ba2198848fb13c,Dublin City Council,DS575A,6 Leeson Street Lower Dublin 2 D02H283,"Leeson Street Lower, 6, Dublin 2",D02 H283,53.335739,-6.2568555,authority_supplied_point,site_point,,,,Point,2019-04-16,,https://data.smartdublin.ie/dataset/derelict-site-register,2026-06-24,2026-08-08,GeoJSON,official_download_or_api,native_machine_readable
IE-DS-f3a5878f138f79,Dublin City Council,DS691,68 Prussia Street Dublin 7; 68A Prussia Street Dublin 7,"Prussia Street, 68-68a, Dublin 7",,53.3549725,-6.2874285,authority_supplied_point,site_point,,,,Point,2023-04-03,,https://data.smartdublin.ie/dataset/derelict-site-register,2026-06-24,2026-08-08,GeoJSON,official_download_or_api,native_machine_readable
IE-DS-6061473b45b940,Dublin City Council,DS912,18 Cadogan Road Dublin 3 D03K650,"Cadogan Road, 18, Fairview, Dublin 3",D03 K650,53.3618152,-6.2390975,authority_supplied_point,site_point,,,,Point,2022-07-08,,https://data.smartdublin.ie/dataset/derelict-site-register,2026-06-24,2026-08-08,GeoJSON,official_download_or_api,native_machine_readable
IE-DS-a76025c7884508,Dublin City Council,DS1105,105 Emmet Road Dublin 8; 107 Emmet Road Dublin 8,"Emmet Road, 105-107, Former Horse & Jockey Pub, Dublin 8",,53.3405947,-6.3149031,authority_supplied_point,site_point,,,,Point,2023-05-11,,https://data.smartdublin.ie/dataset/derelict-site-register,2026-06-24,2026-08-08,GeoJSON,official_download_or_api,native_machine_readable
IE-DS-66c8cb6033f72f,Dublin City Council,DS851,Wharton Hall Harold's Cross Dublin 6W D6WW838,"Wharton Terrace, Wharton Hall, Harold's Cross, Dublin 6W",,53.3291122,-6.2753289,authority_supplied_point,site_point,,,,Point,2014-04-01,,https://data.smartdublin.ie/dataset/derelict-site-register,2026-06-24,2026-08-08,GeoJSON,official_download_or_api,native_machine_readable
IE-DS-a831bb714ed627,Dublin City Council,DS884,Unit 4 Greenmount Industrial Estate Greenmount Avenue Dublin 12 D12K883,"Greenmount Industrial Estate, Unit 4, Dublin 12",D12 K883,53.3282982,-6.2802564,authority_supplied_point,site_point,,,,Point,2015-04-29,,https://data.smartdublin.ie/dataset/derelict-site-register,2026-06-24,2026-08-08,GeoJSON,official_download_or_api,native_machine_readable
IE-DS-4ef2198f3d4fe9,Dublin City Council,DS928,355 South Circular Road Dublin 8 D08TX20,"South Circular Road, 355-361, Dublin 8 (façade Protected)",D08 TX20,53.3341982,-6.2930405,authority_supplied_point,site_point,,,,Point,2021-01-06,,https://data.smartdublin.ie/dataset/derelict-site-register,2026-06-24,2026-08-08,GeoJSON,official_download_or_api,native_machine_readable
IE-DS-9c1415047b7316,Dublin City Council,DS887,2A Chapelizod Road Dublin 8 D08YTE5; 2B Chapelizod Road Dublin 8; 2C Chapelizod Road Dublin 8,"Chapelizod Road, 2A/B/C, Dublin 8",D08 YTE5,53.3477154,-6.3126198,authority_supplied_point,site_point,,,,Point,2015-06-04,,https://data.smartdublin.ie/dataset/derelict-site-register,2026-06-24,2026-08-08,GeoJSON,official_download_or_api,native_machine_readable
IE-DS-0d6356dfc46db4,Dublin City Council,DS954,6 Mulberry Cottages Martin's Row Chapelizod Dublin 20 D20ED28,"Mulberry Cottages, 6, Martin's Row, Chapelizod, Dublin 20",D20 ED28,53.3501105,-6.3453039,authority_supplied_point,site_point,,,,Point,2019-04-10,,https://data.smartdublin.ie/dataset/derelict-site-register,2026-06-24,2026-08-08,GeoJSON,official_download_or_api,native_machine_readable
IE-DS-c610bfd6c9c61d,Dublin City Council,DS1066,5 Glenarm Avenue Dublin 9 D09E8H7,"Glenarm Avenue, 5, Dublin 9",D09 E8H7,53.3663643,-6.2575229,authority_supplied_point,site_point,,,,Point,2022-11-24,,https://data.smartdublin.ie/dataset/derelict-site-register,2026-06-24,2026-08-08,GeoJSON,official_download_or_api,native_machine_readable
IE-DS-b377f561f4f68c,Dublin City Council,DS1012,49 Rathmore Park Dublin 5 D05K853,"Rathmore Park, 49, Raheny, Dublin 5",D05 K853,53.381815,-6.1724778,authority_supplied_point,site_point,,,,Point,2017-10-19,,https://data.smartdublin.ie/dataset/derelict-site-register,2026-06-24,2026-08-08,GeoJSON,official_download_or_api,native_machine_readable
IE-DS-34b3605953eb5a,Dublin City Council,DS1195,1 Brainboro Terrace Dublin 8; 1A Brainboro Terrace Dublin 8 D08PX9H; 1B Brainboro Terrace Dublin 8 D08Y5C0,"Brainboro Terrace, 1 (aka 1A & 1B), Dublin 8",D08 PX9H,53.3326054,-6.2791862,authority_supplied_point,site_point,,,,Point,2023-03-20,,https://data.smartdublin.ie/dataset/derelict-site-register,2026-06-24,2026-08-08,GeoJSON,official_download_or_api,native_machine_readable
IE-DS-109fcc1470a83a,Dublin City Council,DS1287,12 Artane Cottages Lower Malahide Road Clontarf Dublin 5 D05V4Y8,"Malahide Road, Artane Cottages Lower, 12, Clontarf, Dublin 5",D05 V4Y8,53.3800239,-6.2099024,authority_supplied_point,site_point,,,,Point,2024-11-27,,https://data.smartdublin.ie/dataset/derelict-site-register,2026-06-24,2026-08-08,GeoJSON,official_download_or_api,native_machine_readable
IE-DS-d40784c2170d44,Dublin City Council,DS1311,25 Aungier Street Dublin 2 D02X277,"Aungier Street, 25, Dublin 2 (Protected Struture)",D02 X277,53.3396878,-6.2656181,authority_supplied_point,site_point,,,,Point,2023-11-01,,https://data.smartdublin.ie/dataset/derelict-site-register,2026-06-24,2026-08-08,GeoJSON,official_download_or_api,native_machine_readable
IE-DS-7b99283121bd29,Dublin City Council,DS1336,414 South Circular Road Dublin 8; 415 South Circular Road Dublin 8; 416 South Circular Road Dublin 8 D08RF25,"South Circular Road, 414-416, Dublin 8",D08 RF25,53.3342065,-6.2920931,authority_supplied_point,site_point,,,,Point,2023-02-13,,https://data.smartdublin.ie/dataset/derelict-site-register,2026-06-24,2026-08-08,GeoJSON,official_download_or_api,native_machine_readable
IE-DS-31b0d8820570b2,Dublin City Council,DS1380,39A Main Street Chapelizod Dublin 20 D20H971,"Main Street, 39A, Chapelizod, Dublin 20",D20 H971,53.3490735,-6.3439807,authority_supplied_point,site_point,,,,Point,2023-01-23,,https://data.smartdublin.ie/dataset/derelict-site-register,2026-06-24,2026-08-08,GeoJSON,official_download_or_api,native_machine_readable
IE-DS-81639ea4c581eb,Dublin City Council,DS1368,162 James's Street Dublin 8; 163 James's Street Dublin 8; 164 James's Street Dublin 8; 165 James's Street Dublin 8,"James's Street, 162-165, D8. (163 Protected)",,53.342775,-6.29364,authority_supplied_point,site_point,,,,Point,2019-06-17,,https://data.smartdublin.ie/dataset/derelict-site-register,2026-06-24,2026-08-08,GeoJSON,official_download_or_api,native_machine_readable
IE-DS-20cd80251e2ecc,Dublin City Council,DS1369,294 Merrion Road Dublin 4 D04E8E8,"Merrion Road, 294, Former Swiftcall Building, Dublin 4",D04 E8E8,53.3136804,-6.201697,authority_supplied_point,site_point,,,,Point,2025-06-19,,https://data.smartdublin.ie/dataset/derelict-site-register,2026-06-24,2026-08-08,GeoJSON,official_download_or_api,native_machine_readable
IE-DS-18f022cca93886,Dublin City Council,DS1386,53 Shelmalier Road Dublin 3 D03X512,"Shelmalier Road, 53, East Wall, Dublin 3",D03 X512,53.3551544,-6.2336772,authority_supplied_point,site_point,,,,Point,2023-09-14,,https://data.smartdublin.ie/dataset/derelict-site-register,2026-06-24,2026-08-08,GeoJSON,official_download_or_api,native_machine_readable
IE-DS-e38e7b32602921,Dublin City Council,DS1772,5 Langrishe Place Dublin 1 D01R8E8,"Langrishe Place, 5, Summerhill, Dublin 1",D01 R8E8,53.3549522,-6.2561395,authority_supplied_point,site_point,,,,Point,2024-11-14,,https://data.smartdublin.ie/dataset/derelict-site-register,2026-06-24,2026-08-08,GeoJSON,official_download_or_api,native_machine_readable
IE-DS-cdc0c93f74c450,Dublin City Council,DS1412,"Moeran Road & Cromwellsfort Road (Site to Rear), Walkinstown, Dublin 12","Moeran Road & Cromwellsfort Road (Site to Rear), Walkinstown, Dublin 12",,53.3172505,-6.3202476,authority_supplied_point,site_point,,,,Point,2024-11-11,,https://data.smartdublin.ie/dataset/derelict-site-register,2026-06-24,2026-08-08,GeoJSON,official_download_or_api,native_machine_readable
IE-DS-ce073f2bd5ec46,Dublin City Council,DS1040B,77 Parnell Street Dublin 1 D01P8Y7,"Parnell Street, 77, Dublin 1",D01 P8Y7,53.3526428,-6.2607984,authority_supplied_point,site_point,,,,Point,2022-01-14,,https://data.smartdublin.ie/dataset/derelict-site-register,2026-06-24,2026-08-08,GeoJSON,official_download_or_api,native_machine_readable
IE-DS-9a344a983cb39f,Dublin City Council,DS1040C,78 Parnell Street Dublin 1 D01A074,"Parnell Street, 78, Dublin 1",D01 A074,53.3526663,-6.2607146,authority_supplied_point,site_point,,,,Point,2022-01-14,,https://data.smartdublin.ie/dataset/derelict-site-register,2026-06-24,2026-08-08,GeoJSON,official_download_or_api,native_machine_readable
IE-DS-87a95a9dc08633,Dublin City Council,DS1596,45 Shelmalier Road Dublin 3 D03PW92,"Shelmalier Road, 45, East Wall, Dublin 3",D03 PW92,53.3549785,-6.233895,authority_supplied_point,site_point,,,,Point,2024-12-12,,https://data.smartdublin.ie/dataset/derelict-site-register,2026-06-24,2026-08-08,GeoJSON,official_download_or_api,native_machine_readable
IE-DS-ce035196f30354,Dublin City Council,DS1600,16 Broombridge Road Cabra Dublin 7 D07C9R0,"Broombridge Road, 16, Cabra, Dublin 7",D07 C9R0,53.3679716,-6.3015471,authority_supplied_point,site_point,,,,Point,2024-08-20,,https://data.smartdublin.ie/dataset/derelict-site-register,2026-06-24,2026-08-08,GeoJSON,official_download_or_api,native_machine_readable
IE-DS-30df1ebd9c21ab,Dublin City Council,DS1601,129 Tyrconnell Road Dublin 8,"Tyrconnell Road, 129, The Grotto, Inchicore, Dublin 8",,53.3368226,-6.3247206,authority_supplied_point,site_point,,,,Point,2023-06-19,,https://data.smartdublin.ie/dataset/derelict-site-register,2026-06-24,2026-08-08,GeoJSON,official_download_or_api,native_machine_readable
IE-DS-9483d41d38af38,Dublin City Council,DS1615,11 Royston Dublin 12 D12NE45,"Royston, 11, Crumlin / Kimmage, Dublin 12",D12 NE45,53.3147696,-6.311327,authority_supplied_point,site_point,,,,Point,2023-06-06,,https://data.smartdublin.ie/dataset/derelict-site-register,2026-06-24,2026-08-08,GeoJSON,official_download_or_api,native_machine_readable
IE-DS-b098767629386d,Dublin City Council,DS1644,201 Crumlin Road Dublin 12 D12HT21,"Crumlin Road, 201, Crumlin, Dublin 12",D12 HT21,53.3280497,-6.3063243,authority_supplied_point,site_point,,,,Point,2024-03-11,,https://data.smartdublin.ie/dataset/derelict-site-register,2026-06-24,2026-08-08,GeoJSON,official_download_or_api,native_machine_readable
IE-DS-a44edcd5c4cba3,Dublin City Council,DS1669,5 Walworth Road Dublin 8 D08Y7C7,"Walworth Road, 5, Portobello, Dublin 8",D08 Y7C7,53.3307253,-6.2692799,authority_supplied_point,site_point,,,,Point,2023-06-15,,https://data.smartdublin.ie/dataset/derelict-site-register,2026-06-24,2026-08-08,GeoJSON,official_download_or_api,native_machine_readable
IE-DS-f7b6873267cd0d,Dublin City Council,DS1688,The School of Irish Wrestling Saint Ignatius Road Dublin 7 D07HD26,"Saint Ignatius Road, The School of Irish Wrestling Building, Dublin 7",D07 HD26,53.3618897,-6.2620793,authority_supplied_point,site_point,,,,Point,2024-12-19,,https://data.smartdublin.ie/dataset/derelict-site-register,2026-06-24,2026-08-08,GeoJSON,official_download_or_api,native_machine_readable
IE-DS-01d615b2cbbb6a,Dublin City Council,DS1850,6 College Street Dublin 2 D02HX59,"College Street, 6, Dublin 2",D02 HX59,53.3456705,-6.2578197,authority_supplied_point,site_point,,,,Point,2024-09-24,,https://data.smartdublin.ie/dataset/derelict-site-register,2026-06-24,2026-08-08,GeoJSON,official_download_or_api,native_machine_readable
IE-DS-eb3d37f974a509,Dublin City Council,DS1859,15A Saint Anthony's Road Dublin 8 D08VPW5,"St Anthony's Road, 15A, Dublin 8",D08 VPW5,53.3364506,-6.2945956,authority_supplied_point,site_point,,,,Point,2024-07-15,,https://data.smartdublin.ie/dataset/derelict-site-register,2026-06-24,2026-08-08,GeoJSON,official_download_or_api,native_machine_readable
IE-DS-2cec7af26d0c2f,Dublin City Council,DS1748A,17/18 Frederick Street North Dublin 1 D01XP84; 17 Frederick Street North Dublin 1,"Frederick Street North, 17, Dublin 1",D01 XP84,53.3558761,-6.2648066,authority_supplied_point,site_point,,,,Point,2024-08-27,,https://data.smartdublin.ie/dataset/derelict-site-register,2026-06-24,2026-08-08,GeoJSON,official_download_or_api,native_machine_readable
IE-DS-073acd22dec4b1,Dublin City Council,DS1748B,17/18 Frederick Street North Dublin 1 D01XP84; 18 Frederick Street North Dublin 1,"Frederick Street North, 18, Dublin 1",D01 XP84,53.3559242,-6.2648541,authority_supplied_point,site_point,,,,Point,2024-08-27,,https://data.smartdublin.ie/dataset/derelict-site-register,2026-06-24,2026-08-08,GeoJSON,official_download_or_api,native_machine_readable
IE-DS-7fd3a0d06cd57d,Dublin City Council,DS2062,607 Clonard Road Dublin 12 D12F2D0,"Clonard Road, 607, Kimmage, Dublin 12",D12 F2D0,53.3184614,-6.3003621,authority_supplied_point,site_point,,,,Point,2025-01-22,,https://data.smartdublin.ie/dataset/derelict-site-register,2026-06-24,2026-08-08,GeoJSON,official_download_or_api,native_machine_readable
IE-DS-6a1fa09ea33084,Dublin City Council,DS2073,Typewriter Shop.ie 120 Dorset Street Upper Dublin 1 D01RX53,"Dorset Street Upper, 120, Dublin 1",D01 RX53,53.3544372,-6.2669336,authority_supplied_point,site_point,,,,Point,2025-09-02,,https://data.smartdublin.ie/dataset/derelict-site-register,2026-06-24,2026-08-08,GeoJSON,official_download_or_api,native_machine_readable
IE-DS-7029e6cb9550d2,Dublin City Council,DS576,113A Phibsborough Road Dublin 7,"Phibsborough Road, 113A, Dublin 7",,53.3641506,-6.2716678,authority_supplied_point,site_point,,,,Point,2026-04-14,,https://data.smartdublin.ie/dataset/derelict-site-register,2026-06-24,2026-08-08,GeoJSON,official_download_or_api,native_machine_readable
IE-DS-d04ee138105575,Dublin City Council,DS1017,47/49 Fairview Strand Dublin 3 D03E271,"Fairview Strand, 47-49 (Players Lounge), Dublin 3",D03 E271,53.3628785,-6.2403186,authority_supplied_point,site_point,,,,Point,2026-04-24,,https://data.smartdublin.ie/dataset/derelict-site-register,2026-06-24,2026-08-08,GeoJSON,official_download_or_api,native_machine_readable
IE-DS-b2f2e255f0b18c,Dublin City Council,DS1296,"Avenue Road, Site to rear of 43 Bloomfield Avenue, Dublin 8","Avenue Road, Site to rear of 43 Bloomfield Avenue, Dublin 8",,53.3315353,-6.270853,authority_supplied_point,site_point,,,,Point,2026-04-08,,https://data.smartdublin.ie/dataset/derelict-site-register,2026-06-24,2026-08-08,GeoJSON,official_download_or_api,native_machine_readable
IE-DS-bd446187bb6c22,Dublin City Council,DS1655,88 Parnell Street Dublin 1,"Parnell Street, 88, Dublin 1",,53.3530038,-6.2600635,authority_supplied_point,site_point,,,,Point,2026-04-14,,https://data.smartdublin.ie/dataset/derelict-site-register,2026-06-24,2026-08-08,GeoJSON,official_download_or_api,native_machine_readable
IE-DS-86ee799b09a324,Dublin City Council,DS1693,492 Mourne Road Dublin 12 D12NA71,"Mourne Road, 492, Crumlin, Dublin 12",D12 NA71,53.3336333,-6.3084687,authority_supplied_point,site_point,,,,Point,2026-03-30,,https://data.smartdublin.ie/dataset/derelict-site-register,2026-06-24,2026-08-08,GeoJSON,official_download_or_api,native_machine_readable
IE-DS-ab89397f0f82e5,Dublin City Council,DS2116,15 Coulson Avenue Dublin 6 D06FV56,"Coulson Avenue, 15, Rathmines, Dublin 6",D06 FV56,53.3143176,-6.277475,authority_supplied_point,site_point,,,,Point,2026-04-13,,https://data.smartdublin.ie/dataset/derelict-site-register,2026-06-24,2026-08-08,GeoJSON,official_download_or_api,native_machine_readable
IE-DS-190e2b1302d3bd,Dublin City Council,DS2141,44 North Circular Road Dublin 7 D07Y6TE,"North Circular Road, 44, Dublin 7",D07 Y6TE,53.3532867,-6.2959125,authority_supplied_point,site_point,,,,Point,2026-04-13,,https://data.smartdublin.ie/dataset/derelict-site-register,2026-06-24,2026-08-08,GeoJSON,official_download_or_api,native_machine_readable
IE-DS-0e475d21eca17d,Dún Laoghaire–Rathdown County Council,DS: 1223,"MARTELLO HOUSE, STRAND ROAD, KILLINEY",,,53.2498548,-6.1127092,authority_supplied_polygon_centroid,site_polygon_centroid,725945.791892603,723826.446244675,EPSG:2157,Polygon,,,https://data.smartdublin.ie/dataset/derelict-sites-register-dlr,2025-03-14,2026-08-08,GeoJSON,official_download_or_api,native_machine_readable
IE-DS-2921ecdc13bcd1,Dún Laoghaire–Rathdown County Council,DS: 1528,"LARABEARG, TIVOLI ROAD NORTH, DUNLAOGHAIRE",,,53.2903045,-6.1433184,authority_supplied_polygon_centroid,site_polygon_centroid,723786.33980587,728273.950517264,EPSG:2157,Polygon,,,https://data.smartdublin.ie/dataset/derelict-sites-register-dlr,2025-03-14,2026-08-08,GeoJSON,official_download_or_api,native_machine_readable
IE-DS-dbbf84278d603e,Dún Laoghaire–Rathdown County Council,DS: 1549,"SAINT ANNE'S, UPPER DARGLE ROAD, BRAY",,,53.2009862,-6.1290191,authority_supplied_polygon_centroid,site_polygon_centroid,724999.647212575,718361.996871012,EPSG:2157,Polygon,,,https://data.smartdublin.ie/dataset/derelict-sites-register-dlr,2025-03-14,2026-08-08,GeoJSON,official_download_or_api,native_machine_readable
IE-DS-906a87bcb425c4,Dún Laoghaire–Rathdown County Council,DS 1544,"3 ALBERT ROAD UPPER, GLENAGEARY, CO.DUBLIN",,,53.2797561,-6.120404,authority_supplied_polygon_centroid,site_polygon_centroid,725344.728438451,727140.83413127,EPSG:2157,Polygon,,,https://data.smartdublin.ie/dataset/derelict-sites-register-dlr,2025-03-14,2026-08-08,GeoJSON,official_download_or_api,native_machine_readable
IE-DS-294d9d672f822e,Dún Laoghaire–Rathdown County Council,DS: 1604,"TORCA ROAD, DALKEY, CO.DUBLIN",,,53.2714104,-6.1013372,authority_supplied_polygon_centroid,site_polygon_centroid,726640.751872317,726246.234756464,EPSG:2157,Polygon,,,https://data.smartdublin.ie/dataset/derelict-sites-register-dlr,2025-03-14,2026-08-08,GeoJSON,official_download_or_api,native_machine_readable
IE-DS-545ff5c611798f,Dún Laoghaire–Rathdown County Council,DS: 1622,"31 O'DONNELL GARDENS, GLENAGEARY, CO.DUBLIN",,,53.2865717,-6.1259435,authority_supplied_polygon_centroid,site_polygon_centroid,724955.29321248,727891.19651538,EPSG:2157,Polygon,,,https://data.smartdublin.ie/dataset/derelict-sites-register-dlr,2025-03-14,2026-08-08,GeoJSON,official_download_or_api,native_machine_readable
IE-DS-8fb6194fb7fe21,Dún Laoghaire–Rathdown County Council,DS: 1628,"WYNNSTAY HOUSE, CLONSKEAGH ROAD, DUBLIN 14",,,53.3082709,-6.2361588,authority_supplied_polygon_centroid,site_polygon_centroid,717547.882233949,730116.126544314,EPSG:2157,Polygon,,,https://data.smartdublin.ie/dataset/derelict-sites-register-dlr,2025-03-14,2026-08-08,GeoJSON,official_download_or_api,native_machine_readable
IE-DS-d748de689152e9,Dún Laoghaire–Rathdown County Council,DS 1646,"65 DEERPARK ROAD, MOUNT MERRION, CO.DUBLIN",,,53.2960593,-6.2126589,authority_supplied_polygon_centroid,site_polygon_centroid,719147.772824426,728796.413678089,EPSG:2157,Polygon,,,https://data.smartdublin.ie/dataset/derelict-sites-register-dlr,2025-03-14,2026-08-08,GeoJSON,official_download_or_api,native_machine_readable
IE-DS-db7729d080470d,Dún Laoghaire–Rathdown County Council,DS: 1685,"22 WOODLAWN PARK, CHURCHTOWN, DUBLIN 14",,,53.2956802,-6.2488592,authority_supplied_polygon_centroid,site_polygon_centroid,716735.821596156,728694.603787998,EPSG:2157,Polygon,,,https://data.smartdublin.ie/dataset/derelict-sites-register-dlr,2025-03-14,2026-08-08,GeoJSON,official_download_or_api,native_machine_readable
IE-DS-9ff55293510b56,Dún Laoghaire–Rathdown County Council,DS: 1696,"WAVERLY LODGE, 61 CARYSFORT AVENUE, BLACKROCK, CO.DUBLIN",,,53.2985254,-6.1806909,authority_supplied_polygon_centroid,site_polygon_centroid,721271.545900376,729125.467494593,EPSG:2157,Polygon,,,https://data.smartdublin.ie/dataset/derelict-sites-register-dlr,2025-03-14,2026-08-08,GeoJSON,official_download_or_api,native_machine_readable
IE-DS-21c128d27f018b,Dún Laoghaire–Rathdown County Council,DS 1725,"61 GEORGE'S STREET UPPER, DUN LAOGHAIRE, CO.DUBLIN",,,53.2895565,-6.130213,authority_supplied_polygon_centroid,site_polygon_centroid,724662.030493296,728215.066321473,EPSG:2157,Polygon,,,https://data.smartdublin.ie/dataset/derelict-sites-register-dlr,2025-03-14,2026-08-08,GeoJSON,official_download_or_api,native_machine_readable
IE-DS-8965e082092ce2,Dún Laoghaire–Rathdown County Council,DS: 1705,"HARVEY NURSING HOME, GLENAGEARY ROAD UPPER, CO.DUBLIN",,,53.2832226,-6.1440095,authority_supplied_polygon_centroid,site_polygon_centroid,723760.674099189,727485.537172976,EPSG:2157,Polygon,,,https://data.smartdublin.ie/dataset/derelict-sites-register-dlr,2025-03-14,2026-08-08,GeoJSON,official_download_or_api,native_machine_readable
IE-DS-b4ae8f10097865,Dún Laoghaire–Rathdown County Council,DS 1450/51,"YORK HOUSE TIVOLI LODGE, YORK ROAD, CO.DUBLIN",,,53.2888201,-6.144924,authority_supplied_polygon_centroid,site_polygon_centroid,723683.615543569,728105.799887066,EPSG:2157,Polygon,,,https://data.smartdublin.ie/dataset/derelict-sites-register-dlr,2025-03-14,2026-08-08,GeoJSON,official_download_or_api,native_machine_readable
IE-DS-813be1ebcd2d65,Dún Laoghaire–Rathdown County Council,DS: 1714,"OLD DUNLEARY HOUSE, DUN LAOGHAIRE, CO.DUBLIN",,,53.2950317,-6.1471842,authority_supplied_polygon_centroid,site_polygon_centroid,723514.820872495,728795.00760987,EPSG:2157,Polygon,,,https://data.smartdublin.ie/dataset/derelict-sites-register-dlr,2025-03-14,2026-08-08,GeoJSON,official_download_or_api,native_machine_readable
IE-DS-7a02866135f785,Dún Laoghaire–Rathdown County Council,DS: 1712,"17 PATRICK STREET, DUN LAOGHAIRE, CO.DUBLIN",,,53.2916062,-6.1375012,authority_supplied_polygon_centroid,site_polygon_centroid,724170.341183046,728429.095864178,EPSG:2157,Polygon,,,https://data.smartdublin.ie/dataset/derelict-sites-register-dlr,2025-03-14,2026-08-08,GeoJSON,official_download_or_api,native_machine_readable
IE-DS-e5a4682c6cd005,Dún Laoghaire–Rathdown County Council,DS: 1679,"1 & 2 ANNAVILLE AVENUE, BLACKROCK, CO.DUBLIN",,,53.2877119,-6.1769296,authority_supplied_polygon_centroid,site_polygon_centroid,721552.857306001,727929.711814056,EPSG:2157,Polygon,,,https://data.smartdublin.ie/dataset/derelict-sites-register-dlr,2025-03-14,2026-08-08,GeoJSON,official_download_or_api,native_machine_readable
IE-DS-d885244e838067,Roscommon County Council,1992/36,Rooskey,House,,53.8250766,-7.9301849,authority_supplied_polygon_centroid,site_polygon_centroid,,,,Polygon,,,https://services1.arcgis.com/0g8o874l5un2eDgz/arcgis/rest/services/DerelictSitesRegister/FeatureServer/0,2026-07-08,2026-08-08,GeoJSON,official_download_or_api,native_machine_readable
IE-DS-c9ede9a3169eb4,Roscommon County Council,DS 2017/08,Cloonfinglas,House,,53.8325504,-8.4716453,authority_supplied_polygon_centroid,site_polygon_centroid,,,,Polygon,,,https://services1.arcgis.com/0g8o874l5un2eDgz/arcgis/rest/services/DerelictSitesRegister/FeatureServer/0,2026-07-08,2026-08-08,GeoJSON,official_download_or_api,native_machine_readable
IE-DS-b08c820d41bad9,Roscommon County Council,06-2021,"3 Elphin St,",House,,53.7795704,-8.1048595,authority_supplied_polygon_centroid,site_polygon_centroid,,,,Polygon,,,https://services1.arcgis.com/0g8o874l5un2eDgz/arcgis/rest/services/DerelictSitesRegister/FeatureServer/0,2026-07-08,2026-08-08,GeoJSON,official_download_or_api,native_machine_readable
IE-DS-e4ac8be7c301c4,Roscommon County Council,08-2022,"6 Arm,Castlerea",House,,53.7697006,-8.5002899,authority_supplied_polygon_centroid,site_polygon_centroid,,,,Polygon,,,https://services1.arcgis.com/0g8o874l5un2eDgz/arcgis/rest/services/DerelictSitesRegister/FeatureServer/0,2026-07-08,2026-08-08,GeoJSON,official_download_or_api,native_machine_readable
IE-DS-ecf47590a9692a,Roscommon County Council,2022/41,Cloonfad,House,,53.685179,-8.7519951,authority_supplied_polygon_centroid,site_polygon_centroid,,,,Polygon,,,https://services1.arcgis.com/0g8o874l5un2eDgz/arcgis/rest/services/DerelictSitesRegister/FeatureServer/0,2026-07-08,2026-08-08,GeoJSON,official_download_or_api,native_machine_readable
IE-DS-11817322e6f6b5,Roscommon County Council,04-2022,Arm,House,,53.7675427,-8.5089739,authority_supplied_polygon_centroid,site_polygon_centroid,,,,Polygon,,,https://services1.arcgis.com/0g8o874l5un2eDgz/arcgis/rest/services/DerelictSitesRegister/FeatureServer/0,2026-07-08,2026-08-08,GeoJSON,official_download_or_api,native_machine_readable
IE-DS-f9a77d2c7d9634,Roscommon County Council,13-2022,1 Mockmoyne H,House,,53.9739639,-8.3054517,authority_supplied_polygon_centroid,site_polygon_centroid,,,,Polygon,,,https://services1.arcgis.com/0g8o874l5un2eDgz/arcgis/rest/services/DerelictSitesRegister/FeatureServer/0,2026-07-08,2026-08-08,GeoJSON,official_download_or_api,native_machine_readable
IE-DS-e31e52433e753a,Roscommon County Council,14-2022,2 Mockmoyne H,House,,53.9741821,-8.3055191,authority_supplied_polygon_centroid,site_polygon_centroid,,,,Polygon,,,https://services1.arcgis.com/0g8o874l5un2eDgz/arcgis/rest/services/DerelictSitesRegister/FeatureServer/0,2026-07-08,2026-08-08,GeoJSON,official_download_or_api,native_machine_readable
IE-DS-db6808d9976fb5,Roscommon County Council,30-2022,"Church St., Str",House,,53.7771577,-8.1071279,authority_supplied_polygon_centroid,site_polygon_centroid,,,,Polygon,,,https://services1.arcgis.com/0g8o874l5un2eDgz/arcgis/rest/services/DerelictSitesRegister/FeatureServer/0,2026-07-08,2026-08-08,GeoJSON,official_download_or_api,native_machine_readable
IE-DS-55ce67baa0f482,Roscommon County Council,38-2022,"Main St., Roosk",House,,53.8328158,-7.9245291,authority_supplied_polygon_centroid,site_polygon_centroid,,,,Polygon,,,https://services1.arcgis.com/0g8o874l5un2eDgz/arcgis/rest/services/DerelictSitesRegister/FeatureServer/0,2026-07-08,2026-08-08,GeoJSON,official_download_or_api,native_machine_readable
IE-DS-3171e243bb1638,Roscommon County Council,2022/02,Barrymore,house,,53.4619392,-7.9940646,authority_supplied_polygon_centroid,site_polygon_centroid,,,,Polygon,,,https://services1.arcgis.com/0g8o874l5un2eDgz/arcgis/rest/services/DerelictSitesRegister/FeatureServer/0,2026-07-08,2026-08-08,GeoJSON,official_download_or_api,native_machine_readable
IE-DS-f629f48d131457,Roscommon County Council,44-2022,"Main St.,C'rea",Commer,,53.7697472,-8.4941124,authority_supplied_polygon_centroid,site_polygon_centroid,,,,Polygon,,,https://services1.arcgis.com/0g8o874l5un2eDgz/arcgis/rest/services/DerelictSitesRegister/FeatureServer/0,2026-07-08,2026-08-08,GeoJSON,official_download_or_api,native_machine_readable
IE-DS-311a85a4771f8d,Roscommon County Council,04-2021,F45Y076,Commer,F45 Y076,53.7673582,-8.487315,authority_supplied_polygon_centroid,site_polygon_centroid,,,,Polygon,,,https://services1.arcgis.com/0g8o874l5un2eDgz/arcgis/rest/services/DerelictSitesRegister/FeatureServer/0,2026-07-08,2026-08-08,GeoJSON,official_download_or_api,native_machine_readable
IE-DS-adfa6cc4267707,Roscommon County Council,29-2022,Knockroe,Reside,,53.7659961,-8.48149,authority_supplied_polygon_centroid,site_polygon_centroid,,,,Polygon,,,https://services1.arcgis.com/0g8o874l5un2eDgz/arcgis/rest/services/DerelictSitesRegister/FeatureServer/0,2026-07-08,2026-08-08,GeoJSON,official_download_or_api,native_machine_readable
IE-DS-a8bdd8d62ab47e,Roscommon County Council,32-2022,New Line Road,,,53.8439611,-8.1914436,authority_supplied_polygon_centroid,site_polygon_centroid,,,,Polygon,,,https://services1.arcgis.com/0g8o874l5un2eDgz/arcgis/rest/services/DerelictSitesRegister/FeatureServer/0,2026-07-08,2026-08-08,GeoJSON,official_download_or_api,native_machine_readable
IE-DS-2b93238ea1edce,Roscommon County Council,33-2022,Warren + Drum,House,,53.9741286,-8.2819375,authority_supplied_polygon_centroid,site_polygon_centroid,,,,Polygon,,,https://services1.arcgis.com/0g8o874l5un2eDgz/arcgis/rest/services/DerelictSitesRegister/FeatureServer/0,2026-07-08,2026-08-08,GeoJSON,official_download_or_api,native_machine_readable
IE-DS-5aa2367bfec378,Roscommon County Council,28-2022,Boyle,House,,53.9748898,-8.2859545,authority_supplied_polygon_centroid,site_polygon_centroid,,,,Polygon,,,https://services1.arcgis.com/0g8o874l5un2eDgz/arcgis/rest/services/DerelictSitesRegister/FeatureServer/0,2026-07-08,2026-08-08,GeoJSON,official_download_or_api,native_machine_readable
IE-DS-b9710554fb4c4b,Roscommon County Council,049-2022,Sligo Rd,House,,53.9040431,-8.5714576,authority_supplied_polygon_centroid,site_polygon_centroid,,,,Polygon,,,https://services1.arcgis.com/0g8o874l5un2eDgz/arcgis/rest/services/DerelictSitesRegister/FeatureServer/0,2026-07-08,2026-08-08,GeoJSON,official_download_or_api,native_machine_readable
IE-DS-eb139250badda0,Roscommon County Council,DS 49-2022,Patrick St,House,,53.9728278,-8.3071812,authority_supplied_polygon_centroid,site_polygon_centroid,,,,Polygon,,,https://services1.arcgis.com/0g8o874l5un2eDgz/arcgis/rest/services/DerelictSitesRegister/FeatureServer/0,2026-07-08,2026-08-08,GeoJSON,official_download_or_api,native_machine_readable
IE-DS-6b30809acff57d,Roscommon County Council,DS 46-2022,Patrick St.,House,,53.9727811,-8.3070686,authority_supplied_polygon_centroid,site_polygon_centroid,,,,Polygon,,,https://services1.arcgis.com/0g8o874l5un2eDgz/arcgis/rest/services/DerelictSitesRegister/FeatureServer/0,2026-07-08,2026-08-08,GeoJSON,official_download_or_api,native_machine_readable
IE-DS-f1c920e3c40b4f,Roscommon County Council,DS 45-2022,Patrick St,House,,53.972876,-8.3070555,authority_supplied_polygon_centroid,site_polygon_centroid,,,,Polygon,,,https://services1.arcgis.com/0g8o874l5un2eDgz/arcgis/rest/services/DerelictSitesRegister/FeatureServer/0,2026-07-08,2026-08-08,GeoJSON,official_download_or_api,native_machine_readable
IE-DS-10b9d6d349ab93,Roscommon County Council,014-2023,Chapel St,House,,53.8457188,-8.1973518,authority_supplied_polygon_centroid,site_polygon_centroid,,,,Polygon,,,https://services1.arcgis.com/0g8o874l5un2eDgz/arcgis/rest/services/DerelictSitesRegister/FeatureServer/0,2026-07-08,2026-08-08,GeoJSON,official_download_or_api,native_machine_readable
IE-DS-48fea91d5a9a9a,Roscommon County Council,05-2023,Cloonsahnville,House,,53.8701209,-8.405892,authority_supplied_polygon_centroid,site_polygon_centroid,,,,Polygon,,,https://services1.arcgis.com/0g8o874l5un2eDgz/arcgis/rest/services/DerelictSitesRegister/FeatureServer/0,2026-07-08,2026-08-08,GeoJSON,official_download_or_api,native_machine_readable
IE-DS-b076c96ae7da91,Roscommon County Council,03-2022,31 Kildalloge,House,,53.7821534,-8.1022639,authority_supplied_polygon_centroid,site_polygon_centroid,,,,Polygon,,,https://services1.arcgis.com/0g8o874l5un2eDgz/arcgis/rest/services/DerelictSitesRegister/FeatureServer/0,2026-07-08,2026-08-08,GeoJSON,official_download_or_api,native_machine_readable
IE-DS-7ba725320673c4,Roscommon County Council,DS 11-2023,Castlereagh,Shop,,53.7694461,-8.4959755,authority_supplied_polygon_centroid,site_polygon_centroid,,,,Polygon,,,https://services1.arcgis.com/0g8o874l5un2eDgz/arcgis/rest/services/DerelictSitesRegister/FeatureServer/0,2026-07-08,2026-08-08,GeoJSON,official_download_or_api,native_machine_readable
IE-DS-056d54d1834c46,Roscommon County Council,DS 09-2023,Hook&Tackle Bar,Commer,,53.4704055,-8.2698188,authority_supplied_polygon_centroid,site_polygon_centroid,,,,Polygon,,,https://services1.arcgis.com/0g8o874l5un2eDgz/arcgis/rest/services/DerelictSitesRegister/FeatureServer/0,2026-07-08,2026-08-08,GeoJSON,official_download_or_api,native_machine_readable
IE-DS-6085425fcff09d,Roscommon County Council,18/2022,"1 Church Rd.,",Reside,,53.7630286,-8.4847217,authority_supplied_polygon_centroid,site_polygon_centroid,,,,Polygon,,,https://services1.arcgis.com/0g8o874l5un2eDgz/arcgis/rest/services/DerelictSitesRegister/FeatureServer/0,2026-07-08,2026-08-08,GeoJSON,official_download_or_api,native_machine_readable
IE-DS-9644f52672f729,Roscommon County Council,34-2022,19 Erris Bay,House,,53.9797629,-8.279402,authority_supplied_polygon_centroid,site_polygon_centroid,,,,Polygon,,,https://services1.arcgis.com/0g8o874l5un2eDgz/arcgis/rest/services/DerelictSitesRegister/FeatureServer/0,2026-07-08,2026-08-08,GeoJSON,official_download_or_api,native_machine_readable
IE-DS-014fef7c3e342b,Roscommon County Council,36-2023,F42 HW67,House,F42 HW67,53.6136616,-8.2006098,authority_supplied_polygon_centroid,site_polygon_centroid,,,,Polygon,,,https://services1.arcgis.com/0g8o874l5un2eDgz/arcgis/rest/services/DerelictSitesRegister/FeatureServer/0,2026-07-08,2026-08-08,GeoJSON,official_download_or_api,native_machine_readable
IE-DS-6ad4176b0b563e,Roscommon County Council,38-2023,18B Convent Cou,House,,53.627891,-8.2010359,authority_supplied_polygon_centroid,site_polygon_centroid,,,,Polygon,,,https://services1.arcgis.com/0g8o874l5un2eDgz/arcgis/rest/services/DerelictSitesRegister/FeatureServer/0,2026-07-08,2026-08-08,GeoJSON,official_download_or_api,native_machine_readable
IE-DS-6edeb7bc22a1ca,Roscommon County Council,13-2023,43 Termon Rd,House,,53.9704543,-8.3054935,authority_supplied_polygon_centroid,site_polygon_centroid,,,,Polygon,,,https://services1.arcgis.com/0g8o874l5un2eDgz/arcgis/rest/services/DerelictSitesRegister/FeatureServer/0,2026-07-08,2026-08-08,GeoJSON,official_download_or_api,native_machine_readable
IE-DS-b6b2d8e3564e95,Roscommon County Council,07-2023,Lakeview Fillin,Mixed,,53.6772413,-8.0146632,authority_supplied_polygon_centroid,site_polygon_centroid,,,,Polygon,,,https://services1.arcgis.com/0g8o874l5un2eDgz/arcgis/rest/services/DerelictSitesRegister/FeatureServer/0,2026-07-08,2026-08-08,GeoJSON,official_download_or_api,native_machine_readable
IE-DS-94663bd615c120,Roscommon County Council,31-2023,"Station Rd.,",Mixed,,53.7425629,-8.6340338,authority_supplied_polygon_centroid,site_polygon_centroid,,,,Polygon,,,https://services1.arcgis.com/0g8o874l5un2eDgz/arcgis/rest/services/DerelictSitesRegister/FeatureServer/0,2026-07-08,2026-08-08,GeoJSON,official_download_or_api,native_machine_readable
IE-DS-8b9bfd28d8c303,Roscommon County Council,12-2023,Thomastown,House,,53.3620693,-8.0713358,authority_supplied_polygon_centroid,site_polygon_centroid,,,,Polygon,,,https://services1.arcgis.com/0g8o874l5un2eDgz/arcgis/rest/services/DerelictSitesRegister/FeatureServer/0,2026-07-08,2026-08-08,GeoJSON,official_download_or_api,native_machine_readable
IE-DS-6921357aa6b5d5,Roscommon County Council,001-2025,Ballinagard,SSB,,53.6100696,-8.2027377,authority_supplied_polygon_centroid,site_polygon_centroid,,,,Polygon,,,https://services1.arcgis.com/0g8o874l5un2eDgz/arcgis/rest/services/DerelictSitesRegister/FeatureServer/0,2026-07-08,2026-08-08,GeoJSON,official_download_or_api,native_machine_readable
IE-DS-cd84a8afdae162,Roscommon County Council,002-2025,Pound St F45HV5,2S Tce,,53.9042098,-8.574108,authority_supplied_polygon_centroid,site_polygon_centroid,,,,Polygon,,,https://services1.arcgis.com/0g8o874l5un2eDgz/arcgis/rest/services/DerelictSitesRegister/FeatureServer/0,2026-07-08,2026-08-08,GeoJSON,official_download_or_api,native_machine_readable
IE-DS-3beceff3f9dc8c,Roscommon County Council,003-2025,F45XN73,Cottag,F45 XN73,53.9055776,-8.5681244,authority_supplied_polygon_centroid,site_polygon_centroid,,,,MultiPolygon,,,https://services1.arcgis.com/0g8o874l5un2eDgz/arcgis/rest/services/DerelictSitesRegister/FeatureServer/0,2026-07-08,2026-08-08,GeoJSON,official_download_or_api,native_machine_readable
IE-DS-b47cc5089ba093,Roscommon County Council,004-2025,F45Y242 Elphin,2S SD,F45 Y242,53.8433623,-8.2045154,authority_supplied_polygon_centroid,site_polygon_centroid,,,,Polygon,,,https://services1.arcgis.com/0g8o874l5un2eDgz/arcgis/rest/services/DerelictSitesRegister/FeatureServer/0,2026-07-08,2026-08-08,GeoJSON,official_download_or_api,native_machine_readable
IE-DS-e016b00548d1bc,Roscommon County Council,005-2025,22 Castlecourt,2SSD,,53.8986451,-8.5849976,authority_supplied_polygon_centroid,site_polygon_centroid,,,,Polygon,,,https://services1.arcgis.com/0g8o874l5un2eDgz/arcgis/rest/services/DerelictSitesRegister/FeatureServer/0,2026-07-08,2026-08-08,GeoJSON,official_download_or_api,native_machine_readable
IE-DS-79c0d3a091f669,Roscommon County Council,020-2025,St Marys Tce,2SSD,,53.6758622,-8.0061219,authority_supplied_polygon_centroid,site_polygon_centroid,,,,Polygon,,,https://services1.arcgis.com/0g8o874l5un2eDgz/arcgis/rest/services/DerelictSitesRegister/FeatureServer/0,2026-07-08,2026-08-08,GeoJSON,official_download_or_api,native_machine_readable
IE-DS-07bc996c63a2dc,Roscommon County Council,021-2025,42 Shannon Vall,Semi D,,53.9048078,-8.5649347,authority_supplied_polygon_centroid,site_polygon_centroid,,,,Polygon,,,https://services1.arcgis.com/0g8o874l5un2eDgz/arcgis/rest/services/DerelictSitesRegister/FeatureServer/0,2026-07-08,2026-08-08,GeoJSON,official_download_or_api,native_machine_readable
IE-DS-22091d9b198b47,Roscommon County Council,022-2025,14 Dun Ard,Det 2S,,53.5738945,-8.0862768,authority_supplied_polygon_centroid,site_polygon_centroid,,,,Polygon,,,https://services1.arcgis.com/0g8o874l5un2eDgz/arcgis/rest/services/DerelictSitesRegister/FeatureServer/0,2026-07-08,2026-08-08,GeoJSON,official_download_or_api,native_machine_readable
IE-DS-bcafeb07ea74ee,Roscommon County Council,023 - 2025,Main St F45F6P9,Com,F45 F6P9,53.9014846,-8.580963,authority_supplied_polygon_centroid,site_polygon_centroid,,,,Polygon,,,https://services1.arcgis.com/0g8o874l5un2eDgz/arcgis/rest/services/DerelictSitesRegister/FeatureServer/0,2026-07-08,2026-08-08,GeoJSON,official_download_or_api,native_machine_readable
IE-DS-69f67f682d08b9,Roscommon County Council,24 - 2025,Main St F45RK31,TceHse,F45 RK31,53.9012089,-8.5814302,authority_supplied_polygon_centroid,site_polygon_centroid,,,,Polygon,,,https://services1.arcgis.com/0g8o874l5un2eDgz/arcgis/rest/services/DerelictSitesRegister/FeatureServer/0,2026-07-08,2026-08-08,GeoJSON,official_download_or_api,native_machine_readable
IE-DS-695f186daa8a30,Roscommon County Council,025 - 2025,Main St F45HK00,TceHse,F45 HK00,53.9011831,-8.581503,authority_supplied_polygon_centroid,site_polygon_centroid,,,,Polygon,,,https://services1.arcgis.com/0g8o874l5un2eDgz/arcgis/rest/services/DerelictSitesRegister/FeatureServer/0,2026-07-08,2026-08-08,GeoJSON,official_download_or_api,native_machine_readable
IE-DS-c58f90a3a690d6,Roscommon County Council,26 - 2025,Main St F45YT57,TceHse,F45 YT57,53.9011265,-8.5815797,authority_supplied_polygon_centroid,site_polygon_centroid,,,,Polygon,,,https://services1.arcgis.com/0g8o874l5un2eDgz/arcgis/rest/services/DerelictSitesRegister/FeatureServer/0,2026-07-08,2026-08-08,GeoJSON,official_download_or_api,native_machine_readable
IE-DS-a38109a65fcab2,Roscommon County Council,27 - 2025,Main St F45YX45,Comm,F45 YX45,53.90122,-8.5820941,authority_supplied_polygon_centroid,site_polygon_centroid,,,,Polygon,,,https://services1.arcgis.com/0g8o874l5un2eDgz/arcgis/rest/services/DerelictSitesRegister/FeatureServer/0,2026-07-08,2026-08-08,GeoJSON,official_download_or_api,native_machine_readable
IE-DS-a63fe125a162e8,Roscommon County Council,006-2025,Castlecourt,Semi D,,53.8986491,-8.5851402,authority_supplied_polygon_centroid,site_polygon_centroid,,,,Polygon,,,https://services1.arcgis.com/0g8o874l5un2eDgz/arcgis/rest/services/DerelictSitesRegister/FeatureServer/0,2026-07-08,2026-08-08,GeoJSON,official_download_or_api,native_machine_readable
IE-DS-afd59caf3b4a50,Roscommon County Council,007-2025,Castlecourt,Semi D,,53.8986481,-8.5852902,authority_supplied_polygon_centroid,site_polygon_centroid,,,,Polygon,,,https://services1.arcgis.com/0g8o874l5un2eDgz/arcgis/rest/services/DerelictSitesRegister/FeatureServer/0,2026-07-08,2026-08-08,GeoJSON,official_download_or_api,native_machine_readable
IE-DS-a200efc50527d8,Roscommon County Council,028-2025,Strokestown,Detach,,53.7697318,-8.1188431,authority_supplied_polygon_centroid,site_polygon_centroid,,,,Polygon,,,https://services1.arcgis.com/0g8o874l5un2eDgz/arcgis/rest/services/DerelictSitesRegister/FeatureServer/0,2026-07-08,2026-08-08,GeoJSON,official_download_or_api,native_machine_readable
IE-DS-2a8a6edb19700e,Roscommon County Council,029-2025,Loughglinn Td,Det,,53.823268,-8.5600029,authority_supplied_polygon_centroid,site_polygon_centroid,,,,Polygon,,,https://services1.arcgis.com/0g8o874l5un2eDgz/arcgis/rest/services/DerelictSitesRegister/FeatureServer/0,2026-07-08,2026-08-08,GeoJSON,official_download_or_api,native_machine_readable
IE-DS-ab687c28124a20,Roscommon County Council,031-2025,Mocmoyne Rd,Semi D,,53.9733913,-8.3135834,authority_supplied_polygon_centroid,site_polygon_centroid,,,,Polygon,,,https://services1.arcgis.com/0g8o874l5un2eDgz/arcgis/rest/services/DerelictSitesRegister/FeatureServer/0,2026-07-08,2026-08-08,GeoJSON,official_download_or_api,native_machine_readable
IE-DS-7bcc33c919ebb3,Roscommon County Council,030-2025,Mocmoyne Rd.,Semi D,,53.9733639,-8.3139067,authority_supplied_polygon_centroid,site_polygon_centroid,,,,Polygon,,,https://services1.arcgis.com/0g8o874l5un2eDgz/arcgis/rest/services/DerelictSitesRegister/FeatureServer/0,2026-07-08,2026-08-08,GeoJSON,official_download_or_api,native_machine_readable
IE-DS-b3096b2702dc69,Roscommon County Council,019-2025,Frenchpark,Tce,,53.8687437,-8.4067001,authority_supplied_polygon_centroid,site_polygon_centroid,,,,MultiPolygon,,,https://services1.arcgis.com/0g8o874l5un2eDgz/arcgis/rest/services/DerelictSitesRegister/FeatureServer/0,2026-07-08,2026-08-08,GeoJSON,official_download_or_api,native_machine_readable
IE-DS-25aa82b9deaa26,Roscommon County Council,037-2025,Market St,Tce Hs,,53.9033521,-8.5818831,authority_supplied_polygon_centroid,site_polygon_centroid,,,,Polygon,,,https://services1.arcgis.com/0g8o874l5un2eDgz/arcgis/rest/services/DerelictSitesRegister/FeatureServer/0,2026-07-08,2026-08-08,GeoJSON,official_download_or_api,native_machine_readable
IE-DS-5f3d6d076611e0,Roscommon County Council,036-2025,Market St,Com,,53.9034291,-8.582001,authority_supplied_polygon_centroid,site_polygon_centroid,,,,Polygon,,,https://services1.arcgis.com/0g8o874l5un2eDgz/arcgis/rest/services/DerelictSitesRegister/FeatureServer/0,2026-07-08,2026-08-08,GeoJSON,official_download_or_api,native_machine_readable
IE-DS-4f04ff02775cf4,Roscommon County Council,038-2025,Ballyleague,Semi D,,53.6766806,-7.997146,authority_supplied_polygon_centroid,site_polygon_centroid,,,,Polygon,,,https://services1.arcgis.com/0g8o874l5un2eDgz/arcgis/rest/services/DerelictSitesRegister/FeatureServer/0,2026-07-08,2026-08-08,GeoJSON,official_download_or_api,native_machine_readable
IE-DS-00e414e0e0bd9c,Roscommon County Council,34-2025,Ballyleague,Com,,53.679633,-8.0020415,authority_supplied_polygon_centroid,site_polygon_centroid,,,,Polygon,,,https://services1.arcgis.com/0g8o874l5un2eDgz/arcgis/rest/services/DerelictSitesRegister/FeatureServer/0,2026-07-08,2026-08-08,GeoJSON,official_download_or_api,native_machine_readable
IE-DS-b0dac920314734,Roscommon County Council,035-2025,Kilcolman,Det 2S,,53.9045561,-8.5681613,authority_supplied_polygon_centroid,site_polygon_centroid,,,,Polygon,,,https://services1.arcgis.com/0g8o874l5un2eDgz/arcgis/rest/services/DerelictSitesRegister/FeatureServer/0,2026-07-08,2026-08-08,GeoJSON,official_download_or_api,native_machine_readable
IE-DS-c20bcfe3c9631b,Roscommon County Council,039-2025,Cloverhill,UHD,,53.906239,-8.5895991,authority_supplied_polygon_centroid,site_polygon_centroid,,,,Polygon,,,https://services1.arcgis.com/0g8o874l5un2eDgz/arcgis/rest/services/DerelictSitesRegister/FeatureServer/0,2026-07-08,2026-08-08,GeoJSON,official_download_or_api,native_machine_readable
IE-DS-89b56c44c3d25b,Roscommon County Council,045-2025,Cootehall,Detach,,53.9864164,-8.158025,authority_supplied_polygon_centroid,site_polygon_centroid,,,,Polygon,,,https://services1.arcgis.com/0g8o874l5un2eDgz/arcgis/rest/services/DerelictSitesRegister/FeatureServer/0,2026-07-08,2026-08-08,GeoJSON,official_download_or_api,native_machine_readable
IE-DS-e89856f9196437,Roscommon County Council,46-2025,Cootehall,Semi d,,53.986276,-8.1585781,authority_supplied_polygon_centroid,site_polygon_centroid,,,,Polygon,,,https://services1.arcgis.com/0g8o874l5un2eDgz/arcgis/rest/services/DerelictSitesRegister/FeatureServer/0,2026-07-08,2026-08-08,GeoJSON,official_download_or_api,native_machine_readable
IE-DS-e3be8086311f73,Roscommon County Council,32-2025,Cootehall,Comm,,53.9844336,-8.1594058,authority_supplied_polygon_centroid,site_polygon_centroid,,,,Polygon,,,https://services1.arcgis.com/0g8o874l5un2eDgz/arcgis/rest/services/DerelictSitesRegister/FeatureServer/0,2026-07-08,2026-08-08,GeoJSON,official_download_or_api,native_machine_readable
IE-DS-8a6f1817c00766,Roscommon County Council,053-2025,Main st,Res,,53.8999738,-8.5830151,authority_supplied_polygon_centroid,site_polygon_centroid,,,,Polygon,,,https://services1.arcgis.com/0g8o874l5un2eDgz/arcgis/rest/services/DerelictSitesRegister/FeatureServer/0,2026-07-08,2026-08-08,GeoJSON,official_download_or_api,native_machine_readable
IE-DS-5635c459431bc4,Roscommon County Council,049-2025,Gleann Ard,Res,,53.9012838,-8.5732894,authority_supplied_polygon_centroid,site_polygon_centroid,,,,Polygon,,,https://services1.arcgis.com/0g8o874l5un2eDgz/arcgis/rest/services/DerelictSitesRegister/FeatureServer/0,2026-07-08,2026-08-08,GeoJSON,official_download_or_api,native_machine_readable
IE-DS-67a9ff5ce0f438,Roscommon County Council,050-2025,Ballaghaderreen,Res,,53.9010574,-8.5731726,authority_supplied_polygon_centroid,site_polygon_centroid,,,,Polygon,,,https://services1.arcgis.com/0g8o874l5un2eDgz/arcgis/rest/services/DerelictSitesRegister/FeatureServer/0,2026-07-08,2026-08-08,GeoJSON,official_download_or_api,native_machine_readable
IE-DS-e708a0978f2ab2,Roscommon County Council,031-2025,Ballaghaderreen,Res,,53.9009728,-8.5734166,authority_supplied_polygon_centroid,site_polygon_centroid,,,,Polygon,,,https://services1.arcgis.com/0g8o874l5un2eDgz/arcgis/rest/services/DerelictSitesRegister/FeatureServer/0,2026-07-08,2026-08-08,GeoJSON,official_download_or_api,native_machine_readable
IE-DS-f5ce40e2211956,Roscommon County Council,052-2025,Ballaghaderreen,Res,,53.9008666,-8.5738113,authority_supplied_polygon_centroid,site_polygon_centroid,,,,Polygon,,,https://services1.arcgis.com/0g8o874l5un2eDgz/arcgis/rest/services/DerelictSitesRegister/FeatureServer/0,2026-07-08,2026-08-08,GeoJSON,official_download_or_api,native_machine_readable
IE-DS-5a8651b96d2345,Roscommon County Council,048-2025,Main st,Vacant,,53.7693932,-8.4951234,authority_supplied_polygon_centroid,site_polygon_centroid,,,,Polygon,,,https://services1.arcgis.com/0g8o874l5un2eDgz/arcgis/rest/services/DerelictSitesRegister/FeatureServer/0,2026-07-08,2026-08-08,GeoJSON,official_download_or_api,native_machine_readable
IE-DS-44041e8492c5ff,Roscommon County Council,047-2025,Main st,Vacant,,53.7690956,-8.4953293,authority_supplied_polygon_centroid,site_polygon_centroid,,,,Polygon,,,https://services1.arcgis.com/0g8o874l5un2eDgz/arcgis/rest/services/DerelictSitesRegister/FeatureServer/0,2026-07-08,2026-08-08,GeoJSON,official_download_or_api,native_machine_readable
IE-DS-ea8addc31ed0a8,Roscommon County Council,44-2025,5 Saint John’s,Tce,,53.9004669,-8.5835234,authority_supplied_polygon_centroid,site_polygon_centroid,,,,Polygon,,,https://services1.arcgis.com/0g8o874l5un2eDgz/arcgis/rest/services/DerelictSitesRegister/FeatureServer/0,2026-07-08,2026-08-08,GeoJSON,official_download_or_api,native_machine_readable
IE-DS-8b95e58b6b93e1,Roscommon County Council,43-2025,5 Barry’s Court,Semi D,,53.744053,-7.9264892,authority_supplied_polygon_centroid,site_polygon_centroid,,,,MultiPolygon,,,https://services1.arcgis.com/0g8o874l5un2eDgz/arcgis/rest/services/DerelictSitesRegister/FeatureServer/0,2026-07-08,2026-08-08,GeoJSON,official_download_or_api,native_machine_readable
IE-DS-c5dde38f892b2e,Roscommon County Council,42-2025,Bellanagare,Tce,,53.837124,-8.3828087,authority_supplied_polygon_centroid,site_polygon_centroid,,,,Polygon,,,https://services1.arcgis.com/0g8o874l5un2eDgz/arcgis/rest/services/DerelictSitesRegister/FeatureServer/0,2026-07-08,2026-08-08,GeoJSON,official_download_or_api,native_machine_readable
IE-DS-efb07d4b2f6efd,Roscommon County Council,41-2025,"Felton Road, Bo",Cottag,,53.9678281,-8.3118642,authority_supplied_polygon_centroid,site_polygon_centroid,,,,Polygon,,,https://services1.arcgis.com/0g8o874l5un2eDgz/arcgis/rest/services/DerelictSitesRegister/FeatureServer/0,2026-07-08,2026-08-08,GeoJSON,official_download_or_api,native_machine_readable
IE-DS-03e57fc0f7d168,Roscommon County Council,40-2025,"Felton Road, Bo",Cottag,,53.9680877,-8.3112088,authority_supplied_polygon_centroid,site_polygon_centroid,,,,Polygon,,,https://services1.arcgis.com/0g8o874l5un2eDgz/arcgis/rest/services/DerelictSitesRegister/FeatureServer/0,2026-07-08,2026-08-08,GeoJSON,official_download_or_api,native_machine_readable
IE-DS-0f59982c753504,Roscommon County Council,33-2025,Oran,Detach,,53.6696512,-8.336642,authority_supplied_polygon_centroid,site_polygon_centroid,,,,Polygon,,,https://services1.arcgis.com/0g8o874l5un2eDgz/arcgis/rest/services/DerelictSitesRegister/FeatureServer/0,2026-07-08,2026-08-08,GeoJSON,official_download_or_api,native_machine_readable
IE-DS-ad33170691ea12,Roscommon County Council,11-2025,Old Schoolhse C,BNM Sc,,53.6996433,-8.0139165,authority_supplied_polygon_centroid,site_polygon_centroid,,,,Polygon,,,https://services1.arcgis.com/0g8o874l5un2eDgz/arcgis/rest/services/DerelictSitesRegister/FeatureServer/0,2026-07-08,2026-08-08,GeoJSON,official_download_or_api,native_machine_readable
IE-DS-2b2ab5faeac878,Roscommon County Council,009-2025,Dundonnell,Det,,53.3997973,-8.1641151,authority_supplied_polygon_centroid,site_polygon_centroid,,,,Polygon,,,https://services1.arcgis.com/0g8o874l5un2eDgz/arcgis/rest/services/DerelictSitesRegister/FeatureServer/0,2026-07-08,2026-08-08,GeoJSON,official_download_or_api,native_machine_readable
IE-DS-95e6c4768be06d,Roscommon County Council,008-2025,Loughglinn,Det,,53.8232589,-8.5635111,authority_supplied_polygon_centroid,site_polygon_centroid,,,,Polygon,,,https://services1.arcgis.com/0g8o874l5un2eDgz/arcgis/rest/services/DerelictSitesRegister/FeatureServer/0,2026-07-08,2026-08-08,GeoJSON,official_download_or_api,native_machine_readable
IE-DS-4a9a118a662b0b,Roscommon County Council,54-2025,Ballyleague,Det,,53.6769776,-8.0115783,authority_supplied_polygon_centroid,site_polygon_centroid,,,,Polygon,,,https://services1.arcgis.com/0g8o874l5un2eDgz/arcgis/rest/services/DerelictSitesRegister/FeatureServer/0,2026-07-08,2026-08-08,GeoJSON,official_download_or_api,native_machine_readable
IE-DS-9172ddb29bd504,Roscommon County Council,12-2025,Ballaghaderreen,Semi D,,53.9051268,-8.5655402,authority_supplied_polygon_centroid,site_polygon_centroid,,,,Polygon,,,https://services1.arcgis.com/0g8o874l5un2eDgz/arcgis/rest/services/DerelictSitesRegister/FeatureServer/0,2026-07-08,2026-08-08,GeoJSON,official_download_or_api,native_machine_readable
IE-DS-7a13bb7e77d178,Roscommon County Council,13-2025,Bridge Street,Comm,,53.9712279,-8.302927,authority_supplied_polygon_centroid,site_polygon_centroid,,,,Polygon,,,https://services1.arcgis.com/0g8o874l5un2eDgz/arcgis/rest/services/DerelictSitesRegister/FeatureServer/0,2026-07-08,2026-08-08,GeoJSON,official_download_or_api,native_machine_readable
IE-DS-b80fd7e431e0f0,Roscommon County Council,14-2025,Main st,Comm,,53.9006225,-8.5817958,authority_supplied_polygon_centroid,site_polygon_centroid,,,,Polygon,,,https://services1.arcgis.com/0g8o874l5un2eDgz/arcgis/rest/services/DerelictSitesRegister/FeatureServer/0,2026-07-08,2026-08-08,GeoJSON,official_download_or_api,native_machine_readable
IE-DS-1667ffbdbb4693,Roscommon County Council,15-2025,Main St,Comm,,53.9003275,-8.5820094,authority_supplied_polygon_centroid,site_polygon_centroid,,,,Polygon,,,https://services1.arcgis.com/0g8o874l5un2eDgz/arcgis/rest/services/DerelictSitesRegister/FeatureServer/0,2026-07-08,2026-08-08,GeoJSON,official_download_or_api,native_machine_readable
IE-DS-cd781c0a489f17,Roscommon County Council,16-2025,Main st,Comm,,53.9007662,-8.581355,authority_supplied_polygon_centroid,site_polygon_centroid,,,,Polygon,,,https://services1.arcgis.com/0g8o874l5un2eDgz/arcgis/rest/services/DerelictSitesRegister/FeatureServer/0,2026-07-08,2026-08-08,GeoJSON,official_download_or_api,native_machine_readable
IE-DS-39e193e52a9122,Roscommon County Council,17-2025,Castle St,Comm,,53.6323239,-8.1899653,authority_supplied_polygon_centroid,site_polygon_centroid,,,,Polygon,,,https://services1.arcgis.com/0g8o874l5un2eDgz/arcgis/rest/services/DerelictSitesRegister/FeatureServer/0,2026-07-08,2026-08-08,GeoJSON,official_download_or_api,native_machine_readable
IE-DS-56291d4b65b8e3,Roscommon County Council,55-2025,Strokestown,Det,,53.7704291,-8.1187593,authority_supplied_polygon_centroid,site_polygon_centroid,,,,Polygon,,,https://services1.arcgis.com/0g8o874l5un2eDgz/arcgis/rest/services/DerelictSitesRegister/FeatureServer/0,2026-07-08,2026-08-08,GeoJSON,official_download_or_api,native_machine_readable
IE-DS-d9fefb5f2ba887,Roscommon County Council,56-2025,Frenchpark,Shed,,53.8664001,-8.4024759,authority_supplied_polygon_centroid,site_polygon_centroid,,,,Polygon,,,https://services1.arcgis.com/0g8o874l5un2eDgz/arcgis/rest/services/DerelictSitesRegister/FeatureServer/0,2026-07-08,2026-08-08,GeoJSON,official_download_or_api,native_machine_readable
IE-DS-24cbb9495c592b,Roscommon County Council,15-2023,Termonbarry,Semi D,,53.7452439,-7.9255519,authority_supplied_polygon_centroid,site_polygon_centroid,,,,Polygon,,,https://services1.arcgis.com/0g8o874l5un2eDgz/arcgis/rest/services/DerelictSitesRegister/FeatureServer/0,2026-07-08,2026-08-08,GeoJSON,official_download_or_api,native_machine_readable
IE-DS-7a81e8c8d95867,Roscommon County Council,27-2023,Pound St,Tce,,53.9024674,-8.5775788,authority_supplied_polygon_centroid,site_polygon_centroid,,,,Polygon,,,https://services1.arcgis.com/0g8o874l5un2eDgz/arcgis/rest/services/DerelictSitesRegister/FeatureServer/0,2026-07-08,2026-08-08,GeoJSON,official_download_or_api,native_machine_readable
IE-DS-e5a4b486395b10,Roscommon County Council,28-2023,Cloonfad,Det,,53.6839876,-8.7499344,authority_supplied_polygon_centroid,site_polygon_centroid,,,,Polygon,,,https://services1.arcgis.com/0g8o874l5un2eDgz/arcgis/rest/services/DerelictSitesRegister/FeatureServer/0,2026-07-08,2026-08-08,GeoJSON,official_download_or_api,native_machine_readable
IE-DS-d87eca3af70a51,Roscommon County Council,17-2022,2 Church Rd,Tce,,53.7629689,-8.4849628,authority_supplied_polygon_centroid,site_polygon_centroid,,,,Polygon,,,https://services1.arcgis.com/0g8o874l5un2eDgz/arcgis/rest/services/DerelictSitesRegister/FeatureServer/0,2026-07-08,2026-08-08,GeoJSON,official_download_or_api,native_machine_readable
IE-DS-71adbe159bf49b,Roscommon County Council,52-2022,Ballyleague,Hotel,,53.674771,-7.997036,authority_supplied_polygon_centroid,site_polygon_centroid,,,,Polygon,,,https://services1.arcgis.com/0g8o874l5un2eDgz/arcgis/rest/services/DerelictSitesRegister/FeatureServer/0,2026-07-08,2026-08-08,GeoJSON,official_download_or_api,native_machine_readable
IE-DS-de44a64111c122,Roscommon County Council,16-2022,St Patricks st,Hall,,53.7647093,-8.4883489,authority_supplied_polygon_centroid,site_polygon_centroid,,,,Polygon,,,https://services1.arcgis.com/0g8o874l5un2eDgz/arcgis/rest/services/DerelictSitesRegister/FeatureServer/0,2026-07-08,2026-08-08,GeoJSON,official_download_or_api,native_machine_readable
IE-DS-8e7abfdd42adf6,Roscommon County Council,25-2022,Ballinlough,Det,,53.7422627,-8.6365861,authority_supplied_polygon_centroid,site_polygon_centroid,,,,Polygon,,,https://services1.arcgis.com/0g8o874l5un2eDgz/arcgis/rest/services/DerelictSitesRegister/FeatureServer/0,2026-07-08,2026-08-08,GeoJSON,official_download_or_api,native_machine_readable
IE-DS-79f8529f68daa9,Roscommon County Council,51-2022,St Patrick St,Tce,,53.9733013,-8.3077494,authority_supplied_polygon_centroid,site_polygon_centroid,,,,Polygon,,,https://services1.arcgis.com/0g8o874l5un2eDgz/arcgis/rest/services/DerelictSitesRegister/FeatureServer/0,2026-07-08,2026-08-08,GeoJSON,official_download_or_api,native_machine_readable
IE-DS-50cd2f28cd354f,Roscommon County Council,47-2023,14 Antogher Rd,Det,,53.6219115,-8.1934627,authority_supplied_polygon_centroid,site_polygon_centroid,,,,Polygon,,,https://services1.arcgis.com/0g8o874l5un2eDgz/arcgis/rest/services/DerelictSitesRegister/FeatureServer/0,2026-07-08,2026-08-08,GeoJSON,official_download_or_api,native_machine_readable
IE-DS-d6828b3af0dfc8,Roscommon County Council,37-2023,25 Lisnaree,Semi D,,53.7728515,-8.1147713,authority_supplied_polygon_centroid,site_polygon_centroid,,,,MultiPolygon,,,https://services1.arcgis.com/0g8o874l5un2eDgz/arcgis/rest/services/DerelictSitesRegister/FeatureServer/0,2026-07-08,2026-08-08,GeoJSON,official_download_or_api,native_machine_readable
IE-DS-0aa8d926377c57,Roscommon County Council,54-2022,Main St Elphin,Com,,53.8453442,-8.1922467,authority_supplied_polygon_centroid,site_polygon_centroid,,,,Polygon,,,https://services1.arcgis.com/0g8o874l5un2eDgz/arcgis/rest/services/DerelictSitesRegister/FeatureServer/0,2026-07-08,2026-08-08,GeoJSON,official_download_or_api,native_machine_readable
IE-DS-ba26295257a110,Roscommon County Council,34-2023,Ballaghaderreen,Det,,53.9054522,-8.567992,authority_supplied_polygon_centroid,site_polygon_centroid,,,,Polygon,,,https://services1.arcgis.com/0g8o874l5un2eDgz/arcgis/rest/services/DerelictSitesRegister/FeatureServer/0,2026-07-08,2026-08-08,GeoJSON,official_download_or_api,native_machine_readable
IE-DS-a0c0fada74aad4,Roscommon County Council,08-2024,Loughglinn,Semi D,,53.8220397,-8.5602987,authority_supplied_polygon_centroid,site_polygon_centroid,,,,Polygon,,,https://services1.arcgis.com/0g8o874l5un2eDgz/arcgis/rest/services/DerelictSitesRegister/FeatureServer/0,2026-07-08,2026-08-08,GeoJSON,official_download_or_api,native_machine_readable
IE-DS-f6058b394a0b76,Roscommon County Council,02-2024,Glanduff,Det,,53.5191468,-8.0331461,authority_supplied_polygon_centroid,site_polygon_centroid,,,,Polygon,,,https://services1.arcgis.com/0g8o874l5un2eDgz/arcgis/rest/services/DerelictSitesRegister/FeatureServer/0,2026-07-08,2026-08-08,GeoJSON,official_download_or_api,native_machine_readable
IE-DS-c0d2b4bc9bb635,Roscommon County Council,29-2023,Bellanagare,Tce,,53.8375156,-8.382225,authority_supplied_polygon_centroid,site_polygon_centroid,,,,Polygon,,,https://services1.arcgis.com/0g8o874l5un2eDgz/arcgis/rest/services/DerelictSitesRegister/FeatureServer/0,2026-07-08,2026-08-08,GeoJSON,official_download_or_api,native_machine_readable
IE-DS-ea051f9499191f,Roscommon County Council,01-2024,Church St,Comm,,53.6291587,-8.1920077,authority_supplied_polygon_centroid,site_polygon_centroid,,,,Polygon,,,https://services1.arcgis.com/0g8o874l5un2eDgz/arcgis/rest/services/DerelictSitesRegister/FeatureServer/0,2026-07-08,2026-08-08,GeoJSON,official_download_or_api,native_machine_readable
IE-DS-1754847bb1b4e0,Roscommon County Council,46-2023,Castlerea,Det,,53.7630198,-8.4784891,authority_supplied_polygon_centroid,site_polygon_centroid,,,,Polygon,,,https://services1.arcgis.com/0g8o874l5un2eDgz/arcgis/rest/services/DerelictSitesRegister/FeatureServer/0,2026-07-08,2026-08-08,GeoJSON,official_download_or_api,native_machine_readable
IE-DS-393f8644475631,Roscommon County Council,48-2023,Ballinlough,Det,,53.7869149,-8.63029,authority_supplied_polygon_centroid,site_polygon_centroid,,,,Polygon,,,https://services1.arcgis.com/0g8o874l5un2eDgz/arcgis/rest/services/DerelictSitesRegister/FeatureServer/0,2026-07-08,2026-08-08,GeoJSON,official_download_or_api,native_machine_readable
IE-DS-156897242c2aa7,Roscommon County Council,48-2022,Main st,Det,,53.8325323,-7.9205129,authority_supplied_polygon_centroid,site_polygon_centroid,,,,Polygon,,,https://services1.arcgis.com/0g8o874l5un2eDgz/arcgis/rest/services/DerelictSitesRegister/FeatureServer/0,2026-07-08,2026-08-08,GeoJSON,official_download_or_api,native_machine_readable
IE-DS-01030f0c3e1907,Roscommon County Council,43-2023,Taughmaconnell,Det,,53.3761577,-8.1865843,authority_supplied_polygon_centroid,site_polygon_centroid,,,,Polygon,,,https://services1.arcgis.com/0g8o874l5un2eDgz/arcgis/rest/services/DerelictSitesRegister/FeatureServer/0,2026-07-08,2026-08-08,GeoJSON,official_download_or_api,native_machine_readable
IE-DS-20d9d04b6a7b3f,Roscommon County Council,05-2024,Cloontuskert,Hse,,53.6999032,-8.0139715,authority_supplied_polygon_centroid,site_polygon_centroid,,,,Polygon,,,https://services1.arcgis.com/0g8o874l5un2eDgz/arcgis/rest/services/DerelictSitesRegister/FeatureServer/0,2026-07-08,2026-08-08,GeoJSON,official_download_or_api,native_machine_readable
IE-DS-2c3bd93d9fefe3,Roscommon County Council,11-16 2024,45 to 50 Gleann,Estate,,53.9013875,-8.5728351,authority_supplied_polygon_centroid,site_polygon_centroid,,,,Polygon,,,https://services1.arcgis.com/0g8o874l5un2eDgz/arcgis/rest/services/DerelictSitesRegister/FeatureServer/0,2026-07-08,2026-08-08,GeoJSON,official_download_or_api,native_machine_readable
IE-DS-7e7df5ad2765fd,Roscommon County Council,17 18-2024,55 56 GA,Estate,,53.9012017,-8.5726044,authority_supplied_polygon_centroid,site_polygon_centroid,,,,Polygon,,,https://services1.arcgis.com/0g8o874l5un2eDgz/arcgis/rest/services/DerelictSitesRegister/FeatureServer/0,2026-07-08,2026-08-08,GeoJSON,official_download_or_api,native_machine_readable
IE-DS-0eb736b854e24b,Roscommon County Council,19-22 2024,57-60 GA,Estate,,53.9010015,-8.5726397,authority_supplied_polygon_centroid,site_polygon_centroid,,,,Polygon,,,https://services1.arcgis.com/0g8o874l5un2eDgz/arcgis/rest/services/DerelictSitesRegister/FeatureServer/0,2026-07-08,2026-08-08,GeoJSON,official_download_or_api,native_machine_readable
IE-DS-239f147117fb2c,Roscommon County Council,23 24 2024,23 24 GA,Estate,,53.9010996,-8.5739553,authority_supplied_polygon_centroid,site_polygon_centroid,,,,Polygon,,,https://services1.arcgis.com/0g8o874l5un2eDgz/arcgis/rest/services/DerelictSitesRegister/FeatureServer/0,2026-07-08,2026-08-08,GeoJSON,official_download_or_api,native_machine_readable
IE-DS-bedce9f2bbc18e,Roscommon County Council,25-2024,28 GA,Tce,,53.9011372,-8.5735341,authority_supplied_polygon_centroid,site_polygon_centroid,,,,Polygon,,,https://services1.arcgis.com/0g8o874l5un2eDgz/arcgis/rest/services/DerelictSitesRegister/FeatureServer/0,2026-07-08,2026-08-08,GeoJSON,official_download_or_api,native_machine_readable
IE-DS-2c3983d72ff038,Roscommon County Council,019-2026,Pound Street,Hse,,53.9021957,-8.5777317,authority_supplied_polygon_centroid,site_polygon_centroid,,,,Polygon,,,https://services1.arcgis.com/0g8o874l5un2eDgz/arcgis/rest/services/DerelictSitesRegister/FeatureServer/0,2026-07-08,2026-08-08,GeoJSON,official_download_or_api,native_machine_readable
IE-DS-2a295a601196de,Roscommon County Council,001-2026,Castlerea,Hse,,53.7628636,-8.487952,authority_supplied_polygon_centroid,site_polygon_centroid,,,,Polygon,,,https://services1.arcgis.com/0g8o874l5un2eDgz/arcgis/rest/services/DerelictSitesRegister/FeatureServer/0,2026-07-08,2026-08-08,GeoJSON,official_download_or_api,native_machine_readable
IE-DS-6bb9b2fc2ca125,Roscommon County Council,002-2026,Castlerea,Hse,,53.7629742,-8.4880116,authority_supplied_polygon_centroid,site_polygon_centroid,,,,Polygon,,,https://services1.arcgis.com/0g8o874l5un2eDgz/arcgis/rest/services/DerelictSitesRegister/FeatureServer/0,2026-07-08,2026-08-08,GeoJSON,official_download_or_api,native_machine_readable
IE-DS-a40495dfabef78,Roscommon County Council,003-2026,Castlerea,Hse,,53.762905,-8.4880903,authority_supplied_polygon_centroid,site_polygon_centroid,,,,Polygon,,,https://services1.arcgis.com/0g8o874l5un2eDgz/arcgis/rest/services/DerelictSitesRegister/FeatureServer/0,2026-07-08,2026-08-08,GeoJSON,official_download_or_api,native_machine_readable
IE-DS-97280bf17346c7,Roscommon County Council,004-2026,Elphin,Hse,,53.8466263,-8.1863979,authority_supplied_polygon_centroid,site_polygon_centroid,,,,Polygon,,,https://services1.arcgis.com/0g8o874l5un2eDgz/arcgis/rest/services/DerelictSitesRegister/FeatureServer/0,2026-07-08,2026-08-08,GeoJSON,official_download_or_api,native_machine_readable
IE-DS-8a1e565dbdb9ed,Roscommon County Council,005-2026,Loughglinn,Hse,,53.8230842,-8.5672463,authority_supplied_polygon_centroid,site_polygon_centroid,,,,Polygon,,,https://services1.arcgis.com/0g8o874l5un2eDgz/arcgis/rest/services/DerelictSitesRegister/FeatureServer/0,2026-07-08,2026-08-08,GeoJSON,official_download_or_api,native_machine_readable
IE-DS-5a3ad96dc6707e,Roscommon County Council,006-2026,Belrea,Hse,,53.3972038,-8.0410506,authority_supplied_polygon_centroid,site_polygon_centroid,,,,Polygon,,,https://services1.arcgis.com/0g8o874l5un2eDgz/arcgis/rest/services/DerelictSitesRegister/FeatureServer/0,2026-07-08,2026-08-08,GeoJSON,official_download_or_api,native_machine_readable
IE-DS-2c511edb79577b,Roscommon County Council,007-2026,Ballaghaderee,Hse,,53.9024591,-8.5786155,authority_supplied_polygon_centroid,site_polygon_centroid,,,,Polygon,,,https://services1.arcgis.com/0g8o874l5un2eDgz/arcgis/rest/services/DerelictSitesRegister/FeatureServer/0,2026-07-08,2026-08-08,GeoJSON,official_download_or_api,native_machine_readable
IE-DS-98ebcd214c293c,Roscommon County Council,008-2026,Roscommon,Hse,,53.6269934,-8.1942371,authority_supplied_polygon_centroid,site_polygon_centroid,,,,Polygon,,,https://services1.arcgis.com/0g8o874l5un2eDgz/arcgis/rest/services/DerelictSitesRegister/FeatureServer/0,2026-07-08,2026-08-08,GeoJSON,official_download_or_api,native_machine_readable
IE-DS-72f5355f90ebc0,Roscommon County Council,009-2026,Roscommon,Hse,,53.628972,-8.1938186,authority_supplied_polygon_centroid,site_polygon_centroid,,,,Polygon,,,https://services1.arcgis.com/0g8o874l5un2eDgz/arcgis/rest/services/DerelictSitesRegister/FeatureServer/0,2026-07-08,2026-08-08,GeoJSON,official_download_or_api,native_machine_readable
IE-DS-6ca8a87e65b649,Roscommon County Council,010-2026,Roscommon,Hse,,53.633927,-8.1896148,authority_supplied_polygon_centroid,site_polygon_centroid,,,,Polygon,,,https://services1.arcgis.com/0g8o874l5un2eDgz/arcgis/rest/services/DerelictSitesRegister/FeatureServer/0,2026-07-08,2026-08-08,GeoJSON,official_download_or_api,native_machine_readable
IE-DS-6c78037cf79ba3,Roscommon County Council,011-2026,Strokestown,Hse,,53.7767828,-8.1031918,authority_supplied_polygon_centroid,site_polygon_centroid,,,,Polygon,,,https://services1.arcgis.com/0g8o874l5un2eDgz/arcgis/rest/services/DerelictSitesRegister/FeatureServer/0,2026-07-08,2026-08-08,GeoJSON,official_download_or_api,native_machine_readable
IE-DS-00944dba4c26af,Roscommon County Council,012-2026,Tulsk,Cmrcl,,53.7789168,-8.2551563,authority_supplied_polygon_centroid,site_polygon_centroid,,,,Polygon,,,https://services1.arcgis.com/0g8o874l5un2eDgz/arcgis/rest/services/DerelictSitesRegister/FeatureServer/0,2026-07-08,2026-08-08,GeoJSON,official_download_or_api,native_machine_readable
IE-DS-760cc6ca07defe,Roscommon County Council,013-2026,Tulsk,Cmrcl,,53.7795056,-8.2547283,authority_supplied_polygon_centroid,site_polygon_centroid,,,,Polygon,,,https://services1.arcgis.com/0g8o874l5un2eDgz/arcgis/rest/services/DerelictSitesRegister/FeatureServer/0,2026-07-08,2026-08-08,GeoJSON,official_download_or_api,native_machine_readable
IE-DS-255a6cc7a242a0,Roscommon County Council,014-2026,Arigna,Hse,,54.0818647,-8.1077512,authority_supplied_polygon_centroid,site_polygon_centroid,,,,Polygon,,,https://services1.arcgis.com/0g8o874l5un2eDgz/arcgis/rest/services/DerelictSitesRegister/FeatureServer/0,2026-07-08,2026-08-08,GeoJSON,official_download_or_api,native_machine_readable
IE-DS-e35d234639ff6d,Roscommon County Council,015-2026,Roscommon,Hse,,53.6281565,-8.1892902,authority_supplied_polygon_centroid,site_polygon_centroid,,,,Polygon,,,https://services1.arcgis.com/0g8o874l5un2eDgz/arcgis/rest/services/DerelictSitesRegister/FeatureServer/0,2026-07-08,2026-08-08,GeoJSON,official_download_or_api,native_machine_readable
IE-DS-3d830584200f70,Roscommon County Council,016-2026,Roscommon,Hse,,53.6280645,-8.1892522,authority_supplied_polygon_centroid,site_polygon_centroid,,,,Polygon,,,https://services1.arcgis.com/0g8o874l5un2eDgz/arcgis/rest/services/DerelictSitesRegister/FeatureServer/0,2026-07-08,2026-08-08,GeoJSON,official_download_or_api,native_machine_readable
IE-DS-3ce54a1ba7de30,Roscommon County Council,017-2026,Loughglinn,Hse,,53.8238618,-8.5622231,authority_supplied_polygon_centroid,site_polygon_centroid,,,,Polygon,,,https://services1.arcgis.com/0g8o874l5un2eDgz/arcgis/rest/services/DerelictSitesRegister/FeatureServer/0,2026-07-08,2026-08-08,GeoJSON,official_download_or_api,native_machine_readable
IE-DS-7f83772b484b8f,Roscommon County Council,018-2026,Ballaghadereen,Hse,,53.9021244,-8.5778491,authority_supplied_polygon_centroid,site_polygon_centroid,,,,Polygon,,,https://services1.arcgis.com/0g8o874l5un2eDgz/arcgis/rest/services/DerelictSitesRegister/FeatureServer/0,2026-07-08,2026-08-08,GeoJSON,official_download_or_api,native_machine_readable
IE-DS-0764f01e24905d,Roscommon County Council,020-2026,Ballaghadereen,Hse,,53.9022524,-8.5776718,authority_supplied_polygon_centroid,site_polygon_centroid,,,,Polygon,,,https://services1.arcgis.com/0g8o874l5un2eDgz/arcgis/rest/services/DerelictSitesRegister/FeatureServer/0,2026-07-08,2026-08-08,GeoJSON,official_download_or_api,native_machine_readable
IE-DS-29e1d37b591d19,Roscommon County Council,021-2026,Ballaghadereen,Hse,,53.9022726,-8.5775541,authority_supplied_polygon_centroid,site_polygon_centroid,,,,Polygon,,,https://services1.arcgis.com/0g8o874l5un2eDgz/arcgis/rest/services/DerelictSitesRegister/FeatureServer/0,2026-07-08,2026-08-08,GeoJSON,official_download_or_api,native_machine_readable
IE-DS-f760a540b5a868,Roscommon County Council,022-2026,Ballaghadereen,Hse,,53.9027746,-8.5797267,authority_supplied_polygon_centroid,site_polygon_centroid,,,,Polygon,,,https://services1.arcgis.com/0g8o874l5un2eDgz/arcgis/rest/services/DerelictSitesRegister/FeatureServer/0,2026-07-08,2026-08-08,GeoJSON,official_download_or_api,native_machine_readable
IE-DS-9498e2a6520c94,Roscommon County Council,023-2026,Athleague,Hse,,53.5668375,-8.2544856,authority_supplied_polygon_centroid,site_polygon_centroid,,,,Polygon,,,https://services1.arcgis.com/0g8o874l5un2eDgz/arcgis/rest/services/DerelictSitesRegister/FeatureServer/0,2026-07-08,2026-08-08,GeoJSON,official_download_or_api,native_machine_readable
IE-DS-e87211eba9caba,Roscommon County Council,024-2026,Athleague,Hse,,53.5646067,-8.2479,authority_supplied_polygon_centroid,site_polygon_centroid,,,,Polygon,,,https://services1.arcgis.com/0g8o874l5un2eDgz/arcgis/rest/services/DerelictSitesRegister/FeatureServer/0,2026-07-08,2026-08-08,GeoJSON,official_download_or_api,native_machine_readable
IE-DS-b00bbe5a1e58d7,Roscommon County Council,025-2026,Ballyfarnon,Hse,,54.0733967,-8.2049658,authority_supplied_polygon_centroid,site_polygon_centroid,,,,Polygon,,,https://services1.arcgis.com/0g8o874l5un2eDgz/arcgis/rest/services/DerelictSitesRegister/FeatureServer/0,2026-07-08,2026-08-08,GeoJSON,official_download_or_api,native_machine_readable
IE-DS-573e06d6da18d3,Roscommon County Council,026-2026,Ballyfarnon,Hse,,54.0732422,-8.2050321,authority_supplied_polygon_centroid,site_polygon_centroid,,,,Polygon,,,https://services1.arcgis.com/0g8o874l5un2eDgz/arcgis/rest/services/DerelictSitesRegister/FeatureServer/0,2026-07-08,2026-08-08,GeoJSON,official_download_or_api,native_machine_readable
IE-DS-e83256384a8c99,Roscommon County Council,027-2026,Ballyfarnon,Hse,,54.0731125,-8.2051069,authority_supplied_polygon_centroid,site_polygon_centroid,,,,Polygon,,,https://services1.arcgis.com/0g8o874l5un2eDgz/arcgis/rest/services/DerelictSitesRegister/FeatureServer/0,2026-07-08,2026-08-08,GeoJSON,official_download_or_api,native_machine_readable
IE-DS-bf8e3c8e7bc11a,Roscommon County Council,028-2026,Ballaghadereen,Hse,,53.9017945,-8.580374,authority_supplied_polygon_centroid,site_polygon_centroid,,,,Polygon,,,https://services1.arcgis.com/0g8o874l5un2eDgz/arcgis/rest/services/DerelictSitesRegister/FeatureServer/0,2026-07-08,2026-08-08,GeoJSON,official_download_or_api,native_machine_readable
IE-DS-9f3d2adc256ecf,Roscommon County Council,029-2026,Ballaghadereen,Hse,,53.9017813,-8.580501,authority_supplied_polygon_centroid,site_polygon_centroid,,,,Polygon,,,https://services1.arcgis.com/0g8o874l5un2eDgz/arcgis/rest/services/DerelictSitesRegister/FeatureServer/0,2026-07-08,2026-08-08,GeoJSON,official_download_or_api,native_machine_readable
IE-DS-043452499a141f,Roscommon County Council,030-2026,Ballaghadereen,Cmrcl,,53.9014621,-8.5789557,authority_supplied_polygon_centroid,site_polygon_centroid,,,,Polygon,,,https://services1.arcgis.com/0g8o874l5un2eDgz/arcgis/rest/services/DerelictSitesRegister/FeatureServer/0,2026-07-08,2026-08-08,GeoJSON,official_download_or_api,native_machine_readable
IE-DS-7dfdf8512668dd,Roscommon County Council,031-2026,Ballaghadereen,Hse,,53.9014869,-8.5791871,authority_supplied_polygon_centroid,site_polygon_centroid,,,,Polygon,,,https://services1.arcgis.com/0g8o874l5un2eDgz/arcgis/rest/services/DerelictSitesRegister/FeatureServer/0,2026-07-08,2026-08-08,GeoJSON,official_download_or_api,native_machine_readable
IE-DS-421674743bf379,Roscommon County Council,032-2026,Bellanagare,Hse,,53.8372793,-8.3817656,authority_supplied_polygon_centroid,site_polygon_centroid,,,,Polygon,,,https://services1.arcgis.com/0g8o874l5un2eDgz/arcgis/rest/services/DerelictSitesRegister/FeatureServer/0,2026-07-08,2026-08-08,GeoJSON,official_download_or_api,native_machine_readable
IE-DS-f49eb7b8571a13,Roscommon County Council,033-2026,Ballintober,Hse,,53.7265159,-8.4165781,authority_supplied_polygon_centroid,site_polygon_centroid,,,,Polygon,,,https://services1.arcgis.com/0g8o874l5un2eDgz/arcgis/rest/services/DerelictSitesRegister/FeatureServer/0,2026-07-08,2026-08-08,GeoJSON,official_download_or_api,native_machine_readable
IE-DS-6f62066a63efdb,Roscommon County Council,034-2026,Roscommon,Hse,,53.6382296,-8.176096,authority_supplied_polygon_centroid,site_polygon_centroid,,,,Polygon,,,https://services1.arcgis.com/0g8o874l5un2eDgz/arcgis/rest/services/DerelictSitesRegister/FeatureServer/0,2026-07-08,2026-08-08,GeoJSON,official_download_or_api,native_machine_readable
IE-DS-1d63c3860f4a70,Roscommon County Council,035-2026,Castlerea,Cmrcl,,53.7671245,-8.4877649,authority_supplied_polygon_centroid,site_polygon_centroid,,,,Polygon,,,https://services1.arcgis.com/0g8o874l5un2eDgz/arcgis/rest/services/DerelictSitesRegister/FeatureServer/0,2026-07-08,2026-08-08,GeoJSON,official_download_or_api,native_machine_readable
IE-DS-b6ea666d5aed98,Roscommon County Council,036-2026,Ballinlough,Hse,,53.7417096,-8.6335346,authority_supplied_polygon_centroid,site_polygon_centroid,,,,Polygon,,,https://services1.arcgis.com/0g8o874l5un2eDgz/arcgis/rest/services/DerelictSitesRegister/FeatureServer/0,2026-07-08,2026-08-08,GeoJSON,official_download_or_api,native_machine_readable
IE-DS-d06cf42feab602,Roscommon County Council,038-2026,Ballinlough,Hse,,53.7419192,-8.6332102,authority_supplied_polygon_centroid,site_polygon_centroid,,,,Polygon,,,https://services1.arcgis.com/0g8o874l5un2eDgz/arcgis/rest/services/DerelictSitesRegister/FeatureServer/0,2026-07-08,2026-08-08,GeoJSON,official_download_or_api,native_machine_readable
IE-DS-beb6bcc2d05aff,Roscommon County Council,039-2026,Ballinlough,Hse,,53.7418413,-8.6333094,authority_supplied_polygon_centroid,site_polygon_centroid,,,,Polygon,,,https://services1.arcgis.com/0g8o874l5un2eDgz/arcgis/rest/services/DerelictSitesRegister/FeatureServer/0,2026-07-08,2026-08-08,GeoJSON,official_download_or_api,native_machine_readable
IE-DS-d9c099381cbdd9,Roscommon County Council,040-2026,Ballydangan,Hse,,53.3500492,-8.0857634,authority_supplied_polygon_centroid,site_polygon_centroid,,,,Polygon,,,https://services1.arcgis.com/0g8o874l5un2eDgz/arcgis/rest/services/DerelictSitesRegister/FeatureServer/0,2026-07-08,2026-08-08,GeoJSON,official_download_or_api,native_machine_readable
IE-DS-b7fae224ee662b,Roscommon County Council,037-2026,Ballinlough,Cmrcl,,53.7418138,-8.6333084,authority_supplied_polygon_centroid,site_polygon_centroid,,,,Polygon,,,https://services1.arcgis.com/0g8o874l5un2eDgz/arcgis/rest/services/DerelictSitesRegister/FeatureServer/0,2026-07-08,2026-08-08,GeoJSON,official_download_or_api,native_machine_readable
IE-DS-4ac7eec1c5b5be,Meath County Council,DS-1024,"Tudor Lodge, Boyne Road, Athlumney, Navan",,,53.6550307,-6.6679945,authority_supplied_polygon_centroid,site_polygon_centroid,,,,Polygon,2020-05-15,,https://services-eu1.arcgis.com/33tCl0taHHdVAN9O/arcgis/rest/services/DerelictSitesRegister/FeatureServer/0,2026-03-27,2026-08-08,GeoJSON,official_download_or_api,native_machine_readable
IE-DS-d8cef9a25ca3dc,Meath County Council,DS-1105,"1 St Finian's Terrace, Navan",,,53.6496794,-6.6850067,authority_supplied_polygon_centroid,site_polygon_centroid,,,,Polygon,2021-07-08,,https://services-eu1.arcgis.com/33tCl0taHHdVAN9O/arcgis/rest/services/DerelictSitesRegister/FeatureServer/0,2026-03-27,2026-08-08,GeoJSON,official_download_or_api,native_machine_readable
IE-DS-57a74bf43d316b,Meath County Council,DS-1059,"Balbradagh, Robinstown, C15 VP80",,C15 VP80,53.5961845,-6.727048,authority_supplied_polygon_centroid,site_polygon_centroid,,,,Polygon,2020-01-22,,https://services-eu1.arcgis.com/33tCl0taHHdVAN9O/arcgis/rest/services/DerelictSitesRegister/FeatureServer/0,2026-03-27,2026-08-08,GeoJSON,official_download_or_api,native_machine_readable
IE-DS-3522c514c86315,Meath County Council,DS-1071,"8 Tara Close, Ashbourne",,,53.5033718,-6.3985148,authority_supplied_polygon_centroid,site_polygon_centroid,,,,Polygon,2021-09-30,,https://services-eu1.arcgis.com/33tCl0taHHdVAN9O/arcgis/rest/services/DerelictSitesRegister/FeatureServer/0,2026-03-27,2026-08-08,GeoJSON,official_download_or_api,native_machine_readable
IE-DS-e808dee65f52c9,Meath County Council,DS-1044,"Joe Molloy Bookmakers, Clonee",,,53.4104149,-6.4439873,authority_supplied_polygon_centroid,site_polygon_centroid,,,,Polygon,2022-03-31,,https://services-eu1.arcgis.com/33tCl0taHHdVAN9O/arcgis/rest/services/DerelictSitesRegister/FeatureServer/0,2026-03-27,2026-08-08,GeoJSON,official_download_or_api,native_machine_readable
IE-DS-e4c7b9703f846d,Meath County Council,DS-1009,"The Steps, Emmet Street, Trim",,,53.5524258,-6.7930822,authority_supplied_polygon_centroid,site_polygon_centroid,,,,Polygon,2022-02-02,,https://services-eu1.arcgis.com/33tCl0taHHdVAN9O/arcgis/rest/services/DerelictSitesRegister/FeatureServer/0,2026-03-27,2026-08-08,GeoJSON,official_download_or_api,native_machine_readable
IE-DS-8e3ad78b761a02,Meath County Council,DS-1127,"Navan Gate, Trim",,,53.5578482,-6.7874605,authority_supplied_polygon_centroid,site_polygon_centroid,,,,Polygon,2022-05-27,,https://services-eu1.arcgis.com/33tCl0taHHdVAN9O/arcgis/rest/services/DerelictSitesRegister/FeatureServer/0,2026-03-27,2026-08-08,GeoJSON,official_download_or_api,native_machine_readable
IE-DS-1682ce98510094,Meath County Council,DA/DS/01/2017,"Old Mill Hotel, Julianstown.",,,53.670951,-6.284805,authority_supplied_polygon_centroid,site_polygon_centroid,,,,Polygon,2018-03-23,,https://services-eu1.arcgis.com/33tCl0taHHdVAN9O/arcgis/rest/services/DerelictSitesRegister/FeatureServer/0,2026-03-27,2026-08-08,GeoJSON,official_download_or_api,native_machine_readable
IE-DS-fbfbcca33b9bad,Meath County Council,KT/DS/35a/2007,"Church Hill, Kells, Co. Meath",,,53.7281163,-6.8798205,authority_supplied_polygon_centroid,site_polygon_centroid,,,,Polygon,2010-04-30,,https://services-eu1.arcgis.com/33tCl0taHHdVAN9O/arcgis/rest/services/DerelictSitesRegister/FeatureServer/0,2026-03-27,2026-08-08,GeoJSON,official_download_or_api,native_machine_readable
IE-DS-890ac9f9cd2ef9,Meath County Council,KT/DS/35/2007,"Church Hill, Kells, Co. Meath",,,53.7280822,-6.8796115,authority_supplied_polygon_centroid,site_polygon_centroid,,,,Polygon,2010-04-30,,https://services-eu1.arcgis.com/33tCl0taHHdVAN9O/arcgis/rest/services/DerelictSitesRegister/FeatureServer/0,2026-03-27,2026-08-08,GeoJSON,official_download_or_api,native_machine_readable
IE-DS-a48bb48a3bee5a,Meath County Council,KT/DS/05/2007,"Maudlin Street, Kells, Co. Meath",,,53.7295584,-6.8753089,authority_supplied_polygon_centroid,site_polygon_centroid,,,,Polygon,2010-04-30,,https://services-eu1.arcgis.com/33tCl0taHHdVAN9O/arcgis/rest/services/DerelictSitesRegister/FeatureServer/0,2026-03-27,2026-08-08,GeoJSON,official_download_or_api,native_machine_readable
IE-DS-ef45ef869a064c,Meath County Council,DS-1047,"Church Lane, Duleek",,,53.6567272,-6.4180904,authority_supplied_polygon_centroid,site_polygon_centroid,,,,Polygon,2020-11-03,,https://services-eu1.arcgis.com/33tCl0taHHdVAN9O/arcgis/rest/services/DerelictSitesRegister/FeatureServer/0,2026-03-27,2026-08-08,GeoJSON,official_download_or_api,native_machine_readable
IE-DS-ace689a11bf8d7,Meath County Council,DS-1078,"Main Street, Dunshaughlin",,,53.5136254,-6.540848,authority_supplied_polygon_centroid,site_polygon_centroid,,,,Polygon,2021-01-07,,https://services-eu1.arcgis.com/33tCl0taHHdVAN9O/arcgis/rest/services/DerelictSitesRegister/FeatureServer/0,2026-03-27,2026-08-08,GeoJSON,official_download_or_api,native_machine_readable
IE-DS-1f513e4a196851,Meath County Council,DS-1081A,"Doyle’s Garage, Drumconrath",,,53.849583,-6.6522372,authority_supplied_polygon_centroid,site_polygon_centroid,,,,Polygon,2022-07-28,,https://services-eu1.arcgis.com/33tCl0taHHdVAN9O/arcgis/rest/services/DerelictSitesRegister/FeatureServer/0,2026-03-27,2026-08-08,GeoJSON,official_download_or_api,native_machine_readable
IE-DS-677330f13a54a3,Meath County Council,DS-1081B,"Detached Dwelling at Doyle’s Garage, Drumconrath",,,53.8494539,-6.6534146,authority_supplied_polygon_centroid,site_polygon_centroid,,,,Polygon,2022-07-28,,https://services-eu1.arcgis.com/33tCl0taHHdVAN9O/arcgis/rest/services/DerelictSitesRegister/FeatureServer/0,2026-03-27,2026-08-08,GeoJSON,official_download_or_api,native_machine_readable
IE-DS-cc9351fa29bce4,Meath County Council,DS-1072,"Unfinished Medical Centre, Connaught St,Athboy",,,53.6223994,-6.9234387,authority_supplied_polygon_centroid,site_polygon_centroid,,,,Polygon,2021-10-12,,https://services-eu1.arcgis.com/33tCl0taHHdVAN9O/arcgis/rest/services/DerelictSitesRegister/FeatureServer/0,2026-03-27,2026-08-08,GeoJSON,official_download_or_api,native_machine_readable
IE-DS-63ccf9db919497,Meath County Council,DS-1036,"New Lane Cottages, Abbeylands, Navan",,,53.6573605,-6.6825411,authority_supplied_polygon_centroid,site_polygon_centroid,,,,Polygon,2021-02-04,,https://services-eu1.arcgis.com/33tCl0taHHdVAN9O/arcgis/rest/services/DerelictSitesRegister/FeatureServer/0,2026-03-27,2026-08-08,GeoJSON,official_download_or_api,native_machine_readable
IE-DS-5edb15005f9d85,Meath County Council,DS-1103,"Main St, Longwood (Across from Antique)",,,53.4554161,-6.9247494,authority_supplied_polygon_centroid,site_polygon_centroid,,,,Polygon,2022-04-26,,https://services-eu1.arcgis.com/33tCl0taHHdVAN9O/arcgis/rest/services/DerelictSitesRegister/FeatureServer/0,2026-03-27,2026-08-08,GeoJSON,official_download_or_api,native_machine_readable
IE-DS-3d27bb2c87a3d6,Meath County Council,DS-1117,Kiltale,,,53.525845,-6.6725039,authority_supplied_polygon_centroid,site_polygon_centroid,,,,Polygon,2022-12-15,,https://services-eu1.arcgis.com/33tCl0taHHdVAN9O/arcgis/rest/services/DerelictSitesRegister/FeatureServer/0,2026-03-27,2026-08-08,GeoJSON,official_download_or_api,native_machine_readable
IE-DS-648891ba8507ce,Meath County Council,DS-1014,"2 Ivy Cottages, Abbeylands, Navan",,,53.657159,-6.6826888,authority_supplied_polygon_centroid,site_polygon_centroid,,,,Polygon,2023-03-23,,https://services-eu1.arcgis.com/33tCl0taHHdVAN9O/arcgis/rest/services/DerelictSitesRegister/FeatureServer/0,2026-03-27,2026-08-08,GeoJSON,official_download_or_api,native_machine_readable
IE-DS-eee9f9aaf3fa70,Meath County Council,DS-1148,"The Cock Tavern, Gormanstown",,,53.6413433,-6.2362916,authority_supplied_polygon_centroid,site_polygon_centroid,,,,Polygon,2023-09-08,,https://services-eu1.arcgis.com/33tCl0taHHdVAN9O/arcgis/rest/services/DerelictSitesRegister/FeatureServer/0,2026-03-27,2026-08-08,GeoJSON,official_download_or_api,native_machine_readable
IE-DS-1bc3a0553b324c,Meath County Council,DS-1077,"Dreminstown, Rathkenny, Co. Meath,C15N227",,C15 N227,53.7530323,-6.6412494,authority_supplied_polygon_centroid,site_polygon_centroid,,,,Polygon,2024-06-04,,https://services-eu1.arcgis.com/33tCl0taHHdVAN9O/arcgis/rest/services/DerelictSitesRegister/FeatureServer/0,2026-03-27,2026-08-08,GeoJSON,official_download_or_api,native_machine_readable
IE-DS-99c203268e7825,Meath County Council,DS-1157,"Rathdrinagh, Beauparc, Navan, Co. Meath, C15 K3C3",,C15 K3C3,53.6529091,-6.5195987,authority_supplied_polygon_centroid,site_polygon_centroid,,,,Polygon,2024-06-14,,https://services-eu1.arcgis.com/33tCl0taHHdVAN9O/arcgis/rest/services/DerelictSitesRegister/FeatureServer/0,2026-03-27,2026-08-08,GeoJSON,official_download_or_api,native_machine_readable
IE-DS-b5eb5768ef6056,Meath County Council,DS-1153,"Matthews Lane, Lagavooren, Drogheda",,,53.6985584,-6.3662998,authority_supplied_polygon_centroid,site_polygon_centroid,,,,Polygon,2024-04-25,,https://services-eu1.arcgis.com/33tCl0taHHdVAN9O/arcgis/rest/services/DerelictSitesRegister/FeatureServer/0,2026-03-27,2026-08-08,GeoJSON,official_download_or_api,native_machine_readable
IE-DS-d1f267225245b9,Meath County Council,DS-1166,"Circular Road, Kells",,,53.7283124,-6.8834567,authority_supplied_polygon_centroid,site_polygon_centroid,,,,Polygon,2024-08-22,,https://services-eu1.arcgis.com/33tCl0taHHdVAN9O/arcgis/rest/services/DerelictSitesRegister/FeatureServer/0,2026-03-27,2026-08-08,GeoJSON,official_download_or_api,native_machine_readable
IE-DS-61262e0b6d462d,Meath County Council,DS-1172,"Ardbraccan, Navan",,,53.6574332,-6.7482361,authority_supplied_polygon_centroid,site_polygon_centroid,,,,Polygon,2024-08-26,,https://services-eu1.arcgis.com/33tCl0taHHdVAN9O/arcgis/rest/services/DerelictSitesRegister/FeatureServer/0,2026-03-27,2026-08-08,GeoJSON,official_download_or_api,native_machine_readable
IE-DS-60ac5122328e88,Meath County Council,DS-1156,"131 Troytown Heights, Navan",,,53.6660612,-6.6807117,authority_supplied_polygon_centroid,site_polygon_centroid,,,,Polygon,2024-09-26,,https://services-eu1.arcgis.com/33tCl0taHHdVAN9O/arcgis/rest/services/DerelictSitesRegister/FeatureServer/0,2026-03-27,2026-08-08,GeoJSON,official_download_or_api,native_machine_readable
IE-DS-d761d8d7255299,Meath County Council,DS-1179,"18 Mornington Green, Trim, Co Meath, C15 KC90",,C15 KC90,53.5484453,-6.7894274,authority_supplied_polygon_centroid,site_polygon_centroid,,,,Polygon,2025-03-14,,https://services-eu1.arcgis.com/33tCl0taHHdVAN9O/arcgis/rest/services/DerelictSitesRegister/FeatureServer/0,2026-03-27,2026-08-08,GeoJSON,official_download_or_api,native_machine_readable
IE-DS-87e8f63cab16f8,Meath County Council,DS-1002,"16 Haggard Street, Trim",,,53.5590318,-6.7889269,authority_supplied_polygon_centroid,site_polygon_centroid,,,,Polygon,2019-08-29,,https://services-eu1.arcgis.com/33tCl0taHHdVAN9O/arcgis/rest/services/DerelictSitesRegister/FeatureServer/0,2026-03-27,2026-08-08,GeoJSON,official_download_or_api,native_machine_readable
IE-DS-0f74b04c99bd0d,Meath County Council,DS-1001,"15 Haggard Street, Trim",,,53.5589478,-6.7889277,authority_supplied_polygon_centroid,site_polygon_centroid,,,,Polygon,2019-08-29,,https://services-eu1.arcgis.com/33tCl0taHHdVAN9O/arcgis/rest/services/DerelictSitesRegister/FeatureServer/0,2026-03-27,2026-08-08,GeoJSON,official_download_or_api,native_machine_readable
IE-DS-1291a07b8dde35,Meath County Council,DS-1115,"Lower Bridge St, Athboy (Beside Garda Station)",,,53.6239707,-6.9158078,authority_supplied_polygon_centroid,site_polygon_centroid,,,,Polygon,2025-05-01,,https://services-eu1.arcgis.com/33tCl0taHHdVAN9O/arcgis/rest/services/DerelictSitesRegister/FeatureServer/0,2026-03-27,2026-08-08,GeoJSON,official_download_or_api,native_machine_readable
IE-DS-89f1e2290f2e5b,Meath County Council,DS-1185,"Bridge St, Navan",,,53.6511519,-6.6832884,authority_supplied_polygon_centroid,site_polygon_centroid,,,,Polygon,2025-06-13,,https://services-eu1.arcgis.com/33tCl0taHHdVAN9O/arcgis/rest/services/DerelictSitesRegister/FeatureServer/0,2026-03-27,2026-08-08,GeoJSON,official_download_or_api,native_machine_readable
IE-DS-6cf3917c0332f3,Meath County Council,DS-1126,"Ryan's Pub, Mainstreet, Ratoath(A85AV91)",,A85 AV91,53.5070565,-6.4596621,authority_supplied_polygon_centroid,site_polygon_centroid,,,,Polygon,2025-06-27,,https://services-eu1.arcgis.com/33tCl0taHHdVAN9O/arcgis/rest/services/DerelictSitesRegister/FeatureServer/0,2026-03-27,2026-08-08,GeoJSON,official_download_or_api,native_machine_readable
IE-DS-2ff4dc7a756108,Meath County Council,DS-1189,"Rathmolyon Hall, Enfield Rd, Rathmolyon, Co.Meath",,,53.4870458,-6.8026769,authority_supplied_polygon_centroid,site_polygon_centroid,,,,Polygon,2025-11-19,,https://services-eu1.arcgis.com/33tCl0taHHdVAN9O/arcgis/rest/services/DerelictSitesRegister/FeatureServer/0,2026-03-27,2026-08-08,GeoJSON,official_download_or_api,native_machine_readable
IE-DS-69023897a76016,Meath County Council,DS-1165,"Kenlis Place, Kells, Co. Meath-Two storey attachced property consisting of both Eircodes (A82X3R8 & A82A3Y9).",,A82 X3R8,53.7262377,-6.876073,authority_supplied_polygon_centroid,site_polygon_centroid,,,,Polygon,2026-01-07,,https://services-eu1.arcgis.com/33tCl0taHHdVAN9O/arcgis/rest/services/DerelictSitesRegister/FeatureServer/0,2026-03-27,2026-08-08,GeoJSON,official_download_or_api,native_machine_readable
IE-DS-48603213477f97,South Dublin County Council,1734,"Capri' Bungalow, Whitechurch Road, Rathfarnham, Dublin 16",,,,,not_available,not_available,,,,,2014-07-29,750000,https://data.smartdublin.ie/dataset/derelict-sites-register-sdcc1,2026-05-28,2026-08-08,GeoJSON/CSV,official_download_or_api,native_machine_readable
IE-DS-3b887ffcacd34d,South Dublin County Council,1317A,"Ballyroan House Lodge, Ballyboden Road, Rathfarnham, Dublin 16",,,,,not_available,not_available,,,,,2014-11-04,225000,https://data.smartdublin.ie/dataset/derelict-sites-register-sdcc1,2026-05-28,2026-08-08,GeoJSON/CSV,official_download_or_api,native_machine_readable
IE-DS-b7bfcaed77e266,South Dublin County Council,1726,"38 Russell Crescent, Jobstown, Tallaght, Dublin 24 D24 NN82",,D24 NN82,53.283,-6.404,authority_supplied_point,site_point,-6.404,53.283,EPSG:4326,,2015-02-16,145000,https://data.smartdublin.ie/dataset/derelict-sites-register-sdcc1,2026-05-28,2026-08-08,GeoJSON/CSV,official_download_or_api,native_machine_readable
IE-DS-90e470c41e1ebd,South Dublin County Council,1701,"35 Wheatfield Road, Palmerstown, D.20 D20 Y489",,D20 Y489,53.35,-6.374,authority_supplied_point,site_point,-6.374,53.35,EPSG:4326,,2016-08-15,315000,https://data.smartdublin.ie/dataset/derelict-sites-register-sdcc1,2026-05-28,2026-08-08,GeoJSON/CSV,official_download_or_api,native_machine_readable
IE-DS-6e845213c76f0d,South Dublin County Council,1825,"61 Swiftbrook Drive, Tallaght, Dublin 24 D24 A9C8",,D24 A9C8,53.284,-6.404,authority_supplied_point,site_point,-6.404,53.284,EPSG:4326,,2018-03-16,220000,https://data.smartdublin.ie/dataset/derelict-sites-register-sdcc1,2026-05-28,2026-08-08,GeoJSON/CSV,official_download_or_api,native_machine_readable
IE-DS-5d7707f81d914d,South Dublin County Council,1842,"11 Grange View Grove, Clondalkin, Dublin 22 D22 PY52",,D22 PY52,53.327,-6.431,authority_supplied_point,site_point,-6.431,53.327,EPSG:4326,,2023-05-31,260000,https://data.smartdublin.ie/dataset/derelict-sites-register-sdcc1,2026-05-28,2026-08-08,GeoJSON/CSV,official_download_or_api,native_machine_readable
IE-DS-79b7d3cbcafa99,South Dublin County Council,1973,"76 Allenton Drive, Tallaght, Dublin 24 D24 XD4R",,D24 XD4R,53.272,-6.355,authority_supplied_point,site_point,-6.355,53.272,EPSG:4326,,2023-06-22,260000,https://data.smartdublin.ie/dataset/derelict-sites-register-sdcc1,2026-05-28,2026-08-08,GeoJSON/CSV,official_download_or_api,native_machine_readable
IE-DS-e16f6d5f7d721a,South Dublin County Council,1818,"11 Turret Road, Palmerstown, Dublin 20 D20 HN56",,D20 HN56,53.353,-6.37,authority_supplied_point,site_point,-6.37,53.353,EPSG:4326,,2023-08-10,250000,https://data.smartdublin.ie/dataset/derelict-sites-register-sdcc1,2026-05-28,2026-08-08,GeoJSON/CSV,official_download_or_api,native_machine_readable
IE-DS-2490036c89e941,South Dublin County Council,1959,"6 Barton Road West. Rathfarnham, Dublin 14. D14 XF85",,D14 XF85,53.287,-6.282,authority_supplied_point,site_point,-6.282,53.287,EPSG:4326,,2023-12-13,500000,https://data.smartdublin.ie/dataset/derelict-sites-register-sdcc1,2026-05-28,2026-08-08,GeoJSON/CSV,official_download_or_api,native_machine_readable
IE-DS-371a3e681dd5a1,South Dublin County Council,1988,"Coolfan House, Robinhood Road, Dublin 22 D22 VP71",,D22 VP71,53.32,-6.353,authority_supplied_point,site_point,-6.353,53.32,EPSG:4326,,2024-01-17,250000,https://data.smartdublin.ie/dataset/derelict-sites-register-sdcc1,2026-05-28,2026-08-08,GeoJSON/CSV,official_download_or_api,native_machine_readable
IE-DS-ca47572aae7111,South Dublin County Council,1989,"Derelict House (Beside Coolfan House), Robinhood Road, Dublin 22.",,,,,not_available,not_available,,,,,2024-01-17,125000,https://data.smartdublin.ie/dataset/derelict-sites-register-sdcc1,2026-05-28,2026-08-08,GeoJSON/CSV,official_download_or_api,native_machine_readable
IE-DS-3618dd8f1c9a23,South Dublin County Council,1864,"19 Páirc Mhúire, Saggart, Co. Dublin D24 W890",,D24 W890,53.279,-6.443,authority_supplied_point,site_point,-6.443,53.279,EPSG:4326,,2024-05-07,270000,https://data.smartdublin.ie/dataset/derelict-sites-register-sdcc1,2026-05-28,2026-08-08,GeoJSON/CSV,official_download_or_api,native_machine_readable
IE-DS-2f078dc60a4e13,South Dublin County Council,1864A,"20 Páirc Mhúire, Saggart, Co. Dublin D24 W504",,D24 W504,53.279,-6.443,authority_supplied_point,site_point,-6.443,53.279,EPSG:4326,,2024-05-07,250000,https://data.smartdublin.ie/dataset/derelict-sites-register-sdcc1,2026-05-28,2026-08-08,GeoJSON/CSV,official_download_or_api,native_machine_readable
IE-DS-e434e208d731da,South Dublin County Council,1833,"12 Greentrees Road, Walkinstown, Dublin 12 D12 HW95",,D12 HW95,53.307,-6.322,authority_supplied_point,site_point,-6.322,53.307,EPSG:4326,,2024-08-28,475000,https://data.smartdublin.ie/dataset/derelict-sites-register-sdcc1,2026-05-28,2026-08-08,GeoJSON/CSV,official_download_or_api,native_machine_readable
IE-DS-4ecd5466b98545,South Dublin County Council,2024,"Site at Long Acre, School Road, Rathcoole, Co. Dublin, D24 AY26",,D24 AY26,53.28,-6.479,authority_supplied_point,site_point,-6.479,53.28,EPSG:4326,,2024-09-10,550000,https://data.smartdublin.ie/dataset/derelict-sites-register-sdcc1,2026-05-28,2026-08-08,GeoJSON/CSV,official_download_or_api,native_machine_readable
IE-DS-4ce2ca639d8357,South Dublin County Council,1940,"Sites at 10 & 11 Old Bawn Road, Tallaght, Dublin 24 D24 PF6W",,D24 PF6W,53.283,-6.36,authority_supplied_point,site_point,-6.36,53.283,EPSG:4326,,2024-10-02,475000,https://data.smartdublin.ie/dataset/derelict-sites-register-sdcc1,2026-05-28,2026-08-08,GeoJSON/CSV,official_download_or_api,native_machine_readable
IE-DS-194d9cc15416a3,South Dublin County Council,2006,"5 Mountdown Drive, Manor Estate, Dublin 12 D12 XE30",,D12 XE30,53.307,-6.325,authority_supplied_point,site_point,-6.325,53.307,EPSG:4326,,2024-10-29,400000,https://data.smartdublin.ie/dataset/derelict-sites-register-sdcc1,2026-05-28,2026-08-08,GeoJSON/CSV,official_download_or_api,native_machine_readable
IE-DS-8c8cfcc9d748b1,South Dublin County Council,1185,"53 Marian Crescent, Rathfarnham, Dublin 16 D14 X8C4",,D14 X8C4,53.292,-6.302,authority_supplied_point,site_point,-6.302,53.292,EPSG:4326,,2024-10-30,520000,https://data.smartdublin.ie/dataset/derelict-sites-register-sdcc1,2026-05-28,2026-08-08,GeoJSON/CSV,official_download_or_api,native_machine_readable
IE-DS-e822e1a34f1e74,South Dublin County Council,1886,"3 Derelict Houses on Main Street, Rathcoole, Co Dublin",,,,,not_available,not_available,,,,,2025-02-19,280000,https://data.smartdublin.ie/dataset/derelict-sites-register-sdcc1,2026-05-28,2026-08-08,GeoJSON/CSV,official_download_or_api,native_machine_readable
IE-DS-8d102fa4f7aad3,South Dublin County Council,1991,"Derelict Site to Main Street, Rathcoole, Co Dublin",,,,,not_available,not_available,,,,,2025-06-16,,https://data.smartdublin.ie/dataset/derelict-sites-register-sdcc1,2026-05-28,2026-08-08,GeoJSON/CSV,official_download_or_api,native_machine_readable
IE-DS-48703a3d40437d,South Dublin County Council,1631,"2 Cottages, Main Street, Rathcoole, Co Dublin",,,,,not_available,not_available,,,,,2025-09-26,,https://data.smartdublin.ie/dataset/derelict-sites-register-sdcc1,2026-05-28,2026-08-08,GeoJSON/CSV,official_download_or_api,native_machine_readable
IE-DS-64c254b07d51d2,South Dublin County Council,2046,"1 St Brendan's Crescent, Greenhills, Dublin 12 D12 A4X2",,D12 A4X2,53.312,-6.336,authority_supplied_point,site_point,-6.336,53.312,EPSG:4326,,2025-10-23,,https://data.smartdublin.ie/dataset/derelict-sites-register-sdcc1,2026-05-28,2026-08-08,GeoJSON/CSV,official_download_or_api,native_machine_readable
IE-DS-12dfc58191c80a,South Dublin County Council,2039,"Edmondstown Mills, Edmondstown Road, Rathfarnham, Dublin 16 D16 H599",,D16 H599,53.272,-6.299,authority_supplied_point,site_point,-6.299,53.272,EPSG:4326,,2026-01-22,,https://data.smartdublin.ie/dataset/derelict-sites-register-sdcc1,2026-05-28,2026-08-08,GeoJSON/CSV,official_download_or_api,native_machine_readable
IE-DS-d7606450c3909f,South Dublin County Council,1715,"Riverside House, Old Nangor Road, Clondalkin, Dublin 22 D22 KT20",,D22 KT20,53.323,-6.397,authority_supplied_point,site_point,-6.397,53.323,EPSG:4326,,2026-01-22,,https://data.smartdublin.ie/dataset/derelict-sites-register-sdcc1,2026-05-28,2026-08-08,GeoJSON/CSV,official_download_or_api,native_machine_readable
IE-DS-921ac014d09b28,South Dublin County Council,1978,"53 Glenview Park,, Tallaght, Dublin 24 D24A2KP",,D24 A2KP,53.28918,-6.34305,authority_supplied_point,site_point,-6.34305,53.28918,EPSG:4326,,2026-03-05,,https://data.smartdublin.ie/dataset/derelict-sites-register-sdcc1,2026-05-28,2026-08-08,GeoJSON/CSV,official_download_or_api,native_machine_readable
IE-DS-86192d019733c0,Fingal County Council,DS 19.16,"Site at Innisfree, Jugback Lane, Swords, Co Dublin",,,,,not_available,not_available,,,,,2021-05-25,,https://www.arcgis.com/sharing/rest/content/items/fe858e96a06546e4ad49b168a8417034/data,2026-08-07,2026-08-08,CSV,official_download,native_machine_readable
IE-DS-6bf8005ab43c8c,Fingal County Council,DS 19.03,"6, 8, 8A, 10 & 12 Bridge Street, Balbriggan, Co Dublin",,,,,not_available,not_available,,,,,2019-10-04,,https://www.arcgis.com/sharing/rest/content/items/fe858e96a06546e4ad49b168a8417034/data,2026-08-07,2026-08-08,CSV,official_download,native_machine_readable
IE-DS-804461bd403576,Fingal County Council,DS 21.13,"30 Lawless Terrace, Balbriggan, Co Dublin",,,,,not_available,not_available,,,,,2024-05-03,215000,https://www.arcgis.com/sharing/rest/content/items/fe858e96a06546e4ad49b168a8417034/data,2026-08-07,2026-08-08,CSV,official_download,native_machine_readable
IE-DS-65fac8a222b1a9,Fingal County Council,DS 24.13,"9 St Georges Square, Balbriggan, Co Dublin",,,,,not_available,not_available,,,,,2024-10-04,320000,https://www.arcgis.com/sharing/rest/content/items/fe858e96a06546e4ad49b168a8417034/data,2026-08-07,2026-08-08,CSV,official_download,native_machine_readable
IE-DS-5e940ee9e19ddd,Fingal County Council,DS 24.31,"13 & 15 Bridge St, Balbriggan, Co Dublin",,,,,not_available,not_available,,,,,2024-10-04,440000,https://www.arcgis.com/sharing/rest/content/items/fe858e96a06546e4ad49b168a8417034/data,2026-08-07,2026-08-08,CSV,official_download,native_machine_readable
IE-DS-ddf96d4112cf01,Fingal County Council,DS 24.04,"34 Thomas Hand Street, Skerries, Co Dublin",,,,,not_available,not_available,,,,,2024-11-08,80000,https://www.arcgis.com/sharing/rest/content/items/fe858e96a06546e4ad49b168a8417034/data,2026-08-07,2026-08-08,CSV,official_download,native_machine_readable
IE-DS-7fa5ad1d7dcfd3,Fingal County Council,DS 23.25,"Tesco Site, The Mall, Balbriggan",,,,,not_available,not_available,,,,,2024-12-12,2300000,https://www.arcgis.com/sharing/rest/content/items/fe858e96a06546e4ad49b168a8417034/data,2026-08-07,2026-08-08,CSV,official_download,native_machine_readable
IE-DS-dd630cc9e35e6c,Fingal County Council,DS 17.12B,"Site 1A, The Nurseries, Mulhuddart, Dublin 15",,,,,not_available,not_available,,,,,2021-06-21,130000,https://www.arcgis.com/sharing/rest/content/items/fe858e96a06546e4ad49b168a8417034/data,2026-08-07,2026-08-08,CSV,official_download,native_machine_readable
IE-DS-bb4ab5b1606147,Fingal County Council,DS 19.02,"17 Myra Manor, Malahide, Co Dublin",,,,,not_available,not_available,,,,,2024-05-03,850000,https://www.arcgis.com/sharing/rest/content/items/fe858e96a06546e4ad49b168a8417034/data,2026-08-07,2026-08-08,CSV,official_download,native_machine_readable
IE-DS-a5ac4ca3e066e2,Fingal County Council,DS 14.25A,"Site Upper Main St, No 12, 14, 14A, 16, 18, 20, Rush",,,,,not_available,not_available,,,,,2019-06-12,1400000,https://www.arcgis.com/sharing/rest/content/items/fe858e96a06546e4ad49b168a8417034/data,2026-08-07,2026-08-08,CSV,official_download,native_machine_readable
IE-DS-a67a2174aeee6f,Fingal County Council,DS 20.03,"70 Main Street, Swords, Co Dublin",,,,,not_available,not_available,,,,,2024-04-19,450000,https://www.arcgis.com/sharing/rest/content/items/fe858e96a06546e4ad49b168a8417034/data,2026-08-07,2026-08-08,CSV,official_download,native_machine_readable
IE-DS-f66a1a94f616c6,Fingal County Council,DS 14.20A,"Site adjacent to 31 Carlton Court, Swords, Co Dublin",,,,,not_available,not_available,,,,,2024-05-17,2100,https://www.arcgis.com/sharing/rest/content/items/fe858e96a06546e4ad49b168a8417034/data,2026-08-07,2026-08-08,CSV,official_download,native_machine_readable
IE-DS-abe11488cf4b32,Fingal County Council,DS 23.24,"10 Old Hayestown, Rush, Co Dublin",,,,,not_available,not_available,,,,,2025-02-21,270000,https://www.arcgis.com/sharing/rest/content/items/fe858e96a06546e4ad49b168a8417034/data,2026-08-07,2026-08-08,CSV,official_download,native_machine_readable
IE-DS-b39dc47fe9d759,Fingal County Council,DS 24.09,Georges Court (behind 8-10 Drogheda St) Balbriggan,,,,,not_available,not_available,,,,,2025-02-21,240000,https://www.arcgis.com/sharing/rest/content/items/fe858e96a06546e4ad49b168a8417034/data,2026-08-07,2026-08-08,CSV,official_download,native_machine_readable
IE-DS-05e49a25291202,Fingal County Council,DS 24.07,"Main Street, Lusk (house to left of Costcutters)",,,,,not_available,not_available,,,,,2025-03-05,130000,https://www.arcgis.com/sharing/rest/content/items/fe858e96a06546e4ad49b168a8417034/data,2026-08-07,2026-08-08,CSV,official_download,native_machine_readable
IE-DS-38824f04173a9e,Fingal County Council,DS 24.19,"11 Bridge Street, Balbriggan, Co Dublin",,,,,not_available,not_available,,,,,2025-03-07,220000,https://www.arcgis.com/sharing/rest/content/items/fe858e96a06546e4ad49b168a8417034/data,2026-08-07,2026-08-08,CSV,official_download,native_machine_readable
IE-DS-93d051cdde790c,Fingal County Council,DS 24.75,"17 Brega, Balbriggan, Co Dublin",,,,,not_available,not_available,,,,,2025-03-07,250000,https://www.arcgis.com/sharing/rest/content/items/fe858e96a06546e4ad49b168a8417034/data,2026-08-07,2026-08-08,CSV,official_download,native_machine_readable
IE-DS-32ff2fd7fa56ac,Fingal County Council,DS 24.81,"Ballymun Villa, Charter House Hill, Ballymun Road",,,,,not_available,not_available,,,,,2025-05-09,100000,https://www.arcgis.com/sharing/rest/content/items/fe858e96a06546e4ad49b168a8417034/data,2026-08-07,2026-08-08,CSV,official_download,native_machine_readable
IE-DS-3350026d69326a,Fingal County Council,DS 25.05,"Allendale House, Clonsilla Road, Dublin 15",,,,,not_available,not_available,,,,,2025-06-23,150000,https://www.arcgis.com/sharing/rest/content/items/fe858e96a06546e4ad49b168a8417034/data,2026-08-07,2026-08-08,CSV,official_download,native_machine_readable
IE-DS-20b00b16e58fff,Fingal County Council,DS 23.46,"6 Sandy Road, Rush, Co Dublin",,,,,not_available,not_available,,,,,2025-06-23,100000,https://www.arcgis.com/sharing/rest/content/items/fe858e96a06546e4ad49b168a8417034/data,2026-08-07,2026-08-08,CSV,official_download,native_machine_readable
IE-DS-39bcd39e072e30,Fingal County Council,DS 24.62,"St Maur's Hall, Rush, Co Dublin",,,,,not_available,not_available,,,,,2025-07-11,240000,https://www.arcgis.com/sharing/rest/content/items/fe858e96a06546e4ad49b168a8417034/data,2026-08-07,2026-08-08,CSV,official_download,native_machine_readable
IE-DS-17bf7b6dcbc4f6,Fingal County Council,DS 24.79,"Station Masters House, Balbriggan, Co Dublin",,,,,not_available,not_available,,,,,2025-09-19,150000,https://www.arcgis.com/sharing/rest/content/items/fe858e96a06546e4ad49b168a8417034/data,2026-08-07,2026-08-08,CSV,official_download,native_machine_readable
IE-DS-eda0b8241dde1f,Fingal County Council,DS 24.47,"70 Tara Court, Balbriggan, Co Dublin",,,,,not_available,not_available,,,,,2025-12-02,300000,https://www.arcgis.com/sharing/rest/content/items/fe858e96a06546e4ad49b168a8417034/data,2026-08-07,2026-08-08,CSV,official_download,native_machine_readable
IE-DS-c651fb7a36decd,Fingal County Council,DS 23.03,"89 Lower Main Street, Rush, Co Dublin",,,,,not_available,not_available,,,,,2026-01-23,175000,https://www.arcgis.com/sharing/rest/content/items/fe858e96a06546e4ad49b168a8417034/data,2026-08-07,2026-08-08,CSV,official_download,native_machine_readable
IE-DS-9d35ffb110d872,Fingal County Council,DS 25.116,"13 Dunsoughly Avenue, Finglas",,,,,not_available,not_available,,,,,2026-02-20,,https://www.arcgis.com/sharing/rest/content/items/fe858e96a06546e4ad49b168a8417034/data,2026-08-07,2026-08-08,CSV,official_download,native_machine_readable
IE-DS-c84e32bf6be8e0,Fingal County Council,DS 21.16,"Site adjacent to Nursing Home, Heathfield, Cappagh, Dublin 11",,,,,not_available,not_available,,,,,2026-04-14,,https://www.arcgis.com/sharing/rest/content/items/fe858e96a06546e4ad49b168a8417034/data,2026-08-07,2026-08-08,CSV,official_download,native_machine_readable
IE-DS-76f735b586e5d8,Fingal County Council,DS File Reference,Site Address,,,,,not_available,not_available,,,,,8 (7) Notice Issued,,https://www.arcgis.com/sharing/rest/content/items/fe858e96a06546e4ad49b168a8417034/data,2026-08-07,2026-08-08,CSV,official_download,native_machine_readable
IE-DS-fcf0ce869d7fd7,Fingal County Council,DS 25.53,"10 North Strand Street, Skerries, Co Dublin",,,,,not_available,not_available,,,,,2026-07-09,,https://www.arcgis.com/sharing/rest/content/items/fe858e96a06546e4ad49b168a8417034/data,2026-08-07,2026-08-08,CSV,official_download,native_machine_readable
IE-DS-5363b3f4c02e62,Cork City Council,DSP 696,"42, Corn Market Street",,,,,not_available,not_available,,,,,1993-04-13,,https://www.corkcity.ie/media/qjyg4get/220726-derelict-sites-register.pdf,2026-07-22,2026-08-08,PDF,pdf_table_extraction,structured_pdf_auto
IE-DS-8ce9fbc968a5ba,Cork City Council,DSP 1021,Site (adjacent to No.34) South Main Street,,,,,not_available,not_available,,,,,1998-12-30,,https://www.corkcity.ie/media/qjyg4get/220726-derelict-sites-register.pdf,2026-07-22,2026-08-08,PDF,pdf_table_extraction,structured_pdf_auto
IE-DS-61dcc152a2f8d2,Cork City Council,DSP 1119,"50, Grand Parade",,,,,not_available,not_available,,,,,2000-03-03,,https://www.corkcity.ie/media/qjyg4get/220726-derelict-sites-register.pdf,2026-07-22,2026-08-08,PDF,pdf_table_extraction,structured_pdf_auto
IE-DS-0061ced396eabc,Cork City Council,DSP 1181,"19, South Terrace",,,,,not_available,not_available,,,,,2001-01-25,,https://www.corkcity.ie/media/qjyg4get/220726-derelict-sites-register.pdf,2026-07-22,2026-08-08,PDF,pdf_table_extraction,structured_pdf_auto
IE-DS-a146925f4f6f9d,Cork City Council,DSP 1237,Site at Broad Lane,,,,,not_available,not_available,,,,,2003-09-05,,https://www.corkcity.ie/media/qjyg4get/220726-derelict-sites-register.pdf,2026-07-22,2026-08-08,PDF,pdf_table_extraction,structured_pdf_auto
IE-DS-fcd0dac3ead495,Cork City Council,DSP 1257,"6A & 7, John Redmond Street",,,,,not_available,not_available,,,,,2008-05-09,,https://www.corkcity.ie/media/qjyg4get/220726-derelict-sites-register.pdf,2026-07-22,2026-08-08,PDF,pdf_table_extraction,structured_pdf_auto
IE-DS-775a5fb90032fc,Cork City Council,DSP 1303,Site at South Douglas Road,,,,,not_available,not_available,,,,,2009-06-10,,https://www.corkcity.ie/media/qjyg4get/220726-derelict-sites-register.pdf,2026-07-22,2026-08-08,PDF,pdf_table_extraction,structured_pdf_auto
IE-DS-ff42ab7f6eb4f8,Cork City Council,DSP 1170,Corner of Coach Street,,,,,not_available,not_available,,,,,2012-02-13,,https://www.corkcity.ie/media/qjyg4get/220726-derelict-sites-register.pdf,2026-07-22,2026-08-08,PDF,pdf_table_extraction,structured_pdf_auto
IE-DS-b90f038a302308,Cork City Council,DSP 1739,"62, North Main Street",,,,,not_available,not_available,,,,,2015-12-10,,https://www.corkcity.ie/media/qjyg4get/220726-derelict-sites-register.pdf,2026-07-22,2026-08-08,PDF,pdf_table_extraction,structured_pdf_auto
IE-DS-63d0d941491fa5,Cork City Council,DSP 1740,"63, North Main Street",,,,,not_available,not_available,,,,,2015-12-10,,https://www.corkcity.ie/media/qjyg4get/220726-derelict-sites-register.pdf,2026-07-22,2026-08-08,PDF,pdf_table_extraction,structured_pdf_auto
IE-DS-45acf73308476c,Cork City Council,DSP 1741,"64, North Main Street",,,,,not_available,not_available,,,,,2015-12-10,,https://www.corkcity.ie/media/qjyg4get/220726-derelict-sites-register.pdf,2026-07-22,2026-08-08,PDF,pdf_table_extraction,structured_pdf_auto
IE-DS-4050f5de8baf04,Cork City Council,DSP 1742,"65, North Main Street",,,,,not_available,not_available,,,,,2015-12-10,,https://www.corkcity.ie/media/qjyg4get/220726-derelict-sites-register.pdf,2026-07-22,2026-08-08,PDF,pdf_table_extraction,structured_pdf_auto
IE-DS-5048be947d4cbc,Cork City Council,DSP 1359,"118, Barrack Street",,,,,not_available,not_available,,,,,2015-12-10,,https://www.corkcity.ie/media/qjyg4get/220726-derelict-sites-register.pdf,2026-07-22,2026-08-08,PDF,pdf_table_extraction,structured_pdf_auto
IE-DS-482af3053207af,Cork City Council,DSP 1520,"1, Parkgate Villas",,,,,not_available,not_available,,,,,2015-12-10,,https://www.corkcity.ie/media/qjyg4get/220726-derelict-sites-register.pdf,2026-07-22,2026-08-08,PDF,pdf_table_extraction,structured_pdf_auto
IE-DS-e9c031916642d3,Cork City Council,DSP 1682,"119, Barrack Street",,,,,not_available,not_available,,,,,2015-12-10,,https://www.corkcity.ie/media/qjyg4get/220726-derelict-sites-register.pdf,2026-07-22,2026-08-08,PDF,pdf_table_extraction,structured_pdf_auto
IE-DS-0dd28f302e3c99,Cork City Council,DSP 1744,"5, Prosperous Place",,,,,not_available,not_available,,,,,2016-06-20,,https://www.corkcity.ie/media/qjyg4get/220726-derelict-sites-register.pdf,2026-07-22,2026-08-08,PDF,pdf_table_extraction,structured_pdf_auto
IE-DS-4e8bec809b2a80,Cork City Council,DSP 1258,Site at Moylan's Lane,,,,,not_available,not_available,,,,,2016-05-20,,https://www.corkcity.ie/media/qjyg4get/220726-derelict-sites-register.pdf,2026-07-22,2026-08-08,PDF,pdf_table_extraction,structured_pdf_auto
IE-DS-4fad10b9c4310c,Cork City Council,DSP 947,"122, Gardiner's Hill",,,,,not_available,not_available,,,,,2016-08-01,,https://www.corkcity.ie/media/qjyg4get/220726-derelict-sites-register.pdf,2026-07-22,2026-08-08,PDF,pdf_table_extraction,structured_pdf_auto
IE-DS-d6cf0976486f62,Cork City Council,DSP 1745,"Warehouse, at corner of Kyle Street",,,,,not_available,not_available,,,,,2016-03-31,,https://www.corkcity.ie/media/qjyg4get/220726-derelict-sites-register.pdf,2026-07-22,2026-08-08,PDF,pdf_table_extraction,structured_pdf_auto
IE-DS-17fd5bb2dd67c2,Cork City Council,DSP 1752,"7 Shandon Villa, Pope's Road",,,,,not_available,not_available,,,,,2016-06-10,,https://www.corkcity.ie/media/qjyg4get/220726-derelict-sites-register.pdf,2026-07-22,2026-08-08,PDF,pdf_table_extraction,structured_pdf_auto
IE-DS-54de752d763647,Cork City Council,DSP 1483,"4, GERALD GRIFFIN AVENUE",,,,,not_available,not_available,,,,,2016-10-27,,https://www.corkcity.ie/media/qjyg4get/220726-derelict-sites-register.pdf,2026-07-22,2026-08-08,PDF,pdf_table_extraction,structured_pdf_auto
IE-DS-1666710922777f,Cork City Council,DSP 1811,"GRIANBRU, INCORPORATING FORMER POST OFFICE AT DENNEHY'S CROSS",,,,,not_available,not_available,,,,,2017-03-13,,https://www.corkcity.ie/media/qjyg4get/220726-derelict-sites-register.pdf,2026-07-22,2026-08-08,PDF,pdf_table_extraction,structured_pdf_auto
IE-DS-774848f11a440b,Cork City Council,DSP 1502,"FORMER OUR LADY'S HOSPITAL, EASTERN SECTIONS OF ATKINS HALL BUILDING",,,,,not_available,not_available,,,,,2017-03-31,,https://www.corkcity.ie/media/qjyg4get/220726-derelict-sites-register.pdf,2026-07-22,2026-08-08,PDF,pdf_table_extraction,structured_pdf_auto
IE-DS-7228cba733100f,Cork City Council,DSP 1813,"SITE 1, KYRL'S QUAY",,,,,not_available,not_available,,,,,2017-04-10,,https://www.corkcity.ie/media/qjyg4get/220726-derelict-sites-register.pdf,2026-07-22,2026-08-08,PDF,pdf_table_extraction,structured_pdf_auto
IE-DS-ae74438ae2cc83,Cork City Council,DSP 1814,"SITE 2, KYRL'S QUAY",,,,,not_available,not_available,,,,,2017-04-10,,https://www.corkcity.ie/media/qjyg4get/220726-derelict-sites-register.pdf,2026-07-22,2026-08-08,PDF,pdf_table_extraction,structured_pdf_auto
IE-DS-79f5f24b6bc212,Cork City Council,DSP 1815,"SITE 3, KYRL'S QUAY",,,,,not_available,not_available,,,,,2017-04-10,,https://www.corkcity.ie/media/qjyg4get/220726-derelict-sites-register.pdf,2026-07-22,2026-08-08,PDF,pdf_table_extraction,structured_pdf_auto
IE-DS-2a1339e36fb34c,Cork City Council,DSP 1732,"23, LOWER JOHN STREET",,,,,not_available,not_available,,,,,2017-12-20,,https://www.corkcity.ie/media/qjyg4get/220726-derelict-sites-register.pdf,2026-07-22,2026-08-08,PDF,pdf_table_extraction,structured_pdf_auto
IE-DS-69da63b09ba3dd,Cork City Council,DSP 1472,"24, LOWER JOHN STREET",,,,,not_available,not_available,,,,,2017-12-20,,https://www.corkcity.ie/media/qjyg4get/220726-derelict-sites-register.pdf,2026-07-22,2026-08-08,PDF,pdf_table_extraction,structured_pdf_auto
IE-DS-9644b442c481e0,Cork City Council,DSP 1778,"21, LOUGH ROAD",,,,,not_available,not_available,,,,,2017-12-21,,https://www.corkcity.ie/media/qjyg4get/220726-derelict-sites-register.pdf,2026-07-22,2026-08-08,PDF,pdf_table_extraction,structured_pdf_auto
IE-DS-54e7d12641443b,Cork City Council,DSP 1538,"11/13 STRAWHALL, GERALD GRIFFIN STREEET",,,,,not_available,not_available,,,,,2017-12-29,,https://www.corkcity.ie/media/qjyg4get/220726-derelict-sites-register.pdf,2026-07-22,2026-08-08,PDF,pdf_table_extraction,structured_pdf_auto
IE-DS-8b436570290f37,Cork City Council,DSP 1426,"CARMELITE PLACE, (FORMER 1-6 CARMELITE PLACE), WESTERN ROAD, CORK",,,,,not_available,not_available,,,,,2018-04-16,,https://www.corkcity.ie/media/qjyg4get/220726-derelict-sites-register.pdf,2026-07-22,2026-08-08,PDF,pdf_table_extraction,structured_pdf_auto
IE-DS-d9f7bcaf25d25d,Cork City Council,DSP 1674,"34/35 SHEARES STREET, CORK",,,,,not_available,not_available,,,,,2018-04-16,,https://www.corkcity.ie/media/qjyg4get/220726-derelict-sites-register.pdf,2026-07-22,2026-08-08,PDF,pdf_table_extraction,structured_pdf_auto
IE-DS-7dfcef08b52d8a,Cork City Council,DSP 130,"15/16 Kyle Street, Cork",,,,,not_available,not_available,,,,,2018-05-10,,https://www.corkcity.ie/media/qjyg4get/220726-derelict-sites-register.pdf,2026-07-22,2026-08-08,PDF,pdf_table_extraction,structured_pdf_auto
IE-DS-4c9eae663714b6,Cork City Council,DSP 1766,"1 Convent View, Strawberry Hill, Cork",,,,,not_available,not_available,,,,,2018-08-03,,https://www.corkcity.ie/media/qjyg4get/220726-derelict-sites-register.pdf,2026-07-22,2026-08-08,PDF,pdf_table_extraction,structured_pdf_auto
IE-DS-3947149a506cdc,Cork City Council,DSP 1847,Property on Piccadilly Lane to the rear of 84 North Main Street,,,,,not_available,not_available,,,,,2018-09-07,,https://www.corkcity.ie/media/qjyg4get/220726-derelict-sites-register.pdf,2026-07-22,2026-08-08,PDF,pdf_table_extraction,structured_pdf_auto
IE-DS-c111c974bdc72b,Cork City Council,DSP 1859,42 College Road,,,,,not_available,not_available,,,,,2018-09-07,,https://www.corkcity.ie/media/qjyg4get/220726-derelict-sites-register.pdf,2026-07-22,2026-08-08,PDF,pdf_table_extraction,structured_pdf_auto
IE-DS-d9670d35d45eff,Cork City Council,DSP1852,"Car park at Avenue Des Rennes Shopping Centre, Mahon",,,,,not_available,not_available,,,,,2018-09-25,,https://www.corkcity.ie/media/qjyg4get/220726-derelict-sites-register.pdf,2026-07-22,2026-08-08,PDF,pdf_table_extraction,structured_pdf_auto
IE-DS-acff4eadb3ac88,Cork City Council,DSP1256,"60 Shandon Street, Cork",,,,,not_available,not_available,,,,,2018-10-09,,https://www.corkcity.ie/media/qjyg4get/220726-derelict-sites-register.pdf,2026-07-22,2026-08-08,PDF,pdf_table_extraction,structured_pdf_auto
IE-DS-d506215fdac612,Cork City Council,DSP1817,"61 Shandon Street, Cork",,,,,not_available,not_available,,,,,2018-10-09,,https://www.corkcity.ie/media/qjyg4get/220726-derelict-sites-register.pdf,2026-07-22,2026-08-08,PDF,pdf_table_extraction,structured_pdf_auto
IE-DS-05faea4cb88bb3,Cork City Council,DSP 1850,Lands formerly known as Lakelands Tavern,,,,,not_available,not_available,,,,,2018-10-22,,https://www.corkcity.ie/media/qjyg4get/220726-derelict-sites-register.pdf,2026-07-22,2026-08-08,PDF,pdf_table_extraction,structured_pdf_auto
IE-DS-e6f660333b037a,Cork City Council,DSP-1827,"Comprising 1 & 2 Ashton Place and Ashton Cottage (as bounded by Blackrock Road, Ashton Avenue, Ashton Park, and the curtilage of 3 & 4 Ashton Place and Feltrim Lodge), Blackrock",,,,,not_available,not_available,,,,,2018-11-05,,https://www.corkcity.ie/media/qjyg4get/220726-derelict-sites-register.pdf,2026-07-22,2026-08-08,PDF,pdf_table_extraction,structured_pdf_auto
IE-DS-5fd6d364e9ed06,Cork City Council,DSP1724,"'Shandon', 14 The Grove, Shanakiel, Cork",,,,,not_available,not_available,,,,,2019-02-19,,https://www.corkcity.ie/media/qjyg4get/220726-derelict-sites-register.pdf,2026-07-22,2026-08-08,PDF,pdf_table_extraction,structured_pdf_auto
IE-DS-7082d3ac44e7de,Cork City Council,DSP1437,"4a Old Spangle Hill, Popham's Road, Farranree, Cork",,,,,not_available,not_available,,,,,2019-02-22,,https://www.corkcity.ie/media/qjyg4get/220726-derelict-sites-register.pdf,2026-07-22,2026-08-08,PDF,pdf_table_extraction,structured_pdf_auto
IE-DS-a80e48d6e992d5,Cork City Council,DSP1886,"Derelict Site Site comprising of 6 & 7 Bramble Cottages and lands formerly known as 4 & 5 Bramble Cottages, Old Spangle Hill, Farranree, Cork",,,,,not_available,not_available,,,,,2019-02-22,,https://www.corkcity.ie/media/qjyg4get/220726-derelict-sites-register.pdf,2026-07-22,2026-08-08,PDF,pdf_table_extraction,structured_pdf_auto
IE-DS-049f2c8df728f4,Cork City Council,DSP1567,"The Former Good Shepherd Convent Site, Convent Avenue & Buckston Hill, Sunday's Well, Cork",,,,,not_available,not_available,,,,,2019-02-22,,https://www.corkcity.ie/media/qjyg4get/220726-derelict-sites-register.pdf,2026-07-22,2026-08-08,PDF,pdf_table_extraction,structured_pdf_auto
IE-DS-4344f1f808fc0e,Cork City Council,DSP1677,3 Father Matthew Street and adjacent building at Fitton Street East.,,,,,not_available,not_available,,,,,2019-03-25,,https://www.corkcity.ie/media/qjyg4get/220726-derelict-sites-register.pdf,2026-07-22,2026-08-08,PDF,pdf_table_extraction,structured_pdf_auto
IE-DS-a6f5328e387a64,Cork City Council,DSP1881,"Lands formerly known as Manhattan Bar (as bounded by Lower Friars Walk, curtilage of ""Woodleigh,"" curtilage of Ard Na Gréine, and sportsground), Lower Friars Walk, Cork",,,,,not_available,not_available,,,,,2019-06-14,,https://www.corkcity.ie/media/qjyg4get/220726-derelict-sites-register.pdf,2026-07-22,2026-08-08,PDF,pdf_table_extraction,structured_pdf_auto
IE-DS-68229edf561e5c,Cork City Council,DSP1854,"14 Adelaide Street, Cork",,,,,not_available,not_available,,,,,2019-06-18,,https://www.corkcity.ie/media/qjyg4get/220726-derelict-sites-register.pdf,2026-07-22,2026-08-08,PDF,pdf_table_extraction,structured_pdf_auto
IE-DS-791ae3a59efb37,Cork City Council,DSP 1921,"Old Railway Station, Rochestown, Cork",,,,,not_available,not_available,,,,,2016-07-01,,https://www.corkcity.ie/media/qjyg4get/220726-derelict-sites-register.pdf,2026-07-22,2026-08-08,PDF,pdf_table_extraction,structured_pdf_auto
IE-DS-54dfba5b86b572,Cork City Council,DSP 1923,"35 Hillside, Grange, Douglas, Cork T12 V8K1",,T12 V8K1,,,not_available,not_available,,,,,2011-07-19,,https://www.corkcity.ie/media/qjyg4get/220726-derelict-sites-register.pdf,2026-07-22,2026-08-08,PDF,pdf_table_extraction,structured_pdf_auto
IE-DS-7e53cae2e9c4a9,Cork City Council,DSP1870,Lenihan & Mansfield Warehouse & Adjacent lands at junction of Devonshire & Francis Street Cork,,,,,not_available,not_available,,,,,2019-08-26,,https://www.corkcity.ie/media/qjyg4get/220726-derelict-sites-register.pdf,2026-07-22,2026-08-08,PDF,pdf_table_extraction,structured_pdf_auto
IE-DS-359db8a427da91,Cork City Council,DSP1478,"17 South View, Ballinlough, Cork",,,,,not_available,not_available,,,,,2019-09-06,,https://www.corkcity.ie/media/qjyg4get/220726-derelict-sites-register.pdf,2026-07-22,2026-08-08,PDF,pdf_table_extraction,structured_pdf_auto
IE-DS-b899007f41bdcd,Cork City Council,DSP 1749,Derelict Site incorporating 36 Dominick Street and adjacent site and corner of Dominick Street and Shandon Street,,,,,not_available,not_available,,,,,2019-12-02,,https://www.corkcity.ie/media/qjyg4get/220726-derelict-sites-register.pdf,2026-07-22,2026-08-08,PDF,pdf_table_extraction,structured_pdf_auto
IE-DS-dfb974a6940623,Cork City Council,DSP 1496,"2 Ferry Lane, Popes Quay, Cork",,,,,not_available,not_available,,,,,2020-01-17,,https://www.corkcity.ie/media/qjyg4get/220726-derelict-sites-register.pdf,2026-07-22,2026-08-08,PDF,pdf_table_extraction,structured_pdf_auto
IE-DS-724bb692145f7f,Cork City Council,DSP 1768,"62 Blarney Street, Cork T23 AX9X",,T23 AX9X,,,not_available,not_available,,,,,2020-02-28,,https://www.corkcity.ie/media/qjyg4get/220726-derelict-sites-register.pdf,2026-07-22,2026-08-08,PDF,pdf_table_extraction,structured_pdf_auto
IE-DS-884b47a61ae905,Cork City Council,DSP 1985,"Vernon Mount House & Associated lands, Curraghconway, Cork",,,,,not_available,not_available,,,,,2021-03-05,,https://www.corkcity.ie/media/qjyg4get/220726-derelict-sites-register.pdf,2026-07-22,2026-08-08,PDF,pdf_table_extraction,structured_pdf_auto
IE-DS-28799a4b5677a4,Cork City Council,DSP 1431,4 & 5 Father Mathew Quay,,,,,not_available,not_available,,,,,2021-04-08,,https://www.corkcity.ie/media/qjyg4get/220726-derelict-sites-register.pdf,2026-07-22,2026-08-08,PDF,pdf_table_extraction,structured_pdf_auto
IE-DS-5f941b94a873b3,Cork City Council,DSP 1955,"20 Muskerry Terrace, Blarney, Cork",,,,,not_available,not_available,,,,,2021-11-26,,https://www.corkcity.ie/media/qjyg4get/220726-derelict-sites-register.pdf,2026-07-22,2026-08-08,PDF,pdf_table_extraction,structured_pdf_auto
IE-DS-1d1ab8d7d67bba,Cork City Council,DSP 1926,"23 Spring Lane, Blackpool, Cork",,,,,not_available,not_available,,,,,2021-11-26,,https://www.corkcity.ie/media/qjyg4get/220726-derelict-sites-register.pdf,2026-07-22,2026-08-08,PDF,pdf_table_extraction,structured_pdf_auto
IE-DS-eb8d61bf8cfbb9,Cork City Council,DSP 1969,"Greystone Cottage, Ballinure Road, Cork",,,,,not_available,not_available,,,,,2021-11-26,,https://www.corkcity.ie/media/qjyg4get/220726-derelict-sites-register.pdf,2026-07-22,2026-08-08,PDF,pdf_table_extraction,structured_pdf_auto
IE-DS-c30f3d3c725a24,Cork City Council,DSP 1925,"21 Spring Lane, Blackpool, Cork",,,,,not_available,not_available,,,,,2021-11-26,,https://www.corkcity.ie/media/qjyg4get/220726-derelict-sites-register.pdf,2026-07-22,2026-08-08,PDF,pdf_table_extraction,structured_pdf_auto
IE-DS-fa6193ff3e9b70,Cork City Council,DSP 1916,"Riverstown, Poulacurry North, Glanmire, Cork T45 NH21",,T45 NH21,,,not_available,not_available,,,,,2021-12-17,,https://www.corkcity.ie/media/qjyg4get/220726-derelict-sites-register.pdf,2026-07-22,2026-08-08,PDF,pdf_table_extraction,structured_pdf_auto
IE-DS-4633f4be82e8b1,Cork City Council,DSP 1952,"7 St. Patrick's Terrace, Lower Glanmire Road",,,,,not_available,not_available,,,,,2022-01-07,,https://www.corkcity.ie/media/qjyg4get/220726-derelict-sites-register.pdf,2026-07-22,2026-08-08,PDF,pdf_table_extraction,structured_pdf_auto
IE-DS-fab9d2a944767d,Cork City Council,DSP 1882,"3 Ard Cairn Villas, Churchyard Lane, Ballintemple",,,,,not_available,not_available,,,,,2022-01-07,,https://www.corkcity.ie/media/qjyg4get/220726-derelict-sites-register.pdf,2026-07-22,2026-08-08,PDF,pdf_table_extraction,structured_pdf_auto
IE-DS-9d5744cd376732,Cork City Council,DSP 2025,Forecourt at 49/50 Old Market Place (junction of Wolfe To,,,,,not_available,not_available,,,,,ne0 S4t/. 0&2 /G2le0n2 2R,,https://www.corkcity.ie/media/qjyg4get/220726-derelict-sites-register.pdf,2026-07-22,2026-08-08,PDF,pdf_table_extraction,structured_pdf_auto
IE-DS-0e39d2ec9a9682,Cork City Council,DSP 1943,49/50 Old Market Place (junction of Wolfe Tone Street & G,,,,,not_available,not_available,,,,,len1 8R/y0a2n/ 2R0o2a2d,,https://www.corkcity.ie/media/qjyg4get/220726-derelict-sites-register.pdf,2026-07-22,2026-08-08,PDF,pdf_table_extraction,structured_pdf_auto
IE-DS-ad1ed32b1fbe59,Cork City Council,DSP 1974,"Gate Lodge, Woodville, Rochestown Road, Monfieldstown",,,,,not_available,not_available,,,,,2022-02-18,,https://www.corkcity.ie/media/qjyg4get/220726-derelict-sites-register.pdf,2026-07-22,2026-08-08,PDF,pdf_table_extraction,structured_pdf_auto
IE-DS-5a02f41c08e704,Cork City Council,DSP 1999,"2 Devonshire Street North, Cork",,,,,not_available,not_available,,,,,2022-02-18,,https://www.corkcity.ie/media/qjyg4get/220726-derelict-sites-register.pdf,2026-07-22,2026-08-08,PDF,pdf_table_extraction,structured_pdf_auto
IE-DS-7ea1001795b28c,Cork City Council,DSP 2017,"""Levista"", 25 Bernadette Way, Boreenmanna Road, Cork",,,,,not_available,not_available,,,,,2022-04-15,,https://www.corkcity.ie/media/qjyg4get/220726-derelict-sites-register.pdf,2026-07-22,2026-08-08,PDF,pdf_table_extraction,structured_pdf_auto
IE-DS-e3564c24d6eb86,Cork City Council,DSP 2030,"Glen Iris, Kiely's Lane, Tower, Blarney, Cork",,,,,not_available,not_available,,,,,2022-04-15,,https://www.corkcity.ie/media/qjyg4get/220726-derelict-sites-register.pdf,2026-07-22,2026-08-08,PDF,pdf_table_extraction,structured_pdf_auto
IE-DS-8edb799dff7fa8,Cork City Council,DSP 2031,"Site at Cooney's Lane, Ballinvuskig, Douglas, Cork",,,,,not_available,not_available,,,,,2022-04-22,,https://www.corkcity.ie/media/qjyg4get/220726-derelict-sites-register.pdf,2026-07-22,2026-08-08,PDF,pdf_table_extraction,structured_pdf_auto
IE-DS-48b1ef2bc36a06,Cork City Council,DSP 2033,"""Collingwood"", Boreenmanna Road, Cork",,,,,not_available,not_available,,,,,2022-05-13,,https://www.corkcity.ie/media/qjyg4get/220726-derelict-sites-register.pdf,2026-07-22,2026-08-08,PDF,pdf_table_extraction,structured_pdf_auto
IE-DS-5168eb6e830b77,Cork City Council,DSP 1929,"39 Cathedral Walk, Cork",,,,,not_available,not_available,,,,,2022-05-27,,https://www.corkcity.ie/media/qjyg4get/220726-derelict-sites-register.pdf,2026-07-22,2026-08-08,PDF,pdf_table_extraction,structured_pdf_auto
IE-DS-98f229a5eb90ad,Cork City Council,DSP 1884,"115 Gardiner's Hill, Cork",,,,,not_available,not_available,,,,,2022-06-03,,https://www.corkcity.ie/media/qjyg4get/220726-derelict-sites-register.pdf,2026-07-22,2026-08-08,PDF,pdf_table_extraction,structured_pdf_auto
IE-DS-717bd5d3a43f3c,Cork City Council,DSP 2040,"25 Fuller's Road, Cork",,,,,not_available,not_available,,,,,2022-06-24,,https://www.corkcity.ie/media/qjyg4get/220726-derelict-sites-register.pdf,2026-07-22,2026-08-08,PDF,pdf_table_extraction,structured_pdf_auto
IE-DS-7a4e67805cbdf9,Cork City Council,DSP 2022,"Rope Walk/Rockwell Lane, off Sunday's Well Road, Cork",,,,,not_available,not_available,,,,,2022-07-15,,https://www.corkcity.ie/media/qjyg4get/220726-derelict-sites-register.pdf,2026-07-22,2026-08-08,PDF,pdf_table_extraction,structured_pdf_auto
IE-DS-8690229d99d887,Cork City Council,DSP 2045,"8 Eason's Hill, Shandon, Cork",,,,,not_available,not_available,,,,,2022-10-21,,https://www.corkcity.ie/media/qjyg4get/220726-derelict-sites-register.pdf,2026-07-22,2026-08-08,PDF,pdf_table_extraction,structured_pdf_auto
IE-DS-97af6c9853d69d,Cork City Council,DSP 1959,"8 Grange Terrace, Grange Road, Douglas",,,,,not_available,not_available,,,,,2022-11-18,,https://www.corkcity.ie/media/qjyg4get/220726-derelict-sites-register.pdf,2026-07-22,2026-08-08,PDF,pdf_table_extraction,structured_pdf_auto
IE-DS-c720ecb4503d35,Cork City Council,DSP 2036,"1 Alms Cottages, Glanmire Village, also known as 1 The Cot",,,,,not_available,not_available,,,,,ta0ge2s/12/2022,,https://www.corkcity.ie/media/qjyg4get/220726-derelict-sites-register.pdf,2026-07-22,2026-08-08,PDF,pdf_table_extraction,structured_pdf_auto
IE-DS-b80ba6c3890d7d,Cork City Council,DSP 2037,"2 Alms Cottages, Glanmire Village also known as 2 The Cot",,,,,not_available,not_available,,,,,tag0e2s/12/2022,,https://www.corkcity.ie/media/qjyg4get/220726-derelict-sites-register.pdf,2026-07-22,2026-08-08,PDF,pdf_table_extraction,structured_pdf_auto
IE-DS-e8b3ff0170f936,Cork City Council,DSP 2038,"3 Alms Cottages, Glanmire Village also known as 3 The Cot",,,,,not_available,not_available,,,,,tag0e2s/12/2022,,https://www.corkcity.ie/media/qjyg4get/220726-derelict-sites-register.pdf,2026-07-22,2026-08-08,PDF,pdf_table_extraction,structured_pdf_auto
IE-DS-3dc567adf9b5a9,Cork City Council,DSP 1890,"12 Rutland Street, Cork",,,,,not_available,not_available,,,,,2022-12-06,,https://www.corkcity.ie/media/qjyg4get/220726-derelict-sites-register.pdf,2026-07-22,2026-08-08,PDF,pdf_table_extraction,structured_pdf_auto
IE-DS-d8c46fc9fa084a,Cork City Council,DSP 2057,"19 Seminary Walk, Farranree, Cork",,,,,not_available,not_available,,,,,2023-01-06,,https://www.corkcity.ie/media/qjyg4get/220726-derelict-sites-register.pdf,2026-07-22,2026-08-08,PDF,pdf_table_extraction,structured_pdf_auto
IE-DS-5c12df8b8af35d,Cork City Council,DSP 1718,"47 Dominick Street, Cork",,,,,not_available,not_available,,,,,2023-01-23,,https://www.corkcity.ie/media/qjyg4get/220726-derelict-sites-register.pdf,2026-07-22,2026-08-08,PDF,pdf_table_extraction,structured_pdf_auto
IE-DS-b93e6ec9ab0081,Cork City Council,DSP 1833,76 Evergreen Road,,,,,not_available,not_available,,,,,2023-02-24,,https://www.corkcity.ie/media/qjyg4get/220726-derelict-sites-register.pdf,2026-07-22,2026-08-08,PDF,pdf_table_extraction,structured_pdf_auto
IE-DS-59c92fbd98a2a6,Cork City Council,DSP 2099,"Nos. 20, 21 & 22 Thomas Davis Street, Blackpool",,,,,not_available,not_available,,,,,2023-03-14,,https://www.corkcity.ie/media/qjyg4get/220726-derelict-sites-register.pdf,2026-07-22,2026-08-08,PDF,pdf_table_extraction,structured_pdf_auto
IE-DS-b24f56990e52e7,Cork City Council,DSP 2048,"Nos. 22-23 Ballyhooly Road, Cork",,,,,not_available,not_available,,,,,2023-03-31,,https://www.corkcity.ie/media/qjyg4get/220726-derelict-sites-register.pdf,2026-07-22,2026-08-08,PDF,pdf_table_extraction,structured_pdf_auto
IE-DS-9679aa08423e96,Cork City Council,DSP 2049,"111a Old Youghal Road, Cork",,,,,not_available,not_available,,,,,2023-03-31,,https://www.corkcity.ie/media/qjyg4get/220726-derelict-sites-register.pdf,2026-07-22,2026-08-08,PDF,pdf_table_extraction,structured_pdf_auto
IE-DS-f57c59344ffbd5,Cork City Council,DSP 2051,"24 Ballyhooly Road, Cork",,,,,not_available,not_available,,,,,2023-03-31,,https://www.corkcity.ie/media/qjyg4get/220726-derelict-sites-register.pdf,2026-07-22,2026-08-08,PDF,pdf_table_extraction,structured_pdf_auto
IE-DS-af19cfa076cd1f,Cork City Council,DSP 2105,"60 Watercourse Road, Blackpool, Cork (formerly The Distillery bar)",,,,,not_available,not_available,,,,,2023-04-21,,https://www.corkcity.ie/media/qjyg4get/220726-derelict-sites-register.pdf,2026-07-22,2026-08-08,PDF,pdf_table_extraction,structured_pdf_auto
IE-DS-b1df47b51874d7,Cork City Council,DSP 2086,"1 & 2 High Street, Douglas Road, Cork",,,,,not_available,not_available,,,,,2023-08-11,,https://www.corkcity.ie/media/qjyg4get/220726-derelict-sites-register.pdf,2026-07-22,2026-08-08,PDF,pdf_table_extraction,structured_pdf_auto
IE-DS-fce36bacbd0673,Cork City Council,DSP 2118,"38/39 Washington Street, Cork",,,,,not_available,not_available,,,,,2023-08-11,,https://www.corkcity.ie/media/qjyg4get/220726-derelict-sites-register.pdf,2026-07-22,2026-08-08,PDF,pdf_table_extraction,structured_pdf_auto
IE-DS-e7dbe0b46907fe,Cork City Council,DSP 2028,"14 Father Mathew Quay, Cork",,,,,not_available,not_available,,,,,2023-09-01,,https://www.corkcity.ie/media/qjyg4get/220726-derelict-sites-register.pdf,2026-07-22,2026-08-08,PDF,pdf_table_extraction,structured_pdf_auto
IE-DS-b780ce3b7e3859,Cork City Council,DSP 2059,"4 Keeffe Street, Cork",,,,,not_available,not_available,,,,,2023-09-08,,https://www.corkcity.ie/media/qjyg4get/220726-derelict-sites-register.pdf,2026-07-22,2026-08-08,PDF,pdf_table_extraction,structured_pdf_auto
IE-DS-2c79c72619007f,Cork City Council,DSP 2090,"18 Churchfield Road, Cork",,,,,not_available,not_available,,,,,2023-09-29,,https://www.corkcity.ie/media/qjyg4get/220726-derelict-sites-register.pdf,2026-07-22,2026-08-08,PDF,pdf_table_extraction,structured_pdf_auto
IE-DS-26fcfef4c2ea29,Cork City Council,DSP 2007,48 Ballyhooly Road,,,,,not_available,not_available,,,,,2023-10-20,,https://www.corkcity.ie/media/qjyg4get/220726-derelict-sites-register.pdf,2026-07-22,2026-08-08,PDF,pdf_table_extraction,structured_pdf_auto
IE-DS-6c68a08e4785aa,Cork City Council,DSP 2068,2 Togher Road,,,,,not_available,not_available,,,,,2023-10-20,,https://www.corkcity.ie/media/qjyg4get/220726-derelict-sites-register.pdf,2026-07-22,2026-08-08,PDF,pdf_table_extraction,structured_pdf_auto
IE-DS-c99f112e86aa7d,Cork City Council,DSP 2082,"4 Hillsboro Place, Old Blackrock Road, Ballintemple",,,,,not_available,not_available,,,,,2023-10-20,,https://www.corkcity.ie/media/qjyg4get/220726-derelict-sites-register.pdf,2026-07-22,2026-08-08,PDF,pdf_table_extraction,structured_pdf_auto
IE-DS-4da6ae47ff88ef,Cork City Council,DSP 2071,"Nos. 1, 2 & 3 Saint Michael's Terrace, Blackrock Road, Cork",,,,,not_available,not_available,,,,,2023-10-27,,https://www.corkcity.ie/media/qjyg4get/220726-derelict-sites-register.pdf,2026-07-22,2026-08-08,PDF,pdf_table_extraction,structured_pdf_auto
IE-DS-6868b6bad6421e,Cork City Council,DSP 2171,"Formerly the Roisin Dubh pub, 15 Cattle Market Avenue, off Shandon Street, Cork",,,,,not_available,not_available,,,,,2023-10-27,,https://www.corkcity.ie/media/qjyg4get/220726-derelict-sites-register.pdf,2026-07-22,2026-08-08,PDF,pdf_table_extraction,structured_pdf_auto
IE-DS-1d1c87f44d2534,Cork City Council,DSP 1554,68 & 69 Watercourse Road,,,,,not_available,not_available,,,,,2023-11-17,,https://www.corkcity.ie/media/qjyg4get/220726-derelict-sites-register.pdf,2026-07-22,2026-08-08,PDF,pdf_table_extraction,structured_pdf_auto
IE-DS-272f69f19322ba,Cork City Council,DSP 2157,"5 Springview Terrace, Commons Road, Cork",,,,,not_available,not_available,,,,,2023-11-17,,https://www.corkcity.ie/media/qjyg4get/220726-derelict-sites-register.pdf,2026-07-22,2026-08-08,PDF,pdf_table_extraction,structured_pdf_auto
IE-DS-eb575f3fc9c875,Cork City Council,DSP 1867,"""Saint Benedict's"", 11 Rossa Avenue, Bishopstown",,,,,not_available,not_available,,,,,2023-11-17,,https://www.corkcity.ie/media/qjyg4get/220726-derelict-sites-register.pdf,2026-07-22,2026-08-08,PDF,pdf_table_extraction,structured_pdf_auto
IE-DS-535f5854a0b25f,Cork City Council,DSP 1920,"15 George's Quay, Cork",,,,,not_available,not_available,,,,,2023-11-17,,https://www.corkcity.ie/media/qjyg4get/220726-derelict-sites-register.pdf,2026-07-22,2026-08-08,PDF,pdf_table_extraction,structured_pdf_auto
IE-DS-f1ab65eabcc3db,Cork City Council,DSP 2158,"221 Blarney Road, Sunday's Well, Cork (Formerly Kennedy's Bar)",,,,,not_available,not_available,,,,,2023-11-17,,https://www.corkcity.ie/media/qjyg4get/220726-derelict-sites-register.pdf,2026-07-22,2026-08-08,PDF,pdf_table_extraction,structured_pdf_auto
IE-DS-9c1576d01ce22d,Cork City Council,DSP 1922,"Site adjacent to Pinecroft Inn, Grange Road, Douglas, Cork",,,,,not_available,not_available,,,,,2023-11-17,,https://www.corkcity.ie/media/qjyg4get/220726-derelict-sites-register.pdf,2026-07-22,2026-08-08,PDF,pdf_table_extraction,structured_pdf_auto
IE-DS-6bbc8ad9660e64,Cork City Council,DSP 1973,"Belmont, Rochestown, Cork",,,,,not_available,not_available,,,,,2023-11-17,,https://www.corkcity.ie/media/qjyg4get/220726-derelict-sites-register.pdf,2026-07-22,2026-08-08,PDF,pdf_table_extraction,structured_pdf_auto
IE-DS-8c4cb5ee675021,Cork City Council,DSP 1733,"21 Old Market Place, Cork",,,,,not_available,not_available,,,,,2023-11-17,,https://www.corkcity.ie/media/qjyg4get/220726-derelict-sites-register.pdf,2026-07-22,2026-08-08,PDF,pdf_table_extraction,structured_pdf_auto
IE-DS-0e689b3fefd6cf,Cork City Council,DSP 2159,"Site at Berwick Lane (across from Berwick House), Blackpool, Cork",,,,,not_available,not_available,,,,,2023-11-17,,https://www.corkcity.ie/media/qjyg4get/220726-derelict-sites-register.pdf,2026-07-22,2026-08-08,PDF,pdf_table_extraction,structured_pdf_auto
IE-DS-a53141468477a5,Cork City Council,DSP 1990,"The Rochestown Inn, Rochestown Road, Cork",,,,,not_available,not_available,,,,,2023-11-24,,https://www.corkcity.ie/media/qjyg4get/220726-derelict-sites-register.pdf,2026-07-22,2026-08-08,PDF,pdf_table_extraction,structured_pdf_auto
IE-DS-a1739e2d7093dd,Cork City Council,DSP 2063,"The High House, 110 Blarney Street",,,,,not_available,not_available,,,,,2023-12-01,,https://www.corkcity.ie/media/qjyg4get/220726-derelict-sites-register.pdf,2026-07-22,2026-08-08,PDF,pdf_table_extraction,structured_pdf_auto
IE-DS-0e11180255d9d9,Cork City Council,DSP 2166,"Site fronting Wellington Road & York Street, Cork",,,,,not_available,not_available,,,,,2023-12-01,,https://www.corkcity.ie/media/qjyg4get/220726-derelict-sites-register.pdf,2026-07-22,2026-08-08,PDF,pdf_table_extraction,structured_pdf_auto
IE-DS-3c82850d377f62,Cork City Council,DSP 2134,"Ballinglanna, Glanmire, Cork",,,,,not_available,not_available,,,,,2023-12-01,,https://www.corkcity.ie/media/qjyg4get/220726-derelict-sites-register.pdf,2026-07-22,2026-08-08,PDF,pdf_table_extraction,structured_pdf_auto
IE-DS-dcd4ba37c4b945,Cork City Council,DSP 1555,"70 Watercourse Road, Corner of Berwick Lane, Blackpool",,,,,not_available,not_available,,,,,2023-12-01,,https://www.corkcity.ie/media/qjyg4get/220726-derelict-sites-register.pdf,2026-07-22,2026-08-08,PDF,pdf_table_extraction,structured_pdf_auto
IE-DS-3fda853fc8b3b6,Cork City Council,DSP 2113,"7 Watercourse Road (formerly The Revenue bar), Blackpoo",,,,,not_available,not_available,,,,,l 22/12/2023,,https://www.corkcity.ie/media/qjyg4get/220726-derelict-sites-register.pdf,2026-07-22,2026-08-08,PDF,pdf_table_extraction,structured_pdf_auto
IE-DS-fba67c4407b4b7,Cork City Council,DSP 2140,4 Dublin Hill Middle,,,,,not_available,not_available,,,,,2023-12-22,,https://www.corkcity.ie/media/qjyg4get/220726-derelict-sites-register.pdf,2026-07-22,2026-08-08,PDF,pdf_table_extraction,structured_pdf_auto
IE-DS-4b3f8b7316d055,Cork City Council,DSP 1769,35 Windmill Road,,,,,not_available,not_available,,,,,2024-01-19,,https://www.corkcity.ie/media/qjyg4get/220726-derelict-sites-register.pdf,2026-07-22,2026-08-08,PDF,pdf_table_extraction,structured_pdf_auto
IE-DS-53d30db073b6c8,Cork City Council,DSP 2146,"Riverstown, Glanmire, Cork (adjoining the Riverstown Inn)",,,,,not_available,not_available,,,,,2024-01-26,,https://www.corkcity.ie/media/qjyg4get/220726-derelict-sites-register.pdf,2026-07-22,2026-08-08,PDF,pdf_table_extraction,structured_pdf_auto
IE-DS-00ef8ed068b103,Cork City Council,DSP 2018,61 North Main Street,,,,,not_available,not_available,,,,,2024-02-02,,https://www.corkcity.ie/media/qjyg4get/220726-derelict-sites-register.pdf,2026-07-22,2026-08-08,PDF,pdf_table_extraction,structured_pdf_auto
IE-DS-f4ab3755cf4835,Cork City Council,DSP 2151,"The Former Finbarr Galvin Motors, Wilton Road, Victoria Cross, Cork",,,,,not_available,not_available,,,,,2024-03-08,,https://www.corkcity.ie/media/qjyg4get/220726-derelict-sites-register.pdf,2026-07-22,2026-08-08,PDF,pdf_table_extraction,structured_pdf_auto
IE-DS-33d3610ba30e6c,Cork City Council,DSP 2187,"66 Meadow Grove Estate, Blackrock, Cork",,,,,not_available,not_available,,,,,2024-04-12,,https://www.corkcity.ie/media/qjyg4get/220726-derelict-sites-register.pdf,2026-07-22,2026-08-08,PDF,pdf_table_extraction,structured_pdf_auto
IE-DS-4dc599665e9511,Cork City Council,DSP 1951,"116 Lower Glanmire Road, Cork",,,,,not_available,not_available,,,,,2024-05-03,,https://www.corkcity.ie/media/qjyg4get/220726-derelict-sites-register.pdf,2026-07-22,2026-08-08,PDF,pdf_table_extraction,structured_pdf_auto
IE-DS-03101a9f22a50d,Cork City Council,DSP 1995,"32 South Terrace, Cork",,,,,not_available,not_available,,,,,2024-05-03,,https://www.corkcity.ie/media/qjyg4get/220726-derelict-sites-register.pdf,2026-07-22,2026-08-08,PDF,pdf_table_extraction,structured_pdf_auto
IE-DS-bb3665c99464b9,Cork City Council,DSP 2043,"Loughlee, Western Road, Mardyke, Cork",,,,,not_available,not_available,,,,,2024-05-17,,https://www.corkcity.ie/media/qjyg4get/220726-derelict-sites-register.pdf,2026-07-22,2026-08-08,PDF,pdf_table_extraction,structured_pdf_auto
IE-DS-eb56d8abd7cb7b,Cork City Council,DSP 2221,"Site between 8 Seminary Road and 9 Seminary Road, Blackpool, Cork",,,,,not_available,not_available,,,,,2024-05-17,,https://www.corkcity.ie/media/qjyg4get/220726-derelict-sites-register.pdf,2026-07-22,2026-08-08,PDF,pdf_table_extraction,structured_pdf_auto
IE-DS-9248aac6e85303,Cork City Council,DSP 1994,"33 South Terrace, Cork",,,,,not_available,not_available,,,,,2024-06-21,,https://www.corkcity.ie/media/qjyg4get/220726-derelict-sites-register.pdf,2026-07-22,2026-08-08,PDF,pdf_table_extraction,structured_pdf_auto
IE-DS-75bae518923fa4,Cork City Council,DSP 2212,"7a Coburg Lane, Coburg Street, Cork, T23A8H3",,T23 A8H3,,,not_available,not_available,,,,,2024-06-21,,https://www.corkcity.ie/media/qjyg4get/220726-derelict-sites-register.pdf,2026-07-22,2026-08-08,PDF,pdf_table_extraction,structured_pdf_auto
IE-DS-3d8735354008d8,Cork City Council,DSP 1269,"40 Cathedral Walk, Blackpool, Cork",,,,,not_available,not_available,,,,,2024-06-28,,https://www.corkcity.ie/media/qjyg4get/220726-derelict-sites-register.pdf,2026-07-22,2026-08-08,PDF,pdf_table_extraction,structured_pdf_auto
IE-DS-4bddedf4b77708,Cork City Council,DSP 1897,"7 Matthew Place, Blackrock Road, Ballintemple, Cork,T12A0DX",,T12 A0DX,,,not_available,not_available,,,,,2024-07-05,,https://www.corkcity.ie/media/qjyg4get/220726-derelict-sites-register.pdf,2026-07-22,2026-08-08,PDF,pdf_table_extraction,structured_pdf_auto
IE-DS-3202fc82cc6f58,Cork City Council,DSP 2070,"15 Friars Walk, Cork, T12H67C",,T12 H67C,,,not_available,not_available,,,,,2024-07-12,,https://www.corkcity.ie/media/qjyg4get/220726-derelict-sites-register.pdf,2026-07-22,2026-08-08,PDF,pdf_table_extraction,structured_pdf_auto
IE-DS-3d18f770b190f1,Cork City Council,DSP 2238,"(Formerly Cremin Drycleaners and BOI), East Douglas Street, Douglas, Cork",,,,,not_available,not_available,,,,,2024-08-02,,https://www.corkcity.ie/media/qjyg4get/220726-derelict-sites-register.pdf,2026-07-22,2026-08-08,PDF,pdf_table_extraction,structured_pdf_auto
IE-DS-1648b7a4a186f0,Cork City Council,DSP 2219,"Property next to 1 Rock Cottages, Kileens, Rathpeacon, Co. Cork",,,,,not_available,not_available,,,,,2024-08-02,,https://www.corkcity.ie/media/qjyg4get/220726-derelict-sites-register.pdf,2026-07-22,2026-08-08,PDF,pdf_table_extraction,structured_pdf_auto
IE-DS-f05fb6edfe59bf,Cork City Council,DSP 1946,"45 Spring Lane, Blackpool, Cork",,,,,not_available,not_available,,,,,2024-08-02,,https://www.corkcity.ie/media/qjyg4get/220726-derelict-sites-register.pdf,2026-07-22,2026-08-08,PDF,pdf_table_extraction,structured_pdf_auto
IE-DS-e10fc39cda56de,Cork City Council,DSP 1937,"43 Uam Var Drive, Bishopstown, Cork",,,,,not_available,not_available,,,,,2024-08-02,,https://www.corkcity.ie/media/qjyg4get/220726-derelict-sites-register.pdf,2026-07-22,2026-08-08,PDF,pdf_table_extraction,structured_pdf_auto
IE-DS-47778ea9af7092,Cork City Council,DSP 2180,"16 Sidney Place, Wellington Road, Cork",,,,,not_available,not_available,,,,,2024-08-30,,https://www.corkcity.ie/media/qjyg4get/220726-derelict-sites-register.pdf,2026-07-22,2026-08-08,PDF,pdf_table_extraction,structured_pdf_auto
IE-DS-36030adad58225,Cork City Council,DSP 1579,"1 The Crescent, Lough Road, Cork",,,,,not_available,not_available,,,,,2024-08-23,,https://www.corkcity.ie/media/qjyg4get/220726-derelict-sites-register.pdf,2026-07-22,2026-08-08,PDF,pdf_table_extraction,structured_pdf_auto
IE-DS-7e5d5555b783d8,Cork City Council,DSP 2060,"Temple View, Beaumont Avenue, Blackrock Road, Cork",,,,,not_available,not_available,,,,,2024-09-13,,https://www.corkcity.ie/media/qjyg4get/220726-derelict-sites-register.pdf,2026-07-22,2026-08-08,PDF,pdf_table_extraction,structured_pdf_auto
IE-DS-effa98d5f6d66d,Cork City Council,DSP 2222,"Woodside Cottage, Poulacurry South, Glanmire Road, Glan",,,,,not_available,not_available,,,,,"mi2re7,/ 0C9o/r2k024",,https://www.corkcity.ie/media/qjyg4get/220726-derelict-sites-register.pdf,2026-07-22,2026-08-08,PDF,pdf_table_extraction,structured_pdf_auto
IE-DS-f0373fe109fc78,Cork City Council,DSP 2147,"Hollyhill Inn, Courtown Drive, Hollyhill, Cork",,,,,not_available,not_available,,,,,2024-09-27,,https://www.corkcity.ie/media/qjyg4get/220726-derelict-sites-register.pdf,2026-07-22,2026-08-08,PDF,pdf_table_extraction,structured_pdf_auto
IE-DS-964f4863d2b2fb,Cork City Council,DSP 1825,"Former Angel Guardian Boys School, Springfield Road, Cork",,,,,not_available,not_available,,,,,2024-10-25,,https://www.corkcity.ie/media/qjyg4get/220726-derelict-sites-register.pdf,2026-07-22,2026-08-08,PDF,pdf_table_extraction,structured_pdf_auto
IE-DS-a2dec8f41db658,Cork City Council,DSP 1727,"88 Barrack Street, Cork",,,,,not_available,not_available,,,,,2024-11-15,,https://www.corkcity.ie/media/qjyg4get/220726-derelict-sites-register.pdf,2026-07-22,2026-08-08,PDF,pdf_table_extraction,structured_pdf_auto
IE-DS-a30e01878125bc,Cork City Council,DSP 1710,"9 South Main Street, Cork",,,,,not_available,not_available,,,,,2024-11-22,,https://www.corkcity.ie/media/qjyg4get/220726-derelict-sites-register.pdf,2026-07-22,2026-08-08,PDF,pdf_table_extraction,structured_pdf_auto
IE-DS-7328be423c9bf4,Cork City Council,DSP1633,"Woolhara House, Douglas Road, Cork",,,,,not_available,not_available,,,,,2025-02-14,,https://www.corkcity.ie/media/qjyg4get/220726-derelict-sites-register.pdf,2026-07-22,2026-08-08,PDF,pdf_table_extraction,structured_pdf_auto
IE-DS-9726d4841eb3ea,Cork City Council,DSP 2250,"10 Kyle Street, Cork T12 T0V2",,T12 T0V2,,,not_available,not_available,,,,,2025-03-07,,https://www.corkcity.ie/media/qjyg4get/220726-derelict-sites-register.pdf,2026-07-22,2026-08-08,PDF,pdf_table_extraction,structured_pdf_auto
IE-DS-2168b92dcffe69,Cork City Council,DSP 2188,"7 Popham's Road, Farranree, Cork",,,,,not_available,not_available,,,,,2025-05-26,,https://www.corkcity.ie/media/qjyg4get/220726-derelict-sites-register.pdf,2026-07-22,2026-08-08,PDF,pdf_table_extraction,structured_pdf_auto
IE-DS-c5aa095191a484,Cork City Council,DSP 1851,"Monerea House, Albert Street, Cork T12 VAP6",,T12 VAP6,,,not_available,not_available,,,,,2025-09-19,,https://www.corkcity.ie/media/qjyg4get/220726-derelict-sites-register.pdf,2026-07-22,2026-08-08,PDF,pdf_table_extraction,structured_pdf_auto
IE-DS-b9d102ccda1a02,Cork City Council,DSP 2154,"1-6 Woodlea Cottages, Eastcliffe, Ballinglanna, Glanmire, C",,,,,not_available,not_available,,,,,ork1 3T/4053A/6210126,,https://www.corkcity.ie/media/qjyg4get/220726-derelict-sites-register.pdf,2026-07-22,2026-08-08,PDF,pdf_table_extraction,structured_pdf_auto
IE-DS-054e8f7a84e0fa,Cork City Council,DSP 2117,"32 Watercourse Road, Blackpool, Cork",,,,,not_available,not_available,,,,,2026-05-15,,https://www.corkcity.ie/media/qjyg4get/220726-derelict-sites-register.pdf,2026-07-22,2026-08-08,PDF,pdf_table_extraction,structured_pdf_auto
IE-DS-305811547bacbd,Cork City Council,DSP 2014,"36 St. Anne's Drive, Montenotte, Cork",,,,,not_available,not_available,,,,,2026-06-12,,https://www.corkcity.ie/media/qjyg4get/220726-derelict-sites-register.pdf,2026-07-22,2026-08-08,PDF,pdf_table_extraction,structured_pdf_auto
IE-DS-f6d2ff6eddb339,Cork City Council,DSP 1414,"1 Togher Road, Cork",,,,,not_available,not_available,,,,,2026-06-26,,https://www.corkcity.ie/media/qjyg4get/220726-derelict-sites-register.pdf,2026-07-22,2026-08-08,PDF,pdf_table_extraction,structured_pdf_auto
IE-DS-6d59ed4b0d3853,Cork City Council,DSP 2242,"9 Liffey Park, Mayfield, Cork, T23 D1H1",,T23 D1H1,,,not_available,not_available,,,,,2026-06-26,,https://www.corkcity.ie/media/qjyg4get/220726-derelict-sites-register.pdf,2026-07-22,2026-08-08,PDF,pdf_table_extraction,structured_pdf_auto
IE-DS-05fbcfb27a6105,Cork City Council,DSP 1800,"26 Dublin Street, Cork T23P6H7",,T23 P6H7,,,not_available,not_available,,,,,2026-07-17,,https://www.corkcity.ie/media/qjyg4get/220726-derelict-sites-register.pdf,2026-07-22,2026-08-08,PDF,pdf_table_extraction,structured_pdf_auto
IE-DS-a0cc806663d7e2,Galway City Council,402,"47 Whitestrand Road, Galway",,H91 W97X,53.2650435,-9.0641971,authority_supplied_itm_transformed,site_point,529005,724384,EPSG:2157,,"24th April, 2019",475000,https://files.galwaycity.ie/gccfiles/?r=/download&path=L0RlcGFydG1lbnRzL0Vudmlyb25tZW50L0RlcmVsaWN0IFNpdGVzL0RlcmVsaWN0IFNpdGUgUmVnaXN0ZXIgMzEuMDcuMjAyNi5wZGY%3D,2026-07-31,2026-08-08,PDF,pdf_table_extraction,structured_pdf_auto
IE-DS-e43944ac0322d5,Galway City Council,502,"129 Castlepark, Ballybane, Galway",,H91 A24W,53.28733,-9.0043689,authority_supplied_itm_transformed,site_point,533031,726806,EPSG:2157,,"4th March, 2020",220000,https://files.galwaycity.ie/gccfiles/?r=/download&path=L0RlcGFydG1lbnRzL0Vudmlyb25tZW50L0RlcmVsaWN0IFNpdGVzL0RlcmVsaWN0IFNpdGUgUmVnaXN0ZXIgMzEuMDcuMjAyNi5wZGY%3D,2026-07-31,2026-08-08,PDF,pdf_table_extraction,structured_pdf_auto
IE-DS-81c645bc4c30c4,Galway City Council,326,"39 Sandyview Drive, Riverside, Galway",,H91 FN0C,53.2891818,-9.0327447,authority_supplied_itm_transformed,site_point,531142,727039,EPSG:2157,,"12th April, 2022",425000,https://files.galwaycity.ie/gccfiles/?r=/download&path=L0RlcGFydG1lbnRzL0Vudmlyb25tZW50L0RlcmVsaWN0IFNpdGVzL0RlcmVsaWN0IFNpdGUgUmVnaXN0ZXIgMzEuMDcuMjAyNi5wZGY%3D,2026-07-31,2026-08-08,PDF,pdf_table_extraction,structured_pdf_auto
IE-DS-f12c2c87b06c6e,Galway City Council,515,"127 College Road, Galway",,,53.2801821,-9.0362316,authority_supplied_itm_transformed,site_point,530895,726041,EPSG:2157,,2023-01-27,300000,https://files.galwaycity.ie/gccfiles/?r=/download&path=L0RlcGFydG1lbnRzL0Vudmlyb25tZW50L0RlcmVsaWN0IFNpdGVzL0RlcmVsaWN0IFNpdGUgUmVnaXN0ZXIgMzEuMDcuMjAyNi5wZGY%3D,2026-07-31,2026-08-08,PDF,pdf_table_extraction,structured_pdf_auto
IE-DS-26899c0f0add12,Galway City Council,462,"4 Castlepark, Ballybane, Galway",,H91 YYN6,53.2883947,-9.0060137,authority_supplied_itm_transformed,site_point,532923,726926,EPSG:2157,,2023-01-27,240000,https://files.galwaycity.ie/gccfiles/?r=/download&path=L0RlcGFydG1lbnRzL0Vudmlyb25tZW50L0RlcmVsaWN0IFNpdGVzL0RlcmVsaWN0IFNpdGUgUmVnaXN0ZXIgMzEuMDcuMjAyNi5wZGY%3D,2026-07-31,2026-08-08,PDF,pdf_table_extraction,structured_pdf_auto
IE-DS-a75a307ef7a6df,Galway City Council,589,64 Monalee Manor,,H91 H2KP,53.264539,-9.1202475,authority_supplied_itm_transformed,site_point,525265,724385,EPSG:2157,,2024-07-17,220000,https://files.galwaycity.ie/gccfiles/?r=/download&path=L0RlcGFydG1lbnRzL0Vudmlyb25tZW50L0RlcmVsaWN0IFNpdGVzL0RlcmVsaWN0IFNpdGUgUmVnaXN0ZXIgMzEuMDcuMjAyNi5wZGY%3D,2026-07-31,2026-08-08,PDF,pdf_table_extraction,structured_pdf_auto
IE-DS-f67a997d183067,Galway City Council,592,"Sunset Lodge, Letteragh, Rahoon, Galway",,H91 FDK6,53.2799989,-9.0870918,authority_supplied_itm_transformed,site_point,527503,726071,EPSG:2157,,2024-07-17,500000,https://files.galwaycity.ie/gccfiles/?r=/download&path=L0RlcGFydG1lbnRzL0Vudmlyb25tZW50L0RlcmVsaWN0IFNpdGVzL0RlcmVsaWN0IFNpdGUgUmVnaXN0ZXIgMzEuMDcuMjAyNi5wZGY%3D,2026-07-31,2026-08-08,PDF,pdf_table_extraction,structured_pdf_auto
IE-DS-3d6ea01fcd1323,Galway City Council,582,"14 Lower Newcastle, Galway",,H91 EY8N,53.2789084,-9.0635068,authority_supplied_itm_transformed,site_point,529074,725926,EPSG:2157,,2024-10-30,,https://files.galwaycity.ie/gccfiles/?r=/download&path=L0RlcGFydG1lbnRzL0Vudmlyb25tZW50L0RlcmVsaWN0IFNpdGVzL0RlcmVsaWN0IFNpdGUgUmVnaXN0ZXIgMzEuMDcuMjAyNi5wZGY%3D,2026-07-31,2026-08-08,PDF,pdf_table_extraction,structured_pdf_auto
IE-DS-67a190d8852d93,Galway City Council,599,"11 O'Flaharty Road, Shantalla, Galway",,H91 V62R,53.2740246,-9.0679286,authority_supplied_itm_transformed,site_point,528771,725387,EPSG:2157,,2025-04-08,375000,https://files.galwaycity.ie/gccfiles/?r=/download&path=L0RlcGFydG1lbnRzL0Vudmlyb25tZW50L0RlcmVsaWN0IFNpdGVzL0RlcmVsaWN0IFNpdGUgUmVnaXN0ZXIgMzEuMDcuMjAyNi5wZGY%3D,2026-07-31,2026-08-08,PDF,pdf_table_extraction,structured_pdf_auto
IE-DS-ab62abd184a9f7,Galway City Council,732,Farmhouse at Ballindooley Cross,,,53.3128254,-9.0246713,authority_supplied_itm_transformed,site_point,531718,729662,EPSG:2157,,2025-02-05,,https://files.galwaycity.ie/gccfiles/?r=/download&path=L0RlcGFydG1lbnRzL0Vudmlyb25tZW50L0RlcmVsaWN0IFNpdGVzL0RlcmVsaWN0IFNpdGUgUmVnaXN0ZXIgMzEuMDcuMjAyNi5wZGY%3D,2026-07-31,2026-08-08,PDF,pdf_table_extraction,structured_pdf_auto
IE-DS-b927b31f74da9a,Galway City Council,690,"5 Dock Road, The Docks",,H91 X983,53.2702315,-9.0517926,authority_supplied_itm_transformed,site_point,529841,724949,EPSG:2157,,2025-01-31,400000,https://files.galwaycity.ie/gccfiles/?r=/download&path=L0RlcGFydG1lbnRzL0Vudmlyb25tZW50L0RlcmVsaWN0IFNpdGVzL0RlcmVsaWN0IFNpdGUgUmVnaXN0ZXIgMzEuMDcuMjAyNi5wZGY%3D,2026-07-31,2026-08-08,PDF,pdf_table_extraction,structured_pdf_auto
IE-DS-55ca347edd2128,Galway City Council,650,"47 Dublin Road, Renmore",,H91 FC3F,53.2777004,-9.015464,authority_supplied_itm_transformed,site_point,532276,725745,EPSG:2157,,2025-02-12,300000,https://files.galwaycity.ie/gccfiles/?r=/download&path=L0RlcGFydG1lbnRzL0Vudmlyb25tZW50L0RlcmVsaWN0IFNpdGVzL0RlcmVsaWN0IFNpdGUgUmVnaXN0ZXIgMzEuMDcuMjAyNi5wZGY%3D,2026-07-31,2026-08-08,PDF,pdf_table_extraction,structured_pdf_auto
IE-DS-e2942a47b14b7f,Galway City Council,651,"49 Dublin Road, Renmore",,H91 Y7WP,53.2776745,-9.0153434,authority_supplied_itm_transformed,site_point,532284,725742,EPSG:2157,,2025-02-12,370000,https://files.galwaycity.ie/gccfiles/?r=/download&path=L0RlcGFydG1lbnRzL0Vudmlyb25tZW50L0RlcmVsaWN0IFNpdGVzL0RlcmVsaWN0IFNpdGUgUmVnaXN0ZXIgMzEuMDcuMjAyNi5wZGY%3D,2026-07-31,2026-08-08,PDF,pdf_table_extraction,structured_pdf_auto
IE-DS-38c139b334c4fb,Galway City Council,652,"51 Dublin Road, Renmore",,H91 H28F,53.2776049,-9.0150719,authority_supplied_itm_transformed,site_point,532302,725734,EPSG:2157,,2025-02-12,390000,https://files.galwaycity.ie/gccfiles/?r=/download&path=L0RlcGFydG1lbnRzL0Vudmlyb25tZW50L0RlcmVsaWN0IFNpdGVzL0RlcmVsaWN0IFNpdGUgUmVnaXN0ZXIgMzEuMDcuMjAyNi5wZGY%3D,2026-07-31,2026-08-08,PDF,pdf_table_extraction,structured_pdf_auto
IE-DS-9aad430762efba,Galway City Council,277,"Commercial Building, Dublin Road (Opposite ATU)",,,53.2771427,-9.012347,authority_supplied_itm_transformed,site_point,532483,725680,EPSG:2157,,2025-02-12,,https://files.galwaycity.ie/gccfiles/?r=/download&path=L0RlcGFydG1lbnRzL0Vudmlyb25tZW50L0RlcmVsaWN0IFNpdGVzL0RlcmVsaWN0IFNpdGUgUmVnaXN0ZXIgMzEuMDcuMjAyNi5wZGY%3D,2026-07-31,2026-08-08,PDF,pdf_table_extraction,structured_pdf_auto
IE-DS-6b0c05e0b5a18a,Galway City Council,595,"13 Glenard Avenue, Salthill",,H91 PPF9,53.2648126,-9.0868115,authority_supplied_itm_transformed,site_point,527496,724381,EPSG:2157,,2025-02-18,750000,https://files.galwaycity.ie/gccfiles/?r=/download&path=L0RlcGFydG1lbnRzL0Vudmlyb25tZW50L0RlcmVsaWN0IFNpdGVzL0RlcmVsaWN0IFNpdGUgUmVnaXN0ZXIgMzEuMDcuMjAyNi5wZGY%3D,2026-07-31,2026-08-08,PDF,pdf_table_extraction,structured_pdf_auto
IE-DS-3c04c599e10b21,Galway City Council,345,"6 Newcastle Road, Galway",,,53.2729308,-9.0625938,authority_supplied_itm_transformed,site_point,529125,725260,EPSG:2157,,2025-02-18,950000,https://files.galwaycity.ie/gccfiles/?r=/download&path=L0RlcGFydG1lbnRzL0Vudmlyb25tZW50L0RlcmVsaWN0IFNpdGVzL0RlcmVsaWN0IFNpdGUgUmVnaXN0ZXIgMzEuMDcuMjAyNi5wZGY%3D,2026-07-31,2026-08-08,PDF,pdf_table_extraction,structured_pdf_auto
IE-DS-3cff025c487925,Galway City Council,606,"4 New Dock Street, Galway",,H91 DE7K,53.2701028,-9.0521192,authority_supplied_itm_transformed,site_point,529819,724935,EPSG:2157,,2025-03-05,,https://files.galwaycity.ie/gccfiles/?r=/download&path=L0RlcGFydG1lbnRzL0Vudmlyb25tZW50L0RlcmVsaWN0IFNpdGVzL0RlcmVsaWN0IFNpdGUgUmVnaXN0ZXIgMzEuMDcuMjAyNi5wZGY%3D,2026-07-31,2026-08-08,PDF,pdf_table_extraction,structured_pdf_auto
IE-DS-56ed3ce98a335e,Galway City Council,605,4 Dock Road,,,53.2701861,-9.0518514,authority_supplied_itm_transformed,site_point,529837,724944,EPSG:2157,,2025-03-05,400000,https://files.galwaycity.ie/gccfiles/?r=/download&path=L0RlcGFydG1lbnRzL0Vudmlyb25tZW50L0RlcmVsaWN0IFNpdGVzL0RlcmVsaWN0IFNpdGUgUmVnaXN0ZXIgMzEuMDcuMjAyNi5wZGY%3D,2026-07-31,2026-08-08,PDF,pdf_table_extraction,structured_pdf_auto
IE-DS-eee645a5d530e4,Galway City Council,610,"100 Knocknacarra Park, Salthill",,H91 C58E,53.2649309,-9.1100644,authority_supplied_itm_transformed,site_point,525945,724418,EPSG:2157,,2025-03-25,375000,https://files.galwaycity.ie/gccfiles/?r=/download&path=L0RlcGFydG1lbnRzL0Vudmlyb25tZW50L0RlcmVsaWN0IFNpdGVzL0RlcmVsaWN0IFNpdGUgUmVnaXN0ZXIgMzEuMDcuMjAyNi5wZGY%3D,2026-07-31,2026-08-08,PDF,pdf_table_extraction,structured_pdf_auto
IE-DS-ce31f99f5a5b35,Galway City Council,739,"Prospect House, 8 Prospect Hill",,H91 T2D3,53.2752751,-9.0485428,authority_supplied_itm_transformed,site_point,530066,725507,EPSG:2157,,2025-04-08,,https://files.galwaycity.ie/gccfiles/?r=/download&path=L0RlcGFydG1lbnRzL0Vudmlyb25tZW50L0RlcmVsaWN0IFNpdGVzL0RlcmVsaWN0IFNpdGUgUmVnaXN0ZXIgMzEuMDcuMjAyNi5wZGY%3D,2026-07-31,2026-08-08,PDF,pdf_table_extraction,structured_pdf_auto
IE-DS-323832bfbef96c,Galway City Council,603,"Queen Street, Galway",,,53.2725766,-9.0488066,authority_supplied_itm_transformed,site_point,530044,725207,EPSG:2157,,2025-04-28,600000,https://files.galwaycity.ie/gccfiles/?r=/download&path=L0RlcGFydG1lbnRzL0Vudmlyb25tZW50L0RlcmVsaWN0IFNpdGVzL0RlcmVsaWN0IFNpdGUgUmVnaXN0ZXIgMzEuMDcuMjAyNi5wZGY%3D,2026-07-31,2026-08-08,PDF,pdf_table_extraction,structured_pdf_auto
IE-DS-fc9d5fd9761b89,Galway City Council,689,"Seaport House, 15 New Dock Street,",,H91 Y7R2,53.2699664,-9.0522958,authority_supplied_itm_transformed,site_point,529807,724920,EPSG:2157,,2025-04-28,850000,https://files.galwaycity.ie/gccfiles/?r=/download&path=L0RlcGFydG1lbnRzL0Vudmlyb25tZW50L0RlcmVsaWN0IFNpdGVzL0RlcmVsaWN0IFNpdGUgUmVnaXN0ZXIgMzEuMDcuMjAyNi5wZGY%3D,2026-07-31,2026-08-08,PDF,pdf_table_extraction,structured_pdf_auto
IE-DS-20ad0d921b8bc6,Galway City Council,756,"Abbey Community Hall, Newtownsmith",,H91 AW6X,53.2748611,-9.054725,authority_supplied_itm_transformed,site_point,529653,725467,EPSG:2157,,2025-04-28,,https://files.galwaycity.ie/gccfiles/?r=/download&path=L0RlcGFydG1lbnRzL0Vudmlyb25tZW50L0RlcmVsaWN0IFNpdGVzL0RlcmVsaWN0IFNpdGUgUmVnaXN0ZXIgMzEuMDcuMjAyNi5wZGY%3D,2026-07-31,2026-08-08,PDF,pdf_table_extraction,structured_pdf_auto
IE-DS-f23dd3b0e08201,Galway City Council,783,"Saint Evans, 117 Upper Salthill",,H91 XN26,53.2621204,-9.0734628,authority_supplied_itm_transformed,site_point,528382,724068,EPSG:2157,,2025-05-02,750000,https://files.galwaycity.ie/gccfiles/?r=/download&path=L0RlcGFydG1lbnRzL0Vudmlyb25tZW50L0RlcmVsaWN0IFNpdGVzL0RlcmVsaWN0IFNpdGUgUmVnaXN0ZXIgMzEuMDcuMjAyNi5wZGY%3D,2026-07-31,2026-08-08,PDF,pdf_table_extraction,structured_pdf_auto
IE-DS-96a4dfb56e9330,Galway City Council,784,"Atlantic View House, 162 Upper Salthill",,,53.2623881,-9.0736793,authority_supplied_itm_transformed,site_point,528368,724098,EPSG:2157,,2025-05-02,1000000,https://files.galwaycity.ie/gccfiles/?r=/download&path=L0RlcGFydG1lbnRzL0Vudmlyb25tZW50L0RlcmVsaWN0IFNpdGVzL0RlcmVsaWN0IFNpdGUgUmVnaXN0ZXIgMzEuMDcuMjAyNi5wZGY%3D,2026-07-31,2026-08-08,PDF,pdf_table_extraction,structured_pdf_auto
IE-DS-d007f1776491ea,Galway City Council,741,1 Lombard Street,,H91 AX94,53.272932,-9.0543627,authority_supplied_itm_transformed,site_point,529674,725252,EPSG:2157,,2025-05-08,1000000,https://files.galwaycity.ie/gccfiles/?r=/download&path=L0RlcGFydG1lbnRzL0Vudmlyb25tZW50L0RlcmVsaWN0IFNpdGVzL0RlcmVsaWN0IFNpdGUgUmVnaXN0ZXIgMzEuMDcuMjAyNi5wZGY%3D,2026-07-31,2026-08-08,PDF,pdf_table_extraction,structured_pdf_auto
IE-DS-bfe86c081f3c1c,Galway City Council,623,30 Woodquay,,H91 T6NH,53.2756278,-9.0523748,authority_supplied_itm_transformed,site_point,529811,725550,EPSG:2157,,2025-05-08,400000,https://files.galwaycity.ie/gccfiles/?r=/download&path=L0RlcGFydG1lbnRzL0Vudmlyb25tZW50L0RlcmVsaWN0IFNpdGVzL0RlcmVsaWN0IFNpdGUgUmVnaXN0ZXIgMzEuMDcuMjAyNi5wZGY%3D,2026-07-31,2026-08-08,PDF,pdf_table_extraction,structured_pdf_auto
IE-DS-1e56675b7bddfa,Galway City Council,745,St. Hellen's Flood Street,,H91 F8PT,53.2705213,-9.0535837,authority_supplied_itm_transformed,site_point,529722,724983,EPSG:2157,,2025-05-08,950000,https://files.galwaycity.ie/gccfiles/?r=/download&path=L0RlcGFydG1lbnRzL0Vudmlyb25tZW50L0RlcmVsaWN0IFNpdGVzL0RlcmVsaWN0IFNpdGUgUmVnaXN0ZXIgMzEuMDcuMjAyNi5wZGY%3D,2026-07-31,2026-08-08,PDF,pdf_table_extraction,structured_pdf_auto
IE-DS-44251c23535e0a,Galway City Council,642,"Spire House, 56 Shantalla Road",,H91 PH6T,53.2728689,-9.0715281,authority_supplied_itm_transformed,site_point,528529,725262,EPSG:2157,,2025-05-14,1500000,https://files.galwaycity.ie/gccfiles/?r=/download&path=L0RlcGFydG1lbnRzL0Vudmlyb25tZW50L0RlcmVsaWN0IFNpdGVzL0RlcmVsaWN0IFNpdGUgUmVnaXN0ZXIgMzEuMDcuMjAyNi5wZGY%3D,2026-07-31,2026-08-08,PDF,pdf_table_extraction,structured_pdf_auto
IE-DS-5695b72c4dd8d5,Galway City Council,780,17 New Dock Street,,H91 V5DE,53.2699223,-9.0522047,authority_supplied_itm_transformed,site_point,529813,724915,EPSG:2157,,2025-05-16,2000000,https://files.galwaycity.ie/gccfiles/?r=/download&path=L0RlcGFydG1lbnRzL0Vudmlyb25tZW50L0RlcmVsaWN0IFNpdGVzL0RlcmVsaWN0IFNpdGUgUmVnaXN0ZXIgMzEuMDcuMjAyNi5wZGY%3D,2026-07-31,2026-08-08,PDF,pdf_table_extraction,structured_pdf_auto
IE-DS-b4df30eb369ba6,Galway City Council,752,"24 Devon Park, Salthill",,,53.265784,-9.072835,authority_supplied_itm_transformed,site_point,528430,724475,EPSG:2157,,2025-05-20,750000,https://files.galwaycity.ie/gccfiles/?r=/download&path=L0RlcGFydG1lbnRzL0Vudmlyb25tZW50L0RlcmVsaWN0IFNpdGVzL0RlcmVsaWN0IFNpdGUgUmVnaXN0ZXIgMzEuMDcuMjAyNi5wZGY%3D,2026-07-31,2026-08-08,PDF,pdf_table_extraction,structured_pdf_auto
IE-DS-1134c31bcaf09a,Galway City Council,585,"Kingston Road, Galway (next to H91 TD8H)",,H91 TD8H,53.2677229,-9.0899435,authority_supplied_itm_transformed,site_point,527292,724708,EPSG:2157,,2025-05-20,950000,https://files.galwaycity.ie/gccfiles/?r=/download&path=L0RlcGFydG1lbnRzL0Vudmlyb25tZW50L0RlcmVsaWN0IFNpdGVzL0RlcmVsaWN0IFNpdGUgUmVnaXN0ZXIgMzEuMDcuMjAyNi5wZGY%3D,2026-07-31,2026-08-08,PDF,pdf_table_extraction,structured_pdf_auto
IE-DS-185bda58b57958,Galway City Council,60,"22 Water Lane, Prospect Hill",,,53.2786233,-9.0479949,authority_supplied_itm_transformed,site_point,530108,725879,EPSG:2157,,2025-05-23,300000,https://files.galwaycity.ie/gccfiles/?r=/download&path=L0RlcGFydG1lbnRzL0Vudmlyb25tZW50L0RlcmVsaWN0IFNpdGVzL0RlcmVsaWN0IFNpdGUgUmVnaXN0ZXIgMzEuMDcuMjAyNi5wZGY%3D,2026-07-31,2026-08-08,PDF,pdf_table_extraction,structured_pdf_auto
IE-DS-b9f1a3b566d3a1,Galway City Council,281,"45 St Mary's Road,",,H91 KAX2,53.2722356,-9.0629514,authority_supplied_itm_transformed,site_point,529100,725183,EPSG:2157,,2025-05-23,400000,https://files.galwaycity.ie/gccfiles/?r=/download&path=L0RlcGFydG1lbnRzL0Vudmlyb25tZW50L0RlcmVsaWN0IFNpdGVzL0RlcmVsaWN0IFNpdGUgUmVnaXN0ZXIgMzEuMDcuMjAyNi5wZGY%3D,2026-07-31,2026-08-08,PDF,pdf_table_extraction,structured_pdf_auto
IE-DS-0540eb7cd955ac,Galway City Council,656,75 Shantalla Road,,H91 WVX9,53.2725563,-9.0682968,authority_supplied_itm_transformed,site_point,528744,725224,EPSG:2157,,2025-05-23,400000,https://files.galwaycity.ie/gccfiles/?r=/download&path=L0RlcGFydG1lbnRzL0Vudmlyb25tZW50L0RlcmVsaWN0IFNpdGVzL0RlcmVsaWN0IFNpdGUgUmVnaXN0ZXIgMzEuMDcuMjAyNi5wZGY%3D,2026-07-31,2026-08-08,PDF,pdf_table_extraction,structured_pdf_auto
IE-DS-3118c53c1e7033,Galway City Council,778,103 Bohermore,,H91 HP2N,53.2782827,-9.0458423,authority_supplied_itm_transformed,site_point,530251,725839,EPSG:2157,,2025-05-23,350000,https://files.galwaycity.ie/gccfiles/?r=/download&path=L0RlcGFydG1lbnRzL0Vudmlyb25tZW50L0RlcmVsaWN0IFNpdGVzL0RlcmVsaWN0IFNpdGUgUmVnaXN0ZXIgMzEuMDcuMjAyNi5wZGY%3D,2026-07-31,2026-08-08,PDF,pdf_table_extraction,structured_pdf_auto
IE-DS-f48e80d36a1e37,Galway City Council,738,"Summerdale House, Bishop O'Donnell Road",,H91 E6CH,53.2717883,-9.0866586,authority_supplied_itm_transformed,site_point,527518,725157,EPSG:2157,,2025-06-09,900000,https://files.galwaycity.ie/gccfiles/?r=/download&path=L0RlcGFydG1lbnRzL0Vudmlyb25tZW50L0RlcmVsaWN0IFNpdGVzL0RlcmVsaWN0IFNpdGUgUmVnaXN0ZXIgMzEuMDcuMjAyNi5wZGY%3D,2026-07-31,2026-08-08,PDF,pdf_table_extraction,structured_pdf_auto
IE-DS-5757a45584c615,Galway City Council,766,"1 Sylvan Heights, Fairlands Park, Newcastle",,H91 X2PN,53.2845179,-9.0723894,authority_supplied_itm_transformed,site_point,528491,726559,EPSG:2157,,2025-07-01,490000,https://files.galwaycity.ie/gccfiles/?r=/download&path=L0RlcGFydG1lbnRzL0Vudmlyb25tZW50L0RlcmVsaWN0IFNpdGVzL0RlcmVsaWN0IFNpdGUgUmVnaXN0ZXIgMzEuMDcuMjAyNi5wZGY%3D,2026-07-31,2026-08-08,PDF,pdf_table_extraction,structured_pdf_auto
IE-DS-dcb146fedf6eb7,Galway City Council,782,"Former T. O'Higgins Hardware, Rahoon Road, Shantalla",,H91 W2DP,53.2732866,-9.0730528,authority_supplied_itm_transformed,site_point,528428,725310,EPSG:2157,,2025-07-01,,https://files.galwaycity.ie/gccfiles/?r=/download&path=L0RlcGFydG1lbnRzL0Vudmlyb25tZW50L0RlcmVsaWN0IFNpdGVzL0RlcmVsaWN0IFNpdGUgUmVnaXN0ZXIgMzEuMDcuMjAyNi5wZGY%3D,2026-07-31,2026-08-08,PDF,pdf_table_extraction,structured_pdf_auto
IE-DS-a7df20af72fd59,Galway City Council,844,"20 Sruthan Mhuirlinne, Ballybane",,H91 AY9T,53.2816056,-8.9978764,authority_supplied_itm_transformed,site_point,533455,726163,EPSG:2157,,2025-07-08,260000,https://files.galwaycity.ie/gccfiles/?r=/download&path=L0RlcGFydG1lbnRzL0Vudmlyb25tZW50L0RlcmVsaWN0IFNpdGVzL0RlcmVsaWN0IFNpdGUgUmVnaXN0ZXIgMzEuMDcuMjAyNi5wZGY%3D,2026-07-31,2026-08-08,PDF,pdf_table_extraction,structured_pdf_auto
IE-DS-f6eced2056127e,Galway City Council,319,"Former Burren Mount Hotel, Salthill Road Upper",,H91 EY28,53.2592762,-9.077903,authority_supplied_itm_transformed,site_point,528081,723756,EPSG:2157,,2025-07-10,1500000,https://files.galwaycity.ie/gccfiles/?r=/download&path=L0RlcGFydG1lbnRzL0Vudmlyb25tZW50L0RlcmVsaWN0IFNpdGVzL0RlcmVsaWN0IFNpdGUgUmVnaXN0ZXIgMzEuMDcuMjAyNi5wZGY%3D,2026-07-31,2026-08-08,PDF,pdf_table_extraction,structured_pdf_auto
IE-DS-5ccbc34baa8303,Galway City Council,593,"Derrynane, Clybaun Road, Knocknacarra",,H91 NC2Y,53.2654761,-9.1065258,authority_supplied_itm_transformed,site_point,526182,724475,EPSG:2157,,2025-07-22,620000,https://files.galwaycity.ie/gccfiles/?r=/download&path=L0RlcGFydG1lbnRzL0Vudmlyb25tZW50L0RlcmVsaWN0IFNpdGVzL0RlcmVsaWN0IFNpdGUgUmVnaXN0ZXIgMzEuMDcuMjAyNi5wZGY%3D,2026-07-31,2026-08-08,PDF,pdf_table_extraction,structured_pdf_auto
IE-DS-0318d43efee4dc,Galway City Council,760,"Former Nurses Building, University College Hospital, Galway",,H91 YXH6,53.2773241,-9.064787,authority_supplied_itm_transformed,site_point,528986,725751,EPSG:2157,,2025-07-25,3500000,https://files.galwaycity.ie/gccfiles/?r=/download&path=L0RlcGFydG1lbnRzL0Vudmlyb25tZW50L0RlcmVsaWN0IFNpdGVzL0RlcmVsaWN0IFNpdGUgUmVnaXN0ZXIgMzEuMDcuMjAyNi5wZGY%3D,2026-07-31,2026-08-08,PDF,pdf_table_extraction,structured_pdf_auto
IE-DS-d01a00383ab38b,Galway City Council,637,52 Father Griffin Road,,H91 KRH1,53.2671317,-9.0628398,authority_supplied_itm_transformed,site_point,529099,724615,EPSG:2157,,2025-05-23,675000,https://files.galwaycity.ie/gccfiles/?r=/download&path=L0RlcGFydG1lbnRzL0Vudmlyb25tZW50L0RlcmVsaWN0IFNpdGVzL0RlcmVsaWN0IFNpdGUgUmVnaXN0ZXIgMzEuMDcuMjAyNi5wZGY%3D,2026-07-31,2026-08-08,PDF,pdf_table_extraction,structured_pdf_auto
IE-DS-8eff2baacae3ab,Galway City Council,799,5/7/9 Abbeygate Street Upper,,,53.2734502,-9.0526812,authority_supplied_itm_transformed,site_point,529787,725308,EPSG:2157,,2025-08-11,550000,https://files.galwaycity.ie/gccfiles/?r=/download&path=L0RlcGFydG1lbnRzL0Vudmlyb25tZW50L0RlcmVsaWN0IFNpdGVzL0RlcmVsaWN0IFNpdGUgUmVnaXN0ZXIgMzEuMDcuMjAyNi5wZGY%3D,2026-07-31,2026-08-08,PDF,pdf_table_extraction,structured_pdf_auto
IE-DS-2df665eb7a3345,Galway City Council,184,"Former Shamrock Lodge, Satlhill Road Upper",,H91 X2PW,53.2595439,-9.0781196,authority_supplied_itm_transformed,site_point,528067,723786,EPSG:2157,,2025-08-11,750000,https://files.galwaycity.ie/gccfiles/?r=/download&path=L0RlcGFydG1lbnRzL0Vudmlyb25tZW50L0RlcmVsaWN0IFNpdGVzL0RlcmVsaWN0IFNpdGUgUmVnaXN0ZXIgMzEuMDcuMjAyNi5wZGY%3D,2026-07-31,2026-08-08,PDF,pdf_table_extraction,structured_pdf_auto
IE-DS-040be50748c736,Galway City Council,516,26 & 34 Nun's Island,,H91 E27E,53.2719793,-9.0574127,authority_supplied_itm_transformed,site_point,529469,725149,EPSG:2157,,2025-08-11,1200000,https://files.galwaycity.ie/gccfiles/?r=/download&path=L0RlcGFydG1lbnRzL0Vudmlyb25tZW50L0RlcmVsaWN0IFNpdGVzL0RlcmVsaWN0IFNpdGUgUmVnaXN0ZXIgMzEuMDcuMjAyNi5wZGY%3D,2026-07-31,2026-08-08,PDF,pdf_table_extraction,structured_pdf_auto
IE-DS-4e406924ab978f,Galway City Council,715,"85 Salthill Road Lower,",,H91 AP6K,53.26427,-9.0722874,authority_supplied_itm_transformed,site_point,528464,724306,EPSG:2157,,2025-08-11,,https://files.galwaycity.ie/gccfiles/?r=/download&path=L0RlcGFydG1lbnRzL0Vudmlyb25tZW50L0RlcmVsaWN0IFNpdGVzL0RlcmVsaWN0IFNpdGUgUmVnaXN0ZXIgMzEuMDcuMjAyNi5wZGY%3D,2026-07-31,2026-08-08,PDF,pdf_table_extraction,structured_pdf_auto
IE-DS-def11f0ed06887,Galway City Council,830,13 Shop Street,,H91 A0V5,53.2726497,-9.0527515,authority_supplied_itm_transformed,site_point,529781,725219,EPSG:2157,,2025-08-20,,https://files.galwaycity.ie/gccfiles/?r=/download&path=L0RlcGFydG1lbnRzL0Vudmlyb25tZW50L0RlcmVsaWN0IFNpdGVzL0RlcmVsaWN0IFNpdGUgUmVnaXN0ZXIgMzEuMDcuMjAyNi5wZGY%3D,2026-07-31,2026-08-08,PDF,pdf_table_extraction,structured_pdf_auto
IE-DS-a63e7fc23111e4,Galway City Council,785,"Merlin Park Lane, Doughiska",,,53.2789291,-8.9825191,authority_supplied_itm_transformed,site_point,534475,725851,EPSG:2157,,2025-09-10,,https://files.galwaycity.ie/gccfiles/?r=/download&path=L0RlcGFydG1lbnRzL0Vudmlyb25tZW50L0RlcmVsaWN0IFNpdGVzL0RlcmVsaWN0IFNpdGUgUmVnaXN0ZXIgMzEuMDcuMjAyNi5wZGY%3D,2026-07-31,2026-08-08,PDF,pdf_table_extraction,structured_pdf_auto
IE-DS-87fb915977e09c,Galway City Council,657,20 Prospect Hill,,H91 X651,53.2755738,-9.0483102,authority_supplied_itm_transformed,site_point,530082,725540,EPSG:2157,,2025-09-10,,https://files.galwaycity.ie/gccfiles/?r=/download&path=L0RlcGFydG1lbnRzL0Vudmlyb25tZW50L0RlcmVsaWN0IFNpdGVzL0RlcmVsaWN0IFNpdGUgUmVnaXN0ZXIgMzEuMDcuMjAyNi5wZGY%3D,2026-07-31,2026-08-08,PDF,pdf_table_extraction,structured_pdf_auto
IE-DS-5683f3a1c17779,Galway City Council,806,Warehouse at Victoria Place,,,53.2731937,-9.048132,authority_supplied_itm_transformed,site_point,530090,725275,EPSG:2157,,2025-09-10,1200000,https://files.galwaycity.ie/gccfiles/?r=/download&path=L0RlcGFydG1lbnRzL0Vudmlyb25tZW50L0RlcmVsaWN0IFNpdGVzL0RlcmVsaWN0IFNpdGUgUmVnaXN0ZXIgMzEuMDcuMjAyNi5wZGY%3D,2026-07-31,2026-08-08,PDF,pdf_table_extraction,structured_pdf_auto
IE-DS-ae14ef5d1ec325,Galway City Council,790,"9 Ocean Wave, Salthill",,H91 DH6K,53.264524,-9.069026,authority_supplied_itm_transformed,site_point,528682,724331,EPSG:2157,,2025-09-22,,https://files.galwaycity.ie/gccfiles/?r=/download&path=L0RlcGFydG1lbnRzL0Vudmlyb25tZW50L0RlcmVsaWN0IFNpdGVzL0RlcmVsaWN0IFNpdGUgUmVnaXN0ZXIgMzEuMDcuMjAyNi5wZGY%3D,2026-07-31,2026-08-08,PDF,pdf_table_extraction,structured_pdf_auto
IE-DS-e217cd6d45709d,Galway City Council,804,"Ashley Park, Lower Dangan",,H91 R8RW,53.2900739,-9.0771782,authority_supplied_itm_transformed,site_point,528181,727182,EPSG:2157,,2025-10-07,,https://files.galwaycity.ie/gccfiles/?r=/download&path=L0RlcGFydG1lbnRzL0Vudmlyb25tZW50L0RlcmVsaWN0IFNpdGVzL0RlcmVsaWN0IFNpdGUgUmVnaXN0ZXIgMzEuMDcuMjAyNi5wZGY%3D,2026-07-31,2026-08-08,PDF,pdf_table_extraction,structured_pdf_auto
IE-DS-9ed049845c5ff2,Galway City Council,851,23 Eyre Square,,H91 PV2A,53.2738812,-9.0496631,authority_supplied_itm_transformed,site_point,529989,725353,EPSG:2157,,2025-10-10,,https://files.galwaycity.ie/gccfiles/?r=/download&path=L0RlcGFydG1lbnRzL0Vudmlyb25tZW50L0RlcmVsaWN0IFNpdGVzL0RlcmVsaWN0IFNpdGUgUmVnaXN0ZXIgMzEuMDcuMjAyNi5wZGY%3D,2026-07-31,2026-08-08,PDF,pdf_table_extraction,structured_pdf_auto
IE-DS-6fb4d337f5c32a,Galway City Council,849,"7 An Sean Bhaile, Doughiska",,H91 C6CH,53.2896241,-8.9868741,authority_supplied_itm_transformed,site_point,534201,727045,EPSG:2157,,2025-10-10,,https://files.galwaycity.ie/gccfiles/?r=/download&path=L0RlcGFydG1lbnRzL0Vudmlyb25tZW50L0RlcmVsaWN0IFNpdGVzL0RlcmVsaWN0IFNpdGUgUmVnaXN0ZXIgMzEuMDcuMjAyNi5wZGY%3D,2026-07-31,2026-08-08,PDF,pdf_table_extraction,structured_pdf_auto
IE-DS-2ed2ef7cc6bde5,Galway City Council,777,"House next to (north) of Clada Group, Headford Road",,,53.3018229,-9.0342649,authority_supplied_itm_transformed,site_point,531061,728447,EPSG:2157,,2025-10-20,,https://files.galwaycity.ie/gccfiles/?r=/download&path=L0RlcGFydG1lbnRzL0Vudmlyb25tZW50L0RlcmVsaWN0IFNpdGVzL0RlcmVsaWN0IFNpdGUgUmVnaXN0ZXIgMzEuMDcuMjAyNi5wZGY%3D,2026-07-31,2026-08-08,PDF,pdf_table_extraction,structured_pdf_auto
IE-DS-799d4d5c429415,Galway City Council,625,"34 St Mary's Magdelene Terrace, Forster Street",,H91 F2PY,53.2752669,-9.0443593,authority_supplied_itm_transformed,site_point,530345,725502,EPSG:2157,,2025-10-24,,https://files.galwaycity.ie/gccfiles/?r=/download&path=L0RlcGFydG1lbnRzL0Vudmlyb25tZW50L0RlcmVsaWN0IFNpdGVzL0RlcmVsaWN0IFNpdGUgUmVnaXN0ZXIgMzEuMDcuMjAyNi5wZGY%3D,2026-07-31,2026-08-08,PDF,pdf_table_extraction,structured_pdf_auto
IE-DS-8e566a45c938cf,Galway City Council,818,134 College Road,,H91 D710,53.2804179,-9.0349477,authority_supplied_itm_transformed,site_point,530981,726066,EPSG:2157,,2025-10-24,,https://files.galwaycity.ie/gccfiles/?r=/download&path=L0RlcGFydG1lbnRzL0Vudmlyb25tZW50L0RlcmVsaWN0IFNpdGVzL0RlcmVsaWN0IFNpdGUgUmVnaXN0ZXIgMzEuMDcuMjAyNi5wZGY%3D,2026-07-31,2026-08-08,PDF,pdf_table_extraction,structured_pdf_auto
IE-DS-7511a70d766c25,Galway City Council,724,"229 Castlepark, Ballybane",,H91 HF5H,53.2841433,-9.004984,authority_supplied_itm_transformed,site_point,532985,726452,EPSG:2157,,2025-10-28,,https://files.galwaycity.ie/gccfiles/?r=/download&path=L0RlcGFydG1lbnRzL0Vudmlyb25tZW50L0RlcmVsaWN0IFNpdGVzL0RlcmVsaWN0IFNpdGUgUmVnaXN0ZXIgMzEuMDcuMjAyNi5wZGY%3D,2026-07-31,2026-08-08,PDF,pdf_table_extraction,structured_pdf_auto
IE-DS-3445bea086e0fc,Galway City Council,841,"Former Spiniker Hotel, Knocknacarra",,H91 TH26,53.2580327,-9.1018523,authority_supplied_itm_transformed,site_point,526481,723642,EPSG:2157,,2025-10-31,,https://files.galwaycity.ie/gccfiles/?r=/download&path=L0RlcGFydG1lbnRzL0Vudmlyb25tZW50L0RlcmVsaWN0IFNpdGVzL0RlcmVsaWN0IFNpdGUgUmVnaXN0ZXIgMzEuMDcuMjAyNi5wZGY%3D,2026-07-31,2026-08-08,PDF,pdf_table_extraction,structured_pdf_auto
IE-DS-7317bf4de5018f,Galway City Council,871,10 Eyre Street,,H91 F6PN,53.2753451,-9.0518281,authority_supplied_itm_transformed,site_point,529847,725518,EPSG:2157,,2025-10-31,,https://files.galwaycity.ie/gccfiles/?r=/download&path=L0RlcGFydG1lbnRzL0Vudmlyb25tZW50L0RlcmVsaWN0IFNpdGVzL0RlcmVsaWN0IFNpdGUgUmVnaXN0ZXIgMzEuMDcuMjAyNi5wZGY%3D,2026-07-31,2026-08-08,PDF,pdf_table_extraction,structured_pdf_auto
IE-DS-14ef82c5fdc0f3,Galway City Council,866,2 William Street West,,H91 AX5V,53.2701661,-9.059182,authority_supplied_itm_transformed,site_point,529348,724949,EPSG:2157,,2025-11-05,,https://files.galwaycity.ie/gccfiles/?r=/download&path=L0RlcGFydG1lbnRzL0Vudmlyb25tZW50L0RlcmVsaWN0IFNpdGVzL0RlcmVsaWN0IFNpdGUgUmVnaXN0ZXIgMzEuMDcuMjAyNi5wZGY%3D,2026-07-31,2026-08-08,PDF,pdf_table_extraction,structured_pdf_auto
IE-DS-8442e507c9c221,Galway City Council,860,"Avila House, Tuam Road",,H91 XE9T,53.2942697,-9.016937,authority_supplied_itm_transformed,site_point,532204,727590,EPSG:2157,,2025-11-05,,https://files.galwaycity.ie/gccfiles/?r=/download&path=L0RlcGFydG1lbnRzL0Vudmlyb25tZW50L0RlcmVsaWN0IFNpdGVzL0RlcmVsaWN0IFNpdGUgUmVnaXN0ZXIgMzEuMDcuMjAyNi5wZGY%3D,2026-07-31,2026-08-08,PDF,pdf_table_extraction,structured_pdf_auto
IE-DS-d7d98b87162189,Galway City Council,861,"Glenanail House, Tuam Road",,H91 NT2T,53.2943781,-9.0168646,authority_supplied_itm_transformed,site_point,532209,727602,EPSG:2157,,2025-11-05,,https://files.galwaycity.ie/gccfiles/?r=/download&path=L0RlcGFydG1lbnRzL0Vudmlyb25tZW50L0RlcmVsaWN0IFNpdGVzL0RlcmVsaWN0IFNpdGUgUmVnaXN0ZXIgMzEuMDcuMjAyNi5wZGY%3D,2026-07-31,2026-08-08,PDF,pdf_table_extraction,structured_pdf_auto
IE-DS-c45f9814182aca,Galway City Council,681,"Doorway (Exit for LifeStyle Sport), Abbeygate St Lower",,,53.2729451,-9.0518592,authority_supplied_itm_transformed,site_point,529841,725251,EPSG:2157,,2025-12-08,,https://files.galwaycity.ie/gccfiles/?r=/download&path=L0RlcGFydG1lbnRzL0Vudmlyb25tZW50L0RlcmVsaWN0IFNpdGVzL0RlcmVsaWN0IFNpdGUgUmVnaXN0ZXIgMzEuMDcuMjAyNi5wZGY%3D,2026-07-31,2026-08-08,PDF,pdf_table_extraction,structured_pdf_auto
IE-DS-d39d5a430fe70b,Galway City Council,872,9 Eyre Street,,H91 DH9D,53.2750892,-9.0523016,authority_supplied_itm_transformed,site_point,529815,725490,EPSG:2157,,2025-12-08,,https://files.galwaycity.ie/gccfiles/?r=/download&path=L0RlcGFydG1lbnRzL0Vudmlyb25tZW50L0RlcmVsaWN0IFNpdGVzL0RlcmVsaWN0IFNpdGUgUmVnaXN0ZXIgMzEuMDcuMjAyNi5wZGY%3D,2026-07-31,2026-08-08,PDF,pdf_table_extraction,structured_pdf_auto
IE-DS-b3ac69816302de,Galway City Council,883,"70 Ashleigh Grove, Ballymoneen Road",,H91 CC8D,53.2646445,-9.1147489,authority_supplied_itm_transformed,site_point,525632,724391,EPSG:2157,,2025-12-12,,https://files.galwaycity.ie/gccfiles/?r=/download&path=L0RlcGFydG1lbnRzL0Vudmlyb25tZW50L0RlcmVsaWN0IFNpdGVzL0RlcmVsaWN0IFNpdGUgUmVnaXN0ZXIgMzEuMDcuMjAyNi5wZGY%3D,2026-07-31,2026-08-08,PDF,pdf_table_extraction,structured_pdf_auto
IE-DS-e723d9bf8cc11c,Galway City Council,855,"Eglinton Court, Eglinton Street",,H91 XF3X,53.2748261,-9.0525801,authority_supplied_itm_transformed,site_point,529796,725461,EPSG:2157,,2025-12-12,,https://files.galwaycity.ie/gccfiles/?r=/download&path=L0RlcGFydG1lbnRzL0Vudmlyb25tZW50L0RlcmVsaWN0IFNpdGVzL0RlcmVsaWN0IFNpdGUgUmVnaXN0ZXIgMzEuMDcuMjAyNi5wZGY%3D,2026-07-31,2026-08-08,PDF,pdf_table_extraction,structured_pdf_auto
IE-DS-a6c5d2d975b27d,Galway City Council,735,"66 Rockfield Park, Rahoon",,H91 WCF5,53.2744429,-9.0872807,authority_supplied_itm_transformed,site_point,527481,725453,EPSG:2157,,2026-01-06,,https://files.galwaycity.ie/gccfiles/?r=/download&path=L0RlcGFydG1lbnRzL0Vudmlyb25tZW50L0RlcmVsaWN0IFNpdGVzL0RlcmVsaWN0IFNpdGUgUmVnaXN0ZXIgMzEuMDcuMjAyNi5wZGY%3D,2026-07-31,2026-08-08,PDF,pdf_table_extraction,structured_pdf_auto
IE-DS-b7c40d9c940d60,Galway City Council,823,22 Saint Bridgets Terrace,,H91 D4RH,53.2774623,-9.0481765,authority_supplied_itm_transformed,site_point,530094,725750,EPSG:2157,,2026-01-07,,https://files.galwaycity.ie/gccfiles/?r=/download&path=L0RlcGFydG1lbnRzL0Vudmlyb25tZW50L0RlcmVsaWN0IFNpdGVzL0RlcmVsaWN0IFNpdGUgUmVnaXN0ZXIgMzEuMDcuMjAyNi5wZGY%3D,2026-07-31,2026-08-08,PDF,pdf_table_extraction,structured_pdf_auto
IE-DS-b76bec915cff3a,Galway City Council,776,"Colonial Buildings, Eglinton Street",,H91 XWH3,53.2741808,-9.0513647,authority_supplied_itm_transformed,site_point,529876,725388,EPSG:2157,,2026-01-19,,https://files.galwaycity.ie/gccfiles/?r=/download&path=L0RlcGFydG1lbnRzL0Vudmlyb25tZW50L0RlcmVsaWN0IFNpdGVzL0RlcmVsaWN0IFNpdGUgUmVnaXN0ZXIgMzEuMDcuMjAyNi5wZGY%3D,2026-07-31,2026-08-08,PDF,pdf_table_extraction,structured_pdf_auto
IE-DS-808a17ac580be9,Galway City Council,863,"Deely's Café, 6 Mainguard Street",,H91 H2R9,53.272073,-9.0539367,authority_supplied_itm_transformed,site_point,529701,725156,EPSG:2157,,2026-01-23,,https://files.galwaycity.ie/gccfiles/?r=/download&path=L0RlcGFydG1lbnRzL0Vudmlyb25tZW50L0RlcmVsaWN0IFNpdGVzL0RlcmVsaWN0IFNpdGUgUmVnaXN0ZXIgMzEuMDcuMjAyNi5wZGY%3D,2026-07-31,2026-08-08,PDF,pdf_table_extraction,structured_pdf_auto
IE-DS-2e4ca4fb727e02,Galway City Council,903,"14 Cashelmara, Knocknacarra",,,53.2605653,-9.1069086,authority_supplied_itm_transformed,site_point,526148,723929,EPSG:2157,,2026-01-30,,https://files.galwaycity.ie/gccfiles/?r=/download&path=L0RlcGFydG1lbnRzL0Vudmlyb25tZW50L0RlcmVsaWN0IFNpdGVzL0RlcmVsaWN0IFNpdGUgUmVnaXN0ZXIgMzEuMDcuMjAyNi5wZGY%3D,2026-07-31,2026-08-08,PDF,pdf_table_extraction,structured_pdf_auto
IE-DS-abf694fb49cfa6,Galway City Council,817,"134 Dun na Mara Drive, Renmore",,H91 HC9P,53.2744503,-9.0234835,authority_supplied_itm_transformed,site_point,531736,725391,EPSG:2157,,2026-02-06,,https://files.galwaycity.ie/gccfiles/?r=/download&path=L0RlcGFydG1lbnRzL0Vudmlyb25tZW50L0RlcmVsaWN0IFNpdGVzL0RlcmVsaWN0IFNpdGUgUmVnaXN0ZXIgMzEuMDcuMjAyNi5wZGY%3D,2026-07-31,2026-08-08,PDF,pdf_table_extraction,structured_pdf_auto
IE-DS-f96dc59ebf73b6,Galway City Council,604,61 Newcastle Road,,H91 K2X7,53.2727008,-9.0621833,authority_supplied_itm_transformed,site_point,529152,725234,EPSG:2157,,2026-02-09,,https://files.galwaycity.ie/gccfiles/?r=/download&path=L0RlcGFydG1lbnRzL0Vudmlyb25tZW50L0RlcmVsaWN0IFNpdGVzL0RlcmVsaWN0IFNpdGUgUmVnaXN0ZXIgMzEuMDcuMjAyNi5wZGY%3D,2026-07-31,2026-08-08,PDF,pdf_table_extraction,structured_pdf_auto
IE-DS-a3f3446da36247,Galway City Council,809,53 Shantalla Road,,H91 NCN2,53.2729244,-9.070345,authority_supplied_itm_transformed,site_point,528608,725267,EPSG:2157,,2026-02-16,,https://files.galwaycity.ie/gccfiles/?r=/download&path=L0RlcGFydG1lbnRzL0Vudmlyb25tZW50L0RlcmVsaWN0IFNpdGVzL0RlcmVsaWN0IFNpdGUgUmVnaXN0ZXIgMzEuMDcuMjAyNi5wZGY%3D,2026-07-31,2026-08-08,PDF,pdf_table_extraction,structured_pdf_auto
IE-DS-c4344f9a9d6df7,Galway City Council,596,"47 Gaelcarrig Park, Newcastle",,H91 YF9X,53.2798657,-9.0780012,authority_supplied_itm_transformed,site_point,528109,726047,EPSG:2157,,2026-02-19,,https://files.galwaycity.ie/gccfiles/?r=/download&path=L0RlcGFydG1lbnRzL0Vudmlyb25tZW50L0RlcmVsaWN0IFNpdGVzL0RlcmVsaWN0IFNpdGUgUmVnaXN0ZXIgMzEuMDcuMjAyNi5wZGY%3D,2026-07-31,2026-08-08,PDF,pdf_table_extraction,structured_pdf_auto
IE-DS-0834e67dd55eea,Galway City Council,666,58 Prospect Hill,,H91 PNW8,53.2764811,-9.0473278,authority_supplied_itm_transformed,site_point,530149,725640,EPSG:2157,,2026-03-03,,https://files.galwaycity.ie/gccfiles/?r=/download&path=L0RlcGFydG1lbnRzL0Vudmlyb25tZW50L0RlcmVsaWN0IFNpdGVzL0RlcmVsaWN0IFNpdGUgUmVnaXN0ZXIgMzEuMDcuMjAyNi5wZGY%3D,2026-07-31,2026-08-08,PDF,pdf_table_extraction,structured_pdf_auto
IE-DS-70e2f9b0e663af,Galway City Council,822,"Portmore Building, Spanish Parade",,H91 P58E,53.2701754,-9.05407,authority_supplied_itm_transformed,site_point,529689,724945,EPSG:2157,,2026-03-03,,https://files.galwaycity.ie/gccfiles/?r=/download&path=L0RlcGFydG1lbnRzL0Vudmlyb25tZW50L0RlcmVsaWN0IFNpdGVzL0RlcmVsaWN0IFNpdGUgUmVnaXN0ZXIgMzEuMDcuMjAyNi5wZGY%3D,2026-07-31,2026-08-08,PDF,pdf_table_extraction,structured_pdf_auto
IE-DS-29ac93b454820b,Galway City Council,878,"Railway Cottage, Roscam (Rosshill)",,H91 RYW1,53.2731884,-8.9734816,authority_supplied_itm_transformed,site_point,535069,725204,EPSG:2157,,2026-03-04,,https://files.galwaycity.ie/gccfiles/?r=/download&path=L0RlcGFydG1lbnRzL0Vudmlyb25tZW50L0RlcmVsaWN0IFNpdGVzL0RlcmVsaWN0IFNpdGUgUmVnaXN0ZXIgMzEuMDcuMjAyNi5wZGY%3D,2026-07-31,2026-08-08,PDF,pdf_table_extraction,structured_pdf_auto
IE-DS-9266e689a8f730,Galway City Council,852,Commercial Unit at Oldenway Business Park,,H91 12R3,53.2896871,-9.0051591,authority_supplied_itm_transformed,site_point,532982,727069,EPSG:2157,,2026-03-11,,https://files.galwaycity.ie/gccfiles/?r=/download&path=L0RlcGFydG1lbnRzL0Vudmlyb25tZW50L0RlcmVsaWN0IFNpdGVzL0RlcmVsaWN0IFNpdGUgUmVnaXN0ZXIgMzEuMDcuMjAyNi5wZGY%3D,2026-07-31,2026-08-08,PDF,pdf_table_extraction,structured_pdf_auto
IE-DS-cf61f3e2b52624,Galway City Council,838,1 High Street,,H91 K5N5,53.2715432,-9.0538787,authority_supplied_itm_transformed,site_point,529704,725097,EPSG:2157,,2026-04-01,,https://files.galwaycity.ie/gccfiles/?r=/download&path=L0RlcGFydG1lbnRzL0Vudmlyb25tZW50L0RlcmVsaWN0IFNpdGVzL0RlcmVsaWN0IFNpdGUgUmVnaXN0ZXIgMzEuMDcuMjAyNi5wZGY%3D,2026-07-31,2026-08-08,PDF,pdf_table_extraction,structured_pdf_auto
IE-DS-6ed9f5d060ed89,Galway City Council,831,House at Ceathrú an Bhrúnaigh (Carrowbrowne),,H91 CPX5,53.3132835,-9.0225963,authority_supplied_itm_transformed,site_point,531857,729711,EPSG:2157,,2026-04-02,,https://files.galwaycity.ie/gccfiles/?r=/download&path=L0RlcGFydG1lbnRzL0Vudmlyb25tZW50L0RlcmVsaWN0IFNpdGVzL0RlcmVsaWN0IFNpdGUgUmVnaXN0ZXIgMzEuMDcuMjAyNi5wZGY%3D,2026-07-31,2026-08-08,PDF,pdf_table_extraction,structured_pdf_auto
IE-DS-954f98e8749224,Galway City Council,624,5a Newtownsmith,,,53.2743278,-9.0540522,authority_supplied_itm_transformed,site_point,529697,725407,EPSG:2157,,2026-04-10,,https://files.galwaycity.ie/gccfiles/?r=/download&path=L0RlcGFydG1lbnRzL0Vudmlyb25tZW50L0RlcmVsaWN0IFNpdGVzL0RlcmVsaWN0IFNpdGUgUmVnaXN0ZXIgMzEuMDcuMjAyNi5wZGY%3D,2026-07-31,2026-08-08,PDF,pdf_table_extraction,structured_pdf_auto
IE-DS-d8ca38d5e6ebaf,Galway City Council,816,17 Merchants Road Lower,,H91 WK6P,53.270042,-9.0528973,authority_supplied_itm_transformed,site_point,529767,724929,EPSG:2157,,2026-04-20,,https://files.galwaycity.ie/gccfiles/?r=/download&path=L0RlcGFydG1lbnRzL0Vudmlyb25tZW50L0RlcmVsaWN0IFNpdGVzL0RlcmVsaWN0IFNpdGUgUmVnaXN0ZXIgMzEuMDcuMjAyNi5wZGY%3D,2026-07-31,2026-08-08,PDF,pdf_table_extraction,structured_pdf_auto
IE-DS-3bc21d5d6009a5,Galway City Council,892,"Eyre House, 21 Eyre Square",,H91 R79C,53.273766,-9.0494804,authority_supplied_itm_transformed,site_point,530001,725340,EPSG:2157,,2026-04-20,,https://files.galwaycity.ie/gccfiles/?r=/download&path=L0RlcGFydG1lbnRzL0Vudmlyb25tZW50L0RlcmVsaWN0IFNpdGVzL0RlcmVsaWN0IFNpdGUgUmVnaXN0ZXIgMzEuMDcuMjAyNi5wZGY%3D,2026-07-31,2026-08-08,PDF,pdf_table_extraction,structured_pdf_auto
IE-DS-ce988c9fc7935e,Galway City Council,659,118 Claremont Park,,H91 YE0P,53.2766787,-9.0845485,authority_supplied_itm_transformed,site_point,527667,725699,EPSG:2157,,2026-04-22,,https://files.galwaycity.ie/gccfiles/?r=/download&path=L0RlcGFydG1lbnRzL0Vudmlyb25tZW50L0RlcmVsaWN0IFNpdGVzL0RlcmVsaWN0IFNpdGUgUmVnaXN0ZXIgMzEuMDcuMjAyNi5wZGY%3D,2026-07-31,2026-08-08,PDF,pdf_table_extraction,structured_pdf_auto
IE-DS-defbdc56d41900,Galway City Council,266,"20 Water Lane, Bohermore",,,53.2788254,-9.04749,authority_supplied_itm_transformed,site_point,530142,725901,EPSG:2157,,2026-04-29,,https://files.galwaycity.ie/gccfiles/?r=/download&path=L0RlcGFydG1lbnRzL0Vudmlyb25tZW50L0RlcmVsaWN0IFNpdGVzL0RlcmVsaWN0IFNpdGUgUmVnaXN0ZXIgMzEuMDcuMjAyNi5wZGY%3D,2026-07-31,2026-08-08,PDF,pdf_table_extraction,structured_pdf_auto
IE-DS-80bdcb4ecb6fde,Galway City Council,909,"Carnival Supermarket, 27 Eyre Street",,H91 E4W6,53.2752775,-9.0513317,authority_supplied_itm_transformed,site_point,529880,725510,EPSG:2157,,2026-04-30,,https://files.galwaycity.ie/gccfiles/?r=/download&path=L0RlcGFydG1lbnRzL0Vudmlyb25tZW50L0RlcmVsaWN0IFNpdGVzL0RlcmVsaWN0IFNpdGUgUmVnaXN0ZXIgMzEuMDcuMjAyNi5wZGY%3D,2026-07-31,2026-08-08,PDF,pdf_table_extraction,structured_pdf_auto
IE-DS-fbca35290cb6db,Galway City Council,900,"Carraig Palmer, Quincentennial Drive",,,53.2607964,-9.0747786,authority_supplied_itm_transformed,site_point,528292,723922,EPSG:2157,,2026-04-30,,https://files.galwaycity.ie/gccfiles/?r=/download&path=L0RlcGFydG1lbnRzL0Vudmlyb25tZW50L0RlcmVsaWN0IFNpdGVzL0RlcmVsaWN0IFNpdGUgUmVnaXN0ZXIgMzEuMDcuMjAyNi5wZGY%3D,2026-07-31,2026-08-08,PDF,pdf_table_extraction,structured_pdf_auto
IE-DS-e0d191193cae0c,Galway City Council,935,"2 Devon Park, Salthill",,H91 ED1F,53.2655374,-9.0722742,authority_supplied_itm_transformed,site_point,528467,724447,EPSG:2157,,2026-05-08,,https://files.galwaycity.ie/gccfiles/?r=/download&path=L0RlcGFydG1lbnRzL0Vudmlyb25tZW50L0RlcmVsaWN0IFNpdGVzL0RlcmVsaWN0IFNpdGUgUmVnaXN0ZXIgMzEuMDcuMjAyNi5wZGY%3D,2026-07-31,2026-08-08,PDF,pdf_table_extraction,structured_pdf_auto
IE-DS-3040eb52cbd97f,Galway City Council,913,"12 Ashleigh Grove, Ballymoneen Road, Knocknacarra",,H91 RRK7,53.2649855,-9.1157621,authority_supplied_itm_transformed,site_point,525565,724430,EPSG:2157,,2026-05-13,,https://files.galwaycity.ie/gccfiles/?r=/download&path=L0RlcGFydG1lbnRzL0Vudmlyb25tZW50L0RlcmVsaWN0IFNpdGVzL0RlcmVsaWN0IFNpdGUgUmVnaXN0ZXIgMzEuMDcuMjAyNi5wZGY%3D,2026-07-31,2026-08-08,PDF,pdf_table_extraction,structured_pdf_auto
IE-DS-acfd999588b6b8,Galway City Council,954,"Property at Racecourse Technology Park, Ballybrit",,,53.2994837,-8.9943925,authority_supplied_itm_transformed,site_point,533715,728149,EPSG:2157,,2026-05-18,,https://files.galwaycity.ie/gccfiles/?r=/download&path=L0RlcGFydG1lbnRzL0Vudmlyb25tZW50L0RlcmVsaWN0IFNpdGVzL0RlcmVsaWN0IFNpdGUgUmVnaXN0ZXIgMzEuMDcuMjAyNi5wZGY%3D,2026-07-31,2026-08-08,PDF,pdf_table_extraction,structured_pdf_auto
IE-DS-03dcec245bdba1,Galway City Council,874,"Merchants Gate, Merchants Road",,,53.2721293,-9.0506097,authority_supplied_itm_transformed,site_point,529923,725159,EPSG:2157,,2026-05-20,,https://files.galwaycity.ie/gccfiles/?r=/download&path=L0RlcGFydG1lbnRzL0Vudmlyb25tZW50L0RlcmVsaWN0IFNpdGVzL0RlcmVsaWN0IFNpdGUgUmVnaXN0ZXIgMzEuMDcuMjAyNi5wZGY%3D,2026-07-31,2026-08-08,PDF,pdf_table_extraction,structured_pdf_auto
IE-DS-208eee2225e3a6,Galway City Council,789,27 Forster Street,,H91 E13C,53.2748766,-9.0468537,authority_supplied_itm_transformed,site_point,530178,725461,EPSG:2157,,2026-05-22,,https://files.galwaycity.ie/gccfiles/?r=/download&path=L0RlcGFydG1lbnRzL0Vudmlyb25tZW50L0RlcmVsaWN0IFNpdGVzL0RlcmVsaWN0IFNpdGUgUmVnaXN0ZXIgMzEuMDcuMjAyNi5wZGY%3D,2026-07-31,2026-08-08,PDF,pdf_table_extraction,structured_pdf_auto
IE-DS-423ae5062bee11,Galway City Council,928,"Na Beanna, An Pháirc Mhór, An Caisleán Gearr",,H91 ADF7,53.2993262,-9.0131115,authority_supplied_itm_transformed,site_point,532467,728149,EPSG:2157,,2026-05-25,,https://files.galwaycity.ie/gccfiles/?r=/download&path=L0RlcGFydG1lbnRzL0Vudmlyb25tZW50L0RlcmVsaWN0IFNpdGVzL0RlcmVsaWN0IFNpdGUgUmVnaXN0ZXIgMzEuMDcuMjAyNi5wZGY%3D,2026-07-31,2026-08-08,PDF,pdf_table_extraction,structured_pdf_auto
IE-DS-25795fcd13574e,Galway City Council,929,"An Pháirc Mhór, An Caisleán Gearr",,H91 P2CK,53.2995372,-9.0126065,authority_supplied_itm_transformed,site_point,532501,728172,EPSG:2157,,2026-05-25,,https://files.galwaycity.ie/gccfiles/?r=/download&path=L0RlcGFydG1lbnRzL0Vudmlyb25tZW50L0RlcmVsaWN0IFNpdGVzL0RlcmVsaWN0IFNpdGUgUmVnaXN0ZXIgMzEuMDcuMjAyNi5wZGY%3D,2026-07-31,2026-08-08,PDF,pdf_table_extraction,structured_pdf_auto
IE-DS-2d16a0c7422f19,Galway City Council,895,"As Good as New, Munster Avenue",,H91 XE82,53.2698692,-9.0592197,authority_supplied_itm_transformed,site_point,529345,724916,EPSG:2157,,2026-06-12,,https://files.galwaycity.ie/gccfiles/?r=/download&path=L0RlcGFydG1lbnRzL0Vudmlyb25tZW50L0RlcmVsaWN0IFNpdGVzL0RlcmVsaWN0IFNpdGUgUmVnaXN0ZXIgMzEuMDcuMjAyNi5wZGY%3D,2026-07-31,2026-08-08,PDF,pdf_table_extraction,structured_pdf_auto
IE-DS-ffb50a4f3c64c9,Galway City Council,912,"52 Fána Búrca, Bóthar Dáileacháin an Iarthair",,,53.2690218,-9.1223736,authority_supplied_itm_transformed,site_point,525131,724886,EPSG:2157,,2026-06-17,,https://files.galwaycity.ie/gccfiles/?r=/download&path=L0RlcGFydG1lbnRzL0Vudmlyb25tZW50L0RlcmVsaWN0IFNpdGVzL0RlcmVsaWN0IFNpdGUgUmVnaXN0ZXIgMzEuMDcuMjAyNi5wZGY%3D,2026-07-31,2026-08-08,PDF,pdf_table_extraction,structured_pdf_auto
IE-DS-99df1d0292fd4d,Galway City Council,803,Site behind 115/117 Upper Salthill,,,53.262052,-9.0730713,authority_supplied_itm_transformed,site_point,528408,724060,EPSG:2157,,2026-06-18,,https://files.galwaycity.ie/gccfiles/?r=/download&path=L0RlcGFydG1lbnRzL0Vudmlyb25tZW50L0RlcmVsaWN0IFNpdGVzL0RlcmVsaWN0IFNpdGUgUmVnaXN0ZXIgMzEuMDcuMjAyNi5wZGY%3D,2026-07-31,2026-08-08,PDF,pdf_table_extraction,structured_pdf_auto
IE-DS-6262fa76d0b7a7,Galway City Council,905,"Hardiman House, 5 Eyre Square",,,53.2748618,-9.0485327,authority_supplied_itm_transformed,site_point,530066,725461,EPSG:2157,,2026-06-18,,https://files.galwaycity.ie/gccfiles/?r=/download&path=L0RlcGFydG1lbnRzL0Vudmlyb25tZW50L0RlcmVsaWN0IFNpdGVzL0RlcmVsaWN0IFNpdGUgUmVnaXN0ZXIgMzEuMDcuMjAyNi5wZGY%3D,2026-07-31,2026-08-08,PDF,pdf_table_extraction,structured_pdf_auto
IE-DS-ceafd6e3ce082a,Galway City Council,910,23/25 Eyre Street,,H91 D3C1,,,not_available,not_available,,,,,2026-06-22,,https://files.galwaycity.ie/gccfiles/?r=/download&path=L0RlcGFydG1lbnRzL0Vudmlyb25tZW50L0RlcmVsaWN0IFNpdGVzL0RlcmVsaWN0IFNpdGUgUmVnaXN0ZXIgMzEuMDcuMjAyNi5wZGY%3D,2026-07-31,2026-08-08,PDF,pdf_table_extraction,structured_pdf_auto
IE-DS-bb2053fb29cfd3,Galway City Council,925,"Taylor's Bar, 7 Dominick Street Upper",,H91 RP48,53.2702186,-9.0583288,authority_supplied_itm_transformed,site_point,529405,724954,EPSG:2157,,2026-06-22,,https://files.galwaycity.ie/gccfiles/?r=/download&path=L0RlcGFydG1lbnRzL0Vudmlyb25tZW50L0RlcmVsaWN0IFNpdGVzL0RlcmVsaWN0IFNpdGUgUmVnaXN0ZXIgMzEuMDcuMjAyNi5wZGY%3D,2026-07-31,2026-08-08,PDF,pdf_table_extraction,structured_pdf_auto
IE-DS-636237ec0a21e9,Galway City Council,926,"38 Cooke's Terrace, Bohermore",,H91 Y6HC,53.2810549,-9.0443505,authority_supplied_itm_transformed,site_point,530355,726146,EPSG:2157,,2026-07-08,,https://files.galwaycity.ie/gccfiles/?r=/download&path=L0RlcGFydG1lbnRzL0Vudmlyb25tZW50L0RlcmVsaWN0IFNpdGVzL0RlcmVsaWN0IFNpdGUgUmVnaXN0ZXIgMzEuMDcuMjAyNi5wZGY%3D,2026-07-31,2026-08-08,PDF,pdf_table_extraction,structured_pdf_auto
IE-DS-64c5b8bd2fe4aa,Galway City Council,955,"Property at Racecourse Technology Park, Ballybrit (2nd unfinished building)",,,53.2986156,-8.9928721,authority_supplied_itm_transformed,site_point,533815,728051,EPSG:2157,,2026-07-10,,https://files.galwaycity.ie/gccfiles/?r=/download&path=L0RlcGFydG1lbnRzL0Vudmlyb25tZW50L0RlcmVsaWN0IFNpdGVzL0RlcmVsaWN0IFNpdGUgUmVnaXN0ZXIgMzEuMDcuMjAyNi5wZGY%3D,2026-07-31,2026-08-08,PDF,pdf_table_extraction,structured_pdf_auto
IE-DS-7a787b6be1eb9e,Galway City Council,966,"Réaltin, Gentian Hill, Knocknacarra",,,53.2574587,-9.108507,authority_supplied_itm_transformed,site_point,526036,723585,EPSG:2157,,2026-07-10,,https://files.galwaycity.ie/gccfiles/?r=/download&path=L0RlcGFydG1lbnRzL0Vudmlyb25tZW50L0RlcmVsaWN0IFNpdGVzL0RlcmVsaWN0IFNpdGUgUmVnaXN0ZXIgMzEuMDcuMjAyNi5wZGY%3D,2026-07-31,2026-08-08,PDF,pdf_table_extraction,structured_pdf_auto
IE-DS-e76d9d58821812,Galway City Council,820,"Ballyloughane Road, Renmore",,,53.2733232,-9.0144457,authority_supplied_itm_transformed,site_point,532337,725257,EPSG:2157,,2026-07-15,,https://files.galwaycity.ie/gccfiles/?r=/download&path=L0RlcGFydG1lbnRzL0Vudmlyb25tZW50L0RlcmVsaWN0IFNpdGVzL0RlcmVsaWN0IFNpdGUgUmVnaXN0ZXIgMzEuMDcuMjAyNi5wZGY%3D,2026-07-31,2026-08-08,PDF,pdf_table_extraction,structured_pdf_auto
IE-DS-570a402713372a,Galway City Council,891,20 Abbeygate Street Lower,,H91 H04D,53.2722897,-9.0507636,authority_supplied_itm_transformed,site_point,529913,725177,EPSG:2157,,2026-07-22,,https://files.galwaycity.ie/gccfiles/?r=/download&path=L0RlcGFydG1lbnRzL0Vudmlyb25tZW50L0RlcmVsaWN0IFNpdGVzL0RlcmVsaWN0IFNpdGUgUmVnaXN0ZXIgMzEuMDcuMjAyNi5wZGY%3D,2026-07-31,2026-08-08,PDF,pdf_table_extraction,structured_pdf_auto
IE-DS-af662b2b7aa85d,Galway City Council,857,32 Shop Street,,H91 P789,53.2726195,-9.0531106,authority_supplied_itm_transformed,site_point,529757,725216,EPSG:2157,,2026-07-28,,https://files.galwaycity.ie/gccfiles/?r=/download&path=L0RlcGFydG1lbnRzL0Vudmlyb25tZW50L0RlcmVsaWN0IFNpdGVzL0RlcmVsaWN0IFNpdGUgUmVnaXN0ZXIgMzEuMDcuMjAyNi5wZGY%3D,2026-07-31,2026-08-08,PDF,pdf_table_extraction,structured_pdf_auto
IE-DS-9529bc40949956,Kildare County Council,DS-2010-B01,"Bolgers, Ballitore",Municipal district: Athy,,,,not_available,not_available,,,,,2011-01-31,,https://kildarecoco.ie/AllServices/Housing/DerelictSites/Derelict%20Sites%20Register%20%2017.07.2026.pdf,2026-07-17,2026-08-08,PDF,pdf_table_extraction,structured_pdf_auto
IE-DS-3c7e448b5669f3,Kildare County Council,DS-2007-K02,"Mary Hickeys Sweet Shop, Church Street, Kilcock",Municipal district: Clane - Maynooth,,,,not_available,not_available,,,,,2011-06-22,,https://kildarecoco.ie/AllServices/Housing/DerelictSites/Derelict%20Sites%20Register%20%2017.07.2026.pdf,2026-07-17,2026-08-08,PDF,pdf_table_extraction,structured_pdf_auto
IE-DS-b2114df7162fcd,Kildare County Council,DS-2015-Naas13,"Market House, Naas",Municipal district: Naas,,,,not_available,not_available,,,,,2015-04-24,,https://kildarecoco.ie/AllServices/Housing/DerelictSites/Derelict%20Sites%20Register%20%2017.07.2026.pdf,2026-07-17,2026-08-08,PDF,pdf_table_extraction,structured_pdf_auto
IE-DS-20c9be1b71496a,Kildare County Council,DS-2007-N03,"Old Band Hall, Cutlery Road, Newbridge",Municipal district: Kildare - Newbridge,,,,not_available,not_available,,,,,2016-02-12,,https://kildarecoco.ie/AllServices/Housing/DerelictSites/Derelict%20Sites%20Register%20%2017.07.2026.pdf,2026-07-17,2026-08-08,PDF,pdf_table_extraction,structured_pdf_auto
IE-DS-c82c32a1295caf,Kildare County Council,DS-2007-A27,"30 Woodstock Street, Athy",Municipal district: Athy,,,,not_available,not_available,,,,,2016-05-27,,https://kildarecoco.ie/AllServices/Housing/DerelictSites/Derelict%20Sites%20Register%20%2017.07.2026.pdf,2026-07-17,2026-08-08,PDF,pdf_table_extraction,structured_pdf_auto
IE-DS-394a345971ef57,Kildare County Council,DS-2007-A28,"31 Woodstock Street, Athy",Municipal district: Athy,,,,not_available,not_available,,,,,2016-05-27,,https://kildarecoco.ie/AllServices/Housing/DerelictSites/Derelict%20Sites%20Register%20%2017.07.2026.pdf,2026-07-17,2026-08-08,PDF,pdf_table_extraction,structured_pdf_auto
IE-DS-dcbc8928f4d100,Kildare County Council,DS-2011-R04,"Grove Lane, Robertstown",Municipal district: Clane - Maynooth,,,,not_available,not_available,,,,,2017-02-06,,https://kildarecoco.ie/AllServices/Housing/DerelictSites/Derelict%20Sites%20Register%20%2017.07.2026.pdf,2026-07-17,2026-08-08,PDF,pdf_table_extraction,structured_pdf_auto
IE-DS-6c94b8f56aac16,Kildare County Council,DS-2016- Newbridge01,"2198 Highfield Estate, Newbridge",Municipal district: Kildare - Newbridge,,,,not_available,not_available,,,,,2019-12-05,,https://kildarecoco.ie/AllServices/Housing/DerelictSites/Derelict%20Sites%20Register%20%2017.07.2026.pdf,2026-07-17,2026-08-08,PDF,pdf_table_extraction,structured_pdf_auto
IE-DS-2a99bb69dbca64,Kildare County Council,DS-2010-A1,"Barrack Lane, Athy",Municipal district: Athy,,,,not_available,not_available,,,,,2019-12-05,,https://kildarecoco.ie/AllServices/Housing/DerelictSites/Derelict%20Sites%20Register%20%2017.07.2026.pdf,2026-07-17,2026-08-08,PDF,pdf_table_extraction,structured_pdf_auto
IE-DS-020ccbe3e555a2,Kildare County Council,DS-2013-A9,"55 Dooleys Terrace, Athy",Municipal district: Athy,,,,not_available,not_available,,,,,2020-10-07,,https://kildarecoco.ie/AllServices/Housing/DerelictSites/Derelict%20Sites%20Register%20%2017.07.2026.pdf,2026-07-17,2026-08-08,PDF,pdf_table_extraction,structured_pdf_auto
IE-DS-aefd5898da10b1,Kildare County Council,DS-2016-Celbridge 02,"4 Abbeylane, Abbeyfarm, Celbridge",Municipal district: Celbridge - Leixlip,,,,not_available,not_available,,,,,2021-11-02,,https://kildarecoco.ie/AllServices/Housing/DerelictSites/Derelict%20Sites%20Register%20%2017.07.2026.pdf,2026-07-17,2026-08-08,PDF,pdf_table_extraction,structured_pdf_auto
IE-DS-632aef6ce1b583,Kildare County Council,DS-2018-02,"Leinster Street, Rathangan",Municipal district: Kildare - Newbridge,,,,not_available,not_available,,,,,2021-11-04,,https://kildarecoco.ie/AllServices/Housing/DerelictSites/Derelict%20Sites%20Register%20%2017.07.2026.pdf,2026-07-17,2026-08-08,PDF,pdf_table_extraction,structured_pdf_auto
IE-DS-80eadf5a131649,Kildare County Council,DS-2020-02,"19 Emily Square, Athy",Municipal district: Athy,,,,not_available,not_available,,,,,2021-11-04,,https://kildarecoco.ie/AllServices/Housing/DerelictSites/Derelict%20Sites%20Register%20%2017.07.2026.pdf,2026-07-17,2026-08-08,PDF,pdf_table_extraction,structured_pdf_auto
IE-DS-19db6878a5dd69,Kildare County Council,DS-2019-01,"Coolnaferagh, Passlands, Monasterevin",Municipal district: Kildare - Newbridge,,,,not_available,not_available,,,,,2022-01-26,,https://kildarecoco.ie/AllServices/Housing/DerelictSites/Derelict%20Sites%20Register%20%2017.07.2026.pdf,2026-07-17,2026-08-08,PDF,pdf_table_extraction,structured_pdf_auto
IE-DS-abb19d9fd6f248,Kildare County Council,DS-2017-Celbridge01,"Bungalow, Hazelhatch Road, Celbridge",Municipal district: Celbridge - Leixlip,,,,not_available,not_available,,,,,2022-10-14,,https://kildarecoco.ie/AllServices/Housing/DerelictSites/Derelict%20Sites%20Register%20%2017.07.2026.pdf,2026-07-17,2026-08-08,PDF,pdf_table_extraction,structured_pdf_auto
IE-DS-98c186c3d93398,Kildare County Council,DS-2021-20,"289 Clonaugh, Enfield,",Municipal district: Clane - Maynooth,,,,not_available,not_available,,,,,2023-01-11,,https://kildarecoco.ie/AllServices/Housing/DerelictSites/Derelict%20Sites%20Register%20%2017.07.2026.pdf,2026-07-17,2026-08-08,PDF,pdf_table_extraction,structured_pdf_auto
IE-DS-a7cebf479c79c6,Kildare County Council,DS-2015-Naas-10,"3 Abbey Road, Naas",Municipal district: Naas,,,,not_available,not_available,,,,,2023-03-28,,https://kildarecoco.ie/AllServices/Housing/DerelictSites/Derelict%20Sites%20Register%20%2017.07.2026.pdf,2026-07-17,2026-08-08,PDF,pdf_table_extraction,structured_pdf_auto
IE-DS-b3bc8c0cf9d976,Kildare County Council,DS-2021-08,"Skirteen , Monasterevin, Co Kildare",Municipal district: Kildare - Newbridge,,,,not_available,not_available,,,,,2023-04-24,,https://kildarecoco.ie/AllServices/Housing/DerelictSites/Derelict%20Sites%20Register%20%2017.07.2026.pdf,2026-07-17,2026-08-08,PDF,pdf_table_extraction,structured_pdf_auto
IE-DS-1efd4d798e4599,Kildare County Council,DS-2020-27,"St. Francis, Canal Harbour, Monasterevin",Municipal district: Kildare - Newbridge,,,,not_available,not_available,,,,,2023-04-28,,https://kildarecoco.ie/AllServices/Housing/DerelictSites/Derelict%20Sites%20Register%20%2017.07.2026.pdf,2026-07-17,2026-08-08,PDF,pdf_table_extraction,structured_pdf_auto
IE-DS-d358cce030fbaa,Kildare County Council,DS-2017-Kilcock01,"Grange, Kilcock, Co Kildare",Municipal district: Clane - Maynooth,,,,not_available,not_available,,,,,2023-04-28,,https://kildarecoco.ie/AllServices/Housing/DerelictSites/Derelict%20Sites%20Register%20%2017.07.2026.pdf,2026-07-17,2026-08-08,PDF,pdf_table_extraction,structured_pdf_auto
IE-DS-9f8ed05ff9d577,Kildare County Council,DS-2022-27,"Lions House Pub, Kilcock",Municipal district: Clane - Maynooth,,,,not_available,not_available,,,,,2023-05-22,,https://kildarecoco.ie/AllServices/Housing/DerelictSites/Derelict%20Sites%20Register%20%2017.07.2026.pdf,2026-07-17,2026-08-08,PDF,pdf_table_extraction,structured_pdf_auto
IE-DS-cbd336607aeb77,Kildare County Council,DS-2022-21,"Blossom Hill House, Ballynakill, Broadford,",Municipal district: Clane - Maynooth,,,,not_available,not_available,,,,,2023-05-22,,https://kildarecoco.ie/AllServices/Housing/DerelictSites/Derelict%20Sites%20Register%20%2017.07.2026.pdf,2026-07-17,2026-08-08,PDF,pdf_table_extraction,structured_pdf_auto
IE-DS-9ffa736daca0da,Kildare County Council,DS-2021-19,"33 Main Street, Leixlip",Municipal district: Celbridge - Leixlip,,,,not_available,not_available,,,,,2023-06-20,,https://kildarecoco.ie/AllServices/Housing/DerelictSites/Derelict%20Sites%20Register%20%2017.07.2026.pdf,2026-07-17,2026-08-08,PDF,pdf_table_extraction,structured_pdf_auto
IE-DS-1dc652bf7b8a7d,Kildare County Council,DS-2022-08,"2 Abbey road, Naas",Municipal district: Naas,,,,not_available,not_available,,,,,2023-06-20,,https://kildarecoco.ie/AllServices/Housing/DerelictSites/Derelict%20Sites%20Register%20%2017.07.2026.pdf,2026-07-17,2026-08-08,PDF,pdf_table_extraction,structured_pdf_auto
IE-DS-92699ad4b48698,Kildare County Council,DS-2023-16,"Cutlery Road, Newbridge",Municipal district: Kildare- Newbridge,,,,not_available,not_available,,,,,2023-09-07,,https://kildarecoco.ie/AllServices/Housing/DerelictSites/Derelict%20Sites%20Register%20%2017.07.2026.pdf,2026-07-17,2026-08-08,PDF,pdf_table_extraction,structured_pdf_auto
IE-DS-3ddab233b28ef2,Kildare County Council,DS-2020-Naas07,"41 St. Corban’s Place, Naas",Municipal district: Naas,,,,not_available,not_available,,,,,2023-09-07,,https://kildarecoco.ie/AllServices/Housing/DerelictSites/Derelict%20Sites%20Register%20%2017.07.2026.pdf,2026-07-17,2026-08-08,PDF,pdf_table_extraction,structured_pdf_auto
IE-DS-a925a89ac27fc4,Kildare County Council,DS-2022-11,"Bargain Store, Kildare Town, Co. Kildare",Municipal district: Kildare-Newbridge,,,,not_available,not_available,,,,,2023-09-25,,https://kildarecoco.ie/AllServices/Housing/DerelictSites/Derelict%20Sites%20Register%20%2017.07.2026.pdf,2026-07-17,2026-08-08,PDF,pdf_table_extraction,structured_pdf_auto
IE-DS-f4eef0fbb94efd,Kildare County Council,DS-2023-06,"1 & 2, Ralph Square, Leixlip",Municipal district: Celbridge - Leixlip,,,,not_available,not_available,,,,,2023-09-25,,https://kildarecoco.ie/AllServices/Housing/DerelictSites/Derelict%20Sites%20Register%20%2017.07.2026.pdf,2026-07-17,2026-08-08,PDF,pdf_table_extraction,structured_pdf_auto
IE-DS-028d070f466c75,Kildare County Council,DS-2023-18,"Ralph Square, Leixlip ( Commercial Unit )",Municipal district: Celbridge - Leixlip,,,,not_available,not_available,,,,,2023-09-15,,https://kildarecoco.ie/AllServices/Housing/DerelictSites/Derelict%20Sites%20Register%20%2017.07.2026.pdf,2026-07-17,2026-08-08,PDF,pdf_table_extraction,structured_pdf_auto
IE-DS-21025983412147,Kildare County Council,DS-2018-Celbridge01,"Property 1 at Hazelhatch Train Station, Celbridge",Municipal district: Celbridge - Leixlip,,,,not_available,not_available,,,,,2023-09-25,,https://kildarecoco.ie/AllServices/Housing/DerelictSites/Derelict%20Sites%20Register%20%2017.07.2026.pdf,2026-07-17,2026-08-08,PDF,pdf_table_extraction,structured_pdf_auto
IE-DS-2049374118b79c,Kildare County Council,DS-2018-Celbridge02,"Property 2 at Hazelhatch Train Station, Celbridge",Municipal district: Celbridge - Leixlip,,,,not_available,not_available,,,,,2023-09-25,,https://kildarecoco.ie/AllServices/Housing/DerelictSites/Derelict%20Sites%20Register%20%2017.07.2026.pdf,2026-07-17,2026-08-08,PDF,pdf_table_extraction,structured_pdf_auto
IE-DS-b94e7d3c926fbe,Kildare County Council,DS-2018-Celbridge03,"Property 3 at Hazelhatch Train Station, Celbridge",Municipal district: Celbridge - Leixlip,,,,not_available,not_available,,,,,2023-09-25,,https://kildarecoco.ie/AllServices/Housing/DerelictSites/Derelict%20Sites%20Register%20%2017.07.2026.pdf,2026-07-17,2026-08-08,PDF,pdf_table_extraction,structured_pdf_auto
IE-DS-14cc13a0f1c25a,Kildare County Council,DS-2023-07,"Main Street, Kilcullen",Municipal district: Kildare-Newbridge,,,,not_available,not_available,,,,,2023-09-19,,https://kildarecoco.ie/AllServices/Housing/DerelictSites/Derelict%20Sites%20Register%20%2017.07.2026.pdf,2026-07-17,2026-08-08,PDF,pdf_table_extraction,structured_pdf_auto
IE-DS-c7cc44fb051de0,Kildare County Council,DS-2024-02,"19 Duke Street, Athy",Municipal district: Athy,,,,not_available,not_available,,,,,2024-05-02,,https://kildarecoco.ie/AllServices/Housing/DerelictSites/Derelict%20Sites%20Register%20%2017.07.2026.pdf,2026-07-17,2026-08-08,PDF,pdf_table_extraction,structured_pdf_auto
IE-DS-437f6da6e1fbe1,Kildare County Council,DS-2024-03,"130 Lakelands, Naas",Municipal district: Naas,,,,not_available,not_available,,,,,2024-05-02,,https://kildarecoco.ie/AllServices/Housing/DerelictSites/Derelict%20Sites%20Register%20%2017.07.2026.pdf,2026-07-17,2026-08-08,PDF,pdf_table_extraction,structured_pdf_auto
IE-DS-ff64e2b7157e70,Kildare County Council,DS-2024-04,"7 Stanhope Street, Athy",Municipal district: Athy,,,,not_available,not_available,,,,,2024-05-02,,https://kildarecoco.ie/AllServices/Housing/DerelictSites/Derelict%20Sites%20Register%20%2017.07.2026.pdf,2026-07-17,2026-08-08,PDF,pdf_table_extraction,structured_pdf_auto
IE-DS-1f8371b4cbf042,Kildare County Council,DS-2024-05,"16/17 Leinster Street, Athy",Municipal district: Athy,,,,not_available,not_available,,,,,2024-05-02,,https://kildarecoco.ie/AllServices/Housing/DerelictSites/Derelict%20Sites%20Register%20%2017.07.2026.pdf,2026-07-17,2026-08-08,PDF,pdf_table_extraction,structured_pdf_auto
IE-DS-3f2f948381fa94,Kildare County Council,DS-2024-11,"Coolereagh, Coill Dubh Co Kildare",Municipal district: Naas,,,,not_available,not_available,,,,,2024-05-02,,https://kildarecoco.ie/AllServices/Housing/DerelictSites/Derelict%20Sites%20Register%20%2017.07.2026.pdf,2026-07-17,2026-08-08,PDF,pdf_table_extraction,structured_pdf_auto
IE-DS-930ff0fb252b90,Kildare County Council,DS-2023-10,"617 Castlesize, Sallins, Co Kildare",Municipal district: Naas,,,,not_available,not_available,,,,,2024-05-08,,https://kildarecoco.ie/AllServices/Housing/DerelictSites/Derelict%20Sites%20Register%20%2017.07.2026.pdf,2026-07-17,2026-08-08,PDF,pdf_table_extraction,structured_pdf_auto
IE-DS-2d49c93c5b6718,Kildare County Council,DS-2023-28,"Former Garda Station, Leinster Street, Rathangan, Co.Kildare",Municipal district: Kildare-Newbridge,,,,not_available,not_available,,,,,2024-08-08,,https://kildarecoco.ie/AllServices/Housing/DerelictSites/Derelict%20Sites%20Register%20%2017.07.2026.pdf,2026-07-17,2026-08-08,PDF,pdf_table_extraction,structured_pdf_auto
IE-DS-faae01f4e65785,Kildare County Council,DS-2024-16,"Hennessy Garage, Main Street, Castledermot",Municipal district: Athy,,,,not_available,not_available,,,,,2024-08-09,,https://kildarecoco.ie/AllServices/Housing/DerelictSites/Derelict%20Sites%20Register%20%2017.07.2026.pdf,2026-07-17,2026-08-08,PDF,pdf_table_extraction,structured_pdf_auto
IE-DS-465dcc0e2925d3,Kildare County Council,DS-2023-23,"Property at St. Michael's Convent, Stanhope Place, Athy, Co. Kildare",Municipal district: Athy,,,,not_available,not_available,,,,,2024-08-12,,https://kildarecoco.ie/AllServices/Housing/DerelictSites/Derelict%20Sites%20Register%20%2017.07.2026.pdf,2026-07-17,2026-08-08,PDF,pdf_table_extraction,structured_pdf_auto
IE-DS-45ac4b22b8e4e2,Kildare County Council,DS-2023-21,"Summerhill House & Stables, Blackrath, The Curragh, Co.Kildare",Municipal district: Kildare-Newbridge,,,,not_available,not_available,,,,,2024-08-12,,https://kildarecoco.ie/AllServices/Housing/DerelictSites/Derelict%20Sites%20Register%20%2017.07.2026.pdf,2026-07-17,2026-08-08,PDF,pdf_table_extraction,structured_pdf_auto
IE-DS-39cebc8c81583c,Kildare County Council,DS-2024-22,"36 Leinster Street, Athy",Municipal district: Athy,,,,not_available,not_available,,,,,2024-09-16,,https://kildarecoco.ie/AllServices/Housing/DerelictSites/Derelict%20Sites%20Register%20%2017.07.2026.pdf,2026-07-17,2026-08-08,PDF,pdf_table_extraction,structured_pdf_auto
IE-DS-832b6ab078cfbf,Kildare County Council,DS-2024-30,"Clean Machine Laundrette, Shraud Road,",Municipal district: Kildare-Newbridge,,,,not_available,not_available,,,,,2024-10-23,,https://kildarecoco.ie/AllServices/Housing/DerelictSites/Derelict%20Sites%20Register%20%2017.07.2026.pdf,2026-07-17,2026-08-08,PDF,pdf_table_extraction,structured_pdf_auto
IE-DS-0750bd29788f52,Kildare County Council,DS-2024-32,"Tattoo Parlour at Station Road, Kildare Town",Municipal district: Kildare-Newbridge,,,,not_available,not_available,,,,,2024-10-23,,https://kildarecoco.ie/AllServices/Housing/DerelictSites/Derelict%20Sites%20Register%20%2017.07.2026.pdf,2026-07-17,2026-08-08,PDF,pdf_table_extraction,structured_pdf_auto
IE-DS-37056e1aa655f1,Kildare County Council,DS-2024-27,"Broom Cottage, Nursery Road, Allenwood South, Naas W91E51F",Municipal district: Clane - Maynooth,W91 E51F,,,not_available,not_available,,,,,2024-11-14,,https://kildarecoco.ie/AllServices/Housing/DerelictSites/Derelict%20Sites%20Register%20%2017.07.2026.pdf,2026-07-17,2026-08-08,PDF,pdf_table_extraction,structured_pdf_auto
IE-DS-a07ae7422509a0,Kildare County Council,DS-2024-29,"Main Street, Sallins, Units 5,6,7,8,9",Municipal district: Naas,,,,not_available,not_available,,,,,2024-12-17,,https://kildarecoco.ie/AllServices/Housing/DerelictSites/Derelict%20Sites%20Register%20%2017.07.2026.pdf,2026-07-17,2026-08-08,PDF,pdf_table_extraction,structured_pdf_auto
IE-DS-938e364c494499,Kildare County Council,DS-2015-N09,"107 Monread Heights, Naas",Municipal district: Naas,,,,not_available,not_available,,,,,2025-02-05,,https://kildarecoco.ie/AllServices/Housing/DerelictSites/Derelict%20Sites%20Register%20%2017.07.2026.pdf,2026-07-17,2026-08-08,PDF,pdf_table_extraction,structured_pdf_auto
IE-DS-903bd57537396f,Kildare County Council,DS-2024-24,"30 Duke Street, Athy",Municipal district: Athy,,,,not_available,not_available,,,,,2025-02-17,,https://kildarecoco.ie/AllServices/Housing/DerelictSites/Derelict%20Sites%20Register%20%2017.07.2026.pdf,2026-07-17,2026-08-08,PDF,pdf_table_extraction,structured_pdf_auto
IE-DS-dcc957b0e779c3,Kildare County Council,DS-2024-35,"Eyre Street, Newbridge",Municipal district: Kildare-Newbridge,,,,not_available,not_available,,,,,2025-05-28,,https://kildarecoco.ie/AllServices/Housing/DerelictSites/Derelict%20Sites%20Register%20%2017.07.2026.pdf,2026-07-17,2026-08-08,PDF,pdf_table_extraction,structured_pdf_auto
IE-DS-06fdd490b40459,Kildare County Council,DS-2025-01,"The Laurels, Kerdiffstown,",Municipal district: Naas,,,,not_available,not_available,,,,,2025-05-28,,https://kildarecoco.ie/AllServices/Housing/DerelictSites/Derelict%20Sites%20Register%20%2017.07.2026.pdf,2026-07-17,2026-08-08,PDF,pdf_table_extraction,structured_pdf_auto
IE-DS-de20f78d7f480e,Kildare County Council,DS-2024-37,"Former Grand Canal Hotel, Robertstown",Municipal district: Clane-Maynooth,,,,not_available,not_available,,,,,2025-08-18,,https://kildarecoco.ie/AllServices/Housing/DerelictSites/Derelict%20Sites%20Register%20%2017.07.2026.pdf,2026-07-17,2026-08-08,PDF,pdf_table_extraction,structured_pdf_auto
IE-DS-c01fff0dc21e8f,Kildare County Council,DS-2025-13,"46 Duke Street, Barney’s Pub Athy",Municipal district: Athy,,,,not_available,not_available,,,,,2025-09-09,,https://kildarecoco.ie/AllServices/Housing/DerelictSites/Derelict%20Sites%20Register%20%2017.07.2026.pdf,2026-07-17,2026-08-08,PDF,pdf_table_extraction,structured_pdf_auto
IE-DS-75e0623a83fecc,Kildare County Council,DS-2023-26,"Main Street, Castledermot",Municipal district: Athy,,,,not_available,not_available,,,,,2025-09-09,,https://kildarecoco.ie/AllServices/Housing/DerelictSites/Derelict%20Sites%20Register%20%2017.07.2026.pdf,2026-07-17,2026-08-08,PDF,pdf_table_extraction,structured_pdf_auto
IE-DS-5491e4f2d60671,Kildare County Council,DS-2025-18,"3 Bride Street, Kildare Town",Municipal district: Kildare-Newbridge,,,,not_available,not_available,,,,,2025-09-29,,https://kildarecoco.ie/AllServices/Housing/DerelictSites/Derelict%20Sites%20Register%20%2017.07.2026.pdf,2026-07-17,2026-08-08,PDF,pdf_table_extraction,structured_pdf_auto
IE-DS-43de1cbb744edd,Kildare County Council,DS-2025-35,"82 Hazelmere, Naas",Municipal district: Naas,,,,not_available,not_available,,,,,2025-09-29,,https://kildarecoco.ie/AllServices/Housing/DerelictSites/Derelict%20Sites%20Register%20%2017.07.2026.pdf,2026-07-17,2026-08-08,PDF,pdf_table_extraction,structured_pdf_auto
IE-DS-d07814ffd209d3,Kildare County Council,DS-2025-43,"38 Curragh Plains, Kildare Town",Municipal district: Kildare-Newbridge,,,,not_available,not_available,,,,,2025-11-19,,https://kildarecoco.ie/AllServices/Housing/DerelictSites/Derelict%20Sites%20Register%20%2017.07.2026.pdf,2026-07-17,2026-08-08,PDF,pdf_table_extraction,structured_pdf_auto
IE-DS-be3e2371e6329c,Kildare County Council,DS-2025-38,"Main Street, Castledermot,",Municipal district: Athy,,,,not_available,not_available,,,,,2026-01-23,,https://kildarecoco.ie/AllServices/Housing/DerelictSites/Derelict%20Sites%20Register%20%2017.07.2026.pdf,2026-07-17,2026-08-08,PDF,pdf_table_extraction,structured_pdf_auto
IE-DS-43f712cda92a05,Kildare County Council,DS-2024-06,"4 Plewmans Terrace, Athy",Municipal district: Athy,,,,not_available,not_available,,,,,2026-02-18,,https://kildarecoco.ie/AllServices/Housing/DerelictSites/Derelict%20Sites%20Register%20%2017.07.2026.pdf,2026-07-17,2026-08-08,PDF,pdf_table_extraction,structured_pdf_auto
IE-DS-180e1448aa746b,Kildare County Council,DS-2026-06,"479 Skenagun, Castledermot",Municipal district: Athy,,,,not_available,not_available,,,,,2026-03-19,,https://kildarecoco.ie/AllServices/Housing/DerelictSites/Derelict%20Sites%20Register%20%2017.07.2026.pdf,2026-07-17,2026-08-08,PDF,pdf_table_extraction,structured_pdf_auto
IE-DS-508911bce1b704,Kildare County Council,DS-2025-23,"Pine Vale, Killeenmore, Sallins, Naas",Municipal district: Naas,,,,not_available,not_available,,,,,2026-03-20,,https://kildarecoco.ie/AllServices/Housing/DerelictSites/Derelict%20Sites%20Register%20%2017.07.2026.pdf,2026-07-17,2026-08-08,PDF,pdf_table_extraction,structured_pdf_auto
IE-DS-94dc6b66aed2aa,Kildare County Council,DS-2025-28,"Home Farm House, Clane Road, Sallins",Municipal district: Naas,,,,not_available,not_available,,,,,2026-07-10,,https://kildarecoco.ie/AllServices/Housing/DerelictSites/Derelict%20Sites%20Register%20%2017.07.2026.pdf,2026-07-17,2026-08-08,PDF,pdf_table_extraction,structured_pdf_auto
IE-DS-8f45765ec37d83,Kilkenny County Council,DS 03-26,"Beggars Cross, Johnstown",Two storey farm house and stables,,,,not_available,not_available,,,,,2004-02-11,65000,https://kilkennycoco.ie/eng/services/planning/town-regeneration/derelict-sites-tracker-website-09_06_2026.pdf,2026-06-09,2026-08-08,PDF,pdf_table_extraction,structured_pdf_auto
IE-DS-205f8ace2b85ea,Kilkenny County Council,DS 04-16,"High Street, Ballyragget",Terraced Houses,,,,not_available,not_available,,,,,2004-03-22,75000,https://kilkennycoco.ie/eng/services/planning/town-regeneration/derelict-sites-tracker-website-09_06_2026.pdf,2026-06-09,2026-08-08,PDF,pdf_table_extraction,structured_pdf_auto
IE-DS-06da1420c25fdb,Kilkenny County Council,DS 04-32,Tullagher,Old RIC Barracks,,,,not_available,not_available,,,,,2004-04-22,35000,https://kilkennycoco.ie/eng/services/planning/town-regeneration/derelict-sites-tracker-website-09_06_2026.pdf,2026-06-09,2026-08-08,PDF,pdf_table_extraction,structured_pdf_auto
IE-DS-08099e28d0278f,Kilkenny County Council,DS 07-25,"Shanbough Lower, New Ross",Old School House,,,,not_available,not_available,,,,,2007-10-31,35000,https://kilkennycoco.ie/eng/services/planning/town-regeneration/derelict-sites-tracker-website-09_06_2026.pdf,2026-06-09,2026-08-08,PDF,pdf_table_extraction,structured_pdf_auto
IE-DS-400f5c0f35a231,Kilkenny County Council,DS 08-47,"Clonconey, Piltown",House,,,,not_available,not_available,,,,,2008-03-31,45000,https://kilkennycoco.ie/eng/services/planning/town-regeneration/derelict-sites-tracker-website-09_06_2026.pdf,2026-06-09,2026-08-08,PDF,pdf_table_extraction,structured_pdf_auto
IE-DS-86179c9998b61c,Kilkenny County Council,DS 09-54,"Main Street, Mullinavat",House,,,,not_available,not_available,,,,,2010-07-12,125000,https://kilkennycoco.ie/eng/services/planning/town-regeneration/derelict-sites-tracker-website-09_06_2026.pdf,2026-06-09,2026-08-08,PDF,pdf_table_extraction,structured_pdf_auto
IE-DS-5879e264825cad,Kilkenny County Council,DS 09-56,"Turkstown, Piltown",Old farmhouse,,,,not_available,not_available,,,,,2010-02-19,,https://kilkennycoco.ie/eng/services/planning/town-regeneration/derelict-sites-tracker-website-09_06_2026.pdf,2026-06-09,2026-08-08,PDF,pdf_table_extraction,structured_pdf_auto
IE-DS-6ea0d16f0955f8,Kilkenny County Council,DS 18-02,"Tower Road, Piltown",House,,,,not_available,not_available,,,,,2018-03-26,65000,https://kilkennycoco.ie/eng/services/planning/town-regeneration/derelict-sites-tracker-website-09_06_2026.pdf,2026-06-09,2026-08-08,PDF,pdf_table_extraction,structured_pdf_auto
IE-DS-d8e9fd3715ada6,Kilkenny County Council,DS 18-05,"Market Street & Low Street, The Bridge, Thomastown",Former house and office,,,,not_available,not_available,,,,,2023-01-30,45000,https://kilkennycoco.ie/eng/services/planning/town-regeneration/derelict-sites-tracker-website-09_06_2026.pdf,2026-06-09,2026-08-08,PDF,pdf_table_extraction,structured_pdf_auto
IE-DS-8c3e3103946b23,Kilkenny County Council,DS 18-07,"MacDonagh Railway Station, Dublin Road",Former Railway station building,,,,not_available,not_available,,,,,2023-07-11,700000,https://kilkennycoco.ie/eng/services/planning/town-regeneration/derelict-sites-tracker-website-09_06_2026.pdf,2026-06-09,2026-08-08,PDF,pdf_table_extraction,structured_pdf_auto
IE-DS-92f023e733a77b,Kilkenny County Council,DS 20-03,"Carmichaels, Old Bridge Street, Freshford","House, with former retail unit",,,,not_available,not_available,,,,,2024-02-14,65000,https://kilkennycoco.ie/eng/services/planning/town-regeneration/derelict-sites-tracker-website-09_06_2026.pdf,2026-06-09,2026-08-08,PDF,pdf_table_extraction,structured_pdf_auto
IE-DS-27d6f94ea344d6,Kilkenny County Council,DS 20-05,"Seanna Place, Ballinearla, Kilmacow",House,,,,not_available,not_available,,,,,2023-03-13,105000,https://kilkennycoco.ie/eng/services/planning/town-regeneration/derelict-sites-tracker-website-09_06_2026.pdf,2026-06-09,2026-08-08,PDF,pdf_table_extraction,structured_pdf_auto
IE-DS-15a760fa93fed9,Kilkenny County Council,DS 20-07,"Fr Hayden Road, Kilkenny Particulars of Land",2 Houses,,,,not_available,not_available,,,,,2022-07-27,,https://kilkennycoco.ie/eng/services/planning/town-regeneration/derelict-sites-tracker-website-09_06_2026.pdf,2026-06-09,2026-08-08,PDF,pdf_table_extraction,structured_pdf_auto
IE-DS-1147a52386843a,Kilkenny County Council,DS 20-08,44-48 St Kieran's Street Kilkenny,Site,,,,not_available,not_available,,,,,2023-02-08,600000,https://kilkennycoco.ie/eng/services/planning/town-regeneration/derelict-sites-tracker-website-09_06_2026.pdf,2026-06-09,2026-08-08,PDF,pdf_table_extraction,structured_pdf_auto
IE-DS-f77ff75e40bc82,Kilkenny County Council,DS 20-09,"6 Upper Bridge St, Callan",House,,,,not_available,not_available,,,,,2023-01-30,70000,https://kilkennycoco.ie/eng/services/planning/town-regeneration/derelict-sites-tracker-website-09_06_2026.pdf,2026-06-09,2026-08-08,PDF,pdf_table_extraction,structured_pdf_auto
IE-DS-8a3b3ac3ed7a1a,Kilkenny County Council,DS 20-10,"Chapel Street, Mooncoin",House,,,,not_available,not_available,,,,,2023-07-28,,https://kilkennycoco.ie/eng/services/planning/town-regeneration/derelict-sites-tracker-website-09_06_2026.pdf,2026-06-09,2026-08-08,PDF,pdf_table_extraction,structured_pdf_auto
IE-DS-77cb9cba7af763,Kilkenny County Council,DS 22-01,"Bridge Street, Callan",Unfinished houses,,,,not_available,not_available,,,,,2023-01-31,165000,https://kilkennycoco.ie/eng/services/planning/town-regeneration/derelict-sites-tracker-website-09_06_2026.pdf,2026-06-09,2026-08-08,PDF,pdf_table_extraction,structured_pdf_auto
IE-DS-c4351ba14765f8,Kilkenny County Council,DS 22-12,13 Parliament Street/ Evans Lane Kilkenny,Four storey building fronting Evan's Lane and Parliament Street,,,,not_available,not_available,,,,,2022-09-08,520000,https://kilkennycoco.ie/eng/services/planning/town-regeneration/derelict-sites-tracker-website-09_06_2026.pdf,2026-06-09,2026-08-08,PDF,pdf_table_extraction,structured_pdf_auto
IE-DS-1bbeb54ea33d08,Kilkenny County Council,DS 22-21,"Inchacarron, Mullinavat",House,,,,not_available,not_available,,,,,2023-01-30,120000,https://kilkennycoco.ie/eng/services/planning/town-regeneration/derelict-sites-tracker-website-09_06_2026.pdf,2026-06-09,2026-08-08,PDF,pdf_table_extraction,structured_pdf_auto
IE-DS-bd197411747d50,Kilkenny County Council,DS 22-24,"Garrandarragh, Mullinavat",House and outbuildings,,,,not_available,not_available,,,,,2023-01-11,120000,https://kilkennycoco.ie/eng/services/planning/town-regeneration/derelict-sites-tracker-website-09_06_2026.pdf,2026-06-09,2026-08-08,PDF,pdf_table_extraction,structured_pdf_auto
IE-DS-fe8cedfbe1b13f,Kilkenny County Council,DS 22-26,"Garrandarragh, Mullinavat",Former service station and garage,,,,not_available,not_available,,,,,2023-01-30,70000,https://kilkennycoco.ie/eng/services/planning/town-regeneration/derelict-sites-tracker-website-09_06_2026.pdf,2026-06-09,2026-08-08,PDF,pdf_table_extraction,structured_pdf_auto
IE-DS-9134cfbaf0797e,Kilkenny County Council,DS 22-27,"Garrandarragh, Mullinavat","Former ""Mullinavat service station""",,,,not_available,not_available,,,,,2023-01-30,70000,https://kilkennycoco.ie/eng/services/planning/town-regeneration/derelict-sites-tracker-website-09_06_2026.pdf,2026-06-09,2026-08-08,PDF,pdf_table_extraction,structured_pdf_auto
IE-DS-7cc97ed1d259b7,Kilkenny County Council,DS 22-29,"7 Lower Bridge Street, Callan Particulars of Land","3-storey, mid- terrace house",,,,not_available,not_available,,,,,2023-09-06,135000,https://kilkennycoco.ie/eng/services/planning/town-regeneration/derelict-sites-tracker-website-09_06_2026.pdf,2026-06-09,2026-08-08,PDF,pdf_table_extraction,structured_pdf_auto
IE-DS-4b85ee4e31ab1f,Kilkenny County Council,DS 22-32,"Sion Road, Kilkenny",Former retreat centre,,,,not_available,not_available,,,,,2023-12-12,650000,https://kilkennycoco.ie/eng/services/planning/town-regeneration/derelict-sites-tracker-website-09_06_2026.pdf,2026-06-09,2026-08-08,PDF,pdf_table_extraction,structured_pdf_auto
IE-DS-7f133fdd3d6eb1,Kilkenny County Council,DS 22-33,"Coolagh Road, Callan",Detached house,,,,not_available,not_available,,,,,2023-09-06,215000,https://kilkennycoco.ie/eng/services/planning/town-regeneration/derelict-sites-tracker-website-09_06_2026.pdf,2026-06-09,2026-08-08,PDF,pdf_table_extraction,structured_pdf_auto
IE-DS-0076c0c442f7de,Kilkenny County Council,DS 22-43,"Lower Main St., Graiguenamanagh","Hughes', End-of- terrace five-bay three-storey house with shopfront",,,,not_available,not_available,,,,,2023-06-02,350000,https://kilkennycoco.ie/eng/services/planning/town-regeneration/derelict-sites-tracker-website-09_06_2026.pdf,2026-06-09,2026-08-08,PDF,pdf_table_extraction,structured_pdf_auto
IE-DS-7cff78cac370bb,Kilkenny County Council,DS 22-46,"Lower Main Street, Graiguenamanagh","Former Book Market, end-of- terrace three-bay three-storey house with shopfront",,,,not_available,not_available,,,,,2023-06-27,275000,https://kilkennycoco.ie/eng/services/planning/town-regeneration/derelict-sites-tracker-website-09_06_2026.pdf,2026-06-09,2026-08-08,PDF,pdf_table_extraction,structured_pdf_auto
IE-DS-7e097ae8294941,Kilkenny County Council,DS 23-25,"Mill Lane/Keoghs Lane, Callan",Two storey house,,,,not_available,not_available,,,,,2023-10-18,55000,https://kilkennycoco.ie/eng/services/planning/town-regeneration/derelict-sites-tracker-website-09_06_2026.pdf,2026-06-09,2026-08-08,PDF,pdf_table_extraction,structured_pdf_auto
IE-DS-8b17c57a841aea,Kilkenny County Council,DS 23-27,"Lacken Lodge, Old Dublin Rd., Kilkenny Particulars of Land","House, with two- bay two-storey recessed lower wing, and three- bay two-storey lower wing to left.",,,,not_available,not_available,,,,,2023-10-02,250000,https://kilkennycoco.ie/eng/services/planning/town-regeneration/derelict-sites-tracker-website-09_06_2026.pdf,2026-06-09,2026-08-08,PDF,pdf_table_extraction,structured_pdf_auto
IE-DS-f1a16dd8eec9df,Kilkenny County Council,DS 23-29,27 Rose Inn Street,"Terraced two-bay three-storey building, with shopfront",,,,not_available,not_available,,,,,2023-12-08,320000,https://kilkennycoco.ie/eng/services/planning/town-regeneration/derelict-sites-tracker-website-09_06_2026.pdf,2026-06-09,2026-08-08,PDF,pdf_table_extraction,structured_pdf_auto
IE-DS-f7ecbb6adcf0c9,Kilkenny County Council,DS 23-36,"Pennyfeather Lane and Pudding Lane, Kilkenny",Former restaurant,,,,not_available,not_available,,,,,2023-10-09,350000,https://kilkennycoco.ie/eng/services/planning/town-regeneration/derelict-sites-tracker-website-09_06_2026.pdf,2026-06-09,2026-08-08,PDF,pdf_table_extraction,structured_pdf_auto
IE-DS-d6dad2288459b4,Kilkenny County Council,DS 23-42,"Farmhouse, Newmarket, Co. Kilkenny",Two-storey farmhouse dwelling,,,,not_available,not_available,,,,,2025-08-29,,https://kilkennycoco.ie/eng/services/planning/town-regeneration/derelict-sites-tracker-website-09_06_2026.pdf,2026-06-09,2026-08-08,PDF,pdf_table_extraction,structured_pdf_auto
IE-DS-b9971a8ff0d5f5,Kilkenny County Council,DS 23-46,"The Fishing Lodge, Main Street, Goresbridge, Co. Kilkenny.","Three storey building and a yard, formerly a fishing lodge",,,,not_available,not_available,,,,,2025-05-13,,https://kilkennycoco.ie/eng/services/planning/town-regeneration/derelict-sites-tracker-website-09_06_2026.pdf,2026-06-09,2026-08-08,PDF,pdf_table_extraction,structured_pdf_auto
IE-DS-e0ed700e39061e,Kilkenny County Council,DS 23-49,"The Stone Cottage, Callan, Co. Kilkenny",Single-storey with dormer dwelling,,,,not_available,not_available,,,,,2025-05-01,,https://kilkennycoco.ie/eng/services/planning/town-regeneration/derelict-sites-tracker-website-09_06_2026.pdf,2026-06-09,2026-08-08,PDF,pdf_table_extraction,structured_pdf_auto
IE-DS-c27196898b0bfb,Kilkenny County Council,DS 25-08,"Old Garda Station, Ballyragget, Co. Kilkenny",Two-storey dwelling. Old Garda Station.,,,,not_available,not_available,,,,,2025-12-03,,https://kilkennycoco.ie/eng/services/planning/town-regeneration/derelict-sites-tracker-website-09_06_2026.pdf,2026-06-09,2026-08-08,PDF,pdf_table_extraction,structured_pdf_auto
IE-DS-ee44284c0bcaa6,Kilkenny County Council,DS 25-13,"Main Street, Gowran,Co Kilkenny","Two storey, terraced Building",,,,not_available,not_available,,,,,2026-01-22,,https://kilkennycoco.ie/eng/services/planning/town-regeneration/derelict-sites-tracker-website-09_06_2026.pdf,2026-06-09,2026-08-08,PDF,pdf_table_extraction,structured_pdf_auto
IE-DS-b08a70630db58a,Kilkenny County Council,DS 23-02,"Main Street, Gowran, Co Kilkenny Particulars of Land","Two storey, terraced Building",,,,not_available,not_available,,,,,2026-03-10,,https://kilkennycoco.ie/eng/services/planning/town-regeneration/derelict-sites-tracker-website-09_06_2026.pdf,2026-06-09,2026-08-08,PDF,pdf_table_extraction,structured_pdf_auto
IE-DS-d8a6ec8a7df5da,Kilkenny County Council,DS 24-12,"Maudlin Street, Thomastown, Co. Kilkenny",Detached cottage and surrounding land,,,,not_available,not_available,,,,,2026-03-25,,https://kilkennycoco.ie/eng/services/planning/town-regeneration/derelict-sites-tracker-website-09_06_2026.pdf,2026-06-09,2026-08-08,PDF,pdf_table_extraction,structured_pdf_auto
IE-DS-d4912bb43b7634,Kilkenny County Council,DS 25-18,"7 High Street, Kilkenny",Four storey terraced dwelling over basement building.,,,,not_available,not_available,,,,,2026-04-22,,https://kilkennycoco.ie/eng/services/planning/town-regeneration/derelict-sites-tracker-website-09_06_2026.pdf,2026-06-09,2026-08-08,PDF,pdf_table_extraction,structured_pdf_auto
IE-DS-5b0b31b0c2f0c7,Kilkenny County Council,DS 26-01,"Small Acre, Ballyconway, Thomastown Co. Kilkenny",A single storey dwelling,,,,not_available,not_available,,,,,2026-04-22,,https://kilkennycoco.ie/eng/services/planning/town-regeneration/derelict-sites-tracker-website-09_06_2026.pdf,2026-06-09,2026-08-08,PDF,pdf_table_extraction,structured_pdf_auto
IE-DS-79ebf4d6417f13,Kilkenny County Council,DS 26-07,"Fox & Goose, Ballinamona, Clifden, Co. Kilkenny","Part two-storey, part single-storey building.",,,,not_available,not_available,,,,,2026-06-08,,https://kilkennycoco.ie/eng/services/planning/town-regeneration/derelict-sites-tracker-website-09_06_2026.pdf,2026-06-09,2026-08-08,PDF,pdf_table_extraction,structured_pdf_auto
IE-DS-e5852e872fafed,Laois County Council,20/39 Old Ref 14/10,"Derelict Site @ Huntsman Inn Ballinakill, Co. Laois, Ballinakill",n/a,R32 AW89,52.8740574,-7.3080818,authority_supplied_itm_transformed,site_point,646579.84,680575.77,EPSG:2157,,2017-09-25,130000,https://laois.ie/sites/default/files/2026-07/Derelict%20Site%20Register%20updated%20July%202026_1.pdf,2026-07-01,2026-08-08,PDF,pdf_table_extraction,structured_pdf_auto
IE-DS-bd7667cb19b10b,Laois County Council,22/40,"Chapel Street, Ballinakill",n/a,,52.8731702,-7.3050929,authority_supplied_itm_transformed,site_point,646782,680479,EPSG:2157,,2024-04-03,190000,https://laois.ie/sites/default/files/2026-07/Derelict%20Site%20Register%20updated%20July%202026_1.pdf,2026-07-01,2026-08-08,PDF,pdf_table_extraction,structured_pdf_auto
IE-DS-3ec4db94f75b95,Laois County Council,22/41,"8 Chapel Lane, Ballinakill",n/a,R32 R5H9,52.8731978,-7.3047544,authority_supplied_itm_transformed,site_point,646804.76,680482.29,EPSG:2157,,2024-04-03,100000,https://laois.ie/sites/default/files/2026-07/Derelict%20Site%20Register%20updated%20July%202026_1.pdf,2026-07-01,2026-08-08,PDF,pdf_table_extraction,structured_pdf_auto
IE-DS-73b6ac82a27816,Laois County Council,22/38,"1 Saint Oliver's, Chapel Street, Ballinakill",n/a,R32 XH33,52.873216,-7.3043853,authority_supplied_itm_transformed,site_point,646829.59,680484.56,EPSG:2157,,2024-04-03,150000,https://laois.ie/sites/default/files/2026-07/Derelict%20Site%20Register%20updated%20July%202026_1.pdf,2026-07-01,2026-08-08,PDF,pdf_table_extraction,structured_pdf_auto
IE-DS-0cbc35126d6835,Laois County Council,22/32,"Main Street, Ballybrittas",n/a,,53.1096533,-7.1362609,authority_supplied_itm_transformed,site_point,657831,706914,EPSG:2157,,2022-11-11,80000,https://laois.ie/sites/default/files/2026-07/Derelict%20Site%20Register%20updated%20July%202026_1.pdf,2026-07-01,2026-08-08,PDF,pdf_table_extraction,structured_pdf_auto
IE-DS-3f32060423aee2,Laois County Council,21/8,"Old Boy's National School, Main Street, Ballyroan",Intention of use to be confirmed,R32 HC67,52.9501007,-7.3042772,authority_supplied_itm_transformed,site_point,646754,689039,EPSG:2157,,2022-06-03,,https://laois.ie/sites/default/files/2026-07/Derelict%20Site%20Register%20updated%20July%202026_1.pdf,2026-07-01,2026-08-08,PDF,pdf_table_extraction,structured_pdf_auto
IE-DS-ead25836964f18,Laois County Council,21/18,"Newtown, Doonane, Crettyard",n/a,,52.8643158,-7.1132501,authority_supplied_itm_transformed,site_point,659709,679636,EPSG:2157,,2022-02-22,50000,https://laois.ie/sites/default/files/2026-07/Derelict%20Site%20Register%20updated%20July%202026_1.pdf,2026-07-01,2026-08-08,PDF,pdf_table_extraction,structured_pdf_auto
IE-DS-1204df7ab8483f,Laois County Council,26/03,"Carrigan Street, Durrow",n/a,R32 P7T3,52.843313,-7.3937586,authority_supplied_itm_transformed,site_point,640841,677103,EPSG:2157,,2026-07-03,,https://laois.ie/sites/default/files/2026-07/Derelict%20Site%20Register%20updated%20July%202026_1.pdf,2026-07-01,2026-08-08,PDF,pdf_table_extraction,structured_pdf_auto
IE-DS-0d47dbdc56f78e,Laois County Council,22/02,"O'Connell Square, Mountmellick",n/a,R32 Y868,53.1174165,-7.3266755,authority_supplied_itm_transformed,site_point,645074,707641,EPSG:2157,,2023-06-13,175000,https://laois.ie/sites/default/files/2026-07/Derelict%20Site%20Register%20updated%20July%202026_1.pdf,2026-07-01,2026-08-08,PDF,pdf_table_extraction,structured_pdf_auto
IE-DS-fb92d6d1fba766,Laois County Council,22/03,"Parnell Street, Mountmellick",n/a,R32 EFP4,53.1172797,-7.3263192,authority_supplied_itm_transformed,site_point,645098,707626,EPSG:2157,,2023-06-13,175000,https://laois.ie/sites/default/files/2026-07/Derelict%20Site%20Register%20updated%20July%202026_1.pdf,2026-07-01,2026-08-08,PDF,pdf_table_extraction,structured_pdf_auto
IE-DS-9f39751b1cc32b,Laois County Council,22/05,"Market Square, Mountmellick",n/a,R32 K073,53.1172068,-7.326141,authority_supplied_itm_transformed,site_point,645110,707618,EPSG:2157,,2023-06-13,415000,https://laois.ie/sites/default/files/2026-07/Derelict%20Site%20Register%20updated%20July%202026_1.pdf,2026-07-01,2026-08-08,PDF,pdf_table_extraction,structured_pdf_auto
IE-DS-de24c10bb03033,Laois County Council,22/06,"29 Patrick Street, Mountmellick",n/a,R32 N403,53.1180435,-7.3290154,authority_supplied_itm_transformed,site_point,644916.71,707709.29,EPSG:2157,,2023-10-19,165000,https://laois.ie/sites/default/files/2026-07/Derelict%20Site%20Register%20updated%20July%202026_1.pdf,2026-07-01,2026-08-08,PDF,pdf_table_extraction,structured_pdf_auto
IE-DS-da24594961f666,Laois County Council,22/14,"Acragar, Mountmellick",To be used for Housing; Vested,R32 E263,53.1103631,-7.3147629,authority_supplied_itm_transformed,site_point,645878.96,706863.76,EPSG:2157,,2025-08-01,70000,https://laois.ie/sites/default/files/2026-07/Derelict%20Site%20Register%20updated%20July%202026_1.pdf,2026-07-01,2026-08-08,PDF,pdf_table_extraction,structured_pdf_auto
IE-DS-64bacb4a4c8b79,Laois County Council,22/15,"Central Garages, Emmett Street, Mountmellick",n/a,R32 Y820,53.119505,-7.3304673,authority_supplied_itm_transformed,site_point,644818,707871,EPSG:2157,,2024-09-25,140000,https://laois.ie/sites/default/files/2026-07/Derelict%20Site%20Register%20updated%20July%202026_1.pdf,2026-07-01,2026-08-08,PDF,pdf_table_extraction,structured_pdf_auto
IE-DS-3ddf62166ca815,Laois County Council,22/18,"Bay Road, Mountmellick",n/a,R32 X4T2,53.1242985,-7.3272926,authority_supplied_itm_transformed,site_point,645025.5,708406.35,EPSG:2157,,2025-07-17,150000,https://laois.ie/sites/default/files/2026-07/Derelict%20Site%20Register%20updated%20July%202026_1.pdf,2026-07-01,2026-08-08,PDF,pdf_table_extraction,structured_pdf_auto
IE-DS-ce8fad62338ada,Laois County Council,24/09,"Silverwood/Cullenbeg, Mountmellick",n/a,,53.121977,-7.319448,authority_supplied_itm_transformed,site_point,645553,708153,EPSG:2157,,2025-08-01,170000,https://laois.ie/sites/default/files/2026-07/Derelict%20Site%20Register%20updated%20July%202026_1.pdf,2026-07-01,2026-08-08,PDF,pdf_table_extraction,structured_pdf_auto
IE-DS-80c90478eb279e,Laois County Council,23/11,"Shannon Road, Mountrath",n/a,,53.0001135,-7.4651298,authority_supplied_itm_transformed,site_point,635903,694511,EPSG:2157,,2023-09-29,100000,https://laois.ie/sites/default/files/2026-07/Derelict%20Site%20Register%20updated%20July%202026_1.pdf,2026-07-01,2026-08-08,PDF,pdf_table_extraction,structured_pdf_auto
IE-DS-da9e61adf4b98b,Laois County Council,24/01,"Patrick Street/ (Old petrol station) Coote Street, Dysartbeagh, Mountrath",n/a,,52.9976754,-7.478731,authority_supplied_itm_transformed,site_point,634992,694233,EPSG:2157,,2024-09-24,60000,https://laois.ie/sites/default/files/2026-07/Derelict%20Site%20Register%20updated%20July%202026_1.pdf,2026-07-01,2026-08-08,PDF,pdf_table_extraction,structured_pdf_auto
IE-DS-f2ddb6537b3445,Laois County Council,20/33,"15 Bracklone Street, Portarlington",Intention of use to be confirmed,,53.1550694,-7.1800531,authority_supplied_itm_transformed,site_point,654841.128,711932.782,EPSG:2157,,2022-08-24,100000,https://laois.ie/sites/default/files/2026-07/Derelict%20Site%20Register%20updated%20July%202026_1.pdf,2026-07-01,2026-08-08,PDF,pdf_table_extraction,structured_pdf_auto
IE-DS-37772ccfeeb722,Laois County Council,20/35,"Arlington House, French Church Street, Portarlington, Portarlington",n/a,,53.1617069,-7.1923103,authority_supplied_itm_transformed,site_point,654013,712662,EPSG:2157,,2025-07-17,150000,https://laois.ie/sites/default/files/2026-07/Derelict%20Site%20Register%20updated%20July%202026_1.pdf,2026-07-01,2026-08-08,PDF,pdf_table_extraction,structured_pdf_auto
IE-DS-37b511ccb0de6d,Laois County Council,20/48,"Old Post Office, Main Street, Portarlington",n/a,R32 CP57,53.1592191,-7.1882796,authority_supplied_itm_transformed,site_point,654285.68,712388.24,EPSG:2157,,2021-09-20,60000,https://laois.ie/sites/default/files/2026-07/Derelict%20Site%20Register%20updated%20July%202026_1.pdf,2026-07-01,2026-08-08,PDF,pdf_table_extraction,structured_pdf_auto
IE-DS-f3bc8eca8e17c6,Laois County Council,23/04,"Cooltederry, Portarlington",To be used for Housing; Vested,,53.1526484,-7.1897892,authority_supplied_itm_transformed,site_point,654193,711656,EPSG:2157,,2024-05-14,,https://laois.ie/sites/default/files/2026-07/Derelict%20Site%20Register%20updated%20July%202026_1.pdf,2026-07-01,2026-08-08,PDF,pdf_table_extraction,structured_pdf_auto
IE-DS-9c2fb774f32abb,Laois County Council,24/12,"Foxcroft Street, Portarlington",n/a; Meeting held with owners,,53.1591165,-7.192015,authority_supplied_itm_transformed,site_point,654036,712374,EPSG:2157,,2024-07-23,180000,https://laois.ie/sites/default/files/2026-07/Derelict%20Site%20Register%20updated%20July%202026_1.pdf,2026-07-01,2026-08-08,PDF,pdf_table_extraction,structured_pdf_auto
IE-DS-c9f9d49d7ec6bd,Laois County Council,20/03,"Peppers Lane, Portlaoise",n/a; CPO commenced,R32 EP28,53.033558,-7.2973999,authority_supplied_itm_transformed,site_point,647125.23,698329.28,EPSG:2157,,2023-09-29,250000,https://laois.ie/sites/default/files/2026-07/Derelict%20Site%20Register%20updated%20July%202026_1.pdf,2026-07-01,2026-08-08,PDF,pdf_table_extraction,structured_pdf_auto
IE-DS-7fbe6d6dc60bea,Laois County Council,21/06,"Centrepoint site, Mountrath Road, Portlaoise",n/a,,53.0355499,-7.3095376,authority_supplied_itm_transformed,site_point,646309,698543,EPSG:2157,,2021-05-17,2500000,https://laois.ie/sites/default/files/2026-07/Derelict%20Site%20Register%20updated%20July%202026_1.pdf,2026-07-01,2026-08-08,PDF,pdf_table_extraction,structured_pdf_auto
IE-DS-c1bee696f1d729,Laois County Council,21/12,"Old Knockmay Road, Portlaoise, Portlaoise",To be sold; Vested,R32 T2VE,53.032935,-7.3066696,authority_supplied_itm_transformed,site_point,646504.164,698253.91,EPSG:2157,,2023-01-17,70000,https://laois.ie/sites/default/files/2026-07/Derelict%20Site%20Register%20updated%20July%202026_1.pdf,2026-07-01,2026-08-08,PDF,pdf_table_extraction,structured_pdf_auto
IE-DS-e1bf4a90c02c38,Laois County Council,21/13,"8 Well Road, Portlaoise, Portlaoise",n/a; Meeting held with owners,R32 F2XT,53.0329269,-7.2944616,authority_supplied_itm_transformed,site_point,647323,698261,EPSG:2157,,2023-05-10,90000,https://laois.ie/sites/default/files/2026-07/Derelict%20Site%20Register%20updated%20July%202026_1.pdf,2026-07-01,2026-08-08,PDF,pdf_table_extraction,structured_pdf_auto
IE-DS-a3e9ad1ef1025e,Laois County Council,21/14,"7 Well Road, Portlaoise, Portlaoise",n/a; Meeting held with owners,R32 X6HY,53.0329833,-7.294561,authority_supplied_itm_transformed,site_point,647316.27,698267.2,EPSG:2157,,2023-05-10,80000,https://laois.ie/sites/default/files/2026-07/Derelict%20Site%20Register%20updated%20July%202026_1.pdf,2026-07-01,2026-08-08,PDF,pdf_table_extraction,structured_pdf_auto
IE-DS-1648a85dac2c64,Laois County Council,21/22,"2 Church Avenue, Portlaoise",n/a; Meeting held with owners,R32 V0PF,53.0348312,-7.2971752,authority_supplied_itm_transformed,site_point,647138.91,698471.09,EPSG:2157,,2023-09-04,200000,https://laois.ie/sites/default/files/2026-07/Derelict%20Site%20Register%20updated%20July%202026_1.pdf,2026-07-01,2026-08-08,PDF,pdf_table_extraction,structured_pdf_auto
IE-DS-daa19934a87cb8,Laois County Council,22/11,"11 Bridge Street, Portlaoise",n/a,R32 E4XF,53.034232,-7.2953653,authority_supplied_itm_transformed,site_point,647260.96,698405.61,EPSG:2157,,2024-04-04,150000,https://laois.ie/sites/default/files/2026-07/Derelict%20Site%20Register%20updated%20July%202026_1.pdf,2026-07-01,2026-08-08,PDF,pdf_table_extraction,structured_pdf_auto
IE-DS-fcb26d11da4970,Laois County Council,22/13,"4 Bramley Court, Portlaoise",,R32 T0F6,53.0437425,-7.3125843,authority_supplied_itm_transformed,site_point,646095.92,699452.58,EPSG:2157,,2023-06-13,150000,https://laois.ie/sites/default/files/2026-07/Derelict%20Site%20Register%20updated%20July%202026_1.pdf,2026-07-01,2026-08-08,PDF,pdf_table_extraction,structured_pdf_auto
IE-DS-70cf07b213415a,Laois County Council,22/34,"88 Main Street, Portlaoise",n/a; CPO commenced,R32 NR29,53.0340161,-7.2974206,authority_supplied_itm_transformed,site_point,647123.34,698380.24,EPSG:2157,,2024-11-22,300000,https://laois.ie/sites/default/files/2026-07/Derelict%20Site%20Register%20updated%20July%202026_1.pdf,2026-07-01,2026-08-08,PDF,pdf_table_extraction,structured_pdf_auto
IE-DS-ddcac21e035cd3,Laois County Council,22/35,"88 Marian Avenue, Portlaoise",n/a; Meeting held with owner,R32 YY3Y,53.0292313,-7.3100261,authority_supplied_itm_transformed,site_point,646283,697839.65,EPSG:2157,,2025-08-12,160000,https://laois.ie/sites/default/files/2026-07/Derelict%20Site%20Register%20updated%20July%202026_1.pdf,2026-07-01,2026-08-08,PDF,pdf_table_extraction,structured_pdf_auto
IE-DS-06aae78ed344d3,Laois County Council,23/07,"Old Knockmay Road, Portlaoise, Portlaoise","To be sold on open market; Vested, for sale June 2026",R32 D70X,53.0329137,-7.3067722,authority_supplied_itm_transformed,site_point,646497.31,698251.47,EPSG:2157,,2023-07-24,80000,https://laois.ie/sites/default/files/2026-07/Derelict%20Site%20Register%20updated%20July%202026_1.pdf,2026-07-01,2026-08-08,PDF,pdf_table_extraction,structured_pdf_auto
IE-DS-88a7b0e25463fd,Laois County Council,23/09,"16 Main Street, Portlaoise, Portlaoise",n/a,R32 PT6Y,53.0341403,-7.2960529,authority_supplied_itm_transformed,site_point,647214.94,698394.96,EPSG:2157,,2024-03-26,300000,https://laois.ie/sites/default/files/2026-07/Derelict%20Site%20Register%20updated%20July%202026_1.pdf,2026-07-01,2026-08-08,PDF,pdf_table_extraction,structured_pdf_auto
IE-DS-e7a59129182e42,Laois County Council,23/10,"32 Grattan Street, Portlaoise",n/a,R32 PTR9,53.0336591,-7.3044215,authority_supplied_itm_transformed,site_point,646654.17,698335.94,EPSG:2157,,2023-09-29,180000,https://laois.ie/sites/default/files/2026-07/Derelict%20Site%20Register%20updated%20July%202026_1.pdf,2026-07-01,2026-08-08,PDF,pdf_table_extraction,structured_pdf_auto
IE-DS-63cc8e85369de8,Laois County Council,24/06,"39 Broomville, Portlaoise","n/a; Property sold March 2026, new owners TBC",R32 K8RP,53.0424143,-7.2794849,authority_supplied_itm_transformed,site_point,648316.92,699326.59,EPSG:2157,,2026-01-12,250000,https://laois.ie/sites/default/files/2026-07/Derelict%20Site%20Register%20updated%20July%202026_1.pdf,2026-07-01,2026-08-08,PDF,pdf_table_extraction,structured_pdf_auto
IE-DS-d1c173ed8160f9,Laois County Council,24/07,"55 Broomville, Portlaoise",Housing; Vested May 2026,R32 K6WV,53.0417714,-7.2792755,authority_supplied_itm_transformed,site_point,648331.68,699255.2,EPSG:2157,,2024-07-23,250000,https://laois.ie/sites/default/files/2026-07/Derelict%20Site%20Register%20updated%20July%202026_1.pdf,2026-07-01,2026-08-08,PDF,pdf_table_extraction,structured_pdf_auto
IE-DS-9f0d62cce5aad0,Laois County Council,24/10,"Beechfield House, Green Road, Portlaoise",n/a; Meeting held with owner,R32 A7NE,53.0374313,-7.3047889,authority_supplied_itm_transformed,site_point,646625.46,698755.41,EPSG:2157,,2025-08-12,295000,https://laois.ie/sites/default/files/2026-07/Derelict%20Site%20Register%20updated%20July%202026_1.pdf,2026-07-01,2026-08-08,PDF,pdf_table_extraction,structured_pdf_auto
IE-DS-554d78dd0cc730,Laois County Council,25/19,"rear of Applegreen, Dublin Road, Portlaoise, Portlaoise",n/a,,53.0401901,-7.2767024,authority_supplied_itm_transformed,site_point,648506,699081,EPSG:2157,,2026-04-27,,https://laois.ie/sites/default/files/2026-07/Derelict%20Site%20Register%20updated%20July%202026_1.pdf,2026-07-01,2026-08-08,PDF,pdf_table_extraction,structured_pdf_auto
IE-DS-c4a0fc3c27418e,Laois County Council,20/38,"Church Street, Rathdowney",n/a,R32 XK13,52.8555852,-7.5861853,authority_supplied_itm_transformed,site_point,627869.9,678376.46,EPSG:2157,,2024-02-08,30000,https://laois.ie/sites/default/files/2026-07/Derelict%20Site%20Register%20updated%20July%202026_1.pdf,2026-07-01,2026-08-08,PDF,pdf_table_extraction,structured_pdf_auto
IE-DS-532a6602975d00,Laois County Council,20/44,"The Square, Rathdowney, Rathdowney",n/a; CPO commenced,R32 Y392,52.8555011,-7.5825275,authority_supplied_itm_transformed,site_point,628116.3,678368.53,EPSG:2157,,2024-05-23,45000,https://laois.ie/sites/default/files/2026-07/Derelict%20Site%20Register%20updated%20July%202026_1.pdf,2026-07-01,2026-08-08,PDF,pdf_table_extraction,structured_pdf_auto
IE-DS-c95f2abd21dacb,Laois County Council,23/05,"Ossory Street, Rathdowney",n/a,R32 V1H7,52.8548995,-7.5840374,authority_supplied_itm_transformed,site_point,628015,678301,EPSG:2157,,2024-06-14,160000,https://laois.ie/sites/default/files/2026-07/Derelict%20Site%20Register%20updated%20July%202026_1.pdf,2026-07-01,2026-08-08,PDF,pdf_table_extraction,structured_pdf_auto
IE-DS-2525648c926666,Laois County Council,23/06,"Ossory Street, Rathdowney",n/a,R32 RY24,52.8551751,-7.5841663,authority_supplied_itm_transformed,site_point,628006.14,678331.62,EPSG:2157,,2024-06-14,150000,https://laois.ie/sites/default/files/2026-07/Derelict%20Site%20Register%20updated%20July%202026_1.pdf,2026-07-01,2026-08-08,PDF,pdf_table_extraction,structured_pdf_auto
IE-DS-339490710f00e0,Laois County Council,25/23,"Conoboro Road, Rathdowney, Rathdowney",n/a; CPO commenced,R32 C2R0,52.8543745,-7.5728621,authority_supplied_itm_transformed,site_point,628768,678247,EPSG:2157,,2026-03-12,,https://laois.ie/sites/default/files/2026-07/Derelict%20Site%20Register%20updated%20July%202026_1.pdf,2026-07-01,2026-08-08,PDF,pdf_table_extraction,structured_pdf_auto
IE-DS-a1a1fb59ef00ab,Laois County Council,20/08 Old Ref 19/15 & 07/8,"Main Street, Stradbally, Co. Laois, Stradbally","To be sold on open market; Vested, For sale March 2026",,53.0127097,-7.1445612,authority_supplied_itm_transformed,site_point,657404,696121,EPSG:2157,,2021-06-22,80000,https://laois.ie/sites/default/files/2026-07/Derelict%20Site%20Register%20updated%20July%202026_1.pdf,2026-07-01,2026-08-08,PDF,pdf_table_extraction,structured_pdf_auto
IE-DS-f3f9a0625ee661,Laois County Council,20/12 Old Ref 17/01 & 08/68,"Presentation Convent Chapel, Main Street, Stradbally, Co, Laois, Stradbally",n/a,,53.0143901,-7.1470168,authority_supplied_itm_transformed,site_point,657237,696306,EPSG:2157,,2021-03-01,200000,https://laois.ie/sites/default/files/2026-07/Derelict%20Site%20Register%20updated%20July%202026_1.pdf,2026-07-01,2026-08-08,PDF,pdf_table_extraction,structured_pdf_auto
IE-DS-ec88ebeaf1229f,Laois County Council,21/21,"Vicarstown, Vicarstown",n/a,,53.0508197,-7.0868144,authority_supplied_itm_transformed,site_point,661225,700409,EPSG:2157,,2022-12-16,50000,https://laois.ie/sites/default/files/2026-07/Derelict%20Site%20Register%20updated%20July%202026_1.pdf,2026-07-01,2026-08-08,PDF,pdf_table_extraction,structured_pdf_auto
IE-DS-2d0c26f3d97df3,Limerick City and County Council,DS-003-91,"2 Wellesley Lane, Limerick.",Single Storey Storage Building,,52.6579077,-8.6340338,authority_supplied_itm_transformed,site_point,557105,656491,EPSG:2157,,1991-12-13,15000,https://www.limerick.ie/sites/default/files/media/documents/2026-03/derelict-site-register-2026.pdf,2026-03-01,2026-08-08,PDF,pdf_table_extraction,structured_pdf_auto
IE-DS-c7ddb10079ecc0,Limerick City and County Council,DS-004-91,"1 Wellesley Lane, Limerick.",Single Storey Storage Building,,52.6578626,-8.6340479,authority_supplied_itm_transformed,site_point,557104,656486,EPSG:2157,,1991-12-13,15000,https://www.limerick.ie/sites/default/files/media/documents/2026-03/derelict-site-register-2026.pdf,2026-03-01,2026-08-08,PDF,pdf_table_extraction,structured_pdf_auto
IE-DS-cf59f6d4194cb8,Limerick City and County Council,DS-011-04,"The Square, Kilfinane, Co. Limerick.",Former Creamery buildings,,52.3582499,-8.4693906,authority_supplied_itm_transformed,site_point,568027,623067,EPSG:2157,,2004-12-21,25000,https://www.limerick.ie/sites/default/files/media/documents/2026-03/derelict-site-register-2026.pdf,2026-03-01,2026-08-08,PDF,pdf_table_extraction,structured_pdf_auto
IE-DS-b7a124d9bbb697,Limerick City and County Council,DS-001-05,"Market House, Kilfinane, Co. Limerick.",Former Market House,,52.3583469,-8.4698467,authority_supplied_itm_transformed,site_point,567996,623078,EPSG:2157,,2005-03-03,9000,https://www.limerick.ie/sites/default/files/media/documents/2026-03/derelict-site-register-2026.pdf,2026-03-01,2026-08-08,PDF,pdf_table_extraction,structured_pdf_auto
IE-DS-1468dcd071f682,Limerick City and County Council,DS-005-05,"Glengort Schoolhouse, Tournafulla, Co. Limerick.",Former schoolhouse,,52.3621152,-9.1666734,authority_supplied_itm_transformed,site_point,520539,624034,EPSG:2157,,2005-06-09,10000,https://www.limerick.ie/sites/default/files/media/documents/2026-03/derelict-site-register-2026.pdf,2026-03-01,2026-08-08,PDF,pdf_table_extraction,structured_pdf_auto
IE-DS-e28486a47dc5af,Limerick City and County Council,DS-001-07,"Corgrigg, Foynes, Co. Limerick.",Detached residential bungalow,,52.6085343,-9.1016455,authority_supplied_itm_transformed,site_point,525386,651379,EPSG:2157,,2007-12-31,95000,https://www.limerick.ie/sites/default/files/media/documents/2026-03/derelict-site-register-2026.pdf,2026-03-01,2026-08-08,PDF,pdf_table_extraction,structured_pdf_auto
IE-DS-2607bf5b633267,Limerick City and County Council,DS-007-08,"Ballyneety North, Templebredon, Co. Limerick.",Detached residential bungalow,,52.5156983,-8.3251184,authority_supplied_itm_transformed,site_point,577933,640530,EPSG:2157,,2008-12-31,35000,https://www.limerick.ie/sites/default/files/media/documents/2026-03/derelict-site-register-2026.pdf,2026-03-01,2026-08-08,PDF,pdf_table_extraction,structured_pdf_auto
IE-DS-439c9c7d34fe15,Limerick City and County Council,DS-017-12,"86 Lenihan Avenue, Limerick.",Two-storey dwelling,V94 1H98,52.6530054,-8.6262923,authority_supplied_itm_transformed,site_point,557624,655941,EPSG:2157,,2012-01-10,32000,https://www.limerick.ie/sites/default/files/media/documents/2026-03/derelict-site-register-2026.pdf,2026-03-01,2026-08-08,PDF,pdf_table_extraction,structured_pdf_auto
IE-DS-75a0bcd671584b,Limerick City and County Council,DS-016-12,"Locke House, Canal Bank, Limerick.",Two-storey commercial premises,,52.6666977,-8.6170705,authority_supplied_itm_transformed,site_point,558261,657459,EPSG:2157,,2013-02-21,60000,https://www.limerick.ie/sites/default/files/media/documents/2026-03/derelict-site-register-2026.pdf,2026-03-01,2026-08-08,PDF,pdf_table_extraction,structured_pdf_auto
IE-DS-142b5619aa4de9,Limerick City and County Council,DS-015-11,"Canal Bank House, Canal Bank, Limerick.",Two-storey commercial premises,,52.6667438,-8.6168494,authority_supplied_itm_transformed,site_point,558276,657464,EPSG:2157,,2013-02-21,70000,https://www.limerick.ie/sites/default/files/media/documents/2026-03/derelict-site-register-2026.pdf,2026-03-01,2026-08-08,PDF,pdf_table_extraction,structured_pdf_auto
IE-DS-db6f024458e46e,Limerick City and County Council,DS-008-13,"Properties at Woolworths Lane, Limerick.",Three no. Two Storey Terraced premises,,52.6616628,-8.6276282,authority_supplied_itm_transformed,site_point,557542,656905,EPSG:2157,,2013-10-10,60000,https://www.limerick.ie/sites/default/files/media/documents/2026-03/derelict-site-register-2026.pdf,2026-03-01,2026-08-08,PDF,pdf_table_extraction,structured_pdf_auto
IE-DS-df889c3eb0bf36,Limerick City and County Council,DS-078-17,"Main Street, Ballingarry, Co. Limerick.",Residential premises with neglected land to rear,V94 W6DF,52.4737039,-8.8638042,authority_supplied_itm_transformed,site_point,541315,636159,EPSG:2157,,2018-02-09,140000,https://www.limerick.ie/sites/default/files/media/documents/2026-03/derelict-site-register-2026.pdf,2026-03-01,2026-08-08,PDF,pdf_table_extraction,structured_pdf_auto
IE-DS-f6e1c87b79751b,Limerick City and County Council,DS-100-17,"1 Long Lane, Sir Harry's Mall, Limerick.",Former terrace cottage,,52.667608,-8.6200402,authority_supplied_itm_transformed,site_point,558061,657562,EPSG:2157,,2018-04-18,50000,https://www.limerick.ie/sites/default/files/media/documents/2026-03/derelict-site-register-2026.pdf,2026-03-01,2026-08-08,PDF,pdf_table_extraction,structured_pdf_auto
IE-DS-9eb374b909997a,Limerick City and County Council,DS-101-17,"2 Long Lane, Sir Harry's Mall, Limerick.",Former terrace cottage,,52.6675994,-8.6199514,authority_supplied_itm_transformed,site_point,558067,657561,EPSG:2157,,2018-04-18,25000,https://www.limerick.ie/sites/default/files/media/documents/2026-03/derelict-site-register-2026.pdf,2026-03-01,2026-08-08,PDF,pdf_table_extraction,structured_pdf_auto
IE-DS-da9db219d9699e,Limerick City and County Council,DS-110-17,"Bothar Buí, Newcastle West, Co. Limerick",Mid Terrace Single Storey dwelling,,52.4482461,-9.057715,authority_supplied_itm_transformed,site_point,528100,633502,EPSG:2157,,2018-08-15,25000,https://www.limerick.ie/sites/default/files/media/documents/2026-03/derelict-site-register-2026.pdf,2026-03-01,2026-08-08,PDF,pdf_table_extraction,structured_pdf_auto
IE-DS-44064ae2214b99,Limerick City and County Council,DS-003-12,"90 Lenihan Avenue, Prospect, Limerick.",Mid Terrace Two Storey dwelling,V94 03P2,52.652925,-8.6261877,authority_supplied_itm_transformed,site_point,557631,655932,EPSG:2157,,2018-09-07,20000,https://www.limerick.ie/sites/default/files/media/documents/2026-03/derelict-site-register-2026.pdf,2026-03-01,2026-08-08,PDF,pdf_table_extraction,structured_pdf_auto
IE-DS-84dee8c498c877,Limerick City and County Council,DS-046-18,"2 Colbert Terrace, Abbeyfeale, Co. Limerick.",Mid Terrace Two Storey dwelling,V94 T9Y0,52.3866826,-9.3001139,authority_supplied_itm_transformed,site_point,511500,626922,EPSG:2157,,2018-10-05,20000,https://www.limerick.ie/sites/default/files/media/documents/2026-03/derelict-site-register-2026.pdf,2026-03-01,2026-08-08,PDF,pdf_table_extraction,structured_pdf_auto
IE-DS-c7736521e09ae6,Limerick City and County Council,DS-045-18,"3 Colbert Terrace, Abbeyfeale, Co. Limerick",Mid Terrace Two Storey dwelling,,52.3866384,-9.3000391,authority_supplied_itm_transformed,site_point,511505,626917,EPSG:2157,,2018-11-13,20000,https://www.limerick.ie/sites/default/files/media/documents/2026-03/derelict-site-register-2026.pdf,2026-03-01,2026-08-08,PDF,pdf_table_extraction,structured_pdf_auto
IE-DS-bee84fd20256c8,Limerick City and County Council,DS-044-18,"4 Colbert Terrace, Abbeyfeale, Co. Limerick",End Of Terrace Two Storey dwelling,,52.3865945,-9.2999497,authority_supplied_itm_transformed,site_point,511511,626912,EPSG:2157,,2018-11-13,22500,https://www.limerick.ie/sites/default/files/media/documents/2026-03/derelict-site-register-2026.pdf,2026-03-01,2026-08-08,PDF,pdf_table_extraction,structured_pdf_auto
IE-DS-61045b89cc37b0,Limerick City and County Council,DS-040-18,"11 Colbert Terrace, Abbeyfeale, Co. Limerick",Mid Terrace Two Storey dwelling,V94 Y4E8,52.386359,-9.2992964,authority_supplied_itm_transformed,site_point,511555,626885,EPSG:2157,,2018-11-14,18000,https://www.limerick.ie/sites/default/files/media/documents/2026-03/derelict-site-register-2026.pdf,2026-03-01,2026-08-08,PDF,pdf_table_extraction,structured_pdf_auto
IE-DS-d4d891c17f5f06,Limerick City and County Council,DS-106-17,"Laurel Mews, Mill Road, Corbally, Limerick.",Half-store attached dwelling,,52.6861827,-8.6207322,authority_supplied_itm_transformed,site_point,558032,659629,EPSG:2157,,2018-12-04,55000,https://www.limerick.ie/sites/default/files/media/documents/2026-03/derelict-site-register-2026.pdf,2026-03-01,2026-08-08,PDF,pdf_table_extraction,structured_pdf_auto
IE-DS-2b82a9aed15276,Limerick City and County Council,DS-065-16,"Lower Main Street, Rathkeale, Co. Limerick.",Mid Terrace Two Storey dwelling,V94 T6KP,52.5218217,-8.9412705,authority_supplied_itm_transformed,site_point,536122,641578,EPSG:2157,,2019-01-29,150000,https://www.limerick.ie/sites/default/files/media/documents/2026-03/derelict-site-register-2026.pdf,2026-03-01,2026-08-08,PDF,pdf_table_extraction,structured_pdf_auto
IE-DS-99f7f86025e654,Limerick City and County Council,DS-075-16,"34-41 Catherine Street, Limerick.",Terraced mixed use development site,V94 V523,52.6601536,-8.6291734,authority_supplied_itm_transformed,site_point,557436,656738,EPSG:2157,,2019-02-07,500000,https://www.limerick.ie/sites/default/files/media/documents/2026-03/derelict-site-register-2026.pdf,2026-03-01,2026-08-08,PDF,pdf_table_extraction,structured_pdf_auto
IE-DS-444f6c7ff3148c,Limerick City and County Council,DS-076-17,"37 Windmill Street, Limerick",neglected land,,52.6593415,-8.634838,authority_supplied_itm_transformed,site_point,557052,656651,EPSG:2157,,2019-03-05,90000,https://www.limerick.ie/sites/default/files/media/documents/2026-03/derelict-site-register-2026.pdf,2026-03-01,2026-08-08,PDF,pdf_table_extraction,structured_pdf_auto
IE-DS-91927e660c9e9d,Limerick City and County Council,DS-102-17,"3 Long Lane, Sir Harry's Mall, Limerick.",Mid terrace cottage,V94 AWP4,52.6675819,-8.6198624,authority_supplied_itm_transformed,site_point,558073,657559,EPSG:2157,,2019-03-15,60000,https://www.limerick.ie/sites/default/files/media/documents/2026-03/derelict-site-register-2026.pdf,2026-03-01,2026-08-08,PDF,pdf_table_extraction,structured_pdf_auto
IE-DS-8ae4b56c8c5aeb,Limerick City and County Council,DS-007-12,"53 Clare Street, Limerick",Mid Terrace Dormer Cottage,,52.6651405,-8.6105585,authority_supplied_itm_transformed,site_point,558700,657282,EPSG:2157,,2019-04-01,117000,https://www.limerick.ie/sites/default/files/media/documents/2026-03/derelict-site-register-2026.pdf,2026-03-01,2026-08-08,PDF,pdf_table_extraction,structured_pdf_auto
IE-DS-5098c2139f515a,Limerick City and County Council,DS-016-15,"Maiden Street, Newcastle West, Co. Limerick",Mid Terrace part constructed commercial property,V42 KA36,52.4504794,-9.0592692,authority_supplied_itm_transformed,site_point,527998,633752,EPSG:2157,,2019-06-19,50000,https://www.limerick.ie/sites/default/files/media/documents/2026-03/derelict-site-register-2026.pdf,2026-03-01,2026-08-08,PDF,pdf_table_extraction,structured_pdf_auto
IE-DS-d00151063c3613,Limerick City and County Council,DS-089-16,"Lord Edward Street, Limerick. V94 YH27",Three storey end of terrace former Garda Station,V94 YH27,52.6554662,-8.6283523,authority_supplied_itm_transformed,site_point,557487,656216,EPSG:2157,,2019-08-08,100000,https://www.limerick.ie/sites/default/files/media/documents/2026-03/derelict-site-register-2026.pdf,2026-03-01,2026-08-08,PDF,pdf_table_extraction,structured_pdf_auto
IE-DS-0ac17df8c6ccc0,Limerick City and County Council,DS-054-19,"14 The Glebe, Monagea, Newcastle West, Co. Limerick. V42 A407",Two-storey Detached Part Constructed Residential Building,V42 A407,52.4169434,-9.0859267,authority_supplied_itm_transformed,site_point,526130,630048,EPSG:2157,,2019-08-08,50000,https://www.limerick.ie/sites/default/files/media/documents/2026-03/derelict-site-register-2026.pdf,2026-03-01,2026-08-08,PDF,pdf_table_extraction,structured_pdf_auto
IE-DS-9e56ea1ff99068,Limerick City and County Council,DS-055-19,"15 The Glebe, Monagea, Newcastle West, Co. Limerick. V42 HR92",Two-storey Detached Part Constructed Residential Building,V42 HR92,52.4170783,-9.0859153,authority_supplied_itm_transformed,site_point,526131,630063,EPSG:2157,,2019-08-08,30000,https://www.limerick.ie/sites/default/files/media/documents/2026-03/derelict-site-register-2026.pdf,2026-03-01,2026-08-08,PDF,pdf_table_extraction,structured_pdf_auto
IE-DS-3c0cbd5cc1d261,Limerick City and County Council,DS-056-19,"21 The Glebe, Monagea, Newcastle West, Co. Limerick.",Detached property constructed to base level only,,52.4174964,-9.086396,authority_supplied_itm_transformed,site_point,526099,630110,EPSG:2157,,2019-08-08,12500,https://www.limerick.ie/sites/default/files/media/documents/2026-03/derelict-site-register-2026.pdf,2026-03-01,2026-08-08,PDF,pdf_table_extraction,structured_pdf_auto
IE-DS-a08895da2011c6,Limerick City and County Council,DS-057-19,"22 The Glebe, Monagea, Newcastle West, Co. Limerick.",Detached property constructed to base level only,,52.4174497,-9.086586,authority_supplied_itm_transformed,site_point,526086,630105,EPSG:2157,,2019-08-08,12500,https://www.limerick.ie/sites/default/files/media/documents/2026-03/derelict-site-register-2026.pdf,2026-03-01,2026-08-08,PDF,pdf_table_extraction,structured_pdf_auto
IE-DS-a2f286aa4d133e,Limerick City and County Council,DS-079-17,"Melrose, Ballysimon Road, Limerick.",Residential dwelling,V94 XE8W,52.6554004,-8.6029587,authority_supplied_itm_transformed,site_point,559205,656194,EPSG:2157,,2019-09-05,170000,https://www.limerick.ie/sites/default/files/media/documents/2026-03/derelict-site-register-2026.pdf,2026-03-01,2026-08-08,PDF,pdf_table_extraction,structured_pdf_auto
IE-DS-94fcd049c0ecd7,Limerick City and County Council,DS-023-19,"11 & 12 Clontarf Place, Limerick.",Two no. two-storey mixed use properties,,52.6577816,-8.6340763,authority_supplied_itm_transformed,site_point,557102,656477,EPSG:2157,,2019-10-04,235000,https://www.limerick.ie/sites/default/files/media/documents/2026-03/derelict-site-register-2026.pdf,2026-03-01,2026-08-08,PDF,pdf_table_extraction,structured_pdf_auto
IE-DS-9007f92b3756c2,Limerick City and County Council,DS-042-16,"Mulcair Drive, Annacotty, Co. Limerick.",Single storey cottage,,52.6689302,-8.5309799,authority_supplied_itm_transformed,site_point,564086,657661,EPSG:2157,,2019-10-11,150000,https://www.limerick.ie/sites/default/files/media/documents/2026-03/derelict-site-register-2026.pdf,2026-03-01,2026-08-08,PDF,pdf_table_extraction,structured_pdf_auto
IE-DS-c79ee99f30ea25,Limerick City and County Council,DS-053-19,"Fuller's Folly, Bridge Street, Newcastle West, Co. Limerick.",Gothic style limestone building,,52.4498829,-9.0606378,authority_supplied_itm_transformed,site_point,527904,633687,EPSG:2157,,2019-10-11,0,https://www.limerick.ie/sites/default/files/media/documents/2026-03/derelict-site-register-2026.pdf,2026-03-01,2026-08-08,PDF,pdf_table_extraction,structured_pdf_auto
IE-DS-1b85038dfc29c4,Limerick City and County Council,DS-122-18,"Wolfe Tone Street, Kilmallock, Co. Limerick.",Mid Terrace Residential premises,,52.4004495,-8.5735994,authority_supplied_itm_transformed,site_point,560966,627813,EPSG:2157,,2019-10-15,20000,https://www.limerick.ie/sites/default/files/media/documents/2026-03/derelict-site-register-2026.pdf,2026-03-01,2026-08-08,PDF,pdf_table_extraction,structured_pdf_auto
IE-DS-f6f28e5548661f,Limerick City and County Council,DS-111-18,"6 & 7 St. Gerard Street, Limerick.",Two no. two-storey Properties,V94 FP2T,52.6569426,-8.6346554,authority_supplied_itm_transformed,site_point,557062,656384,EPSG:2157,,2019-11-15,360000,https://www.limerick.ie/sites/default/files/media/documents/2026-03/derelict-site-register-2026.pdf,2026-03-01,2026-08-08,PDF,pdf_table_extraction,structured_pdf_auto
IE-DS-49b569074b5435,Limerick City and County Council,DS-057-18,"Neilan's Public House, Main Street, Bruff, Co. Limerick",Former Public House & overhead accommodation,V35 Y9Y4,52.475041,-8.5477788,authority_supplied_itm_transformed,site_point,562786,636098,EPSG:2157,,2020-01-23,70000,https://www.limerick.ie/sites/default/files/media/documents/2026-03/derelict-site-register-2026.pdf,2026-03-01,2026-08-08,PDF,pdf_table_extraction,structured_pdf_auto
IE-DS-cdde5fcac9e631,Limerick City and County Council,DS-005-15,"111 Upper Maiden Street, Newcastle West, Co. Limerick V42 RX45",Demolished Three Storey Mid Terrace site,V42 RX45,52.4507017,-9.0595393,authority_supplied_itm_transformed,site_point,527980,633777,EPSG:2157,,2020-02-12,25000,https://www.limerick.ie/sites/default/files/media/documents/2026-03/derelict-site-register-2026.pdf,2026-03-01,2026-08-08,PDF,pdf_table_extraction,structured_pdf_auto
IE-DS-9b8f0a33b91759,Limerick City and County Council,DS-007-15,"110 Upper Maiden Street, Newcastle West, Co. Limerick V42 E792",Demolished Three Storey Mid Terrace site,V42 E792,52.4506844,-9.0594654,authority_supplied_itm_transformed,site_point,527985,633775,EPSG:2157,,2020-02-12,25000,https://www.limerick.ie/sites/default/files/media/documents/2026-03/derelict-site-register-2026.pdf,2026-03-01,2026-08-08,PDF,pdf_table_extraction,structured_pdf_auto
IE-DS-d3bfb8dd517db9,Limerick City and County Council,DS-149-18,"Foxhall West, Colmanswell, Co. Limerick.",Detached three bay two storey presbytery and double height ruinous catholic church,P56 C523,52.3781623,-8.7235358,authority_supplied_itm_transformed,site_point,550738,625425,EPSG:2157,,2020-03-06,150000,https://www.limerick.ie/sites/default/files/media/documents/2026-03/derelict-site-register-2026.pdf,2026-03-01,2026-08-08,PDF,pdf_table_extraction,structured_pdf_auto
IE-DS-0d6e81ea946ce4,Limerick City and County Council,DS-022-19,"The Grange, Kilmallock, Co. Limerick.",Two Storey dwellings & outbuildings,V35 R864,52.5402292,-8.5466881,authority_supplied_itm_transformed,site_point,562915,643350,EPSG:2157,,2020-03-11,120000,https://www.limerick.ie/sites/default/files/media/documents/2026-03/derelict-site-register-2026.pdf,2026-03-01,2026-08-08,PDF,pdf_table_extraction,structured_pdf_auto
IE-DS-07ce5e94093cb3,Limerick City and County Council,DS-058-18,"""Butler's"", Main Street, Bruff, Co. Limerick","End of terrace, three storey building",V35 T861,52.4757248,-8.5476253,authority_supplied_itm_transformed,site_point,562797,636174,EPSG:2157,,2020-06-09,70000,https://www.limerick.ie/sites/default/files/media/documents/2026-03/derelict-site-register-2026.pdf,2026-03-01,2026-08-08,PDF,pdf_table_extraction,structured_pdf_auto
IE-DS-120335bdfe1753,Limerick City and County Council,DS-084-18,"3 Wolfe Tone Street, Kilmallock, Co. Limerick V35 YX25",Two storey former school house,V35 YX25,52.4003609,-8.5733337,authority_supplied_itm_transformed,site_point,560984,627803,EPSG:2157,,2020-06-23,42500,https://www.limerick.ie/sites/default/files/media/documents/2026-03/derelict-site-register-2026.pdf,2026-03-01,2026-08-08,PDF,pdf_table_extraction,structured_pdf_auto
IE-DS-78c6579f4e6160,Limerick City and County Council,DS-048-20,"1 Ballywilliam Close, Ballywilliam North, Rathkeale, Co. Limerick","Unfinished Housing site, Never Occupied",,52.5174221,-8.9304351,authority_supplied_itm_transformed,site_point,536851,641079,EPSG:2157,,2020-07-20,0,https://www.limerick.ie/sites/default/files/media/documents/2026-03/derelict-site-register-2026.pdf,2026-03-01,2026-08-08,PDF,pdf_table_extraction,structured_pdf_auto
IE-DS-d97fed0b3ae5d5,Limerick City and County Council,DS-049-20,"2 Ballywilliam Close, Ballywilliam North, Rathkeale, Co. Limerick","Unfinished Housing site, Never Occupied",,52.5174764,-8.9303921,authority_supplied_itm_transformed,site_point,536854,641085,EPSG:2157,,2020-07-20,0,https://www.limerick.ie/sites/default/files/media/documents/2026-03/derelict-site-register-2026.pdf,2026-03-01,2026-08-08,PDF,pdf_table_extraction,structured_pdf_auto
IE-DS-5c18b37fe67a41,Limerick City and County Council,DS-050-20,"3 Ballywilliam Close, Ballywilliam North, Rathkeale, Co. Limerick","Unfinished Housing estate, Never Occupied",,52.5175139,-8.9302013,authority_supplied_itm_transformed,site_point,536867,641089,EPSG:2157,,2020-07-20,0,https://www.limerick.ie/sites/default/files/media/documents/2026-03/derelict-site-register-2026.pdf,2026-03-01,2026-08-08,PDF,pdf_table_extraction,structured_pdf_auto
IE-DS-bd5ec781549aa2,Limerick City and County Council,DS-051-20,"4 Ballywilliam Close, Ballywilliam North, Rathkeale, Co. Limerick","Unfinished Housing estate, Never Occupied",,52.5175684,-8.9301288,authority_supplied_itm_transformed,site_point,536872,641095,EPSG:2157,,2020-07-20,0,https://www.limerick.ie/sites/default/files/media/documents/2026-03/derelict-site-register-2026.pdf,2026-03-01,2026-08-08,PDF,pdf_table_extraction,structured_pdf_auto
IE-DS-02f75e125d408a,Limerick City and County Council,DS-052-20,"5 Ballywilliam Close, Ballywilliam North, Rathkeale, Co. Limerick","Unfinished Housing site, Never Occupied",,52.5176149,-8.9299235,authority_supplied_itm_transformed,site_point,536886,641100,EPSG:2157,,2020-07-20,0,https://www.limerick.ie/sites/default/files/media/documents/2026-03/derelict-site-register-2026.pdf,2026-03-01,2026-08-08,PDF,pdf_table_extraction,structured_pdf_auto
IE-DS-9b98b2da364665,Limerick City and County Council,DS-053-20,"6 Ballywilliam Close, Ballywilliam North, Rathkeale, Co. Limerick","Unfinished Housing site, Never Occupied",,52.5176692,-8.9298804,authority_supplied_itm_transformed,site_point,536889,641106,EPSG:2157,,2020-07-20,0,https://www.limerick.ie/sites/default/files/media/documents/2026-03/derelict-site-register-2026.pdf,2026-03-01,2026-08-08,PDF,pdf_table_extraction,structured_pdf_auto
IE-DS-4b517d4402f9d0,Limerick City and County Council,DS-054-20,"7 Ballywilliam Close, Ballywilliam North, Rathkeale, Co. Limerick","Unfinished Housing estate, Never Occupied",,52.5176976,-8.9296895,authority_supplied_itm_transformed,site_point,536902,641109,EPSG:2157,,2020-07-20,0,https://www.limerick.ie/sites/default/files/media/documents/2026-03/derelict-site-register-2026.pdf,2026-03-01,2026-08-08,PDF,pdf_table_extraction,structured_pdf_auto
IE-DS-7f19beafe31139,Limerick City and County Council,DS-055-20,"8 Ballywilliam Close, Ballywilliam North, Rathkeale, Co. Limerick","Unfinished Housing estate, Never Occupied",,52.5177702,-8.9296026,authority_supplied_itm_transformed,site_point,536908,641117,EPSG:2157,,2020-07-20,0,https://www.limerick.ie/sites/default/files/media/documents/2026-03/derelict-site-register-2026.pdf,2026-03-01,2026-08-08,PDF,pdf_table_extraction,structured_pdf_auto
IE-DS-f9de901c2e0170,Limerick City and County Council,DS-056-20,"9 Ballywilliam Close, Ballywilliam North, Rathkeale, Co. Limerick","Unfinished Housing estate, Never Occupied",,52.5178076,-8.9294266,authority_supplied_itm_transformed,site_point,536920,641121,EPSG:2157,,2020-07-20,0,https://www.limerick.ie/sites/default/files/media/documents/2026-03/derelict-site-register-2026.pdf,2026-03-01,2026-08-08,PDF,pdf_table_extraction,structured_pdf_auto
IE-DS-9622c75196d37b,Limerick City and County Council,DS-057-20,"10 Ballywilliam Close, Ballywilliam North, Rathkeale, Co. Limerick","Unfinished Housing estate, Never Occupied",,52.5178798,-8.9293839,authority_supplied_itm_transformed,site_point,536923,641129,EPSG:2157,,2020-07-20,0,https://www.limerick.ie/sites/default/files/media/documents/2026-03/derelict-site-register-2026.pdf,2026-03-01,2026-08-08,PDF,pdf_table_extraction,structured_pdf_auto
IE-DS-8ec0fd87fc1f47,Limerick City and County Council,DS-058-20,"11 Ballywilliam Close, Ballywilliam North, Rathkeale, Co. Limerick","Unfinished Housing site, Never Occupied",,52.5178991,-8.9292222,authority_supplied_itm_transformed,site_point,536934,641131,EPSG:2157,,2020-07-20,0,https://www.limerick.ie/sites/default/files/media/documents/2026-03/derelict-site-register-2026.pdf,2026-03-01,2026-08-08,PDF,pdf_table_extraction,structured_pdf_auto
IE-DS-bb4de0ce385794,Limerick City and County Council,DS-059-20,"12 Ballywilliam Close, Ballywilliam North, Rathkeale, Co. Limerick","Unfinished Housing site, Never Occupied",,52.517972,-8.9290912,authority_supplied_itm_transformed,site_point,536943,641139,EPSG:2157,,2020-07-20,0,https://www.limerick.ie/sites/default/files/media/documents/2026-03/derelict-site-register-2026.pdf,2026-03-01,2026-08-08,PDF,pdf_table_extraction,structured_pdf_auto
IE-DS-17e43e48bf4b31,Limerick City and County Council,DS-060-20,"13 Ballywilliam Close, Ballywilliam North, Rathkeale, Co. Limerick","Unfinished Housing estate, Never Occupied",,52.5180271,-8.928945,authority_supplied_itm_transformed,site_point,536953,641145,EPSG:2157,,2020-07-20,0,https://www.limerick.ie/sites/default/files/media/documents/2026-03/derelict-site-register-2026.pdf,2026-03-01,2026-08-08,PDF,pdf_table_extraction,structured_pdf_auto
IE-DS-5bdd6c315161ca,Limerick City and County Council,DS-061-20,"14 Ballywilliam Close, Ballywilliam North, Rathkeale, Co. Limerick","Unfinished Housing estate, Never Occupied",,52.5180815,-8.9288872,authority_supplied_itm_transformed,site_point,536957,641151,EPSG:2157,,2020-07-20,0,https://www.limerick.ie/sites/default/files/media/documents/2026-03/derelict-site-register-2026.pdf,2026-03-01,2026-08-08,PDF,pdf_table_extraction,structured_pdf_auto
IE-DS-81a0c13012a021,Limerick City and County Council,DS-062-20,"15 Ballywilliam Close, Ballywilliam North, Rathkeale, Co. Limerick","Unfinished Housing estate, Never Occupied",,52.5178677,-8.9286322,authority_supplied_itm_transformed,site_point,536974,641127,EPSG:2157,,2020-07-20,0,https://www.limerick.ie/sites/default/files/media/documents/2026-03/derelict-site-register-2026.pdf,2026-03-01,2026-08-08,PDF,pdf_table_extraction,structured_pdf_auto
IE-DS-8c1e5ea581c62e,Limerick City and County Council,DS-063-20,"16 Ballywilliam Close, Ballywilliam North, Rathkeale, Co. Limerick","Unfinished Housing estate, Never Occupied",,52.517716,-8.9284964,authority_supplied_itm_transformed,site_point,536983,641110,EPSG:2157,,2020-07-20,0,https://www.limerick.ie/sites/default/files/media/documents/2026-03/derelict-site-register-2026.pdf,2026-03-01,2026-08-08,PDF,pdf_table_extraction,structured_pdf_auto
IE-DS-cb1a99bd69ef69,Limerick City and County Council,DS-064-20,"17 Ballywilliam Close, Ballywilliam North, Rathkeale, Co. Limerick","Unfinished Housing estate, Never Occupied",,52.5176182,-8.9283617,authority_supplied_itm_transformed,site_point,536992,641099,EPSG:2157,,2020-07-20,0,https://www.limerick.ie/sites/default/files/media/documents/2026-03/derelict-site-register-2026.pdf,2026-03-01,2026-08-08,PDF,pdf_table_extraction,structured_pdf_auto
IE-DS-cfafea93931acc,Limerick City and County Council,DS-065-20,"18 Ballywilliam Close, Ballywilliam North, Rathkeale, Co. Limerick","Unfinished Housing estate, Never Occupied",,52.5174844,-8.9282263,authority_supplied_itm_transformed,site_point,537001,641084,EPSG:2157,,2020-07-20,0,https://www.limerick.ie/sites/default/files/media/documents/2026-03/derelict-site-register-2026.pdf,2026-03-01,2026-08-08,PDF,pdf_table_extraction,structured_pdf_auto
IE-DS-a17e003eedcf26,Limerick City and County Council,DS-066-20,"19 Ballywilliam Close, Ballywilliam North, Rathkeale, Co. Limerick","Unfinished Housing estate, Never Occupied",,52.5173775,-8.9281062,authority_supplied_itm_transformed,site_point,537009,641072,EPSG:2157,,2020-07-20,0,https://www.limerick.ie/sites/default/files/media/documents/2026-03/derelict-site-register-2026.pdf,2026-03-01,2026-08-08,PDF,pdf_table_extraction,structured_pdf_auto
IE-DS-8ee776d200c126,Limerick City and County Council,DS-067-20,"20 Ballywilliam Close, Ballywilliam North, Rathkeale, Co. Limerick","Unfinished Housing estate, Never Occupied",,52.5171283,-8.9277915,authority_supplied_itm_transformed,site_point,537030,641044,EPSG:2157,,2020-07-20,0,https://www.limerick.ie/sites/default/files/media/documents/2026-03/derelict-site-register-2026.pdf,2026-03-01,2026-08-08,PDF,pdf_table_extraction,structured_pdf_auto
IE-DS-cbbf34569f9e55,Limerick City and County Council,DS-068-20,"21 Ballywilliam Close, Ballywilliam North, Rathkeale, Co. Limerick","Unfinished Housing estate, Never Occupied",,52.5170903,-8.9280559,authority_supplied_itm_transformed,site_point,537012,641040,EPSG:2157,,2020-07-20,0,https://www.limerick.ie/sites/default/files/media/documents/2026-03/derelict-site-register-2026.pdf,2026-03-01,2026-08-08,PDF,pdf_table_extraction,structured_pdf_auto
IE-DS-e56de4d2f99489,Limerick City and County Council,DS-069-20,"22 Ballywilliam Close, Ballywilliam North, Rathkeale, Co. Limerick","Unfinished Housing estate, Never Occupied",,52.5170163,-8.9283196,authority_supplied_itm_transformed,site_point,536994,641032,EPSG:2157,,2020-07-20,0,https://www.limerick.ie/sites/default/files/media/documents/2026-03/derelict-site-register-2026.pdf,2026-03-01,2026-08-08,PDF,pdf_table_extraction,structured_pdf_auto
IE-DS-0e4a192d7b318d,Limerick City and County Council,DS-070-20,"23 Ballywilliam Close, Ballywilliam North, Rathkeale, Co. Limerick","Unfinished Housing estate, Never Occupied",,52.5169508,-8.9286423,authority_supplied_itm_transformed,site_point,536972,641025,EPSG:2157,,2020-07-20,0,https://www.limerick.ie/sites/default/files/media/documents/2026-03/derelict-site-register-2026.pdf,2026-03-01,2026-08-08,PDF,pdf_table_extraction,structured_pdf_auto
IE-DS-dfa9ae3f54f9f8,Limerick City and County Council,DS-071-20,"24 Ballywilliam Close, Ballywilliam North, Rathkeale, Co. Limerick","Unfinished Housing estate, Never Occupied",,52.5168952,-8.9288622,authority_supplied_itm_transformed,site_point,536957,641019,EPSG:2157,,2020-07-20,0,https://www.limerick.ie/sites/default/files/media/documents/2026-03/derelict-site-register-2026.pdf,2026-03-01,2026-08-08,PDF,pdf_table_extraction,structured_pdf_auto
IE-DS-0d170e16b6a1f3,Limerick City and County Council,DS-072-20,"25 Ballywilliam Close, Ballywilliam North, Rathkeale, Co. Limerick","Unfinished Housing estate, Never Occupied",,52.5169824,-8.9292029,authority_supplied_itm_transformed,site_point,536934,641029,EPSG:2157,,2020-07-20,0,https://www.limerick.ie/sites/default/files/media/documents/2026-03/derelict-site-register-2026.pdf,2026-03-01,2026-08-08,PDF,pdf_table_extraction,structured_pdf_auto
IE-DS-5ff64f659f0fb4,Limerick City and County Council,DS-073-20,"26 Ballywilliam Close, Ballywilliam North, Rathkeale, Co. Limerick","Unfinished Housing estate, Never Occupied",,52.5171164,-8.9293089,authority_supplied_itm_transformed,site_point,536927,641044,EPSG:2157,,2020-07-20,0,https://www.limerick.ie/sites/default/files/media/documents/2026-03/derelict-site-register-2026.pdf,2026-03-01,2026-08-08,PDF,pdf_table_extraction,structured_pdf_auto
IE-DS-fa9b1405a1c291,Limerick City and County Council,DS-074-20,"27 Ballywilliam Close, Ballywilliam North, Rathkeale, Co. Limerick","Unfinished Housing estate, Never Occupied",,52.5172685,-8.9294005,authority_supplied_itm_transformed,site_point,536921,641061,EPSG:2157,,2020-07-20,0,https://www.limerick.ie/sites/default/files/media/documents/2026-03/derelict-site-register-2026.pdf,2026-03-01,2026-08-08,PDF,pdf_table_extraction,structured_pdf_auto
IE-DS-a2518f21e031b0,Limerick City and County Council,DS-075-20,"28 Ballywilliam Close, Ballywilliam North, Rathkeale, Co. Limerick","Unfinished Housing estate, Never Occupied",,52.5174025,-8.9295064,authority_supplied_itm_transformed,site_point,536914,641076,EPSG:2157,,2020-07-20,0,https://www.limerick.ie/sites/default/files/media/documents/2026-03/derelict-site-register-2026.pdf,2026-03-01,2026-08-08,PDF,pdf_table_extraction,structured_pdf_auto
IE-DS-9f4ce5897669e4,Limerick City and County Council,DS-076-20,"29 Ballywilliam Close, Ballywilliam North, Rathkeale, Co. Limerick","Unfinished Housing estate, Never Occupied",,52.5172734,-8.9299163,authority_supplied_itm_transformed,site_point,536886,641062,EPSG:2157,,2020-07-20,0,https://www.limerick.ie/sites/default/files/media/documents/2026-03/derelict-site-register-2026.pdf,2026-03-01,2026-08-08,PDF,pdf_table_extraction,structured_pdf_auto
IE-DS-83245fcc9130b2,Limerick City and County Council,DS-077-20,"30 Ballywilliam Close, Ballywilliam North, Rathkeale, Co. Limerick","Unfinished Housing estate, Never Occupied",,52.5171394,-8.9298103,authority_supplied_itm_transformed,site_point,536893,641047,EPSG:2157,,2020-07-20,0,https://www.limerick.ie/sites/default/files/media/documents/2026-03/derelict-site-register-2026.pdf,2026-03-01,2026-08-08,PDF,pdf_table_extraction,structured_pdf_auto
IE-DS-b175328d3cb48e,Limerick City and County Council,DS-078-20,"31 Ballywilliam Close, Ballywilliam North, Rathkeale, Co. Limerick","Unfinished Housing site, Never Occupied",,52.5169695,-8.9297036,authority_supplied_itm_transformed,site_point,536900,641028,EPSG:2157,,2020-07-20,0,https://www.limerick.ie/sites/default/files/media/documents/2026-03/derelict-site-register-2026.pdf,2026-03-01,2026-08-08,PDF,pdf_table_extraction,structured_pdf_auto
IE-DS-7ab5c0b37bbf85,Limerick City and County Council,DS-079-20,"32 Ballywilliam Close, Ballywilliam North, Rathkeale, Co. Limerick","Unfinished Housing estate, Never Occupied",,52.5168443,-8.9296125,authority_supplied_itm_transformed,site_point,536906,641014,EPSG:2157,,2020-07-20,0,https://www.limerick.ie/sites/default/files/media/documents/2026-03/derelict-site-register-2026.pdf,2026-03-01,2026-08-08,PDF,pdf_table_extraction,structured_pdf_auto
IE-DS-ecf34dfb9e1be1,Limerick City and County Council,DS-080-20,"33 Ballywilliam Close, Ballywilliam North, Rathkeale, Co. Limerick","Unfinished Housing estate, Never Occupied",,52.5167014,-8.9295064,authority_supplied_itm_transformed,site_point,536913,640998,EPSG:2157,,2020-07-20,0,https://www.limerick.ie/sites/default/files/media/documents/2026-03/derelict-site-register-2026.pdf,2026-03-01,2026-08-08,PDF,pdf_table_extraction,structured_pdf_auto
IE-DS-4cb73086356386,Limerick City and County Council,DS-124-18,"11 Saint Mary's Terrace, Cappamore, Co. Limerick V94 XN4A",two-storey End of Terrace property,V94 XN4A,52.6121785,-8.3343376,authority_supplied_itm_transformed,site_point,577357,651267,EPSG:2157,,2020-07-29,40000,https://www.limerick.ie/sites/default/files/media/documents/2026-03/derelict-site-register-2026.pdf,2026-03-01,2026-08-08,PDF,pdf_table_extraction,structured_pdf_auto
IE-DS-84b646a3ae67d8,Limerick City and County Council,DS-081-20,"Cois Na Feile, Clash, Abbeyfeale, Co. Limerick",Unfinished Development,,52.3826811,-9.2837934,authority_supplied_itm_transformed,site_point,512603,626457,EPSG:2157,,2020-08-20,215000,https://www.limerick.ie/sites/default/files/media/documents/2026-03/derelict-site-register-2026.pdf,2026-03-01,2026-08-08,PDF,pdf_table_extraction,structured_pdf_auto
IE-DS-dc0a0705494227,Limerick City and County Council,DS-114-18,"Brewery Lane, Askeaton, Co. Limerick","two-storey, former commercial unit",,52.5994744,-8.9766059,authority_supplied_itm_transformed,site_point,533841,650249,EPSG:2157,,2020-09-03,10000,https://www.limerick.ie/sites/default/files/media/documents/2026-03/derelict-site-register-2026.pdf,2026-03-01,2026-08-08,PDF,pdf_table_extraction,structured_pdf_auto
IE-DS-68ac812446f35a,Limerick City and County Council,DS-068-19,"Lower Main Street, Rathkeale, Co. Limerick.",Mid Terrace Two Storey Property,,52.5218851,-8.9412129,authority_supplied_itm_transformed,site_point,536126,641585,EPSG:2157,,2020-09-04,60000,https://www.limerick.ie/sites/default/files/media/documents/2026-03/derelict-site-register-2026.pdf,2026-03-01,2026-08-08,PDF,pdf_table_extraction,structured_pdf_auto
IE-DS-23e6131088c8d1,Limerick City and County Council,DS-052-19,"Station Road, Bruree, Co. Limerick",Semi-detached residential property,,52.4238642,-8.6549745,authority_supplied_itm_transformed,site_point,555452,630465,EPSG:2157,,2020-09-08,33000,https://www.limerick.ie/sites/default/files/media/documents/2026-03/derelict-site-register-2026.pdf,2026-03-01,2026-08-08,PDF,pdf_table_extraction,structured_pdf_auto
IE-DS-45351dd1c7e5a3,Limerick City and County Council,DS-043-20,"Garranroe, Patrickswell, Co. Limerick",Fire damaged Residential Bungalow,,52.5560324,-8.7268417,authority_supplied_itm_transformed,site_point,550712,645216,EPSG:2157,,2020-09-08,55000,https://www.limerick.ie/sites/default/files/media/documents/2026-03/derelict-site-register-2026.pdf,2026-03-01,2026-08-08,PDF,pdf_table_extraction,structured_pdf_auto
IE-DS-95439895dc9347,Limerick City and County Council,DS-095-20,"Main Street, Ardagh, Co. Limerick",Single storey end of terrace property,,52.4950791,-9.0594865,authority_supplied_itm_transformed,site_point,528056,638714,EPSG:2157,,2020-09-08,20000,https://www.limerick.ie/sites/default/files/media/documents/2026-03/derelict-site-register-2026.pdf,2026-03-01,2026-08-08,PDF,pdf_table_extraction,structured_pdf_auto
IE-DS-590be17eb355a4,Limerick City and County Council,DS-096-20,"Main Street, Ardagh, Co. Limerick",Detached single Storey Property,,52.495051,-9.0596184,authority_supplied_itm_transformed,site_point,528047,638711,EPSG:2157,,2020-09-08,25000,https://www.limerick.ie/sites/default/files/media/documents/2026-03/derelict-site-register-2026.pdf,2026-03-01,2026-08-08,PDF,pdf_table_extraction,structured_pdf_auto
IE-DS-626b240fbed84a,Limerick City and County Council,DS-098-20,"Main Street, Ardagh, Co. Limerick",End of Terrace Two Storey Property,,52.4946754,-9.061406,authority_supplied_itm_transformed,site_point,527925,638671,EPSG:2157,,2020-09-08,130000,https://www.limerick.ie/sites/default/files/media/documents/2026-03/derelict-site-register-2026.pdf,2026-03-01,2026-08-08,PDF,pdf_table_extraction,structured_pdf_auto
IE-DS-0a942140638b1c,Limerick City and County Council,DS-017-16,"Ballyanrahan East, Patrickswell, Co. Limerick",Unfinished Development,V94 T6XF,52.5971027,-8.7115796,authority_supplied_itm_transformed,site_point,551792,649775,EPSG:2157,,2020-09-25,550000,https://www.limerick.ie/sites/default/files/media/documents/2026-03/derelict-site-register-2026.pdf,2026-03-01,2026-08-08,PDF,pdf_table_extraction,structured_pdf_auto
IE-DS-6515033e4717b8,Limerick City and County Council,DS-120-18,"4 Toll Cottages, Verdant Place, Limerick.",Derelict Cottage,,52.6705508,-8.6261735,authority_supplied_itm_transformed,site_point,557649,657893,EPSG:2157,,2020-09-29,30000,https://www.limerick.ie/sites/default/files/media/documents/2026-03/derelict-site-register-2026.pdf,2026-03-01,2026-08-08,PDF,pdf_table_extraction,structured_pdf_auto
IE-DS-72505b589ce1e1,Limerick City and County Council,DS-119-18,"3 Toll Cottages, Verdant Place, Limerick.",Derelict Cottage,,52.6705058,-8.6261876,authority_supplied_itm_transformed,site_point,557648,657888,EPSG:2157,,2020-09-29,30000,https://www.limerick.ie/sites/default/files/media/documents/2026-03/derelict-site-register-2026.pdf,2026-03-01,2026-08-08,PDF,pdf_table_extraction,structured_pdf_auto
IE-DS-86bbe817b65db1,Limerick City and County Council,DS-118-18,"2 Toll Cottages, Verdant Place, Limerick.",Derelict Cottage,,52.6704429,-8.6261867,authority_supplied_itm_transformed,site_point,557648,657881,EPSG:2157,,2020-09-29,30000,https://www.limerick.ie/sites/default/files/media/documents/2026-03/derelict-site-register-2026.pdf,2026-03-01,2026-08-08,PDF,pdf_table_extraction,structured_pdf_auto
IE-DS-69555b77f41dcc,Limerick City and County Council,DS-117-18,"1 Toll Cottages, Verdant Place, Limerick.",Derelict Cottage,,52.670389,-8.6261712,authority_supplied_itm_transformed,site_point,557649,657875,EPSG:2157,,2020-09-29,30000,https://www.limerick.ie/sites/default/files/media/documents/2026-03/derelict-site-register-2026.pdf,2026-03-01,2026-08-08,PDF,pdf_table_extraction,structured_pdf_auto
IE-DS-7cfa6684a1c9c4,Limerick City and County Council,DS-059-17,"112 Hyde Road, Prospect, Limerick",Two-storey End of Terrace dwelling,V94 4A71,52.6543126,-8.6255424,authority_supplied_itm_transformed,site_point,557676,656086,EPSG:2157,,2020-10-20,27500,https://www.limerick.ie/sites/default/files/media/documents/2026-03/derelict-site-register-2026.pdf,2026-03-01,2026-08-08,PDF,pdf_table_extraction,structured_pdf_auto
IE-DS-6d01db2cde55ac,Limerick City and County Council,DS-062-16,"The Square, Rathkeale, Co. Limerick",Former commercial two storey property,V94 X8X6,52.5234374,-8.9347473,authority_supplied_itm_transformed,site_point,536567,641752,EPSG:2157,,2020-10-30,120000,https://www.limerick.ie/sites/default/files/media/documents/2026-03/derelict-site-register-2026.pdf,2026-03-01,2026-08-08,PDF,pdf_table_extraction,structured_pdf_auto
IE-DS-ce4b2ecc7aa75f,Limerick City and County Council,DS-111-17,"Kerry Road, Abbeyfeale, Co. Limerick",End of terrace two-storey residential,V94 H6R3,52.3867629,-9.3026138,authority_supplied_itm_transformed,site_point,511330,626934,EPSG:2157,,2020-11-10,20000,https://www.limerick.ie/sites/default/files/media/documents/2026-03/derelict-site-register-2026.pdf,2026-03-01,2026-08-08,PDF,pdf_table_extraction,structured_pdf_auto
IE-DS-34efe6c71645ef,Limerick City and County Council,DS-065-18,"Inglenook, Bruff, Co. Limerick",two-storey End of Terrace residence,V35 RY19,52.4738732,-8.54956,authority_supplied_itm_transformed,site_point,562664,635969,EPSG:2157,,2020-11-10,90000,https://www.limerick.ie/sites/default/files/media/documents/2026-03/derelict-site-register-2026.pdf,2026-03-01,2026-08-08,PDF,pdf_table_extraction,structured_pdf_auto
IE-DS-06233a98af7fdb,Limerick City and County Council,DS-126-20,"Brewery Lane, Askeaton, Co. Limerick",Derelict Structure,,52.5995024,-8.9764737,authority_supplied_itm_transformed,site_point,533850,650252,EPSG:2157,,2020-11-10,10000,https://www.limerick.ie/sites/default/files/media/documents/2026-03/derelict-site-register-2026.pdf,2026-03-01,2026-08-08,PDF,pdf_table_extraction,structured_pdf_auto
IE-DS-7740e0db4280ca,Limerick City and County Council,DS-114-19,"Enterprise Centre, Kilmallock Road, Limerick",Overgrown Strip of land,,52.6497006,-8.5996734,authority_supplied_itm_transformed,site_point,559422,655558,EPSG:2157,,2020-11-05,10000,https://www.limerick.ie/sites/default/files/media/documents/2026-03/derelict-site-register-2026.pdf,2026-03-01,2026-08-08,PDF,pdf_table_extraction,structured_pdf_auto
IE-DS-763dad1ed56ae8,Limerick City and County Council,DS-042-19,"9A & 9B Thomondgate, Limerick",Two Floors of Mixed use Building,V94 XW59,52.6705194,-8.6287013,authority_supplied_itm_transformed,site_point,557478,657891,EPSG:2157,,2020-11-05,60000,https://www.limerick.ie/sites/default/files/media/documents/2026-03/derelict-site-register-2026.pdf,2026-03-01,2026-08-08,PDF,pdf_table_extraction,structured_pdf_auto
IE-DS-6f17a366f93932,Limerick City and County Council,DS-060-16,"Ballycummin, Raheen, Limerick",Derelict Cottage,,52.6219328,-8.6738926,authority_supplied_itm_transformed,site_point,554371,652513,EPSG:2157,,2020-11-24,75000,https://www.limerick.ie/sites/default/files/media/documents/2026-03/derelict-site-register-2026.pdf,2026-03-01,2026-08-08,PDF,pdf_table_extraction,structured_pdf_auto
IE-DS-f4d23b77854698,Limerick City and County Council,DS-020-18,"4 Robert Street, Limerick",Former Commercial Premises,V94 FY06,52.6637517,-8.6235336,authority_supplied_itm_transformed,site_point,557821,657135,EPSG:2157,,2020-11-24,150000,https://www.limerick.ie/sites/default/files/media/documents/2026-03/derelict-site-register-2026.pdf,2026-03-01,2026-08-08,PDF,pdf_table_extraction,structured_pdf_auto
IE-DS-013a1fc2220f74,Limerick City and County Council,DS-006-11,"3 & 4 Creagh Lane, Limerick",2no. two-storey Mid Terrace Houses,V94 K71H,52.6673627,-8.6222396,authority_supplied_itm_transformed,site_point,557912,657536,EPSG:2157,,2020-11-24,70000,https://www.limerick.ie/sites/default/files/media/documents/2026-03/derelict-site-register-2026.pdf,2026-03-01,2026-08-08,PDF,pdf_table_extraction,structured_pdf_auto
IE-DS-8b8774ba6b2ed0,Limerick City and County Council,DS-129-20,"Main Street, Abbeyfeale, Co. Limerick",Three Storey End of Terrace Property,,52.3854867,-9.2993295,authority_supplied_itm_transformed,site_point,511551,626788,EPSG:2157,,2020-12-01,60000,https://www.limerick.ie/sites/default/files/media/documents/2026-03/derelict-site-register-2026.pdf,2026-03-01,2026-08-08,PDF,pdf_table_extraction,structured_pdf_auto
IE-DS-a47a3e14983e8d,Limerick City and County Council,DS-161-20,"Ballywilliam, Rathkeale, Co. Limerick",Neglected land,,52.5179419,-8.9306376,authority_supplied_itm_transformed,site_point,536838,641137,EPSG:2157,,2020-12-08,90000,https://www.limerick.ie/sites/default/files/media/documents/2026-03/derelict-site-register-2026.pdf,2026-03-01,2026-08-08,PDF,pdf_table_extraction,structured_pdf_auto
IE-DS-ac881330a09629,Limerick City and County Council,DS-163-20,"Lower Main Street, Rathkeale, Co. Limerick.",Three Storey End of Terrace premises,,52.5229657,-8.939836,authority_supplied_itm_transformed,site_point,536221,641704,EPSG:2157,,2020-12-08,150000,https://www.limerick.ie/sites/default/files/media/documents/2026-03/derelict-site-register-2026.pdf,2026-03-01,2026-08-08,PDF,pdf_table_extraction,structured_pdf_auto
IE-DS-92a583703f4515,Limerick City and County Council,DS-164-20,"Church Street, Abbeyfeale, Co. Limerick","Mixed Use, two storey corner premises",,52.3856412,-9.3016258,authority_supplied_itm_transformed,site_point,511395,626808,EPSG:2157,,2020-12-08,200000,https://www.limerick.ie/sites/default/files/media/documents/2026-03/derelict-site-register-2026.pdf,2026-03-01,2026-08-08,PDF,pdf_table_extraction,structured_pdf_auto
IE-DS-3a03e8400cfc75,Limerick City and County Council,DS-052-16,"Ballyclough Avenue, Castletroy, Limerick",Detached residential property and site,V94 23C4,52.6592614,-8.5304488,authority_supplied_itm_transformed,site_point,564114,656585,EPSG:2157,,2021-02-11,200000,https://www.limerick.ie/sites/default/files/media/documents/2026-03/derelict-site-register-2026.pdf,2026-03-01,2026-08-08,PDF,pdf_table_extraction,structured_pdf_auto
IE-DS-8f85b3f41777d6,Limerick City and County Council,DS-105-19,"Tonterre, Caherconlish, Co. Limerick",Semi detached two-storey residential with associated outbuildings,V94 A9WF,52.5516552,-8.4454112,authority_supplied_itm_transformed,site_point,569793,644574,EPSG:2157,,2021-02-24,80000,https://www.limerick.ie/sites/default/files/media/documents/2026-03/derelict-site-register-2026.pdf,2026-03-01,2026-08-08,PDF,pdf_table_extraction,structured_pdf_auto
IE-DS-57a6f73551752b,Limerick City and County Council,DS-100-20,"Wolfe Tone Street, Kilmallock, Co. Limerick",Four storey former commercial mill property,,52.3998434,-8.5743998,authority_supplied_itm_transformed,site_point,560911,627746,EPSG:2157,,2021-03-10,50000,https://www.limerick.ie/sites/default/files/media/documents/2026-03/derelict-site-register-2026.pdf,2026-03-01,2026-08-08,PDF,pdf_table_extraction,structured_pdf_auto
IE-DS-318d30cf67b5b4,Limerick City and County Council,DS-025-15,"Glebe Road, Kilfinane, Co. Limerick",Detached bungalow residence,V35 DP98,52.3606731,-8.4657752,authority_supplied_itm_transformed,site_point,568275,623335,EPSG:2157,,2021-03-24,35000,https://www.limerick.ie/sites/default/files/media/documents/2026-03/derelict-site-register-2026.pdf,2026-03-01,2026-08-08,PDF,pdf_table_extraction,structured_pdf_auto
IE-DS-7c31b422e17a20,Limerick City and County Council,DS-077-18,"Main Street, Oola, Co. Limerick.",Semi detached two-storey residential property & garage,E34 RK75,52.531754,-8.2624504,authority_supplied_itm_transformed,site_point,582193,642299,EPSG:2157,,2021-03-31,50000,https://www.limerick.ie/sites/default/files/media/documents/2026-03/derelict-site-register-2026.pdf,2026-03-01,2026-08-08,PDF,pdf_table_extraction,structured_pdf_auto
IE-DS-91b1b3ba3e0fd8,Limerick City and County Council,DS-022-18,"Pikes Row, William Street Upper, Limerick V94 DE26",Store Building,V94 DE26,52.6625103,-8.6220229,authority_supplied_itm_transformed,site_point,557922,656996,EPSG:2157,,2021-04-13,45000,https://www.limerick.ie/sites/default/files/media/documents/2026-03/derelict-site-register-2026.pdf,2026-03-01,2026-08-08,PDF,pdf_table_extraction,structured_pdf_auto
IE-DS-5499757985c430,Limerick City and County Council,DS-112-17,"Upper Carey Road, Limerick",Commercial Storage Premises,,52.6557128,-8.6207883,authority_supplied_itm_transformed,site_point,557999,656239,EPSG:2157,,2021-04-16,50000,https://www.limerick.ie/sites/default/files/media/documents/2026-03/derelict-site-register-2026.pdf,2026-03-01,2026-08-08,PDF,pdf_table_extraction,structured_pdf_auto
IE-DS-58178db79eeefb,Limerick City and County Council,DS-193-20,"Church Street, Rathkeale, Co. Limerick",Detached former commercial property,V94 P4V6,52.5198717,-8.9434685,authority_supplied_itm_transformed,site_point,535970,641363,EPSG:2157,,2021-04-21,120000,https://www.limerick.ie/sites/default/files/media/documents/2026-03/derelict-site-register-2026.pdf,2026-03-01,2026-08-08,PDF,pdf_table_extraction,structured_pdf_auto
IE-DS-c28edd486c0644,Limerick City and County Council,DS-140-20,"Abbey View, Askeaton, Co. Limerick",Single Story Detached property,,52.6017829,-8.9756977,authority_supplied_itm_transformed,site_point,533906,650505,EPSG:2157,,2021-04-21,10000,https://www.limerick.ie/sites/default/files/media/documents/2026-03/derelict-site-register-2026.pdf,2026-03-01,2026-08-08,PDF,pdf_table_extraction,structured_pdf_auto
IE-DS-182f9643fd7e9f,Limerick City and County Council,DS-142-20,"12 Davin Gardens, Caherdavin, Limerick V94 WP0N",Two Storey semi-detached residence,V94 WP0N,52.6743794,-8.6561419,authority_supplied_itm_transformed,site_point,555626,658337,EPSG:2157,,2021-05-17,60000,https://www.limerick.ie/sites/default/files/media/documents/2026-03/derelict-site-register-2026.pdf,2026-03-01,2026-08-08,PDF,pdf_table_extraction,structured_pdf_auto
IE-DS-c2d22eb40c4f11,Limerick City and County Council,DS-048-17,"34 Hyde Avenue, Ballinacurra Weston, Limerick",End of terrace two-storey residential,V94 A78W,52.6489826,-8.628954,authority_supplied_itm_transformed,site_point,557440,655495,EPSG:2157,,2021-05-25,20000,https://www.limerick.ie/sites/default/files/media/documents/2026-03/derelict-site-register-2026.pdf,2026-03-01,2026-08-08,PDF,pdf_table_extraction,structured_pdf_auto
IE-DS-e2c80b611289a7,Limerick City and County Council,DS-079-19,"Woodworkers Store, Sexton Street North, Thomondgate, Limerick",Former Commercial Property and Residence,,52.6723036,-8.6379535,authority_supplied_itm_transformed,site_point,556854,658095,EPSG:2157,,2021-05-25,450000,https://www.limerick.ie/sites/default/files/media/documents/2026-03/derelict-site-register-2026.pdf,2026-03-01,2026-08-08,PDF,pdf_table_extraction,structured_pdf_auto
IE-DS-9c99116a6aa6c6,Limerick City and County Council,DS-038-21,"18 & 26 Lower Gerald Griffin Street, Limerick",Commercial Units and Yards,,52.6624894,-8.6208695,authority_supplied_itm_transformed,site_point,558000,656993,EPSG:2157,,2021-06-23,350000,https://www.limerick.ie/sites/default/files/media/documents/2026-03/derelict-site-register-2026.pdf,2026-03-01,2026-08-08,PDF,pdf_table_extraction,structured_pdf_auto
IE-DS-52a5af216de2ca,Limerick City and County Council,DS-007-21,"13 The Hawthorns, Ballyagran, Co. Limerick",Two Storey detached residence,,52.4027094,-8.7815305,authority_supplied_itm_transformed,site_point,546819,628197,EPSG:2157,,2021-06-23,135000,https://www.limerick.ie/sites/default/files/media/documents/2026-03/derelict-site-register-2026.pdf,2026-03-01,2026-08-08,PDF,pdf_table_extraction,structured_pdf_auto
IE-DS-f86197bf4077f3,Limerick City and County Council,DS-040-21,"Parkside, 19 Clare Street, Limerick",Mid Terrace two-storey premises,V94 T9NX,52.6662112,-8.6155557,authority_supplied_itm_transformed,site_point,558363,657404,EPSG:2157,,2021-06-23,130000,https://www.limerick.ie/sites/default/files/media/documents/2026-03/derelict-site-register-2026.pdf,2026-03-01,2026-08-08,PDF,pdf_table_extraction,structured_pdf_auto
IE-DS-a88a7917defd50,Limerick City and County Council,DS-039-21,"28 St. Lelia Street, Limerick",Two-storey mid terrace residence,V94 W0FD,52.6663453,-8.6156906,authority_supplied_itm_transformed,site_point,558354,657419,EPSG:2157,,2021-06-23,70000,https://www.limerick.ie/sites/default/files/media/documents/2026-03/derelict-site-register-2026.pdf,2026-03-01,2026-08-08,PDF,pdf_table_extraction,structured_pdf_auto
IE-DS-bda61c4937b99e,Limerick City and County Council,DS-103-19,"Mulcair Drive, Annacotty, Co. Limerick.",Detached residential cottage,,52.6690035,-8.5306703,authority_supplied_itm_transformed,site_point,564107,657669,EPSG:2157,,2021-08-11,125000,https://www.limerick.ie/sites/default/files/media/documents/2026-03/derelict-site-register-2026.pdf,2026-03-01,2026-08-08,PDF,pdf_table_extraction,structured_pdf_auto
IE-DS-f046acc41143eb,Limerick City and County Council,DS-045-21,"10 Lower Hartstonge Street, Limerick V94 AP60",Mid terrace Four Storey Residence,V94 AP60,52.6597214,-8.6327001,authority_supplied_itm_transformed,site_point,557197,656692,EPSG:2157,,2021-08-16,200000,https://www.limerick.ie/sites/default/files/media/documents/2026-03/derelict-site-register-2026.pdf,2026-03-01,2026-08-08,PDF,pdf_table_extraction,structured_pdf_auto
IE-DS-b51ce6e0c313b1,Limerick City and County Council,DS-098-19,"7 O'Dwyer Villas, Thomondgate, Limerick V94 PC5D",End of Terrace two-storey residence,V94 PC5D,52.6719719,-8.6293728,authority_supplied_itm_transformed,site_point,557434,658053,EPSG:2157,,2021-09-07,90000,https://www.limerick.ie/sites/default/files/media/documents/2026-03/derelict-site-register-2026.pdf,2026-03-01,2026-08-08,PDF,pdf_table_extraction,structured_pdf_auto
IE-DS-c369e272bc2730,Limerick City and County Council,DS-027-20,"Rockmount, O'Donoghue Avenue, Janesboro, Limerick V94 DV58",Semi-Detached two-storey residence,V94 DV58,52.6510926,-8.6173976,authority_supplied_itm_transformed,site_point,558224,655723,EPSG:2157,,2021-09-07,80000,https://www.limerick.ie/sites/default/files/media/documents/2026-03/derelict-site-register-2026.pdf,2026-03-01,2026-08-08,PDF,pdf_table_extraction,structured_pdf_auto
IE-DS-0f83baadea78e2,Limerick City and County Council,DS-001-21,"Wolfe Tone Street, Kilmallock, Co. Limerick",Mid terrace two-storey residential property,,52.400226,-8.5733467,authority_supplied_itm_transformed,site_point,560983,627788,EPSG:2157,,2021-09-17,25000,https://www.limerick.ie/sites/default/files/media/documents/2026-03/derelict-site-register-2026.pdf,2026-03-01,2026-08-08,PDF,pdf_table_extraction,structured_pdf_auto
IE-DS-91687523b4df08,Limerick City and County Council,DS-015-21,"Bridge Street, Croom, Co. Limerick",Two storey dwelling,,52.5190639,-8.7179064,authority_supplied_itm_transformed,site_point,551277,641097,EPSG:2157,,2021-09-17,60000,https://www.limerick.ie/sites/default/files/media/documents/2026-03/derelict-site-register-2026.pdf,2026-03-01,2026-08-08,PDF,pdf_table_extraction,structured_pdf_auto
IE-DS-2cba1becc7f027,Limerick City and County Council,DS-016-21,"Bridge Street, Croom, Co. Limerick",Two storey dwelling,,52.5190824,-8.717833,authority_supplied_itm_transformed,site_point,551282,641099,EPSG:2157,,2021-09-17,60000,https://www.limerick.ie/sites/default/files/media/documents/2026-03/derelict-site-register-2026.pdf,2026-03-01,2026-08-08,PDF,pdf_table_extraction,structured_pdf_auto
IE-DS-4656c86d5b1cbf,Limerick City and County Council,DS-017-21,"Bridge Street, Croom, Co. Limerick",Two storey dwelling,,52.519065,-8.7177296,authority_supplied_itm_transformed,site_point,551289,641097,EPSG:2157,,2021-09-17,60000,https://www.limerick.ie/sites/default/files/media/documents/2026-03/derelict-site-register-2026.pdf,2026-03-01,2026-08-08,PDF,pdf_table_extraction,structured_pdf_auto
IE-DS-be5797810a2acc,Limerick City and County Council,DS-029-21,"157 Hyde Road, Prospect, Limerick V94 P6KF",Mid-terrace Residential Premises,V94 P6KF,52.6548034,-8.6245148,authority_supplied_itm_transformed,site_point,557746,656140,EPSG:2157,,2021-09-22,40000,https://www.limerick.ie/sites/default/files/media/documents/2026-03/derelict-site-register-2026.pdf,2026-03-01,2026-08-08,PDF,pdf_table_extraction,structured_pdf_auto
IE-DS-e366c93331f6aa,Limerick City and County Council,DS-137-20,"The Hill, Abbeyfeale, Co. Limerick",Detached Single Storey Residence,,52.3683638,-9.304936,authority_supplied_itm_transformed,site_point,511135,624890,EPSG:2157,,2021-09-27,30000,https://www.limerick.ie/sites/default/files/media/documents/2026-03/derelict-site-register-2026.pdf,2026-03-01,2026-08-08,PDF,pdf_table_extraction,structured_pdf_auto
IE-DS-a63c553df4e2ad,Limerick City and County Council,DS-192-20,"Kilcornan House, Kilcornan, Co. Limerick",Former Petrol Station & Public House,V94 A3E5,52.6188185,-8.8776898,authority_supplied_itm_transformed,site_point,540568,652315,EPSG:2157,,2021-09-27,160000,https://www.limerick.ie/sites/default/files/media/documents/2026-03/derelict-site-register-2026.pdf,2026-03-01,2026-08-08,PDF,pdf_table_extraction,structured_pdf_auto
IE-DS-5a28e016a66159,Limerick City and County Council,DS-194-20,"Church Street, Rathkeale, Co. Limerick",Former Gas Works site,V94 KW67,52.520128,-8.9428846,authority_supplied_itm_transformed,site_point,536010,641391,EPSG:2157,,2021-09-27,100000,https://www.limerick.ie/sites/default/files/media/documents/2026-03/derelict-site-register-2026.pdf,2026-03-01,2026-08-08,PDF,pdf_table_extraction,structured_pdf_auto
IE-DS-bc8e9404401f92,Limerick City and County Council,DS-012-19,"Main Street, Athea, Co. Limerick",End of Terrace Two Storey Residence,V94 XH64,52.4609842,-9.2903378,authority_supplied_itm_transformed,site_point,512313,635176,EPSG:2157,,2021-10-06,75000,https://www.limerick.ie/sites/default/files/media/documents/2026-03/derelict-site-register-2026.pdf,2026-03-01,2026-08-08,PDF,pdf_table_extraction,structured_pdf_auto
IE-DS-6896c28fba690c,Limerick City and County Council,DS-052-21,"Spitalland, Old Cork Road, Limerick",neglected land,,52.6536662,-8.6081374,authority_supplied_itm_transformed,site_point,558853,656004,EPSG:2157,,2021-11-02,125000,https://www.limerick.ie/sites/default/files/media/documents/2026-03/derelict-site-register-2026.pdf,2026-03-01,2026-08-08,PDF,pdf_table_extraction,structured_pdf_auto
IE-DS-c9709f24c00dca,Limerick City and County Council,DS-053-21,"Ballyphillip, Bruree, Co. Limerick",Farm house and yard,,52.4625442,-8.6939123,authority_supplied_itm_transformed,site_point,552845,634793,EPSG:2157,,2021-11-02,70000,https://www.limerick.ie/sites/default/files/media/documents/2026-03/derelict-site-register-2026.pdf,2026-03-01,2026-08-08,PDF,pdf_table_extraction,structured_pdf_auto
IE-DS-55f8430e78d57a,Limerick City and County Council,DS-075-21,"Daly's Cross, Collreiry, Co. Limerick",Two-storey residential dwelling and adjoining single-storey premises,,52.7092069,-8.4910541,authority_supplied_itm_transformed,site_point,566817,662123,EPSG:2157,,2021-11-02,40000,https://www.limerick.ie/sites/default/files/media/documents/2026-03/derelict-site-register-2026.pdf,2026-03-01,2026-08-08,PDF,pdf_table_extraction,structured_pdf_auto
IE-DS-2c4aeca1fef83f,Limerick City and County Council,DS-092-20,"Monaster North, Croom, Co. Limerick",Residential Premises,V35 D437,52.5210374,-8.6710951,authority_supplied_itm_transformed,site_point,554456,641286,EPSG:2157,,2021-11-10,35000,https://www.limerick.ie/sites/default/files/media/documents/2026-03/derelict-site-register-2026.pdf,2026-03-01,2026-08-08,PDF,pdf_table_extraction,structured_pdf_auto
IE-DS-52b8ecd2fb135c,Limerick City and County Council,DS-020-21,"Lower Main Street, Kilfinane, Co. Limerick","Two no., mid terrace two-storey commercial buildings",V35 X386,52.3595167,-8.4672606,authority_supplied_itm_transformed,site_point,568173,623207,EPSG:2157,,2021-11-10,45000,https://www.limerick.ie/sites/default/files/media/documents/2026-03/derelict-site-register-2026.pdf,2026-03-01,2026-08-08,PDF,pdf_table_extraction,structured_pdf_auto
IE-DS-2d4d27dddc59a6,Limerick City and County Council,DS-081-21,"90 Hyde Road, Prospect, Limerick",End of Terrace two-storey residence,V94 PT1H,52.6537723,-8.6257268,authority_supplied_itm_transformed,site_point,557663,656026,EPSG:2157,,2021-12-01,25000,https://www.limerick.ie/sites/default/files/media/documents/2026-03/derelict-site-register-2026.pdf,2026-03-01,2026-08-08,PDF,pdf_table_extraction,structured_pdf_auto
IE-DS-acfa8c7115af24,Limerick City and County Council,DS-114-21,"20 Rossa Avenue, Garryowen, Limerick",two-storey Mid Terrace,V94 V08C,52.6604006,-8.6163905,authority_supplied_itm_transformed,site_point,558301,656758,EPSG:2157,,2021-12-17,100000,https://www.limerick.ie/sites/default/files/media/documents/2026-03/derelict-site-register-2026.pdf,2026-03-01,2026-08-08,PDF,pdf_table_extraction,structured_pdf_auto
IE-DS-c0e8d3594ad794,Limerick City and County Council,DS-151-20,"L1152, Old Pallas, Co. Limerick",Two adjoining residential premises,,52.5489071,-8.3542481,authority_supplied_itm_transformed,site_point,575974,644234,EPSG:2157,,2022-02-04,70000,https://www.limerick.ie/sites/default/files/media/documents/2026-03/derelict-site-register-2026.pdf,2026-03-01,2026-08-08,PDF,pdf_table_extraction,structured_pdf_auto
IE-DS-8404313965f18d,Limerick City and County Council,DS-146-20,"Tipperary Road, Castlelloyd, Oola, Co. Limerick",Residential & commercial premises,E34 F859,52.5353292,-8.267439,authority_supplied_itm_transformed,site_point,581856,642698,EPSG:2157,,2022-02-04,70000,https://www.limerick.ie/sites/default/files/media/documents/2026-03/derelict-site-register-2026.pdf,2026-03-01,2026-08-08,PDF,pdf_table_extraction,structured_pdf_auto
IE-DS-ce1678ba11b3b1,Limerick City and County Council,DS-008-21,"Main Street, Croom, Co. Limerick",Two storey residential dwelling,,52.5199914,-8.7176268,authority_supplied_itm_transformed,site_point,551297,641200,EPSG:2157,,2022-02-04,50000,https://www.limerick.ie/sites/default/files/media/documents/2026-03/derelict-site-register-2026.pdf,2026-03-01,2026-08-08,PDF,pdf_table_extraction,structured_pdf_auto
IE-DS-8c6b5bd4fba2c5,Limerick City and County Council,DS-054-21,"Shines, 4 Lower Gerald Griffin Street,",Mid Terrace Residential,,52.6619545,-8.6217489,authority_supplied_itm_transformed,site_point,557940,656934,EPSG:2157,,2022-02-04,70000,https://www.limerick.ie/sites/default/files/media/documents/2026-03/derelict-site-register-2026.pdf,2026-03-01,2026-08-08,PDF,pdf_table_extraction,structured_pdf_auto
IE-DS-809e052c66cdf6,Limerick City and County Council,DS-055-21,"3,4 Lower Gerald Griffin Street, Limerick",Mid Terrace Residential/ Commercial,V94 Y01P,52.6619271,-8.6218372,authority_supplied_itm_transformed,site_point,557934,656931,EPSG:2157,,2022-02-04,150000,https://www.limerick.ie/sites/default/files/media/documents/2026-03/derelict-site-register-2026.pdf,2026-03-01,2026-08-08,PDF,pdf_table_extraction,structured_pdf_auto
IE-DS-f143f0eab2ec3f,Limerick City and County Council,DS-095-21,"CBS Sexton Street, Roxborough Road, Limerick V94 NF25",Former school building,V94 NF25,52.6595799,-8.6203553,authority_supplied_itm_transformed,site_point,558032,656669,EPSG:2157,,2022-02-04,250000,https://www.limerick.ie/sites/default/files/media/documents/2026-03/derelict-site-register-2026.pdf,2026-03-01,2026-08-08,PDF,pdf_table_extraction,structured_pdf_auto
IE-DS-b2c049a6559506,Limerick City and County Council,DS-109-21,"20 Johnsgate Village, Johnsgate, Limerick V94 EHW0",two-storey mid terrace,V94 EHW0,52.66442,-8.6177776,authority_supplied_itm_transformed,site_point,558211,657206,EPSG:2157,,2022-02-04,50000,https://www.limerick.ie/sites/default/files/media/documents/2026-03/derelict-site-register-2026.pdf,2026-03-01,2026-08-08,PDF,pdf_table_extraction,structured_pdf_auto
IE-DS-81b5f035833456,Limerick City and County Council,DS-051-21,"11 O'Curry Street, Limerick V94 Y959",End of Terrace Commercial Building,V94 Y959,52.6589343,-8.6353346,authority_supplied_itm_transformed,site_point,557018,656606,EPSG:2157,,2022-02-22,150000,https://www.limerick.ie/sites/default/files/media/documents/2026-03/derelict-site-register-2026.pdf,2026-03-01,2026-08-08,PDF,pdf_table_extraction,structured_pdf_auto
IE-DS-f7d17feb6bbd19,Limerick City and County Council,DS-004-21,"West End, Church Street, Dromcollogher, Co. Limerick",End of Terrace Residential Building,P56 X074,52.3387205,-8.9106548,authority_supplied_itm_transformed,site_point,537943,621181,EPSG:2157,,2022-02-22,90000,https://www.limerick.ie/sites/default/files/media/documents/2026-03/derelict-site-register-2026.pdf,2026-03-01,2026-08-08,PDF,pdf_table_extraction,structured_pdf_auto
IE-DS-8b324aa0ad179c,Limerick City and County Council,DS-104-21,"Feoghanagh, Co. Limerick",TWO storey Roadside Mixed Use Property,V42 P578,52.3842202,-8.9717607,authority_supplied_itm_transformed,site_point,533847,626297,EPSG:2157,,2022-02-22,40000,https://www.limerick.ie/sites/default/files/media/documents/2026-03/derelict-site-register-2026.pdf,2026-03-01,2026-08-08,PDF,pdf_table_extraction,structured_pdf_auto
IE-DS-86aaa1c96e9d6c,Limerick City and County Council,DS-105-21,"Feoghanagh, Co. Limerick",Single Storey Former School House,V42 FT53,52.3835875,-8.9699987,authority_supplied_itm_transformed,site_point,533966,626225,EPSG:2157,,2022-02-22,50000,https://www.limerick.ie/sites/default/files/media/documents/2026-03/derelict-site-register-2026.pdf,2026-03-01,2026-08-08,PDF,pdf_table_extraction,structured_pdf_auto
IE-DS-eb22e1ada9292d,Limerick City and County Council,DS-012-21,"West End, Kilfinane, Co. Limerick",two-storey terrace residence,V35 EK77,52.3583791,-8.4708014,authority_supplied_itm_transformed,site_point,567931,623082,EPSG:2157,,2022-02-22,60000,https://www.limerick.ie/sites/default/files/media/documents/2026-03/derelict-site-register-2026.pdf,2026-03-01,2026-08-08,PDF,pdf_table_extraction,structured_pdf_auto
IE-DS-bc501cbd89b782,Limerick City and County Council,DS-034-21,"Ballynacragga, Foynes, Co. Limerick V94 T2K0","Commercial multi-storey unit, former hospital",V94 T2K0,52.6108548,-9.1101498,authority_supplied_itm_transformed,site_point,524814,651646,EPSG:2157,,2022-02-22,275000,https://www.limerick.ie/sites/default/files/media/documents/2026-03/derelict-site-register-2026.pdf,2026-03-01,2026-08-08,PDF,pdf_table_extraction,structured_pdf_auto
IE-DS-20e5456fb43736,Limerick City and County Council,DS-003-21,"Main Street, Ballingarry, Co. Limerick","Two storey dwelling, mid-terraced",,52.4729844,-8.8626273,authority_supplied_itm_transformed,site_point,541394,636078,EPSG:2157,,2022-03-11,40000,https://www.limerick.ie/sites/default/files/media/documents/2026-03/derelict-site-register-2026.pdf,2026-03-01,2026-08-08,PDF,pdf_table_extraction,structured_pdf_auto
IE-DS-6397f4e6cdb126,Limerick City and County Council,DS-075-17,"9 Saint Munchin's Terrace, Sexton Street North, Limerick",Mid Terrace Cottage,V94 WYH4,52.6722279,-8.6369765,authority_supplied_itm_transformed,site_point,556920,658086,EPSG:2157,,2022-03-14,40000,https://www.limerick.ie/sites/default/files/media/documents/2026-03/derelict-site-register-2026.pdf,2026-03-01,2026-08-08,PDF,pdf_table_extraction,structured_pdf_auto
IE-DS-41821eaf69ad41,Limerick City and County Council,DS-099-21,"30 William Street Upper, Limerick",neglected land,,52.6604746,-8.6211514,authority_supplied_itm_transformed,site_point,557979,656769,EPSG:2157,,2022-03-22,80000,https://www.limerick.ie/sites/default/files/media/documents/2026-03/derelict-site-register-2026.pdf,2026-03-01,2026-08-08,PDF,pdf_table_extraction,structured_pdf_auto
IE-DS-523254c9fa3113,Limerick City and County Council,DS-088-21,"2 Ryan's Cottage's, Rosbrien Road, Limerick V94 P2FE",Mid Terrace Cottage,V94 P2FE,52.6517734,-8.6331617,authority_supplied_itm_transformed,site_point,557158,655808,EPSG:2157,,2022-04-19,80000,https://www.limerick.ie/sites/default/files/media/documents/2026-03/derelict-site-register-2026.pdf,2026-03-01,2026-08-08,PDF,pdf_table_extraction,structured_pdf_auto
IE-DS-8bd380f9ac2915,Limerick City and County Council,DS-131-21,"Old Church Street, Abbeyfeale, Co. Limerick",Former Storage Unit,,52.3854151,-9.3017514,authority_supplied_itm_transformed,site_point,511386,626783,EPSG:2157,,2022-04-20,5000,https://www.limerick.ie/sites/default/files/media/documents/2026-03/derelict-site-register-2026.pdf,2026-03-01,2026-08-08,PDF,pdf_table_extraction,structured_pdf_auto
IE-DS-3c58c1b9607451,Limerick City and County Council,DS-018-22,"19 Saint Ita's Street, Saint Mary's Park, Limerick V94 WP0E",End of Terrace two-storey residence,V94 WP0E,52.6752445,-8.6274975,authority_supplied_itm_transformed,site_point,557564,658416,EPSG:2157,,2022-04-21,30000,https://www.limerick.ie/sites/default/files/media/documents/2026-03/derelict-site-register-2026.pdf,2026-03-01,2026-08-08,PDF,pdf_table_extraction,structured_pdf_auto
IE-DS-f02d311c955936,Limerick City and County Council,DS-013-22,"Liskennett West, Granagh, Co. Limerick V35 W582",Cottage and surrounding land,V35 W582,52.4599662,-8.7608688,authority_supplied_itm_transformed,site_point,548292,634552,EPSG:2157,,2022-05-03,40000,https://www.limerick.ie/sites/default/files/media/documents/2026-03/derelict-site-register-2026.pdf,2026-03-01,2026-08-08,PDF,pdf_table_extraction,structured_pdf_auto
IE-DS-6660f80de0d09a,Limerick City and County Council,DS-043-22,"Corner of Crawford & Main Street, Bruff, Co. Limerick",End of terrace former 3 storey building comprising ground floor retail upper floor residential,,52.4754296,-8.5473273,authority_supplied_itm_transformed,site_point,562817,636141,EPSG:2157,,2022-05-17,100000,https://www.limerick.ie/sites/default/files/media/documents/2026-03/derelict-site-register-2026.pdf,2026-03-01,2026-08-08,PDF,pdf_table_extraction,structured_pdf_auto
IE-DS-ca928c8655e985,Limerick City and County Council,DS-051-22,"Tournafulla, Co. Limerick",Former Dance Hall,V42 X303,52.3675582,-9.1459793,authority_supplied_itm_transformed,site_point,521958,624617,EPSG:2157,,2022-05-17,50000,https://www.limerick.ie/sites/default/files/media/documents/2026-03/derelict-site-register-2026.pdf,2026-03-01,2026-08-08,PDF,pdf_table_extraction,structured_pdf_auto
IE-DS-184e45bd7b3e3f,Limerick City and County Council,DS-048-21,"Ferndale, Ennis Road, Limerick",Single Storey Residence,,52.6743097,-8.6717853,authority_supplied_itm_transformed,site_point,554568,658339,EPSG:2157,,2022-05-25,120000,https://www.limerick.ie/sites/default/files/media/documents/2026-03/derelict-site-register-2026.pdf,2026-03-01,2026-08-08,PDF,pdf_table_extraction,structured_pdf_auto
IE-DS-092e05b1f6ecc5,Limerick City and County Council,DS-128-21,"4 Saint Bridgets Terrace, Farranshone Road, Limerick V94 K6DK",Mid Terrace two-storey Residence,V94 K6DK,52.6690766,-8.6363245,authority_supplied_itm_transformed,site_point,556961,657735,EPSG:2157,,2022-05-25,200000,https://www.limerick.ie/sites/default/files/media/documents/2026-03/derelict-site-register-2026.pdf,2026-03-01,2026-08-08,PDF,pdf_table_extraction,structured_pdf_auto
IE-DS-d12c8dbdf872af,Limerick City and County Council,DS-025-17,"Ballybrown, Clarina, Co. Limerick",Detached two-storey Residence,,52.6325066,-8.7308857,authority_supplied_itm_transformed,site_point,550524,653727,EPSG:2157,,2022-06-07,120000,https://www.limerick.ie/sites/default/files/media/documents/2026-03/derelict-site-register-2026.pdf,2026-03-01,2026-08-08,PDF,pdf_table_extraction,structured_pdf_auto
IE-DS-b9888579b4a279,Limerick City and County Council,DS-097-21,"2 Ground Floor Commercial Units, Old Saint Francis Street, Limerick",Two no. Ground Floor Commercial Units,V94 N7X6,52.6641194,-8.6202569,authority_supplied_itm_transformed,site_point,558043,657174,EPSG:2157,,2022-06-07,50000,https://www.limerick.ie/sites/default/files/media/documents/2026-03/derelict-site-register-2026.pdf,2026-03-01,2026-08-08,PDF,pdf_table_extraction,structured_pdf_auto
IE-DS-6041d139888d12,Limerick City and County Council,DS-063-22,"13 Pike Avenue, Garryowen, Limerick V94 V0RX",Mid Terrace two-storey,V94 V0RX,52.6585577,-8.6094912,authority_supplied_itm_transformed,site_point,558766,656549,EPSG:2157,,2022-06-07,70000,https://www.limerick.ie/sites/default/files/media/documents/2026-03/derelict-site-register-2026.pdf,2026-03-01,2026-08-08,PDF,pdf_table_extraction,structured_pdf_auto
IE-DS-5e6f7fd22c54e8,Limerick City and County Council,DS-025-22,"Gortboy, Newcastle West, Co. Limerick",Former Dance Hall,,52.4532755,-9.054172,authority_supplied_itm_transformed,site_point,528349,634058,EPSG:2157,,2022-06-08,100000,https://www.limerick.ie/sites/default/files/media/documents/2026-03/derelict-site-register-2026.pdf,2026-03-01,2026-08-08,PDF,pdf_table_extraction,structured_pdf_auto
IE-DS-5d1c7a8efdc979,Limerick City and County Council,DS-037-21,"O'Donoghue's Farmhouse, Rathurd, Ballysheedy East, Co. Limerick",Detached Two Storey House,,52.6374424,-8.615137,authority_supplied_itm_transformed,site_point,558364,654203,EPSG:2157,,2022-06-08,130000,https://www.limerick.ie/sites/default/files/media/documents/2026-03/derelict-site-register-2026.pdf,2026-03-01,2026-08-08,PDF,pdf_table_extraction,structured_pdf_auto
IE-DS-b1eb3c3b16ecd4,Limerick City and County Council,DS-033-22,"19 Nicholas Street, Limerick",End of Terrace two-storey residence,V94 A7X6,52.6694372,-8.6242946,authority_supplied_itm_transformed,site_point,557775,657768,EPSG:2157,,2022-06-08,90000,https://www.limerick.ie/sites/default/files/media/documents/2026-03/derelict-site-register-2026.pdf,2026-03-01,2026-08-08,PDF,pdf_table_extraction,structured_pdf_auto
IE-DS-bedc5abc92a7e5,Limerick City and County Council,DS-024-18,"Cathedral Place, Limerick",Vacant land,,52.6618895,-8.6187028,authority_supplied_itm_transformed,site_point,558146,656925,EPSG:2157,,2022-06-04,60000,https://www.limerick.ie/sites/default/files/media/documents/2026-03/derelict-site-register-2026.pdf,2026-03-01,2026-08-08,PDF,pdf_table_extraction,structured_pdf_auto
IE-DS-c38b28793d9e0a,Limerick City and County Council,DS-027-18,"Fintech, Smyths Lane, Cathedral Place, Limerick V94 CR67",Mid-terrace two storey,V94 CR67,52.6619788,-8.6188223,authority_supplied_itm_transformed,site_point,558138,656935,EPSG:2157,,2022-06-04,40000,https://www.limerick.ie/sites/default/files/media/documents/2026-03/derelict-site-register-2026.pdf,2026-03-01,2026-08-08,PDF,pdf_table_extraction,structured_pdf_auto
IE-DS-52dd465c38c819,Limerick City and County Council,DS-071-22,"Smiths Lane, Cathedral Place, Limerick",End of Terrace two-storey terrace,,52.6620236,-8.6188525,authority_supplied_itm_transformed,site_point,558136,656940,EPSG:2157,,2022-06-04,40000,https://www.limerick.ie/sites/default/files/media/documents/2026-03/derelict-site-register-2026.pdf,2026-03-01,2026-08-08,PDF,pdf_table_extraction,structured_pdf_auto
IE-DS-d20d5ed9293209,Limerick City and County Council,DS-118-21,"The Square, Galbally, Co. Limerick",Two no adjoining residential terrace properties,E34 TR72,52.4012444,-8.2965321,authority_supplied_itm_transformed,site_point,579821,627788,EPSG:2157,,2022-06-04,100000,https://www.limerick.ie/sites/default/files/media/documents/2026-03/derelict-site-register-2026.pdf,2026-03-01,2026-08-08,PDF,pdf_table_extraction,structured_pdf_auto
IE-DS-c3f2694333e3e5,Limerick City and County Council,DS-002-22,"Ballyorgan, Co. Limerick",former bungalow residence,,52.3163982,-8.4696517,authority_supplied_itm_transformed,site_point,567979,618411,EPSG:2157,,2022-06-04,30000,https://www.limerick.ie/sites/default/files/media/documents/2026-03/derelict-site-register-2026.pdf,2026-03-01,2026-08-08,PDF,pdf_table_extraction,structured_pdf_auto
IE-DS-3f6cab9fdebcdf,Limerick City and County Council,DS-050-21,"Greenpark Avenue, South Circular Road, Limerick",neglected land,,52.6469923,-8.6463777,authority_supplied_itm_transformed,site_point,556259,655284,EPSG:2157,,2022-07-12,30000,https://www.limerick.ie/sites/default/files/media/documents/2026-03/derelict-site-register-2026.pdf,2026-03-01,2026-08-08,PDF,pdf_table_extraction,structured_pdf_auto
IE-DS-cf8e99f1390bb2,Limerick City and County Council,DS-083-21,"39/40 Lord Edward Street, Limerick",Former End of Terrace Residence,V94 DC64,52.655969,-8.6284482,authority_supplied_itm_transformed,site_point,557481,656272,EPSG:2157,,2022-07-12,100000,https://www.limerick.ie/sites/default/files/media/documents/2026-03/derelict-site-register-2026.pdf,2026-03-01,2026-08-08,PDF,pdf_table_extraction,structured_pdf_auto
IE-DS-0473a80925c5b5,Limerick City and County Council,DS-016-17,"Old Street, Galbally, Co. Limerick","Former residence, outhouse & lands",E34 XD59,52.4023871,-8.285092,authority_supplied_itm_transformed,site_point,580600,627912,EPSG:2157,,2022-07-12,30000,https://www.limerick.ie/sites/default/files/media/documents/2026-03/derelict-site-register-2026.pdf,2026-03-01,2026-08-08,PDF,pdf_table_extraction,structured_pdf_auto
IE-DS-d5db3f9452f5e9,Limerick City and County Council,DS-010-21,"3 High Street, Croom, Co. Limerick",Single storey residential dwelling,V35 R250,52.5194785,-8.7162481,authority_supplied_itm_transformed,site_point,551390,641142,EPSG:2157,,2022-07-12,50000,https://www.limerick.ie/sites/default/files/media/documents/2026-03/derelict-site-register-2026.pdf,2026-03-01,2026-08-08,PDF,pdf_table_extraction,structured_pdf_auto
IE-DS-88495cf6121841,Limerick City and County Council,DS-014-21,"Bridge Street, Croom, Co. Limerick",end of terraced two storey dwelling,V35 V406,52.5190527,-8.7182746,authority_supplied_itm_transformed,site_point,551252,641096,EPSG:2157,,2022-07-12,60000,https://www.limerick.ie/sites/default/files/media/documents/2026-03/derelict-site-register-2026.pdf,2026-03-01,2026-08-08,PDF,pdf_table_extraction,structured_pdf_auto
IE-DS-1b24f8ec2c08b7,Limerick City and County Council,DS-028-12,"Killonan, Castletroy, Limerick","Bungalow, storage shed and neglected land",V94 16K3,52.6529528,-8.5322347,authority_supplied_itm_transformed,site_point,563988,655884,EPSG:2157,,2022-07-13,100000,https://www.limerick.ie/sites/default/files/media/documents/2026-03/derelict-site-register-2026.pdf,2026-03-01,2026-08-08,PDF,pdf_table_extraction,structured_pdf_auto
IE-DS-f694cd986dfbb6,Limerick City and County Council,DS-113-21,"Castle Street, Castleconnell, Co. Limerick",Semi Detached Residential Premises,V94 FHW7,52.7128939,-8.5013369,authority_supplied_itm_transformed,site_point,566125,662538,EPSG:2157,,2022-07-13,100000,https://www.limerick.ie/sites/default/files/media/documents/2026-03/derelict-site-register-2026.pdf,2026-03-01,2026-08-08,PDF,pdf_table_extraction,structured_pdf_auto
IE-DS-6cd910ead68029,Limerick City and County Council,DS-033-19,"Ballinacurra Road, Limerick","Partially demolished, Walled Site",,52.6485486,-8.6378294,authority_supplied_itm_transformed,site_point,556839,655452,EPSG:2157,,2022-07-13,30000,https://www.limerick.ie/sites/default/files/media/documents/2026-03/derelict-site-register-2026.pdf,2026-03-01,2026-08-08,PDF,pdf_table_extraction,structured_pdf_auto
IE-DS-43b6266a26bce9,Limerick City and County Council,DS-073-22,"Convent Street, Abbeyfeale, Co. Limerick",End of Terrace two-storey residence,V94 E167,52.3858813,-9.2977692,authority_supplied_itm_transformed,site_point,511658,626830,EPSG:2157,,2022-07-12,100000,https://www.limerick.ie/sites/default/files/media/documents/2026-03/derelict-site-register-2026.pdf,2026-03-01,2026-08-08,PDF,pdf_table_extraction,structured_pdf_auto
IE-DS-3fe5558852cef7,Limerick City and County Council,DS-111-21,"Gortakilleen, Oolahills West, Oola, Co. Limerick",Semi detached two-storey dwelling,E34 KH22,52.5266778,-8.2573948,authority_supplied_itm_transformed,site_point,582534,641733,EPSG:2157,,2022-07-27,45000,https://www.limerick.ie/sites/default/files/media/documents/2026-03/derelict-site-register-2026.pdf,2026-03-01,2026-08-08,PDF,pdf_table_extraction,structured_pdf_auto
IE-DS-32004bc76d3a17,Limerick City and County Council,DS-145-21,"Knockainey West, Knockainey, Co. Limerick",two-storey residential property,V35 F542,52.473734,-8.4714132,authority_supplied_itm_transformed,site_point,567973,635916,EPSG:2157,,2022-07-27,30000,https://www.limerick.ie/sites/default/files/media/documents/2026-03/derelict-site-register-2026.pdf,2026-03-01,2026-08-08,PDF,pdf_table_extraction,structured_pdf_auto
IE-DS-d96add6ccc3f3f,Limerick City and County Council,DS-003-22,"Main Street, Croom, Co. Limerick",Mid terrace two storey dwelling,V35 H563,52.5198726,-8.7179491,authority_supplied_itm_transformed,site_point,551275,641187,EPSG:2157,,2022-07-27,50000,https://www.limerick.ie/sites/default/files/media/documents/2026-03/derelict-site-register-2026.pdf,2026-03-01,2026-08-08,PDF,pdf_table_extraction,structured_pdf_auto
IE-DS-d6e51f6d0b4a1e,Limerick City and County Council,DS-057-22,"Main Street, Cappamore, Co. Limerick",two-storey mid terrace former public house,V94 E42V,52.6145834,-8.3388597,authority_supplied_itm_transformed,site_point,577052,651536,EPSG:2157,,2022-07-27,60000,https://www.limerick.ie/sites/default/files/media/documents/2026-03/derelict-site-register-2026.pdf,2026-03-01,2026-08-08,PDF,pdf_table_extraction,structured_pdf_auto
IE-DS-54ca77e040ddb0,Limerick City and County Council,DS-064-22,"Saint Anthony's Lacka, Castleconnell, Co. Limerick",Stand-alone single storey residence,V94 N1NF,52.722599,-8.4932029,authority_supplied_itm_transformed,site_point,566682,663614,EPSG:2157,,2022-08-03,100000,https://www.limerick.ie/sites/default/files/media/documents/2026-03/derelict-site-register-2026.pdf,2026-03-01,2026-08-08,PDF,pdf_table_extraction,structured_pdf_auto
IE-DS-72f5b2e02d8ab9,Limerick City and County Council,DS-080-22,"North Road, Dromcollogher, Co. Limerick",Mid Terrace two-storey Residence,P56 AC99,52.3405043,-8.9101338,authority_supplied_itm_transformed,site_point,537981,621379,EPSG:2157,,2022-08-08,65000,https://www.limerick.ie/sites/default/files/media/documents/2026-03/derelict-site-register-2026.pdf,2026-03-01,2026-08-08,PDF,pdf_table_extraction,structured_pdf_auto
IE-DS-14e6b2ef31b36e,Limerick City and County Council,DS-082-22,"No. 11 Cois na Feile, Abbeyfeale, Co. Limerick",unfinished two-storey residential property,,52.3831571,-9.2829993,authority_supplied_itm_transformed,site_point,512658,626509,EPSG:2157,,2022-08-08,20000,https://www.limerick.ie/sites/default/files/media/documents/2026-03/derelict-site-register-2026.pdf,2026-03-01,2026-08-08,PDF,pdf_table_extraction,structured_pdf_auto
IE-DS-62fe0d8e2f633c,Limerick City and County Council,DS-083-22,"No. 12 Cois na Feile, Abbeyfeale, Co. Limerick",unfinished two-storey residential property,,52.3831584,-9.2828818,authority_supplied_itm_transformed,site_point,512666,626509,EPSG:2157,,2022-08-08,20000,https://www.limerick.ie/sites/default/files/media/documents/2026-03/derelict-site-register-2026.pdf,2026-03-01,2026-08-08,PDF,pdf_table_extraction,structured_pdf_auto
IE-DS-b704977684c679,Limerick City and County Council,DS-040-11,"Gortroe, Colmanswell, Co. Limerick",unfinished single storey residential property,,52.376154,-8.7226952,authority_supplied_itm_transformed,site_point,550793,625201,EPSG:2157,,2022-08-15,60000,https://www.limerick.ie/sites/default/files/media/documents/2026-03/derelict-site-register-2026.pdf,2026-03-01,2026-08-08,PDF,pdf_table_extraction,structured_pdf_auto
IE-DS-3c1dc0a62abcb3,Limerick City and County Council,DS-024-16,"Mongfune, Murroe, Co. Limerick",unfinished two-storey residential property,,52.6483728,-8.3620708,authority_supplied_itm_transformed,site_point,575499,655303,EPSG:2157,,2022-08-15,90000,https://www.limerick.ie/sites/default/files/media/documents/2026-03/derelict-site-register-2026.pdf,2026-03-01,2026-08-08,PDF,pdf_table_extraction,structured_pdf_auto
IE-DS-3abea1addca6b7,Limerick City and County Council,DS-044-17,"Mongfune, Murroe, Co. Limerick",single storey bungalow,,52.6467832,-8.3645698,authority_supplied_itm_transformed,site_point,575329,655127,EPSG:2157,,2022-08-15,30000,https://www.limerick.ie/sites/default/files/media/documents/2026-03/derelict-site-register-2026.pdf,2026-03-01,2026-08-08,PDF,pdf_table_extraction,structured_pdf_auto
IE-DS-dd59a861db81ef,Limerick City and County Council,DS-120-21,"7 O'Callaghan Avenue, Kileely, Limerick V94 PFX4",End of Terrace two-storey residence,V94 PFX4,52.6746564,-8.6366569,authority_supplied_itm_transformed,site_point,556944,658356,EPSG:2157,,2022-08-16,80000,https://www.limerick.ie/sites/default/files/media/documents/2026-03/derelict-site-register-2026.pdf,2026-03-01,2026-08-08,PDF,pdf_table_extraction,structured_pdf_auto
IE-DS-4f4e1b1f02ff16,Limerick City and County Council,DS-085-22,"34 Smith O'Brien Avenue, Kileely, Limerick",End of Terrace two-storey residence,V94 Y8VC,52.6760269,-8.6375345,authority_supplied_itm_transformed,site_point,556886,658509,EPSG:2157,,2022-08-16,80000,https://www.limerick.ie/sites/default/files/media/documents/2026-03/derelict-site-register-2026.pdf,2026-03-01,2026-08-08,PDF,pdf_table_extraction,structured_pdf_auto
IE-DS-9b09daf280f48a,Limerick City and County Council,DS-056-22,"Castle Mungret, Mungret, Limerick",Detached two-storey Residence,,52.6372834,-8.6897301,authority_supplied_itm_transformed,site_point,553315,654231,EPSG:2157,,2022-09-12,80000,https://www.limerick.ie/sites/default/files/media/documents/2026-03/derelict-site-register-2026.pdf,2026-03-01,2026-08-08,PDF,pdf_table_extraction,structured_pdf_auto
IE-DS-c7e238d24ea972,Limerick City and County Council,DS-101-22,"41 Mayorstone Avenue, Mayorstone, Limerick",Semi-Detached two-storey Residence,V94 YD2X,52.6730419,-8.6426958,authority_supplied_itm_transformed,site_point,556534,658180,EPSG:2157,,2022-09-12,220000,https://www.limerick.ie/sites/default/files/media/documents/2026-03/derelict-site-register-2026.pdf,2026-03-01,2026-08-08,PDF,pdf_table_extraction,structured_pdf_auto
IE-DS-86ce6cb72abe8e,Limerick City and County Council,DS-023-17,"Bunkey, Lisnagry, Co. Limerick",Detached Cottage,,52.6930339,-8.4720263,authority_supplied_itm_transformed,site_point,568091,660315,EPSG:2157,,2022-09-22,70000,https://www.limerick.ie/sites/default/files/media/documents/2026-03/derelict-site-register-2026.pdf,2026-03-01,2026-08-08,PDF,pdf_table_extraction,structured_pdf_auto
IE-DS-e0eb8da8a8b2a0,Limerick City and County Council,DS-091-22,"Rathurd, Drombanny, Co. Limerick",Unfinished Bungalow Ruin and site,,52.6279184,-8.5915174,authority_supplied_itm_transformed,site_point,559954,653130,EPSG:2157,,2022-09-22,90000,https://www.limerick.ie/sites/default/files/media/documents/2026-03/derelict-site-register-2026.pdf,2026-03-01,2026-08-08,PDF,pdf_table_extraction,structured_pdf_auto
IE-DS-2891122c287b17,Limerick City and County Council,DS-030-20,"Marian Drive, Roxboro Road, Limerick",Three derelict cottages and neglected land,,52.6538575,-8.6197865,authority_supplied_itm_transformed,site_point,558065,656032,EPSG:2157,,2022-10-06,120000,https://www.limerick.ie/sites/default/files/media/documents/2026-03/derelict-site-register-2026.pdf,2026-03-01,2026-08-08,PDF,pdf_table_extraction,structured_pdf_auto
IE-DS-ca0af76a52c0ce,Limerick City and County Council,DS-008-20,"Glenlevan, Ennis Road, Limerick",Semi-Detached Three Storey Residence,V94 D6DK,52.6674705,-8.6374839,authority_supplied_itm_transformed,site_point,556881,657557,EPSG:2157,,2022-10-10,500000,https://www.limerick.ie/sites/default/files/media/documents/2026-03/derelict-site-register-2026.pdf,2026-03-01,2026-08-08,PDF,pdf_table_extraction,structured_pdf_auto
IE-DS-5872d4cfd92e20,Limerick City and County Council,DS-012-17,"Grange, Knocklong, Co. Limerick",Detached bungalow,V35 Y398,52.4295837,-8.3952281,authority_supplied_itm_transformed,site_point,573122,630973,EPSG:2157,,2022-10-18,40000,https://www.limerick.ie/sites/default/files/media/documents/2026-03/derelict-site-register-2026.pdf,2026-03-01,2026-08-08,PDF,pdf_table_extraction,structured_pdf_auto
IE-DS-03a748004f52cf,Limerick City and County Council,DS-092-18,"Caherconey, Herbertstown, Co. Limerick",Detached bungalow,V35 W525,52.5173669,-8.4704951,authority_supplied_itm_transformed,site_point,568067,640770,EPSG:2157,,2022-10-18,60000,https://www.limerick.ie/sites/default/files/media/documents/2026-03/derelict-site-register-2026.pdf,2026-03-01,2026-08-08,PDF,pdf_table_extraction,structured_pdf_auto
IE-DS-a4cc2c48bc0110,Limerick City and County Council,DS-011-20,"1 Treada na Rí, Kilfinane, Co. Limerick",End of terrace two-storey residential property,V35 ED37,52.3591587,-8.4645995,authority_supplied_itm_transformed,site_point,568354,623166,EPSG:2157,,2022-10-18,100000,https://www.limerick.ie/sites/default/files/media/documents/2026-03/derelict-site-register-2026.pdf,2026-03-01,2026-08-08,PDF,pdf_table_extraction,structured_pdf_auto
IE-DS-ed5dfa5991f515,Limerick City and County Council,DS-006-19,"Claughan Court, Garryowen, Limerick",a disused shop,,52.6604375,-8.6092513,authority_supplied_itm_transformed,site_point,558784,656758,EPSG:2157,,2022-10-26,90000,https://www.limerick.ie/sites/default/files/media/documents/2026-03/derelict-site-register-2026.pdf,2026-03-01,2026-08-08,PDF,pdf_table_extraction,structured_pdf_auto
IE-DS-3304bf89890024,Limerick City and County Council,DS-048-22,"Carrigparson, Ballysimon, Co. Limerick",Stand alone single floor Residential Property,V94 44N6,52.6179701,-8.5344537,authority_supplied_itm_transformed,site_point,563809,651993,EPSG:2157,,2022-10-26,60000,https://www.limerick.ie/sites/default/files/media/documents/2026-03/derelict-site-register-2026.pdf,2026-03-01,2026-08-08,PDF,pdf_table_extraction,structured_pdf_auto
IE-DS-0cf13f81782d7a,Limerick City and County Council,DS-135-22,"29 Upper William Street, Limerick",Semi-Detached Cottage,V94 K6HF,52.6605465,-8.6211524,authority_supplied_itm_transformed,site_point,557979,656777,EPSG:2157,,2022-10-26,75000,https://www.limerick.ie/sites/default/files/media/documents/2026-03/derelict-site-register-2026.pdf,2026-03-01,2026-08-08,PDF,pdf_table_extraction,structured_pdf_auto
IE-DS-7e657f980782f9,Limerick City and County Council,DS-024-21,"CIE Social Club, Careys Road, Limerick",Community/Social Building,,52.6555757,-8.621215,authority_supplied_itm_transformed,site_point,557970,656224,EPSG:2157,,2022-11-25,220000,https://www.limerick.ie/sites/default/files/media/documents/2026-03/derelict-site-register-2026.pdf,2026-03-01,2026-08-08,PDF,pdf_table_extraction,structured_pdf_auto
IE-DS-e44385a071b767,Limerick City and County Council,DS-145-22,"Cowpark, Kilcornan, Co. Limerick",Former School House,,52.6128837,-8.8888821,authority_supplied_itm_transformed,site_point,539802,651664,EPSG:2157,,2022-11-30,40000,https://www.limerick.ie/sites/default/files/media/documents/2026-03/derelict-site-register-2026.pdf,2026-03-01,2026-08-08,PDF,pdf_table_extraction,structured_pdf_auto
IE-DS-b7339a16f1ea1a,Limerick City and County Council,DS-040-19,"Whitehall, N24 Tipperary Road, Limerick","Former farmhouse, Sheds and neglected land",,52.636534,-8.5296716,authority_supplied_itm_transformed,site_point,564148,654056,EPSG:2157,,2022-11-30,80000,https://www.limerick.ie/sites/default/files/media/documents/2026-03/derelict-site-register-2026.pdf,2026-03-01,2026-08-08,PDF,pdf_table_extraction,structured_pdf_auto
IE-DS-56f88dc5fbd076,Limerick City and County Council,DS-021-21,"Banogue Cross, Banogue, Croom, Co. Limerick",Two storey dwelling and neglected land,V35 XP49,52.477417,-8.7005204,authority_supplied_itm_transformed,site_point,552412,636452,EPSG:2157,,2022-11-30,60000,https://www.limerick.ie/sites/default/files/media/documents/2026-03/derelict-site-register-2026.pdf,2026-03-01,2026-08-08,PDF,pdf_table_extraction,structured_pdf_auto
IE-DS-d90b0a5950417c,Limerick City and County Council,DS-149-22,"Bramble Cottage, Water Street, Bruree, Co. Limerick",single storey semi detached residence,,52.4243275,-8.6621564,authority_supplied_itm_transformed,site_point,554964,630521,EPSG:2157,,2022-11-30,40000,https://www.limerick.ie/sites/default/files/media/documents/2026-03/derelict-site-register-2026.pdf,2026-03-01,2026-08-08,PDF,pdf_table_extraction,structured_pdf_auto
IE-DS-8789cc6db83e2e,Limerick City and County Council,DS-068-22,"Cullinagh, Newcastle West, Co. Limerick",Two Storey Detached Residence,V42 H594,52.4463418,-9.0685701,authority_supplied_itm_transformed,site_point,527359,633301,EPSG:2157,,2022-11-30,180000,https://www.limerick.ie/sites/default/files/media/documents/2026-03/derelict-site-register-2026.pdf,2026-03-01,2026-08-08,PDF,pdf_table_extraction,structured_pdf_auto
IE-DS-b7c5f56a9d131d,Limerick City and County Council,DS-057-21,"7 Oakland Drive, Greystones, Limerick",Semi-Detached two-storey Residence,V94 5D81,52.6694309,-8.648897,authority_supplied_itm_transformed,site_point,556111,657782,EPSG:2157,,2022-11-30,200000,https://www.limerick.ie/sites/default/files/media/documents/2026-03/derelict-site-register-2026.pdf,2026-03-01,2026-08-08,PDF,pdf_table_extraction,structured_pdf_auto
IE-DS-6f95c0bd8a272e,Limerick City and County Council,DS-139-22,"South Mall, Glin, Co. Limerick",Single Storey Detached Property,,52.5680077,-9.2817789,authority_supplied_itm_transformed,site_point,513106,647072,EPSG:2157,,2022-11-30,25000,https://www.limerick.ie/sites/default/files/media/documents/2026-03/derelict-site-register-2026.pdf,2026-03-01,2026-08-08,PDF,pdf_table_extraction,structured_pdf_auto
IE-DS-c0e2278fe29f05,Limerick City and County Council,DS-146-22,"The Glebe, Monagea, Co. Limerick",Unfinished Housing Development,,52.4173605,-9.0835701,authority_supplied_itm_transformed,site_point,526291,630092,EPSG:2157,,2023-01-20,375000,https://www.limerick.ie/sites/default/files/media/documents/2026-03/derelict-site-register-2026.pdf,2026-03-01,2026-08-08,PDF,pdf_table_extraction,structured_pdf_auto
IE-DS-cc9546f8ec0600,Limerick City and County Council,DS-153-22,"Herbertstown, Co. Limerick",two-storey residential property,,52.5209764,-8.4691928,authority_supplied_itm_transformed,site_point,568158,641171,EPSG:2157,,2023-01-20,60000,https://www.limerick.ie/sites/default/files/media/documents/2026-03/derelict-site-register-2026.pdf,2026-03-01,2026-08-08,PDF,pdf_table_extraction,structured_pdf_auto
IE-DS-e4f9d2051a8ab1,Limerick City and County Council,DS-152-22,"Daly's Cross, Collreiry, Castleconnell, Co. Limerick",Former Public House,,52.7095023,-8.4913386,authority_supplied_itm_transformed,site_point,566798,662156,EPSG:2157,,2023-02-07,100000,https://www.limerick.ie/sites/default/files/media/documents/2026-03/derelict-site-register-2026.pdf,2026-03-01,2026-08-08,PDF,pdf_table_extraction,structured_pdf_auto
IE-DS-d92236c21c23e7,Limerick City and County Council,DS-165-22,"Fairview Avenue, Blackboy Road, Limerick",Unsightly garage and derelict shed,V94 P5X9,52.6580015,-8.6110355,authority_supplied_itm_transformed,site_point,558661,656488,EPSG:2157,,2023-03-06,80000,https://www.limerick.ie/sites/default/files/media/documents/2026-03/derelict-site-register-2026.pdf,2026-03-01,2026-08-08,PDF,pdf_table_extraction,structured_pdf_auto
IE-DS-3aa19e33725ccf,Limerick City and County Council,DS-015-17,"Lissard, Galbally, Co. Limerick",derelict cottage,,52.4267845,-8.3123922,authority_supplied_itm_transformed,site_point,578754,630634,EPSG:2157,,2023-03-14,50000,https://www.limerick.ie/sites/default/files/media/documents/2026-03/derelict-site-register-2026.pdf,2026-03-01,2026-08-08,PDF,pdf_table_extraction,structured_pdf_auto
IE-DS-9bfd3a41c63f64,Limerick City and County Council,DS-020-17,"Coolavehy, Ballyorgan, Kilmallock, Co. Limerick",derelict cottage,,52.289226,-8.4534603,authority_supplied_itm_transformed,site_point,569064,615381,EPSG:2157,,2023-03-14,25000,https://www.limerick.ie/sites/default/files/media/documents/2026-03/derelict-site-register-2026.pdf,2026-03-01,2026-08-08,PDF,pdf_table_extraction,structured_pdf_auto
IE-DS-7a4440b3974493,Limerick City and County Council,DS-142-22,"Gortboy Service Station, Gortboy, Kilmallock, Co. Limerick",A former shop and petrol forecourt,V35 N273,52.3976176,-8.5755611,authority_supplied_itm_transformed,site_point,560830,627499,EPSG:2157,,2023-03-14,100000,https://www.limerick.ie/sites/default/files/media/documents/2026-03/derelict-site-register-2026.pdf,2026-03-01,2026-08-08,PDF,pdf_table_extraction,structured_pdf_auto
IE-DS-3df1e9d7f20ed0,Limerick City and County Council,DS-027-17,"Ballyvogue, Askeaton, Co. Limerick",Derelict Cottage,,52.6094391,-8.906944,authority_supplied_itm_transformed,site_point,538574,651296,EPSG:2157,,2023-03-14,55000,https://www.limerick.ie/sites/default/files/media/documents/2026-03/derelict-site-register-2026.pdf,2026-03-01,2026-08-08,PDF,pdf_table_extraction,structured_pdf_auto
IE-DS-591064975b6ea9,Limerick City and County Council,DS-157-22,"Feoghanagh, Co. Limerick",Two Storey Residential Property,V42 EA44,52.3840689,-8.9715811,authority_supplied_itm_transformed,site_point,533859,626280,EPSG:2157,,2023-03-14,50000,https://www.limerick.ie/sites/default/files/media/documents/2026-03/derelict-site-register-2026.pdf,2026-03-01,2026-08-08,PDF,pdf_table_extraction,structured_pdf_auto
IE-DS-e13068cfff2b5c,Limerick City and County Council,DS-127-21,"The Stables, O'Connell Avenue, Limerick V94 F9NK",Detached Residence,V94 F9NK,52.6516578,-8.6346084,authority_supplied_itm_transformed,site_point,557060,655796,EPSG:2157,,2023-03-24,150000,https://www.limerick.ie/sites/default/files/media/documents/2026-03/derelict-site-register-2026.pdf,2026-03-01,2026-08-08,PDF,pdf_table_extraction,structured_pdf_auto
IE-DS-7e541aa79483cc,Limerick City and County Council,DS-092-22,"1 Elm Park, Tooreen, Croom, Co. Limerick V35 FP77",Bungalow,V35 FP77,52.5199283,-8.7146935,authority_supplied_itm_transformed,site_point,551496,641191,EPSG:2157,,2023-03-31,110000,https://www.limerick.ie/sites/default/files/media/documents/2026-03/derelict-site-register-2026.pdf,2026-03-01,2026-08-08,PDF,pdf_table_extraction,structured_pdf_auto
IE-DS-dff6f211a06602,Limerick City and County Council,DS-156-22,"Orr Street Close, Kilmallock, Co. Limerick",Thee no. mid terrace two-storey residences,V35 H728,52.4003875,-8.5752591,authority_supplied_itm_transformed,site_point,560853,627807,EPSG:2157,,2023-03-31,90000,https://www.limerick.ie/sites/default/files/media/documents/2026-03/derelict-site-register-2026.pdf,2026-03-01,2026-08-08,PDF,pdf_table_extraction,structured_pdf_auto
IE-DS-839c8d832debda,Limerick City and County Council,DS-045-22,"South Quay, Newcastle West, Co. Limerick",Former Public House including Three Terraced Properties,V42 PX29,52.4492929,-9.0612709,authority_supplied_itm_transformed,site_point,527860,633622,EPSG:2157,,2023-04-24,90000,https://www.limerick.ie/sites/default/files/media/documents/2026-03/derelict-site-register-2026.pdf,2026-03-01,2026-08-08,PDF,pdf_table_extraction,structured_pdf_auto
IE-DS-5861da90b01559,Limerick City and County Council,DS-008-23,"Convent Street, Abbeyfeale, Co. Limerick V94 EV78",Former Cinema,V94 EV78,52.3861255,-9.2968214,authority_supplied_itm_transformed,site_point,511723,626856,EPSG:2157,,2023-04-24,50000,https://www.limerick.ie/sites/default/files/media/documents/2026-03/derelict-site-register-2026.pdf,2026-03-01,2026-08-08,PDF,pdf_table_extraction,structured_pdf_auto
IE-DS-95bcd42ba3ffe1,Limerick City and County Council,DS-010-23,"Corbally Road, Limerick",neglected land,,52.6742624,-8.6159645,authority_supplied_itm_transformed,site_point,558343,658300,EPSG:2157,,2023-05-03,55000,https://www.limerick.ie/sites/default/files/media/documents/2026-03/derelict-site-register-2026.pdf,2026-03-01,2026-08-08,PDF,pdf_table_extraction,structured_pdf_auto
IE-DS-8981b17e401ac9,Limerick City and County Council,DS-110-21,"Shrahane, Highpark, Ballysimon, Co. Limerick",a bungalow residence,V94 EK7V,52.6145623,-8.50609,authority_supplied_itm_transformed,site_point,565727,651600,EPSG:2157,,2023-05-10,45000,https://www.limerick.ie/sites/default/files/media/documents/2026-03/derelict-site-register-2026.pdf,2026-03-01,2026-08-08,PDF,pdf_table_extraction,structured_pdf_auto
IE-DS-25e7e867ae3261,Limerick City and County Council,DS-022-23,"Bothar Bui, Newcastle West, Co. Limerick V42 WF64",Mid Terrace Two Storey Residence,V42 WF64,52.4481625,-9.058022,authority_supplied_itm_transformed,site_point,528079,633493,EPSG:2157,,2023-05-22,50000,https://www.limerick.ie/sites/default/files/media/documents/2026-03/derelict-site-register-2026.pdf,2026-03-01,2026-08-08,PDF,pdf_table_extraction,structured_pdf_auto
IE-DS-bf05aa87221e28,Limerick City and County Council,DS-126-22,"Feenagh, Kilmallock, Co. Limerick V35 DP65",Detached Two Storey Residence,V35 DP65,52.389238,-8.8772572,authority_supplied_itm_transformed,site_point,540287,626773,EPSG:2157,,2023-06-08,75000,https://www.limerick.ie/sites/default/files/media/documents/2026-03/derelict-site-register-2026.pdf,2026-03-01,2026-08-08,PDF,pdf_table_extraction,structured_pdf_auto
IE-DS-c24541abe4d909,Limerick City and County Council,DS-012-23,"Former Tractor Spares Building, Lelia Street, Limerick",Former Commercial building.,,52.6655322,-8.6164923,authority_supplied_itm_transformed,site_point,558299,657329,EPSG:2157,,2023-06-08,150000,https://www.limerick.ie/sites/default/files/media/documents/2026-03/derelict-site-register-2026.pdf,2026-03-01,2026-08-08,PDF,pdf_table_extraction,structured_pdf_auto
IE-DS-bfb52b4b801436,Limerick City and County Council,DS-168-22,"3 The Cottages, Adare, Co. Limerick",Terrace cottage,V94 H2FA,52.5617037,-8.794058,authority_supplied_itm_transformed,site_point,546161,645895,EPSG:2157,,2023-06-13,140000,https://www.limerick.ie/sites/default/files/media/documents/2026-03/derelict-site-register-2026.pdf,2026-03-01,2026-08-08,PDF,pdf_table_extraction,structured_pdf_auto
IE-DS-92810b5e5ef3e2,Limerick City and County Council,DS-021-17,"Coolavehy, Ballyorgan, Co. Limerick",Ruinous cottage,,52.2884974,-8.4535994,authority_supplied_itm_transformed,site_point,569054,615300,EPSG:2157,,2023-06-22,25000,https://www.limerick.ie/sites/default/files/media/documents/2026-03/derelict-site-register-2026.pdf,2026-03-01,2026-08-08,PDF,pdf_table_extraction,structured_pdf_auto
IE-DS-5131f38bf93270,Limerick City and County Council,DS-038-23,"116 Hyde Road, Prospect, Limerick V94 KP8K",Mid Terrace two-storey Residence,V94 KP8K,52.654439,-8.6254407,authority_supplied_itm_transformed,site_point,557683,656100,EPSG:2157,,2023-07-04,22000,https://www.limerick.ie/sites/default/files/media/documents/2026-03/derelict-site-register-2026.pdf,2026-03-01,2026-08-08,PDF,pdf_table_extraction,structured_pdf_auto
IE-DS-f654634c2b7e8b,Limerick City and County Council,DS-039-23,"114 Hyde Road, Prospect, Limerick",End of Terrace two-storey residence,V94 38C7,52.6544028,-8.6254846,authority_supplied_itm_transformed,site_point,557680,656096,EPSG:2157,,2023-07-04,25000,https://www.limerick.ie/sites/default/files/media/documents/2026-03/derelict-site-register-2026.pdf,2026-03-01,2026-08-08,PDF,pdf_table_extraction,structured_pdf_auto
IE-DS-25c9986ceb86d0,Limerick City and County Council,DS-040-23,"88 Hyde Road, Prospect, Limerick V94 HX2F",End of Terrace two-storey residence,V94 HX2F,52.6536736,-8.6257106,authority_supplied_itm_transformed,site_point,557664,656015,EPSG:2157,,2023-07-04,25000,https://www.limerick.ie/sites/default/files/media/documents/2026-03/derelict-site-register-2026.pdf,2026-03-01,2026-08-08,PDF,pdf_table_extraction,structured_pdf_auto
IE-DS-de49198c16fc57,Limerick City and County Council,DS-041-23,"O'Curry Street, Limerick",a former storage unit,,52.6581458,-8.6348798,authority_supplied_itm_transformed,site_point,557048,656518,EPSG:2157,,2023-07-04,80000,https://www.limerick.ie/sites/default/files/media/documents/2026-03/derelict-site-register-2026.pdf,2026-03-01,2026-08-08,PDF,pdf_table_extraction,structured_pdf_auto
IE-DS-90c0dd60977236,Limerick City and County Council,DS-043-23,"12 Lenihan Avenue, Prospect, Limerick",End of Terrace two-storey residence,V94 447V,52.6509275,-8.6283021,authority_supplied_itm_transformed,site_point,557486,655711,EPSG:2157,,2023-07-04,20000,https://www.limerick.ie/sites/default/files/media/documents/2026-03/derelict-site-register-2026.pdf,2026-03-01,2026-08-08,PDF,pdf_table_extraction,structured_pdf_auto
IE-DS-ba8c860fd0e693,Limerick City and County Council,DS-064-23,"Cottage on the N69, Castlemungret, Mungret, Co. Limerick",Derelict Cottage,,52.6371311,-8.6911756,authority_supplied_itm_transformed,site_point,553217,654215,EPSG:2157,,2023-07-10,70000,https://www.limerick.ie/sites/default/files/media/documents/2026-03/derelict-site-register-2026.pdf,2026-03-01,2026-08-08,PDF,pdf_table_extraction,structured_pdf_auto
IE-DS-ee3e4caacda8e1,Limerick City and County Council,DS-065-23,"Warehouse, Dock Road, Limerick V94 D407",Detached Warehouse,V94 D407,52.653238,-8.6547612,authority_supplied_itm_transformed,site_point,555698,655984,EPSG:2157,,2023-07-10,75000,https://www.limerick.ie/sites/default/files/media/documents/2026-03/derelict-site-register-2026.pdf,2026-03-01,2026-08-08,PDF,pdf_table_extraction,structured_pdf_auto
IE-DS-d1c05bef5f667f,Limerick City and County Council,DS-116-22,"The Shannon House, Main Street, Foynes, Co. Limerick V94 N5PF",Former Public house with accommodation,V94 N5PF,52.611526,-9.1075827,authority_supplied_itm_transformed,site_point,524989,651718,EPSG:2157,,2023-07-13,350000,https://www.limerick.ie/sites/default/files/media/documents/2026-03/derelict-site-register-2026.pdf,2026-03-01,2026-08-08,PDF,pdf_table_extraction,structured_pdf_auto
IE-DS-0cef87af85c51c,Limerick City and County Council,DS-028-23,"Barna Village, Bohernagraga, Co. Limerick",derelict two-storey residential dwelling,,52.5366107,-8.3295328,authority_supplied_itm_transformed,site_point,577644,642858,EPSG:2157,,2023-07-13,35000,https://www.limerick.ie/sites/default/files/media/documents/2026-03/derelict-site-register-2026.pdf,2026-03-01,2026-08-08,PDF,pdf_table_extraction,structured_pdf_auto
IE-DS-646758696d1a87,Limerick City and County Council,DS-030-23,"Main Street, Askeaton, Co. Limerick V94 FFD9",End of terrace two storey property.,V94 FFD9,52.6004061,-8.9758885,authority_supplied_itm_transformed,site_point,533891,650352,EPSG:2157,,2023-07-13,55000,https://www.limerick.ie/sites/default/files/media/documents/2026-03/derelict-site-register-2026.pdf,2026-03-01,2026-08-08,PDF,pdf_table_extraction,structured_pdf_auto
IE-DS-87d73bb237654a,Limerick City and County Council,DS-008-18,"Toll House, Corbally Road, Limerick V94 W8HK",Dormer Bungalow,V94 W8HK,52.6808025,-8.6113832,authority_supplied_itm_transformed,site_point,558659,659025,EPSG:2157,,2023-08-04,110000,https://www.limerick.ie/sites/default/files/media/documents/2026-03/derelict-site-register-2026.pdf,2026-03-01,2026-08-08,PDF,pdf_table_extraction,structured_pdf_auto
IE-DS-b2182b7784b894,Limerick City and County Council,DS-068-21,"3 Roches Row, Roches Street, Limerick V94 PF8V",Mid Terrace two-storey Residence,V94 PF8V,52.6616048,-8.6249961,authority_supplied_itm_transformed,site_point,557720,656897,EPSG:2157,,2023-08-04,65000,https://www.limerick.ie/sites/default/files/media/documents/2026-03/derelict-site-register-2026.pdf,2026-03-01,2026-08-08,PDF,pdf_table_extraction,structured_pdf_auto
IE-DS-48f726b1092616,Limerick City and County Council,DS-054-22,"1 Roches Row, Roches Street, Limerick V94 RXW2",Two Storey terraced residence,V94 RXW2,52.6615054,-8.6250981,authority_supplied_itm_transformed,site_point,557713,656886,EPSG:2157,,2023-08-04,65000,https://www.limerick.ie/sites/default/files/media/documents/2026-03/derelict-site-register-2026.pdf,2026-03-01,2026-08-08,PDF,pdf_table_extraction,structured_pdf_auto
IE-DS-5cfbaf66e1e0ee,Limerick City and County Council,DS-013-23,"Milk Market/Molyneaux Bar, 68 Mungret Street, Limerick",Three storey end of terrace former public house,V94 R6N3,52.6644406,-8.6207198,authority_supplied_itm_transformed,site_point,558012,657210,EPSG:2157,,2023-08-04,40000,https://www.limerick.ie/sites/default/files/media/documents/2026-03/derelict-site-register-2026.pdf,2026-03-01,2026-08-08,PDF,pdf_table_extraction,structured_pdf_auto
IE-DS-63d998d6583e65,Limerick City and County Council,DS-033-23,"10 Sarsfield Street, Limerick V94 A243","Four Storey, Mid-Terrace Premises",V94 A243,52.664372,-8.6286131,authority_supplied_itm_transformed,site_point,557478,657207,EPSG:2157,,2023-08-04,200000,https://www.limerick.ie/sites/default/files/media/documents/2026-03/derelict-site-register-2026.pdf,2026-03-01,2026-08-08,PDF,pdf_table_extraction,structured_pdf_auto
IE-DS-ba60eea25116d5,Limerick City and County Council,DS-073-23,"Rivermount, Clarina, Co. Limerick",Detached Cottage and outbuildings,V94 P98C,52.615271,-8.7461334,authority_supplied_itm_transformed,site_point,549472,651820,EPSG:2157,,2023-08-04,40000,https://www.limerick.ie/sites/default/files/media/documents/2026-03/derelict-site-register-2026.pdf,2026-03-01,2026-08-08,PDF,pdf_table_extraction,structured_pdf_auto
IE-DS-7d86d3ed5ca162,Limerick City and County Council,DS-104-22,"1/2 Lord Edward Street, Limerick",Three Storey end of terrace Residence,V94 RX38,52.6571673,-8.6262039,authority_supplied_itm_transformed,site_point,557634,656404,EPSG:2157,,2023-08-17,170000,https://www.limerick.ie/sites/default/files/media/documents/2026-03/derelict-site-register-2026.pdf,2026-03-01,2026-08-08,PDF,pdf_table_extraction,structured_pdf_auto
IE-DS-f62563c96b0d11,Limerick City and County Council,DS-150-22,"Main Street, Bruree, Co. Limerick",derelict cottage,V35 W1H2,52.4244133,-8.6612902,authority_supplied_itm_transformed,site_point,555023,630530,EPSG:2157,,2023-08-17,30000,https://www.limerick.ie/sites/default/files/media/documents/2026-03/derelict-site-register-2026.pdf,2026-03-01,2026-08-08,PDF,pdf_table_extraction,structured_pdf_auto
IE-DS-bbae0b69f9f5f7,Limerick City and County Council,DS-048-23,"Duneevin House, Ballynacragga, Foynes, Co. Limerick",Detached two story commercial premises,V94 PY79,52.6105991,-9.1048129,authority_supplied_itm_transformed,site_point,525175,651612,EPSG:2157,,2023-08-17,125000,https://www.limerick.ie/sites/default/files/media/documents/2026-03/derelict-site-register-2026.pdf,2026-03-01,2026-08-08,PDF,pdf_table_extraction,structured_pdf_auto
IE-DS-4e94c12fd35364,Limerick City and County Council,DS-074-17,"4 Saint Munchin's Terrace, Sexton Street North, Limerick",Mid Terrace single storey residence,V94 W0XF,52.6720055,-8.6365445,authority_supplied_itm_transformed,site_point,556949,658061,EPSG:2157,,2023-09-05,60000,https://www.limerick.ie/sites/default/files/media/documents/2026-03/derelict-site-register-2026.pdf,2026-03-01,2026-08-08,PDF,pdf_table_extraction,structured_pdf_auto
IE-DS-44d999ef22d55b,Limerick City and County Council,DS-001-22,"Ballyorgan, Co. Limerick",Former community hall,V35 EV91,52.3161642,-8.4697226,authority_supplied_itm_transformed,site_point,567974,618385,EPSG:2157,,2023-09-05,30000,https://www.limerick.ie/sites/default/files/media/documents/2026-03/derelict-site-register-2026.pdf,2026-03-01,2026-08-08,PDF,pdf_table_extraction,structured_pdf_auto
IE-DS-dc4e8522adcc37,Limerick City and County Council,DS-109-22,"74 O'Connell Street, Limerick","Four Storey over basement, end of terrace building",V94 HWK4,52.6593882,-8.6311432,authority_supplied_itm_transformed,site_point,557302,656654,EPSG:2157,,2023-09-25,400000,https://www.limerick.ie/sites/default/files/media/documents/2026-03/derelict-site-register-2026.pdf,2026-03-01,2026-08-08,PDF,pdf_table_extraction,structured_pdf_auto
IE-DS-5d8960859af54b,Limerick City and County Council,DS-071-23,"Main Street, Castlemahon, Co. Limerick",Detached Cottage now demolished and levelled into the site,,52.4297183,-9.0075239,authority_supplied_itm_transformed,site_point,531483,631392,EPSG:2157,,2023-10-04,25000,https://www.limerick.ie/sites/default/files/media/documents/2026-03/derelict-site-register-2026.pdf,2026-03-01,2026-08-08,PDF,pdf_table_extraction,structured_pdf_auto
IE-DS-244fb7fe8d5604,Limerick City and County Council,DS-128-22,"Kilmeedy, Co. Limerick",End of Terrace Two Storey Property,V42 WN84,52.4150592,-8.9156076,authority_supplied_itm_transformed,site_point,537713,629678,EPSG:2157,,2023-10-20,40000,https://www.limerick.ie/sites/default/files/media/documents/2026-03/derelict-site-register-2026.pdf,2026-03-01,2026-08-08,PDF,pdf_table_extraction,structured_pdf_auto
IE-DS-b8d7a95feed108,Limerick City and County Council,DS-170-22,"Cahernagh Lodge, Deebert, Co. Limerick",Bungalow dwelling,V35 NF43,52.4014923,-8.5717172,authority_supplied_itm_transformed,site_point,561095,627928,EPSG:2157,,2023-10-20,150000,https://www.limerick.ie/sites/default/files/media/documents/2026-03/derelict-site-register-2026.pdf,2026-03-01,2026-08-08,PDF,pdf_table_extraction,structured_pdf_auto
IE-DS-f774772edd7beb,Limerick City and County Council,DS-003-23,"Ballyea, Fedamore, Co. Limerick","Derelict Cottage, Sheds and surrounding lands",V35 HV22,52.5453608,-8.6023933,authority_supplied_itm_transformed,site_point,559141,643951,EPSG:2157,,2023-10-20,70000,https://www.limerick.ie/sites/default/files/media/documents/2026-03/derelict-site-register-2026.pdf,2026-03-01,2026-08-08,PDF,pdf_table_extraction,structured_pdf_auto
IE-DS-8104306de0fb04,Limerick City and County Council,DS-106-19,"11 Broad Street, Limerick",Two storey mixed use premises,V94 K7D9,52.6655154,-8.6197297,authority_supplied_itm_transformed,site_point,558080,657329,EPSG:2157,,2023-10-20,55000,https://www.limerick.ie/sites/default/files/media/documents/2026-03/derelict-site-register-2026.pdf,2026-03-01,2026-08-08,PDF,pdf_table_extraction,structured_pdf_auto
IE-DS-6a0f4124a3fe48,Limerick City and County Council,DS-134-22,"26 Clare Street, Limerick",Mid-terrace residence,V94 E6XH,52.6660887,-8.6149182,authority_supplied_itm_transformed,site_point,558406,657390,EPSG:2157,,2023-10-20,70000,https://www.limerick.ie/sites/default/files/media/documents/2026-03/derelict-site-register-2026.pdf,2026-03-01,2026-08-08,PDF,pdf_table_extraction,structured_pdf_auto
IE-DS-7e600a430a067e,Limerick City and County Council,DS-189-22,"O'Sullivan's Lane, Lock Quay, Limerick",Former commercial warehouse,,52.6658682,-8.6192912,authority_supplied_itm_transformed,site_point,558110,657368,EPSG:2157,,2023-10-20,100000,https://www.limerick.ie/sites/default/files/media/documents/2026-03/derelict-site-register-2026.pdf,2026-03-01,2026-08-08,PDF,pdf_table_extraction,structured_pdf_auto
IE-DS-87fa239d0f51f8,Limerick City and County Council,DS-037-23,"20 Upper Gerald Griffin Street, Limerick",Two storey commercial & apartment building,,52.6612808,-8.6233802,authority_supplied_itm_transformed,site_point,557829,656860,EPSG:2157,,2023-10-23,60000,https://www.limerick.ie/sites/default/files/media/documents/2026-03/derelict-site-register-2026.pdf,2026-03-01,2026-08-08,PDF,pdf_table_extraction,structured_pdf_auto
IE-DS-f723a1d5f654ac,Limerick City and County Council,DS-183-22,"Treaty Terrace Yard, Thomondgate, Limerick",neglected land,,52.6704341,-8.6295281,authority_supplied_itm_transformed,site_point,557422,657882,EPSG:2157,,2023-10-20,30000,https://www.limerick.ie/sites/default/files/media/documents/2026-03/derelict-site-register-2026.pdf,2026-03-01,2026-08-08,PDF,pdf_table_extraction,structured_pdf_auto
IE-DS-1cc34a8b113f71,Limerick City and County Council,DS-057-23,"214 Valley View, O'Malley Park, Limerick",Mid Terrace two-storey Residence,V94 VX6K,52.6471665,-8.6066285,authority_supplied_itm_transformed,site_point,558949,655280,EPSG:2157,,2023-12-01,20000,https://www.limerick.ie/sites/default/files/media/documents/2026-03/derelict-site-register-2026.pdf,2026-03-01,2026-08-08,PDF,pdf_table_extraction,structured_pdf_auto
IE-DS-fd7a266fd6865b,Limerick City and County Council,DS-095-23,"24 Thomas Street, Limerick",Mid Terrace four-storey Premises,V94 X34H,52.6623882,-8.6247411,authority_supplied_itm_transformed,site_point,557738,656984,EPSG:2157,,2023-12-05,170000,https://www.limerick.ie/sites/default/files/media/documents/2026-03/derelict-site-register-2026.pdf,2026-03-01,2026-08-08,PDF,pdf_table_extraction,structured_pdf_auto
IE-DS-35e41d100625d2,Limerick City and County Council,DS-100-23,"Bothar Buí, Newcastle West, Co. Limerick",Mid Terrace Single Storey Property,V42 HY82,52.4480035,-9.0577092,authority_supplied_itm_transformed,site_point,528100,633475,EPSG:2157,,2023-12-05,25000,https://www.limerick.ie/sites/default/files/media/documents/2026-03/derelict-site-register-2026.pdf,2026-03-01,2026-08-08,PDF,pdf_table_extraction,structured_pdf_auto
IE-DS-223b66d2bd9417,Limerick City and County Council,DS-036-23,"22 New Road, Thomondgate, Limerick","a ground floor, former commercial premises",V94 HT20,52.6744173,-8.6326314,authority_supplied_itm_transformed,site_point,557216,658327,EPSG:2157,,2023-12-05,90000,https://www.limerick.ie/sites/default/files/media/documents/2026-03/derelict-site-register-2026.pdf,2026-03-01,2026-08-08,PDF,pdf_table_extraction,structured_pdf_auto
IE-DS-ad68eaf7810d93,Limerick City and County Council,DS-089-23,"Crecora Cross, Crecora, Co. Limerick",Detached bungalow,V94 C1WH,52.5746564,-8.6672515,authority_supplied_itm_transformed,site_point,554772,647249,EPSG:2157,,2023-12-06,150000,https://www.limerick.ie/sites/default/files/media/documents/2026-03/derelict-site-register-2026.pdf,2026-03-01,2026-08-08,PDF,pdf_table_extraction,structured_pdf_auto
IE-DS-da66c59861f715,Limerick City and County Council,DS-002-23,"Saint Anthony's, 4 Rosbrien Terrace, Rosbrien Road, Limerick V94 F9XN",Mid Terrace two-storey Residence,V94 F9XN,52.6505684,-8.6349621,authority_supplied_itm_transformed,site_point,557035,655675,EPSG:2157,,2024-01-16,140000,https://www.limerick.ie/sites/default/files/media/documents/2026-03/derelict-site-register-2026.pdf,2026-03-01,2026-08-08,PDF,pdf_table_extraction,structured_pdf_auto
IE-DS-5638c715c5dc02,Limerick City and County Council,DS-121-23,"2 Rosbrien Terrace, Rosbrien Road, Limerick",Mid Terrace two-storey Residence,V94 K02D,52.6506412,-8.6347858,authority_supplied_itm_transformed,site_point,557047,655683,EPSG:2157,,2024-01-16,140000,https://www.limerick.ie/sites/default/files/media/documents/2026-03/derelict-site-register-2026.pdf,2026-03-01,2026-08-08,PDF,pdf_table_extraction,structured_pdf_auto
IE-DS-d0c7107ba1dd18,Limerick City and County Council,DS-128-23,"Roches Row, Limerick",Mid Terrace two-storey Residence,V94 NW89,52.6617586,-8.6248209,authority_supplied_itm_transformed,site_point,557732,656914,EPSG:2157,,2024-01-16,90000,https://www.limerick.ie/sites/default/files/media/documents/2026-03/derelict-site-register-2026.pdf,2026-03-01,2026-08-08,PDF,pdf_table_extraction,structured_pdf_auto
IE-DS-45e2ba00d23222,Limerick City and County Council,DS-115-23,"Rhebogue Road, Limerick",Neglected Land,,52.6645232,-8.5922776,authority_supplied_itm_transformed,site_point,559936,657203,EPSG:2157,,2024-01-19,150000,https://www.limerick.ie/sites/default/files/media/documents/2026-03/derelict-site-register-2026.pdf,2026-03-01,2026-08-08,PDF,pdf_table_extraction,structured_pdf_auto
IE-DS-ac583688ab622b,Limerick City and County Council,DS-088-23,"Peadar's Bar, Main Street, Ardagh, Co. Limerick",Terraced former public house,V42 H983,52.4949876,-9.0606772,authority_supplied_itm_transformed,site_point,527975,638705,EPSG:2157,,2024-01-24,100000,https://www.limerick.ie/sites/default/files/media/documents/2026-03/derelict-site-register-2026.pdf,2026-03-01,2026-08-08,PDF,pdf_table_extraction,structured_pdf_auto
IE-DS-b28f6ba96db454,Limerick City and County Council,DS-058-23,"Main Street, Abbeyfeale, Co. Limerick",Three Storey End of Terrace property,V94 X3N7,52.3857396,-9.2992194,authority_supplied_itm_transformed,site_point,511559,626816,EPSG:2157,,2024-03-12,115000,https://www.limerick.ie/sites/default/files/media/documents/2026-03/derelict-site-register-2026.pdf,2026-03-01,2026-08-08,PDF,pdf_table_extraction,structured_pdf_auto
IE-DS-4f6e3774d6a1f9,Limerick City and County Council,DS-113-19,"14 Sarsfield Avenue, Upper Pennywell, Limerick",Two Storey end of terrace,V94 KHW6,52.6624872,-8.6143946,authority_supplied_itm_transformed,site_point,558438,656989,EPSG:2157,,2024-04-05,130000,https://www.limerick.ie/sites/default/files/media/documents/2026-03/derelict-site-register-2026.pdf,2026-03-01,2026-08-08,PDF,pdf_table_extraction,structured_pdf_auto
IE-DS-dba41d71549fc6,Limerick City and County Council,DS-105-22,"Gerald Griffin House, Lower Gerald Griffin Street, Limerick",Two Storey Residential Property,V94 A259,52.6625862,-8.6195552,authority_supplied_itm_transformed,site_point,558089,657003,EPSG:2157,,2024-04-05,150000,https://www.limerick.ie/sites/default/files/media/documents/2026-03/derelict-site-register-2026.pdf,2026-03-01,2026-08-08,PDF,pdf_table_extraction,structured_pdf_auto
IE-DS-b78014d8257579,Limerick City and County Council,DS-162-22,"58 Clare Street, Limerick",Three storey End of Terrace Mixed use Premises and neglected land,V94 HH50,52.6652184,-8.6111362,authority_supplied_itm_transformed,site_point,558661,657291,EPSG:2157,,2024-04-05,170000,https://www.limerick.ie/sites/default/files/media/documents/2026-03/derelict-site-register-2026.pdf,2026-03-01,2026-08-08,PDF,pdf_table_extraction,structured_pdf_auto
IE-DS-18eb13909ec31c,Limerick City and County Council,DS-130-20,"Convent Street, Abbeyfeale, Co. Limerick",Former Secondary School & Convent,V94 D8X6,52.3867971,-9.2954161,authority_supplied_itm_transformed,site_point,511820,626929,EPSG:2157,,2024-04-19,95000,https://www.limerick.ie/sites/default/files/media/documents/2026-03/derelict-site-register-2026.pdf,2026-03-01,2026-08-08,PDF,pdf_table_extraction,structured_pdf_auto
IE-DS-86b875284fb811,Limerick City and County Council,DS-169-20,"10 Saint Columcille Street, Saint Mary's Park, Limerick",Mid Terrace two-storey Residence,V94 HPA9,52.6755926,-8.6279609,authority_supplied_itm_transformed,site_point,557533,658455,EPSG:2157,,2024-04-19,50000,https://www.limerick.ie/sites/default/files/media/documents/2026-03/derelict-site-register-2026.pdf,2026-03-01,2026-08-08,PDF,pdf_table_extraction,structured_pdf_auto
IE-DS-e4cda870856292,Limerick City and County Council,DS-042-23,"8 Monabraher Road, Ballynanty, Limerick",Mid Terrace two-storey Residence,V94 WE2Y,52.6785629,-8.6439304,authority_supplied_itm_transformed,site_point,556456,658795,EPSG:2157,,2024-05-08,55000,https://www.limerick.ie/sites/default/files/media/documents/2026-03/derelict-site-register-2026.pdf,2026-03-01,2026-08-08,PDF,pdf_table_extraction,structured_pdf_auto
IE-DS-7d9b0c8247b16a,Limerick City and County Council,DS-119-23,"Moore Street, Cappamore, Co. Limerick",Semi detached mixed use premises,V94 E3V2,52.6144806,-8.3370869,authority_supplied_itm_transformed,site_point,577172,651524,EPSG:2157,,2024-05-08,100000,https://www.limerick.ie/sites/default/files/media/documents/2026-03/derelict-site-register-2026.pdf,2026-03-01,2026-08-08,PDF,pdf_table_extraction,structured_pdf_auto
IE-DS-ac4c0dabc27832,Limerick City and County Council,DS-161-22,"Punches Cross, Ballinacurra Road/Rosbrien Road, Limerick",Ruinous Structures and Neglected Land,,52.6499053,-8.636253,authority_supplied_itm_transformed,site_point,556947,655602,EPSG:2157,,2024-05-29,1000000,https://www.limerick.ie/sites/default/files/media/documents/2026-03/derelict-site-register-2026.pdf,2026-03-01,2026-08-08,PDF,pdf_table_extraction,structured_pdf_auto
IE-DS-829c0792ffe7f9,Limerick City and County Council,DS-013-24,"43 Nicholas Street, Limerick",Mid Terrace two-storey Retail Unit,V94 X52E,52.6682506,-8.622607,authority_supplied_itm_transformed,site_point,557888,657635,EPSG:2157,,2024-05-29,110000,https://www.limerick.ie/sites/default/files/media/documents/2026-03/derelict-site-register-2026.pdf,2026-03-01,2026-08-08,PDF,pdf_table_extraction,structured_pdf_auto
IE-DS-b0ce8c71ca4aac,Limerick City and County Council,DS-118-22,"Sarsfield Street, Kilmallock, Co. Limerick",two-storey mid terrace former commercial premises,V35 X407,52.4003203,-8.57614,authority_supplied_itm_transformed,site_point,560793,627800,EPSG:2157,,2024-07-15,90000,https://www.limerick.ie/sites/default/files/media/documents/2026-03/derelict-site-register-2026.pdf,2026-03-01,2026-08-08,PDF,pdf_table_extraction,structured_pdf_auto
IE-DS-510b43e14966bc,Limerick City and County Council,DS-026-21,"Churchtown, Newcastle West, Co. Limerick",Two fire Damaged Mid Terrace Cottages,V42 YY98,52.4566402,-9.0658765,authority_supplied_itm_transformed,site_point,527559,634444,EPSG:2157,,2024-08-19,90000,https://www.limerick.ie/sites/default/files/media/documents/2026-03/derelict-site-register-2026.pdf,2026-03-01,2026-08-08,PDF,pdf_table_extraction,structured_pdf_auto
IE-DS-72f57166a0f41c,Limerick City and County Council,DS-069-23,"1 St. Mary's Road, Newcastle West, Co. Limerick",End of Terrace Two Storey Property,V42 PX04,52.4488098,-9.0539771,authority_supplied_itm_transformed,site_point,528355,633561,EPSG:2157,,2024-08-19,125000,https://www.limerick.ie/sites/default/files/media/documents/2026-03/derelict-site-register-2026.pdf,2026-03-01,2026-08-08,PDF,pdf_table_extraction,structured_pdf_auto
IE-DS-54269f344ba4a2,Limerick City and County Council,DS-017-24,"Church Street, Abbeyfeale, Co. Limerick",Mid Terrace Former Public House,V94 W7R8,52.3852957,-9.3011603,authority_supplied_itm_transformed,site_point,511426,626769,EPSG:2157,,2024-08-19,100000,https://www.limerick.ie/sites/default/files/media/documents/2026-03/derelict-site-register-2026.pdf,2026-03-01,2026-08-08,PDF,pdf_table_extraction,structured_pdf_auto
IE-DS-c4344f181d4042,Limerick City and County Council,DS-021-24,"Ballywilliam North, Rathkeale, Co. Limerick",Detached Single Storey Farmhouse & neglected land,,52.518411,-8.9315611,authority_supplied_itm_transformed,site_point,536776,641190,EPSG:2157,,2024-08-19,60000,https://www.limerick.ie/sites/default/files/media/documents/2026-03/derelict-site-register-2026.pdf,2026-03-01,2026-08-08,PDF,pdf_table_extraction,structured_pdf_auto
IE-DS-1acf8d48b09fcd,Limerick City and County Council,DS-044-16,"Main Street, Pallasgreen, Co. Limerick",Detached three bay two-storey over Basement former RIC Barracks,,52.5683501,-8.3383262,authority_supplied_itm_transformed,site_point,577064,646392,EPSG:2157,,2024-09-17,100000,https://www.limerick.ie/sites/default/files/media/documents/2026-03/derelict-site-register-2026.pdf,2026-03-01,2026-08-08,PDF,pdf_table_extraction,structured_pdf_auto
IE-DS-3ed7ce298dd71d,Limerick City and County Council,DS-142-21,"Ballinamuddagh, Ardagh, Co. Limerick",Detached Two Storey Property & Surrounding Lands,V42 XR84,52.5282141,-9.0139916,authority_supplied_itm_transformed,site_point,531197,642356,EPSG:2157,,2024-10-09,180000,https://www.limerick.ie/sites/default/files/media/documents/2026-03/derelict-site-register-2026.pdf,2026-03-01,2026-08-08,PDF,pdf_table_extraction,structured_pdf_auto
IE-DS-e733771d8db3e0,Limerick City and County Council,DS-143-21,"Ballinamuddagh, Ardagh, Co. Limerick",Detached Two Storey Property & Surrounding Lands,V42 WD56,52.5284141,-9.0137309,authority_supplied_itm_transformed,site_point,531215,642378,EPSG:2157,,2024-10-09,170000,https://www.limerick.ie/sites/default/files/media/documents/2026-03/derelict-site-register-2026.pdf,2026-03-01,2026-08-08,PDF,pdf_table_extraction,structured_pdf_auto
IE-DS-3b242f3dbb13ef,Limerick City and County Council,DS-140-22,"Main Street, Glin, Co. Limerick",End of Terrace Single Storey Property.,V94 Y338,52.5694891,-9.2827663,authority_supplied_itm_transformed,site_point,513042,647238,EPSG:2157,,2024-10-09,25000,https://www.limerick.ie/sites/default/files/media/documents/2026-03/derelict-site-register-2026.pdf,2026-03-01,2026-08-08,PDF,pdf_table_extraction,structured_pdf_auto
IE-DS-2e50af081ac150,Limerick City and County Council,DS-027-24,"Maiden Street, Newcastle West, Co. Limerick",Three adjoining Three Storey Properties,V42 F291,52.4507725,-9.0596587,authority_supplied_itm_transformed,site_point,527972,633785,EPSG:2157,,2024-10-09,180000,https://www.limerick.ie/sites/default/files/media/documents/2026-03/derelict-site-register-2026.pdf,2026-03-01,2026-08-08,PDF,pdf_table_extraction,structured_pdf_auto
IE-DS-7b19e20072832a,Limerick City and County Council,DS-045-24,"Chalfonte, Ennis Road, Limerick",Detached two-storey Residence,V94 X95T,52.6674616,-8.6474189,authority_supplied_itm_transformed,site_point,556209,657562,EPSG:2157,,2024-10-09,390000,https://www.limerick.ie/sites/default/files/media/documents/2026-03/derelict-site-register-2026.pdf,2026-03-01,2026-08-08,PDF,pdf_table_extraction,structured_pdf_auto
IE-DS-c80555a7a3b5c7,Limerick City and County Council,DS-037-24,"14 Pearse Avenue, Janesboro, Limerick",Two Story Mid-terrace House,V94 HRP7,52.6522567,-8.6182416,authority_supplied_itm_transformed,site_point,558168,655853,EPSG:2157,,2024-11-06,140000,https://www.limerick.ie/sites/default/files/media/documents/2026-03/derelict-site-register-2026.pdf,2026-03-01,2026-08-08,PDF,pdf_table_extraction,structured_pdf_auto
IE-DS-62d01cc8af9a75,Limerick City and County Council,DS-145-23,"The Lane, Bruree, Co. Limerick",Single story detached residential property,V35 XV21,52.4246724,-8.6599561,authority_supplied_itm_transformed,site_point,555114,630558,EPSG:2157,,2024-11-12,35000,https://www.limerick.ie/sites/default/files/media/documents/2026-03/derelict-site-register-2026.pdf,2026-03-01,2026-08-08,PDF,pdf_table_extraction,structured_pdf_auto
IE-DS-bdc16de61e3133,Limerick City and County Council,DS-058-24,"47 Windmill Street, Limerick",two-storey Mid Terrace Building,V94 FP9E,52.6588964,-8.6340333,authority_supplied_itm_transformed,site_point,557106,656601,EPSG:2157,,2024-12-02,125000,https://www.limerick.ie/sites/default/files/media/documents/2026-03/derelict-site-register-2026.pdf,2026-03-01,2026-08-08,PDF,pdf_table_extraction,structured_pdf_auto
IE-DS-38ba002e38a488,Limerick City and County Council,DS-044-22,"Fairgreen, Bruff, Co. Limerick",Cottage on corner of road junction,V35 XA99,52.4787357,-8.5496059,authority_supplied_itm_transformed,site_point,562665,636510,EPSG:2157,,2025-02-28,60000,https://www.limerick.ie/sites/default/files/media/documents/2026-03/derelict-site-register-2026.pdf,2026-03-01,2026-08-08,PDF,pdf_table_extraction,structured_pdf_auto
IE-DS-53df69d820d388,Limerick City and County Council,DS-186-22,"Groody Hill, Rhebogue, Co. Limerick",Residential stand alone building & Surrounding Land,,52.6637596,-8.5867827,authority_supplied_itm_transformed,site_point,560307,657115,EPSG:2157,,2025-02-28,50000,https://www.limerick.ie/sites/default/files/media/documents/2026-03/derelict-site-register-2026.pdf,2026-03-01,2026-08-08,PDF,pdf_table_extraction,structured_pdf_auto
IE-DS-0037e0c3c241dc,Limerick City and County Council,DS-004-23,"O'Curry Street, Limerick",Neglected Land,,52.6581106,-8.6347462,authority_supplied_itm_transformed,site_point,557057,656514,EPSG:2157,,2025-02-28,50000,https://www.limerick.ie/sites/default/files/media/documents/2026-03/derelict-site-register-2026.pdf,2026-03-01,2026-08-08,PDF,pdf_table_extraction,structured_pdf_auto
IE-DS-f543e73f984563,Limerick City and County Council,DS-111-23,"52 Upper William Street, Limerick",Upper Two Floors of Premises at 52 Upper William Street,V94 D9X5,52.6619766,-8.6226657,authority_supplied_itm_transformed,site_point,557878,656937,EPSG:2157,,2025-02-28,200000,https://www.limerick.ie/sites/default/files/media/documents/2026-03/derelict-site-register-2026.pdf,2026-03-01,2026-08-08,PDF,pdf_table_extraction,structured_pdf_auto
IE-DS-76177d6251d066,Limerick City and County Council,DS-144-23,"Ballymore, Askeaton, Co. Limerick",Single storey Detached Property,V94 KA4V,52.6023147,-8.964534,authority_supplied_itm_transformed,site_point,534663,650554,EPSG:2157,,2025-02-28,35000,https://www.limerick.ie/sites/default/files/media/documents/2026-03/derelict-site-register-2026.pdf,2026-03-01,2026-08-08,PDF,pdf_table_extraction,structured_pdf_auto
IE-DS-786703db9a8e7a,Limerick City and County Council,DS-007-24,"Shanagolden Creamery, Co. Limerick","Detached six-bay single-storey double-pile former creamery, built c. 1920, having three-bay single-storey extension to east.",V94 P8C9,52.57468,-9.1010622,authority_supplied_itm_transformed,site_point,525368,647612,EPSG:2157,,2025-02-28,85000,https://www.limerick.ie/sites/default/files/media/documents/2026-03/derelict-site-register-2026.pdf,2026-03-01,2026-08-08,PDF,pdf_table_extraction,structured_pdf_auto
IE-DS-f050f4b8eb66c2,Limerick City and County Council,DS-061-24,"Carraward East, Dromcollogher, Co. Limerick",Two Storey Former School House,P56 NX58,52.3381917,-8.9034387,authority_supplied_itm_transformed,site_point,538434,621116,EPSG:2157,,2025-02-28,70000,https://www.limerick.ie/sites/default/files/media/documents/2026-03/derelict-site-register-2026.pdf,2026-03-01,2026-08-08,PDF,pdf_table_extraction,structured_pdf_auto
IE-DS-c698f907679adb,Limerick City and County Council,DS-117-23,"Rochestown, Fedamore, Co. Limerick",Detached cottage,V35 T771,52.5651439,-8.5526618,authority_supplied_itm_transformed,site_point,562531,646125,EPSG:2157,,2025-03-31,60000,https://www.limerick.ie/sites/default/files/media/documents/2026-03/derelict-site-register-2026.pdf,2026-03-01,2026-08-08,PDF,pdf_table_extraction,structured_pdf_auto
IE-DS-20ac578b32998c,Limerick City and County Council,DS-131-23,"Main Street, Patrickswell, Co. Limerick",two-storey Former Retail Unit,V94 WK13,52.5974464,-8.7082197,authority_supplied_itm_transformed,site_point,552020,649811,EPSG:2157,,2025-03-31,130000,https://www.limerick.ie/sites/default/files/media/documents/2026-03/derelict-site-register-2026.pdf,2026-03-01,2026-08-08,PDF,pdf_table_extraction,structured_pdf_auto
IE-DS-1cf8e71edbcefd,Limerick City and County Council,DS-023-24,"Towerview, 6 Glenview Avenue, Farranshone, Limerick",Detached Single Storey Residence,V94 C2DV,52.6700709,-8.6336036,authority_supplied_itm_transformed,site_point,557146,657844,EPSG:2157,,2025-03-31,250000,https://www.limerick.ie/sites/default/files/media/documents/2026-03/derelict-site-register-2026.pdf,2026-03-01,2026-08-08,PDF,pdf_table_extraction,structured_pdf_auto
IE-DS-3598f72f009f1e,Limerick City and County Council,DS-055-24,"Rigisifi, 223 Ballinacurra Gardens, Limerick",Two Storey semi-detached residence,V94 AXR4,52.6438963,-8.6321466,authority_supplied_itm_transformed,site_point,557219,654931,EPSG:2157,,2025-03-31,307000,https://www.limerick.ie/sites/default/files/media/documents/2026-03/derelict-site-register-2026.pdf,2026-03-01,2026-08-08,PDF,pdf_table_extraction,structured_pdf_auto
IE-DS-c84426b19b2b3a,Limerick City and County Council,DS-068-23,"Main Street, Castleconnell, Co. Limerick",Dormer Bungalow,V94 VY2D,52.7140433,-8.5015868,authority_supplied_itm_transformed,site_point,566109,662666,EPSG:2157,,2025-04-01,180000,https://www.limerick.ie/sites/default/files/media/documents/2026-03/derelict-site-register-2026.pdf,2026-03-01,2026-08-08,PDF,pdf_table_extraction,structured_pdf_auto
IE-DS-825f92bf8c7388,Limerick City and County Council,DS-007-22,"Bishop Street, Newcastle West, Co. Limerick",Mid Terrace Single Storey Property,V42 VK72,52.4526715,-9.0583949,authority_supplied_itm_transformed,site_point,528061,633995,EPSG:2157,,2025-04-09,140000,https://www.limerick.ie/sites/default/files/media/documents/2026-03/derelict-site-register-2026.pdf,2026-03-01,2026-08-08,PDF,pdf_table_extraction,structured_pdf_auto
IE-DS-c6f1c23b53b890,Limerick City and County Council,DS-026-22,"Bishop Street, Newcastle West, Co. Limerick",Mid Terrace Two Storey Property,,52.4526349,-9.0584676,authority_supplied_itm_transformed,site_point,528056,633991,EPSG:2157,,2025-04-09,75000,https://www.limerick.ie/sites/default/files/media/documents/2026-03/derelict-site-register-2026.pdf,2026-03-01,2026-08-08,PDF,pdf_table_extraction,structured_pdf_auto
IE-DS-8a93e4871161ac,Limerick City and County Council,DS-072-21,"Arra View, Newcastle West, Co. Limerick",Unfinished Housing Development Site,,52.4436183,-9.0575601,authority_supplied_itm_transformed,site_point,528103,632987,EPSG:2157,,2025-04-22,100000,https://www.limerick.ie/sites/default/files/media/documents/2026-03/derelict-site-register-2026.pdf,2026-03-01,2026-08-08,PDF,pdf_table_extraction,structured_pdf_auto
IE-DS-648379b21c84b4,Limerick City and County Council,DS-056-23,"Knockane, Newcastle West, Co. Limerick",Mid Terrace Single Storey Property,,52.4489918,-9.0597631,authority_supplied_itm_transformed,site_point,527962,633587,EPSG:2157,,2025-04-22,135000,https://www.limerick.ie/sites/default/files/media/documents/2026-03/derelict-site-register-2026.pdf,2026-03-01,2026-08-08,PDF,pdf_table_extraction,structured_pdf_auto
IE-DS-bdac246e50f394,Limerick City and County Council,DS-041-24,"34 Wickham Street, Limerick",End of Terrace two-storey Building,,52.6613679,-8.6239136,authority_supplied_itm_transformed,site_point,557793,656870,EPSG:2157,,2025-04-09,20000,https://www.limerick.ie/sites/default/files/media/documents/2026-03/derelict-site-register-2026.pdf,2026-03-01,2026-08-08,PDF,pdf_table_extraction,structured_pdf_auto
IE-DS-c2705cf62f245a,Limerick City and County Council,DS-071-24,"36 Sheelin Road, Caherdavin, Limerick",Semi-Detached two-storey Residence,V94 F72P,52.6736867,-8.6643233,authority_supplied_itm_transformed,site_point,555072,658265,EPSG:2157,,2025-04-22,230000,https://www.limerick.ie/sites/default/files/media/documents/2026-03/derelict-site-register-2026.pdf,2026-03-01,2026-08-08,PDF,pdf_table_extraction,structured_pdf_auto
IE-DS-058256b3d04a9e,Limerick City and County Council,DS-072-24,"38 Sheelin Road, Caherdavin, Limerick",Semi-Detached two-storey Residence,V94 E7TP,52.6736334,-8.6642042,authority_supplied_itm_transformed,site_point,555080,658259,EPSG:2157,,2025-04-22,230000,https://www.limerick.ie/sites/default/files/media/documents/2026-03/derelict-site-register-2026.pdf,2026-03-01,2026-08-08,PDF,pdf_table_extraction,structured_pdf_auto
IE-DS-0f532f339f9be2,Limerick City and County Council,DS-078-24,"The Bridge, Ballingarry, Co. Limerick",Semi-Detached two-storey Residence,V94 E2HY,52.474612,-8.8637631,authority_supplied_itm_transformed,site_point,541319,636260,EPSG:2157,,2025-04-22,60000,https://www.limerick.ie/sites/default/files/media/documents/2026-03/derelict-site-register-2026.pdf,2026-03-01,2026-08-08,PDF,pdf_table_extraction,structured_pdf_auto
IE-DS-e010be79f1aa9c,Limerick City and County Council,DS-063-24,"The Worrall's Inn, Main Street, Castleconnell, Co. Limerick",Two storey former commercial premises,,52.713607,-8.500605,authority_supplied_itm_transformed,site_point,566175,662617,EPSG:2157,,2025-05-16,250000,https://www.limerick.ie/sites/default/files/media/documents/2026-03/derelict-site-register-2026.pdf,2026-03-01,2026-08-08,PDF,pdf_table_extraction,structured_pdf_auto
IE-DS-cb9118b0fec550,Limerick City and County Council,DS-099-24,"Knockbrien, Ballyneety, Co. Limerick",Detached single storey cottage,,52.596547,-8.5530126,authority_supplied_itm_transformed,site_point,562534,649619,EPSG:2157,,2025-05-16,70000,https://www.limerick.ie/sites/default/files/media/documents/2026-03/derelict-site-register-2026.pdf,2026-03-01,2026-08-08,PDF,pdf_table_extraction,structured_pdf_auto
IE-DS-be6e25f4b9830e,Limerick City and County Council,DS-123-21,"6 Arlington Villas, Mulgrave Street, Limerick",Mid Terrace single storey,V94 K3VN,52.6591345,-8.6144215,authority_supplied_itm_transformed,site_point,558433,656616,EPSG:2157,,2025-06-03,185000,https://www.limerick.ie/sites/default/files/media/documents/2026-03/derelict-site-register-2026.pdf,2026-03-01,2026-08-08,PDF,pdf_table_extraction,structured_pdf_auto
IE-DS-fdf17c30b8a222,Limerick City and County Council,DS-103-20,"Ballymacreese, Ballyneety, Co. Limerick",Single storey cottage & surrounding land,V94 85R2,52.5875624,-8.5444878,authority_supplied_itm_transformed,site_point,563104,648615,EPSG:2157,,2025-06-13,55000,https://www.limerick.ie/sites/default/files/media/documents/2026-03/derelict-site-register-2026.pdf,2026-03-01,2026-08-08,PDF,pdf_table_extraction,structured_pdf_auto
IE-DS-2a611645322d0e,Limerick City and County Council,DS-009-23,"John's Street, Limerick",Former Off-Licence premises,V94 PW66,52.6636448,-8.6182101,authority_supplied_itm_transformed,site_point,558181,657120,EPSG:2157,,2025-06-13,100000,https://www.limerick.ie/sites/default/files/media/documents/2026-03/derelict-site-register-2026.pdf,2026-03-01,2026-08-08,PDF,pdf_table_extraction,structured_pdf_auto
IE-DS-7b437cb0407ca6,Limerick City and County Council,DS-087-24,"Cragmore, Askeaton, Co. Limerick",Bungalow and surrounding land,V94 E5WD,52.5993072,-8.9574414,authority_supplied_itm_transformed,site_point,535139,650213,EPSG:2157,,2025-06-13,55000,https://www.limerick.ie/sites/default/files/media/documents/2026-03/derelict-site-register-2026.pdf,2026-03-01,2026-08-08,PDF,pdf_table_extraction,structured_pdf_auto
IE-DS-e7927155729bb8,Limerick City and County Council,DS-103-23,"Ballysteen, Co. Limerick V94 X8DY",Cottage and outbuildings,V94 X8DY,52.6463174,-8.9528523,authority_supplied_itm_transformed,site_point,535519,655439,EPSG:2157,,2025-07-29,70000,https://www.limerick.ie/sites/default/files/media/documents/2026-03/derelict-site-register-2026.pdf,2026-03-01,2026-08-08,PDF,pdf_table_extraction,structured_pdf_auto
IE-DS-9724bd4fafa2d5,Limerick City and County Council,DS-026-24,"Ardmoyle, Carrigkerry, Co. Limerick",Four Mid Terrace Mixed Use unfinished Units,V94 T4A9,52.4940274,-9.1499862,authority_supplied_itm_transformed,site_point,521909,638691,EPSG:2157,,2025-07-29,75000,https://www.limerick.ie/sites/default/files/media/documents/2026-03/derelict-site-register-2026.pdf,2026-03-01,2026-08-08,PDF,pdf_table_extraction,structured_pdf_auto
IE-DS-144407351c58d0,Limerick City and County Council,DS-038-24,"38 Johnsgate Village, Limerick",Two Storey end of terrace residence,V94 YDD1,52.664644,-8.6179138,authority_supplied_itm_transformed,site_point,558202,657231,EPSG:2157,,2025-08-13,135000,https://www.limerick.ie/sites/default/files/media/documents/2026-03/derelict-site-register-2026.pdf,2026-03-01,2026-08-08,PDF,pdf_table_extraction,structured_pdf_auto
IE-DS-e2fbd6d48951d8,Limerick City and County Council,DS-050-24,"1 Silver Birch Grove, Dooradoyle Road, Limerick",Detached Residence,V94 XPF6,52.6377353,-8.6462412,authority_supplied_itm_transformed,site_point,556259,654254,EPSG:2157,,2025-08-13,520000,https://www.limerick.ie/sites/default/files/media/documents/2026-03/derelict-site-register-2026.pdf,2026-03-01,2026-08-08,PDF,pdf_table_extraction,structured_pdf_auto
IE-DS-769472b653a724,Limerick City and County Council,DS-056-24,"Upper Carey's Road, Prior's Land, Limerick",Former Community Centre,V94 X778,52.6557898,-8.6198139,authority_supplied_itm_transformed,site_point,558065,656247,EPSG:2157,,2025-08-13,150000,https://www.limerick.ie/sites/default/files/media/documents/2026-03/derelict-site-register-2026.pdf,2026-03-01,2026-08-08,PDF,pdf_table_extraction,structured_pdf_auto
IE-DS-0d12b5e63ca852,Limerick City and County Council,DS-064-19,"Cluain Foinse, Hospital, Co. Limerick",Neglected Land,,52.4741748,-8.4263028,authority_supplied_itm_transformed,site_point,571038,635946,EPSG:2157,,2025-09-05,110000,https://www.limerick.ie/sites/default/files/media/documents/2026-03/derelict-site-register-2026.pdf,2026-03-01,2026-08-08,PDF,pdf_table_extraction,structured_pdf_auto
IE-DS-f6190318a22b5f,Limerick City and County Council,DS-073-24,"Friends of Bosnia, Roxboro Road, Limerick",Former commercial premises,,52.653388,-8.6167353,authority_supplied_itm_transformed,site_point,558271,655978,EPSG:2157,,2025-09-17,30000,https://www.limerick.ie/sites/default/files/media/documents/2026-03/derelict-site-register-2026.pdf,2026-03-01,2026-08-08,PDF,pdf_table_extraction,structured_pdf_auto
IE-DS-9884966b4737f1,Limerick City and County Council,DS-031-24,"10 Lelia Street, Limerick","Mid-terraced, two storey residence",V94 KRP1,52.6648038,-8.6165707,authority_supplied_itm_transformed,site_point,558293,657248,EPSG:2157,,2025-10-22,140000,https://www.limerick.ie/sites/default/files/media/documents/2026-03/derelict-site-register-2026.pdf,2026-03-01,2026-08-08,PDF,pdf_table_extraction,structured_pdf_auto
IE-DS-57715f3edad5d1,Limerick City and County Council,DS-090-24,"Brooklawn, Skagh, Croom, Co. Limerick",Ruinous Bungalow on neglected Land,V35 E735,52.5278343,-8.7182852,authority_supplied_itm_transformed,site_point,551261,642073,EPSG:2157,,2025-10-22,205000,https://www.limerick.ie/sites/default/files/media/documents/2026-03/derelict-site-register-2026.pdf,2026-03-01,2026-08-08,PDF,pdf_table_extraction,structured_pdf_auto
IE-DS-bd317064d44394,Limerick City and County Council,DS-016-25,"Main Street, Askeaton, Co. Limerick",Neglected Land,V94 C596,52.600265,-8.9755606,authority_supplied_itm_transformed,site_point,533913,650336,EPSG:2157,,2025-10-22,155000,https://www.limerick.ie/sites/default/files/media/documents/2026-03/derelict-site-register-2026.pdf,2026-03-01,2026-08-08,PDF,pdf_table_extraction,structured_pdf_auto
IE-DS-f875d570e4e831,Limerick City and County Council,DS-045-25,"Gortnaskehy, Tournafulla, Co. Limerick",Single Storey Cottage,V42 WK23,52.3694827,-9.1440319,authority_supplied_itm_transformed,site_point,522094,624829,EPSG:2157,,2025-10-22,70000,https://www.limerick.ie/sites/default/files/media/documents/2026-03/derelict-site-register-2026.pdf,2026-03-01,2026-08-08,PDF,pdf_table_extraction,structured_pdf_auto
IE-DS-b2ef7342977dd3,Limerick City and County Council,DS-069-25,"Abbey View, Askeaton, Co. Limerick",Neglected Land,,52.6021691,-8.9757358,authority_supplied_itm_transformed,site_point,533904,650548,EPSG:2157,,2025-10-22,40000,https://www.limerick.ie/sites/default/files/media/documents/2026-03/derelict-site-register-2026.pdf,2026-03-01,2026-08-08,PDF,pdf_table_extraction,structured_pdf_auto
IE-DS-a4d1ecbcff57cb,Limerick City and County Council,DS-070-25,"Abbey View, Askeaton, Co. Limerick",Ruinous Structure,,52.6022616,-8.9765055,authority_supplied_itm_transformed,site_point,533852,650559,EPSG:2157,,2025-10-22,30000,https://www.limerick.ie/sites/default/files/media/documents/2026-03/derelict-site-register-2026.pdf,2026-03-01,2026-08-08,PDF,pdf_table_extraction,structured_pdf_auto
IE-DS-c9d98476348531,Limerick City and County Council,DS-074-24,"Saint Mary's, Clashganniff, Shanagolden, Co. Limerick",Prefabricated detached residence,V94 E44T,52.567996,-9.0939026,authority_supplied_itm_transformed,site_point,525842,646861,EPSG:2157,,2025-11-04,75000,https://www.limerick.ie/sites/default/files/media/documents/2026-03/derelict-site-register-2026.pdf,2026-03-01,2026-08-08,PDF,pdf_table_extraction,structured_pdf_auto
IE-DS-f76ae038dc3099,Limerick City and County Council,DS-084-24,"Woodpark, Castleconnell, Co. Limerick",Dormer Cottage and surrounding lands,V94 CDT1,52.7058796,-8.4936358,authority_supplied_itm_transformed,site_point,566640,661754,EPSG:2157,,2025-11-04,160000,https://www.limerick.ie/sites/default/files/media/documents/2026-03/derelict-site-register-2026.pdf,2026-03-01,2026-08-08,PDF,pdf_table_extraction,structured_pdf_auto
IE-DS-d45bcd9e1416d4,Limerick City and County Council,DS-078-25,"Castlequarter, Fedamore, Co. Limerick",Two-storey detached house with garage,V35 TX67,52.5465549,-8.5973378,authority_supplied_itm_transformed,site_point,559485,644081,EPSG:2157,,2025-11-04,165000,https://www.limerick.ie/sites/default/files/media/documents/2026-03/derelict-site-register-2026.pdf,2026-03-01,2026-08-08,PDF,pdf_table_extraction,structured_pdf_auto
IE-DS-4937d6d206b356,Limerick City and County Council,DS-013-25,"61 Griffith Avenue, Ballinacurra Weston, Limerick",Mid Terrace two-storey Residence,V94 APK2,52.6477003,-8.6300735,authority_supplied_itm_transformed,site_point,557363,655353,EPSG:2157,,2025-11-12,150000,https://www.limerick.ie/sites/default/files/media/documents/2026-03/derelict-site-register-2026.pdf,2026-03-01,2026-08-08,PDF,pdf_table_extraction,structured_pdf_auto
IE-DS-83e063729d2d02,Limerick City and County Council,DS-175-22,"Main Street, Kilfinane, Co. Limerick",Two Storey Mixed Use premises,V35 PY80,52.3589066,-8.4692361,authority_supplied_itm_transformed,site_point,568038,623140,EPSG:2157,,2025-12-10,120000,https://www.limerick.ie/sites/default/files/media/documents/2026-03/derelict-site-register-2026.pdf,2026-03-01,2026-08-08,PDF,pdf_table_extraction,structured_pdf_auto
IE-DS-c81394af0ef959,Limerick City and County Council,DS-150-20,"Sunglen, Old Pallas, Pallasgreen, Co. Limerick",Two no. former residential dwellings,,,,not_available,not_available,,,,,2026-01-28,,https://www.limerick.ie/sites/default/files/media/documents/2026-03/derelict-site-register-2026.pdf,2026-03-01,2026-08-08,PDF,pdf_table_extraction,structured_pdf_auto
IE-DS-f6faffb454025f,Limerick City and County Council,DS-011-24,"Main Street, Bruff, Co. Limerick",Two Storey Terraced Property,V35 R3H7,,,not_available,not_available,,,,,2026-01-28,,https://www.limerick.ie/sites/default/files/media/documents/2026-03/derelict-site-register-2026.pdf,2026-03-01,2026-08-08,PDF,pdf_table_extraction,structured_pdf_auto
IE-DS-8dfa2561fd9b03,Limerick City and County Council,DS-071-25,"8 Nicker Street, Pallasgreen, Co. Limerick",Residential dwelling,V94 Y5AK,,,not_available,not_available,,,,,2026-01-28,,https://www.limerick.ie/sites/default/files/media/documents/2026-03/derelict-site-register-2026.pdf,2026-03-01,2026-08-08,PDF,pdf_table_extraction,structured_pdf_auto
IE-DS-4a89f3014b627f,Limerick City and County Council,DS-111-25,"72 Abbey Vale, Corbally, Limerick",Semi-Detached Two Storey House,V94 DPY7,,,not_available,not_available,,,,,2026-01-28,,https://www.limerick.ie/sites/default/files/media/documents/2026-03/derelict-site-register-2026.pdf,2026-03-01,2026-08-08,PDF,pdf_table_extraction,structured_pdf_auto
IE-DS-7ae7090a559750,Limerick City and County Council,DS-087-25,"16 Pinewood, Caherdavin, Limerick",Two Storey Semi Detached,V94 RHC0,,,not_available,not_available,,,,,2026-01-28,,https://www.limerick.ie/sites/default/files/media/documents/2026-03/derelict-site-register-2026.pdf,2026-03-01,2026-08-08,PDF,pdf_table_extraction,structured_pdf_auto
IE-DS-eba39c865227eb,Limerick City and County Council,DS-050-25,"74 Glanntán (First & Second Floor Duplex Unit), Golf Links Road, Castletroy, Limerick",Fire Damaged First & Second Floor Duplex Unit (No. 74),,,,not_available,not_available,,,,,2026-01-30,,https://www.limerick.ie/sites/default/files/media/documents/2026-03/derelict-site-register-2026.pdf,2026-03-01,2026-08-08,PDF,pdf_table_extraction,structured_pdf_auto
IE-DS-d4456c296b93fd,Limerick City and County Council,DS-100-22,"Hassetts Cross, Limerick",Former Public House,V94 FT95,,,not_available,not_available,,,,,2026-02-13,,https://www.limerick.ie/sites/default/files/media/documents/2026-03/derelict-site-register-2026.pdf,2026-03-01,2026-08-08,PDF,pdf_table_extraction,structured_pdf_auto
IE-DS-404fec02ea11d7,Limerick City and County Council,DS-019-24,"Upper Main Street, Rathkeale, Co. Limerick",Three Storey Terraced Property,V94 F8NE,,,not_available,not_available,,,,,2026-02-17,,https://www.limerick.ie/sites/default/files/media/documents/2026-03/derelict-site-register-2026.pdf,2026-03-01,2026-08-08,PDF,pdf_table_extraction,structured_pdf_auto
IE-DS-0e0944176576ec,Limerick City and County Council,DS-057-25,"Main Street, Rathkeale, Co. Limerick",End of Terrace Property - Former Post Office,V94 H76W,,,not_available,not_available,,,,,2026-02-17,,https://www.limerick.ie/sites/default/files/media/documents/2026-03/derelict-site-register-2026.pdf,2026-03-01,2026-08-08,PDF,pdf_table_extraction,structured_pdf_auto
IE-DS-4fff843733e19b,Limerick City and County Council,DS-058-25,"Main Street, Rathkeale, Co. Limerick",End of Terrace Property - Rear of former Post Office,,,,not_available,not_available,,,,,2026-02-17,,https://www.limerick.ie/sites/default/files/media/documents/2026-03/derelict-site-register-2026.pdf,2026-03-01,2026-08-08,PDF,pdf_table_extraction,structured_pdf_auto
IE-DS-bf9bd7c67eb3c5,Limerick City and County Council,DS-080-25,"Church Street, Dromcollogher, Co. Limerick",Two Storey Semi-Detached Property,,,,not_available,not_available,,,,,2026-02-17,,https://www.limerick.ie/sites/default/files/media/documents/2026-03/derelict-site-register-2026.pdf,2026-03-01,2026-08-08,PDF,pdf_table_extraction,structured_pdf_auto
IE-DS-7d0b76ed157d5f,Limerick City and County Council,DS-076-23,"Old Road, Oolahills West, Oola, Co. Limerick",Semi-Detached Cottage & Outhouse,,,,not_available,not_available,,,,,2026-03-06,,https://www.limerick.ie/sites/default/files/media/documents/2026-03/derelict-site-register-2026.pdf,2026-03-01,2026-08-08,PDF,pdf_table_extraction,structured_pdf_auto
IE-DS-3a051ea51f208b,Limerick City and County Council,DS-081-25,"Ballycormack, Shanagolden, Co. Limerick",Vacant & Detached Bungalow with Surrounding Land,V94 Y0HN,,,not_available,not_available,,,,,2026-03-06,,https://www.limerick.ie/sites/default/files/media/documents/2026-03/derelict-site-register-2026.pdf,2026-03-01,2026-08-08,PDF,pdf_table_extraction,structured_pdf_auto
IE-DS-1370eaa769ba22,Limerick City and County Council,DS-098-25,"Dublin Road/Hillcroft Site, Limerick",Derelict Overgrown Site,,,,not_available,not_available,,,,,2026-03-24,,https://www.limerick.ie/sites/default/files/media/documents/2026-03/derelict-site-register-2026.pdf,2026-03-01,2026-08-08,PDF,pdf_table_extraction,structured_pdf_auto
IE-DS-b9f6286a03ee82,Limerick City and County Council,DS-005-25,"Tierney's, Roxboro Stores, Roxboro Road, Priors Land, Limerick",Derelict Commercial Building,V94 XWX3,,,not_available,not_available,,,,,2026-03-24,,https://www.limerick.ie/sites/default/files/media/documents/2026-03/derelict-site-register-2026.pdf,2026-03-01,2026-08-08,PDF,pdf_table_extraction,structured_pdf_auto
IE-DS-7ef90163d4a808,Limerick City and County Council,DS-025-25,"Cuirt na hAbhainn, Clarina, Co. Limerick",Unfinished Housing Development,,,,not_available,not_available,,,,,2026-03-27,,https://www.limerick.ie/sites/default/files/media/documents/2026-03/derelict-site-register-2026.pdf,2026-03-01,2026-08-08,PDF,pdf_table_extraction,structured_pdf_auto
IE-DS-ce42b4ce941d01,Limerick City and County Council,DS-074-23,"Barna, Pallasgreen, Co. Limerick",Detached Single Storey Dwelling,V94 D9FH,,,not_available,not_available,,,,,2026-04-10,,https://www.limerick.ie/sites/default/files/media/documents/2026-03/derelict-site-register-2026.pdf,2026-03-01,2026-08-08,PDF,pdf_table_extraction,structured_pdf_auto
IE-DS-f9126200ab86c9,Limerick City and County Council,DS-022-24,"4 Main Street, Bruree, Limerick",Mid Terrace Single Storey Unit,V35 F210,,,not_available,not_available,,,,,2026-04-10,,https://www.limerick.ie/sites/default/files/media/documents/2026-03/derelict-site-register-2026.pdf,2026-03-01,2026-08-08,PDF,pdf_table_extraction,structured_pdf_auto
IE-DS-50b00cd820ae7f,Limerick City and County Council,DS-029-20,"Main Street, Patrickswell, Co. Limerick",Neglected Land,,,,not_available,not_available,,,,,2026-04-28,,https://www.limerick.ie/sites/default/files/media/documents/2026-03/derelict-site-register-2026.pdf,2026-03-01,2026-08-08,PDF,pdf_table_extraction,structured_pdf_auto
IE-DS-ef4d86a56b54df,Limerick City and County Council,DS-127-22,"Pallas, Kilmeedy, Co. Limerick",Dwelling House,V42 W682,,,not_available,not_available,,,,,2026-05-15,,https://www.limerick.ie/sites/default/files/media/documents/2026-03/derelict-site-register-2026.pdf,2026-03-01,2026-08-08,PDF,pdf_table_extraction,structured_pdf_auto
IE-DS-52314a72f2751a,Limerick City and County Council,DS-025-26,"Carrowkeel, Lisnagry, Co. Limerick",Detached Bungalow & Surrounding land,V94 RWF9,,,not_available,not_available,,,,,2026-05-15,,https://www.limerick.ie/sites/default/files/media/documents/2026-03/derelict-site-register-2026.pdf,2026-03-01,2026-08-08,PDF,pdf_table_extraction,structured_pdf_auto
IE-DS-353f4c57859b53,Louth County Council,DS 509,34 Quay St. Dundalk (Former Danny Boys B,,,,,not_available,not_available,,,,,2021-11-12,140000,https://www.louthcoco.ie/media/jtmhrz14/derelict-sites-register-updated-4-june-2026.pdf,2026-06-04,2026-08-08,PDF,pdf_table_extraction,structured_pdf_auto_needs_spotcheck
IE-DS-f31fa4048c90e8,Louth County Council,DS 540,"Former NV Niteclub, Carrickcarnon, Co. Lo",,,,,not_available,not_available,,,,,2022-06-10,450000,https://www.louthcoco.ie/media/jtmhrz14/derelict-sites-register-updated-4-june-2026.pdf,2026-06-04,2026-08-08,PDF,pdf_table_extraction,structured_pdf_auto_needs_spotcheck
IE-DS-3d025888505803,Louth County Council,DS 596,"74-76 West Street, Drogheda",,,,,not_available,not_available,,,,,2023-01-23,200000,https://www.louthcoco.ie/media/jtmhrz14/derelict-sites-register-updated-4-june-2026.pdf,2026-06-04,2026-08-08,PDF,pdf_table_extraction,structured_pdf_auto_needs_spotcheck
IE-DS-a17c0488b983ec,Louth County Council,DS 578,"13 Trinity Street, Drogheda",,,,,not_available,not_available,,,,,2023-01-25,80000,https://www.louthcoco.ie/media/jtmhrz14/derelict-sites-register-updated-4-june-2026.pdf,2026-06-04,2026-08-08,PDF,pdf_table_extraction,structured_pdf_auto_needs_spotcheck
IE-DS-6d8ec4d98baf59,Louth County Council,DS 630,"Mullach Alainn, Omeath",,,,,not_available,not_available,,,,,2023-01-31,450000,https://www.louthcoco.ie/media/jtmhrz14/derelict-sites-register-updated-4-june-2026.pdf,2026-06-04,2026-08-08,PDF,pdf_table_extraction,structured_pdf_auto_needs_spotcheck
IE-DS-990bc71f245953,Louth County Council,DS 571,"34 Ship Street, Drogheda",,,,,not_available,not_available,,,,,2023-02-03,15000,https://www.louthcoco.ie/media/jtmhrz14/derelict-sites-register-updated-4-june-2026.pdf,2026-06-04,2026-08-08,PDF,pdf_table_extraction,structured_pdf_auto_needs_spotcheck
IE-DS-a72041cfc15e53,Louth County Council,DS 584,"Former Bank, 3 Marsh Road, Drogheda",,,,,not_available,not_available,,,,,2023-02-03,70000,https://www.louthcoco.ie/media/jtmhrz14/derelict-sites-register-updated-4-june-2026.pdf,2026-06-04,2026-08-08,PDF,pdf_table_extraction,structured_pdf_auto_needs_spotcheck
IE-DS-fed6a68bb53bf8,Louth County Council,DS 604,"3 Mill Lane, Drogheda",,,,,not_available,not_available,,,,,2023-02-03,,https://www.louthcoco.ie/media/jtmhrz14/derelict-sites-register-updated-4-june-2026.pdf,2026-06-04,2026-08-08,PDF,pdf_table_extraction,structured_pdf_auto_needs_spotcheck
IE-DS-982adaf6a53ffa,Louth County Council,DS 605,"6 Mill Lane, Drogheda",,,,,not_available,not_available,,,,,2023-02-03,,https://www.louthcoco.ie/media/jtmhrz14/derelict-sites-register-updated-4-june-2026.pdf,2026-06-04,2026-08-08,PDF,pdf_table_extraction,structured_pdf_auto_needs_spotcheck
IE-DS-a27d8ff5e579f2,Louth County Council,DS 606,"7 Mill Lane, Drogheda",,,,,not_available,not_available,,,,,2023-02-03,50000,https://www.louthcoco.ie/media/jtmhrz14/derelict-sites-register-updated-4-june-2026.pdf,2026-06-04,2026-08-08,PDF,pdf_table_extraction,structured_pdf_auto_needs_spotcheck
IE-DS-8a8f7cec6f1298,Louth County Council,DS 608,"9 Mill Lane, Drogheda",,,,,not_available,not_available,,,,,2023-02-03,,https://www.louthcoco.ie/media/jtmhrz14/derelict-sites-register-updated-4-june-2026.pdf,2026-06-04,2026-08-08,PDF,pdf_table_extraction,structured_pdf_auto_needs_spotcheck
IE-DS-5d780f37f8be8a,Louth County Council,DS 609,"10 Mill Lane, Drogheda",,,,,not_available,not_available,,,,,2023-02-03,,https://www.louthcoco.ie/media/jtmhrz14/derelict-sites-register-updated-4-june-2026.pdf,2026-06-04,2026-08-08,PDF,pdf_table_extraction,structured_pdf_auto_needs_spotcheck
IE-DS-d8dde627d7f4ba,Louth County Council,DS 610,"11 Mill Lane, Drogheda",,,,,not_available,not_available,,,,,2023-02-03,,https://www.louthcoco.ie/media/jtmhrz14/derelict-sites-register-updated-4-june-2026.pdf,2026-06-04,2026-08-08,PDF,pdf_table_extraction,structured_pdf_auto_needs_spotcheck
IE-DS-e4e4fa44a2ebec,Louth County Council,DS 611,"Apartment 7 Mill Lane, Drogheda",,,,,not_available,not_available,,,,,2023-02-03,,https://www.louthcoco.ie/media/jtmhrz14/derelict-sites-register-updated-4-june-2026.pdf,2026-06-04,2026-08-08,PDF,pdf_table_extraction,structured_pdf_auto_needs_spotcheck
IE-DS-94eaeae61e16ab,Louth County Council,DS 612,"Apartment 7a Mill Lane, Drogheda",,,,,not_available,not_available,,,,,2023-02-03,,https://www.louthcoco.ie/media/jtmhrz14/derelict-sites-register-updated-4-june-2026.pdf,2026-06-04,2026-08-08,PDF,pdf_table_extraction,structured_pdf_auto_needs_spotcheck
IE-DS-35224399ef1595,Louth County Council,DS 623,"8 St Laurence Street, Drogheda",,,,,not_available,not_available,,,,,2023-02-03,150000,https://www.louthcoco.ie/media/jtmhrz14/derelict-sites-register-updated-4-june-2026.pdf,2026-06-04,2026-08-08,PDF,pdf_table_extraction,structured_pdf_auto_needs_spotcheck
IE-DS-d57a5035938907,Louth County Council,DS 624,"9 St Laurence Street, Drogheda",,,,,not_available,not_available,,,,,2023-02-03,250000,https://www.louthcoco.ie/media/jtmhrz14/derelict-sites-register-updated-4-june-2026.pdf,2026-06-04,2026-08-08,PDF,pdf_table_extraction,structured_pdf_auto_needs_spotcheck
IE-DS-17aaed536c159c,Louth County Council,DS 616,"43-44 West Street, Drogheda",,,,,not_available,not_available,,,,,2023-02-22,200000,https://www.louthcoco.ie/media/jtmhrz14/derelict-sites-register-updated-4-june-2026.pdf,2026-06-04,2026-08-08,PDF,pdf_table_extraction,structured_pdf_auto_needs_spotcheck
IE-DS-5cf5ae149b8bdb,Louth County Council,DS 621,"4 Stockwell Street, Drogheda",,,,,not_available,not_available,,,,,2023-02-23,80000,https://www.louthcoco.ie/media/jtmhrz14/derelict-sites-register-updated-4-june-2026.pdf,2026-06-04,2026-08-08,PDF,pdf_table_extraction,structured_pdf_auto_needs_spotcheck
IE-DS-7a82f6a9e79b91,Louth County Council,DS 477,"52 Narrow West St, Drogheda",,,,,not_available,not_available,,,,,2023-06-06,70000,https://www.louthcoco.ie/media/jtmhrz14/derelict-sites-register-updated-4-june-2026.pdf,2026-06-04,2026-08-08,PDF,pdf_table_extraction,structured_pdf_auto_needs_spotcheck
IE-DS-61d5633c4207df,Louth County Council,DS 478,"51 Narrow West St, Drogheda",,,,,not_available,not_available,,,,,2023-06-06,150000,https://www.louthcoco.ie/media/jtmhrz14/derelict-sites-register-updated-4-june-2026.pdf,2026-06-04,2026-08-08,PDF,pdf_table_extraction,structured_pdf_auto_needs_spotcheck
IE-DS-7461a497eb1338,Louth County Council,DS 479,"50 Narrow West St, Drogheda",,,,,not_available,not_available,,,,,2023-06-06,100000,https://www.louthcoco.ie/media/jtmhrz14/derelict-sites-register-updated-4-june-2026.pdf,2026-06-04,2026-08-08,PDF,pdf_table_extraction,structured_pdf_auto_needs_spotcheck
IE-DS-7061fcf93b5713,Louth County Council,DS 480,"49 Narrow West St, Drogheda",,,,,not_available,not_available,,,,,2023-06-06,90000,https://www.louthcoco.ie/media/jtmhrz14/derelict-sites-register-updated-4-june-2026.pdf,2026-06-04,2026-08-08,PDF,pdf_table_extraction,structured_pdf_auto_needs_spotcheck
IE-DS-80b9ec7849bf0a,Louth County Council,DS 481,"48 Narrow West St, Drogheda",,,,,not_available,not_available,,,,,2023-06-06,70000,https://www.louthcoco.ie/media/jtmhrz14/derelict-sites-register-updated-4-june-2026.pdf,2026-06-04,2026-08-08,PDF,pdf_table_extraction,structured_pdf_auto_needs_spotcheck
IE-DS-ccd693014b8e76,Louth County Council,DS 485,14 Trinity St Drogheda,,,,,not_available,not_available,,,,,2023-08-08,125000,https://www.louthcoco.ie/media/jtmhrz14/derelict-sites-register-updated-4-june-2026.pdf,2026-06-04,2026-08-08,PDF,pdf_table_extraction,structured_pdf_auto_needs_spotcheck
IE-DS-32009ef3808e90,Louth County Council,DS 514,15 Trinity St Drogheda,,,,,not_available,not_available,,,,,2023-08-08,150000,https://www.louthcoco.ie/media/jtmhrz14/derelict-sites-register-updated-4-june-2026.pdf,2026-06-04,2026-08-08,PDF,pdf_table_extraction,structured_pdf_auto_needs_spotcheck
IE-DS-83d50be7c4a9a4,Louth County Council,DS 562,17 Ship St Drogheda,,,,,not_available,not_available,,,,,2023-08-08,,https://www.louthcoco.ie/media/jtmhrz14/derelict-sites-register-updated-4-june-2026.pdf,2026-06-04,2026-08-08,PDF,pdf_table_extraction,structured_pdf_auto_needs_spotcheck
IE-DS-83dadf08c0afae,Louth County Council,DS 2023 001,"83 Strand Street, Clogherhead",,,,,not_available,not_available,,,,,2024-03-11,120000,https://www.louthcoco.ie/media/jtmhrz14/derelict-sites-register-updated-4-june-2026.pdf,2026-06-04,2026-08-08,PDF,pdf_table_extraction,structured_pdf_auto_needs_spotcheck
IE-DS-bdcb90af4a8489,Louth County Council,DS 2023 010,"Allwell House/Duke House, Duke St, Drogheda",,,,,not_available,not_available,,,,,2025-07-07,250000,https://www.louthcoco.ie/media/jtmhrz14/derelict-sites-register-updated-4-june-2026.pdf,2026-06-04,2026-08-08,PDF,pdf_table_extraction,structured_pdf_auto_needs_spotcheck
IE-DS-88ff1bc1e5afa4,Louth County Council,DS 2023 016,"35 Irish Street, Ardee",,,,,not_available,not_available,,,,,2024-03-11,150000,https://www.louthcoco.ie/media/jtmhrz14/derelict-sites-register-updated-4-june-2026.pdf,2026-06-04,2026-08-08,PDF,pdf_table_extraction,structured_pdf_auto_needs_spotcheck
IE-DS-b6882c76cff619,Louth County Council,DS 2023 047,"Bridge Street, Ardee A92 K67D",,A92 K67D,,,not_available,not_available,,,,,2024-03-11,150000,https://www.louthcoco.ie/media/jtmhrz14/derelict-sites-register-updated-4-june-2026.pdf,2026-06-04,2026-08-08,PDF,pdf_table_extraction,structured_pdf_auto_needs_spotcheck
IE-DS-ea615bdcebf363,Louth County Council,DS 2023 048,"Hale Street, Ardee",,,,,not_available,not_available,,,,,2024-03-11,200000,https://www.louthcoco.ie/media/jtmhrz14/derelict-sites-register-updated-4-june-2026.pdf,2026-06-04,2026-08-08,PDF,pdf_table_extraction,structured_pdf_auto_needs_spotcheck
IE-DS-1f7ae359c5070d,Louth County Council,DS 568,"26 Ship Street, Drogheda, Co Louth",,,,,not_available,not_available,,,,,2023-03-10,,https://www.louthcoco.ie/media/jtmhrz14/derelict-sites-register-updated-4-june-2026.pdf,2026-06-04,2026-08-08,PDF,pdf_table_extraction,structured_pdf_auto_needs_spotcheck
IE-DS-e5a81334af4ef9,Louth County Council,DS 627,"33 Seatown Place, Dundalk A91 E7V7",,A91 E7V7,,,not_available,not_available,,,,,2024-03-14,300000,https://www.louthcoco.ie/media/jtmhrz14/derelict-sites-register-updated-4-june-2026.pdf,2026-06-04,2026-08-08,PDF,pdf_table_extraction,structured_pdf_auto_needs_spotcheck
IE-DS-d50430e3483c92,Louth County Council,DS 187,"Main Street, Castlebellingham",,,,,not_available,not_available,,,,,2024-04-10,175000,https://www.louthcoco.ie/media/jtmhrz14/derelict-sites-register-updated-4-june-2026.pdf,2026-06-04,2026-08-08,PDF,pdf_table_extraction,structured_pdf_auto_needs_spotcheck
IE-DS-227fbe3e6bd249,Louth County Council,DS 2023 041,"33 Irish Street, Ardee",,,,,not_available,not_available,,,,,2024-05-21,250000,https://www.louthcoco.ie/media/jtmhrz14/derelict-sites-register-updated-4-june-2026.pdf,2026-06-04,2026-08-08,PDF,pdf_table_extraction,structured_pdf_auto_needs_spotcheck
IE-DS-b4784ae2c2b05d,Louth County Council,DS 2023 058,"Viki's Motors, Dublin Road , Dundalk, ,",,,,,not_available,not_available,,,,,2024-05-21,125000,https://www.louthcoco.ie/media/jtmhrz14/derelict-sites-register-updated-4-june-2026.pdf,2026-06-04,2026-08-08,PDF,pdf_table_extraction,structured_pdf_auto_needs_spotcheck
IE-DS-d62d9b38d5e8e1,Louth County Council,DS 2023 046,"Irish Street, Ardee",,,,,not_available,not_available,,,,,2024-10-24,300000,https://www.louthcoco.ie/media/jtmhrz14/derelict-sites-register-updated-4-june-2026.pdf,2026-06-04,2026-08-08,PDF,pdf_table_extraction,structured_pdf_auto_needs_spotcheck
IE-DS-3254b2e3d06558,Louth County Council,DS 2024 020,"Philipstown, Co Louth",,,,,not_available,not_available,,,,,2024-10-24,50000,https://www.louthcoco.ie/media/jtmhrz14/derelict-sites-register-updated-4-june-2026.pdf,2026-06-04,2026-08-08,PDF,pdf_table_extraction,structured_pdf_auto_needs_spotcheck
IE-DS-f8861067934718,Louth County Council,DS 588,"7 Market Street, Dundalk",,,,,not_available,not_available,,,,,2024-11-20,,https://www.louthcoco.ie/media/jtmhrz14/derelict-sites-register-updated-4-june-2026.pdf,2026-06-04,2026-08-08,PDF,pdf_table_extraction,structured_pdf_auto_needs_spotcheck
IE-DS-0b48e1fc297db9,Louth County Council,DS 589,"9 Market Street, Dundalk",,,,,not_available,not_available,,,,,2024-11-20,,https://www.louthcoco.ie/media/jtmhrz14/derelict-sites-register-updated-4-june-2026.pdf,2026-06-04,2026-08-08,PDF,pdf_table_extraction,structured_pdf_auto_needs_spotcheck
IE-DS-0f9c1e8ad9a749,Louth County Council,DS 591,"13 Market Street, Dundalk",,,,,not_available,not_available,,,,,2024-11-20,,https://www.louthcoco.ie/media/jtmhrz14/derelict-sites-register-updated-4-june-2026.pdf,2026-06-04,2026-08-08,PDF,pdf_table_extraction,structured_pdf_auto_needs_spotcheck
IE-DS-7841dabca6f5a2,Louth County Council,DS 595,"Donaghy's Mill, Drogheda",,,,,not_available,not_available,,,,,2024-12-03,620000,https://www.louthcoco.ie/media/jtmhrz14/derelict-sites-register-updated-4-june-2026.pdf,2026-06-04,2026-08-08,PDF,pdf_table_extraction,structured_pdf_auto_needs_spotcheck
IE-DS-dc24a37acd8993,Louth County Council,DS 615,"72 West Street, Drogheda",,,,,not_available,not_available,,,,,2024-12-05,175000,https://www.louthcoco.ie/media/jtmhrz14/derelict-sites-register-updated-4-june-2026.pdf,2026-06-04,2026-08-08,PDF,pdf_table_extraction,structured_pdf_auto_needs_spotcheck
IE-DS-d409ef02d66ec6,Louth County Council,DS 2023 069,"St Kevin's, Carrickmacross Rd, Dundalk",,,,,not_available,not_available,,,,,2025-01-07,125000,https://www.louthcoco.ie/media/jtmhrz14/derelict-sites-register-updated-4-june-2026.pdf,2026-06-04,2026-08-08,PDF,pdf_table_extraction,structured_pdf_auto_needs_spotcheck
IE-DS-10e4ef11d0a2b0,Louth County Council,DS 2024 005,"Former Public House, Main St, Dunleer",,,,,not_available,not_available,,,,,2025-01-07,133200,https://www.louthcoco.ie/media/jtmhrz14/derelict-sites-register-updated-4-june-2026.pdf,2026-06-04,2026-08-08,PDF,pdf_table_extraction,structured_pdf_auto_needs_spotcheck
IE-DS-e38251c3b4a23c,Louth County Council,DS 2024 026,"Cottage, Annagassan A92 WY84",,A92 WY84,,,not_available,not_available,,,,,2025-01-07,250000,https://www.louthcoco.ie/media/jtmhrz14/derelict-sites-register-updated-4-june-2026.pdf,2026-06-04,2026-08-08,PDF,pdf_table_extraction,structured_pdf_auto_needs_spotcheck
IE-DS-8e7d35120e01e3,Louth County Council,DS 2024 031,"58-62 Barrack Street, Dundalk",,,,,not_available,not_available,,,,,2025-01-08,150000,https://www.louthcoco.ie/media/jtmhrz14/derelict-sites-register-updated-4-june-2026.pdf,2026-06-04,2026-08-08,PDF,pdf_table_extraction,structured_pdf_auto_needs_spotcheck
IE-DS-fd21862afb5f2d,Louth County Council,DS 2023 025,"4 Seatown Place, Dundalk",,,,,not_available,not_available,,,,,2025-01-16,300000,https://www.louthcoco.ie/media/jtmhrz14/derelict-sites-register-updated-4-june-2026.pdf,2026-06-04,2026-08-08,PDF,pdf_table_extraction,structured_pdf_auto_needs_spotcheck
IE-DS-62a84469c5a35b,Louth County Council,DS 2024 033,"21 Williamsons Place, Dundalk",,,,,not_available,not_available,,,,,2025-01-27,125000,https://www.louthcoco.ie/media/jtmhrz14/derelict-sites-register-updated-4-june-2026.pdf,2026-06-04,2026-08-08,PDF,pdf_table_extraction,structured_pdf_auto_needs_spotcheck
IE-DS-8cb0b01d1ce096,Louth County Council,DS 2023 070,"PJ Carroll Bldg,38-39 Church St,Dundalk",,,,,not_available,not_available,,,,,2025-02-19,400000,https://www.louthcoco.ie/media/jtmhrz14/derelict-sites-register-updated-4-june-2026.pdf,2026-06-04,2026-08-08,PDF,pdf_table_extraction,structured_pdf_auto_needs_spotcheck
IE-DS-3aedb212c59576,Louth County Council,DS 2024 024,"5 St Joseph's Tce, Drogheda",,,,,not_available,not_available,,,,,2025-03-25,150000,https://www.louthcoco.ie/media/jtmhrz14/derelict-sites-register-updated-4-june-2026.pdf,2026-06-04,2026-08-08,PDF,pdf_table_extraction,structured_pdf_auto_needs_spotcheck
IE-DS-a3ce80374cbfe3,Louth County Council,DS 2023 018,"23 Francis Street, Dundalk",,,,,not_available,not_available,,,,,2025-05-01,450000,https://www.louthcoco.ie/media/jtmhrz14/derelict-sites-register-updated-4-june-2026.pdf,2026-06-04,2026-08-08,PDF,pdf_table_extraction,structured_pdf_auto_needs_spotcheck
IE-DS-b000bc71c288f3,Louth County Council,DS 2025 019,"64 Barrack Street, Dundalk, A91 E9A2",,A91 E9A2,,,not_available,not_available,,,,,2025-05-01,135000,https://www.louthcoco.ie/media/jtmhrz14/derelict-sites-register-updated-4-june-2026.pdf,2026-06-04,2026-08-08,PDF,pdf_table_extraction,structured_pdf_auto_needs_spotcheck
IE-DS-6c859023dc6e89,Louth County Council,DS 2024 044,"Ferrard House, Hacketts Cross, Clogherhea",,,,,not_available,not_available,,,,,2025-05-15,250000,https://www.louthcoco.ie/media/jtmhrz14/derelict-sites-register-updated-4-june-2026.pdf,2026-06-04,2026-08-08,PDF,pdf_table_extraction,structured_pdf_auto_needs_spotcheck
IE-DS-f4f3c19e7125c8,Louth County Council,DS 2025 003,"Abbey Shopping Centre, West St, Drogheda",,,,,not_available,not_available,,,,,2025-05-15,750000,https://www.louthcoco.ie/media/jtmhrz14/derelict-sites-register-updated-4-june-2026.pdf,2026-06-04,2026-08-08,PDF,pdf_table_extraction,structured_pdf_auto_needs_spotcheck
IE-DS-52afc6d369d628,Louth County Council,DS 2025 004,"4 Boyne Terrace, Cord Road, Drogheda",,,,,not_available,not_available,,,,,2025-05-15,195000,https://www.louthcoco.ie/media/jtmhrz14/derelict-sites-register-updated-4-june-2026.pdf,2026-06-04,2026-08-08,PDF,pdf_table_extraction,structured_pdf_auto_needs_spotcheck
IE-DS-70d698972d38ba,Louth County Council,DS 2025 010,"Spiders Web, Carrickmacross Rd, Dundalk",,,,,not_available,not_available,,,,,2025-05-15,300000,https://www.louthcoco.ie/media/jtmhrz14/derelict-sites-register-updated-4-june-2026.pdf,2026-06-04,2026-08-08,PDF,pdf_table_extraction,structured_pdf_auto_needs_spotcheck
IE-DS-ea654fc5ea0935,Louth County Council,DS 2024 040,"7 Dyer Street, Drogheda A91 N22",,,,,not_available,not_available,,,,,2025-06-30,80000,https://www.louthcoco.ie/media/jtmhrz14/derelict-sites-register-updated-4-june-2026.pdf,2026-06-04,2026-08-08,PDF,pdf_table_extraction,structured_pdf_auto_needs_spotcheck
IE-DS-f75b44df541540,Louth County Council,DS 2025 012,"7 Barrackfield, Clogherhead A92 EP92",,A92 EP92,,,not_available,not_available,,,,,2025-07-07,150000,https://www.louthcoco.ie/media/jtmhrz14/derelict-sites-register-updated-4-june-2026.pdf,2026-06-04,2026-08-08,PDF,pdf_table_extraction,structured_pdf_auto_needs_spotcheck
IE-DS-90f951f870ade8,Louth County Council,DS 2025 014,"Crossans Garage, Dublin Road, Dundalk",,,,,not_available,not_available,,,,,2025-07-07,,https://www.louthcoco.ie/media/jtmhrz14/derelict-sites-register-updated-4-june-2026.pdf,2026-06-04,2026-08-08,PDF,pdf_table_extraction,structured_pdf_auto_needs_spotcheck
IE-DS-717bb876aafa07,Louth County Council,DS 2023 013,"3 former dwellings, Brewery St, Castlebellingham",,,,,not_available,not_available,,,,,2025-08-13,400000,https://www.louthcoco.ie/media/jtmhrz14/derelict-sites-register-updated-4-june-2026.pdf,2026-06-04,2026-08-08,PDF,pdf_table_extraction,structured_pdf_auto_needs_spotcheck
IE-DS-270963392c19d1,Louth County Council,DS 2025 042,"5 St Brigid's Terrace, Dundalk Road, Dunleer",,,,,not_available,not_available,,,,,2025-08-20,150000,https://www.louthcoco.ie/media/jtmhrz14/derelict-sites-register-updated-4-june-2026.pdf,2026-06-04,2026-08-08,PDF,pdf_table_extraction,structured_pdf_auto_needs_spotcheck
IE-DS-976699bdb1f29f,Louth County Council,DS 2025 001,"4 St Mary's Road, Dundalk A91 E9RL",,A91 E9RL,,,not_available,not_available,,,,,2025-09-08,195000,https://www.louthcoco.ie/media/jtmhrz14/derelict-sites-register-updated-4-june-2026.pdf,2026-06-04,2026-08-08,PDF,pdf_table_extraction,structured_pdf_auto_needs_spotcheck
IE-DS-a464f714c4f841,Louth County Council,DS 2023 063,"Former Drg Chem Manure Wrks, Marsh Rd, Dr",,,,,not_available,not_available,,,,,,,https://www.louthcoco.ie/media/jtmhrz14/derelict-sites-register-updated-4-june-2026.pdf,2026-06-04,2026-08-08,PDF,pdf_table_extraction,structured_pdf_auto_needs_spotcheck
IE-DS-38281e4d46d492,Louth County Council,DS 625,"7 George's Street, Drogheda, Co Louth",,,,,not_available,not_available,,,,,2025-11-12,150000,https://www.louthcoco.ie/media/jtmhrz14/derelict-sites-register-updated-4-june-2026.pdf,2026-06-04,2026-08-08,PDF,pdf_table_extraction,structured_pdf_auto_needs_spotcheck
IE-DS-86c3228c9f7a03,Louth County Council,DS 2025 009,"Dublin House, Station Road, Omeath",,,,,not_available,not_available,,,,,2025-11-18,,https://www.louthcoco.ie/media/jtmhrz14/derelict-sites-register-updated-4-june-2026.pdf,2026-06-04,2026-08-08,PDF,pdf_table_extraction,structured_pdf_auto_needs_spotcheck
IE-DS-e82cba9060bbc7,Louth County Council,DS 2025 043,"6 Anne Street, Drogheda",,,,,not_available,not_available,,,,,2025-11-20,150000,https://www.louthcoco.ie/media/jtmhrz14/derelict-sites-register-updated-4-june-2026.pdf,2026-06-04,2026-08-08,PDF,pdf_table_extraction,structured_pdf_auto_needs_spotcheck
IE-DS-13bec6cd7358d7,Louth County Council,DS 2025 045,"3 Bolton Street, Drogheda",,,,,not_available,not_available,,,,,2026-01-12,,https://www.louthcoco.ie/media/jtmhrz14/derelict-sites-register-updated-4-june-2026.pdf,2026-06-04,2026-08-08,PDF,pdf_table_extraction,structured_pdf_auto_needs_spotcheck
IE-DS-703d07c1763c7d,Louth County Council,DS 2025 046,"4 Bolton Street, Drogheda",,,,,not_available,not_available,,,,,2026-01-12,,https://www.louthcoco.ie/media/jtmhrz14/derelict-sites-register-updated-4-june-2026.pdf,2026-06-04,2026-08-08,PDF,pdf_table_extraction,structured_pdf_auto_needs_spotcheck
IE-DS-32b57a7b1dce9b,Louth County Council,DS 2025 025,"Santa Barbara, Jervis Street, Ardee",,,,,not_available,not_available,,,,,2026-01-12,,https://www.louthcoco.ie/media/jtmhrz14/derelict-sites-register-updated-4-june-2026.pdf,2026-06-04,2026-08-08,PDF,pdf_table_extraction,structured_pdf_auto_needs_spotcheck
IE-DS-d0b49673ad796c,Louth County Council,DS 2023 062,"Sawmills House, Marsh Road, Drogheda",,,,,not_available,not_available,,,,,2026-03-05,,https://www.louthcoco.ie/media/jtmhrz14/derelict-sites-register-updated-4-june-2026.pdf,2026-06-04,2026-08-08,PDF,pdf_table_extraction,structured_pdf_auto_needs_spotcheck
IE-DS-fe11a97903a294,Louth County Council,DS 2026 005,"Dwelling, Drogheda Street, Collon",,,,,not_available,not_available,,,,,2026-04-13,,https://www.louthcoco.ie/media/jtmhrz14/derelict-sites-register-updated-4-june-2026.pdf,2026-06-04,2026-08-08,PDF,pdf_table_extraction,structured_pdf_auto_needs_spotcheck
IE-DS-7623d1ade24773,Louth County Council,DS 2025 057,"Dwelling, Main Street, Dunleer",,,,,not_available,not_available,,,,,2026-04-14,,https://www.louthcoco.ie/media/jtmhrz14/derelict-sites-register-updated-4-june-2026.pdf,2026-06-04,2026-08-08,PDF,pdf_table_extraction,structured_pdf_auto_needs_spotcheck
IE-DS-74246c96744ae2,Monaghan County Council,DSN 6/16,"Old Health Centre, Lower Main St, Ballybay",,,54.1263243,-6.9005884,authority_supplied_itm_transformed,site_point,671862,820257,EPSG:2157,,2016-07-28,80000,https://monaghan.ie/planning/wp-content/uploads/sites/4/2026/07/Derelict-Sites-Online-Register-July-2026.pdf,2026-07-01,2026-08-08,PDF,pdf_table_extraction,structured_pdf_auto
IE-DS-a1051a339703d6,Monaghan County Council,DSN 8/16,"Cinema Site, Fermanagh Street, Clones",,,54.1799017,-7.2323876,authority_supplied_itm_transformed,site_point,650110,825933,EPSG:2157,,2017-09-06,12000,https://monaghan.ie/planning/wp-content/uploads/sites/4/2026/07/Derelict-Sites-Online-Register-July-2026.pdf,2026-07-01,2026-08-08,PDF,pdf_table_extraction,structured_pdf_auto
IE-DS-23fc09e842d5d3,Monaghan County Council,DSN 9/16,"1 Old Cross Square, Monaghan",,,54.246932,-6.9660482,authority_supplied_itm_transformed,site_point,667387,833614,EPSG:2157,,2016-08-18,45000,https://monaghan.ie/planning/wp-content/uploads/sites/4/2026/07/Derelict-Sites-Online-Register-July-2026.pdf,2026-07-01,2026-08-08,PDF,pdf_table_extraction,structured_pdf_auto
IE-DS-fced98e474b674,Monaghan County Council,DSN 10/16,"2 Old Cross Square, Monaghan",,H18 VR02,54.2468959,-6.9660338,authority_supplied_itm_transformed,site_point,667388,833610,EPSG:2157,,2017-05-05,40000,https://monaghan.ie/planning/wp-content/uploads/sites/4/2026/07/Derelict-Sites-Online-Register-July-2026.pdf,2026-07-01,2026-08-08,PDF,pdf_table_extraction,structured_pdf_auto
IE-DS-29a233e589d528,Monaghan County Council,DSN 19/16,"Keady Road, Castleblayney, Co Monaghan",,,54.1256304,-6.7356487,authority_supplied_itm_transformed,site_point,682644,820360,EPSG:2157,,2017-12-20,70000,https://monaghan.ie/planning/wp-content/uploads/sites/4/2026/07/Derelict-Sites-Online-Register-July-2026.pdf,2026-07-01,2026-08-08,PDF,pdf_table_extraction,structured_pdf_auto
IE-DS-b5ec4abb4ddd8d,Monaghan County Council,DSN 24/16,"North Road, Monaghan, Co. Monaghan",,,54.2485721,-6.9707947,authority_supplied_itm_transformed,site_point,667075,833792,EPSG:2157,,2016-11-10,15000,https://monaghan.ie/planning/wp-content/uploads/sites/4/2026/07/Derelict-Sites-Online-Register-July-2026.pdf,2026-07-01,2026-08-08,PDF,pdf_table_extraction,structured_pdf_auto
IE-DS-3630a28921b111,Monaghan County Council,DSN 7/17,"Lennard Arms Hotel, Analore St/McCurtain St, Clones, Co. Monaghan",,H23 CF64,54.1784392,-7.2313118,authority_supplied_itm_transformed,site_point,650182,825771,EPSG:2157,,2017-09-01,40000,https://monaghan.ie/planning/wp-content/uploads/sites/4/2026/07/Derelict-Sites-Online-Register-July-2026.pdf,2026-07-01,2026-08-08,PDF,pdf_table_extraction,structured_pdf_auto
IE-DS-06063024095494,Monaghan County Council,DSN 3/18,"Coolshannagh, Monaghan (Barrack Lane)",,,54.255062,-6.9647245,authority_supplied_itm_transformed,site_point,667460,834520,EPSG:2157,,2024-04-15,240000,https://monaghan.ie/planning/wp-content/uploads/sites/4/2026/07/Derelict-Sites-Online-Register-July-2026.pdf,2026-07-01,2026-08-08,PDF,pdf_table_extraction,structured_pdf_auto
IE-DS-b099138e2efbcd,Monaghan County Council,DSN 1/20,"Main Street, Newbliss, Co. Monaghan",,H18 KH59,54.1565442,-7.1389221,authority_supplied_itm_transformed,site_point,656243,823404,EPSG:2157,,2020-11-11,40000,https://monaghan.ie/planning/wp-content/uploads/sites/4/2026/07/Derelict-Sites-Online-Register-July-2026.pdf,2026-07-01,2026-08-08,PDF,pdf_table_extraction,structured_pdf_auto
IE-DS-0de16d1d3a2f1e,Monaghan County Council,DSN 2/21,"2 Cara Street, Clones, Co. Monaghan",,,54.1789867,-7.2326343,authority_supplied_itm_transformed,site_point,650095,825831,EPSG:2157,,2022-06-16,40000,https://monaghan.ie/planning/wp-content/uploads/sites/4/2026/07/Derelict-Sites-Online-Register-July-2026.pdf,2026-07-01,2026-08-08,PDF,pdf_table_extraction,structured_pdf_auto
IE-DS-e8683e8adba07e,Monaghan County Council,DSN 4/21,"Kincora House, Newtownbutler Road, Clones, Co. Monaghan",,,54.1802053,-7.239153,authority_supplied_itm_transformed,site_point,649668,825962,EPSG:2157,,2022-04-07,120000,https://monaghan.ie/planning/wp-content/uploads/sites/4/2026/07/Derelict-Sites-Online-Register-July-2026.pdf,2026-07-01,2026-08-08,PDF,pdf_table_extraction,structured_pdf_auto
IE-DS-236d31009ea8ed,Monaghan County Council,DSN 6/21,"98 Avenue/Lower Fermanagh Street, Clones, Co. Monaghan",,H23 T927,54.1817028,-7.2344071,authority_supplied_itm_transformed,site_point,649976,826132,EPSG:2157,,2022-04-07,200000,https://monaghan.ie/planning/wp-content/uploads/sites/4/2026/07/Derelict-Sites-Online-Register-July-2026.pdf,2026-07-01,2026-08-08,PDF,pdf_table_extraction,structured_pdf_auto
IE-DS-b3179143e3a2f8,Monaghan County Council,DSN 8/21,"McCurtain Street, Clones, Co. Monaghan",,,54.1778298,-7.2315682,authority_supplied_itm_transformed,site_point,650166,825703,EPSG:2157,,2022-01-31,45000,https://monaghan.ie/planning/wp-content/uploads/sites/4/2026/07/Derelict-Sites-Online-Register-July-2026.pdf,2026-07-01,2026-08-08,PDF,pdf_table_extraction,structured_pdf_auto
IE-DS-ddc16827e29595,Monaghan County Council,DSN 2/22,"Lower Main Street, Newbliss, Co. Monaghan",,H18 FK52,54.1560874,-7.1391306,authority_supplied_itm_transformed,site_point,656230,823353,EPSG:2157,,2024-09-18,85000,https://monaghan.ie/planning/wp-content/uploads/sites/4/2026/07/Derelict-Sites-Online-Register-July-2026.pdf,2026-07-01,2026-08-08,PDF,pdf_table_extraction,structured_pdf_auto
IE-DS-388804a0a04576,Monaghan County Council,DSN 3/22,"Lower Main Street, Newbliss, Co. Monaghan",,H18 W932,54.1561773,-7.1391287,authority_supplied_itm_transformed,site_point,656230,823363,EPSG:2157,,2024-08-28,40000,https://monaghan.ie/planning/wp-content/uploads/sites/4/2026/07/Derelict-Sites-Online-Register-July-2026.pdf,2026-07-01,2026-08-08,PDF,pdf_table_extraction,structured_pdf_auto
IE-DS-20b7854638ad2d,Monaghan County Council,DSN 4/22,"Lower Main Street, Newbliss, Co. Monaghan",,H18 TE80,54.1562578,-7.1390811,authority_supplied_itm_transformed,site_point,656233,823372,EPSG:2157,,2022-06-16,40000,https://monaghan.ie/planning/wp-content/uploads/sites/4/2026/07/Derelict-Sites-Online-Register-July-2026.pdf,2026-07-01,2026-08-08,PDF,pdf_table_extraction,structured_pdf_auto
IE-DS-9b1b2b842b43b1,Monaghan County Council,DSN 7/22,"Derryveagh, Carrickroe, Co. Monaghan - Folio MN23422F",,,54.3581257,-7.0267534,authority_supplied_itm_transformed,site_point,663260,845932,EPSG:2157,,2023-03-22,290000,https://monaghan.ie/planning/wp-content/uploads/sites/4/2026/07/Derelict-Sites-Online-Register-July-2026.pdf,2026-07-01,2026-08-08,PDF,pdf_table_extraction,structured_pdf_auto
IE-DS-74effca9347c5f,Monaghan County Council,DSN 8/24,"19 Dublin St, Monaghan",,H18 E673,54.2476932,-6.9667964,authority_supplied_itm_transformed,site_point,667337,833698,EPSG:2157,,2025-03-20,135000,https://monaghan.ie/planning/wp-content/uploads/sites/4/2026/07/Derelict-Sites-Online-Register-July-2026.pdf,2026-07-01,2026-08-08,PDF,pdf_table_extraction,structured_pdf_auto
IE-DS-d06d8e4610b01d,Monaghan County Council,DSN 9/24,"47 Dublin Street, Monaghan, Co. Monaghan,",,H18 RD26,54.2478911,-6.9668222,authority_supplied_itm_transformed,site_point,667335,833720,EPSG:2157,,2025-07-16,120000,https://monaghan.ie/planning/wp-content/uploads/sites/4/2026/07/Derelict-Sites-Online-Register-July-2026.pdf,2026-07-01,2026-08-08,PDF,pdf_table_extraction,structured_pdf_auto
IE-DS-54564c475190e6,Monaghan County Council,DSN 11/24,"14 Park Street, Monaghan, Co. Monaghan",,H18 EY49,54.246806,-6.9733858,authority_supplied_itm_transformed,site_point,666909,833593,EPSG:2157,,2026-07-29,,https://monaghan.ie/planning/wp-content/uploads/sites/4/2026/07/Derelict-Sites-Online-Register-July-2026.pdf,2026-07-01,2026-08-08,PDF,pdf_table_extraction,structured_pdf_auto
IE-DS-5658327f878c7c,Monaghan County Council,DSN 17/24,"Main Street, Newbliss, Co. Monaghan",,H18 XR81,54.1574886,-7.1377848,authority_supplied_itm_transformed,site_point,656316,823510,EPSG:2157,,2024-06-12,45000,https://monaghan.ie/planning/wp-content/uploads/sites/4/2026/07/Derelict-Sites-Online-Register-July-2026.pdf,2026-07-01,2026-08-08,PDF,pdf_table_extraction,structured_pdf_auto
IE-DS-62cd89d5bffb0a,Monaghan County Council,DSN 19/24,"Scotshouse Rd, Newbliss, Co. Monaghan",,H18 FH21,54.157796,-7.1418204,authority_supplied_itm_transformed,site_point,656052,823541,EPSG:2157,,2024-06-24,110000,https://monaghan.ie/planning/wp-content/uploads/sites/4/2026/07/Derelict-Sites-Online-Register-July-2026.pdf,2026-07-01,2026-08-08,PDF,pdf_table_extraction,structured_pdf_auto
IE-DS-64b106ac392f01,Monaghan County Council,DSN 22/24,"Newtownbutler Rd, Clones, Co. Monaghan",,H23 YE20,54.1802146,-7.2392141,authority_supplied_itm_transformed,site_point,649664,825963,EPSG:2157,,2024-06-24,110000,https://monaghan.ie/planning/wp-content/uploads/sites/4/2026/07/Derelict-Sites-Online-Register-July-2026.pdf,2026-07-01,2026-08-08,PDF,pdf_table_extraction,structured_pdf_auto
IE-DS-cca1b1638190e1,Monaghan County Council,DSN 25/24,"Main Street, Ballybay, Co. Monaghan",,A75 Y193,54.1277965,-6.9023855,authority_supplied_itm_transformed,site_point,671742,820419,EPSG:2157,,2025-09-15,150000,https://monaghan.ie/planning/wp-content/uploads/sites/4/2026/07/Derelict-Sites-Online-Register-July-2026.pdf,2026-07-01,2026-08-08,PDF,pdf_table_extraction,structured_pdf_auto
IE-DS-61c1b569fffda4,Monaghan County Council,DSN 26/24,"85 Main Street Ballybay, Co. Monaghan",,A75 RK07,54.1272453,-6.9020481,authority_supplied_itm_transformed,site_point,671765,820358,EPSG:2157,,2024-07-04,65000,https://monaghan.ie/planning/wp-content/uploads/sites/4/2026/07/Derelict-Sites-Online-Register-July-2026.pdf,2026-07-01,2026-08-08,PDF,pdf_table_extraction,structured_pdf_auto
IE-DS-181aecf29f2d84,Monaghan County Council,DSN 27/24,"Muckno St, Castleblayney, Co. Monaghan",,A75 CP58,54.1219893,-6.7346428,authority_supplied_itm_transformed,site_point,682717,819956,EPSG:2157,,2024-07-03,90000,https://monaghan.ie/planning/wp-content/uploads/sites/4/2026/07/Derelict-Sites-Online-Register-July-2026.pdf,2026-07-01,2026-08-08,PDF,pdf_table_extraction,structured_pdf_auto
IE-DS-5e7400f9d4b944,Monaghan County Council,DSN 28/24,"Muckno St, Castleblayney, Co. Monaghan",,A75 DT10,54.1219265,-6.73466,authority_supplied_itm_transformed,site_point,682716,819949,EPSG:2157,,2024-09-04,95000,https://monaghan.ie/planning/wp-content/uploads/sites/4/2026/07/Derelict-Sites-Online-Register-July-2026.pdf,2026-07-01,2026-08-08,PDF,pdf_table_extraction,structured_pdf_auto
IE-DS-7d2770ddd288b2,Monaghan County Council,DSN 32/24,"Main Street Ballybay, Co Monaghan",,,54.1273749,-6.9024731,authority_supplied_itm_transformed,site_point,671737,820372,EPSG:2157,,2025-09-15,70000,https://monaghan.ie/planning/wp-content/uploads/sites/4/2026/07/Derelict-Sites-Online-Register-July-2026.pdf,2026-07-01,2026-08-08,PDF,pdf_table_extraction,structured_pdf_auto
IE-DS-69f3b54b88deaa,Monaghan County Council,DSN 34/24,"Main Street Ballybay, Co Monaghan",,A75 AY17,54.127338,-6.902367,authority_supplied_itm_transformed,site_point,671744,820368,EPSG:2157,,2025-09-15,70000,https://monaghan.ie/planning/wp-content/uploads/sites/4/2026/07/Derelict-Sites-Online-Register-July-2026.pdf,2026-07-01,2026-08-08,PDF,pdf_table_extraction,structured_pdf_auto
IE-DS-d382a6673a2a12,Monaghan County Council,DSN 36/24,"35 O’Neill Park, Clones, Co. Monaghan",,H23 RY67,54.1848213,-7.2358815,authority_supplied_itm_transformed,site_point,649876,826478,EPSG:2157,,2024-10-01,45000,https://monaghan.ie/planning/wp-content/uploads/sites/4/2026/07/Derelict-Sites-Online-Register-July-2026.pdf,2026-07-01,2026-08-08,PDF,pdf_table_extraction,structured_pdf_auto
IE-DS-a84334f402545d,Monaghan County Council,DSN 37/24,"55 O’Neill Pk, Clones, Co. Monaghan",,H23 WV07,54.1843276,-7.237392,authority_supplied_itm_transformed,site_point,649778,826422,EPSG:2157,,2025-07-01,70000,https://monaghan.ie/planning/wp-content/uploads/sites/4/2026/07/Derelict-Sites-Online-Register-July-2026.pdf,2026-07-01,2026-08-08,PDF,pdf_table_extraction,structured_pdf_auto
IE-DS-1654c0dfa16c01,Monaghan County Council,DSN 40/24,"13 Legar Cresent, Clones, Co. Monaghan",,H23 VY74,54.1770963,-7.2278902,authority_supplied_itm_transformed,site_point,650407,825624,EPSG:2157,,2025-09-18,70000,https://monaghan.ie/planning/wp-content/uploads/sites/4/2026/07/Derelict-Sites-Online-Register-July-2026.pdf,2026-07-01,2026-08-08,PDF,pdf_table_extraction,structured_pdf_auto
IE-DS-0ad9d33bbebfc9,Monaghan County Council,DSN 41/24,"Fitzpatrick Square, Newtownbutler Road, Clones, Co Monaghan",,H23 TF30,54.1812162,-7.235611,authority_supplied_itm_transformed,site_point,649898,826077,EPSG:2157,,2024-07-04,180000,https://monaghan.ie/planning/wp-content/uploads/sites/4/2026/07/Derelict-Sites-Online-Register-July-2026.pdf,2026-07-01,2026-08-08,PDF,pdf_table_extraction,structured_pdf_auto
IE-DS-fb7eddbb0b1609,Monaghan County Council,DSN 46/24,"Main St, Ballybay, Co. Monaghan",,A75 X584,54.1281718,-6.9031406,authority_supplied_itm_transformed,site_point,671692,820460,EPSG:2157,,2024-09-17,65000,https://monaghan.ie/planning/wp-content/uploads/sites/4/2026/07/Derelict-Sites-Online-Register-July-2026.pdf,2026-07-01,2026-08-08,PDF,pdf_table_extraction,structured_pdf_auto
IE-DS-a54432c13ce296,Monaghan County Council,DSN 49/24,"24 – 26 Main Street Carrickmacross, Co Monaghan",,A81 PH60,53.9755269,-6.7185662,authority_supplied_itm_transformed,site_point,684063,803677,EPSG:2157,,2025-09-25,225000,https://monaghan.ie/planning/wp-content/uploads/sites/4/2026/07/Derelict-Sites-Online-Register-July-2026.pdf,2026-07-01,2026-08-08,PDF,pdf_table_extraction,structured_pdf_auto
IE-DS-f16d16f16af2d9,Monaghan County Council,DSN 53/24,"Market Sq, Castleblayney, Co. Monaghan (Residential Building)",,A75 VY98,54.1204214,-6.7333902,authority_supplied_itm_transformed,site_point,682802,819783,EPSG:2157,,2024-07-03,60000,https://monaghan.ie/planning/wp-content/uploads/sites/4/2026/07/Derelict-Sites-Online-Register-July-2026.pdf,2026-07-01,2026-08-08,PDF,pdf_table_extraction,structured_pdf_auto
IE-DS-49dd6491929677,Monaghan County Council,DSN 54/24,"Muckno St, Castleblayney, Co. Monaghan (Commercial Building)",,A75 VY98,54.1204757,-6.7334192,authority_supplied_itm_transformed,site_point,682800,819789,EPSG:2157,,2024-07-03,40000,https://monaghan.ie/planning/wp-content/uploads/sites/4/2026/07/Derelict-Sites-Online-Register-July-2026.pdf,2026-07-01,2026-08-08,PDF,pdf_table_extraction,structured_pdf_auto
IE-DS-8bd3c27d822b8e,Monaghan County Council,DSN 55/24,"5 Muckno Street, Castleblayney, Co. Monaghan",,A75 WR80,54.1226359,-6.7346078,authority_supplied_itm_transformed,site_point,682718,820028,EPSG:2157,,2025-07-29,90000,https://monaghan.ie/planning/wp-content/uploads/sites/4/2026/07/Derelict-Sites-Online-Register-July-2026.pdf,2026-07-01,2026-08-08,PDF,pdf_table_extraction,structured_pdf_auto
IE-DS-2372ef700b147b,Monaghan County Council,DSN 56/24,"Muckno Street, Castleblayney, Co. Monaghan",,A75 V184,54.1228836,-6.7342331,authority_supplied_itm_transformed,site_point,682742,820056,EPSG:2157,,2024-08-28,200000,https://monaghan.ie/planning/wp-content/uploads/sites/4/2026/07/Derelict-Sites-Online-Register-July-2026.pdf,2026-07-01,2026-08-08,PDF,pdf_table_extraction,structured_pdf_auto
IE-DS-e82f60665303f0,Monaghan County Council,DSN 59/24,"14A O'Neill St, Carrickmacross, Co. Monaghan",,A81 W104,53.9756424,-6.7176023,authority_supplied_itm_transformed,site_point,684126,803691,EPSG:2157,,2024-09-04,120000,https://monaghan.ie/planning/wp-content/uploads/sites/4/2026/07/Derelict-Sites-Online-Register-July-2026.pdf,2026-07-01,2026-08-08,PDF,pdf_table_extraction,structured_pdf_auto
IE-DS-c86c4d791c8ce5,Monaghan County Council,DSN 61/24,"11 McCurtain St, Clones, Co. Monaghan",,H23 DC97,54.1778121,-7.2316144,authority_supplied_itm_transformed,site_point,650163,825701,EPSG:2157,,2024-09-18,100000,https://monaghan.ie/planning/wp-content/uploads/sites/4/2026/07/Derelict-Sites-Online-Register-July-2026.pdf,2026-07-01,2026-08-08,PDF,pdf_table_extraction,structured_pdf_auto
IE-DS-ee88a27d67ed34,Monaghan County Council,DSN 62/24,"31 Park Street, Monaghan, Co. Monaghan,",,H18 KX53,54.2468652,-6.9729547,authority_supplied_itm_transformed,site_point,666937,833600,EPSG:2157,,2025-09-30,100000,https://monaghan.ie/planning/wp-content/uploads/sites/4/2026/07/Derelict-Sites-Online-Register-July-2026.pdf,2026-07-01,2026-08-08,PDF,pdf_table_extraction,structured_pdf_auto
IE-DS-dbf09af922d49e,Monaghan County Council,DSN 63/24,"1-6 Ascaill Rois, Magheraboy Rd, Carrickmacross, Co. Monaghan",,,53.9674406,-6.7204147,authority_supplied_itm_transformed,site_point,683958,802775,EPSG:2157,,2026-02-20,35000,https://monaghan.ie/planning/wp-content/uploads/sites/4/2026/07/Derelict-Sites-Online-Register-July-2026.pdf,2026-07-01,2026-08-08,PDF,pdf_table_extraction,structured_pdf_auto
IE-DS-aded376f7356fa,Monaghan County Council,DSN 65/24,"26 Emmet Street, Carrickmacross, Co. Monaghan,",,A81 NF72,53.9746569,-6.7153612,authority_supplied_itm_transformed,site_point,684275,803584,EPSG:2157,,2024-08-28,60000,https://monaghan.ie/planning/wp-content/uploads/sites/4/2026/07/Derelict-Sites-Online-Register-July-2026.pdf,2026-07-01,2026-08-08,PDF,pdf_table_extraction,structured_pdf_auto
IE-DS-3384e2f9065962,Monaghan County Council,DSN 71/24,"Assembly Rooms, Dawson St, Monaghan",,,54.2470539,-6.9708479,authority_supplied_itm_transformed,site_point,667074,833623,EPSG:2157,,2024-07-10,325000,https://monaghan.ie/planning/wp-content/uploads/sites/4/2026/07/Derelict-Sites-Online-Register-July-2026.pdf,2026-07-01,2026-08-08,PDF,pdf_table_extraction,structured_pdf_auto
IE-DS-8275682583459f,Monaghan County Council,DSN 72/24,"117 Lower Main St, Ballybay, Co. Monaghan",,A75 CV44,54.1260669,-6.9009318,authority_supplied_itm_transformed,site_point,671840,820228,EPSG:2157,,2024-07-04,75000,https://monaghan.ie/planning/wp-content/uploads/sites/4/2026/07/Derelict-Sites-Online-Register-July-2026.pdf,2026-07-01,2026-08-08,PDF,pdf_table_extraction,structured_pdf_auto
IE-DS-8e8dca918769af,Monaghan County Council,DSN 73/24,"15 Dublin St, Monaghan",,H18 CV67,54.2478302,-6.9670539,authority_supplied_itm_transformed,site_point,667320,833713,EPSG:2157,,2024-07-11,312000,https://monaghan.ie/planning/wp-content/uploads/sites/4/2026/07/Derelict-Sites-Online-Register-July-2026.pdf,2026-07-01,2026-08-08,PDF,pdf_table_extraction,structured_pdf_auto
IE-DS-da78ff94d499cb,Monaghan County Council,DSN 82/24,"105 Main St Lwr, Ballybay, Co. Monaghan",,A75 KH22,54.1266268,-6.9012383,authority_supplied_itm_transformed,site_point,671819,820290,EPSG:2157,,2024-09-11,80000,https://monaghan.ie/planning/wp-content/uploads/sites/4/2026/07/Derelict-Sites-Online-Register-July-2026.pdf,2026-07-01,2026-08-08,PDF,pdf_table_extraction,structured_pdf_auto
IE-DS-cb7e35b08f2abf,Monaghan County Council,DSN 85/24,"103 Main St Lwr, Ballybay, Co. Monaghan",,A75 FP95,54.1266717,-6.9012371,authority_supplied_itm_transformed,site_point,671819,820295,EPSG:2157,,2024-09-11,100000,https://monaghan.ie/planning/wp-content/uploads/sites/4/2026/07/Derelict-Sites-Online-Register-July-2026.pdf,2026-07-01,2026-08-08,PDF,pdf_table_extraction,structured_pdf_auto
IE-DS-038854d0e4e360,Monaghan County Council,DSN 89/24,"Garda Station, Smithborough, Co. Monaghan",,H18 FD26,54.2214078,-7.0975503,authority_supplied_itm_transformed,site_point,658853,830656,EPSG:2157,,2025-11-03,250000,https://monaghan.ie/planning/wp-content/uploads/sites/4/2026/07/Derelict-Sites-Online-Register-July-2026.pdf,2026-07-01,2026-08-08,PDF,pdf_table_extraction,structured_pdf_auto
IE-DS-c258ec6ad5f5ac,Monaghan County Council,DSN 92/24,"Church Street, Castleblayney Co. Monaghan",,,54.1182877,-6.7338683,authority_supplied_itm_transformed,site_point,682775,819545,EPSG:2157,,2026-02-17,230000,https://monaghan.ie/planning/wp-content/uploads/sites/4/2026/07/Derelict-Sites-Online-Register-July-2026.pdf,2026-07-01,2026-08-08,PDF,pdf_table_extraction,structured_pdf_auto
IE-DS-b4df233ef2cc8a,Monaghan County Council,DSN 93/24,"Coolshannagh, Monaghan",,,54.2573976,-6.959417,authority_supplied_itm_transformed,site_point,667802,834785,EPSG:2157,,2025-10-10,75000,https://monaghan.ie/planning/wp-content/uploads/sites/4/2026/07/Derelict-Sites-Online-Register-July-2026.pdf,2026-07-01,2026-08-08,PDF,pdf_table_extraction,structured_pdf_auto
IE-DS-30d8e7effe652a,Monaghan County Council,DSN 95/24,"Ivy Lane, Carrickmacross, Co. Monaghan",,A81 D997,53.9763068,-6.7200668,authority_supplied_itm_transformed,site_point,683963,803762,EPSG:2157,,2025-07-08,100000,https://monaghan.ie/planning/wp-content/uploads/sites/4/2026/07/Derelict-Sites-Online-Register-July-2026.pdf,2026-07-01,2026-08-08,PDF,pdf_table_extraction,structured_pdf_auto
IE-DS-6abcb2e6dad684,Monaghan County Council,DSN 96/24,"Ivy Lane, Carrickmacross, Co. Monaghan",,A81 KO98,53.976206,-6.7198869,authority_supplied_itm_transformed,site_point,683975,803751,EPSG:2157,,2024-10-08,130000,https://monaghan.ie/planning/wp-content/uploads/sites/4/2026/07/Derelict-Sites-Online-Register-July-2026.pdf,2026-07-01,2026-08-08,PDF,pdf_table_extraction,structured_pdf_auto
IE-DS-b16e4a15ea103c,Monaghan County Council,DSN 98/24,"Abbey Lane, Clones, Co. Monaghan",,,54.1778874,-7.2307399,authority_supplied_itm_transformed,site_point,650220,825710,EPSG:2157,,2024-10-21,70000,https://monaghan.ie/planning/wp-content/uploads/sites/4/2026/07/Derelict-Sites-Online-Register-July-2026.pdf,2026-07-01,2026-08-08,PDF,pdf_table_extraction,structured_pdf_auto
IE-DS-78b8d606e673af,Monaghan County Council,DSN 103/24,"Church Street, Castleblayney, Co. Monaghan",,,54.1187672,-6.734175,authority_supplied_itm_transformed,site_point,682754,819598,EPSG:2157,,2024-09-11,50000,https://monaghan.ie/planning/wp-content/uploads/sites/4/2026/07/Derelict-Sites-Online-Register-July-2026.pdf,2026-07-01,2026-08-08,PDF,pdf_table_extraction,structured_pdf_auto
IE-DS-a26ba7b3c6c852,Monaghan County Council,DSN 104/24,"Market Sq, Castleblayney, Co. Monaghan",,A75 YA07,54.1206998,-6.7342231,authority_supplied_itm_transformed,site_point,682747,819813,EPSG:2157,,2024-09-11,85000,https://monaghan.ie/planning/wp-content/uploads/sites/4/2026/07/Derelict-Sites-Online-Register-July-2026.pdf,2026-07-01,2026-08-08,PDF,pdf_table_extraction,structured_pdf_auto
IE-DS-1ab40a0f9d0795,Monaghan County Council,DSN 105/24,"Muckno St, Castleblayney, Co. Monaghan",,A75 KN60,54.1211581,-6.7342245,authority_supplied_itm_transformed,site_point,682746,819864,EPSG:2157,,2024-10-08,65000,https://monaghan.ie/planning/wp-content/uploads/sites/4/2026/07/Derelict-Sites-Online-Register-July-2026.pdf,2026-07-01,2026-08-08,PDF,pdf_table_extraction,structured_pdf_auto
IE-DS-da351980e8298e,Monaghan County Council,DSN 107/24,"Paragon Site, Fermanagh St, Clones, Co. Monaghan",,,54.1799112,-7.232464,authority_supplied_itm_transformed,site_point,650105,825934,EPSG:2157,,2025-07-07,75000,https://monaghan.ie/planning/wp-content/uploads/sites/4/2026/07/Derelict-Sites-Online-Register-July-2026.pdf,2026-07-01,2026-08-08,PDF,pdf_table_extraction,structured_pdf_auto
IE-DS-2ada471c26078c,Monaghan County Council,DSN 108/24,"The Diamond, Clones, Co. Monaghan",,H23 DY72,54.1790847,-7.2310853,authority_supplied_itm_transformed,site_point,650196,825843,EPSG:2157,,2024-09-18,130000,https://monaghan.ie/planning/wp-content/uploads/sites/4/2026/07/Derelict-Sites-Online-Register-July-2026.pdf,2026-07-01,2026-08-08,PDF,pdf_table_extraction,structured_pdf_auto
IE-DS-b7264d65f1f2ae,Monaghan County Council,DSN 109/24,"Lands at Liseggerton, Clones, Co. Monaghan",,,54.1893131,-7.2399663,authority_supplied_itm_transformed,site_point,649604,826975,EPSG:2157,,2025-07-15,100000,https://monaghan.ie/planning/wp-content/uploads/sites/4/2026/07/Derelict-Sites-Online-Register-July-2026.pdf,2026-07-01,2026-08-08,PDF,pdf_table_extraction,structured_pdf_auto
IE-DS-0797f67a4cdafb,Monaghan County Council,DSN 111/24,"Farmyard, O’Duffy Street, Clones, Co. Monaghan",,,54.1780398,-7.2292819,authority_supplied_itm_transformed,site_point,650315,825728,EPSG:2157,,2025-09-23,100000,https://monaghan.ie/planning/wp-content/uploads/sites/4/2026/07/Derelict-Sites-Online-Register-July-2026.pdf,2026-07-01,2026-08-08,PDF,pdf_table_extraction,structured_pdf_auto
IE-DS-d28b442d76b934,Monaghan County Council,DSN 112/24,"3 Church Street, Ballybay, Co. Monaghan",,A75 K196,54.1274794,-6.9011239,authority_supplied_itm_transformed,site_point,671825,820385,EPSG:2157,,30/03/2026 20/02/2026,90000,https://monaghan.ie/planning/wp-content/uploads/sites/4/2026/07/Derelict-Sites-Online-Register-July-2026.pdf,2026-07-01,2026-08-08,PDF,pdf_table_extraction,structured_pdf_auto
IE-DS-9c25840881fec6,Monaghan County Council,DSN 114/24,"Cooltrimegish, Co. Monaghan",,,54.0644719,-6.8108827,authority_supplied_itm_transformed,site_point,677841,813469,EPSG:2157,,,300000,https://monaghan.ie/planning/wp-content/uploads/sites/4/2026/07/Derelict-Sites-Online-Register-July-2026.pdf,2026-07-01,2026-08-08,PDF,pdf_table_extraction,structured_pdf_auto
IE-DS-81d86e16d486ba,Monaghan County Council,DSN 1/25,"Gospel Hall, Glen Road, Monaghan, Co. Monaghan",,H18 CT89,54.2427615,-6.9711849,authority_supplied_itm_transformed,site_point,667059,833145,EPSG:2157,,2025-09-30,80000,https://monaghan.ie/planning/wp-content/uploads/sites/4/2026/07/Derelict-Sites-Online-Register-July-2026.pdf,2026-07-01,2026-08-08,PDF,pdf_table_extraction,structured_pdf_auto
IE-DS-6c0e39ed937921,Monaghan County Council,DSN 7/25,"9 Plantation Terrace, Monaghan",,H18 XK64,54.2511354,-6.9679073,authority_supplied_itm_transformed,site_point,667259,834080,EPSG:2157,,2025-05-19,100000,https://monaghan.ie/planning/wp-content/uploads/sites/4/2026/07/Derelict-Sites-Online-Register-July-2026.pdf,2026-07-01,2026-08-08,PDF,pdf_table_extraction,structured_pdf_auto
IE-DS-aa11c51d3b1bba,Monaghan County Council,DSN 8/25,11 Hillside Monaghan,,H18 P767,54.2485914,-6.9720065,authority_supplied_itm_transformed,site_point,666996,833793,EPSG:2157,,2025-10-10,200000,https://monaghan.ie/planning/wp-content/uploads/sites/4/2026/07/Derelict-Sites-Online-Register-July-2026.pdf,2026-07-01,2026-08-08,PDF,pdf_table_extraction,structured_pdf_auto
IE-DS-8a177e2e6c761f,Monaghan County Council,DSN 9/25,"Plot of ground in the townland of Edenamo, Inniskeen, Co. Monaghan",,,54.0021914,-6.586407,authority_supplied_itm_transformed,site_point,692673,806809,EPSG:2157,,2025-11-19,600000,https://monaghan.ie/planning/wp-content/uploads/sites/4/2026/07/Derelict-Sites-Online-Register-July-2026.pdf,2026-07-01,2026-08-08,PDF,pdf_table_extraction,structured_pdf_auto
IE-DS-dd2a3e3e0d7894,Monaghan County Council,DSN 11/25,"16 High Street, Monaghan",,H18 KW44,54.250148,-6.9732875,authority_supplied_itm_transformed,site_point,666910,833965,EPSG:2157,,2025-10-10,175000,https://monaghan.ie/planning/wp-content/uploads/sites/4/2026/07/Derelict-Sites-Online-Register-July-2026.pdf,2026-07-01,2026-08-08,PDF,pdf_table_extraction,structured_pdf_auto
IE-DS-69f4febe111943,Monaghan County Council,DSN 13/25,"3 Monaghan Street, Carrickmacross",,A81 RF62,53.9781015,-6.7189751,authority_supplied_itm_transformed,site_point,684031,803963,EPSG:2157,,2025-09-15,30000,https://monaghan.ie/planning/wp-content/uploads/sites/4/2026/07/Derelict-Sites-Online-Register-July-2026.pdf,2026-07-01,2026-08-08,PDF,pdf_table_extraction,structured_pdf_auto
IE-DS-f20d47d709c5a9,Monaghan County Council,DSN 14/25,"Lands to the rear of 68 Main St, Carrickmacross, Co. Monaghan",,,53.9774057,-6.7186153,authority_supplied_itm_transformed,site_point,684056,803886,EPSG:2157,,2025-07-08,30000,https://monaghan.ie/planning/wp-content/uploads/sites/4/2026/07/Derelict-Sites-Online-Register-July-2026.pdf,2026-07-01,2026-08-08,PDF,pdf_table_extraction,structured_pdf_auto
IE-DS-83665a2a53c653,Monaghan County Council,DSN 18/25,"5 St Patrick Street, Ballybay Co Monaghan",,,54.1302237,-6.9034689,authority_supplied_itm_transformed,site_point,671667,820688,EPSG:2157,,2025-09-15,120000,https://monaghan.ie/planning/wp-content/uploads/sites/4/2026/07/Derelict-Sites-Online-Register-July-2026.pdf,2026-07-01,2026-08-08,PDF,pdf_table_extraction,structured_pdf_auto
IE-DS-bf90e32cbb1214,Monaghan County Council,DSN 20/25,"4 Church Street, Ballybay, Co. Monaghan",,A75 EE67,54.1274963,-6.9010011,authority_supplied_itm_transformed,site_point,671833,820387,EPSG:2157,,2026-03-30,80000,https://monaghan.ie/planning/wp-content/uploads/sites/4/2026/07/Derelict-Sites-Online-Register-July-2026.pdf,2026-07-01,2026-08-08,PDF,pdf_table_extraction,structured_pdf_auto
IE-DS-16de31ea5bd74d,Monaghan County Council,DSN 21/25,"5 Ballybay Road, Monaghan, Co. Monaghan",,H18 X070,54.2370302,-6.9661424,authority_supplied_itm_transformed,site_point,667397,832512,EPSG:2157,,2025-09-30,125000,https://monaghan.ie/planning/wp-content/uploads/sites/4/2026/07/Derelict-Sites-Online-Register-July-2026.pdf,2026-07-01,2026-08-08,PDF,pdf_table_extraction,structured_pdf_auto
IE-DS-f26c6dbf750e43,Monaghan County Council,DSN 23/25,"Drumbear, Monaghan, Co. Monaghan",,H18 XT28,54.2298246,-6.9683777,authority_supplied_itm_transformed,site_point,667263,831708,EPSG:2157,,2025-09-30,100000,https://monaghan.ie/planning/wp-content/uploads/sites/4/2026/07/Derelict-Sites-Online-Register-July-2026.pdf,2026-07-01,2026-08-08,PDF,pdf_table_extraction,structured_pdf_auto
IE-DS-c5baa8509f9d64,Monaghan County Council,DSN 24/25,"Lurgans, Carrickmacross, Co. Monaghan",,,53.9765463,-6.7358989,authority_supplied_itm_transformed,site_point,682924,803770,EPSG:2157,,2025-11-03,120000,https://monaghan.ie/planning/wp-content/uploads/sites/4/2026/07/Derelict-Sites-Online-Register-July-2026.pdf,2026-07-01,2026-08-08,PDF,pdf_table_extraction,structured_pdf_auto
IE-DS-6c7d7604d32b84,Monaghan County Council,DSN 25/25,"Muckno Street, Castleblayney, Co. Monaghan",,A75 XE80,54.1216161,-6.7341952,authority_supplied_itm_transformed,site_point,682747,819915,EPSG:2157,,2025-07-29,125000,https://monaghan.ie/planning/wp-content/uploads/sites/4/2026/07/Derelict-Sites-Online-Register-July-2026.pdf,2026-07-01,2026-08-08,PDF,pdf_table_extraction,structured_pdf_auto
IE-DS-d9d8b49898fe48,Monaghan County Council,DSN 28/25,"Shercock Road, Carrickmacross, Co Monaghan",,,53.9771615,-6.7226932,authority_supplied_itm_transformed,site_point,683789,803854,EPSG:2157,,2025-09-15,70000,https://monaghan.ie/planning/wp-content/uploads/sites/4/2026/07/Derelict-Sites-Online-Register-July-2026.pdf,2026-07-01,2026-08-08,PDF,pdf_table_extraction,structured_pdf_auto
IE-DS-33956f0c0bff6d,Monaghan County Council,DSN 29/25,"Land adjacent to 4 Mullinary Street, Carrickmacross, Co. Monaghan",,A81 FC97,53.9774039,-6.7243628,authority_supplied_itm_transformed,site_point,683679,803879,EPSG:2157,,2025-08-01,120000,https://monaghan.ie/planning/wp-content/uploads/sites/4/2026/07/Derelict-Sites-Online-Register-July-2026.pdf,2026-07-01,2026-08-08,PDF,pdf_table_extraction,structured_pdf_auto
IE-DS-cce81c5fdefb13,Monaghan County Council,DSN 33/25,"Hillside, Emyvale, Co Monaghan",,H18 Y621,54.3406533,-6.9626364,authority_supplied_itm_transformed,site_point,667456,844047,EPSG:2157,,2025-10-10,185000,https://monaghan.ie/planning/wp-content/uploads/sites/4/2026/07/Derelict-Sites-Online-Register-July-2026.pdf,2026-07-01,2026-08-08,PDF,pdf_table_extraction,structured_pdf_auto
IE-DS-555e17abf5c7ed,Monaghan County Council,DSN 37/25,"Connabury Hill, Castleblayney, Co. Monaghan",,,54.1134735,-6.7366764,authority_supplied_itm_transformed,site_point,682601,819006,EPSG:2157,,2025-11-03,220000,https://monaghan.ie/planning/wp-content/uploads/sites/4/2026/07/Derelict-Sites-Online-Register-July-2026.pdf,2026-07-01,2026-08-08,PDF,pdf_table_extraction,structured_pdf_auto
IE-DS-a9fc0b64bd8c22,Monaghan County Council,DSN 39/25,"Dernagrew, Monaghan, Co. Monaghan",,,54.2652117,-6.9652531,authority_supplied_itm_transformed,site_point,667409,835649,EPSG:2157,,2025-07-11,190000,https://monaghan.ie/planning/wp-content/uploads/sites/4/2026/07/Derelict-Sites-Online-Register-July-2026.pdf,2026-07-01,2026-08-08,PDF,pdf_table_extraction,structured_pdf_auto
IE-DS-31dc5809707a85,Monaghan County Council,DSN 41/25,"Gallinagh, Monaghan, Co Monaghan",,H18 V838,54.2535148,-6.9878137,authority_supplied_itm_transformed,site_point,665958,834326,EPSG:2157,,2025-10-07,120000,https://monaghan.ie/planning/wp-content/uploads/sites/4/2026/07/Derelict-Sites-Online-Register-July-2026.pdf,2026-07-01,2026-08-08,PDF,pdf_table_extraction,structured_pdf_auto
IE-DS-bb419e4d260d90,Monaghan County Council,DSN 42/25,"Gallinagh Lodge, Monaghan, Co Monaghan",,H18 WK15,54.2536487,-6.9855698,authority_supplied_itm_transformed,site_point,666104,834343,EPSG:2157,,2025-10-07,130000,https://monaghan.ie/planning/wp-content/uploads/sites/4/2026/07/Derelict-Sites-Online-Register-July-2026.pdf,2026-07-01,2026-08-08,PDF,pdf_table_extraction,structured_pdf_auto
IE-DS-ccf449e2638ad7,Monaghan County Council,DSN 43/25,"Land behind Bank of Ireland on Bridwell Lane (to the South) and Drummond Etra (to the West), Carrickmacross, Co. Monaghan",,,53.9770833,-6.7204089,authority_supplied_itm_transformed,site_point,683939,803848,EPSG:2157,,2025-07-18,125000,https://monaghan.ie/planning/wp-content/uploads/sites/4/2026/07/Derelict-Sites-Online-Register-July-2026.pdf,2026-07-01,2026-08-08,PDF,pdf_table_extraction,structured_pdf_auto
IE-DS-c0289be3015e8d,Monaghan County Council,DSN 47/25,"Henry Street, Castleblayney, Co. Monaghan",,,54.1197417,-6.7337016,authority_supplied_itm_transformed,site_point,682783,819707,EPSG:2157,,2026-02-17,220000,https://monaghan.ie/planning/wp-content/uploads/sites/4/2026/07/Derelict-Sites-Online-Register-July-2026.pdf,2026-07-01,2026-08-08,PDF,pdf_table_extraction,structured_pdf_auto
IE-DS-e6493aebc1f288,Monaghan County Council,DSN 48/25,"Scostown Road (opposite Cherrywood) Mullaghadun, Monaghan, Co Monaghan",,,54.2474248,-6.9859834,authority_supplied_itm_transformed,site_point,666087,833650,EPSG:2157,,2025-10-13,120000,https://monaghan.ie/planning/wp-content/uploads/sites/4/2026/07/Derelict-Sites-Online-Register-July-2026.pdf,2026-07-01,2026-08-08,PDF,pdf_table_extraction,structured_pdf_auto
IE-DS-c3f1625f38931b,Monaghan County Council,DSN 51/25,"7 & 8 Candlefort Heights, Inniskeen, Co. Monaghan",,A91 DR68,54.0012466,-6.5855391,authority_supplied_itm_transformed,site_point,692732,806705,EPSG:2157,,2025-08-01,240000,https://monaghan.ie/planning/wp-content/uploads/sites/4/2026/07/Derelict-Sites-Online-Register-July-2026.pdf,2026-07-01,2026-08-08,PDF,pdf_table_extraction,structured_pdf_auto
IE-DS-8d3b3f07de3b9e,Monaghan County Council,DSN 53/25,"Killyconnigan, Monaghan, Co Monaghan",,,54.2403252,-6.9880445,authority_supplied_itm_transformed,site_point,665964,832858,EPSG:2157,,2025-10-13,175000,https://monaghan.ie/planning/wp-content/uploads/sites/4/2026/07/Derelict-Sites-Online-Register-July-2026.pdf,2026-07-01,2026-08-08,PDF,pdf_table_extraction,structured_pdf_auto
IE-DS-6bfdbd951beae8,Monaghan County Council,DSN 55/25,"8-13 Clos Dhromainn, Magheross, Riverside Road, Carrickmacross, Co. Monaghan",,,53.9708401,-6.7172772,authority_supplied_itm_transformed,site_point,684157,803157,EPSG:2157,,2025-07-18,1635000,https://monaghan.ie/planning/wp-content/uploads/sites/4/2026/07/Derelict-Sites-Online-Register-July-2026.pdf,2026-07-01,2026-08-08,PDF,pdf_table_extraction,structured_pdf_auto
IE-DS-9920d33127e4ed,Monaghan County Council,DSN 56/25,"14-19 Clos Dhromainn, Magheross, Riverside Road, Carrickmacross, Co. Monaghan",,,53.9712016,-6.7174643,authority_supplied_itm_transformed,site_point,684144,803197,EPSG:2157,,2025-07-18,860000,https://monaghan.ie/planning/wp-content/uploads/sites/4/2026/07/Derelict-Sites-Online-Register-July-2026.pdf,2026-07-01,2026-08-08,PDF,pdf_table_extraction,structured_pdf_auto
IE-DS-a1e7ee17ca57fa,Monaghan County Council,DSN 57/25,"Brownfield Site, Magheross, Riverside Road, Carrickmacross, Co. Monaghan",,,53.9703245,-6.7161194,authority_supplied_itm_transformed,site_point,684234,803101,EPSG:2157,,2025-07-18,370000,https://monaghan.ie/planning/wp-content/uploads/sites/4/2026/07/Derelict-Sites-Online-Register-July-2026.pdf,2026-07-01,2026-08-08,PDF,pdf_table_extraction,structured_pdf_auto
IE-DS-735d85be9f8661,Monaghan County Council,DSN 58/25,"Unfinished Apartment Block along with Associated Underground and Overground Car Parking Levels, Magheross, Riverside Road, Carrickmacross, Co. Monaghan",,,53.9715523,-6.717484,authority_supplied_itm_transformed,site_point,684142,803236,EPSG:2157,,2025-07-18,2,https://monaghan.ie/planning/wp-content/uploads/sites/4/2026/07/Derelict-Sites-Online-Register-July-2026.pdf,2026-07-01,2026-08-08,PDF,pdf_table_extraction,structured_pdf_auto
IE-DS-9e782fdf353248,Monaghan County Council,DSN 59/25,"15 Magherarny, Smithborough, Co. Monaghan",,H18 CK00,54.2163789,-7.1137284,authority_supplied_itm_transformed,site_point,657805,830083,EPSG:2157,,2025-11-06,145000,https://monaghan.ie/planning/wp-content/uploads/sites/4/2026/07/Derelict-Sites-Online-Register-July-2026.pdf,2026-07-01,2026-08-08,PDF,pdf_table_extraction,structured_pdf_auto
IE-DS-4659010d413381,Monaghan County Council,DSN 62/25,"2 High Street, Monaghan, Co. Monaghan",,H18 TW72,54.2496502,-6.9728702,authority_supplied_itm_transformed,site_point,666938,833910,EPSG:2157,,2026-07-29,,https://monaghan.ie/planning/wp-content/uploads/sites/4/2026/07/Derelict-Sites-Online-Register-July-2026.pdf,2026-07-01,2026-08-08,PDF,pdf_table_extraction,structured_pdf_auto
IE-DS-37fbb03fa95997,Monaghan County Council,DSN 70/25,"Fortview School, Newtownbutler Road, Clones, Co Monaghan",,H23 VP93,54.1801266,-7.2395067,authority_supplied_itm_transformed,site_point,649645,825953,EPSG:2157,,2025-10-13,175000,https://monaghan.ie/planning/wp-content/uploads/sites/4/2026/07/Derelict-Sites-Online-Register-July-2026.pdf,2026-07-01,2026-08-08,PDF,pdf_table_extraction,structured_pdf_auto
IE-DS-953aab2b78cde7,Monaghan County Council,DSN 73/25,"Shercock Road, Carrickmacross, Co. Monaghan",,A81 WY67,53.9784774,-6.7239031,authority_supplied_itm_transformed,site_point,683707,803999,EPSG:2157,,2025-08-01,400000,https://monaghan.ie/planning/wp-content/uploads/sites/4/2026/07/Derelict-Sites-Online-Register-July-2026.pdf,2026-07-01,2026-08-08,PDF,pdf_table_extraction,structured_pdf_auto
IE-DS-c43791ef60b847,Monaghan County Council,DSN 74/25,"16 Market Street, Monaghan, Co Monaghan",,H18 XR67,54.2476796,-6.9725662,authority_supplied_itm_transformed,site_point,666961,833691,EPSG:2157,,2025-10-13,110000,https://monaghan.ie/planning/wp-content/uploads/sites/4/2026/07/Derelict-Sites-Online-Register-July-2026.pdf,2026-07-01,2026-08-08,PDF,pdf_table_extraction,structured_pdf_auto
IE-DS-ab4d9080b66f87,Monaghan County Council,DSN 75/25,"17 Market Street, Monaghan, Co Monaghan",,H18 HX52,54.2476438,-6.9725825,authority_supplied_itm_transformed,site_point,666960,833687,EPSG:2157,,2025-10-13,110000,https://monaghan.ie/planning/wp-content/uploads/sites/4/2026/07/Derelict-Sites-Online-Register-July-2026.pdf,2026-07-01,2026-08-08,PDF,pdf_table_extraction,structured_pdf_auto
IE-DS-495d1ca04785a4,Monaghan County Council,DSN 79/25,"6 Roslea Terrace, Clones, Co Monaghan",,H23 NY93,54.1830262,-7.2333868,authority_supplied_itm_transformed,site_point,650041,826280,EPSG:2157,,2025-09-23,50000,https://monaghan.ie/planning/wp-content/uploads/sites/4/2026/07/Derelict-Sites-Online-Register-July-2026.pdf,2026-07-01,2026-08-08,PDF,pdf_table_extraction,structured_pdf_auto
IE-DS-a0cdf527a64937,Monaghan County Council,DSN 80/25,"7 Roslea Terrace, Clones, Co. Monaghan",,H23 AK20,54.1830441,-7.2333712,authority_supplied_itm_transformed,site_point,650042,826282,EPSG:2157,,2026-02-09,35000,https://monaghan.ie/planning/wp-content/uploads/sites/4/2026/07/Derelict-Sites-Online-Register-July-2026.pdf,2026-07-01,2026-08-08,PDF,pdf_table_extraction,structured_pdf_auto
IE-DS-07ada176c907a1,Monaghan County Council,DSN 84/25,"Liseggerton, Clones, Co Monaghan",,H23 KD66,54.189822,-7.239436,authority_supplied_itm_transformed,site_point,649638,827032,EPSG:2157,,2025-09-18,170000,https://monaghan.ie/planning/wp-content/uploads/sites/4/2026/07/Derelict-Sites-Online-Register-July-2026.pdf,2026-07-01,2026-08-08,PDF,pdf_table_extraction,structured_pdf_auto
IE-DS-3fb0dcc511cef7,Monaghan County Council,DSN 85/25,"Millbrook, Liseggerton, Clones, Co. Monaghan",,,54.1885761,-7.2385089,authority_supplied_itm_transformed,site_point,649700,826894,EPSG:2157,,2026-02-09,120000,https://monaghan.ie/planning/wp-content/uploads/sites/4/2026/07/Derelict-Sites-Online-Register-July-2026.pdf,2026-07-01,2026-08-08,PDF,pdf_table_extraction,structured_pdf_auto
IE-DS-f73aa7862e5975,Monaghan County Council,DSN 86/25,"Glenview House, Drumbear, Monaghan, Co. Monaghan",,H18 YD99,54.2354319,-6.9694344,authority_supplied_itm_transformed,site_point,667185,832331,EPSG:2157,,2025-11-19,750000,https://monaghan.ie/planning/wp-content/uploads/sites/4/2026/07/Derelict-Sites-Online-Register-July-2026.pdf,2026-07-01,2026-08-08,PDF,pdf_table_extraction,structured_pdf_auto
IE-DS-8dc5beb7fb3490,Monaghan County Council,DSN 88/25,"Development Land at Cendlefort Heights, Inniskeen, Co. Monaghan",,,54.0010338,-6.5857903,authority_supplied_itm_transformed,site_point,692716,806681,EPSG:2157,,2026-02-20,100000,https://monaghan.ie/planning/wp-content/uploads/sites/4/2026/07/Derelict-Sites-Online-Register-July-2026.pdf,2026-07-01,2026-08-08,PDF,pdf_table_extraction,structured_pdf_auto
IE-DS-a0552de92a1892,Monaghan County Council,DSN 92/25,"Widows Row, Rockcorry, Co Monaghan",,,54.1168863,-7.014426,authority_supplied_itm_transformed,site_point,664436,819097,EPSG:2157,,2025-10-07,250000,https://monaghan.ie/planning/wp-content/uploads/sites/4/2026/07/Derelict-Sites-Online-Register-July-2026.pdf,2026-07-01,2026-08-08,PDF,pdf_table_extraction,structured_pdf_auto
IE-DS-c9b3302a4826ff,Monaghan County Council,DSN 93/25,"Newbliss Road, Rockcorry, Co Monaghan",,H18 RT22,54.1178505,-7.0158562,authority_supplied_itm_transformed,site_point,664341,819203,EPSG:2157,,2025-10-07,50000,https://monaghan.ie/planning/wp-content/uploads/sites/4/2026/07/Derelict-Sites-Online-Register-July-2026.pdf,2026-07-01,2026-08-08,PDF,pdf_table_extraction,structured_pdf_auto
IE-DS-24c92ac48c4e99,Monaghan County Council,DSN 96/25,"Old Filling Station, Monneil, Rockcorry, Co Monaghan",,,54.1192705,-7.0114936,authority_supplied_itm_transformed,site_point,664624,819365,EPSG:2157,,2025-10-07,30000,https://monaghan.ie/planning/wp-content/uploads/sites/4/2026/07/Derelict-Sites-Online-Register-July-2026.pdf,2026-07-01,2026-08-08,PDF,pdf_table_extraction,structured_pdf_auto
IE-DS-ff00f7a659d34e,Monaghan County Council,DSN 97/25,"Site at Drummulla, Rockcorry, Co Monaghan",,,54.1182903,-7.0124959,authority_supplied_itm_transformed,site_point,664560,819255,EPSG:2157,,2025-10-07,40000,https://monaghan.ie/planning/wp-content/uploads/sites/4/2026/07/Derelict-Sites-Online-Register-July-2026.pdf,2026-07-01,2026-08-08,PDF,pdf_table_extraction,structured_pdf_auto
IE-DS-7b3c6c3a02687e,Monaghan County Council,DSN 8/26,"Clonedergole, Clones, Co. Monaghan",,H23 YE67,54.1780021,-7.2503603,authority_supplied_itm_transformed,site_point,648939,825709,EPSG:2157,,2026-07-24,,https://monaghan.ie/planning/wp-content/uploads/sites/4/2026/07/Derelict-Sites-Online-Register-July-2026.pdf,2026-07-01,2026-08-08,PDF,pdf_table_extraction,structured_pdf_auto
IE-DS-2b691fe712706d,Monaghan County Council,DSN 37/26,"The Old Creamery, Scotshouse, Co. Monaghan",,H23 PW53,54.1239563,-7.251122,authority_supplied_itm_transformed,site_point,648953,819694,EPSG:2157,,2026-07-24,,https://monaghan.ie/planning/wp-content/uploads/sites/4/2026/07/Derelict-Sites-Online-Register-July-2026.pdf,2026-07-01,2026-08-08,PDF,pdf_table_extraction,structured_pdf_auto
IE-DS-f6105399e6e0ce,Monaghan County Council,DSN 87/26,"Clonavarne, Monaghan, Co. Monaghan",,H18 H363,54.2298616,-7.0070277,authority_supplied_itm_transformed,site_point,664743,831676,EPSG:2157,,2026-07-24,,https://monaghan.ie/planning/wp-content/uploads/sites/4/2026/07/Derelict-Sites-Online-Register-July-2026.pdf,2026-07-01,2026-08-08,PDF,pdf_table_extraction,structured_pdf_auto
IE-DS-3283be2f9d940c,Monaghan County Council,DSN 88/26,"Woodbury, Corlattan, Threemilehouse, Co. Monaghan",,H18 YE61,54.225567,-7.0082043,authority_supplied_itm_transformed,site_point,664673,831197,EPSG:2157,,2026-07-24,,https://monaghan.ie/planning/wp-content/uploads/sites/4/2026/07/Derelict-Sites-Online-Register-July-2026.pdf,2026-07-01,2026-08-08,PDF,pdf_table_extraction,structured_pdf_auto
IE-DS-78bee5a48b2b15,Monaghan County Council,DSN 93/26,"Station House, Mulladuff, Smithborough, Co. Monaghan",,H18 EV61,54.2228201,-7.0989457,authority_supplied_itm_transformed,site_point,658760,830812,EPSG:2157,,2026-07-24,,https://monaghan.ie/planning/wp-content/uploads/sites/4/2026/07/Derelict-Sites-Online-Register-July-2026.pdf,2026-07-01,2026-08-08,PDF,pdf_table_extraction,structured_pdf_auto
IE-DS-1d8724bcc07adb,Westmeath County Council,1,"Williamstown, Balykeeran, Athlone",Town/townland: Athlone,,,,not_available,not_available,,,,,1991-07-02,,https://www.westmeathcoco.ie/en/media/MDAM_DS_REGISTER_160726.pdf,2026-07-16,2026-08-08,PDF,pdf_table_extraction,structured_pdf_auto
IE-DS-a4a1bbf5ea95f0,Westmeath County Council,20,"Buildings on rhs of Mullingar Rd, Kilbeggan",Town/townland: Kilbeggan,,,,not_available,not_available,,,,,1991-07-02,,https://www.westmeathcoco.ie/en/media/MDAM_DS_REGISTER_160726.pdf,2026-07-16,2026-08-08,PDF,pdf_table_extraction,structured_pdf_auto
IE-DS-27ec4d437308e6,Westmeath County Council,40,Cornamagh,Town/townland: Athlone,,,,not_available,not_available,,,,,1991-10-04,,https://www.westmeathcoco.ie/en/media/MDAM_DS_REGISTER_160726.pdf,2026-07-16,2026-08-08,PDF,pdf_table_extraction,structured_pdf_auto
IE-DS-fe42a6acf527ea,Westmeath County Council,44,"Ballykeeran, Athlone",Town/townland: Athlone,,,,not_available,not_available,,,,,1991-10-22,,https://www.westmeathcoco.ie/en/media/MDAM_DS_REGISTER_160726.pdf,2026-07-16,2026-08-08,PDF,pdf_table_extraction,structured_pdf_auto
IE-DS-0d927bf4c2bd29,Westmeath County Council,73,"Tanyard, Kinnegad",Town/townland: Kinnegad,,,,not_available,not_available,,,,,,,https://www.westmeathcoco.ie/en/media/MDAM_DS_REGISTER_160726.pdf,2026-07-16,2026-08-08,PDF,pdf_table_extraction,structured_pdf_auto
IE-DS-a9effce7df2d43,Westmeath County Council,101,"Ballynacarrigy Road, Kildallan",Town/townland: Kildallan,,,,not_available,not_available,,,,,2011-08-02,,https://www.westmeathcoco.ie/en/media/MDAM_DS_REGISTER_160726.pdf,2026-07-16,2026-08-08,PDF,pdf_table_extraction,structured_pdf_auto
IE-DS-bcbc1be94ff11d,Westmeath County Council,111,"Glebe House, Killucan",Town/townland: Killucan,,,,not_available,not_available,,,,,,,https://www.westmeathcoco.ie/en/media/MDAM_DS_REGISTER_160726.pdf,2026-07-16,2026-08-08,PDF,pdf_table_extraction,structured_pdf_auto
IE-DS-b5b1e6f3d441c5,Westmeath County Council,120,"14 Dublin Road, Kilbeggan",Town/townland: Kilbeggan,,,,not_available,not_available,,,,,2007-12-18,,https://www.westmeathcoco.ie/en/media/MDAM_DS_REGISTER_160726.pdf,2026-07-16,2026-08-08,PDF,pdf_table_extraction,structured_pdf_auto
IE-DS-a18869f5e70e62,Westmeath County Council,146,"Mullingar Road, Kilbeggan",Town/townland: Kilbeggan,,,,not_available,not_available,,,,,2011-07-28,,https://www.westmeathcoco.ie/en/media/MDAM_DS_REGISTER_160726.pdf,2026-07-16,2026-08-08,PDF,pdf_table_extraction,structured_pdf_auto
IE-DS-f94307c8bf968f,Westmeath County Council,149,"Lr Main Street, Kilbeggan",Town/townland: Kilbeggan,,,,not_available,not_available,,,,,2014-04-10,,https://www.westmeathcoco.ie/en/media/MDAM_DS_REGISTER_160726.pdf,2026-07-16,2026-08-08,PDF,pdf_table_extraction,structured_pdf_auto
IE-DS-e8930b980dfa83,Westmeath County Council,172,N6 Kilbeggan-Tyrrellspass,Town/townland: Tyrrellspass,,,,not_available,not_available,,,,,2012-11-22,,https://www.westmeathcoco.ie/en/media/MDAM_DS_REGISTER_160726.pdf,2026-07-16,2026-08-08,PDF,pdf_table_extraction,structured_pdf_auto
IE-DS-a72095dd3be1b4,Westmeath County Council,228,"Creggan Upper, Moate Road, Athlone",Town/townland: Athlone,,,,not_available,not_available,,,,,2011-05-23,,https://www.westmeathcoco.ie/en/media/MDAM_DS_REGISTER_160726.pdf,2026-07-16,2026-08-08,PDF,pdf_table_extraction,structured_pdf_auto
IE-DS-15debbf7c3062c,Westmeath County Council,246,"Old Ballinderry, Mullingar",Town/townland: Mullingar,,,,not_available,not_available,,,,,,,https://www.westmeathcoco.ie/en/media/MDAM_DS_REGISTER_160726.pdf,2026-07-16,2026-08-08,PDF,pdf_table_extraction,structured_pdf_auto
IE-DS-7b359dd3b3d27b,Westmeath County Council,248,"Clara Road, Moate",Town/townland: Moate,,,,not_available,not_available,,,,,2011-06-10,,https://www.westmeathcoco.ie/en/media/MDAM_DS_REGISTER_160726.pdf,2026-07-16,2026-08-08,PDF,pdf_table_extraction,structured_pdf_auto
IE-DS-5471b66b190b19,Westmeath County Council,250,"Clara Road, Moate",Town/townland: Moate,,,,not_available,not_available,,,,,2011-04-26,,https://www.westmeathcoco.ie/en/media/MDAM_DS_REGISTER_160726.pdf,2026-07-16,2026-08-08,PDF,pdf_table_extraction,structured_pdf_auto
IE-DS-fd7b25c49f0211,Westmeath County Council,255,"Dr. Cuppagies, Main Street, Moate",Town/townland: Moate,,,,not_available,not_available,,,,,2009-08-04,,https://www.westmeathcoco.ie/en/media/MDAM_DS_REGISTER_160726.pdf,2026-07-16,2026-08-08,PDF,pdf_table_extraction,structured_pdf_auto
IE-DS-182ac787e7614a,Westmeath County Council,257,"Creggan Upper, Moate Road, Athlone",Town/townland: Athlone,,,,not_available,not_available,,,,,2011-05-23,,https://www.westmeathcoco.ie/en/media/MDAM_DS_REGISTER_160726.pdf,2026-07-16,2026-08-08,PDF,pdf_table_extraction,structured_pdf_auto
IE-DS-d198a7d428a3f3,Westmeath County Council,262,"High St., Ballymore",Town/townland: Ballymore,,,,not_available,not_available,,,,,2012-11-14,,https://www.westmeathcoco.ie/en/media/MDAM_DS_REGISTER_160726.pdf,2026-07-16,2026-08-08,PDF,pdf_table_extraction,structured_pdf_auto
IE-DS-33e1be6ba0762b,Westmeath County Council,305,"1 Trim Rd, Kinnegad",Town/townland: Kinnegad,,,,not_available,not_available,,,,,2010-11-08,,https://www.westmeathcoco.ie/en/media/MDAM_DS_REGISTER_160726.pdf,2026-07-16,2026-08-08,PDF,pdf_table_extraction,structured_pdf_auto
IE-DS-c8051c4e05baec,Westmeath County Council,306,"2 Trim Rd, Kinnegad",Town/townland: Kinnegad,,,,not_available,not_available,,,,,2013-03-14,,https://www.westmeathcoco.ie/en/media/MDAM_DS_REGISTER_160726.pdf,2026-07-16,2026-08-08,PDF,pdf_table_extraction,structured_pdf_auto
IE-DS-63c0fbd783e727,Westmeath County Council,328,"Main Street, Rathowen",Town/townland: Rathowen,,,,not_available,not_available,,,,,2012-02-28,,https://www.westmeathcoco.ie/en/media/MDAM_DS_REGISTER_160726.pdf,2026-07-16,2026-08-08,PDF,pdf_table_extraction,structured_pdf_auto
IE-DS-bfe00f5dcbce29,Westmeath County Council,332,"Railway Tce, Mullingar",Town/townland: Mullingar,,,,not_available,not_available,,,,,,,https://www.westmeathcoco.ie/en/media/MDAM_DS_REGISTER_160726.pdf,2026-07-16,2026-08-08,PDF,pdf_table_extraction,structured_pdf_auto
IE-DS-53bc2371d7ecf5,Westmeath County Council,372,"Buds in Bloom, Kilbeggan",Town/townland: Kilbeggan,,,,not_available,not_available,,,,,2012-11-22,,https://www.westmeathcoco.ie/en/media/MDAM_DS_REGISTER_160726.pdf,2026-07-16,2026-08-08,PDF,pdf_table_extraction,structured_pdf_auto
IE-DS-56e25046825ca9,Westmeath County Council,373,"Ardmore Rd, Mullingar",Town/townland: Mullingar,,,,not_available,not_available,,,,,,,https://www.westmeathcoco.ie/en/media/MDAM_DS_REGISTER_160726.pdf,2026-07-16,2026-08-08,PDF,pdf_table_extraction,structured_pdf_auto
IE-DS-2ad3dc670428b3,Westmeath County Council,380,"Packenham Hall Rd, Castlepollard",Town/townland: Castlepollard,,,,not_available,not_available,,,,,,,https://www.westmeathcoco.ie/en/media/MDAM_DS_REGISTER_160726.pdf,2026-07-16,2026-08-08,PDF,pdf_table_extraction,structured_pdf_auto
IE-DS-daebe107bacbf2,Westmeath County Council,403,"54 Connaught Street,",Town/townland: Athlone,,,,not_available,not_available,,,,,2003-03-25,,https://www.westmeathcoco.ie/en/media/MDAM_DS_REGISTER_160726.pdf,2026-07-16,2026-08-08,PDF,pdf_table_extraction,structured_pdf_auto
IE-DS-949834fb447ba6,Westmeath County Council,435,118 Meadowbrook Athlone,Town/townland: Athlone,,,,not_available,not_available,,,,,2010-06-28,,https://www.westmeathcoco.ie/en/media/MDAM_DS_REGISTER_160726.pdf,2026-07-16,2026-08-08,PDF,pdf_table_extraction,structured_pdf_auto
IE-DS-2801281354e01f,Westmeath County Council,436,120 Meadowbrook Athlone,Town/townland: Athlone,,,,not_available,not_available,,,,,2007-12-06,,https://www.westmeathcoco.ie/en/media/MDAM_DS_REGISTER_160726.pdf,2026-07-16,2026-08-08,PDF,pdf_table_extraction,structured_pdf_auto
IE-DS-3540c26338078e,Westmeath County Council,441,"14 - 15 Hazelwood, Athlone",Town/townland: Athlone,,,,not_available,not_available,,,,,2014-11-04,,https://www.westmeathcoco.ie/en/media/MDAM_DS_REGISTER_160726.pdf,2026-07-16,2026-08-08,PDF,pdf_table_extraction,structured_pdf_auto
IE-DS-43b4f42ad9540a,Westmeath County Council,468,Rear of 16 Court Devenish Athlone,Town/townland: Athlone,,,,not_available,not_available,,,,,2012-11-22,,https://www.westmeathcoco.ie/en/media/MDAM_DS_REGISTER_160726.pdf,2026-07-16,2026-08-08,PDF,pdf_table_extraction,structured_pdf_auto
IE-DS-cf264f8af96c06,Westmeath County Council,471,Lower Retreat Rd Athlone,Town/townland: Athlone,,,,not_available,not_available,,,,,2012-09-14,,https://www.westmeathcoco.ie/en/media/MDAM_DS_REGISTER_160726.pdf,2026-07-16,2026-08-08,PDF,pdf_table_extraction,structured_pdf_auto
IE-DS-34f0bf6d5d57b0,Westmeath County Council,477,Connolly St Athlone,Town/townland: Athlone,,,,not_available,not_available,,,,,2013-09-27,,https://www.westmeathcoco.ie/en/media/MDAM_DS_REGISTER_160726.pdf,2026-07-16,2026-08-08,PDF,pdf_table_extraction,structured_pdf_auto
IE-DS-422760630a2e3c,Westmeath County Council,481,21 Thornbury Dr,Town/townland: Athlone,,,,not_available,not_available,,,,,2010-08-24,,https://www.westmeathcoco.ie/en/media/MDAM_DS_REGISTER_160726.pdf,2026-07-16,2026-08-08,PDF,pdf_table_extraction,structured_pdf_auto
IE-DS-859d8e9e0f5627,Westmeath County Council,482,22 Thornbury Dr,Town/townland: Athlone,,,,not_available,not_available,,,,,2010-12-21,,https://www.westmeathcoco.ie/en/media/MDAM_DS_REGISTER_160726.pdf,2026-07-16,2026-08-08,PDF,pdf_table_extraction,structured_pdf_auto
IE-DS-dc012ba864280d,Westmeath County Council,520,24 Toorvalley Moate,Town/townland: Moate,,,,not_available,not_available,,,,,2013-09-17,,https://www.westmeathcoco.ie/en/media/MDAM_DS_REGISTER_160726.pdf,2026-07-16,2026-08-08,PDF,pdf_table_extraction,structured_pdf_auto
IE-DS-07488a2146589e,Westmeath County Council,571,11 St Marys Tce/Place,Town/townland: Athlone,,,,not_available,not_available,,,,,2014-11-04,,https://www.westmeathcoco.ie/en/media/MDAM_DS_REGISTER_160726.pdf,2026-07-16,2026-08-08,PDF,pdf_table_extraction,structured_pdf_auto
IE-DS-91592e0d69593c,Westmeath County Council,584,23 Parnell Square,Town/townland: Athlone,,,,not_available,not_available,,,,,2014-03-27,,https://www.westmeathcoco.ie/en/media/MDAM_DS_REGISTER_160726.pdf,2026-07-16,2026-08-08,PDF,pdf_table_extraction,structured_pdf_auto
IE-DS-5b35ca0cf41e97,Westmeath County Council,591,Windtown Pk Rathowen,Town/townland: Rathowen,,,,not_available,not_available,,,,,2013-12-12,,https://www.westmeathcoco.ie/en/media/MDAM_DS_REGISTER_160726.pdf,2026-07-16,2026-08-08,PDF,pdf_table_extraction,structured_pdf_auto
IE-DS-efac027c138a80,Westmeath County Council,603,45 Connaught Street,Town/townland: Athlone,,,,not_available,not_available,,,,,2014-12-12,,https://www.westmeathcoco.ie/en/media/MDAM_DS_REGISTER_160726.pdf,2026-07-16,2026-08-08,PDF,pdf_table_extraction,structured_pdf_auto
IE-DS-979465b32044ec,Westmeath County Council,627,Toorvalley Est. Moate,Town/townland: Moate,,,,not_available,not_available,,,,,2015-03-24,,https://www.westmeathcoco.ie/en/media/MDAM_DS_REGISTER_160726.pdf,2026-07-16,2026-08-08,PDF,pdf_table_extraction,structured_pdf_auto
IE-DS-ca5f7fa7eb97a2,Westmeath County Council,636,"Kilbeggan, Brewery House",Town/townland: Kilbeggan,,,,not_available,not_available,,,,,2016-07-19,,https://www.westmeathcoco.ie/en/media/MDAM_DS_REGISTER_160726.pdf,2026-07-16,2026-08-08,PDF,pdf_table_extraction,structured_pdf_auto
IE-DS-065c8bfe2464e6,Westmeath County Council,637,"Mullingar Road, Kilbeggan",Town/townland: Kilbeggan,,,,not_available,not_available,,,,,2016-07-19,,https://www.westmeathcoco.ie/en/media/MDAM_DS_REGISTER_160726.pdf,2026-07-16,2026-08-08,PDF,pdf_table_extraction,structured_pdf_auto
IE-DS-717aac74fc3619,Westmeath County Council,651,"Cullionbeg, Mullingar",Town/townland: Mullingar,,,,not_available,not_available,,,,,,,https://www.westmeathcoco.ie/en/media/MDAM_DS_REGISTER_160726.pdf,2026-07-16,2026-08-08,PDF,pdf_table_extraction,structured_pdf_auto
IE-DS-7c4b5d02d4a8e8,Westmeath County Council,663,"Pub at Junction of Trim Rd, Kinnegad",Town/townland: Kinnegad,,,,not_available,not_available,,,,,,,https://www.westmeathcoco.ie/en/media/MDAM_DS_REGISTER_160726.pdf,2026-07-16,2026-08-08,PDF,pdf_table_extraction,structured_pdf_auto
IE-DS-6acb6f89c19625,Westmeath County Council,689,9 St Mary's Place,Town/townland: Athlone,,,,not_available,not_available,,,,,2017-07-18,,https://www.westmeathcoco.ie/en/media/MDAM_DS_REGISTER_160726.pdf,2026-07-16,2026-08-08,PDF,pdf_table_extraction,structured_pdf_auto
IE-DS-564dada4d5c24c,Westmeath County Council,690,10 St Mary's Place,Town/townland: Athlone,,,,not_available,not_available,,,,,2017-07-18,,https://www.westmeathcoco.ie/en/media/MDAM_DS_REGISTER_160726.pdf,2026-07-16,2026-08-08,PDF,pdf_table_extraction,structured_pdf_auto
IE-DS-db35562b133a01,Westmeath County Council,691,"Main St, Delvin",Town/townland: Delvin,,,,not_available,not_available,,,,,,,https://www.westmeathcoco.ie/en/media/MDAM_DS_REGISTER_160726.pdf,2026-07-16,2026-08-08,PDF,pdf_table_extraction,structured_pdf_auto
IE-DS-bb94ee0b873721,Westmeath County Council,692,"Patrick St, Mullingar",Town/townland: Mullingar,,,,not_available,not_available,,,,,2019-09-30,,https://www.westmeathcoco.ie/en/media/MDAM_DS_REGISTER_160726.pdf,2026-07-16,2026-08-08,PDF,pdf_table_extraction,structured_pdf_auto
IE-DS-03cba56a1a9cf3,Westmeath County Council,713,"Derravaragh Court, Castlepollard",Town/townland: Castlepollard,,,,not_available,not_available,,,,,,,https://www.westmeathcoco.ie/en/media/MDAM_DS_REGISTER_160726.pdf,2026-07-16,2026-08-08,PDF,pdf_table_extraction,structured_pdf_auto
IE-DS-054a1f433b6c03,Westmeath County Council,729,"Athlone Glass Site, Clonown Road, Doovoge, Athlone",Town/townland: Doovoge,,,,not_available,not_available,,,,,2018-01-31,,https://www.westmeathcoco.ie/en/media/MDAM_DS_REGISTER_160726.pdf,2026-07-16,2026-08-08,PDF,pdf_table_extraction,structured_pdf_auto
IE-DS-afcce38dc61a69,Westmeath County Council,754,"The Bungalow, Mullingar Rd, Kinnegad N91 AX21",Town/townland: Kinnegad,N91 AX21,,,not_available,not_available,,,,,,,https://www.westmeathcoco.ie/en/media/MDAM_DS_REGISTER_160726.pdf,2026-07-16,2026-08-08,PDF,pdf_table_extraction,structured_pdf_auto
IE-DS-3f78c854df738c,Westmeath County Council,756,"Oakcrest, Mullingar",Town/townland: Mullingar,,,,not_available,not_available,,,,,,,https://www.westmeathcoco.ie/en/media/MDAM_DS_REGISTER_160726.pdf,2026-07-16,2026-08-08,PDF,pdf_table_extraction,structured_pdf_auto
IE-DS-b5734819bf6643,Westmeath County Council,758,"Former Hammond Lane, Bellaugh, Athlone",Town/townland: Athlone,,,,not_available,not_available,,,,,2023-07-05,,https://www.westmeathcoco.ie/en/media/MDAM_DS_REGISTER_160726.pdf,2026-07-16,2026-08-08,PDF,pdf_table_extraction,structured_pdf_auto
IE-DS-fcb2fc15529230,Westmeath County Council,759,"Former Texas Oil, Bellaugh, Athlone",Town/townland: Athlone,,,,not_available,not_available,,,,,2023-07-05,,https://www.westmeathcoco.ie/en/media/MDAM_DS_REGISTER_160726.pdf,2026-07-16,2026-08-08,PDF,pdf_table_extraction,structured_pdf_auto
IE-DS-519076e1d15034,Westmeath County Council,761,"Main Street, Moate, Co. Westmeath, N37 AK24",Town/townland: Moate,N37 AK24,,,not_available,not_available,,,,,2023-05-16,,https://www.westmeathcoco.ie/en/media/MDAM_DS_REGISTER_160726.pdf,2026-07-16,2026-08-08,PDF,pdf_table_extraction,structured_pdf_auto
IE-DS-5bd3d6c2609953,Westmeath County Council,762,"Kilcleagh, Castledaly, Co. Westmeath",Town/townland: Moate,,,,not_available,not_available,,,,,2024-06-24,,https://www.westmeathcoco.ie/en/media/MDAM_DS_REGISTER_160726.pdf,2026-07-16,2026-08-08,PDF,pdf_table_extraction,structured_pdf_auto
IE-DS-7781913f56ad75,Westmeath County Council,770,23 Toorvalley Moate Co Westmeath,Town/townland: Moate,,,,not_available,not_available,,,,,2025-11-21,,https://www.westmeathcoco.ie/en/media/MDAM_DS_REGISTER_160726.pdf,2026-07-16,2026-08-08,PDF,pdf_table_extraction,structured_pdf_auto
IE-DS-76355f3bf63e20,Westmeath County Council,771,Pearse Street & O'Connell Street,Town/townland: Athlone,,,,not_available,not_available,,,,,2025-11-11,,https://www.westmeathcoco.ie/en/media/MDAM_DS_REGISTER_160726.pdf,2026-07-16,2026-08-08,PDF,pdf_table_extraction,structured_pdf_auto
IE-DS-3b76e9f77d4039,Westmeath County Council,773,"4 Castlemine Street, Athlone or (Brideswells Street)",Town/townland: Athlone,,,,not_available,not_available,,,,,2026-04-24,,https://www.westmeathcoco.ie/en/media/MDAM_DS_REGISTER_160726.pdf,2026-07-16,2026-08-08,PDF,pdf_table_extraction,structured_pdf_auto
IE-DS-2b4d8e0d0cc87d,Westmeath County Council,774,2 Lower Road Athlone,Town/townland: Athlone,,,,not_available,not_available,,,,,2026-06-10,,https://www.westmeathcoco.ie/en/media/MDAM_DS_REGISTER_160726.pdf,2026-07-16,2026-08-08,PDF,pdf_table_extraction,structured_pdf_auto
IE-DS-c200140385d00b,Westmeath County Council,775,Bower View Athlone,Town/townland: Athlone,,,,not_available,not_available,,,,,2026-06-10,,https://www.westmeathcoco.ie/en/media/MDAM_DS_REGISTER_160726.pdf,2026-07-16,2026-08-08,PDF,pdf_table_extraction,structured_pdf_auto
IE-DS-d58785560f2bde,Westmeath County Council,784,30 Sarsfield Square Athlone Co Westmeath,Town/townland: Athlone,,,,not_available,not_available,,,,,2026-06-10,,https://www.westmeathcoco.ie/en/media/MDAM_DS_REGISTER_160726.pdf,2026-07-16,2026-08-08,PDF,pdf_table_extraction,structured_pdf_auto
IE-DS-728c4b3a50272a,Westmeath County Council,785,58 Sarsfield Square Athlone Co Westmeath,Town/townland: Athlone,,,,not_available,not_available,,,,,2026-06-10,,https://www.westmeathcoco.ie/en/media/MDAM_DS_REGISTER_160726.pdf,2026-07-16,2026-08-08,PDF,pdf_table_extraction,structured_pdf_auto
IE-DS-e923e436dac831,Westmeath County Council,786,89 Sarsfield Square Athlone Co Westmeath,Town/townland: Athlone,,,,not_available,not_available,,,,,2026-06-10,,https://www.westmeathcoco.ie/en/media/MDAM_DS_REGISTER_160726.pdf,2026-07-16,2026-08-08,PDF,pdf_table_extraction,structured_pdf_auto
IE-DS-78b4ce4dc7a145,Westmeath County Council,787,112 Sarsfield Square Athlone Co Westmeath,Town/townland: Athlone,,,,not_available,not_available,,,,,2026-06-10,,https://www.westmeathcoco.ie/en/media/MDAM_DS_REGISTER_160726.pdf,2026-07-16,2026-08-08,PDF,pdf_table_extraction,structured_pdf_auto
IE-DS-354a1101a1c55a,Westmeath County Council,788,Site at MacDiarmada Road Athlone Co Westmeath,Town/townland: Athlone,,,,not_available,not_available,,,,,2026-07-14,,https://www.westmeathcoco.ie/en/media/MDAM_DS_REGISTER_160726.pdf,2026-07-16,2026-08-08,PDF,pdf_table_extraction,structured_pdf_auto
IE-DS-600439d3ac3ef0,Westmeath County Council,789,Site at MacDiarmada Road Athlone Co Westmeath,Town/townland: Athlone,,,,not_available,not_available,,,,,2026-07-14,,https://www.westmeathcoco.ie/en/media/MDAM_DS_REGISTER_160726.pdf,2026-07-16,2026-08-08,PDF,pdf_table_extraction,structured_pdf_auto
IE-DS-7b7a8796ccf8c0,Wexford County Council,DER2024-060,"Wilmslow, The Avenue, Gorey, Co. Wexford",,,,,not_available,not_available,,,,,2025-11-04,,https://www.wexfordcoco.ie/sites/default/files/content/Planning/Derelict%20Site%20Register%20March%202026.pdf,2026-03-04,2026-08-08,PDF,pdf_table_extraction,structured_pdf_auto
IE-DS-10e9b7eb5de4e2,Wexford County Council,DER2024-087,"Galavan's Pub, 5 North Street, New Ross, Co. Wexford",,,,,not_available,not_available,,,,,2025-10-06,,https://www.wexfordcoco.ie/sites/default/files/content/Planning/Derelict%20Site%20Register%20March%202026.pdf,2026-03-04,2026-08-08,PDF,pdf_table_extraction,structured_pdf_auto
IE-DS-9c8b199d69ce0c,Wexford County Council,DER2024-046,"34 Assumption Terrace, New Ross, Co. Wexford",,,,,not_available,not_available,,,,,2025-10-06,,https://www.wexfordcoco.ie/sites/default/files/content/Planning/Derelict%20Site%20Register%20March%202026.pdf,2026-03-04,2026-08-08,PDF,pdf_table_extraction,structured_pdf_auto
IE-DS-f1229a87aae43a,Wexford County Council,DER2024-076,"7 Green Street, Wexford",,,,,not_available,not_available,,,,,2025-10-06,,https://www.wexfordcoco.ie/sites/default/files/content/Planning/Derelict%20Site%20Register%20March%202026.pdf,2026-03-04,2026-08-08,PDF,pdf_table_extraction,structured_pdf_auto
IE-DS-7966eac910c3ba,Wexford County Council,DER2024-028,"15 Haughton Place, New Ross, Co. Wexford",,,,,not_available,not_available,,,,,2025-09-15,,https://www.wexfordcoco.ie/sites/default/files/content/Planning/Derelict%20Site%20Register%20March%202026.pdf,2026-03-04,2026-08-08,PDF,pdf_table_extraction,structured_pdf_auto
IE-DS-f93ab8ea88b048,Wexford County Council,DER2023-089,"31 Drumgoold Villas,Enniscorthy, Co. Wexford",,,,,not_available,not_available,,,,,2025-09-09,,https://www.wexfordcoco.ie/sites/default/files/content/Planning/Derelict%20Site%20Register%20March%202026.pdf,2026-03-04,2026-08-08,PDF,pdf_table_extraction,structured_pdf_auto
IE-DS-99309d7c410df0,Wexford County Council,DER2024-079,"Site at Clonard Road (Rear of Circle K Garage), Wexford",,,,,not_available,not_available,,,,,2025-09-09,,https://www.wexfordcoco.ie/sites/default/files/content/Planning/Derelict%20Site%20Register%20March%202026.pdf,2026-03-04,2026-08-08,PDF,pdf_table_extraction,structured_pdf_auto
IE-DS-44a0779d5eb992,Wexford County Council,DER2023-132,"13 Priory Lane, New Ross, Co. Wexford",,,,,not_available,not_available,,,,,2025-08-18,,https://www.wexfordcoco.ie/sites/default/files/content/Planning/Derelict%20Site%20Register%20March%202026.pdf,2026-03-04,2026-08-08,PDF,pdf_table_extraction,structured_pdf_auto
IE-DS-3fa79247c48196,Wexford County Council,DER2023-102,"12 Priory Lane, New Ross, Co. Wexford",,,,,not_available,not_available,,,,,2025-07-28,,https://www.wexfordcoco.ie/sites/default/files/content/Planning/Derelict%20Site%20Register%20March%202026.pdf,2026-03-04,2026-08-08,PDF,pdf_table_extraction,structured_pdf_auto
IE-DS-fa8b5c668539a3,Wexford County Council,DER2024-023,"The Shannon, Enniscorthy, Co. Wexford",,,,,not_available,not_available,,,,,2025-07-28,,https://www.wexfordcoco.ie/sites/default/files/content/Planning/Derelict%20Site%20Register%20March%202026.pdf,2026-03-04,2026-08-08,PDF,pdf_table_extraction,structured_pdf_auto
IE-DS-7717485e7597ef,Wexford County Council,DER2024-048,"Clologue Lower, Camolin, Co. Wexford",,,,,not_available,not_available,,,,,2025-06-24,100000,https://www.wexfordcoco.ie/sites/default/files/content/Planning/Derelict%20Site%20Register%20March%202026.pdf,2026-03-04,2026-08-08,PDF,pdf_table_extraction,structured_pdf_auto
IE-DS-87fa916243cb5f,Wexford County Council,DER2023-137,"1 Mayview Park, Oulart, Co. Wexford",,,,,not_available,not_available,,,,,2025-06-19,140000,https://www.wexfordcoco.ie/sites/default/files/content/Planning/Derelict%20Site%20Register%20March%202026.pdf,2026-03-04,2026-08-08,PDF,pdf_table_extraction,structured_pdf_auto
IE-DS-064cb9016e8902,Wexford County Council,DER2023-054,"7 Skeffington Street, Wexford",,,,,not_available,not_available,,,,,2025-06-19,110000,https://www.wexfordcoco.ie/sites/default/files/content/Planning/Derelict%20Site%20Register%20March%202026.pdf,2026-03-04,2026-08-08,PDF,pdf_table_extraction,structured_pdf_auto
IE-DS-67847984f4c08f,Wexford County Council,DER2023-011,"Former McNulty's, 27 South Street, New Ross, Co. Wexford",,,,,not_available,not_available,,,,,2025-06-18,75000,https://www.wexfordcoco.ie/sites/default/files/content/Planning/Derelict%20Site%20Register%20March%202026.pdf,2026-03-04,2026-08-08,PDF,pdf_table_extraction,structured_pdf_auto
IE-DS-08119fd1f2ca7f,Wexford County Council,DER2023-013,"Old School House, Marshalstown, Enniscorthy, Co. Wexford",,,,,not_available,not_available,,,,,2025-06-18,,https://www.wexfordcoco.ie/sites/default/files/content/Planning/Derelict%20Site%20Register%20March%202026.pdf,2026-03-04,2026-08-08,PDF,pdf_table_extraction,structured_pdf_auto
IE-DS-9be6f63343e33f,Wexford County Council,DER2022-017,"Vacant Unit, Esmonde Street, Gorey, Co. Wexford",,,,,not_available,not_available,,,,,2025-04-28,250000,https://www.wexfordcoco.ie/sites/default/files/content/Planning/Derelict%20Site%20Register%20March%202026.pdf,2026-03-04,2026-08-08,PDF,pdf_table_extraction,structured_pdf_auto
IE-DS-6d0bccd4f7be2b,Wexford County Council,DER2024-037,"Derelict Dwelling, Main Street, Ferns, Co. Wexford",,,,,not_available,not_available,,,,,2025-03-12,,https://www.wexfordcoco.ie/sites/default/files/content/Planning/Derelict%20Site%20Register%20March%202026.pdf,2026-03-04,2026-08-08,PDF,pdf_table_extraction,structured_pdf_auto
IE-DS-4de29a946833b8,Wexford County Council,DER2023-133,"Castle Ellis, The Ballagh, Co. Wexford",,,,,not_available,not_available,,,,,2025-03-12,125000,https://www.wexfordcoco.ie/sites/default/files/content/Planning/Derelict%20Site%20Register%20March%202026.pdf,2026-03-04,2026-08-08,PDF,pdf_table_extraction,structured_pdf_auto
IE-DS-55f6033c2772a9,Wexford County Council,DER2023-090,"Derelict Site, Carnew Road, Ferns, Co. Wexford",,,,,not_available,not_available,,,,,2025-03-12,,https://www.wexfordcoco.ie/sites/default/files/content/Planning/Derelict%20Site%20Register%20March%202026.pdf,2026-03-04,2026-08-08,PDF,pdf_table_extraction,structured_pdf_auto
IE-DS-fa19b2c151c7e3,Wexford County Council,DER2024-038,"Site Adj acent to Applegreen, Ferns, Co. Wexford",,,,,not_available,not_available,,,,,2025-03-12,,https://www.wexfordcoco.ie/sites/default/files/content/Planning/Derelict%20Site%20Register%20March%202026.pdf,2026-03-04,2026-08-08,PDF,pdf_table_extraction,structured_pdf_auto
IE-DS-5f41daa1a8befc,Wexford County Council,DER2022-035,"No. 1 Columba Villas, Wexford Town, Co. Wexford",,,,,not_available,not_available,,,,,2025-02-14,,https://www.wexfordcoco.ie/sites/default/files/content/Planning/Derelict%20Site%20Register%20March%202026.pdf,2026-03-04,2026-08-08,PDF,pdf_table_extraction,structured_pdf_auto
IE-DS-c0c0ee5bc9efab,Wexford County Council,DER2023-059,"The Old Grainstore, Bridgetown, Co. Wexford",,,,,not_available,not_available,,,,,2025-02-10,200000,https://www.wexfordcoco.ie/sites/default/files/content/Planning/Derelict%20Site%20Register%20March%202026.pdf,2026-03-04,2026-08-08,PDF,pdf_table_extraction,structured_pdf_auto
IE-DS-c0cfe10f19524c,Wexford County Council,DER2023-060,"Assaly Little, Killinick, Co. Wexford",,,,,not_available,not_available,,,,,2025-02-10,100000,https://www.wexfordcoco.ie/sites/default/files/content/Planning/Derelict%20Site%20Register%20March%202026.pdf,2026-03-04,2026-08-08,PDF,pdf_table_extraction,structured_pdf_auto
IE-DS-b4670d53446bfe,Wexford County Council,DER2020-028,"Bungalow at Ballybrennan, Killinick, Co. Wexford",,,,,not_available,not_available,,,,,2025-02-10,,https://www.wexfordcoco.ie/sites/default/files/content/Planning/Derelict%20Site%20Register%20March%202026.pdf,2026-03-04,2026-08-08,PDF,pdf_table_extraction,structured_pdf_auto
IE-DS-50c79810f4839e,Wexford County Council,DER2020-027,"Bridgetown North, Bridgetown, Co. Wexford",,,,,not_available,not_available,,,,,2025-02-10,,https://www.wexfordcoco.ie/sites/default/files/content/Planning/Derelict%20Site%20Register%20March%202026.pdf,2026-03-04,2026-08-08,PDF,pdf_table_extraction,structured_pdf_auto
IE-DS-c5758a97772609,Wexford County Council,DER2024-043,"Greenlawn, Clonard Road, Wexford Town",,,,,not_available,not_available,,,,,2025-02-10,120000,https://www.wexfordcoco.ie/sites/default/files/content/Planning/Derelict%20Site%20Register%20March%202026.pdf,2026-03-04,2026-08-08,PDF,pdf_table_extraction,structured_pdf_auto
IE-DS-ca7560829dc652,Wexford County Council,DER2024-002,"House B, Danescastle, Bannow, Co. Wexford",,,,,not_available,not_available,,,,,2025-02-10,,https://www.wexfordcoco.ie/sites/default/files/content/Planning/Derelict%20Site%20Register%20March%202026.pdf,2026-03-04,2026-08-08,PDF,pdf_table_extraction,structured_pdf_auto
IE-DS-1eec1ad44cc609,Wexford County Council,DER2024-001,"House A Danescastle, Bannow, Co. Wexford",,,,,not_available,not_available,,,,,2025-02-10,250000,https://www.wexfordcoco.ie/sites/default/files/content/Planning/Derelict%20Site%20Register%20March%202026.pdf,2026-03-04,2026-08-08,PDF,pdf_table_extraction,structured_pdf_auto
IE-DS-52c9574327e9b8,Wexford County Council,DER2023-108,"49 Michael Street, New Ross, Co. Wexford",,,,,not_available,not_available,,,,,2025-02-10,,https://www.wexfordcoco.ie/sites/default/files/content/Planning/Derelict%20Site%20Register%20March%202026.pdf,2026-03-04,2026-08-08,PDF,pdf_table_extraction,structured_pdf_auto
IE-DS-b79bbb03843dfe,Wexford County Council,DER2024-018,"No. 51 Chestnut Walk, Kilmuckridge, Co. Wexford",,,,,not_available,not_available,,,,,2025-02-10,,https://www.wexfordcoco.ie/sites/default/files/content/Planning/Derelict%20Site%20Register%20March%202026.pdf,2026-03-04,2026-08-08,PDF,pdf_table_extraction,structured_pdf_auto
IE-DS-542d5d6c7a31c7,Wexford County Council,DER2023-135,"No. 53 South Main Street, Wexford Town",,,,,not_available,not_available,,,,,2025-01-30,,https://www.wexfordcoco.ie/sites/default/files/content/Planning/Derelict%20Site%20Register%20March%202026.pdf,2026-03-04,2026-08-08,PDF,pdf_table_extraction,structured_pdf_auto
IE-DS-98cdb9a20a6dca,Wexford County Council,DER2023-118,"27 Mary Street, New Ross, Co. Wexford",,,,,not_available,not_available,,,,,2025-01-28,,https://www.wexfordcoco.ie/sites/default/files/content/Planning/Derelict%20Site%20Register%20March%202026.pdf,2026-03-04,2026-08-08,PDF,pdf_table_extraction,structured_pdf_auto
IE-DS-f6ae7698d097ac,Wexford County Council,DER2023-047,"49 Bewley Street, New Ross, Co. Wexford",,,,,not_available,not_available,,,,,2025-01-28,,https://www.wexfordcoco.ie/sites/default/files/content/Planning/Derelict%20Site%20Register%20March%202026.pdf,2026-03-04,2026-08-08,PDF,pdf_table_extraction,structured_pdf_auto
IE-DS-f387b2a1df70c8,Wexford County Council,DER2023-134,"Former Farrell's Furniture, Harpur's Lane, Wexford",,,,,not_available,not_available,,,,,2025-01-28,185000,https://www.wexfordcoco.ie/sites/default/files/content/Planning/Derelict%20Site%20Register%20March%202026.pdf,2026-03-04,2026-08-08,PDF,pdf_table_extraction,structured_pdf_auto
IE-DS-324007b0ce308e,Wexford County Council,DER2020-037,"17 Coolcotts Court, Wexford",,,,,not_available,not_available,,,,,2025-01-28,,https://www.wexfordcoco.ie/sites/default/files/content/Planning/Derelict%20Site%20Register%20March%202026.pdf,2026-03-04,2026-08-08,PDF,pdf_table_extraction,structured_pdf_auto
IE-DS-877d7373699122,Wexford County Council,DER2024-024,"Spring Valley, Enniscorthy, Co. Wexford",,,,,not_available,not_available,,,,,2025-01-13,,https://www.wexfordcoco.ie/sites/default/files/content/Planning/Derelict%20Site%20Register%20March%202026.pdf,2026-03-04,2026-08-08,PDF,pdf_table_extraction,structured_pdf_auto
IE-DS-f04f2d782736ca,Wexford County Council,DER2022-026,"16 Hill Street, Wexford",,,,,not_available,not_available,,,,,2024-11-20,,https://www.wexfordcoco.ie/sites/default/files/content/Planning/Derelict%20Site%20Register%20March%202026.pdf,2026-03-04,2026-08-08,PDF,pdf_table_extraction,structured_pdf_auto
IE-DS-b7d8b8df5bae2e,Wexford County Council,DER2024-050,"11 Quay Street, New Ross, Co. Wexford",,,,,not_available,not_available,,,,,2024-10-31,,https://www.wexfordcoco.ie/sites/default/files/content/Planning/Derelict%20Site%20Register%20March%202026.pdf,2026-03-04,2026-08-08,PDF,pdf_table_extraction,structured_pdf_auto
IE-DS-fafc0c4a965507,Wexford County Council,DER2024-007,"16 Skeffington Street, Wexford",,,,,not_available,not_available,,,,,2024-10-31,110000,https://www.wexfordcoco.ie/sites/default/files/content/Planning/Derelict%20Site%20Register%20March%202026.pdf,2026-03-04,2026-08-08,PDF,pdf_table_extraction,structured_pdf_auto
IE-DS-2ef926b7926db6,Wexford County Council,DER2024-006,"6 Skeffington Street, Wexford",,,,,not_available,not_available,,,,,2024-10-31,,https://www.wexfordcoco.ie/sites/default/files/content/Planning/Derelict%20Site%20Register%20March%202026.pdf,2026-03-04,2026-08-08,PDF,pdf_table_extraction,structured_pdf_auto
IE-DS-1e6a6986a72375,Wexford County Council,DER2023-087,"53 Talbot Green, Wexford",,,,,not_available,not_available,,,,,2024-10-31,,https://www.wexfordcoco.ie/sites/default/files/content/Planning/Derelict%20Site%20Register%20March%202026.pdf,2026-03-04,2026-08-08,PDF,pdf_table_extraction,structured_pdf_auto
IE-DS-9417f416061d85,Wexford County Council,DER2023-062,"122 South Main Street, Wexford",,,,,not_available,not_available,,,,,2024-10-31,,https://www.wexfordcoco.ie/sites/default/files/content/Planning/Derelict%20Site%20Register%20March%202026.pdf,2026-03-04,2026-08-08,PDF,pdf_table_extraction,structured_pdf_auto
IE-DS-e983080e114cfc,Wexford County Council,DER2023-009,"The Old Hospital (Wexford Workhouse) Old Hospital Road, Wexford",,,,,not_available,not_available,,,,,2024-10-31,,https://www.wexfordcoco.ie/sites/default/files/content/Planning/Derelict%20Site%20Register%20March%202026.pdf,2026-03-04,2026-08-08,PDF,pdf_table_extraction,structured_pdf_auto
IE-DS-df6a0179cf5c86,Wexford County Council,DER2023-061,"No. 1 South Main Street (Formerly Shoe Zone), Wexford",,,,,not_available,not_available,,,,,2024-10-16,,https://www.wexfordcoco.ie/sites/default/files/content/Planning/Derelict%20Site%20Register%20March%202026.pdf,2026-03-04,2026-08-08,PDF,pdf_table_extraction,structured_pdf_auto
IE-DS-36e26cb618a944,Wexford County Council,DER2022-012,"Angle Hill, Cornwall, Killurin, Co. Wexford",,,,,not_available,not_available,,,,,2024-10-16,,https://www.wexfordcoco.ie/sites/default/files/content/Planning/Derelict%20Site%20Register%20March%202026.pdf,2026-03-04,2026-08-08,PDF,pdf_table_extraction,structured_pdf_auto
IE-DS-920a073c94393f,Wexford County Council,DER2024-041,"Old Pub, Hookless Village, Fethard-on-Sea. Co. Wexford",,,,,not_available,not_available,,,,,2024-10-16,150000,https://www.wexfordcoco.ie/sites/default/files/content/Planning/Derelict%20Site%20Register%20March%202026.pdf,2026-03-04,2026-08-08,PDF,pdf_table_extraction,structured_pdf_auto
IE-DS-2f2acbd5a7ce3e,Wexford County Council,DER2023-129,"106 Hookless Village, Fethard-on-Sea, Co. Wexford",,,,,not_available,not_available,,,,,2024-10-16,,https://www.wexfordcoco.ie/sites/default/files/content/Planning/Derelict%20Site%20Register%20March%202026.pdf,2026-03-04,2026-08-08,PDF,pdf_table_extraction,structured_pdf_auto
IE-DS-bba0b83e866d62,Wexford County Council,DER2023-128,"105 Hookless Village, Fethard-on-Sea, Co. Wexford",,,,,not_available,not_available,,,,,2024-10-16,,https://www.wexfordcoco.ie/sites/default/files/content/Planning/Derelict%20Site%20Register%20March%202026.pdf,2026-03-04,2026-08-08,PDF,pdf_table_extraction,structured_pdf_auto
IE-DS-e651aa934dd920,Wexford County Council,DER2023-127,"104 Hookless Village, Fethard-on-Sea, Co. Wexford",,,,,not_available,not_available,,,,,2024-10-16,,https://www.wexfordcoco.ie/sites/default/files/content/Planning/Derelict%20Site%20Register%20March%202026.pdf,2026-03-04,2026-08-08,PDF,pdf_table_extraction,structured_pdf_auto
IE-DS-441a468758b01f,Wexford County Council,DER2023-126,"103 Hookless Village, Fethard-on-Sea, Co. Wexford",,,,,not_available,not_available,,,,,2024-10-16,,https://www.wexfordcoco.ie/sites/default/files/content/Planning/Derelict%20Site%20Register%20March%202026.pdf,2026-03-04,2026-08-08,PDF,pdf_table_extraction,structured_pdf_auto
IE-DS-0669c30d84823a,Wexford County Council,DER2023-130,"Old Court House, Gorey, Co. Wexford",,,,,not_available,not_available,,,,,2024-10-14,650000,https://www.wexfordcoco.ie/sites/default/files/content/Planning/Derelict%20Site%20Register%20March%202026.pdf,2026-03-04,2026-08-08,PDF,pdf_table_extraction,structured_pdf_auto
IE-DS-80d8c8a72c3f17,Wexford County Council,DER2023-007,"12 Bewley Street, New Ross, Co. Wexford",,,,,not_available,not_available,,,,,2024-10-14,75000,https://www.wexfordcoco.ie/sites/default/files/content/Planning/Derelict%20Site%20Register%20March%202026.pdf,2026-03-04,2026-08-08,PDF,pdf_table_extraction,structured_pdf_auto
IE-DS-515f63231c78a5,Wexford County Council,DER2023-109,"48 Michael Street, New Ross, Co. Wexford",,,,,not_available,not_available,,,,,2024-10-10,,https://www.wexfordcoco.ie/sites/default/files/content/Planning/Derelict%20Site%20Register%20March%202026.pdf,2026-03-04,2026-08-08,PDF,pdf_table_extraction,structured_pdf_auto
IE-DS-7da15b625ae26d,Wexford County Council,DER2023-008,"16 Bewley Street, New Ross, Co. Wexford",,,,,not_available,not_available,,,,,2024-10-10,,https://www.wexfordcoco.ie/sites/default/files/content/Planning/Derelict%20Site%20Register%20March%202026.pdf,2026-03-04,2026-08-08,PDF,pdf_table_extraction,structured_pdf_auto
IE-DS-86a35afbac0bbb,Wexford County Council,DER2023-088,"1 Saint Peter's Square, Wexford",,,,,not_available,not_available,,,,,2024-10-07,200000,https://www.wexfordcoco.ie/sites/default/files/content/Planning/Derelict%20Site%20Register%20March%202026.pdf,2026-03-04,2026-08-08,PDF,pdf_table_extraction,structured_pdf_auto
IE-DS-253872b37f484d,Wexford County Council,DER2022-024,"Two Dwellings, Ballinatray Lower, Courtown, Co. Wexford",,,,,not_available,not_available,,,,,2024-10-07,,https://www.wexfordcoco.ie/sites/default/files/content/Planning/Derelict%20Site%20Register%20March%202026.pdf,2026-03-04,2026-08-08,PDF,pdf_table_extraction,structured_pdf_auto
IE-DS-50428ed7af9d3a,Wexford County Council,DER2018-011,"Walsheslough, Rosslare Strand, Co. Wexford",,,,,not_available,not_available,,,,,2024-09-16,,https://www.wexfordcoco.ie/sites/default/files/content/Planning/Derelict%20Site%20Register%20March%202026.pdf,2026-03-04,2026-08-08,PDF,pdf_table_extraction,structured_pdf_auto
IE-DS-e59fddd7a37475,Wexford County Council,DER2024-017,"Former Coogan's Pub/Kavanagh's Pub, Shannon Quay, Enniscorthy, Co. Wexford",,,,,not_available,not_available,,,,,2024-08-26,150000,https://www.wexfordcoco.ie/sites/default/files/content/Planning/Derelict%20Site%20Register%20March%202026.pdf,2026-03-04,2026-08-08,PDF,pdf_table_extraction,structured_pdf_auto
IE-DS-546af4af38c3ea,Wexford County Council,DER2021-045,"Brownswood, Enniscorthy, Co. Wexford",,,,,not_available,not_available,,,,,2024-08-26,50000,https://www.wexfordcoco.ie/sites/default/files/content/Planning/Derelict%20Site%20Register%20March%202026.pdf,2026-03-04,2026-08-08,PDF,pdf_table_extraction,structured_pdf_auto
IE-DS-14ed9c75fa7631,Wexford County Council,DER2023-057,"Journeys End, Ballymoney, Gorey, Co. Wexford",,,,,not_available,not_available,,,,,2024-06-21,175000,https://www.wexfordcoco.ie/sites/default/files/content/Planning/Derelict%20Site%20Register%20March%202026.pdf,2026-03-04,2026-08-08,PDF,pdf_table_extraction,structured_pdf_auto
IE-DS-7f256623fc2f23,Wexford County Council,DER2023-003,"Ballycanew Grove (2), Ballycanew, Co. Wexford",,,,,not_available,not_available,,,,,2024-05-31,75000,https://www.wexfordcoco.ie/sites/default/files/content/Planning/Derelict%20Site%20Register%20March%202026.pdf,2026-03-04,2026-08-08,PDF,pdf_table_extraction,structured_pdf_auto
IE-DS-0f3c9af52a3a9f,Wexford County Council,DER2023-099,"6 Duffry Street, Enniscorthy, Co. Wexford",,,,,not_available,not_available,,,,,2024-05-27,,https://www.wexfordcoco.ie/sites/default/files/content/Planning/Derelict%20Site%20Register%20March%202026.pdf,2026-03-04,2026-08-08,PDF,pdf_table_extraction,structured_pdf_auto
IE-DS-599d07b3c1101e,Wexford County Council,DER2023-001,"The Ward House, Milltown, Tagoat, Co. Wexford",,,,,not_available,not_available,,,,,2024-05-24,,https://www.wexfordcoco.ie/sites/default/files/content/Planning/Derelict%20Site%20Register%20March%202026.pdf,2026-03-04,2026-08-08,PDF,pdf_table_extraction,structured_pdf_auto
IE-DS-704007f236be81,Wexford County Council,DER2023-136,"Swimming Pool at Hookless Village, Fethard-on-Sea, Co. Wexford",,,,,not_available,not_available,,,,,2024-05-20,100000,https://www.wexfordcoco.ie/sites/default/files/content/Planning/Derelict%20Site%20Register%20March%202026.pdf,2026-03-04,2026-08-08,PDF,pdf_table_extraction,structured_pdf_auto
IE-DS-fcbdeece650741,Wexford County Council,DER2024-003,"Former Mulcahy Paintings, 98 North Main Street, Wexford",,,,,not_available,not_available,,,,,2024-05-16,280000,https://www.wexfordcoco.ie/sites/default/files/content/Planning/Derelict%20Site%20Register%20March%202026.pdf,2026-03-04,2026-08-08,PDF,pdf_table_extraction,structured_pdf_auto
IE-DS-3953ea8d9177c4,Wexford County Council,DER2023-024,"The Old Mill, Bridgetown Co. Wexford",,,,,not_available,not_available,,,,,2024-04-25,70000,https://www.wexfordcoco.ie/sites/default/files/content/Planning/Derelict%20Site%20Register%20March%202026.pdf,2026-03-04,2026-08-08,PDF,pdf_table_extraction,structured_pdf_auto
IE-DS-b2d43145fb4932,Wexford County Council,DER2021-038,12 King Street Wexford,,,,,not_available,not_available,,,,,2024-04-15,130000,https://www.wexfordcoco.ie/sites/default/files/content/Planning/Derelict%20Site%20Register%20March%202026.pdf,2026-03-04,2026-08-08,PDF,pdf_table_extraction,structured_pdf_auto
IE-DS-4c964ae31d45a8,Wexford County Council,DER2023-042,14 King Street Wexford,,,,,not_available,not_available,,,,,2024-04-15,120000,https://www.wexfordcoco.ie/sites/default/files/content/Planning/Derelict%20Site%20Register%20March%202026.pdf,2026-03-04,2026-08-08,PDF,pdf_table_extraction,structured_pdf_auto
IE-DS-0670503f67e110,Wexford County Council,DER2023-053,"6 King Street, Wexford",,,,,not_available,not_available,,,,,2024-04-09,130000,https://www.wexfordcoco.ie/sites/default/files/content/Planning/Derelict%20Site%20Register%20March%202026.pdf,2026-03-04,2026-08-08,PDF,pdf_table_extraction,structured_pdf_auto
IE-DS-211735a459c155,Wexford County Council,DER2023-063,"8 King Street Upper, Wexford",,,,,not_available,not_available,,,,,2024-04-09,80000,https://www.wexfordcoco.ie/sites/default/files/content/Planning/Derelict%20Site%20Register%20March%202026.pdf,2026-03-04,2026-08-08,PDF,pdf_table_extraction,structured_pdf_auto
IE-DS-e27e8755ba537a,Wexford County Council,DER2023-064,"4 King Street Upper, Wexford",,,,,not_available,not_available,,,,,2024-04-09,80000,https://www.wexfordcoco.ie/sites/default/files/content/Planning/Derelict%20Site%20Register%20March%202026.pdf,2026-03-04,2026-08-08,PDF,pdf_table_extraction,structured_pdf_auto
IE-DS-cfcee270b2d29f,Wexford County Council,DER2023-115,"16 Mary street, New Ross, Co. Wexford",,,,,not_available,not_available,,,,,2024-03-26,,https://www.wexfordcoco.ie/sites/default/files/content/Planning/Derelict%20Site%20Register%20March%202026.pdf,2026-03-04,2026-08-08,PDF,pdf_table_extraction,structured_pdf_auto
IE-DS-73368be54fd1f1,Wexford County Council,DER2023-122,"36 Chapel Lane, New Ross, Co. Wexford",,,,,not_available,not_available,,,,,2024-03-26,,https://www.wexfordcoco.ie/sites/default/files/content/Planning/Derelict%20Site%20Register%20March%202026.pdf,2026-03-04,2026-08-08,PDF,pdf_table_extraction,structured_pdf_auto
IE-DS-0ca9887be97c7a,Wexford County Council,DER2023-085,"Old Discount Stre, 2 irish Street, Enniscorthy, Co. Wexford",,,,,not_available,not_available,,,,,2024-03-12,,https://www.wexfordcoco.ie/sites/default/files/content/Planning/Derelict%20Site%20Register%20March%202026.pdf,2026-03-04,2026-08-08,PDF,pdf_table_extraction,structured_pdf_auto
IE-DS-6dceae349221ba,Wexford County Council,DER2023-093,"5 Duffry Street, Enniscorthy, Co. Wexford",,,,,not_available,not_available,,,,,2024-03-12,,https://www.wexfordcoco.ie/sites/default/files/content/Planning/Derelict%20Site%20Register%20March%202026.pdf,2026-03-04,2026-08-08,PDF,pdf_table_extraction,structured_pdf_auto
IE-DS-2d55a45828b7a3,Wexford County Council,DER2023-096,"1 Templeshannon, Enniscorthy, Co. Wexford",,,,,not_available,not_available,,,,,2024-03-07,,https://www.wexfordcoco.ie/sites/default/files/content/Planning/Derelict%20Site%20Register%20March%202026.pdf,2026-03-04,2026-08-08,PDF,pdf_table_extraction,structured_pdf_auto
IE-DS-fe703f18633201,Wexford County Council,DER2023-075,"23 High Hill Street, New Ross",,,,,not_available,not_available,,,,,2023-12-20,150000,https://www.wexfordcoco.ie/sites/default/files/content/Planning/Derelict%20Site%20Register%20March%202026.pdf,2026-03-04,2026-08-08,PDF,pdf_table_extraction,structured_pdf_auto
IE-DS-bbf4d4f4788b0e,Wexford County Council,DER2022-039,"56 Bewley Street, New Ross, Co. Wexford",,,,,not_available,not_available,,,,,2023-12-19,,https://www.wexfordcoco.ie/sites/default/files/content/Planning/Derelict%20Site%20Register%20March%202026.pdf,2026-03-04,2026-08-08,PDF,pdf_table_extraction,structured_pdf_auto
IE-DS-d7b08aa29f579c,Wexford County Council,DER2022-047,"25 John Street, New Ross",,,,,not_available,not_available,,,,,2023-12-19,,https://www.wexfordcoco.ie/sites/default/files/content/Planning/Derelict%20Site%20Register%20March%202026.pdf,2026-03-04,2026-08-08,PDF,pdf_table_extraction,structured_pdf_auto
IE-DS-67fb42c2e06c99,Wexford County Council,DER2023-010,"Steele & Co. Limited, Priory Street, New Ross",,,,,not_available,not_available,,,,,2023-12-19,600000,https://www.wexfordcoco.ie/sites/default/files/content/Planning/Derelict%20Site%20Register%20March%202026.pdf,2026-03-04,2026-08-08,PDF,pdf_table_extraction,structured_pdf_auto
IE-DS-eb603e231ab460,Wexford County Council,DER2022-023,"Church View, 41 Lower John Street, Wexford",,,,,not_available,not_available,,,,,2023-12-14,70000,https://www.wexfordcoco.ie/sites/default/files/content/Planning/Derelict%20Site%20Register%20March%202026.pdf,2026-03-04,2026-08-08,PDF,pdf_table_extraction,structured_pdf_auto
IE-DS-d19b4c20fd9363,Wexford County Council,DER2023-043,"Crossroads Foodstore, Wygram Heights, Wexford",,,,,not_available,not_available,,,,,2023-12-14,200000,https://www.wexfordcoco.ie/sites/default/files/content/Planning/Derelict%20Site%20Register%20March%202026.pdf,2026-03-04,2026-08-08,PDF,pdf_table_extraction,structured_pdf_auto
IE-DS-76aaa99788a135,Wexford County Council,DER2023-021,"111 North Main Street, Wexford",,,,,not_available,not_available,,,,,2023-12-11,230000,https://www.wexfordcoco.ie/sites/default/files/content/Planning/Derelict%20Site%20Register%20March%202026.pdf,2026-03-04,2026-08-08,PDF,pdf_table_extraction,structured_pdf_auto
IE-DS-b72ad0f1630a76,Wexford County Council,DER2023-055,"9 Peter Street, Wexford",,,,,not_available,not_available,,,,,2023-12-11,90000,https://www.wexfordcoco.ie/sites/default/files/content/Planning/Derelict%20Site%20Register%20March%202026.pdf,2026-03-04,2026-08-08,PDF,pdf_table_extraction,structured_pdf_auto
IE-DS-c1b910f464f124,Wexford County Council,DER2023-081,"16 Saint Michael's Place, Gorey, Co. Wexford",,,,,not_available,not_available,,,,,2023-11-16,110000,https://www.wexfordcoco.ie/sites/default/files/content/Planning/Derelict%20Site%20Register%20March%202026.pdf,2026-03-04,2026-08-08,PDF,pdf_table_extraction,structured_pdf_auto
IE-DS-033debe4afa664,Wexford County Council,DER2023-037,"27 Saint Aidan's Villas, Enniscorthy, Co. Wexford",,,,,not_available,not_available,,,,,2023-11-07,,https://www.wexfordcoco.ie/sites/default/files/content/Planning/Derelict%20Site%20Register%20March%202026.pdf,2026-03-04,2026-08-08,PDF,pdf_table_extraction,structured_pdf_auto
IE-DS-d99b064ab01aa2,Wexford County Council,DER2020-020,"Kiltennel Church Gatelodge, Courtown, Gorey, Co. Wexford",,,,,not_available,not_available,,,,,2023-10-11,100000,https://www.wexfordcoco.ie/sites/default/files/content/Planning/Derelict%20Site%20Register%20March%202026.pdf,2026-03-04,2026-08-08,PDF,pdf_table_extraction,structured_pdf_auto
IE-DS-062ddbe2843ca2,Wexford County Council,DER2022-002,"Barnadown Upper, Gorey, Co. Wexford",,,,,not_available,not_available,,,,,2023-10-11,70000,https://www.wexfordcoco.ie/sites/default/files/content/Planning/Derelict%20Site%20Register%20March%202026.pdf,2026-03-04,2026-08-08,PDF,pdf_table_extraction,structured_pdf_auto
IE-DS-d31095ebcc84cd,Wexford County Council,DER2023-030,"Former Nightclub, Templeshannon, Enniscorthy, Co. Wexford",,,,,not_available,not_available,,,,,2023-09-12,450000,https://www.wexfordcoco.ie/sites/default/files/content/Planning/Derelict%20Site%20Register%20March%202026.pdf,2026-03-04,2026-08-08,PDF,pdf_table_extraction,structured_pdf_auto
IE-DS-f9186192ca0b66,Wexford County Council,DER2023-039,"Riverview House, Templeshannon, Enniscorthy, Co. Wexford",,,,,not_available,not_available,,,,,2023-09-12,150000,https://www.wexfordcoco.ie/sites/default/files/content/Planning/Derelict%20Site%20Register%20March%202026.pdf,2026-03-04,2026-08-08,PDF,pdf_table_extraction,structured_pdf_auto
IE-DS-382feb9a16c86e,Wexford County Council,DER2022-022,"47 Charleton Hill, New Ross, Co. Wexford",,,,,not_available,not_available,,,,,2023-08-18,80000,https://www.wexfordcoco.ie/sites/default/files/content/Planning/Derelict%20Site%20Register%20March%202026.pdf,2026-03-04,2026-08-08,PDF,pdf_table_extraction,structured_pdf_auto
IE-DS-92d07d4ae8ca43,Wexford County Council,DER2022-025,"Chapel Lane, Kyle, Oulart, Co. Wexford",,,,,not_available,not_available,,,,,2023-08-18,140000,https://www.wexfordcoco.ie/sites/default/files/content/Planning/Derelict%20Site%20Register%20March%202026.pdf,2026-03-04,2026-08-08,PDF,pdf_table_extraction,structured_pdf_auto
IE-DS-5d1054f97e8c86,Wexford County Council,DER2022-034,"Former Ann's Hair Salon, Main Street, Taghmon, Co. Wexford",,,,,not_available,not_available,,,,,2023-07-04,100000,https://www.wexfordcoco.ie/sites/default/files/content/Planning/Derelict%20Site%20Register%20March%202026.pdf,2026-03-04,2026-08-08,PDF,pdf_table_extraction,structured_pdf_auto
IE-DS-9ea9347f194e3d,Wexford County Council,DER2022-037,"55 Davitt Road South, Wexford",,,,,not_available,not_available,,,,,2023-06-26,150000,https://www.wexfordcoco.ie/sites/default/files/content/Planning/Derelict%20Site%20Register%20March%202026.pdf,2026-03-04,2026-08-08,PDF,pdf_table_extraction,structured_pdf_auto
IE-DS-beefdd31abfd1d,Wexford County Council,DER2022-031,"Site (B) Mauritiustown, Rosslare Strand, Co. Wexford",,,,,not_available,not_available,,,,,2023-03-27,,https://www.wexfordcoco.ie/sites/default/files/content/Planning/Derelict%20Site%20Register%20March%202026.pdf,2026-03-04,2026-08-08,PDF,pdf_table_extraction,structured_pdf_auto
IE-DS-0d8b4a58ceda71,Wexford County Council,DER2020-043,"Ballycanew Grove, Ballycanew, Co. Wexford",,,,,not_available,not_available,,,,,2023-02-20,150000,https://www.wexfordcoco.ie/sites/default/files/content/Planning/Derelict%20Site%20Register%20March%202026.pdf,2026-03-04,2026-08-08,PDF,pdf_table_extraction,structured_pdf_auto
IE-DS-d82ea7a984cfe9,Wexford County Council,DER2021-009,"1-5 The Old Creamery, Ballycanew, Gorey, Co. Wexford",,,,,not_available,not_available,,,,,2023-02-20,500000,https://www.wexfordcoco.ie/sites/default/files/content/Planning/Derelict%20Site%20Register%20March%202026.pdf,2026-03-04,2026-08-08,PDF,pdf_table_extraction,structured_pdf_auto
IE-DS-4606749d291edc,Wexford County Council,DER2020-019,"6 St. Munns Villas, Main Street, Taghmon, Co. Wexford",,,,,not_available,not_available,,,,,2023-02-13,,https://www.wexfordcoco.ie/sites/default/files/content/Planning/Derelict%20Site%20Register%20March%202026.pdf,2026-03-04,2026-08-08,PDF,pdf_table_extraction,structured_pdf_auto
IE-DS-c48e45baa9e3d9,Wexford County Council,DER2020-024,"Clonhenret House, Clonhenret, Camolin, Co. Wexford",,,,,not_available,not_available,,,,,2023-02-13,150000,https://www.wexfordcoco.ie/sites/default/files/content/Planning/Derelict%20Site%20Register%20March%202026.pdf,2026-03-04,2026-08-08,PDF,pdf_table_extraction,structured_pdf_auto
IE-DS-b8d21b91c074dc,Wexford County Council,DER2020-012,"Templeshannon, Enniscorthy, Co. Wexford",,,,,not_available,not_available,,,,,2023-01-20,130000,https://www.wexfordcoco.ie/sites/default/files/content/Planning/Derelict%20Site%20Register%20March%202026.pdf,2026-03-04,2026-08-08,PDF,pdf_table_extraction,structured_pdf_auto
IE-DS-2a7d7df0c060fd,Wexford County Council,DER2022-033,"Former Bike Shop, Priory Street, New Ross, Co. Wexford",,,,,not_available,not_available,,,,,2023-01-20,80000,https://www.wexfordcoco.ie/sites/default/files/content/Planning/Derelict%20Site%20Register%20March%202026.pdf,2026-03-04,2026-08-08,PDF,pdf_table_extraction,structured_pdf_auto
IE-DS-500af87a69c066,Wexford County Council,DER2020-039,"Old Thatched Cottage, Ballyedmond Village, Ballyedmond, Co. Wexford",,,,,not_available,not_available,,,,,2022-11-18,40000,https://www.wexfordcoco.ie/sites/default/files/content/Planning/Derelict%20Site%20Register%20March%202026.pdf,2026-03-04,2026-08-08,PDF,pdf_table_extraction,structured_pdf_auto
IE-DS-4fee876246b0c3,Wexford County Council,DER2018-020,"10 Beachwalk, Seafield, Ballymoney, Courtown, Co. Wexford",,,,,not_available,not_available,,,,,2022-09-27,400000,https://www.wexfordcoco.ie/sites/default/files/content/Planning/Derelict%20Site%20Register%20March%202026.pdf,2026-03-04,2026-08-08,PDF,pdf_table_extraction,structured_pdf_auto
IE-DS-1a1646e105d9be,Wexford County Council,DER2021-054,"The Old Garage, The Quay, New Ross, Co. Wexford",,,,,not_available,not_available,,,,,2022-06-29,350000,https://www.wexfordcoco.ie/sites/default/files/content/Planning/Derelict%20Site%20Register%20March%202026.pdf,2026-03-04,2026-08-08,PDF,pdf_table_extraction,structured_pdf_auto
IE-DS-367f5fd5ea69bc,Wexford County Council,DER2020-034,"Portersgate, Fethard-on-Sea, New Ross, Co. Wexford",,,,,not_available,not_available,,,,,2022-03-16,90000,https://www.wexfordcoco.ie/sites/default/files/content/Planning/Derelict%20Site%20Register%20March%202026.pdf,2026-03-04,2026-08-08,PDF,pdf_table_extraction,structured_pdf_auto
IE-DS-3abee6c321619b,Wexford County Council,DER2021-041,"20 Mansfield Drive, Wexford",,,,,not_available,not_available,,,,,2022-03-03,185000,https://www.wexfordcoco.ie/sites/default/files/content/Planning/Derelict%20Site%20Register%20March%202026.pdf,2026-03-04,2026-08-08,PDF,pdf_table_extraction,structured_pdf_auto
IE-DS-4156036b39dadf,Wexford County Council,DER2021-043,"54 Whiterock View, Wexford",,,,,not_available,not_available,,,,,2022-03-03,90000,https://www.wexfordcoco.ie/sites/default/files/content/Planning/Derelict%20Site%20Register%20March%202026.pdf,2026-03-04,2026-08-08,PDF,pdf_table_extraction,structured_pdf_auto
IE-DS-9f0e1fde46292a,Wexford County Council,DER2021-037,"Chilcomb House, Schoolhouse Road, New Ross, Co. Wexford",,,,,not_available,not_available,,,,,2022-01-29,30000,https://www.wexfordcoco.ie/sites/default/files/content/Planning/Derelict%20Site%20Register%20March%202026.pdf,2026-03-04,2026-08-08,PDF,pdf_table_extraction,structured_pdf_auto
IE-DS-63624617e83435,Wexford County Council,DER2020-040,"The Old Dispensary, Ballyedmond Village, Co. Wexford",,,,,not_available,not_available,,,,,2022-01-28,40000,https://www.wexfordcoco.ie/sites/default/files/content/Planning/Derelict%20Site%20Register%20March%202026.pdf,2026-03-04,2026-08-08,PDF,pdf_table_extraction,structured_pdf_auto
IE-DS-f40072c5897a02,Wexford County Council,DER2018-023,"Main Street, Fethard on Sea, Co. Wexford",,,,,not_available,not_available,,,,,2021-10-22,100000,https://www.wexfordcoco.ie/sites/default/files/content/Planning/Derelict%20Site%20Register%20March%202026.pdf,2026-03-04,2026-08-08,PDF,pdf_table_extraction,structured_pdf_auto
IE-DS-9285c2255cfde0,Wexford County Council,DER2019-010,"23 North Street, New Ross, Co. Wexford",,,,,not_available,not_available,,,,,2021-09-24,150000,https://www.wexfordcoco.ie/sites/default/files/content/Planning/Derelict%20Site%20Register%20March%202026.pdf,2026-03-04,2026-08-08,PDF,pdf_table_extraction,structured_pdf_auto
IE-DS-04526de1f7ba77,Wexford County Council,DER2019-013,"12 Quay Street, New Ross, Co. Wexford",,,,,not_available,not_available,,,,,2021-09-24,40000,https://www.wexfordcoco.ie/sites/default/files/content/Planning/Derelict%20Site%20Register%20March%202026.pdf,2026-03-04,2026-08-08,PDF,pdf_table_extraction,structured_pdf_auto
IE-DS-d1ca84083d4e9c,Wexford County Council,DER2021-018,"Clongaddy, Kilmore, Co. Wexford",,,,,not_available,not_available,,,,,2021-09-24,30000,https://www.wexfordcoco.ie/sites/default/files/content/Planning/Derelict%20Site%20Register%20March%202026.pdf,2026-03-04,2026-08-08,PDF,pdf_table_extraction,structured_pdf_auto
IE-DS-566b051dd65f11,Wexford County Council,DER2021-019,"8 Mary Street Upper, New Ross, Co. Wexford",,,,,not_available,not_available,,,,,2021-07-28,50000,https://www.wexfordcoco.ie/sites/default/files/content/Planning/Derelict%20Site%20Register%20March%202026.pdf,2026-03-04,2026-08-08,PDF,pdf_table_extraction,structured_pdf_auto
IE-DS-6f5bb39afd0a11,Wexford County Council,DER2021-021,"7 Mary Street Upper, New Ross, Co. Wexford",,,,,not_available,not_available,,,,,2021-07-28,50000,https://www.wexfordcoco.ie/sites/default/files/content/Planning/Derelict%20Site%20Register%20March%202026.pdf,2026-03-04,2026-08-08,PDF,pdf_table_extraction,structured_pdf_auto
IE-DS-afcf0e08bfb32a,Wexford County Council,DER2021-022,"10 Mary Street Upper, New Ross, Co. Wexford",,,,,not_available,not_available,,,,,2021-07-28,140000,https://www.wexfordcoco.ie/sites/default/files/content/Planning/Derelict%20Site%20Register%20March%202026.pdf,2026-03-04,2026-08-08,PDF,pdf_table_extraction,structured_pdf_auto
IE-DS-4c8ff39f866205,Wexford County Council,DER2019-016,"1 Centenary Place, Gorey, Co. Wexford",,,,,not_available,not_available,,,,,2021-04-09,100000,https://www.wexfordcoco.ie/sites/default/files/content/Planning/Derelict%20Site%20Register%20March%202026.pdf,2026-03-04,2026-08-08,PDF,pdf_table_extraction,structured_pdf_auto
IE-DS-9c632e8babb9a4,Wexford County Council,DER2014-001,"16 Chapel Lane, New Ross, Co. Wexford",,,,,not_available,not_available,,,,,2021-02-05,25000,https://www.wexfordcoco.ie/sites/default/files/content/Planning/Derelict%20Site%20Register%20March%202026.pdf,2026-03-04,2026-08-08,PDF,pdf_table_extraction,structured_pdf_auto
IE-DS-99e634d0b6f4b7,Wexford County Council,DER2020-003,"16 Haughton Place, New Ross, Co. Wexford",,,,,not_available,not_available,,,,,2021-02-05,15000,https://www.wexfordcoco.ie/sites/default/files/content/Planning/Derelict%20Site%20Register%20March%202026.pdf,2026-03-04,2026-08-08,PDF,pdf_table_extraction,structured_pdf_auto
IE-DS-c340e37f4c606d,Wexford County Council,DER2020-026,"32 Silverdale, Kilmuckridge, Co. Wexford",,,,,not_available,not_available,,,,,2020-09-22,100000,https://www.wexfordcoco.ie/sites/default/files/content/Planning/Derelict%20Site%20Register%20March%202026.pdf,2026-03-04,2026-08-08,PDF,pdf_table_extraction,structured_pdf_auto
IE-DS-c72c6b1bc49b83,Wexford County Council,DER2020-013,"BumbleBee Licensed Premises, Priory Street, New Ross, Co. Wexford",,,,,not_available,not_available,,,,,2020-09-11,40000,https://www.wexfordcoco.ie/sites/default/files/content/Planning/Derelict%20Site%20Register%20March%202026.pdf,2026-03-04,2026-08-08,PDF,pdf_table_extraction,structured_pdf_auto
IE-DS-6e290496bb6374,Wexford County Council,DER2020-014,"Priory Street (adj. to Bumblebee), New Ross, Co. Wexford",,,,,not_available,not_available,,,,,2020-09-11,30000,https://www.wexfordcoco.ie/sites/default/files/content/Planning/Derelict%20Site%20Register%20March%202026.pdf,2026-03-04,2026-08-08,PDF,pdf_table_extraction,structured_pdf_auto
IE-DS-e2db9664f76c98,Wexford County Council,DER2020-001,"34 Island Road, Enniscorthy, Co. Wexford",,,,,not_available,not_available,,,,,2020-06-03,40000,https://www.wexfordcoco.ie/sites/default/files/content/Planning/Derelict%20Site%20Register%20March%202026.pdf,2026-03-04,2026-08-08,PDF,pdf_table_extraction,structured_pdf_auto
IE-DS-3026ff311ecf81,Wexford County Council,DER2018-010,"Sunset House, Rosslare Strand, Co. Wexford",,,,,not_available,not_available,,,,,2019-12-19,200000,https://www.wexfordcoco.ie/sites/default/files/content/Planning/Derelict%20Site%20Register%20March%202026.pdf,2026-03-04,2026-08-08,PDF,pdf_table_extraction,structured_pdf_auto
IE-DS-3f0628b324de88,Wexford County Council,DER2018-022,"The Old House, 6 Templeshannon, Enniscorthy, Co. Wexford",,,,,not_available,not_available,,,,,2019-12-18,100000,https://www.wexfordcoco.ie/sites/default/files/content/Planning/Derelict%20Site%20Register%20March%202026.pdf,2026-03-04,2026-08-08,PDF,pdf_table_extraction,structured_pdf_auto
IE-DS-51d8b2e1fe5237,Wexford County Council,DER2019-007,"The Oil, Oylgate, Co. Wexford",,,,,not_available,not_available,,,,,2019-12-10,120000,https://www.wexfordcoco.ie/sites/default/files/content/Planning/Derelict%20Site%20Register%20March%202026.pdf,2026-03-04,2026-08-08,PDF,pdf_table_extraction,structured_pdf_auto
IE-DS-1f7b912514b951,Wexford County Council,DER2017-007,"The Former Great Southern Hotel, Rosslare Harbour, Co. Wexford",,,,,not_available,not_available,,,,,2019-02-01,550000,https://www.wexfordcoco.ie/sites/default/files/content/Planning/Derelict%20Site%20Register%20March%202026.pdf,2026-03-04,2026-08-08,PDF,pdf_table_extraction,structured_pdf_auto
IE-DS-13e7690210f3a3,Wexford County Council,DER2018-025,"15 Railway Road, Gorey, Co. Wexford",,,,,not_available,not_available,,,,,2018-12-13,70000,https://www.wexfordcoco.ie/sites/default/files/content/Planning/Derelict%20Site%20Register%20March%202026.pdf,2026-03-04,2026-08-08,PDF,pdf_table_extraction,structured_pdf_auto
IE-DS-814fab83ba6ee4,Wexford County Council,DER2018-004,"Ailsa House, St. Martin's Road, Rosslare Harbour,Co. Wexford",,,,,not_available,not_available,,,,,2018-07-17,150000,https://www.wexfordcoco.ie/sites/default/files/content/Planning/Derelict%20Site%20Register%20March%202026.pdf,2026-03-04,2026-08-08,PDF,pdf_table_extraction,structured_pdf_auto
IE-DS-68793cdf9437e7,Wexford County Council,DER2017-017,"Kickham's House, Enniscorthy, Co. Wexford",,,,,not_available,not_available,,,,,2018-07-10,70000,https://www.wexfordcoco.ie/sites/default/files/content/Planning/Derelict%20Site%20Register%20March%202026.pdf,2026-03-04,2026-08-08,PDF,pdf_table_extraction,structured_pdf_auto
IE-DS-2e0240f458b2a2,Wexford County Council,DER2017-010,"St. Martin's Road, Rosslare, Co. Wexford",,,,,not_available,not_available,,,,,2018-06-22,70000,https://www.wexfordcoco.ie/sites/default/files/content/Planning/Derelict%20Site%20Register%20March%202026.pdf,2026-03-04,2026-08-08,PDF,pdf_table_extraction,structured_pdf_auto
IE-DS-888062c5deaa1c,Wexford County Council,DER2018-006,"Former Murphy Flood's, Enniscorthy, Co. Wexford",,,,,not_available,not_available,,,,,2018-06-19,180000,https://www.wexfordcoco.ie/sites/default/files/content/Planning/Derelict%20Site%20Register%20March%202026.pdf,2026-03-04,2026-08-08,PDF,pdf_table_extraction,structured_pdf_auto
IE-DS-f2d1c0f8fd6c11,Wexford County Council,DER2017-011,"7 Old Garden City, Gorey, Co. Wexford",,,,,not_available,not_available,,,,,2017-12-19,50000,https://www.wexfordcoco.ie/sites/default/files/content/Planning/Derelict%20Site%20Register%20March%202026.pdf,2026-03-04,2026-08-08,PDF,pdf_table_extraction,structured_pdf_auto
IE-DS-84daead6220671,Wexford County Council,DER2016-028,"Cherryorchard, Enniscorthy, Co. Wexford",,,,,not_available,not_available,,,,,2017-09-20,60000,https://www.wexfordcoco.ie/sites/default/files/content/Planning/Derelict%20Site%20Register%20March%202026.pdf,2026-03-04,2026-08-08,PDF,pdf_table_extraction,structured_pdf_auto
IE-DS-b13a7b1a29cef8,Wexford County Council,DER2017-003,"7 Grotto Terrace, Kilmuckridge, Co. Wexford",,,,,not_available,not_available,,,,,2017-05-31,40000,https://www.wexfordcoco.ie/sites/default/files/content/Planning/Derelict%20Site%20Register%20March%202026.pdf,2026-03-04,2026-08-08,PDF,pdf_table_extraction,structured_pdf_auto
IE-DS-07c5b5a68151ae,Wexford County Council,DER2016-037,"16 Carrigeen St, Wexford",,,,,not_available,not_available,,,,,2017-03-14,100000,https://www.wexfordcoco.ie/sites/default/files/content/Planning/Derelict%20Site%20Register%20March%202026.pdf,2026-03-04,2026-08-08,PDF,pdf_table_extraction,structured_pdf_auto
IE-DS-92be9c07ae5ecf,Wexford County Council,DER2016-029,"4 John Street, Wexford (John St/John's Road)",,,,,not_available,not_available,,,,,2017-01-06,60000,https://www.wexfordcoco.ie/sites/default/files/content/Planning/Derelict%20Site%20Register%20March%202026.pdf,2026-03-04,2026-08-08,PDF,pdf_table_extraction,structured_pdf_auto
IE-DS-edf57c86697516,Wexford County Council,DER2016-006,"Cobblers Cottage, Main Street, Coolgreany, Co. Wexford",,,,,not_available,not_available,,,,,2016-05-10,50000,https://www.wexfordcoco.ie/sites/default/files/content/Planning/Derelict%20Site%20Register%20March%202026.pdf,2026-03-04,2026-08-08,PDF,pdf_table_extraction,structured_pdf_auto
IE-DS-69230359f47526,Wexford County Council,DER2016-007,"Main Street, Coolgreany, Co. Wexford",,,,,not_available,not_available,,,,,2016-05-10,50000,https://www.wexfordcoco.ie/sites/default/files/content/Planning/Derelict%20Site%20Register%20March%202026.pdf,2026-03-04,2026-08-08,PDF,pdf_table_extraction,structured_pdf_auto
IE-DS-601757a4f131be,Wexford County Council,DER2016-004,"Spring Valley Nursing Home, Enniscorthy, Co. Wexford",,,,,not_available,not_available,,,,,2016-04-26,450000,https://www.wexfordcoco.ie/sites/default/files/content/Planning/Derelict%20Site%20Register%20March%202026.pdf,2026-03-04,2026-08-08,PDF,pdf_table_extraction,structured_pdf_auto
IE-DS-5ab3a715aecafc,Wexford County Council,DER2015-038,"The Lodges, Parknacross, Courtown, Co. Wexford",,,,,not_available,not_available,,,,,2015-09-29,200000,https://www.wexfordcoco.ie/sites/default/files/content/Planning/Derelict%20Site%20Register%20March%202026.pdf,2026-03-04,2026-08-08,PDF,pdf_table_extraction,structured_pdf_auto
IE-DS-2754547e8ce186,Wexford County Council,DER2014-013,"Rocks Factory (Formerly Breens Carriage Factory), Templeshannon, Enniscorthy, Co. Wexford",,,,,not_available,not_available,,,,,2014-12-23,130000,https://www.wexfordcoco.ie/sites/default/files/content/Planning/Derelict%20Site%20Register%20March%202026.pdf,2026-03-04,2026-08-08,PDF,pdf_table_extraction,structured_pdf_auto
IE-DS-87a6f5c6aa6533,Wexford County Council,DER2015-003,"8 Eire Street, Gorey, Co. Wexford",,,,,not_available,not_available,,,,,2014-12-05,50000,https://www.wexfordcoco.ie/sites/default/files/content/Planning/Derelict%20Site%20Register%20March%202026.pdf,2026-03-04,2026-08-08,PDF,pdf_table_extraction,structured_pdf_auto
IE-DS-14318cb1b76a71,Wexford County Council,DER2014-027,"67 Upper John Street, Wexford",,,,,not_available,not_available,,,,,2014-05-28,70000,https://www.wexfordcoco.ie/sites/default/files/content/Planning/Derelict%20Site%20Register%20March%202026.pdf,2026-03-04,2026-08-08,PDF,pdf_table_extraction,structured_pdf_auto
IE-DS-8d9600c9d0bde0,Wexford County Council,DER2014-004,"Harneys Shoe Repairs, 4 John Street, New Ross, Co. Wexford",,,,,not_available,not_available,,,,,2010-12-20,30000,https://www.wexfordcoco.ie/sites/default/files/content/Planning/Derelict%20Site%20Register%20March%202026.pdf,2026-03-04,2026-08-08,PDF,pdf_table_extraction,structured_pdf_auto
IE-DS-1ef0dbc22037a0,Wexford County Council,DER2014-019,"10 Peter Street, Wexford",,,,,not_available,not_available,,,,,2010-03-03,80000,https://www.wexfordcoco.ie/sites/default/files/content/Planning/Derelict%20Site%20Register%20March%202026.pdf,2026-03-04,2026-08-08,PDF,pdf_table_extraction,structured_pdf_auto
IE-DS-962472ca27ff1c,Wexford County Council,DER2014-002,"Gladneys Licenced Premises, 5 John Street, New Ross, Co. Wexford",,,,,not_available,not_available,,,,,2008-09-12,25000,https://www.wexfordcoco.ie/sites/default/files/content/Planning/Derelict%20Site%20Register%20March%202026.pdf,2026-03-04,2026-08-08,PDF,pdf_table_extraction,structured_pdf_auto
IE-DS-f997ae5c9fac04,Wexford County Council,DER2014-017,"5a Mary Street, Wexford",,,,,not_available,not_available,,,,,2004-10-05,15000,https://www.wexfordcoco.ie/sites/default/files/content/Planning/Derelict%20Site%20Register%20March%202026.pdf,2026-03-04,2026-08-08,PDF,pdf_table_extraction,structured_pdf_auto
IE-DS-b3ff07502d8ce6,Wexford County Council,DER2014-016,"2a Mary Street, Wexford",,,,,not_available,not_available,,,,,2004-01-28,22000,https://www.wexfordcoco.ie/sites/default/files/content/Planning/Derelict%20Site%20Register%20March%202026.pdf,2026-03-04,2026-08-08,PDF,pdf_table_extraction,structured_pdf_auto
IE-DS-4edf7a46f20596,Donegal County Council,DSR/2025/001,"No. 78 Lower Main Street, Letterkenny, Co. Donegal F92HWD8.",,F92 HWD8,,,not_available,not_available,,,,,2025-01-31,,https://www.donegalcoco.ie/en/services/planning/regeneration-and-development/vacancy-and-dereliction/derelict-sites,,2026-08-08,XLSX,official_xlsx,native_machine_readable
IE-DS-7b55e425415606,Donegal County Council,DSR/2025/002,"No. 80 Lower Main Street, Letterkenny, Co. Donegal F92YV38.",,F92 YV38,,,not_available,not_available,,,,,2025-01-31,,https://www.donegalcoco.ie/en/services/planning/regeneration-and-development/vacancy-and-dereliction/derelict-sites,,2026-08-08,XLSX,official_xlsx,native_machine_readable
IE-DS-51d874a5d6910d,Donegal County Council,DSR/2025/003,"No. 88 Lower Main Street, Letterkenny, Co. Donegal",,,,,not_available,not_available,,,,,2025-01-31,,https://www.donegalcoco.ie/en/services/planning/regeneration-and-development/vacancy-and-dereliction/derelict-sites,,2026-08-08,XLSX,official_xlsx,native_machine_readable
IE-DS-8cc61205da2044,Donegal County Council,DSR/2025/004,"Former Scally Surgery (F92 RK19) & Dwelling (F92 NP52), Castle Street, Letterkenny,Co. Donegal.",,F92 RK19,,,not_available,not_available,,,,,2025-03-06,,https://www.donegalcoco.ie/en/services/planning/regeneration-and-development/vacancy-and-dereliction/derelict-sites,,2026-08-08,XLSX,official_xlsx,native_machine_readable
IE-DS-360f6741aa4cac,Donegal County Council,DSR/2025/005,"No. 52 Lower Main Street, Letterkenny, Co. Donegal.",,,,,not_available,not_available,,,,,2025-11-17,,https://www.donegalcoco.ie/en/services/planning/regeneration-and-development/vacancy-and-dereliction/derelict-sites,,2026-08-08,XLSX,official_xlsx,native_machine_readable
IE-DS-415e91b33c552a,Donegal County Council,DS 46(D),"Condon Building, Mall, Ballyshannon",,,,,not_available,not_available,,,,,Unknown,,https://www.donegalcoco.ie/en/services/planning/regeneration-and-development/vacancy-and-dereliction/derelict-sites,,2026-08-08,XLSX,official_xlsx,native_machine_readable
IE-DS-93e4313643fef5,Donegal County Council,DS 53 (S),Cloghan,,,,,not_available,not_available,,,,,Unknown,,https://www.donegalcoco.ie/en/services/planning/regeneration-and-development/vacancy-and-dereliction/derelict-sites,,2026-08-08,XLSX,official_xlsx,native_machine_readable
IE-DS-748090c3c196bd,Donegal County Council,DS 77 & 78 (I),"Carrowreagh, Bridgend",,,,,not_available,not_available,,,,,Unknown,,https://www.donegalcoco.ie/en/services/planning/regeneration-and-development/vacancy-and-dereliction/derelict-sites,,2026-08-08,XLSX,official_xlsx,native_machine_readable
IE-DS-46034f00c7ae18,Donegal County Council,DS 100 (I),"Old Mill, Millbrae, Buncrana",,,,,not_available,not_available,,,,,Unknown,,https://www.donegalcoco.ie/en/services/planning/regeneration-and-development/vacancy-and-dereliction/derelict-sites,,2026-08-08,XLSX,official_xlsx,native_machine_readable
IE-DS-71a206176f7c5b,Mayo County Council,DS40/103,"15 Humbert Street, Ballina, Co Mayo",Ballina; Ballina Town; NA,,,,not_available,not_available,,,,,2019-10-16,80000,https://www.mayo.ie/environment/derelict-sites,2026-03-06,2026-08-08,XLSX,official_xlsx,native_machine_readable
IE-DS-1d78574ba4390e,Mayo County Council,DS2024/17,"Lidl House, Bohernasup, Ballina, Co Mayo F26 X5P9",Ballina; Ballina Town; NA,F26 X5P9,,,not_available,not_available,,,,,2024-10-07,90000,https://www.mayo.ie/environment/derelict-sites,2026-03-06,2026-08-08,XLSX,official_xlsx,native_machine_readable
IE-DS-f4be9728373f28,Mayo County Council,DS40/108,"""Stephanie's Hair Salon"", Abbey Street, Abbeyhalfquarter, Ardnaree South, Ballina, Co Mayo F26XT63",Ballina; Ballina Town; NA,F26 XT63,,,not_available,not_available,,,,,2019-10-16,40000,https://www.mayo.ie/environment/derelict-sites,2026-03-06,2026-08-08,XLSX,official_xlsx,native_machine_readable
IE-DS-6abcbcacc8091a,Mayo County Council,DS40/110,"53 Lord Edward Street, Ballina, Co Mayo",Ballina; Ballina Town; NA,,,,not_available,not_available,,,,,2019-11-29,29000,https://www.mayo.ie/environment/derelict-sites,2026-03-06,2026-08-08,XLSX,official_xlsx,native_machine_readable
IE-DS-a45337272407a5,Mayo County Council,DS40/114,"26 Roche's Terrace, Ballina, Co Mayo",Ballina; Ballina Town; NA,,,,not_available,not_available,,,,,2019-11-29,29000,https://www.mayo.ie/environment/derelict-sites,2026-03-06,2026-08-08,XLSX,official_xlsx,native_machine_readable
IE-DS-ffcb4cd6fc213e,Mayo County Council,DS40/115,"36 Lord Edward Street, Ballina, Co Mayo",Ballina; Ballina Town; NA,,,,not_available,not_available,,,,,2019-10-30,27000,https://www.mayo.ie/environment/derelict-sites,2026-03-06,2026-08-08,XLSX,official_xlsx,native_machine_readable
IE-DS-8ac844bb124c96,Mayo County Council,DS40/116,"3 Tyrawley Terrace, Ballina, Co Mayo",Ballina; Ballina Town; NA,,,,not_available,not_available,,,,,2019-10-31,33500,https://www.mayo.ie/environment/derelict-sites,2026-03-06,2026-08-08,XLSX,official_xlsx,native_machine_readable
IE-DS-b4bf7b6d1f89d3,Mayo County Council,DS40/118,"22 Tyrawley Terrace, Ballina, Co Mayo F26 C8Y6",Ballina; Ballina Town; NA,F26 C8Y6,,,not_available,not_available,,,,,2019-11-29,125000,https://www.mayo.ie/environment/derelict-sites,2026-03-06,2026-08-08,XLSX,official_xlsx,native_machine_readable
IE-DS-6449e11df864cd,Mayo County Council,DS40/119,"43 Tyrawley Terrace, Ballina, Co Mayo",Ballina; Ballina Town; NA,,,,not_available,not_available,,,,,2019-10-30,25000,https://www.mayo.ie/environment/derelict-sites,2026-03-06,2026-08-08,XLSX,official_xlsx,native_machine_readable
IE-DS-782255e4321c2f,Mayo County Council,DS40/121,"Lower Bunree Road, Ballina, Co Mayo",Ballina; Ballina Town; NA,,,,not_available,not_available,,,,,2019-10-18,25000,https://www.mayo.ie/environment/derelict-sites,2026-03-06,2026-08-08,XLSX,official_xlsx,native_machine_readable
IE-DS-339827f42ce145,Mayo County Council,DS40/122,"Lower Bunree Road, Ballina, Co Mayo",Ballina; Ballina Town; NA,,,,not_available,not_available,,,,,2019-10-18,25000,https://www.mayo.ie/environment/derelict-sites,2026-03-06,2026-08-08,XLSX,official_xlsx,native_machine_readable
IE-DS-2a7d08e9308474,Mayo County Council,DS40/123,"Bunree Road, Ballina, Co Mayo",Ballina; Ballina Town; NA,,,,not_available,not_available,,,,,2019-10-30,25000,https://www.mayo.ie/environment/derelict-sites,2026-03-06,2026-08-08,XLSX,official_xlsx,native_machine_readable
IE-DS-7c4e6b5d5a9f5a,Mayo County Council,DS40/126,"Abbey Street, Abbeyhalfquater, Ardnaree South, Ballina, F26 R6D2",Ballina; Ballina Town; NA,F26 R6D2,,,not_available,not_available,,,,,2019-10-24,62000,https://www.mayo.ie/environment/derelict-sites,2026-03-06,2026-08-08,XLSX,official_xlsx,native_machine_readable
IE-DS-08a4214df7f82a,Mayo County Council,DS40/128,"2 Nally Street, Ballina, Co Mayo",Ballina; Ballina Town; NA,,,,not_available,not_available,,,,,2019-10-24,70000,https://www.mayo.ie/environment/derelict-sites,2026-03-06,2026-08-08,XLSX,official_xlsx,native_machine_readable
IE-DS-6b7db7e99a8bd0,Mayo County Council,DS40/131,"4 Ferran Terrace, Ballina, Co Mayo",Ballina; Ballina Town; NA,,,,not_available,not_available,,,,,2019-10-24,45000,https://www.mayo.ie/environment/derelict-sites,2026-03-06,2026-08-08,XLSX,official_xlsx,native_machine_readable
IE-DS-4b8be8d975fe3c,Mayo County Council,DS40/132,"12 Tyrawley Terrace, Ballina, Co Mayo",Ballina; Ballina Town; NA,,,,not_available,not_available,,,,,2019-11-29,125000,https://www.mayo.ie/environment/derelict-sites,2026-03-06,2026-08-08,XLSX,official_xlsx,native_machine_readable
IE-DS-192f5e23445884,Mayo County Council,DS40/133,"27 Roche's Terrace, Ballina, Co Mayo",Ballina; Ballina Town; NA,,,,not_available,not_available,,,,,2020-02-06,26000,https://www.mayo.ie/environment/derelict-sites,2026-03-06,2026-08-08,XLSX,official_xlsx,native_machine_readable
IE-DS-010e3e17b6fbd6,Mayo County Council,DS40/141,"""Pinocchio's"", O'Rahilly Street, Ballina, Co Mayo",Ballina; Ballina Town; NA,,,,not_available,not_available,,,,,2019-11-04,60000,https://www.mayo.ie/environment/derelict-sites,2026-03-06,2026-08-08,XLSX,official_xlsx,native_machine_readable
IE-DS-fe72c818ac332a,Mayo County Council,DS40/142,"James Connolly Street, Ballina, Co MayoF26 VPP3",Ballina; Ballina Town; NA,,,,not_available,not_available,,,,,2019-11-04,56500,https://www.mayo.ie/environment/derelict-sites,2026-03-06,2026-08-08,XLSX,official_xlsx,native_machine_readable
IE-DS-7f8e43dadd5ab0,Mayo County Council,DS40/143,"27 Corcoran's Terrace, Ballina, Co Mayo F26 W889",Ballina; Ballina Town; NA,F26 W889,,,not_available,not_available,,,,,2019-11-19,80000,https://www.mayo.ie/environment/derelict-sites,2026-03-06,2026-08-08,XLSX,official_xlsx,native_machine_readable
IE-DS-bb05548042854b,Mayo County Council,DS40/145,"""Manse"", Walsh Street, Ballina, Co Mayo",Ballina; Ballina Town; NA,,,,not_available,not_available,,,,,2019-10-30,60000,https://www.mayo.ie/environment/derelict-sites,2026-03-06,2026-08-08,XLSX,official_xlsx,native_machine_readable
IE-DS-46a54bc2f0d0a5,Mayo County Council,DS40/150,"12 Convent Terrace, McDermott Street, Ballina, Co Mayo F26 R2Y1",Ballina; Ballina Town; NA,F26 R2Y1,,,not_available,not_available,,,,,2019-11-07,100000,https://www.mayo.ie/environment/derelict-sites,2026-03-06,2026-08-08,XLSX,official_xlsx,native_machine_readable
IE-DS-5efde7e1be1612,Mayo County Council,DS40/157,"McDermott Street, Ballina, Co Mayo",Ballina; Ballina Town; NA,,,,not_available,not_available,,,,,2020-02-07,50000,https://www.mayo.ie/environment/derelict-sites,2026-03-06,2026-08-08,XLSX,official_xlsx,native_machine_readable
IE-DS-1abc288f22182e,Mayo County Council,DS40/159,"Lord Edward Street, Ballina, Co Mayo F26 EP30.",Ballina; Ballina Town; NA,F26 EP30,,,not_available,not_available,,,,,2020-07-17,70000,https://www.mayo.ie/environment/derelict-sites,2026-03-06,2026-08-08,XLSX,official_xlsx,native_machine_readable
IE-DS-032e9a354e7857,Mayo County Council,DS40/160,"Becket' s Saw Mill, Barret Street, Ballina, Co Mayo",Ballina; Ballina Town; NA,,,,not_available,not_available,,,,,2020-03-04,100000,https://www.mayo.ie/environment/derelict-sites,2026-03-06,2026-08-08,XLSX,official_xlsx,native_machine_readable
IE-DS-d5bb40ff682909,Mayo County Council,DS40/164,"The Brook, Ballina, Co Mayo F26 H9K8",Ballina; Ballina Town; NA,F26 H9K8,,,not_available,not_available,,,,,2020-03-04,50000,https://www.mayo.ie/environment/derelict-sites,2026-03-06,2026-08-08,XLSX,official_xlsx,native_machine_readable
IE-DS-5f8ddf2efcd4a6,Mayo County Council,DS40/165,"The Brook, Ballina, Co Mayo F26 F6P6",Ballina; Ballina Town; NA,F26 F6P6,,,not_available,not_available,,,,,2020-03-04,50000,https://www.mayo.ie/environment/derelict-sites,2026-03-06,2026-08-08,XLSX,official_xlsx,native_machine_readable
IE-DS-358db5bdc10f86,Mayo County Council,DS40/166,"The Brook, Ballina, Co Mayo F26 H9K8",Ballina; Ballina Town; NA,F26 H9K8,,,not_available,not_available,,,,,2020-04-20,170000,https://www.mayo.ie/environment/derelict-sites,2026-03-06,2026-08-08,XLSX,official_xlsx,native_machine_readable
IE-DS-c95e11ecff32fd,Mayo County Council,DS40/174,"20 Healy Terrace, Ballina, Co Mayo",Ballina; Ballina Town; NA,,,,not_available,not_available,,,,,2020-09-03,100000,https://www.mayo.ie/environment/derelict-sites,2026-03-06,2026-08-08,XLSX,official_xlsx,native_machine_readable
IE-DS-447d9949bd4c8c,Mayo County Council,DS40/175,"16 Healy Terrace, Ballina, Co Mayo",Ballina; Ballina Town; NA,,,,not_available,not_available,,,,,2020-01-06,10000,https://www.mayo.ie/environment/derelict-sites,2026-03-06,2026-08-08,XLSX,official_xlsx,native_machine_readable
IE-DS-e6c913ff4d01f3,Mayo County Council,DS40/180,"Clare Street, Ballina, Co Mayo",Ballina; Ballina Town; NA,,,,not_available,not_available,,,,,2020-09-03,50000,https://www.mayo.ie/environment/derelict-sites,2026-03-06,2026-08-08,XLSX,official_xlsx,native_machine_readable
IE-DS-bdcf02a5dd00b9,Mayo County Council,DS40/184,"Un-Used Land, Castlefield Manor, Kilmoremoy, Ballina, Co Mayo",Ballina; Ballina Town; NA,,,,not_available,not_available,,,,,2023-10-05,90000,https://www.mayo.ie/environment/derelict-sites,2026-03-06,2026-08-08,XLSX,official_xlsx,native_machine_readable
IE-DS-77f84ad10920df,Mayo County Council,DS40/187,"Arbuckle Row, Ballina, Co Mayo F26 V1F2.",Ballina; Ballina Town; NA,F26 V1F2,,,not_available,not_available,,,,,2023-12-20,150000,https://www.mayo.ie/environment/derelict-sites,2026-03-06,2026-08-08,XLSX,official_xlsx,native_machine_readable
IE-DS-f6a2d64079ea6b,Mayo County Council,DS40/188,"68 Lord Edward Street, Ballina, Co Mayo F26 K104.",Ballina; Ballina Town; NA,F26 K104,,,not_available,not_available,,,,,2024-01-17,70000,https://www.mayo.ie/environment/derelict-sites,2026-03-06,2026-08-08,XLSX,official_xlsx,native_machine_readable
IE-DS-de92155540c34f,Mayo County Council,DS40/190,"8 St. Enda's Villas, Ballina, Co Mayo",Ballina; Ballina Town; NA,,,,not_available,not_available,,,,,2024-09-17,50000,https://www.mayo.ie/environment/derelict-sites,2026-03-06,2026-08-08,XLSX,official_xlsx,native_machine_readable
IE-DS-85376e7981e847,Mayo County Council,DS40/191,"No. (9) St. Enda's Villa's Ballina, Co Mayo F26 Y9P0.",Ballina; Ballina Town; NA,F26 Y9P0,,,not_available,not_available,,,,,2024-03-13,75000,https://www.mayo.ie/environment/derelict-sites,2026-03-06,2026-08-08,XLSX,official_xlsx,native_machine_readable
IE-DS-32b89070db45d5,Mayo County Council,DS40/195,"Property 1 Barrett Street, Ballina, Co Mayo F26 C3W2",Ballina; Ballina Town; N/A,F26 C3W2,,,not_available,not_available,,,,,2024-03-13,60000,https://www.mayo.ie/environment/derelict-sites,2026-03-06,2026-08-08,XLSX,official_xlsx,native_machine_readable
IE-DS-e2425bdf4ec34f,Mayo County Council,DS40/196,"Property 100 Barrett Street, Ballina, Co Mayo F26 C3W2, adjoining, (Old Forge Building)",Ballina; Ballina Town; NA,F26 C3W2,,,not_available,not_available,,,,,2024-03-13,40000,https://www.mayo.ie/environment/derelict-sites,2026-03-06,2026-08-08,XLSX,official_xlsx,native_machine_readable
IE-DS-2b47f3d17a0292,Mayo County Council,DS40/200,"No. 26 James Connolly Street, Ballina, Co Mayo F26 E4F5.",Ballina; Ballina Town; NA; Section 8(7) Notice affixed 2/5/2025,F26 E4F5,,,not_available,not_available,,,,,2024-04-18,80000,https://www.mayo.ie/environment/derelict-sites,2026-03-06,2026-08-08,XLSX,official_xlsx,native_machine_readable
IE-DS-8afe580258fb14,Mayo County Council,DS40/194,"38 Ferran Terrace, Ballina, Co Mayo F26 K7W1",Ballina; Ballina Town; NA,F26 K7W1,,,not_available,not_available,,,,,2024-01-17,90000,https://www.mayo.ie/environment/derelict-sites,2026-03-06,2026-08-08,XLSX,official_xlsx,native_machine_readable
IE-DS-c88757da557d4b,Mayo County Council,DS40/41,"4 Tyrawley Terrace, Ballina",Ballina; Ballina Town; NA,,,,not_available,not_available,,,,,2019-02-25,100000,https://www.mayo.ie/environment/derelict-sites,2026-03-06,2026-08-08,XLSX,official_xlsx,native_machine_readable
IE-DS-c837bc39f499be,Mayo County Council,DS40/49,"Teeling Street, Ballina, Co Mayo",Ballina; Ballina Town; NA,,,,not_available,not_available,,,,,2019-06-27,40000,https://www.mayo.ie/environment/derelict-sites,2026-03-06,2026-08-08,XLSX,official_xlsx,native_machine_readable
IE-DS-ff8f52dccbbdb0,Mayo County Council,DS40/57,"O'Rahilly Street, Ballina, F26 K803 (Garveys Bakery)",Ballina; Ballina Town; NA,F26 K803,,,not_available,not_available,,,,,2019-07-11,80000,https://www.mayo.ie/environment/derelict-sites,2026-03-06,2026-08-08,XLSX,official_xlsx,native_machine_readable
IE-DS-7796e0d60432fb,Mayo County Council,DS40/68,"Old Mill, Bunree Road, Ballina",Ballina; Ballina Town; NA,,,,not_available,not_available,,,,,08/11/2011 & 04/06/2024,200000,https://www.mayo.ie/environment/derelict-sites,2026-03-06,2026-08-08,XLSX,official_xlsx,native_machine_readable
IE-DS-2140e3b9a0a779,Mayo County Council,DS40/72,"10 Tyrawley Terrace, Ballina, Co Mayo",Ballina; Ballina Town; NA,,,,not_available,not_available,,,,,2011-11-10,28000,https://www.mayo.ie/environment/derelict-sites,2026-03-06,2026-08-08,XLSX,official_xlsx,native_machine_readable
IE-DS-55f2b8fe15ced0,Mayo County Council,DS40/76,"Entrance to ""The Hawthorns"", Killala Road, Ballina",Ballina; Ballina Town; NA,,,,not_available,not_available,,,,,2011-11-14,30000,https://www.mayo.ie/environment/derelict-sites,2026-03-06,2026-08-08,XLSX,official_xlsx,native_machine_readable
IE-DS-4950dbbe096f95,Mayo County Council,DS40/83,"Old Mill,Knocknalyre, Sligo Road, Ballina",Ballina; Ballina Town; NA,,,,not_available,not_available,,,,,2014-11-24,70000,https://www.mayo.ie/environment/derelict-sites,2026-03-06,2026-08-08,XLSX,official_xlsx,native_machine_readable
IE-DS-d0d5d23a5d2828,Mayo County Council,DS40/87,"88 Lord Edward Street, Ballina, Co Mayo",Ballina; Ballina Town; NA,,,,not_available,not_available,,,,,2019-10-31,32000,https://www.mayo.ie/environment/derelict-sites,2026-03-06,2026-08-08,XLSX,official_xlsx,native_machine_readable
IE-DS-86aa2ac092ec5f,Mayo County Council,DS40/90,"McDermott Street, Ballina, Co Mayo",Ballina; Ballina Town; N/A,,,,not_available,not_available,,,,,2024-05-09,80000,https://www.mayo.ie/environment/derelict-sites,2026-03-06,2026-08-08,XLSX,official_xlsx,native_machine_readable
IE-DS-bd5dd44af7b9ee,Mayo County Council,DS40/91,"""Pet Stop Discount Warehouse"", Kevin Barry St., Ballina,Co Mayo F26 A073",Ballina; Ballina Town; NA,F26 A073,,,not_available,not_available,,,,,2019-08-01,23000,https://www.mayo.ie/environment/derelict-sites,2026-03-06,2026-08-08,XLSX,official_xlsx,native_machine_readable
IE-DS-60c7ce0f8052a9,Mayo County Council,DS40/94,"""Diamond Memorials"", Teeling St., Ballina",Ballina; Ballina Town; NA,,,,not_available,not_available,,,,,2019-08-01,80000,https://www.mayo.ie/environment/derelict-sites,2026-03-06,2026-08-08,XLSX,official_xlsx,native_machine_readable
IE-DS-31cc162d4ca692,Mayo County Council,DS40/98,"2 St. Muredach's Terrace, Ballina",Ballina; Ballina Town; NA,,,,not_available,not_available,,,,,2019-07-04,60000,https://www.mayo.ie/environment/derelict-sites,2026-03-06,2026-08-08,XLSX,official_xlsx,native_machine_readable
IE-DS-8fba526ce81dcf,Mayo County Council,DS40/99,"12 St. Muredach's Terrace, Ballina F26 NY56",Ballina; Ballina Town,F26 NY56,,,not_available,not_available,,,,,2025-09-10,,https://www.mayo.ie/environment/derelict-sites,2026-03-06,2026-08-08,XLSX,official_xlsx,native_machine_readable
IE-DS-7b47fbc8fbb3b9,Mayo County Council,DS2024/03,"6 Rath Glas, Rehinsfort, Ballina, Co Mayo F26 DTR2",Ballina; Ballina Town; NA,F26 DTR2,,,not_available,not_available,,,,,2024-06-05,180000,https://www.mayo.ie/environment/derelict-sites,2026-03-06,2026-08-08,XLSX,official_xlsx,native_machine_readable
IE-DS-920047e43e0cea,Mayo County Council,DS2024/04,"Killala Road, Ballina, Co Mayo F26 DTR2",Ballina; Ballina Town; NA,F26 DTR2,,,not_available,not_available,,,,,2024-07-02,250000,https://www.mayo.ie/environment/derelict-sites,2026-03-06,2026-08-08,XLSX,official_xlsx,native_machine_readable
IE-DS-ea42cc4d806139,Mayo County Council,DS2024/06,"Foxford Road, Ballina, Co Mayo F26 K4D&",Ballina; Ballina Town; NA,,,,not_available,not_available,,,,,2024-07-02,100000,https://www.mayo.ie/environment/derelict-sites,2026-03-06,2026-08-08,XLSX,official_xlsx,native_machine_readable
IE-DS-d94156cb0ffff8,Mayo County Council,DS2024/12,"15 James Connolly Street, Ballina, Co Mayo F26 A2Y1",Ballina; Ballina Town; NA,F26 A2Y1,,,not_available,not_available,,,,,2025-09-09,75000,https://www.mayo.ie/environment/derelict-sites,2026-03-06,2026-08-08,XLSX,official_xlsx,native_machine_readable
IE-DS-5bf8f9bc2f1dc2,Mayo County Council,DS2024/23,"Tyrawley House, McDermott Street, Ballina, Co Mayo F26 R5P3",Ballina; Ballina Town; NA,F26 R5P3,,,not_available,not_available,,,,,2025-01-08,,https://www.mayo.ie/environment/derelict-sites,2026-03-06,2026-08-08,XLSX,official_xlsx,native_machine_readable
IE-DS-b615208e8c734b,Mayo County Council,DS2024/28,"14 James Connolly Street, Ballina, Co Mayo F26 T8N4",Ballina; Ballina Town; NA,F26 T8N4,,,not_available,not_available,,,,,2025-05-07,70000,https://www.mayo.ie/environment/derelict-sites,2026-03-06,2026-08-08,XLSX,official_xlsx,native_machine_readable
IE-DS-b18f1dc0937d2c,Mayo County Council,DS2025/01,"47 Tyrawley Terrace, Ballina, Co Mayo F26 HF96",Ballina; Ballina Town; NA,F26 HF96,,,not_available,not_available,,,,,2025-03-05,,https://www.mayo.ie/environment/derelict-sites,2026-03-06,2026-08-08,XLSX,official_xlsx,native_machine_readable
IE-DS-8de59c13a1672e,Mayo County Council,DS2025/02,"No. 8 Convent Hill Grove, Ballina, Co Mayo F26 X9N9",Ballina; Ballina Town; NA,F26 X9N9,,,not_available,not_available,,,,,2025-03-07,,https://www.mayo.ie/environment/derelict-sites,2026-03-06,2026-08-08,XLSX,official_xlsx,native_machine_readable
IE-DS-ff9ffea4afeeb6,Mayo County Council,DS2025/03,"2 Oaklawn, Killala Road, Ballina, F26 P6P2",Ballina; Ballina Town; N/A,F26 P6P2,,,not_available,not_available,,,,,2025-03-07,,https://www.mayo.ie/environment/derelict-sites,2026-03-06,2026-08-08,XLSX,official_xlsx,native_machine_readable
IE-DS-cfd2eb898f1c6a,Mayo County Council,DS2025/04,"3 Oaklawn, Killala Road, Ballina, F26 D6C7",Ballina; Ballina Town; N/A,F26 D6C7,,,not_available,not_available,,,,,2025-03-07,,https://www.mayo.ie/environment/derelict-sites,2026-03-06,2026-08-08,XLSX,official_xlsx,native_machine_readable
IE-DS-7269ad1f72fd3d,Mayo County Council,DS2025/05,"26 Mount Assumpta, Ballina, F26 D4R2",Ballina; Ballina Town; N/A,F26 D4R2,,,not_available,not_available,,,,,2025-03-07,,https://www.mayo.ie/environment/derelict-sites,2026-03-06,2026-08-08,XLSX,official_xlsx,native_machine_readable
IE-DS-cc97a490b3ee45,Mayo County Council,DS2026/23,"The Brook, Abbeyhalfquarter, Ballina, Co Mayo",Ballina; Ballina Town,,,,not_available,not_available,,,,,2026-02-20,,https://www.mayo.ie/environment/derelict-sites,2026-03-06,2026-08-08,XLSX,official_xlsx,native_machine_readable
IE-DS-7227564ce64e84,Mayo County Council,DS2026/22,"Plunkett Road, Ballina, Co Mayo",Ballina; Ballina Town,,,,not_available,not_available,,,,,2026-02-20,,https://www.mayo.ie/environment/derelict-sites,2026-03-06,2026-08-08,XLSX,official_xlsx,native_machine_readable
IE-DS-80e7f735184558,Mayo County Council,DS2026/21,"5 Plunkett Road, Ballina, Co Mayo F26 P7X3",Ballina; Ballina Town,F26 P7X3,,,not_available,not_available,,,,,2026-02-20,,https://www.mayo.ie/environment/derelict-sites,2026-03-06,2026-08-08,XLSX,official_xlsx,native_machine_readable
IE-DS-40c2646c5c453d,Mayo County Council,DS01/20,"Main Street, Ballycastle, Co Mayo",Ballina; Ballycastle; NA,,,,not_available,not_available,,,,,2020-09-03,40000,https://www.mayo.ie/environment/derelict-sites,2026-03-06,2026-08-08,XLSX,official_xlsx,native_machine_readable
IE-DS-d6875c31eca236,Mayo County Council,DS01/23,"Main Street, Ballycastle, Co Mayo",Ballina; Ballycastle; NA,,,,not_available,not_available,,,,,2020-02-06,50000,https://www.mayo.ie/environment/derelict-sites,2026-03-06,2026-08-08,XLSX,official_xlsx,native_machine_readable
IE-DS-5133229a958804,Mayo County Council,DS16/14,"Church Street, Crossmolina",Ballina; Crossmolina; NA,,,,not_available,not_available,,,,,1991-07-12,27000,https://www.mayo.ie/environment/derelict-sites,2026-03-06,2026-08-08,XLSX,official_xlsx,native_machine_readable
IE-DS-96e60031acf6c0,Mayo County Council,DS16/29,"Kilmurrymore, Rake St., Crossmolina, Co Mayo",Ballina; Crossmolina; NA,,,,not_available,not_available,,,,,2022-01-20,40000,https://www.mayo.ie/environment/derelict-sites,2026-03-06,2026-08-08,XLSX,official_xlsx,native_machine_readable
IE-DS-3a1ea5216d818b,Mayo County Council,DS16/31,"""Corcoran's"", Ballina Street, Crossmolina, Co Mayo",Ballina; Crossmolina; NA,,,,not_available,not_available,,,,,2021-04-15,40000,https://www.mayo.ie/environment/derelict-sites,2026-03-06,2026-08-08,XLSX,official_xlsx,native_machine_readable
IE-DS-b34afab66cc52c,Mayo County Council,DS16/38,"Erris Street, Crossmolina, Co Mayo",Ballina; Crossmolina; NA,,,,not_available,not_available,,,,,2019-10-23,25000,https://www.mayo.ie/environment/derelict-sites,2026-03-06,2026-08-08,XLSX,official_xlsx,native_machine_readable
IE-DS-5bb3938e50a68f,Mayo County Council,DS16/39,"Erris Street, Crossmolina, Co Mayo",Ballina; Crossmolina; NA,,,,not_available,not_available,,,,,2019-10-23,50000,https://www.mayo.ie/environment/derelict-sites,2026-03-06,2026-08-08,XLSX,official_xlsx,native_machine_readable
IE-DS-b9335ce34e80c1,Mayo County Council,DS16/40,"""Boys National School"", Chapel Street, Crossmolina",Ballina; Crossmolina; NA,,,,not_available,not_available,,,,,2019-12-11,100000,https://www.mayo.ie/environment/derelict-sites,2026-03-06,2026-08-08,XLSX,official_xlsx,native_machine_readable
IE-DS-0a7df38eff0647,Mayo County Council,DS16/43,"Church Street, Crossmolina, Co Mayo F26NY86",Ballina; Crossmolina; NA,F26 NY86,,,not_available,not_available,,,,,2019-10-24,50000,https://www.mayo.ie/environment/derelict-sites,2026-03-06,2026-08-08,XLSX,official_xlsx,native_machine_readable
IE-DS-a084b26242122a,Mayo County Council,DS16/45,"Ballina Street, Crossmolina, Co Mayo",Ballina; Crossmolina; NA,,,,not_available,not_available,,,,,2020-02-05,40000,https://www.mayo.ie/environment/derelict-sites,2026-03-06,2026-08-08,XLSX,official_xlsx,native_machine_readable
IE-DS-07c5ebe5572807,Mayo County Council,DS10/13(b),"George Street, Killala, Co Mayo",Ballina; Killala; NA,,,,not_available,not_available,,,,,1991-07-15,10000,https://www.mayo.ie/environment/derelict-sites,2026-03-06,2026-08-08,XLSX,official_xlsx,native_machine_readable
IE-DS-ed9f28fe6b62d3,Mayo County Council,DS10/37,"Georges Street, Killala, Co Mayo",Ballina; Killala; NA,,,,not_available,not_available,,,,,2019-10-24,80000,https://www.mayo.ie/environment/derelict-sites,2026-03-06,2026-08-08,XLSX,official_xlsx,native_machine_readable
IE-DS-e08a720747b7c6,Mayo County Council,DS10/38,"Market Street, Killala, Co Mayo",Ballina; Killala; NA,,,,not_available,not_available,,,,,2020-09-03,35000,https://www.mayo.ie/environment/derelict-sites,2026-03-06,2026-08-08,XLSX,official_xlsx,native_machine_readable
IE-DS-487515253869e8,Mayo County Council,DS10/41,"Market Street, Killala, Co Mayo",Ballina; Killala; NA,,,,not_available,not_available,,,,,2019-10-24,40000,https://www.mayo.ie/environment/derelict-sites,2026-03-06,2026-08-08,XLSX,official_xlsx,native_machine_readable
IE-DS-77b342aa80d98a,Mayo County Council,DS10/42,"Market Street, Killala, Co Mayo",Ballina; Killala; NA,,,,not_available,not_available,,,,,2019-10-24,30000,https://www.mayo.ie/environment/derelict-sites,2026-03-06,2026-08-08,XLSX,official_xlsx,native_machine_readable
IE-DS-cdffb8ed23d1e5,Mayo County Council,DS10/43,"Market Street, Killala, Co Mayo",Ballina; Killala; NA,,,,not_available,not_available,,,,,2019-10-24,35000,https://www.mayo.ie/environment/derelict-sites,2026-03-06,2026-08-08,XLSX,official_xlsx,native_machine_readable
IE-DS-76aaa0aad81869,Mayo County Council,DS10/45,"""Warehouse/Grainstore"", Courthosue Street, Killala, Co Mayo",Ballina; Killala; NA,,,,not_available,not_available,,,,,2019-10-24,50000,https://www.mayo.ie/environment/derelict-sites,2026-03-06,2026-08-08,XLSX,official_xlsx,native_machine_readable
IE-DS-d2706f8198abcd,Mayo County Council,DS10/46,"Market Street, Killala, Co Mayo",Ballina; Killala; NA,,,,not_available,not_available,,,,,2019-10-31,40000,https://www.mayo.ie/environment/derelict-sites,2026-03-06,2026-08-08,XLSX,official_xlsx,native_machine_readable
IE-DS-5e76da99e4af37,Mayo County Council,DS10/47,"The Acres, Killala, Co Mayo",Ballina; Killala; NA,,,,not_available,not_available,,,,,2019-10-23,20000,https://www.mayo.ie/environment/derelict-sites,2026-03-06,2026-08-08,XLSX,official_xlsx,native_machine_readable
IE-DS-f884548ba89f61,Mayo County Council,DS10/48,"Barrack Street, Killala, Co Mayo F26 NW64",Ballina; Killala; NA,F26 NW64,,,not_available,not_available,,,,,2019-12-11,50000,https://www.mayo.ie/environment/derelict-sites,2026-03-06,2026-08-08,XLSX,official_xlsx,native_machine_readable
IE-DS-a1b12cce76c26d,Mayo County Council,DS10/50,"Church Street, Killala, Co Mayo",Ballina; Killala; NA,,,,not_available,not_available,,,,,2019-10-23,50000,https://www.mayo.ie/environment/derelict-sites,2026-03-06,2026-08-08,XLSX,official_xlsx,native_machine_readable
IE-DS-84dd78fff7e11f,Mayo County Council,DS10/52,"R314, Gore Street, Killala, Co Mayo F26 CR94",Ballina; Killala; NA,F26 CR94,,,not_available,not_available,,,,,2024-03-13,70000,https://www.mayo.ie/environment/derelict-sites,2026-03-06,2026-08-08,XLSX,official_xlsx,native_machine_readable
IE-DS-ad97659f87f7a8,Mayo County Council,DS2024/16,"43 Woodview Court, Killala, Co Mayo F26 FV32",Ballina; Killala; NA,F26 FV32,,,not_available,not_available,,,,,2024-10-15,70000,https://www.mayo.ie/environment/derelict-sites,2026-03-06,2026-08-08,XLSX,official_xlsx,native_machine_readable
IE-DS-7512a1a3e1da76,Mayo County Council,DS2024/18,"George's Street, Killala, Co Mayo",Ballina; Killala; NA,,,,not_available,not_available,,,,,2025-01-08,,https://www.mayo.ie/environment/derelict-sites,2026-03-06,2026-08-08,XLSX,official_xlsx,native_machine_readable
IE-DS-83b646ec2b7c94,Mayo County Council,DS30/01,"Steelaun, Rathfran, Carrowmore Lacken, Ballina, Co Mayo",Ballina; Lacken; NA,,,,not_available,not_available,,,,,2022-09-01,150000,https://www.mayo.ie/environment/derelict-sites,2026-03-06,2026-08-08,XLSX,official_xlsx,native_machine_readable
IE-DS-f06c9cfac8bd05,Mayo County Council,DS42/03,"""Woodside Motors"", Claremorris Road, Balla, Co Mayo",Castlebar; Balla; NA,,,,not_available,not_available,,,,,2020-02-05,80000,https://www.mayo.ie/environment/derelict-sites,2026-03-06,2026-08-08,XLSX,official_xlsx,native_machine_readable
IE-DS-5f9b1af56129ac,Mayo County Council,DS42/04,"Main Street, Balla, Co Mayo",Castlebar; Balla; NA,,,,not_available,not_available,,,,,2020-02-05,40000,https://www.mayo.ie/environment/derelict-sites,2026-03-06,2026-08-08,XLSX,official_xlsx,native_machine_readable
IE-DS-2f62dded9cd045,Mayo County Council,DS42/06,"Main Street, Balla, Co Mayo F23 H429",Castlebar; Balla; NA,F23 H429,,,not_available,not_available,,,,,2020-02-05,100000,https://www.mayo.ie/environment/derelict-sites,2026-03-06,2026-08-08,XLSX,official_xlsx,native_machine_readable
IE-DS-5363e945a9dfa4,Mayo County Council,DS42/08,"Main Street, Balla, Co Mayo F23 YH30",Castlebar; Balla; NA,F23 YH30,,,not_available,not_available,,,,,2021-09-21,140000,https://www.mayo.ie/environment/derelict-sites,2026-03-06,2026-08-08,XLSX,official_xlsx,native_machine_readable
IE-DS-bfed03c84d97b7,Mayo County Council,DS2024/19,"Semi-detached structure adjacent to former Garda Station, Ballyglass, Claremorris, Co Mayo",Castlebar; Ballyglass; NA,,,,not_available,not_available,,,,,2025-01-08,,https://www.mayo.ie/environment/derelict-sites,2026-03-06,2026-08-08,XLSX,official_xlsx,native_machine_readable
IE-DS-dcf9c6dd03e6e3,Mayo County Council,DS43/01,"""Ballyvary House"", Main Street, Ballyvary, Castlebar, Co Mayo F23 CH64",Castlebar; Ballyvary; NA,F23 CH64,,,not_available,not_available,,,,,2020-02-17,70000,https://www.mayo.ie/environment/derelict-sites,2026-03-06,2026-08-08,XLSX,official_xlsx,native_machine_readable
IE-DS-708ec064e4cd92,Mayo County Council,DS39/03,"""Heneghan's"", Belcarra, Castlebar, Co Mayo",Castlebar; Belcarra; NA,,,,not_available,not_available,,,,,2020-02-17,160000,https://www.mayo.ie/environment/derelict-sites,2026-03-06,2026-08-08,XLSX,official_xlsx,native_machine_readable
IE-DS-941ae5c0cd8142,Mayo County Council,DS2025/32,"Belcarra, Castlebar, Co Mayo F23 YY93",Castlebar; Belcarra; NA,F23 YY93,,,not_available,not_available,,,,,2025-08-27,,https://www.mayo.ie/environment/derelict-sites,2026-03-06,2026-08-08,XLSX,official_xlsx,native_machine_readable
IE-DS-89c7ec85d289fd,Mayo County Council,DS2025/33,"Belcarra, Castlebar, Co Mayo F23 KN72",Castlebar; Belcarra; NA,F23 KN72,,,not_available,not_available,,,,,2025-08-27,,https://www.mayo.ie/environment/derelict-sites,2026-03-06,2026-08-08,XLSX,official_xlsx,native_machine_readable
IE-DS-ef1f32d039e59e,Mayo County Council,DS41/01,"Ellison Street, Castlebar",Castlebar; Castlebar Town; NA,,,,not_available,not_available,,,,,2015-01-05,200000,https://www.mayo.ie/environment/derelict-sites,2026-03-06,2026-08-08,XLSX,official_xlsx,native_machine_readable
IE-DS-a273bd206c8282,Mayo County Council,DS41/02,"Newport Rd., Castlebar",Castlebar; Castlebar Town; NA,,,,not_available,not_available,,,,,30/01/2017 & 23/02/17,50000,https://www.mayo.ie/environment/derelict-sites,2026-03-06,2026-08-08,XLSX,official_xlsx,native_machine_readable
IE-DS-c5342b8579f4ba,Mayo County Council,DS41/03,"Newport Rd., Castlebar",Castlebar; Castlebar Town; NA,,,,not_available,not_available,,,,,30/01/2017 & 23/02/17,50000,https://www.mayo.ie/environment/derelict-sites,2026-03-06,2026-08-08,XLSX,official_xlsx,native_machine_readable
IE-DS-2528ca259ebace,Mayo County Council,DS41/14,"Lower Charles Street, Castlebar",Castlebar; Castlebar Town; NA,,,,not_available,not_available,,,,,2016-01-21,45000,https://www.mayo.ie/environment/derelict-sites,2026-03-06,2026-08-08,XLSX,official_xlsx,native_machine_readable
IE-DS-4ff54d4c64a0b5,Mayo County Council,DS41/17,Saleen Property Site 2F,Castlebar; Castlebar Town; NA,,,,not_available,not_available,,,,,2019-06-28,140000,https://www.mayo.ie/environment/derelict-sites,2026-03-06,2026-08-08,XLSX,official_xlsx,native_machine_readable
IE-DS-dddd58a24f45c5,Mayo County Council,DS41/18,"Quinns, Mountain View, Co Mayo",Castlebar; Castlebar Town; NA,,,,not_available,not_available,,,,,2019-04-09,150000,https://www.mayo.ie/environment/derelict-sites,2026-03-06,2026-08-08,XLSX,official_xlsx,native_machine_readable
IE-DS-47792a763d5e0c,Mayo County Council,DS41/21,"Gavin and Brennan Buildings, Knockthomas, Castlebar, Co Mayo F23 YW65",Castlebar; Castlebar Town; NA,F23 YW65,,,not_available,not_available,,,,,2020-02-17,300000,https://www.mayo.ie/environment/derelict-sites,2026-03-06,2026-08-08,XLSX,official_xlsx,native_machine_readable
IE-DS-0e2dc6f0b21006,Mayo County Council,DS41/23,"Site H: Brennan's Yard, Knockthomas, Castlebar, Co Mayo",Castlebar; Castlebar Town; NA,,,,not_available,not_available,,,,,2020-02-28,200000,https://www.mayo.ie/environment/derelict-sites,2026-03-06,2026-08-08,XLSX,official_xlsx,native_machine_readable
IE-DS-d4c4fabe1c6564,Mayo County Council,DS41/24,"Former Commercial Premises, Newport Road, Castlebar, Co Mayo F23E297",Castlebar; Castlebar Town; NA,F23 E297,,,not_available,not_available,,,,,2021-11-04,60000,https://www.mayo.ie/environment/derelict-sites,2026-03-06,2026-08-08,XLSX,official_xlsx,native_machine_readable
IE-DS-d48e65e2e000cf,Mayo County Council,DS41/30,"5B Garryduff Drive, Castlebar, Co Mayo F23 K258",Castlebar; Castlebar Town; NA,F23 K258,,,not_available,not_available,,,,,2020-02-07,115000,https://www.mayo.ie/environment/derelict-sites,2026-03-06,2026-08-08,XLSX,official_xlsx,native_machine_readable
IE-DS-bfe3ecb0b8ac57,Mayo County Council,DS41/32,"Hanley's Shop, Rock Square, Castlebar, Co Mayo",Castlebar; Castlebar Town; NA,,,,not_available,not_available,,,,,2021-01-21,140000,https://www.mayo.ie/environment/derelict-sites,2026-03-06,2026-08-08,XLSX,official_xlsx,native_machine_readable
IE-DS-ed5c6b301352c5,Mayo County Council,DS41/34,"Davitt's Terrace, Castlebar, Co Mayo F23 PW30",Castlebar; Castlebar Town; NA,F23 PW30,,,not_available,not_available,,,,,2020-02-17,80000,https://www.mayo.ie/environment/derelict-sites,2026-03-06,2026-08-08,XLSX,official_xlsx,native_machine_readable
IE-DS-09f57b26506bae,Mayo County Council,DS41/37,"6 Ellison Street, Castlebar, Co Mayo F23 NH56",Castlebar; Castlebar Town; NA,F23 NH56,,,not_available,not_available,,,,,2020-02-28,100000,https://www.mayo.ie/environment/derelict-sites,2026-03-06,2026-08-08,XLSX,official_xlsx,native_machine_readable
IE-DS-513b1d2c171f92,Mayo County Council,DS41/40,"""Ellison Street House"", Ellison Street, Castlebar, Co Mayo F23 HY10",Castlebar; Castlebar Town; NA,F23 HY10,,,not_available,not_available,,,,,2020-02-28,300000,https://www.mayo.ie/environment/derelict-sites,2026-03-06,2026-08-08,XLSX,official_xlsx,native_machine_readable
IE-DS-de68a12cadbee3,Mayo County Council,DS41/41,"""Terraced House"", Tucker Street, Castlebar, Co Mayo",Castlebar; Castlebar Town; NA,,,,not_available,not_available,,,,,2020-09-03,80000,https://www.mayo.ie/environment/derelict-sites,2026-03-06,2026-08-08,XLSX,official_xlsx,native_machine_readable
IE-DS-3b7abdf0e3cc3c,Mayo County Council,DS41/42,"""Unfinished House"", Station Road, Castlebar, Co Mayo",Castlebar; Castlebar Town; NA,,,,not_available,not_available,,,,,2020-08-28,50000,https://www.mayo.ie/environment/derelict-sites,2026-03-06,2026-08-08,XLSX,official_xlsx,native_machine_readable
IE-DS-88c5d8209d6e3e,Mayo County Council,DS41/44,"50 McCormack Estate, Castlebar, Co Mayo F23 WK63",Castlebar; Castlebar Town; NA,F23 WK63,,,not_available,not_available,,,,,2020-08-28,23000,https://www.mayo.ie/environment/derelict-sites,2026-03-06,2026-08-08,XLSX,official_xlsx,native_machine_readable
IE-DS-239a9fc2a6c541,Mayo County Council,DS41/45,"Saleen Site (beside Cushlough), Saleen, Castlebar, Co Mayo",Castlebar; Castlebar Town; NA,,,,not_available,not_available,,,,,2021-01-21,150000,https://www.mayo.ie/environment/derelict-sites,2026-03-06,2026-08-08,XLSX,official_xlsx,native_machine_readable
IE-DS-8fd5945c72ef29,Mayo County Council,DS41/48,"Timlin House, Newport Road, Castlebar, Co Mayo",Castlebar; Castlebar Town; NA,,,,not_available,not_available,,,,,2021-11-16,180000,https://www.mayo.ie/environment/derelict-sites,2026-03-06,2026-08-08,XLSX,official_xlsx,native_machine_readable
IE-DS-fb161543ae2df4,Mayo County Council,DS41/53,"5 Kennedy Gardens, Castlebar, Co Mayo F23 EH58",Castlebar; Castlebar Town; NA,F23 EH58,,,not_available,not_available,,,,,2024-10-21,,https://www.mayo.ie/environment/derelict-sites,2026-03-06,2026-08-08,XLSX,official_xlsx,native_machine_readable
IE-DS-c3fbdae6502163,Mayo County Council,DS2024/30,"88 Springfield Court, Castlebar, Co Mayo F23 C567",Castlebar; Castlebar Town; NA,F23 C567,,,not_available,not_available,,,,,2025-04-30,,https://www.mayo.ie/environment/derelict-sites,2026-03-06,2026-08-08,XLSX,official_xlsx,native_machine_readable
IE-DS-519bc089eb2bb9,Mayo County Council,DS2024/31,"89 Springfield Court, Castlebar, Co Mayo F23 E863",Castlebar; Castlebar Town; NA,F23 E863,,,not_available,not_available,,,,,2025-05-01,,https://www.mayo.ie/environment/derelict-sites,2026-03-06,2026-08-08,XLSX,official_xlsx,native_machine_readable
IE-DS-d84551e5cfe1a1,Mayo County Council,DS2025/09,"30 Riverdale Court, Castlebar, Co Mayo F23 EH51",Castlebar; Castlebar Town; NA,F23 EH51,,,not_available,not_available,,,,,2025-05-06,,https://www.mayo.ie/environment/derelict-sites,2026-03-06,2026-08-08,XLSX,official_xlsx,native_machine_readable
IE-DS-471bc8f647dbcc,Mayo County Council,DS2025/10,"3 Riverdale Court, Castlebar, Co Mayo F23 XR60",Castlebar; Castlebar Town; NA,F23 XR60,,,not_available,not_available,,,,,2025-07-16,125000,https://www.mayo.ie/environment/derelict-sites,2026-03-06,2026-08-08,XLSX,official_xlsx,native_machine_readable
IE-DS-7adee805ac6acd,Mayo County Council,DS2025/16,"Hill House, Mountain View, Castlebar, Co Mayo, F23 WE16",Castlebar; Castlebar Town; NA,F23 WE16,,,not_available,not_available,,,,,22/072025,,https://www.mayo.ie/environment/derelict-sites,2026-03-06,2026-08-08,XLSX,official_xlsx,native_machine_readable
IE-DS-fbf34e63395121,Mayo County Council,DS2025/48,"79 Curragh, Castlebar, Co Mayo F23 HK53",Castlebar; Castlebar Town,F23 HK53,,,not_available,not_available,,,,,2025-12-15,,https://www.mayo.ie/environment/derelict-sites,2026-03-06,2026-08-08,XLSX,official_xlsx,native_machine_readable
IE-DS-ef20c774e6b2ab,Mayo County Council,DS2025/51,"12 Belvedere Court, Newtown, Castlebar, Co Mayo F23 CX29",Castlebar; Castlebar Town,F23 CX29,,,not_available,not_available,,,,,2025-12-15,,https://www.mayo.ie/environment/derelict-sites,2026-03-06,2026-08-08,XLSX,official_xlsx,native_machine_readable
IE-DS-3c1b990cf99f07,Mayo County Council,DS2025/63,"Ashton, Spencer Park, Castlebar, Co Mayo F23 E261",Castlebar; Castlebar Town,F23 E261,,,not_available,not_available,,,,,2025-12-15,,https://www.mayo.ie/environment/derelict-sites,2026-03-06,2026-08-08,XLSX,official_xlsx,native_machine_readable
IE-DS-487491b5ee6c55,Mayo County Council,DS2025/71,"80 McHale Road, Castlebar, Co Mayo F23 WY46",Castlebar; Castlebar Town,F23 WY46,,,not_available,not_available,,,,,2028-02-20,,https://www.mayo.ie/environment/derelict-sites,2026-03-06,2026-08-08,XLSX,official_xlsx,native_machine_readable
IE-DS-6349cd3a68a725,Mayo County Council,DS2025/27,"Devanney's Bar, Lahardane, Co Mayo F26 CK77",Castlebar; Lahardane; NA,F26 CK77,,,not_available,not_available,,,,,2025-07-18,,https://www.mayo.ie/environment/derelict-sites,2026-03-06,2026-08-08,XLSX,official_xlsx,native_machine_readable
IE-DS-a942e52f6de2e8,Mayo County Council,DS2025/66,"Lahardane, Ballina, Co Mayo F26 P5X5",Castlebar; Lahardane,F26 P5X5,,,not_available,not_available,,,,,2025-12-15,,https://www.mayo.ie/environment/derelict-sites,2026-03-06,2026-08-08,XLSX,official_xlsx,native_machine_readable
IE-DS-141ff9b5b8aca3,Mayo County Council,DS25/02,"27 Ard Lugalisheen, Ballindine, Co Mayo",Claremorris; Ballindine; NA,,,,not_available,not_available,,,,,2022-04-19,160000,https://www.mayo.ie/environment/derelict-sites,2026-03-06,2026-08-08,XLSX,official_xlsx,native_machine_readable
IE-DS-1fbe2830ce43fa,Mayo County Council,DS25/03,"26 Ard Lugalisheen, Ballindine, Co Mayo",Claremorris; Ballindine; NA,,,,not_available,not_available,,,,,2022-04-19,130000,https://www.mayo.ie/environment/derelict-sites,2026-03-06,2026-08-08,XLSX,official_xlsx,native_machine_readable
IE-DS-34e0238612a101,Mayo County Council,DS25/04,"25 Ard Lugalisheen, Ballindine, Co Mayo",Claremorris; Ballindine; NA,,,,not_available,not_available,,,,,2022-04-19,130000,https://www.mayo.ie/environment/derelict-sites,2026-03-06,2026-08-08,XLSX,official_xlsx,native_machine_readable
IE-DS-5edfefba378d14,Mayo County Council,DS25/05,"24 Ard Lugalisheen, Ballindine, Co Mayo",Claremorris; Ballindine; NA,,,,not_available,not_available,,,,,2022-04-19,130000,https://www.mayo.ie/environment/derelict-sites,2026-03-06,2026-08-08,XLSX,official_xlsx,native_machine_readable
IE-DS-8397a5f6368e2e,Mayo County Council,DS2025/28,"4 Ard Lugalisheen, Ballindine, Co Mayo F12 K660",Claremorris; Ballindine; N/A,F12 K660,,,not_available,not_available,,,,,2025-06-26,,https://www.mayo.ie/environment/derelict-sites,2026-03-06,2026-08-08,XLSX,official_xlsx,native_machine_readable
IE-DS-cd263bde55844b,Mayo County Council,DS17/08,"High Street, Ballinrobe, Co Mayo",Claremorris; Ballinrobe; NA,,,,not_available,not_available,,,,,2016-03-16,40000,https://www.mayo.ie/environment/derelict-sites,2026-03-06,2026-08-08,XLSX,official_xlsx,native_machine_readable
IE-DS-7e6f0d03a3405e,Mayo County Council,DS17/09,"High Street, Ballinrobe, Co Mayo",Claremorris; Ballinrobe; NA,,,,not_available,not_available,,,,,2016-03-16,40000,https://www.mayo.ie/environment/derelict-sites,2026-03-06,2026-08-08,XLSX,official_xlsx,native_machine_readable
IE-DS-e8d2248a912ffb,Mayo County Council,DS17/10,"High Street, Ballinrobe, Co Mayo",Claremorris; Ballinrobe; NA,,,,not_available,not_available,,,,,2016-03-16,50000,https://www.mayo.ie/environment/derelict-sites,2026-03-06,2026-08-08,XLSX,official_xlsx,native_machine_readable
IE-DS-3d69f5a3085413,Mayo County Council,DS17/38,"Old Rugby Club, High St., Ballinrobe, Co Mayo",Claremorris; Ballinrobe; NA,,,,not_available,not_available,,,,,2016-01-21,60000,https://www.mayo.ie/environment/derelict-sites,2026-03-06,2026-08-08,XLSX,official_xlsx,native_machine_readable
IE-DS-de5cd605c7069f,Mayo County Council,DS17/46,"Cornmarket, Ballinrobe, Co Mayo",Claremorris; Ballinrobe; NA,,,,not_available,not_available,,,,,2011-10-18,70000,https://www.mayo.ie/environment/derelict-sites,2026-03-06,2026-08-08,XLSX,official_xlsx,native_machine_readable
IE-DS-9d08638b78d378,Mayo County Council,DS17/47,"Bridge Street, Ballinrobe, Co Mayo",Claremorris; Ballinrobe; NA,,,,not_available,not_available,,,,,2011-05-16,50000,https://www.mayo.ie/environment/derelict-sites,2026-03-06,2026-08-08,XLSX,official_xlsx,native_machine_readable
IE-DS-d53ed4e403e536,Mayo County Council,DS17/48,"Bridge Street, Ballinrobe, Co Mayo",Claremorris; Ballinrobe; NA,,,,not_available,not_available,,,,,2011-08-05,50000,https://www.mayo.ie/environment/derelict-sites,2026-03-06,2026-08-08,XLSX,official_xlsx,native_machine_readable
IE-DS-003fe192d066d2,Mayo County Council,DS17/50,"Glebe Street, Ballinrobe, Co Mayo F31 E767",Claremorris; Ballinrobe; NA,F31 E767,,,not_available,not_available,,,,,2011-08-18,40000,https://www.mayo.ie/environment/derelict-sites,2026-03-06,2026-08-08,XLSX,official_xlsx,native_machine_readable
IE-DS-88135b767ce468,Mayo County Council,DS17/52,"Glebe Street, Ballinrobe, Co Mayo ""Farraghers Shop""",Claremorris; Ballinrobe; NA,,,,not_available,not_available,,,,,2011-10-18,100000,https://www.mayo.ie/environment/derelict-sites,2026-03-06,2026-08-08,XLSX,official_xlsx,native_machine_readable
IE-DS-17ab75658227f3,Mayo County Council,DS17/54,"""Old Garage"", Castlebar Road, Ballinrobe, Co Mayo",Claremorris; Ballinrobe; NA,,,,not_available,not_available,,,,,2021-09-21,60000,https://www.mayo.ie/environment/derelict-sites,2026-03-06,2026-08-08,XLSX,official_xlsx,native_machine_readable
IE-DS-857d8029e767c0,Mayo County Council,DS17/56,"Creagh Road, Ballinrobe, Co Mayo",Claremorris; Ballinrobe; NA,,,,not_available,not_available,,,,,2011-10-07,60000,https://www.mayo.ie/environment/derelict-sites,2026-03-06,2026-08-08,XLSX,official_xlsx,native_machine_readable
IE-DS-465c2a4a4de74f,Mayo County Council,DS17/60,"Bridge Street, Ballinrobe, Co Mayo",Claremorris; Ballinrobe; NA,,,,not_available,not_available,,,,,2019-12-11,50000,https://www.mayo.ie/environment/derelict-sites,2026-03-06,2026-08-08,XLSX,official_xlsx,native_machine_readable
IE-DS-16d30307710329,Mayo County Council,DS17/65,"""Mooneys"", Bridge Street, Ballinrobe, Co Mayo F31 AK54",Claremorris; Ballinrobe; NA,F31 AK54,,,not_available,not_available,,,,,2021-11-09,150000,https://www.mayo.ie/environment/derelict-sites,2026-03-06,2026-08-08,XLSX,official_xlsx,native_machine_readable
IE-DS-80c37735245667,Mayo County Council,DS17/67,"Lough Mask Road, Ballinrobe, Co Mayo F31 FK53",Claremorris; Ballinrobe; NA,F31 FK53,,,not_available,not_available,,,,,2022-07-22,150000,https://www.mayo.ie/environment/derelict-sites,2026-03-06,2026-08-08,XLSX,official_xlsx,native_machine_readable
IE-DS-f51ca384cb210d,Mayo County Council,DS17/71,"Convent Road, Ballinrobe, Co Mayo",Claremorris; Ballinrobe; NA,,,,not_available,not_available,,,,,2022-10-06,40000,https://www.mayo.ie/environment/derelict-sites,2026-03-06,2026-08-08,XLSX,official_xlsx,native_machine_readable
IE-DS-cb5c71ea3c734c,Mayo County Council,DS17/77,"Bowgate Street, Ballinrobe, Co Mayo F31 H322",Claremorris; Ballinrobe; NA,F31 H322,,,not_available,not_available,,,,,2023-03-07,150000,https://www.mayo.ie/environment/derelict-sites,2026-03-06,2026-08-08,XLSX,official_xlsx,native_machine_readable
IE-DS-6ff3e7e416b752,Mayo County Council,DS2025/13,"88 New Street, Ballinrobe, Co Mayo F31 X337",Claremorris; Ballinrobe; NA,F31 X337,,,not_available,not_available,,,,,2025-06-24,,https://www.mayo.ie/environment/derelict-sites,2026-03-06,2026-08-08,XLSX,official_xlsx,native_machine_readable
IE-DS-fd65f4c928af25,Mayo County Council,DS2025/26,"Cloonnagashel, Ballinrobe, Co Mayo F31 KX73",Claremorris; Ballinrobe; NA,F31 KX73,,,not_available,not_available,,,,,2025-06-24,,https://www.mayo.ie/environment/derelict-sites,2026-03-06,2026-08-08,XLSX,official_xlsx,native_machine_readable
IE-DS-74c0d429dd1ee7,Mayo County Council,DS2025/14,"87 New Street, Ballinrobe, Co Mayo",Claremorris; Ballinrobe; NA,,,,not_available,not_available,,,,,2025-06-30,100000,https://www.mayo.ie/environment/derelict-sites,2026-03-06,2026-08-08,XLSX,official_xlsx,native_machine_readable
IE-DS-2eb10bbdf18a9a,Mayo County Council,DS2025/25,"Glenview, 49 Abbey Street, Ballinrobe, Co Mayo F31 T671",Claremorris; Ballinrobe; NA,F31 T671,,,not_available,not_available,,,,,2025-06-30,,https://www.mayo.ie/environment/derelict-sites,2026-03-06,2026-08-08,XLSX,official_xlsx,native_machine_readable
IE-DS-14e6f953803f06,Mayo County Council,DS2025/24,"54 Abbey Street, Ballinrobe, Co Mayo F31 Y192",Claremorris; Ballinrobe; NA,F31 Y192,,,not_available,not_available,,,,,2025-06-30,,https://www.mayo.ie/environment/derelict-sites,2026-03-06,2026-08-08,XLSX,official_xlsx,native_machine_readable
IE-DS-ad6eb6ae73e1ae,Mayo County Council,DS2025/23,"Abbey Street, Ballinrobe, Co Mayo F31 A466",Claremorrs; Ballinrobe; NA,F31 A466,,,not_available,not_available,,,,,2025-06-30,,https://www.mayo.ie/environment/derelict-sites,2026-03-06,2026-08-08,XLSX,official_xlsx,native_machine_readable
IE-DS-c65a9027ea7416,Mayo County Council,DS2025/56,"11 Hazel Court, Convent Road, Ballinrobe, Co Mayo F31 YK83",Claremorris; Ballinrobe,F31 YK83,,,not_available,not_available,,,,,2025-12-03,,https://www.mayo.ie/environment/derelict-sites,2026-03-06,2026-08-08,XLSX,official_xlsx,native_machine_readable
IE-DS-c46384fcb36b49,Mayo County Council,DS2025/57,"Apartment Buildings & Shop Units at Hazel Court, Convent Road, Ballinrobe, Co Mayo F31 K461",Claremorris; Ballinrobe,F31 K461,,,not_available,not_available,,,,,2025-12-22,,https://www.mayo.ie/environment/derelict-sites,2026-03-06,2026-08-08,XLSX,official_xlsx,native_machine_readable
IE-DS-2a1bf4ac6cc6d1,Mayo County Council,DS2025/58,"Apartment Buildings & Shop Units at Hazel Court, Convent Road, Ballinrobe, Co Mayo F31 XF34",Claremorris; Ballinrobe,F31 XF34,,,not_available,not_available,,,,,2025-12-22,,https://www.mayo.ie/environment/derelict-sites,2026-03-06,2026-08-08,XLSX,official_xlsx,native_machine_readable
IE-DS-9102d0f39e5825,Mayo County Council,DS2025/59,"Apartment Buildings & Shop Units at Hazel Court, Convent Road, Ballinrobe, Co Mayo F31 R981",Claremorris; Ballinrobe,F31 R981,,,not_available,not_available,,,,,2025-12-22,,https://www.mayo.ie/environment/derelict-sites,2026-03-06,2026-08-08,XLSX,official_xlsx,native_machine_readable
IE-DS-7eead8ef8fb2a2,Mayo County Council,DS2025/60,"Apartment Buildings & Shop Units at Hazel Court, Convent Road, Ballinrobe, Co Mayo F31 H562",Claremorris; Ballinrobe,F31 H562,,,not_available,not_available,,,,,2025-12-22,,https://www.mayo.ie/environment/derelict-sites,2026-03-06,2026-08-08,XLSX,official_xlsx,native_machine_readable
IE-DS-a1cc9974c4bd31,Mayo County Council,DS2025/61,"Apartment Buildings & Shop Units at Hazel Court, Convent Road, Ballinrobe, Co Mayo F31 T025",Claremorris; Ballinrobe,F31 T025,,,not_available,not_available,,,,,2025-12-22,,https://www.mayo.ie/environment/derelict-sites,2026-03-06,2026-08-08,XLSX,official_xlsx,native_machine_readable
IE-DS-98619ee15f308c,Mayo County Council,DS2025/62,"Apartment Buildings & Shop Units at Hazel Court, Convent Road, Ballinrobe, Co Mayo F31 AN81",Claremorris; Ballinrobe,F31 AN81,,,not_available,not_available,,,,,2025-12-22,,https://www.mayo.ie/environment/derelict-sites,2026-03-06,2026-08-08,XLSX,official_xlsx,native_machine_readable
IE-DS-3211127da3411a,Mayo County Council,DS18/13,"Barrack Street, Ballyhaunis, Co Mayo",Claremorris; Ballyhaunis; NA,,,,not_available,not_available,,,,,2021-11-16,60000,https://www.mayo.ie/environment/derelict-sites,2026-03-06,2026-08-08,XLSX,official_xlsx,native_machine_readable
IE-DS-f7989a2c0b572e,Mayo County Council,DS18/14,"Barrack Street, Ballyhaunis, Co Mayo",Claremorris; Ballyhaunis; NA,,,,not_available,not_available,,,,,2019-06-28,20000,https://www.mayo.ie/environment/derelict-sites,2026-03-06,2026-08-08,XLSX,official_xlsx,native_machine_readable
IE-DS-2febc01a2d1175,Mayo County Council,DS18/26,"Clare Road, Ballyhaunis, Co Mayo",Claremorris; Ballyhaunis; NA,,,,not_available,not_available,,,,,2018-10-30,25000,https://www.mayo.ie/environment/derelict-sites,2026-03-06,2026-08-08,XLSX,official_xlsx,native_machine_readable
IE-DS-568b8b328c7fb7,Mayo County Council,DS18/50,"""Dillon's"", Main Street & Knox Stret, Ballyhaunis, Co Mayo F25XP63",Claremorris; Ballyhaunis; NA,F25 XP63,,,not_available,not_available,,,,,2021-11-09,70000,https://www.mayo.ie/environment/derelict-sites,2026-03-06,2026-08-08,XLSX,official_xlsx,native_machine_readable
IE-DS-3616ce9d78fed9,Mayo County Council,DS18/53,"Abbeyquarter, Ballyhaunis, Co Mayo",Claremorris; Ballyhaunis; NA,,,,not_available,not_available,,,,,2012-04-02,120000,https://www.mayo.ie/environment/derelict-sites,2026-03-06,2026-08-08,XLSX,official_xlsx,native_machine_readable
IE-DS-9db107b330730e,Mayo County Council,DS18/54,"Knock Rd., Ballyhaunis, Co Mayo",Claremorris; Ballyhaunis; NA,,,,not_available,not_available,,,,,2019-06-28,70000,https://www.mayo.ie/environment/derelict-sites,2026-03-06,2026-08-08,XLSX,official_xlsx,native_machine_readable
IE-DS-cb826c52e7ba4a,Mayo County Council,DS18/61,"Old Larganboy School, Larganboy East, Co Mayo",Claremorris; Ballyhaunis; NA,,,,not_available,not_available,,,,,2019-10-16,60000,https://www.mayo.ie/environment/derelict-sites,2026-03-06,2026-08-08,XLSX,official_xlsx,native_machine_readable
IE-DS-a905d0849b2fe3,Mayo County Council,DS18/62,"Bridge Street, Ballyhaunis, Co Mayo F35 FP20",Claremorris; Ballyhaunis; NA,F35 FP20,,,not_available,not_available,,,,,2019-07-08,40000,https://www.mayo.ie/environment/derelict-sites,2026-03-06,2026-08-08,XLSX,official_xlsx,native_machine_readable
IE-DS-7c5b9b9094fc85,Mayo County Council,DS18/65,"""McCabe House"", Abbey Street, Ballyhaunis, Co Mayo",Claremorris; Ballyhaunis; NA,,,,not_available,not_available,,,,,2020-01-15,40000,https://www.mayo.ie/environment/derelict-sites,2026-03-06,2026-08-08,XLSX,official_xlsx,native_machine_readable
IE-DS-8d415fcca19261,Mayo County Council,DS18/67,"Old Shed/Garage, Carrownluggan, Ballyhaunis, Co Mayo",Claremorris; Ballyhaunis; NA,,,,not_available,not_available,,,,,2020-04-03,80000,https://www.mayo.ie/environment/derelict-sites,2026-03-06,2026-08-08,XLSX,official_xlsx,native_machine_readable
IE-DS-3ba91f33c54e34,Mayo County Council,DS18/71,"Abbeyquarter, Ballyhaunis, Co Mayo",Claremorris; Ballyhaunis; NA,,,,not_available,not_available,,,,,2020-04-14,120000,https://www.mayo.ie/environment/derelict-sites,2026-03-06,2026-08-08,XLSX,official_xlsx,native_machine_readable
IE-DS-9d4e9ab5126fe7,Mayo County Council,DS2025/08,"37 Barley Hill Court, Bohola, Co Mayo F12 NN88",Claremorris; Bohola; NA,F12 NN88,,,not_available,not_available,,,,,2025-03-14,,https://www.mayo.ie/environment/derelict-sites,2026-03-06,2026-08-08,XLSX,official_xlsx,native_machine_readable
IE-DS-66d43137eec218,Mayo County Council,DS20/04,"Ballagh Street - Dwelling House, Charlestown, Co Mayo",Claremorris; Charlestown; NA,,,,not_available,not_available,,,,,2020-07-08,160000,https://www.mayo.ie/environment/derelict-sites,2026-03-06,2026-08-08,XLSX,official_xlsx,native_machine_readable
IE-DS-297af4791b82cf,Mayo County Council,DS20/06,"Mark C. Henry Lane - Dwelling House, Charlestown, Co Mayo",Claremorris; Charlestown; NA,,,,not_available,not_available,,,,,2020-07-17,50000,https://www.mayo.ie/environment/derelict-sites,2026-03-06,2026-08-08,XLSX,official_xlsx,native_machine_readable
IE-DS-2736e86cb6a29a,Mayo County Council,DS20/07,"Market Square, Charlestown, Co Mayo",Claremorris; Charlestown; NA,,,,not_available,not_available,,,,,2020-07-17,70000,https://www.mayo.ie/environment/derelict-sites,2026-03-06,2026-08-08,XLSX,official_xlsx,native_machine_readable
IE-DS-19dfc103b4cd3d,Mayo County Council,DS20/09,"Chapel Street, Charlestown, Co Mayo",Claremorris; Charlestown; NA,,,,not_available,not_available,,,,,2020-07-17,120000,https://www.mayo.ie/environment/derelict-sites,2026-03-06,2026-08-08,XLSX,official_xlsx,native_machine_readable
IE-DS-ba8fd055d77c82,Mayo County Council,DS20/12,"JF Mechanical Engineering, Lowpark, Charlestown, Co Mayo F12 K235",Claremorris; Charlestown; NA,F12 K235,,,not_available,not_available,,,,,2020-07-17,200000,https://www.mayo.ie/environment/derelict-sites,2026-03-06,2026-08-08,XLSX,official_xlsx,native_machine_readable
IE-DS-04d0647267d98d,Mayo County Council,DS20/13,"Ballagh Street, Charlestown, Co Mayo F12 KN66",Claremorris; Charlestown; NA,F12 KN66,,,not_available,not_available,,,,,2022-05-05,70000,https://www.mayo.ie/environment/derelict-sites,2026-03-06,2026-08-08,XLSX,official_xlsx,native_machine_readable
IE-DS-d778c5febed21a,Mayo County Council,DS19/32,"James Street, Claremorris, Co Mayo",Claremorris; Claremorris; NA,,,,not_available,not_available,,,,,2011-05-11,235000,https://www.mayo.ie/environment/derelict-sites,2026-03-06,2026-08-08,XLSX,official_xlsx,native_machine_readable
IE-DS-03e598bb0284d8,Mayo County Council,DS19/33,"Adjacent to Town Hall, Claremorris, Co Mayo",Claremorris; Claremorris; NA,,,,not_available,not_available,,,,,2011-08-18,125000,https://www.mayo.ie/environment/derelict-sites,2026-03-06,2026-08-08,XLSX,official_xlsx,native_machine_readable
IE-DS-2cb18403aced50,Mayo County Council,DS19/36,"26 Clareville, Claremorris, Co Mayo F12E821",Claremorris; Claremorris; NA,F12 E821,,,not_available,not_available,,,,,2023-02-22,80000,https://www.mayo.ie/environment/derelict-sites,2026-03-06,2026-08-08,XLSX,official_xlsx,native_machine_readable
IE-DS-a66bedb8225d87,Mayo County Council,DS19/37,"27 Clareville, Claremorris, Co Mayo",Claremorris; Claremorris; NA,,,,not_available,not_available,,,,,2023-02-22,60000,https://www.mayo.ie/environment/derelict-sites,2026-03-06,2026-08-08,XLSX,official_xlsx,native_machine_readable
IE-DS-c92f587389bf2c,Mayo County Council,DS19/40,"Mount Street, Claremorris, Co Mayo F12D2E4",Claremorris; Claremorris; NA,F12 D2E4,,,not_available,not_available,,,,,2019-10-10,70000,https://www.mayo.ie/environment/derelict-sites,2026-03-06,2026-08-08,XLSX,official_xlsx,native_machine_readable
IE-DS-a2ba13fbd1bb95,Mayo County Council,DS19/42,"Cash For Clothes, The Square, Claremorris, Co Mayo",Claremorris; Claremorris; NA,,,,not_available,not_available,,,,,2019-10-16,70000,https://www.mayo.ie/environment/derelict-sites,2026-03-06,2026-08-08,XLSX,official_xlsx,native_machine_readable
IE-DS-1c29196131c475,Mayo County Council,DS19/43,"O Brien Flats Knock Road Claremorris Co Mayo F12Y1T9, F12Y314",Claremorris; Claremorris; NA,F12 Y1T9,,,not_available,not_available,,,,,2019-10-10,100000,https://www.mayo.ie/environment/derelict-sites,2026-03-06,2026-08-08,XLSX,official_xlsx,native_machine_readable
IE-DS-1b5a8c9e86182d,Mayo County Council,DS19/46,"61 Lisnaboley, Claremorris, Co Mayo",Claremorris; Claremorris; NA,,,,not_available,not_available,,,,,2020-02-28,80000,https://www.mayo.ie/environment/derelict-sites,2026-03-06,2026-08-08,XLSX,official_xlsx,native_machine_readable
IE-DS-a73fdaf615c0f3,Mayo County Council,DS19/51,"Mount Street, Claremorris, Co Mayo",Claremorris; Claremorris; NA,,,,not_available,not_available,,,,,2019-10-31,60000,https://www.mayo.ie/environment/derelict-sites,2026-03-06,2026-08-08,XLSX,official_xlsx,native_machine_readable
IE-DS-46c6564d59c2e4,Mayo County Council,DS19/59,"Town Hall Road, Claremorris, Co Mayo",Claremorris; Claremorris; NA,,,,not_available,not_available,,,,,2019-12-11,5000,https://www.mayo.ie/environment/derelict-sites,2026-03-06,2026-08-08,XLSX,official_xlsx,native_machine_readable
IE-DS-f1746ba74bc69e,Mayo County Council,DS19/60,"James Street, Claremorris, Co Mayo",Claremorris; Claremorris; NA,,,,not_available,not_available,,,,,2019-10-31,235000,https://www.mayo.ie/environment/derelict-sites,2026-03-06,2026-08-08,XLSX,official_xlsx,native_machine_readable
IE-DS-9156eddad58473,Mayo County Council,DS19/63,"James Street, Claremorris, Co Mayo (beside bank on corner F12 VF95).",Claremorris; Claremorris; NA,F12 VF95,,,not_available,not_available,,,,,2019-12-11,50000,https://www.mayo.ie/environment/derelict-sites,2026-03-06,2026-08-08,XLSX,official_xlsx,native_machine_readable
IE-DS-c8f22b767ee6be,Mayo County Council,DS19/65,"Dalton Street, Claremorris, Co Mayo",Claremorris; Claremorris; NA,,,,not_available,not_available,,,,,2020-07-08,14000,https://www.mayo.ie/environment/derelict-sites,2026-03-06,2026-08-08,XLSX,official_xlsx,native_machine_readable
IE-DS-918c2be560ef3d,Mayo County Council,DS19/66,"Convent Road, Claremorris, Co Mayo F12 T8K1",Claremorris; Claremorris; NA,F12 T8K1,,,not_available,not_available,,,,,2020-07-08,100000,https://www.mayo.ie/environment/derelict-sites,2026-03-06,2026-08-08,XLSX,official_xlsx,native_machine_readable
IE-DS-f06654119d3711,Mayo County Council,DS19/72,"15 Lui Na Greine, Claremorris, Co Mayo F12 D2F5",Claremorris; Claremorris; NA,F12 D2F5,,,not_available,not_available,,,,,2022-09-01,130000,https://www.mayo.ie/environment/derelict-sites,2026-03-06,2026-08-08,XLSX,official_xlsx,native_machine_readable
IE-DS-57ed3151ed3a9f,Mayo County Council,DS19/73,"Old Convent, Claremount, Claremorris, Co Mayo F12WP03",Claremorris; Claremorris; NA,F12 WP03,,,not_available,not_available,,,,,2024-02-12,250000,https://www.mayo.ie/environment/derelict-sites,2026-03-06,2026-08-08,XLSX,official_xlsx,native_machine_readable
IE-DS-6a279b98eaa243,Mayo County Council,DS19/75,"Mount Street, Claremorris, Co Mayo F12 N8N8",Claremorris; Claremorris; NA,F12 N8N8,,,not_available,not_available,,,,,2023-05-17,80000,https://www.mayo.ie/environment/derelict-sites,2026-03-06,2026-08-08,XLSX,official_xlsx,native_machine_readable
IE-DS-ca6a79cdc65853,Mayo County Council,DS2025/22,"16 Ard Rua, Claremorris, Co Mayo F12 P6K5",Claremorris; Claremorris,F12 P6K5,,,not_available,not_available,,,,,2025-06-23,,https://www.mayo.ie/environment/derelict-sites,2026-03-06,2026-08-08,XLSX,official_xlsx,native_machine_readable
IE-DS-a9e051d40a8a26,Mayo County Council,DS2025/43,"43 Lisnaboley, Claremorris, Co Mayo F12 TK35",Claremorris; Claremorris,F12 TK35,,,not_available,not_available,,,,,2026-02-20,,https://www.mayo.ie/environment/derelict-sites,2026-03-06,2026-08-08,XLSX,official_xlsx,native_machine_readable
IE-DS-9ea28008d0e8ac,Mayo County Council,DS2025/44,"37 Grattan Manor, Grattan Park, Claremorris, Co Mayo F12 R7P3",Claremorris; Claremorris; N/A,F12 R7P3,,,not_available,not_available,,,,,2025-11-26,190000,https://www.mayo.ie/environment/derelict-sites,2026-03-06,2026-08-08,XLSX,official_xlsx,native_machine_readable
IE-DS-ebacd4d56f95e6,Mayo County Council,DS2026/06,"James Street, Claremorris, Co Mayo F12 R7F7",Claremorris; Claremorris,F12 R7F7,,,not_available,not_available,,,,,2026-02-20,,https://www.mayo.ie/environment/derelict-sites,2026-03-06,2026-08-08,XLSX,official_xlsx,native_machine_readable
IE-DS-9c59cb9297bd8b,Mayo County Council,DS2026/04,"Mount Street, Claremorris, Co Mayo F12 EH61",Claremorris; Claremorris,F12 EH61,,,not_available,not_available,,,,,2026-02-20,,https://www.mayo.ie/environment/derelict-sites,2026-03-06,2026-08-08,XLSX,official_xlsx,native_machine_readable
IE-DS-1d09eeaf29de4a,Mayo County Council,DS2026/02,"Convent Road, Claremorris, Co Mayo F12 RY61",Claremorris; Claremorris,F12 RY61,,,not_available,not_available,,,,,2026-02-20,,https://www.mayo.ie/environment/derelict-sites,2026-03-06,2026-08-08,XLSX,official_xlsx,native_machine_readable
IE-DS-df1a33389843fe,Mayo County Council,DS23/01,"Main Street, Cong, Co Mayo F31 H585",Claremorris; Cong; NA,F31 H585,,,not_available,not_available,,,,,2021-09-28,150000,https://www.mayo.ie/environment/derelict-sites,2026-03-06,2026-08-08,XLSX,official_xlsx,native_machine_readable
IE-DS-d7bf2ed3adaaa0,Mayo County Council,DS02/01,"Dispensary Road, Foxford, Co Mayo",Claremorris; Foxford; NA,,,,not_available,not_available,,,,,2023-03-23,60000,https://www.mayo.ie/environment/derelict-sites,2026-03-06,2026-08-08,XLSX,official_xlsx,native_machine_readable
IE-DS-ea821f1565ed67,Mayo County Council,DS02/04,"Davitt St, Foxford, Co Mayo F26 DY61",Claremorris; Foxford; NA,F26 DY61,,,not_available,not_available,,,,,2023-03-23,100000,https://www.mayo.ie/environment/derelict-sites,2026-03-06,2026-08-08,XLSX,official_xlsx,native_machine_readable
IE-DS-710fc56a1f3bc5,Mayo County Council,DS2024/21,"House without a roof, Irishtown, Foxford, Co Mayo",Claremorris; Foxford; NA,,,,not_available,not_available,,,,,2025-01-08,,https://www.mayo.ie/environment/derelict-sites,2026-03-06,2026-08-08,XLSX,official_xlsx,native_machine_readable
IE-DS-20927944e6d3c5,Mayo County Council,DS2024/26,"Derelict Estate, Barrack Road, Foxford, Co Mayo",Foxford,,,,not_available,not_available,,,,,2026-03-05,,https://www.mayo.ie/environment/derelict-sites,2026-03-06,2026-08-08,XLSX,official_xlsx,native_machine_readable
IE-DS-b49c43faa61da8,Mayo County Council,DS2024/22,"Irishtown, Foxford, Co Mayo F26 EY90",Claremorris; Foxford; NA,F26 EY90,,,not_available,not_available,,,,,2025-01-08,,https://www.mayo.ie/environment/derelict-sites,2026-03-06,2026-08-08,XLSX,official_xlsx,native_machine_readable
IE-DS-86b6476dbeb562,Mayo County Council,DS2025/17,"63 Assumpta Place, Foxford, Co Mayo F26 FN51",Claremorris; Foxford; NA,F26 FN51,,,not_available,not_available,,,,,2025-05-06,,https://www.mayo.ie/environment/derelict-sites,2026-03-06,2026-08-08,XLSX,official_xlsx,native_machine_readable
IE-DS-b31f0ee17e1837,Mayo County Council,DS04/07,"Old Petrol Station, N17, Kilkelly, Co Mayo",Claremorris; Kilkelly; NA,,,,not_available,not_available,,,,,2019-12-11,40000,https://www.mayo.ie/environment/derelict-sites,2026-03-06,2026-08-08,XLSX,official_xlsx,native_machine_readable
IE-DS-c93f8514fb4306,Mayo County Council,DS04/08,"Bridge Street. Kilkelly, Co Mayo F35 V840",Claremorris; Kilkelly; NA,F35 V840,,,not_available,not_available,,,,,2020-10-08,70000,https://www.mayo.ie/environment/derelict-sites,2026-03-06,2026-08-08,XLSX,official_xlsx,native_machine_readable
IE-DS-b3199b0e9eaaf4,Mayo County Council,DS04/14,"High Street, Kilkelly, Co Mayo F35 AP92",Claremorris; Kilkelly; NA,F35 AP92,,,not_available,not_available,,,,,2020-10-06,100000,https://www.mayo.ie/environment/derelict-sites,2026-03-06,2026-08-08,XLSX,official_xlsx,native_machine_readable
IE-DS-7bc262208537e4,Mayo County Council,DS04/16,"Ballaghaderreen Road, Kilkelly, Co Mayo",Claremorris; Kilkelly; NA,,,,not_available,not_available,,,,,2020-10-06,100000,https://www.mayo.ie/environment/derelict-sites,2026-03-06,2026-08-08,XLSX,official_xlsx,native_machine_readable
IE-DS-9b0290d11baf2b,Mayo County Council,DS2025/18,"29 Highland Park, Kilkelly, Co Mayo F35 AK25",Claremorris; Kilkelly; na,F35 AK25,,,not_available,not_available,,,,,2025-05-19,,https://www.mayo.ie/environment/derelict-sites,2026-03-06,2026-08-08,XLSX,official_xlsx,native_machine_readable
IE-DS-b754c43544a37e,Mayo County Council,DS2025/21,"32 Highland Park, Kilkelly, Co Mayo F35 KW27",Claremorris; Kilkelly; NA,F35 KW27,,,not_available,not_available,,,,,2025-05-19,70000,https://www.mayo.ie/environment/derelict-sites,2026-03-06,2026-08-08,XLSX,official_xlsx,native_machine_readable
IE-DS-c9d32b91f9343f,Mayo County Council,DS2025/20,"31 Highland Park, Kilkelly, Co Mayo F35 HP40",Claremorris; Kilkelly; NA,F35 HP40,,,not_available,not_available,,,,,2025-05-19,,https://www.mayo.ie/environment/derelict-sites,2026-03-06,2026-08-08,XLSX,official_xlsx,native_machine_readable
IE-DS-9241f51506480e,Mayo County Council,DS2025/19,"30 Highland Park, Kilkelly, Co Mayo F35 AX89",Claremorris; Kilkelly; NA,F35 AX89,,,not_available,not_available,,,,,2025-05-19,,https://www.mayo.ie/environment/derelict-sites,2026-03-06,2026-08-08,XLSX,official_xlsx,native_machine_readable
IE-DS-bb9c3db2be1421,Mayo County Council,DS12/34,"Thomas Street, Kiltimagh, Co Mayo",Claremorris; Kiltimagh; NA,,,,not_available,not_available,,,,,2009-07-10,80000,https://www.mayo.ie/environment/derelict-sites,2026-03-06,2026-08-08,XLSX,official_xlsx,native_machine_readable
IE-DS-4916cf8b707f59,Mayo County Council,DS12/47,"""Raftery Room"", Main Street, Kiltimagh, Co Mayo",Claremorris; Kiltimagh; NA,,,,not_available,not_available,,,,,2020-02-06,60000,https://www.mayo.ie/environment/derelict-sites,2026-03-06,2026-08-08,XLSX,official_xlsx,native_machine_readable
IE-DS-6a6eb5e6364f1e,Mayo County Council,DS12/51,"Ballinamore, Kiltimagh, Co Mayo F12RK72",Claremorris; Kiltimagh; NA,F12 RK72,,,not_available,not_available,,,,,2021-04-15,70000,https://www.mayo.ie/environment/derelict-sites,2026-03-06,2026-08-08,XLSX,official_xlsx,native_machine_readable
IE-DS-5ee2780e4bb27f,Mayo County Council,DS12/52,"Former Commercial Unit, Main Street, Kiltimagh, Co Mayo F12EK84.",Claremorris; Kiltimagh; NA,F12 EK84,,,not_available,not_available,,,,,2024-09-19,60000,https://www.mayo.ie/environment/derelict-sites,2026-03-06,2026-08-08,XLSX,official_xlsx,native_machine_readable
IE-DS-41d3265924c3f2,Mayo County Council,DS12/56,"A. Cleary & Sons Limited, George's Street, Kiltimagh, Co Mayo",Claremorris; Kiltimagh; NA,,,,not_available,not_available,,,,,2024-09-19,50000,https://www.mayo.ie/environment/derelict-sites,2026-03-06,2026-08-08,XLSX,official_xlsx,native_machine_readable
IE-DS-f8ff9a0d17ed80,Mayo County Council,DS2024/20,"Former N17 Night-Club, Main Street, Kiltimagh, Co Mayo F12 ND32",Claremorris; Kiltimagh; NA,F12 ND32,,,not_available,not_available,,,,,2025-01-08,,https://www.mayo.ie/environment/derelict-sites,2026-03-06,2026-08-08,XLSX,official_xlsx,native_machine_readable
IE-DS-0c6f4e10cb95f4,Mayo County Council,DS2025/35,"James Street, Kiltimagh, Co Mayo F12 KV00",Claremorris; Kiltimagh; NA,F12 KV00,,,not_available,not_available,,,,,2025-08-27,,https://www.mayo.ie/environment/derelict-sites,2026-03-06,2026-08-08,XLSX,official_xlsx,native_machine_readable
IE-DS-de41f7a06da3d8,Mayo County Council,DS06/01,"Belmont Hotel, Churchfield, Knock, Co Mayo F12 XF64",Claremorris; Knock; NA,F12 XF64,,,not_available,not_available,,,,,2020-11-18,390000,https://www.mayo.ie/environment/derelict-sites,2026-03-06,2026-08-08,XLSX,official_xlsx,native_machine_readable
IE-DS-83ef0c22c76035,Mayo County Council,DS06/01(a),"Churchfield, Knock, Co Mayo",Claremorris; Knock; NA,,,,not_available,not_available,,,,,2017-03-14,150000,https://www.mayo.ie/environment/derelict-sites,2026-03-06,2026-08-08,XLSX,official_xlsx,native_machine_readable
IE-DS-a53dbf42fc2a27,Mayo County Council,DS06/08,"Cloondace, Knock, Co Mayo",Claremorris; Knock; NA,,,,not_available,not_available,,,,,2021-01-21,70000,https://www.mayo.ie/environment/derelict-sites,2026-03-06,2026-08-08,XLSX,official_xlsx,native_machine_readable
IE-DS-448a9c69589dba,Mayo County Council,DS06/09,"Carrowmore, Knock, Co Mayo F12 DV58",Claremorris; Knock; NA,F12 DV58,,,not_available,not_available,,,,,2021-01-21,235000,https://www.mayo.ie/environment/derelict-sites,2026-03-06,2026-08-08,XLSX,official_xlsx,native_machine_readable
IE-DS-98d3e75118581b,Mayo County Council,DS31/01,"Roundfort Stores, Roundfort, Hollymount, Co Mayo F12 R2E1",Claremorris; Roundfort - Hollymount; NA,F12 R2E1,,,not_available,not_available,,,,,2023-02-17,300000,https://www.mayo.ie/environment/derelict-sites,2026-03-06,2026-08-08,XLSX,official_xlsx,native_machine_readable
IE-DS-21d6d59e2d84eb,Mayo County Council,DS05/06,"Main St., Shrule, Co Mayo",Claremorris; Shrule; NA,,,,not_available,not_available,,,,,2012-03-12,60000,https://www.mayo.ie/environment/derelict-sites,2026-03-06,2026-08-08,XLSX,official_xlsx,native_machine_readable
IE-DS-45939329f86839,Mayo County Council,DS15/25,"Old Dwelling House, Pound Lane, Swinford, Co Mayo F12 R1X9",Claremorris; Swinford; NA,F12 R1X9,,,not_available,not_available,,,,,2020-01-10,80000,https://www.mayo.ie/environment/derelict-sites,2026-03-06,2026-08-08,XLSX,official_xlsx,native_machine_readable
IE-DS-68803eff1af5a8,Mayo County Council,DS15/34,"Chapel Street, Swinford, Co Mayo",Claremorris; Swinford; NA,,,,not_available,not_available,,,,,2023-05-17,60000,https://www.mayo.ie/environment/derelict-sites,2026-03-06,2026-08-08,XLSX,official_xlsx,native_machine_readable
IE-DS-e4bf0dc1c68afe,Mayo County Council,DS15/35,"Station Road, Swinford, Co Mayo F 12 D8660",Claremorris; Swinford,,,,not_available,not_available,,,,,,,https://www.mayo.ie/environment/derelict-sites,2026-03-06,2026-08-08,XLSX,official_xlsx,native_machine_readable
IE-DS-dc21f9558accb5,Mayo County Council,DS15/36,"St. Ita's Terrace, Swinford, Co Mayo",Claremorris; Swinford; NA,,,,not_available,not_available,,,,,2018-10-30,40000,https://www.mayo.ie/environment/derelict-sites,2026-03-06,2026-08-08,XLSX,official_xlsx,native_machine_readable
IE-DS-c64f290611d412,Mayo County Council,DS15/37,"Brookville Ave. Swinford, Co Mayo",Claremorris; Swinford; NA,,,,not_available,not_available,,,,,2018-10-30,40000,https://www.mayo.ie/environment/derelict-sites,2026-03-06,2026-08-08,XLSX,official_xlsx,native_machine_readable
IE-DS-6966f325c4f782,Mayo County Council,DS15/38,"Brookville Ave. Swinford, Co Mayo",Claremorris; Swinford; NA,,,,not_available,not_available,,,,,2018-10-30,40000,https://www.mayo.ie/environment/derelict-sites,2026-03-06,2026-08-08,XLSX,official_xlsx,native_machine_readable
IE-DS-90bc2edb2d1179,Mayo County Council,DS15/47,"Pound Lane, Swinford, Co Mayo",Claremorris; Swinford; NA,,,,not_available,not_available,,,,,2018-11-29,60000,https://www.mayo.ie/environment/derelict-sites,2026-03-06,2026-08-08,XLSX,official_xlsx,native_machine_readable
IE-DS-bd1bf4cbe1b04a,Mayo County Council,DS15/48,"Pound Lane, Swinford, Co Mayo",Claremorris; Swinford; NA,,,,not_available,not_available,,,,,2018-11-29,60000,https://www.mayo.ie/environment/derelict-sites,2026-03-06,2026-08-08,XLSX,official_xlsx,native_machine_readable
IE-DS-1e27928c51c587,Mayo County Council,DS15/49,"Bridge Street, Brookville Avenue, Swinford, Co Mayo",Claremorris; Swinford; NA,,,,not_available,not_available,,,,,2023-03-23,60000,https://www.mayo.ie/environment/derelict-sites,2026-03-06,2026-08-08,XLSX,official_xlsx,native_machine_readable
IE-DS-b2bb035cfbc74c,Mayo County Council,DS15/50,"Brookville Avenue, Swinford, Co Mayo",Claremorris; Swinford; NA,,,,not_available,not_available,,,,,2023-03-23,30000,https://www.mayo.ie/environment/derelict-sites,2026-03-06,2026-08-08,XLSX,official_xlsx,native_machine_readable
IE-DS-8148fd9538e70f,Mayo County Council,DS15/51,"Brookville Avenue, Swinford, Co Mayo",Claremorris; Swinford; NA,,,,not_available,not_available,,,,,2023-03-23,40000,https://www.mayo.ie/environment/derelict-sites,2026-03-06,2026-08-08,XLSX,official_xlsx,native_machine_readable
IE-DS-1c98a1f4db425c,Mayo County Council,DS15/54,"Davitt Place, Swinford, Co Mayo F12 VY82",Claremorris; Swinford; NA,F12 VY82,,,not_available,not_available,,,,,2023-03-23,60000,https://www.mayo.ie/environment/derelict-sites,2026-03-06,2026-08-08,XLSX,official_xlsx,native_machine_readable
IE-DS-62d357824eb293,Mayo County Council,DS15/55,"Station Road, Swinford, Co Mayo F 12 D8660",Claremorris; Swinford; NA,,,,not_available,not_available,,,,,2023-03-23,80000,https://www.mayo.ie/environment/derelict-sites,2026-03-06,2026-08-08,XLSX,official_xlsx,native_machine_readable
IE-DS-01eb4807dd9b7e,Mayo County Council,DS15/57,"Main Street, Swinford, Co Mayo F12 TY79.",Claremorris; Swinford; NA,F12 TY79,,,not_available,not_available,,,,,2024-07-16,85000,https://www.mayo.ie/environment/derelict-sites,2026-03-06,2026-08-08,XLSX,official_xlsx,native_machine_readable
IE-DS-50802159802ba1,Mayo County Council,DS15/58,"Main Street, Swinford, Co Mayo F12 D1R8",Claremorris; Swinford; NA,F12 D1R8,,,not_available,not_available,,,,,2023-05-17,70000,https://www.mayo.ie/environment/derelict-sites,2026-03-06,2026-08-08,XLSX,official_xlsx,native_machine_readable
IE-DS-f366ce60818ade,Mayo County Council,DS15/59,"Main Street, Swinford, Co Mayo F12 R298",Claremorris; Swinford; NA,F12 R298,,,not_available,not_available,,,,,2023-05-17,80000,https://www.mayo.ie/environment/derelict-sites,2026-03-06,2026-08-08,XLSX,official_xlsx,native_machine_readable
IE-DS-290de878d1fec1,Mayo County Council,DS15/60,"No. 3 Chapel Row, Swinford, Co Mayo F12 P522.",Claremorris; Swinford; NA,F12 P522,,,not_available,not_available,,,,,2023-12-19,100000,https://www.mayo.ie/environment/derelict-sites,2026-03-06,2026-08-08,XLSX,official_xlsx,native_machine_readable
IE-DS-db08bd8bc15b51,Mayo County Council,DS15/61,"No (12) Gleann Darach, Swinford, Co Mayo F12 K318",Claremorris; Swinford; NA,F12 K318,,,not_available,not_available,,,,,2023-12-19,120000,https://www.mayo.ie/environment/derelict-sites,2026-03-06,2026-08-08,XLSX,official_xlsx,native_machine_readable
IE-DS-1c0b3c25c01b02,Mayo County Council,DS15/62,"No (13) Gleann Darach, Swinford, Co Mayo F12 WF64.",Claremorris; Swinford; NA,F12 WF64,,,not_available,not_available,,,,,2024-03-13,120000,https://www.mayo.ie/environment/derelict-sites,2026-03-06,2026-08-08,XLSX,official_xlsx,native_machine_readable
IE-DS-0608ad676e3d98,Mayo County Council,DS15/63,"No (14) Gleann Darach, Swinford, Co Mayo F12X722",Claremorris; Swinford; NA,F12 X722,,,not_available,not_available,,,,,2024-03-13,150000,https://www.mayo.ie/environment/derelict-sites,2026-03-06,2026-08-08,XLSX,official_xlsx,native_machine_readable
IE-DS-eb378f60a3178e,Mayo County Council,DS2024/14,"Ballina Road, Swinford, Co Mayo F12 T289",Claremorris; Swinford; NA,F12 T289,,,not_available,not_available,,,,,2025-01-08,,https://www.mayo.ie/environment/derelict-sites,2026-03-06,2026-08-08,XLSX,official_xlsx,native_machine_readable
IE-DS-abf568081fdd96,Mayo County Council,DS2025/15,"Rathscanlan, Swinford, Co Mayo F12 D925",Claremorris; Swinford; NA,F12 D925,,,not_available,not_available,,,,,2025-05-06,,https://www.mayo.ie/environment/derelict-sites,2026-03-06,2026-08-08,XLSX,official_xlsx,native_machine_readable
IE-DS-79f2ffeedbafd9,Mayo County Council,DS2025/36,"Carrowneden (House 1), Killasser, Swinford, Co Mayo",Claremorris; Swinford,,,,not_available,not_available,,,,,2025-12-08,,https://www.mayo.ie/environment/derelict-sites,2026-03-06,2026-08-08,XLSX,official_xlsx,native_machine_readable
IE-DS-d7bea68fea589e,Mayo County Council,DS2025/37,"Carrowneden (House 2), Killasser, Swinford, Co Mayo",Claremorris; Swinford,,,,not_available,not_available,,,,,2025-12-08,,https://www.mayo.ie/environment/derelict-sites,2026-03-06,2026-08-08,XLSX,official_xlsx,native_machine_readable
IE-DS-584c1e3a9f083d,Mayo County Council,DS30/01(a),"Kilmaine Road, The Neale, Ballinrobe, Co Mayo",Claremorris; The Neale; NA,,,,not_available,not_available,,,,,2022-11-22,40000,https://www.mayo.ie/environment/derelict-sites,2026-03-06,2026-08-08,XLSX,official_xlsx,native_machine_readable
IE-DS-08f349d2ba7007,Mayo County Council,DS09/53,"Pollagh, Keel, Achill, Co Mayo",West Mayo; Achill; NA,,,,not_available,not_available,,,,,2021-04-15,40000,https://www.mayo.ie/environment/derelict-sites,2026-03-06,2026-08-08,XLSX,official_xlsx,native_machine_readable
IE-DS-be4f956dba192c,Mayo County Council,DS09/54,"Pollagh, Keel, Achill, Co Mayo F28 NX43",West Mayo; Achill; NA,F28 NX43,,,not_available,not_available,,,,,2020-08-28,40000,https://www.mayo.ie/environment/derelict-sites,2026-03-06,2026-08-08,XLSX,official_xlsx,native_machine_readable
IE-DS-7b8edf116730ff,Mayo County Council,DS09/59,"Keel West, Dooagh, Achill, Co Mayo",West Mayo; Achill; NA,,,,not_available,not_available,,,,,2020-08-28,40000,https://www.mayo.ie/environment/derelict-sites,2026-03-06,2026-08-08,XLSX,official_xlsx,native_machine_readable
IE-DS-33e7e868574a51,Mayo County Council,DS09/61,"Keel West, Dooagh, Achill, Co Mayo F28 TW10",West Mayo; Achill; NA,F28 TW10,,,not_available,not_available,,,,,2020-08-28,30000,https://www.mayo.ie/environment/derelict-sites,2026-03-06,2026-08-08,XLSX,official_xlsx,native_machine_readable
IE-DS-552e531dc3b5c7,Mayo County Council,DS09/63,"Achill Sound, Co Mayo F28 N922",West Mayo; Achill; NA,F28 N922,,,not_available,not_available,,,,,2020-09-03,40000,https://www.mayo.ie/environment/derelict-sites,2026-03-06,2026-08-08,XLSX,official_xlsx,native_machine_readable
IE-DS-c501f1babeca9a,Mayo County Council,DS09/64,"Achill Sound, Co Mayo F28 E8C2",West Mayo; Achill; NA,F28 E8C2,,,not_available,not_available,,,,,2020-09-03,70000,https://www.mayo.ie/environment/derelict-sites,2026-03-06,2026-08-08,XLSX,official_xlsx,native_machine_readable
IE-DS-10415905fb34e2,Mayo County Council,DS09/66,"Polranny, Achill Sound, Co Mayo",West Mayo; Achill; NA,,,,not_available,not_available,,,,,2020-10-08,160000,https://www.mayo.ie/environment/derelict-sites,2026-03-06,2026-08-08,XLSX,official_xlsx,native_machine_readable
IE-DS-dd72d2a8fdab04,Mayo County Council,DS09/67,"""The Railway Hostel"", Polranny, Achill Sound, Westport, Co Mayo F28 W6DO",West Mayo; Achill; NA,F28 W6DO,,,not_available,not_available,,,,,2020-10-08,200000,https://www.mayo.ie/environment/derelict-sites,2026-03-06,2026-08-08,XLSX,official_xlsx,native_machine_readable
IE-DS-1afaf20fc9f003,Mayo County Council,DS09/68,"Polranny, Achill Sound, Co Mayo F28 F102",West Mayo; Achill; NA,F28 F102,,,not_available,not_available,,,,,2022-01-20,100000,https://www.mayo.ie/environment/derelict-sites,2026-03-06,2026-08-08,XLSX,official_xlsx,native_machine_readable
IE-DS-a088b59fa866ff,Mayo County Council,DS09/72,"Polranny, Achill Sound, Co Mayo",West Mayo; Achill; NA,,,,not_available,not_available,,,,,2020-10-08,140000,https://www.mayo.ie/environment/derelict-sites,2026-03-06,2026-08-08,XLSX,official_xlsx,native_machine_readable
IE-DS-e2785a03a4c318,Mayo County Council,DS09/82,"Slievemore, Dooagh, Achill, Co Mayo F28 VW13",West Mayo; Achill; NA,F28 VW13,,,not_available,not_available,,,,,2021-01-21,50000,https://www.mayo.ie/environment/derelict-sites,2026-03-06,2026-08-08,XLSX,official_xlsx,native_machine_readable
IE-DS-7d6431f28c1ac7,Mayo County Council,DS09/85,"Pollagh, Keel, Achill. Co Mayo",West Mayo; Achill; NA,,,,not_available,not_available,,,,,2020-10-08,50000,https://www.mayo.ie/environment/derelict-sites,2026-03-06,2026-08-08,XLSX,official_xlsx,native_machine_readable
IE-DS-c7bea840869a1c,Mayo County Council,DS09/86,"Dooniver, Achill, Co Mayo",West Mayo; Achill; NA,,,,not_available,not_available,,,,,2022-09-01,50000,https://www.mayo.ie/environment/derelict-sites,2026-03-06,2026-08-08,XLSX,official_xlsx,native_machine_readable
IE-DS-a9ba19ae731605,Mayo County Council,DS24/01,"The Old Terminal Building, Achill Sound",West Mayo; Achill; NA,,,,not_available,not_available,,,,,1991-09-17,160000,https://www.mayo.ie/environment/derelict-sites,2026-03-06,2026-08-08,XLSX,official_xlsx,native_machine_readable
IE-DS-70d6de0d0c1f1b,Mayo County Council,DS2026/14,"Bangor Erris, Ballina, Co Mayo F26 F9T3",Bangor Erris,F26 F9T3,,,not_available,not_available,,,,,2026-03-03,,https://www.mayo.ie/environment/derelict-sites,2026-03-06,2026-08-08,XLSX,official_xlsx,native_machine_readable
IE-DS-d36d65caa5f192,Mayo County Council,DS13/40,"Main Street, Belmullet, Co Mayo",West Mayo; Belmullet; NA,,,,not_available,not_available,,,,,2020-01-06,90000,https://www.mayo.ie/environment/derelict-sites,2026-03-06,2026-08-08,XLSX,official_xlsx,native_machine_readable
IE-DS-2dd32bb1a6ca69,Mayo County Council,DS13/41,"Tallagh, Belmullet, Co Mayo F26 CC82",West Mayo; Belmullet; NA,F26 CC82,,,not_available,not_available,,,,,2020-01-15,90000,https://www.mayo.ie/environment/derelict-sites,2026-03-06,2026-08-08,XLSX,official_xlsx,native_machine_readable
IE-DS-759bb9fee1c766,Mayo County Council,DS13/42,"Chapel Street, Belmullet, Co Mayo F26 XK23",West Mayo; Belmullet; NA,F26 XK23,,,not_available,not_available,,,,,2020-01-15,100000,https://www.mayo.ie/environment/derelict-sites,2026-03-06,2026-08-08,XLSX,official_xlsx,native_machine_readable
IE-DS-5253221a34b99b,Mayo County Council,DS2026/16,"An Eachléim, An Fód Dubh, Béal an Átha, Contae Maigh Eo (Teach 1)",West Mayo; Belmullet,,,,not_available,not_available,,,,,2026-03-03,,https://www.mayo.ie/environment/derelict-sites,2026-03-06,2026-08-08,XLSX,official_xlsx,native_machine_readable
IE-DS-e31c3df5584718,Mayo County Council,DS2026/17,"An Eachléim, An Fód Dubh, Béal an Átha, Contae Maigh Eo (Teach 2)",Belmullet,,,,not_available,not_available,,,,,2026-03-03,,https://www.mayo.ie/environment/derelict-sites,2026-03-06,2026-08-08,XLSX,official_xlsx,native_machine_readable
IE-DS-bfbb7afad144fc,Mayo County Council,DS2026/18,"An Eachléim, An Fód Dubh, Béal an Átha, Contae Maigh Eo (Teach 3)",Belmullet,,,,not_available,not_available,,,,,2026-03-03,,https://www.mayo.ie/environment/derelict-sites,2026-03-06,2026-08-08,XLSX,official_xlsx,native_machine_readable
IE-DS-92c5c6bf4fb0cb,Mayo County Council,DS2026/19,"An Eachléim, An Fód Dubh, Béal an Átha, Contae Maigh Eo (Teach 4)",Belmullet,,,,not_available,not_available,,,,,2026-03-05,,https://www.mayo.ie/environment/derelict-sites,2026-03-06,2026-08-08,XLSX,official_xlsx,native_machine_readable
IE-DS-286c2b4fbbe5e0,Mayo County Council,DS2026/20,"An Eachléim, An Fód Dubh, Béal an Átha, Contae Maigh Eo (Suíomh)",Belmullet,,,,not_available,not_available,,,,,2026-03-03,,https://www.mayo.ie/environment/derelict-sites,2026-03-06,2026-08-08,XLSX,official_xlsx,native_machine_readable
IE-DS-c884083816ff4d,Mayo County Council,DS13/44,"Quay Street, Belmullet, Co Mayo",West Mayo; Belmullet; NA,,,,not_available,not_available,,,,,2020-01-15,40000,https://www.mayo.ie/environment/derelict-sites,2026-03-06,2026-08-08,XLSX,official_xlsx,native_machine_readable
IE-DS-3f70f8d7bd9020,Mayo County Council,DS13/50,"""Tallagh House"", Tallagh, Belmullet, Co Mayo",West Mayo; Belmullet; NA,,,,not_available,not_available,,,,,2021-04-15,50000,https://www.mayo.ie/environment/derelict-sites,2026-03-06,2026-08-08,XLSX,official_xlsx,native_machine_readable
IE-DS-01383edb15a312,Mayo County Council,DS2025/70,"8 Shráid na Beairice, Íochtarach, Béal an Mhuirthead, Co Mhaigh Eo F26 PQ23",West Mayo; Belmullet,F26 PQ23,,,not_available,not_available,,,,,2026-02-20,,https://www.mayo.ie/environment/derelict-sites,2026-03-06,2026-08-08,XLSX,official_xlsx,native_machine_readable
IE-DS-6868dfa9cf6b98,Mayo County Council,DS2025/69,"Shráid na Beairice, Íochtarach, Béal an Mhuirthead, Co Mhaigh Eo F26 P272",West Mayo; Belmullet,F26 P272,,,not_available,not_available,,,,,2026-02-20,,https://www.mayo.ie/environment/derelict-sites,2026-03-06,2026-08-08,XLSX,official_xlsx,native_machine_readable
IE-DS-4ca0e2c5655059,Mayo County Council,DS2025/68,"Na Harda, Béal an Mhuirthead, Co Maigh Eo",West Mayo; Belmullet,,,,not_available,not_available,,,,,2026-02-20,,https://www.mayo.ie/environment/derelict-sites,2026-03-06,2026-08-08,XLSX,official_xlsx,native_machine_readable
IE-DS-a78991f54d6bb4,Mayo County Council,DS07/02,"Tooreen, Louisburgh, Co Mayo",West Mayo; Louisburgh; NA,,,,not_available,not_available,,,,,2021-01-14,50000,https://www.mayo.ie/environment/derelict-sites,2026-03-06,2026-08-08,XLSX,official_xlsx,native_machine_readable
IE-DS-995cac8071b3e2,Mayo County Council,DS07/03,"Long Street, Louisburgh, Co Mayo F28 Y567",West Mayo; Louisburgh; NA,F28 Y567,,,not_available,not_available,,,,,2020-01-15,140000,https://www.mayo.ie/environment/derelict-sites,2026-03-06,2026-08-08,XLSX,official_xlsx,native_machine_readable
IE-DS-b9e2292e153ca6,Mayo County Council,DS07/04,"Long Street, Louisburgh, Co Mayo F28 N660",West Mayo; Louisburgh; NA,F28 N660,,,not_available,not_available,,,,,2020-01-15,150000,https://www.mayo.ie/environment/derelict-sites,2026-03-06,2026-08-08,XLSX,official_xlsx,native_machine_readable
IE-DS-6d6d26e0722a26,Mayo County Council,DS08/30,"Joyce's Garage, Medlicott Street, Newport, Co Mayo",West Mayo; Newport; NA,,,,not_available,not_available,,,,,2019-12-11,100000,https://www.mayo.ie/environment/derelict-sites,2026-03-06,2026-08-08,XLSX,official_xlsx,native_machine_readable
IE-DS-3596e0126df54a,Mayo County Council,DS08/32,"""Carrowbaun House"", Medlicott Street, Newport, Co Mayo F28 PD62",West Mayo; Newport; NA,F28 PD62,,,not_available,not_available,,,,,2021-01-14,160000,https://www.mayo.ie/environment/derelict-sites,2026-03-06,2026-08-08,XLSX,official_xlsx,native_machine_readable
IE-DS-a4de7ea549467c,Mayo County Council,DS08/34,"Main Street, Newport, Co Mayo F28 P266",West Mayo; Newport; NA,F28 P266,,,not_available,not_available,,,,,2019-12-11,100000,https://www.mayo.ie/environment/derelict-sites,2026-03-06,2026-08-08,XLSX,official_xlsx,native_machine_readable
IE-DS-9dcb89c7580006,Mayo County Council,DS08/37,"Quay Road, Newport, Co Mayo Townland of KnocknageehaF28 FX04",West Mayo; Newport; NA,,,,not_available,not_available,,,,,2019-12-11,80000,https://www.mayo.ie/environment/derelict-sites,2026-03-06,2026-08-08,XLSX,official_xlsx,native_machine_readable
IE-DS-aeea2a0e851a4a,Mayo County Council,DS08/43,"George's Street, Newport, Co Mayo",West Mayo; Newport; NA,,,,not_available,not_available,,,,,2019-12-11,40000,https://www.mayo.ie/environment/derelict-sites,2026-03-06,2026-08-08,XLSX,official_xlsx,native_machine_readable
IE-DS-39689b1000d435,Mayo County Council,DS08/52,"Newport Youth Café, Castlebar Street, Newport, Co Mayo F28 HF79",West Mayo; Newport; NA,F28 HF79,,,not_available,not_available,,,,,2021-01-14,120000,https://www.mayo.ie/environment/derelict-sites,2026-03-06,2026-08-08,XLSX,official_xlsx,native_machine_readable
IE-DS-15459b26ef4264,Mayo County Council,DS08/56,"Quay Road, Newport, Co Mayo",West Mayo; Newport; NA,,,,not_available,not_available,,,,,2022-09-01,120000,https://www.mayo.ie/environment/derelict-sites,2026-03-06,2026-08-08,XLSX,official_xlsx,native_machine_readable
IE-DS-4e5686133b94b4,Mayo County Council,DS10/01,"Fairgreens Lower, Westport,F28 ND68",West Mayo; Westport Town; NA,F28 ND68,,,not_available,not_available,,,,,2019-08-01,175000,https://www.mayo.ie/environment/derelict-sites,2026-03-06,2026-08-08,XLSX,official_xlsx,native_machine_readable
IE-DS-9c9b694986f734,Mayo County Council,DS10/04,"North Mall, Westport, Co Mayo F28 A898",West Mayo; Westport Town; NA,F28 A898,,,not_available,not_available,,,,,2020-03-04,250000,https://www.mayo.ie/environment/derelict-sites,2026-03-06,2026-08-08,XLSX,official_xlsx,native_machine_readable
IE-DS-db06d6a7664040,Mayo County Council,DS10/07,"Quay Road Lower, Westport, Co Mayo",West Mayo; Westport Town; NA,,,,not_available,not_available,,,,,2019-10-30,14000,https://www.mayo.ie/environment/derelict-sites,2026-03-06,2026-08-08,XLSX,official_xlsx,native_machine_readable
IE-DS-030c7ee4e43d0e,Mayo County Council,DS10/12,"Quay Road Lower, Westport, F28 Y096",West Mayo; Westport Town; NA,F28 Y096,,,not_available,not_available,,,,,2019-09-24,185000,https://www.mayo.ie/environment/derelict-sites,2026-03-06,2026-08-08,XLSX,official_xlsx,native_machine_readable
IE-DS-b742bf2e6453e5,Mayo County Council,DS10/13(a),"Quay Road Lower, Westport, Co .Mayo, F28 V963",West Mayo; Westport Town; NA,F28 V963,,,not_available,not_available,,,,,2021-04-15,170000,https://www.mayo.ie/environment/derelict-sites,2026-03-06,2026-08-08,XLSX,official_xlsx,native_machine_readable
IE-DS-5a8c2f245685fc,Mayo County Council,DS10/20,"High Street, Westport, Co Mayo F28 HW66",West Mayo; Westport Town; NA,F28 HW66,,,not_available,not_available,,,,,2025-04-15,,https://www.mayo.ie/environment/derelict-sites,2026-03-06,2026-08-08,XLSX,official_xlsx,native_machine_readable
IE-DS-5f44286725d324,Mayo County Council,DS10/21,"James Street, Westport, Co Mayo F28 NV00",West Mayo; Westport Town; NA,F28 NV00,,,not_available,not_available,,,,,2024-10-17,130000,https://www.mayo.ie/environment/derelict-sites,2026-03-06,2026-08-08,XLSX,official_xlsx,native_machine_readable
IE-DS-88f59a890790f2,Mayo County Council,DS10/24,"Altamount Street, Westport, Co Mayo F28 H292.",West Mayo; Westport Town; NA,F28 H292,,,not_available,not_available,,,,,2024-09-16,100000,https://www.mayo.ie/environment/derelict-sites,2026-03-06,2026-08-08,XLSX,official_xlsx,native_machine_readable
IE-DS-cb2d8e692c427f,Mayo County Council,DS10/25,"5 Hillcrest, High Street, Westport, Co Mayo F28 WT25",West Mayo; Westport Town; NA,F28 WT25,,,not_available,not_available,,,,,2023-05-17,14000,https://www.mayo.ie/environment/derelict-sites,2026-03-06,2026-08-08,XLSX,official_xlsx,native_machine_readable
IE-DS-b7bbcfcbf62bda,Mayo County Council,DS10/27,"Altamount Street, Westport, Co Mayo F28 RK12",West Mayo; Westport Town; NA,F28 RK12,,,not_available,not_available,,,,,2024-03-13,600000,https://www.mayo.ie/environment/derelict-sites,2026-03-06,2026-08-08,XLSX,official_xlsx,native_machine_readable
IE-DS-b4969ac2840746,Tipperary County Council,ENV-C-97-201,"Old Technical School Clogheen, Co Tipperary",,,52.2771157,-7.9935353,authority_supplied_grid_transformed,site_point,200491,113884,EPSG:29903,,1998-07-14,,https://www.tipperarycoco.ie/environment/environmental-awareness-initiatives/derelict-sites,2026-07-14,2026-08-08,XLSX,official_xlsx,native_machine_readable
IE-DS-2fe9b24d08a7f0,Tipperary County Council,ENV-C-03-269,"Lattin, Co Tipperary",,,52.4677503,-8.2732793,authority_supplied_grid_transformed,site_point,181476.956,135132.5,EPSG:29903,,2008-05-15,,https://www.tipperarycoco.ie/environment/environmental-awareness-initiatives/derelict-sites,2026-07-14,2026-08-08,XLSX,official_xlsx,native_machine_readable
IE-DS-88f43bb1f02b8d,Tipperary County Council,ENV-C-05-277,"Kilross, Co Tipperary",,,52.4329132,-8.2853106,authority_supplied_grid_transformed,site_point,180644,131259,EPSG:29903,,2008-06-25,,https://www.tipperarycoco.ie/environment/environmental-awareness-initiatives/derelict-sites,2026-07-14,2026-08-08,XLSX,official_xlsx,native_machine_readable
IE-DS-adca2efdcb52cc,Tipperary County Council,ENV-C-91-93,"Kilcoran, Cahir, Co Tipperary",,,52.3479556,-8.0186026,authority_supplied_grid_transformed,site_point,198782,121767,EPSG:29903,,2008-08-07,,https://www.tipperarycoco.ie/environment/environmental-awareness-initiatives/derelict-sites,2026-07-14,2026-08-08,XLSX,official_xlsx,native_machine_readable
IE-DS-da09463bfaa640,Tipperary County Council,ENV-C-03-268,"Shronell, Lattin, Co Tipperary",,,52.4680257,-8.2726771,authority_supplied_grid_transformed,site_point,181518,135163,EPSG:29903,,2008-10-03,,https://www.tipperarycoco.ie/environment/environmental-awareness-initiatives/derelict-sites,2026-07-14,2026-08-08,XLSX,official_xlsx,native_machine_readable
IE-DS-4affd0aff52bc9,Tipperary County Council,ENV-C-10-04,"Old Co-op Building, Main St, Clogheen, Co Tipperary",,,52.2756421,-7.9968611,authority_supplied_grid_transformed,site_point,200264,113720,EPSG:29903,,2012-02-22,,https://www.tipperarycoco.ie/environment/environmental-awareness-initiatives/derelict-sites,2026-07-14,2026-08-08,XLSX,official_xlsx,native_machine_readable
IE-DS-33a3b81596a7cd,Tipperary County Council,ENV-C-11-04,"Carrick Street, Mullinahone, Co. Tipperary.",,,52.5116337,-7.5054769,authority_supplied_grid_transformed,site_point,233625,140096,EPSG:29903,,2012-02-28,,https://www.tipperarycoco.ie/environment/environmental-awareness-initiatives/derelict-sites,2026-07-14,2026-08-08,XLSX,official_xlsx,native_machine_readable
IE-DS-ae8fd5708e7a26,Tipperary County Council,ENV-C-16-03,"11 McDonagh, Street, Nenagh, Co. Tipperary",,,52.8644706,-8.1960575,authority_supplied_grid_transformed,site_point,186845,179264,EPSG:29903,,2016-05-12,,https://www.tipperarycoco.ie/environment/environmental-awareness-initiatives/derelict-sites,2026-07-14,2026-08-08,XLSX,official_xlsx,native_machine_readable
IE-DS-769037f09b865a,Tipperary County Council,ENV-C-18-20,"Lattin Village, Co. Tipperary",,,52.4677196,-8.2729548,authority_supplied_grid_transformed,site_point,181499,135129,EPSG:29903,,2018-11-13,,https://www.tipperarycoco.ie/environment/environmental-awareness-initiatives/derelict-sites,2026-07-14,2026-08-08,XLSX,official_xlsx,native_machine_readable
IE-DS-291856aaaaf0d3,Tipperary County Council,ENV-C-20-27-a,"Ballingarry, Roscrea, Co. Tipperary, E53 YR88",,E53 YR88,,,not_available,not_available,,,,,2021-10-06,,https://www.tipperarycoco.ie/environment/environmental-awareness-initiatives/derelict-sites,2026-07-14,2026-08-08,XLSX,official_xlsx,native_machine_readable
IE-DS-b3a839904c2ab7,Tipperary County Council,ENV-C-20-27-b,"Ballingarry, Roscrea, Co. Tipperary, E53 VH00",,E53 VH00,,,not_available,not_available,,,,,2021-10-06,,https://www.tipperarycoco.ie/environment/environmental-awareness-initiatives/derelict-sites,2026-07-14,2026-08-08,XLSX,official_xlsx,native_machine_readable
IE-DS-4f60cfffb53043,Tipperary County Council,ENV-C-20-27-c,"Ballingarry, Roscrea, Co. Tipperary, E53 Y983",,E53 Y983,,,not_available,not_available,,,,,2021-10-06,,https://www.tipperarycoco.ie/environment/environmental-awareness-initiatives/derelict-sites,2026-07-14,2026-08-08,XLSX,official_xlsx,native_machine_readable
IE-DS-285214d46387ca,Tipperary County Council,ENV-C-20-09,"2 Ormond Street, Nenagh, Co. Tipperary, E45 YP92",,E45 YP92,,,not_available,not_available,,,,,2021-10-07,,https://www.tipperarycoco.ie/environment/environmental-awareness-initiatives/derelict-sites,2026-07-14,2026-08-08,XLSX,official_xlsx,native_machine_readable
IE-DS-c86f1e5867ae06,Tipperary County Council,ENV-C-20-29,"Former Shop, Church Road, Elm Park, Clonmel, Co. Tipperary",,,52.3598316,-7.7139619,authority_supplied_grid_transformed,site_point,219537,123127,EPSG:29903,,2021-11-12,,https://www.tipperarycoco.ie/environment/environmental-awareness-initiatives/derelict-sites,2026-07-14,2026-08-08,XLSX,official_xlsx,native_machine_readable
IE-DS-d29734254201b5,Tipperary County Council,ENV-C-21-10,"25, Glen Court, Emly, Co Tipperary E34 TR58",,E34 TR58,,,not_available,not_available,,,,,2022-02-08,,https://www.tipperarycoco.ie/environment/environmental-awareness-initiatives/derelict-sites,2026-07-14,2026-08-08,XLSX,official_xlsx,native_machine_readable
IE-DS-b06af96304a733,Tipperary County Council,ENV-C-21-11,"26, Glen Court, Emly Co. Tipperary E34 HH96",,E34 HH96,,,not_available,not_available,,,,,2022-02-08,,https://www.tipperarycoco.ie/environment/environmental-awareness-initiatives/derelict-sites,2026-07-14,2026-08-08,XLSX,official_xlsx,native_machine_readable
IE-DS-5c83ef6af1a26a,Tipperary County Council,ENV-C-21-06,"4 Westgate, Thurles, Co. Tipperary",,,52.6787036,-7.8146945,authority_supplied_grid_transformed,site_point,212583,158589,EPSG:29903,,2022-03-29,,https://www.tipperarycoco.ie/environment/environmental-awareness-initiatives/derelict-sites,2026-07-14,2026-08-08,XLSX,official_xlsx,native_machine_readable
IE-DS-a1610b496d9b04,Tipperary County Council,ENV-C-20-19,"Honey Cottage, Glennagat, Cahir, Co. Tipperary, E21 Y998",,E21 Y998,,,not_available,not_available,,,,,2023-02-14,,https://www.tipperarycoco.ie/environment/environmental-awareness-initiatives/derelict-sites,2026-07-14,2026-08-08,XLSX,official_xlsx,native_machine_readable
IE-DS-402418d86371ae,Tipperary County Council,ENV-C-22-14,"18 Kickham Street, Carrick on Suir, Co. Tipperary",,,,,not_available,not_available,,,,,2023-02-14,,https://www.tipperarycoco.ie/environment/environmental-awareness-initiatives/derelict-sites,2026-07-14,2026-08-08,XLSX,official_xlsx,native_machine_readable
IE-DS-6f8b648ba03855,Tipperary County Council,ENV-C-22-2,"No. 3 James St., Tipperary Town",,,,,not_available,not_available,,,,,2023-02-14,,https://www.tipperarycoco.ie/environment/environmental-awareness-initiatives/derelict-sites,2026-07-14,2026-08-08,XLSX,official_xlsx,native_machine_readable
IE-DS-c2469d3860f564,Tipperary County Council,ENV-C-22-6,"Kickham Place, Tipperary Town E34HF10",,E34 HF10,,,not_available,not_available,,,,,2023-02-14,,https://www.tipperarycoco.ie/environment/environmental-awareness-initiatives/derelict-sites,2026-07-14,2026-08-08,XLSX,official_xlsx,native_machine_readable
IE-DS-c081d57dca3af4,Tipperary County Council,ENV-C-23-12,"3 Ikerrin, Road, Thurles, Co. Tipperary",,,52.6812455,-7.8034559,authority_supplied_grid_transformed,site_point,613290,658917,EPSG:2157,,2023-03-22,,https://www.tipperarycoco.ie/environment/environmental-awareness-initiatives/derelict-sites,2026-07-14,2026-08-08,XLSX,official_xlsx,native_machine_readable
IE-DS-19b521031f25a6,Tipperary County Council,ENV-C-22-13,11 Castle Street Carrick On Suir Clonmel,,,,,not_available,not_available,,,,,2023-04-13,,https://www.tipperarycoco.ie/environment/environmental-awareness-initiatives/derelict-sites,2026-07-14,2026-08-08,XLSX,official_xlsx,native_machine_readable
IE-DS-410a4f77198819,Tipperary County Council,ENV-C-22-16,"Ashbury Industrial Estate, (Former Offray Factory), Roscrea, Co. Tipperary",,,,,not_available,not_available,,,,,2023-04-13,,https://www.tipperarycoco.ie/environment/environmental-awareness-initiatives/derelict-sites,2026-07-14,2026-08-08,XLSX,official_xlsx,native_machine_readable
IE-DS-b10688f628d65d,Tipperary County Council,ENV-C-23-17,"30 Bridge Street, Carrick on Suir, Co. Tipperary",,,,,not_available,not_available,,,,,2023-05-11,,https://www.tipperarycoco.ie/environment/environmental-awareness-initiatives/derelict-sites,2026-07-14,2026-08-08,XLSX,official_xlsx,native_machine_readable
IE-DS-a84a1285c09219,Tipperary County Council,ENV-C-11-05,"Former Retail Premises, Kickham Street, Mullinahone, Co Tipperary",,,52.51218,-7.5050436,authority_supplied_grid_transformed,site_point,233654,140157,EPSG:29903,,2023-05-22,,https://www.tipperarycoco.ie/environment/environmental-awareness-initiatives/derelict-sites,2026-07-14,2026-08-08,XLSX,official_xlsx,native_machine_readable
IE-DS-d15300ad70bfc5,Tipperary County Council,ENV-C-21-15,"5 Kavanagh Place, Thurles, Co. Tipperary",,,,,not_available,not_available,,,,,2023-06-11,,https://www.tipperarycoco.ie/environment/environmental-awareness-initiatives/derelict-sites,2026-07-14,2026-08-08,XLSX,official_xlsx,native_machine_readable
IE-DS-244fe4557ff168,Tipperary County Council,ENV-C-11-05,"Kickham Street, Mullinahone, Co Tipperary E41R602",,E41 R602,52.4523685,-7.4085129,authority_supplied_grid_transformed,site_point,640204,633599,EPSG:2157,,2023-06-27,,https://www.tipperarycoco.ie/environment/environmental-awareness-initiatives/derelict-sites,2026-07-14,2026-08-08,XLSX,official_xlsx,native_machine_readable
IE-DS-034d42f850d203,Tipperary County Council,ENV-C-20-24,"1-2 Upper Gladstone Street, Clonmel, Co. Tipperary",,,,,not_available,not_available,,,,,2023-07-18,,https://www.tipperarycoco.ie/environment/environmental-awareness-initiatives/derelict-sites,2026-07-14,2026-08-08,XLSX,official_xlsx,native_machine_readable
IE-DS-c822f4e9ffbfd0,Tipperary County Council,ENV-C-20-22,"44A O'Connell Street, Clonmel, Co Tipperary",,,,,not_available,not_available,,,,,2023-07-19,,https://www.tipperarycoco.ie/environment/environmental-awareness-initiatives/derelict-sites,2026-07-14,2026-08-08,XLSX,official_xlsx,native_machine_readable
IE-DS-12426cba67631e,Tipperary County Council,ENV-C-21-07,"Cottage, Clerihan, Clonmel, Co. Tipperary",,,,,not_available,not_available,,,,,2023-07-19,,https://www.tipperarycoco.ie/environment/environmental-awareness-initiatives/derelict-sites,2026-07-14,2026-08-08,XLSX,official_xlsx,native_machine_readable
IE-DS-45c2f929053111,Tipperary County Council,ENV-C-16-16,"""The Valley"" Fethard, Co Tipperary",,,52.4648616,-7.6980967,authority_supplied_grid_transformed,site_point,220569,134819,EPSG:29903,,2023-08-08,,https://www.tipperarycoco.ie/environment/environmental-awareness-initiatives/derelict-sites,2026-07-14,2026-08-08,XLSX,official_xlsx,native_machine_readable
IE-DS-2789043a3f0bde,Tipperary County Council,ENV-C-17-5,"Caulfields Supervalu, Bank Place, Tipperary Town",,,,,not_available,not_available,,,,,2023-08-08,,https://www.tipperarycoco.ie/environment/environmental-awareness-initiatives/derelict-sites,2026-07-14,2026-08-08,XLSX,official_xlsx,native_machine_readable
IE-DS-3c3acd2838f820,Tipperary County Council,ENV-C-20-26,"45 O'Connell Street, Clonmel, Co. Tipperary",,,,,not_available,not_available,,,,,2023-08-08,,https://www.tipperarycoco.ie/environment/environmental-awareness-initiatives/derelict-sites,2026-07-14,2026-08-08,XLSX,official_xlsx,native_machine_readable
IE-DS-d8917226764a0b,Tipperary County Council,ENV-C-23-32,"4 Abbey Street, Nenagh, Co. Tipperary",,,,,not_available,not_available,,,,,2023-08-08,,https://www.tipperarycoco.ie/environment/environmental-awareness-initiatives/derelict-sites,2026-07-14,2026-08-08,XLSX,official_xlsx,native_machine_readable
IE-DS-b8f2e7705c445f,Tipperary County Council,ENV-C-23-36,"10 Limerick Street, Roscrea, Co. Tipperary",,,52.9542078,-7.8007771,authority_supplied_grid_transformed,site_point,613387,689288,EPSG:2157,,2023-10-02,,https://www.tipperarycoco.ie/environment/environmental-awareness-initiatives/derelict-sites,2026-07-14,2026-08-08,XLSX,official_xlsx,native_machine_readable
IE-DS-b8df72d3832a76,Tipperary County Council,ENV-C-18-18,"10 Lowergate, Cashel, Co Tipperary",,,,,not_available,not_available,,,,,2023-10-12,,https://www.tipperarycoco.ie/environment/environmental-awareness-initiatives/derelict-sites,2026-07-14,2026-08-08,XLSX,official_xlsx,native_machine_readable
IE-DS-611306b03c8ec4,Tipperary County Council,ENV-C-06-201,"Former Hogans House, Kickham Street, Mullinahone",,,52.5123418,-7.5050418,authority_supplied_grid_transformed,site_point,233654,140175,EPSG:29903,,2023-10-16,,https://www.tipperarycoco.ie/environment/environmental-awareness-initiatives/derelict-sites,2026-07-14,2026-08-08,XLSX,official_xlsx,native_machine_readable
IE-DS-cd42c8caeb8e6f,Tipperary County Council,ENV-C-23-23,"Lourdes Road, Roscrea, Co. Tipperary",,,52.9570138,-7.7965971,authority_supplied_grid_transformed,site_point,613667,689601,EPSG:2157,,2023-10-16,,https://www.tipperarycoco.ie/environment/environmental-awareness-initiatives/derelict-sites,2026-07-14,2026-08-08,XLSX,official_xlsx,native_machine_readable
IE-DS-5317e52ee7a7ed,Tipperary County Council,ENV-C-23-37,"2 Lower Dublin Road, Nenagh, Co. Tipperary",,,,,not_available,not_available,,,,,2023-10-16,,https://www.tipperarycoco.ie/environment/environmental-awareness-initiatives/derelict-sites,2026-07-14,2026-08-08,XLSX,official_xlsx,native_machine_readable
IE-DS-fc762406576869,Tipperary County Council,ENV-C-23-6,"Camus Road, Cashel, Co. Tippeary, E25 NX32",,E25 NX32,,,not_available,not_available,,,,,2023-10-18,,https://www.tipperarycoco.ie/environment/environmental-awareness-initiatives/derelict-sites,2026-07-14,2026-08-08,XLSX,official_xlsx,native_machine_readable
IE-DS-1a84c22389dd55,Tipperary County Council,ENV-C-23-7,"Camus Road, Cashel, C. Tipperary, NX32(2)",,,,,not_available,not_available,,,,,2023-10-18,,https://www.tipperarycoco.ie/environment/environmental-awareness-initiatives/derelict-sites,2026-07-14,2026-08-08,XLSX,official_xlsx,native_machine_readable
IE-DS-2c8387487e7734,Tipperary County Council,ENV-C-14-8,8 Abbey Street Cahir,,,52.3805123,-7.9303884,authority_supplied_grid_transformed,site_point,204790,125392,EPSG:29903,,2023-11-27,,https://www.tipperarycoco.ie/environment/environmental-awareness-initiatives/derelict-sites,2026-07-14,2026-08-08,XLSX,official_xlsx,native_machine_readable
IE-DS-3ce59e3c3b7231,Tipperary County Council,ENV-C-22-17,"No. 1, O' Connell Road, Tipperary",,,,,not_available,not_available,,,,,2023-11-27,,https://www.tipperarycoco.ie/environment/environmental-awareness-initiatives/derelict-sites,2026-07-14,2026-08-08,XLSX,official_xlsx,native_machine_readable
IE-DS-896f8106b29176,Tipperary County Council,ENV-C-23-39,"20 Main Street, Carrick on Suir, Co. Tipperary",,,,,not_available,not_available,,,,,2023-11-27,,https://www.tipperarycoco.ie/environment/environmental-awareness-initiatives/derelict-sites,2026-07-14,2026-08-08,XLSX,official_xlsx,native_machine_readable
IE-DS-75bf25eef26c45,Tipperary County Council,ENV-C-22-23,"Tipperary Road, Cappawhite E34 X409",,E34 X409,,,not_available,not_available,,,,,2023-12-22,,https://www.tipperarycoco.ie/environment/environmental-awareness-initiatives/derelict-sites,2026-07-14,2026-08-08,XLSX,official_xlsx,native_machine_readable
IE-DS-f1a712110ddf75,Tipperary County Council,ENV-C-23-24,"No. 1/2, James Street, Tipperary Town E34 DT20",,E34 DT20,,,not_available,not_available,,,,,2023-12-22,,https://www.tipperarycoco.ie/environment/environmental-awareness-initiatives/derelict-sites,2026-07-14,2026-08-08,XLSX,official_xlsx,native_machine_readable
IE-DS-0a58fd5cfe76a6,Tipperary County Council,ENV-C-22-18,"Abbey Villas, Friar St, Nenagh, Co. Tipperary",,,,,not_available,not_available,,,,,2024-01-02,,https://www.tipperarycoco.ie/environment/environmental-awareness-initiatives/derelict-sites,2026-07-14,2026-08-08,XLSX,official_xlsx,native_machine_readable
IE-DS-bec243c6f45dea,Tipperary County Council,ENV-C-19-10,"Kearneys Castle, Main Street, Cashel, Co Tipperary E25 X732",,E25 X732,,,not_available,not_available,,,,,2024-01-26,,https://www.tipperarycoco.ie/environment/environmental-awareness-initiatives/derelict-sites,2026-07-14,2026-08-08,XLSX,official_xlsx,native_machine_readable
IE-DS-3993b1e8387095,Tipperary County Council,ENV-C-23-35,"Butlers Yard, Croke Street, Thurles, Co. Tipperary",,,52.6776596,-7.8147846,authority_supplied_grid_transformed,site_point,612525,658516,EPSG:2157,,2024-01-29,,https://www.tipperarycoco.ie/environment/environmental-awareness-initiatives/derelict-sites,2026-07-14,2026-08-08,XLSX,official_xlsx,native_machine_readable
IE-DS-d29f5371305707,Tipperary County Council,ENV-C-23-41,"92 Main Street, Carrick on Suir, Co. Tipperary",,,,,not_available,not_available,,,,,2024-02-29,,https://www.tipperarycoco.ie/environment/environmental-awareness-initiatives/derelict-sites,2026-07-14,2026-08-08,XLSX,official_xlsx,native_machine_readable
IE-DS-092d9fe25cddd4,Tipperary County Council,ENV-C-23-40,"82 Main Street, Carrick on Suir, Co. Tipperary",,,,,not_available,not_available,,,,,2024-05-02,,https://www.tipperarycoco.ie/environment/environmental-awareness-initiatives/derelict-sites,2026-07-14,2026-08-08,XLSX,official_xlsx,native_machine_readable
IE-DS-d0bda65f3da1c4,Tipperary County Council,ENV-C-11-07,"Old Courthouse,Killaghy St,Mullinahone",,,52.5127422,-7.5062304,authority_supplied_grid_transformed,site_point,233573,140219,EPSG:29903,,2024-05-16,,https://www.tipperarycoco.ie/environment/environmental-awareness-initiatives/derelict-sites,2026-07-14,2026-08-08,XLSX,official_xlsx,native_machine_readable
IE-DS-b29e80f754f093,Tipperary County Council,ENV-C-23-38,"1-2 Friar Street, Thurles, Co. Tipperary",,,52.6783117,-7.8180352,authority_supplied_grid_transformed,site_point,612305,658588,EPSG:2157,,2024-06-06,,https://www.tipperarycoco.ie/environment/environmental-awareness-initiatives/derelict-sites,2026-07-14,2026-08-08,XLSX,official_xlsx,native_machine_readable
IE-DS-14201ecf42475b,Tipperary County Council,ENV-C-18-27,"19 Parnell Street, Clonmel, co. Tipperary",,,52.3535216,-7.6984488,authority_supplied_grid_transformed,site_point,620542.683,622480.055,EPSG:2157,,2024-06-17,,https://www.tipperarycoco.ie/environment/environmental-awareness-initiatives/derelict-sites,2026-07-14,2026-08-08,XLSX,official_xlsx,native_machine_readable
IE-DS-ea7e6f34d3231b,Tipperary County Council,ENV-C-24-33,"Pallas Road, Borrissoleigh, County Tipperary",,,52.7508053,-7.9576365,authority_supplied_grid_transformed,site_point,602860,666639,EPSG:2157,,2024-07-22,,https://www.tipperarycoco.ie/environment/environmental-awareness-initiatives/derelict-sites,2026-07-14,2026-08-08,XLSX,official_xlsx,native_machine_readable
IE-DS-d40395e4e0dca0,Tipperary County Council,ENV-C-24-45,"5 Woodland Heights, Carrick on Suir, Co. Tipperary, E32 AC62",,E32 AC62,52.3410404,-7.4091924,authority_supplied_grid_transformed,site_point,640259,621213,EPSG:2157,,2024-07-22,,https://www.tipperarycoco.ie/environment/environmental-awareness-initiatives/derelict-sites,2026-07-14,2026-08-08,XLSX,official_xlsx,native_machine_readable
IE-DS-9caa8e515a5506,Tipperary County Council,ENV-C-24-35,"3 Cullina , Ballina, Co. Tipperary",,,,,not_available,not_available,,,,,2024-10-17,,https://www.tipperarycoco.ie/environment/environmental-awareness-initiatives/derelict-sites,2026-07-14,2026-08-08,XLSX,official_xlsx,native_machine_readable
IE-DS-fea06c9fe5117e,Tipperary County Council,ENV-C-24-41,"25 Irishtown, Clonmel, Co. Tipperary",,,52.3520608,-7.7084606,authority_supplied_grid_transformed,site_point,619861.298,622314.748,EPSG:2157,,2024-10-24,,https://www.tipperarycoco.ie/environment/environmental-awareness-initiatives/derelict-sites,2026-07-14,2026-08-08,XLSX,official_xlsx,native_machine_readable
IE-DS-2396243bdd4e73,Tipperary County Council,ENV-C-24-41,"26 Irishtown, Clonmel, Co. Tipperary",,,52.3520608,-7.7084606,authority_supplied_grid_transformed,site_point,619861.298,622314.748,EPSG:2157,,2024-10-24,,https://www.tipperarycoco.ie/environment/environmental-awareness-initiatives/derelict-sites,2026-07-14,2026-08-08,XLSX,official_xlsx,native_machine_readable
IE-DS-280626c175f8d0,Tipperary County Council,ENV-C-24-46,"Old Waterford Road, Carrick on Sur, Co. Tipperary",,,52.3437248,-7.4139558,authority_supplied_grid_transformed,site_point,639932,621509,EPSG:2157,,2024-10-24,,https://www.tipperarycoco.ie/environment/environmental-awareness-initiatives/derelict-sites,2026-07-14,2026-08-08,XLSX,official_xlsx,native_machine_readable
IE-DS-83c54a56a59fff,Tipperary County Council,ENV-C-24-32,"21 Sarsfield Street, Thurles, Co. Tipperary",,,52.6749372,-7.8154171,authority_supplied_grid_transformed,site_point,612483,658213,EPSG:2157,,2024-11-04,,https://www.tipperarycoco.ie/environment/environmental-awareness-initiatives/derelict-sites,2026-07-14,2026-08-08,XLSX,official_xlsx,native_machine_readable
IE-DS-8c5015f070f8fb,Tipperary County Council,ENV-C-23-05,"32 Bridge Street, Carrick on Suir, Co. Tipperary",,,,,not_available,not_available,,,,,2024-12-03,,https://www.tipperarycoco.ie/environment/environmental-awareness-initiatives/derelict-sites,2026-07-14,2026-08-08,XLSX,official_xlsx,native_machine_readable
IE-DS-1f6e3594a93b86,Tipperary County Council,TRT.25.010,E91 PP99 Market Place (formerly Xtra Vision) Site (Folio TY61870F),,E91 PP99,,,not_available,not_available,,,,,2025-07-10,,https://www.tipperarycoco.ie/environment/environmental-awareness-initiatives/derelict-sites,2026-07-14,2026-08-08,XLSX,official_xlsx,native_machine_readable
IE-DS-0b7c88fd4e1ad4,Tipperary County Council,TRT.25.010,b) E91 F896 Market Place SC (formerly Mai’s Café),,E91 F896,,,not_available,not_available,,,,,2025-07-10,,https://www.tipperarycoco.ie/environment/environmental-awareness-initiatives/derelict-sites,2026-07-14,2026-08-08,XLSX,official_xlsx,native_machine_readable
IE-DS-95427c7da881eb,Tipperary County Council,TRT.25.010,c) E91 HY92 Unit D1 Market Place SC,,E91 HY92,,,not_available,not_available,,,,,2025-07-10,,https://www.tipperarycoco.ie/environment/environmental-awareness-initiatives/derelict-sites,2026-07-14,2026-08-08,XLSX,official_xlsx,native_machine_readable
IE-DS-1631fa84d4eeac,Tipperary County Council,TRT.25.010,d) E91 WV62 Unit D2 Market Place SC,,E91 WV62,,,not_available,not_available,,,,,2025-07-10,,https://www.tipperarycoco.ie/environment/environmental-awareness-initiatives/derelict-sites,2026-07-14,2026-08-08,XLSX,official_xlsx,native_machine_readable
IE-DS-a050f84d31f928,Tipperary County Council,TRT.25.010,e) E91 F3A4 Unit D3 Market Place SC,,E91 F3A4,,,not_available,not_available,,,,,2025-07-10,,https://www.tipperarycoco.ie/environment/environmental-awareness-initiatives/derelict-sites,2026-07-14,2026-08-08,XLSX,official_xlsx,native_machine_readable
IE-DS-86a2cfae9be9a2,Tipperary County Council,TRT.25.010,f) E91 E192 Units F1 & F2 Market Place SC,,E91 E192,,,not_available,not_available,,,,,2025-07-10,,https://www.tipperarycoco.ie/environment/environmental-awareness-initiatives/derelict-sites,2026-07-14,2026-08-08,XLSX,official_xlsx,native_machine_readable
IE-DS-97584f928956ae,Tipperary County Council,TRT.25.010,g) E91 HP02 Unit B1 Market Place SC,,E91 HP02,,,not_available,not_available,,,,,2025-07-10,,https://www.tipperarycoco.ie/environment/environmental-awareness-initiatives/derelict-sites,2026-07-14,2026-08-08,XLSX,official_xlsx,native_machine_readable
IE-DS-af6b768e57fe19,Tipperary County Council,TRT.25.010,h) E91 KH67 Unit B2 Market Place SC,,E91 KH67,,,not_available,not_available,,,,,2025-07-10,,https://www.tipperarycoco.ie/environment/environmental-awareness-initiatives/derelict-sites,2026-07-14,2026-08-08,XLSX,official_xlsx,native_machine_readable
IE-DS-871ce66f01d7c5,Tipperary County Council,TRT.25.010,i) E91 XP76 Unit B4 Market Place SC,,E91 XP76,,,not_available,not_available,,,,,2025-07-10,,https://www.tipperarycoco.ie/environment/environmental-awareness-initiatives/derelict-sites,2026-07-14,2026-08-08,XLSX,official_xlsx,native_machine_readable
IE-DS-5b2406e064db39,Tipperary County Council,TRT.25.010,j) E91 P2X0 Unit B6 Market Place SC,,E91 P2X0,,,not_available,not_available,,,,,2025-07-10,,https://www.tipperarycoco.ie/environment/environmental-awareness-initiatives/derelict-sites,2026-07-14,2026-08-08,XLSX,official_xlsx,native_machine_readable
IE-DS-a1e5db913f5127,Tipperary County Council,TRT.25.010,k) E91 H4F1 Unit B7 Market Place SC,,E91 H4F1,,,not_available,not_available,,,,,2025-07-10,,https://www.tipperarycoco.ie/environment/environmental-awareness-initiatives/derelict-sites,2026-07-14,2026-08-08,XLSX,official_xlsx,native_machine_readable
IE-DS-0628666dbaaae3,Tipperary County Council,TRT.25.010,l) E91 PF53 Unit B8 Market Place,,E91 PF53,,,not_available,not_available,,,,,2025-07-10,,https://www.tipperarycoco.ie/environment/environmental-awareness-initiatives/derelict-sites,2026-07-14,2026-08-08,XLSX,official_xlsx,native_machine_readable
IE-DS-1f69076866f8a7,Tipperary County Council,TRT.25.012,"Former Superquinn / Supervalu, Market Place, Clonmel, Co. Tipperary",,,,,not_available,not_available,,,,,2025-07-10,,https://www.tipperarycoco.ie/environment/environmental-awareness-initiatives/derelict-sites,2026-07-14,2026-08-08,XLSX,official_xlsx,native_machine_readable
IE-DS-fc76dc0ae32f88,Tipperary County Council,TRT.25.013,"6 Catherine Street, Clonmel, Co. Tipperary",,,,,not_available,not_available,,,,,2025-07-10,,https://www.tipperarycoco.ie/environment/environmental-awareness-initiatives/derelict-sites,2026-07-14,2026-08-08,XLSX,official_xlsx,native_machine_readable
IE-DS-809cff050c1c2c,Tipperary County Council,TRT.25.015,"Suir Vale House, 8 Dillon Street, Clonmel, Co. Tipperary",,,,,not_available,not_available,,,,,2025-07-10,,https://www.tipperarycoco.ie/environment/environmental-awareness-initiatives/derelict-sites,2026-07-14,2026-08-08,XLSX,official_xlsx,native_machine_readable
IE-DS-220591279971fe,Tipperary County Council,TRT.25.016,"6 Wolfe Tone Street, Clonmel, Co. Tipperary",,,,,not_available,not_available,,,,,2025-07-10,,https://www.tipperarycoco.ie/environment/environmental-awareness-initiatives/derelict-sites,2026-07-14,2026-08-08,XLSX,official_xlsx,native_machine_readable
IE-DS-3df3db184578ff,Tipperary County Council,TRT.25.017,"9 Anglesea Street, Clonmel",,,,,not_available,not_available,,,,,2025-09-17,,https://www.tipperarycoco.ie/environment/environmental-awareness-initiatives/derelict-sites,2026-07-14,2026-08-08,XLSX,official_xlsx,native_machine_readable
IE-DS-dcc03f6770f68e,Tipperary County Council,TRT.25.018,"11 Dillon Street, Tipp Town",,,,,not_available,not_available,,,,,2025-09-17,,https://www.tipperarycoco.ie/environment/environmental-awareness-initiatives/derelict-sites,2026-07-14,2026-08-08,XLSX,official_xlsx,native_machine_readable
IE-DS-252c85d2fd4a20,Tipperary County Council,TRT.25.022,"12 Columba Terrace, Thurles",,,,,not_available,not_available,,,,,2025-09-17,,https://www.tipperarycoco.ie/environment/environmental-awareness-initiatives/derelict-sites,2026-07-14,2026-08-08,XLSX,official_xlsx,native_machine_readable
IE-DS-d814efc20a1449,Tipperary County Council,ENV-C-17-27,"25 Morton Street, Clonmel",,,,,not_available,not_available,,,,,2025-09-17,,https://www.tipperarycoco.ie/environment/environmental-awareness-initiatives/derelict-sites,2026-07-14,2026-08-08,XLSX,official_xlsx,native_machine_readable
IE-DS-5fdf9e38a6bda1,Tipperary County Council,TRT.25.026,"17 Davis Terrace, Davis Street, Clonmel",,,,,not_available,not_available,,,,,2025-09-17,,https://www.tipperarycoco.ie/environment/environmental-awareness-initiatives/derelict-sites,2026-07-14,2026-08-08,XLSX,official_xlsx,native_machine_readable
IE-DS-0dbe3a89b49487,Tipperary County Council,ENV-C-24-(2-25),"No. 21 Glen Court, Emly",,,,,not_available,not_available,,,,,2025-10-01,,https://www.tipperarycoco.ie/environment/environmental-awareness-initiatives/derelict-sites,2026-07-14,2026-08-08,XLSX,official_xlsx,native_machine_readable
IE-DS-e0563a10567380,Tipperary County Council,ENV-C-24-(2-25),"No. 57 Glen Court, Emly",,,,,not_available,not_available,,,,,2025-10-01,,https://www.tipperarycoco.ie/environment/environmental-awareness-initiatives/derelict-sites,2026-07-14,2026-08-08,XLSX,official_xlsx,native_machine_readable
IE-DS-97897a90e8167a,Tipperary County Council,ENV-C-24-(2-25),"No. 60 Glen Court, Emly",,,,,not_available,not_available,,,,,2025-10-01,,https://www.tipperarycoco.ie/environment/environmental-awareness-initiatives/derelict-sites,2026-07-14,2026-08-08,XLSX,official_xlsx,native_machine_readable
IE-DS-e3dea874789c71,Tipperary County Council,ENV-C-24-(2-25),"No. 61 Glen Court, Emly",,,,,not_available,not_available,,,,,2025-10-01,,https://www.tipperarycoco.ie/environment/environmental-awareness-initiatives/derelict-sites,2026-07-14,2026-08-08,XLSX,official_xlsx,native_machine_readable
IE-DS-eacb3d2a6ad578,Tipperary County Council,ENV-C-24-(2-25),"No. 62 Glen Court, Emly",,,,,not_available,not_available,,,,,2025-10-01,,https://www.tipperarycoco.ie/environment/environmental-awareness-initiatives/derelict-sites,2026-07-14,2026-08-08,XLSX,official_xlsx,native_machine_readable
IE-DS-1ddb7d212c463b,Tipperary County Council,ENV-C-24-(2-25),"No. 63 Glen Court, Emly",,,,,not_available,not_available,,,,,2025-10-01,,https://www.tipperarycoco.ie/environment/environmental-awareness-initiatives/derelict-sites,2026-07-14,2026-08-08,XLSX,official_xlsx,native_machine_readable
IE-DS-093b9d82758599,Tipperary County Council,ENV-C-24-(2-25),"No. 64 Glen Court, Emly",,,,,not_available,not_available,,,,,2025-10-01,,https://www.tipperarycoco.ie/environment/environmental-awareness-initiatives/derelict-sites,2026-07-14,2026-08-08,XLSX,official_xlsx,native_machine_readable
IE-DS-e0364c966fce21,Tipperary County Council,ENV-C-24-(2-25),"No. 65 Glen Court, Emly",,,,,not_available,not_available,,,,,2025-10-01,,https://www.tipperarycoco.ie/environment/environmental-awareness-initiatives/derelict-sites,2026-07-14,2026-08-08,XLSX,official_xlsx,native_machine_readable
IE-DS-4be76074a7722f,Tipperary County Council,ENV-C-24-(2-25),"No. 66 Glen Court, Emly",,,,,not_available,not_available,,,,,2025-10-01,,https://www.tipperarycoco.ie/environment/environmental-awareness-initiatives/derelict-sites,2026-07-14,2026-08-08,XLSX,official_xlsx,native_machine_readable
IE-DS-f124e0b0a5009b,Tipperary County Council,ENV-C-24-(2-25),"No. 67 Glen Court, Emly",,,,,not_available,not_available,,,,,2025-10-01,,https://www.tipperarycoco.ie/environment/environmental-awareness-initiatives/derelict-sites,2026-07-14,2026-08-08,XLSX,official_xlsx,native_machine_readable
IE-DS-9068a1a0e17f95,Tipperary County Council,ENV-C-24-(2-25),"No. 69 Glen Court, Emly",,,,,not_available,not_available,,,,,2025-10-01,,https://www.tipperarycoco.ie/environment/environmental-awareness-initiatives/derelict-sites,2026-07-14,2026-08-08,XLSX,official_xlsx,native_machine_readable
IE-DS-2832e9d5b41e02,Tipperary County Council,ENV-C-24-(2-25),"No. 71 Glen Court, Emly",,,,,not_available,not_available,,,,,2025-10-01,,https://www.tipperarycoco.ie/environment/environmental-awareness-initiatives/derelict-sites,2026-07-14,2026-08-08,XLSX,official_xlsx,native_machine_readable
IE-DS-37538111a43546,Tipperary County Council,ENV-C-24-(2-25),"No. 73 Glen Court, Emly",,,,,not_available,not_available,,,,,2025-10-01,,https://www.tipperarycoco.ie/environment/environmental-awareness-initiatives/derelict-sites,2026-07-14,2026-08-08,XLSX,official_xlsx,native_machine_readable
IE-DS-1bf8eebf8583c1,Tipperary County Council,ENV-C-24-(2-25),"No. 74 Glen Court, Emly",,,,,not_available,not_available,,,,,2025-10-01,,https://www.tipperarycoco.ie/environment/environmental-awareness-initiatives/derelict-sites,2026-07-14,2026-08-08,XLSX,official_xlsx,native_machine_readable
IE-DS-0e702ccc287b32,Tipperary County Council,ENV-C-24-(2-25),"No. 75 Glen Court, Emly",,,,,not_available,not_available,,,,,2025-10-01,,https://www.tipperarycoco.ie/environment/environmental-awareness-initiatives/derelict-sites,2026-07-14,2026-08-08,XLSX,official_xlsx,native_machine_readable
IE-DS-103159cd5afcf4,Tipperary County Council,ENV-C-24-(2-25),"No. 76 Glen Court, Emly",,,,,not_available,not_available,,,,,2025-10-01,,https://www.tipperarycoco.ie/environment/environmental-awareness-initiatives/derelict-sites,2026-07-14,2026-08-08,XLSX,official_xlsx,native_machine_readable
IE-DS-25eebbd13128d1,Tipperary County Council,ENV-C-24-(2-25),"No. 77 Glen Court, Emly",,,,,not_available,not_available,,,,,2025-10-01,,https://www.tipperarycoco.ie/environment/environmental-awareness-initiatives/derelict-sites,2026-07-14,2026-08-08,XLSX,official_xlsx,native_machine_readable
IE-DS-1b36a8efa6590f,Tipperary County Council,ENV-C-24-(2-25),"No. 78 Glen Court, Emly",,,,,not_available,not_available,,,,,2025-10-01,,https://www.tipperarycoco.ie/environment/environmental-awareness-initiatives/derelict-sites,2026-07-14,2026-08-08,XLSX,official_xlsx,native_machine_readable
IE-DS-a0b9257c4a06ff,Tipperary County Council,ENV-C-24-(2-25),"No. 79 Glen Court, Emly",,,,,not_available,not_available,,,,,2025-10-01,,https://www.tipperarycoco.ie/environment/environmental-awareness-initiatives/derelict-sites,2026-07-14,2026-08-08,XLSX,official_xlsx,native_machine_readable
IE-DS-4e815b5bb6d2d2,Tipperary County Council,ENV-C-24-(2-25),"No. 80 Glen Court, Emly",,,,,not_available,not_available,,,,,2025-10-01,,https://www.tipperarycoco.ie/environment/environmental-awareness-initiatives/derelict-sites,2026-07-14,2026-08-08,XLSX,official_xlsx,native_machine_readable
IE-DS-ee77b38ada5834,Tipperary County Council,ENV-C-24-(2-25),"No. 81 Glen Court, Emly",,,,,not_available,not_available,,,,,2025-10-01,,https://www.tipperarycoco.ie/environment/environmental-awareness-initiatives/derelict-sites,2026-07-14,2026-08-08,XLSX,official_xlsx,native_machine_readable
IE-DS-2eb0a315a66ad3,Tipperary County Council,ENV-C-24-(2-25),"No. 82 Glen Court, Emly",,,,,not_available,not_available,,,,,2025-10-01,,https://www.tipperarycoco.ie/environment/environmental-awareness-initiatives/derelict-sites,2026-07-14,2026-08-08,XLSX,official_xlsx,native_machine_readable
IE-DS-28303c83d0c625,Tipperary County Council,ENV-C-24-(2-25),"No. 83 Glen Court, Emly",,,,,not_available,not_available,,,,,2025-10-01,,https://www.tipperarycoco.ie/environment/environmental-awareness-initiatives/derelict-sites,2026-07-14,2026-08-08,XLSX,official_xlsx,native_machine_readable
IE-DS-a3922060b9d759,Tipperary County Council,ENV-C-24-(2-25),"No. 84 Glen Court, Emly",,,,,not_available,not_available,,,,,2025-10-01,,https://www.tipperarycoco.ie/environment/environmental-awareness-initiatives/derelict-sites,2026-07-14,2026-08-08,XLSX,official_xlsx,native_machine_readable
IE-DS-55935ee7fee219,Tipperary County Council,TRT.25.030,"77 Silver Street, Nenagh",,,,,not_available,not_available,,,,,2025-11-07,,https://www.tipperarycoco.ie/environment/environmental-awareness-initiatives/derelict-sites,2026-07-14,2026-08-08,XLSX,official_xlsx,native_machine_readable
IE-DS-8c2347250eae82,Tipperary County Council,TRT.25.028,"75 Willow Close, Clonmel",,,,,not_available,not_available,,,,,2025-11-07,,https://www.tipperarycoco.ie/environment/environmental-awareness-initiatives/derelict-sites,2026-07-14,2026-08-08,XLSX,official_xlsx,native_machine_readable
IE-DS-cdbdbd4b4adb43,Tipperary County Council,TRT.25.029,"The Dairy, Powerstown Road, Clonmel",,,,,not_available,not_available,,,,,2025-11-07,,https://www.tipperarycoco.ie/environment/environmental-awareness-initiatives/derelict-sites,2026-07-14,2026-08-08,XLSX,official_xlsx,native_machine_readable
IE-DS-4c346bb473cbb9,Tipperary County Council,TRT.25.031,"Rocklow Road, Fethard E91KW58",,E91 KW58,,,not_available,not_available,,,,,2026-01-08,,https://www.tipperarycoco.ie/environment/environmental-awareness-initiatives/derelict-sites,2026-07-14,2026-08-08,XLSX,official_xlsx,native_machine_readable
IE-DS-56a0aafd50f04e,Tipperary County Council,TRT.25.033,"20 St Patrick's Terrace, Clonmel, Co. Tipperary E91 FV59",,E91 FV59,,,not_available,not_available,,,,,2026-01-08,,https://www.tipperarycoco.ie/environment/environmental-awareness-initiatives/derelict-sites,2026-07-14,2026-08-08,XLSX,official_xlsx,native_machine_readable
IE-DS-2697807006f742,Tipperary County Council,TRT.26.004,"4 Emmet Street, Clonmel",,,,,not_available,not_available,,,,,2026-04-29,,https://www.tipperarycoco.ie/environment/environmental-awareness-initiatives/derelict-sites,2026-07-14,2026-08-08,XLSX,official_xlsx,native_machine_readable
IE-DS-b01d55e444d618,Tipperary County Council,TRT.26.004,"5 Emmet Street, Clonmel",,,,,not_available,not_available,,,,,2026-04-29,,https://www.tipperarycoco.ie/environment/environmental-awareness-initiatives/derelict-sites,2026-07-14,2026-08-08,XLSX,official_xlsx,native_machine_readable
IE-DS-43c50a106f52c6,Tipperary County Council,TRT.26.005,"7 Emmet Street, Clonmel",,,,,not_available,not_available,,,,,2026-04-29,,https://www.tipperarycoco.ie/environment/environmental-awareness-initiatives/derelict-sites,2026-07-14,2026-08-08,XLSX,official_xlsx,native_machine_readable
IE-DS-1db2b4d4036b68,Tipperary County Council,TRT.26.008,"9 Emmet Street, Clonmel",,,,,not_available,not_available,,,,,2026-04-29,,https://www.tipperarycoco.ie/environment/environmental-awareness-initiatives/derelict-sites,2026-07-14,2026-08-08,XLSX,official_xlsx,native_machine_readable
IE-DS-26e197829b00af,Tipperary County Council,TRT.26.014,"Main Street Upper, Cappawhite",,,,,not_available,not_available,,,,,2026-04-29,,https://www.tipperarycoco.ie/environment/environmental-awareness-initiatives/derelict-sites,2026-07-14,2026-08-08,XLSX,official_xlsx,native_machine_readable
IE-DS-cbc6a1afc34dc6,Tipperary County Council,TRT.26.016,"Main Street Upper, Cappawhite",,,,,not_available,not_available,,,,,2026-04-29,,https://www.tipperarycoco.ie/environment/environmental-awareness-initiatives/derelict-sites,2026-07-14,2026-08-08,XLSX,official_xlsx,native_machine_readable
IE-DS-a456e8f65c1c90,Tipperary County Council,TRT.26.010,"Church Street, Bunacum, Toomevara E45 X924",,E45 X924,,,not_available,not_available,,,,,2026-04-30,,https://www.tipperarycoco.ie/environment/environmental-awareness-initiatives/derelict-sites,2026-07-14,2026-08-08,XLSX,official_xlsx,native_machine_readable
IE-DS-907b69b7e06fa9,Tipperary County Council,TRT.26.011,"Church Street, Toomevara E45 PY58",,E45 PY58,,,not_available,not_available,,,,,2026-04-30,,https://www.tipperarycoco.ie/environment/environmental-awareness-initiatives/derelict-sites,2026-07-14,2026-08-08,XLSX,official_xlsx,native_machine_readable
IE-DS-6102e1f63e6d00,Tipperary County Council,TRT.26.013,"Main street, Roscrea, Co. Tipperary E53 KV22 - TY72199F",,E53 KV22,,,not_available,not_available,,,,,2026-04-30,,https://www.tipperarycoco.ie/environment/environmental-awareness-initiatives/derelict-sites,2026-07-14,2026-08-08,XLSX,official_xlsx,native_machine_readable
IE-DS-279733afe6baf9,Tipperary County Council,TRT.26.018,"13 Mitchel Street, Nenagh, Co. Tipperary. E45 YW20",,E45 YW20,,,not_available,not_available,,,,,2026-05-06,,https://www.tipperarycoco.ie/environment/environmental-awareness-initiatives/derelict-sites,2026-07-14,2026-08-08,XLSX,official_xlsx,native_machine_readable
IE-DS-d4541df307c381,Tipperary County Council,TRT.26.019,"14 Mitchel Street, Nenagh, Co. Tipperary. E45 V266",,E45 V266,,,not_available,not_available,,,,,2026-05-06,,https://www.tipperarycoco.ie/environment/environmental-awareness-initiatives/derelict-sites,2026-07-14,2026-08-08,XLSX,official_xlsx,native_machine_readable
IE-DS-1f97c56f46aa72,Tipperary County Council,TRT.26.022,"32 Pearse Street, Nenagh, Co. Tipperary. E45 VX33",,E45 VX33,,,not_available,not_available,,,,,2026-05-06,,https://www.tipperarycoco.ie/environment/environmental-awareness-initiatives/derelict-sites,2026-07-14,2026-08-08,XLSX,official_xlsx,native_machine_readable
IE-DS-9d6667a811d7b8,Tipperary County Council,TRT.26.023,"Lower Birr Road, Nenagh, Co. Tipperary. E45 YT54",,E45 YT54,,,not_available,not_available,,,,,2026-05-06,,https://www.tipperarycoco.ie/environment/environmental-awareness-initiatives/derelict-sites,2026-07-14,2026-08-08,XLSX,official_xlsx,native_machine_readable
IE-DS-24f11b85742ef6,Tipperary County Council,TRT.26.025,"Ferndale, Tyone, Nenagh, Co. Tipperary",,,,,not_available,not_available,,,,,2026-05-06,,https://www.tipperarycoco.ie/environment/environmental-awareness-initiatives/derelict-sites,2026-07-14,2026-08-08,XLSX,official_xlsx,native_machine_readable
IE-DS-bbc6ba2fb00b35,Tipperary County Council,TRT.25.014,"7 Catherine Street, Clonmel",,,,,not_available,not_available,,,,,2026-05-15,,https://www.tipperarycoco.ie/environment/environmental-awareness-initiatives/derelict-sites,2026-07-14,2026-08-08,XLSX,official_xlsx,native_machine_readable
IE-DS-6313d1ec94b497,Tipperary County Council,TRT.25.035,"72 Caiseal na Rí, Cashel, Co. Tipperary",,,,,not_available,not_available,,,,,2026-05-25,,https://www.tipperarycoco.ie/environment/environmental-awareness-initiatives/derelict-sites,2026-07-14,2026-08-08,XLSX,official_xlsx,native_machine_readable
IE-DS-2dc06956c2601f,Tipperary County Council,TRT.25.035,"73 Caiseal na Rí, Cashel, Co. Tipperary",,,,,not_available,not_available,,,,,2026-05-25,,https://www.tipperarycoco.ie/environment/environmental-awareness-initiatives/derelict-sites,2026-07-14,2026-08-08,XLSX,official_xlsx,native_machine_readable
IE-DS-66cf61d4c7298e,Tipperary County Council,TRT.25.035,"85 Caiseal na Rí, Cashel, Co. Tipperary",,,,,not_available,not_available,,,,,2026-05-25,,https://www.tipperarycoco.ie/environment/environmental-awareness-initiatives/derelict-sites,2026-07-14,2026-08-08,XLSX,official_xlsx,native_machine_readable
IE-DS-72be655df9e17e,Tipperary County Council,TRT.25.035,"87 Caiseal na Rí, Cashel, Co. Tipperary",,,,,not_available,not_available,,,,,2026-05-25,,https://www.tipperarycoco.ie/environment/environmental-awareness-initiatives/derelict-sites,2026-07-14,2026-08-08,XLSX,official_xlsx,native_machine_readable
IE-DS-811d7b93ee64b7,Tipperary County Council,TRT.25.035,"95 Caiseal na Rí, Cashel, Co. Tipperary",,,,,not_available,not_available,,,,,2026-05-25,,https://www.tipperarycoco.ie/environment/environmental-awareness-initiatives/derelict-sites,2026-07-14,2026-08-08,XLSX,official_xlsx,native_machine_readable
IE-DS-d2639bf5cd8389,Tipperary County Council,TRT.25.035,"98 Caiseal na Rí, Cashel, Co. Tipperary",,,,,not_available,not_available,,,,,2026-05-25,,https://www.tipperarycoco.ie/environment/environmental-awareness-initiatives/derelict-sites,2026-07-14,2026-08-08,XLSX,official_xlsx,native_machine_readable
IE-DS-cb84a805990f7d,Tipperary County Council,TRT.25.035,"109 Caiseal na Rí, Cashel, Co. Tipperary",,,,,not_available,not_available,,,,,2026-05-25,,https://www.tipperarycoco.ie/environment/environmental-awareness-initiatives/derelict-sites,2026-07-14,2026-08-08,XLSX,official_xlsx,native_machine_readable
IE-DS-9042dda0500b12,Tipperary County Council,TRT.25.035,"110 Caiseal na Rí, Cashel, Co. Tipperary",,,,,not_available,not_available,,,,,2026-05-25,,https://www.tipperarycoco.ie/environment/environmental-awareness-initiatives/derelict-sites,2026-07-14,2026-08-08,XLSX,official_xlsx,native_machine_readable
IE-DS-11c95df8194733,Tipperary County Council,TRT.26.003,"Newsworld, Market Place, Clonmel",,,,,not_available,not_available,,,,,2026-05-25,,https://www.tipperarycoco.ie/environment/environmental-awareness-initiatives/derelict-sites,2026-07-14,2026-08-08,XLSX,official_xlsx,native_machine_readable
IE-DS-5c6bd5586fd92b,Tipperary County Council,TRT.26.021,"Kenyon Street, Nenagh (Former Take-Away @ Teach an Leinn)",,,,,not_available,not_available,,,,,2026-06-29,,https://www.tipperarycoco.ie/environment/environmental-awareness-initiatives/derelict-sites,2026-07-14,2026-08-08,XLSX,official_xlsx,native_machine_readable
IE-DS-3746cd2d106ec7,Tipperary County Council,TRT.26.027,"25 King Street, Clonmel, Co. Tipperary",,,,,not_available,not_available,,,,,2026-06-29,,https://www.tipperarycoco.ie/environment/environmental-awareness-initiatives/derelict-sites,2026-07-14,2026-08-08,XLSX,official_xlsx,native_machine_readable
IE-DS-38782f5ddfa5ba,Tipperary County Council,TRT.26.030,"Main Street Upper, Cappawhite, E34 VH21",,E34 VH21,,,not_available,not_available,,,,,2026-06-29,,https://www.tipperarycoco.ie/environment/environmental-awareness-initiatives/derelict-sites,2026-07-14,2026-08-08,XLSX,official_xlsx,native_machine_readable
IE-DS-34ea3863d16bf6,Tipperary County Council,TRT.26.031,"Main Street Upper, Cappawhite, E34 K702",,E34 K702,,,not_available,not_available,,,,,2026-06-29,,https://www.tipperarycoco.ie/environment/environmental-awareness-initiatives/derelict-sites,2026-07-14,2026-08-08,XLSX,official_xlsx,native_machine_readable
IE-DS-8033dae085fa98,Tipperary County Council,TRT.26.032,"Eurovilla House, Boherclough St, Cashel, Co. Tipperary, E25 RX29",,E25 RX29,,,not_available,not_available,,,,,2026-06-29,,https://www.tipperarycoco.ie/environment/environmental-awareness-initiatives/derelict-sites,2026-07-14,2026-08-08,XLSX,official_xlsx,native_machine_readable
IE-DS-d1f2a7d3761bf0,Tipperary County Council,TRT.26.020,"25 Sarsfield Street, Nenagh, Co. Tipperary",,,,,not_available,not_available,,,,,2026-07-06,,https://www.tipperarycoco.ie/environment/environmental-awareness-initiatives/derelict-sites,2026-07-14,2026-08-08,XLSX,official_xlsx,native_machine_readable
