ED_GUID,GEOGID,GEOGDESC,NEW CONSTITUENCY
06698531-f7f7-4058-a15f-7d455ef0dd94,06698531-f7f7-4058-a15f-7d455ef0dd94,Killinagh/Teebane,Cavan-Monaghan
21a09083-a130-47d2-8690-23338d5ecf18,21a09083-a130-47d2-8690-23338d5ecf18,Castletown (north),Louth
23519126-bd85-4c40-a1e2-26c5d2b7e51c,23519126-bd85-4c40-a1e2-26c5d2b7e51c,Arigna/Drumkeeran/Killarga,Sligo-Leitrim
268c20e2-7574-4e64-ac7a-9383e368fcb7,268c20e2-7574-4e64-ac7a-9383e368fcb7,Derrylea/Derrycunlagh,Galway West
2ae19629-16a1-13a3-e055-000000000001,2ae19629-16a1-13a3-e055-000000000001,Ballyadams,Laois
2ae19629-16a2-13a3-e055-000000000001,2ae19629-16a2-13a3-e055-000000000001,Ballybrittas,Laois
2ae19629-16a3-13a3-e055-000000000001,2ae19629-16a3-13a3-e055-000000000001,Ballybrophy,Laois
2ae19629-16a4-13a3-e055-000000000001,2ae19629-16a4-13a3-e055-000000000001,Ballycarroll,Laois
2ae19629-16a5-13a3-e055-000000000001,2ae19629-16a5-13a3-e055-000000000001,Ballyfin,Laois
2ae19629-16a6-13a3-e055-000000000001,2ae19629-16a6-13a3-e055-000000000001,Ballylehane,Laois
2ae19629-16a7-13a3-e055-000000000001,2ae19629-16a7-13a3-e055-000000000001,Ballylynan,Laois
2ae19629-16a8-13a3-e055-000000000001,2ae19629-16a8-13a3-e055-000000000001,Abbeyleix,Laois
2ae19629-16a9-13a3-e055-000000000001,2ae19629-16a9-13a3-e055-000000000001,Aghmacart,Laois
2ae19629-16aa-13a3-e055-000000000001,2ae19629-16aa-13a3-e055-000000000001,Arderin,Laois
2ae19629-16ab-13a3-e055-000000000001,2ae19629-16ab-13a3-e055-000000000001,Ardough,Laois
2ae19629-16ac-13a3-e055-000000000001,2ae19629-16ac-13a3-e055-000000000001,Arless,Laois
2ae19629-16ad-13a3-e055-000000000001,2ae19629-16ad-13a3-e055-000000000001,Ballickmoyler,Laois
2ae19629-16ae-13a3-e055-000000000001,2ae19629-16ae-13a3-e055-000000000001,Ballinakill,Laois
2ae19629-16af-13a3-e055-000000000001,2ae19629-16af-13a3-e055-000000000001,Ballyroan,Laois
2ae19629-16b0-13a3-e055-000000000001,2ae19629-16b0-13a3-e055-000000000001,Barrowhouse,Laois
2ae19629-16b1-13a3-e055-000000000001,2ae19629-16b1-13a3-e055-000000000001,Blandsfort,Laois
2ae19629-16b2-13a3-e055-000000000001,2ae19629-16b2-13a3-e055-000000000001,Borris,Laois
2ae19629-16b3-13a3-e055-000000000001,2ae19629-16b3-13a3-e055-000000000001,Cullahill,Laois
2ae19629-16b4-13a3-e055-000000000001,2ae19629-16b4-13a3-e055-000000000001,Cullenagh,Laois
2ae19629-16b5-13a3-e055-000000000001,2ae19629-16b5-13a3-e055-000000000001,Curraclone,Laois
2ae19629-16b6-13a3-e055-000000000001,2ae19629-16b6-13a3-e055-000000000001,Dangans,Laois
2ae19629-16b7-13a3-e055-000000000001,2ae19629-16b7-13a3-e055-000000000001,Donaghmore,Laois
2ae19629-16b8-13a3-e055-000000000001,2ae19629-16b8-13a3-e055-000000000001,Donore,Laois
2ae19629-16b9-13a3-e055-000000000001,2ae19629-16b9-13a3-e055-000000000001,Doonane,Laois
2ae19629-16ba-13a3-e055-000000000001,2ae19629-16ba-13a3-e055-000000000001,Borris-in-Ossory,Laois
2ae19629-16bc-13a3-e055-000000000001,2ae19629-16bc-13a3-e055-000000000001,Caher,Laois
2ae19629-16be-13a3-e055-000000000001,2ae19629-16be-13a3-e055-000000000001,Cappalough,Laois
2ae19629-16bf-13a3-e055-000000000001,2ae19629-16bf-13a3-e055-000000000001,Cardtown,Laois
2ae19629-16c0-13a3-e055-000000000001,2ae19629-16c0-13a3-e055-000000000001,Castlecuffe,Laois
2ae19629-16c1-13a3-e055-000000000001,2ae19629-16c1-13a3-e055-000000000001,Castletown,Laois
2ae19629-16c2-13a3-e055-000000000001,2ae19629-16c2-13a3-e055-000000000001,Clash,Laois
2ae19629-16c3-13a3-e055-000000000001,2ae19629-16c3-13a3-e055-000000000001,Clonaslee,Laois
2ae19629-16c4-13a3-e055-000000000001,2ae19629-16c4-13a3-e055-000000000001,Clondarrig,Laois
2ae19629-16c5-13a3-e055-000000000001,2ae19629-16c5-13a3-e055-000000000001,Clonin,Laois
2ae19629-16c6-13a3-e055-000000000001,2ae19629-16c6-13a3-e055-000000000001,Clonkeen,Laois
2ae19629-16c7-13a3-e055-000000000001,2ae19629-16c7-13a3-e055-000000000001,Clonmore,Laois
2ae19629-16c8-13a3-e055-000000000001,2ae19629-16c8-13a3-e055-000000000001,Colt,Laois
2ae19629-16c9-13a3-e055-000000000001,2ae19629-16c9-13a3-e055-000000000001,Coolrain,Laois
2ae19629-16ca-13a3-e055-000000000001,2ae19629-16ca-13a3-e055-000000000001,Cuffsborough,Laois
2ae19629-16cb-13a3-e055-000000000001,2ae19629-16cb-13a3-e055-000000000001,Killabban,Laois
2ae19629-16cc-13a3-e055-000000000001,2ae19629-16cc-13a3-e055-000000000001,Killermogh,Laois
2ae19629-16cd-13a3-e055-000000000001,2ae19629-16cd-13a3-e055-000000000001,Kilmullen,Laois
2ae19629-16ce-13a3-e055-000000000001,2ae19629-16ce-13a3-e055-000000000001,Kilmurry,Laois
2ae19629-16cf-13a3-e055-000000000001,2ae19629-16cf-13a3-e055-000000000001,Kilnaseer,Laois
2ae19629-16d0-13a3-e055-000000000001,2ae19629-16d0-13a3-e055-000000000001,Kyle,Laois
2ae19629-16d1-13a3-e055-000000000001,2ae19629-16d1-13a3-e055-000000000001,Dunmore,Laois
2ae19629-16d2-13a3-e055-000000000001,2ae19629-16d2-13a3-e055-000000000001,Durrow,Laois
2ae19629-16d3-13a3-e055-000000000001,2ae19629-16d3-13a3-e055-000000000001,Dysartgallen,Laois
2ae19629-16d4-13a3-e055-000000000001,2ae19629-16d4-13a3-e055-000000000001,Emo,Laois
2ae19629-16d5-13a3-e055-000000000001,2ae19629-16d5-13a3-e055-000000000001,Errill,Laois
2ae19629-16d6-13a3-e055-000000000001,2ae19629-16d6-13a3-e055-000000000001,Farnans,Laois
2ae19629-16d7-13a3-e055-000000000001,2ae19629-16d7-13a3-e055-000000000001,Fossy,Laois
2ae19629-16d8-13a3-e055-000000000001,2ae19629-16d8-13a3-e055-000000000001,Garrymore,Laois
2ae19629-16d9-13a3-e055-000000000001,2ae19629-16d9-13a3-e055-000000000001,Graigue,Laois
2ae19629-16da-13a3-e055-000000000001,2ae19629-16da-13a3-e055-000000000001,Graigue Rural,Laois
2ae19629-16db-13a3-e055-000000000001,2ae19629-16db-13a3-e055-000000000001,Grantstown,Laois
2ae19629-16dc-13a3-e055-000000000001,2ae19629-16dc-13a3-e055-000000000001,Jamestown,Laois
2ae19629-16dd-13a3-e055-000000000001,2ae19629-16dd-13a3-e055-000000000001,Kilcoke,Laois
2ae19629-16de-13a3-e055-000000000001,2ae19629-16de-13a3-e055-000000000001,Kilcolmanbane,Laois
2ae19629-16df-13a3-e055-000000000001,2ae19629-16df-13a3-e055-000000000001,Kildellig,Laois
2ae19629-16e0-13a3-e055-000000000001,2ae19629-16e0-13a3-e055-000000000001,Kyle South,Laois
2ae19629-16e1-13a3-e055-000000000001,2ae19629-16e1-13a3-e055-000000000001,Lacka,Laois
2ae19629-16e2-13a3-e055-000000000001,2ae19629-16e2-13a3-e055-000000000001,Luggacurren,Laois
2ae19629-16e3-13a3-e055-000000000001,2ae19629-16e3-13a3-e055-000000000001,Rathsaran,Laois
2ae19629-16e4-13a3-e055-000000000001,2ae19629-16e4-13a3-e055-000000000001,Rearymore,Laois
2ae19629-16e5-13a3-e055-000000000001,2ae19629-16e5-13a3-e055-000000000001,Rosenallis,Laois
2ae19629-16e6-13a3-e055-000000000001,2ae19629-16e6-13a3-e055-000000000001,Rossmore,Laois
2ae19629-16e7-13a3-e055-000000000001,2ae19629-16e7-13a3-e055-000000000001,Sallyford,Laois
2ae19629-16e8-13a3-e055-000000000001,2ae19629-16e8-13a3-e055-000000000001,Shaen,Laois
2ae19629-16e9-13a3-e055-000000000001,2ae19629-16e9-13a3-e055-000000000001,Marymount,Laois
2ae19629-16ea-13a3-e055-000000000001,2ae19629-16ea-13a3-e055-000000000001,Meelick,Laois
2ae19629-16eb-13a3-e055-000000000001,2ae19629-16eb-13a3-e055-000000000001,Moneenalassa,Laois
2ae19629-16ec-13a3-e055-000000000001,2ae19629-16ec-13a3-e055-000000000001,Moneymore,Laois
2ae19629-16ed-13a3-e055-000000000001,2ae19629-16ed-13a3-e055-000000000001,Mountmellick Rural,Laois
2ae19629-16ee-13a3-e055-000000000001,2ae19629-16ee-13a3-e055-000000000001,Mountmellick Urban,Laois
2ae19629-16ef-13a3-e055-000000000001,2ae19629-16ef-13a3-e055-000000000001,Mountrath,Laois
2ae19629-16f0-13a3-e055-000000000001,2ae19629-16f0-13a3-e055-000000000001,Moyanna,Laois
2ae19629-16f1-13a3-e055-000000000001,2ae19629-16f1-13a3-e055-000000000001,Nealstown,Laois
2ae19629-16f2-13a3-e055-000000000001,2ae19629-16f2-13a3-e055-000000000001,Newtown,Laois
2ae19629-16f3-13a3-e055-000000000001,2ae19629-16f3-13a3-e055-000000000001,O'moresforest,Laois
2ae19629-16f4-13a3-e055-000000000001,2ae19629-16f4-13a3-e055-000000000001,Portarlington South,Laois
2ae19629-16f5-13a3-e055-000000000001,2ae19629-16f5-13a3-e055-000000000001,Portlaoighise Rural,Laois
2ae19629-16f6-13a3-e055-000000000001,2ae19629-16f6-13a3-e055-000000000001,Portlaoighise Urban,Laois
2ae19629-16f7-13a3-e055-000000000001,2ae19629-16f7-13a3-e055-000000000001,Raheen,Laois
2ae19629-16f8-13a3-e055-000000000001,2ae19629-16f8-13a3-e055-000000000001,Rathaspick,Laois
2ae19629-16f9-13a3-e055-000000000001,2ae19629-16f9-13a3-e055-000000000001,Rathdowney,Laois
2ae19629-16fb-13a3-e055-000000000001,2ae19629-16fb-13a3-e055-000000000001,Ballaghameehan,Sligo-Leitrim
2ae19629-16fc-13a3-e055-000000000001,2ae19629-16fc-13a3-e055-000000000001,Ballinamore,Sligo-Leitrim
2ae19629-16fd-13a3-e055-000000000001,2ae19629-16fd-13a3-e055-000000000001,Barnameenagh,Sligo-Leitrim
2ae19629-16fe-13a3-e055-000000000001,2ae19629-16fe-13a3-e055-000000000001,Beihy,Sligo-Leitrim
2ae19629-16ff-13a3-e055-000000000001,2ae19629-16ff-13a3-e055-000000000001,Shrule,Laois
2ae19629-1700-13a3-e055-000000000001,2ae19629-1700-13a3-e055-000000000001,Stradbally,Laois
2ae19629-1701-13a3-e055-000000000001,2ae19629-1701-13a3-e055-000000000001,Tankardstown,Laois
2ae19629-1702-13a3-e055-000000000001,2ae19629-1702-13a3-e055-000000000001,Timahoe,Laois
2ae19629-1703-13a3-e055-000000000001,2ae19629-1703-13a3-e055-000000000001,Timogue,Laois
2ae19629-1704-13a3-e055-000000000001,2ae19629-1704-13a3-e055-000000000001,Tinnahinch,Laois
2ae19629-1705-13a3-e055-000000000001,2ae19629-1705-13a3-e055-000000000001,Trumra,Laois
2ae19629-1706-13a3-e055-000000000001,2ae19629-1706-13a3-e055-000000000001,Turra,Laois
2ae19629-1707-13a3-e055-000000000001,2ae19629-1707-13a3-e055-000000000001,Vicarstown,Laois
2ae19629-1708-13a3-e055-000000000001,2ae19629-1708-13a3-e055-000000000001,Aghacashel,Sligo-Leitrim
2ae19629-170b-13a3-e055-000000000001,2ae19629-170b-13a3-e055-000000000001,Aghavas,Sligo-Leitrim
2ae19629-170d-13a3-e055-000000000001,2ae19629-170d-13a3-e055-000000000001,Annaduff,Sligo-Leitrim
2ae19629-170e-13a3-e055-000000000001,2ae19629-170e-13a3-e055-000000000001,Belhavel,Sligo-Leitrim
2ae19629-170f-13a3-e055-000000000001,2ae19629-170f-13a3-e055-000000000001,Breandrum,Sligo-Leitrim
2ae19629-1710-13a3-e055-000000000001,2ae19629-1710-13a3-e055-000000000001,Drumard,Sligo-Leitrim
2ae19629-1712-13a3-e055-000000000001,2ae19629-1712-13a3-e055-000000000001,Drumod,Sligo-Leitrim
2ae19629-1714-13a3-e055-000000000001,2ae19629-1714-13a3-e055-000000000001,Drumreilly North,Sligo-Leitrim
2ae19629-1715-13a3-e055-000000000001,2ae19629-1715-13a3-e055-000000000001,Drumreilly South,Sligo-Leitrim
2ae19629-1716-13a3-e055-000000000001,2ae19629-1716-13a3-e055-000000000001,Drumreilly West/Drumreilly East,Sligo-Leitrim
2ae19629-1717-13a3-e055-000000000001,2ae19629-1717-13a3-e055-000000000001,Bunnybeg,Sligo-Leitrim
2ae19629-1718-13a3-e055-000000000001,2ae19629-1718-13a3-e055-000000000001,Carrick-on-Shannon,Sligo-Leitrim
2ae19629-1719-13a3-e055-000000000001,2ae19629-1719-13a3-e055-000000000001,Carrigallen East,Sligo-Leitrim
2ae19629-171a-13a3-e055-000000000001,2ae19629-171a-13a3-e055-000000000001,Carrigallen West,Sligo-Leitrim
2ae19629-171b-13a3-e055-000000000001,2ae19629-171b-13a3-e055-000000000001,Cashel,Sligo-Leitrim
2ae19629-171c-13a3-e055-000000000001,2ae19629-171c-13a3-e055-000000000001,Castlefore,Sligo-Leitrim
2ae19629-171d-13a3-e055-000000000001,2ae19629-171d-13a3-e055-000000000001,Cattan,Sligo-Leitrim
2ae19629-171e-13a3-e055-000000000001,2ae19629-171e-13a3-e055-000000000001,Cloonclare,Sligo-Leitrim
2ae19629-171f-13a3-e055-000000000001,2ae19629-171f-13a3-e055-000000000001,Cloone,Sligo-Leitrim
2ae19629-1720-13a3-e055-000000000001,2ae19629-1720-13a3-e055-000000000001,Cloonlogher,Sligo-Leitrim
2ae19629-1721-13a3-e055-000000000001,2ae19629-1721-13a3-e055-000000000001,Cloverhill,Sligo-Leitrim
2ae19629-1722-13a3-e055-000000000001,2ae19629-1722-13a3-e055-000000000001,Corrala,Sligo-Leitrim
2ae19629-1723-13a3-e055-000000000001,2ae19629-1723-13a3-e055-000000000001,Corriga,Sligo-Leitrim
2ae19629-1724-13a3-e055-000000000001,2ae19629-1724-13a3-e055-000000000001,Drumahaire,Sligo-Leitrim
2ae19629-1725-13a3-e055-000000000001,2ae19629-1725-13a3-e055-000000000001,Gowel,Sligo-Leitrim
2ae19629-1727-13a3-e055-000000000001,2ae19629-1727-13a3-e055-000000000001,Gubacreeny,Sligo-Leitrim
2ae19629-1728-13a3-e055-000000000001,2ae19629-1728-13a3-e055-000000000001,Keeldra,Sligo-Leitrim
2ae19629-1729-13a3-e055-000000000001,2ae19629-1729-13a3-e055-000000000001,Keshcarrigan,Sligo-Leitrim
2ae19629-172a-13a3-e055-000000000001,2ae19629-172a-13a3-e055-000000000001,Killanummery,Sligo-Leitrim
2ae19629-172b-13a3-e055-000000000001,2ae19629-172b-13a3-e055-000000000001,Drumshanbo,Sligo-Leitrim
2ae19629-172c-13a3-e055-000000000001,2ae19629-172c-13a3-e055-000000000001,Drumsna,Sligo-Leitrim
2ae19629-172d-13a3-e055-000000000001,2ae19629-172d-13a3-e055-000000000001,Drumdoo,Sligo-Leitrim
2ae19629-172e-13a3-e055-000000000001,2ae19629-172e-13a3-e055-000000000001,Fenagh,Sligo-Leitrim
2ae19629-172f-13a3-e055-000000000001,2ae19629-172f-13a3-e055-000000000001,Garadice,Sligo-Leitrim
2ae19629-1730-13a3-e055-000000000001,2ae19629-1730-13a3-e055-000000000001,Garvagh,Sligo-Leitrim
2ae19629-1731-13a3-e055-000000000001,2ae19629-1731-13a3-e055-000000000001,Glenade,Sligo-Leitrim
2ae19629-1732-13a3-e055-000000000001,2ae19629-1732-13a3-e055-000000000001,Glenaniff,Sligo-Leitrim
2ae19629-1733-13a3-e055-000000000001,2ae19629-1733-13a3-e055-000000000001,Glenboy,Sligo-Leitrim
2ae19629-1734-13a3-e055-000000000001,2ae19629-1734-13a3-e055-000000000001,Glencar,Sligo-Leitrim
2ae19629-1735-13a3-e055-000000000001,2ae19629-1735-13a3-e055-000000000001,Glenfarn,Sligo-Leitrim
2ae19629-1736-13a3-e055-000000000001,2ae19629-1736-13a3-e055-000000000001,Gortermone,Sligo-Leitrim
2ae19629-1737-13a3-e055-000000000001,2ae19629-1737-13a3-e055-000000000001,Gortnagullion,Sligo-Leitrim
2ae19629-1739-13a3-e055-000000000001,2ae19629-1739-13a3-e055-000000000001,Killygar,Sligo-Leitrim
2ae19629-173a-13a3-e055-000000000001,2ae19629-173a-13a3-e055-000000000001,Kiltubbrid,Sligo-Leitrim
2ae19629-173b-13a3-e055-000000000001,2ae19629-173b-13a3-e055-000000000001,Oughteragh,Sligo-Leitrim
2ae19629-173c-13a3-e055-000000000001,2ae19629-173c-13a3-e055-000000000001,Rinn,Sligo-Leitrim
2ae19629-173d-13a3-e055-000000000001,2ae19629-173d-13a3-e055-000000000001,Riverstown,Sligo-Leitrim
2ae19629-173e-13a3-e055-000000000001,2ae19629-173e-13a3-e055-000000000001,Roosky,Sligo-Leitrim
2ae19629-173f-13a3-e055-000000000001,2ae19629-173f-13a3-e055-000000000001,Rowan,Sligo-Leitrim
2ae19629-1740-13a3-e055-000000000001,2ae19629-1740-13a3-e055-000000000001,Sramore,Sligo-Leitrim
2ae19629-1741-13a3-e055-000000000001,2ae19629-1741-13a3-e055-000000000001,St. Patrick's,Sligo-Leitrim
2ae19629-1742-13a3-e055-000000000001,2ae19629-1742-13a3-e055-000000000001,Kiltyclogher,Sligo-Leitrim
2ae19629-1743-13a3-e055-000000000001,2ae19629-1743-13a3-e055-000000000001,Kinlough,Sligo-Leitrim
2ae19629-1744-13a3-e055-000000000001,2ae19629-1744-13a3-e055-000000000001,Leitrim,Sligo-Leitrim
2ae19629-1745-13a3-e055-000000000001,2ae19629-1745-13a3-e055-000000000001,Lisgillock,Sligo-Leitrim
2ae19629-1746-13a3-e055-000000000001,2ae19629-1746-13a3-e055-000000000001,Lurganboy,Sligo-Leitrim
2ae19629-1747-13a3-e055-000000000001,2ae19629-1747-13a3-e055-000000000001,Mahanagh,Sligo-Leitrim
2ae19629-1748-13a3-e055-000000000001,2ae19629-1748-13a3-e055-000000000001,Manorhamilton,Sligo-Leitrim
2ae19629-1749-13a3-e055-000000000001,2ae19629-1749-13a3-e055-000000000001,Melvin/Aghavoghil,Sligo-Leitrim
2ae19629-174a-13a3-e055-000000000001,2ae19629-174a-13a3-e055-000000000001,Moher,Sligo-Leitrim
2ae19629-174b-13a3-e055-000000000001,2ae19629-174b-13a3-e055-000000000001,Mohill,Sligo-Leitrim
2ae19629-174c-13a3-e055-000000000001,2ae19629-174c-13a3-e055-000000000001,Munakill,Sligo-Leitrim
2ae19629-174d-13a3-e055-000000000001,2ae19629-174d-13a3-e055-000000000001,Newtowngore,Sligo-Leitrim
2ae19629-174e-13a3-e055-000000000001,2ae19629-174e-13a3-e055-000000000001,Askeaton East,Limerick County
2ae19629-174f-13a3-e055-000000000001,2ae19629-174f-13a3-e055-000000000001,Askeaton West,Limerick County
2ae19629-1750-13a3-e055-000000000001,2ae19629-1750-13a3-e055-000000000001,Athlacca,Limerick County
2ae19629-1751-13a3-e055-000000000001,2ae19629-1751-13a3-e055-000000000001,Aughinish,Limerick County
2ae19629-1752-13a3-e055-000000000001,2ae19629-1752-13a3-e055-000000000001,Ballingarry,Limerick County
2ae19629-1753-13a3-e055-000000000001,2ae19629-1753-13a3-e055-000000000001,Ballintober,Limerick County
2ae19629-1755-13a3-e055-000000000001,2ae19629-1755-13a3-e055-000000000001,Tullaghan,Sligo-Leitrim
2ae19629-1756-13a3-e055-000000000001,2ae19629-1756-13a3-e055-000000000001,Yugan,Sligo-Leitrim
2ae19629-1757-13a3-e055-000000000001,2ae19629-1757-13a3-e055-000000000001,Abbeyfeale,Limerick County
2ae19629-1758-13a3-e055-000000000001,2ae19629-1758-13a3-e055-000000000001,Abbeyville,Limerick County
2ae19629-1759-13a3-e055-000000000001,2ae19629-1759-13a3-e055-000000000001,Abington,Limerick City
2ae19629-175a-13a3-e055-000000000001,2ae19629-175a-13a3-e055-000000000001,Adare North,Limerick County
2ae19629-175b-13a3-e055-000000000001,2ae19629-175b-13a3-e055-000000000001,Adare South,Limerick County
2ae19629-175c-13a3-e055-000000000001,2ae19629-175c-13a3-e055-000000000001,Anglesborough,Limerick County
2ae19629-175d-13a3-e055-000000000001,2ae19629-175d-13a3-e055-000000000001,Ardagh,Limerick County
2ae19629-175e-13a3-e055-000000000001,2ae19629-175e-13a3-e055-000000000001,Ardpatrick,Limerick County
2ae19629-175f-13a3-e055-000000000001,2ae19629-175f-13a3-e055-000000000001,Ballyagran,Limerick County
2ae19629-1760-13a3-e055-000000000001,2ae19629-1760-13a3-e055-000000000001,Ballyallinan,Limerick County
2ae19629-1761-13a3-e055-000000000001,2ae19629-1761-13a3-e055-000000000001,Bruff,Limerick County
2ae19629-1762-13a3-e055-000000000001,2ae19629-1762-13a3-e055-000000000001,Bruree,Limerick County
2ae19629-1763-13a3-e055-000000000001,2ae19629-1763-13a3-e055-000000000001,Bulgaden,Limerick County
2ae19629-1764-13a3-e055-000000000001,2ae19629-1764-13a3-e055-000000000001,Caher,Limerick County
2ae19629-1765-13a3-e055-000000000001,2ae19629-1765-13a3-e055-000000000001,Caherconlish East,Limerick City
2ae19629-1766-13a3-e055-000000000001,2ae19629-1766-13a3-e055-000000000001,Caherconlish West,Limerick City
2ae19629-1767-13a3-e055-000000000001,2ae19629-1767-13a3-e055-000000000001,Ballybricken,Limerick City
2ae19629-1768-13a3-e055-000000000001,2ae19629-1768-13a3-e055-000000000001,Ballycummin,Limerick City
2ae19629-1769-13a3-e055-000000000001,2ae19629-1769-13a3-e055-000000000001,Ballygrennan,Limerick County
2ae19629-176a-13a3-e055-000000000001,2ae19629-176a-13a3-e055-000000000001,Ballylanders,Limerick County
2ae19629-176b-13a3-e055-000000000001,2ae19629-176b-13a3-e055-000000000001,Ballymacshaneboy,Limerick County
2ae19629-176c-13a3-e055-000000000001,2ae19629-176c-13a3-e055-000000000001,Ballynabanoge,Limerick County
2ae19629-176d-13a3-e055-000000000001,2ae19629-176d-13a3-e055-000000000001,Ballynacarriga,Limerick County
2ae19629-176e-13a3-e055-000000000001,2ae19629-176e-13a3-e055-000000000001,Ballynoe,Limerick County
2ae19629-176f-13a3-e055-000000000001,2ae19629-176f-13a3-e055-000000000001,Ballynoe West,Limerick County
2ae19629-1770-13a3-e055-000000000001,2ae19629-1770-13a3-e055-000000000001,Ballysimon,Limerick City
2ae19629-1771-13a3-e055-000000000001,2ae19629-1771-13a3-e055-000000000001,Ballyvarra,Limerick City
2ae19629-1772-13a3-e055-000000000001,2ae19629-1772-13a3-e055-000000000001,Bilboa,Limerick County
2ae19629-1773-13a3-e055-000000000001,2ae19629-1773-13a3-e055-000000000001,Boola,Limerick County
2ae19629-1774-13a3-e055-000000000001,2ae19629-1774-13a3-e055-000000000001,Broadford,Limerick County
2ae19629-1775-13a3-e055-000000000001,2ae19629-1775-13a3-e055-000000000001,Crean,Limerick County
2ae19629-1776-13a3-e055-000000000001,2ae19629-1776-13a3-e055-000000000001,Crecora,Limerick County
2ae19629-1777-13a3-e055-000000000001,2ae19629-1777-13a3-e055-000000000001,Croagh,Limerick County
2ae19629-1778-13a3-e055-000000000001,2ae19629-1778-13a3-e055-000000000001,Croom,Limerick County
2ae19629-1779-13a3-e055-000000000001,2ae19629-1779-13a3-e055-000000000001,Cullane,Limerick County
2ae19629-177a-13a3-e055-000000000001,2ae19629-177a-13a3-e055-000000000001,Danganbeg,Limerick County
2ae19629-177b-13a3-e055-000000000001,2ae19629-177b-13a3-e055-000000000001,Darragh,Limerick County
2ae19629-177c-13a3-e055-000000000001,2ae19629-177c-13a3-e055-000000000001,Cahercorney,Limerick County
2ae19629-177d-13a3-e055-000000000001,2ae19629-177d-13a3-e055-000000000001,Caherelly,Limerick County
2ae19629-177e-13a3-e055-000000000001,2ae19629-177e-13a3-e055-000000000001,Cappamore,Limerick County
2ae19629-177f-13a3-e055-000000000001,2ae19629-177f-13a3-e055-000000000001,Carrig,Limerick County
2ae19629-1780-13a3-e055-000000000001,2ae19629-1780-13a3-e055-000000000001,Castleconnell,Limerick City
2ae19629-1781-13a3-e055-000000000001,2ae19629-1781-13a3-e055-000000000001,Castletown,Limerick County
2ae19629-1782-13a3-e055-000000000001,2ae19629-1782-13a3-e055-000000000001,Castletown,Limerick County
2ae19629-1783-13a3-e055-000000000001,2ae19629-1783-13a3-e055-000000000001,Clarina,Limerick County
2ae19629-1784-13a3-e055-000000000001,2ae19629-1784-13a3-e055-000000000001,Cleanglass,Limerick County
2ae19629-1785-13a3-e055-000000000001,2ae19629-1785-13a3-e055-000000000001,Cloncagh,Limerick County
2ae19629-1786-13a3-e055-000000000001,2ae19629-1786-13a3-e055-000000000001,Clonkeen,Limerick City
2ae19629-1787-13a3-e055-000000000001,2ae19629-1787-13a3-e055-000000000001,Colmanswell,Limerick County
2ae19629-1788-13a3-e055-000000000001,2ae19629-1788-13a3-e055-000000000001,Coolrus,Limerick County
2ae19629-1789-13a3-e055-000000000001,2ae19629-1789-13a3-e055-000000000001,Craggs,Limerick County
2ae19629-178a-13a3-e055-000000000001,2ae19629-178a-13a3-e055-000000000001,Doon South,Limerick County
2ae19629-178b-13a3-e055-000000000001,2ae19629-178b-13a3-e055-000000000001,Doon West,Limerick County
2ae19629-178c-13a3-e055-000000000001,2ae19629-178c-13a3-e055-000000000001,Garrane,Limerick County
2ae19629-178d-13a3-e055-000000000001,2ae19629-178d-13a3-e055-000000000001,Garryduff,Limerick County
2ae19629-178e-13a3-e055-000000000001,2ae19629-178e-13a3-e055-000000000001,Glenagower,Limerick County
2ae19629-178f-13a3-e055-000000000001,2ae19629-178f-13a3-e055-000000000001,Glenbrohane,Limerick County
2ae19629-1790-13a3-e055-000000000001,2ae19629-1790-13a3-e055-000000000001,Glengort,Limerick County
2ae19629-1791-13a3-e055-000000000001,2ae19629-1791-13a3-e055-000000000001,Glensharrold,Limerick County
2ae19629-1792-13a3-e055-000000000001,2ae19629-1792-13a3-e055-000000000001,Dromard,Limerick County
2ae19629-1793-13a3-e055-000000000001,2ae19629-1793-13a3-e055-000000000001,Dromcolliher,Limerick County
2ae19629-1794-13a3-e055-000000000001,2ae19629-1794-13a3-e055-000000000001,Dromin,Limerick County
2ae19629-1795-13a3-e055-000000000001,2ae19629-1795-13a3-e055-000000000001,Dromtrasna,Limerick County
2ae19629-1796-13a3-e055-000000000001,2ae19629-1796-13a3-e055-000000000001,Dunmoylan East,Limerick County
2ae19629-1798-13a3-e055-000000000001,2ae19629-1798-13a3-e055-000000000001,Dunnaman,Limerick County
2ae19629-1799-13a3-e055-000000000001,2ae19629-1799-13a3-e055-000000000001,Duntryleague,Limerick County
2ae19629-179a-13a3-e055-000000000001,2ae19629-179a-13a3-e055-000000000001,Emlygrennan,Limerick County
2ae19629-179b-13a3-e055-000000000001,2ae19629-179b-13a3-e055-000000000001,Fedamore,Limerick County
2ae19629-179c-13a3-e055-000000000001,2ae19629-179c-13a3-e055-000000000001,Feenagh,Limerick County
2ae19629-179d-13a3-e055-000000000001,2ae19629-179d-13a3-e055-000000000001,Fleanmore,Limerick County
2ae19629-179e-13a3-e055-000000000001,2ae19629-179e-13a3-e055-000000000001,Galbally,Limerick County
2ae19629-179f-13a3-e055-000000000001,2ae19629-179f-13a3-e055-000000000001,Kilfinnane,Limerick County
2ae19629-17a0-13a3-e055-000000000001,2ae19629-17a0-13a3-e055-000000000001,Kilfinny,Limerick County
2ae19629-17a1-13a3-e055-000000000001,2ae19629-17a1-13a3-e055-000000000001,Kilflyn,Limerick County
2ae19629-17a2-13a3-e055-000000000001,2ae19629-17a2-13a3-e055-000000000001,Kilglass,Limerick County
2ae19629-17a3-13a3-e055-000000000001,2ae19629-17a3-13a3-e055-000000000001,Kilmallock,Limerick County
2ae19629-17a4-13a3-e055-000000000001,2ae19629-17a4-13a3-e055-000000000001,Kilmeedy,Limerick County
2ae19629-17a5-13a3-e055-000000000001,2ae19629-17a5-13a3-e055-000000000001,Kilmoylan,Limerick County
2ae19629-17a6-13a3-e055-000000000001,2ae19629-17a6-13a3-e055-000000000001,Glenstal,Limerick City
2ae19629-17a7-13a3-e055-000000000001,2ae19629-17a7-13a3-e055-000000000001,Glin,Limerick County
2ae19629-17a8-13a3-e055-000000000001,2ae19629-17a8-13a3-e055-000000000001,Grange,Limerick County
2ae19629-17a9-13a3-e055-000000000001,2ae19629-17a9-13a3-e055-000000000001,Grean,Limerick County
2ae19629-17aa-13a3-e055-000000000001,2ae19629-17aa-13a3-e055-000000000001,Griston,Limerick County
2ae19629-17ab-13a3-e055-000000000001,2ae19629-17ab-13a3-e055-000000000001,Hospital,Limerick County
2ae19629-17ac-13a3-e055-000000000001,2ae19629-17ac-13a3-e055-000000000001,Iveruss,Limerick County
2ae19629-17ad-13a3-e055-000000000001,2ae19629-17ad-13a3-e055-000000000001,Kilbeheny,Limerick County
2ae19629-17ae-13a3-e055-000000000001,2ae19629-17ae-13a3-e055-000000000001,Kilcornan,Limerick County
2ae19629-17af-13a3-e055-000000000001,2ae19629-17af-13a3-e055-000000000001,Kildimo,Limerick County
2ae19629-17b0-13a3-e055-000000000001,2ae19629-17b0-13a3-e055-000000000001,Kilfergus,Limerick County
2ae19629-17b1-13a3-e055-000000000001,2ae19629-17b1-13a3-e055-000000000001,Kilmurry,Limerick County
2ae19629-17b2-13a3-e055-000000000001,2ae19629-17b2-13a3-e055-000000000001,Kilpeacon,Limerick County
2ae19629-17b3-13a3-e055-000000000001,2ae19629-17b3-13a3-e055-000000000001,Mountplummer,Limerick County
2ae19629-17b4-13a3-e055-000000000001,2ae19629-17b4-13a3-e055-000000000001,Nantinan,Limerick County
2ae19629-17b5-13a3-e055-000000000001,2ae19629-17b5-13a3-e055-000000000001,Newcastle Rural,Limerick County
2ae19629-17b6-13a3-e055-000000000001,2ae19629-17b6-13a3-e055-000000000001,Newcastle Urban,Limerick County
2ae19629-17b7-13a3-e055-000000000001,2ae19629-17b7-13a3-e055-000000000001,Oola,Limerick County
2ae19629-17b8-13a3-e055-000000000001,2ae19629-17b8-13a3-e055-000000000001,Pallaskenry,Limerick County
2ae19629-17b9-13a3-e055-000000000001,2ae19629-17b9-13a3-e055-000000000001,Particles,Limerick County
2ae19629-17ba-13a3-e055-000000000001,2ae19629-17ba-13a3-e055-000000000001,Kilscannell,Limerick County
2ae19629-17bb-13a3-e055-000000000001,2ae19629-17bb-13a3-e055-000000000001,Kilteely,Limerick County
2ae19629-17bc-13a3-e055-000000000001,2ae19629-17bc-13a3-e055-000000000001,Knockaderry,Limerick County
2ae19629-17bd-13a3-e055-000000000001,2ae19629-17bd-13a3-e055-000000000001,Knockainy,Limerick County
2ae19629-17be-13a3-e055-000000000001,2ae19629-17be-13a3-e055-000000000001,Knocklong,Limerick County
2ae19629-17bf-13a3-e055-000000000001,2ae19629-17bf-13a3-e055-000000000001,Knocknascrow,Limerick County
2ae19629-17c0-13a3-e055-000000000001,2ae19629-17c0-13a3-e055-000000000001,Limerick North Rural,Limerick City
2ae19629-17c1-13a3-e055-000000000001,2ae19629-17c1-13a3-e055-000000000001,Limerick South Rural,Limerick City
2ae19629-17c2-13a3-e055-000000000001,2ae19629-17c2-13a3-e055-000000000001,Lismakeery,Limerick County
2ae19629-17c3-13a3-e055-000000000001,2ae19629-17c3-13a3-e055-000000000001,Loghill,Limerick County
2ae19629-17c4-13a3-e055-000000000001,2ae19629-17c4-13a3-e055-000000000001,Mahoonagh,Limerick County
2ae19629-17c6-13a3-e055-000000000001,2ae19629-17c6-13a3-e055-000000000001,Monagay,Limerick County
2ae19629-17c7-13a3-e055-000000000001,2ae19629-17c7-13a3-e055-000000000001,Mountcollins,Limerick County
2ae19629-17c8-13a3-e055-000000000001,2ae19629-17c8-13a3-e055-000000000001,Templebredon,Limerick County
2ae19629-17c9-13a3-e055-000000000001,2ae19629-17c9-13a3-e055-000000000001,Templeglentan,Limerick County
2ae19629-17ca-13a3-e055-000000000001,2ae19629-17ca-13a3-e055-000000000001,Tobernea,Limerick County
2ae19629-17cb-13a3-e055-000000000001,2ae19629-17cb-13a3-e055-000000000001,Uregare,Limerick County
2ae19629-17cc-13a3-e055-000000000001,2ae19629-17cc-13a3-e055-000000000001,Abbey A,Limerick City
2ae19629-17cd-13a3-e055-000000000001,2ae19629-17cd-13a3-e055-000000000001,Abbey B,Limerick City
2ae19629-17ce-13a3-e055-000000000001,2ae19629-17ce-13a3-e055-000000000001,Abbey C,Limerick City
2ae19629-17cf-13a3-e055-000000000001,2ae19629-17cf-13a3-e055-000000000001,Abbey D,Limerick City
2ae19629-17d0-13a3-e055-000000000001,2ae19629-17d0-13a3-e055-000000000001,Patrickswell,Limerick County
2ae19629-17d1-13a3-e055-000000000001,2ae19629-17d1-13a3-e055-000000000001,Port,Limerick County
2ae19629-17d2-13a3-e055-000000000001,2ae19629-17d2-13a3-e055-000000000001,Rathkeale Rural,Limerick County
2ae19629-17d3-13a3-e055-000000000001,2ae19629-17d3-13a3-e055-000000000001,Rathkeale Urban,Limerick County
2ae19629-17d4-13a3-e055-000000000001,2ae19629-17d4-13a3-e055-000000000001,Rathmore,Limerick County
2ae19629-17d5-13a3-e055-000000000001,2ae19629-17d5-13a3-e055-000000000001,Rathronan,Limerick County
2ae19629-17d6-13a3-e055-000000000001,2ae19629-17d6-13a3-e055-000000000001,Riddlestown,Limerick County
2ae19629-17d7-13a3-e055-000000000001,2ae19629-17d7-13a3-e055-000000000001,Riversdale,Limerick County
2ae19629-17d8-13a3-e055-000000000001,2ae19629-17d8-13a3-e055-000000000001,Rockhill,Limerick County
2ae19629-17d9-13a3-e055-000000000001,2ae19629-17d9-13a3-e055-000000000001,Rooskagh,Limerick County
2ae19629-17da-13a3-e055-000000000001,2ae19629-17da-13a3-e055-000000000001,Roxborough,Limerick City
2ae19629-17db-13a3-e055-000000000001,2ae19629-17db-13a3-e055-000000000001,Shanagolden,Limerick County
2ae19629-17dc-13a3-e055-000000000001,2ae19629-17dc-13a3-e055-000000000001,Shanid,Limerick County
2ae19629-17dd-13a3-e055-000000000001,2ae19629-17dd-13a3-e055-000000000001,Ballinacurra A,Limerick City
2ae19629-17de-13a3-e055-000000000001,2ae19629-17de-13a3-e055-000000000001,Ballinacurra B,Limerick City
2ae19629-17df-13a3-e055-000000000001,2ae19629-17df-13a3-e055-000000000001,Ballynanty,Limerick City
2ae19629-17e0-13a3-e055-000000000001,2ae19629-17e0-13a3-e055-000000000001,Castle A,Limerick City
2ae19629-17e1-13a3-e055-000000000001,2ae19629-17e1-13a3-e055-000000000001,Castle B,Limerick City
2ae19629-17e2-13a3-e055-000000000001,2ae19629-17e2-13a3-e055-000000000001,Castle C,Limerick City
2ae19629-17e3-13a3-e055-000000000001,2ae19629-17e3-13a3-e055-000000000001,Castle D,Limerick City
2ae19629-17e4-13a3-e055-000000000001,2ae19629-17e4-13a3-e055-000000000001,Coolraine,Limerick City
2ae19629-17e5-13a3-e055-000000000001,2ae19629-17e5-13a3-e055-000000000001,Custom House,Limerick City
2ae19629-17e6-13a3-e055-000000000001,2ae19629-17e6-13a3-e055-000000000001,Dock A,Limerick City
2ae19629-17e7-13a3-e055-000000000001,2ae19629-17e7-13a3-e055-000000000001,Dock B,Limerick City
2ae19629-17e8-13a3-e055-000000000001,2ae19629-17e8-13a3-e055-000000000001,Dock C,Limerick City
2ae19629-17e9-13a3-e055-000000000001,2ae19629-17e9-13a3-e055-000000000001,Dock D,Limerick City
2ae19629-17ea-13a3-e055-000000000001,2ae19629-17ea-13a3-e055-000000000001,Farranshone,Limerick City
2ae19629-17eb-13a3-e055-000000000001,2ae19629-17eb-13a3-e055-000000000001,Galvone A,Limerick City
2ae19629-17ec-13a3-e055-000000000001,2ae19629-17ec-13a3-e055-000000000001,Galvone B,Limerick City
2ae19629-17ed-13a3-e055-000000000001,2ae19629-17ed-13a3-e055-000000000001,Glentworth A,Limerick City
2ae19629-17ee-13a3-e055-000000000001,2ae19629-17ee-13a3-e055-000000000001,Cashel East,Longford-Westmeath
2ae19629-17ef-13a3-e055-000000000001,2ae19629-17ef-13a3-e055-000000000001,Cashel West,Longford-Westmeath
2ae19629-17f0-13a3-e055-000000000001,2ae19629-17f0-13a3-e055-000000000001,Cloondara,Longford-Westmeath
2ae19629-17f1-13a3-e055-000000000001,2ae19629-17f1-13a3-e055-000000000001,Cloonee,Longford-Westmeath
2ae19629-17f2-13a3-e055-000000000001,2ae19629-17f2-13a3-e055-000000000001,Columbkille,Longford-Westmeath
2ae19629-17f3-13a3-e055-000000000001,2ae19629-17f3-13a3-e055-000000000001,Coolamber,Longford-Westmeath
2ae19629-17f4-13a3-e055-000000000001,2ae19629-17f4-13a3-e055-000000000001,Glentworth B,Limerick City
2ae19629-17f5-13a3-e055-000000000001,2ae19629-17f5-13a3-e055-000000000001,Glentworth C,Limerick City
2ae19629-17f6-13a3-e055-000000000001,2ae19629-17f6-13a3-e055-000000000001,John's A,Limerick City
2ae19629-17f7-13a3-e055-000000000001,2ae19629-17f7-13a3-e055-000000000001,John's B,Limerick City
2ae19629-17f8-13a3-e055-000000000001,2ae19629-17f8-13a3-e055-000000000001,John's C,Limerick City
2ae19629-17f9-13a3-e055-000000000001,2ae19629-17f9-13a3-e055-000000000001,Killeely A,Limerick City
2ae19629-17fa-13a3-e055-000000000001,2ae19629-17fa-13a3-e055-000000000001,Killeely B,Limerick City
2ae19629-17fb-13a3-e055-000000000001,2ae19629-17fb-13a3-e055-000000000001,Market,Limerick City
2ae19629-17fc-13a3-e055-000000000001,2ae19629-17fc-13a3-e055-000000000001,Prospect A,Limerick City
2ae19629-17fd-13a3-e055-000000000001,2ae19629-17fd-13a3-e055-000000000001,Prospect B,Limerick City
2ae19629-17fe-13a3-e055-000000000001,2ae19629-17fe-13a3-e055-000000000001,Rathbane,Limerick City
2ae19629-17ff-13a3-e055-000000000001,2ae19629-17ff-13a3-e055-000000000001,Shannon A,Limerick City
2ae19629-1800-13a3-e055-000000000001,2ae19629-1800-13a3-e055-000000000001,Shannon B,Limerick City
2ae19629-1801-13a3-e055-000000000001,2ae19629-1801-13a3-e055-000000000001,Singland A,Limerick City
2ae19629-1802-13a3-e055-000000000001,2ae19629-1802-13a3-e055-000000000001,Singland B,Limerick City
2ae19629-1803-13a3-e055-000000000001,2ae19629-1803-13a3-e055-000000000001,St. Laurence,Limerick City
2ae19629-1804-13a3-e055-000000000001,2ae19629-1804-13a3-e055-000000000001,Abbeylara,Longford-Westmeath
2ae19629-1805-13a3-e055-000000000001,2ae19629-1805-13a3-e055-000000000001,Aghaboy,Longford-Westmeath
2ae19629-1806-13a3-e055-000000000001,2ae19629-1806-13a3-e055-000000000001,Agharra,Longford-Westmeath
2ae19629-1807-13a3-e055-000000000001,2ae19629-1807-13a3-e055-000000000001,Ardagh East,Longford-Westmeath
2ae19629-1808-13a3-e055-000000000001,2ae19629-1808-13a3-e055-000000000001,Ardagh West,Longford-Westmeath
2ae19629-1809-13a3-e055-000000000001,2ae19629-1809-13a3-e055-000000000001,Ballinalee,Longford-Westmeath
2ae19629-180a-13a3-e055-000000000001,2ae19629-180a-13a3-e055-000000000001,Ballinamuck East,Longford-Westmeath
2ae19629-180b-13a3-e055-000000000001,2ae19629-180b-13a3-e055-000000000001,Ballinamuck West,Longford-Westmeath
2ae19629-180c-13a3-e055-000000000001,2ae19629-180c-13a3-e055-000000000001,Ballymahon,Longford-Westmeath
2ae19629-180d-13a3-e055-000000000001,2ae19629-180d-13a3-e055-000000000001,Ballymuigh,Longford-Westmeath
2ae19629-180e-13a3-e055-000000000001,2ae19629-180e-13a3-e055-000000000001,Breanrisk,Longford-Westmeath
2ae19629-180f-13a3-e055-000000000001,2ae19629-180f-13a3-e055-000000000001,Bunlahy,Longford-Westmeath
2ae19629-1810-13a3-e055-000000000001,2ae19629-1810-13a3-e055-000000000001,Caldragh,Longford-Westmeath
2ae19629-1811-13a3-e055-000000000001,2ae19629-1811-13a3-e055-000000000001,Kentstown,Meath East
2ae19629-1812-13a3-e055-000000000001,2ae19629-1812-13a3-e055-000000000001,Kilbrew,Meath East
2ae19629-1813-13a3-e055-000000000001,2ae19629-1813-13a3-e055-000000000001,Kilbride,Meath West
2ae19629-1814-13a3-e055-000000000001,2ae19629-1814-13a3-e055-000000000001,Ratoath,Meath East
2ae19629-1815-13a3-e055-000000000001,2ae19629-1815-13a3-e055-000000000001,Rodanstown,Meath East
2ae19629-1816-13a3-e055-000000000001,2ae19629-1816-13a3-e055-000000000001,Ridge,Carlow-Kilkenny
2ae19629-1817-13a3-e055-000000000001,2ae19629-1817-13a3-e055-000000000001,Shangarry,Carlow-Kilkenny
2ae19629-1818-13a3-e055-000000000001,2ae19629-1818-13a3-e055-000000000001,Sliguff,Carlow-Kilkenny
2ae19629-1819-13a3-e055-000000000001,2ae19629-1819-13a3-e055-000000000001,Ardagh,Meath East
2ae19629-181a-13a3-e055-000000000001,2ae19629-181a-13a3-e055-000000000001,Ardbraccan,Meath West
2ae19629-181b-13a3-e055-000000000001,2ae19629-181b-13a3-e055-000000000001,Skreen,Meath East
2ae19629-181c-13a3-e055-000000000001,2ae19629-181c-13a3-e055-000000000001,Slane,Meath East
2ae19629-181d-13a3-e055-000000000001,2ae19629-181d-13a3-e055-000000000001,Stonefield,Meath West
2ae19629-181e-13a3-e055-000000000001,2ae19629-181e-13a3-e055-000000000001,Summerhill,Meath West
2ae19629-181f-13a3-e055-000000000001,2ae19629-181f-13a3-e055-000000000001,Tara,Meath East
2ae19629-1820-13a3-e055-000000000001,2ae19629-1820-13a3-e055-000000000001,Tankardstown,Carlow-Kilkenny
2ae19629-1821-13a3-e055-000000000001,2ae19629-1821-13a3-e055-000000000001,Templepeter,Carlow-Kilkenny
2ae19629-1822-13a3-e055-000000000001,2ae19629-1822-13a3-e055-000000000001,Tiknock,Carlow-Kilkenny
2ae19629-1823-13a3-e055-000000000001,2ae19629-1823-13a3-e055-000000000001,Tinnahinch,Carlow-Kilkenny
2ae19629-1824-13a3-e055-000000000001,2ae19629-1824-13a3-e055-000000000001,Ardcath,Meath East
2ae19629-1825-13a3-e055-000000000001,2ae19629-1825-13a3-e055-000000000001,Ardmulchan,Meath East
2ae19629-1826-13a3-e055-000000000001,2ae19629-1826-13a3-e055-000000000001,St. Mary's,Louth
2ae19629-1827-13a3-e055-000000000001,2ae19629-1827-13a3-e055-000000000001,Stackallan,Meath East
2ae19629-1828-13a3-e055-000000000001,2ae19629-1828-13a3-e055-000000000001,Staholmog,Meath East
2ae19629-1829-13a3-e055-000000000001,2ae19629-1829-13a3-e055-000000000001,Stamullin,Meath East
2ae19629-182a-13a3-e055-000000000001,2ae19629-182a-13a3-e055-000000000001,Teltown,Meath West
2ae19629-182b-13a3-e055-000000000001,2ae19629-182b-13a3-e055-000000000001,Trim Rural,Meath West
2ae19629-182c-13a3-e055-000000000001,2ae19629-182c-13a3-e055-000000000001,Trim Urban,Meath West
2ae19629-182d-13a3-e055-000000000001,2ae19629-182d-13a3-e055-000000000001,Louisburgh,Mayo
2ae19629-182e-13a3-e055-000000000001,2ae19629-182e-13a3-e055-000000000001,Manulla,Mayo
2ae19629-182f-13a3-e055-000000000001,2ae19629-182f-13a3-e055-000000000001,Ardnamullan,Meath West
2ae19629-1830-13a3-e055-000000000001,2ae19629-1830-13a3-e055-000000000001,Athboy,Meath West
2ae19629-1831-13a3-e055-000000000001,2ae19629-1831-13a3-e055-000000000001,Ballinlough,Meath West
2ae19629-1832-13a3-e055-000000000001,2ae19629-1832-13a3-e055-000000000001,Kilcooly,Meath West
2ae19629-1833-13a3-e055-000000000001,2ae19629-1833-13a3-e055-000000000001,Kildalkey,Meath West
2ae19629-1834-13a3-e055-000000000001,2ae19629-1834-13a3-e055-000000000001,Killaconnigan,Meath West
2ae19629-1835-13a3-e055-000000000001,2ae19629-1835-13a3-e055-000000000001,Trohanny,Meath East
2ae19629-1836-13a3-e055-000000000001,2ae19629-1836-13a3-e055-000000000001,Agha,Carlow-Kilkenny
2ae19629-1837-13a3-e055-000000000001,2ae19629-1837-13a3-e055-000000000001,Ballinacarrig,Carlow-Kilkenny
2ae19629-1838-13a3-e055-000000000001,2ae19629-1838-13a3-e055-000000000001,Mayo,Mayo
2ae19629-1839-13a3-e055-000000000001,2ae19629-1839-13a3-e055-000000000001,Meelick,Mayo
2ae19629-183a-13a3-e055-000000000001,2ae19629-183a-13a3-e055-000000000001,Ballyboggan,Meath West
2ae19629-183b-13a3-e055-000000000001,2ae19629-183b-13a3-e055-000000000001,Ballyconnell,Meath West
2ae19629-183c-13a3-e055-000000000001,2ae19629-183c-13a3-e055-000000000001,Balrathboyne,Meath West
2ae19629-183d-13a3-e055-000000000001,2ae19629-183d-13a3-e055-000000000001,Bective,Meath West
2ae19629-183e-13a3-e055-000000000001,2ae19629-183e-13a3-e055-000000000001,Killallon,Meath West
2ae19629-183f-13a3-e055-000000000001,2ae19629-183f-13a3-e055-000000000001,Killary,Meath East
2ae19629-1840-13a3-e055-000000000001,2ae19629-1840-13a3-e055-000000000001,Ballintemple,Carlow-Kilkenny
2ae19629-1841-13a3-e055-000000000001,2ae19629-1841-13a3-e055-000000000001,Ballon,Carlow-Kilkenny
2ae19629-1842-13a3-e055-000000000001,2ae19629-1842-13a3-e055-000000000001,Ballyellin,Carlow-Kilkenny
2ae19629-1843-13a3-e055-000000000001,2ae19629-1843-13a3-e055-000000000001,Ballymoon,Carlow-Kilkenny
2ae19629-1844-13a3-e055-000000000001,2ae19629-1844-13a3-e055-000000000001,Mount Falcon,Mayo
2ae19629-1845-13a3-e055-000000000001,2ae19629-1845-13a3-e055-000000000001,Muingnabo,Mayo
2ae19629-1846-13a3-e055-000000000001,2ae19629-1846-13a3-e055-000000000001,Muings,Mayo
2ae19629-1847-13a3-e055-000000000001,2ae19629-1847-13a3-e055-000000000001,Boherboy,Meath West
2ae19629-1848-13a3-e055-000000000001,2ae19629-1848-13a3-e055-000000000001,Burry,Meath West
2ae19629-1849-13a3-e055-000000000001,2ae19629-1849-13a3-e055-000000000001,Carrickleck,Meath East
2ae19629-184a-13a3-e055-000000000001,2ae19629-184a-13a3-e055-000000000001,Castlejordan,Meath West
2ae19629-184b-13a3-e055-000000000001,2ae19629-184b-13a3-e055-000000000001,Killeagh,Meath West
2ae19629-184c-13a3-e055-000000000001,2ae19629-184c-13a3-e055-000000000001,Killeen,Meath East
2ae19629-184d-13a3-e055-000000000001,2ae19629-184d-13a3-e055-000000000001,Ballymurphy,Carlow-Kilkenny
2ae19629-184e-13a3-e055-000000000001,2ae19629-184e-13a3-e055-000000000001,Borris,Carlow-Kilkenny
2ae19629-184f-13a3-e055-000000000001,2ae19629-184f-13a3-e055-000000000001,Burton Hall,Carlow-Kilkenny
2ae19629-1850-13a3-e055-000000000001,2ae19629-1850-13a3-e055-000000000001,Murneen,Mayo
2ae19629-1851-13a3-e055-000000000001,2ae19629-1851-13a3-e055-000000000001,Neale,Mayo
2ae19629-1852-13a3-e055-000000000001,2ae19629-1852-13a3-e055-000000000001,Castlekeeran,Meath West
2ae19629-1853-13a3-e055-000000000001,2ae19629-1853-13a3-e055-000000000001,Castlerickard,Meath West
2ae19629-1854-13a3-e055-000000000001,2ae19629-1854-13a3-e055-000000000001,Castletown,Meath East
2ae19629-1855-13a3-e055-000000000001,2ae19629-1855-13a3-e055-000000000001,Killyon,Meath West
2ae19629-1856-13a3-e055-000000000001,2ae19629-1856-13a3-e055-000000000001,Kilmainham,Meath East
2ae19629-1857-13a3-e055-000000000001,2ae19629-1857-13a3-e055-000000000001,Carlow Rural,Carlow-Kilkenny
2ae19629-1858-13a3-e055-000000000001,2ae19629-1858-13a3-e055-000000000001,Carlow Urban,Carlow-Kilkenny
2ae19629-1859-13a3-e055-000000000001,2ae19629-1859-13a3-e055-000000000001,Clogrenan,Carlow-Kilkenny
2ae19629-185a-13a3-e055-000000000001,2ae19629-185a-13a3-e055-000000000001,Clonegall,Carlow-Kilkenny
2ae19629-185b-13a3-e055-000000000001,2ae19629-185b-13a3-e055-000000000001,Newbrook,Mayo
2ae19629-185c-13a3-e055-000000000001,2ae19629-185c-13a3-e055-000000000001,Newport East,Mayo
2ae19629-185d-13a3-e055-000000000001,2ae19629-185d-13a3-e055-000000000001,Newport West,Mayo
2ae19629-185e-13a3-e055-000000000001,2ae19629-185e-13a3-e055-000000000001,Owenbrin,Mayo
2ae19629-185f-13a3-e055-000000000001,2ae19629-185f-13a3-e055-000000000001,Cloghbrack,Meath West
2ae19629-1860-13a3-e055-000000000001,2ae19629-1860-13a3-e055-000000000001,Clonmacduff,Meath West
2ae19629-1861-13a3-e055-000000000001,2ae19629-1861-13a3-e055-000000000001,Crossakeel,Meath West
2ae19629-1862-13a3-e055-000000000001,2ae19629-1862-13a3-e055-000000000001,Kilmessan,Meath West
2ae19629-1863-13a3-e055-000000000001,2ae19629-1863-13a3-e055-000000000001,Kilmore,Meath East
2ae19629-1864-13a3-e055-000000000001,2ae19629-1864-13a3-e055-000000000001,Clonmore,Carlow-Kilkenny
2ae19629-1865-13a3-e055-000000000001,2ae19629-1865-13a3-e055-000000000001,Coonogue,Carlow-Kilkenny
2ae19629-1866-13a3-e055-000000000001,2ae19629-1866-13a3-e055-000000000001,Corries,Carlow-Kilkenny
2ae19629-1868-13a3-e055-000000000001,2ae19629-1868-13a3-e055-000000000001,Pontoon,Mayo
2ae19629-1869-13a3-e055-000000000001,2ae19629-1869-13a3-e055-000000000001,Portroyal,Mayo
2ae19629-186a-13a3-e055-000000000001,2ae19629-186a-13a3-e055-000000000001,Rathhill,Mayo
2ae19629-186b-13a3-e055-000000000001,2ae19629-186b-13a3-e055-000000000001,Crosskeys,Meath West
2ae19629-186c-13a3-e055-000000000001,2ae19629-186c-13a3-e055-000000000001,Cruicetown,Meath East
2ae19629-186d-13a3-e055-000000000001,2ae19629-186d-13a3-e055-000000000001,Culmullin,Meath East
2ae19629-186e-13a3-e055-000000000001,2ae19629-186e-13a3-e055-000000000001,Donaghmore,Meath East
2ae19629-186f-13a3-e055-000000000001,2ae19629-186f-13a3-e055-000000000001,Kilskeer,Meath West
2ae19629-1870-13a3-e055-000000000001,2ae19629-1870-13a3-e055-000000000001,Knocklough,Meath West
2ae19629-1871-13a3-e055-000000000001,2ae19629-1871-13a3-e055-000000000001,Laracor,Meath West
2ae19629-1872-13a3-e055-000000000001,2ae19629-1872-13a3-e055-000000000001,Cranemore,Carlow-Kilkenny
2ae19629-1873-13a3-e055-000000000001,2ae19629-1873-13a3-e055-000000000001,Fennagh,Carlow-Kilkenny
2ae19629-1874-13a3-e055-000000000001,2ae19629-1874-13a3-e055-000000000001,Garryhill,Carlow-Kilkenny
2ae19629-1875-13a3-e055-000000000001,2ae19629-1875-13a3-e055-000000000001,Rathoma,Mayo
2ae19629-1876-13a3-e055-000000000001,2ae19629-1876-13a3-e055-000000000001,Roslee,Mayo
2ae19629-1877-13a3-e055-000000000001,2ae19629-1877-13a3-e055-000000000001,Sallymount,Mayo
2ae19629-1878-13a3-e055-000000000001,2ae19629-1878-13a3-e055-000000000001,Donaghpatrick,Meath East
2ae19629-1879-13a3-e055-000000000001,2ae19629-1879-13a3-e055-000000000001,Drumcondra,Meath East
2ae19629-187a-13a3-e055-000000000001,2ae19629-187a-13a3-e055-000000000001,Loughan,Meath West
2ae19629-187b-13a3-e055-000000000001,2ae19629-187b-13a3-e055-000000000001,Maperath,Meath East
2ae19629-187c-13a3-e055-000000000001,2ae19629-187c-13a3-e055-000000000001,Martry,Meath West
2ae19629-187d-13a3-e055-000000000001,2ae19629-187d-13a3-e055-000000000001,Glynn,Carlow-Kilkenny
2ae19629-187e-13a3-e055-000000000001,2ae19629-187e-13a3-e055-000000000001,Grangeford,Carlow-Kilkenny
2ae19629-187f-13a3-e055-000000000001,2ae19629-187f-13a3-e055-000000000001,Hacketstown,Carlow-Kilkenny
2ae19629-1881-13a3-e055-000000000001,2ae19629-1881-13a3-e055-000000000001,Shrule,Mayo
2ae19629-1882-13a3-e055-000000000001,2ae19629-1882-13a3-e055-000000000001,Duleek,Meath East
2ae19629-1883-13a3-e055-000000000001,2ae19629-1883-13a3-e055-000000000001,Dunboyne,Meath East
2ae19629-1884-13a3-e055-000000000001,2ae19629-1884-13a3-e055-000000000001,Mellifont,Meath East
2ae19629-1885-13a3-e055-000000000001,2ae19629-1885-13a3-e055-000000000001,Moybolgue,Meath East
2ae19629-1886-13a3-e055-000000000001,2ae19629-1886-13a3-e055-000000000001,Moylagh,Meath West
2ae19629-1887-13a3-e055-000000000001,2ae19629-1887-13a3-e055-000000000001,Haroldstown,Carlow-Kilkenny
2ae19629-1888-13a3-e055-000000000001,2ae19629-1888-13a3-e055-000000000001,Johnstown,Carlow-Kilkenny
2ae19629-1889-13a3-e055-000000000001,2ae19629-1889-13a3-e055-000000000001,Kellistown,Carlow-Kilkenny
2ae19629-188a-13a3-e055-000000000001,2ae19629-188a-13a3-e055-000000000001,Kilbride,Carlow-Kilkenny
2ae19629-188b-13a3-e055-000000000001,2ae19629-188b-13a3-e055-000000000001,Slievemahanagh,Mayo
2ae19629-188c-13a3-e055-000000000001,2ae19629-188c-13a3-e055-000000000001,Slievemore,Mayo
2ae19629-188d-13a3-e055-000000000001,2ae19629-188d-13a3-e055-000000000001,Sonnagh,Mayo
2ae19629-188e-13a3-e055-000000000001,2ae19629-188e-13a3-e055-000000000001,Sraheen,Mayo
2ae19629-188f-13a3-e055-000000000001,2ae19629-188f-13a3-e055-000000000001,Dunshaughlin,Meath East
2ae19629-1890-13a3-e055-000000000001,2ae19629-1890-13a3-e055-000000000001,Gallow,Meath West
2ae19629-1891-13a3-e055-000000000001,2ae19629-1891-13a3-e055-000000000001,Moynalty,Meath East
2ae19629-1892-13a3-e055-000000000001,2ae19629-1892-13a3-e055-000000000001,Navan Rural,Meath West
2ae19629-1893-13a3-e055-000000000001,2ae19629-1893-13a3-e055-000000000001,Navan Urban,Meath West
2ae19629-1894-13a3-e055-000000000001,2ae19629-1894-13a3-e055-000000000001,Newcastle,Meath East
2ae19629-1895-13a3-e055-000000000001,2ae19629-1895-13a3-e055-000000000001,Killedmond,Carlow-Kilkenny
2ae19629-1896-13a3-e055-000000000001,2ae19629-1896-13a3-e055-000000000001,Killerrig,Carlow-Kilkenny
2ae19629-1897-13a3-e055-000000000001,2ae19629-1897-13a3-e055-000000000001,Kineagh,Carlow-Kilkenny
2ae19629-1898-13a3-e055-000000000001,2ae19629-1898-13a3-e055-000000000001,Srahmore,Mayo
2ae19629-1899-13a3-e055-000000000001,2ae19629-1899-13a3-e055-000000000001,Strade,Mayo
2ae19629-189a-13a3-e055-000000000001,2ae19629-189a-13a3-e055-000000000001,Swineford,Mayo
2ae19629-189b-13a3-e055-000000000001,2ae19629-189b-13a3-e055-000000000001,Tagheen,Mayo
2ae19629-189c-13a3-e055-000000000001,2ae19629-189c-13a3-e055-000000000001,Galtrim,Meath West
2ae19629-189d-13a3-e055-000000000001,2ae19629-189d-13a3-e055-000000000001,Girley,Meath West
2ae19629-189e-13a3-e055-000000000001,2ae19629-189e-13a3-e055-000000000001,Newtown,Meath East
2ae19629-189f-13a3-e055-000000000001,2ae19629-189f-13a3-e055-000000000001,Nobber,Meath East
2ae19629-18a0-13a3-e055-000000000001,2ae19629-18a0-13a3-e055-000000000001,Kyle,Carlow-Kilkenny
2ae19629-18a1-13a3-e055-000000000001,2ae19629-18a1-13a3-e055-000000000001,Leighlinbridge,Carlow-Kilkenny
2ae19629-18a2-13a3-e055-000000000001,2ae19629-18a2-13a3-e055-000000000001,Marley,Carlow-Kilkenny
2ae19629-18a3-13a3-e055-000000000001,2ae19629-18a3-13a3-e055-000000000001,Tawnynagry,Mayo
2ae19629-18a4-13a3-e055-000000000001,2ae19629-18a4-13a3-e055-000000000001,Toocananagh,Mayo
2ae19629-18a5-13a3-e055-000000000001,2ae19629-18a5-13a3-e055-000000000001,Toomore,Mayo
2ae19629-18a6-13a3-e055-000000000001,2ae19629-18a6-13a3-e055-000000000001,Grangegeeth,Meath East
2ae19629-18a7-13a3-e055-000000000001,2ae19629-18a7-13a3-e055-000000000001,Grennanstown,Meath West
2ae19629-18a8-13a3-e055-000000000001,2ae19629-18a8-13a3-e055-000000000001,Oldcastle,Meath West
2ae19629-18a9-13a3-e055-000000000001,2ae19629-18a9-13a3-e055-000000000001,Painestown,Meath East
2ae19629-18aa-13a3-e055-000000000001,2ae19629-18aa-13a3-e055-000000000001,Posseckstown,Meath East
2ae19629-18ab-13a3-e055-000000000001,2ae19629-18ab-13a3-e055-000000000001,Muinebeag Rural,Carlow-Kilkenny
2ae19629-18ac-13a3-e055-000000000001,2ae19629-18ac-13a3-e055-000000000001,Muinebeag Urban,Carlow-Kilkenny
2ae19629-18ad-13a3-e055-000000000001,2ae19629-18ad-13a3-e055-000000000001,Myshall,Carlow-Kilkenny
2ae19629-18ae-13a3-e055-000000000001,2ae19629-18ae-13a3-e055-000000000001,Nurney,Carlow-Kilkenny
2ae19629-18af-13a3-e055-000000000001,2ae19629-18af-13a3-e055-000000000001,Tumgesh,Mayo
2ae19629-18b0-13a3-e055-000000000001,2ae19629-18b0-13a3-e055-000000000001,Turlough,Mayo
2ae19629-18b1-13a3-e055-000000000001,2ae19629-18b1-13a3-e055-000000000001,Urlaur,Mayo
2ae19629-18b2-13a3-e055-000000000001,2ae19629-18b2-13a3-e055-000000000001,Hill Of Down,Meath West
2ae19629-18b3-13a3-e055-000000000001,2ae19629-18b3-13a3-e055-000000000001,Innfield,Meath West
2ae19629-18b4-13a3-e055-000000000001,2ae19629-18b4-13a3-e055-000000000001,Rahinstown,Meath West
2ae19629-18b5-13a3-e055-000000000001,2ae19629-18b5-13a3-e055-000000000001,Rathfeigh,Meath East
2ae19629-18b6-13a3-e055-000000000001,2ae19629-18b6-13a3-e055-000000000001,Rathkenny,Meath East
2ae19629-18b7-13a3-e055-000000000001,2ae19629-18b7-13a3-e055-000000000001,Oldleighlin,Carlow-Kilkenny
2ae19629-18b8-13a3-e055-000000000001,2ae19629-18b8-13a3-e055-000000000001,Rahill,Carlow-Kilkenny
2ae19629-18b9-13a3-e055-000000000001,2ae19629-18b9-13a3-e055-000000000001,Rathanna,Carlow-Kilkenny
2ae19629-18ba-13a3-e055-000000000001,2ae19629-18ba-13a3-e055-000000000001,Westport Rural,Mayo
2ae19629-18bb-13a3-e055-000000000001,2ae19629-18bb-13a3-e055-000000000001,Westport Urban,Mayo
2ae19629-18bc-13a3-e055-000000000001,2ae19629-18bc-13a3-e055-000000000001,Ardnaree South Urban,Mayo
2ae19629-18bd-13a3-e055-000000000001,2ae19629-18bd-13a3-e055-000000000001,Julianstown,Meath East
2ae19629-18be-13a3-e055-000000000001,2ae19629-18be-13a3-e055-000000000001,Ceanannas Mór Rural,Meath East
2ae19629-18bf-13a3-e055-000000000001,2ae19629-18bf-13a3-e055-000000000001,Ceanannas Mór Urban,Meath East
2ae19629-18c0-13a3-e055-000000000001,2ae19629-18c0-13a3-e055-000000000001,Rathmore,Meath West
2ae19629-18c1-13a3-e055-000000000001,2ae19629-18c1-13a3-e055-000000000001,Rathmolyon,Meath West
2ae19629-18c2-13a3-e055-000000000001,2ae19629-18c2-13a3-e055-000000000001,Rathornan,Carlow-Kilkenny
2ae19629-18c3-13a3-e055-000000000001,2ae19629-18c3-13a3-e055-000000000001,Rathrush,Carlow-Kilkenny
2ae19629-18c4-13a3-e055-000000000001,2ae19629-18c4-13a3-e055-000000000001,Rathvilly,Carlow-Kilkenny
2ae19629-18c5-13a3-e055-000000000001,2ae19629-18c5-13a3-e055-000000000001,Lackan North,Mayo
2ae19629-18c6-13a3-e055-000000000001,2ae19629-18c6-13a3-e055-000000000001,Lackan South,Mayo
2ae19629-18c7-13a3-e055-000000000001,2ae19629-18c7-13a3-e055-000000000001,Darver,Louth
2ae19629-18c8-13a3-e055-000000000001,2ae19629-18c8-13a3-e055-000000000001,Fair Gate,Louth
2ae19629-18c9-13a3-e055-000000000001,2ae19629-18c9-13a3-e055-000000000001,Dromin,Louth
2ae19629-18ca-13a3-e055-000000000001,2ae19629-18ca-13a3-e055-000000000001,Ballindine,Mayo
2ae19629-18cb-13a3-e055-000000000001,2ae19629-18cb-13a3-e055-000000000001,Ballinrobe,Mayo
2ae19629-18cc-13a3-e055-000000000001,2ae19629-18cc-13a3-e055-000000000001,Ballycastle,Mayo
2ae19629-18cd-13a3-e055-000000000001,2ae19629-18cd-13a3-e055-000000000001,Ballycroy North,Mayo
2ae19629-18ce-13a3-e055-000000000001,2ae19629-18ce-13a3-e055-000000000001,Ballycroy South,Mayo
2ae19629-18cf-13a3-e055-000000000001,2ae19629-18cf-13a3-e055-000000000001,Culnacleha,Mayo
2ae19629-18d0-13a3-e055-000000000001,2ae19629-18d0-13a3-e055-000000000001,Dalgan,Mayo
2ae19629-18d1-13a3-e055-000000000001,2ae19629-18d1-13a3-e055-000000000001,Deel,Mayo
2ae19629-18d2-13a3-e055-000000000001,2ae19629-18d2-13a3-e055-000000000001,Derry,Mayo
2ae19629-18d3-13a3-e055-000000000001,2ae19629-18d3-13a3-e055-000000000001,Derryloughan,Mayo
2ae19629-18d4-13a3-e055-000000000001,2ae19629-18d4-13a3-e055-000000000001,Letterbrick,Mayo
2ae19629-18d5-13a3-e055-000000000001,2ae19629-18d5-13a3-e055-000000000001,Loughanboy,Mayo
2ae19629-18d6-13a3-e055-000000000001,2ae19629-18d6-13a3-e055-000000000001,Dromiskin,Louth
2ae19629-18d7-13a3-e055-000000000001,2ae19629-18d7-13a3-e055-000000000001,Drumcar,Louth
2ae19629-18d8-13a3-e055-000000000001,2ae19629-18d8-13a3-e055-000000000001,Ballyhaunis,Mayo
2ae19629-18d9-13a3-e055-000000000001,2ae19629-18d9-13a3-e055-000000000001,Ballyhean,Mayo
2ae19629-18da-13a3-e055-000000000001,2ae19629-18da-13a3-e055-000000000001,Doocastle,Mayo
2ae19629-18db-13a3-e055-000000000001,2ae19629-18db-13a3-e055-000000000001,Dooega,Mayo
2ae19629-18dc-13a3-e055-000000000001,2ae19629-18dc-13a3-e055-000000000001,Drummin,Mayo
2ae19629-18dd-13a3-e055-000000000001,2ae19629-18dd-13a3-e055-000000000001,Corboy,Longford-Westmeath
2ae19629-18de-13a3-e055-000000000001,2ae19629-18de-13a3-e055-000000000001,Creevy,Longford-Westmeath
2ae19629-18df-13a3-e055-000000000001,2ae19629-18df-13a3-e055-000000000001,Crosagstown,Longford-Westmeath
2ae19629-18e0-13a3-e055-000000000001,2ae19629-18e0-13a3-e055-000000000001,Currygrane,Longford-Westmeath
2ae19629-18e1-13a3-e055-000000000001,2ae19629-18e1-13a3-e055-000000000001,Drummullagh,Louth
2ae19629-18e3-13a3-e055-000000000001,2ae19629-18e3-13a3-e055-000000000001,Dundalk No. 3 Urban,Louth
2ae19629-18e4-13a3-e055-000000000001,2ae19629-18e4-13a3-e055-000000000001,Dunleer,Louth
2ae19629-18e5-13a3-e055-000000000001,2ae19629-18e5-13a3-e055-000000000001,Ballyhowly,Mayo
2ae19629-18e6-13a3-e055-000000000001,2ae19629-18e6-13a3-e055-000000000001,Ballynagoraher,Mayo
2ae19629-18e7-13a3-e055-000000000001,2ae19629-18e7-13a3-e055-000000000001,Emlagh,Mayo
2ae19629-18e8-13a3-e055-000000000001,2ae19629-18e8-13a3-e055-000000000001,Erriff,Mayo
2ae19629-18e9-13a3-e055-000000000001,2ae19629-18e9-13a3-e055-000000000001,Fortland,Mayo
2ae19629-18ea-13a3-e055-000000000001,2ae19629-18ea-13a3-e055-000000000001,Dalystown,Longford-Westmeath
2ae19629-18eb-13a3-e055-000000000001,2ae19629-18eb-13a3-e055-000000000001,Doory,Longford-Westmeath
2ae19629-18ec-13a3-e055-000000000001,2ae19629-18ec-13a3-e055-000000000001,Drumgort,Longford-Westmeath
2ae19629-18ed-13a3-e055-000000000001,2ae19629-18ed-13a3-e055-000000000001,Dysart,Louth
2ae19629-18ee-13a3-e055-000000000001,2ae19629-18ee-13a3-e055-000000000001,Faughart,Louth
2ae19629-18ef-13a3-e055-000000000001,2ae19629-18ef-13a3-e055-000000000001,Greenore,Louth
2ae19629-18f0-13a3-e055-000000000001,2ae19629-18f0-13a3-e055-000000000001,Ballyovey,Mayo
2ae19629-18f1-13a3-e055-000000000001,2ae19629-18f1-13a3-e055-000000000001,Ballysakeery,Mayo
2ae19629-18f2-13a3-e055-000000000001,2ae19629-18f2-13a3-e055-000000000001,Garrymore,Mayo
2ae19629-18f3-13a3-e055-000000000001,2ae19629-18f3-13a3-e055-000000000001,Glenamoy,Mayo
2ae19629-18f4-13a3-e055-000000000001,2ae19629-18f4-13a3-e055-000000000001,Glencastle,Mayo
2ae19629-18f5-13a3-e055-000000000001,2ae19629-18f5-13a3-e055-000000000001,Drumlish,Longford-Westmeath
2ae19629-18f6-13a3-e055-000000000001,2ae19629-18f6-13a3-e055-000000000001,Drummeel,Longford-Westmeath
2ae19629-18f7-13a3-e055-000000000001,2ae19629-18f7-13a3-e055-000000000001,Meathas Truim,Longford-Westmeath
2ae19629-18f9-13a3-e055-000000000001,2ae19629-18f9-13a3-e055-000000000001,Haggardstown,Louth
2ae19629-18fa-13a3-e055-000000000001,2ae19629-18fa-13a3-e055-000000000001,Jenkinstown,Louth
2ae19629-18fb-13a3-e055-000000000001,2ae19629-18fb-13a3-e055-000000000001,Bangor,Mayo
2ae19629-18fc-13a3-e055-000000000001,2ae19629-18fc-13a3-e055-000000000001,Barroosky,Mayo
2ae19629-18fe-13a3-e055-000000000001,2ae19629-18fe-13a3-e055-000000000001,Glenhest,Mayo
2ae19629-18ff-13a3-e055-000000000001,2ae19629-18ff-13a3-e055-000000000001,Goolamore,Mayo
2ae19629-1900-13a3-e055-000000000001,2ae19629-1900-13a3-e055-000000000001,Forgney,Longford-Westmeath
2ae19629-1901-13a3-e055-000000000001,2ae19629-1901-13a3-e055-000000000001,Foxhall,Longford-Westmeath
2ae19629-1902-13a3-e055-000000000001,2ae19629-1902-13a3-e055-000000000001,Gelshagh,Longford-Westmeath
2ae19629-1903-13a3-e055-000000000001,2ae19629-1903-13a3-e055-000000000001,Granard Rural,Longford-Westmeath
2ae19629-1904-13a3-e055-000000000001,2ae19629-1904-13a3-e055-000000000001,Granard Urban,Longford-Westmeath
2ae19629-1905-13a3-e055-000000000001,2ae19629-1905-13a3-e055-000000000001,Killanny,Louth
2ae19629-1906-13a3-e055-000000000001,2ae19629-1906-13a3-e055-000000000001,Louth,Louth
2ae19629-1907-13a3-e055-000000000001,2ae19629-1907-13a3-e055-000000000001,Mansfieldstown,Louth
2ae19629-1908-13a3-e055-000000000001,2ae19629-1908-13a3-e055-000000000001,Bekan,Mayo
2ae19629-1909-13a3-e055-000000000001,2ae19629-1909-13a3-e055-000000000001,Beldergmore,Mayo
2ae19629-190a-13a3-e055-000000000001,2ae19629-190a-13a3-e055-000000000001,Bellavary,Mayo
2ae19629-190b-13a3-e055-000000000001,2ae19629-190b-13a3-e055-000000000001,Belmullet,Mayo
2ae19629-190c-13a3-e055-000000000001,2ae19629-190c-13a3-e055-000000000001,Bohola,Mayo
2ae19629-190d-13a3-e055-000000000001,2ae19629-190d-13a3-e055-000000000001,Hollymount,Mayo
2ae19629-190e-13a3-e055-000000000001,2ae19629-190e-13a3-e055-000000000001,Houndswood,Mayo
2ae19629-190f-13a3-e055-000000000001,2ae19629-190f-13a3-e055-000000000001,Kilcommock,Longford-Westmeath
2ae19629-1910-13a3-e055-000000000001,2ae19629-1910-13a3-e055-000000000001,Kilglass,Longford-Westmeath
2ae19629-1911-13a3-e055-000000000001,2ae19629-1911-13a3-e055-000000000001,Killashee,Longford-Westmeath
2ae19629-1912-13a3-e055-000000000001,2ae19629-1912-13a3-e055-000000000001,Monasterboice,Louth
2ae19629-1913-13a3-e055-000000000001,2ae19629-1913-13a3-e055-000000000001,Mullary,Louth
2ae19629-1914-13a3-e055-000000000001,2ae19629-1914-13a3-e055-000000000001,Brackloon,Mayo
2ae19629-1915-13a3-e055-000000000001,2ae19629-1915-13a3-e055-000000000001,Breaghwy,Mayo
2ae19629-1916-13a3-e055-000000000001,2ae19629-1916-13a3-e055-000000000001,Islandeady,Mayo
2ae19629-1917-13a3-e055-000000000001,2ae19629-1917-13a3-e055-000000000001,Kilbeagh,Mayo
2ae19629-1918-13a3-e055-000000000001,2ae19629-1918-13a3-e055-000000000001,Killoe,Longford-Westmeath
2ae19629-1919-13a3-e055-000000000001,2ae19629-1919-13a3-e055-000000000001,Knockanbaun,Longford-Westmeath
2ae19629-191a-13a3-e055-000000000001,2ae19629-191a-13a3-e055-000000000001,Ledwithstown,Longford-Westmeath
2ae19629-191b-13a3-e055-000000000001,2ae19629-191b-13a3-e055-000000000001,Lislea,Longford-Westmeath
2ae19629-191c-13a3-e055-000000000001,2ae19629-191c-13a3-e055-000000000001,Rathcor,Louth
2ae19629-191d-13a3-e055-000000000001,2ae19629-191d-13a3-e055-000000000001,Ravensdale,Louth
2ae19629-191e-13a3-e055-000000000001,2ae19629-191e-13a3-e055-000000000001,West Gate,Louth
2ae19629-1921-13a3-e055-000000000001,2ae19629-1921-13a3-e055-000000000001,Kilcolman,Mayo
2ae19629-1922-13a3-e055-000000000001,2ae19629-1922-13a3-e055-000000000001,Kilcommon,Mayo
2ae19629-1923-13a3-e055-000000000001,2ae19629-1923-13a3-e055-000000000001,Kilfian East,Mayo
2ae19629-1924-13a3-e055-000000000001,2ae19629-1924-13a3-e055-000000000001,Kilfian South,Mayo
2ae19629-1925-13a3-e055-000000000001,2ae19629-1925-13a3-e055-000000000001,Longford No. 1 Urban,Longford-Westmeath
2ae19629-1926-13a3-e055-000000000001,2ae19629-1926-13a3-e055-000000000001,Longford No. 2 Urban,Longford-Westmeath
2ae19629-1927-13a3-e055-000000000001,2ae19629-1927-13a3-e055-000000000001,Longford Rural,Longford-Westmeath
2ae19629-1928-13a3-e055-000000000001,2ae19629-1928-13a3-e055-000000000001,Milltown,Longford-Westmeath
2ae19629-1929-13a3-e055-000000000001,2ae19629-1929-13a3-e055-000000000001,Moatfarrell,Longford-Westmeath
2ae19629-192a-13a3-e055-000000000001,2ae19629-192a-13a3-e055-000000000001,St. Peter's,Louth
2ae19629-192b-13a3-e055-000000000001,2ae19629-192b-13a3-e055-000000000001,Stabannan,Louth
2ae19629-192c-13a3-e055-000000000001,2ae19629-192c-13a3-e055-000000000001,Tallanstown,Louth
2ae19629-192d-13a3-e055-000000000001,2ae19629-192d-13a3-e055-000000000001,Burren,Mayo
2ae19629-192e-13a3-e055-000000000001,2ae19629-192e-13a3-e055-000000000001,Burriscarra,Mayo
2ae19629-192f-13a3-e055-000000000001,2ae19629-192f-13a3-e055-000000000001,Kilfian West,Mayo
2ae19629-1930-13a3-e055-000000000001,2ae19629-1930-13a3-e055-000000000001,Kilgarvan,Mayo
2ae19629-1931-13a3-e055-000000000001,2ae19629-1931-13a3-e055-000000000001,Mountdavis,Longford-Westmeath
2ae19629-1932-13a3-e055-000000000001,2ae19629-1932-13a3-e055-000000000001,Moydow,Longford-Westmeath
2ae19629-1933-13a3-e055-000000000001,2ae19629-1933-13a3-e055-000000000001,Moyne,Longford-Westmeath
2ae19629-1934-13a3-e055-000000000001,2ae19629-1934-13a3-e055-000000000001,Termonfeckin,Louth
2ae19629-1935-13a3-e055-000000000001,2ae19629-1935-13a3-e055-000000000001,St. Lawrence Gate,Louth
2ae19629-1936-13a3-e055-000000000001,2ae19629-1936-13a3-e055-000000000001,Dundalk No. 1 Urban,Louth
2ae19629-1937-13a3-e055-000000000001,2ae19629-1937-13a3-e055-000000000001,Dundalk No. 2 Urban,Louth
2ae19629-1938-13a3-e055-000000000001,2ae19629-1938-13a3-e055-000000000001,Dundalk No. 4 Urban,Louth
2ae19629-1939-13a3-e055-000000000001,2ae19629-1939-13a3-e055-000000000001,St. Mary's (part),Louth
2ae19629-193a-13a3-e055-000000000001,2ae19629-193a-13a3-e055-000000000001,Achill,Mayo
2ae19629-193b-13a3-e055-000000000001,2ae19629-193b-13a3-e055-000000000001,Callow,Mayo
2ae19629-193c-13a3-e055-000000000001,2ae19629-193c-13a3-e055-000000000001,Cappaghduff,Mayo
2ae19629-193d-13a3-e055-000000000001,2ae19629-193d-13a3-e055-000000000001,Kilgeever,Mayo
2ae19629-193e-13a3-e055-000000000001,2ae19629-193e-13a3-e055-000000000001,Kilkelly,Mayo
2ae19629-193f-13a3-e055-000000000001,2ae19629-193f-13a3-e055-000000000001,Killala,Mayo
2ae19629-1940-13a3-e055-000000000001,2ae19629-1940-13a3-e055-000000000001,Mullanalaghta,Longford-Westmeath
2ae19629-1942-13a3-e055-000000000001,2ae19629-1942-13a3-e055-000000000001,Newtown Forbes,Longford-Westmeath
2ae19629-1943-13a3-e055-000000000001,2ae19629-1943-13a3-e055-000000000001,Rathcline,Longford-Westmeath
2ae19629-1944-13a3-e055-000000000001,2ae19629-1944-13a3-e055-000000000001,Addergoole,Mayo
2ae19629-1945-13a3-e055-000000000001,2ae19629-1945-13a3-e055-000000000001,Aghagower North,Mayo
2ae19629-1946-13a3-e055-000000000001,2ae19629-1946-13a3-e055-000000000001,Caraun,Mayo
2ae19629-1947-13a3-e055-000000000001,2ae19629-1947-13a3-e055-000000000001,Carrowmore,Mayo
2ae19629-1948-13a3-e055-000000000001,2ae19629-1948-13a3-e055-000000000001,Castlebar Rural,Mayo
2ae19629-1949-13a3-e055-000000000001,2ae19629-1949-13a3-e055-000000000001,Castlebar Urban,Mayo
2ae19629-194a-13a3-e055-000000000001,2ae19629-194a-13a3-e055-000000000001,Clare Island,Mayo
2ae19629-194b-13a3-e055-000000000001,2ae19629-194b-13a3-e055-000000000001,Killavally,Mayo
2ae19629-194c-13a3-e055-000000000001,2ae19629-194c-13a3-e055-000000000001,Killedan,Mayo
2ae19629-194d-13a3-e055-000000000001,2ae19629-194d-13a3-e055-000000000001,Sonnagh,Longford-Westmeath
2ae19629-194e-13a3-e055-000000000001,2ae19629-194e-13a3-e055-000000000001,Ardee Rural,Louth
2ae19629-194f-13a3-e055-000000000001,2ae19629-194f-13a3-e055-000000000001,Ardee Urban,Louth
2ae19629-1950-13a3-e055-000000000001,2ae19629-1950-13a3-e055-000000000001,Ballymascanlan,Louth
2ae19629-1951-13a3-e055-000000000001,2ae19629-1951-13a3-e055-000000000001,Aghagower South,Mayo
2ae19629-1952-13a3-e055-000000000001,2ae19629-1952-13a3-e055-000000000001,Aghamore,Mayo
2ae19629-1953-13a3-e055-000000000001,2ae19629-1953-13a3-e055-000000000001,Aillemore,Mayo
2ae19629-1954-13a3-e055-000000000001,2ae19629-1954-13a3-e055-000000000001,An Geata Mór Theas,Mayo
2ae19629-1955-13a3-e055-000000000001,2ae19629-1955-13a3-e055-000000000001,An Geata Mór Thuaidh,Mayo
2ae19629-1956-13a3-e055-000000000001,2ae19629-1956-13a3-e055-000000000001,Claremorris,Mayo
2ae19629-1957-13a3-e055-000000000001,2ae19629-1957-13a3-e055-000000000001,Clogher,Mayo
2ae19629-1958-13a3-e055-000000000001,2ae19629-1958-13a3-e055-000000000001,Clogher,Mayo
2ae19629-1959-13a3-e055-000000000001,2ae19629-1959-13a3-e055-000000000001,Kilmaclasser,Mayo
2ae19629-195a-13a3-e055-000000000001,2ae19629-195a-13a3-e055-000000000001,Kilmaine,Mayo
2ae19629-195b-13a3-e055-000000000001,2ae19629-195b-13a3-e055-000000000001,Kilmeena,Mayo
2ae19629-195c-13a3-e055-000000000001,2ae19629-195c-13a3-e055-000000000001,Barronstown,Louth
2ae19629-195d-13a3-e055-000000000001,2ae19629-195d-13a3-e055-000000000001,Carlingford,Louth
2ae19629-195e-13a3-e055-000000000001,2ae19629-195e-13a3-e055-000000000001,Castlebellingham,Louth
2ae19629-195f-13a3-e055-000000000001,2ae19629-195f-13a3-e055-000000000001,Ardagh,Mayo
2ae19629-1960-13a3-e055-000000000001,2ae19629-1960-13a3-e055-000000000001,Ardnaree North,Mayo
2ae19629-1961-13a3-e055-000000000001,2ae19629-1961-13a3-e055-000000000001,Ardnaree South Rural,Mayo
2ae19629-1962-13a3-e055-000000000001,2ae19629-1962-13a3-e055-000000000001,Cloghermore,Mayo
2ae19629-1963-13a3-e055-000000000001,2ae19629-1963-13a3-e055-000000000001,Cloonkeen,Mayo
2ae19629-1964-13a3-e055-000000000001,2ae19629-1964-13a3-e055-000000000001,Cloonmore,Mayo
2ae19629-1965-13a3-e055-000000000001,2ae19629-1965-13a3-e055-000000000001,Cong,Mayo
2ae19629-1966-13a3-e055-000000000001,2ae19629-1966-13a3-e055-000000000001,Kilmovee,Mayo
2ae19629-1967-13a3-e055-000000000001,2ae19629-1967-13a3-e055-000000000001,Kilsallagh,Mayo
2ae19629-1968-13a3-e055-000000000001,2ae19629-1968-13a3-e055-000000000001,Castlering,Louth
2ae19629-196a-13a3-e055-000000000001,2ae19629-196a-13a3-e055-000000000001,Attymass East,Mayo
2ae19629-196b-13a3-e055-000000000001,2ae19629-196b-13a3-e055-000000000001,Attymass West,Mayo
2ae19629-196c-13a3-e055-000000000001,2ae19629-196c-13a3-e055-000000000001,Coolnaha,Mayo
2ae19629-196d-13a3-e055-000000000001,2ae19629-196d-13a3-e055-000000000001,Coonard,Mayo
2ae19629-196e-13a3-e055-000000000001,2ae19629-196e-13a3-e055-000000000001,Corraun,Mayo
2ae19629-196f-13a3-e055-000000000001,2ae19629-196f-13a3-e055-000000000001,Course,Mayo
2ae19629-1970-13a3-e055-000000000001,2ae19629-1970-13a3-e055-000000000001,Kiltamagh,Mayo
2ae19629-1971-13a3-e055-000000000001,2ae19629-1971-13a3-e055-000000000001,Kilvine,Mayo
2ae19629-1972-13a3-e055-000000000001,2ae19629-1972-13a3-e055-000000000001,Clogher,Louth
2ae19629-1973-13a3-e055-000000000001,2ae19629-1973-13a3-e055-000000000001,Clonkeen,Louth
2ae19629-1974-13a3-e055-000000000001,2ae19629-1974-13a3-e055-000000000001,Balla,Mayo
2ae19629-1975-13a3-e055-000000000001,2ae19629-1975-13a3-e055-000000000001,Ballina Rural,Mayo
2ae19629-1976-13a3-e055-000000000001,2ae19629-1976-13a3-e055-000000000001,Ballina Urban,Mayo
2ae19629-1977-13a3-e055-000000000001,2ae19629-1977-13a3-e055-000000000001,Croaghmoyle,Mayo
2ae19629-1978-13a3-e055-000000000001,2ae19629-1978-13a3-e055-000000000001,Croaghpatrick,Mayo
2ae19629-1979-13a3-e055-000000000001,2ae19629-1979-13a3-e055-000000000001,Crossboyne,Mayo
2ae19629-197a-13a3-e055-000000000001,2ae19629-197a-13a3-e055-000000000001,Crossmolina North,Mayo
2ae19629-197b-13a3-e055-000000000001,2ae19629-197b-13a3-e055-000000000001,Knappagh,Mayo
2ae19629-197c-13a3-e055-000000000001,2ae19629-197c-13a3-e055-000000000001,Knock North,Mayo
2ae19629-197d-13a3-e055-000000000001,2ae19629-197d-13a3-e055-000000000001,Collon,Louth
2ae19629-197e-13a3-e055-000000000001,2ae19629-197e-13a3-e055-000000000001,Creggan Upper,Louth
2ae19629-197f-13a3-e055-000000000001,2ae19629-197f-13a3-e055-000000000001,Ballinafad,Mayo
2ae19629-1980-13a3-e055-000000000001,2ae19629-1980-13a3-e055-000000000001,Ballinamore,Mayo
2ae19629-1981-13a3-e055-000000000001,2ae19629-1981-13a3-e055-000000000001,Ballinchalla,Mayo
2ae19629-1982-13a3-e055-000000000001,2ae19629-1982-13a3-e055-000000000001,Crossmolina South,Mayo
2ae19629-1983-13a3-e055-000000000001,2ae19629-1983-13a3-e055-000000000001,Cuildoo,Mayo
2ae19629-1984-13a3-e055-000000000001,2ae19629-1984-13a3-e055-000000000001,Knock South,Mayo
2ae19629-1985-13a3-e055-000000000001,2ae19629-1985-13a3-e055-000000000001,Knockadaff,Mayo
2ae19629-1986-13a3-e055-000000000001,2ae19629-1986-13a3-e055-000000000001,Knocknalower,Mayo
2ae19629-1987-13a3-e055-000000000001,2ae19629-1987-13a3-e055-000000000001,Banada,Sligo-Leitrim
2ae19629-1989-13a3-e055-000000000001,2ae19629-1989-13a3-e055-000000000001,Breencorragh,Sligo-Leitrim
2ae19629-198a-13a3-e055-000000000001,2ae19629-198a-13a3-e055-000000000001,Bricklieve,Sligo-Leitrim
2ae19629-198b-13a3-e055-000000000001,2ae19629-198b-13a3-e055-000000000001,Kilmacteige,Sligo-Leitrim
2ae19629-198c-13a3-e055-000000000001,2ae19629-198c-13a3-e055-000000000001,Kilmactranny,Sligo-Leitrim
2ae19629-198d-13a3-e055-000000000001,2ae19629-198d-13a3-e055-000000000001,Ballygibbon,Tipperary North
2ae19629-198e-13a3-e055-000000000001,2ae19629-198e-13a3-e055-000000000001,Ballygriffin,Tipperary South
2ae19629-198f-13a3-e055-000000000001,2ae19629-198f-13a3-e055-000000000001,Ballykisteen,Tipperary South
2ae19629-1990-13a3-e055-000000000001,2ae19629-1990-13a3-e055-000000000001,Kilmacumsy/Kilcolagh,Roscommon-Galway
2ae19629-1991-13a3-e055-000000000001,2ae19629-1991-13a3-e055-000000000001,Kilmore,Roscommon-Galway
2ae19629-1992-13a3-e055-000000000001,2ae19629-1992-13a3-e055-000000000001,Kilteevan,Roscommon-Galway
2ae19629-1993-13a3-e055-000000000001,2ae19629-1993-13a3-e055-000000000001,Kilshalvy,Sligo-Leitrim
2ae19629-1994-13a3-e055-000000000001,2ae19629-1994-13a3-e055-000000000001,Kilturra,Sligo-Leitrim
2ae19629-1995-13a3-e055-000000000001,2ae19629-1995-13a3-e055-000000000001,Leitrim,Sligo-Leitrim
2ae19629-1996-13a3-e055-000000000001,2ae19629-1996-13a3-e055-000000000001,Lisconny,Sligo-Leitrim
2ae19629-1997-13a3-e055-000000000001,2ae19629-1997-13a3-e055-000000000001,Lissadill East,Sligo-Leitrim
2ae19629-1998-13a3-e055-000000000001,2ae19629-1998-13a3-e055-000000000001,Ballylusky,Tipperary North
2ae19629-1999-13a3-e055-000000000001,2ae19629-1999-13a3-e055-000000000001,Ballymackey,Tipperary North
2ae19629-199a-13a3-e055-000000000001,2ae19629-199a-13a3-e055-000000000001,Kiltoom,Roscommon-Galway
2ae19629-199b-13a3-e055-000000000001,2ae19629-199b-13a3-e055-000000000001,Kiltullagh,Roscommon-Galway
2ae19629-199c-13a3-e055-000000000001,2ae19629-199c-13a3-e055-000000000001,Lackan,Roscommon-Galway
2ae19629-199d-13a3-e055-000000000001,2ae19629-199d-13a3-e055-000000000001,Knockaree,Sligo-Leitrim
2ae19629-199e-13a3-e055-000000000001,2ae19629-199e-13a3-e055-000000000001,Lakeview,Sligo-Leitrim
2ae19629-199f-13a3-e055-000000000001,2ae19629-199f-13a3-e055-000000000001,Lissadill North,Sligo-Leitrim
2ae19629-19a0-13a3-e055-000000000001,2ae19629-19a0-13a3-e055-000000000001,Lissadill West,Sligo-Leitrim
2ae19629-19a1-13a3-e055-000000000001,2ae19629-19a1-13a3-e055-000000000001,Cloonfower,Roscommon-Galway
2ae19629-19a2-13a3-e055-000000000001,2ae19629-19a2-13a3-e055-000000000001,Cloonown,Roscommon-Galway
2ae19629-19a3-13a3-e055-000000000001,2ae19629-19a3-13a3-e055-000000000001,Cloonteen,Roscommon-Galway
2ae19629-19a4-13a3-e055-000000000001,2ae19629-19a4-13a3-e055-000000000001,Lecarrow,Roscommon-Galway
2ae19629-19a6-13a3-e055-000000000001,2ae19629-19a6-13a3-e055-000000000001,Lismaha,Roscommon-Galway
2ae19629-19a7-13a3-e055-000000000001,2ae19629-19a7-13a3-e055-000000000001,Lissonuffy,Roscommon-Galway
2ae19629-19a8-13a3-e055-000000000001,2ae19629-19a8-13a3-e055-000000000001,Buncrowey,Sligo-Leitrim
2ae19629-19a9-13a3-e055-000000000001,2ae19629-19a9-13a3-e055-000000000001,Calry,Sligo-Leitrim
2ae19629-19aa-13a3-e055-000000000001,2ae19629-19aa-13a3-e055-000000000001,Carney,Sligo-Leitrim
2ae19629-19ad-13a3-e055-000000000001,2ae19629-19ad-13a3-e055-000000000001,Owenmore,Sligo-Leitrim
2ae19629-19ae-13a3-e055-000000000001,2ae19629-19ae-13a3-e055-000000000001,Cloontuskert,Roscommon-Galway
2ae19629-19af-13a3-e055-000000000001,2ae19629-19af-13a3-e055-000000000001,Cloonygormican,Roscommon-Galway
2ae19629-19b0-13a3-e055-000000000001,2ae19629-19b0-13a3-e055-000000000001,Cloonyquin,Roscommon-Galway
2ae19629-19b2-13a3-e055-000000000001,2ae19629-19b2-13a3-e055-000000000001,Loughglinn,Roscommon-Galway
2ae19629-19b4-13a3-e055-000000000001,2ae19629-19b4-13a3-e055-000000000001,Carrickbanagher,Sligo-Leitrim
2ae19629-19b5-13a3-e055-000000000001,2ae19629-19b5-13a3-e055-000000000001,Branchfield/Carrownaskeagh,Sligo-Leitrim
2ae19629-19b6-13a3-e055-000000000001,2ae19629-19b6-13a3-e055-000000000001,Cartron,Sligo-Leitrim
2ae19629-19b7-13a3-e055-000000000001,2ae19629-19b7-13a3-e055-000000000001,Rathmacurkey,Sligo-Leitrim
2ae19629-19b8-13a3-e055-000000000001,2ae19629-19b8-13a3-e055-000000000001,Riverstown,Sligo-Leitrim
2ae19629-19b9-13a3-e055-000000000001,2ae19629-19b9-13a3-e055-000000000001,Rossinver East,Sligo-Leitrim
2ae19629-19ba-13a3-e055-000000000001,2ae19629-19ba-13a3-e055-000000000001,Coolougher,Roscommon-Galway
2ae19629-19bb-13a3-e055-000000000001,2ae19629-19bb-13a3-e055-000000000001,Crannagh,Roscommon-Galway
2ae19629-19bc-13a3-e055-000000000001,2ae19629-19bc-13a3-e055-000000000001,Moore,Roscommon-Galway
2ae19629-19bd-13a3-e055-000000000001,2ae19629-19bd-13a3-e055-000000000001,Mote,Roscommon-Galway
2ae19629-19be-13a3-e055-000000000001,2ae19629-19be-13a3-e055-000000000001,Oakport,Roscommon-Galway
2ae19629-19bf-13a3-e055-000000000001,2ae19629-19bf-13a3-e055-000000000001,Ogulla,Roscommon-Galway
2ae19629-19c0-13a3-e055-000000000001,2ae19629-19c0-13a3-e055-000000000001,Castleconor East,Sligo-Leitrim
2ae19629-19c1-13a3-e055-000000000001,2ae19629-19c1-13a3-e055-000000000001,Castleconor West,Sligo-Leitrim
2ae19629-19c2-13a3-e055-000000000001,2ae19629-19c2-13a3-e055-000000000001,Rossinver West,Sligo-Leitrim
2ae19629-19c3-13a3-e055-000000000001,2ae19629-19c3-13a3-e055-000000000001,Shancough,Sligo-Leitrim
2ae19629-19c4-13a3-e055-000000000001,2ae19629-19c4-13a3-e055-000000000001,Skreen,Sligo-Leitrim
2ae19629-19c5-13a3-e055-000000000001,2ae19629-19c5-13a3-e055-000000000001,Sligo West,Sligo-Leitrim
2ae19629-19c6-13a3-e055-000000000001,2ae19629-19c6-13a3-e055-000000000001,Creagh,Roscommon-Galway
2ae19629-19c7-13a3-e055-000000000001,2ae19629-19c7-13a3-e055-000000000001,Creeve,Roscommon-Galway
2ae19629-19c8-13a3-e055-000000000001,2ae19629-19c8-13a3-e055-000000000001,Creeve,Roscommon-Galway
2ae19629-19c9-13a3-e055-000000000001,2ae19629-19c9-13a3-e055-000000000001,Rockhill,Roscommon-Galway
2ae19629-19ca-13a3-e055-000000000001,2ae19629-19ca-13a3-e055-000000000001,Rockingham,Roscommon-Galway
2ae19629-19cb-13a3-e055-000000000001,2ae19629-19cb-13a3-e055-000000000001,Roosky,Roscommon-Galway
2ae19629-19cc-13a3-e055-000000000001,2ae19629-19cc-13a3-e055-000000000001,Cliffony North,Sligo-Leitrim
2ae19629-19cd-13a3-e055-000000000001,2ae19629-19cd-13a3-e055-000000000001,Cliffony South,Sligo-Leitrim
2ae19629-19ce-13a3-e055-000000000001,2ae19629-19ce-13a3-e055-000000000001,Cloonacool,Sligo-Leitrim
2ae19629-19cf-13a3-e055-000000000001,2ae19629-19cf-13a3-e055-000000000001,Streamstown,Sligo-Leitrim
2ae19629-19d0-13a3-e055-000000000001,2ae19629-19d0-13a3-e055-000000000001,Temple,Sligo-Leitrim
2ae19629-19d1-13a3-e055-000000000001,2ae19629-19d1-13a3-e055-000000000001,Cregga,Roscommon-Galway
2ae19629-19d2-13a3-e055-000000000001,2ae19629-19d2-13a3-e055-000000000001,Croghan,Roscommon-Galway
2ae19629-19d3-13a3-e055-000000000001,2ae19629-19d3-13a3-e055-000000000001,Crossna,Roscommon-Galway
2ae19629-19d4-13a3-e055-000000000001,2ae19629-19d4-13a3-e055-000000000001,Roscommon Rural,Roscommon-Galway
2ae19629-19d5-13a3-e055-000000000001,2ae19629-19d5-13a3-e055-000000000001,Roscommon Urban,Roscommon-Galway
2ae19629-19d6-13a3-e055-000000000001,2ae19629-19d6-13a3-e055-000000000001,Rosmoylan,Roscommon-Galway
2ae19629-19d7-13a3-e055-000000000001,2ae19629-19d7-13a3-e055-000000000001,Rossmore,Roscommon-Galway
2ae19629-19d8-13a3-e055-000000000001,2ae19629-19d8-13a3-e055-000000000001,Cloonoghill,Sligo-Leitrim
2ae19629-19d9-13a3-e055-000000000001,2ae19629-19d9-13a3-e055-000000000001,Collooney,Sligo-Leitrim
2ae19629-19da-13a3-e055-000000000001,2ae19629-19da-13a3-e055-000000000001,Templeboy North,Sligo-Leitrim
2ae19629-19db-13a3-e055-000000000001,2ae19629-19db-13a3-e055-000000000001,Templeboy South/Mullagheruse,Sligo-Leitrim
2ae19629-19dc-13a3-e055-000000000001,2ae19629-19dc-13a3-e055-000000000001,Culliagh,Roscommon-Galway
2ae19629-19dd-13a3-e055-000000000001,2ae19629-19dd-13a3-e055-000000000001,Danesfort,Roscommon-Galway
2ae19629-19de-13a3-e055-000000000001,2ae19629-19de-13a3-e055-000000000001,Drumdaff,Roscommon-Galway
2ae19629-19df-13a3-e055-000000000001,2ae19629-19df-13a3-e055-000000000001,Drumlosh,Roscommon-Galway
2ae19629-19e0-13a3-e055-000000000001,2ae19629-19e0-13a3-e055-000000000001,Rushfield,Roscommon-Galway
2ae19629-19e1-13a3-e055-000000000001,2ae19629-19e1-13a3-e055-000000000001,Scregg,Roscommon-Galway
2ae19629-19e2-13a3-e055-000000000001,2ae19629-19e2-13a3-e055-000000000001,Strokestown,Roscommon-Galway
2ae19629-19e3-13a3-e055-000000000001,2ae19629-19e3-13a3-e055-000000000001,Coolaney,Sligo-Leitrim
2ae19629-19e4-13a3-e055-000000000001,2ae19629-19e4-13a3-e055-000000000001,Coolavin,Sligo-Leitrim
2ae19629-19e5-13a3-e055-000000000001,2ae19629-19e5-13a3-e055-000000000001,Templevanny,Sligo-Leitrim
2ae19629-19e6-13a3-e055-000000000001,2ae19629-19e6-13a3-e055-000000000001,Tobercurry,Sligo-Leitrim
2ae19629-19e7-13a3-e055-000000000001,2ae19629-19e7-13a3-e055-000000000001,Dunamon,Roscommon-Galway
2ae19629-19e8-13a3-e055-000000000001,2ae19629-19e8-13a3-e055-000000000001,Dysart,Roscommon-Galway
2ae19629-19e9-13a3-e055-000000000001,2ae19629-19e9-13a3-e055-000000000001,Taghboy,Roscommon-Galway
2ae19629-19ea-13a3-e055-000000000001,2ae19629-19ea-13a3-e055-000000000001,Taghmaconnell,Roscommon-Galway
2ae19629-19eb-13a3-e055-000000000001,2ae19629-19eb-13a3-e055-000000000001,Termonbarry,Roscommon-Galway
2ae19629-19ec-13a3-e055-000000000001,2ae19629-19ec-13a3-e055-000000000001,Thomastown,Roscommon-Galway
2ae19629-19ed-13a3-e055-000000000001,2ae19629-19ed-13a3-e055-000000000001,Cuilmore,Sligo-Leitrim
2ae19629-19ee-13a3-e055-000000000001,2ae19629-19ee-13a3-e055-000000000001,Dromard East,Sligo-Leitrim
2ae19629-19ef-13a3-e055-000000000001,2ae19629-19ef-13a3-e055-000000000001,Dromard West,Sligo-Leitrim
2ae19629-19f0-13a3-e055-000000000001,2ae19629-19f0-13a3-e055-000000000001,Toberpatrick East,Sligo-Leitrim
2ae19629-19f1-13a3-e055-000000000001,2ae19629-19f1-13a3-e055-000000000001,Toberpatrick West,Sligo-Leitrim
2ae19629-19f2-13a3-e055-000000000001,2ae19629-19f2-13a3-e055-000000000001,Toomour,Sligo-Leitrim
2ae19629-19f3-13a3-e055-000000000001,2ae19629-19f3-13a3-e055-000000000001,Edmondstown,Roscommon-Galway
2ae19629-19f4-13a3-e055-000000000001,2ae19629-19f4-13a3-e055-000000000001,Elia,Roscommon-Galway
2ae19629-19f5-13a3-e055-000000000001,2ae19629-19f5-13a3-e055-000000000001,Elphin,Roscommon-Galway
2ae19629-19f6-13a3-e055-000000000001,2ae19629-19f6-13a3-e055-000000000001,Tivannagh,Roscommon-Galway
2ae19629-19f7-13a3-e055-000000000001,2ae19629-19f7-13a3-e055-000000000001,Tulsk,Roscommon-Galway
2ae19629-19f8-13a3-e055-000000000001,2ae19629-19f8-13a3-e055-000000000001,Tumna North,Roscommon-Galway
2ae19629-19f9-13a3-e055-000000000001,2ae19629-19f9-13a3-e055-000000000001,Dromore,Sligo-Leitrim
2ae19629-19fa-13a3-e055-000000000001,2ae19629-19fa-13a3-e055-000000000001,Drumcliff East,Sligo-Leitrim
2ae19629-19fb-13a3-e055-000000000001,2ae19629-19fb-13a3-e055-000000000001,Sligo North,Sligo-Leitrim
2ae19629-19fc-13a3-e055-000000000001,2ae19629-19fc-13a3-e055-000000000001,Sligo East,Sligo-Leitrim
2ae19629-19fd-13a3-e055-000000000001,2ae19629-19fd-13a3-e055-000000000001,Abington,Tipperary North
2ae19629-19fe-13a3-e055-000000000001,2ae19629-19fe-13a3-e055-000000000001,Aghnameadle,Tipperary North
2ae19629-19ff-13a3-e055-000000000001,2ae19629-19ff-13a3-e055-000000000001,Aglishcloghane,Tipperary North
2ae19629-1a00-13a3-e055-000000000001,2ae19629-1a00-13a3-e055-000000000001,Estersnow,Roscommon-Galway
2ae19629-1a01-13a3-e055-000000000001,2ae19629-1a01-13a3-e055-000000000001,Fairymount,Roscommon-Galway
2ae19629-1a02-13a3-e055-000000000001,2ae19629-1a02-13a3-e055-000000000001,Frenchpark,Roscommon-Galway
2ae19629-1a03-13a3-e055-000000000001,2ae19629-1a03-13a3-e055-000000000001,Fuerty,Roscommon-Galway
2ae19629-1a04-13a3-e055-000000000001,2ae19629-1a04-13a3-e055-000000000001,Tumna South,Roscommon-Galway
2ae19629-1a05-13a3-e055-000000000001,2ae19629-1a05-13a3-e055-000000000001,Turrock,Roscommon-Galway
2ae19629-1a06-13a3-e055-000000000001,2ae19629-1a06-13a3-e055-000000000001,Achonry East,Sligo-Leitrim
2ae19629-1a07-13a3-e055-000000000001,2ae19629-1a07-13a3-e055-000000000001,Achonry West,Sligo-Leitrim
2ae19629-1a08-13a3-e055-000000000001,2ae19629-1a08-13a3-e055-000000000001,Drumcliff West,Sligo-Leitrim
2ae19629-1a09-13a3-e055-000000000001,2ae19629-1a09-13a3-e055-000000000001,Drumcolumb,Sligo-Leitrim
2ae19629-1a0a-13a3-e055-000000000001,2ae19629-1a0a-13a3-e055-000000000001,Drumfin,Sligo-Leitrim
2ae19629-1a0b-13a3-e055-000000000001,2ae19629-1a0b-13a3-e055-000000000001,Anner,Tipperary South
2ae19629-1a0c-13a3-e055-000000000001,2ae19629-1a0c-13a3-e055-000000000001,Ardcrony,Tipperary North
2ae19629-1a0d-13a3-e055-000000000001,2ae19629-1a0d-13a3-e055-000000000001,Keadew,Roscommon-Galway
2ae19629-1a0e-13a3-e055-000000000001,2ae19629-1a0e-13a3-e055-000000000001,Kilbride North,Roscommon-Galway
2ae19629-1a0f-13a3-e055-000000000001,2ae19629-1a0f-13a3-e055-000000000001,Kilbride South,Roscommon-Galway
2ae19629-1a10-13a3-e055-000000000001,2ae19629-1a10-13a3-e055-000000000001,Aclare,Sligo-Leitrim
2ae19629-1a11-13a3-e055-000000000001,2ae19629-1a11-13a3-e055-000000000001,Aghanagh,Sligo-Leitrim
2ae19629-1a12-13a3-e055-000000000001,2ae19629-1a12-13a3-e055-000000000001,Drumrat,Sligo-Leitrim
2ae19629-1a13-13a3-e055-000000000001,2ae19629-1a13-13a3-e055-000000000001,Easky East,Sligo-Leitrim
2ae19629-1a14-13a3-e055-000000000001,2ae19629-1a14-13a3-e055-000000000001,Ardfinnan,Tipperary South
2ae19629-1a15-13a3-e055-000000000001,2ae19629-1a15-13a3-e055-000000000001,Ardmayle,Tipperary South
2ae19629-1a16-13a3-e055-000000000001,2ae19629-1a16-13a3-e055-000000000001,Kilbryan,Roscommon-Galway
2ae19629-1a17-13a3-e055-000000000001,2ae19629-1a17-13a3-e055-000000000001,Kilcar,Roscommon-Galway
2ae19629-1a19-13a3-e055-000000000001,2ae19629-1a19-13a3-e055-000000000001,Annagh,Sligo-Leitrim
2ae19629-1a1a-13a3-e055-000000000001,2ae19629-1a1a-13a3-e055-000000000001,Aughris,Sligo-Leitrim
2ae19629-1a1b-13a3-e055-000000000001,2ae19629-1a1b-13a3-e055-000000000001,Ballintogher East,Sligo-Leitrim
2ae19629-1a1c-13a3-e055-000000000001,2ae19629-1a1c-13a3-e055-000000000001,Easky West,Sligo-Leitrim
2ae19629-1a1d-13a3-e055-000000000001,2ae19629-1a1d-13a3-e055-000000000001,Glencar,Sligo-Leitrim
2ae19629-1a1e-13a3-e055-000000000001,2ae19629-1a1e-13a3-e055-000000000001,Glendarragh,Sligo-Leitrim
2ae19629-1a1f-13a3-e055-000000000001,2ae19629-1a1f-13a3-e055-000000000001,Kilfree,Sligo-Leitrim
2ae19629-1a20-13a3-e055-000000000001,2ae19629-1a20-13a3-e055-000000000001,Ardsallagh,Tipperary South
2ae19629-1a21-13a3-e055-000000000001,2ae19629-1a21-13a3-e055-000000000001,Ballina,Tipperary North
2ae19629-1a22-13a3-e055-000000000001,2ae19629-1a22-13a3-e055-000000000001,Ballingarry,Tipperary South
2ae19629-1a23-13a3-e055-000000000001,2ae19629-1a23-13a3-e055-000000000001,Kilgefin,Roscommon-Galway
2ae19629-1a24-13a3-e055-000000000001,2ae19629-1a24-13a3-e055-000000000001,Kilglass North,Roscommon-Galway
2ae19629-1a25-13a3-e055-000000000001,2ae19629-1a25-13a3-e055-000000000001,Kilglass South,Roscommon-Galway
2ae19629-1a26-13a3-e055-000000000001,2ae19629-1a26-13a3-e055-000000000001,Ballintogher West,Sligo-Leitrim
2ae19629-1a27-13a3-e055-000000000001,2ae19629-1a27-13a3-e055-000000000001,Ballymote,Sligo-Leitrim
2ae19629-1a28-13a3-e055-000000000001,2ae19629-1a28-13a3-e055-000000000001,Ballynakill,Sligo-Leitrim
2ae19629-1a29-13a3-e055-000000000001,2ae19629-1a29-13a3-e055-000000000001,Kilglass,Sligo-Leitrim
2ae19629-1a2a-13a3-e055-000000000001,2ae19629-1a2a-13a3-e055-000000000001,Killadoon,Sligo-Leitrim
2ae19629-1a2b-13a3-e055-000000000001,2ae19629-1a2b-13a3-e055-000000000001,Ballingarry,Tipperary North
2ae19629-1a2c-13a3-e055-000000000001,2ae19629-1a2c-13a3-e055-000000000001,Ballybacon,Tipperary South
2ae19629-1a2d-13a3-e055-000000000001,2ae19629-1a2d-13a3-e055-000000000001,Ballycahill,Tipperary North
2ae19629-1a2e-13a3-e055-000000000001,2ae19629-1a2e-13a3-e055-000000000001,Killavackan,Roscommon-Galway
2ae19629-1a2f-13a3-e055-000000000001,2ae19629-1a2f-13a3-e055-000000000001,Killukin,Roscommon-Galway
2ae19629-1a30-13a3-e055-000000000001,2ae19629-1a30-13a3-e055-000000000001,Killukin,Roscommon-Galway
2ae19629-1a31-13a3-e055-000000000001,2ae19629-1a31-13a3-e055-000000000001,Killummod,Roscommon-Galway
2ae19629-1a32-13a3-e055-000000000001,2ae19629-1a32-13a3-e055-000000000001,Ballynashee,Sligo-Leitrim
2ae19629-1a33-13a3-e055-000000000001,2ae19629-1a33-13a3-e055-000000000001,Ballysadare East,Sligo-Leitrim
2ae19629-1a34-13a3-e055-000000000001,2ae19629-1a34-13a3-e055-000000000001,Ballysadare West,Sligo-Leitrim
2ae19629-1a35-13a3-e055-000000000001,2ae19629-1a35-13a3-e055-000000000001,Killaraght,Sligo-Leitrim
2ae19629-1a36-13a3-e055-000000000001,2ae19629-1a36-13a3-e055-000000000001,Kilmacowen,Sligo-Leitrim
2ae19629-1a37-13a3-e055-000000000001,2ae19629-1a37-13a3-e055-000000000001,Ballycarron,Tipperary South
2ae19629-1a38-13a3-e055-000000000001,2ae19629-1a38-13a3-e055-000000000001,Ballyclerahan,Tipperary South
2ae19629-1a39-13a3-e055-000000000001,2ae19629-1a39-13a3-e055-000000000001,Carrowreagh,Roscommon-Galway
2ae19629-1a3a-13a3-e055-000000000001,2ae19629-1a3a-13a3-e055-000000000001,Castleplunket,Roscommon-Galway
2ae19629-1a3b-13a3-e055-000000000001,2ae19629-1a3b-13a3-e055-000000000001,Castlereagh,Roscommon-Galway
2ae19629-1a3c-13a3-e055-000000000001,2ae19629-1a3c-13a3-e055-000000000001,Drumgurra,Cavan-Monaghan
2ae19629-1a3d-13a3-e055-000000000001,2ae19629-1a3d-13a3-e055-000000000001,Drumhillagh,Cavan-Monaghan
2ae19629-1a3e-13a3-e055-000000000001,2ae19629-1a3e-13a3-e055-000000000001,Drummully,Cavan-Monaghan
2ae19629-1a3f-13a3-e055-000000000001,2ae19629-1a3f-13a3-e055-000000000001,Birr Rural,Offaly
2ae19629-1a40-13a3-e055-000000000001,2ae19629-1a40-13a3-e055-000000000001,Birr Urban,Offaly
2ae19629-1a41-13a3-e055-000000000001,2ae19629-1a41-13a3-e055-000000000001,Bracknagh,Offaly
2ae19629-1a42-13a3-e055-000000000001,2ae19629-1a42-13a3-e055-000000000001,Broughal,Offaly
2ae19629-1a43-13a3-e055-000000000001,2ae19629-1a43-13a3-e055-000000000001,Portarlington North,Offaly
2ae19629-1a44-13a3-e055-000000000001,2ae19629-1a44-13a3-e055-000000000001,Rahan,Offaly
2ae19629-1a45-13a3-e055-000000000001,2ae19629-1a45-13a3-e055-000000000001,Raheenakeeran,Offaly
2ae19629-1a46-13a3-e055-000000000001,2ae19629-1a46-13a3-e055-000000000001,Rathfeston,Offaly
2ae19629-1a47-13a3-e055-000000000001,2ae19629-1a47-13a3-e055-000000000001,Castlesampson,Roscommon-Galway
2ae19629-1a48-13a3-e055-000000000001,2ae19629-1a48-13a3-e055-000000000001,Castleteheen,Roscommon-Galway
2ae19629-1a49-13a3-e055-000000000001,2ae19629-1a49-13a3-e055-000000000001,Cloonburren,Roscommon-Galway
2ae19629-1a4a-13a3-e055-000000000001,2ae19629-1a4a-13a3-e055-000000000001,Cloonfinlough,Roscommon-Galway
2ae19629-1a4b-13a3-e055-000000000001,2ae19629-1a4b-13a3-e055-000000000001,Drumsnat,Cavan-Monaghan
2ae19629-1a4c-13a3-e055-000000000001,2ae19629-1a4c-13a3-e055-000000000001,Emyvale,Cavan-Monaghan
2ae19629-1a4d-13a3-e055-000000000001,2ae19629-1a4d-13a3-e055-000000000001,Enagh,Cavan-Monaghan
2ae19629-1a4e-13a3-e055-000000000001,2ae19629-1a4e-13a3-e055-000000000001,Cangort,Offaly
2ae19629-1a4f-13a3-e055-000000000001,2ae19629-1a4f-13a3-e055-000000000001,Cappancur,Offaly
2ae19629-1a50-13a3-e055-000000000001,2ae19629-1a50-13a3-e055-000000000001,Clara,Offaly
2ae19629-1a51-13a3-e055-000000000001,2ae19629-1a51-13a3-e055-000000000001,Cloghan,Offaly
2ae19629-1a52-13a3-e055-000000000001,2ae19629-1a52-13a3-e055-000000000001,Rathrobin,Offaly
2ae19629-1a53-13a3-e055-000000000001,2ae19629-1a53-13a3-e055-000000000001,Roscomroe,Offaly
2ae19629-1a54-13a3-e055-000000000001,2ae19629-1a54-13a3-e055-000000000001,Screggan,Offaly
2ae19629-1a55-13a3-e055-000000000001,2ae19629-1a55-13a3-e055-000000000001,Tullow Rural,Carlow-Kilkenny
2ae19629-1a56-13a3-e055-000000000001,2ae19629-1a56-13a3-e055-000000000001,Tullow Urban,Carlow-Kilkenny
2ae19629-1a57-13a3-e055-000000000001,2ae19629-1a57-13a3-e055-000000000001,Tullowbeg,Carlow-Kilkenny
2ae19629-1a58-13a3-e055-000000000001,2ae19629-1a58-13a3-e055-000000000001,Williamstown,Carlow-Kilkenny
2ae19629-1a59-13a3-e055-000000000001,2ae19629-1a59-13a3-e055-000000000001,Graigue Urban,Carlow-Kilkenny
2ae19629-1a5a-13a3-e055-000000000001,2ae19629-1a5a-13a3-e055-000000000001,Enagh,Cavan-Monaghan
2ae19629-1a5b-13a3-e055-000000000001,2ae19629-1a5b-13a3-e055-000000000001,Figullar,Cavan-Monaghan
2ae19629-1a5c-13a3-e055-000000000001,2ae19629-1a5c-13a3-e055-000000000001,Clonbulloge,Offaly
2ae19629-1a5d-13a3-e055-000000000001,2ae19629-1a5d-13a3-e055-000000000001,Clonmacnoise,Offaly
2ae19629-1a5e-13a3-e055-000000000001,2ae19629-1a5e-13a3-e055-000000000001,Clonmore,Offaly
2ae19629-1a5f-13a3-e055-000000000001,2ae19629-1a5f-13a3-e055-000000000001,Clonygowan,Offaly
2ae19629-1a60-13a3-e055-000000000001,2ae19629-1a60-13a3-e055-000000000001,Seirkieran,Offaly
2ae19629-1a61-13a3-e055-000000000001,2ae19629-1a61-13a3-e055-000000000001,Shannonbridge,Offaly
2ae19629-1a62-13a3-e055-000000000001,2ae19629-1a62-13a3-e055-000000000001,Shannonharbour,Offaly
2ae19629-1a63-13a3-e055-000000000001,2ae19629-1a63-13a3-e055-000000000001,Aghabog,Cavan-Monaghan
2ae19629-1a64-13a3-e055-000000000001,2ae19629-1a64-13a3-e055-000000000001,Anketell Grove,Cavan-Monaghan
2ae19629-1a65-13a3-e055-000000000001,2ae19629-1a65-13a3-e055-000000000001,Annayalla,Cavan-Monaghan
2ae19629-1a66-13a3-e055-000000000001,2ae19629-1a66-13a3-e055-000000000001,Glaslough,Cavan-Monaghan
2ae19629-1a67-13a3-e055-000000000001,2ae19629-1a67-13a3-e055-000000000001,Greagh,Cavan-Monaghan
2ae19629-1a68-13a3-e055-000000000001,2ae19629-1a68-13a3-e055-000000000001,Croghan,Offaly
2ae19629-1a69-13a3-e055-000000000001,2ae19629-1a69-13a3-e055-000000000001,Cullenwaine,Offaly
2ae19629-1a6a-13a3-e055-000000000001,2ae19629-1a6a-13a3-e055-000000000001,Daingean,Offaly
2ae19629-1a6b-13a3-e055-000000000001,2ae19629-1a6b-13a3-e055-000000000001,Shinrone,Offaly
2ae19629-1a6c-13a3-e055-000000000001,2ae19629-1a6c-13a3-e055-000000000001,Silverbrook,Offaly
2ae19629-1a6d-13a3-e055-000000000001,2ae19629-1a6d-13a3-e055-000000000001,Srah,Offaly
2ae19629-1a6e-13a3-e055-000000000001,2ae19629-1a6e-13a3-e055-000000000001,Anny,Cavan-Monaghan
2ae19629-1a6f-13a3-e055-000000000001,2ae19629-1a6f-13a3-e055-000000000001,Ballybay Rural,Cavan-Monaghan
2ae19629-1a70-13a3-e055-000000000001,2ae19629-1a70-13a3-e055-000000000001,Ballybay Urban,Cavan-Monaghan
2ae19629-1a71-13a3-e055-000000000001,2ae19629-1a71-13a3-e055-000000000001,Inishkeen,Cavan-Monaghan
2ae19629-1a72-13a3-e055-000000000001,2ae19629-1a72-13a3-e055-000000000001,Killeevan,Cavan-Monaghan
2ae19629-1a73-13a3-e055-000000000001,2ae19629-1a73-13a3-e055-000000000001,Derrinboy,Offaly
2ae19629-1a74-13a3-e055-000000000001,2ae19629-1a74-13a3-e055-000000000001,Derryad,Offaly
2ae19629-1a75-13a3-e055-000000000001,2ae19629-1a75-13a3-e055-000000000001,Derrycooly,Offaly
2ae19629-1a76-13a3-e055-000000000001,2ae19629-1a76-13a3-e055-000000000001,Doon,Offaly
2ae19629-1a77-13a3-e055-000000000001,2ae19629-1a77-13a3-e055-000000000001,Templeharry,Offaly
2ae19629-1a78-13a3-e055-000000000001,2ae19629-1a78-13a3-e055-000000000001,Tinamuck,Offaly
2ae19629-1a79-13a3-e055-000000000001,2ae19629-1a79-13a3-e055-000000000001,Tinnycross,Offaly
2ae19629-1a7a-13a3-e055-000000000001,2ae19629-1a7a-13a3-e055-000000000001,Tulla,Offaly
2ae19629-1a7b-13a3-e055-000000000001,2ae19629-1a7b-13a3-e055-000000000001,Ballymackney,Cavan-Monaghan
2ae19629-1a7c-13a3-e055-000000000001,2ae19629-1a7c-13a3-e055-000000000001,Bellanode,Cavan-Monaghan
2ae19629-1a7d-13a3-e055-000000000001,2ae19629-1a7d-13a3-e055-000000000001,Bellatrain,Cavan-Monaghan
2ae19629-1a7e-13a3-e055-000000000001,2ae19629-1a7e-13a3-e055-000000000001,Killylough,Cavan-Monaghan
2ae19629-1a7f-13a3-e055-000000000001,2ae19629-1a7f-13a3-e055-000000000001,Killynenagh,Cavan-Monaghan
2ae19629-1a80-13a3-e055-000000000001,2ae19629-1a80-13a3-e055-000000000001,Kilmore,Cavan-Monaghan
2ae19629-1a81-13a3-e055-000000000001,2ae19629-1a81-13a3-e055-000000000001,Dromoyle,Offaly
2ae19629-1a82-13a3-e055-000000000001,2ae19629-1a82-13a3-e055-000000000001,Drumcullen,Offaly
2ae19629-1a83-13a3-e055-000000000001,2ae19629-1a83-13a3-e055-000000000001,Dunkerrin,Offaly
2ae19629-1a84-13a3-e055-000000000001,2ae19629-1a84-13a3-e055-000000000001,Tullamore Rural,Offaly
2ae19629-1a85-13a3-e055-000000000001,2ae19629-1a85-13a3-e055-000000000001,Tullamore Urban,Offaly
2ae19629-1a86-13a3-e055-000000000001,2ae19629-1a86-13a3-e055-000000000001,Aghafin,Roscommon-Galway
2ae19629-1a88-13a3-e055-000000000001,2ae19629-1a88-13a3-e055-000000000001,Bocks,Cavan-Monaghan
2ae19629-1a89-13a3-e055-000000000001,2ae19629-1a89-13a3-e055-000000000001,Bragan,Cavan-Monaghan
2ae19629-1a8a-13a3-e055-000000000001,2ae19629-1a8a-13a3-e055-000000000001,Broomfield,Cavan-Monaghan
2ae19629-1a8b-13a3-e055-000000000001,2ae19629-1a8b-13a3-e055-000000000001,Kilmurry,Cavan-Monaghan
2ae19629-1a8c-13a3-e055-000000000001,2ae19629-1a8c-13a3-e055-000000000001,Kiltybegs,Cavan-Monaghan
2ae19629-1a8d-13a3-e055-000000000001,2ae19629-1a8d-13a3-e055-000000000001,Laragh,Cavan-Monaghan
2ae19629-1a8e-13a3-e055-000000000001,2ae19629-1a8e-13a3-e055-000000000001,Durrow,Offaly
2ae19629-1a8f-13a3-e055-000000000001,2ae19629-1a8f-13a3-e055-000000000001,Edenderry Rural,Offaly
2ae19629-1a90-13a3-e055-000000000001,2ae19629-1a90-13a3-e055-000000000001,Edenderry Urban,Offaly
2ae19629-1a91-13a3-e055-000000000001,2ae19629-1a91-13a3-e055-000000000001,Eglish,Offaly
2ae19629-1a92-13a3-e055-000000000001,2ae19629-1a92-13a3-e055-000000000001,Annaghmore,Roscommon-Galway
2ae19629-1a93-13a3-e055-000000000001,2ae19629-1a93-13a3-e055-000000000001,Artagh North,Roscommon-Galway
2ae19629-1a94-13a3-e055-000000000001,2ae19629-1a94-13a3-e055-000000000001,Caddagh,Cavan-Monaghan
2ae19629-1a95-13a3-e055-000000000001,2ae19629-1a95-13a3-e055-000000000001,Carrickaslane,Cavan-Monaghan
2ae19629-1a96-13a3-e055-000000000001,2ae19629-1a96-13a3-e055-000000000001,Carrickatee,Cavan-Monaghan
2ae19629-1a97-13a3-e055-000000000001,2ae19629-1a97-13a3-e055-000000000001,Lisnaveane,Cavan-Monaghan
2ae19629-1a98-13a3-e055-000000000001,2ae19629-1a98-13a3-e055-000000000001,Lough Fea,Cavan-Monaghan
2ae19629-1a9a-13a3-e055-000000000001,2ae19629-1a9a-13a3-e055-000000000001,Ettagh,Offaly
2ae19629-1a9b-13a3-e055-000000000001,2ae19629-1a9b-13a3-e055-000000000001,Ferbane,Offaly
2ae19629-1a9c-13a3-e055-000000000001,2ae19629-1a9c-13a3-e055-000000000001,Artagh South,Roscommon-Galway
2ae19629-1a9d-13a3-e055-000000000001,2ae19629-1a9d-13a3-e055-000000000001,Athleague East,Roscommon-Galway
2ae19629-1a9e-13a3-e055-000000000001,2ae19629-1a9e-13a3-e055-000000000001,Carrickmacross Rural,Cavan-Monaghan
2ae19629-1a9f-13a3-e055-000000000001,2ae19629-1a9f-13a3-e055-000000000001,Carrickmacross Urban,Cavan-Monaghan
2ae19629-1aa0-13a3-e055-000000000001,2ae19629-1aa0-13a3-e055-000000000001,Castleblayney Urban,Cavan-Monaghan
2ae19629-1aa1-13a3-e055-000000000001,2ae19629-1aa1-13a3-e055-000000000001,Monaghan Rural,Cavan-Monaghan
2ae19629-1aa2-13a3-e055-000000000001,2ae19629-1aa2-13a3-e055-000000000001,Monaghan Urban,Cavan-Monaghan
2ae19629-1aa3-13a3-e055-000000000001,2ae19629-1aa3-13a3-e055-000000000001,Mullyash,Cavan-Monaghan
2ae19629-1aa4-13a3-e055-000000000001,2ae19629-1aa4-13a3-e055-000000000001,Gallen,Offaly
2ae19629-1aa5-13a3-e055-000000000001,2ae19629-1aa5-13a3-e055-000000000001,Geashill,Offaly
2ae19629-1aa6-13a3-e055-000000000001,2ae19629-1aa6-13a3-e055-000000000001,Gorteen,Offaly
2ae19629-1aa7-13a3-e055-000000000001,2ae19629-1aa7-13a3-e055-000000000001,Athleague West,Roscommon-Galway
2ae19629-1aa8-13a3-e055-000000000001,2ae19629-1aa8-13a3-e055-000000000001,Athlone West Rural,Roscommon-Galway
2ae19629-1aa9-13a3-e055-000000000001,2ae19629-1aa9-13a3-e055-000000000001,Aughrim East,Roscommon-Galway
2ae19629-1aaa-13a3-e055-000000000001,2ae19629-1aaa-13a3-e055-000000000001,Castleblayney Rural,Cavan-Monaghan
2ae19629-1aab-13a3-e055-000000000001,2ae19629-1aab-13a3-e055-000000000001,Castleshane,Cavan-Monaghan
2ae19629-1aac-13a3-e055-000000000001,2ae19629-1aac-13a3-e055-000000000001,Newbliss,Cavan-Monaghan
2ae19629-1aad-13a3-e055-000000000001,2ae19629-1aad-13a3-e055-000000000001,Rackwallace,Cavan-Monaghan
2ae19629-1aae-13a3-e055-000000000001,2ae19629-1aae-13a3-e055-000000000001,Gorteen,Offaly
2ae19629-1aaf-13a3-e055-000000000001,2ae19629-1aaf-13a3-e055-000000000001,Hammerlane,Offaly
2ae19629-1ab0-13a3-e055-000000000001,2ae19629-1ab0-13a3-e055-000000000001,Hinds,Offaly
2ae19629-1ab1-13a3-e055-000000000001,2ae19629-1ab1-13a3-e055-000000000001,Huntston,Offaly
2ae19629-1ab2-13a3-e055-000000000001,2ae19629-1ab2-13a3-e055-000000000001,Aughrim West,Roscommon-Galway
2ae19629-1ab3-13a3-e055-000000000001,2ae19629-1ab3-13a3-e055-000000000001,Ballaghaderreen,Roscommon-Galway
2ae19629-1ab4-13a3-e055-000000000001,2ae19629-1ab4-13a3-e055-000000000001,Church Hill,Cavan-Monaghan
2ae19629-1ab5-13a3-e055-000000000001,2ae19629-1ab5-13a3-e055-000000000001,Clones,Cavan-Monaghan
2ae19629-1ab6-13a3-e055-000000000001,2ae19629-1ab6-13a3-e055-000000000001,Clones Rural,Cavan-Monaghan
2ae19629-1ab7-13a3-e055-000000000001,2ae19629-1ab7-13a3-e055-000000000001,Raferagh,Cavan-Monaghan
2ae19629-1ab8-13a3-e055-000000000001,2ae19629-1ab8-13a3-e055-000000000001,Scotstown,Cavan-Monaghan
2ae19629-1ab9-13a3-e055-000000000001,2ae19629-1ab9-13a3-e055-000000000001,Kilclonfert,Offaly
2ae19629-1aba-13a3-e055-000000000001,2ae19629-1aba-13a3-e055-000000000001,Kilcolman,Offaly
2ae19629-1abb-13a3-e055-000000000001,2ae19629-1abb-13a3-e055-000000000001,Kilcormac,Offaly
2ae19629-1abc-13a3-e055-000000000001,2ae19629-1abc-13a3-e055-000000000001,Ballinlough,Roscommon-Galway
2ae19629-1abd-13a3-e055-000000000001,2ae19629-1abd-13a3-e055-000000000001,Ballintober,Roscommon-Galway
2ae19629-1abe-13a3-e055-000000000001,2ae19629-1abe-13a3-e055-000000000001,Clones Urban,Cavan-Monaghan
2ae19629-1abf-13a3-e055-000000000001,2ae19629-1abf-13a3-e055-000000000001,Clontibret,Cavan-Monaghan
2ae19629-1ac0-13a3-e055-000000000001,2ae19629-1ac0-13a3-e055-000000000001,Cormeen,Cavan-Monaghan
2ae19629-1ac1-13a3-e055-000000000001,2ae19629-1ac1-13a3-e055-000000000001,Corracharra,Cavan-Monaghan
2ae19629-1ac2-13a3-e055-000000000001,2ae19629-1ac2-13a3-e055-000000000001,Shanmullagh,Cavan-Monaghan
2ae19629-1ac3-13a3-e055-000000000001,2ae19629-1ac3-13a3-e055-000000000001,Sheskin,Cavan-Monaghan
2ae19629-1ac4-13a3-e055-000000000001,2ae19629-1ac4-13a3-e055-000000000001,St. Tierney,Cavan-Monaghan
2ae19629-1ac5-13a3-e055-000000000001,2ae19629-1ac5-13a3-e055-000000000001,Tedavnet,Cavan-Monaghan
2ae19629-1ac6-13a3-e055-000000000001,2ae19629-1ac6-13a3-e055-000000000001,Kilcumreragh,Offaly
2ae19629-1ac7-13a3-e055-000000000001,2ae19629-1ac7-13a3-e055-000000000001,Killeigh,Offaly
2ae19629-1ac8-13a3-e055-000000000001,2ae19629-1ac8-13a3-e055-000000000001,Killooly,Offaly
2ae19629-1ac9-13a3-e055-000000000001,2ae19629-1ac9-13a3-e055-000000000001,Ballydangan,Roscommon-Galway
2ae19629-1aca-13a3-e055-000000000001,2ae19629-1aca-13a3-e055-000000000001,Ballyfarnan,Roscommon-Galway
2ae19629-1acb-13a3-e055-000000000001,2ae19629-1acb-13a3-e055-000000000001,Ballyformoyle,Roscommon-Galway
2ae19629-1acc-13a3-e055-000000000001,2ae19629-1acc-13a3-e055-000000000001,Creeve,Cavan-Monaghan
2ae19629-1acd-13a3-e055-000000000001,2ae19629-1acd-13a3-e055-000000000001,Cremartin,Cavan-Monaghan
2ae19629-1ace-13a3-e055-000000000001,2ae19629-1ace-13a3-e055-000000000001,Crossalare,Cavan-Monaghan
2ae19629-1acf-13a3-e055-000000000001,2ae19629-1acf-13a3-e055-000000000001,Tehallan,Cavan-Monaghan
2ae19629-1ad0-13a3-e055-000000000001,2ae19629-1ad0-13a3-e055-000000000001,Tullycorbet,Cavan-Monaghan
2ae19629-1ad1-13a3-e055-000000000001,2ae19629-1ad1-13a3-e055-000000000001,Killoughy,Offaly
2ae19629-1ad2-13a3-e055-000000000001,2ae19629-1ad2-13a3-e055-000000000001,Killyon,Offaly
2ae19629-1ad3-13a3-e055-000000000001,2ae19629-1ad3-13a3-e055-000000000001,Kinnitty,Offaly
2ae19629-1ad4-13a3-e055-000000000001,2ae19629-1ad4-13a3-e055-000000000001,Knockbarron,Offaly
2ae19629-1ad5-13a3-e055-000000000001,2ae19629-1ad5-13a3-e055-000000000001,Ballygarden,Roscommon-Galway
2ae19629-1ad6-13a3-e055-000000000001,2ae19629-1ad6-13a3-e055-000000000001,Ballynamona,Roscommon-Galway
2ae19629-1ad7-13a3-e055-000000000001,2ae19629-1ad7-13a3-e055-000000000001,Baslick,Roscommon-Galway
2ae19629-1ad8-13a3-e055-000000000001,2ae19629-1ad8-13a3-e055-000000000001,Currin,Cavan-Monaghan
2ae19629-1ad9-13a3-e055-000000000001,2ae19629-1ad9-13a3-e055-000000000001,Dawsongrove,Cavan-Monaghan
2ae19629-1ada-13a3-e055-000000000001,2ae19629-1ada-13a3-e055-000000000001,Aghancon,Offaly
2ae19629-1adc-13a3-e055-000000000001,2ae19629-1adc-13a3-e055-000000000001,Ballincor,Offaly
2ae19629-1add-13a3-e055-000000000001,2ae19629-1add-13a3-e055-000000000001,Ballyburly,Offaly
2ae19629-1ade-13a3-e055-000000000001,2ae19629-1ade-13a3-e055-000000000001,Knockdrin,Offaly
2ae19629-1adf-13a3-e055-000000000001,2ae19629-1adf-13a3-e055-000000000001,Lea,Offaly
2ae19629-1ae0-13a3-e055-000000000001,2ae19629-1ae0-13a3-e055-000000000001,Letter,Offaly
2ae19629-1ae1-13a3-e055-000000000001,2ae19629-1ae1-13a3-e055-000000000001,Lumcloon,Offaly
2ae19629-1ae2-13a3-e055-000000000001,2ae19629-1ae2-13a3-e055-000000000001,Bellanagare,Roscommon-Galway
2ae19629-1ae3-13a3-e055-000000000001,2ae19629-1ae3-13a3-e055-000000000001,Boyle Rural,Roscommon-Galway
2ae19629-1ae4-13a3-e055-000000000001,2ae19629-1ae4-13a3-e055-000000000001,Boyle Urban,Roscommon-Galway
2ae19629-1ae5-13a3-e055-000000000001,2ae19629-1ae5-13a3-e055-000000000001,Breedoge,Roscommon-Galway
2ae19629-1ae6-13a3-e055-000000000001,2ae19629-1ae6-13a3-e055-000000000001,Derrygorry,Cavan-Monaghan
2ae19629-1ae7-13a3-e055-000000000001,2ae19629-1ae7-13a3-e055-000000000001,Donaghmoyne,Cavan-Monaghan
2ae19629-1ae8-13a3-e055-000000000001,2ae19629-1ae8-13a3-e055-000000000001,Ballycommon,Offaly
2ae19629-1ae9-13a3-e055-000000000001,2ae19629-1ae9-13a3-e055-000000000001,Ballycumber,Offaly
2ae19629-1aea-13a3-e055-000000000001,2ae19629-1aea-13a3-e055-000000000001,Ballymacwilliam,Offaly
2ae19629-1aeb-13a3-e055-000000000001,2ae19629-1aeb-13a3-e055-000000000001,Ballyshear,Offaly
2ae19629-1aec-13a3-e055-000000000001,2ae19629-1aec-13a3-e055-000000000001,Lusmagh,Offaly
2ae19629-1aed-13a3-e055-000000000001,2ae19629-1aed-13a3-e055-000000000001,Monasteroris,Offaly
2ae19629-1aee-13a3-e055-000000000001,2ae19629-1aee-13a3-e055-000000000001,Mountbriscoe,Offaly
2ae19629-1aef-13a3-e055-000000000001,2ae19629-1aef-13a3-e055-000000000001,Buckill,Roscommon-Galway
2ae19629-1af0-13a3-e055-000000000001,2ae19629-1af0-13a3-e055-000000000001,Bumlin,Roscommon-Galway
2ae19629-1af1-13a3-e055-000000000001,2ae19629-1af1-13a3-e055-000000000001,Caltragh,Roscommon-Galway
2ae19629-1af2-13a3-e055-000000000001,2ae19629-1af2-13a3-e055-000000000001,Drum,Cavan-Monaghan
2ae19629-1af3-13a3-e055-000000000001,2ae19629-1af3-13a3-e055-000000000001,Drumboory,Cavan-Monaghan
2ae19629-1af4-13a3-e055-000000000001,2ae19629-1af4-13a3-e055-000000000001,Drumcarrow,Cavan-Monaghan
2ae19629-1af5-13a3-e055-000000000001,2ae19629-1af5-13a3-e055-000000000001,Banagher,Offaly
2ae19629-1af6-13a3-e055-000000000001,2ae19629-1af6-13a3-e055-000000000001,Barna,Offaly
2ae19629-1af7-13a3-e055-000000000001,2ae19629-1af7-13a3-e055-000000000001,Bawn,Offaly
2ae19629-1af8-13a3-e055-000000000001,2ae19629-1af8-13a3-e055-000000000001,Mounterin,Offaly
2ae19629-1af9-13a3-e055-000000000001,2ae19629-1af9-13a3-e055-000000000001,Mountheaton,Offaly
2ae19629-1afa-13a3-e055-000000000001,2ae19629-1afa-13a3-e055-000000000001,Moyclare,Offaly
2ae19629-1afb-13a3-e055-000000000001,2ae19629-1afb-13a3-e055-000000000001,O'dempsey,Offaly
2ae19629-1afc-13a3-e055-000000000001,2ae19629-1afc-13a3-e055-000000000001,Cams,Roscommon-Galway
2ae19629-1afd-13a3-e055-000000000001,2ae19629-1afd-13a3-e055-000000000001,Carnagh,Roscommon-Galway
2ae19629-1afe-13a3-e055-000000000001,2ae19629-1afe-13a3-e055-000000000001,Carrowduff,Roscommon-Galway
2ae19629-1aff-13a3-e055-000000000001,2ae19629-1aff-13a3-e055-000000000001,Ballybroder,Longford-Westmeath
2ae19629-1b00-13a3-e055-000000000001,2ae19629-1b00-13a3-e055-000000000001,Ballyhealy,Longford-Westmeath
2ae19629-1b01-13a3-e055-000000000001,2ae19629-1b01-13a3-e055-000000000001,Ballykilmore,Longford-Westmeath
2ae19629-1b02-13a3-e055-000000000001,2ae19629-1b02-13a3-e055-000000000001,Ballymore,Longford-Westmeath
2ae19629-1b03-13a3-e055-000000000001,2ae19629-1b03-13a3-e055-000000000001,Kilbeggan,Longford-Westmeath
2ae19629-1b04-13a3-e055-000000000001,2ae19629-1b04-13a3-e055-000000000001,Kilbixy,Longford-Westmeath
2ae19629-1b05-13a3-e055-000000000001,2ae19629-1b05-13a3-e055-000000000001,Kilcumny,Longford-Westmeath
2ae19629-1b06-13a3-e055-000000000001,2ae19629-1b06-13a3-e055-000000000001,Ballycarney,Wicklow-Wexford
2ae19629-1b07-13a3-e055-000000000001,2ae19629-1b07-13a3-e055-000000000001,Ballyellis,Wicklow-Wexford
2ae19629-1b08-13a3-e055-000000000001,2ae19629-1b08-13a3-e055-000000000001,Ballygarrett,Wicklow-Wexford
2ae19629-1b09-13a3-e055-000000000001,2ae19629-1b09-13a3-e055-000000000001,Modelligo,Waterford
2ae19629-1b0a-13a3-e055-000000000001,2ae19629-1b0a-13a3-e055-000000000001,Modelligo,Waterford
2ae19629-1b0b-13a3-e055-000000000001,2ae19629-1b0b-13a3-e055-000000000001,Kilcumreragh,Longford-Westmeath
2ae19629-1b0c-13a3-e055-000000000001,2ae19629-1b0c-13a3-e055-000000000001,Killare,Longford-Westmeath
2ae19629-1b0d-13a3-e055-000000000001,2ae19629-1b0d-13a3-e055-000000000001,Killinure,Longford-Westmeath
2ae19629-1b0e-13a3-e055-000000000001,2ae19629-1b0e-13a3-e055-000000000001,Kilpatrick,Longford-Westmeath
2ae19629-1b0f-13a3-e055-000000000001,2ae19629-1b0f-13a3-e055-000000000001,Kinnegad,Longford-Westmeath
2ae19629-1b10-13a3-e055-000000000001,2ae19629-1b10-13a3-e055-000000000001,Kinturk,Longford-Westmeath
2ae19629-1b11-13a3-e055-000000000001,2ae19629-1b11-13a3-e055-000000000001,Knockarrow,Longford-Westmeath
2ae19629-1b12-13a3-e055-000000000001,2ae19629-1b12-13a3-e055-000000000001,Ballyhack,Wexford
2ae19629-1b13-13a3-e055-000000000001,2ae19629-1b13-13a3-e055-000000000001,Ballyhoge,Wexford
2ae19629-1b14-13a3-e055-000000000001,2ae19629-1b14-13a3-e055-000000000001,Ballyhuskard,Wexford
2ae19629-1b15-13a3-e055-000000000001,2ae19629-1b15-13a3-e055-000000000001,Mothel,Waterford
2ae19629-1b16-13a3-e055-000000000001,2ae19629-1b16-13a3-e055-000000000001,Mountkennedy,Waterford
2ae19629-1b17-13a3-e055-000000000001,2ae19629-1b17-13a3-e055-000000000001,Mountstuart,Waterford
2ae19629-1b18-13a3-e055-000000000001,2ae19629-1b18-13a3-e055-000000000001,Killua,Longford-Westmeath
2ae19629-1b19-13a3-e055-000000000001,2ae19629-1b19-13a3-e055-000000000001,Killucan,Longford-Westmeath
2ae19629-1b1a-13a3-e055-000000000001,2ae19629-1b1a-13a3-e055-000000000001,Killulagh,Longford-Westmeath
2ae19629-1b1b-13a3-e055-000000000001,2ae19629-1b1b-13a3-e055-000000000001,Knockdrin,Longford-Westmeath
2ae19629-1b1c-13a3-e055-000000000001,2ae19629-1b1c-13a3-e055-000000000001,Lackan,Longford-Westmeath
2ae19629-1b1d-13a3-e055-000000000001,2ae19629-1b1d-13a3-e055-000000000001,Lauree,Longford-Westmeath
2ae19629-1b1e-13a3-e055-000000000001,2ae19629-1b1e-13a3-e055-000000000001,Colligan,Waterford
2ae19629-1b1f-13a3-e055-000000000001,2ae19629-1b1f-13a3-e055-000000000001,Comeragh,Waterford
2ae19629-1b20-13a3-e055-000000000001,2ae19629-1b20-13a3-e055-000000000001,Coumaraglin,Waterford
2ae19629-1b21-13a3-e055-000000000001,2ae19629-1b21-13a3-e055-000000000001,Newcastle,Waterford
2ae19629-1b22-13a3-e055-000000000001,2ae19629-1b22-13a3-e055-000000000001,Newtown,Waterford
2ae19629-1b23-13a3-e055-000000000001,2ae19629-1b23-13a3-e055-000000000001,Pembrokestown,Waterford
2ae19629-1b24-13a3-e055-000000000001,2ae19629-1b24-13a3-e055-000000000001,Ballynagore,Longford-Westmeath
2ae19629-1b25-13a3-e055-000000000001,2ae19629-1b25-13a3-e055-000000000001,Ballynaskeagh,Longford-Westmeath
2ae19629-1b26-13a3-e055-000000000001,2ae19629-1b26-13a3-e055-000000000001,Bellanalack,Longford-Westmeath
2ae19629-1b27-13a3-e055-000000000001,2ae19629-1b27-13a3-e055-000000000001,Belvidere,Longford-Westmeath
2ae19629-1b28-13a3-e055-000000000001,2ae19629-1b28-13a3-e055-000000000001,Middleton,Longford-Westmeath
2ae19629-1b29-13a3-e055-000000000001,2ae19629-1b29-13a3-e055-000000000001,Moate,Longford-Westmeath
2ae19629-1b2a-13a3-e055-000000000001,2ae19629-1b2a-13a3-e055-000000000001,Mount Temple,Longford-Westmeath
2ae19629-1b2b-13a3-e055-000000000001,2ae19629-1b2b-13a3-e055-000000000001,Dromana,Waterford
2ae19629-1b2c-13a3-e055-000000000001,2ae19629-1b2c-13a3-e055-000000000001,Dromore,Waterford
2ae19629-1b2d-13a3-e055-000000000001,2ae19629-1b2d-13a3-e055-000000000001,Drumcannon,Waterford
2ae19629-1b2e-13a3-e055-000000000001,2ae19629-1b2e-13a3-e055-000000000001,Portlaw,Waterford
2ae19629-1b2f-13a3-e055-000000000001,2ae19629-1b2f-13a3-e055-000000000001,Rathgormuck,Waterford
2ae19629-1b30-13a3-e055-000000000001,2ae19629-1b30-13a3-e055-000000000001,Rathmoylan,Waterford
2ae19629-1b31-13a3-e055-000000000001,2ae19629-1b31-13a3-e055-000000000001,Boherquill,Longford-Westmeath
2ae19629-1b32-13a3-e055-000000000001,2ae19629-1b32-13a3-e055-000000000001,Bracklin,Longford-Westmeath
2ae19629-1b33-13a3-e055-000000000001,2ae19629-1b33-13a3-e055-000000000001,Carn,Longford-Westmeath
2ae19629-1b34-13a3-e055-000000000001,2ae19629-1b34-13a3-e055-000000000001,Carrick,Longford-Westmeath
2ae19629-1b35-13a3-e055-000000000001,2ae19629-1b35-13a3-e055-000000000001,Moydrum,Longford-Westmeath
2ae19629-1b36-13a3-e055-000000000001,2ae19629-1b36-13a3-e055-000000000001,Muckanagh,Longford-Westmeath
2ae19629-1b37-13a3-e055-000000000001,2ae19629-1b37-13a3-e055-000000000001,Mullingar Rural,Longford-Westmeath
2ae19629-1b38-13a3-e055-000000000001,2ae19629-1b38-13a3-e055-000000000001,Drumroe,Waterford
2ae19629-1b39-13a3-e055-000000000001,2ae19629-1b39-13a3-e055-000000000001,Dungarvan No. 1 Urban,Waterford
2ae19629-1b3a-13a3-e055-000000000001,2ae19629-1b3a-13a3-e055-000000000001,Dungarvan No. 2 Urban,Waterford
2ae19629-1b3b-13a3-e055-000000000001,2ae19629-1b3b-13a3-e055-000000000001,Dungarvan Rural,Waterford
2ae19629-1b3c-13a3-e055-000000000001,2ae19629-1b3c-13a3-e055-000000000001,Dunhill,Waterford
2ae19629-1b3d-13a3-e055-000000000001,2ae19629-1b3d-13a3-e055-000000000001,Reisk,Waterford
2ae19629-1b3e-13a3-e055-000000000001,2ae19629-1b3e-13a3-e055-000000000001,Ringville,Waterford
2ae19629-1b3f-13a3-e055-000000000001,2ae19629-1b3f-13a3-e055-000000000001,Ross,Waterford
2ae19629-1b40-13a3-e055-000000000001,2ae19629-1b40-13a3-e055-000000000001,Castle,Longford-Westmeath
2ae19629-1b41-13a3-e055-000000000001,2ae19629-1b41-13a3-e055-000000000001,Castledaly,Longford-Westmeath
2ae19629-1b42-13a3-e055-000000000001,2ae19629-1b42-13a3-e055-000000000001,Castlelost,Longford-Westmeath
2ae19629-1b43-13a3-e055-000000000001,2ae19629-1b43-13a3-e055-000000000001,Mullingar South Urban,Longford-Westmeath
2ae19629-1b44-13a3-e055-000000000001,2ae19629-1b44-13a3-e055-000000000001,Multyfarnham,Longford-Westmeath
2ae19629-1b45-13a3-e055-000000000001,2ae19629-1b45-13a3-e055-000000000001,Newtown,Longford-Westmeath
2ae19629-1b46-13a3-e055-000000000001,2ae19629-1b46-13a3-e055-000000000001,Noughaval,Longford-Westmeath
2ae19629-1b47-13a3-e055-000000000001,2ae19629-1b47-13a3-e055-000000000001,Faithlegg,Waterford
2ae19629-1b48-13a3-e055-000000000001,2ae19629-1b48-13a3-e055-000000000001,Fenoagh,Waterford
2ae19629-1b49-13a3-e055-000000000001,2ae19629-1b49-13a3-e055-000000000001,Fews,Waterford
2ae19629-1b4a-13a3-e055-000000000001,2ae19629-1b4a-13a3-e055-000000000001,Seskinan,Waterford
2ae19629-1b4b-13a3-e055-000000000001,2ae19629-1b4b-13a3-e055-000000000001,St. Mary's,Waterford
2ae19629-1b4c-13a3-e055-000000000001,2ae19629-1b4c-13a3-e055-000000000001,Castletown,Longford-Westmeath
2ae19629-1b4d-13a3-e055-000000000001,2ae19629-1b4d-13a3-e055-000000000001,Churchtown,Longford-Westmeath
2ae19629-1b4e-13a3-e055-000000000001,2ae19629-1b4e-13a3-e055-000000000001,Owel,Longford-Westmeath
2ae19629-1b4f-13a3-e055-000000000001,2ae19629-1b4f-13a3-e055-000000000001,Piercetown,Longford-Westmeath
2ae19629-1b50-13a3-e055-000000000001,2ae19629-1b50-13a3-e055-000000000001,Portloman,Longford-Westmeath
2ae19629-1b51-13a3-e055-000000000001,2ae19629-1b51-13a3-e055-000000000001,Raharney,Longford-Westmeath
2ae19629-1b52-13a3-e055-000000000001,2ae19629-1b52-13a3-e055-000000000001,Fox's Castle,Waterford
2ae19629-1b53-13a3-e055-000000000001,2ae19629-1b53-13a3-e055-000000000001,Gardenmorris,Waterford
2ae19629-1b54-13a3-e055-000000000001,2ae19629-1b54-13a3-e055-000000000001,Georgestown,Waterford
2ae19629-1b55-13a3-e055-000000000001,2ae19629-1b55-13a3-e055-000000000001,Stradbally,Waterford
2ae19629-1b56-13a3-e055-000000000001,2ae19629-1b56-13a3-e055-000000000001,Tallow,Waterford
2ae19629-1b57-13a3-e055-000000000001,2ae19629-1b57-13a3-e055-000000000001,Cloghan,Longford-Westmeath
2ae19629-1b58-13a3-e055-000000000001,2ae19629-1b58-13a3-e055-000000000001,Clonarney,Longford-Westmeath
2ae19629-1b59-13a3-e055-000000000001,2ae19629-1b59-13a3-e055-000000000001,Clonfad,Longford-Westmeath
2ae19629-1b5a-13a3-e055-000000000001,2ae19629-1b5a-13a3-e055-000000000001,Rahugh,Longford-Westmeath
2ae19629-1b5b-13a3-e055-000000000001,2ae19629-1b5b-13a3-e055-000000000001,Rathconrath,Longford-Westmeath
2ae19629-1b5c-13a3-e055-000000000001,2ae19629-1b5c-13a3-e055-000000000001,Rathowen,Longford-Westmeath
2ae19629-1b5d-13a3-e055-000000000001,2ae19629-1b5d-13a3-e055-000000000001,Riverdale,Longford-Westmeath
2ae19629-1b5e-13a3-e055-000000000001,2ae19629-1b5e-13a3-e055-000000000001,Glen,Waterford
2ae19629-1b5f-13a3-e055-000000000001,2ae19629-1b5f-13a3-e055-000000000001,Glenwilliam,Waterford
2ae19629-1b60-13a3-e055-000000000001,2ae19629-1b60-13a3-e055-000000000001,Gortnapeaky,Waterford
2ae19629-1b61-13a3-e055-000000000001,2ae19629-1b61-13a3-e055-000000000001,Templemichael,Waterford
2ae19629-1b62-13a3-e055-000000000001,2ae19629-1b62-13a3-e055-000000000001,Tinnasaggart,Waterford
2ae19629-1b63-13a3-e055-000000000001,2ae19629-1b63-13a3-e055-000000000001,Lismore Urban,Waterford
2ae19629-1b64-13a3-e055-000000000001,2ae19629-1b64-13a3-e055-000000000001,Clonlost,Longford-Westmeath
2ae19629-1b65-13a3-e055-000000000001,2ae19629-1b65-13a3-e055-000000000001,Collinstown,Longford-Westmeath
2ae19629-1b66-13a3-e055-000000000001,2ae19629-1b66-13a3-e055-000000000001,Coole,Longford-Westmeath
2ae19629-1b67-13a3-e055-000000000001,2ae19629-1b67-13a3-e055-000000000001,Coolure,Longford-Westmeath
2ae19629-1b68-13a3-e055-000000000001,2ae19629-1b68-13a3-e055-000000000001,Rosmead,Longford-Westmeath
2ae19629-1b69-13a3-e055-000000000001,2ae19629-1b69-13a3-e055-000000000001,Russellstown,Longford-Westmeath
2ae19629-1b6a-13a3-e055-000000000001,2ae19629-1b6a-13a3-e055-000000000001,Skeagh,Longford-Westmeath
2ae19629-1b6b-13a3-e055-000000000001,2ae19629-1b6b-13a3-e055-000000000001,Sonna,Longford-Westmeath
2ae19629-1b6c-13a3-e055-000000000001,2ae19629-1b6c-13a3-e055-000000000001,Graignagower,Waterford
2ae19629-1b6d-13a3-e055-000000000001,2ae19629-1b6d-13a3-e055-000000000001,Grallagh,Waterford
2ae19629-1b6e-13a3-e055-000000000001,2ae19629-1b6e-13a3-e055-000000000001,Grange,Waterford
2ae19629-1b6f-13a3-e055-000000000001,2ae19629-1b6f-13a3-e055-000000000001,Tramore,Waterford
2ae19629-1b70-13a3-e055-000000000001,2ae19629-1b70-13a3-e055-000000000001,Whitechurch,Waterford
2ae19629-1b71-13a3-e055-000000000001,2ae19629-1b71-13a3-e055-000000000001,Copperalley,Longford-Westmeath
2ae19629-1b72-13a3-e055-000000000001,2ae19629-1b72-13a3-e055-000000000001,Delvin,Longford-Westmeath
2ae19629-1b73-13a3-e055-000000000001,2ae19629-1b73-13a3-e055-000000000001,Derrymore,Longford-Westmeath
2ae19629-1b74-13a3-e055-000000000001,2ae19629-1b74-13a3-e055-000000000001,Doonis,Longford-Westmeath
2ae19629-1b75-13a3-e055-000000000001,2ae19629-1b75-13a3-e055-000000000001,Stonehall,Longford-Westmeath
2ae19629-1b76-13a3-e055-000000000001,2ae19629-1b76-13a3-e055-000000000001,Streamstown,Longford-Westmeath
2ae19629-1b77-13a3-e055-000000000001,2ae19629-1b77-13a3-e055-000000000001,Street,Longford-Westmeath
2ae19629-1b78-13a3-e055-000000000001,2ae19629-1b78-13a3-e055-000000000001,Gurteen,Waterford
2ae19629-1b79-13a3-e055-000000000001,2ae19629-1b79-13a3-e055-000000000001,Islandikane,Waterford
2ae19629-1b7a-13a3-e055-000000000001,2ae19629-1b7a-13a3-e055-000000000001,Keereen,Waterford
2ae19629-1b7b-13a3-e055-000000000001,2ae19629-1b7b-13a3-e055-000000000001,Kilbarry,Waterford
2ae19629-1b7c-13a3-e055-000000000001,2ae19629-1b7c-13a3-e055-000000000001,Kilbarrymeaden,Waterford
2ae19629-1b7d-13a3-e055-000000000001,2ae19629-1b7d-13a3-e055-000000000001,Woodstown,Waterford
2ae19629-1b7e-13a3-e055-000000000001,2ae19629-1b7e-13a3-e055-000000000001,Ballybeg North,Waterford
2ae19629-1b80-13a3-e055-000000000001,2ae19629-1b80-13a3-e055-000000000001,Ballybricken,Waterford
2ae19629-1b81-13a3-e055-000000000001,2ae19629-1b81-13a3-e055-000000000001,Ballymaclode,Waterford
2ae19629-1b82-13a3-e055-000000000001,2ae19629-1b82-13a3-e055-000000000001,Ballynakill,Waterford
2ae19629-1b83-13a3-e055-000000000001,2ae19629-1b83-13a3-e055-000000000001,Drumraney,Longford-Westmeath
2ae19629-1b84-13a3-e055-000000000001,2ae19629-1b84-13a3-e055-000000000001,Dysart,Longford-Westmeath
2ae19629-1b85-13a3-e055-000000000001,2ae19629-1b85-13a3-e055-000000000001,Emper,Longford-Westmeath
2ae19629-1b86-13a3-e055-000000000001,2ae19629-1b86-13a3-e055-000000000001,Enniscoffey,Longford-Westmeath
2ae19629-1b87-13a3-e055-000000000001,2ae19629-1b87-13a3-e055-000000000001,Taghmon,Longford-Westmeath
2ae19629-1b88-13a3-e055-000000000001,2ae19629-1b88-13a3-e055-000000000001,Templepatrick,Longford-Westmeath
2ae19629-1b89-13a3-e055-000000000001,2ae19629-1b89-13a3-e055-000000000001,Tubbrit,Longford-Westmeath
2ae19629-1b8a-13a3-e055-000000000001,2ae19629-1b8a-13a3-e055-000000000001,Kilcockan,Waterford
2ae19629-1b8b-13a3-e055-000000000001,2ae19629-1b8b-13a3-e055-000000000001,Killea,Waterford
2ae19629-1b8c-13a3-e055-000000000001,2ae19629-1b8c-13a3-e055-000000000001,Killoteran,Waterford
2ae19629-1b8e-13a3-e055-000000000001,2ae19629-1b8e-13a3-e055-000000000001,Ballytruckle,Waterford
2ae19629-1b8f-13a3-e055-000000000001,2ae19629-1b8f-13a3-e055-000000000001,Bilberry,Waterford
2ae19629-1b90-13a3-e055-000000000001,2ae19629-1b90-13a3-e055-000000000001,Centre A,Waterford
2ae19629-1b91-13a3-e055-000000000001,2ae19629-1b91-13a3-e055-000000000001,Centre B,Waterford
2ae19629-1b92-13a3-e055-000000000001,2ae19629-1b92-13a3-e055-000000000001,Cleaboy,Waterford
2ae19629-1b93-13a3-e055-000000000001,2ae19629-1b93-13a3-e055-000000000001,Custom House A,Waterford
2ae19629-1b94-13a3-e055-000000000001,2ae19629-1b94-13a3-e055-000000000001,Custom House B,Waterford
2ae19629-1b95-13a3-e055-000000000001,2ae19629-1b95-13a3-e055-000000000001,Farranshoneen,Waterford
2ae19629-1b96-13a3-e055-000000000001,2ae19629-1b96-13a3-e055-000000000001,Ferrybank,Waterford
2ae19629-1b97-13a3-e055-000000000001,2ae19629-1b97-13a3-e055-000000000001,Faughalstown,Longford-Westmeath
2ae19629-1b98-13a3-e055-000000000001,2ae19629-1b98-13a3-e055-000000000001,Finnea,Longford-Westmeath
2ae19629-1b99-13a3-e055-000000000001,2ae19629-1b99-13a3-e055-000000000001,Fore East,Longford-Westmeath
2ae19629-1b9a-13a3-e055-000000000001,2ae19629-1b9a-13a3-e055-000000000001,Tullaghan,Longford-Westmeath
2ae19629-1b9b-13a3-e055-000000000001,2ae19629-1b9b-13a3-e055-000000000001,Umma,Longford-Westmeath
2ae19629-1b9c-13a3-e055-000000000001,2ae19629-1b9c-13a3-e055-000000000001,Winetown,Longford-Westmeath
2ae19629-1b9d-13a3-e055-000000000001,2ae19629-1b9d-13a3-e055-000000000001,Woodland,Longford-Westmeath
2ae19629-1b9e-13a3-e055-000000000001,2ae19629-1b9e-13a3-e055-000000000001,Mullingar North Urban,Longford-Westmeath
2ae19629-1b9f-13a3-e055-000000000001,2ae19629-1b9f-13a3-e055-000000000001,Kilmacleague,Waterford
2ae19629-1ba0-13a3-e055-000000000001,2ae19629-1ba0-13a3-e055-000000000001,Kilmacomma,Waterford
2ae19629-1ba1-13a3-e055-000000000001,2ae19629-1ba1-13a3-e055-000000000001,Kilmacthomas,Waterford
2ae19629-1ba2-13a3-e055-000000000001,2ae19629-1ba2-13a3-e055-000000000001,Gracedieu,Waterford
2ae19629-1ba3-13a3-e055-000000000001,2ae19629-1ba3-13a3-e055-000000000001,Grange South,Waterford
2ae19629-1ba4-13a3-e055-000000000001,2ae19629-1ba4-13a3-e055-000000000001,Grange Upper,Waterford
2ae19629-1ba5-13a3-e055-000000000001,2ae19629-1ba5-13a3-e055-000000000001,Kilbarry,Waterford
2ae19629-1ba6-13a3-e055-000000000001,2ae19629-1ba6-13a3-e055-000000000001,Kingsmeadow,Waterford
2ae19629-1ba7-13a3-e055-000000000001,2ae19629-1ba7-13a3-e055-000000000001,Larchville,Waterford
2ae19629-1ba8-13a3-e055-000000000001,2ae19629-1ba8-13a3-e055-000000000001,Lisduggan,Waterford
2ae19629-1ba9-13a3-e055-000000000001,2ae19629-1ba9-13a3-e055-000000000001,Military Road,Waterford
2ae19629-1baa-13a3-e055-000000000001,2ae19629-1baa-13a3-e055-000000000001,Morrisson's Avenue East,Waterford
2ae19629-1bab-13a3-e055-000000000001,2ae19629-1bab-13a3-e055-000000000001,Morrisson's Avenue West,Waterford
2ae19629-1bac-13a3-e055-000000000001,2ae19629-1bac-13a3-e055-000000000001,Morrisson's Road,Waterford
2ae19629-1bad-13a3-e055-000000000001,2ae19629-1bad-13a3-e055-000000000001,Mount Sion,Waterford
2ae19629-1bae-13a3-e055-000000000001,2ae19629-1bae-13a3-e055-000000000001,Newport's Square,Waterford
2ae19629-1baf-13a3-e055-000000000001,2ae19629-1baf-13a3-e055-000000000001,Newtown,Waterford
2ae19629-1bb0-13a3-e055-000000000001,2ae19629-1bb0-13a3-e055-000000000001,Fore West,Longford-Westmeath
2ae19629-1bb1-13a3-e055-000000000001,2ae19629-1bb1-13a3-e055-000000000001,Gaybrook,Longford-Westmeath
2ae19629-1bb2-13a3-e055-000000000001,2ae19629-1bb2-13a3-e055-000000000001,Glassan,Longford-Westmeath
2ae19629-1bb3-13a3-e055-000000000001,2ae19629-1bb3-13a3-e055-000000000001,Adamstown,Wexford
2ae19629-1bb4-13a3-e055-000000000001,2ae19629-1bb4-13a3-e055-000000000001,Ardamine,Wicklow-Wexford
2ae19629-1bb5-13a3-e055-000000000001,2ae19629-1bb5-13a3-e055-000000000001,Kilmeadan,Waterford
2ae19629-1bb6-13a3-e055-000000000001,2ae19629-1bb6-13a3-e055-000000000001,Kilmeadan,Waterford
2ae19629-1bb7-13a3-e055-000000000001,2ae19629-1bb7-13a3-e055-000000000001,Kilronan,Waterford
2ae19629-1bb8-13a3-e055-000000000001,2ae19629-1bb8-13a3-e055-000000000001,Park,Waterford
2ae19629-1bb9-13a3-e055-000000000001,2ae19629-1bb9-13a3-e055-000000000001,Poleberry,Waterford
2ae19629-1bba-13a3-e055-000000000001,2ae19629-1bba-13a3-e055-000000000001,Roanmore,Waterford
2ae19629-1bbb-13a3-e055-000000000001,2ae19629-1bbb-13a3-e055-000000000001,Shortcourse,Waterford
2ae19629-1bbc-13a3-e055-000000000001,2ae19629-1bbc-13a3-e055-000000000001,Slievekeale,Waterford
2ae19629-1bbd-13a3-e055-000000000001,2ae19629-1bbd-13a3-e055-000000000001,The Glen,Waterford
2ae19629-1bbe-13a3-e055-000000000001,2ae19629-1bbe-13a3-e055-000000000001,Ticor North,Waterford
2ae19629-1bbf-13a3-e055-000000000001,2ae19629-1bbf-13a3-e055-000000000001,Ticor South,Waterford
2ae19629-1bc0-13a3-e055-000000000001,2ae19629-1bc0-13a3-e055-000000000001,Grange North,Waterford
2ae19629-1bc1-13a3-e055-000000000001,2ae19629-1bc1-13a3-e055-000000000001,Ardnaglew,Longford-Westmeath
2ae19629-1bc2-13a3-e055-000000000001,2ae19629-1bc2-13a3-e055-000000000001,Glenlough,Longford-Westmeath
2ae19629-1bc3-13a3-e055-000000000001,2ae19629-1bc3-13a3-e055-000000000001,Glore,Longford-Westmeath
2ae19629-1bc4-13a3-e055-000000000001,2ae19629-1bc4-13a3-e055-000000000001,Greenpark,Longford-Westmeath
2ae19629-1bc5-13a3-e055-000000000001,2ae19629-1bc5-13a3-e055-000000000001,Ardcavan,Wexford
2ae19629-1bc6-13a3-e055-000000000001,2ae19629-1bc6-13a3-e055-000000000001,Ardcolm,Wexford
2ae19629-1bc7-13a3-e055-000000000001,2ae19629-1bc7-13a3-e055-000000000001,Kilwatermoy East,Waterford
2ae19629-1bc8-13a3-e055-000000000001,2ae19629-1bc8-13a3-e055-000000000001,Kilwatermoy West,Waterford
2ae19629-1bc9-13a3-e055-000000000001,2ae19629-1bc9-13a3-e055-000000000001,Kinsalebeg,Waterford
2ae19629-1bca-13a3-e055-000000000001,2ae19629-1bca-13a3-e055-000000000001,Ardnagragh,Longford-Westmeath
2ae19629-1bcb-13a3-e055-000000000001,2ae19629-1bcb-13a3-e055-000000000001,Athlone East Urban,Longford-Westmeath
2ae19629-1bcc-13a3-e055-000000000001,2ae19629-1bcc-13a3-e055-000000000001,Athlone East Rural,Longford-Westmeath
2ae19629-1bcd-13a3-e055-000000000001,2ae19629-1bcd-13a3-e055-000000000001,Athlone West Urban,Longford-Westmeath
2ae19629-1bce-13a3-e055-000000000001,2ae19629-1bce-13a3-e055-000000000001,Auburn,Longford-Westmeath
2ae19629-1bcf-13a3-e055-000000000001,2ae19629-1bcf-13a3-e055-000000000001,Griffinstown,Longford-Westmeath
2ae19629-1bd0-13a3-e055-000000000001,2ae19629-1bd0-13a3-e055-000000000001,Heathstown,Longford-Westmeath
2ae19629-1bd1-13a3-e055-000000000001,2ae19629-1bd1-13a3-e055-000000000001,Hilltown,Longford-Westmeath
2ae19629-1bd2-13a3-e055-000000000001,2ae19629-1bd2-13a3-e055-000000000001,Milltown,Longford-Westmeath
2ae19629-1bd3-13a3-e055-000000000001,2ae19629-1bd3-13a3-e055-000000000001,Artramon,Wexford
2ae19629-1bd4-13a3-e055-000000000001,2ae19629-1bd4-13a3-e055-000000000001,Aughwilliam,Wexford
2ae19629-1bd5-13a3-e055-000000000001,2ae19629-1bd5-13a3-e055-000000000001,Ballindaggan,Wicklow-Wexford
2ae19629-1bd6-13a3-e055-000000000001,2ae19629-1bd6-13a3-e055-000000000001,Knockaunbrandaun,Waterford
2ae19629-1bd7-13a3-e055-000000000001,2ae19629-1bd7-13a3-e055-000000000001,Knockmahon,Waterford
2ae19629-1bd8-13a3-e055-000000000001,2ae19629-1bd8-13a3-e055-000000000001,Lismore Rural,Waterford
2ae19629-1bd9-13a3-e055-000000000001,2ae19629-1bd9-13a3-e055-000000000001,Mocollop,Waterford
2ae19629-1bda-13a3-e055-000000000001,2ae19629-1bda-13a3-e055-000000000001,Ballinalack,Longford-Westmeath
2ae19629-1bdb-13a3-e055-000000000001,2ae19629-1bdb-13a3-e055-000000000001,Ballinlough,Longford-Westmeath
2ae19629-1bdc-13a3-e055-000000000001,2ae19629-1bdc-13a3-e055-000000000001,Ballymorin,Longford-Westmeath
2ae19629-1bdd-13a3-e055-000000000001,2ae19629-1bdd-13a3-e055-000000000001,Hopestown,Longford-Westmeath
2ae19629-1bde-13a3-e055-000000000001,2ae19629-1bde-13a3-e055-000000000001,Huntingdon,Longford-Westmeath
2ae19629-1bdf-13a3-e055-000000000001,2ae19629-1bdf-13a3-e055-000000000001,Jamestown,Longford-Westmeath
2ae19629-1be0-13a3-e055-000000000001,2ae19629-1be0-13a3-e055-000000000001,Ballyanne,Wexford
2ae19629-1be1-13a3-e055-000000000001,2ae19629-1be1-13a3-e055-000000000001,Ballybeg,Wicklow-Wexford
2ae19629-1be2-13a3-e055-000000000001,2ae19629-1be2-13a3-e055-000000000001,Ballycanew,Wicklow-Wexford
2ae19629-1be3-13a3-e055-000000000001,2ae19629-1be3-13a3-e055-000000000001,Carriglea,Waterford
2ae19629-1be4-13a3-e055-000000000001,2ae19629-1be4-13a3-e055-000000000001,Castlerichard,Waterford
2ae19629-1be5-13a3-e055-000000000001,2ae19629-1be5-13a3-e055-000000000001,Clashmore,Waterford
2ae19629-1be6-13a3-e055-000000000001,2ae19629-1be6-13a3-e055-000000000001,Coolagarranroe,Tipperary South
2ae19629-1be7-13a3-e055-000000000001,2ae19629-1be7-13a3-e055-000000000001,Cooleagh,Tipperary South
2ae19629-1be8-13a3-e055-000000000001,2ae19629-1be8-13a3-e055-000000000001,Crohane,Tipperary South
2ae19629-1be9-13a3-e055-000000000001,2ae19629-1be9-13a3-e055-000000000001,Killoscully,Tipperary North
2ae19629-1bea-13a3-e055-000000000001,2ae19629-1bea-13a3-e055-000000000001,Kilmore,Tipperary North
2ae19629-1beb-13a3-e055-000000000001,2ae19629-1beb-13a3-e055-000000000001,Rathlynin,Tipperary South
2ae19629-1bec-13a3-e055-000000000001,2ae19629-1bec-13a3-e055-000000000001,Rathnaveoge,Tipperary North
2ae19629-1bed-13a3-e055-000000000001,2ae19629-1bed-13a3-e055-000000000001,Redwood,Tipperary North
2ae19629-1bee-13a3-e055-000000000001,2ae19629-1bee-13a3-e055-000000000001,Clonea,Waterford
2ae19629-1bef-13a3-e055-000000000001,2ae19629-1bef-13a3-e055-000000000001,Clonea,Waterford
2ae19629-1bf0-13a3-e055-000000000001,2ae19629-1bf0-13a3-e055-000000000001,Cullen,Tipperary South
2ae19629-1bf1-13a3-e055-000000000001,2ae19629-1bf1-13a3-e055-000000000001,Curraheen,Tipperary North
2ae19629-1bf2-13a3-e055-000000000001,2ae19629-1bf2-13a3-e055-000000000001,Derrycastle,Tipperary North
2ae19629-1bf3-13a3-e055-000000000001,2ae19629-1bf3-13a3-e055-000000000001,Kilmucklin,Tipperary South
2ae19629-1bf4-13a3-e055-000000000001,2ae19629-1bf4-13a3-e055-000000000001,Kilmurry,Tipperary South
2ae19629-1bf5-13a3-e055-000000000001,2ae19629-1bf5-13a3-e055-000000000001,Riverstown,Tipperary North
2ae19629-1bf6-13a3-e055-000000000001,2ae19629-1bf6-13a3-e055-000000000001,Rodus,Tipperary South
2ae19629-1bf7-13a3-e055-000000000001,2ae19629-1bf7-13a3-e055-000000000001,Roscrea,Tipperary North
2ae19629-1bf8-13a3-e055-000000000001,2ae19629-1bf8-13a3-e055-000000000001,Ballymurreen,Tipperary South
2ae19629-1bf9-13a3-e055-000000000001,2ae19629-1bf9-13a3-e055-000000000001,Ballynaclogh,Tipperary North
2ae19629-1bfa-13a3-e055-000000000001,2ae19629-1bfa-13a3-e055-000000000001,Ballyphilip,Tipperary South
2ae19629-1bfb-13a3-e055-000000000001,2ae19629-1bfb-13a3-e055-000000000001,Derrygrath,Tipperary South
2ae19629-1bfc-13a3-e055-000000000001,2ae19629-1bfc-13a3-e055-000000000001,Dolla,Tipperary North
2ae19629-1bfd-13a3-e055-000000000001,2ae19629-1bfd-13a3-e055-000000000001,Donohill,Tipperary North
2ae19629-1bfe-13a3-e055-000000000001,2ae19629-1bfe-13a3-e055-000000000001,Kilnaneave,Tipperary North
2ae19629-1bff-13a3-e055-000000000001,2ae19629-1bff-13a3-e055-000000000001,Kilnarath,Tipperary North
2ae19629-1c00-13a3-e055-000000000001,2ae19629-1c00-13a3-e055-000000000001,Shronell,Tipperary South
2ae19629-1c01-13a3-e055-000000000001,2ae19629-1c01-13a3-e055-000000000001,Solloghodbeg,Tipperary South
2ae19629-1c02-13a3-e055-000000000001,2ae19629-1c02-13a3-e055-000000000001,Templederry,Tipperary North
2ae19629-1c03-13a3-e055-000000000001,2ae19629-1c03-13a3-e055-000000000001,Ballyporeen,Tipperary South
2ae19629-1c04-13a3-e055-000000000001,2ae19629-1c04-13a3-e055-000000000001,Ballysheehan,Tipperary South
2ae19629-1c05-13a3-e055-000000000001,2ae19629-1c05-13a3-e055-000000000001,Drangan,Tipperary South
2ae19629-1c06-13a3-e055-000000000001,2ae19629-1c06-13a3-e055-000000000001,Drom,Tipperary North
2ae19629-1c07-13a3-e055-000000000001,2ae19629-1c07-13a3-e055-000000000001,Drumwood,Tipperary South
2ae19629-1c08-13a3-e055-000000000001,2ae19629-1c08-13a3-e055-000000000001,Emly,Tipperary South
2ae19629-1c09-13a3-e055-000000000001,2ae19629-1c09-13a3-e055-000000000001,Kilpatrick,Tipperary South
2ae19629-1c0a-13a3-e055-000000000001,2ae19629-1c0a-13a3-e055-000000000001,Kilrush,Tipperary North
2ae19629-1c0b-13a3-e055-000000000001,2ae19629-1c0b-13a3-e055-000000000001,Templemore,Tipperary North
2ae19629-1c0c-13a3-e055-000000000001,2ae19629-1c0c-13a3-e055-000000000001,Templeneiry,Tipperary South
2ae19629-1c0d-13a3-e055-000000000001,2ae19629-1c0d-13a3-e055-000000000001,Templetouhy,Tipperary North
2ae19629-1c0e-13a3-e055-000000000001,2ae19629-1c0e-13a3-e055-000000000001,Terryglass,Tipperary North
2ae19629-1c0f-13a3-e055-000000000001,2ae19629-1c0f-13a3-e055-000000000001,Bansha,Tipperary South
2ae19629-1c10-13a3-e055-000000000001,2ae19629-1c10-13a3-e055-000000000001,Birdhill,Tipperary North
2ae19629-1c11-13a3-e055-000000000001,2ae19629-1c11-13a3-e055-000000000001,Borrisnafarney,Tipperary North
2ae19629-1c12-13a3-e055-000000000001,2ae19629-1c12-13a3-e055-000000000001,Farranrory,Tipperary South
2ae19629-1c13-13a3-e055-000000000001,2ae19629-1c13-13a3-e055-000000000001,Fennor,Tipperary North
2ae19629-1c14-13a3-e055-000000000001,2ae19629-1c14-13a3-e055-000000000001,Finnoe,Tipperary North
2ae19629-1c15-13a3-e055-000000000001,2ae19629-1c15-13a3-e055-000000000001,Killaloan/Kilsheelan,Tipperary South
2ae19629-1c16-13a3-e055-000000000001,2ae19629-1c16-13a3-e055-000000000001,Kiltinan,Tipperary South
2ae19629-1c17-13a3-e055-000000000001,2ae19629-1c17-13a3-e055-000000000001,Thomastown,Tipperary South
2ae19629-1c18-13a3-e055-000000000001,2ae19629-1c18-13a3-e055-000000000001,Thurles Rural,Tipperary North
2ae19629-1c19-13a3-e055-000000000001,2ae19629-1c19-13a3-e055-000000000001,Thurles Urban,Tipperary North
2ae19629-1c1a-13a3-e055-000000000001,2ae19629-1c1a-13a3-e055-000000000001,Borrisnoe,Tipperary North
2ae19629-1c1b-13a3-e055-000000000001,2ae19629-1c1b-13a3-e055-000000000001,Borrisokane,Tipperary North
2ae19629-1c1c-13a3-e055-000000000001,2ae19629-1c1c-13a3-e055-000000000001,Borrisoleigh,Tipperary North
2ae19629-1c1d-13a3-e055-000000000001,2ae19629-1c1d-13a3-e055-000000000001,Foilnaman,Tipperary North
2ae19629-1c1e-13a3-e055-000000000001,2ae19629-1c1e-13a3-e055-000000000001,Gaile,Tipperary North
2ae19629-1c1f-13a3-e055-000000000001,2ae19629-1c1f-13a3-e055-000000000001,Kilvemnon,Tipperary South
2ae19629-1c20-13a3-e055-000000000001,2ae19629-1c20-13a3-e055-000000000001,Knigh,Tipperary North
2ae19629-1c21-13a3-e055-000000000001,2ae19629-1c21-13a3-e055-000000000001,Timoney,Tipperary North
2ae19629-1c22-13a3-e055-000000000001,2ae19629-1c22-13a3-e055-000000000001,Tipperary East Urban,Tipperary South
2ae19629-1c23-13a3-e055-000000000001,2ae19629-1c23-13a3-e055-000000000001,Tipperary Rural,Tipperary South
2ae19629-1c24-13a3-e055-000000000001,2ae19629-1c24-13a3-e055-000000000001,Tipperary West Urban,Tipperary South
2ae19629-1c25-13a3-e055-000000000001,2ae19629-1c25-13a3-e055-000000000001,Bourney East,Tipperary North
2ae19629-1c26-13a3-e055-000000000001,2ae19629-1c26-13a3-e055-000000000001,Bourney West,Tipperary North
2ae19629-1c27-13a3-e055-000000000001,2ae19629-1c27-13a3-e055-000000000001,Bruis,Tipperary South
2ae19629-1c28-13a3-e055-000000000001,2ae19629-1c28-13a3-e055-000000000001,Garrangibbon,Tipperary South
2ae19629-1c29-13a3-e055-000000000001,2ae19629-1c29-13a3-e055-000000000001,Glengar,Tipperary North
2ae19629-1c2a-13a3-e055-000000000001,2ae19629-1c2a-13a3-e055-000000000001,Knockgraffon,Tipperary South
2ae19629-1c2c-13a3-e055-000000000001,2ae19629-1c2c-13a3-e055-000000000001,Latteragh,Tipperary North
2ae19629-1c2d-13a3-e055-000000000001,2ae19629-1c2d-13a3-e055-000000000001,Tubbrid,Tipperary South
2ae19629-1c2e-13a3-e055-000000000001,2ae19629-1c2e-13a3-e055-000000000001,Tullaghmelan,Tipperary South
2ae19629-1c2f-13a3-e055-000000000001,2ae19629-1c2f-13a3-e055-000000000001,Buolick,Tipperary North
2ae19629-1c30-13a3-e055-000000000001,2ae19629-1c30-13a3-e055-000000000001,Burgesbeg,Tipperary North
2ae19629-1c31-13a3-e055-000000000001,2ae19629-1c31-13a3-e055-000000000001,Burncourt,Tipperary South
2ae19629-1c32-13a3-e055-000000000001,2ae19629-1c32-13a3-e055-000000000001,Caher,Tipperary South
2ae19629-1c33-13a3-e055-000000000001,2ae19629-1c33-13a3-e055-000000000001,Glenkeen,Tipperary North
2ae19629-1c34-13a3-e055-000000000001,2ae19629-1c34-13a3-e055-000000000001,Golden,Tipperary South
2ae19629-1c35-13a3-e055-000000000001,2ae19629-1c35-13a3-e055-000000000001,Lattin,Tipperary South
2ae19629-1c36-13a3-e055-000000000001,2ae19629-1c36-13a3-e055-000000000001,Lisronagh,Tipperary South
2ae19629-1c37-13a3-e055-000000000001,2ae19629-1c37-13a3-e055-000000000001,Littleton,Tipperary North
2ae19629-1c38-13a3-e055-000000000001,2ae19629-1c38-13a3-e055-000000000001,Tullaghorton,Tipperary South
2ae19629-1c39-13a3-e055-000000000001,2ae19629-1c39-13a3-e055-000000000001,Tullamain,Tipperary South
2ae19629-1c3a-13a3-e055-000000000001,2ae19629-1c3a-13a3-e055-000000000001,Two-Mile-Borris,Tipperary North
2ae19629-1c3b-13a3-e055-000000000001,2ae19629-1c3b-13a3-e055-000000000001,Cappagh,Tipperary North
2ae19629-1c3c-13a3-e055-000000000001,2ae19629-1c3c-13a3-e055-000000000001,Carrick-on-Suir Rural,Tipperary South
2ae19629-1c3d-13a3-e055-000000000001,2ae19629-1c3d-13a3-e055-000000000001,Carrick-on-Suir Urban,Tipperary South
2ae19629-1c3e-13a3-e055-000000000001,2ae19629-1c3e-13a3-e055-000000000001,Carrickbeg Urban,Tipperary South
2ae19629-1c3f-13a3-e055-000000000001,2ae19629-1c3f-13a3-e055-000000000001,Gortkelly,Tipperary North
2ae19629-1c40-13a3-e055-000000000001,2ae19629-1c40-13a3-e055-000000000001,Graigue,Tipperary South
2ae19629-1c41-13a3-e055-000000000001,2ae19629-1c41-13a3-e055-000000000001,Graigue,Tipperary North
2ae19629-1c42-13a3-e055-000000000001,2ae19629-1c42-13a3-e055-000000000001,Longfordpass,Tipperary North
2ae19629-1c43-13a3-e055-000000000001,2ae19629-1c43-13a3-e055-000000000001,Lorrha East,Tipperary North
2ae19629-1c44-13a3-e055-000000000001,2ae19629-1c44-13a3-e055-000000000001,Lorrha West,Tipperary North
2ae19629-1c45-13a3-e055-000000000001,2ae19629-1c45-13a3-e055-000000000001,Upperchurch,Tipperary North
2ae19629-1c46-13a3-e055-000000000001,2ae19629-1c46-13a3-e055-000000000001,Uskane,Tipperary North
2ae19629-1c47-13a3-e055-000000000001,2ae19629-1c47-13a3-e055-000000000001,Carrig,Tipperary North
2ae19629-1c48-13a3-e055-000000000001,2ae19629-1c48-13a3-e055-000000000001,Carrigatogher,Tipperary North
2ae19629-1c49-13a3-e055-000000000001,2ae19629-1c49-13a3-e055-000000000001,Graystown,Tipperary South
2ae19629-1c4b-13a3-e055-000000000001,2ae19629-1c4b-13a3-e055-000000000001,Loughmore,Tipperary North
2ae19629-1c4c-13a3-e055-000000000001,2ae19629-1c4c-13a3-e055-000000000001,Magorban,Tipperary South
2ae19629-1c4d-13a3-e055-000000000001,2ae19629-1c4d-13a3-e055-000000000001,Mertonhall,Tipperary North
2ae19629-1c4e-13a3-e055-000000000001,2ae19629-1c4e-13a3-e055-000000000001,Youghalarra,Tipperary North
2ae19629-1c4f-13a3-e055-000000000001,2ae19629-1c4f-13a3-e055-000000000001,Fethard,Tipperary South
2ae19629-1c50-13a3-e055-000000000001,2ae19629-1c50-13a3-e055-000000000001,Clonmel East Urban,Tipperary South
2ae19629-1c51-13a3-e055-000000000001,2ae19629-1c51-13a3-e055-000000000001,Nenagh East Urban,Tipperary North
2ae19629-1c52-13a3-e055-000000000001,2ae19629-1c52-13a3-e055-000000000001,Annestown,Waterford
2ae19629-1c53-13a3-e055-000000000001,2ae19629-1c53-13a3-e055-000000000001,Cashel Rural,Tipperary South
2ae19629-1c54-13a3-e055-000000000001,2ae19629-1c54-13a3-e055-000000000001,Cashel Urban,Tipperary South
2ae19629-1c55-13a3-e055-000000000001,2ae19629-1c55-13a3-e055-000000000001,Castletown,Tipperary North
2ae19629-1c56-13a3-e055-000000000001,2ae19629-1c56-13a3-e055-000000000001,Holycross,Tipperary North
2ae19629-1c57-13a3-e055-000000000001,2ae19629-1c57-13a3-e055-000000000001,Inch,Tipperary North
2ae19629-1c58-13a3-e055-000000000001,2ae19629-1c58-13a3-e055-000000000001,Modeshil,Tipperary South
2ae19629-1c59-13a3-e055-000000000001,2ae19629-1c59-13a3-e055-000000000001,Monsea,Tipperary North
2ae19629-1c5a-13a3-e055-000000000001,2ae19629-1c5a-13a3-e055-000000000001,Mortlestown,Tipperary South
2ae19629-1c5b-13a3-e055-000000000001,2ae19629-1c5b-13a3-e055-000000000001,Ardmore,Waterford
2ae19629-1c5c-13a3-e055-000000000001,2ae19629-1c5c-13a3-e055-000000000001,Ardmore,Waterford
2ae19629-1c5d-13a3-e055-000000000001,2ae19629-1c5d-13a3-e055-000000000001,Clogheen,Tipperary South
2ae19629-1c5e-13a3-e055-000000000001,2ae19629-1c5e-13a3-e055-000000000001,Clogher,Tipperary North
2ae19629-1c5f-13a3-e055-000000000001,2ae19629-1c5f-13a3-e055-000000000001,Inishlounaght,Tipperary South
2ae19629-1c60-13a3-e055-000000000001,2ae19629-1c60-13a3-e055-000000000001,Kilbarron,Tipperary North
2ae19629-1c61-13a3-e055-000000000001,2ae19629-1c61-13a3-e055-000000000001,Kilcash,Tipperary South
2ae19629-1c62-13a3-e055-000000000001,2ae19629-1c62-13a3-e055-000000000001,Moyaliff,Tipperary North
2ae19629-1c63-13a3-e055-000000000001,2ae19629-1c63-13a3-e055-000000000001,Moycarky,Tipperary North
2ae19629-1c64-13a3-e055-000000000001,2ae19629-1c64-13a3-e055-000000000001,Moyne,Tipperary North
2ae19629-1c65-13a3-e055-000000000001,2ae19629-1c65-13a3-e055-000000000001,Ballyduff,Waterford
2ae19629-1c66-13a3-e055-000000000001,2ae19629-1c66-13a3-e055-000000000001,Ballydurn,Waterford
2ae19629-1c67-13a3-e055-000000000001,2ae19629-1c67-13a3-e055-000000000001,Ballyhane,Waterford
2ae19629-1c68-13a3-e055-000000000001,2ae19629-1c68-13a3-e055-000000000001,Cloghjordan,Tipperary North
2ae19629-1c69-13a3-e055-000000000001,2ae19629-1c69-13a3-e055-000000000001,Cloghprior,Tipperary North
2ae19629-1c6a-13a3-e055-000000000001,2ae19629-1c6a-13a3-e055-000000000001,Clohaskin,Tipperary North
2ae19629-1c6b-13a3-e055-000000000001,2ae19629-1c6b-13a3-e055-000000000001,Kilcomenty,Tipperary North
2ae19629-1c6c-13a3-e055-000000000001,2ae19629-1c6c-13a3-e055-000000000001,Kilcommon,Tipperary South
2ae19629-1c6d-13a3-e055-000000000001,2ae19629-1c6d-13a3-e055-000000000001,Kilcooly,Tipperary North
2ae19629-1c6e-13a3-e055-000000000001,2ae19629-1c6e-13a3-e055-000000000001,Mullinahone,Tipperary South
2ae19629-1c6f-13a3-e055-000000000001,2ae19629-1c6f-13a3-e055-000000000001,Nenagh Rural,Tipperary North
2ae19629-1c70-13a3-e055-000000000001,2ae19629-1c70-13a3-e055-000000000001,Nenagh West Urban,Tipperary North
2ae19629-1c71-13a3-e055-000000000001,2ae19629-1c71-13a3-e055-000000000001,New Birmingham,Tipperary South
2ae19629-1c72-13a3-e055-000000000001,2ae19629-1c72-13a3-e055-000000000001,Ballyheeny,Waterford
2ae19629-1c73-13a3-e055-000000000001,2ae19629-1c73-13a3-e055-000000000001,Ballyin,Waterford
2ae19629-1c74-13a3-e055-000000000001,2ae19629-1c74-13a3-e055-000000000001,Ballylaneen,Waterford
2ae19629-1c75-13a3-e055-000000000001,2ae19629-1c75-13a3-e055-000000000001,Clonbeg,Tipperary South
2ae19629-1c76-13a3-e055-000000000001,2ae19629-1c76-13a3-e055-000000000001,Cloneen,Tipperary South
2ae19629-1c77-13a3-e055-000000000001,2ae19629-1c77-13a3-e055-000000000001,Kilcoran,Tipperary South
2ae19629-1c78-13a3-e055-000000000001,2ae19629-1c78-13a3-e055-000000000001,Kilfeakle,Tipperary South
2ae19629-1c79-13a3-e055-000000000001,2ae19629-1c79-13a3-e055-000000000001,Newcastle,Tipperary South
2ae19629-1c7a-13a3-e055-000000000001,2ae19629-1c7a-13a3-e055-000000000001,Newport,Tipperary North
2ae19629-1c7b-13a3-e055-000000000001,2ae19629-1c7b-13a3-e055-000000000001,Ballymacarbry,Waterford
2ae19629-1c7c-13a3-e055-000000000001,2ae19629-1c7c-13a3-e055-000000000001,Ballymacart,Waterford
2ae19629-1c7d-13a3-e055-000000000001,2ae19629-1c7d-13a3-e055-000000000001,Ballynakill,Waterford
2ae19629-1c7e-13a3-e055-000000000001,2ae19629-1c7e-13a3-e055-000000000001,Ballynamult,Waterford
2ae19629-1c7f-13a3-e055-000000000001,2ae19629-1c7f-13a3-e055-000000000001,Clonmel Rural,Tipperary South
2ae19629-1c80-13a3-e055-000000000001,2ae19629-1c80-13a3-e055-000000000001,Clonmel West Urban,Tipperary South
2ae19629-1c81-13a3-e055-000000000001,2ae19629-1c81-13a3-e055-000000000001,Clonoulty East,Tipperary North
2ae19629-1c82-13a3-e055-000000000001,2ae19629-1c82-13a3-e055-000000000001,Kilkeary,Tipperary North
2ae19629-1c83-13a3-e055-000000000001,2ae19629-1c83-13a3-e055-000000000001,Killadriffe,Tipperary South
2ae19629-1c85-13a3-e055-000000000001,2ae19629-1c85-13a3-e055-000000000001,Killavinoge,Tipperary North
2ae19629-1c86-13a3-e055-000000000001,2ae19629-1c86-13a3-e055-000000000001,Newtown,Tipperary South
2ae19629-1c87-13a3-e055-000000000001,2ae19629-1c87-13a3-e055-000000000001,Nodstown,Tipperary South
2ae19629-1c88-13a3-e055-000000000001,2ae19629-1c88-13a3-e055-000000000001,Oughterleague,Tipperary South
2ae19629-1c89-13a3-e055-000000000001,2ae19629-1c89-13a3-e055-000000000001,Peppardstown,Tipperary South
2ae19629-1c8a-13a3-e055-000000000001,2ae19629-1c8a-13a3-e055-000000000001,Ballysaggartmore,Waterford
2ae19629-1c8b-13a3-e055-000000000001,2ae19629-1c8b-13a3-e055-000000000001,Bohadoon,Waterford
2ae19629-1c8c-13a3-e055-000000000001,2ae19629-1c8c-13a3-e055-000000000001,Cappagh,Waterford
2ae19629-1c8d-13a3-e055-000000000001,2ae19629-1c8d-13a3-e055-000000000001,Clonoulty West,Tipperary North
2ae19629-1c8e-13a3-e055-000000000001,2ae19629-1c8e-13a3-e055-000000000001,Colman,Tipperary South
2ae19629-1c8f-13a3-e055-000000000001,2ae19629-1c8f-13a3-e055-000000000001,Killea,Tipperary North
2ae19629-1c90-13a3-e055-000000000001,2ae19629-1c90-13a3-e055-000000000001,Killeenasteena,Tipperary South
2ae19629-1c91-13a3-e055-000000000001,2ae19629-1c91-13a3-e055-000000000001,Killenaule,Tipperary South
2ae19629-1c92-13a3-e055-000000000001,2ae19629-1c92-13a3-e055-000000000001,Poyntstown,Tipperary South
2ae19629-1c93-13a3-e055-000000000001,2ae19629-1c93-13a3-e055-000000000001,Rahelty,Tipperary North
2ae19629-1c94-13a3-e055-000000000001,2ae19629-1c94-13a3-e055-000000000001,Rathcabban,Tipperary North
2ae19629-1c95-13a3-e055-000000000001,2ae19629-1c95-13a3-e055-000000000001,Cappoquin,Waterford
2ae19629-1c96-13a3-e055-000000000001,2ae19629-1c96-13a3-e055-000000000001,Carrickbeg Rural,Waterford
2ae19629-1c97-13a3-e055-000000000001,2ae19629-1c97-13a3-e055-000000000001,Carrigcastle,Waterford
2ae19629-1c98-13a3-e055-000000000001,2ae19629-1c98-13a3-e055-000000000001,Bailieborough,Cavan-Monaghan
2ae19629-1c99-13a3-e055-000000000001,2ae19629-1c99-13a3-e055-000000000001,Ballintemple,Cavan-Monaghan
2ae19629-1c9a-13a3-e055-000000000001,2ae19629-1c9a-13a3-e055-000000000001,Drumanespick,Cavan-Monaghan
2ae19629-1c9b-13a3-e055-000000000001,2ae19629-1c9b-13a3-e055-000000000001,Drumcarban,Cavan-Monaghan
2ae19629-1c9c-13a3-e055-000000000001,2ae19629-1c9c-13a3-e055-000000000001,Termon,Cavan-Monaghan
2ae19629-1c9d-13a3-e055-000000000001,2ae19629-1c9d-13a3-e055-000000000001,Pedara Vohers/Tircahan,Cavan-Monaghan
2ae19629-1c9e-13a3-e055-000000000001,2ae19629-1c9e-13a3-e055-000000000001,Tuam,Cavan-Monaghan
2ae19629-1c9f-13a3-e055-000000000001,2ae19629-1c9f-13a3-e055-000000000001,Skerries,Dublin Fingal West
2ae19629-1ca0-13a3-e055-000000000001,2ae19629-1ca0-13a3-e055-000000000001,Stillorgan-Deerpark,Dublin Rathdown
2ae19629-1ca1-13a3-e055-000000000001,2ae19629-1ca1-13a3-e055-000000000001,Stillorgan-Kilmacud,Dublin Rathdown
2ae19629-1ca2-13a3-e055-000000000001,2ae19629-1ca2-13a3-e055-000000000001,Stillorgan-Leopardstown,Dublin Rathdown
2ae19629-1ca3-13a3-e055-000000000001,2ae19629-1ca3-13a3-e055-000000000001,Stillorgan-Merville,Dublin Rathdown
2ae19629-1ca4-13a3-e055-000000000001,2ae19629-1ca4-13a3-e055-000000000001,Stillorgan-Mount Merrion,Dublin Rathdown
2ae19629-1ca5-13a3-e055-000000000001,2ae19629-1ca5-13a3-e055-000000000001,Stillorgan-Priory,Dún Laoghaire
2ae19629-1ca6-13a3-e055-000000000001,2ae19629-1ca6-13a3-e055-000000000001,Sutton,Dublin Bay North
2ae19629-1ca7-13a3-e055-000000000001,2ae19629-1ca7-13a3-e055-000000000001,Swords-Glasmore,Dublin Fingal East
2ae19629-1ca8-13a3-e055-000000000001,2ae19629-1ca8-13a3-e055-000000000001,Swords-Forrest,Dublin Fingal East
2ae19629-1ca9-13a3-e055-000000000001,2ae19629-1ca9-13a3-e055-000000000001,Drumcarn,Cavan-Monaghan
2ae19629-1caa-13a3-e055-000000000001,2ae19629-1caa-13a3-e055-000000000001,Drumlumman,Cavan-Monaghan
2ae19629-1cab-13a3-e055-000000000001,2ae19629-1cab-13a3-e055-000000000001,Drung,Cavan-Monaghan
2ae19629-1cac-13a3-e055-000000000001,2ae19629-1cac-13a3-e055-000000000001,Graddum,Cavan-Monaghan
2ae19629-1cad-13a3-e055-000000000001,2ae19629-1cad-13a3-e055-000000000001,Grilly,Cavan-Monaghan
2ae19629-1cae-13a3-e055-000000000001,2ae19629-1cae-13a3-e055-000000000001,Tullyvin East,Cavan-Monaghan
2ae19629-1caf-13a3-e055-000000000001,2ae19629-1caf-13a3-e055-000000000001,Tullyvin West,Cavan-Monaghan
2ae19629-1cb0-13a3-e055-000000000001,2ae19629-1cb0-13a3-e055-000000000001,Swords-Lissenhall,Dublin Fingal East
2ae19629-1cb1-13a3-e055-000000000001,2ae19629-1cb1-13a3-e055-000000000001,Swords-Seatown,Dublin Fingal East
2ae19629-1cb2-13a3-e055-000000000001,2ae19629-1cb2-13a3-e055-000000000001,Swords Village,Dublin Fingal East
2ae19629-1cb3-13a3-e055-000000000001,2ae19629-1cb3-13a3-e055-000000000001,Tallaght-Avonbeg,Dublin South-West
2ae19629-1cb4-13a3-e055-000000000001,2ae19629-1cb4-13a3-e055-000000000001,Tallaght-Belgard,Dublin South-West
2ae19629-1cb5-13a3-e055-000000000001,2ae19629-1cb5-13a3-e055-000000000001,Tallaght-Fettercairn,Dublin Mid-West
2ae19629-1cb6-13a3-e055-000000000001,2ae19629-1cb6-13a3-e055-000000000001,Tallaght-Glenview,Dublin South-West
2ae19629-1cb7-13a3-e055-000000000001,2ae19629-1cb7-13a3-e055-000000000001,Tallaght-Jobstown,Dublin South-West
2ae19629-1cb8-13a3-e055-000000000001,2ae19629-1cb8-13a3-e055-000000000001,Tallaght-Killinardan,Dublin South-West
2ae19629-1cba-13a3-e055-000000000001,2ae19629-1cba-13a3-e055-000000000001,Enniskeen,Cavan-Monaghan
2ae19629-1cbb-13a3-e055-000000000001,2ae19629-1cbb-13a3-e055-000000000001,Eskey,Cavan-Monaghan
2ae19629-1cbc-13a3-e055-000000000001,2ae19629-1cbc-13a3-e055-000000000001,Kilbride,Cavan-Monaghan
2ae19629-1cbd-13a3-e055-000000000001,2ae19629-1cbd-13a3-e055-000000000001,Kilcogy,Cavan-Monaghan
2ae19629-1cbe-13a3-e055-000000000001,2ae19629-1cbe-13a3-e055-000000000001,Blackrock-Carysfort,Dún Laoghaire
2ae19629-1cbf-13a3-e055-000000000001,2ae19629-1cbf-13a3-e055-000000000001,Blackrock-Central,Dún Laoghaire
2ae19629-1cc0-13a3-e055-000000000001,2ae19629-1cc0-13a3-e055-000000000001,Blackrock-Glenomena,Dún Laoghaire
2ae19629-1cc1-13a3-e055-000000000001,2ae19629-1cc1-13a3-e055-000000000001,Blackrock-Newpark,Dún Laoghaire
2ae19629-1cc2-13a3-e055-000000000001,2ae19629-1cc2-13a3-e055-000000000001,Blackrock-Stradbrook,Dún Laoghaire
2ae19629-1cc3-13a3-e055-000000000001,2ae19629-1cc3-13a3-e055-000000000001,Blackrock-Templehill,Dún Laoghaire
2ae19629-1cc4-13a3-e055-000000000001,2ae19629-1cc4-13a3-e055-000000000001,Blackrock-Williamstown,Dún Laoghaire
2ae19629-1cc5-13a3-e055-000000000001,2ae19629-1cc5-13a3-e055-000000000001,Blanchardstown-Abbotstown,Dublin West
2ae19629-1cc6-13a3-e055-000000000001,2ae19629-1cc6-13a3-e055-000000000001,Blanchardstown-Blakestown,Dublin West
2ae19629-1cc7-13a3-e055-000000000001,2ae19629-1cc7-13a3-e055-000000000001,Blanchardstown-Coolmine,Dublin West
2ae19629-1cc8-13a3-e055-000000000001,2ae19629-1cc8-13a3-e055-000000000001,Blanchardstown-Corduff,Dublin West
2ae19629-1cc9-13a3-e055-000000000001,2ae19629-1cc9-13a3-e055-000000000001,Blanchardstown-Delwood,Dublin West
2ae19629-1cca-13a3-e055-000000000001,2ae19629-1cca-13a3-e055-000000000001,Tallaght-Kilnamanagh,Dublin South-West
2ae19629-1ccb-13a3-e055-000000000001,2ae19629-1ccb-13a3-e055-000000000001,Tallaght-Kiltipper,Dublin South-West
2ae19629-1ccc-13a3-e055-000000000001,2ae19629-1ccc-13a3-e055-000000000001,Tallaght-Kingswood,Dublin South-West
2ae19629-1ccd-13a3-e055-000000000001,2ae19629-1ccd-13a3-e055-000000000001,Tallaght-Millbrook,Dublin South-West
2ae19629-1cce-13a3-e055-000000000001,2ae19629-1cce-13a3-e055-000000000001,Tallaght-Oldbawn,Dublin South-West
2ae19629-1ccf-13a3-e055-000000000001,2ae19629-1ccf-13a3-e055-000000000001,Tallaght-Springfield,Dublin South-West
2ae19629-1cd0-13a3-e055-000000000001,2ae19629-1cd0-13a3-e055-000000000001,Tallaght-Tymon,Dublin South-West
2ae19629-1cd1-13a3-e055-000000000001,2ae19629-1cd1-13a3-e055-000000000001,Templeogue-Cypress,Dublin South-West
2ae19629-1cd2-13a3-e055-000000000001,2ae19629-1cd2-13a3-e055-000000000001,Templeogue-Kimmage Manor,Dublin South-West
2ae19629-1cd3-13a3-e055-000000000001,2ae19629-1cd3-13a3-e055-000000000001,Templeogue-Limekiln,Dublin South-West
2ae19629-1cd4-13a3-e055-000000000001,2ae19629-1cd4-13a3-e055-000000000001,Templeogue-Orwell,Dublin South-West
2ae19629-1cd5-13a3-e055-000000000001,2ae19629-1cd5-13a3-e055-000000000001,Templeogue-Osprey,Dublin South-West
2ae19629-1cd6-13a3-e055-000000000001,2ae19629-1cd6-13a3-e055-000000000001,Templeogue Village,Dublin South-West
2ae19629-1cd7-13a3-e055-000000000001,2ae19629-1cd7-13a3-e055-000000000001,Terenure-Cherryfield,Dublin South-West
2ae19629-1cd8-13a3-e055-000000000001,2ae19629-1cd8-13a3-e055-000000000001,Ballyconnell,Cavan-Monaghan
2ae19629-1cd9-13a3-e055-000000000001,2ae19629-1cd9-13a3-e055-000000000001,Ballyhaise,Cavan-Monaghan
2ae19629-1cda-13a3-e055-000000000001,2ae19629-1cda-13a3-e055-000000000001,Kilconny,Cavan-Monaghan
2ae19629-1cdb-13a3-e055-000000000001,2ae19629-1cdb-13a3-e055-000000000001,Kilgolagh,Cavan-Monaghan
2ae19629-1cdc-13a3-e055-000000000001,2ae19629-1cdc-13a3-e055-000000000001,Kill,Cavan-Monaghan
2ae19629-1cdd-13a3-e055-000000000001,2ae19629-1cdd-13a3-e055-000000000001,Blanchardstown-Mulhuddart,Dublin West
2ae19629-1cde-13a3-e055-000000000001,2ae19629-1cde-13a3-e055-000000000001,Blanchardstown-Roselawn,Dublin West
2ae19629-1cdf-13a3-e055-000000000001,2ae19629-1cdf-13a3-e055-000000000001,Blanchardstown-Tyrrelstown,Dublin West
2ae19629-1ce0-13a3-e055-000000000001,2ae19629-1ce0-13a3-e055-000000000001,Bohernabreena,Dublin South-West
2ae19629-1ce1-13a3-e055-000000000001,2ae19629-1ce1-13a3-e055-000000000001,Cabinteely-Granitefield,Dún Laoghaire
2ae19629-1ce2-13a3-e055-000000000001,2ae19629-1ce2-13a3-e055-000000000001,Cabinteely-Kilbogget,Dún Laoghaire
2ae19629-1ce3-13a3-e055-000000000001,2ae19629-1ce3-13a3-e055-000000000001,Cabinteely-Loughlinstown,Dún Laoghaire
2ae19629-1ce4-13a3-e055-000000000001,2ae19629-1ce4-13a3-e055-000000000001,Cabinteely-Pottery,Dún Laoghaire
2ae19629-1ce5-13a3-e055-000000000001,2ae19629-1ce5-13a3-e055-000000000001,Castleknock-Knockmaroon,Dublin West
2ae19629-1ce6-13a3-e055-000000000001,2ae19629-1ce6-13a3-e055-000000000001,Terenure-Greentrees,Dublin South-West
2ae19629-1ce7-13a3-e055-000000000001,2ae19629-1ce7-13a3-e055-000000000001,Terenure-St. James,Dublin South-West
2ae19629-1ce8-13a3-e055-000000000001,2ae19629-1ce8-13a3-e055-000000000001,The Ward,Dublin West
2ae19629-1ce9-13a3-e055-000000000001,2ae19629-1ce9-13a3-e055-000000000001,Tibradden,Dublin Rathdown
2ae19629-1cea-13a3-e055-000000000001,2ae19629-1cea-13a3-e055-000000000001,Turnapin,Dublin Fingal West
2ae19629-1ceb-13a3-e055-000000000001,2ae19629-1ceb-13a3-e055-000000000001,Arran Quay A,Dublin Central
2ae19629-1cec-13a3-e055-000000000001,2ae19629-1cec-13a3-e055-000000000001,Arran Quay B,Dublin Central
2ae19629-1ced-13a3-e055-000000000001,2ae19629-1ced-13a3-e055-000000000001,Arran Quay C,Dublin Central
2ae19629-1cee-13a3-e055-000000000001,2ae19629-1cee-13a3-e055-000000000001,Arran Quay D,Dublin Central
2ae19629-1cef-13a3-e055-000000000001,2ae19629-1cef-13a3-e055-000000000001,Arran Quay E,Dublin Central
2ae19629-1cf0-13a3-e055-000000000001,2ae19629-1cf0-13a3-e055-000000000001,Ashtown A,Dublin West
2ae19629-1cf1-13a3-e055-000000000001,2ae19629-1cf1-13a3-e055-000000000001,Ballyjamesduff,Cavan-Monaghan
2ae19629-1cf2-13a3-e055-000000000001,2ae19629-1cf2-13a3-e055-000000000001,Ballymachugh,Cavan-Monaghan
2ae19629-1cf3-13a3-e055-000000000001,2ae19629-1cf3-13a3-e055-000000000001,Killashandra,Cavan-Monaghan
2ae19629-1cf5-13a3-e055-000000000001,2ae19629-1cf5-13a3-e055-000000000001,Killinkere,Cavan-Monaghan
2ae19629-1cf6-13a3-e055-000000000001,2ae19629-1cf6-13a3-e055-000000000001,Castleknock-Park,Dublin West
2ae19629-1cf7-13a3-e055-000000000001,2ae19629-1cf7-13a3-e055-000000000001,Churchtown-Castle,Dublin Rathdown
2ae19629-1cf8-13a3-e055-000000000001,2ae19629-1cf8-13a3-e055-000000000001,Churchtown-Landscape,Dublin Rathdown
2ae19629-1cf9-13a3-e055-000000000001,2ae19629-1cf9-13a3-e055-000000000001,Churchtown-Nutgrove,Dublin Rathdown
2ae19629-1cfa-13a3-e055-000000000001,2ae19629-1cfa-13a3-e055-000000000001,Churchtown-Orwell,Dublin Rathdown
2ae19629-1cfb-13a3-e055-000000000001,2ae19629-1cfb-13a3-e055-000000000001,Churchtown-Woodlawn,Dublin Rathdown
2ae19629-1cfc-13a3-e055-000000000001,2ae19629-1cfc-13a3-e055-000000000001,Clondalkin-Ballymount,Dublin South-West
2ae19629-1cfd-13a3-e055-000000000001,2ae19629-1cfd-13a3-e055-000000000001,Clondalkin-Cappaghmore,Dublin Mid-West
2ae19629-1cfe-13a3-e055-000000000001,2ae19629-1cfe-13a3-e055-000000000001,Clondalkin-Dunawley,Dublin Mid-West
2ae19629-1cff-13a3-e055-000000000001,2ae19629-1cff-13a3-e055-000000000001,Clondalkin-Monastery,Dublin Mid-West
2ae19629-1d00-13a3-e055-000000000001,2ae19629-1d00-13a3-e055-000000000001,Clondalkin-Moorfield,Dublin Mid-West
2ae19629-1d01-13a3-e055-000000000001,2ae19629-1d01-13a3-e055-000000000001,Clondalkin-Rowlagh,Dublin Mid-West
2ae19629-1d02-13a3-e055-000000000001,2ae19629-1d02-13a3-e055-000000000001,Clondalkin Village,Dublin Mid-West
2ae19629-1d03-13a3-e055-000000000001,2ae19629-1d03-13a3-e055-000000000001,Ashtown B,Dublin West
2ae19629-1d04-13a3-e055-000000000001,2ae19629-1d04-13a3-e055-000000000001,Ayrfield,Dublin Bay North
2ae19629-1d05-13a3-e055-000000000001,2ae19629-1d05-13a3-e055-000000000001,Ballybough A,Dublin Central
2ae19629-1d06-13a3-e055-000000000001,2ae19629-1d06-13a3-e055-000000000001,Ballybough B,Dublin Central
2ae19629-1d07-13a3-e055-000000000001,2ae19629-1d07-13a3-e055-000000000001,Ballygall C,Dublin North-West
2ae19629-1d08-13a3-e055-000000000001,2ae19629-1d08-13a3-e055-000000000001,Ballygall A,Dublin North-West
2ae19629-1d09-13a3-e055-000000000001,2ae19629-1d09-13a3-e055-000000000001,Ballygall B,Dublin North-West
2ae19629-1d0a-13a3-e055-000000000001,2ae19629-1d0a-13a3-e055-000000000001,Ballygall D,Dublin North-West
2ae19629-1d0b-13a3-e055-000000000001,2ae19629-1d0b-13a3-e055-000000000001,Ballymun A,Dublin North-West
2ae19629-1d0c-13a3-e055-000000000001,2ae19629-1d0c-13a3-e055-000000000001,Ballymun B,Dublin North-West
2ae19629-1d0d-13a3-e055-000000000001,2ae19629-1d0d-13a3-e055-000000000001,Ballymun C,Dublin North-West
2ae19629-1d0e-13a3-e055-000000000001,2ae19629-1d0e-13a3-e055-000000000001,Ballymun D,Dublin North-West
2ae19629-1d0f-13a3-e055-000000000001,2ae19629-1d0f-13a3-e055-000000000001,Ballymun E,Dublin North-West
2ae19629-1d10-13a3-e055-000000000001,2ae19629-1d10-13a3-e055-000000000001,Ballymun F,Dublin North-West
2ae19629-1d11-13a3-e055-000000000001,2ae19629-1d11-13a3-e055-000000000001,Beaumont A,Dublin North-West
2ae19629-1d12-13a3-e055-000000000001,2ae19629-1d12-13a3-e055-000000000001,Beaumont B,Dublin North-West
2ae19629-1d13-13a3-e055-000000000001,2ae19629-1d13-13a3-e055-000000000001,Ballymagauran,Cavan-Monaghan
2ae19629-1d14-13a3-e055-000000000001,2ae19629-1d14-13a3-e055-000000000001,Bawnboy,Cavan-Monaghan
2ae19629-1d15-13a3-e055-000000000001,2ae19629-1d15-13a3-e055-000000000001,Killykeen,Cavan-Monaghan
2ae19629-1d16-13a3-e055-000000000001,2ae19629-1d16-13a3-e055-000000000001,Kilnaleck,Cavan-Monaghan
2ae19629-1d17-13a3-e055-000000000001,2ae19629-1d17-13a3-e055-000000000001,Clonmethan,Dublin Fingal West
2ae19629-1d18-13a3-e055-000000000001,2ae19629-1d18-13a3-e055-000000000001,Clonskeagh-Milltown,Dublin Rathdown
2ae19629-1d19-13a3-e055-000000000001,2ae19629-1d19-13a3-e055-000000000001,Clonskeagh-Belfield,Dublin Rathdown
2ae19629-1d1a-13a3-e055-000000000001,2ae19629-1d1a-13a3-e055-000000000001,Clonskeagh-Farranboley,Dublin Rathdown
2ae19629-1d1b-13a3-e055-000000000001,2ae19629-1d1b-13a3-e055-000000000001,Clonskeagh-Roebuck,Dublin Rathdown
2ae19629-1d1c-13a3-e055-000000000001,2ae19629-1d1c-13a3-e055-000000000001,Clonskeagh-Windy Arbour,Dublin Rathdown
2ae19629-1d1d-13a3-e055-000000000001,2ae19629-1d1d-13a3-e055-000000000001,Dalkey Hill,Dún Laoghaire
2ae19629-1d1e-13a3-e055-000000000001,2ae19629-1d1e-13a3-e055-000000000001,Dalkey Upper,Dún Laoghaire
2ae19629-1d1f-13a3-e055-000000000001,2ae19629-1d1f-13a3-e055-000000000001,Dalkey-Avondale,Dún Laoghaire
2ae19629-1d20-13a3-e055-000000000001,2ae19629-1d20-13a3-e055-000000000001,Dalkey-Bullock,Dún Laoghaire
2ae19629-1d21-13a3-e055-000000000001,2ae19629-1d21-13a3-e055-000000000001,Beaumont C,Dublin Bay North
2ae19629-1d22-13a3-e055-000000000001,2ae19629-1d22-13a3-e055-000000000001,Beaumont D,Dublin Bay North
2ae19629-1d23-13a3-e055-000000000001,2ae19629-1d23-13a3-e055-000000000001,Beaumont E,Dublin Bay North
2ae19629-1d24-13a3-e055-000000000001,2ae19629-1d24-13a3-e055-000000000001,Beaumont F,Dublin North-West
2ae19629-1d25-13a3-e055-000000000001,2ae19629-1d25-13a3-e055-000000000001,Botanic A,Dublin Central
2ae19629-1d26-13a3-e055-000000000001,2ae19629-1d26-13a3-e055-000000000001,Botanic B,Dublin Central
2ae19629-1d27-13a3-e055-000000000001,2ae19629-1d27-13a3-e055-000000000001,Botanic C,Dublin Central
2ae19629-1d28-13a3-e055-000000000001,2ae19629-1d28-13a3-e055-000000000001,Cabra East A,Dublin Central
2ae19629-1d29-13a3-e055-000000000001,2ae19629-1d29-13a3-e055-000000000001,Cabra East B,Dublin Central
2ae19629-1d2a-13a3-e055-000000000001,2ae19629-1d2a-13a3-e055-000000000001,Cabra East C,Dublin Central
2ae19629-1d2b-13a3-e055-000000000001,2ae19629-1d2b-13a3-e055-000000000001,Cabra West A,Dublin Central
2ae19629-1d2c-13a3-e055-000000000001,2ae19629-1d2c-13a3-e055-000000000001,Cabra West B,Dublin Central
2ae19629-1d2d-13a3-e055-000000000001,2ae19629-1d2d-13a3-e055-000000000001,Cabra West C,Dublin Central
2ae19629-1d2e-13a3-e055-000000000001,2ae19629-1d2e-13a3-e055-000000000001,Cabra West D,Dublin Central
2ae19629-1d2f-13a3-e055-000000000001,2ae19629-1d2f-13a3-e055-000000000001,Chapelizod,Dublin South-Central
2ae19629-1d30-13a3-e055-000000000001,2ae19629-1d30-13a3-e055-000000000001,Cherry Orchard A,Dublin South-Central
2ae19629-1d31-13a3-e055-000000000001,2ae19629-1d31-13a3-e055-000000000001,Carna,Dublin South-Central
2ae19629-1d32-13a3-e055-000000000001,2ae19629-1d32-13a3-e055-000000000001,Bellananagh,Cavan-Monaghan
2ae19629-1d33-13a3-e055-000000000001,2ae19629-1d33-13a3-e055-000000000001,Belturbet,Cavan-Monaghan
2ae19629-1d35-13a3-e055-000000000001,2ae19629-1d35-13a3-e055-000000000001,Kinawley,Cavan-Monaghan
2ae19629-1d36-13a3-e055-000000000001,2ae19629-1d36-13a3-e055-000000000001,Kingscourt,Cavan-Monaghan
2ae19629-1d37-13a3-e055-000000000001,2ae19629-1d37-13a3-e055-000000000001,Dalkey-Coliemore,Dún Laoghaire
2ae19629-1d38-13a3-e055-000000000001,2ae19629-1d38-13a3-e055-000000000001,Donabate,Dublin Fingal East
2ae19629-1d39-13a3-e055-000000000001,2ae19629-1d39-13a3-e055-000000000001,Dubber,Dublin Fingal West
2ae19629-1d3a-13a3-e055-000000000001,2ae19629-1d3a-13a3-e055-000000000001,Dun Laoghaire-East Central,Dún Laoghaire
2ae19629-1d3b-13a3-e055-000000000001,2ae19629-1d3b-13a3-e055-000000000001,Dun Laoghaire-Glasthule,Dún Laoghaire
2ae19629-1d3c-13a3-e055-000000000001,2ae19629-1d3c-13a3-e055-000000000001,Dun Laoghaire-Glenageary,Dún Laoghaire
2ae19629-1d3d-13a3-e055-000000000001,2ae19629-1d3d-13a3-e055-000000000001,Dun Laoghaire-Monkstown Farm,Dún Laoghaire
2ae19629-1d3e-13a3-e055-000000000001,2ae19629-1d3e-13a3-e055-000000000001,Dun Laoghaire-Mount Town,Dún Laoghaire
2ae19629-1d3f-13a3-e055-000000000001,2ae19629-1d3f-13a3-e055-000000000001,Dun Laoghaire Sallynoggin East,Dún Laoghaire
2ae19629-1d40-13a3-e055-000000000001,2ae19629-1d40-13a3-e055-000000000001,Dun Laoghaire Sallynoggin South,Dún Laoghaire
2ae19629-1d41-13a3-e055-000000000001,2ae19629-1d41-13a3-e055-000000000001,Dun Laoghaire-Sallynoggin West,Dún Laoghaire
2ae19629-1d42-13a3-e055-000000000001,2ae19629-1d42-13a3-e055-000000000001,Cherry Orchard C,Dublin South-Central
2ae19629-1d43-13a3-e055-000000000001,2ae19629-1d43-13a3-e055-000000000001,Clontarf East A,Dublin Bay North
2ae19629-1d44-13a3-e055-000000000001,2ae19629-1d44-13a3-e055-000000000001,Clontarf East B,Dublin Bay North
2ae19629-1d45-13a3-e055-000000000001,2ae19629-1d45-13a3-e055-000000000001,Clontarf East C,Dublin Bay North
2ae19629-1d46-13a3-e055-000000000001,2ae19629-1d46-13a3-e055-000000000001,Clontarf East D,Dublin Bay North
2ae19629-1d47-13a3-e055-000000000001,2ae19629-1d47-13a3-e055-000000000001,Clontarf East E,Dublin Bay North
2ae19629-1d48-13a3-e055-000000000001,2ae19629-1d48-13a3-e055-000000000001,Clontarf West A,Dublin Bay North
2ae19629-1d49-13a3-e055-000000000001,2ae19629-1d49-13a3-e055-000000000001,Clontarf West B,Dublin Bay North
2ae19629-1d4a-13a3-e055-000000000001,2ae19629-1d4a-13a3-e055-000000000001,Clontarf West C,Dublin Bay North
2ae19629-1d4b-13a3-e055-000000000001,2ae19629-1d4b-13a3-e055-000000000001,Clontarf West D,Dublin Bay North
2ae19629-1d4c-13a3-e055-000000000001,2ae19629-1d4c-13a3-e055-000000000001,Clontarf West E,Dublin Bay North
2ae19629-1d4d-13a3-e055-000000000001,2ae19629-1d4d-13a3-e055-000000000001,Crumlin A,Dublin South-Central
2ae19629-1d4e-13a3-e055-000000000001,2ae19629-1d4e-13a3-e055-000000000001,Crumlin B,Dublin South-Central
2ae19629-1d4f-13a3-e055-000000000001,2ae19629-1d4f-13a3-e055-000000000001,Crumlin C,Dublin South-Central
2ae19629-1d50-13a3-e055-000000000001,2ae19629-1d50-13a3-e055-000000000001,Crumlin D,Dublin South-Central
2ae19629-1d51-13a3-e055-000000000001,2ae19629-1d51-13a3-e055-000000000001,Bilberry,Cavan-Monaghan
2ae19629-1d52-13a3-e055-000000000001,2ae19629-1d52-13a3-e055-000000000001,Bruce Hall,Cavan-Monaghan
2ae19629-1d53-13a3-e055-000000000001,2ae19629-1d53-13a3-e055-000000000001,Butler's Bridge,Cavan-Monaghan
2ae19629-1d54-13a3-e055-000000000001,2ae19629-1d54-13a3-e055-000000000001,Canningstown,Cavan-Monaghan
2ae19629-1d55-13a3-e055-000000000001,2ae19629-1d55-13a3-e055-000000000001,Knappagh,Cavan-Monaghan
2ae19629-1d56-13a3-e055-000000000001,2ae19629-1d56-13a3-e055-000000000001,Larah North,Cavan-Monaghan
2ae19629-1d57-13a3-e055-000000000001,2ae19629-1d57-13a3-e055-000000000001,Dun Laoghaire-Salthill,Dún Laoghaire
2ae19629-1d58-13a3-e055-000000000001,2ae19629-1d58-13a3-e055-000000000001,Dun Laoghaire-Sandycove,Dún Laoghaire
2ae19629-1d59-13a3-e055-000000000001,2ae19629-1d59-13a3-e055-000000000001,Dun Laoghaire-West Central,Dún Laoghaire
2ae19629-1d5a-13a3-e055-000000000001,2ae19629-1d5a-13a3-e055-000000000001,Dundrum-Balally,Dublin Rathdown
2ae19629-1d5b-13a3-e055-000000000001,2ae19629-1d5b-13a3-e055-000000000001,Dundrum-Kilmacud,Dublin Rathdown
2ae19629-1d5c-13a3-e055-000000000001,2ae19629-1d5c-13a3-e055-000000000001,Dundrum-Sandyford,Dublin Rathdown
2ae19629-1d5d-13a3-e055-000000000001,2ae19629-1d5d-13a3-e055-000000000001,Dundrum-Sweetmount,Dublin Rathdown
2ae19629-1d5e-13a3-e055-000000000001,2ae19629-1d5e-13a3-e055-000000000001,Dundrum-Taney,Dublin Rathdown
2ae19629-1d5f-13a3-e055-000000000001,2ae19629-1d5f-13a3-e055-000000000001,Edmondstown,Dublin South-West
2ae19629-1d60-13a3-e055-000000000001,2ae19629-1d60-13a3-e055-000000000001,Firhouse Village,Dublin South-West
2ae19629-1d61-13a3-e055-000000000001,2ae19629-1d61-13a3-e055-000000000001,Firhouse-Ballycullen,Dublin South-West
2ae19629-1d62-13a3-e055-000000000001,2ae19629-1d62-13a3-e055-000000000001,Crumlin E,Dublin South-Central
2ae19629-1d63-13a3-e055-000000000001,2ae19629-1d63-13a3-e055-000000000001,Crumlin F,Dublin South-Central
2ae19629-1d64-13a3-e055-000000000001,2ae19629-1d64-13a3-e055-000000000001,Decies,Dublin South-Central
2ae19629-1d65-13a3-e055-000000000001,2ae19629-1d65-13a3-e055-000000000001,Drumcondra South A,Dublin Central
2ae19629-1d66-13a3-e055-000000000001,2ae19629-1d66-13a3-e055-000000000001,Drumcondra South B,Dublin Central
2ae19629-1d67-13a3-e055-000000000001,2ae19629-1d67-13a3-e055-000000000001,Drumcondra South C,Dublin Central
2ae19629-1d68-13a3-e055-000000000001,2ae19629-1d68-13a3-e055-000000000001,Drumfinn,Dublin South-Central
2ae19629-1d69-13a3-e055-000000000001,2ae19629-1d69-13a3-e055-000000000001,Edenmore,Dublin Bay North
2ae19629-1d6a-13a3-e055-000000000001,2ae19629-1d6a-13a3-e055-000000000001,Finglas North A,Dublin North-West
2ae19629-1d6b-13a3-e055-000000000001,2ae19629-1d6b-13a3-e055-000000000001,Finglas North B,Dublin North-West
2ae19629-1d6c-13a3-e055-000000000001,2ae19629-1d6c-13a3-e055-000000000001,Finglas North C,Dublin North-West
2ae19629-1d6d-13a3-e055-000000000001,2ae19629-1d6d-13a3-e055-000000000001,Finglas South A,Dublin North-West
2ae19629-1d6e-13a3-e055-000000000001,2ae19629-1d6e-13a3-e055-000000000001,Finglas South B,Dublin North-West
2ae19629-1d6f-13a3-e055-000000000001,2ae19629-1d6f-13a3-e055-000000000001,Finglas South C,Dublin North-West
2ae19629-1d70-13a3-e055-000000000001,2ae19629-1d70-13a3-e055-000000000001,Finglas South D,Dublin North-West
2ae19629-1d71-13a3-e055-000000000001,2ae19629-1d71-13a3-e055-000000000001,Grace Park,Dublin Bay North
2ae19629-1d72-13a3-e055-000000000001,2ae19629-1d72-13a3-e055-000000000001,Carn,Cavan-Monaghan
2ae19629-1d73-13a3-e055-000000000001,2ae19629-1d73-13a3-e055-000000000001,Carnagarve,Cavan-Monaghan
2ae19629-1d74-13a3-e055-000000000001,2ae19629-1d74-13a3-e055-000000000001,Carrafin,Cavan-Monaghan
2ae19629-1d75-13a3-e055-000000000001,2ae19629-1d75-13a3-e055-000000000001,Larah South,Cavan-Monaghan
2ae19629-1d76-13a3-e055-000000000001,2ae19629-1d76-13a3-e055-000000000001,Lisagoan,Cavan-Monaghan
2ae19629-1d77-13a3-e055-000000000001,2ae19629-1d77-13a3-e055-000000000001,Lissanover,Cavan-Monaghan
2ae19629-1d78-13a3-e055-000000000001,2ae19629-1d78-13a3-e055-000000000001,Firhouse-Knocklyon,Dublin South-West
2ae19629-1d79-13a3-e055-000000000001,2ae19629-1d79-13a3-e055-000000000001,Foxrock-Beechpark,Dún Laoghaire
2ae19629-1d7a-13a3-e055-000000000001,2ae19629-1d7a-13a3-e055-000000000001,Foxrock-Carrickmines,Dublin Rathdown
2ae19629-1d7b-13a3-e055-000000000001,2ae19629-1d7b-13a3-e055-000000000001,Foxrock-Deansgrange,Dún Laoghaire
2ae19629-1d7c-13a3-e055-000000000001,2ae19629-1d7c-13a3-e055-000000000001,Foxrock-Torquay,Dublin Rathdown
2ae19629-1d7d-13a3-e055-000000000001,2ae19629-1d7d-13a3-e055-000000000001,Garristown,Dublin Fingal West
2ae19629-1d7e-13a3-e055-000000000001,2ae19629-1d7e-13a3-e055-000000000001,Glencullen,Dublin Rathdown
2ae19629-1d7f-13a3-e055-000000000001,2ae19629-1d7f-13a3-e055-000000000001,Grange A,Dublin Bay North
2ae19629-1d80-13a3-e055-000000000001,2ae19629-1d80-13a3-e055-000000000001,Grange B,Dublin Bay North
2ae19629-1d81-13a3-e055-000000000001,2ae19629-1d81-13a3-e055-000000000001,Grange C,Dublin Bay North
2ae19629-1d82-13a3-e055-000000000001,2ae19629-1d82-13a3-e055-000000000001,Grange D,Dublin Bay North
2ae19629-1d83-13a3-e055-000000000001,2ae19629-1d83-13a3-e055-000000000001,Grange E,Dublin Bay North
2ae19629-1d84-13a3-e055-000000000001,2ae19629-1d84-13a3-e055-000000000001,Harmonstown A,Dublin Bay North
2ae19629-1d85-13a3-e055-000000000001,2ae19629-1d85-13a3-e055-000000000001,Harmonstown B,Dublin Bay North
2ae19629-1d86-13a3-e055-000000000001,2ae19629-1d86-13a3-e055-000000000001,Inchicore A,Dublin South-Central
2ae19629-1d87-13a3-e055-000000000001,2ae19629-1d87-13a3-e055-000000000001,Inchicore B,Dublin South-Central
2ae19629-1d88-13a3-e055-000000000001,2ae19629-1d88-13a3-e055-000000000001,Inns Quay A,Dublin Central
2ae19629-1d89-13a3-e055-000000000001,2ae19629-1d89-13a3-e055-000000000001,Inns Quay B,Dublin Central
2ae19629-1d8a-13a3-e055-000000000001,2ae19629-1d8a-13a3-e055-000000000001,Inns Quay C,Dublin Central
2ae19629-1d8b-13a3-e055-000000000001,2ae19629-1d8b-13a3-e055-000000000001,Kilmainham A,Dublin South-Central
2ae19629-1d8c-13a3-e055-000000000001,2ae19629-1d8c-13a3-e055-000000000001,Kilmainham B,Dublin South-Central
2ae19629-1d8d-13a3-e055-000000000001,2ae19629-1d8d-13a3-e055-000000000001,Kilmainham C,Dublin South-Central
2ae19629-1d8e-13a3-e055-000000000001,2ae19629-1d8e-13a3-e055-000000000001,Kilmore C,Dublin Bay North
2ae19629-1d8f-13a3-e055-000000000001,2ae19629-1d8f-13a3-e055-000000000001,Castlerahan,Cavan-Monaghan
2ae19629-1d90-13a3-e055-000000000001,2ae19629-1d90-13a3-e055-000000000001,Castlesaunderson,Cavan-Monaghan
2ae19629-1d91-13a3-e055-000000000001,2ae19629-1d91-13a3-e055-000000000001,Loughdawan,Cavan-Monaghan
2ae19629-1d92-13a3-e055-000000000001,2ae19629-1d92-13a3-e055-000000000001,Lurgan,Cavan-Monaghan
2ae19629-1d93-13a3-e055-000000000001,2ae19629-1d93-13a3-e055-000000000001,Milltown,Cavan-Monaghan
2ae19629-1d94-13a3-e055-000000000001,2ae19629-1d94-13a3-e055-000000000001,Hollywood,Dublin Fingal West
2ae19629-1d95-13a3-e055-000000000001,2ae19629-1d95-13a3-e055-000000000001,Holmpatrick,Dublin Fingal West
2ae19629-1d96-13a3-e055-000000000001,2ae19629-1d96-13a3-e055-000000000001,Kilmore D,Dublin Bay North
2ae19629-1d97-13a3-e055-000000000001,2ae19629-1d97-13a3-e055-000000000001,Kilmore A,Dublin North-West
2ae19629-1d98-13a3-e055-000000000001,2ae19629-1d98-13a3-e055-000000000001,Kilmore B,Dublin Bay North
2ae19629-1d99-13a3-e055-000000000001,2ae19629-1d99-13a3-e055-000000000001,Kimmage A,Dublin South-Central
2ae19629-1d9a-13a3-e055-000000000001,2ae19629-1d9a-13a3-e055-000000000001,Kimmage B,Dublin South-Central
2ae19629-1d9b-13a3-e055-000000000001,2ae19629-1d9b-13a3-e055-000000000001,Kimmage C,Dublin South-Central
2ae19629-1d9c-13a3-e055-000000000001,2ae19629-1d9c-13a3-e055-000000000001,Kimmage D,Dublin South-Central
2ae19629-1d9d-13a3-e055-000000000001,2ae19629-1d9d-13a3-e055-000000000001,Kimmage E,Dublin South-Central
2ae19629-1d9e-13a3-e055-000000000001,2ae19629-1d9e-13a3-e055-000000000001,Kylemore,Dublin South-Central
2ae19629-1d9f-13a3-e055-000000000001,2ae19629-1d9f-13a3-e055-000000000001,Mansion House A,Dublin Bay South
2ae19629-1da0-13a3-e055-000000000001,2ae19629-1da0-13a3-e055-000000000001,Mansion House B,Dublin Bay South
2ae19629-1da1-13a3-e055-000000000001,2ae19629-1da1-13a3-e055-000000000001,Merchants Quay A,Dublin South-Central
2ae19629-1da2-13a3-e055-000000000001,2ae19629-1da2-13a3-e055-000000000001,Merchants Quay B,Dublin South-Central
2ae19629-1da3-13a3-e055-000000000001,2ae19629-1da3-13a3-e055-000000000001,Merchants Quay C,Dublin South-Central
2ae19629-1da4-13a3-e055-000000000001,2ae19629-1da4-13a3-e055-000000000001,Merchants Quay D,Dublin South-Central
2ae19629-1da5-13a3-e055-000000000001,2ae19629-1da5-13a3-e055-000000000001,Merchants Quay E,Dublin South-Central
2ae19629-1da6-13a3-e055-000000000001,2ae19629-1da6-13a3-e055-000000000001,Merchants Quay F,Dublin South-Central
2ae19629-1da7-13a3-e055-000000000001,2ae19629-1da7-13a3-e055-000000000001,Mountjoy A,Dublin Central
2ae19629-1da8-13a3-e055-000000000001,2ae19629-1da8-13a3-e055-000000000001,Mountjoy B,Dublin Central
2ae19629-1da9-13a3-e055-000000000001,2ae19629-1da9-13a3-e055-000000000001,Cavan Rural,Cavan-Monaghan
2ae19629-1daa-13a3-e055-000000000001,2ae19629-1daa-13a3-e055-000000000001,Cavan Urban,Cavan-Monaghan
2ae19629-1dab-13a3-e055-000000000001,2ae19629-1dab-13a3-e055-000000000001,Clonervy,Cavan-Monaghan
2ae19629-1dac-13a3-e055-000000000001,2ae19629-1dac-13a3-e055-000000000001,Cootehill Rural,Cavan-Monaghan
2ae19629-1dad-13a3-e055-000000000001,2ae19629-1dad-13a3-e055-000000000001,Moynehall,Cavan-Monaghan
2ae19629-1dae-13a3-e055-000000000001,2ae19629-1dae-13a3-e055-000000000001,Mullagh,Cavan-Monaghan
2ae19629-1daf-13a3-e055-000000000001,2ae19629-1daf-13a3-e055-000000000001,Howth,Dublin Bay North
2ae19629-1db0-13a3-e055-000000000001,2ae19629-1db0-13a3-e055-000000000001,Killiney North,Dún Laoghaire
2ae19629-1db1-13a3-e055-000000000001,2ae19629-1db1-13a3-e055-000000000001,Killiney South,Dún Laoghaire
2ae19629-1db2-13a3-e055-000000000001,2ae19629-1db2-13a3-e055-000000000001,North City,Dublin Central
2ae19629-1db3-13a3-e055-000000000001,2ae19629-1db3-13a3-e055-000000000001,North Dock A,Dublin Central
2ae19629-1db4-13a3-e055-000000000001,2ae19629-1db4-13a3-e055-000000000001,North Dock B,Dublin Central
2ae19629-1db5-13a3-e055-000000000001,2ae19629-1db5-13a3-e055-000000000001,North Dock C,Dublin Central
2ae19629-1db6-13a3-e055-000000000001,2ae19629-1db6-13a3-e055-000000000001,Pembroke East A,Dublin Bay South
2ae19629-1db7-13a3-e055-000000000001,2ae19629-1db7-13a3-e055-000000000001,Pembroke East B,Dublin Bay South
2ae19629-1db8-13a3-e055-000000000001,2ae19629-1db8-13a3-e055-000000000001,Pembroke East C,Dublin Bay South
2ae19629-1db9-13a3-e055-000000000001,2ae19629-1db9-13a3-e055-000000000001,Pembroke East D,Dublin Bay South
2ae19629-1dba-13a3-e055-000000000001,2ae19629-1dba-13a3-e055-000000000001,Pembroke East E,Dublin Bay South
2ae19629-1dbb-13a3-e055-000000000001,2ae19629-1dbb-13a3-e055-000000000001,Pembroke West A,Dublin Bay South
2ae19629-1dbc-13a3-e055-000000000001,2ae19629-1dbc-13a3-e055-000000000001,Pembroke West B,Dublin Bay South
2ae19629-1dbd-13a3-e055-000000000001,2ae19629-1dbd-13a3-e055-000000000001,Pembroke West C,Dublin Bay South
2ae19629-1dbe-13a3-e055-000000000001,2ae19629-1dbe-13a3-e055-000000000001,Phoenix Park,Dublin West
2ae19629-1dbf-13a3-e055-000000000001,2ae19629-1dbf-13a3-e055-000000000001,Cootehill Urban,Cavan-Monaghan
2ae19629-1dc0-13a3-e055-000000000001,2ae19629-1dc0-13a3-e055-000000000001,Corr,Cavan-Monaghan
2ae19629-1dc1-13a3-e055-000000000001,2ae19629-1dc1-13a3-e055-000000000001,Corraneary,Cavan-Monaghan
2ae19629-1dc2-13a3-e055-000000000001,2ae19629-1dc2-13a3-e055-000000000001,Munterconnaught,Cavan-Monaghan
2ae19629-1dc4-13a3-e055-000000000001,2ae19629-1dc4-13a3-e055-000000000001,Rakenny,Cavan-Monaghan
2ae19629-1dc5-13a3-e055-000000000001,2ae19629-1dc5-13a3-e055-000000000001,Kilsallaghan,Dublin Fingal West
2ae19629-1dc6-13a3-e055-000000000001,2ae19629-1dc6-13a3-e055-000000000001,Kinsaley,Dublin Fingal East
2ae19629-1dc7-13a3-e055-000000000001,2ae19629-1dc7-13a3-e055-000000000001,Lucan-Esker,Dublin Mid-West
2ae19629-1dc8-13a3-e055-000000000001,2ae19629-1dc8-13a3-e055-000000000001,Lucan Heights,Dublin Mid-West
2ae19629-1dc9-13a3-e055-000000000001,2ae19629-1dc9-13a3-e055-000000000001,Lucan North,Dublin West
2ae19629-1dca-13a3-e055-000000000001,2ae19629-1dca-13a3-e055-000000000001,Priorswood C,Dublin Bay North
2ae19629-1dcb-13a3-e055-000000000001,2ae19629-1dcb-13a3-e055-000000000001,Priorswood D,Dublin Bay North
2ae19629-1dcc-13a3-e055-000000000001,2ae19629-1dcc-13a3-e055-000000000001,Priorswood A,Dublin Bay North
2ae19629-1dcd-13a3-e055-000000000001,2ae19629-1dcd-13a3-e055-000000000001,Priorswood B,Dublin Bay North
2ae19629-1dce-13a3-e055-000000000001,2ae19629-1dce-13a3-e055-000000000001,Priorswood E,Dublin Bay North
2ae19629-1dcf-13a3-e055-000000000001,2ae19629-1dcf-13a3-e055-000000000001,Raheny-Foxfield,Dublin Bay North
2ae19629-1dd0-13a3-e055-000000000001,2ae19629-1dd0-13a3-e055-000000000001,Raheny-Greendale,Dublin Bay North
2ae19629-1dd1-13a3-e055-000000000001,2ae19629-1dd1-13a3-e055-000000000001,Raheny-St. Assam,Dublin Bay North
2ae19629-1dd2-13a3-e055-000000000001,2ae19629-1dd2-13a3-e055-000000000001,Rathfarnham,Dublin Bay South
2ae19629-1dd3-13a3-e055-000000000001,2ae19629-1dd3-13a3-e055-000000000001,Rathmines East A,Dublin Bay South
2ae19629-1dd4-13a3-e055-000000000001,2ae19629-1dd4-13a3-e055-000000000001,Rathmines East B,Dublin Bay South
2ae19629-1dd5-13a3-e055-000000000001,2ae19629-1dd5-13a3-e055-000000000001,Rathmines East C,Dublin Bay South
2ae19629-1dd6-13a3-e055-000000000001,2ae19629-1dd6-13a3-e055-000000000001,Rathmines East D,Dublin Bay South
2ae19629-1dd7-13a3-e055-000000000001,2ae19629-1dd7-13a3-e055-000000000001,Rathmines West A,Dublin Bay South
2ae19629-1dd8-13a3-e055-000000000001,2ae19629-1dd8-13a3-e055-000000000001,Rathmines West B,Dublin Bay South
2ae19629-1dd9-13a3-e055-000000000001,2ae19629-1dd9-13a3-e055-000000000001,Crossbane,Cavan-Monaghan
2ae19629-1dda-13a3-e055-000000000001,2ae19629-1dda-13a3-e055-000000000001,Crossdoney,Cavan-Monaghan
2ae19629-1ddb-13a3-e055-000000000001,2ae19629-1ddb-13a3-e055-000000000001,Redhill,Cavan-Monaghan
2ae19629-1ddc-13a3-e055-000000000001,2ae19629-1ddc-13a3-e055-000000000001,Scrabby,Cavan-Monaghan
2ae19629-1ddd-13a3-e055-000000000001,2ae19629-1ddd-13a3-e055-000000000001,Shercock,Cavan-Monaghan
2ae19629-1dde-13a3-e055-000000000001,2ae19629-1dde-13a3-e055-000000000001,Lucan-St. Helens,Dublin Mid-West
2ae19629-1ddf-13a3-e055-000000000001,2ae19629-1ddf-13a3-e055-000000000001,Lusk,Dublin Fingal West
2ae19629-1de0-13a3-e055-000000000001,2ae19629-1de0-13a3-e055-000000000001,Malahide East,Dublin Fingal East
2ae19629-1de1-13a3-e055-000000000001,2ae19629-1de1-13a3-e055-000000000001,Malahide West,Dublin Fingal East
2ae19629-1de2-13a3-e055-000000000001,2ae19629-1de2-13a3-e055-000000000001,Newcastle,Dublin Mid-West
2ae19629-1de3-13a3-e055-000000000001,2ae19629-1de3-13a3-e055-000000000001,Palmerston Village,Dublin Mid-West
2ae19629-1de4-13a3-e055-000000000001,2ae19629-1de4-13a3-e055-000000000001,Palmerston West,Dublin Mid-West
2ae19629-1de5-13a3-e055-000000000001,2ae19629-1de5-13a3-e055-000000000001,Portmarnock North,Dublin Fingal East
2ae19629-1de6-13a3-e055-000000000001,2ae19629-1de6-13a3-e055-000000000001,Rathmines West C,Dublin Bay South
2ae19629-1de7-13a3-e055-000000000001,2ae19629-1de7-13a3-e055-000000000001,Rathmines West D,Dublin Bay South
2ae19629-1de8-13a3-e055-000000000001,2ae19629-1de8-13a3-e055-000000000001,Rathmines West E,Dublin Bay South
2ae19629-1de9-13a3-e055-000000000001,2ae19629-1de9-13a3-e055-000000000001,Rathmines West F,Dublin Bay South
2ae19629-1dea-13a3-e055-000000000001,2ae19629-1dea-13a3-e055-000000000001,Rotunda A,Dublin Central
2ae19629-1deb-13a3-e055-000000000001,2ae19629-1deb-13a3-e055-000000000001,Rotunda B,Dublin Central
2ae19629-1dec-13a3-e055-000000000001,2ae19629-1dec-13a3-e055-000000000001,Royal Exchange A,Dublin Bay South
2ae19629-1ded-13a3-e055-000000000001,2ae19629-1ded-13a3-e055-000000000001,Royal Exchange B,Dublin Bay South
2ae19629-1dee-13a3-e055-000000000001,2ae19629-1dee-13a3-e055-000000000001,Saint Kevin's,Dublin Bay South
2ae19629-1def-13a3-e055-000000000001,2ae19629-1def-13a3-e055-000000000001,South Dock,Dublin Bay South
2ae19629-1df0-13a3-e055-000000000001,2ae19629-1df0-13a3-e055-000000000001,Terenure A,Dublin Bay South
2ae19629-1df1-13a3-e055-000000000001,2ae19629-1df1-13a3-e055-000000000001,Terenure B,Dublin Bay South
2ae19629-1df2-13a3-e055-000000000001,2ae19629-1df2-13a3-e055-000000000001,Terenure C,Dublin Bay South
2ae19629-1df3-13a3-e055-000000000001,2ae19629-1df3-13a3-e055-000000000001,Terenure D,Dublin Bay South
2ae19629-1df4-13a3-e055-000000000001,2ae19629-1df4-13a3-e055-000000000001,Ushers A,Dublin South-Central
2ae19629-1df5-13a3-e055-000000000001,2ae19629-1df5-13a3-e055-000000000001,Ushers B,Dublin South-Central
2ae19629-1df6-13a3-e055-000000000001,2ae19629-1df6-13a3-e055-000000000001,Ushers C,Dublin South-Central
2ae19629-1df7-13a3-e055-000000000001,2ae19629-1df7-13a3-e055-000000000001,Ushers D,Dublin South-Central
2ae19629-1df8-13a3-e055-000000000001,2ae19629-1df8-13a3-e055-000000000001,Ushers E,Dublin South-Central
2ae19629-1df9-13a3-e055-000000000001,2ae19629-1df9-13a3-e055-000000000001,Crosskeys,Cavan-Monaghan
2ae19629-1dfa-13a3-e055-000000000001,2ae19629-1dfa-13a3-e055-000000000001,Cuttragh,Cavan-Monaghan
2ae19629-1dfb-13a3-e055-000000000001,2ae19629-1dfb-13a3-e055-000000000001,Denn,Cavan-Monaghan
2ae19629-1dfc-13a3-e055-000000000001,2ae19629-1dfc-13a3-e055-000000000001,Skeagh,Cavan-Monaghan
2ae19629-1dfd-13a3-e055-000000000001,2ae19629-1dfd-13a3-e055-000000000001,Springfield,Cavan-Monaghan
2ae19629-1dfe-13a3-e055-000000000001,2ae19629-1dfe-13a3-e055-000000000001,Portmarnock South,Dublin Fingal East
2ae19629-1dff-13a3-e055-000000000001,2ae19629-1dff-13a3-e055-000000000001,Rathcoole,Dublin Mid-West
2ae19629-1e00-13a3-e055-000000000001,2ae19629-1e00-13a3-e055-000000000001,Rathfarnham-Ballyroan,Dublin South-West
2ae19629-1e01-13a3-e055-000000000001,2ae19629-1e01-13a3-e055-000000000001,Rathfarnham-Butterfield,Dublin South-West
2ae19629-1e02-13a3-e055-000000000001,2ae19629-1e02-13a3-e055-000000000001,Rathfarnham-Hermitage,Dublin South-West
2ae19629-1e03-13a3-e055-000000000001,2ae19629-1e03-13a3-e055-000000000001,Rathfarnham-St. Enda's,Dublin South-West
2ae19629-1e04-13a3-e055-000000000001,2ae19629-1e04-13a3-e055-000000000001,Rathfarnham Village,Dublin South-West
2ae19629-1e05-13a3-e055-000000000001,2ae19629-1e05-13a3-e055-000000000001,Ushers F,Dublin South-Central
2ae19629-1e06-13a3-e055-000000000001,2ae19629-1e06-13a3-e055-000000000001,Walkinstown A,Dublin South-Central
2ae19629-1e07-13a3-e055-000000000001,2ae19629-1e07-13a3-e055-000000000001,Walkinstown B,Dublin South-Central
2ae19629-1e08-13a3-e055-000000000001,2ae19629-1e08-13a3-e055-000000000001,Walkinstown C,Dublin South-Central
2ae19629-1e09-13a3-e055-000000000001,2ae19629-1e09-13a3-e055-000000000001,Whitehall A,Dublin North-West
2ae19629-1e0a-13a3-e055-000000000001,2ae19629-1e0a-13a3-e055-000000000001,Whitehall B,Dublin North-West
2ae19629-1e0b-13a3-e055-000000000001,2ae19629-1e0b-13a3-e055-000000000001,Whitehall C,Dublin North-West
2ae19629-1e0c-13a3-e055-000000000001,2ae19629-1e0c-13a3-e055-000000000001,Whitehall D,Dublin North-West
2ae19629-1e0d-13a3-e055-000000000001,2ae19629-1e0d-13a3-e055-000000000001,Wood Quay A,Dublin Bay South
2ae19629-1e0e-13a3-e055-000000000001,2ae19629-1e0e-13a3-e055-000000000001,Wood Quay B,Dublin Bay South
2ae19629-1e0f-13a3-e055-000000000001,2ae19629-1e0f-13a3-e055-000000000001,Ardue,Cavan-Monaghan
2ae19629-1e10-13a3-e055-000000000001,2ae19629-1e10-13a3-e055-000000000001,Derrin,Cavan-Monaghan
2ae19629-1e11-13a3-e055-000000000001,2ae19629-1e11-13a3-e055-000000000001,Derrylahan,Cavan-Monaghan
2ae19629-1e13-13a3-e055-000000000001,2ae19629-1e13-13a3-e055-000000000001,Stradone,Cavan-Monaghan
2ae19629-1e14-13a3-e055-000000000001,2ae19629-1e14-13a3-e055-000000000001,Swanlinbar,Cavan-Monaghan
2ae19629-1e15-13a3-e055-000000000001,2ae19629-1e15-13a3-e055-000000000001,Rush,Dublin Fingal West
2ae19629-1e16-13a3-e055-000000000001,2ae19629-1e16-13a3-e055-000000000001,Saggart,Dublin Mid-West
2ae19629-1e17-13a3-e055-000000000001,2ae19629-1e17-13a3-e055-000000000001,Shankill-Rathmichael,Dún Laoghaire
2ae19629-1e19-13a3-e055-000000000001,2ae19629-1e19-13a3-e055-000000000001,Shankill-Shanganagh,Dún Laoghaire
2ae19629-1e1a-13a3-e055-000000000001,2ae19629-1e1a-13a3-e055-000000000001,Arvagh,Cavan-Monaghan
2ae19629-1e1b-13a3-e055-000000000001,2ae19629-1e1b-13a3-e055-000000000001,Ashfield,Cavan-Monaghan
2ae19629-1e1c-13a3-e055-000000000001,2ae19629-1e1c-13a3-e055-000000000001,Diamond,Cavan-Monaghan
2ae19629-1e1d-13a3-e055-000000000001,2ae19629-1e1d-13a3-e055-000000000001,Doogary,Cavan-Monaghan
2ae19629-1e1e-13a3-e055-000000000001,2ae19629-1e1e-13a3-e055-000000000001,Dowra,Cavan-Monaghan
2ae19629-1e1f-13a3-e055-000000000001,2ae19629-1e1f-13a3-e055-000000000001,Taghart,Cavan-Monaghan
2ae19629-1e21-13a3-e055-000000000001,2ae19629-1e21-13a3-e055-000000000001,Templeport,Cavan-Monaghan
2ae19629-1e22-13a3-e055-000000000001,2ae19629-1e22-13a3-e055-000000000001,Balgriffin,Dublin Bay North
2ae19629-1e23-13a3-e055-000000000001,2ae19629-1e23-13a3-e055-000000000001,Ballinascorney,Dublin South-West
2ae19629-1e24-13a3-e055-000000000001,2ae19629-1e24-13a3-e055-000000000001,Ballinteer-Woodpark,Dublin Rathdown
2ae19629-1e25-13a3-e055-000000000001,2ae19629-1e25-13a3-e055-000000000001,Ballinteer-Broadford,Dublin Rathdown
2ae19629-1e26-13a3-e055-000000000001,2ae19629-1e26-13a3-e055-000000000001,Ballinteer-Ludford,Dublin Rathdown
2ae19629-1e27-13a3-e055-000000000001,2ae19629-1e27-13a3-e055-000000000001,Ballinteer-Marley,Dublin Rathdown
2ae19629-1e28-13a3-e055-000000000001,2ae19629-1e28-13a3-e055-000000000001,Ballinteer-Meadowbroads,Dublin Rathdown
2ae19629-1e29-13a3-e055-000000000001,2ae19629-1e29-13a3-e055-000000000001,Ballinteer-Meadowmount,Dublin Rathdown
2ae19629-1e2a-13a3-e055-000000000001,2ae19629-1e2a-13a3-e055-000000000001,Ballyboden,Dublin South-West
2ae19629-1e2b-13a3-e055-000000000001,2ae19629-1e2b-13a3-e055-000000000001,Inch,Wexford
2ae19629-1e2c-13a3-e055-000000000001,2ae19629-1e2c-13a3-e055-000000000001,Kilbora,Wicklow-Wexford
2ae19629-1e2d-13a3-e055-000000000001,2ae19629-1e2d-13a3-e055-000000000001,Kilbride,Wexford
2ae19629-1e2e-13a3-e055-000000000001,2ae19629-1e2e-13a3-e055-000000000001,Kilcomb,Wicklow-Wexford
2ae19629-1e2f-13a3-e055-000000000001,2ae19629-1e2f-13a3-e055-000000000001,Tinnacross,Wicklow-Wexford
2ae19629-1e30-13a3-e055-000000000001,2ae19629-1e30-13a3-e055-000000000001,Tintern,Wexford
2ae19629-1e31-13a3-e055-000000000001,2ae19629-1e31-13a3-e055-000000000001,Ennereilly,Wicklow-Wexford
2ae19629-1e32-13a3-e055-000000000001,2ae19629-1e32-13a3-e055-000000000001,Enniskerry,Wicklow
2ae19629-1e33-13a3-e055-000000000001,2ae19629-1e33-13a3-e055-000000000001,Ballyboghil,Dublin Fingal West
2ae19629-1e34-13a3-e055-000000000001,2ae19629-1e34-13a3-e055-000000000001,Ballybrack,Dún Laoghaire
2ae19629-1e35-13a3-e055-000000000001,2ae19629-1e35-13a3-e055-000000000001,Balscadden,Dublin Fingal West
2ae19629-1e36-13a3-e055-000000000001,2ae19629-1e36-13a3-e055-000000000001,Blackrock-Monkstown,Dún Laoghaire
2ae19629-1e37-13a3-e055-000000000001,2ae19629-1e37-13a3-e055-000000000001,Blackrock-Seapoint,Dún Laoghaire
2ae19629-1e38-13a3-e055-000000000001,2ae19629-1e38-13a3-e055-000000000001,Blackrock-Booterstown,Dún Laoghaire
2ae19629-1e39-13a3-e055-000000000001,2ae19629-1e39-13a3-e055-000000000001,Kilcormick,Wicklow-Wexford
2ae19629-1e3a-13a3-e055-000000000001,2ae19629-1e3a-13a3-e055-000000000001,Kilcowan,Wexford
2ae19629-1e3b-13a3-e055-000000000001,2ae19629-1e3b-13a3-e055-000000000001,Kilgarvan,Wexford
2ae19629-1e3c-13a3-e055-000000000001,2ae19629-1e3c-13a3-e055-000000000001,Tombrack,Wicklow-Wexford
2ae19629-1e3d-13a3-e055-000000000001,2ae19629-1e3d-13a3-e055-000000000001,Tomhaggard,Wexford
2ae19629-1e3e-13a3-e055-000000000001,2ae19629-1e3e-13a3-e055-000000000001,Glendalough,Wicklow
2ae19629-1e3f-13a3-e055-000000000001,2ae19629-1e3f-13a3-e055-000000000001,Glenealy,Wicklow
2ae19629-1e40-13a3-e055-000000000001,2ae19629-1e40-13a3-e055-000000000001,Ballylarkin,Wicklow-Wexford
2ae19629-1e41-13a3-e055-000000000001,2ae19629-1e41-13a3-e055-000000000001,Ballymitty,Wexford
2ae19629-1e42-13a3-e055-000000000001,2ae19629-1e42-13a3-e055-000000000001,Kilgorman,Wicklow-Wexford
2ae19629-1e43-13a3-e055-000000000001,2ae19629-1e43-13a3-e055-000000000001,Killag,Wexford
2ae19629-1e44-13a3-e055-000000000001,2ae19629-1e44-13a3-e055-000000000001,Wells,Wicklow-Wexford
2ae19629-1e45-13a3-e055-000000000001,2ae19629-1e45-13a3-e055-000000000001,Wexford Rural,Wexford
2ae19629-1e46-13a3-e055-000000000001,2ae19629-1e46-13a3-e055-000000000001,Wexford No. 1 Urban,Wexford
2ae19629-1e47-13a3-e055-000000000001,2ae19629-1e47-13a3-e055-000000000001,Greystones,Wicklow
2ae19629-1e48-13a3-e055-000000000001,2ae19629-1e48-13a3-e055-000000000001,Hartstown,Wicklow
2ae19629-1e49-13a3-e055-000000000001,2ae19629-1e49-13a3-e055-000000000001,Hollywood,Wicklow
2ae19629-1e4a-13a3-e055-000000000001,2ae19629-1e4a-13a3-e055-000000000001,Humewood,Wicklow
2ae19629-1e4b-13a3-e055-000000000001,2ae19629-1e4b-13a3-e055-000000000001,Ballymore,Wicklow-Wexford
2ae19629-1e4c-13a3-e055-000000000001,2ae19629-1e4c-13a3-e055-000000000001,Ballynestragh,Wicklow-Wexford
2ae19629-1e4d-13a3-e055-000000000001,2ae19629-1e4d-13a3-e055-000000000001,Balloughter,Wicklow-Wexford
2ae19629-1e4e-13a3-e055-000000000001,2ae19629-1e4e-13a3-e055-000000000001,Killann,Wexford
2ae19629-1e4f-13a3-e055-000000000001,2ae19629-1e4f-13a3-e055-000000000001,Killenagh,Wicklow-Wexford
2ae19629-1e50-13a3-e055-000000000001,2ae19629-1e50-13a3-e055-000000000001,Whitechurch,Wexford
2ae19629-1e51-13a3-e055-000000000001,2ae19629-1e51-13a3-e055-000000000001,Whitechurch,Wexford
2ae19629-1e52-13a3-e055-000000000001,2ae19629-1e52-13a3-e055-000000000001,Whitemoor,Wexford
2ae19629-1e53-13a3-e055-000000000001,2ae19629-1e53-13a3-e055-000000000001,Imael North,Wicklow
2ae19629-1e54-13a3-e055-000000000001,2ae19629-1e54-13a3-e055-000000000001,Imael South,Wicklow
2ae19629-1e55-13a3-e055-000000000001,2ae19629-1e55-13a3-e055-000000000001,Kilballyowen,Wicklow-Wexford
2ae19629-1e56-13a3-e055-000000000001,2ae19629-1e56-13a3-e055-000000000001,Ballyvaldon,Wexford
2ae19629-1e57-13a3-e055-000000000001,2ae19629-1e57-13a3-e055-000000000001,Bannow,Wexford
2ae19629-1e58-13a3-e055-000000000001,2ae19629-1e58-13a3-e055-000000000001,Barrack Village,Wexford
2ae19629-1e59-13a3-e055-000000000001,2ae19629-1e59-13a3-e055-000000000001,Killesk,Wexford
2ae19629-1e5a-13a3-e055-000000000001,2ae19629-1e5a-13a3-e055-000000000001,Killincooly,Wicklow-Wexford
2ae19629-1e5b-13a3-e055-000000000001,2ae19629-1e5b-13a3-e055-000000000001,Wingfield,Wicklow-Wexford
2ae19629-1e5c-13a3-e055-000000000001,2ae19629-1e5c-13a3-e055-000000000001,Wexford No. 3 Urban,Wexford
2ae19629-1e5d-13a3-e055-000000000001,2ae19629-1e5d-13a3-e055-000000000001,Wexford No. 2 Urban,Wexford
2ae19629-1e5e-13a3-e055-000000000001,2ae19629-1e5e-13a3-e055-000000000001,Aghowle,Wicklow-Wexford
2ae19629-1e5f-13a3-e055-000000000001,2ae19629-1e5f-13a3-e055-000000000001,Kilbride,Wicklow
2ae19629-1e60-13a3-e055-000000000001,2ae19629-1e60-13a3-e055-000000000001,Kilbride,Wicklow-Wexford
2ae19629-1e61-13a3-e055-000000000001,2ae19629-1e61-13a3-e055-000000000001,Kilcoole,Wicklow
2ae19629-1e62-13a3-e055-000000000001,2ae19629-1e62-13a3-e055-000000000001,Barronstown,Wexford
2ae19629-1e63-13a3-e055-000000000001,2ae19629-1e63-13a3-e055-000000000001,Bolaboy,Wexford
2ae19629-1e64-13a3-e055-000000000001,2ae19629-1e64-13a3-e055-000000000001,Bree,Wexford
2ae19629-1e65-13a3-e055-000000000001,2ae19629-1e65-13a3-e055-000000000001,Killinick,Wexford
2ae19629-1e66-13a3-e055-000000000001,2ae19629-1e66-13a3-e055-000000000001,Killoughrum,Wexford
2ae19629-1e67-13a3-e055-000000000001,2ae19629-1e67-13a3-e055-000000000001,Altidore,Wicklow
2ae19629-1e68-13a3-e055-000000000001,2ae19629-1e68-13a3-e055-000000000001,Arklow Rural,Wicklow-Wexford
2ae19629-1e69-13a3-e055-000000000001,2ae19629-1e69-13a3-e055-000000000001,Arklow No. 1 Urban,Wicklow-Wexford
2ae19629-1e6a-13a3-e055-000000000001,2ae19629-1e6a-13a3-e055-000000000001,Aughrim,Wicklow-Wexford
2ae19629-1e6b-13a3-e055-000000000001,2ae19629-1e6b-13a3-e055-000000000001,Ballinaclash,Wicklow-Wexford
2ae19629-1e6c-13a3-e055-000000000001,2ae19629-1e6c-13a3-e055-000000000001,Killinure,Wicklow-Wexford
2ae19629-1e6d-13a3-e055-000000000001,2ae19629-1e6d-13a3-e055-000000000001,Killiskey,Wicklow
2ae19629-1e6e-13a3-e055-000000000001,2ae19629-1e6e-13a3-e055-000000000001,Bridgetown,Wexford
2ae19629-1e6f-13a3-e055-000000000001,2ae19629-1e6f-13a3-e055-000000000001,Cahore,Wicklow-Wexford
2ae19629-1e70-13a3-e055-000000000001,2ae19629-1e70-13a3-e055-000000000001,Carnagh,Wexford
2ae19629-1e71-13a3-e055-000000000001,2ae19629-1e71-13a3-e055-000000000001,Killurin,Wexford
2ae19629-1e72-13a3-e055-000000000001,2ae19629-1e72-13a3-e055-000000000001,Kilmallock,Wexford
2ae19629-1e73-13a3-e055-000000000001,2ae19629-1e73-13a3-e055-000000000001,Kilmokea,Wexford
2ae19629-1e74-13a3-e055-000000000001,2ae19629-1e74-13a3-e055-000000000001,Kilmore,Wexford
2ae19629-1e75-13a3-e055-000000000001,2ae19629-1e75-13a3-e055-000000000001,Ballinacor,Wicklow-Wexford
2ae19629-1e76-13a3-e055-000000000001,2ae19629-1e76-13a3-e055-000000000001,Ballinderry,Wicklow-Wexford
2ae19629-1e77-13a3-e055-000000000001,2ae19629-1e77-13a3-e055-000000000001,Ballingate,Wicklow-Wexford
2ae19629-1e78-13a3-e055-000000000001,2ae19629-1e78-13a3-e055-000000000001,Kilmacanoge,Wicklow
2ae19629-1e79-13a3-e055-000000000001,2ae19629-1e79-13a3-e055-000000000001,Kilpipe,Wicklow-Wexford
2ae19629-1e7a-13a3-e055-000000000001,2ae19629-1e7a-13a3-e055-000000000001,Carrick,Wexford
2ae19629-1e7b-13a3-e055-000000000001,2ae19629-1e7b-13a3-e055-000000000001,Carrickbyrne,Wexford
2ae19629-1e7c-13a3-e055-000000000001,2ae19629-1e7c-13a3-e055-000000000001,Castle Ellis,Wexford
2ae19629-1e7d-13a3-e055-000000000001,2ae19629-1e7d-13a3-e055-000000000001,Kilnahue,Wicklow-Wexford
2ae19629-1e7e-13a3-e055-000000000001,2ae19629-1e7e-13a3-e055-000000000001,Kilpatrick,Wexford
2ae19629-1e7f-13a3-e055-000000000001,2ae19629-1e7f-13a3-e055-000000000001,Castledockrell,Wicklow-Wexford
2ae19629-1e80-13a3-e055-000000000001,2ae19629-1e80-13a3-e055-000000000001,Kilrush,Wicklow-Wexford
2ae19629-1e81-13a3-e055-000000000001,2ae19629-1e81-13a3-e055-000000000001,Ballinglen,Wicklow-Wexford
2ae19629-1e82-13a3-e055-000000000001,2ae19629-1e82-13a3-e055-000000000001,Ballinguile,Wicklow
2ae19629-1e83-13a3-e055-000000000001,2ae19629-1e83-13a3-e055-000000000001,Ballyarthur,Wicklow-Wexford
2ae19629-1e84-13a3-e055-000000000001,2ae19629-1e84-13a3-e055-000000000001,Knockrath,Wicklow
2ae19629-1e85-13a3-e055-000000000001,2ae19629-1e85-13a3-e055-000000000001,Lackan,Wicklow
2ae19629-1e86-13a3-e055-000000000001,2ae19629-1e86-13a3-e055-000000000001,Castleboro,Wexford
2ae19629-1e87-13a3-e055-000000000001,2ae19629-1e87-13a3-e055-000000000001,Castle Talbot,Wexford
2ae19629-1e88-13a3-e055-000000000001,2ae19629-1e88-13a3-e055-000000000001,Clongeen,Wexford
2ae19629-1e89-13a3-e055-000000000001,2ae19629-1e89-13a3-e055-000000000001,Clonleigh,Wexford
2ae19629-1e8a-13a3-e055-000000000001,2ae19629-1e8a-13a3-e055-000000000001,Kilscoran,Wexford
2ae19629-1e8b-13a3-e055-000000000001,2ae19629-1e8b-13a3-e055-000000000001,Kiltealy,Wexford
2ae19629-1e8c-13a3-e055-000000000001,2ae19629-1e8c-13a3-e055-000000000001,Lady's Island,Wexford
2ae19629-1e8d-13a3-e055-000000000001,2ae19629-1e8d-13a3-e055-000000000001,Ballybeg,Wicklow-Wexford
2ae19629-1e8e-13a3-e055-000000000001,2ae19629-1e8e-13a3-e055-000000000001,Ballycullen,Wicklow
2ae19629-1e8f-13a3-e055-000000000001,2ae19629-1e8f-13a3-e055-000000000001,Baltinglass,Wicklow
2ae19629-1e90-13a3-e055-000000000001,2ae19629-1e90-13a3-e055-000000000001,Lugglass,Wicklow
2ae19629-1e91-13a3-e055-000000000001,2ae19629-1e91-13a3-e055-000000000001,Money,Wicklow-Wexford
2ae19629-1e92-13a3-e055-000000000001,2ae19629-1e92-13a3-e055-000000000001,Moneystown,Wicklow
2ae19629-1e93-13a3-e055-000000000001,2ae19629-1e93-13a3-e055-000000000001,Clonroche,Wexford
2ae19629-1e94-13a3-e055-000000000001,2ae19629-1e94-13a3-e055-000000000001,Coolgreany,Wicklow-Wexford
2ae19629-1e95-13a3-e055-000000000001,2ae19629-1e95-13a3-e055-000000000001,Limerick,Wicklow-Wexford
2ae19629-1e96-13a3-e055-000000000001,2ae19629-1e96-13a3-e055-000000000001,Marshalstown,Wexford
2ae19629-1e97-13a3-e055-000000000001,2ae19629-1e97-13a3-e055-000000000001,Mayglass,Wexford
2ae19629-1e98-13a3-e055-000000000001,2ae19629-1e98-13a3-e055-000000000001,Blessington,Wicklow
2ae19629-1e99-13a3-e055-000000000001,2ae19629-1e99-13a3-e055-000000000001,Bray No. 3,Wicklow
2ae19629-1e9a-13a3-e055-000000000001,2ae19629-1e9a-13a3-e055-000000000001,Newcastle Lower,Wicklow
2ae19629-1e9b-13a3-e055-000000000001,2ae19629-1e9b-13a3-e055-000000000001,Newcastle Upper,Wicklow
2ae19629-1e9c-13a3-e055-000000000001,2ae19629-1e9c-13a3-e055-000000000001,Oldtown,Wicklow
2ae19629-1e9d-13a3-e055-000000000001,2ae19629-1e9d-13a3-e055-000000000001,Courtown,Wicklow-Wexford
2ae19629-1e9e-13a3-e055-000000000001,2ae19629-1e9e-13a3-e055-000000000001,Drinagh,Wexford
2ae19629-1e9f-13a3-e055-000000000001,2ae19629-1e9f-13a3-e055-000000000001,Monamolin,Wicklow-Wexford
2ae19629-1ea0-13a3-e055-000000000001,2ae19629-1ea0-13a3-e055-000000000001,Monaseed,Wicklow-Wexford
2ae19629-1ea1-13a3-e055-000000000001,2ae19629-1ea1-13a3-e055-000000000001,Moyacomb,Wicklow-Wexford
2ae19629-1ea2-13a3-e055-000000000001,2ae19629-1ea2-13a3-e055-000000000001,New Ross Rural,Wexford
2ae19629-1ea3-13a3-e055-000000000001,2ae19629-1ea3-13a3-e055-000000000001,Brockagh,Wicklow
2ae19629-1ea4-13a3-e055-000000000001,2ae19629-1ea4-13a3-e055-000000000001,Burgage,Wicklow
2ae19629-1ea5-13a3-e055-000000000001,2ae19629-1ea5-13a3-e055-000000000001,Ovoca,Wicklow-Wexford
2ae19629-1ea6-13a3-e055-000000000001,2ae19629-1ea6-13a3-e055-000000000001,Powerscourt,Wicklow
2ae19629-1ea7-13a3-e055-000000000001,2ae19629-1ea7-13a3-e055-000000000001,Rath,Wicklow-Wexford
2ae19629-1ea8-13a3-e055-000000000001,2ae19629-1ea8-13a3-e055-000000000001,Rathdangan,Wicklow
2ae19629-1ea9-13a3-e055-000000000001,2ae19629-1ea9-13a3-e055-000000000001,Duncormick,Wexford
2ae19629-1eaa-13a3-e055-000000000001,2ae19629-1eaa-13a3-e055-000000000001,Dunmain,Wexford
2ae19629-1eab-13a3-e055-000000000001,2ae19629-1eab-13a3-e055-000000000001,Edermine,Wexford
2ae19629-1eac-13a3-e055-000000000001,2ae19629-1eac-13a3-e055-000000000001,New Ross Urban,Wexford
2ae19629-1ead-13a3-e055-000000000001,2ae19629-1ead-13a3-e055-000000000001,Newbawn,Wexford
2ae19629-1eae-13a3-e055-000000000001,2ae19629-1eae-13a3-e055-000000000001,Newcastle,Wexford
2ae19629-1eaf-13a3-e055-000000000001,2ae19629-1eaf-13a3-e055-000000000001,Newtownbarry,Wicklow-Wexford
2ae19629-1eb0-13a3-e055-000000000001,2ae19629-1eb0-13a3-e055-000000000001,Oldcourt,Wexford
2ae19629-1eb1-13a3-e055-000000000001,2ae19629-1eb1-13a3-e055-000000000001,Calary,Wicklow
2ae19629-1eb2-13a3-e055-000000000001,2ae19629-1eb2-13a3-e055-000000000001,Carnew,Wicklow-Wexford
2ae19629-1eb3-13a3-e055-000000000001,2ae19629-1eb3-13a3-e055-000000000001,Coolattin,Wicklow-Wexford
2ae19629-1eb4-13a3-e055-000000000001,2ae19629-1eb4-13a3-e055-000000000001,Rathdrum,Wicklow-Wexford
2ae19629-1eb5-13a3-e055-000000000001,2ae19629-1eb5-13a3-e055-000000000001,Rathsallagh,Wicklow
2ae19629-1eb6-13a3-e055-000000000001,2ae19629-1eb6-13a3-e055-000000000001,Shillelagh,Wicklow-Wexford
2ae19629-1eb7-13a3-e055-000000000001,2ae19629-1eb7-13a3-e055-000000000001,Enniscorthy Rural,Wexford
2ae19629-1eb8-13a3-e055-000000000001,2ae19629-1eb8-13a3-e055-000000000001,Enniscorthy Urban,Wexford
2ae19629-1eb9-13a3-e055-000000000001,2ae19629-1eb9-13a3-e055-000000000001,Ferns,Wicklow-Wexford
2ae19629-1eba-13a3-e055-000000000001,2ae19629-1eba-13a3-e055-000000000001,Fethard,Wexford
2ae19629-1ebb-13a3-e055-000000000001,2ae19629-1ebb-13a3-e055-000000000001,Old Ross,Wexford
2ae19629-1ebc-13a3-e055-000000000001,2ae19629-1ebc-13a3-e055-000000000001,Rathaspick,Wexford
2ae19629-1ebd-13a3-e055-000000000001,2ae19629-1ebd-13a3-e055-000000000001,Rathroe,Wexford
2ae19629-1ebe-13a3-e055-000000000001,2ae19629-1ebe-13a3-e055-000000000001,Coolballintaggart,Wicklow
2ae19629-1ebf-13a3-e055-000000000001,2ae19629-1ebf-13a3-e055-000000000001,Coolboy,Wicklow-Wexford
2ae19629-1ec0-13a3-e055-000000000001,2ae19629-1ec0-13a3-e055-000000000001,Cronebane,Wicklow-Wexford
2ae19629-1ec1-13a3-e055-000000000001,2ae19629-1ec1-13a3-e055-000000000001,Stratford,Wicklow
2ae19629-1ec2-13a3-e055-000000000001,2ae19629-1ec2-13a3-e055-000000000001,Talbotstown,Wicklow
2ae19629-1ec3-13a3-e055-000000000001,2ae19629-1ec3-13a3-e055-000000000001,The Grange,Wicklow
2ae19629-1ec4-13a3-e055-000000000001,2ae19629-1ec4-13a3-e055-000000000001,Tinahely,Wicklow-Wexford
2ae19629-1ec5-13a3-e055-000000000001,2ae19629-1ec5-13a3-e055-000000000001,Ford,Wicklow-Wexford
2ae19629-1ec6-13a3-e055-000000000001,2ae19629-1ec6-13a3-e055-000000000001,Forth,Wexford
2ae19629-1ec7-13a3-e055-000000000001,2ae19629-1ec7-13a3-e055-000000000001,Glynn,Wexford
2ae19629-1ec8-13a3-e055-000000000001,2ae19629-1ec8-13a3-e055-000000000001,Rochestown,Wexford
2ae19629-1ec9-13a3-e055-000000000001,2ae19629-1ec9-13a3-e055-000000000001,Rosbercon Urban,Wexford
2ae19629-1eca-13a3-e055-000000000001,2ae19629-1eca-13a3-e055-000000000001,Rossard,Wicklow-Wexford
2ae19629-1ecb-13a3-e055-000000000001,2ae19629-1ecb-13a3-e055-000000000001,Rosslare,Wexford
2ae19629-1ecc-13a3-e055-000000000001,2ae19629-1ecc-13a3-e055-000000000001,Rossminoge,Wicklow-Wexford
2ae19629-1ecd-13a3-e055-000000000001,2ae19629-1ecd-13a3-e055-000000000001,St. Helen's,Wexford
2ae19629-1ece-13a3-e055-000000000001,2ae19629-1ece-13a3-e055-000000000001,Cronelea,Wicklow-Wexford
2ae19629-1ecf-13a3-e055-000000000001,2ae19629-1ecf-13a3-e055-000000000001,Delgany,Wicklow
2ae19629-1ed0-13a3-e055-000000000001,2ae19629-1ed0-13a3-e055-000000000001,Donaghmore,Wicklow
2ae19629-1ed1-13a3-e055-000000000001,2ae19629-1ed1-13a3-e055-000000000001,Donard,Wicklow
2ae19629-1ed2-13a3-e055-000000000001,2ae19629-1ed2-13a3-e055-000000000001,Tober,Wicklow
2ae19629-1ed3-13a3-e055-000000000001,2ae19629-1ed3-13a3-e055-000000000001,Togher,Wicklow
2ae19629-1ed4-13a3-e055-000000000001,2ae19629-1ed4-13a3-e055-000000000001,Togher,Wicklow
2ae19629-1ed5-13a3-e055-000000000001,2ae19629-1ed5-13a3-e055-000000000001,Gorey Rural,Wicklow-Wexford
2ae19629-1ed6-13a3-e055-000000000001,2ae19629-1ed6-13a3-e055-000000000001,Gorey Urban,Wicklow-Wexford
2ae19629-1ed7-13a3-e055-000000000001,2ae19629-1ed7-13a3-e055-000000000001,Harperstown,Wexford
2ae19629-1ed8-13a3-e055-000000000001,2ae19629-1ed8-13a3-e055-000000000001,St. Mary's,Wicklow-Wexford
2ae19629-1ed9-13a3-e055-000000000001,2ae19629-1ed9-13a3-e055-000000000001,Tacumshin,Wexford
2ae19629-1eda-13a3-e055-000000000001,2ae19629-1eda-13a3-e055-000000000001,Taghmon,Wexford
2ae19629-1edb-13a3-e055-000000000001,2ae19629-1edb-13a3-e055-000000000001,Dunganstown East,Wicklow-Wexford
2ae19629-1edc-13a3-e055-000000000001,2ae19629-1edc-13a3-e055-000000000001,Dunganstown South,Wicklow-Wexford
2ae19629-1edd-13a3-e055-000000000001,2ae19629-1edd-13a3-e055-000000000001,Trooperstown,Wicklow
2ae19629-1ede-13a3-e055-000000000001,2ae19629-1ede-13a3-e055-000000000001,Tuckmill,Wicklow
2ae19629-1edf-13a3-e055-000000000001,2ae19629-1edf-13a3-e055-000000000001,Wicklow Rural,Wicklow
2ae19629-1ee0-13a3-e055-000000000001,2ae19629-1ee0-13a3-e055-000000000001,Wicklow Urban,Wicklow
2ae19629-1ee1-13a3-e055-000000000001,2ae19629-1ee1-13a3-e055-000000000001,Arklow No. 2 Urban,Wicklow-Wexford
2ae19629-1ee2-13a3-e055-000000000001,2ae19629-1ee2-13a3-e055-000000000001,Bray No. 1,Wicklow
2ae19629-1ee3-13a3-e055-000000000001,2ae19629-1ee3-13a3-e055-000000000001,Harristown,Wexford
2ae19629-1ee4-13a3-e055-000000000001,2ae19629-1ee4-13a3-e055-000000000001,Horetown,Wexford
2ae19629-1ee5-13a3-e055-000000000001,2ae19629-1ee5-13a3-e055-000000000001,Huntingtown,Wicklow-Wexford
2ae19629-1ee6-13a3-e055-000000000001,2ae19629-1ee6-13a3-e055-000000000001,Templeludigan,Wexford
2ae19629-1ee7-13a3-e055-000000000001,2ae19629-1ee7-13a3-e055-000000000001,Templetown,Wexford
2ae19629-1ee8-13a3-e055-000000000001,2ae19629-1ee8-13a3-e055-000000000001,The Harrow,Wicklow-Wexford
2ae19629-1ee9-13a3-e055-000000000001,2ae19629-1ee9-13a3-e055-000000000001,The Leap,Wexford
2ae19629-1eea-13a3-e055-000000000001,2ae19629-1eea-13a3-e055-000000000001,Dunganstown West,Wicklow-Wexford
2ae19629-1eeb-13a3-e055-000000000001,2ae19629-1eeb-13a3-e055-000000000001,Dunlavin,Wicklow
2ae19629-1eec-13a3-e055-000000000001,2ae19629-1eec-13a3-e055-000000000001,Eadestown,Wicklow
2ae19629-1eed-13a3-e055-000000000001,2ae19629-1eed-13a3-e055-000000000001,Bray No. 2,Wicklow
2ae19629-1eee-13a3-e055-000000000001,2ae19629-1eee-13a3-e055-000000000001,Rathmichael (bray),Wicklow
2ae19629-1eef-13a3-e055-000000000001,2ae19629-1eef-13a3-e055-000000000001,Airport,Dublin Fingal West
2ae19629-1ef0-13a3-e055-000000000001,2ae19629-1ef0-13a3-e055-000000000001,Balbriggan Rural,Dublin Fingal West
2ae19629-1ef1-13a3-e055-000000000001,2ae19629-1ef1-13a3-e055-000000000001,Balbriggan Urban,Dublin Fingal West
2ae19629-1ef2-13a3-e055-000000000001,2ae19629-1ef2-13a3-e055-000000000001,Baldoyle,Dublin Bay North
2ae19629-1ef3-13a3-e055-000000000001,2ae19629-1ef3-13a3-e055-000000000001,Clenor,Cork East
2ae19629-1ef4-13a3-e055-000000000001,2ae19629-1ef4-13a3-e055-000000000001,Cloghdonnell,Cork South-West
2ae19629-1ef5-13a3-e055-000000000001,2ae19629-1ef5-13a3-e055-000000000001,Douce,Cork South-West
2ae19629-1ef6-13a3-e055-000000000001,2ae19629-1ef6-13a3-e055-000000000001,Douglas,Cork South-Central
2ae19629-1ef7-13a3-e055-000000000001,2ae19629-1ef7-13a3-e055-000000000001,Inch,Cork East
2ae19629-1ef8-13a3-e055-000000000001,2ae19629-1ef8-13a3-e055-000000000001,Inchigeelagh,Cork North-West
2ae19629-1ef9-13a3-e055-000000000001,2ae19629-1ef9-13a3-e055-000000000001,Bealock,Cork North-West
2ae19629-1efa-13a3-e055-000000000001,2ae19629-1efa-13a3-e055-000000000001,Bear,Cork South-West
2ae19629-1efb-13a3-e055-000000000001,2ae19629-1efb-13a3-e055-000000000001,Bengour,Cork North-West
2ae19629-1efc-13a3-e055-000000000001,2ae19629-1efc-13a3-e055-000000000001,Bishopstown,Cork South-Central
2ae19629-1efd-13a3-e055-000000000001,2ae19629-1efd-13a3-e055-000000000001,Drinagh,Cork South-West
2ae19629-1efe-13a3-e055-000000000001,2ae19629-1efe-13a3-e055-000000000001,Drinagh,Cork South-West
2ae19629-1eff-13a3-e055-000000000001,2ae19629-1eff-13a3-e055-000000000001,Dripsey,Cork North-West
2ae19629-1f00-13a3-e055-000000000001,2ae19629-1f00-13a3-e055-000000000001,Dromdaleague North,Cork South-West
2ae19629-1f01-13a3-e055-000000000001,2ae19629-1f01-13a3-e055-000000000001,Dromina,Cork North-West
2ae19629-1f02-13a3-e055-000000000001,2ae19629-1f02-13a3-e055-000000000001,Dromore,Cork North-West
2ae19629-1f03-13a3-e055-000000000001,2ae19629-1f03-13a3-e055-000000000001,Inishannon,Cork South-West
2ae19629-1f04-13a3-e055-000000000001,2ae19629-1f04-13a3-e055-000000000001,Inishkenny,Cork South-Central
2ae19629-1f05-13a3-e055-000000000001,2ae19629-1f05-13a3-e055-000000000001,Blackpool,Cork North-Central
2ae19629-1f06-13a3-e055-000000000001,2ae19629-1f06-13a3-e055-000000000001,Blarney,Cork North-Central
2ae19629-1f07-13a3-e055-000000000001,2ae19629-1f07-13a3-e055-000000000001,Drishane,Cork North-West
2ae19629-1f08-13a3-e055-000000000001,2ae19629-1f08-13a3-e055-000000000001,Dromdaleague South,Cork South-West
2ae19629-1f09-13a3-e055-000000000001,2ae19629-1f09-13a3-e055-000000000001,Dunbeacon,Cork South-West
2ae19629-1f0a-13a3-e055-000000000001,2ae19629-1f0a-13a3-e055-000000000001,Dunderrow,Cork South-West
2ae19629-1f0b-13a3-e055-000000000001,2ae19629-1f0b-13a3-e055-000000000001,Ardskeagh,Cork North-West
2ae19629-1f0c-13a3-e055-000000000001,2ae19629-1f0c-13a3-e055-000000000001,Argideen,Cork South-West
2ae19629-1f0d-13a3-e055-000000000001,2ae19629-1f0d-13a3-e055-000000000001,Aultagh,Cork North-West
2ae19629-1f0e-13a3-e055-000000000001,2ae19629-1f0e-13a3-e055-000000000001,Boherboy,Cork North-West
2ae19629-1f0f-13a3-e055-000000000001,2ae19629-1f0f-13a3-e055-000000000001,Boulteen,Cork South-West
2ae19629-1f10-13a3-e055-000000000001,2ae19629-1f10-13a3-e055-000000000001,Bredagh,Cork South-West
2ae19629-1f11-13a3-e055-000000000001,2ae19629-1f11-13a3-e055-000000000001,Clonakilty Rural,Cork South-West
2ae19629-1f12-13a3-e055-000000000001,2ae19629-1f12-13a3-e055-000000000001,Clonakilty Urban,Cork South-West
2ae19629-1f13-13a3-e055-000000000001,2ae19629-1f13-13a3-e055-000000000001,Clondrohid,Cork North-West
2ae19629-1f14-13a3-e055-000000000001,2ae19629-1f14-13a3-e055-000000000001,Dungourney,Cork East
2ae19629-1f15-13a3-e055-000000000001,2ae19629-1f15-13a3-e055-000000000001,Dunmanus,Cork South-West
2ae19629-1f16-13a3-e055-000000000001,2ae19629-1f16-13a3-e055-000000000001,Dunmanway North,Cork South-West
2ae19629-1f17-13a3-e055-000000000001,2ae19629-1f17-13a3-e055-000000000001,Ballinadee,Cork South-West
2ae19629-1f18-13a3-e055-000000000001,2ae19629-1f18-13a3-e055-000000000001,Ballincollig,Cork North-Central
2ae19629-1f19-13a3-e055-000000000001,2ae19629-1f19-13a3-e055-000000000001,Ballingurteen,Cork South-West
2ae19629-1f1a-13a3-e055-000000000001,2ae19629-1f1a-13a3-e055-000000000001,Brinny,Cork North-West
2ae19629-1f1b-13a3-e055-000000000001,2ae19629-1f1b-13a3-e055-000000000001,Butlerstown,Cork South-West
2ae19629-1f1c-13a3-e055-000000000001,2ae19629-1f1c-13a3-e055-000000000001,Buttevant,Cork North-West
2ae19629-1f1d-13a3-e055-000000000001,2ae19629-1f1d-13a3-e055-000000000001,Clonfert East,Cork North-West
2ae19629-1f1e-13a3-e055-000000000001,2ae19629-1f1e-13a3-e055-000000000001,Clonfert West,Cork North-West
2ae19629-1f1f-13a3-e055-000000000001,2ae19629-1f1f-13a3-e055-000000000001,Dunmanway South,Cork South-West
2ae19629-1f20-13a3-e055-000000000001,2ae19629-1f20-13a3-e055-000000000001,Durrus East,Cork South-West
2ae19629-1f21-13a3-e055-000000000001,2ae19629-1f21-13a3-e055-000000000001,Ballinspittle,Cork South-West
2ae19629-1f22-13a3-e055-000000000001,2ae19629-1f22-13a3-e055-000000000001,Ballintemple,Cork East
2ae19629-1f23-13a3-e055-000000000001,2ae19629-1f23-13a3-e055-000000000001,Ballyarthur,Cork East
2ae19629-1f24-13a3-e055-000000000001,2ae19629-1f24-13a3-e055-000000000001,Caheragh,Cork South-West
2ae19629-1f25-13a3-e055-000000000001,2ae19629-1f25-13a3-e055-000000000001,Caherbarnagh,Cork North-West
2ae19629-1f26-13a3-e055-000000000001,2ae19629-1f26-13a3-e055-000000000001,Clonmeen,Cork North-West
2ae19629-1f27-13a3-e055-000000000001,2ae19629-1f27-13a3-e055-000000000001,Clonmoyle,Cork North-West
2ae19629-1f28-13a3-e055-000000000001,2ae19629-1f28-13a3-e055-000000000001,Clonmult,Cork East
2ae19629-1f29-13a3-e055-000000000001,2ae19629-1f29-13a3-e055-000000000001,Durrus West,Cork South-West
2ae19629-1f2a-13a3-e055-000000000001,2ae19629-1f2a-13a3-e055-000000000001,Farahy,Cork East
2ae19629-1f2b-13a3-e055-000000000001,2ae19629-1f2b-13a3-e055-000000000001,Ballybane,Cork South-West
2ae19629-1f2c-13a3-e055-000000000001,2ae19629-1f2c-13a3-e055-000000000001,Ballyclogh,Cork North-West
2ae19629-1f2d-13a3-e055-000000000001,2ae19629-1f2d-13a3-e055-000000000001,Ballycottin,Cork East
2ae19629-1f2e-13a3-e055-000000000001,2ae19629-1f2e-13a3-e055-000000000001,Caherduggan,Cork North-West
2ae19629-1f2f-13a3-e055-000000000001,2ae19629-1f2f-13a3-e055-000000000001,Caherlag,Cork North-Central
2ae19629-1f30-13a3-e055-000000000001,2ae19629-1f30-13a3-e055-000000000001,Cahermore,Cork South-West
2ae19629-1f31-13a3-e055-000000000001,2ae19629-1f31-13a3-e055-000000000001,Clonpriest,Cork East
2ae19629-1f32-13a3-e055-000000000001,2ae19629-1f32-13a3-e055-000000000001,Cloonkeen,Cork South-West
2ae19629-1f33-13a3-e055-000000000001,2ae19629-1f33-13a3-e055-000000000001,Farranbrien,Cork South-West
2ae19629-1f34-13a3-e055-000000000001,2ae19629-1f34-13a3-e055-000000000001,Fermoy Rural,Cork East
2ae19629-1f35-13a3-e055-000000000001,2ae19629-1f35-13a3-e055-000000000001,Fermoy Urban,Cork East
2ae19629-1f36-13a3-e055-000000000001,2ae19629-1f36-13a3-e055-000000000001,Ballydehob,Cork South-West
2ae19629-1f37-13a3-e055-000000000001,2ae19629-1f37-13a3-e055-000000000001,Ballyfeard,Cork South-West
2ae19629-1f38-13a3-e055-000000000001,2ae19629-1f38-13a3-e055-000000000001,Ballyfoyle,Cork South-West
2ae19629-1f39-13a3-e055-000000000001,2ae19629-1f39-13a3-e055-000000000001,Ballygarvan,Cork South-Central
2ae19629-1f3a-13a3-e055-000000000001,2ae19629-1f3a-13a3-e055-000000000001,Candroma,Cork North-West
2ae19629-1f3b-13a3-e055-000000000001,2ae19629-1f3b-13a3-e055-000000000001,Cannaway,Cork North-West
2ae19629-1f3c-13a3-e055-000000000001,2ae19629-1f3c-13a3-e055-000000000001,Cape Clear,Cork South-West
2ae19629-1f3d-13a3-e055-000000000001,2ae19629-1f3d-13a3-e055-000000000001,Carrig,Cork East
2ae19629-1f3e-13a3-e055-000000000001,2ae19629-1f3e-13a3-e055-000000000001,Cloyne,Cork East
2ae19629-1f3f-13a3-e055-000000000001,2ae19629-1f3f-13a3-e055-000000000001,Cobh Rural,Cork East
2ae19629-1f40-13a3-e055-000000000001,2ae19629-1f40-13a3-e055-000000000001,Cobh Urban,Cork East
2ae19629-1f41-13a3-e055-000000000001,2ae19629-1f41-13a3-e055-000000000001,Firmount,Cork North-Central
2ae19629-1f42-13a3-e055-000000000001,2ae19629-1f42-13a3-e055-000000000001,Garranes,Cork South-West
2ae19629-1f43-13a3-e055-000000000001,2ae19629-1f43-13a3-e055-000000000001,Ballygroman,Cork North-West
2ae19629-1f44-13a3-e055-000000000001,2ae19629-1f44-13a3-e055-000000000001,Ballyhoolahan,Cork North-West
2ae19629-1f45-13a3-e055-000000000001,2ae19629-1f45-13a3-e055-000000000001,Ballyhooly,Cork East
2ae19629-1f46-13a3-e055-000000000001,2ae19629-1f46-13a3-e055-000000000001,Ballymackean,Cork South-West
2ae19629-1f47-13a3-e055-000000000001,2ae19629-1f47-13a3-e055-000000000001,Carrig,Cork North-Central
2ae19629-1f48-13a3-e055-000000000001,2ae19629-1f48-13a3-e055-000000000001,Carrigaline,Cork South-Central
2ae19629-1f49-13a3-e055-000000000001,2ae19629-1f49-13a3-e055-000000000001,Carrigaline,Cork South-Central
2ae19629-1f4a-13a3-e055-000000000001,2ae19629-1f4a-13a3-e055-000000000001,Coolagh,Cork South-West
2ae19629-1f4b-13a3-e055-000000000001,2ae19629-1f4b-13a3-e055-000000000001,Coolclogh,Cork North-West
2ae19629-1f4c-13a3-e055-000000000001,2ae19629-1f4c-13a3-e055-000000000001,Coolcraheen,Cork South-West
2ae19629-1f4d-13a3-e055-000000000001,2ae19629-1f4d-13a3-e055-000000000001,Garrown,Cork North-West
2ae19629-1f4e-13a3-e055-000000000001,2ae19629-1f4e-13a3-e055-000000000001,Garryvoe,Cork East
2ae19629-1f4f-13a3-e055-000000000001,2ae19629-1f4f-13a3-e055-000000000001,Ballymartle,Cork South-West
2ae19629-1f50-13a3-e055-000000000001,2ae19629-1f50-13a3-e055-000000000001,Ballymodan,Cork South-West
2ae19629-1f51-13a3-e055-000000000001,2ae19629-1f51-13a3-e055-000000000001,Carrigbaun,Cork South-West
2ae19629-1f52-13a3-e055-000000000001,2ae19629-1f52-13a3-e055-000000000001,Carrigboy,Cork North-West
2ae19629-1f53-13a3-e055-000000000001,2ae19629-1f53-13a3-e055-000000000001,Coole,Cork East
2ae19629-1f54-13a3-e055-000000000001,2ae19629-1f54-13a3-e055-000000000001,Coolmain,Cork South-West
2ae19629-1f55-13a3-e055-000000000001,2ae19629-1f55-13a3-e055-000000000001,Glanlough,Cork South-West
2ae19629-1f56-13a3-e055-000000000001,2ae19629-1f56-13a3-e055-000000000001,Glanworth East,Cork East
2ae19629-1f57-13a3-e055-000000000001,2ae19629-1f57-13a3-e055-000000000001,Ballymoney,Cork South-West
2ae19629-1f58-13a3-e055-000000000001,2ae19629-1f58-13a3-e055-000000000001,Ballymurphy,Cork North-West
2ae19629-1f59-13a3-e055-000000000001,2ae19629-1f59-13a3-e055-000000000001,Ballynaglogh,Cork North-Central
2ae19629-1f5a-13a3-e055-000000000001,2ae19629-1f5a-13a3-e055-000000000001,Carrignavar,Cork North-Central
2ae19629-1f5b-13a3-e055-000000000001,2ae19629-1f5b-13a3-e055-000000000001,Carrigrohanebeg,Cork North-Central
2ae19629-1f5b-13a3-e055-100000000001,2ae19629-1f5b-13a3-e055-100000000001,Riverstown,Cork North-Central
2ae19629-1f5b-13a3-e055-200000000001,2ae19629-1f5b-13a3-e055-200000000001,Caherlag,Cork North-Central
2ae19629-1f5c-13a3-e055-000000000001,2ae19629-1f5c-13a3-e055-000000000001,Coolmountain,Cork North-West
2ae19629-1f5d-13a3-e055-000000000001,2ae19629-1f5d-13a3-e055-000000000001,Coomlogane,Cork North-West
2ae19629-1f5e-13a3-e055-000000000001,2ae19629-1f5e-13a3-e055-000000000001,Corkbeg,Cork East
2ae19629-1f5f-13a3-e055-000000000001,2ae19629-1f5f-13a3-e055-000000000001,Coulagh,Cork South-West
2ae19629-1f60-13a3-e055-000000000001,2ae19629-1f60-13a3-e055-000000000001,Glanworth West,Cork East
2ae19629-1f61-13a3-e055-000000000001,2ae19629-1f61-13a3-e055-000000000001,Glengarriff,Cork South-West
2ae19629-1f62-13a3-e055-000000000001,2ae19629-1f62-13a3-e055-000000000001,Glenlara,Cork North-West
2ae19629-1f63-13a3-e055-000000000001,2ae19629-1f63-13a3-e055-000000000001,Glenville,Cork North-Central
2ae19629-1f64-13a3-e055-000000000001,2ae19629-1f64-13a3-e055-000000000001,Goleen,Cork South-West
2ae19629-1f65-13a3-e055-000000000001,2ae19629-1f65-13a3-e055-000000000001,Gortmore,Cork North-West
2ae19629-1f66-13a3-e055-000000000001,2ae19629-1f66-13a3-e055-000000000001,Ballynamona,Cork North-Central
2ae19629-1f67-13a3-e055-000000000001,2ae19629-1f67-13a3-e055-000000000001,Ballynoe,Cork East
2ae19629-1f68-13a3-e055-000000000001,2ae19629-1f68-13a3-e055-000000000001,Carrigtohill,Cork East
2ae19629-1f69-13a3-e055-000000000001,2ae19629-1f69-13a3-e055-000000000001,Cashel,Cork South-West
2ae19629-1f6a-13a3-e055-000000000001,2ae19629-1f6a-13a3-e055-000000000001,Castle Hyde,Cork East
2ae19629-1f6b-13a3-e055-000000000001,2ae19629-1f6b-13a3-e055-000000000001,Courtmacsherry,Cork South-West
2ae19629-1f6c-13a3-e055-000000000001,2ae19629-1f6c-13a3-e055-000000000001,Crinnaloo,Cork North-West
2ae19629-1f6d-13a3-e055-000000000001,2ae19629-1f6d-13a3-e055-000000000001,Crookhaven,Cork South-West
2ae19629-1f6e-13a3-e055-000000000001,2ae19629-1f6e-13a3-e055-000000000001,Cullen,Cork South-West
2ae19629-1f6f-13a3-e055-000000000001,2ae19629-1f6f-13a3-e055-000000000001,Gortnascreeny,Cork South-West
2ae19629-1f70-13a3-e055-000000000001,2ae19629-1f70-13a3-e055-000000000001,Gortnaskehy,Cork East
2ae19629-1f71-13a3-e055-000000000001,2ae19629-1f71-13a3-e055-000000000001,Ballyspillane,Cork East
2ae19629-1f72-13a3-e055-000000000001,2ae19629-1f72-13a3-e055-000000000001,Banteer,Cork North-West
2ae19629-1f74-13a3-e055-000000000001,2ae19629-1f74-13a3-e055-000000000001,Bantry Urban,Cork South-West
2ae19629-1f75-13a3-e055-000000000001,2ae19629-1f75-13a3-e055-000000000001,Castlecooke,Cork East
2ae19629-1f76-13a3-e055-000000000001,2ae19629-1f76-13a3-e055-000000000001,Castlecor,Cork North-West
2ae19629-1f77-13a3-e055-000000000001,2ae19629-1f77-13a3-e055-000000000001,Castlehaven North,Cork South-West
2ae19629-1f78-13a3-e055-000000000001,2ae19629-1f78-13a3-e055-000000000001,Castlehaven South,Cork South-West
2ae19629-1f79-13a3-e055-000000000001,2ae19629-1f79-13a3-e055-000000000001,Castlelyons,Cork East
2ae19629-1f7a-13a3-e055-000000000001,2ae19629-1f7a-13a3-e055-000000000001,Cullen,Cork North-West
2ae19629-1f7b-13a3-e055-000000000001,2ae19629-1f7b-13a3-e055-000000000001,Curraglass,Cork East
2ae19629-1f7c-13a3-e055-000000000001,2ae19629-1f7c-13a3-e055-000000000001,Curryglass,Cork South-West
2ae19629-1f7d-13a3-e055-000000000001,2ae19629-1f7d-13a3-e055-000000000001,Dangan,Cork East
2ae19629-1f7e-13a3-e055-000000000001,2ae19629-1f7e-13a3-e055-000000000001,Gortnatubbrid,Cork North-West
2ae19629-1f7f-13a3-e055-000000000001,2ae19629-1f7f-13a3-e055-000000000001,Gortroe,Cork East
2ae19629-1f80-13a3-e055-000000000001,2ae19629-1f80-13a3-e055-000000000001,Barleyhill,Cork North-West
2ae19629-1f81-13a3-e055-000000000001,2ae19629-1f81-13a3-e055-000000000001,Barnacurra,Cork North-West
2ae19629-1f82-13a3-e055-000000000001,2ae19629-1f82-13a3-e055-000000000001,Castlemagner,Cork North-West
2ae19629-1f83-13a3-e055-000000000001,2ae19629-1f83-13a3-e055-000000000001,Castlemartyr,Cork East
2ae19629-1f84-13a3-e055-000000000001,2ae19629-1f84-13a3-e055-000000000001,Castletownroche,Cork East
2ae19629-1f85-13a3-e055-000000000001,2ae19629-1f85-13a3-e055-000000000001,Derragh,Cork North-West
2ae19629-1f86-13a3-e055-000000000001,2ae19629-1f86-13a3-e055-000000000001,Derry,Cork South-West
2ae19629-1f87-13a3-e055-000000000001,2ae19629-1f87-13a3-e055-000000000001,Gowlane,Cork North-West
2ae19629-1f88-13a3-e055-000000000001,2ae19629-1f88-13a3-e055-000000000001,Greenane,Cork North-West
2ae19629-1f89-13a3-e055-000000000001,2ae19629-1f89-13a3-e055-000000000001,Baurleigh,Cork South-West
2ae19629-1f8a-13a3-e055-000000000001,2ae19629-1f8a-13a3-e055-000000000001,Bawncross,Cork North-West
2ae19629-1f8b-13a3-e055-000000000001,2ae19629-1f8b-13a3-e055-000000000001,Castletown,Cork North-West
2ae19629-1f8c-13a3-e055-000000000001,2ae19629-1f8c-13a3-e055-000000000001,Castleventry,Cork South-West
2ae19629-1f8d-13a3-e055-000000000001,2ae19629-1f8d-13a3-e055-000000000001,Rathluirc,Cork North-West
2ae19629-1f8e-13a3-e055-000000000001,2ae19629-1f8e-13a3-e055-000000000001,Derryfineen,Cork North-West
2ae19629-1f8f-13a3-e055-000000000001,2ae19629-1f8f-13a3-e055-000000000001,Derryvillane,Cork East
2ae19629-1f90-13a3-e055-000000000001,2ae19629-1f90-13a3-e055-000000000001,Greenfort,Cork North-Central
2ae19629-1f91-13a3-e055-000000000001,2ae19629-1f91-13a3-e055-000000000001,Greenville,Cork North-West
2ae19629-1f92-13a3-e055-000000000001,2ae19629-1f92-13a3-e055-000000000001,Bealanageary,Cork North-West
2ae19629-1f93-13a3-e055-000000000001,2ae19629-1f93-13a3-e055-000000000001,Bealanageary,Cork North-West
2ae19629-1f94-13a3-e055-000000000001,2ae19629-1f94-13a3-e055-000000000001,Churchtown,Cork North-West
2ae19629-1f95-13a3-e055-000000000001,2ae19629-1f95-13a3-e055-000000000001,Cleanrath,Cork North-West
2ae19629-1f96-13a3-e055-000000000001,2ae19629-1f96-13a3-e055-000000000001,Doneraile,Cork North-West
2ae19629-1f97-13a3-e055-000000000001,2ae19629-1f97-13a3-e055-000000000001,Doonasleen,Cork North-West
2ae19629-1f98-13a3-e055-000000000001,2ae19629-1f98-13a3-e055-000000000001,Ightermurragh,Cork East
2ae19629-1f99-13a3-e055-000000000001,2ae19629-1f99-13a3-e055-000000000001,Imphrick,Cork North-West
2ae19629-1f9a-13a3-e055-000000000001,2ae19629-1f9a-13a3-e055-000000000001,Aghinagh,Cork North-West
2ae19629-1f9b-13a3-e055-000000000001,2ae19629-1f9b-13a3-e055-000000000001,Aglish,Cork North-West
2ae19629-1f9c-13a3-e055-000000000001,2ae19629-1f9c-13a3-e055-000000000001,Ahil,Cork South-West
2ae19629-1f9d-13a3-e055-000000000001,2ae19629-1f9d-13a3-e055-000000000001,Cloonusker,Clare
2ae19629-1f9e-13a3-e055-000000000001,2ae19629-1f9e-13a3-e055-000000000001,Coolmeen,Clare
2ae19629-1f9f-13a3-e055-000000000001,2ae19629-1f9f-13a3-e055-000000000001,Coolreagh,Clare
2ae19629-1fa0-13a3-e055-000000000001,2ae19629-1fa0-13a3-e055-000000000001,Kilfiddane,Clare
2ae19629-1fa1-13a3-e055-000000000001,2ae19629-1fa1-13a3-e055-000000000001,Kilkee,Clare
2ae19629-1fa2-13a3-e055-000000000001,2ae19629-1fa2-13a3-e055-000000000001,Kilkishen,Clare
2ae19629-1fa3-13a3-e055-000000000001,2ae19629-1fa3-13a3-e055-000000000001,Lurraga,Clare
2ae19629-1fa4-13a3-e055-000000000001,2ae19629-1fa4-13a3-e055-000000000001,Magherareagh,Clare
2ae19629-1fa5-13a3-e055-000000000001,2ae19629-1fa5-13a3-e055-000000000001,Allow,Cork North-West
2ae19629-1fa6-13a3-e055-000000000001,2ae19629-1fa6-13a3-e055-000000000001,Ardagh,Cork East
2ae19629-1fa7-13a3-e055-000000000001,2ae19629-1fa7-13a3-e055-000000000001,Ardfield,Cork South-West
2ae19629-1fa8-13a3-e055-000000000001,2ae19629-1fa8-13a3-e055-000000000001,Cooraclare,Clare
2ae19629-1faa-13a3-e055-000000000001,2ae19629-1faa-13a3-e055-000000000001,Killadysert,Clare
2ae19629-1fab-13a3-e055-000000000001,2ae19629-1fab-13a3-e055-000000000001,Killaloe,Clare
2ae19629-1fac-13a3-e055-000000000001,2ae19629-1fac-13a3-e055-000000000001,Killanena,Clare
2ae19629-1fad-13a3-e055-000000000001,2ae19629-1fad-13a3-e055-000000000001,Milltown Malbay,Clare
2ae19629-1fae-13a3-e055-000000000001,2ae19629-1fae-13a3-e055-000000000001,Mount Elva,Clare
2ae19629-1faf-13a3-e055-000000000001,2ae19629-1faf-13a3-e055-000000000001,Virginia,Cavan-Monaghan
2ae19629-1fb0-13a3-e055-000000000001,2ae19629-1fb0-13a3-e055-000000000001,Waterloo,Cavan-Monaghan
2ae19629-1fb1-13a3-e055-000000000001,2ae19629-1fb1-13a3-e055-000000000001,Abbey,Clare
2ae19629-1fb2-13a3-e055-000000000001,2ae19629-1fb2-13a3-e055-000000000001,Corrofin,Clare
2ae19629-1fb3-13a3-e055-000000000001,2ae19629-1fb3-13a3-e055-000000000001,Cratloe,Clare
2ae19629-1fb4-13a3-e055-000000000001,2ae19629-1fb4-13a3-e055-000000000001,Killanniv,Clare
2ae19629-1fb5-13a3-e055-000000000001,2ae19629-1fb5-13a3-e055-000000000001,Killard,Clare
2ae19629-1fb6-13a3-e055-000000000001,2ae19629-1fb6-13a3-e055-000000000001,Killaspuglonane,Clare
2ae19629-1fb7-13a3-e055-000000000001,2ae19629-1fb7-13a3-e055-000000000001,Mountievers,Clare
2ae19629-1fb8-13a3-e055-000000000001,2ae19629-1fb8-13a3-e055-000000000001,Mountshannon,Clare
2ae19629-1fba-13a3-e055-000000000001,2ae19629-1fba-13a3-e055-000000000001,Annagh,Clare
2ae19629-1fbb-13a3-e055-000000000001,2ae19629-1fbb-13a3-e055-000000000001,Ayle,Clare
2ae19629-1fbc-13a3-e055-000000000001,2ae19629-1fbc-13a3-e055-000000000001,Ballagh,Clare
2ae19629-1fbd-13a3-e055-000000000001,2ae19629-1fbd-13a3-e055-000000000001,Creegh,Clare
2ae19629-1fbe-13a3-e055-000000000001,2ae19629-1fbe-13a3-e055-000000000001,Crusheen,Clare
2ae19629-1fbf-13a3-e055-000000000001,2ae19629-1fbf-13a3-e055-000000000001,Killeely,Clare
2ae19629-1fc0-13a3-e055-000000000001,2ae19629-1fc0-13a3-e055-000000000001,Killilagh,Clare
2ae19629-1fc1-13a3-e055-000000000001,2ae19629-1fc1-13a3-e055-000000000001,Moy,Clare
2ae19629-1fc2-13a3-e055-000000000001,2ae19629-1fc2-13a3-e055-000000000001,Moyarta,Clare
2ae19629-1fc3-13a3-e055-000000000001,2ae19629-1fc3-13a3-e055-000000000001,Ballyblood,Clare
2ae19629-1fc4-13a3-e055-000000000001,2ae19629-1fc4-13a3-e055-000000000001,Ballycannan,Clare
2ae19629-1fc5-13a3-e055-000000000001,2ae19629-1fc5-13a3-e055-000000000001,Ballyea,Clare
2ae19629-1fc6-13a3-e055-000000000001,2ae19629-1fc6-13a3-e055-000000000001,Dangan,Clare
2ae19629-1fc7-13a3-e055-000000000001,2ae19629-1fc7-13a3-e055-000000000001,Derreen,Clare
2ae19629-1fc8-13a3-e055-000000000001,2ae19629-1fc8-13a3-e055-000000000001,Derrynagittagh,Clare
2ae19629-1fc9-13a3-e055-000000000001,2ae19629-1fc9-13a3-e055-000000000001,Killimer,Clare
2ae19629-1fca-13a3-e055-000000000001,2ae19629-1fca-13a3-e055-000000000001,Killinaboy,Clare
2ae19629-1fcb-13a3-e055-000000000001,2ae19629-1fcb-13a3-e055-000000000001,Killofin,Clare
2ae19629-1fcc-13a3-e055-000000000001,2ae19629-1fcc-13a3-e055-000000000001,Killokennedy,Clare
2ae19629-1fcd-13a3-e055-000000000001,2ae19629-1fcd-13a3-e055-000000000001,Muckanagh,Clare
2ae19629-1fce-13a3-e055-000000000001,2ae19629-1fce-13a3-e055-000000000001,Mullagh,Clare
2ae19629-1fd0-13a3-e055-000000000001,2ae19629-1fd0-13a3-e055-000000000001,Ballyglass,Clare
2ae19629-1fd1-13a3-e055-000000000001,2ae19629-1fd1-13a3-e055-000000000001,Ballynacally,Clare
2ae19629-1fd2-13a3-e055-000000000001,2ae19629-1fd2-13a3-e055-000000000001,Doonbeg,Clare
2ae19629-1fd3-13a3-e055-000000000001,2ae19629-1fd3-13a3-e055-000000000001,Doora,Clare
2ae19629-1fd4-13a3-e055-000000000001,2ae19629-1fd4-13a3-e055-000000000001,Killone,Clare
2ae19629-1fd5-13a3-e055-000000000001,2ae19629-1fd5-13a3-e055-000000000001,Killuran,Clare
2ae19629-1fd6-13a3-e055-000000000001,2ae19629-1fd6-13a3-e055-000000000001,Newgrove,Clare
2ae19629-1fd7-13a3-e055-000000000001,2ae19629-1fd7-13a3-e055-000000000001,Newmarket,Clare
2ae19629-1fd8-13a3-e055-000000000001,2ae19629-1fd8-13a3-e055-000000000001,Noughaval,Clare
2ae19629-1fd9-13a3-e055-000000000001,2ae19629-1fd9-13a3-e055-000000000001,Ballynahinch,Clare
2ae19629-1fda-13a3-e055-000000000001,2ae19629-1fda-13a3-e055-000000000001,Ballysteen,Clare
2ae19629-1fdb-13a3-e055-000000000001,2ae19629-1fdb-13a3-e055-000000000001,Ballyvaskin,Clare
2ae19629-1fdc-13a3-e055-000000000001,2ae19629-1fdc-13a3-e055-000000000001,Drumcreehy,Clare
2ae19629-1fdd-13a3-e055-000000000001,2ae19629-1fdd-13a3-e055-000000000001,Drumellihy,Clare
2ae19629-1fde-13a3-e055-000000000001,2ae19629-1fde-13a3-e055-000000000001,Kilmihil,Clare
2ae19629-1fdf-13a3-e055-000000000001,2ae19629-1fdf-13a3-e055-000000000001,Kilmurry,Clare
2ae19629-1fe0-13a3-e055-000000000001,2ae19629-1fe0-13a3-e055-000000000001,O'briensbridge,Clare
2ae19629-1fe1-13a3-e055-000000000001,2ae19629-1fe1-13a3-e055-000000000001,Ogonnelloe,Clare
2ae19629-1fe2-13a3-e055-000000000001,2ae19629-1fe2-13a3-e055-000000000001,Oughtmama,Clare
2ae19629-1fe3-13a3-e055-000000000001,2ae19629-1fe3-13a3-e055-000000000001,Boherglass,Clare
2ae19629-1fe4-13a3-e055-000000000001,2ae19629-1fe4-13a3-e055-000000000001,Boston,Clare
2ae19629-1fe5-13a3-e055-000000000001,2ae19629-1fe5-13a3-e055-000000000001,Caher,Clare
2ae19629-1fe6-13a3-e055-000000000001,2ae19629-1fe6-13a3-e055-000000000001,Drumline,Clare
2ae19629-1fe7-13a3-e055-000000000001,2ae19629-1fe7-13a3-e055-000000000001,Drummaan,Clare
2ae19629-1fe8-13a3-e055-000000000001,2ae19629-1fe8-13a3-e055-000000000001,Kilmurry,Clare
2ae19629-1fe9-13a3-e055-000000000001,2ae19629-1fe9-13a3-e055-000000000001,Kilnamona,Clare
2ae19629-1fea-13a3-e055-000000000001,2ae19629-1fea-13a3-e055-000000000001,Querrin,Clare
2ae19629-1feb-13a3-e055-000000000001,2ae19629-1feb-13a3-e055-000000000001,Quin,Clare
2ae19629-1fec-13a3-e055-000000000001,2ae19629-1fec-13a3-e055-000000000001,Rahona,Clare
2ae19629-1fed-13a3-e055-000000000001,2ae19629-1fed-13a3-e055-000000000001,Caherhurly,Clare
2ae19629-1fef-13a3-e055-000000000001,2ae19629-1fef-13a3-e055-000000000001,Cahermurphy,Clare
2ae19629-1ff0-13a3-e055-000000000001,2ae19629-1ff0-13a3-e055-000000000001,Dysert,Clare
2ae19629-1ff1-13a3-e055-000000000001,2ae19629-1ff1-13a3-e055-000000000001,Einagh,Clare
2ae19629-1ff2-13a3-e055-000000000001,2ae19629-1ff2-13a3-e055-000000000001,Kilraghtis,Clare
2ae19629-1ff3-13a3-e055-000000000001,2ae19629-1ff3-13a3-e055-000000000001,Kilrush Rural,Clare
2ae19629-1ff4-13a3-e055-000000000001,2ae19629-1ff4-13a3-e055-000000000001,Kilrush Urban,Clare
2ae19629-1ff5-13a3-e055-000000000001,2ae19629-1ff5-13a3-e055-000000000001,Rath,Clare
2ae19629-1ff6-13a3-e055-000000000001,2ae19629-1ff6-13a3-e055-000000000001,Rathborney,Clare
2ae19629-1ff7-13a3-e055-000000000001,2ae19629-1ff7-13a3-e055-000000000001,Cappaghabaun,Clare
2ae19629-1ff8-13a3-e055-000000000001,2ae19629-1ff8-13a3-e055-000000000001,Cappavilla,Clare
2ae19629-1ff9-13a3-e055-000000000001,2ae19629-1ff9-13a3-e055-000000000001,Carran,Clare
2ae19629-1ffa-13a3-e055-000000000001,2ae19629-1ffa-13a3-e055-000000000001,Ennis Rural,Clare
2ae19629-1ffb-13a3-e055-000000000001,2ae19629-1ffb-13a3-e055-000000000001,Ennis No. 2 Urban,Clare
2ae19629-1ffc-13a3-e055-000000000001,2ae19629-1ffc-13a3-e055-000000000001,Ennistimon,Clare
2ae19629-1ffd-13a3-e055-000000000001,2ae19629-1ffd-13a3-e055-000000000001,Kilseily,Clare
2ae19629-1ffe-13a3-e055-000000000001,2ae19629-1ffe-13a3-e055-000000000001,Kilshanny,Clare
2ae19629-1fff-13a3-e055-000000000001,2ae19629-1fff-13a3-e055-000000000001,Rathclooney,Clare
2ae19629-2000-13a3-e055-000000000001,2ae19629-2000-13a3-e055-000000000001,Rinealon,Clare
2ae19629-2001-13a3-e055-000000000001,2ae19629-2001-13a3-e055-000000000001,Rossroe,Clare
2ae19629-2002-13a3-e055-000000000001,2ae19629-2002-13a3-e055-000000000001,Ruan,Clare
2ae19629-2003-13a3-e055-000000000001,2ae19629-2003-13a3-e055-000000000001,Carrowbaun,Clare
2ae19629-2004-13a3-e055-000000000001,2ae19629-2004-13a3-e055-000000000001,Castlecrine,Clare
2ae19629-2005-13a3-e055-000000000001,2ae19629-2005-13a3-e055-000000000001,Castletown,Clare
2ae19629-2006-13a3-e055-000000000001,2ae19629-2006-13a3-e055-000000000001,Clareabbey,Clare
2ae19629-2007-13a3-e055-000000000001,2ae19629-2007-13a3-e055-000000000001,Fahymore,Clare
2ae19629-2008-13a3-e055-000000000001,2ae19629-2008-13a3-e055-000000000001,Feakle,Clare
2ae19629-2009-13a3-e055-000000000001,2ae19629-2009-13a3-e055-000000000001,Kiltannon,Clare
2ae19629-200a-13a3-e055-000000000001,2ae19629-200a-13a3-e055-000000000001,Kiltenanlea,Clare
2ae19629-200b-13a3-e055-000000000001,2ae19629-200b-13a3-e055-000000000001,Kiltoraght,Clare
2ae19629-200c-13a3-e055-000000000001,2ae19629-200c-13a3-e055-000000000001,Scarriff,Clare
2ae19629-200d-13a3-e055-000000000001,2ae19629-200d-13a3-e055-000000000001,Sixmilebridge,Clare
2ae19629-200e-13a3-e055-000000000001,2ae19629-200e-13a3-e055-000000000001,Clenagh,Clare
2ae19629-200f-13a3-e055-000000000001,2ae19629-200f-13a3-e055-000000000001,Cloghaun,Clare
2ae19629-2010-13a3-e055-000000000001,2ae19629-2010-13a3-e055-000000000001,Formoyle,Clare
2ae19629-2011-13a3-e055-000000000001,2ae19629-2011-13a3-e055-000000000001,Furroor,Clare
2ae19629-2012-13a3-e055-000000000001,2ae19629-2012-13a3-e055-000000000001,Kinturk,Clare
2ae19629-2013-13a3-e055-000000000001,2ae19629-2013-13a3-e055-000000000001,Knock,Clare
2ae19629-2014-13a3-e055-000000000001,2ae19629-2014-13a3-e055-000000000001,Smithstown,Clare
2ae19629-2015-13a3-e055-000000000001,2ae19629-2015-13a3-e055-000000000001,Spancelhill,Clare
2ae19629-2016-13a3-e055-000000000001,2ae19629-2016-13a3-e055-000000000001,St. Martin's,Clare
2ae19629-2017-13a3-e055-000000000001,2ae19629-2017-13a3-e055-000000000001,Templemaley,Clare
2ae19629-2018-13a3-e055-000000000001,2ae19629-2018-13a3-e055-000000000001,Cloghera,Clare
2ae19629-2019-13a3-e055-000000000001,2ae19629-2019-13a3-e055-000000000001,Clondagad,Clare
2ae19629-201a-13a3-e055-000000000001,2ae19629-201a-13a3-e055-000000000001,Glendree,Clare
2ae19629-201b-13a3-e055-000000000001,2ae19629-201b-13a3-e055-000000000001,Gleninagh,Clare
2ae19629-201c-13a3-e055-000000000001,2ae19629-201c-13a3-e055-000000000001,Knocknaboley,Clare
2ae19629-201d-13a3-e055-000000000001,2ae19629-201d-13a3-e055-000000000001,Knocknagore,Clare
2ae19629-201e-13a3-e055-000000000001,2ae19629-201e-13a3-e055-000000000001,Kyle,Clare
2ae19629-201f-13a3-e055-000000000001,2ae19629-201f-13a3-e055-000000000001,Toberbreeda,Clare
2ae19629-2020-13a3-e055-000000000001,2ae19629-2020-13a3-e055-000000000001,Tomfinlough,Clare
2ae19629-2021-13a3-e055-000000000001,2ae19629-2021-13a3-e055-000000000001,Cloonadrum,Clare
2ae19629-2022-13a3-e055-000000000001,2ae19629-2022-13a3-e055-000000000001,Cloonanaha,Clare
2ae19629-2023-13a3-e055-000000000001,2ae19629-2023-13a3-e055-000000000001,Glenmore,Clare
2ae19629-2025-13a3-e055-000000000001,2ae19629-2025-13a3-e055-000000000001,Lackareagh,Clare
2ae19629-2026-13a3-e055-000000000001,2ae19629-2026-13a3-e055-000000000001,Liscannor,Clare
2ae19629-2027-13a3-e055-000000000001,2ae19629-2027-13a3-e055-000000000001,Tulla,Clare
2ae19629-2029-13a3-e055-000000000001,2ae19629-2029-13a3-e055-000000000001,Clooncoorha,Clare
2ae19629-202a-13a3-e055-000000000001,2ae19629-202a-13a3-e055-000000000001,Clooney,Clare
2ae19629-202d-13a3-e055-000000000001,2ae19629-202d-13a3-e055-000000000001,Kilballyowen,Clare
2ae19629-202e-13a3-e055-000000000001,2ae19629-202e-13a3-e055-000000000001,Kilchreest,Clare
2ae19629-202f-13a3-e055-000000000001,2ae19629-202f-13a3-e055-000000000001,Kilcloher,Clare
2ae19629-2030-13a3-e055-000000000001,2ae19629-2030-13a3-e055-000000000001,Liscasey,Clare
2ae19629-2031-13a3-e055-000000000001,2ae19629-2031-13a3-e055-000000000001,Lisdoonvarna,Clare
2ae19629-2032-13a3-e055-000000000001,2ae19629-2032-13a3-e055-000000000001,Tullycreen,Clare
2ae19629-2033-13a3-e055-000000000001,2ae19629-2033-13a3-e055-000000000001,Urlan,Clare
2ae19629-2034-13a3-e055-000000000001,2ae19629-2034-13a3-e055-000000000001,Ennis No. 1 Urban,Clare
2ae19629-2035-13a3-e055-000000000001,2ae19629-2035-13a3-e055-000000000001,Ennis No. 3 Urban,Clare
2ae19629-2036-13a3-e055-000000000001,2ae19629-2036-13a3-e055-000000000001,Ennis No. 4 Urban,Clare
2ae19629-2037-13a3-e055-000000000001,2ae19629-2037-13a3-e055-000000000001,Clooney,Clare
2ae19629-2038-13a3-e055-000000000001,2ae19629-2038-13a3-e055-000000000001,Cloontra,Clare
2ae19629-2039-13a3-e055-000000000001,2ae19629-2039-13a3-e055-000000000001,Kilfearagh,Clare
2ae19629-203a-13a3-e055-000000000001,2ae19629-203a-13a3-e055-000000000001,Kilfenora,Clare
2ae19629-203b-13a3-e055-000000000001,2ae19629-203b-13a3-e055-000000000001,Lisheen,Clare
2ae19629-203c-13a3-e055-000000000001,2ae19629-203c-13a3-e055-000000000001,Loughea,Clare
2ae19629-203d-13a3-e055-000000000001,2ae19629-203d-13a3-e055-000000000001,Abbeymahon,Cork South-West
2ae19629-203e-13a3-e055-000000000001,2ae19629-203e-13a3-e055-000000000001,Adrigole,Cork South-West
2ae19629-203f-13a3-e055-000000000001,2ae19629-203f-13a3-e055-000000000001,Aghadown North,Cork South-West
2ae19629-2040-13a3-e055-000000000001,2ae19629-2040-13a3-e055-000000000001,Aghadown South,Cork South-West
2ae19629-2041-13a3-e055-000000000001,2ae19629-2041-13a3-e055-000000000001,Aghern,Cork East
2ae19629-2042-13a3-e055-000000000001,2ae19629-2042-13a3-e055-000000000001,Maas,Donegal
2ae19629-2043-13a3-e055-000000000001,2ae19629-2043-13a3-e055-000000000001,Magheraboy,Donegal
2ae19629-2044-13a3-e055-000000000001,2ae19629-2044-13a3-e055-000000000001,Magheraclogher,Donegal
2ae19629-2045-13a3-e055-000000000001,2ae19629-2045-13a3-e055-000000000001,Maghery,Donegal
2ae19629-2046-13a3-e055-000000000001,2ae19629-2046-13a3-e055-000000000001,Addergoole,Galway East
2ae19629-2047-13a3-e055-000000000001,2ae19629-2047-13a3-e055-000000000001,Ahascragh,Roscommon-Galway
2ae19629-2048-13a3-e055-000000000001,2ae19629-2048-13a3-e055-000000000001,Clontuskert,Galway East
2ae19629-2049-13a3-e055-000000000001,2ae19629-2049-13a3-e055-000000000001,Cloonbur,Galway West
2ae19629-204a-13a3-e055-000000000001,2ae19629-204a-13a3-e055-000000000001,Cloonkeen,Galway East
2ae19629-204b-13a3-e055-000000000001,2ae19629-204b-13a3-e055-000000000001,Figart,Donegal
2ae19629-204c-13a3-e055-000000000001,2ae19629-204c-13a3-e055-000000000001,Fintown,Donegal
2ae19629-204d-13a3-e055-000000000001,2ae19629-204d-13a3-e055-000000000001,Aille,Galway East
2ae19629-204e-13a3-e055-000000000001,2ae19629-204e-13a3-e055-000000000001,Annagh,Galway East
2ae19629-204f-13a3-e055-000000000001,2ae19629-204f-13a3-e055-000000000001,Annaghdown,Galway East
2ae19629-2050-13a3-e055-000000000001,2ae19629-2050-13a3-e055-000000000001,Athenry,Galway East
2ae19629-2051-13a3-e055-000000000001,2ae19629-2051-13a3-e055-000000000001,Aughrim,Galway East
2ae19629-2052-13a3-e055-000000000001,2ae19629-2052-13a3-e055-000000000001,Aughrim,Galway East
2ae19629-2053-13a3-e055-000000000001,2ae19629-2053-13a3-e055-000000000001,Cloonkeen,Galway East
2ae19629-2054-13a3-e055-000000000001,2ae19629-2054-13a3-e055-000000000001,Cloonkeen,Galway East
2ae19629-2055-13a3-e055-000000000001,2ae19629-2055-13a3-e055-000000000001,Colmanstown,Galway East
2ae19629-2057-13a3-e055-000000000001,2ae19629-2057-13a3-e055-000000000001,Gartan,Donegal
2ae19629-2058-13a3-e055-000000000001,2ae19629-2058-13a3-e055-000000000001,Glen,Donegal
2ae19629-2059-13a3-e055-000000000001,2ae19629-2059-13a3-e055-000000000001,Annaghdown,Galway East
2ae19629-205a-13a3-e055-000000000001,2ae19629-205a-13a3-e055-000000000001,Ardamullivan,Galway East
2ae19629-205b-13a3-e055-000000000001,2ae19629-205b-13a3-e055-000000000001,Ardrahan,Galway East
2ae19629-205c-13a3-e055-000000000001,2ae19629-205c-13a3-e055-000000000001,Ballinasloe Rural,Roscommon-Galway
2ae19629-205d-13a3-e055-000000000001,2ae19629-205d-13a3-e055-000000000001,Ballinasloe Urban,Roscommon-Galway
2ae19629-205e-13a3-e055-000000000001,2ae19629-205e-13a3-e055-000000000001,Ballinastack,Roscommon-Galway
2ae19629-205f-13a3-e055-000000000001,2ae19629-205f-13a3-e055-000000000001,Ballinderry,Galway East
2ae19629-2060-13a3-e055-000000000001,2ae19629-2060-13a3-e055-000000000001,Carrickart,Donegal
2ae19629-2061-13a3-e055-000000000001,2ae19629-2061-13a3-e055-000000000001,Carrickboy,Sligo-Leitrim
2ae19629-2062-13a3-e055-000000000001,2ae19629-2062-13a3-e055-000000000001,Glenalla,Donegal
2ae19629-2063-13a3-e055-000000000001,2ae19629-2063-13a3-e055-000000000001,West Donegal,Donegal
2ae19629-2064-13a3-e055-000000000001,2ae19629-2064-13a3-e055-000000000001,Malin,Donegal
2ae19629-2065-13a3-e055-000000000001,2ae19629-2065-13a3-e055-000000000001,Malinbeg,Donegal
2ae19629-2066-13a3-e055-000000000001,2ae19629-2066-13a3-e055-000000000001,Manorcunningham,Donegal
2ae19629-2067-13a3-e055-000000000001,2ae19629-2067-13a3-e055-000000000001,Meenaclady,Donegal
2ae19629-2068-13a3-e055-000000000001,2ae19629-2068-13a3-e055-000000000001,Ballinduff,Galway East
2ae19629-2069-13a3-e055-000000000001,2ae19629-2069-13a3-e055-000000000001,Ballintemple,Galway West
2ae19629-206a-13a3-e055-000000000001,2ae19629-206a-13a3-e055-000000000001,Carrowkeel,Donegal
2ae19629-206b-13a3-e055-000000000001,2ae19629-206b-13a3-e055-000000000001,Carthage,Donegal
2ae19629-206c-13a3-e055-000000000001,2ae19629-206c-13a3-e055-000000000001,Castlecary,Donegal
2ae19629-206d-13a3-e055-000000000001,2ae19629-206d-13a3-e055-000000000001,Gleneely,Donegal
2ae19629-206e-13a3-e055-000000000001,2ae19629-206e-13a3-e055-000000000001,Gleneely,Donegal
2ae19629-206f-13a3-e055-000000000001,2ae19629-206f-13a3-e055-000000000001,Glengesh,Donegal
2ae19629-2070-13a3-e055-000000000001,2ae19629-2070-13a3-e055-000000000001,Glenleheen,Donegal
2ae19629-2071-13a3-e055-000000000001,2ae19629-2071-13a3-e055-000000000001,Meencargagh,Donegal
2ae19629-2072-13a3-e055-000000000001,2ae19629-2072-13a3-e055-000000000001,Millford,Donegal
2ae19629-2073-13a3-e055-000000000001,2ae19629-2073-13a3-e055-000000000001,Mintiaghs,Donegal
2ae19629-2074-13a3-e055-000000000001,2ae19629-2074-13a3-e055-000000000001,Ballycahalan,Galway East
2ae19629-2075-13a3-e055-000000000001,2ae19629-2075-13a3-e055-000000000001,Ballyglass,Galway East
2ae19629-2076-13a3-e055-000000000001,2ae19629-2076-13a3-e055-000000000001,Ballymacward,Galway East
2ae19629-2077-13a3-e055-000000000001,2ae19629-2077-13a3-e055-000000000001,Castlefinn,Donegal
2ae19629-2078-13a3-e055-000000000001,2ae19629-2078-13a3-e055-000000000001,Castleforward,Donegal
2ae19629-2079-13a3-e055-000000000001,2ae19629-2079-13a3-e055-000000000001,Gleneganon,Donegal
2ae19629-207a-13a3-e055-000000000001,2ae19629-207a-13a3-e055-000000000001,Glenties,Donegal
2ae19629-207b-13a3-e055-000000000001,2ae19629-207b-13a3-e055-000000000001,Glentogher,Donegal
2ae19629-207c-13a3-e055-000000000001,2ae19629-207c-13a3-e055-000000000001,Moville,Donegal
2ae19629-207d-13a3-e055-000000000001,2ae19629-207d-13a3-e055-000000000001,Mulmosog,Donegal
2ae19629-207e-13a3-e055-000000000001,2ae19629-207e-13a3-e055-000000000001,Ballymoe,Roscommon-Galway
2ae19629-207f-13a3-e055-000000000001,2ae19629-207f-13a3-e055-000000000001,Ballynacourty,Galway West
2ae19629-2080-13a3-e055-000000000001,2ae19629-2080-13a3-e055-000000000001,Ballynagar,Galway East
2ae19629-2081-13a3-e055-000000000001,2ae19629-2081-13a3-e055-000000000001,Castlewray,Donegal
2ae19629-2082-13a3-e055-000000000001,2ae19629-2082-13a3-e055-000000000001,Cavangarden,Sligo-Leitrim
2ae19629-2083-13a3-e055-000000000001,2ae19629-2083-13a3-e055-000000000001,Church Hill,Donegal
2ae19629-2084-13a3-e055-000000000001,2ae19629-2084-13a3-e055-000000000001,Goland,Donegal
2ae19629-2085-13a3-e055-000000000001,2ae19629-2085-13a3-e055-000000000001,Gortahork,Donegal
2ae19629-2086-13a3-e055-000000000001,2ae19629-2086-13a3-e055-000000000001,Gortnavern,Donegal
2ae19629-2087-13a3-e055-000000000001,2ae19629-2087-13a3-e055-000000000001,Graffy,Donegal
2ae19629-2088-13a3-e055-000000000001,2ae19629-2088-13a3-e055-000000000001,Greencastle,Donegal
2ae19629-2089-13a3-e055-000000000001,2ae19629-2089-13a3-e055-000000000001,Newtown Cunningham,Donegal
2ae19629-208a-13a3-e055-000000000001,2ae19629-208a-13a3-e055-000000000001,Pettigoe,Donegal
2ae19629-208b-13a3-e055-000000000001,2ae19629-208b-13a3-e055-000000000001,Ballynakill,Galway East
2ae19629-208c-13a3-e055-000000000001,2ae19629-208c-13a3-e055-000000000001,Ballynakill,Galway West
2ae19629-208d-13a3-e055-000000000001,2ae19629-208d-13a3-e055-000000000001,Ballynakill,Roscommon-Galway
2ae19629-208e-13a3-e055-000000000001,2ae19629-208e-13a3-e055-000000000001,Ballynapark,Galway East
2ae19629-208f-13a3-e055-000000000001,2ae19629-208f-13a3-e055-000000000001,Cliff,Sligo-Leitrim
2ae19629-2090-13a3-e055-000000000001,2ae19629-2090-13a3-e055-000000000001,Cloghan,Donegal
2ae19629-2091-13a3-e055-000000000001,2ae19629-2091-13a3-e055-000000000001,Cloghard,Donegal
2ae19629-2092-13a3-e055-000000000001,2ae19629-2092-13a3-e055-000000000001,Clogher,Donegal
2ae19629-2093-13a3-e055-000000000001,2ae19629-2093-13a3-e055-000000000001,Greenfort,Donegal
2ae19629-2094-13a3-e055-000000000001,2ae19629-2094-13a3-e055-000000000001,Grousehall,Donegal
2ae19629-2095-13a3-e055-000000000001,2ae19629-2095-13a3-e055-000000000001,Raphoe,Donegal
2ae19629-2096-13a3-e055-000000000001,2ae19629-2096-13a3-e055-000000000001,Rathmelton,Donegal
2ae19629-2097-13a3-e055-000000000001,2ae19629-2097-13a3-e055-000000000001,Rathmullan,Donegal
2ae19629-2098-13a3-e055-000000000001,2ae19629-2098-13a3-e055-000000000001,Barna,Galway West
2ae19629-2099-13a3-e055-000000000001,2ae19629-2099-13a3-e055-000000000001,Beagh,Galway East
2ae19629-209a-13a3-e055-000000000001,2ae19629-209a-13a3-e055-000000000001,Clonleigh North,Donegal
2ae19629-209b-13a3-e055-000000000001,2ae19629-209b-13a3-e055-000000000001,Clonleigh South,Donegal
2ae19629-209c-13a3-e055-000000000001,2ae19629-209c-13a3-e055-000000000001,Haugh,Donegal
2ae19629-209d-13a3-e055-000000000001,2ae19629-209d-13a3-e055-000000000001,Illies,Donegal
2ae19629-209e-13a3-e055-000000000001,2ae19629-209e-13a3-e055-000000000001,Inch Island,Donegal
2ae19629-209f-13a3-e055-000000000001,2ae19629-209f-13a3-e055-000000000001,Redcastle,Donegal
2ae19629-20a0-13a3-e055-000000000001,2ae19629-20a0-13a3-e055-000000000001,Rosguill,Donegal
2ae19629-20a1-13a3-e055-000000000001,2ae19629-20a1-13a3-e055-000000000001,Rosnakill,Donegal
2ae19629-20a2-13a3-e055-000000000001,2ae19629-20a2-13a3-e055-000000000001,Rutland,Donegal
2ae19629-20a3-13a3-e055-000000000001,2ae19629-20a3-13a3-e055-000000000001,Beaghmore,Galway East
2ae19629-20a4-13a3-e055-000000000001,2ae19629-20a4-13a3-e055-000000000001,Belclare,Galway East
2ae19629-20a5-13a3-e055-000000000001,2ae19629-20a5-13a3-e055-000000000001,Belleville,Galway East
2ae19629-20a6-13a3-e055-000000000001,2ae19629-20a6-13a3-e055-000000000001,Bencorr,Galway West
2ae19629-20a7-13a3-e055-000000000001,2ae19629-20a7-13a3-e055-000000000001,Boyounagh,Roscommon-Galway
2ae19629-20a8-13a3-e055-000000000001,2ae19629-20a8-13a3-e055-000000000001,Convoy,Donegal
2ae19629-20a9-13a3-e055-000000000001,2ae19629-20a9-13a3-e055-000000000001,Corkermore,Donegal
2ae19629-20aa-13a3-e055-000000000001,2ae19629-20aa-13a3-e055-000000000001,Inishkeel,Donegal
2ae19629-20ab-13a3-e055-000000000001,2ae19629-20ab-13a3-e055-000000000001,Inver,Donegal
2ae19629-20ac-13a3-e055-000000000001,2ae19629-20ac-13a3-e055-000000000001,Kilcar,Donegal
2ae19629-20ad-13a3-e055-000000000001,2ae19629-20ad-13a3-e055-000000000001,Seacor,Donegal
2ae19629-20ae-13a3-e055-000000000001,2ae19629-20ae-13a3-e055-000000000001,St. Johnstown,Donegal
2ae19629-20af-13a3-e055-000000000001,2ae19629-20af-13a3-e055-000000000001,Bracklagh,Galway East
2ae19629-20b0-13a3-e055-000000000001,2ae19629-20b0-13a3-e055-000000000001,Bullaun,Galway East
2ae19629-20b1-13a3-e055-000000000001,2ae19629-20b1-13a3-e055-000000000001,Bunowen,Galway West
2ae19629-20b2-13a3-e055-000000000001,2ae19629-20b2-13a3-e055-000000000001,Cahermore,Galway East
2ae19629-20b3-13a3-e055-000000000001,2ae19629-20b3-13a3-e055-000000000001,Corravaddy,Donegal
2ae19629-20b4-13a3-e055-000000000001,2ae19629-20b4-13a3-e055-000000000001,Cranford,Donegal
2ae19629-20b5-13a3-e055-000000000001,2ae19629-20b5-13a3-e055-000000000001,Creenasmear,Donegal
2ae19629-20b6-13a3-e055-000000000001,2ae19629-20b6-13a3-e055-000000000001,Kilderry,Donegal
2ae19629-20b7-13a3-e055-000000000001,2ae19629-20b7-13a3-e055-000000000001,Kilgoly,Donegal
2ae19629-20b8-13a3-e055-000000000001,2ae19629-20b8-13a3-e055-000000000001,Killea,Donegal
2ae19629-20b9-13a3-e055-000000000001,2ae19629-20b9-13a3-e055-000000000001,Killybegs,Donegal
2ae19629-20ba-13a3-e055-000000000001,2ae19629-20ba-13a3-e055-000000000001,Killygarvan,Donegal
2ae19629-20bb-13a3-e055-000000000001,2ae19629-20bb-13a3-e055-000000000001,Straid,Donegal
2ae19629-20bc-13a3-e055-000000000001,2ae19629-20bc-13a3-e055-000000000001,Stranorlar,Donegal
2ae19629-20bd-13a3-e055-000000000001,2ae19629-20bd-13a3-e055-000000000001,Caltra,Galway East
2ae19629-20be-13a3-e055-000000000001,2ae19629-20be-13a3-e055-000000000001,Camus,Galway West
2ae19629-20bf-13a3-e055-000000000001,2ae19629-20bf-13a3-e055-000000000001,Cappalusk,Galway East
2ae19629-20c0-13a3-e055-000000000001,2ae19629-20c0-13a3-e055-000000000001,Cappard,Galway East
2ae19629-20c1-13a3-e055-000000000001,2ae19629-20c1-13a3-e055-000000000001,Creeslough,Donegal
2ae19629-20c2-13a3-e055-000000000001,2ae19629-20c2-13a3-e055-000000000001,Cross Roads,Donegal
2ae19629-20c3-13a3-e055-000000000001,2ae19629-20c3-13a3-e055-000000000001,Crovehy,Donegal
2ae19629-20c4-13a3-e055-000000000001,2ae19629-20c4-13a3-e055-000000000001,Crowkeeragh,Donegal
2ae19629-20c5-13a3-e055-000000000001,2ae19629-20c5-13a3-e055-000000000001,Killygordon,Donegal
2ae19629-20c6-13a3-e055-000000000001,2ae19629-20c6-13a3-e055-000000000001,Killymasny,Donegal
2ae19629-20c7-13a3-e055-000000000001,2ae19629-20c7-13a3-e055-000000000001,Kilmacrenan,Donegal
2ae19629-20c8-13a3-e055-000000000001,2ae19629-20c8-13a3-e055-000000000001,Tantallon,Donegal
2ae19629-20c9-13a3-e055-000000000001,2ae19629-20c9-13a3-e055-000000000001,Tawnawully,Donegal
2ae19629-20ca-13a3-e055-000000000001,2ae19629-20ca-13a3-e055-000000000001,Templecarn,Donegal
2ae19629-20cb-13a3-e055-000000000001,2ae19629-20cb-13a3-e055-000000000001,Carnmore,Galway West
2ae19629-20cc-13a3-e055-000000000001,2ae19629-20cc-13a3-e055-000000000001,Carrowbrowne,Galway West
2ae19629-20cd-13a3-e055-000000000001,2ae19629-20cd-13a3-e055-000000000001,Carrownagur,Galway East
2ae19629-20ce-13a3-e055-000000000001,2ae19629-20ce-13a3-e055-000000000001,Crownarad,Donegal
2ae19629-20cf-13a3-e055-000000000001,2ae19629-20cf-13a3-e055-000000000001,Culdaff,Donegal
2ae19629-20d0-13a3-e055-000000000001,2ae19629-20d0-13a3-e055-000000000001,Dawros,Donegal
2ae19629-20d1-13a3-e055-000000000001,2ae19629-20d1-13a3-e055-000000000001,Desertegny,Donegal
2ae19629-20d2-13a3-e055-000000000001,2ae19629-20d2-13a3-e055-000000000001,Kincraigy,Donegal
2ae19629-20d3-13a3-e055-000000000001,2ae19629-20d3-13a3-e055-000000000001,Knock,Donegal
2ae19629-20d4-13a3-e055-000000000001,2ae19629-20d4-13a3-e055-000000000001,Templedouglas,Donegal
2ae19629-20d5-13a3-e055-000000000001,2ae19629-20d5-13a3-e055-000000000001,Termon,Donegal
2ae19629-20d6-13a3-e055-000000000001,2ae19629-20d6-13a3-e055-000000000001,Carrowrevagh,Galway East
2ae19629-20d7-13a3-e055-000000000001,2ae19629-20d7-13a3-e055-000000000001,Castleblakeney,Galway East
2ae19629-20d8-13a3-e055-000000000001,2ae19629-20d8-13a3-e055-000000000001,Castleboy,Galway East
2ae19629-20d9-13a3-e055-000000000001,2ae19629-20d9-13a3-e055-000000000001,Doe Castle,Donegal
2ae19629-20da-13a3-e055-000000000001,2ae19629-20da-13a3-e055-000000000001,Donegal,Donegal
2ae19629-20db-13a3-e055-000000000001,2ae19629-20db-13a3-e055-000000000001,Doocharry,Donegal
2ae19629-20dc-13a3-e055-000000000001,2ae19629-20dc-13a3-e055-000000000001,Knockalla,Donegal
2ae19629-20dd-13a3-e055-000000000001,2ae19629-20dd-13a3-e055-000000000001,Laghy,Donegal
2ae19629-20de-13a3-e055-000000000001,2ae19629-20de-13a3-e055-000000000001,Three Trees,Donegal
2ae19629-20df-13a3-e055-000000000001,2ae19629-20df-13a3-e055-000000000001,Tieveskeelta,Donegal
2ae19629-20e0-13a3-e055-000000000001,2ae19629-20e0-13a3-e055-000000000001,Castleffrench,Roscommon-Galway
2ae19629-20e1-13a3-e055-000000000001,2ae19629-20e1-13a3-e055-000000000001,Castletaylor,Galway East
2ae19629-20e2-13a3-e055-000000000001,2ae19629-20e2-13a3-e055-000000000001,Claregalway,Galway West
2ae19629-20e3-13a3-e055-000000000001,2ae19629-20e3-13a3-e055-000000000001,Dooish,Donegal
2ae19629-20e4-13a3-e055-000000000001,2ae19629-20e4-13a3-e055-000000000001,Dunaff,Donegal
2ae19629-20e5-13a3-e055-000000000001,2ae19629-20e5-13a3-e055-000000000001,Dunfanaghy,Donegal
2ae19629-20e6-13a3-e055-000000000001,2ae19629-20e6-13a3-e055-000000000001,Dunglow,Donegal
2ae19629-20e7-13a3-e055-000000000001,2ae19629-20e7-13a3-e055-000000000001,Dunkineely,Donegal
2ae19629-20e8-13a3-e055-000000000001,2ae19629-20e8-13a3-e055-000000000001,Dunlewy,Donegal
2ae19629-20e9-13a3-e055-000000000001,2ae19629-20e9-13a3-e055-000000000001,Eanymore,Donegal
2ae19629-20ea-13a3-e055-000000000001,2ae19629-20ea-13a3-e055-000000000001,Largymore,Donegal
2ae19629-20eb-13a3-e055-000000000001,2ae19629-20eb-13a3-e055-000000000001,Letterkenny Rural,Donegal
2ae19629-20ec-13a3-e055-000000000001,2ae19629-20ec-13a3-e055-000000000001,Letterkenny Urban,Donegal
2ae19629-20ed-13a3-e055-000000000001,2ae19629-20ed-13a3-e055-000000000001,Treantaghmucklagh,Donegal
2ae19629-20ee-13a3-e055-000000000001,2ae19629-20ee-13a3-e055-000000000001,Tullynaught,Donegal
2ae19629-20ef-13a3-e055-000000000001,2ae19629-20ef-13a3-e055-000000000001,Turmone,Donegal
2ae19629-20f0-13a3-e055-000000000001,2ae19629-20f0-13a3-e055-000000000001,Urney West,Donegal
2ae19629-20f1-13a3-e055-000000000001,2ae19629-20f1-13a3-e055-000000000001,Whitecastle,Donegal
2ae19629-20f2-13a3-e055-000000000001,2ae19629-20f2-13a3-e055-000000000001,Claretuam,Galway East
2ae19629-20f3-13a3-e055-000000000001,2ae19629-20f3-13a3-e055-000000000001,Clarinbridge,Galway West
2ae19629-20f4-13a3-e055-000000000001,2ae19629-20f4-13a3-e055-000000000001,Cleggan,Galway West
2ae19629-20f5-13a3-e055-000000000001,2ae19629-20f5-13a3-e055-000000000001,Clifden,Galway West
2ae19629-20f6-13a3-e055-000000000001,2ae19629-20f6-13a3-e055-000000000001,Edenacarnan,Donegal
2ae19629-20f7-13a3-e055-000000000001,2ae19629-20f7-13a3-e055-000000000001,Fahan,Donegal
2ae19629-20f8-13a3-e055-000000000001,2ae19629-20f8-13a3-e055-000000000001,Fanad North,Donegal
2ae19629-20f9-13a3-e055-000000000001,2ae19629-20f9-13a3-e055-000000000001,Fanad West,Donegal
2ae19629-20fa-13a3-e055-000000000001,2ae19629-20fa-13a3-e055-000000000001,Feddyglass,Donegal
2ae19629-20fb-13a3-e055-000000000001,2ae19629-20fb-13a3-e055-000000000001,Lettermacaward,Donegal
2ae19629-20fc-13a3-e055-000000000001,2ae19629-20fc-13a3-e055-000000000001,Lettermore,Donegal
2ae19629-20fd-13a3-e055-000000000001,2ae19629-20fd-13a3-e055-000000000001,Lough Eask,Donegal
2ae19629-20fe-13a3-e055-000000000001,2ae19629-20fe-13a3-e055-000000000001,Loughkeel,Donegal
2ae19629-20ff-13a3-e055-000000000001,2ae19629-20ff-13a3-e055-000000000001,Abbey East,Galway East
2ae19629-2100-13a3-e055-000000000001,2ae19629-2100-13a3-e055-000000000001,Abbey West,Galway East
2ae19629-2101-13a3-e055-000000000001,2ae19629-2101-13a3-e055-000000000001,Abbeygormacan,Galway East
2ae19629-2102-13a3-e055-000000000001,2ae19629-2102-13a3-e055-000000000001,Abbeyville,Galway East
2ae19629-2103-13a3-e055-000000000001,2ae19629-2103-13a3-e055-000000000001,Clonbern,Galway East
2ae19629-2104-13a3-e055-000000000001,2ae19629-2104-13a3-e055-000000000001,Clonbrock,Galway East
2ae19629-2105-13a3-e055-000000000001,2ae19629-2105-13a3-e055-000000000001,Clonfert,Galway East
2ae19629-2106-13a3-e055-000000000001,2ae19629-2106-13a3-e055-000000000001,Bundoran Rural,Sligo-Leitrim
2ae19629-2107-13a3-e055-000000000001,2ae19629-2107-13a3-e055-000000000001,Bundoran Urban,Sligo-Leitrim
2ae19629-2108-13a3-e055-000000000001,2ae19629-2108-13a3-e055-000000000001,Williamstown,Cork North-West
2ae19629-2109-13a3-e055-000000000001,2ae19629-2109-13a3-e055-000000000001,Kinneigh,Cork North-West
2ae19629-210a-13a3-e055-000000000001,2ae19629-210a-13a3-e055-000000000001,Kinsale Rural,Cork South-West
2ae19629-210b-13a3-e055-000000000001,2ae19629-210b-13a3-e055-000000000001,Kinsale Urban,Cork South-West
2ae19629-210c-13a3-e055-000000000001,2ae19629-210c-13a3-e055-000000000001,Murragh,Cork North-West
2ae19629-210d-13a3-e055-000000000001,2ae19629-210d-13a3-e055-000000000001,Myross,Cork South-West
2ae19629-210e-13a3-e055-000000000001,2ae19629-210e-13a3-e055-000000000001,Nad,Cork North-West
2ae19629-210f-13a3-e055-000000000001,2ae19629-210f-13a3-e055-000000000001,Newmarket,Cork North-West
2ae19629-2110-13a3-e055-000000000001,2ae19629-2110-13a3-e055-000000000001,Templenacarriga,Cork East
2ae19629-2111-13a3-e055-000000000001,2ae19629-2111-13a3-e055-000000000001,Templeomalus,Cork South-West
2ae19629-2112-13a3-e055-000000000001,2ae19629-2112-13a3-e055-000000000001,Burt,Donegal
2ae19629-2113-13a3-e055-000000000001,2ae19629-2113-13a3-e055-000000000001,Carndonagh,Donegal
2ae19629-2114-13a3-e055-000000000001,2ae19629-2114-13a3-e055-000000000001,Kinure,Cork South-West
2ae19629-2115-13a3-e055-000000000001,2ae19629-2115-13a3-e055-000000000001,Knockantota,Cork North-Central
2ae19629-2116-13a3-e055-000000000001,2ae19629-2116-13a3-e055-000000000001,Newtown,Cork North-West
2ae19629-2117-13a3-e055-000000000001,2ae19629-2117-13a3-e055-000000000001,Nohaval,Cork South-West
2ae19629-2118-13a3-e055-000000000001,2ae19629-2118-13a3-e055-000000000001,Ovens,Cork North-West
2ae19629-2119-13a3-e055-000000000001,2ae19629-2119-13a3-e055-000000000001,Timoleague,Cork South-West
2ae19629-211a-13a3-e055-000000000001,2ae19629-211a-13a3-e055-000000000001,Tincoora,Cork North-West
2ae19629-211b-13a3-e055-000000000001,2ae19629-211b-13a3-e055-000000000001,Toormore,Cork South-West
2ae19629-211c-13a3-e055-000000000001,2ae19629-211c-13a3-e055-000000000001,Tullagh,Cork South-West
2ae19629-211d-13a3-e055-000000000001,2ae19629-211d-13a3-e055-000000000001,Tullylease,Cork North-West
2ae19629-211e-13a3-e055-000000000001,2ae19629-211e-13a3-e055-000000000001,Kanturk,Cork North-West
2ae19629-211f-13a3-e055-000000000001,2ae19629-211f-13a3-e055-000000000001,Keale,Cork North-West
2ae19629-2120-13a3-e055-000000000001,2ae19629-2120-13a3-e055-000000000001,Knockatooan,Cork North-West
2ae19629-2121-13a3-e055-000000000001,2ae19629-2121-13a3-e055-000000000001,Knockavilly,Cork North-West
2ae19629-2122-13a3-e055-000000000001,2ae19629-2122-13a3-e055-000000000001,Monkstown Urban,Cork South-Central
2ae19629-2123-13a3-e055-000000000001,2ae19629-2123-13a3-e055-000000000001,Rahalisk,Cork North-West
2ae19629-2124-13a3-e055-000000000001,2ae19629-2124-13a3-e055-000000000001,Ullanes,Cork North-West
2ae19629-2125-13a3-e055-000000000001,2ae19629-2125-13a3-e055-000000000001,Wallstown,Cork East
2ae19629-2126-13a3-e055-000000000001,2ae19629-2126-13a3-e055-000000000001,Kealkill,Cork South-West
2ae19629-2127-13a3-e055-000000000001,2ae19629-2127-13a3-e055-000000000001,Kilberrihert,Cork North-West
2ae19629-2128-13a3-e055-000000000001,2ae19629-2128-13a3-e055-000000000001,Kilbonane,Cork North-West
2ae19629-2129-13a3-e055-000000000001,2ae19629-2129-13a3-e055-000000000001,Knockmourne,Cork East
2ae19629-212a-13a3-e055-000000000001,2ae19629-212a-13a3-e055-000000000001,Knocknagree,Cork North-West
2ae19629-212b-13a3-e055-000000000001,2ae19629-212b-13a3-e055-000000000001,Knockraha,Cork East
2ae19629-212c-13a3-e055-000000000001,2ae19629-212c-13a3-e055-000000000001,Knockroe,Cork South-West
2ae19629-212d-13a3-e055-000000000001,2ae19629-212d-13a3-e055-000000000001,Rahan,Cork North-Central
2ae19629-212e-13a3-e055-000000000001,2ae19629-212e-13a3-e055-000000000001,Rathbarry,Cork South-West
2ae19629-212f-13a3-e055-000000000001,2ae19629-212f-13a3-e055-000000000001,Rathclarin,Cork South-West
2ae19629-2130-13a3-e055-000000000001,2ae19629-2130-13a3-e055-000000000001,Warrenscourt,Cork North-West
2ae19629-2131-13a3-e055-000000000001,2ae19629-2131-13a3-e055-000000000001,Watergrasshill,Cork North-Central
2ae19629-2132-13a3-e055-000000000001,2ae19629-2132-13a3-e055-000000000001,Kilbrin,Cork North-West
2ae19629-2133-13a3-e055-000000000001,2ae19629-2133-13a3-e055-000000000001,Kilbrittain,Cork South-West
2ae19629-2134-13a3-e055-000000000001,2ae19629-2134-13a3-e055-000000000001,Knocks,Cork South-West
2ae19629-2135-13a3-e055-000000000001,2ae19629-2135-13a3-e055-000000000001,Knockskagh,Cork South-West
2ae19629-2136-13a3-e055-000000000001,2ae19629-2136-13a3-e055-000000000001,Rathcool,Cork North-West
2ae19629-2137-13a3-e055-000000000001,2ae19629-2137-13a3-e055-000000000001,Rathcooney,Cork North-Central
2ae19629-2138-13a3-e055-000000000001,2ae19629-2138-13a3-e055-000000000001,Rathcormack,Cork East
2ae19629-213a-13a3-e055-000000000001,2ae19629-213a-13a3-e055-000000000001,Whitechurch,Cork North-Central
2ae19629-213b-13a3-e055-000000000001,2ae19629-213b-13a3-e055-000000000001,Woodfort,Cork South-West
2ae19629-213c-13a3-e055-000000000001,2ae19629-213c-13a3-e055-000000000001,Kilbrogan,Cork South-West
2ae19629-213d-13a3-e055-000000000001,2ae19629-213d-13a3-e055-000000000001,Kilcaskan,Cork South-West
2ae19629-213e-13a3-e055-000000000001,2ae19629-213e-13a3-e055-000000000001,Kilcatherine,Cork South-West
2ae19629-213f-13a3-e055-000000000001,2ae19629-213f-13a3-e055-000000000001,Kilcoe,Cork South-West
2ae19629-2140-13a3-e055-000000000001,2ae19629-2140-13a3-e055-000000000001,Kilcor,Cork East
2ae19629-2141-13a3-e055-000000000001,2ae19629-2141-13a3-e055-000000000001,Kilcorney,Cork North-West
2ae19629-2142-13a3-e055-000000000001,2ae19629-2142-13a3-e055-000000000001,Knocktemple,Cork North-West
2ae19629-2143-13a3-e055-000000000001,2ae19629-2143-13a3-e055-000000000001,Laherne,Cork South-West
2ae19629-2145-13a3-e055-000000000001,2ae19629-2145-13a3-e055-000000000001,Riverstown,Cork North-Central
2ae19629-2146-13a3-e055-000000000001,2ae19629-2146-13a3-e055-000000000001,Roskeen,Cork North-West
2ae19629-2147-13a3-e055-000000000001,2ae19629-2147-13a3-e055-000000000001,Youghal Rural,Cork East
2ae19629-2148-13a3-e055-000000000001,2ae19629-2148-13a3-e055-000000000001,Youghal Urban,Cork East
2ae19629-2149-13a3-e055-000000000001,2ae19629-2149-13a3-e055-000000000001,Mallow North Urban,Cork North-Central
2ae19629-214a-13a3-e055-000000000001,2ae19629-214a-13a3-e055-000000000001,Bandon,Cork South-West
2ae19629-214b-13a3-e055-000000000001,2ae19629-214b-13a3-e055-000000000001,Ballinlough A,Cork South-Central
2ae19629-214c-13a3-e055-000000000001,2ae19629-214c-13a3-e055-000000000001,Ballinlough B,Cork South-Central
2ae19629-214d-13a3-e055-000000000001,2ae19629-214d-13a3-e055-000000000001,Ballinlough C,Cork South-Central
2ae19629-214e-13a3-e055-000000000001,2ae19629-214e-13a3-e055-000000000001,Ballyphehane A,Cork South-Central
2ae19629-214f-13a3-e055-000000000001,2ae19629-214f-13a3-e055-000000000001,Kilcronat,Cork East
2ae19629-2150-13a3-e055-000000000001,2ae19629-2150-13a3-e055-000000000001,Kilcullen,Cork North-West
2ae19629-2151-13a3-e055-000000000001,2ae19629-2151-13a3-e055-000000000001,Kilcummer,Cork East
2ae19629-2152-13a3-e055-000000000001,2ae19629-2152-13a3-e055-000000000001,Leighmoney,Cork South-West
2ae19629-2153-13a3-e055-000000000001,2ae19629-2153-13a3-e055-000000000001,Leitrim,Cork East
2ae19629-2154-13a3-e055-000000000001,2ae19629-2154-13a3-e055-000000000001,Liscarroll,Cork North-West
2ae19629-2155-13a3-e055-000000000001,2ae19629-2155-13a3-e055-000000000001,Rosnalee,Cork North-West
2ae19629-2156-13a3-e055-000000000001,2ae19629-2156-13a3-e055-000000000001,Rosscarbery,Cork South-West
2ae19629-2157-13a3-e055-000000000001,2ae19629-2157-13a3-e055-000000000001,Ballyphehane B,Cork South-Central
2ae19629-2158-13a3-e055-000000000001,2ae19629-2158-13a3-e055-000000000001,Bishopstown A,Cork South-Central
2ae19629-2159-13a3-e055-000000000001,2ae19629-2159-13a3-e055-000000000001,Bishopstown B,Cork South-Central
2ae19629-215a-13a3-e055-000000000001,2ae19629-215a-13a3-e055-000000000001,Bishopstown C,Cork South-Central
2ae19629-215b-13a3-e055-000000000001,2ae19629-215b-13a3-e055-000000000001,Bishopstown E,Cork South-Central
2ae19629-215c-13a3-e055-000000000001,2ae19629-215c-13a3-e055-000000000001,Bishopstown D,Cork South-Central
2ae19629-215d-13a3-e055-000000000001,2ae19629-215d-13a3-e055-000000000001,Blackpool A,Cork North-Central
2ae19629-215e-13a3-e055-000000000001,2ae19629-215e-13a3-e055-000000000001,Blackpool B,Cork North-Central
2ae19629-215f-13a3-e055-000000000001,2ae19629-215f-13a3-e055-000000000001,Browningstown,Cork South-Central
2ae19629-2160-13a3-e055-000000000001,2ae19629-2160-13a3-e055-000000000001,Centre A,Cork South-Central
2ae19629-2161-13a3-e055-000000000001,2ae19629-2161-13a3-e055-000000000001,Centre B,Cork South-Central
2ae19629-2162-13a3-e055-000000000001,2ae19629-2162-13a3-e055-000000000001,Churchfield,Cork North-Central
2ae19629-2163-13a3-e055-000000000001,2ae19629-2163-13a3-e055-000000000001,City Hall A,Cork South-Central
2ae19629-2164-13a3-e055-000000000001,2ae19629-2164-13a3-e055-000000000001,City Hall B,Cork South-Central
2ae19629-2165-13a3-e055-000000000001,2ae19629-2165-13a3-e055-000000000001,Commons,Cork North-Central
2ae19629-2166-13a3-e055-000000000001,2ae19629-2166-13a3-e055-000000000001,Evergreen,Cork South-Central
2ae19629-2167-13a3-e055-000000000001,2ae19629-2167-13a3-e055-000000000001,Fair Hill A,Cork North-Central
2ae19629-2168-13a3-e055-000000000001,2ae19629-2168-13a3-e055-000000000001,Kildinan,Cork North-Central
2ae19629-2169-13a3-e055-000000000001,2ae19629-2169-13a3-e055-000000000001,Kildorrery,Cork East
2ae19629-216a-13a3-e055-000000000001,2ae19629-216a-13a3-e055-000000000001,Liscleary,Cork South-Central
2ae19629-216b-13a3-e055-000000000001,2ae19629-216b-13a3-e055-000000000001,Lisgoold,Cork East
2ae19629-216c-13a3-e055-000000000001,2ae19629-216c-13a3-e055-000000000001,Lowertown,Cork South-West
2ae19629-216d-13a3-e055-000000000001,2ae19629-216d-13a3-e055-000000000001,Macloneigh,Cork North-West
2ae19629-216e-13a3-e055-000000000001,2ae19629-216e-13a3-e055-000000000001,Macroom Urban,Cork North-West
2ae19629-216f-13a3-e055-000000000001,2ae19629-216f-13a3-e055-000000000001,Rossmore,Cork South-West
2ae19629-2170-13a3-e055-000000000001,2ae19629-2170-13a3-e055-000000000001,Rostellan,Cork East
2ae19629-2171-13a3-e055-000000000001,2ae19629-2171-13a3-e055-000000000001,Rowls,Cork North-West
2ae19629-2172-13a3-e055-000000000001,2ae19629-2172-13a3-e055-000000000001,Fair Hill B,Cork North-Central
2ae19629-2173-13a3-e055-000000000001,2ae19629-2173-13a3-e055-000000000001,Fair Hill C,Cork North-Central
2ae19629-2174-13a3-e055-000000000001,2ae19629-2174-13a3-e055-000000000001,Farranferris A,Cork North-Central
2ae19629-2175-13a3-e055-000000000001,2ae19629-2175-13a3-e055-000000000001,Farranferris B,Cork North-Central
2ae19629-2176-13a3-e055-000000000001,2ae19629-2176-13a3-e055-000000000001,Farranferris C,Cork North-Central
2ae19629-2177-13a3-e055-000000000001,2ae19629-2177-13a3-e055-000000000001,Gurranebraher D,Cork North-Central
2ae19629-2178-13a3-e055-000000000001,2ae19629-2178-13a3-e055-000000000001,Gillabbey A,Cork South-Central
2ae19629-2179-13a3-e055-000000000001,2ae19629-2179-13a3-e055-000000000001,Gillabbey B,Cork South-Central
2ae19629-217a-13a3-e055-000000000001,2ae19629-217a-13a3-e055-000000000001,Gillabbey C,Cork South-Central
2ae19629-217b-13a3-e055-000000000001,2ae19629-217b-13a3-e055-000000000001,Glasheen A,Cork South-Central
2ae19629-217c-13a3-e055-000000000001,2ae19629-217c-13a3-e055-000000000001,Glasheen B,Cork South-Central
2ae19629-217d-13a3-e055-000000000001,2ae19629-217d-13a3-e055-000000000001,Glasheen C,Cork South-Central
2ae19629-217e-13a3-e055-000000000001,2ae19629-217e-13a3-e055-000000000001,Greenmount,Cork South-Central
2ae19629-217f-13a3-e055-000000000001,2ae19629-217f-13a3-e055-000000000001,Gurranebraher A,Cork North-Central
2ae19629-2180-13a3-e055-000000000001,2ae19629-2180-13a3-e055-000000000001,Gurranebraher B,Cork North-Central
2ae19629-2181-13a3-e055-000000000001,2ae19629-2181-13a3-e055-000000000001,Gurranebraher C,Cork North-Central
2ae19629-2182-13a3-e055-000000000001,2ae19629-2182-13a3-e055-000000000001,Gurranebraher E,Cork North-Central
2ae19629-2183-13a3-e055-000000000001,2ae19629-2183-13a3-e055-000000000001,Knocknaheeny,Cork North-Central
2ae19629-2184-13a3-e055-000000000001,2ae19629-2184-13a3-e055-000000000001,Knockrea A,Cork South-Central
2ae19629-2185-13a3-e055-000000000001,2ae19629-2185-13a3-e055-000000000001,Kilfaughnabeg,Cork South-West
2ae19629-2186-13a3-e055-000000000001,2ae19629-2186-13a3-e055-000000000001,Kilgullane,Cork East
2ae19629-2187-13a3-e055-000000000001,2ae19629-2187-13a3-e055-000000000001,Magourney,Cork North-West
2ae19629-2188-13a3-e055-000000000001,2ae19629-2188-13a3-e055-000000000001,Mallow Rural,Cork North-Central
2ae19629-2189-13a3-e055-000000000001,2ae19629-2189-13a3-e055-000000000001,Mallow South Urban,Cork North-Central
2ae19629-218a-13a3-e055-000000000001,2ae19629-218a-13a3-e055-000000000001,Scart,Cork South-West
2ae19629-218b-13a3-e055-000000000001,2ae19629-218b-13a3-e055-000000000001,Seefin,Cork South-West
2ae19629-218c-13a3-e055-000000000001,2ae19629-218c-13a3-e055-000000000001,Knockrea B,Cork South-Central
2ae19629-218d-13a3-e055-000000000001,2ae19629-218d-13a3-e055-000000000001,Mahon A,Cork South-Central
2ae19629-218e-13a3-e055-000000000001,2ae19629-218e-13a3-e055-000000000001,Mahon B,Cork South-Central
2ae19629-218f-13a3-e055-000000000001,2ae19629-218f-13a3-e055-000000000001,Mahon C,Cork South-Central
2ae19629-2190-13a3-e055-000000000001,2ae19629-2190-13a3-e055-000000000001,Mardyke,Cork South-Central
2ae19629-2191-13a3-e055-000000000001,2ae19629-2191-13a3-e055-000000000001,Mayfield,Cork North-Central
2ae19629-2192-13a3-e055-000000000001,2ae19629-2192-13a3-e055-000000000001,Montenotte A,Cork North-Central
2ae19629-2193-13a3-e055-000000000001,2ae19629-2193-13a3-e055-000000000001,Montenotte B,Cork North-Central
2ae19629-2194-13a3-e055-000000000001,2ae19629-2194-13a3-e055-000000000001,Pouladuff A,Cork South-Central
2ae19629-2195-13a3-e055-000000000001,2ae19629-2195-13a3-e055-000000000001,Pouladuff B,Cork South-Central
2ae19629-2196-13a3-e055-000000000001,2ae19629-2196-13a3-e055-000000000001,Shanakiel,Cork North-Central
2ae19629-2197-13a3-e055-000000000001,2ae19629-2197-13a3-e055-000000000001,Shandon A,Cork North-Central
2ae19629-2198-13a3-e055-000000000001,2ae19629-2198-13a3-e055-000000000001,Shandon B,Cork North-Central
2ae19629-2199-13a3-e055-000000000001,2ae19629-2199-13a3-e055-000000000001,South Gate A,Cork South-Central
2ae19629-219a-13a3-e055-000000000001,2ae19629-219a-13a3-e055-000000000001,South Gate B,Cork South-Central
2ae19629-219b-13a3-e055-000000000001,2ae19629-219b-13a3-e055-000000000001,Kilkerranmore,Cork South-West
2ae19629-219c-13a3-e055-000000000001,2ae19629-219c-13a3-e055-000000000001,Killaconenagh,Cork South-West
2ae19629-219d-13a3-e055-000000000001,2ae19629-219d-13a3-e055-000000000001,Killathy,Cork East
2ae19629-219e-13a3-e055-000000000001,2ae19629-219e-13a3-e055-000000000001,Killeagh,Cork East
2ae19629-219f-13a3-e055-000000000001,2ae19629-219f-13a3-e055-000000000001,Manch,Cork North-West
2ae19629-21a0-13a3-e055-000000000001,2ae19629-21a0-13a3-e055-000000000001,Marshalstown,Cork East
2ae19629-21a1-13a3-e055-000000000001,2ae19629-21a1-13a3-e055-000000000001,Mashanaglass,Cork North-West
2ae19629-21a2-13a3-e055-000000000001,2ae19629-21a2-13a3-e055-000000000001,Shanballymore,Cork East
2ae19629-21a3-13a3-e055-000000000001,2ae19629-21a3-13a3-e055-000000000001,Sheepshead,Cork South-West
2ae19629-21a4-13a3-e055-000000000001,2ae19629-21a4-13a3-e055-000000000001,Shreelane,Cork South-West
2ae19629-21a5-13a3-e055-000000000001,2ae19629-21a5-13a3-e055-000000000001,Skagh,Cork North-West
2ae19629-21a6-13a3-e055-000000000001,2ae19629-21a6-13a3-e055-000000000001,St. Patrick's A,Cork North-Central
2ae19629-21a7-13a3-e055-000000000001,2ae19629-21a7-13a3-e055-000000000001,St. Patrick's B,Cork North-Central
2ae19629-21a8-13a3-e055-000000000001,2ae19629-21a8-13a3-e055-000000000001,St. Patrick's C,Cork North-Central
2ae19629-21a9-13a3-e055-000000000001,2ae19629-21a9-13a3-e055-000000000001,Sunday's Well A,Cork North-Central
2ae19629-21aa-13a3-e055-000000000001,2ae19629-21aa-13a3-e055-000000000001,Sunday's Well B,Cork North-Central
2ae19629-21ab-13a3-e055-000000000001,2ae19629-21ab-13a3-e055-000000000001,The Glen A,Cork North-Central
2ae19629-21ac-13a3-e055-000000000001,2ae19629-21ac-13a3-e055-000000000001,The Glen B,Cork North-Central
2ae19629-21ad-13a3-e055-000000000001,2ae19629-21ad-13a3-e055-000000000001,The Lough,Cork South-Central
2ae19629-21ae-13a3-e055-000000000001,2ae19629-21ae-13a3-e055-000000000001,Tivoli A,Cork North-Central
2ae19629-21af-13a3-e055-000000000001,2ae19629-21af-13a3-e055-000000000001,Tivoli B,Cork North-Central
2ae19629-21b0-13a3-e055-000000000001,2ae19629-21b0-13a3-e055-000000000001,Togher A,Cork South-Central
2ae19629-21b1-13a3-e055-000000000001,2ae19629-21b1-13a3-e055-000000000001,Togher B,Cork South-Central
2ae19629-21b2-13a3-e055-000000000001,2ae19629-21b2-13a3-e055-000000000001,Tramore A,Cork South-Central
2ae19629-21b3-13a3-e055-000000000001,2ae19629-21b3-13a3-e055-000000000001,Tramore B,Cork South-Central
2ae19629-21b4-13a3-e055-000000000001,2ae19629-21b4-13a3-e055-000000000001,Tramore C,Cork South-Central
2ae19629-21b5-13a3-e055-000000000001,2ae19629-21b5-13a3-e055-000000000001,Turner's Cross A,Cork South-Central
2ae19629-21b6-13a3-e055-000000000001,2ae19629-21b6-13a3-e055-000000000001,Turner's Cross B,Cork South-Central
2ae19629-21b7-13a3-e055-000000000001,2ae19629-21b7-13a3-e055-000000000001,Turner's Cross C,Cork South-Central
2ae19629-21b8-13a3-e055-000000000001,2ae19629-21b8-13a3-e055-000000000001,Killeagh,Cork North-Central
2ae19629-21b9-13a3-e055-000000000001,2ae19629-21b9-13a3-e055-000000000001,Killeenleagh,Cork South-West
2ae19629-21ba-13a3-e055-000000000001,2ae19629-21ba-13a3-e055-000000000001,Matehy,Cork North-Central
2ae19629-21bb-13a3-e055-000000000001,2ae19629-21bb-13a3-e055-000000000001,Mealagh,Cork South-West
2ae19629-21bc-13a3-e055-000000000001,2ae19629-21bc-13a3-e055-000000000001,Skahanagh,Cork East
2ae19629-21bd-13a3-e055-000000000001,2ae19629-21bd-13a3-e055-000000000001,Skibbereen Rural,Cork South-West
2ae19629-21be-13a3-e055-000000000001,2ae19629-21be-13a3-e055-000000000001,Skibbereen Urban,Cork South-West
2ae19629-21bf-13a3-e055-000000000001,2ae19629-21bf-13a3-e055-000000000001,Skull,Cork South-West
2ae19629-21c0-13a3-e055-000000000001,2ae19629-21c0-13a3-e055-000000000001,Turner's Cross D,Cork South-Central
2ae19629-21c1-13a3-e055-000000000001,2ae19629-21c1-13a3-e055-000000000001,Altnapaste,Donegal
2ae19629-21c2-13a3-e055-000000000001,2ae19629-21c2-13a3-e055-000000000001,Annagary,Donegal
2ae19629-21c3-13a3-e055-000000000001,2ae19629-21c3-13a3-e055-000000000001,Aran,Donegal
2ae19629-21c4-13a3-e055-000000000001,2ae19629-21c4-13a3-e055-000000000001,Kilmacdonogh,Cork East
2ae19629-21c5-13a3-e055-000000000001,2ae19629-21c5-13a3-e055-000000000001,Kilmaclenine,Cork North-West
2ae19629-21c6-13a3-e055-000000000001,2ae19629-21c6-13a3-e055-000000000001,Meens,Cork North-West
2ae19629-21c7-13a3-e055-000000000001,2ae19629-21c7-13a3-e055-000000000001,Midleton Rural,Cork East
2ae19629-21c8-13a3-e055-000000000001,2ae19629-21c8-13a3-e055-000000000001,Midleton Urban,Cork East
2ae19629-21c9-13a3-e055-000000000001,2ae19629-21c9-13a3-e055-000000000001,Slievereagh,Cork North-West
2ae19629-21ca-13a3-e055-000000000001,2ae19629-21ca-13a3-e055-000000000001,Springfort,Cork North-West
2ae19629-21cb-13a3-e055-000000000001,2ae19629-21cb-13a3-e055-000000000001,St. Mary's (west),Cork North-Central
2ae19629-21cc-13a3-e055-000000000001,2ae19629-21cc-13a3-e055-000000000001,Ardara,Donegal
2ae19629-21cd-13a3-e055-000000000001,2ae19629-21cd-13a3-e055-000000000001,Ardmalin,Donegal
2ae19629-21ce-13a3-e055-000000000001,2ae19629-21ce-13a3-e055-000000000001,Ards,Donegal
2ae19629-21cf-13a3-e055-000000000001,2ae19629-21cf-13a3-e055-000000000001,Ballintra,Sligo-Leitrim
2ae19629-21d0-13a3-e055-000000000001,2ae19629-21d0-13a3-e055-000000000001,Ballintra,Sligo-Leitrim
2ae19629-21d1-13a3-e055-000000000001,2ae19629-21d1-13a3-e055-000000000001,Ballyliffin,Donegal
2ae19629-21d2-13a3-e055-000000000001,2ae19629-21d2-13a3-e055-000000000001,Kilmaloda East,Cork South-West
2ae19629-21d3-13a3-e055-000000000001,2ae19629-21d3-13a3-e055-000000000001,Kilmaloda West,Cork South-West
2ae19629-21d4-13a3-e055-000000000001,2ae19629-21d4-13a3-e055-000000000001,Kilmeen,Cork North-West
2ae19629-21d5-13a3-e055-000000000001,2ae19629-21d5-13a3-e055-000000000001,Milane,Cork South-West
2ae19629-21d6-13a3-e055-000000000001,2ae19629-21d6-13a3-e055-000000000001,Milford,Cork North-West
2ae19629-21d7-13a3-e055-000000000001,2ae19629-21d7-13a3-e055-000000000001,Milltown,Cork North-West
2ae19629-21d8-13a3-e055-000000000001,2ae19629-21d8-13a3-e055-000000000001,Streamhill,Cork North-West
2ae19629-21d9-13a3-e055-000000000001,2ae19629-21d9-13a3-e055-000000000001,Teadies,Cork North-West
2ae19629-21da-13a3-e055-000000000001,2ae19629-21da-13a3-e055-000000000001,Ballyarr,Donegal
2ae19629-21db-13a3-e055-000000000001,2ae19629-21db-13a3-e055-000000000001,Ballymacool,Donegal
2ae19629-21dc-13a3-e055-000000000001,2ae19629-21dc-13a3-e055-000000000001,Ballyshannon Urban,Sligo-Leitrim
2ae19629-21dd-13a3-e055-000000000001,2ae19629-21dd-13a3-e055-000000000001,Kilmonoge,Cork South-West
2ae19629-21de-13a3-e055-000000000001,2ae19629-21de-13a3-e055-000000000001,Kilmoylerane,Cork South-West
2ae19629-21df-13a3-e055-000000000001,2ae19629-21df-13a3-e055-000000000001,Kilnagross,Cork South-West
2ae19629-21e0-13a3-e055-000000000001,2ae19629-21e0-13a3-e055-000000000001,Kilnamanagh,Cork South-West
2ae19629-21e1-13a3-e055-000000000001,2ae19629-21e1-13a3-e055-000000000001,Mitchelstown,Cork East
2ae19629-21e2-13a3-e055-000000000001,2ae19629-21e2-13a3-e055-000000000001,Mogeely,Cork East
2ae19629-21e3-13a3-e055-000000000001,2ae19629-21e3-13a3-e055-000000000001,Teerelton,Cork North-West
2ae19629-21e4-13a3-e055-000000000001,2ae19629-21e4-13a3-e055-000000000001,Templebodan,Cork East
2ae19629-21e5-13a3-e055-000000000001,2ae19629-21e5-13a3-e055-000000000001,Ballyshannon Rural,Sligo-Leitrim
2ae19629-21e6-13a3-e055-000000000001,2ae19629-21e6-13a3-e055-000000000001,Binbane,Donegal
2ae19629-21e7-13a3-e055-000000000001,2ae19629-21e7-13a3-e055-000000000001,Kilnamartery,Cork North-West
2ae19629-21e8-13a3-e055-000000000001,2ae19629-21e8-13a3-e055-000000000001,Kilpatrick,Cork South-Central
2ae19629-21e9-13a3-e055-000000000001,2ae19629-21e9-13a3-e055-000000000001,Kilphelan,Cork East
2ae19629-21ea-13a3-e055-000000000001,2ae19629-21ea-13a3-e055-000000000001,Monanimy,Cork East
2ae19629-21eb-13a3-e055-000000000001,2ae19629-21eb-13a3-e055-000000000001,Monkstown Rural,Cork South-Central
2ae19629-21ec-13a3-e055-000000000001,2ae19629-21ec-13a3-e055-000000000001,Templebreedy,Cork South-Central
2ae19629-21ed-13a3-e055-000000000001,2ae19629-21ed-13a3-e055-000000000001,Templemartin,Cork North-West
2ae19629-21ee-13a3-e055-000000000001,2ae19629-21ee-13a3-e055-000000000001,Birdstown,Donegal
2ae19629-21ef-13a3-e055-000000000001,2ae19629-21ef-13a3-e055-000000000001,Bonnyglen,Donegal
2ae19629-21f0-13a3-e055-000000000001,2ae19629-21f0-13a3-e055-000000000001,Kilshannig,Cork North-West
2ae19629-21f1-13a3-e055-000000000001,2ae19629-21f1-13a3-e055-000000000001,Kilworth,Cork East
2ae19629-21f2-13a3-e055-000000000001,2ae19629-21f2-13a3-e055-000000000001,Mountrivers,Cork North-West
2ae19629-21f3-13a3-e055-000000000001,2ae19629-21f3-13a3-e055-000000000001,Moviddy,Cork North-West
2ae19629-21f4-13a3-e055-000000000001,2ae19629-21f4-13a3-e055-000000000001,Templemary,Cork North-West
2ae19629-21f5-13a3-e055-000000000001,2ae19629-21f5-13a3-e055-000000000001,Templemichael,Cork South-West
2ae19629-21f6-13a3-e055-000000000001,2ae19629-21f6-13a3-e055-000000000001,Templemolaga,Cork East
2ae19629-21f7-13a3-e055-000000000001,2ae19629-21f7-13a3-e055-000000000001,Buncrana Rural,Donegal
2ae19629-21f8-13a3-e055-000000000001,2ae19629-21f8-13a3-e055-000000000001,Buncrana Urban,Donegal
2ae19629-21f9-13a3-e055-000000000001,2ae19629-21f9-13a3-e055-000000000001,Tarbert,Kerry
2ae19629-21fa-13a3-e055-000000000001,2ae19629-21fa-13a3-e055-000000000001,Tarmon,Kerry
2ae19629-21fb-13a3-e055-000000000001,2ae19629-21fb-13a3-e055-000000000001,Fontstown,Kildare South
2ae19629-21fc-13a3-e055-000000000001,2ae19629-21fc-13a3-e055-000000000001,Gilltown,Kildare South
2ae19629-21fd-13a3-e055-000000000001,2ae19629-21fd-13a3-e055-000000000001,Graney,Kildare South
2ae19629-21fe-13a3-e055-000000000001,2ae19629-21fe-13a3-e055-000000000001,Ballyragget,Carlow-Kilkenny
2ae19629-21ff-13a3-e055-000000000001,2ae19629-21ff-13a3-e055-000000000001,Ballyvool,Carlow-Kilkenny
2ae19629-2200-13a3-e055-000000000001,2ae19629-2200-13a3-e055-000000000001,Baunmore,Tipperary North
2ae19629-2201-13a3-e055-000000000001,2ae19629-2201-13a3-e055-000000000001,Kilshenane,Kerry
2ae19629-2202-13a3-e055-000000000001,2ae19629-2202-13a3-e055-000000000001,Kiltallagh,Kerry
2ae19629-2203-13a3-e055-000000000001,2ae19629-2203-13a3-e055-000000000001,Kiltomy,Kerry
2ae19629-2204-13a3-e055-000000000001,2ae19629-2204-13a3-e055-000000000001,Grangemellon,Kildare South
2ae19629-2205-13a3-e055-000000000001,2ae19629-2205-13a3-e055-000000000001,Harristown,Kildare South
2ae19629-2206-13a3-e055-000000000001,2ae19629-2206-13a3-e055-000000000001,Inchaquire,Kildare South
2ae19629-2207-13a3-e055-000000000001,2ae19629-2207-13a3-e055-000000000001,Johnstown,Kildare South
2ae19629-2208-13a3-e055-000000000001,2ae19629-2208-13a3-e055-000000000001,Kildangan,Kildare South
2ae19629-2209-13a3-e055-000000000001,2ae19629-2209-13a3-e055-000000000001,Kildare,Kildare South
2ae19629-220a-13a3-e055-000000000001,2ae19629-220a-13a3-e055-000000000001,Kilkea,Kildare South
2ae19629-220b-13a3-e055-000000000001,2ae19629-220b-13a3-e055-000000000001,Bennettsbridge,Carlow-Kilkenny
2ae19629-220c-13a3-e055-000000000001,2ae19629-220c-13a3-e055-000000000001,Boolyglass,Carlow-Kilkenny
2ae19629-220d-13a3-e055-000000000001,2ae19629-220d-13a3-e055-000000000001,Bramblestown,Carlow-Kilkenny
2ae19629-220e-13a3-e055-000000000001,2ae19629-220e-13a3-e055-000000000001,Brownsford,Carlow-Kilkenny
2ae19629-220f-13a3-e055-000000000001,2ae19629-220f-13a3-e055-000000000001,Kinard,Kerry
2ae19629-2210-13a3-e055-000000000001,2ae19629-2210-13a3-e055-000000000001,Knockglass,Kerry
2ae19629-2211-13a3-e055-000000000001,2ae19629-2211-13a3-e055-000000000001,Kilberry,Kildare South
2ae19629-2212-13a3-e055-000000000001,2ae19629-2212-13a3-e055-000000000001,Kilcock,Kildare North
2ae19629-2213-13a3-e055-000000000001,2ae19629-2213-13a3-e055-000000000001,Kilcullen,Kildare South
2ae19629-2214-13a3-e055-000000000001,2ae19629-2214-13a3-e055-000000000001,Kill,Kildare North
2ae19629-2215-13a3-e055-000000000001,2ae19629-2215-13a3-e055-000000000001,Killashee,Kildare North
2ae19629-2216-13a3-e055-000000000001,2ae19629-2216-13a3-e055-000000000001,Killinthomas,Kildare South
2ae19629-2217-13a3-e055-000000000001,2ae19629-2217-13a3-e055-000000000001,Kilmeage North,Kildare South
2ae19629-2218-13a3-e055-000000000001,2ae19629-2218-13a3-e055-000000000001,Doon,Kerry
2ae19629-2219-13a3-e055-000000000001,2ae19629-2219-13a3-e055-000000000001,Dromin,Kerry
2ae19629-221a-13a3-e055-000000000001,2ae19629-221a-13a3-e055-000000000001,Drommartin,Kerry
2ae19629-221b-13a3-e055-000000000001,2ae19629-221b-13a3-e055-000000000001,Knocknagashel,Kerry
2ae19629-221c-13a3-e055-000000000001,2ae19629-221c-13a3-e055-000000000001,Knocknahoe,Kerry
2ae19629-221d-13a3-e055-000000000001,2ae19629-221d-13a3-e055-000000000001,Teeranearagh,Kerry
2ae19629-221e-13a3-e055-000000000001,2ae19629-221e-13a3-e055-000000000001,Tralee Rural,Kerry
2ae19629-221f-13a3-e055-000000000001,2ae19629-221f-13a3-e055-000000000001,Tralee Urban,Kerry
2ae19629-2220-13a3-e055-000000000001,2ae19629-2220-13a3-e055-000000000001,Kilmeage South,Kildare South
2ae19629-2221-13a3-e055-000000000001,2ae19629-2221-13a3-e055-000000000001,Kilpatrick,Kildare South
2ae19629-2222-13a3-e055-000000000001,2ae19629-2222-13a3-e055-000000000001,Kilrainy,Kildare South
2ae19629-2223-13a3-e055-000000000001,2ae19629-2223-13a3-e055-000000000001,Kilrush,Kildare South
2ae19629-2224-13a3-e055-000000000001,2ae19629-2224-13a3-e055-000000000001,Dromore,Kerry
2ae19629-2225-13a3-e055-000000000001,2ae19629-2225-13a3-e055-000000000001,Duagh,Kerry
2ae19629-2226-13a3-e055-000000000001,2ae19629-2226-13a3-e055-000000000001,Lack,Kerry
2ae19629-2227-13a3-e055-000000000001,2ae19629-2227-13a3-e055-000000000001,Lackabaun,Kerry
2ae19629-2228-13a3-e055-000000000001,2ae19629-2228-13a3-e055-000000000001,Trienearagh,Kerry
2ae19629-2229-13a3-e055-000000000001,2ae19629-2229-13a3-e055-000000000001,Tubrid,Kerry
2ae19629-222a-13a3-e055-000000000001,2ae19629-222a-13a3-e055-000000000001,Urlee,Kerry
2ae19629-222b-13a3-e055-000000000001,2ae19629-222b-13a3-e055-000000000001,Kilteel,Kildare North
2ae19629-222c-13a3-e055-000000000001,2ae19629-222c-13a3-e055-000000000001,Lackagh,Kildare South
2ae19629-222d-13a3-e055-000000000001,2ae19629-222d-13a3-e055-000000000001,Ladytown,Kildare North
2ae19629-222e-13a3-e055-000000000001,2ae19629-222e-13a3-e055-000000000001,Dunloe,Kerry
2ae19629-222f-13a3-e055-000000000001,2ae19629-222f-13a3-e055-000000000001,Dunquin,Kerry
2ae19629-2230-13a3-e055-000000000001,2ae19629-2230-13a3-e055-000000000001,Dunurlin,Kerry
2ae19629-2231-13a3-e055-000000000001,2ae19629-2231-13a3-e055-000000000001,Emlagh,Kerry
2ae19629-2232-13a3-e055-000000000001,2ae19629-2232-13a3-e055-000000000001,Ennismore,Kerry
2ae19629-2233-13a3-e055-000000000001,2ae19629-2233-13a3-e055-000000000001,Flesk,Kerry
2ae19629-2234-13a3-e055-000000000001,2ae19629-2234-13a3-e055-000000000001,Glanbehy,Kerry
2ae19629-2235-13a3-e055-000000000001,2ae19629-2235-13a3-e055-000000000001,Glanlee,Kerry
2ae19629-2236-13a3-e055-000000000001,2ae19629-2236-13a3-e055-000000000001,Lahard,Kerry
2ae19629-2237-13a3-e055-000000000001,2ae19629-2237-13a3-e055-000000000001,Leitrim,Kerry
2ae19629-2238-13a3-e055-000000000001,2ae19629-2238-13a3-e055-000000000001,Lickeen,Kerry
2ae19629-2239-13a3-e055-000000000001,2ae19629-2239-13a3-e055-000000000001,Valencia,Kerry
2ae19629-223a-13a3-e055-000000000001,2ae19629-223a-13a3-e055-000000000001,Ventry,Kerry
2ae19629-223b-13a3-e055-000000000001,2ae19629-223b-13a3-e055-000000000001,Athy Rural,Kildare South
2ae19629-223c-13a3-e055-000000000001,2ae19629-223c-13a3-e055-000000000001,Athy West Urban,Kildare South
2ae19629-223d-13a3-e055-000000000001,2ae19629-223d-13a3-e055-000000000001,Ballaghmoon,Kildare South
2ae19629-223e-13a3-e055-000000000001,2ae19629-223e-13a3-e055-000000000001,Leixlip,Kildare North
2ae19629-223f-13a3-e055-000000000001,2ae19629-223f-13a3-e055-000000000001,Lullymore,Kildare South
2ae19629-2240-13a3-e055-000000000001,2ae19629-2240-13a3-e055-000000000001,Maynooth,Kildare North
2ae19629-2241-13a3-e055-000000000001,2ae19629-2241-13a3-e055-000000000001,Glanlough,Kerry
2ae19629-2242-13a3-e055-000000000001,2ae19629-2242-13a3-e055-000000000001,Glanmore,Kerry
2ae19629-2243-13a3-e055-000000000001,2ae19629-2243-13a3-e055-000000000001,Glinn,Kerry
2ae19629-2244-13a3-e055-000000000001,2ae19629-2244-13a3-e055-000000000001,Gneeves,Kerry
2ae19629-2245-13a3-e055-000000000001,2ae19629-2245-13a3-e055-000000000001,Lislaughtin,Kerry
2ae19629-2246-13a3-e055-000000000001,2ae19629-2246-13a3-e055-000000000001,Lisselton,Kerry
2ae19629-2247-13a3-e055-000000000001,2ae19629-2247-13a3-e055-000000000001,Listowel Rural,Kerry
2ae19629-2248-13a3-e055-000000000001,2ae19629-2248-13a3-e055-000000000001,Ballitore,Kildare South
2ae19629-2249-13a3-e055-000000000001,2ae19629-2249-13a3-e055-000000000001,Ballybrackan,Kildare South
2ae19629-224a-13a3-e055-000000000001,2ae19629-224a-13a3-e055-000000000001,Ballymore Eustace,Kildare South
2ae19629-224b-13a3-e055-000000000001,2ae19629-224b-13a3-e055-000000000001,Ballynadrumny,Kildare North
2ae19629-224c-13a3-e055-000000000001,2ae19629-224c-13a3-e055-000000000001,Monasterevin,Kildare South
2ae19629-224d-13a3-e055-000000000001,2ae19629-224d-13a3-e055-000000000001,Moone,Kildare South
2ae19629-224e-13a3-e055-000000000001,2ae19629-224e-13a3-e055-000000000001,Morristownbiller,Kildare South
2ae19629-224f-13a3-e055-000000000001,2ae19629-224f-13a3-e055-000000000001,Greenane,Kerry
2ae19629-2250-13a3-e055-000000000001,2ae19629-2250-13a3-e055-000000000001,Gullane,Kerry
2ae19629-2251-13a3-e055-000000000001,2ae19629-2251-13a3-e055-000000000001,Gunsborough,Kerry
2ae19629-2252-13a3-e055-000000000001,2ae19629-2252-13a3-e055-000000000001,Listowel Urban,Kerry
2ae19629-2253-13a3-e055-000000000001,2ae19629-2253-13a3-e055-000000000001,Lixnaw,Kerry
2ae19629-2254-13a3-e055-000000000001,2ae19629-2254-13a3-e055-000000000001,Loughbrin,Kerry
2ae19629-2255-13a3-e055-000000000001,2ae19629-2255-13a3-e055-000000000001,Loughcurrane,Kerry
2ae19629-2256-13a3-e055-000000000001,2ae19629-2256-13a3-e055-000000000001,Marhin,Kerry
2ae19629-2257-13a3-e055-000000000001,2ae19629-2257-13a3-e055-000000000001,Ballysax East,Kildare South
2ae19629-2258-13a3-e055-000000000001,2ae19629-2258-13a3-e055-000000000001,Ballysax West,Kildare South
2ae19629-2259-13a3-e055-000000000001,2ae19629-2259-13a3-e055-000000000001,Ballyshannon,Kildare South
2ae19629-225a-13a3-e055-000000000001,2ae19629-225a-13a3-e055-000000000001,Naas Rural,Kildare North
2ae19629-225b-13a3-e055-000000000001,2ae19629-225b-13a3-e055-000000000001,Naas Urban,Kildare North
2ae19629-225c-13a3-e055-000000000001,2ae19629-225c-13a3-e055-000000000001,Narraghmore,Kildare South
2ae19629-225d-13a3-e055-000000000001,2ae19629-225d-13a3-e055-000000000001,Headfort,Kerry
2ae19629-225e-13a3-e055-000000000001,2ae19629-225e-13a3-e055-000000000001,Inch,Kerry
2ae19629-225f-13a3-e055-000000000001,2ae19629-225f-13a3-e055-000000000001,Kenmare,Kerry
2ae19629-2260-13a3-e055-000000000001,2ae19629-2260-13a3-e055-000000000001,Kerryhead,Kerry
2ae19629-2262-13a3-e055-000000000001,2ae19629-2262-13a3-e055-000000000001,Maum,Kerry
2ae19629-2263-13a3-e055-000000000001,2ae19629-2263-13a3-e055-000000000001,Millbrook,Kerry
2ae19629-2264-13a3-e055-000000000001,2ae19629-2264-13a3-e055-000000000001,Balraheen,Kildare North
2ae19629-2265-13a3-e055-000000000001,2ae19629-2265-13a3-e055-000000000001,Belan,Kildare South
2ae19629-2266-13a3-e055-000000000001,2ae19629-2266-13a3-e055-000000000001,Bert,Kildare South
2ae19629-2267-13a3-e055-000000000001,2ae19629-2267-13a3-e055-000000000001,Bodenstown,Kildare North
2ae19629-2268-13a3-e055-000000000001,2ae19629-2268-13a3-e055-000000000001,Newtown,Kildare North
2ae19629-2269-13a3-e055-000000000001,2ae19629-2269-13a3-e055-000000000001,Nurney,Kildare South
2ae19629-226a-13a3-e055-000000000001,2ae19629-226a-13a3-e055-000000000001,Oldconnell,Kildare South
2ae19629-226b-13a3-e055-000000000001,2ae19629-226b-13a3-e055-000000000001,Oughterard,Kildare North
2ae19629-226c-13a3-e055-000000000001,2ae19629-226c-13a3-e055-000000000001,Kilbonane,Kerry
2ae19629-226d-13a3-e055-000000000001,2ae19629-226d-13a3-e055-000000000001,Kilcummin,Kerry
2ae19629-226e-13a3-e055-000000000001,2ae19629-226e-13a3-e055-000000000001,Kilfeighny,Kerry
2ae19629-226f-13a3-e055-000000000001,2ae19629-226f-13a3-e055-000000000001,Kilfelim,Kerry
2ae19629-2270-13a3-e055-000000000001,2ae19629-2270-13a3-e055-000000000001,Milltown,Kerry
2ae19629-2271-13a3-e055-000000000001,2ae19629-2271-13a3-e055-000000000001,Minard,Kerry
2ae19629-2272-13a3-e055-000000000001,2ae19629-2272-13a3-e055-000000000001,Molahiffe,Kerry
2ae19629-2273-13a3-e055-000000000001,2ae19629-2273-13a3-e055-000000000001,Burtown,Kildare South
2ae19629-2274-13a3-e055-000000000001,2ae19629-2274-13a3-e055-000000000001,Cadamstown,Kildare North
2ae19629-2275-13a3-e055-000000000001,2ae19629-2275-13a3-e055-000000000001,Carbury,Kildare South
2ae19629-2276-13a3-e055-000000000001,2ae19629-2276-13a3-e055-000000000001,Pollardstown,Kildare South
2ae19629-2277-13a3-e055-000000000001,2ae19629-2277-13a3-e055-000000000001,Quinsborough,Kildare South
2ae19629-2278-13a3-e055-000000000001,2ae19629-2278-13a3-e055-000000000001,Rathangan,Kildare South
2ae19629-2279-13a3-e055-000000000001,2ae19629-2279-13a3-e055-000000000001,Rathernan,Kildare South
2ae19629-227a-13a3-e055-000000000001,2ae19629-227a-13a3-e055-000000000001,Kilflyn,Kerry
2ae19629-227b-13a3-e055-000000000001,2ae19629-227b-13a3-e055-000000000001,Kilgarrylander,Kerry
2ae19629-227c-13a3-e055-000000000001,2ae19629-227c-13a3-e055-000000000001,Kilgarvan,Kerry
2ae19629-227d-13a3-e055-000000000001,2ae19629-227d-13a3-e055-000000000001,Mount Eagle,Kerry
2ae19629-227e-13a3-e055-000000000001,2ae19629-227e-13a3-e055-000000000001,Moynsha,Kerry
2ae19629-227f-13a3-e055-000000000001,2ae19629-227f-13a3-e055-000000000001,Carnalway,Kildare South
2ae19629-2280-13a3-e055-000000000001,2ae19629-2280-13a3-e055-000000000001,Carragh,Kildare North
2ae19629-2281-13a3-e055-000000000001,2ae19629-2281-13a3-e055-000000000001,Carrick,Kildare South
2ae19629-2282-13a3-e055-000000000001,2ae19629-2282-13a3-e055-000000000001,Rathmore,Kildare North
2ae19629-2283-13a3-e055-000000000001,2ae19629-2283-13a3-e055-000000000001,Robertstown,Kildare South
2ae19629-2284-13a3-e055-000000000001,2ae19629-2284-13a3-e055-000000000001,Skerries,Kildare South
2ae19629-2285-13a3-e055-000000000001,2ae19629-2285-13a3-e055-000000000001,Kilgobban,Kerry
2ae19629-2286-13a3-e055-000000000001,2ae19629-2286-13a3-e055-000000000001,Kilgobnet,Kerry
2ae19629-2287-13a3-e055-000000000001,2ae19629-2287-13a3-e055-000000000001,Killahan,Kerry
2ae19629-2288-13a3-e055-000000000001,2ae19629-2288-13a3-e055-000000000001,Killarney Rural,Kerry
2ae19629-2289-13a3-e055-000000000001,2ae19629-2289-13a3-e055-000000000001,Muckross,Kerry
2ae19629-228a-13a3-e055-000000000001,2ae19629-228a-13a3-e055-000000000001,Newtownsandes,Kerry
2ae19629-228b-13a3-e055-000000000001,2ae19629-228b-13a3-e055-000000000001,Nohaval,Kerry
2ae19629-228c-13a3-e055-000000000001,2ae19629-228c-13a3-e055-000000000001,Carrigeen,Kildare South
2ae19629-228d-13a3-e055-000000000001,2ae19629-228d-13a3-e055-000000000001,Castledermot,Kildare South
2ae19629-228e-13a3-e055-000000000001,2ae19629-228e-13a3-e055-000000000001,Celbridge,Kildare North
2ae19629-228f-13a3-e055-000000000001,2ae19629-228f-13a3-e055-000000000001,Straffan,Kildare North
2ae19629-2290-13a3-e055-000000000001,2ae19629-2290-13a3-e055-000000000001,Thomastown,Kildare South
2ae19629-2291-13a3-e055-000000000001,2ae19629-2291-13a3-e055-000000000001,Timahoe North,Kildare North
2ae19629-2292-13a3-e055-000000000001,2ae19629-2292-13a3-e055-000000000001,Timahoe South,Kildare South
2ae19629-2293-13a3-e055-000000000001,2ae19629-2293-13a3-e055-000000000001,Killarney Urban,Kerry
2ae19629-2294-13a3-e055-000000000001,2ae19629-2294-13a3-e055-000000000001,Killeentierna,Kerry
2ae19629-2295-13a3-e055-000000000001,2ae19629-2295-13a3-e055-000000000001,Killehenny,Kerry
2ae19629-2296-13a3-e055-000000000001,2ae19629-2296-13a3-e055-000000000001,O'brennan,Kerry
2ae19629-2297-13a3-e055-000000000001,2ae19629-2297-13a3-e055-000000000001,Portmagee,Kerry
2ae19629-2298-13a3-e055-000000000001,2ae19629-2298-13a3-e055-000000000001,Churchtown,Kildare South
2ae19629-2299-13a3-e055-000000000001,2ae19629-2299-13a3-e055-000000000001,Clane,Kildare North
2ae19629-229a-13a3-e055-000000000001,2ae19629-229a-13a3-e055-000000000001,Cloncurry,Kildare North
2ae19629-229b-13a3-e055-000000000001,2ae19629-229b-13a3-e055-000000000001,Usk,Kildare South
2ae19629-229c-13a3-e055-000000000001,2ae19629-229c-13a3-e055-000000000001,Windmill Cross,Kildare South
2ae19629-229d-13a3-e055-000000000001,2ae19629-229d-13a3-e055-000000000001,Athy East Urban,Kildare South
2ae19629-229e-13a3-e055-000000000001,2ae19629-229e-13a3-e055-000000000001,Aghaviller,Carlow-Kilkenny
2ae19629-229f-13a3-e055-000000000001,2ae19629-229f-13a3-e055-000000000001,Killinane,Kerry
2ae19629-22a0-13a3-e055-000000000001,2ae19629-22a0-13a3-e055-000000000001,Killorglin,Kerry
2ae19629-22a1-13a3-e055-000000000001,2ae19629-22a1-13a3-e055-000000000001,Killury,Kerry
2ae19629-22a2-13a3-e055-000000000001,2ae19629-22a2-13a3-e055-000000000001,Ratass,Kerry
2ae19629-22a3-13a3-e055-000000000001,2ae19629-22a3-13a3-e055-000000000001,Rathea,Kerry
2ae19629-22a4-13a3-e055-000000000001,2ae19629-22a4-13a3-e055-000000000001,Cloncurry,Kildare South
2ae19629-22a5-13a3-e055-000000000001,2ae19629-22a5-13a3-e055-000000000001,Donadea,Kildare North
2ae19629-22a6-13a3-e055-000000000001,2ae19629-22a6-13a3-e055-000000000001,Donaghcumper,Kildare North
2ae19629-22a7-13a3-e055-000000000001,2ae19629-22a7-13a3-e055-000000000001,Aglish,Carlow-Kilkenny
2ae19629-22a8-13a3-e055-000000000001,2ae19629-22a8-13a3-e055-000000000001,Attanagh,Carlow-Kilkenny
2ae19629-22a9-13a3-e055-000000000001,2ae19629-22a9-13a3-e055-000000000001,Balleen,Tipperary North
2ae19629-22aa-13a3-e055-000000000001,2ae19629-22aa-13a3-e055-000000000001,Kilmalkedar,Kerry
2ae19629-22ab-13a3-e055-000000000001,2ae19629-22ab-13a3-e055-000000000001,Kilmeany,Kerry
2ae19629-22ac-13a3-e055-000000000001,2ae19629-22ac-13a3-e055-000000000001,Rathmore,Kerry
2ae19629-22ad-13a3-e055-000000000001,2ae19629-22ad-13a3-e055-000000000001,Reen,Kerry
2ae19629-22ae-13a3-e055-000000000001,2ae19629-22ae-13a3-e055-000000000001,Rockfield,Kerry
2ae19629-22af-13a3-e055-000000000001,2ae19629-22af-13a3-e055-000000000001,Donore,Kildare North
2ae19629-22b0-13a3-e055-000000000001,2ae19629-22b0-13a3-e055-000000000001,Downings,Kildare North
2ae19629-22b1-13a3-e055-000000000001,2ae19629-22b1-13a3-e055-000000000001,Drehid,Kildare South
2ae19629-22b2-13a3-e055-000000000001,2ae19629-22b2-13a3-e055-000000000001,Droichead Nua (newbridge) Rural,Kildare South
2ae19629-22b3-13a3-e055-000000000001,2ae19629-22b3-13a3-e055-000000000001,Ballinamara,Carlow-Kilkenny
2ae19629-22b4-13a3-e055-000000000001,2ae19629-22b4-13a3-e055-000000000001,Ballincrea,Carlow-Kilkenny
2ae19629-22b5-13a3-e055-000000000001,2ae19629-22b5-13a3-e055-000000000001,Ballybeagh,Tipperary North
2ae19629-22b6-13a3-e055-000000000001,2ae19629-22b6-13a3-e055-000000000001,Kilmurry,Kerry
2ae19629-22b7-13a3-e055-000000000001,2ae19629-22b7-13a3-e055-000000000001,Kilnanare,Kerry
2ae19629-22b8-13a3-e055-000000000001,2ae19629-22b8-13a3-e055-000000000001,Kilquane,Kerry
2ae19629-22b9-13a3-e055-000000000001,2ae19629-22b9-13a3-e055-000000000001,Scartaglin,Kerry
2ae19629-22ba-13a3-e055-000000000001,2ae19629-22ba-13a3-e055-000000000001,Shronowen,Kerry
2ae19629-22bb-13a3-e055-000000000001,2ae19629-22bb-13a3-e055-000000000001,Sneem,Kerry
2ae19629-22bc-13a3-e055-000000000001,2ae19629-22bc-13a3-e055-000000000001,St. Finan's,Kerry
2ae19629-22bd-13a3-e055-000000000001,2ae19629-22bd-13a3-e055-000000000001,Stradbally,Kerry
2ae19629-22be-13a3-e055-000000000001,2ae19629-22be-13a3-e055-000000000001,Tahilla,Kerry
2ae19629-22bf-13a3-e055-000000000001,2ae19629-22bf-13a3-e055-000000000001,Droichead Nua (newbridge) Urban,Kildare South
2ae19629-22c0-13a3-e055-000000000001,2ae19629-22c0-13a3-e055-000000000001,Dunfierth,Kildare North
2ae19629-22c1-13a3-e055-000000000001,2ae19629-22c1-13a3-e055-000000000001,Dunmanoge,Kildare South
2ae19629-22c2-13a3-e055-000000000001,2ae19629-22c2-13a3-e055-000000000001,Dunmurry,Kildare South
2ae19629-22c3-13a3-e055-000000000001,2ae19629-22c3-13a3-e055-000000000001,Feighcullen,Kildare South
2ae19629-22c4-13a3-e055-000000000001,2ae19629-22c4-13a3-e055-000000000001,Ballycallan,Carlow-Kilkenny
2ae19629-22c5-13a3-e055-000000000001,2ae19629-22c5-13a3-e055-000000000001,Ballyconra,Carlow-Kilkenny
2ae19629-22c6-13a3-e055-000000000001,2ae19629-22c6-13a3-e055-000000000001,Ballyhale,Carlow-Kilkenny
2ae19629-22c7-13a3-e055-000000000001,2ae19629-22c7-13a3-e055-000000000001,Curraghbeg,Kerry
2ae19629-22c8-13a3-e055-000000000001,2ae19629-22c8-13a3-e055-000000000001,Curraghmore,Kerry
2ae19629-22c9-13a3-e055-000000000001,2ae19629-22c9-13a3-e055-000000000001,Currans,Kerry
2ae19629-22ca-13a3-e055-000000000001,2ae19629-22ca-13a3-e055-000000000001,Darrynane,Kerry
2ae19629-22cb-13a3-e055-000000000001,2ae19629-22cb-13a3-e055-000000000001,Dawros,Kerry
2ae19629-22cc-13a3-e055-000000000001,2ae19629-22cc-13a3-e055-000000000001,Deelis,Kerry
2ae19629-22cd-13a3-e055-000000000001,2ae19629-22cd-13a3-e055-000000000001,Killeany,Galway East
2ae19629-22ce-13a3-e055-000000000001,2ae19629-22ce-13a3-e055-000000000001,Killeely,Galway East
2ae19629-22cf-13a3-e055-000000000001,2ae19629-22cf-13a3-e055-000000000001,Killeen,Galway East
2ae19629-22d0-13a3-e055-000000000001,2ae19629-22d0-13a3-e055-000000000001,Mounthazel,Galway East
2ae19629-22d1-13a3-e055-000000000001,2ae19629-22d1-13a3-e055-000000000001,Moycullen,Galway West
2ae19629-22d2-13a3-e055-000000000001,2ae19629-22d2-13a3-e055-000000000001,Moyne,Galway East
2ae19629-22d3-13a3-e055-000000000001,2ae19629-22d3-13a3-e055-000000000001,Ballyconry,Kerry
2ae19629-22d4-13a3-e055-000000000001,2ae19629-22d4-13a3-e055-000000000001,Ballyduff,Kerry
2ae19629-22d5-13a3-e055-000000000001,2ae19629-22d5-13a3-e055-000000000001,Ballyduff,Kerry
2ae19629-22d6-13a3-e055-000000000001,2ae19629-22d6-13a3-e055-000000000001,Derreen,Kerry
2ae19629-22d8-13a3-e055-000000000001,2ae19629-22d8-13a3-e055-000000000001,Dingle,Kerry
2ae19629-22d9-13a3-e055-000000000001,2ae19629-22d9-13a3-e055-000000000001,Doocarrig,Kerry
2ae19629-22da-13a3-e055-000000000001,2ae19629-22da-13a3-e055-000000000001,Killeenavarra,Galway East
2ae19629-22db-13a3-e055-000000000001,2ae19629-22db-13a3-e055-000000000001,Killererin,Galway East
2ae19629-22dc-13a3-e055-000000000001,2ae19629-22dc-13a3-e055-000000000001,Moyode,Galway East
2ae19629-22dd-13a3-e055-000000000001,2ae19629-22dd-13a3-e055-000000000001,Moyrus,Galway West
2ae19629-22de-13a3-e055-000000000001,2ae19629-22de-13a3-e055-000000000001,Oatfield,Galway East
2ae19629-22df-13a3-e055-000000000001,2ae19629-22df-13a3-e055-000000000001,Oranmore,Galway West
2ae19629-22e0-13a3-e055-000000000001,2ae19629-22e0-13a3-e055-000000000001,Oughterard,Galway West
2ae19629-22e1-13a3-e055-000000000001,2ae19629-22e1-13a3-e055-000000000001,Owengowla,Galway West
2ae19629-22e2-13a3-e055-000000000001,2ae19629-22e2-13a3-e055-000000000001,Ballyegan,Kerry
2ae19629-22e3-13a3-e055-000000000001,2ae19629-22e3-13a3-e055-000000000001,Ballyegan,Kerry
2ae19629-22e4-13a3-e055-000000000001,2ae19629-22e4-13a3-e055-000000000001,Ballyhar,Kerry
2ae19629-22e5-13a3-e055-000000000001,2ae19629-22e5-13a3-e055-000000000001,Cooloo,Galway East
2ae19629-22e7-13a3-e055-000000000001,2ae19629-22e7-13a3-e055-000000000001,Craughwell,Galway East
2ae19629-22e8-13a3-e055-000000000001,2ae19629-22e8-13a3-e055-000000000001,Killeroran,Roscommon-Galway
2ae19629-22e9-13a3-e055-000000000001,2ae19629-22e9-13a3-e055-000000000001,Killian,Galway East
2ae19629-22ea-13a3-e055-000000000001,2ae19629-22ea-13a3-e055-000000000001,Killimor,Galway East
2ae19629-22eb-13a3-e055-000000000001,2ae19629-22eb-13a3-e055-000000000001,Pallas,Galway East
2ae19629-22ec-13a3-e055-000000000001,2ae19629-22ec-13a3-e055-000000000001,Portumna,Galway East
2ae19629-22ed-13a3-e055-000000000001,2ae19629-22ed-13a3-e055-000000000001,Raford,Galway East
2ae19629-22ee-13a3-e055-000000000001,2ae19629-22ee-13a3-e055-000000000001,Ballyheige,Kerry
2ae19629-22ef-13a3-e055-000000000001,2ae19629-22ef-13a3-e055-000000000001,Ballyhorgan,Kerry
2ae19629-22f0-13a3-e055-000000000001,2ae19629-22f0-13a3-e055-000000000001,Creggs,Roscommon-Galway
2ae19629-22f1-13a3-e055-000000000001,2ae19629-22f1-13a3-e055-000000000001,Crumpaun,Galway West
2ae19629-22f2-13a3-e055-000000000001,2ae19629-22f2-13a3-e055-000000000001,Cummer,Galway East
2ae19629-22f3-13a3-e055-000000000001,2ae19629-22f3-13a3-e055-000000000001,Cur,Galway West
2ae19629-22f4-13a3-e055-000000000001,2ae19629-22f4-13a3-e055-000000000001,Killimor,Galway East
2ae19629-22f5-13a3-e055-000000000001,2ae19629-22f5-13a3-e055-000000000001,Killinny,Galway East
2ae19629-22f6-13a3-e055-000000000001,2ae19629-22f6-13a3-e055-000000000001,Killogilleen,Galway East
2ae19629-22f7-13a3-e055-000000000001,2ae19629-22f7-13a3-e055-000000000001,Killoran,Galway East
2ae19629-22f8-13a3-e055-000000000001,2ae19629-22f8-13a3-e055-000000000001,Rahasane,Galway East
2ae19629-22f9-13a3-e055-000000000001,2ae19629-22f9-13a3-e055-000000000001,Raheen,Galway East
2ae19629-22fa-13a3-e055-000000000001,2ae19629-22fa-13a3-e055-000000000001,Rinvyle,Galway West
2ae19629-22fc-13a3-e055-000000000001,2ae19629-22fc-13a3-e055-000000000001,Roundstone,Galway West
2ae19629-22fd-13a3-e055-000000000001,2ae19629-22fd-13a3-e055-000000000001,Ballynacourty,Kerry
2ae19629-22fe-13a3-e055-000000000001,2ae19629-22fe-13a3-e055-000000000001,Ballynahaglish,Kerry
2ae19629-22ff-13a3-e055-000000000001,2ae19629-22ff-13a3-e055-000000000001,Curraghmore,Galway East
2ae19629-2300-13a3-e055-000000000001,2ae19629-2300-13a3-e055-000000000001,Crump Island,Galway West
2ae19629-2301-13a3-e055-000000000001,2ae19629-2301-13a3-e055-000000000001,Deerpark,Galway East
2ae19629-2302-13a3-e055-000000000001,2ae19629-2302-13a3-e055-000000000001,Derrew,Galway East
2ae19629-2304-13a3-e055-000000000001,2ae19629-2304-13a3-e055-000000000001,Derryglassaun,Galway East
2ae19629-2305-13a3-e055-000000000001,2ae19629-2305-13a3-e055-000000000001,Killower,Galway East
2ae19629-2306-13a3-e055-000000000001,2ae19629-2306-13a3-e055-000000000001,Killure,Roscommon-Galway
2ae19629-2307-13a3-e055-000000000001,2ae19629-2307-13a3-e055-000000000001,Ryehill,Galway East
2ae19629-2308-13a3-e055-000000000001,2ae19629-2308-13a3-e055-000000000001,Scregg,Galway East
2ae19629-2309-13a3-e055-000000000001,2ae19629-2309-13a3-e055-000000000001,Selerna,Galway West
2ae19629-230a-13a3-e055-000000000001,2ae19629-230a-13a3-e055-000000000001,Shankill,Galway East
2ae19629-230b-13a3-e055-000000000001,2ae19629-230b-13a3-e055-000000000001,Sillerna,Galway West
2ae19629-230c-13a3-e055-000000000001,2ae19629-230c-13a3-e055-000000000001,Skannive,Galway West
2ae19629-230d-13a3-e055-000000000001,2ae19629-230d-13a3-e055-000000000001,Ballynorig,Kerry
2ae19629-230e-13a3-e055-000000000001,2ae19629-230e-13a3-e055-000000000001,Ballyseedy,Kerry
2ae19629-230f-13a3-e055-000000000001,2ae19629-230f-13a3-e055-000000000001,Banawn,Kerry
2ae19629-2310-13a3-e055-000000000001,2ae19629-2310-13a3-e055-000000000001,Derrylaur,Galway East
2ae19629-2312-13a3-e055-000000000001,2ae19629-2312-13a3-e055-000000000001,Donaghpatrick,Galway East
2ae19629-2313-13a3-e055-000000000001,2ae19629-2313-13a3-e055-000000000001,Doonbally,Galway East
2ae19629-2314-13a3-e055-000000000001,2ae19629-2314-13a3-e055-000000000001,Doonloughan,Galway West
2ae19629-2315-13a3-e055-000000000001,2ae19629-2315-13a3-e055-000000000001,Killursa,Galway East
2ae19629-2316-13a3-e055-000000000001,2ae19629-2316-13a3-e055-000000000001,Kilmacshane,Galway East
2ae19629-2317-13a3-e055-000000000001,2ae19629-2317-13a3-e055-000000000001,Kilmalinoge,Galway East
2ae19629-2318-13a3-e055-000000000001,2ae19629-2318-13a3-e055-000000000001,Skehanagh,Galway East
2ae19629-2319-13a3-e055-000000000001,2ae19629-2319-13a3-e055-000000000001,Slieveaneena,Galway West
2ae19629-231a-13a3-e055-000000000001,2ae19629-231a-13a3-e055-000000000001,Spiddle,Galway West
2ae19629-231b-13a3-e055-000000000001,2ae19629-231b-13a3-e055-000000000001,Banna,Kerry
2ae19629-231c-13a3-e055-000000000001,2ae19629-231c-13a3-e055-000000000001,Baurtregaum,Kerry
2ae19629-231d-13a3-e055-000000000001,2ae19629-231d-13a3-e055-000000000001,Beal,Kerry
2ae19629-231e-13a3-e055-000000000001,2ae19629-231e-13a3-e055-000000000001,Doorus,Galway East
2ae19629-231f-13a3-e055-000000000001,2ae19629-231f-13a3-e055-000000000001,Drumacoo,Galway East
2ae19629-2320-13a3-e055-000000000001,2ae19629-2320-13a3-e055-000000000001,Drumkeary,Galway East
2ae19629-2321-13a3-e055-000000000001,2ae19629-2321-13a3-e055-000000000001,Drummin,Galway East
2ae19629-2322-13a3-e055-000000000001,2ae19629-2322-13a3-e055-000000000001,Dunmore North,Galway East
2ae19629-2323-13a3-e055-000000000001,2ae19629-2323-13a3-e055-000000000001,Kilmeen,Galway East
2ae19629-2324-13a3-e055-000000000001,2ae19629-2324-13a3-e055-000000000001,Kilmoylan,Galway East
2ae19629-2325-13a3-e055-000000000001,2ae19629-2325-13a3-e055-000000000001,Kilquain,Galway East
2ae19629-2326-13a3-e055-000000000001,2ae19629-2326-13a3-e055-000000000001,Stradbally,Galway East
2ae19629-2327-13a3-e055-000000000001,2ae19629-2327-13a3-e055-000000000001,Taghboy,Roscommon-Galway
2ae19629-2328-13a3-e055-000000000001,2ae19629-2328-13a3-e055-000000000001,Templetogher,Galway East
2ae19629-2329-13a3-e055-000000000001,2ae19629-2329-13a3-e055-000000000001,Blennerville,Kerry
2ae19629-232a-13a3-e055-000000000001,2ae19629-232a-13a3-e055-000000000001,Boolteens,Kerry
2ae19629-232b-13a3-e055-000000000001,2ae19629-232b-13a3-e055-000000000001,Dunmore South,Galway East
2ae19629-232c-13a3-e055-000000000001,2ae19629-232c-13a3-e055-000000000001,Errislannan,Galway West
2ae19629-232d-13a3-e055-000000000001,2ae19629-232d-13a3-e055-000000000001,Eyrecourt,Galway East
2ae19629-232e-13a3-e055-000000000001,2ae19629-232e-13a3-e055-000000000001,Foxhall,Galway East
2ae19629-232f-13a3-e055-000000000001,2ae19629-232f-13a3-e055-000000000001,Kilreekill,Galway East
2ae19629-2330-13a3-e055-000000000001,2ae19629-2330-13a3-e055-000000000001,Kilshanvy,Galway East
2ae19629-2331-13a3-e055-000000000001,2ae19629-2331-13a3-e055-000000000001,Kiltartan,Galway East
2ae19629-2332-13a3-e055-000000000001,2ae19629-2332-13a3-e055-000000000001,Tiaquin,Galway East
2ae19629-2333-13a3-e055-000000000001,2ae19629-2333-13a3-e055-000000000001,Tiranascragh,Galway East
2ae19629-2334-13a3-e055-000000000001,2ae19629-2334-13a3-e055-000000000001,Toberadosh,Galway East
2ae19629-2335-13a3-e055-000000000001,2ae19629-2335-13a3-e055-000000000001,Toberroe,Roscommon-Galway
2ae19629-2336-13a3-e055-000000000001,2ae19629-2336-13a3-e055-000000000001,Brandon,Kerry
2ae19629-2337-13a3-e055-000000000001,2ae19629-2337-13a3-e055-000000000001,Brewsterfield,Kerry
2ae19629-2338-13a3-e055-000000000001,2ae19629-2338-13a3-e055-000000000001,Furbogh,Galway West
2ae19629-2339-13a3-e055-000000000001,2ae19629-2339-13a3-e055-000000000001,Galway Rural,Galway West
2ae19629-233a-13a3-e055-000000000001,2ae19629-233a-13a3-e055-000000000001,Glennamaddy,Galway East
2ae19629-233b-13a3-e055-000000000001,2ae19629-233b-13a3-e055-000000000001,Kilteskill,Galway East
2ae19629-233c-13a3-e055-000000000001,2ae19629-233c-13a3-e055-000000000001,Kilthomas,Galway East
2ae19629-233d-13a3-e055-000000000001,2ae19629-233d-13a3-e055-000000000001,Kiltormer,Galway East
2ae19629-233e-13a3-e055-000000000001,2ae19629-233e-13a3-e055-000000000001,Tuam Rural,Galway East
2ae19629-233f-13a3-e055-000000000001,2ae19629-233f-13a3-e055-000000000001,Tuam Urban,Galway East
2ae19629-2340-13a3-e055-000000000001,2ae19629-2340-13a3-e055-000000000001,Tullokyne,Galway West
2ae19629-2341-13a3-e055-000000000001,2ae19629-2341-13a3-e055-000000000001,Turlough,Galway West
2ae19629-2342-13a3-e055-000000000001,2ae19629-2342-13a3-e055-000000000001,Brosna,Kerry
2ae19629-2343-13a3-e055-000000000001,2ae19629-2343-13a3-e055-000000000001,Caher,Kerry
2ae19629-2344-13a3-e055-000000000001,2ae19629-2344-13a3-e055-000000000001,Caherdaniel,Kerry
2ae19629-2345-13a3-e055-000000000001,2ae19629-2345-13a3-e055-000000000001,Gort,Galway East
2ae19629-2346-13a3-e055-000000000001,2ae19629-2346-13a3-e055-000000000001,Gorumna,Galway West
2ae19629-2347-13a3-e055-000000000001,2ae19629-2347-13a3-e055-000000000001,Graigabbey,Galway East
2ae19629-2348-13a3-e055-000000000001,2ae19629-2348-13a3-e055-000000000001,Grange,Galway East
2ae19629-2349-13a3-e055-000000000001,2ae19629-2349-13a3-e055-000000000001,Kiltullagh,Galway East
2ae19629-234a-13a3-e055-000000000001,2ae19629-234a-13a3-e055-000000000001,Kiltullagh,Galway East
2ae19629-234b-13a3-e055-000000000001,2ae19629-234b-13a3-e055-000000000001,Kinvarra,Galway East
2ae19629-234c-13a3-e055-000000000001,2ae19629-234c-13a3-e055-000000000001,Knockboy,Galway West
2ae19629-234d-13a3-e055-000000000001,2ae19629-234d-13a3-e055-000000000001,Kylemore,Roscommon-Galway
2ae19629-234e-13a3-e055-000000000001,2ae19629-234e-13a3-e055-000000000001,Lackaghbeg,Galway West
2ae19629-234f-13a3-e055-000000000001,2ae19629-234f-13a3-e055-000000000001,Tynagh,Galway East
2ae19629-2350-13a3-e055-000000000001,2ae19629-2350-13a3-e055-000000000001,Woodford,Galway East
2ae19629-2351-13a3-e055-000000000001,2ae19629-2351-13a3-e055-000000000001,Wormhole,Galway West
2ae19629-2353-13a3-e055-000000000001,2ae19629-2353-13a3-e055-000000000001,Cappagh,Kerry
2ae19629-2354-13a3-e055-000000000001,2ae19629-2354-13a3-e055-000000000001,Greethill,Galway East
2ae19629-2355-13a3-e055-000000000001,2ae19629-2355-13a3-e055-000000000001,Headford,Galway East
2ae19629-2356-13a3-e055-000000000001,2ae19629-2356-13a3-e055-000000000001,Hillsbrook,Galway East
2ae19629-2357-13a3-e055-000000000001,2ae19629-2357-13a3-e055-000000000001,Lackalea,Galway East
2ae19629-2358-13a3-e055-000000000001,2ae19629-2358-13a3-e055-000000000001,Laurencetown,Galway East
2ae19629-2359-13a3-e055-000000000001,2ae19629-2359-13a3-e055-000000000001,Leitrim,Galway East
2ae19629-235a-13a3-e055-000000000001,2ae19629-235a-13a3-e055-000000000001,Ballybaan,Galway West
2ae19629-235b-13a3-e055-000000000001,2ae19629-235b-13a3-e055-000000000001,Ballybrit,Galway West
2ae19629-235c-13a3-e055-000000000001,2ae19629-235c-13a3-e055-000000000001,Barna,Galway West
2ae19629-235d-13a3-e055-000000000001,2ae19629-235d-13a3-e055-000000000001,Castlegar,Galway West
2ae19629-235e-13a3-e055-000000000001,2ae19629-235e-13a3-e055-000000000001,Claddagh,Galway West
2ae19629-235f-13a3-e055-000000000001,2ae19629-235f-13a3-e055-000000000001,Dangan,Galway West
2ae19629-2360-13a3-e055-000000000001,2ae19629-2360-13a3-e055-000000000001,Eyre Square,Galway West
2ae19629-2361-13a3-e055-000000000001,2ae19629-2361-13a3-e055-000000000001,Knocknacarragh,Galway West
2ae19629-2362-13a3-e055-000000000001,2ae19629-2362-13a3-e055-000000000001,Carker,Kerry
2ae19629-2363-13a3-e055-000000000001,2ae19629-2363-13a3-e055-000000000001,Caragh,Kerry
2ae19629-2364-13a3-e055-000000000001,2ae19629-2364-13a3-e055-000000000001,Carrig,Kerry
2ae19629-2365-13a3-e055-000000000001,2ae19629-2365-13a3-e055-000000000001,Castlecove,Kerry
2ae19629-2366-13a3-e055-000000000001,2ae19629-2366-13a3-e055-000000000001,Castlegregory,Kerry
2ae19629-2367-13a3-e055-000000000001,2ae19629-2367-13a3-e055-000000000001,Illion,Galway West
2ae19629-2368-13a3-e055-000000000001,2ae19629-2368-13a3-e055-000000000001,Inishbofin,Galway West
2ae19629-2369-13a3-e055-000000000001,2ae19629-2369-13a3-e055-000000000001,Inishmore,Galway West
2ae19629-236a-13a3-e055-000000000001,2ae19629-236a-13a3-e055-000000000001,Island,Roscommon-Galway
2ae19629-236b-13a3-e055-000000000001,2ae19629-236b-13a3-e055-000000000001,Letterbrickaun,Galway West
2ae19629-236c-13a3-e055-000000000001,2ae19629-236c-13a3-e055-000000000001,Letterfore,Galway West
2ae19629-236d-13a3-e055-000000000001,2ae19629-236d-13a3-e055-000000000001,Lettermore,Galway West
2ae19629-236e-13a3-e055-000000000001,2ae19629-236e-13a3-e055-000000000001,Levally,Galway East
2ae19629-236f-13a3-e055-000000000001,2ae19629-236f-13a3-e055-000000000001,Lough Atalia,Galway West
2ae19629-2370-13a3-e055-000000000001,2ae19629-2370-13a3-e055-000000000001,Menlough,Galway West
2ae19629-2371-13a3-e055-000000000001,2ae19629-2371-13a3-e055-000000000001,Mervue,Galway West
2ae19629-2372-13a3-e055-000000000001,2ae19629-2372-13a3-e055-000000000001,Murroogh,Galway West
2ae19629-2373-13a3-e055-000000000001,2ae19629-2373-13a3-e055-000000000001,Newcastle,Galway West
2ae19629-2374-13a3-e055-000000000001,2ae19629-2374-13a3-e055-000000000001,Nuns Island,Galway West
2ae19629-2375-13a3-e055-000000000001,2ae19629-2375-13a3-e055-000000000001,Rahoon,Galway West
2ae19629-2376-13a3-e055-000000000001,2ae19629-2376-13a3-e055-000000000001,Renmore,Galway West
2ae19629-2377-13a3-e055-000000000001,2ae19629-2377-13a3-e055-000000000001,Rockbarton,Galway West
2ae19629-2378-13a3-e055-000000000001,2ae19629-2378-13a3-e055-000000000001,Castleisland,Kerry
2ae19629-2379-13a3-e055-000000000001,2ae19629-2379-13a3-e055-000000000001,Castlequin,Kerry
2ae19629-237a-13a3-e055-000000000001,2ae19629-237a-13a3-e055-000000000001,Causeway,Kerry
2ae19629-237b-13a3-e055-000000000001,2ae19629-237b-13a3-e055-000000000001,Kellysgrove,Roscommon-Galway
2ae19629-237c-13a3-e055-000000000001,2ae19629-237c-13a3-e055-000000000001,Kilbeacanty,Galway East
2ae19629-237d-13a3-e055-000000000001,2ae19629-237d-13a3-e055-000000000001,Kilbennan,Galway East
2ae19629-237e-13a3-e055-000000000001,2ae19629-237e-13a3-e055-000000000001,Liscananaun,Galway West
2ae19629-237f-13a3-e055-000000000001,2ae19629-237f-13a3-e055-000000000001,Lisheenavalla,Galway West
2ae19629-2380-13a3-e055-000000000001,2ae19629-2380-13a3-e055-000000000001,Lismanny,Roscommon-Galway
2ae19629-2382-13a3-e055-000000000001,2ae19629-2382-13a3-e055-000000000001,Salthill,Galway West
2ae19629-2383-13a3-e055-000000000001,2ae19629-2383-13a3-e055-000000000001,Shantalla,Galway West
2ae19629-2384-13a3-e055-000000000001,2ae19629-2384-13a3-e055-000000000001,St. Nicholas,Galway West
2ae19629-2385-13a3-e055-000000000001,2ae19629-2385-13a3-e055-000000000001,Taylors Hill,Galway West
2ae19629-2386-13a3-e055-000000000001,2ae19629-2386-13a3-e055-000000000001,Wellpark,Galway West
2ae19629-2387-13a3-e055-000000000001,2ae19629-2387-13a3-e055-000000000001,Abbeydorney,Kerry
2ae19629-2388-13a3-e055-000000000001,2ae19629-2388-13a3-e055-000000000001,Aghadoe,Kerry
2ae19629-2389-13a3-e055-000000000001,2ae19629-2389-13a3-e055-000000000001,Churchtown,Kerry
2ae19629-238a-13a3-e055-000000000001,2ae19629-238a-13a3-e055-000000000001,Cloghane,Kerry
2ae19629-238b-13a3-e055-000000000001,2ae19629-238b-13a3-e055-000000000001,Kilchreest,Galway East
2ae19629-238c-13a3-e055-000000000001,2ae19629-238c-13a3-e055-000000000001,Kilconickny,Galway East
2ae19629-238d-13a3-e055-000000000001,2ae19629-238d-13a3-e055-000000000001,Loughrea Rural,Galway East
2ae19629-238e-13a3-e055-000000000001,2ae19629-238e-13a3-e055-000000000001,Loughrea Urban,Galway East
2ae19629-2390-13a3-e055-000000000001,2ae19629-2390-13a3-e055-000000000001,Aglish,Kerry
2ae19629-2391-13a3-e055-000000000001,2ae19629-2391-13a3-e055-000000000001,Arabela,Kerry
2ae19629-2392-13a3-e055-000000000001,2ae19629-2392-13a3-e055-000000000001,Ardagh,Kerry
2ae19629-2393-13a3-e055-000000000001,2ae19629-2393-13a3-e055-000000000001,Ardea,Kerry
2ae19629-2394-13a3-e055-000000000001,2ae19629-2394-13a3-e055-000000000001,Clogherbrien,Kerry
2ae19629-2396-13a3-e055-000000000001,2ae19629-2396-13a3-e055-000000000001,Cloontubbrid,Kerry
2ae19629-2397-13a3-e055-000000000001,2ae19629-2397-13a3-e055-000000000001,Kilconierin,Galway East
2ae19629-2398-13a3-e055-000000000001,2ae19629-2398-13a3-e055-000000000001,Kilconnell,Galway East
2ae19629-2399-13a3-e055-000000000001,2ae19629-2399-13a3-e055-000000000001,Kilcoona,Galway East
2ae19629-239a-13a3-e055-000000000001,2ae19629-239a-13a3-e055-000000000001,Meelick,Galway East
2ae19629-239b-13a3-e055-000000000001,2ae19629-239b-13a3-e055-000000000001,Milltown,Galway East
2ae19629-239c-13a3-e055-000000000001,2ae19629-239c-13a3-e055-000000000001,Moat,Galway East
2ae19629-239d-13a3-e055-000000000001,2ae19629-239d-13a3-e055-000000000001,Ardfert,Kerry
2ae19629-239e-13a3-e055-000000000001,2ae19629-239e-13a3-e055-000000000001,Astee,Kerry
2ae19629-239f-13a3-e055-000000000001,2ae19629-239f-13a3-e055-000000000001,Bahaghs,Kerry
2ae19629-23a0-13a3-e055-000000000001,2ae19629-23a0-13a3-e055-000000000001,Clydagh,Kerry
2ae19629-23a1-13a3-e055-000000000001,2ae19629-23a1-13a3-e055-000000000001,Coolies,Kerry
2ae19629-23a2-13a3-e055-000000000001,2ae19629-23a2-13a3-e055-000000000001,Coom,Kerry
2ae19629-23a3-13a3-e055-000000000001,2ae19629-23a3-13a3-e055-000000000001,Kilcroan,Roscommon-Galway
2ae19629-23a4-13a3-e055-000000000001,2ae19629-23a4-13a3-e055-000000000001,Kilcummin,Galway West
2ae19629-23a5-13a3-e055-000000000001,2ae19629-23a5-13a3-e055-000000000001,Kilcummin,Galway West
2ae19629-23a6-13a3-e055-000000000001,2ae19629-23a6-13a3-e055-000000000001,Killaan,Galway East
2ae19629-23a7-13a3-e055-000000000001,2ae19629-23a7-13a3-e055-000000000001,Killallaghtan,Galway East
2ae19629-23a8-13a3-e055-000000000001,2ae19629-23a8-13a3-e055-000000000001,Killannin,Galway West
2ae19629-23a9-13a3-e055-000000000001,2ae19629-23a9-13a3-e055-000000000001,Monivea,Galway East
2ae19629-23aa-13a3-e055-000000000001,2ae19629-23aa-13a3-e055-000000000001,Mount Bellew,Galway East
2ae19629-23ab-13a3-e055-000000000001,2ae19629-23ab-13a3-e055-000000000001,Mountain,Galway East
2ae19629-23ac-13a3-e055-000000000001,2ae19629-23ac-13a3-e055-000000000001,Ballincloher,Kerry
2ae19629-23ad-13a3-e055-000000000001,2ae19629-23ad-13a3-e055-000000000001,Ballinskelligs,Kerry
2ae19629-23ae-13a3-e055-000000000001,2ae19629-23ae-13a3-e055-000000000001,Ballinvoher,Kerry
2ae19629-23af-13a3-e055-000000000001,2ae19629-23af-13a3-e055-000000000001,Ballybrack,Kerry
2ae19629-23b0-13a3-e055-000000000001,2ae19629-23b0-13a3-e055-000000000001,Cordal,Kerry
2ae19629-23b1-13a3-e055-000000000001,2ae19629-23b1-13a3-e055-000000000001,Crinny,Kerry
2ae19629-23b2-13a3-e055-000000000001,2ae19629-23b2-13a3-e055-000000000001,Kilkenny Rural,Carlow-Kilkenny
2ae19629-23b3-13a3-e055-000000000001,2ae19629-23b3-13a3-e055-000000000001,Kilkieran,Carlow-Kilkenny
2ae19629-23b4-13a3-e055-000000000001,2ae19629-23b4-13a3-e055-000000000001,Woolengrange,Carlow-Kilkenny
2ae19629-23b5-13a3-e055-000000000001,2ae19629-23b5-13a3-e055-000000000001,Killahy,Carlow-Kilkenny
2ae19629-23b6-13a3-e055-000000000001,2ae19629-23b6-13a3-e055-000000000001,Killamery,Carlow-Kilkenny
2ae19629-23b7-13a3-e055-000000000001,2ae19629-23b7-13a3-e055-000000000001,Kilmacar,Carlow-Kilkenny
2ae19629-23b8-13a3-e055-000000000001,2ae19629-23b8-13a3-e055-000000000001,Burnchurch,Carlow-Kilkenny
2ae19629-23b9-13a3-e055-000000000001,2ae19629-23b9-13a3-e055-000000000001,Callan Rural,Carlow-Kilkenny
2ae19629-23ba-13a3-e055-000000000001,2ae19629-23ba-13a3-e055-000000000001,Callan Urban,Carlow-Kilkenny
2ae19629-23bb-13a3-e055-000000000001,2ae19629-23bb-13a3-e055-000000000001,Castlebanny,Carlow-Kilkenny
2ae19629-23bc-13a3-e055-000000000001,2ae19629-23bc-13a3-e055-000000000001,Kilmaganny,Carlow-Kilkenny
2ae19629-23bd-13a3-e055-000000000001,2ae19629-23bd-13a3-e055-000000000001,Kilmakevoge,Carlow-Kilkenny
2ae19629-23be-13a3-e055-000000000001,2ae19629-23be-13a3-e055-000000000001,Kilmanagh,Carlow-Kilkenny
2ae19629-23bf-13a3-e055-000000000001,2ae19629-23bf-13a3-e055-000000000001,Castlecomer,Carlow-Kilkenny
2ae19629-23c0-13a3-e055-000000000001,2ae19629-23c0-13a3-e055-000000000001,Castlegannon,Carlow-Kilkenny
2ae19629-23c1-13a3-e055-000000000001,2ae19629-23c1-13a3-e055-000000000001,Clara,Carlow-Kilkenny
2ae19629-23c2-13a3-e055-000000000001,2ae19629-23c2-13a3-e055-000000000001,Kiltorcan,Carlow-Kilkenny
2ae19629-23c3-13a3-e055-000000000001,2ae19629-23c3-13a3-e055-000000000001,Knocktopher,Carlow-Kilkenny
2ae19629-23c4-13a3-e055-000000000001,2ae19629-23c4-13a3-e055-000000000001,Lisdowney,Tipperary North
2ae19629-23c5-13a3-e055-000000000001,2ae19629-23c5-13a3-e055-000000000001,Clogh,Carlow-Kilkenny
2ae19629-23c6-13a3-e055-000000000001,2ae19629-23c6-13a3-e055-000000000001,Clogharinka,Carlow-Kilkenny
2ae19629-23c7-13a3-e055-000000000001,2ae19629-23c7-13a3-e055-000000000001,Listerlin,Carlow-Kilkenny
2ae19629-23c8-13a3-e055-000000000001,2ae19629-23c8-13a3-e055-000000000001,Mallardstown,Carlow-Kilkenny
2ae19629-23c9-13a3-e055-000000000001,2ae19629-23c9-13a3-e055-000000000001,Moneenroe,Carlow-Kilkenny
2ae19629-23ca-13a3-e055-000000000001,2ae19629-23ca-13a3-e055-000000000001,Mothell,Carlow-Kilkenny
2ae19629-23cb-13a3-e055-000000000001,2ae19629-23cb-13a3-e055-000000000001,Clomantagh,Tipperary North
2ae19629-23cc-13a3-e055-000000000001,2ae19629-23cc-13a3-e055-000000000001,Coolaghmore,Carlow-Kilkenny
2ae19629-23cd-13a3-e055-000000000001,2ae19629-23cd-13a3-e055-000000000001,Coolcraheen,Carlow-Kilkenny
2ae19629-23ce-13a3-e055-000000000001,2ae19629-23ce-13a3-e055-000000000001,Muckalee,Carlow-Kilkenny
2ae19629-23cf-13a3-e055-000000000001,2ae19629-23cf-13a3-e055-000000000001,Muckalee,Carlow-Kilkenny
2ae19629-23d0-13a3-e055-000000000001,2ae19629-23d0-13a3-e055-000000000001,Odagh,Carlow-Kilkenny
2ae19629-23d1-13a3-e055-000000000001,2ae19629-23d1-13a3-e055-000000000001,Outrath,Carlow-Kilkenny
2ae19629-23d2-13a3-e055-000000000001,2ae19629-23d2-13a3-e055-000000000001,Coolhill,Carlow-Kilkenny
2ae19629-23d3-13a3-e055-000000000001,2ae19629-23d3-13a3-e055-000000000001,Danesfort,Carlow-Kilkenny
2ae19629-23d4-13a3-e055-000000000001,2ae19629-23d4-13a3-e055-000000000001,Dunbell,Carlow-Kilkenny
2ae19629-23d5-13a3-e055-000000000001,2ae19629-23d5-13a3-e055-000000000001,Dunkitt,Carlow-Kilkenny
2ae19629-23d6-13a3-e055-000000000001,2ae19629-23d6-13a3-e055-000000000001,Paulstown,Carlow-Kilkenny
2ae19629-23d7-13a3-e055-000000000001,2ae19629-23d7-13a3-e055-000000000001,Pilltown,Carlow-Kilkenny
2ae19629-23d8-13a3-e055-000000000001,2ae19629-23d8-13a3-e055-000000000001,Pleberstown,Carlow-Kilkenny
2ae19629-23d9-13a3-e055-000000000001,2ae19629-23d9-13a3-e055-000000000001,Dunmore,Carlow-Kilkenny
2ae19629-23da-13a3-e055-000000000001,2ae19629-23da-13a3-e055-000000000001,Dunnamaggan,Carlow-Kilkenny
2ae19629-23db-13a3-e055-000000000001,2ae19629-23db-13a3-e055-000000000001,Dysartmoon,Carlow-Kilkenny
2ae19629-23dc-13a3-e055-000000000001,2ae19629-23dc-13a3-e055-000000000001,Pollrone,Carlow-Kilkenny
2ae19629-23dd-13a3-e055-000000000001,2ae19629-23dd-13a3-e055-000000000001,Portnascully,Carlow-Kilkenny
2ae19629-23de-13a3-e055-000000000001,2ae19629-23de-13a3-e055-000000000001,Powerstown,Carlow-Kilkenny
2ae19629-23df-13a3-e055-000000000001,2ae19629-23df-13a3-e055-000000000001,Earlstown,Carlow-Kilkenny
2ae19629-23e0-13a3-e055-000000000001,2ae19629-23e0-13a3-e055-000000000001,Ennisnag,Carlow-Kilkenny
2ae19629-23e1-13a3-e055-000000000001,2ae19629-23e1-13a3-e055-000000000001,Famma,Carlow-Kilkenny
2ae19629-23e2-13a3-e055-000000000001,2ae19629-23e2-13a3-e055-000000000001,Rathbeagh,Carlow-Kilkenny
2ae19629-23e3-13a3-e055-000000000001,2ae19629-23e3-13a3-e055-000000000001,Rathcoole,Carlow-Kilkenny
2ae19629-23e4-13a3-e055-000000000001,2ae19629-23e4-13a3-e055-000000000001,Rathealy,Tipperary North
2ae19629-23e5-13a3-e055-000000000001,2ae19629-23e5-13a3-e055-000000000001,Rathpatrick,Carlow-Kilkenny
2ae19629-23e6-13a3-e055-000000000001,2ae19629-23e6-13a3-e055-000000000001,Farnoge,Carlow-Kilkenny
2ae19629-23e7-13a3-e055-000000000001,2ae19629-23e7-13a3-e055-000000000001,Fiddown,Carlow-Kilkenny
2ae19629-23e8-13a3-e055-000000000001,2ae19629-23e8-13a3-e055-000000000001,Freaghana,Carlow-Kilkenny
2ae19629-23e9-13a3-e055-000000000001,2ae19629-23e9-13a3-e055-000000000001,Rosbercon Rural,Carlow-Kilkenny
2ae19629-23ea-13a3-e055-000000000001,2ae19629-23ea-13a3-e055-000000000001,Rossinan,Carlow-Kilkenny
2ae19629-23eb-13a3-e055-000000000001,2ae19629-23eb-13a3-e055-000000000001,Scotsborough,Carlow-Kilkenny
2ae19629-23ec-13a3-e055-000000000001,2ae19629-23ec-13a3-e055-000000000001,Freshford,Tipperary North
2ae19629-23ed-13a3-e055-000000000001,2ae19629-23ed-13a3-e055-000000000001,Galmoy,Tipperary North
2ae19629-23ee-13a3-e055-000000000001,2ae19629-23ee-13a3-e055-000000000001,Shanbogh,Carlow-Kilkenny
2ae19629-23ef-13a3-e055-000000000001,2ae19629-23ef-13a3-e055-000000000001,Shankill,Carlow-Kilkenny
2ae19629-23f0-13a3-e055-000000000001,2ae19629-23f0-13a3-e055-000000000001,Glashare,Tipperary North
2ae19629-23f1-13a3-e055-000000000001,2ae19629-23f1-13a3-e055-000000000001,Goresbridge,Carlow-Kilkenny
2ae19629-23f2-13a3-e055-000000000001,2ae19629-23f2-13a3-e055-000000000001,Gowran,Carlow-Kilkenny
2ae19629-23f3-13a3-e055-000000000001,2ae19629-23f3-13a3-e055-000000000001,St. Canice,Carlow-Kilkenny
2ae19629-23f4-13a3-e055-000000000001,2ae19629-23f4-13a3-e055-000000000001,Stonyford,Carlow-Kilkenny
2ae19629-23f5-13a3-e055-000000000001,2ae19629-23f5-13a3-e055-000000000001,Templeorum,Carlow-Kilkenny
2ae19629-23f6-13a3-e055-000000000001,2ae19629-23f6-13a3-e055-000000000001,Graiguenamanagh,Carlow-Kilkenny
2ae19629-23f7-13a3-e055-000000000001,2ae19629-23f7-13a3-e055-000000000001,Grange,Carlow-Kilkenny
2ae19629-23f8-13a3-e055-000000000001,2ae19629-23f8-13a3-e055-000000000001,Inistioge,Carlow-Kilkenny
2ae19629-23f9-13a3-e055-000000000001,2ae19629-23f9-13a3-e055-000000000001,The Rower,Carlow-Kilkenny
2ae19629-23fa-13a3-e055-000000000001,2ae19629-23fa-13a3-e055-000000000001,Thomastown,Carlow-Kilkenny
2ae19629-23fb-13a3-e055-000000000001,2ae19629-23fb-13a3-e055-000000000001,Tiscoffin,Carlow-Kilkenny
2ae19629-23fc-13a3-e055-000000000001,2ae19629-23fc-13a3-e055-000000000001,Jerpoint Church,Carlow-Kilkenny
2ae19629-23fd-13a3-e055-000000000001,2ae19629-23fd-13a3-e055-000000000001,Jerpoint West,Carlow-Kilkenny
2ae19629-23fe-13a3-e055-000000000001,2ae19629-23fe-13a3-e055-000000000001,Johnstown,Tipperary North
2ae19629-23ff-13a3-e055-000000000001,2ae19629-23ff-13a3-e055-000000000001,Tubbrid,Carlow-Kilkenny
2ae19629-2400-13a3-e055-000000000001,2ae19629-2400-13a3-e055-000000000001,Tubbridbrittain,Tipperary North
2ae19629-2401-13a3-e055-000000000001,2ae19629-2401-13a3-e055-000000000001,Tullaghanbrogue,Carlow-Kilkenny
2ae19629-2402-13a3-e055-000000000001,2ae19629-2402-13a3-e055-000000000001,Kells,Carlow-Kilkenny
2ae19629-2403-13a3-e055-000000000001,2ae19629-2403-13a3-e055-000000000001,Kilbeacon,Carlow-Kilkenny
2ae19629-2404-13a3-e055-000000000001,2ae19629-2404-13a3-e055-000000000001,Kilbride,Carlow-Kilkenny
2ae19629-2405-13a3-e055-000000000001,2ae19629-2405-13a3-e055-000000000001,Tullaherin,Carlow-Kilkenny
2ae19629-2406-13a3-e055-000000000001,2ae19629-2406-13a3-e055-000000000001,Tullahought,Carlow-Kilkenny
2ae19629-2407-13a3-e055-000000000001,2ae19629-2407-13a3-e055-000000000001,Tullaroan,Tipperary North
2ae19629-2408-13a3-e055-000000000001,2ae19629-2408-13a3-e055-000000000001,Kilcolumb,Carlow-Kilkenny
2ae19629-2409-13a3-e055-000000000001,2ae19629-2409-13a3-e055-000000000001,Kilculliheen,Carlow-Kilkenny
2ae19629-240a-13a3-e055-000000000001,2ae19629-240a-13a3-e055-000000000001,Kilfane,Carlow-Kilkenny
2ae19629-240b-13a3-e055-000000000001,2ae19629-240b-13a3-e055-000000000001,Kilkeasy,Carlow-Kilkenny
2ae19629-240c-13a3-e055-000000000001,2ae19629-240c-13a3-e055-000000000001,Kilkenny No. 1 Urban,Carlow-Kilkenny
2ae19629-240d-13a3-e055-000000000001,2ae19629-240d-13a3-e055-000000000001,Kilkenny No. 2 Urban,Carlow-Kilkenny
2ae19629-240e-13a3-e055-000000000001,2ae19629-240e-13a3-e055-000000000001,Ullard,Carlow-Kilkenny
2ae19629-240f-13a3-e055-000000000001,2ae19629-240f-13a3-e055-000000000001,Ullid,Carlow-Kilkenny
2ae19629-2410-13a3-e055-000000000001,2ae19629-2410-13a3-e055-000000000001,Urlingford,Tipperary North
2ae19629-2411-13a3-e055-000000000001,2ae19629-2411-13a3-e055-000000000001,Whitechurch,Carlow-Kilkenny
2ae19749-1f5b-13a3-e055-300000000001,2ae19749-1f5b-13a3-e055-300000000001,Ballincollig,Cork North-Central
2ae19759-1f5b-13a3-e055-400000000001,2ae19759-1f5b-13a3-e055-400000000001,Whitechurch,Cork North-Central
2ae19769-1f5b-13a3-e055-500000000001,2ae19769-1f5b-13a3-e055-500000000001,Matehy,Cork North-Central
2ae19779-1f5b-13a3-e055-600000000001,2ae19779-1f5b-13a3-e055-600000000001,Rathcooney,Cork North-Central
2ae19789-1f5b-13a3-e055-700000000001,2ae19789-1f5b-13a3-e055-700000000001,Blarney,Cork North-Central
2ae19809-1f5b-13a3-e055-900000000001,2ae19809-1f5b-13a3-e055-900000000001,Inishkenny,Cork South-Central
2ae19819-1f5b-13a3-e055-110000000001,2ae19819-1f5b-13a3-e055-110000000001,Ovens,Cork North-West
2ae19849-1f5b-13a3-e055-140000000001,2ae19849-1f5b-13a3-e055-140000000001,Carrigrohanebeg,Cork North-Central
316a25a0-f7b6-4d01-b188-5efd7bd804c5,316a25a0-f7b6-4d01-b188-5efd7bd804c5,Ballygarvan/Lehenagh,Cork South-Central
396b71f0-9c69-422b-84df-e2ec984a6b49,396b71f0-9c69-422b-84df-e2ec984a6b49,Sheskin/Bunaveela/Glenco,Mayo
474c0dcb-9782-425a-b173-468d6e8de86e,474c0dcb-9782-425a-b173-468d6e8de86e,Inishcaltra South/Inishcaltra North,Clare
51c9d4b9-75dd-4621-9ef7-f06ff3f5e11d,51c9d4b9-75dd-4621-9ef7-f06ff3f5e11d,Firry/Newgrove,Longford-Westmeath
52b67420-9925-451f-8d49-872af209226e,52b67420-9925-451f-8d49-872af209226e,Ballybeg South/Ballynaneashagh,Waterford
591bceee-1721-4c8d-865f-1e0bd869b6ad,591bceee-1721-4c8d-865f-1e0bd869b6ad,Carrigaline/Monkstown Rural/Douglas,Cork South-Central
60df415c-3e8d-4147-9d5f-2524194c8d6c,60df415c-3e8d-4147-9d5f-2524194c8d6c,Capard/Brisha,Laois
67112637-b544-4b5c-b9fa-02e36d6f26b7,67112637-b544-4b5c-b9fa-02e36d6f26b7,Esker/Ballaghassaan,Offaly
6a372d28-f5c8-4acc-b237-4f7bb4a9ad53,6a372d28-f5c8-4acc-b237-4f7bb4a9ad53,Whiddy/Bantry Rural,Cork South-West
6b896afd-b53d-4ebc-bd6e-0154e333b3af,6b896afd-b53d-4ebc-bd6e-0154e333b3af,St. Mary's (east),Cork North-Central
759f966a-c2c8-4bea-a71d-5e9c2d452553,759f966a-c2c8-4bea-a71d-5e9c2d452553,Loughil,Sligo-Leitrim
7c85cece-22eb-4ebb-8d1f-9c0f734eaea8,7c85cece-22eb-4ebb-8d1f-9c0f734eaea8,Douglas/Lehenagh,Cork South-Central
7d09d455-0fac-4a81-a63b-1b8dbe0d62b1,7d09d455-0fac-4a81-a63b-1b8dbe0d62b1,Owennadornaun/Bundorragha,Mayo
842865f1-99a8-46b1-8460-28a9e20b0d17,842865f1-99a8-46b1-8460-28a9e20b0d17,Derriana/Cloon,Kerry
869b3460-81b8-43ea-b965-9e0df9601878,869b3460-81b8-43ea-b965-9e0df9601878,Lisgarve/Mantua,Roscommon-Galway
922546d5-3ff0-4121-bfc2-ddab853e004a,922546d5-3ff0-4121-bfc2-ddab853e004a,Lough Allen/Altagowlan,Roscommon-Galway
92a3af93-8212-46b6-9978-852f51bdf3c6,92a3af93-8212-46b6-9978-852f51bdf3c6,Lackagh/Greenhall,Tipperary North
94b26e15-6ed2-44c2-a0b0-207c369a2da8,94b26e15-6ed2-44c2-a0b0-207c369a2da8,Shankill-Rathsallagh,Dún Laoghaire
a74249fa-0039-4f59-ad83-53fe986ff7bf,a74249fa-0039-4f59-ad83-53fe986ff7bf,Greaghglass/Stralongford,Sligo-Leitrim
b166391f-eb14-47de-a3eb-9c2516e63687,b166391f-eb14-47de-a3eb-9c2516e63687,Aghanlish/Aghalateeve,Sligo-Leitrim
c62169df-44fc-4bf1-98eb-40998a29132a,c62169df-44fc-4bf1-98eb-40998a29132a,Loughatorick/Coos/Marblehill,Galway East
d2d757ef-f2c3-4a10-b5f8-f976c6c78335,d2d757ef-f2c3-4a10-b5f8-f976c6c78335,Cahermurphy/Corlea,Clare
dbab8c3d-d659-4fa5-ad92-f90a6bf64249,dbab8c3d-d659-4fa5-ad92-f90a6bf64249,Ballyeighter/Glenroe,Clare
e4432984-fa1f-40d8-92f5-5c934939c606,e4432984-fa1f-40d8-92f5-5c934939c606,Cong/Ross,Galway West
ee73a85e-7ac6-4aa6-82d2-09c321be7258,ee73a85e-7ac6-4aa6-82d2-09c321be7258,Moveen/Tullig,Clare
f0b72184-af6a-4a08-9f38-8033428dfcf7,f0b72184-af6a-4a08-9f38-8033428dfcf7,Dundalk Rural (north),Louth
f26b950c-de46-4c46-b4be-21b2c886958f,f26b950c-de46-4c46-b4be-21b2c886958f,Dundalk Rural (south),Louth
f2b35649-c96c-4cf5-b8ab-60770f0291a9,f2b35649-c96c-4cf5-b8ab-60770f0291a9,Mastergeehy/Canuig,Kerry
f91caa0f-0c2d-4ce7-a5b0-7a5ac354cb4f,f91caa0f-0c2d-4ce7-a5b0-7a5ac354cb4f,Dunmakeever/Benbrack/Derrynananta,Cavan-Monaghan
fbd773f9-3255-4b44-ade1-02facf2621f8,fbd773f9-3255-4b44-ade1-02facf2621f8,Mohernagh/Dunmoylan West,Limerick County
feb68bba-797f-474c-9db5-429e7a70c68c,feb68bba-797f-474c-9db5-429e7a70c68c,Castletown (south),Louth
