OBJECTID,name,alternate_name,category,subcategory,address1,address2,address3,address4,address5,lat,lon,POINT_Z
1," Enniscorthy Health Centre, ",Enniscorthy,Health Centre,,Mill Yard Lane,Enniscorthy,Co. Wexford,,Y21 H2X3,-6.56655768896284,52.4989117057041,
2,Abbeydorney Health Centre,Abbeydorney,Health Centre,,Abbeydorney Community Centre,Abbeydorney Parish Community Hall,Abbeydorney,Co. Kerry,V92 YK5X,-9.69097875684127,52.3451390406611,
3,Abbeyfeale Health Centre,Abbeyfeale,Health Centre,,Convent Road,Abbeyfeale,Co. Limerick,,V94 NN66,-9.29242420737435,52.3873374277779,
4,Abbeyknockmoy Health Centre,Abbeyknockmoy,Health Centre,,Culliagh North,Abbeyknockmoy,Co. Galway,,H54 H103,-8.75474818071021,53.4342869305895,
5,"Abbeyleix Health Centre,",Abbeyleix,Health Centre,,Ballinakill Road,Abbeyleix,Co. Laois,,R32 A006,-7.34361997143985,52.9120867405311,
6,Achill Health Centre,,Health Centre,NULL,Saint Fionnans Road,Achill Sound,Co. Mayo,,F28 W925,-9.93173508449793,53.9280463111834,
7,Achill Sound - Health Centre PCC,,Health Centre,NULL,Achill Health Centre,Achill Sound,Co. Mayo,,F28 E142,-9.929665499034,53.9302428843706,
8,"Aclare Health Centre, ",Aclare,Health Centre,,Lisheen,Aclare,Co. Sligo,,F91 P954,-8.90503041772716,54.0346529470805,
9,"Adamstown Health Centre,",Adamstown,Health Centre,,Adamstown,Co. Wexford,,,Y21 TE82,-6.71603180963504,52.3925279721251,
10,Adare Health Centre,Adare,Health Centre,,Rathkeale Road,Adare,Co. Limerick,,V94 R3W0,-8.7937094970897,52.5624697684854,
11,Addiction Services Centre - PCC,,Health Centre,NULL,Patrick Street Centre,99-101 Patrick Street,Dun Laoghaire,Co. Dublin,A96 V043,-6.13693813214316,53.2916197497798,
12,Adelaide Court (Registration Office),,Health Centre,NULL,Births Deaths & Marraige Registration Office,Adelaide Court,Adelaide Street,Cork,T12 XKC4,-8.48034990523907,51.8998947116934,
13,Adrigole Health Centre,Adrigole,Health Centre,,Cappanaparka East,Adrigole,Co. Cork,,P75 YE24,-9.7341567471981,51.6891267202077,
14,"Ahascragh Health Centre, ",Ahascragh,Health Centre,,Chapel Street,Ahascragh,Ballinasloe,Co. Galway,H53 TR96,-8.33084508733699,53.3957791381964,
15,Aiseiri Roxborough House,,Health Centre,NULL,AisÃƒÂ©irÃƒÂ­,Roxborough,Wexford,,Y35 AH70,-6.44951311117012,52.3214777302264,
16,"Allihies Health Centre, ",Allihies,Health Centre,,Cluin,Allihies,Co. Cork,,P75 EK70,-10.0443659644153,51.6420689303414,
17,An ClochÃƒÂ¡n Liath,Dungloe,Health Centre,,Gweedore Road,Dungloe,Co. Donegal,,F94 Y326,-8.35764607680199,54.9519569760706,
18,An tSean Mianliacht (old fire station),,Health Centre,NULL,Station Road,Falcarragh,Co. Donegal,,F92 ER80,-8.10379968657304,55.1354119932198,
19,"Annacotty Health Centre,",Annacotty,Health Centre,,Annacotty,Co. Limerick,,,V94 YAN5,-8.52990261932976,52.6678983749705,
20,"Annascaul Health Centre, ",Annascaul,Health Centre,,Church Avenue,Annascaul,Co. Kerry,,V92 KA03,-10.0517192643107,52.151958331971,
21,Annbrook,,Health Centre,NULL,Limerick Road,Nenagh,Co. Tipperary,,E45 YD79,-8.2117501884516,52.8619579658401,
22,Ardaravan Clinic,,Health Centre,NULL,Unit 12,Ardaravan Square,Buncrana,Co. Donegal,F93 E8VF,-7.45157217203262,55.1327399692547,
23,Ardee Health Centre,Ardee,Health Centre,,Market Street,Ardee,Co. Louth,,A92 K51H,-6.54059099454661,53.8579373998791,
24,Ardfert Primary Care Ctr,Ardfert,Health Centre,,Farranwilliam,Ardfert,Co. Kerry,,V92 EKX9,-9.77855622355916,52.3252118527874,
25,Ardfinnan Health Centre,Ardfinnan,Health Centre,,68 Castleview,Ardfinnan,Co. Tipperary,,E91 T2N6,-7.88823648799028,52.3087081792951,
26,Ardmore Health Centre,Ardmore,Health Centre,,Rocky Road,Ardmore,Co. Waterford,,P36 TK61,-7.72503227486883,51.9497667887458,
27,"Ardrahan Health Centre, ",Ardrahan,Health Centre,,Ardrahan,Co. Galway,,,H91 FP64,-8.80464603471958,53.1554779336627,
28,Argus House,,Health Centre,NULL,59 Terenure Road East,Dublin 6,,,D06 N1K6,-6.27899431733869,53.3106579662643,
29,Arigna Health Centre,Arigna,Health Centre,,Derrinisky,Arigna,Carrick-on-shannon,Co. Roscommon,N41 HP63,-8.10699606752542,54.0787351063259,
30,Armagh Road Primary Care Services,Cashel Road,Health Centre,,Crumlin,Dublin 12,,,D12 W62N,-6.30887368146709,53.3202701899423,
31,Arus Mhic Dara CNU,,Health Centre,NULL,Aras Mhic Dara,Carraroe South,Carraroe,Co. Galway,H91 AE16,-9.60684937362848,53.2610471180719,
32,"Arva Health Centre, ",Arva,Health Centre,,Drumalt,Arva,Co. Cavan,,H12 P527,-7.57711286666223,53.9201490823599,
33,Asdee Health Centre,Asdee,Health Centre,,Asdee Community Centre,Asdee,Co. Kerry,,V31 A257,-9.55978891132607,52.5523110421712,
34,Ashbourne Hall,,Health Centre,NULL,Block 1,Ashbourne Business Park,Dock Road,Limerick,V94 NPE0,-8.65114013042352,52.6553762834716,
35,Ashbourne Health Centre,,Health Centre,NULL,Ashbourne Family Practice,Killegland Walk,Ashbourne,Co. Meath,A84 C2HO,-6.4012822904779,53.5123924450376,
36,Ashbourne Primary Care Centre PCC,,Health Centre,NULL,Units 11 & 12,Killegland Walk,Ashbourne,Co. Meath,A84 YX02,-6.40216004422349,53.5116636678813,
37,Ashtown Gate,,Health Centre,NULL,HSE Mill House Block A,Ashtown Gate,Navan Road,Dublin 15,D15 H70K,-6.3324255876186,53.3731752943423,
38,Askeaton Heatlh Centre,Askeaton,Health Centre,,Plunkett Road,Askeaton,Co. Limerick,,V94 XW80,-8.98052061391937,52.599954720807,
39,Athea Health Centre,Athea,Health Centre,,Gortnagross,Athea,Co. Limerick,,V94 T3P2,-9.28755137337074,52.4588232824159,
40,Athenry Primary Care Centre,,Health Centre,NULL,Raheen,Athenry,Co. Galway,,H65 KH93,-8.75544704574677,53.2996665100874,
41,Athleague Hostel & Health Centre,,Health Centre,NULL,Athleague,Co. Roscommon,,,F42 HE62,-8.25190132342491,53.5688812292183,
42,Athlone Health Centre,,Health Centre,NULL,Saint Vincent's Hospital,Coosan Road,Athlone,Co. Westmeath,N37 A3K5,-7.94150066893245,53.4268464655612,
43,Athlone Town Centre,,Health Centre,NULL,Town Centre Surgery,Cityquarter,Athlone,Co. Westmeath,N37 A0C1,-7.93700408889572,53.4245329679261,
44,Athy Health Centre,Athy,Health Centre,,Woodstock Street,Athy,Co. Kildare,,R14 AE80,-6.99153408943753,52.9946282730609,
45,Aughrim Health Centre - Galway,,Health Centre,NULL,HSE,Aughrim Health Centre,Aughrim,Co. Galway,H53 PT02,-8.31713436346355,53.30320722448,
46,Aughrim Health Centre - Wicklow,Aughrim,Health Centre,,Main Street,Aughrim,Co. Wicklow,,Y14 YN70,-6.32289111173809,52.8560991597411,
47,"Avoca Health Centre, ",Avoca,Health Centre,,Main Street,Avoca,Co. Wicklow,,Y14 A7P1,-6.21305197922979,52.8583388220871,
48,Ayrefield Medical Centre,,Health Centre,NULL,Ayrfield Medical Practice,Ayrfield Medical Park,Granges Road,Kilkenny,R95 P2EF,-7.26155627859594,52.6579418699328,
49,"Bagenalstown Health Centre, ",Bagenalstown,Health Centre,,Church Road,Muine Bheag,Co. Carlow,,R21 K447,-6.9594630138823,52.7014383659127,
50,Bailieboro Health Centre,,Health Centre,NULL,Bailieborough Health Centre,Kells Road,Bailieborough,Co. Cavan,A82 E0C3,-6.9699551055338,53.9133571549054,
51,Balally Primary Care Centre,,Health Centre,NULL,Rockfield Medical Campus,Overend Way,Dublin 16,,D16 A6K5,-6.23639140956211,53.2860653644378,
52,Balbriggan Primary Care Centre,,Health Centre,NULL,70 Dublin Street,Balbriggan,Co. Dublin,,K32 HC94,-6.18500141883154,53.6054824080259,
53,"Baldoyle Health Centre, ",Baldoyle,Health Centre,,Willie Nolan Road,Dublin 13,,,D13 PY27,-6.12903074599069,53.3987787586764,
54,Balla Medical Centre,Balla,Health Centre,,Balla,Co. Mayo,,,F23 CV61,-9.13046265085339,53.8019765157101,
55,Ballaghadereen Health Centre,Ballaghaderreen,Health Centre,,Station Road,Ballaghaderreen,Co. Roscommon,,F45 DR90,-8.57932156169825,53.8996783747603,
56,Ballaghaderreen PCT,,Health Centre,NULL,Unit 4 The Mill Business Park,Dublin Road,Ballaghaderreen,Co. Roscommon,F45 H564,-8.57271908898873,53.8980300923178,
57,"Ballaghkeen Health Centre, ",,Health Centre,NULL,The Ballagh,Co. Wexford,,,Y21 AY61,-6.42352957513895,52.4802450320953,
58,Ballina District Hospital,,Health Centre,NULL,Saint Joseph's District Hospital,Mercy Road,Ballina,Co. Mayo,F26 PP92,-9.16563058121403,54.1141885037225,
59,Ballina Health Centre - Tipperary,Ballina,Health Centre,,Ballina,Co. Tipperary,,,V94 95N2,-8.43559030146715,52.8091111126879,
60,Ballina Medical Centre,Ballina,Health Centre,,Ballina Primary Care Centre,Kevin Barry Street,Ballina,Co. Mayo,F26 P6P1,-9.15966448493322,54.1118201871374,
61,"Ballinagh Health Centre, ",Ballinagh,Health Centre,,Main Street,Ballinagh,Co. Cavan,,H12 RK12,-7.41053941876138,53.9296846178043,
62,Ballinaglera Health Centre,Ballinaglera,Health Centre,,Drumnafinnila,Ballinaglera,Co. Leitrim,,N41 XV04,-8.00883957469443,54.1563456063129,
63,"Ballinakill Health Centre, ",Ballinakill,Health Centre,,Bride Street,Ballinakill,Co. Laois,,R32 NW65,-7.30909818129677,52.8746298791418,
64,Ballinalee Health Centre,Ballinalee,Health Centre,,Ballinalee,Co. Longford,,,N39 Y153,-7.65706620130806,53.7754378109292,
65,Ballinalee Road / College Medical Centre,,Health Centre,NULL,College Medical Centre,1 Ballinalee Road,Longford,,N39 N2D1,-7.79515956834068,53.7267730064904,
66,Ballinamore Care Managed & Primary Care Unit,,Health Centre,NULL,Ballinamore Primary Care Centre,The Line,Ballinamore,Co. Leitrim,N41 XC92,-7.80288117480759,54.0501773788444,
67,Ballinasloe  Health Centre,,Health Centre,NULL,Brackernagh,Ballinasloe,Co. Galway,,H53 R658,-8.23070158038635,53.3286072410677,
68,Ballincollig Health Centre,Ballincollig,Health Centre,,Innishmore,Ballincollig,Co. Cork,,P31 D832,-8.60961454701436,51.8866084314481,
69,Ballindine Health Centre,Ballindine,Health Centre,,Main Street,Ballindine,Co. Mayo,,F12 H1R7,-8.958780686951,53.6715928769851,
70,Ballingarry Health Centre - Limerick,Ballingarry,Health Centre,,Main Street,Ballingarry,Co. Limerick,,V94 E765,-8.86354804058824,52.4737932947903,
71,Ballingarry Health Centre - Thurles,Ballingarry,Health Centre,,Ballingarry Upper,Thurles,Co. Tipperary,,E41 RW56,-7.54106634083459,52.5862127318675,
72,Ballinlough Health Centre & Residence,Ballinlough,Health Centre,,Srah,Ballinlough,Co. Roscommon,,F45 PY83,-8.6390679758491,53.7424468426866,
73,Ballinrobe Health Centre  ,,Health Centre,NULL,Kilmaine Road,Ballinrobe,Co. Mayo,,F31 TW54,-9.21815386764243,53.6171311747976,
74,Ballinrobe Health Centre  (Lodge),Ballinrobe,Health Centre,,Kilmaine Road,Ballinrobe,Co. Mayo,,F31 TW54,-9.21815385506601,53.617131173732,
75,"Ballinspittle Health Centre, ",Ballinspittle,Health Centre,,Ballycatten,Ballinspittle,Co. Cork,,P17 AF53,-8.59653025971104,51.6646407453923,
76,Ballinteer Health Centre ,Ballinteer,Health Centre,,Ballinteer Avenue,Dublin 16,,,D16 YX93,-6.25205388418874,53.2759156688155,
77,Ballintra Health Centre,,Health Centre,NULL,Lower Main Street,Ballintra,Co. Donegal,,F94 DD5K,-8.12758027684646,54.5763422582209,
78,Ballintubber Community Centre ,Ballintubber,Health Centre,,Luffertaun,Ballintubber,Claremorris,Co. Mayo,F12 T2C9,-9.30512064346049,53.7581744969487,
79,Ballitore Health Centre,Ballitore,Health Centre,,Burrow Square,Ballitore,Co. Kildare,,R14 X299,-6.81541098951777,53.0095121778672,
80,Ballivor Health Centre,Ballivor,Health Centre,,Mullingar Road,Ballivor,Co. Meath,,C15 FY70,-6.96982060258292,53.5328407579648,
81,Ballsgrove Day Care Centre,Ballsgrove,Health Centre,,Ballsgrove Health Centre,Ballsgrove,Drogheda,Co. Louth,A92 V180,-6.36167833551383,53.7116151062137,
82,Ballybeg,Ballybeg,Health Centre,,Saint Saviours Parish Centre,Ballybeg,Waterford,,X91 YPC4,-7.14225184317896,52.2391597267509,
83,Ballycastle Health Centre  ,Ballycastle,Health Centre,,Carrowcubic,Ballycastle,Co. Mayo,,F26 R3K4,-9.35958527545614,54.2769783774119,
84,"Ballyconnell  Breffni Care Centre, ",Ballyconnell CSC,Health Centre,,,Ballyconnell,Co. Cavan,,H14 AH73,-7.58398611944616,54.1179325053413,
85,Ballycroy Health Centre ,Ballycroy,Health Centre,,Cross Hill,Ballycroy,Westport,Co. Mayo,F28 VF90,-9.82599043173215,54.0242438248181,
86,Ballydehob Health Centre ,Ballydehob,Health Centre,,The Parade,Ballydehob,Co. Cork,P81kf97,,-9.46251660777135,51.5624751060289,
87,"Ballydesmond Health Centre, ",Ballydesmond,Health Centre,,Ballydesmond,Co. Cork,P51fw66,,,-9.2401880099343,52.1802034306622,
88,Ballyduff Health Centre,Ballyduff,Health Centre,,Main Street,Ballyduff,Co. Waterford,,P51 E0KR,-8.05264087278922,52.1476985444502,
89,Ballyduff Health Centre - Kerry,Ballyduff,Health Centre,,Benmore,Ballyduff,Co. Kerry,,V92 WCV5,-9.66585654526743,52.4529379258926,
90,Ballyfarnon Health Centre,Ballyfarnan,Health Centre,,Alderford,Ballyfarnon,Boyle,Co. Roscommon,F52 V838,-8.20431522900197,54.0722929775017,
91,Ballyforan Health Centre ,Ballyforan,Health Centre,,Ballyforan,Ballinasloe,Co. Roscommon,,H53 WV12,-8.26646445148494,53.4703814315165,
92,Ballygall Health Centre,Ballygall,Health Centre,,Seamus Ennis Road,Dublin 11,,,D11 C898,-6.29631595334564,53.3902004378055,
93,Ballygar Health Centre,Ballygar,Health Centre,,High Street,Ballygar,Co. Galway,,F42 HK53,-8.32815420366637,53.5219428642791,
94,Ballygorman Primary Care Centre,,Health Centre,NULL,Saint Mary's Community Hall,Ballygorman,Malin Head,Co. Donegal,F93 A215,-7.32623445982633,55.3552476807256,
95,"Ballyhahill Health Centre, ",Ballyhahill,Health Centre,,Main Street,Ballyhahill,Co. Limerick,V94xrh3,,-9.1935028574694,52.5598770414863,
96,Ballyhaise Health Centre,Ballyhaise,Health Centre,,Ballyhaise,Co. Cavan,H12 X2T6,,,-7.31968408131846,54.0436762216821,
97,Ballyhale Health Centre,Ballyhale,Health Centre,,Ballyhale,Co. Kilkenny,R95 X0VX,,,-7.19941663305223,52.4685075074222,
98,Ballyhaunis Health Centre,Ballyhaunis,Health Centre,,Upper Main Street,Ballyhaunis,Co. Mayo,F35 TR94,,-8.77090971079968,53.7645632790085,
99,Ballyheigue Primary Care Centre,Ballyheigue,Health Centre,,Harty's Terrace,Ballyheigue,Co. Kerry,V92 WY61,,-9.83481768734567,52.3902655824193,
100,Ballyjamesduff Health Centre,Ballyjamesduff,Health Centre,,Percy French Park,Ballyjamesduff,Co. Cavan,A82 AK03,,-7.20818232981431,53.8618399523114,
101,Ballykenny Health Centre,Ballykenny,Health Centre,,Ballykenny,Strand,Co. Limerick,V42 A024,,-9.08966269688634,52.3950759903754,
102,"Ballylanders Health Centre, ",,Health Centre,NULL,Galbally Road,Ballylanders,Co. Limerick,V35 K164,,-8.34817191201304,52.3724831205386,
103,Ballylinan Health Centre  ,Ballylinan,Health Centre,,Ballylinan,Co. Laois,R14 Y156,,,-7.04311156395781,52.9422981674382,
104,Ballylongford Health Centre  ,Ballylongford,Health Centre,,Rusheen,Ballylongford,Co. Kerry,V31 VX90,,-9.48342676540332,52.5505093846514,
105,Ballymacarbery Health Centre,,Health Centre,NULL,Hse,Ballymacarbery Health Centre,Ballymacarbry,Co. Waterford,E91 YK11,-7.75234299447717,52.2799530603058,
106,Ballymacarbry,Ballymacarbry,Health Centre,,Four Mile Water,Clonmel,Co. Tipperary.,,,-7.75228058132787,52.2800193515829,
107,Ballymacoda Health Centre,Ballymacoda,Health Centre,,Ballydaniel,Ballymacoda. Co. Cork,P25 TW10,,,-7.94289428921308,51.8922746091857,
108,Ballymacward Health Centre ,Liscune,Health Centre,,Liscune Lower,Ballymacward,Co. Galway,H53 E195,,-8.46687431000134,53.3649202881692,
109,Ballymahon Health Centre,Ballymahon,Health Centre,,Ballymahon,Co. Longford,N39 AX88,,,-7.76667746446646,53.5650957106225,
110,Ballymore Eustace Health Centre,Ballymore Eustace,Health Centre,,Chapel Street,Ballymore Eustace,Co. Kildare,W91 YW22,,-6.61578824832805,53.1324101963305,
111,Ballymore Health Centre,Ballymore,Health Centre,,Moate Road,Ballymore,Co. Westmeath,N91 PC43,,-7.68039098371137,53.4902244774573,
112,Ballymote Primary Care Centre,Ballymote,Health Centre,,Earlsfield,Ballymote,Co. Sligo,F56 PK88,,-8.51556602841809,54.0942792579645,
113,Ballymun,Ballymun,Health Centre,,Saint Michael's House,Ballymun Road,Dublin 9,D09 YR74,,-6.2671216085203,53.3792471838491,
114,Ballynacally Health Centre,,Health Centre,NULL,Unit 3 Knocksaggart,Ballynacally,Ennis,Co. Clare,V95 Y725,-9.06745034411343,52.7181795211022,
115,Ballynacargy Health Centre,Ballynacargy,Health Centre,,Wood Row,Ballynacargy,Co. Westmeath,N91 V9FK,,-7.53907272769085,53.5831242443826,
116,Ballynanty Health Centre,,Health Centre,NULL,Kileely Road,Kileely,Limerick,V94 V380,,-8.64001502563572,52.6746130681017,
117,Ballynoe Dispensary,Ballynoe,Health Centre,,Main Street,Ballynoe,Mallow,Co. Cork,P51 VW89,-8.09703105248541,52.0587969390651,
118,Ballyowen Special School - Ballyowen Meadows,,Health Centre,NULL,Fonthill Road,Dublin 22,D22 K751,,,-6.40886845255951,53.3453197066386,
119,Ballyporeen Health Centre,Ballyporeen,Health Centre,,Church Street,Ballyporeen,Co. Tipperary,E21 X735,,-8.09989418451851,52.271078019785,
120,Ballyragget Health Centre,Ballyragget,Health Centre,,Chapel Avenue,Ballyragget,Co. Kilkenny,R95 W3WA,,-7.33165466967188,52.788774844434,
121,Ballyraine Park 69 - PCC,,Health Centre,NULL,69 Ballyraine Road,Letterkenny,Co. Donegal,F92 E296,,-7.71281660185136,54.952152778953,
122,Ballyshannon,Ballyshannon,Health Centre,,Bishop Street,Ballyshannon,Co. Donegal.,,,-8.19349451295829,54.5038507969181,
123,Ballysloe Health Centre,Ballysloe,Health Centre,,Ballysloe,Gortnahoe,Co. Tipperary,E41 TD90,,-7.60770636898361,52.6373472492579,
124,Ballyvary Hall Health Centre,Ballyvary,Health Centre,,Ballyvary,Co. Mayo,F23 RF25,,,-9.15066251238683,53.8950307576411,
125,Ballyvaughan Medical Centre,,Health Centre,NULL,Ballyvaughan Enterprise Centre,Ballyvaughan,Co. Clare,H91 W8WH,,-9.15010775778313,53.1141008270448,
126,Ballyvourney Health Centre,,Health Centre,NULL,Ballymakeera,Co. Cork,P12 A504,,,-9.16032247482772,51.9416699667672,
127,Baltimore,Baltimore,Health Centre,,Baltimore,Co. Cork.,,,,-9.37326167649922,51.4833090469519,
128,Baltinglass Health Centre,Baltinglas,Health Centre,,Belan Street,Baltinglass,Co. Wicklow,W91 PT63,,-6.71128253261056,52.9405809000472,
129,Banada Primary Care Centre,,Health Centre,NULL,Banada,Tourlestrane,Co. Sligo,F91 FP77,,-8.81519648183026,54.0367310187087,
130,Banagher,Banagher,Health Centre,,Cuba Avenue,Banagher,Co. Offaly,R42 YX04,,-7.97985558925747,53.188065684554,
131,Bandon Health Centre,Bandon,Health Centre,,Bridewell Court,Pearse Street,Bandon,Co. Cork,P72 PP28,-8.73522034165429,51.7453299072665,
132,Bangor Erris Health Centre,Bangor Erris,Health Centre,,Srahanarry,Bangor Erris,Ballina,Co. Mayo,F26 Y886,-9.73909811726797,54.144420959807,
133,"Bank Place, 135 / North Cork Childcare and Social Work Dept",Bank Place,Health Centre,,Tusla,134 Bank Place,Mallow,Co. Cork,P51 EC59,-8.64476504017704,52.1368895562984,
134,Bannow Health Centre,Bannow,Health Centre,,Graigue,Duncormick,Co. Wexford,Y35 N8XY,,-6.70300184166031,52.2443759515903,
135,Bansha Health Centre,Bansha,Health Centre,,Main Street,Bansha,Co. Tipperary,E34 KV70,,-8.06219079250614,52.4464734805217,
136,Bantry,Bantry,Health Centre,,The Quays,Bantry,Co. Cork.,,,-9.45107488816839,51.6800946177922,
137,Belmullet District Hospital,,Health Centre,NULL,Belmullet Community Hospital,Belmullet,Co. Mayo,F26 K1H9,,-9.9863314014294,54.2282829795745,
138,Belturbet Health Centre,Main Street,Health Centre,,Holborn Hill,Belturbet,Co. Cavan,H14 N231,,-7.44171646130145,54.1015618964039,
139,Bennettsbridge Health Centre,,Health Centre,NULL,Bennettsbridge,Co. Kilkenny,R95 W7XC,,,-7.18001003871189,52.5911461493459,
140,Bennettsbridge Health Centre,Bennettsbridge,Health Centre,,Bennettsbridge,Co. Kilkenny,R95 W7XC,,,-7.18001002972875,52.591146147163,
141,Bere Island,Bere Island,Health Centre,,Rerrin,Bere Island,Co. Cork.,,,-9.85946926794889,51.6403884263909,
142,Birr Health Centre,Birr,Health Centre,,John's Terrace,Birr,Co. Offaly,R42 ED34,,-7.90599543196238,53.0945470271829,
143,Bishop Street,Bishop Street,Health Centre,,Bishop Street,Limerick.,,,,-8.62225653890611,52.6691456323155,
144,Blacklion Health Centre,Blacklion,Health Centre,,Main Street,Blacklion,Co. Cavan,F91 C642,,-7.87799132165084,54.2916120853857,
145,Blackpool,Blackpool,Health Centre,,Blackpool Community Centre,Great William O'Brien Street,Blackpool,Cork.,,-8.47437689282894,51.9109384989469,
146,Blackrock Health Centre,Blackrock,Health Centre,,George's Avenue,Blackrock,Co. Dublin,A94 AT18,,-6.17875794794382,53.3012198728135,
147,Blackwater,Blackwater,Health Centre,,Blackwater Co. Wexford,,,,,-6.34747703537553,52.4461834587249,
148,Blackwater,Blackwater,Health Centre,,Blackwater Day Centre,Fermoy,Co. Cork.,,,-8.27799252344121,52.1383137205334,
149,Blarney,Blarney,Health Centre,,The Square,Blarney,Co. Cork.,,,-8.56872503460676,51.9329540295677,
150,Blessington Primary Care Centre ,Blessington,Health Centre,,Blessington Business Park,Blessington,Co. Wicklow,W91 F5X4,,-6.52935817187479,53.1762470465573,
151,Blueball Health Centre,Blueball,Health Centre,,Pallas,Blueball,Co. Offaly,R35 XP59,,-7.61548904202521,53.2276583053601,
152,Boherbue,Boherbue,Health Centre,,The Corner House,18 Main Street,Co. Cork,,,-9.0686402767933,52.1588005099979,
153,Borris,Borris,Health Centre,,Lower Main Street,Borris,Co. Carlow,R95 F1WP,,-6.92027852993512,52.5979767946373,
154,Borris-in-Ossory Health Centre,Borris in Ossory,Health Centre,,Borris In Ossory Health Centre,Sentryhill,Borris-in-ossory,Co. Laois,R32 DPX8,-7.61531853819102,52.9400808289981,
155,Borrisokane Health Centre,Marian Avenue,Health Centre,,Marian Avenue,Borrisokane,Co. Tipperary,E45 EC61,,-8.12269951071891,52.9920212054694,
156,Borrisokane Primary Care Centre,Borrisokane PCC,Health Centre,,The Old Convent,Convent Lane,Borrisokane,Co. Tipperary,E45 C440,-8.12899582230822,52.9974877383523,
157,Borrisoleigh Health Centre,Borrisoleigh,Health Centre,,Lower Main Street,Borrisoleigh,Co. Tipperary,E41 PX86,,-7.95385897106079,52.7511781746426,
158,Bray Civic Centre Health Centre,,Health Centre,NULL,Block B,Main Street,Bray,Co. Wicklow,A98 X329,-6.10895343083165,53.2011610361408,
159,Bray Health Centre,Bray,Health Centre,,Block B Civic Offices,Main Street,Bray,Co. Wicklow,A98 X329,-6.10895342184848,53.2011610361408,
160,Bree Health Centre,Bree,Health Centre,,Carrigunane,Clonroche,Co. Wexford,Y21 CD76,,-6.63201082163601,52.4241207172895,
161,"Briarhill Business Park, Unit 17 - PCC",,Health Centre,NULL,Unit 17,Briarhill Business Park,Ballybrit,Galway,H91 N4X8,-8.98873079879794,53.292803100171,
162,Bride Street Health Centre,,Health Centre,NULL,36a Bride Street,Dublin 8,D08 F6X6,,,-6.27030336579816,53.3394795025152,
163,Brideswell,Brideswell,Health Centre,,Brideswell,Athlone,Co. Roscommon.,,,-8.08752942260494,53.4496084795672,
164,Bridgetown Health Centre,Bridgetown,Health Centre,,Bridgetown,Co. Wexford,Y35 P2PD,,,-6.55336191803781,52.232338803465,
165,Broadford Health Centre,Broadford,Health Centre,,Main Street,Broadford,Co. Limerick,P56 E062,,-8.97705009499004,52.3453250302866,
166,Broadford Health Centre,Broadford,Health Centre,,O' Shea's Acres,Broadford,Co. Clare,V94 3D96,,-8.63384765193406,52.8083977278043,
167,Brookfield Health Centre,Brookfield,Health Centre,,Brookfield Road,Dublin 24,D24 DY91,,,-6.40439085122979,53.2883762148898,
168,Brosna Health Centre,Brosna,Health Centre,,Lower Main Street,Brosna,Co. Kerry,V92 FE8R,,-9.27136322889436,52.312844367353,
169,Bruff Health Centre,Bruff,Health Centre,,Main Street,Bruff,Co. Limerick,V35 DK19,,-8.54788646910966,52.4766643743319,
170,Bruree Health Centre,Bruree,Health Centre,,Main Street,Bruree,Co. Limerick,V35 V021,,-8.6606609573016,52.4245795782926,
171,Bunclody Health Centre,Bunclody,Health Centre,,Church Road,Bunclody,Co. Wexford,Y21 Y861,,-6.65634792092289,52.6509154452031,
172,Buncrana Community Nursing Unit,,Health Centre,NULL,Buncrana Medical Centre,Maginn Avenue,Buncrana,Co. Donegal,F93 KA02,-7.44947588863843,55.1334586482397,
173,Buncrana Health Centre,Buncrana,Health Centre,,Cockhill Road,Buncrana,Co. Donegal,F93 XP02,,-7.4562261234324,55.1371658464662,
174,Bundoran Health Centre,Bundoran,Health Centre,,Atlantic Way,Bundoran,Co. Donegal,F94 E202,,-8.27616217371046,54.4804951990565,
175,Bundoran Primary Care Centre,,Health Centre,NULL,Station Road,Bundoran,Co. Donegal,F94 DR52,,-8.27729225523618,54.478431501265,
176,Burt,Burt,Health Centre,,Burt,Carrownamaddy,Speenoge,Co. Donegal.,,-7.42784900117388,55.0398193545299,
177,Butler Centre,Butler Centre,Health Centre,,Butler Community Centre,Saint John's Park,Waterford,X91 FEP4,,-7.10835616172092,52.2411417490532,
178,Buttevant,Buttevant,Health Centre,,Mercy Day Care Centre,Buttevant,Co. Cork.,,,-8.66984245905584,52.2292048209896,
179,Cabinteely Health Centre,Cabinteely,Health Centre,,Meadow Vale,Blackrock,Co. Dublin,A94 XW82,,-6.1553798316638,53.2705694862664,
180,Cabra Health Centre,Cabra,Health Centre,,200 Quarry Road,Dublin 7,D07 X984,,,-6.2889417604334,53.3645697025079,
181,Caherciveen Health Centre,Caherciveen,Health Centre,,Caherciveen Community Welfare Centre,Reenrusheen Road,Caherciveen,Co. Kerry,V23 CP74,-10.2200569486323,51.9487761655319,
182,Caherconlish Health Centre,Caherconlish,Health Centre,,Templemichael,Caherconlish,Co. Limerick,V94 TY72,,-8.46981146860378,52.59378080555,
183,Caherdaniel Health Centre,Caherdaniel,Health Centre,,The Dispensary,Caherdaniel,Co. Kerry,V93 EV8W,,-10.0988311327052,51.768596033346,
184,Cahir Health Centre,Cahir,Health Centre,,Pearse Street,Cahir,Co. Tipperary,E21 NW81,,-7.92054521734552,52.3742159495199,
185,Callan Primary Care Centre,Callan,Health Centre,,Friary Walk Retail Park,Clashacollare,Callan,Co. Kilkenny,R95 N8XK,-7.38450225151112,52.5499224192335,
186,Caltra,Caltra,Health Centre,,Caltra,Ballinasloe,Co. Galway.,,,-8.43871717078282,53.4349603682968,
187,Camolin,Camolin,Health Centre,,Camolin,Enniscorthy,Co. Wexford.,,,-6.42138471085419,52.6184094976266,
188,Camp Health Centre,Camp,Health Centre,,Unit 7,Dwyers Shop,Tralee,Co. Kerry,V92 V277,-9.91145172635544,52.2209199456952,
189,Campile Health Centre,Campile,Health Centre,,Portobello,Campile,Co. Wexford,Y34 HY79,,-6.94525532941726,52.2917775332528,
190,Cappamore Health Centre,Cappamore,Health Centre,,Cappamore Health Clinic,Moore Street,Cappamore,Co. Limerick,V94 DY94,-8.33612956982796,52.6142497432598,
191,Cappawhite Health Centre,Cappawhite,Health Centre,,Main Street Upper,Cappawhite,Co. Tipperary,E34 F822,,-8.16357434824802,52.5820415898915,
192,Cappoquin Health Centre,Cappoquin,Health Centre,,Barrack Street,Cappoquin,Co. Waterford,P51 F96V,,-7.84300737254861,52.1461025684166,
193,Cappry Health Centre,Cappry,Health Centre,,Cappry,Ballybofey,Co. Donegal,F93 DD29,,-7.8227297735054,54.7905144439291,
194,Caradace Health Centre,Drumconrath,Health Centre,,District Nurse,Drumconrath Health Centre,Drumconrath,Co. Meath,C15 DH9H,-6.65125972750803,53.8496654167751,
195,Carigeen,Carigeen,Health Centre,,Church Hall,Carigeen,Co. Kilkenny.,,,-7.21597634857792,52.2705831718129,
196,Carlingford Medical Centre,,Health Centre,NULL,Trinity Close,Carlingford,Co. Louth,A91 PEX2,,-6.18758308173666,54.0384403789525,
197,Carndonagh District Hospital - PCC,Carndonagh,Health Centre,,Carndonagh Community Hospital,Derry Road,Carndonagh,Co. Donegal,F93 EW7T,-7.26770406632946,55.2452903297653,
198,Carnew Primary Care Centre,,Health Centre,NULL,Gorey Road,Carnew,Co. Wicklow,,,-6.48355722485583,52.7101814258763,
199,Carolan House (Convent-Offices),,Health Centre,NULL,Clorina House,Golf Links Road,Roscommon,F42 TF63,,-8.18493729720739,53.623455024195,
200,Carrick-on-Shannon Community Care,Carrick on Shannon,Health Centre,,Carrick-on-shannon Community Services,Leitrim Road,Carrick-on-shannon,Co. Leitrim,N41 XC59,-8.09094920199205,53.9488101688852,
201,Carrick on Suir,Carrick on Suir,Health Centre,,Waterford Road,Carrick on Suir,Co. Tipperary.,,,-7.40373906156782,52.3477992940171,
202,Carrickmacross Health Centre,Carrickmacross,Health Centre,,Emmet Road,Carrickmacross,Co. Monaghan,A81 YR28,,-6.7152282145111,53.9751010385133,
203,Carrigaholt Health Centre,,Health Centre,NULL,Rinemackaderrig,Carrigaholt,Co. Clare,V15 DA21,,-9.70879677043317,52.6012066565673,
204,Carrigaline Health Centre,,Health Centre,NULL,Church Hill,Carrigaline,Co. Cork,P43 NX28,,-8.39292155257015,51.8112456155983,
205,Carrigallen Primary Care Centre,Carrigallen,Health Centre,,Carrigallen Health Centre,Clooncorick,Carrigallen,Co. Leitrim,H12 K5N7,-7.64057437596,53.9768459719174,
206,Carrigans Health Centre,Carrigeens,Health Centre,,Carrigeens Health Centre,Carrigeens,Ballinfull,Co. Sligo,F91 R125,-8.60900634714281,54.3546444915756,
207,Carrignavar,Carrignavar,Health Centre,,Carrignavar,Co. Cork.,,,,-8.47807610127003,51.98826258223,
208,Carrigtwohill,Carrigtwohill,Health Centre,,Main Street,Carrigtwohill,Co. Cork.,,,-8.25729120524816,51.9093319800844,
209,Castlebar Campus,Castlebar,Health Centre,,Saint Mary's Hospital,Westport Road,Castlebar,Co. Mayo,F23 HP58,-9.30532216073153,53.8503093888962,
210,Castlebellingham Health Centre,Castlebellingham,Health Centre,,Dromena Road,Castlebellingham,Co. Louth,A91 NH00,,-6.39181154737186,53.9004826362687,
211,Castleblayney Health Centre,Castleblaney,Health Centre,,Thomas Street,Castleblayney,Co. Monaghan,A75 F772,,-6.73481851253044,54.1192030126419,
212,Castleblayney Primary Care Centre,,Health Centre,NULL,Primary Care Centre,Beech Corner,Castleblayney,Co. Monaghan,A75 P300,-6.73426083211383,54.1174849855903,
213,Castlebridge Health Centre,Castlebridge,Health Centre,,Castlebridge,Co. Wexford,Y35 VK61,,,-6.45013364850377,52.3809863755238,
214,Castlecomer Health Centre,Castlecomer,Health Centre,,Kilkenny Road,Castlecomer,Co. Kilkenny,R95 A096,,-7.21040410965032,52.8001714329613,
215,Castleconnell Health Centre,Castleconnell,Health Centre,,Coolbawn,Castleconnell,Co. Limerick,V94 XR96,,-8.50195093829145,52.7132705170344,
216,Castledermot Health Centre,Castledermot,Health Centre,,Main Street,Castledermot,Co. Kildare,R14 W225,,-6.83673359334112,52.9145301036381,
217,Castlefin Primary Care Centre,Castlefin,Health Centre,,C. P. I. Business And Enterprise Centre,Knockrawer,Castlefin,Co. Donegal,F93 AY82,-7.58732430844927,54.8023277987395,
218,Castlegregory Health Centre,Castlegregory,Health Centre,,Gregory Close,Castlegregory,Co. Kerry,V92 CK64,,-10.0215453093629,52.2568403075759,
219,Castleisland,College Road,Health Centre,,Kealgorm House,Limerick Road,Castleisland,Co. Kerry,V92 AY88,-9.46010348857644,52.2331155286045,
220,Castlelyons,Castlelyons,Health Centre,,1 Main Street,Co. Cork,,,,-8.23436798684482,52.0891932191813,
221,Castlemaine,Castlemaine,Health Centre,,Community Centre,Castlemaine,Co. Kerry,,,-9.70048476780535,52.1725451429206,
222,Castlemartyr Dispensary,Castlemartyr,Health Centre,,Main Street,Castlemartyr,Co. Cork,P25 NH93,,-8.05512829703117,51.9118753051078,
223,Castlerea Health Centre ,,Health Centre,NULL,Knockroe,Castlerea,Co. Roscommon,F45 NX00,,-8.48249203235717,53.7630294760929,
224,Castletown,Castletown,Health Centre,,Castletown,Kilmallock,Co. Limerick.,,,-8.81131267408987,52.4242035094259,
225,Castletown Geoghegan Health Centre,Castletown Geoghegan,Health Centre,,Woodside,Castletown Geoghegan,Co. Westmeath,N91 NX83,,-7.48409539751814,53.4427790275196,
226,Castletown/Wilkinstown,Castletown/Wilkinstown,Health Centre,,Balsaw,Wilkinstown,Co. Meath.,,,-6.70739637936895,53.7300800828473,
227,Castletownbere Health Centre,Castletownbere,Health Centre,,Bank Place,Castletownbere,Co. Cork,P75 HY11,,-9.91315055015216,51.650262112317,
228,Castletownroche,Castletownroche,Health Centre,,Community Hall,Castletownroche,Co. Cork.,,,-8.46547789865512,52.1716708980882,
229,Castletroy Health Centre,Milford,Health Centre,,Plassey Park Road,Castletroy,Limerick,V94 XE72,,-8.57332190525674,52.6692825890917,
230,Causeway,Causeway,Health Centre,,Causeway Health Centre,Marian Terrace,Causeway,Co. Kerry,V92 NRD2,-9.73323838331346,52.4113747061106,
231,Cavan,Townhall Street,Health Centre,,Townhall Street,Cavan Town,,,,-7.36137248706779,53.9912901224983,
232,Cavan,The Arcade,Health Centre,,The Arcade,Main Street,Cavan,,,-7.35948907025996,53.9899231760181,
233,Cavan General Hospital - Community Care,Lisdaran,Health Centre,,Cavan General Hospital,Lisdarn,Cavan,H12 Y7W1,,-7.37220334149774,54.001830626662,
234,Celbridge Primary Care Centre,Celbridge,Health Centre,,Shackleton Road,Celbridge,Co. Kildare,W23 PP59,,-6.54473992926335,53.3445807507713,
235,Chamber House ,Chamber House Health Centre Tallaght,Health Centre,NULL,Belgard Square West,Dublin 24,D24 T281,,,-6.37368946663266,53.2882675685249,
236,Chapel Hill,Chapel Hill,Health Centre,,Chapel Hill,Fermoy,Co. Cork.,,,-8.28031983915342,52.1368028667046,
237,Charlestown New Health Centre,,Health Centre,NULL,Ballagh Street,Charlestown,Co. Mayo,F12 D620,,-8.79166424339356,53.96372788468,
238,"Cherry Orchard, Primary Care Centre",Cherry Orchard,Health Centre,,Ballyfermot & Palmerstown Primary Care & Mental Health Ctr,Ballyfermot Road,Dublin 10,D10 C973,,-6.37165716484626,53.3432186689134,
239,Cherrymount - Pallative Care Office Space,,Health Centre,NULL,Cherrymount House,Molloway Hill,Ballinode,Sligo,F91 HY6E,-8.46024711655354,54.2746639229613,
240,Child & Family Agency - PCC,,Health Centre,NULL,Child & Family Agency,102 Patrick Street,Dun Laoghaire,Co. Dublin,A96 VW62,-6.13681390591915,53.2916958822107,
241,Church Road,Church Road,Health Centre,,Church Road,Falcarragh,Co. Donegal.,,,-8.1006116123421,55.1367201798815,
242,Church Road,Church Road,Health Centre,,Church Road,Ardfert,Co. Kerry.,,,-9.78225513016628,52.3268321697826,
243,"Church Road, 2 / The Nurses Cottage",,Health Centre,NULL,2 Church Road,Swords,Co. Dublin,K67 WN80,,-6.22322791061366,53.4592668199957,
244,Church View,Church View,Health Centre,,Church Street,Cavan,,,,-7.36000143067044,53.9949047642976,
245,Churchfield,Churchfield,Health Centre,,103/105 Knockfree Avenue,Fair Hill,Churchfield,Cork.,,-8.49072211402095,51.9072709928075,
246,Churchill Primary Care Centre,Churchill,Health Centre,,Keeloges,Churchill,Co. Donegal,F92 FRC3,,-7.88854850163456,54.9821026250286,
247,Churchtown,Churchtown,Health Centre,,Main Street,Mallow,Co. Cork,,,-8.73058808816187,52.2713829009508,
248,City Clinic - Amiens Street,,Health Centre,NULL,City Clinic,108/109 Amiens Street,Dublin 1,D01 A336,,-6.24826973374934,53.3529377420798,
249,City East PCT Centre - Doughiska,,Health Centre,NULL,Merlin Park Industrial Estate,Doughiska Road,Galway,H91 FCV9,,-8.98788724301689,53.2862479824981,
250,Civic Offices,,Health Centre,NULL,1/2 Main Street,Duleek,Co. Meath,A92 R9KW,,-6.4152941413127,53.6559419015524,
251,Clare Island Health Centre,Clare Island,Health Centre,,Capnagower,Clare Island,Co. Mayo,F28 E977,,-9.9517021808632,53.8030113807271,
252,Clarecastle Health Centre,Clarecastle,Health Centre,,Old Road,Clarecastle,Ennis,Co. Clare,V95 KP73,-8.96613950250219,52.8137098571456,
253,Claremorris Health Centre,Claremorris,Health Centre,,Knock Road,Claremorris,Co. Mayo,F12 VF96,,-8.99582438496485,53.7246135433243,
254,Claremorris PCC,,Health Centre,NULL,Claremorris Primary Care Centre,Kilcolman Road,Claremorris,Co. Mayo,F12 HX59,-9.00034326118694,53.7239551106621,
255,Clashmore Health Centre,Clashmore,Health Centre,,Chapel Lane,Clashmore,Co. Waterford,P36 H308,,-7.81848172586674,52.0093114681505,
256,Clifden Health Centre,Clifden,Health Centre,,Hospital Road,Clifden,Co. Galway,H71 XP84,,-10.0166607065308,53.4896353694843,
257,Cliffoney Health Centre,Cliffoney,Health Centre,,Cliffoney,Co. Sligo,F91 X004,,,-8.45243580881396,54.4305681372578,
258,Clogh Health Centre,Clogh,Health Centre,,Clogh,Castlecomer,Co. Kilkenny,R95 X5DA,,-7.16399885426164,52.8616461789084,
259,Cloghan Health Centre,Cloghan,Health Centre,,Castle Street,Cloghan,Co. Offaly,R42 XF34,,-7.88505574131713,53.2249432224738,
260,Cloghan Primary Health Care Centre,Cloghan,Health Centre,,Cloghan Beg,Cloghan,Co. Donegal,,F93 HK29,-7.93229735518478,54.8373150954046,
261,Clogheen Health Centre / Clogheen District Hospital,,Health Centre,NULL,Saint Teresa's District Hospital,Mountanglesby,Clogheen,Co. Tipperary,E21 Y447,-7.99159151699744,52.2719491884694,
262,Clogherhead Health Centre,,Health Centre,NULL,Clogherhead Health Care Centre,Clogherhead,Co. Louth,,A92 P58A,-6.2431087615251,53.7904527965998,
263,Clonaslee Health Centre,Clonaslee,Health Centre,,Clonaslee Medical Centre,Capparogan,Clonaslee,Co. Laois,R32 PW20,-7.52985385602079,53.1504135619159,
264,Clonbullogue Health Centre,Clonbullogue,Health Centre,,Clonbullogue,Co. Offaly,,,R45 P381,-7.08506892260826,53.2586589833697,
265,Clonbur Day & Health Centre,Clonbur,Health Centre,,Primary Care Centre,Clonbur,Co. Galway,,F12 E653,-9.36317799760347,53.5448715177965,
266,Clondalkin Health Centre,Boot Road,Health Centre,,Boot Road,Dublin 22,,,D22 E771,-6.3962066195781,53.3167191127225,
267,Clonea - Power Health Centre,Clonea,Health Centre,,Clodagh Drive,Clonea Power,Carrick-on-suir,Co. Waterford,E32 F893,-7.44583505631779,52.2819549192865,
268,Clones Business Technology Park - PCC,Clones,Health Centre,,Clones Business Technology Park,98 Avenue,Clones,Co. Monaghan,H23 AE86,-7.23091893938701,54.1805049567907,
269,Cloneygowan Health Centre,Cloneygowan,Health Centre,,Cloneygowan,Co. Offaly,,,R35 PX52,-7.2815410717723,53.1875003863708,
270,Clonmany Primary Care Centre,Clonmany,Health Centre,,Clonmany Health Centre,Cleagh,Clonmany,Co. Donegal,F93 N5DV,-7.40158379838536,55.2576728227572,
271,Clonmellon Health Centre,Clonmellon,Health Centre,,Killallon Road,Clonmellon,Co. Westmeath,,C15 FF98,-7.02360501677073,53.6649912984274,
272,Clonroche Health Centre,Clonroche,Health Centre,,Naomh Lucas Health Centre,Clonroche,Co. Wexford,,Y21 Y674,-6.71936514953225,52.4493842848369,
273,Clontibret Health Centre,Clontibret,Health Centre,,Moy Otra,Clontibret,Co. Monaghan,,H18 FN83,-6.84953260176137,54.2168798495419,
274,Cloughjordan Health Centre,Cloughjordan,Health Centre,,Step Road,Cloughjordan,Co. Tipperary,,E53 X257,-8.03551673319414,52.9433639584701,
275,Cobh Health Centre,Cobh,Health Centre,,Bishop Street,Cobh,Co. Cork,,P24 H923,-8.29458976518955,51.8534195404091,
276,Cobh Health Centre,Cobh,Health Centre,,Cobh Medical Centre,Canon O'leary Place,Cobh,Co. Cork,P24 HW13,-8.2952149342368,51.8526529852819,
277,Coen Tubbercurry PCC,,Health Centre,NULL,Teeling Street,Tubbercurry,Co. Sligo,,F91 HX89,-8.73269524745922,54.0525794569504,
278,Colehill Health Centre,Colehill,Health Centre,,Colehill,Co. Longford,,,N39 EY68,-7.68090121601299,53.598295741913,
279,Collooney Health Centre,Collooney,Health Centre,,Lower Main Street,Collooney,Co. Sligo,,F91 CRX3,-8.48941316175247,54.1856049155111,
280,Conna Dispensary Premises,Tallow,Health Centre,,Conna Health Centre,Conna,Co. Cork,,P51 DN72,-8.10749596381133,52.0932405620704,
281,Connolly Street Primary Care Centre,,Health Centre,NULL,Connolly Court,James Connolly Street,Cavan,,H12 C3W6,-7.36045440345754,53.9879276744603,
282,Convoy Health Centre,Convoy,Health Centre,,Office 7-9 Convoy Enterprise Centre,Convoy,Co. Donegal,,F93 ET66,-7.65889118270669,54.8579641425479,
283,Coolaney Health Centre,Coolaney,Health Centre,,Coolaney Primary Care Centre,Coolaney,Co. Sligo,,F56 AE39,-8.60543519534213,54.1692225859477,
284,Corduff Health Centre,,Health Centre,NULL,Corduff Green,Dublin 15,,,D15 TX83,-6.376339437432,53.3975467177965,
285,Corlough Health Centre,Corlough,Health Centre,,Corlough,Co. Cavan,,,H14 Y322,-7.7737903823783,54.1267600978567,
286,Cornamona Health Centre,,Health Centre,NULL,Cornamona,Co. Galway,,,F12 CC98,-9.45047406346532,53.5133213787741,
287,Corrandulla Health Centre,Corrandulla,Health Centre,,Corrandulla,Co. Galway,,,H91 X497,-8.99340729611471,53.3980839790123,
288,County Clinic,Ennis,Health Centre,,Ennis Health Centre,Harmony Row,Ennis,Co. Clare,V95 V651,-8.98524384968206,52.8464803454429,
289,Croom,Croom,Health Centre,,High Street,Croom,Co. Limerick.,,,-8.7168313714442,52.5190271930308,
290,Crosshaven Dispensary,,Health Centre,NULL,Upper Road,Crosshaven,Co. Cork,,P43 HP59,-8.30193720178104,51.8031866620364,
291,"Crossmolina Health Centre, ",Crossmolina,Health Centre,,Crossmolina Health Centre,Erris Street,Crossmolina,Co. Mayo,F26 E061,-9.32453988697836,54.0990971718431,
292,Cruagorm House Water St,,Health Centre,NULL,Apartment 4,Cruagorm House,Upper Main Street,Donegal,F94 PT8W,-8.10728845657398,54.6543053128224,
293,Cuan Barra,Dun Lua,Health Centre,,BÃƒÂ©al ÃƒÂtha an Ghaorthaidh,Co. ChorcaÃƒÂ­,,,,-9.2358287508635,51.8479484345016,
294,"Curlew Road Health Centre, ",Curlew Road,Health Centre,,Curlew Road,Dublin 12,,,D12 KF85,-6.32036510754963,53.3293159240287,
295,Curry Health Centre,Curry,Health Centre,,Curry,Co. Sligo,,,F91 PR90,-8.77332159301444,54.0014622209056,
296,Custom House Quay 2A-3A PCC,,Health Centre,NULL,3a Custom House Quay,Sligo,,,F91 YY77,-8.47782526199828,54.2743886054123,
297,Dalkey,Dalkey,Health Centre,,Kilbegnet Close,Dalkey,Co. Dublin.,,,-6.10618098731972,53.2767481693837,
298,"Dara  Court, St. Patrick Street PCC",,Health Centre,NULL,1 Dara Court,Saint Patrick's Street,Portumna,Co. Galway,H53 F343,-8.21825534397146,53.0920726538588,
299,Darley Health Centre,Darley,Health Centre,,The Darley Health Centre,Fairgreen,Cootehill,Co. Cavan,H16 C589,-7.08362808328303,54.0752648855318,
300,Darndale Health Centre,Darndale,Health Centre,,Darndale Belcamp Village Centre,Dublin 17,D17 X050,,,-6.19428739195836,53.4014802560051,
301,Deanery Street,Deanery Street,Health Centre,,Belturbet,Co. Cavan,H14 XN29,,,-7.439848371549,54.1020964538624,
302,Deansrath Health Centre,Deansrath,Health Centre,,Deansrath Shopping Centre,Saint Cuthbert's Road,Dublin 22,D22 R5Y0,,-6.4244245064694,53.3238183060852,
303,Delgany Health Centre,,Health Centre,NULL,Delgany,Co. Wicklow,A63 TV26,,,-6.09378411063475,53.1327555380174,
304,Delvin Health Centre,Delvin,Health Centre,,Main Street,Delvin,Co. Westmeath,N91 K2H0,,-7.09156763720753,53.6134092944704,
305,Department Of Employment Affairs And Social Protection,,Health Centre,NULL,Health Centre,Analore Street,Clones,Co. Monaghan,H23 KW98,-7.22901336024279,54.1773666532361,
306,Derrinisky,Derrinisky,Health Centre,,Derrinisky,Arigna,Co. Roscommon.,,,-8.10699608100014,54.0787351057989,
307,Derrinturn Health Centre,Derrinturn,Health Centre,,Derrinturn,Carbury,Co. Kildare,W91 CF90,,-6.94009943806427,53.3399437898408,
308,Dillons Cross,Dillons Cross,Health Centre,,Harrington Square,Ballyhooly Road,Cork.,,,-8.45688856543785,51.9082659275478,
309,Dispensary / Roscrea Health Centre,Gaol Road,Health Centre,,Gaol Road,Roscrea,Co. Tipperary,E53 XE48,,-7.79565711014227,52.9532244660536,
310,Dolanstown,Dolanstown,Health Centre,,Dolanstown,Ballydangan,Athlone,Co. Roscommon.,,-8.08557808777173,53.3499495200938,
311,Dominick Street 64 - (Drugs Services),,Health Centre,NULL,64 Dominick Street Lower,Galway,H91 D43E,,,-9.05670259732198,53.2713197900394,
312,Donabate Health Centre,Donabate,Health Centre,,Saint Patrick's Terrace,Ballalease,Donabate,Co. Dublin,K36 PN27,-6.14735323188659,53.4855592786753,
313,Donard Health Centre,Donard,Health Centre,,Donard Upper,Donard,Co. Wicklow,W91 PY65,,-6.61277218620265,53.0214257131576,
314,Donegal,Donegal,Health Centre,,Donegal Hospital,Donegal Town,Co. Donegal.,,,-8.09905380518033,54.6555686921384,
315,Donegal District Hospital,,Health Centre,NULL,Donegal Community Hospital,Drumlonagher,Donegal,F94 V670,,-8.09905379709549,54.6555686931778,
316,Donegal Town Day Care Centre,,Health Centre,NULL,The Cleary Centre,Lurganboy,Donegal,F94 D9NA,,-8.1125960823616,54.6405387841799,
317,Doneraile,Main Street,Health Centre,,Main Street,Doneraile,Co. Cork.,,,-8.58477342458113,52.21683028286,
318,Donnybrook,,Health Centre,NULL,HSE COMMUNITY CARE,VERGEMOUNT HALL,CLONSKEAGH ROAD,DUBLIN 6,,-6.24052666383538,53.3162498173129,
319,Doochary Health Centre,Doochary,Health Centre,,Doochary,Co. Donegal,F94 H324,,,-8.20841604276556,54.9061311581006,
320,Doon Health Centre,Doon,Health Centre,,Doon Health Clinic,Kilmoylan,Doon,Co. Limerick,V94 E3W6,-8.24878971289263,52.6032999448745,
321,Dooradoyle Health Centre,Dooradoyle,Health Centre,,Saint Nessan's Road,Dooradoyle,Limerick,V94 H662,,-8.65531541542245,52.6368350982744,
322,Douglas Health Centre ,Douglas,Health Centre,,Douglas Health Centre,Ravensdale,Douglas,Cork,T12 W322,-8.43686357714411,51.8733965274344,
323,Dowra,Dowra,Health Centre,,Drumnafinnila,Dowra,Co. Leitrim,,,-8.01575438174676,54.1913969410663,
324,Drimoleague Dispensary Premises,Drimoleague,Health Centre,,East End,Drimoleague,Co. Cork,P47 HP90,,-9.25876892406949,51.661691993052,
325,Drinagh,Drinagh,Health Centre,,Drinagh,Co. Cork.,,,,-9.15780051575299,51.6464849846444,
326,Drishane,Drishane,Health Centre,,Drishane Castle,Millstreet,Co. Cork.,,,-9.04781503421016,52.0776315469178,
327,Dromahaire Primary Care Centre,Dromahaire,Health Centre,,Dromahair Health Centre,Drumlease,Dromahair,Co. Leitrim,F91 VX2F,-8.29542107154338,54.2300064180928,
328,Dromcollogher Health Centre,Dromcollogher,Health Centre,,Buttevant Road,Dromcollogher,Co. Limerick,P56 TD39,,-8.90588899423805,52.3388387089429,
329,Dromina,Dromina,Health Centre,,Community Centre,Dromina,Co. Cork.,,,-8.80176578439043,52.3140260680708,
330,Dromod Primary Care Centre,Dromod,Health Centre,,Station Road,Dromod,Co. Leitrim,N41 XP03,,-7.9189094660615,53.8579792225371,
331,Drumalee Primary Care Centre,Drumalee,Health Centre,,Loughtee Business Park,Cootehill Road,Cavan,H12 NV22,,-7.35512420839671,54.0007139972923,
332,Drumcliffe Health Centre,,Health Centre,NULL,Drumcliffe Family Practice,Drumcliffe North,Drumcliffe,Co. Sligo,F91 E14K,-8.50110068377335,54.3296572527122,
333,Drumkeerin Health Centre,Drumkeerin,Health Centre,,Lugmeen,Drumkeeran,Co. Leitrim,N41 HR25,,-8.14158780229314,54.1683715407481,
334,Drumlish Health Centre,Drumlish,Health Centre,,Drumlish,Co. Longford,N39 F5D3,,,-7.77131051566284,53.8183338494961,
335,Drumshanbo Primary Care Centre,Drumshanbo,Health Centre,,Drumshambo Primary Care Centre,Ballinamore Road,Drumshanbo,Co. Leitrim,N41 E942,-8.03594688068816,54.0470950533328,
336,Dublin Road,Dublin Road,Health Centre,,Dublin Road,Dundalk,Co. Louth.,,,-6.3993759306977,53.988149298585,
337,Duleek Health Centre,Duleek,Health Centre,,Navan Road,Duleek,Co. Meath,A92 KRN8,,-6.41996406206328,53.6544971634082,
338,Dun Laoghaire,Dun Laoghaire,Health Centre,,Centenary House,35 York Road,Dun Laoghaire,Co. Dublin,A96 D850,-6.14425530988262,53.2897084486053,
339,Dunboyne Health Centre,,Health Centre,NULL,Dunboyne Primary Care Centre,Rooske Road,Dunboyne,Co. Meath,A86 PW80,-6.4722200556772,53.4165175652341,
340,Dungarvan,Dungarvan,Health Centre,,Saint Mary Street,Dungarvan,Co. Waterford.,,,-7.62110637997333,52.0883783830595,
341,Dungloe PSO / Early intervention Clinics,,Health Centre,NULL,Dungloe Public Services Centre,Gweedore Road,Dungloe,Co. Donegal,F94 H4CF,-8.36027560643705,54.9542142474617,
342,Dunkineely Health Centre,Dunkineely,Health Centre,,Main Street,Dunkineely,Co. Donegal,F94 C92X,,-8.36457067010103,54.6309910704079,
343,Dunlavin,Dunlavin,Health Centre,,Kilcullen Street,Dunlavin,Co. Wicklow,W91 D289,,-6.69915869077135,53.0596936036975,
344,Dunleer,Dunleer,Health Centre,,School Lane,Dunleer,Co. Louth.,,,-6.39450777332348,53.8277256030108,
345,Dunmanway Dispensary,Dunmanway,Health Centre,,Main Street,Dunmanway,Co. Cork,P47 KX20,,-9.11010137823304,51.7231640585084,
346,Dunmanway Family Resource Centre,,Health Centre,NULL,Kilbarry Road,Dunmanway,Co. Cork,P47 EC43,,-9.1211134578901,51.7169959223271,
347,Dunmore East Health Centre,Dunmore East,Health Centre,,Lower Dunmore,Dunmore East,Co. Waterford,X91 CC4V,,-6.99497843954432,52.1555942705301,
348,Dunmore Health Centr,Dunmore,Health Centre,,Dunmore Health Centre,The Square,Dunmore,Co. Galway,H54 T864,-8.74401739500966,53.61690893066,
349,Dunshaughlin Health Centre Campus,,Health Centre,NULL,Dunshaughlin Health Care Unit,Main Street,Dunshaughlin,Co. Meath,A85 WD91,-6.54279936433208,53.5081676171186,
350,Durrow Health Centre,Durrow,Health Centre,,The Square,Durrow,Co. Laois,R32 WEY2,,-7.39454730734124,52.8462876934089,
351,Easkey Primary Care Centre,,Health Centre,NULL,Easkey Primary Care And Day Care Centre,Bunowna,Easkey,Co. Sligo,F26 YK85,-8.95483498528753,54.285997169431,
352,Eason's Hill,Eason's Hill,Health Centre,,Eason's Hill,Cork.,,,,-8.47575078251266,51.9038195153015,
353,East Wall Health Centre,East Wall,Health Centre,,East Wall Community Welfare Service Office,Church Road,Dublin 3,D03 DX23,,-6.23661107909013,53.3520253640912,
354,Edenderry,Edenderry,Health Centre,,Ofalia House,St. Mary's Street,Edenderry,Co. Offaly.,,-7.06318144915113,53.3358839784059,
355,Edenmore Health Centre,Edenmore,Health Centre,,Edenmore Shopping Centre,Edenmore Park,Raheny,Dublin 5,D05 XE68,-6.18271162844365,53.3882033865796,
356,Edgeworthstown Health Centre,Edgeworthstown,Health Centre,,Ashling House,Dublin Road,Edgeworthstown,Co. Longford,N39 RW35,-7.60935372560277,53.6933696581378,
357,Elphin Health Centre,Elphin,Health Centre,,Chapel Street,Elphin,Co. Roscommon,F45 T671,,-8.20103100718785,53.8454007328407,
358,Ely Place 10 - PCC,,Health Centre,NULL,10 Ely Place,Sea Road,Galway,H91 N6W6,,-9.06241562740744,53.2687115319525,
359,Emo Health Centre,Emo,Health Centre,,Killimy,Emo,Co. Laois,R32 RY27,,-7.20906691165434,53.0968202569382,
360,"Emyvale Health Centre, Unit 6",Emyvale,Health Centre,,Main Street,Emyvale,Co. Monaghan,H18 P521,,-6.95878876178625,54.338300311405,
361,Enfield Health Centre,,Health Centre,NULL,Johnstown Road,Enfield,Co. Meath,A83 YN20,,-6.83321832483591,53.4140705757367,
362,"Enniscrone, Primary Care Centre",Enniscrone,Health Centre,,Enniscrone Primary Care Centre,Nephin Drive,Inniscrone,Co. Sligo,F26 R8X3,-9.08233186475457,54.2155036628945,
363,Enniskeane,Enniskeane,Health Centre,,Community Centre,Enniskeane,Co. Cork,,,-8.94190954258433,51.735639353278,
364,"Ennistymon Health Centre, on",Ennistymon,Health Centre,,Ennis Road,Ennistymon,Co. Clare,V95 W681,,-9.28889250419101,52.9368467008738,
365,Errill,Errill,Health Centre,,Errill,Co. Laois.,,,,-7.6812524348312,52.8588839148125,
366,Euro House PCC,,Health Centre,NULL,Eurohouse,Drimark,Donegal,F94 VFD6,,-8.14147113629056,54.6524462103119,
367,Eyeries Health Centre,Eyeries,Health Centre,,Hse,Eyeries Health Centre,Eyeries,Co. Cork,P75 EW93,-9.95693781566393,51.6950465245217,
368,Eyrecourt Health Centre,Eyrecourt,Health Centre,,Eyrecourt,Co. Galway,H53 FX94,,,-8.13009414569373,53.2005751779696,
369,Fahan Health Centre,Fahan,Health Centre,,Magherabeg,Burnfoot,Co. Donegal,F93 PH90,,-7.44050218966728,55.069740775273,
370,Fairhill,Fairhill,Health Centre,,27 Bridevalley View,Fairhill,Cork.,,,-8.25729120524816,51.9093319800844,
371,Falcarragh Health Centre,Station Road,Health Centre,,Ballyconnell,Falcarragh,Co. Donegal,F92 AY61,,-8.10083500448863,55.1377821557798,
372,Farranfore,Farranfore,Health Centre,,Farranfore,Co. Kerry,,,,-9.55020938762898,52.1718664166569,
373,Farranree,Farranree,Health Centre,,Farranree Community Centre,Popham's Road,Farranree,Cork.,,-8.48072425387921,51.9147638595628,
374,"Fedamore Health Clinic, ",Fedamore,Health Centre,,Ballyea,Fedamore,Co. Limerick,V35 V094,,-8.60233545245308,52.5456375735542,
375,"Ferbane Health Centre, ",Ferbane,Health Centre,,Belmount Road,Ferbane,Co. Offaly,R42 PK22,,-7.83402583038671,53.2716959772981,
376,"Ferns Primary Care Centre,",Ferns,Health Centre,,Coolbawn,Ferns,Co. Wexford,Y21 D893,,-6.50348329785698,52.5912937972521,
377,Ferrybank,Ferrybank,Health Centre,,Community Hall,Ferrybank,Waterford.,,,-7.09929278393493,52.2671669839424,
378,Fethard,New Ross,Health Centre,,HSE,Health Centre,Fethard-on-sea,Co. Wexford,,-6.84943539865771,52.1988992763374,
379,Finea,Finea,Health Centre,,Finea,Co. Westmeath.,,,,-7.38431029860291,53.7786866621626,
380,Florence Road - PCC,,Health Centre,NULL,24 Florence Road,Bray,Co. Wicklow,A98 F2P7,,-6.10821101547013,53.203574924569,
381,Fontstown,Fontstown,Health Centre,,Rathsillagh Upper,Fontstown,Co. Kildare.,,,-6.87250806707989,53.0604893901874,
382,Foxford Health Centre ,Foxford,Health Centre,,Dispensary Road,Foxford,Co. Mayo,F26 YA02,,-9.10723430349412,53.9803208312154,
383,Foynes Health Centre,Foynes,Health Centre,,Main Street,Foynes,Co. Limerick,V94 W3V7,,-9.1080251416427,52.6115277329929,
384,FRC Broad Street,FRC Broad Street,Health Centre,,Family Resource Centre,Broad Street,Charleville,Co. Cork.,,-8.68177594429312,52.3547941340399,
385,Freemount,Freemount,Health Centre,,Community Centre,Freemount,Co. Cork.,,,-8.88421129536608,52.2775589625171,
386,Freshford Health Centre,Freshford,Health Centre,,Kilkenny Street,Freshford,Co. Kilkenny,R95 YW0X,,-7.39279372134648,52.7324903451079,
387,Frosses,Frosses,Health Centre,,Frosses,Co. Donegal.,,,,-8.2419883891118,54.6678157439552,
388,Gallanstown Health Centre,,Health Centre,NULL,Daughters Of Charity Child And Family Service,Cherry Orchard Avenue,Dublin 10,D10 AA25,,-6.37268212641577,53.3368654105408,
389,Geevagh Health Centre,Geevagh,Health Centre,,Ballynashee,Geevagh,Co. Sligo,F52 Y338,,-8.24614646508487,54.1009761898197,
390,Glantane,Glantane,Health Centre,,Community Hall,Glantane,Co. Cork.,,,-8.7483721427411,52.1050637996462,
391,Glanworth Dispensary Premises,Glanworth,Health Centre,,Main Street,Glanworth,Co. Cork,P51 HW14,,-8.35691360848564,52.1864698074855,
392,Glasnevin Health Centre,,Health Centre,NULL,Botanic Healthcare,202 Botanic Avenue,Dublin 9,D09 Y861,,-6.26773304502179,53.372344129587,
393,Glasson Health Centre,Glasson,Health Centre,,Glasson,Co. Westmeath,N37 K544,,,-7.86418580215873,53.472074554073,
394,Glen Abbey Complex,,Health Centre,NULL,Belgard Road,Dublin 24,D24 TD73,,,-6.37053667014126,53.2957971375808,
395,Glenamaddy Health Centre,Glenamaddy,Health Centre,,Kilkerrin Road,Glenamaddy,Co. Galway,F45 E449,,-8.56025648526933,53.6049370599657,
396,Glenbeigh Health Centre,Glenbeigh,Health Centre,,Kilnabrack Lower,Glenbeigh,Co. Kerry,V93 YH33,,-9.94468451311755,52.0550573874436,
397,Glengad Health Centre,Glengad,Health Centre,,Bunn,Malin,Co. Donegal,F93 FE08,,-7.17898527297511,55.3277010946944,
398,Glengarriff,Glengarriff,Health Centre,,Glengarriff,Co. Cork.,,,,-9.55037943691563,51.7499812044444,
399,Glenmore,Glenmore,Health Centre,,Robinstown,Glenmore,Co. Kilkenny.,,,-7.02842274002995,52.3537218366027,
400,Glenties Primary Care Centre,,Health Centre,NULL,Glenities Primary Care Centre,Main Street,Glenties,Co. Donegal,F94 FY64,-8.28133733841788,54.7949838493554,
401,Glin Health Centre,Glin,Health Centre,,Church Street,Glin,Co. Limerick,V94 AK65,,-9.2872701297199,52.5697347807466,
402,Gneeveguilla,Gneeveguilla,Health Centre,,Gneeveguilla,Co. Kerry,,,,-9.2719292591515,52.1158590043183,
403,Goleen Health Centre,Goleen,Health Centre,,Calnan Park,Goleen,Co. Cork,P81 TN93,,-9.71273847728859,51.4947266155191,
404,Goresbridge Health Centre,Goresbridge,Health Centre,,Barrack Street,Goresbridge,Co. Kilkenny,R95 FX09,,-6.9948003521325,52.6307194335965,
405,Gorey Primary Care Centre PCC,,Health Centre,NULL,The Avenue,Gorey,Co. Wexford,Y25 DH98,,-6.29589986538412,52.6745348485119,
406,Gort Health Centre,Gort,Health Centre,,Ennis Road,Gort,Co. Galway,H91 HNX0,,-8.81376270146651,53.062495228516,
407,Gort Health Centre (Dental),,Health Centre,NULL,Georges Street,Gort,Co. Galway,H91 F788,,-8.81295454469758,53.0631543679614,
408,Gortboy,Gortboy,Health Centre,,Gortboy,Newcastlewest,Co. Limerick.,,,-9.05325238930122,52.4549376266358,
409,Gouldshill,Gouldshill,Health Centre,,Gouldshill House,Mallow,Co. Cork.,,,-8.66111297158626,52.1193132550959,
410,Gowran Health Centre ,Gowran,Health Centre,,Main Street,Gowran,Co. Kilkenny,R95 PYW6,,-7.06298291069356,52.6299811184927,
411,"GP Training Unit, University College Dublin",,Health Centre,NULL,University College Dublin,D04 N2E5,,,,-2.60511491828239e-08,-1.53611898283798e-07,
412,Graiguecullen Health Centre ,Graigue,Health Centre,,Oakley Park,Graiguecullen,Carlow,Co. Laois,R93 DY61,-6.94381284887,52.8405511467377,
413,Graiguenamanagh Health Centre,Graiguenamanagh,Health Centre,,Convent Lane,Graiguenamanagh,Co. Kilkenny,R95 A520,,-6.95436127387297,52.5421040735324,
414,Granard Health Centre,Granard,Health Centre,,Carra,Granard,Co. Longford,N39 P682,,-7.48702104510848,53.7801881634429,
415,Grattan Street,Grattan Street,Health Centre,,Grattan Street,Cork.,,,,-8.47926751078019,51.8989671425637,
416,Green Road - Community Mental Health Centre,,Health Centre,NULL,Mental Health Hse,Green Road,Mullingar,Co. Westmeath,N91 Y982,-7.34827821139681,53.5316042403875,
417,Green Street - PCC,,Health Centre,NULL,16-22 Green Street,Dublin 7,D07 CR20,,,-6.27039573686387,53.3505074710164,
418,Greystones Health Centre,Greystones,Health Centre,,Victoria Road,Greystones,Co. Wicklow,A63 ET81,,-6.06918411848163,53.1497518067556,
419,Grosvenor Court,Grosvenor Court,Health Centre,,Killarney,Co. Kerry,,,,-9.50962430708466,52.0614173300097,
420,Grove Road Primary Care Centre,,Health Centre,NULL,Block 3,Grove Road,Dublin 15,D15hnt2,,-6.39366372167243,53.3910164202462,
421,Grove Road Primary Care Centre,,Health Centre,NULL,Block 3,Grove Road,Dublin 15,D15 HNT2,,-6.39366372167243,53.3910164202462,
422,Gurranebraher,Gurranebraher,Health Centre,,St. Mary's Orthopaedic Hospital,Gurranebraher,Co. Cork.,,,-8.49733746138513,51.9050535112842,
423,Gurteen Health Centre,Gurteen,Health Centre,,Hse,Gurteen Health Centre,Gurteen,Co. Sligo,F56 AW98,-8.51821759911694,53.9939870162925,
424,Hacketstown,Hacketstown,Health Centre,,Moffets Lane,Hacketstown,Co. Carlow.,,,-6.56087653649355,52.8651014617847,
425,Headford Health Centre,Headford,Health Centre,,Galway Road,Headford,Co. Galway,H91 Y6X4,,-9.10706835861,53.468383126508,
426,Health Service Executive (HSE),,Health Centre,NULL,Dr. Steeven's Hospital,Steeven's Lane,Dublin 8,D08w2a8,,-6.29213793297664,53.3451739031141,
427,Heatherside,Heatherside,Health Centre,,Heatherside Hospital,Doneraile,Co. Cork.,,,-8.59806926693052,52.2700830789823,
428,Hollymount Health Centre,Hollymount,Health Centre,,Kilrush,Hollymount,Co. Mayo,F12 CH56,,-9.11793932461405,53.6573310636227,
429,Hollywood Health Centre,,Health Centre,NULL,Hollywood,Co. Wicklow,W91 NWK5,,,-6.59916394213679,53.0918970594583,
430,"Hospital Health Centre, ",,Health Centre,NULL,Knockainey Road,Hospital,Co. Limerick,V35 EA44,,-8.43445335681264,52.4743102087022,
431,Howth Health Centre,Howth,Health Centre,,Main Street,Howth,Co. Dublin,D13 C2H5,,-6.06503115751584,53.3860338964732,
432,Hse- The Derg Centre,,Health Centre,NULL,Gortlandroe Industrial Estate,Gortlandroe,Nenagh,Co. Tipperary,E45 P597,-8.21861437364103,52.8723932020797,
433,HSE - 1st Floor Beechmount Shopping Centre,,Health Centre,NULL,Trim Road,Navan,Co. Meath,C15 Y9XP,,-6.68943049679306,53.642614087682,
434,HSE - Area Medical Officers / Community Health Organization,Coolock,Health Centre,,Coolock Primary Care Centre,Cromcastle Road,Dublin 5,D05 V026,,-6.21678036674793,53.3956740395821,
435,"HSE - Ballymun Civic Centre, ",,Health Centre,NULL,Main Street,Dublin 9,D09 C8P5,,,-6.2634098101905,53.3954048809155,
436,"HSE - Beldale Methadone Clinic Rehabilitation Centre, ",,Health Centre,NULL,Belcamp Business Park,Belcamp Lane,Dublin 17,D17 X251,,-6.18795561577993,53.4025380403315,
437,"HSE - Castleknock Health Facility,",,Health Centre,NULL,Castleknock Road,Dublin 15,D15 ED74,,,-6.35834720457388,53.3715066264701,
438,"Hse - Castlerea Primary Care Centre, ",,Health Centre,NULL,Knock Road,Castlerea,Co. Roscommon,F45 CF21,,-8.50522460939256,53.7699708063753,
439,HSE - Churchtown Primary Care Centre ,,Health Centre,NULL,Unit 9-11,Nutgrove Retail Park,Nutgrove Avenue,Dublin 14,D14 NT35,-6.26726009549944,53.2925682945329,
440,"HSE - Corduff Primary Care Centre, ",Corduff,Health Centre,,Blackcourt Road,Dublin 15,D15 T9NH,,,-6.37372271058637,53.3991250682163,
441,"HSE - Cork Street Clinic, ",,Health Centre,NULL,39 Cork Street,Dublin 8,D08 YE35,,,-6.2852528835164,53.3368056188526,
442,HSE - Crisis Pregnancy Agency,,Health Centre,NULL,89-94 Capel Street,Dublin 1,D01 P281,,,-6.27004786965999,53.3505753312983,
443,"HSE - Domville House Clinic,",,Health Centre,NULL,Ballymun Road,Dublin 9,D09 DX26,,,-6.26299152315316,53.3992172233823,
444,HSE - Dublin North City and County,,Health Centre,NULL,Fujitsu Unit 100,Lakeshore Drive Airside Business Park,Swords,Co. Dublin,K67 R8X2,-6.21925860571609,53.4511440616213,
445,HSE - Dundrum Health Centre,,Health Centre,NULL,Dundrum,Co. Tipperary,E34 V042,,,-8.0447451907866,52.5604006519561,
446,"HSE - Emly Health Centre, ",Emly,Health Centre,,Galtee View,Emly,Co. Tipperary,E34 CP44,,-8.34877346435147,52.4627603135198,
447,"Hse - Fethard Health Centre, ",Fethard,Health Centre,,Rocklow Road,Fethard,Co. Tipperary,E91 W7Y0,,-7.69597655805811,52.4666599919148,
448,"HSE - Galbally Health Centre, ",Galbally,Health Centre,,Galbally,Co. Limerick,E34 DN20,,,-8.29053042933758,52.4001469906363,
449,"Hse - Glenfarne Health Centre, ",Glenfarne,Health Centre,,Brockagh Lower,Glenfarne,Co. Leitrim,F91 VR70,,-7.98570013809041,54.2846192103349,
450,Hse - Gurteeny Health Centre,Gorteeney,Health Centre,,Gurteeny,Woodford,Co. Galway,H62 EK70,,-8.36217644427322,53.0194052382463,
451,"HSE - Hartstown Health Centre, ",Hartstown,Health Centre,,Cherryfield Lawn,Dublin 15,D15 CR62,,,-6.4211179228929,53.3923657557305,
452,HSE - Haven House,,Health Centre,NULL,Morning Star Avenue,Dublin 7,D07 WF50,,,-6.2772172808234,53.3522152519538,
453,HSE - J5 Plaza,,Health Centre,NULL,North Park,North Road,Dublin 11,D11 PXT0,,-6.312716102924,53.4016956949053,
454,"Hse - Johnstown Health Centre, ",Johnstown,Health Centre,,Urlingford Road,Johnstown,Co. Kilkenny,E41 VY73,,-7.5595200885598,52.7456443811334,
455,"Hse - Kilsheelan Health Centre, ",Kilsheelan,Health Centre,,Chapel Road,Kilsheelan,Clonmel,Co. Tipperary,E91 KT61,-7.58108201615124,52.3630979473737,
456,"Hse - Kinlough Primary Care Centre, ",Kinlough,Health Centre,,Kinlough,Co. Leitrim,F91 P928,,,-8.28541106438236,54.4483220838607,
457,"HSE - Leopardstown Primary Care Centre, ",,Health Centre,NULL,Leopardstown Shopping Centre,Ballyogan Road,Dublin 18,D18 P3V8,,-6.19748584712073,53.259242942488,
458,"HSE - Lifford Health Centre, ",Lifford,Health Centre,,Lifford Bridge,Lifford,Co. Donegal,F93 TH24,,-7.48324975854395,54.8315919158208,
459,"Hse - Loch Gowna Health Centre,",Loch Gowna,Health Centre,,Loch Gowna,Co. Cavan,H12 YV63,,,-7.53656242425693,53.875295107942,
460,"HSE - Main Hospital Reception, Saint Mary's Hospital,Keltoi - Downstream Drug Unit",,Health Centre,NULL,Acres Road,Phoenix Park,Dublin 20,D20 TY72,,-6.33634129543306,53.3498273179157,
461,"HSE - Millbrook Lawns Primary Care Centre, ",,Health Centre,NULL,Saint Dominic's Road,Dublin 24,D24 K3EV,,,-6.355062074563,53.2847118660316,
462,HSE - Millstead PCC,,Health Centre,NULL,3 Millstead,Dublin 15,D15 RX5A,,,-6.37198857401584,53.3861664054242,
463,"HSE - Mountview Health Centre,",Mountview,Health Centre,,Shelerin Road,Dublin 15,D15 T656,,,-6.40854327051151,53.3893285800309,
464,"HSE - New Inn Health Centre,",,Health Centre,NULL,New Inn,Cashel,Co. Tipperary,E25 NV26,,-7.87795096124345,52.4407277722273,
465,"Hse - Newcastle Health Centre, ",Newcastle,Health Centre,,Newcastle,Co. Tipperary,E91 E370,,,-7.8098494774334,52.2722535524336,
466,HSE - Northside Civic Centre ,,Health Centre,NULL,Bunratty Road,Dublin 17,D17 K462,,,-6.20690910887412,53.3938358627216,
467,"HSE - Old County Road Health Centre, ",,Health Centre,NULL,57 Old County Road,Dublin 12,D12 KT66,,,-6.30171297767371,53.3288314931757,
468,HSE - Parlickstown House,,Health Centre,NULL,Parlickstown House,B.a.s.e. Enterprise Centre,Ladyswell Road,Dublin 15,D15 X2VW,-6.39996576271663,53.4077273779147,
469,"HSE - Piltown Health Centre, ",Piltown,Health Centre,,Main Street,Piltown,Co. Kilkenny,E32 VH98,,-7.33292139303717,52.3515312969364,
470,HSE - Primary Care Centre,,Health Centre,NULL,Clonbrusk West,Coosan,Athlone,Co. Westmeath,N37 P8P8,-7.941827465253,53.4334259827944,
471,"HSE - Rehabilitation Centre, ",,Health Centre,NULL,Glin Road,Dublin 17,D17 KW14,,,-6.20702548651749,53.4003410737908,
472,HSE - Soilse Drug Rehabilation Centre,,Health Centre,NULL,1/2 Henrietta Place,Dublin 1,D01 E860,,,-6.27133591364023,53.350903919644,
473,"Hse - Templemore Health Centre, ",Templemore,Health Centre,,Marian Road,Templemore,Co. Tipperary,E41 XE22,,-7.83339349817337,52.798967673476,
474,HSE - Terenure Health Centre,Terenure,Health Centre,,68 Terenure Road North,Dublin 6w,D6W DC67,,,-6.28308217739587,53.3122426901313,
475,"HSE - The Drug Treatment Centre, Mccarty Centre",,Health Centre,NULL,30/31 Pearse Street,Dublin 2,D02 NY26,,,-6.25304086408974,53.3450162476255,
476,Hse - Tipperary Civic Offices / Nenagh Civic Offices,,Health Centre,NULL,Limerick Road,Nenagh,Co. Tipperary,E45 A099,,-8.21040250262471,52.8625027175315,
477,"HSE - Unit 1, Phoenix Industrial Estate, ",,Health Centre,NULL,Navan Road,Dublin 15,D15 K201,,,-6.33534928316985,53.3737706475326,
478,"HSE 5 Church Street, PCC",,Health Centre,NULL,5 Church Street,Dublin 11,D11 V4K8,,,-6.30142520327074,53.387915684438,
479,HSE Area Office,,Health Centre,NULL,HSE,Arden Road,Tullamore,Co. Offaly,R35 TY28,-7.49169579160877,53.2796414269532,
480,HSE Benburb Street - PCC,,Health Centre,NULL,75 Benburb Street,Dublin 7,D07 FV12,,,-6.28216771669115,53.3472479316739,
481,HSE Civil Registration Service,,Health Centre,NULL,Joyce House,8-11 Lombard Street East,Dublin 2,D02 Y729,,-6.24865128328482,53.3447495815386,
482,"HSE, 3rd Floor Park House",,Health Centre,NULL,191/193a North Circular Road,Dublin 7,D07 EWV4,,,-6.2873521358426,53.357869397739,
483,"HSE, Athenry Primary Care Centre",Monivea,Health Centre,,Raheen,Athenry,Co. Galway,H65 KH93,,-8.75544704574677,53.2996665100874,
484,"HSE, Counselling Services Centre, Strand House",,Health Centre,NULL,3 Philipsburgh Avenue,Dublin 3,D03 P897,,,-6.24006463333528,53.3628929717522,
485,"HSE, Sir Patrick Dun's Hospital, ",,Health Centre,NULL,Grand Canal Street Lower,Dublin 2,D02 P667,,,-6.24152344615274,53.3390284486993,
486,"HSE, Vernon Avenue Health Centre",Clontarf,Health Centre,,161-171 Vernon Avenue,Dublin 3,D03 WT26,,,-6.19410505371861,53.3693029376974,
487,"HSE, Wellmount Health Centre",Wellmount,Health Centre,,Wellmount Park,Dublin 11,D11 RH76,,,-6.3116119889982,53.3853307182323,
488,"Inchicore Family DoctorsInchicore Primary Care & Mental Health Centre, ",,Health Centre,NULL,Patriots Path,Dublin 8,D08 KW35,,,-6.31625817086909,53.338774710796,
489,Inchicore Health Centre,,Health Centre,NULL,124e Emmet Road,Dublin 8,D08 R2W2,,,-6.31731226300661,53.3397024761859,
490,Inchigeela,Inchigeela,Health Centre,,Inchigeela,Co. Cork.,,,,-9.12717197015237,51.8419356845985,
491,Industrial Estate Unit 6 - PCC,,Health Centre,NULL,PÃƒÂ¡irc GhnÃƒÂ³ Ghaoth Dobhair,Factory Road,Derrybeg,Co. Donegal,F92 YE06,-8.28834936474352,55.0650908646455,
492,Inis Meain  Nurse's Residence,,Health Centre,NULL,MÃƒÂ³inÃƒÂ­n Na Ruaige,Inis MeÃƒÂ¡in,Co. Galway,H91 E2RH,,-9.58422868445663,53.0850981089563,
493,Inis Mhor Health Centre & PHN,,Health Centre,NULL,Lower Kilronan,Inishmore,Co. Galway,H91 E677,,-9.67368721349802,53.118210581557,
494,Inisboffin Health Centre,Inisboffin,Health Centre,,Middlequarter,Inishbofin,Co. Galway,H91 P237,,-10.210200912711,53.6138341644439,
495,Inishturk Health Centre,Inishturk,Health Centre,,Garranty,Inishturk,Co. Mayo,H91 P38C,,-10.0913716016376,53.7064839984337,
496,"Inistioge Health Centre, ",Inistioge,Health Centre,,Inistioge,Co. Kilkenny,R95 V840,,,-7.06112842951934,52.4852624967711,
497,Innishannon,Innishannon,Health Centre,,Innishannon Medical Centre,Main Street,Innishannon,Co. Cork,,-8.65630971210144,51.7646826918018,
498,Inver Geal / Now Doc,,Health Centre,NULL,Inver Geal,Cortober,Carrick-on-shannon,Co. Roscommon,N41 T6D7,-8.10024502604431,53.9416112076807,
499,Ionad SlÃƒÂ¡inte ÃƒÂrainn MhÃƒÂ³r / Arranmore Health Centre,Arranmore,Health Centre,,Ballintra,Arranmore,Co. Donegal,F92 DX08,,-8.50620769150352,54.9780518555181,
500,Ionad SlÃƒÂ¡inte Ailt an ChorrÃƒÂ¡in,Burtonport,Health Centre,,Burtonport,Co. Donegal,F94 HX66,,,-8.43830012252228,54.9846132371453,
501,Ionad SlÃƒÂ¡inte an Chaiseal,Cashel,Health Centre,,Cashel Health Centre,Lehenagh,Cashel,Co. Galway,H91 K02X,-9.79451233409595,53.4148006880057,
502,Ionad SlÃƒÂ¡inte an Chraoslaigh,Creeslough,Health Centre,,Creeslough Health Centre,Creeslough,Co. Donegal,F92 YF77,,-7.90994131239061,55.1228201376617,
503,Ionad SlÃƒÂ¡inte an Seanphobal,Old Parish,Health Centre,,LoiscreÃƒÂ¡n,An Seanphobal,Co. Phort LÃƒÂ¡irge,,,-7.62241172011607,52.0149692490893,
504,Ionad SlÃƒÂ¡inte an SpidÃƒÂ©il,Spiddal,Health Centre,,Spiddal Health Centre,Spiddal West,Spiddal,Co. Galway,H91 NF72,-9.30559614329994,53.2451255768233,
505,Ionad SlÃƒÂ¡inte An tSlÃƒÂ©ibhe Riabhaigh,Slievereagh,Health Centre,,An Sliabh Riabhach,Baile BhÃƒÂºirne,Co. ChorcaÃƒÂ­,,,-9.16848078918512,51.9443427986799,
506,Ionad SlÃƒÂ¡inte Anagaire,Annagry,Health Centre,,Gaoth Dobhair,Annagry,Co. Donegal,F94 YV34,,-8.32758851207408,55.0212060136456,
507,Ionad SlÃƒÂ¡inte Ard an RÃƒÂ¡tha,Ardara,Health Centre,,BÃƒÂ³thar Phort Nua,Ard an RÃƒÂ¡tha,Co. DhÃƒÂºn na nGall,F94 RF29,,-8.41030889045867,54.7658992301075,
508,Ionad SlÃƒÂ¡inte BÃƒÂ©al ÃƒÂtha na mBreac,Kilmeelickin,Health Centre,,BÃƒÂ©al ÃƒÂtha na mBreac,An MÃƒÂ¡m,Co. na Gaillimhe,,,-9.61364411635151,53.5368249109581,
509,Ionad SlÃƒÂ¡inte BÃƒÂ©al an Mhuirthead,,Health Centre,NULL,OspidÃƒÂ©al Pobail BhÃƒÂ©al an Mhuirthead,BÃƒÂ©al an Mhuirthead Co. Mhaigh Eo,,,,-9.98633140592098,54.2282829795745,
510,Ionad SlÃƒÂ¡inte BÃƒÂ©al an Mhuirthead,Comm Hosp,Health Centre,,BÃƒÂ©al an Mhuirthead,Co. Mhaigh Eo,,,,-9.98633140592098,54.2282829795745,
511,Ionad SlÃƒÂ¡inte Baile na Finne,Fintown,Health Centre,,Fintown,Co. Donegal,F94 X5D9,,,-8.11430627613489,54.869397638943,
512,Ionad SlÃƒÂ¡inte Bhaile an Sceilg,Ballinskelligs,Health Centre,,Baile an Sceilg,Co. ChiarraÃƒÂ­,,,,-10.2787580921017,51.8226259693579,
513,Ionad SlÃƒÂ¡inte Bhaile na Cille,Ballynakill,Health Centre,,Bhaile na Cille,Co. na Gaillimhe,,,,-8.80739869463399,53.0028634445745,
514,Ionad SlÃƒÂ¡inte Bhun na Leaca,Brinlack,Health Centre,,Chapel Road,Brinlack,Co. Donegal,F92 V188,,-8.26122900263544,55.1260506727027,
515,Ionad SlÃƒÂ¡inte ChÃƒÂ© BhrÃƒÂ©anainn/an ClochÃƒÂ¡n,Brandon/Cloghane,Health Centre,,Halla Le ChÃƒÂ©ile,Ballyquin,Brandon,Co. Kerry,V92 DK4C,-10.1714550204214,52.2567364539434,
516,Ionad SlÃƒÂ¡inte Chamuis,Camus,Health Centre,,Camus,Co. na Gaillimhe,,,,-9.5476101303207,53.3745525094834,
517,Ionad SlÃƒÂ¡inte Charna,Carna,Health Centre,,Carna Health Centre,Carna,Co. Galway,H91 TNY0,,-9.82819038250675,53.323580774613,
518,Ionad SlÃƒÂ¡inte Charraig Airt,Carrigart,Health Centre,,Carrigart Day Centre,Carrigart,Co. Donegal,F92 KT54,,-7.79159193973255,55.1767138139348,
519,Ionad SlÃƒÂ¡inte Chill Charthaigh,Kilcar,Health Centre,,Main Street,Kilcar,Co. Donegal,F94 D59V,,-8.59110351821506,54.6322876426134,
520,"Ionad SlÃƒÂ¡inte Chloch na RÃƒÂ³n,",Roundstone,Health Centre,,Roundstone Health Centre,Coast Road,Roundstone,Co. Galway,H91 W7D0,-9.92072851241187,53.3940543695551,
521,Ionad SlÃƒÂ¡inte Choill SÃƒÂ¡ile,Kylesalia,Health Centre,,Coill SÃƒÂ¡ile,Co. na Gaillimhe,,,,-9.71039698166959,53.3539773639567,
522,Ionad SlÃƒÂ¡inte Daingean UÃƒÂ­ ChÃƒÂºis,Dingle,Health Centre,,Hospital Grounds,Dingle,Co. Kerry,,,-10.2749860536472,52.1447185336545,
523,Ionad SlÃƒÂ¡inte DhÃƒÂºn Fionnachaidh,Dunfanaghy,Health Centre,,Pound Street,Dunfanaghy,Co. Donegal,F92 H302,,-7.97119943755273,55.1818910177933,
524,Ionad SlÃƒÂ¡inte DhoirÃƒÂ­ Beaga,Derrybeg,Health Centre,,Derrybeg Health Centre,Stranacorkra,Derrybeg,Co. Donegal,F92 YF20,-8.29028850494672,55.0877685897279,
525,Ionad SlÃƒÂ¡inte Fhionnaithe,Finney,Health Centre,,Teach na Sagart,Fionnaithe,Co. Maigh Eo,,,-9.47913512881216,53.5678170239664,
526,Ionad SlÃƒÂ¡inte Gaoth Dobhair,,Health Centre,NULL,Bun Na Leaca Brinalack,Gaoth Dobhair,An Bunbeag,Co. DhÃƒÂºn na nGall,F92 V188,-8.30150006629244,55.0603951958794,
527,Ionad SlÃƒÂ¡inte Ghaoth SÃƒÂ¡ile ,Geesala,Health Centre,,Geesala,Ballina,Co. Mayo,F26 KX61,,-9.90295989448247,54.1149144553289,
528,Ionad SlÃƒÂ¡inte Ghleann na Muaidhe,Glenamoy,Health Centre,,Spadow,Glenamoy,Ballina,Co. Mayo,F26 P8K8,-9.68812566707469,54.2410690886924,
529,Ionad SlÃƒÂ¡inte Gleann Cholm Cille,Glencolmcille,Health Centre,,Ghleann Cholm Cille,Co. DhÃƒÂºn na nGall,,,,-8.71814547734746,54.70922460176,
530,Ionad SlÃƒÂ¡inte hEachlÃƒÂ©ime,Aughleam,Health Centre,,EachlÃƒÂ©im,Co. Mhaigh Eo,F26 PF77,,,-10.1021233099995,54.1182431975282,
531,Ionad SlÃƒÂ¡inte Inis Bigil,Inishbiggle,Health Centre,,Inis Bigil,Co. Mhaigh Eo,,,,-9.90351729552301,54.0001296426277,
532,Ionad SlÃƒÂ¡inte Inis MeÃƒÂ¡in,Inishmaan,Health Centre,,Inis MeÃƒÂ¡in Health Centre,BÃƒÂ¡ile An Mhothair,Inis MeÃƒÂ¡in,Co. Galway,H91 PX9V,-9.57771041173703,53.0830567548997,
533,Ionad SlÃƒÂ¡inte Inis OÃƒÂ­rr,Inisheer,Health Centre,,Inis Oirr Primary Care Centre,An Tra,Inis Oirr,Co. Galway,H91 X625,-9.5139144614556,53.0644345587528,
534,Ionad SlÃƒÂ¡inte Leitir MÃƒÂ³r,Lettermore,Health Centre,,Lettermore Health Centre,Lettermore,Co. Galway,H91 KXA5,,-9.65357298476732,53.2902469881719,
535,Ionad SlÃƒÂ¡inte Leitir Mhic an Bhaird,Lettermacaward,Health Centre,,Madavagh,Lettermacaward,Co. Donegal,F94 RH96,,-8.30758013722319,54.8559985831774,
536,Ionad SlÃƒÂ¡inte na Carraige,Carrick,Health Centre,,BrÃƒÂº An Tsuaimhnis,Carrick,Co. Donegal,F94 KXY1,,-8.63256360725347,54.6565342858639,
537,Ionad SlÃƒÂ¡inte na CeathrÃƒÂº Rua,Carraroe,Health Centre,,CeathrÃƒÂº Rua,Co. Na Gaillimhe,H91 X6V9,,,-9.60664111180626,53.261178965221,
538,Ionad SlÃƒÂ¡inte na MuirÃƒÂ­,Muirreagh,Health Centre,,An MhuirÃƒÂ­och,Baile na nGall,Co. ChiarraÃƒÂ­,,,-10.363173746836,52.1866304354868,
539,Ionad SlÃƒÂ¡inte na Rinne,Ring,Health Centre,,Halla Pobail,An Rinn,Co. Phort LÃƒÂ¡irge,X35 XW29,,-7.59050301774337,52.0480933740276,
540,Ionad SlÃƒÂ¡inte OileÃƒÂ¡n ThoraÃƒÂ­,Tory Island,Health Centre,,Tory Health Centre,West Town,Tory Island,Co. Donegal,F92 ED92,-8.22431247103154,55.2642417946885,
541,Ionad SlÃƒÂ¡inte Ros Muc,Rosmuc,Health Centre,,Rosmuck Health Centre,Turlough,Rosmuck,Co. Galway,H91 X8XV,-9.62459720813544,53.3644020400135,
542,Ionad SlÃƒÂ¡inte Sraith Salach,Recess,Health Centre,,Recess Health Centre,Lissoughter,Recess,Co. Galway,H91 VH76,-9.74008016451971,53.4672047924881,
543,Ionad SlÃƒÂ¡inte Thuar Mhic ÃƒÂ‰adaigh ,Tourmakeady,Health Centre,,Cappaghduff,Toormakeady,Co. Mayo,F12 RY95,,-9.36970744087364,53.650954528221,
544,JFK House Kennedy Parade,,Health Centre,NULL,J.f.k. House,John F Kennedy Parade,Sligo,F91 XTX2,,-8.4688866305609,54.271181801988,
545,"Joe Duffy Building, GMS Payment Board",,Health Centre,NULL,HSE North Road,Dublin 11,D11 XKF3,,,-6.30923814235087,53.4033993202396,
546,Johnstown,Johnstown,Health Centre,,Johnstown,Macroom,Co. Cork.,,,-9.08411486518498,51.8096965292573,
547,Johnstown Bridge Health Centre,Johnstownbridge,Health Centre,,Johnstown Bridge,Co. Kildare,A83 AV97,,,-6.85752818091518,53.4011524587964,
548,Johnstown Health Centre,Johnstown,Health Centre,,Oldtown Road,Johnstown,Navan,Co. Meath,C15 TW56,-6.64635112438645,53.6351386621667,
549,Kanturk Health Centre,Kanturk,Health Centre,,Hospital Hill,Kanturk,Co. Cork,P51 H96H,,-8.91460985518597,52.1760872476818,
550,Keadue Health Centre (New),Keadue,Health Centre,,Keadue West,Keadue,Boyle,Co. Roscommon,F52 NH70,-8.14295936534031,54.0528037000437,
551,Kealkil,Kealkil,Health Centre,,Kealkil,Co. Cork.,,,,-9.38631356516352,51.7486491073167,
552,"Keash Road, 3 Teach Cairde - PCC",,Health Centre,NULL,Teach ChairdÃƒÂ©,3 Keash Road,Ballymote,Co. Sligo,F56 V248,-8.51327770947065,54.0868320071294,
553,Kells,Kells,Health Centre,,Kells,Co. Kilkenny.,,,,-7.27502068262187,52.5402544943776,
554,Kenyon St PCC,,Health Centre,NULL,58 Kenyon Street,Nenagh,Co. Tipperary,E45 YR76,,-8.19839458657626,52.8621256292404,
555,Kenyon St PCC,,Health Centre,NULL,58 Kenyon Street,Nenagh,Co. Tipperary,E45 YR76,,-8.19839458657626,52.8621256292404,
556,Kereen,Kereen,Health Centre,,Kereen,Co. Waterford.,,,,-7.79568512679935,52.0899904995953,
557,Kerrykeel PCC,,Health Centre,NULL,Shore Road,Kerrykeel,Co. Donegal,F92 K296,,-7.66723483388024,55.1400411318722,
558,Kielduff,Kielduff,Health Centre,,Community Centre,Rathanny,Co. Kerry,,,-9.60573489314428,52.2954203527407,
559,Kilashee Health Centre,Kilashee,Health Centre,,Killashee Health Centre,Killashee,Co. Longford,N39 KW59,,-7.8784631958898,53.6814132972205,
560,Kilbarrack Health Centre,Kilbarrack,Health Centre,,Greendale/kilbarrack Health Centre,Greendale Road,Dublin 5,D05 YA29,,-6.15557671901787,53.3850026508878,
561,Kilbeggan Health Centre,Kilbeggan,Health Centre,,Mullingar Road,Kilbeggan,Co. Westmeath,N91 EYH2,,-7.49718077717286,53.3691455038319,
562,Kilcock,Kilcock,Health Centre,,Whitestown House,Kilcock,Co. Kildare.,,,-6.67655027977284,53.4051463701713,
563,Kilcogy,Kilcogy,Health Centre,,Kilcogy Village,Co. Cavan,,,,-7.42482879512007,53.8273099470032,
564,Kilconnell Health Centre,,Health Centre,NULL,Kilconnell,Ballinasloe,Co. Galway,H53 PK50,,-8.39772216202489,53.332710196157,
565,Kilcormac Health Centre,Kilcormac,Health Centre,,Freagh,Kilcormac,Co. Offaly,R42 ND89,,-7.73088851527519,53.1756769234282,
566,Kilcrohane Health Centre,Kilcrohane,Health Centre,,Kilcrohane,Co. Cork,P75 TN29,,,-9.70384116206604,51.5809623989287,
567,Kilcullen Health Centre,Kilcullen,Health Centre,,Saint Brigids Avenue,Kilcullen,Co. Kildare,R56 WY65,,-6.74688287421974,53.1285238150214,
568,Kildare Health Centre,Kildare,Health Centre,,Tully Road,Kildare,R51 W209,,,-6.91129417604637,53.1543473133322,
569,Kildorrery Health Centre,Kildorrery,Health Centre,,Limerick Road,Kildorrery,Co. Cork,P67 Y771,,-8.42814962783402,52.2470317507425,
570,Kildysart Health Centre,,Health Centre,NULL,The Square,Kildysart,Co. Clare,V95 R23F,,-9.10831339574603,52.6739709661241,
571,Kilfinane Health Centre,,Health Centre,NULL,West End,Kilfinane,Co. Limerick,V35 EP66,,-8.47247050250601,52.3579719020141,
572,Kilfinanne,Kilfinanne,Health Centre,,Kilfinanne,Co. Limerick.,,,,-8.47247050789589,52.3579719042086,
573,Kilgarven,Kilgarven,Health Centre,,Kilgarven,Co. Kerry,,,,-9.44222108105,51.9036191184787,
574,Kilkee Health Centre,Kilkee,Health Centre,,Church Road,Kilkee,Co. Clare,V15 KX04,,-9.65085773968448,52.6763002758528,
575,Kilkelly Health Centre,Kilkelly,Health Centre,,Ballaghadereen Road,Kilkelly,Co. Mayo,F35 A092,,-8.84485703791501,53.8731200647855,
576,Kilkenny,Kilkenny,Health Centre,,Community Care,James's Green,Kilkenny.,,,-7.25867451280889,52.6514103916198,
577,Kilkerrin Health Centre,,Health Centre,NULL,Hse,Kilkerrin Health Centre,Kilkerrin,Galway,H91 C803,-9.73709344047318,53.3218710262435,
578,Kill,Kill,Health Centre,,Community Hall,Kill,Co. Waterford.,,,-7.3383186563171,52.177165153576,
579,"Killala Health Centre, ",Killala,Health Centre,,Killala Health Centre,Ballina Road,Killala,Co. Mayo,F26 P6H2,-9.21527265970917,54.2099496690172,
580,Killarney Health Centre,St. Anne's Road,Health Centre,,Saint Anne's Road,Killarney,Co. Kerry,V93 TP9D,,-9.50805922985731,52.0627471865367,
581,Killavullen Dispensary,Killavullen,Health Centre,,Killavullen Health Centre,Ballymacmoy,Killavullen,Co. Cork,P51 W996,-8.51756717124053,52.1451386814133,
582,Killbrittain,Killbrittain,Health Centre,,Killbrittain,Co. Cork.,,,,-8.69226755265097,51.6734628980627,
583,Killenaule Health Centre,Killenaule,Health Centre,,River Street,Killenaule,Co. Tipperary,E41 D1W3,,-7.67094692416251,52.5688271543012,
584,Killeshandra Health Centre,Killeshandra,Health Centre,,Railway Road,Killeshandra,Co. Cavan,H12 X299,,-7.52888251219563,54.0135943364349,
585,Killester Health Centre,Killester,Health Centre,,Killester Avenue,Dublin 5,D05 T262,,,-6.21246676455141,53.3775162825216,
586,Killimor Health Centre,Killimor,Health Centre,,Killimor,Ballinasloe,Co. Galway,H53 HH93,,-8.29333032716122,53.1661020729113,
587,Killinarden Health Care Centre,Killinarden,Health Centre,,Killinarden Heights,Dublin 24,D24 YX96,,,-6.37952217567019,53.2763333472683,
588,Killorglin,Killorglin,Health Centre,,HSE,Health Centre,2 Mill Road,Co. Kerry,,-9.78678719994494,52.1080687849995,
589,Killucan (Rathwire) Health Centre,Killucan,Health Centre,,Killucan Health Centre,Rathwire,Co. Westmeath,N91 YK11,,-7.14548546468973,53.5093904099464,
590,Killybegs Health Centre Old,Killybegs,Health Centre,,Saint Catherines Road,Killybegs,Co. Donegal,F94 PK59,,-8.44670050949259,54.6347677525132,
591,"Killygordon Health Office, Main St - PCC",Killygordon,Health Centre,,Killygordon Health Centre,Main Street,Killygordon,Co. Donegal,F93 VP99,-7.68191458662035,54.7969620778983,
592,Kilmacow,Kilmacow,Health Centre,,Lower Kilmacow,Co. Kilkenny.,,,,-7.16631285604303,52.3030666938094,
593,Kilmacrennan Health Centre,Kilmacrennan,Health Centre,,Kilmacrennan,Co. Donegal,F92 TC59,,,-7.77738177681561,55.0310635499166,
594,Kilmacthomas Health Centre,Kilmacthomas,Health Centre,,Hillside Crescent,Kilmacthomas,Co. Waterford,X42 X256,,-7.42595715098214,52.2024763081474,
595,Kilmaley Health Centre,Kilmaley Health Centre,Health Centre,,An CluainÃƒÂ­n,Kilmaley,Ennis,Co. Clare,V95 P2EH,-9.10863731116949,52.8212800342756,
596,Kilmallock Health Centre,Kilmallock,Health Centre,,Railway Road,Kilmallock,Co. Limerick,V35 HD61,,-8.56621285459223,52.3963872551143,
597,Kilmanagh Health Centre,Kilmanagh,Health Centre,,Chapel Lane,Kilmanagh,Co. Kilkenny,R95 YT25,,-7.42692640622424,52.6198609428242,
598,Kilmeaden Health Centre,Kilmeaden,Health Centre,,Kilmeaden,Co. Waterford,X91 P030,,,-7.24129797626336,52.2318249872851,
599,Kilmeague,Kilmeague,Health Centre,,Kilmeague,Co. Kildare.,,,,-6.84098614962418,53.2503322958938,
600,"Kilmeedy Health Centre,",Kilmeedy,Health Centre,,Kilmeedy,Co. Limerick,V42 PY70,,,-8.91610636400767,52.4152015251001,
601,Kilmihil Health Centre,Kilmihil,Health Centre,,Main Street,Kilmihil,Co. Clare,V15 W019,,-9.31710120041864,52.7202317817406,
602,Kilmogann,Kilmoganny,Health Centre,,Mill Street,Kilmoganny,Co. Kilkenny,R95 W7XN,,-7.32828220185583,52.461766389835,
603,Kilmovee Community Centre (Ballaghaderreen),Kilmovee,Health Centre,,Kilmovee Community Centre,Kilmovee,Ballaghaderreen,Co. Mayo,F45 HE62,-8.68777148645058,53.8903712704549,
604,Kilmurray,Kilmurray,Health Centre,,Kilmurray,Macroom,Co. Cork.,,,-8.88173712935939,51.842513624946,
605,Kilrush Community Hospital,Kilrush,Health Centre,,Cooraclare Road,Kilrush,Co. Clare,V15 CH98,,-9.48424301778963,52.6417117470838,
606,Kilrush Health Centre,,Health Centre,NULL,Fahy's Road,Kilrush,Co. Clare,V15 FV18,,-9.48736115727737,52.6411229774852,
607,Kiltegan,Kiltegan,Health Centre,,Kiltegan,Co. Wicklow.,,,,-6.60637881613844,52.905151211444,
608,Kiltimagh Health Centre,Kiltimagh,Health Centre,,Cordarragh,Kiltimagh,Co. Mayo,F12 X295,,-9.00192525908098,53.8464199645888,
609,Kiltormer Health Centre,Kiltormer,Health Centre,,Mount Prospect,Kiltormer,Ballinasloe,Co. Galway,H53 R223,-8.26542443864283,53.2345125526765,
610,Kiltyclogher Health Centre,Kiltyclogher,Health Centre,,Main Street,Kiltyclogher,Co. Leitrim,F91 CD50,,-8.03831346535472,54.3558610579957,
611,Kilworth,Kilworth,Health Centre,,Main Street,Kilworth,Co. Cork.,,,-8.24477169595045,52.175640815069,
612,Kingscourt Primary Care Centre,Kingscourt,Health Centre,,Kingscourt Medical Centre,Kells Road,Kingscourt,Co. Cavan,A82 R2V8,-6.8078887865861,53.9021268170724,
613,Kinnitty Health Centre,Kinnity,Health Centre,,Castletown,Kinnitty,Birr,Co. Offaly,R42 FT85,-7.715715923414,53.098309592468,
614,Kinsale Primary Care Centre,Kinsale,Health Centre,,Kinsale Quarter,New Road,Kinsale,Co. Cork,P17 RY11,-8.52162317973269,51.708049453876,
615,Kinvara Health Centre,Kinvara,Health Centre,,HSE,Dungory West,Kinvara,Co. Galway,H91 K5X4,-8.93279996983318,53.1396647833937,
616,Kiskeam,Kiskeam,Health Centre,,Community Centre,Kiskeam,Co. Cork.,,,-9.15489740150321,52.1765853775537,
617,Knightsbridge Medical Centre PCC,,Health Centre,NULL,Trim Primary Care Centre,Knightsbridge Village,Trim,Co. Meath,C15 PHP1,-6.79740225999779,53.5460145563308,
618,Knock Health Centre,,Health Centre,NULL,Knock Medical Centre,Knock,Co. Mayo,F12 PA03,,-8.91939054180436,53.7904939267569,
619,Knockanore,Knockanore,Health Centre,,Knockanore,Co. Waterford.,,,,-7.89196861519497,52.0543876157077,
620,Knocknagoshel,Knocknagoshel,Health Centre,,Community Centre,Knocknagoshel,Co. Kerry,,,-9.38487015935154,52.3306125068378,
621,La Nua Primary Care and Mental Health,,Health Centre,NULL,Ballybane Neighbourhood Village,Castlepark Road,Ballybane,Galway,H91 VE03,-9.00218357053921,53.2827414211487,
622,"Lanesboro Health Centre,",Lanesboro,Health Centre,,Rathcline Road,Lanesborough,Co. Longford,N39 KV21,,-7.9889041367564,53.6716005503922,
623,Larkhill Health Centre,Larkhill,Health Centre,,HSE,Collins Avenue Extension,Dublin 9,D09 VH66,,-6.25022293797664,53.3848136254663,
624,Laurencetown Health Centre,,Health Centre,NULL,Lawrencetown Health Centre,Lawrencetown,Co. Galway,H53 XN73,,-8.18091067440481,53.2361679064188,
625,Laytown Health Centre,Laytown/Stamullen,Health Centre,,Laytown,Co. Meath,A92 VA03,,,-6.24020808440471,53.6809975991853,
626,Leap Health Centre,Leap,Health Centre,,Main Street,Leap,Co. Cork,P81 PY09,,-9.14043982998065,51.5813051086976,
627,Leenane Health Centre,Leenane,Health Centre,,Derraheeda,Leenane,Co. Galway,H91 R8E8,,-9.69179585544054,53.5946895826992,
628,Legga,Legga,Health Centre,,Legga,Co. Longford.,,,,-7.65687074676685,53.8930580178067,
629,Leighlinbridge Health Centre,Leighlinbridge,Health Centre,,Pump Lane,Leighlinbridge,Co. Carlow,R93 D5F2,,-6.98032111863517,52.7359382917248,
630,"Leixlip Health Centre, ",Leixlip,Health Centre,,Main Street,Leixlip,Co. Kildare,W23 YH29,,-6.48983602558533,53.3636283306218,
631,Lemybrien,Lemybrien,Health Centre,,Lemybrien,Co. Waterford.,,,,-7.52354087978461,52.1726506931911,
632,Letterkenny Town Centre PCCC,Letterkenny,Health Centre,,Pearse Road,Letterkenny,Co. Donegal,F92 F7X8,,-7.73549967991799,54.9473821315441,
633,Lifford Primary Care Centre,,Health Centre,NULL,Lifford Bridge,Lifford,Co. Donegal,F93 YW02,,-7.48337540051286,54.8312848051203,
634,"Limekiln Lane Health Centre, Walkinstown Health Centre",Limekiln Lane,Health Centre,,Parnell Road,Dublin 12,D12 X267,,,-6.29017350519817,53.3311643168752,
635,Links Business Centre,,Health Centre,NULL,Ludden,Buncrana,Co. Donegal,F93 VYX4,,-7.46430454342508,55.1121928240146,
636,Lisacul,Lisacul,Health Centre,,HSE,Lissdaly Health Centre,Lissydaly,Ballaghadereen,Co. Roscommon,-8.64122857322776,53.8597582479005,
637,Lisburn Street,Lisburn Street,Health Centre,,Dublin 7,D07 E891,,,,-6.27307498645327,53.3507673485051,
638,Liscarroll,Liscarroll,Health Centre,,Main Street,Co. Cork,,,,-8.8053049795232,52.2597989677329,
639,Lisdoonvarna Health Centre,Lisdoonvarna,Health Centre,,Main Street,Lisdoonvarna,Co. Clare,V95 Y623,,-9.29133222519642,53.0277447886249,
640,Lisdowney,Lisdowney,Health Centre,,Lisdowney,Co. Kilkenny.,,,,-7.39115244452515,52.7902064081599,
641,Lismore Health Centre,Lismore,Health Centre,,1 Ashley Court,Parks Road,Lismore,Co. Waterford,P51 FA38,-7.92771908325444,52.1372523443554,
642,Listowel,Listowel,Health Centre,,Grounds of Listowel Hospital,Co. Kerry,,,,-9.49762256066558,52.4482437424755,
643,Listowel OPD,Listowel OPD,Health Centre,,Hospital Grounds,Listowel,Co. Kerry,,,-9.49762256066558,52.4482437424755,
644,Littleton,Littleton,Health Centre,,Littleton,Thurles,Co. Tipperary.,,,-7.73892490489234,52.6358420295686,
645,Lixnaw,Lixnaw,Health Centre,,C/o Dr. Fahys Surgery,Lixnaw,Co. Kerry,,,-9.61746397572176,52.40894972715,
646,Lotamore,Lotamore,Health Centre,,20 Lotamore Park,Mayfield,Cork.,,,-8.41903824318096,51.9148776393774,
647,"Lough Sheever Corporate Park, Unit 7D",,Health Centre,NULL,7d Lough Sheever Corporate Park,Robinstown,Mullingar,Co. Westmeath,N91 CX4P,-7.34500484392626,53.5406359379611,
648,"Lough Sheever Corporate Park, Unit 7E",,Health Centre,NULL,7e Lough Sheever Corporate Park,Robinstown,Mullingar,Co. Westmeath,N91 AW73,-7.34500484392626,53.5406359379611,
649,Loughboy,Loughboy,Health Centre,,Springhill Health Centre,Waterford Road,Kilkenny,,,-7.24168837869596,52.6416121444272,
650,Loughglynn,Loughglynn,Health Centre,,Loughglynn,Co. Roscommon.,,,,-8.56925854764726,53.8284613969975,
651,Loughlinstown,Loughlinstown,Health Centre,,Loughlinstown Drive,Loughlinstown,Glenageary,Co. Dublin,A96 P3Y6,-6.12860073144731,53.2473537739026,
652,Loughrea Health Centre - Store & Playschool,,Health Centre,NULL,Lackagh More,Turloughmore,Co. Galway,H65 HD26,,-8.90536354806882,53.3665626173455,
653,Loughrea Primary Care Centre,Loughrea,Health Centre,,Saint Brendan's Campus,Lake Road,Loughrea,Co. Galway,H62 F438,-8.56595995548354,53.1904497889414,
654,Louisburgh Health Centre (Convent),Louisburgh,Health Centre,,Louisburgh Health Centre,Westport Road,Louisburgh,Co. Mayo,F28 XR50,-9.80537632558014,53.7648584307441,
655,Louth County Hospital Campus,,Health Centre,NULL,Saint Oliver Plunkett Hospital,Dublin Road,Dundalk,Co. Louth,A91 E671,-6.40288529906811,53.9890729236991,
656,Lucan Health Centre,Lucan,Health Centre,,Sarsfield Park,Lucan,Co. Dublin,,K78 D2E0,-6.44821500426207,53.3568150459532,
657,Luggacurren,Luggacurren,Health Centre,,Luggacurren,Co. Laois.,,,,-7.12810952282892,52.9470059193097,
658,Lusk Health Centre,Lusk,Health Centre,,Main Street,Lusk,Co. Dublin,,K45 VN80,-6.16589648954336,53.5266397639986,
659,Lynton House,Lynton House,Health Centre,,Main Street,Cavan,,,,-7.36211271143832,53.9926168333623,
660,Lyradoon - Child & Family Guidance Centre,,Health Centre,NULL,Lyradoon,65 Salthill Road Lower,Galway,,H91 T4C1,-9.07200579344568,53.2651360593985,
661,Macroom Community Hospital - Macroom Health Centre,,Health Centre,NULL,Macroom Community Hospital,Macroom,Co. Cork,,P12 AX83,-8.96765002144909,51.9073733850283,
662,Macroom Primary Care Centre,Macroom,Health Centre,,Unit 6,Fair Green Plaza,Macroom,Co. Cork,P12 E363,-8.9544005285751,51.905573451216,
663,"Magheranure, 1 - PCC",,Health Centre,NULL,Cootehill Community Services Centre,1 Drumlin Drive,Cootehill,Co. Cavan,H16 K094,-7.08559679063553,54.0726550697954,
664,Mahon Health Centre,,Health Centre,NULL,Lakeland Crescent,Mahon,Cork,,T12 H668,-8.40137986111333,51.8922766471162,
665,Malahide Health Centre,Malahide,Health Centre,,New Street,Malahide,Co. Dublin,,K36 EK59,-6.1539149255738,53.4510090400987,
666,Malin Health Centre,Malin,Health Centre,,Malin,Co. Donegal,F93 K009,,,-7.26232121561996,55.2964155756135,
667,Mallow,9 West End,Health Centre,,9 West End,Mallow,Co. Cork.,,,-8.64877811279187,52.137867093613,
668,Mallow,31 Fair Street,Health Centre,,31/32 Fair Street Upper,Mallow,Co. Cork.,,,-8.64360714231853,52.1383791770302,
669,Mallow,O'Brien Street,Health Centre,,O'Brien Street,Mallow,Co. Cork.,,,-8.64250404618391,52.1366046081546,
670,Mallow,Solas Nua,Health Centre,,Solas Nua Residential Home,Mallow,Co. Cork.,,,-8.64130370652149,52.1450498623539,
671,Mallow,12 Fair Street,Health Centre,,12/14 Fair Street Lower,Mallow,Co. Cork.,,,-8.64393748878111,52.1373565624505,
672,Mallow,20 West End,Health Centre,,20 West End,Mallow,Co. Cork.,,,-8.64837576546096,52.1378328804808,
673,Manorcunningham Health Centre,Manorcunningham,Health Centre,,Manorcunningham Community Resource Centre,Manorcunningham,Co. Donegal,,F92 W727,-7.62230035327534,54.9541689551062,
674,Manorhamilton Health Centre,,Health Centre,NULL,New Line,Manorhamilton,Co. Leitrim,,F91 CA34,-8.17520036890962,54.3055584742418,
675,"Marian Park, 39 - PCC",,Health Centre,NULL,39 Marian Park,Buncrana,Co. Donegal,,F93 FX68,-7.44984326186041,55.1347995377355,
676,Marino Health Centre,Marino,Health Centre,,1a Griffith Lawns,Griffith Avenue,Dublin 9,,D09 A0X7,-6.26038856209096,53.3769322444531,
677,Market Square PCC,,Health Centre,NULL,Mallow Health Centre,William O'brien Street,Mallow,Co. Cork,P51 T298,-8.64241040310375,52.1371564504805,
678,Market Street,Market Street,Health Centre,,Market Street,Dundalk,Co. Louth.,,,-6.40005569575468,54.0055183731606,
679,Markievicz House Community Care,,Health Centre,NULL,Barrack Street,Sligo,,,F91 Y8EK,-8.47491839458726,54.2768656617895,
680,Marley,Marley,Health Centre,,Marley,Graiguenamanagh,Co. Kilkenny,,,-6.90388307674901,52.5205048759834,
681,Mary Mercer Centre,Mary Mercer,Health Centre,,Fortunestown Road,Dublin 24,,,D24 K854,-6.40023059235061,53.2786640685462,
682,Materials Management Supplies Department,,Health Centre,NULL,Quartertown Industrial Estate,Mallow,Co. Cork,,P51 PKD3,-8.66487699078017,52.12570495927,
683,"Mayfield Health Centre, ",Mayfield,Health Centre,,Old Youghal Road,Mayfield,Cork,,T23 EH48,-8.44179750377356,51.911794882902,
684,Maynooth,Maynooth,Health Centre,,Leinster Street,Maynooth,Co. Kildare,,W23 HC97,-6.59154438787943,53.3791803021508,
685,"Meath Hospital, Dental Unit",,Health Centre,NULL,The Meath Primary Care Centre,Heytesbury Street,Dublin 8,,D08 HX97,-6.26976448532384,53.3360640469085,
686,Meelin,Meelin,Health Centre,,Knockduff Upper,Newmarket,Co. Cork,,,-9.03266791587549,52.2487510605051,
687,Merlin Park University Hospital Campus,,Health Centre,NULL,Merlin Park University Hospital,Galway,,,H91 N973,-8.99319867676301,53.2774188965951,
688,Mervue Health Centre,Mervue,Health Centre,,Michael Collins Road,Mervue,Galway,,H91 T6Y3,-9.01629182318043,53.281157623393,
689,Midland Regional Hospital Mullingar,,Health Centre,NULL,Regional Hospital Mullingar,Longford Road,Mullingar,Co. Westmeath,N91 NA43,-7.34911671774761,53.534176346679,
690,Midleton ,,Health Centre,NULL,Health Centre,HSE,Midleton Community Hospital,Midleton,Co. Cork,-8.17178061018373,51.9175513737119,
691,Midleton Fever Hospital and Dispensary,,Health Centre,NULL,Midleton Community Hospital,The Green,Midleton,Co. Cork,P25 NR40,-8.17157149047042,51.9182170802283,
692,Milford,Milford,Health Centre,,Kyle House,Kyle,Co. Cork,,,-8.86012855315358,52.324900542175,
693,Milford ,Milford Health Centre,Health Centre,,Castletroy,Co. Limerick,,,,-8.57370931719777,52.6707955354794,
694,Milford Primary Care  Centre,Milford,Health Centre,,Milford Health Centre,Main Street,Milford,Co. Donegal,F92 P7YE,-7.69725142554978,55.0868775159186,
695,"Millenium Court, Unit 4",,Health Centre,NULL,Millennium Court,Foxhole,Youghal,Co. Cork,P36 P840,-7.86352042362104,51.9716008926853,
696,"Millmount Avenue Health Centre, ",Millmount,Health Centre,,Millmount Avenue,Dublin 9,,,D09 WD88,-6.25858585711478,53.3697568340567,
697,Millstreet Health Centre ,Claragh Road,Health Centre,,Claragh Road,Millstreet,Co. Cork,,P51 YY43,-9.06745106905385,52.0587918995932,
698,Milltown,Milltown,Health Centre,,Milltown,Tuam,Co. Galway.,,,-8.89676180462589,53.6110327546425,
699,Milltown,Milltown,Health Centre,,Bridge Street,Milltown,Co. Kerry,,,-9.7141897828852,52.1437404917867,
700,Miltown Malbay Resource Centre,,Health Centre,NULL,Ballard Road,Miltown Malbay,Co. Clare,,V95 R2EP,-9.39746608922876,52.8567439965966,
701,Mizen Primary Care Centre,,Health Centre,NULL,Ardmanagh Road,Schull,Co. Cork,,,-9.54775033847191,51.5278109886159,
702,Moate Health Centre,Moate,Health Centre,,The Newtown,Moate,Co. Westmeath,,N37 YV26,-7.71517791430552,53.3957164937606,
703,Mohill Primary Care Centre,Mohill,Health Centre,,Mohill Health Centre,Water Street,Mohill,Co. Leitrim,N41 RH96,-7.86544098396925,53.9234304275857,
704,Monasterevin,Monasterevin,Health Centre,,Cowpasture,Monasterevin,Co. Kildare,,W34 RX79,-7.05788238520647,53.1415791092168,
705,Moneygall Health Centre,,Health Centre,NULL,Main Street,Moneygall,Co. Offaly,,E53 FC92,-7.95896563743117,52.8794185003153,
706,Monksland Health Cente -Civic Centre (TUSLA),,Health Centre,NULL,Daneswell Business Park,Monksland,Athlone,Co. Roscommon,N37 F9V4,-7.9907649276972,53.4209099546398,
707,Monksland Primary Care Centre,Monksland,Health Centre,,Daneswell Business Park,Monksland,Athlone,Co. Roscommon,N37 F670,-7.9907649276972,53.4209099546398,
708,"Mooncoin Health Centre,coin",Mooncoin,Health Centre,,Main Street,Mooncoin,Co. Kilkenny,,X91 P271,-7.25404427693261,52.292031339803,
709,Mosney,Mosney,Health Centre,,Mosney,Co. Meath,,,,-6.2416904214045,53.6614273343081,
710,Mount Alvernia,Mt. Alvernia,Health Centre,,Mount Alvernia Hospital,Mallow,Co. Cork.,,,-8.68462466824737,52.1243503507005,
711,Mountain Lodge,Mountain Lodge,Health Centre,,Mountain Lodge,Cootehill,Co. Cavan,,,-7.10940318411715,53.9802853475691,
712,"Mountbellew Health Centre, ",Mountbellew,Health Centre,,College Road,Mountbellew,Co. Galway,,H53 E309,-8.49649779800423,53.4687025941798,
713,Mountcharles Health Centre,Mountcharles,Health Centre,,Station Road,Mountcharles,Co. Donegal,,F94 DFN8,-8.19859320049232,54.6442090376573,
714,"Mountrath Health Centre, ",Mountrath,Health Centre,,Link Road,Mountrath,Co. Laois,,R32 EA32,-7.47414461628382,52.9998531799474,
715,Moville Primary Care Centre,Glencrow,Health Centre,,Moville Health Centre,Glencrow,Moville,Co. Donegal,F93 NF29,-7.04522276747057,55.1888036647177,
716,Moyderwell,Moyderwell,Health Centre,,Tralee Health Centre,Moyderwell,Tralee,Co. Kerry,,-9.69963497232636,52.2672713859891,
717,Moyne,Moyne,Health Centre,,Moyne,Thurles,Co. Tipperary.,,,-7.71382687057608,52.7347270127592,
718,Moyross Health Centre,Moyross,Health Centre,,Moyross Community Enterprise Centre,Moyross,Limerick,,V94 E5Y8,-8.64665400857333,52.6814502088652,
719,Moyvane Health Centre,Moyvane,Health Centre,,Glen Road,Moyvane,Co. Kerry,,V31 K006,-9.36918605419116,52.501491081781,
720,Muff,Muff,Health Centre,,Muff,Co. Donegal.,,,,-7.27010200758933,55.0671831041311,
721,Muirhevnamore Health Centre,Muirhevnamore,Health Centre,,Muirhevnamor,Dundalk,Co. Louth,,A91 AV96,-6.38023639021995,53.9910065670058,
722,Mulgrave Street - PCC,,Health Centre,NULL,Health Centre,63 Mulgrave Street,Dun Laoghaire,Co. Dublin,A96 YD61,-6.13610488183507,53.291306380255,
723,Mulhuddart Community Resource Centre,,Health Centre,NULL,10 Dromheath AvenueDublin 15,,,,D15 T2FH,-6.39009318342106,53.4064217259014,
724,Mullagh,Mullagh,Health Centre,,Mullagh,Co. Clare.,,,,-9.41819848194411,52.7997472417781,
725,Mullagh Health Centre,Mullagh,Health Centre,,Bailieborough Road,Mullagh,Co. Cavan,,A82 X922,-6.94905898587476,53.8125381759304,
726,Mullaghboy Industrial Estate - PCC,,Health Centre,NULL,Mullaghboy Industrial Estate,Navan,Co. Meath,,C15 C7PF,-6.7058384419515,53.6459678029362,
727,Mullinahone Health Centre,Mullinahone,Health Centre,,Kickham Street,Mullinahone,Co. Tipperary,,E41 HD82,-7.50359583346633,52.5132882563643,
728,"Mullinavat Health Centre, at",Mullinavat,Health Centre,,Main Street,Mullinavat,Co. Kilkenny,,X91 AK68,-7.17119950523738,52.3684822228087,
729,Mullingar Primary Care Centre,Mullingar,Health Centre,,Harbour Road,Mullingar,Co. Westmeath,,N91 V6R9,-7.34427483789208,53.5325016024819,
730,Mulranny Health Centre &  CWO Depot,Mulranny,Health Centre,,Mulranny,Westport,Co. Mayo,,F28 DK28,-9.77446624437619,53.9070637059617,
731,Murroe Health Centre,Murroe,Health Centre,,Main Street,Murroe,Co. Limerick,,V94 DX39,-8.39856034049062,52.6518548432734,
732,Museum House,,Health Centre,NULL,Francis Street,Ennis,Co. Clare,,V95 HA29,-8.98152664529088,52.8451853303988,
733,Myshall Health Centre,Myshall,Health Centre,,Myshall,Co. Carlow,,,R21 CA33,-6.78181274204695,52.687157691197,
734,Navan,Navan,Health Centre,,Child And Family Centre,County Clinic,Navan,Co. Meath.,,-6.69533197545882,53.650897421439,
735,Nazareth House PCC,,Health Centre,NULL,Nazareth House,Church Hill,Sligo,F91 N1WT,,-8.48435827876668,54.2677068462985,
736,Nenagh Health Centre PCC,,Health Centre,NULL,Nenagh Health Centre,Tyone,Nenagh,Co. Tipperary,E45 KH59,-8.19198820441516,52.8571259840268,
737,New Ballybay Health Centre,Ballybay,Health Centre,,Main Street,Ballybay,Co. Monaghan,,A75 DR04,-6.90315418193084,54.1290731997596,
738,New Inn,New Inn,Health Centre,,New Inn,Cashel,Co. Tipperary.,,,-7.87795096842996,52.4407277744177,
739,New Kells Primare Care Centre (Co Meath),Kells,Health Centre,,Navan Road,Kells,Co. Meath,,A82 H3C7,-6.86271458085183,53.724708081201,
740,New Rockcorry Health Centre,Rockcorry,Health Centre,,Farney House,Monaghan Road,Rockcorry,Co. Monaghan,H18 KH92,-7.0151693044502,54.1179279672697,
741,New Ross ,New Ross Health Centre,Health Centre,,Hospital Grounds,New Ross,Co Wexford,,,-6.93779061237555,52.3893439968006,
742,New Stradone Health Centre,Stradone,Health Centre,,Community Centre,Stradone,Co. Cavan,,H12 X6P4,-7.23690906021175,53.9830780906932,
743,Newberry,Newberry,Health Centre,,Newberry Hospital,Kilvealaton East,Mallow,Co. Cork.,,-8.68485751336566,52.1254309559402,
744,Newbridge Health Centre,Newbridge,Health Centre,NULL,Henry Street,Newbridge,Co. Kildare,,W12 KV12,-6.80107428541837,53.180115252593,
745,Newcastlewest ,Newcastlewest Disp.,Health Centre,,Newcastlewest,Co. Limerick.,,,,-9.05876962079072,52.4528827937772,
746,Newmarket Dispensary,Newmarket,Health Centre,,Charleville Road,Newmarket,Co. Cork,,P51 CH27,-8.99972727741344,52.21631385946,
747,Newport Health Centre,Newport,Health Centre,,Pound Street,Newport,Co. Tipperary,,V94 H582,-8.40303809812723,52.7127723511992,
748,Newport Health Centre,Newport,Health Centre,,Meddlicott Street,Newport,Co. Mayo,,F28 NW84,-9.54542246490591,53.8834508685346,
749,Newtown,Newtown,Health Centre,,Newtown,Co. Cork.,,,,-9.44669212288152,51.6860154317188,
750,Newtown Community Centre,,Health Centre,NULL,Newtown Community Hall,Newtown,Enfield,Co. Kildare,A83 YY63,-6.75777017159565,53.3943759846537,
751,Newtown Medical Centre,,Health Centre,NULL,1/2 Newtown Terrace,Athlone,Co. Westmeath,,N37 E0Y8,-7.93404201372224,53.4262701119473,
752,Newtownbarry,Newtownbarry,Health Centre,,Newtownbarry,Charleville,Co. Cork.,,,-8.67901574841176,52.3572971017093,
753,Newtowncashel Health Centre,Newtowncashel,Health Centre,,Newtowncashel,Co. Longford,,,N39 PH63,-7.93750406603001,53.5896705214437,
754,Newtowncunningham Health Centre,Newtowncunningham,Health Centre,,Main Street,Newtowncunningham,Co. Donegal,,F93 RP73,-7.50673438627059,54.9977391575797,
755,Newtowngore,Newtowngore,Health Centre,,Newtowngore,Carrick on Shannon,Co. Leitrim,,,-7.67689747779227,54.0421297973336,
756,Newtownmountkennedy Primary Care Centre,,Health Centre,NULL,Mountkennedy Town Centre,Main Street,Newtownmountkennedy,Co. Wicklow,A63 HD58,-6.1136982576022,53.0912076491124,
757,Nobber Health Centre,Nobber,Health Centre,,Nobber,Co. Meath,,,A82 N402,-6.75601029469893,53.8259206094623,
758,North Clarence Street Health Centre,,Health Centre,NULL,56 North Great Clarence Street,Dublin 1,,,D01 VW57,-6.24626299352436,53.3561704860678,
759,North Great George Street - PCC,,Health Centre,NULL,HSE,44/45 North Great George's Street,Dublin 1,,D01 Y8E8,-6.26088825086608,53.3548829391153,
760,North Strand Health Centre,North Strand,Health Centre,,North Strand Primary Health Care Centre,16 North Strand Road,Dublin 1,,D01 CC81,-6.24592625914178,53.3556950636195,
761,Northside Enterprise Centre,,Health Centre,NULL,Bunratty Drive,Dublin 17,,,D17 PD77,-6.20629117934975,53.3948330297374,
762,Norwood,Norwood,Health Centre,,Norwood Day Centre,Mallow,Co. Cork.,,,-8.65049976098335,52.1378909142696,
763,Now Doc Derrybeg Owenie Centre,,Health Centre,NULL,Derrybeg,Co. Donegal,,,F92 DN4X,-8.28440539772684,55.074713864738,
764,Now Doc Oldtown Unit 1,,Health Centre,NULL,NowdocOldtown Road,Letterkenny,Co. Donegal,,F92 KP5K,-7.74011063794825,54.9423159799133,
765,NowDoc Mountcharles,,Health Centre,NULL,Upper Main Street,Mountcharles,Co. Donegal,,F94 NX8C,-8.19755349128079,54.6473104539524,
766,OileÃƒÂ¡n ClaÃƒÂ©ire,Cape Clear,Health Centre,,Cape Clear Island,Co. ChorcaÃƒÂ­,,,,-9.50469710075186,51.4359831149764,
767,Old Ballyconnell Health Centre,Daisy Hill,Health Centre,,Daisy Hill,Ballyconnell,Co. Cavan,,H14 AH73,-7.58143101343576,54.1147489526118,
768,Old Health Centre Kilcullen,,Health Centre,NULL,Teach Na DaoineSaint Brigids Avenue,Kilcullen,Co. Kildare,,R56 FF63,-6.74726890634847,53.1284623092028,
769,Old Medicentre Kempton Parade,,Health Centre,NULL,Kempten Promenade,Sligo,,,F91 Y677,-8.47107982061468,54.2719008590693,
770,Old Virginia Health Care Unit,Virginia,Health Centre,,Virginia Health Centre,Bailieboro Road,Virginia,Co. Cavan,A82 KV02,-7.07705754837682,53.8349009951049,
771,Oldcastle Health Centre,Oldcastle,Health Centre,,Church Street,Oldcastle,Co. Meath,,A82 E8D8,-7.16026940223987,53.7691501733735,
772,Oldtown Health Centre,Oldtown,Health Centre,,Dublin Road,Oldtown,Co. Dublin,,A45 KC66,-6.31792268081859,53.5183578814552,
773,Oola Health Centre,,Health Centre,NULL,Oola Community Sports Centre,Glebe,Oola,Co. Limerick,E34 VY22,-8.26326699255422,52.5296284625759,
774,Oughterard Health Centre,Oughterard,Health Centre,,Main Street,Oughterard,Co. Galway,,H91 C590,-9.31732925392317,53.4280740681185,
775,Our Lady's Clinic PCC,,Health Centre,NULL,Our Lady's Clinic,Patrick Street,Dun Laoghaire,Co. Dublin,A96 TW56,-6.13707884874086,53.2912512586058,
776,Our Lady's Hospital Campus,,Health Centre,NULL,HSE,Our Lady's Hospital,Navan,Co. Meath,C15 RK7Y,-6.69714473887127,53.6503009444222,
777,Our Lady's Hospital Cashel PCC,,Health Centre,NULL,Our Lady's Campus,Lower Green,Cashel,Co. Tipperary,E25 P407,-7.88831034028642,52.5140049089207,
778,Owenacurra Mental Health,Owenacurra,Health Centre,,HSE,Owenacurra Centre,The Green,Midleton,Co. Cork,-8.17355694870804,51.9172175066638,
779,Pallasgreen ,,Health Centre,NULL,Garranbeg,Pallasgreen,Co. Limerick,,V94 0K07,-8.33938833877682,52.5663323259904,
780,Paulstown Health Centre,Paulstown,Health Centre,,Paulstown,Co. Kilkenny,,,R95 RY10,-7.02176225681434,52.682075352324,
781,Pearse Road Millenium Court,,Health Centre,NULL,Tusla Millennium Court,Pearse Road,Letterkenny,Co. Donegal,F92 XV00,-7.73237575438147,54.9511361086867,
782,Pearse Street Primary Care Centre,,Health Centre,NULL,15 Mark's Lane,Dublin 2,,,D02 TD23,-6.24953268958034,53.3448994692993,
783,Pettigo Health Centre,Pettigo,Health Centre,,Main Street,Pettigo,Co. Donegal,,F94 KC84,-7.83317356903225,54.5493325930087,
784,"Portlaw Health Centre, ",Portlaw,Health Centre,,Portlaw,Co. Waterford,,,X91 FT22,-7.32049082593575,52.2879193575949,
785,Portmarnock Primary Care Centre,Portmarnock,Health Centre,,Kingsford Cross,Strand Road,Portmarnock,Co. Dublin,D13 YV05,-6.13522347104797,53.4225414869558,
786,"Portroe Health Centre, ",Portroe,Health Centre,,Portroe,Nenagh,Co. Tipperary,,E45 KF10,-8.35306970840173,52.8819076889848,
787,Portumna Primary Care Centre,Portumna,Health Centre,,Saint Bridget's Road,Portumna,Co. Galway,,H53 EK74,-8.22308764419277,53.0992925913386,
788,Primary Care Centre - Kinnegad ,Ballyboggan,Health Centre,,The Clinic,Main Street,Kinnegad,Co. Westmeath,N91 PX33,-7.0978106670224,53.4535858326139,
789,Primary Care Health Centre Arklow,Arklow,Health Centre,,Castle Park,Arklow,Co. Wicklow,Y14ae10,,-6.15498561767945,52.7969548360003,
790,Quigleys point Health Centre,Quigleys Point,Health Centre,,Quigleys Point Health Centre,Carrowkeel,Quigleys Point,Co. Donegal,F93 V123,-7.19634456635879,55.1243764216304,
791,Quin Health Centre,,Health Centre,NULL,Quinville,Quin,Co. Clare,,V95 NT35,-8.86963815468386,52.8228277629294,
792,Raheny Health Centre,Raheny,Health Centre,,33 Main Street,Raheny,Dublin 5,,D05 CH52,-6.17521270894581,53.3790423453214,
793,Railway Street - PCC,,Health Centre,NULL,Saint Josephs Convent,Leighsbrook Lane,Navan,Co. Meath,C15 E9X3,-6.68823472955544,53.6493126976185,
794,Ramelton Primary Care Centre,Ramelton,Health Centre,,Ramelton Health Centre,Back Road,Ramelton,Co. Donegal,F92 DE98,-7.64885679257391,55.0342637084439,
795,Ranelagh Primary Care Centre,Ranelagh PCC,Health Centre,,22-26 Sandford Road,Ranelagh,Dublin 6,,,-6.2486529811007,53.3229905091215,
796,Raphoe Health Centre,Raphoe,Health Centre,,Meetinghouse Street,Raphoe,Co. Donegal,,F93 X681,-7.60262704643218,54.8732138037843,
797,Rathcabbin Health Centre,Rathcabbin,Health Centre,,Derry,Rathcabbin,Co. Tipperary,,R42 FH22,-8.03364270557765,53.1165014672633,
798,Rathclaren House - PCC,,Health Centre,NULL,Rathclaren House,27 Dublin Road,Bray,Co. Wicklow,A98 NP49,-6.11531534369123,53.2090680623753,
799,Rathcoole Health Centre,Rathcoole,Health Centre,,Main Street,Rathcoole,Co. Dublin,,D24 EY68,-6.46397071503205,53.2814926303893,
800,Rathdrum Health Centre,,Health Centre,NULL,Fair Green,Rathdrum,Co. Wicklow,,A67 WY24,-6.23637510693635,52.9319012967141,
801,Rathdrum Medical Centre,Rathdrum,Health Centre,,Fair Green,Rathdrum,Co. Wicklow,,A67 TD53,-6.23622423129111,52.9318737845158,
802,Rathfarnham Health Centre,Rathfarnham,Health Centre,,Dispensary Lane,Dublin 14,,,D14 AY79,-6.28094250537346,53.2931051646702,
803,"Rathkeale Health Centre, ",Rathkeale,Health Centre,,Rathkeale,Co. Limerick,,,V94 VK38,-8.92865316951358,52.5243569227481,
804,Rathmines,Rathmines,Health Centre,,Unit 46/47,Swan Shopping Centre,Rathmines Road Lower,Dublin 6,D06 R6P5,-6.26492175386542,53.3235076382941,
805,Rathmullan Health Centre,Rathmullan,Health Centre,,Pier Road,Rathmullan,Co. Donegal,,F92 PC43,-7.53406172381341,55.0956915360066,
806,Rathnew Health Centre,,Health Centre,NULL,Main Street,Rathnew,Co. Wicklow,,A67 KC04,-6.08151070738555,52.9945868093853,
807,Rathvilly Health Centre,Rathvilly,Health Centre,,Rathvilly,Co. Carlow,,,R93 W6W8,-6.69073932689066,52.8798459430545,
808,Realtog Centre,Kilnaleck,Health Centre,,The RÃƒÂ©altÃƒÂ³g Centre,Upper Main Street,Kilnaleck,Co. Cavan,A82 A0W4,-7.32054686014823,53.8601998461438,
809,"Rearcross Health Centre, s",Rearcross,Health Centre,,Rearcross,Co. Tipperary,,,V94 W9H6,-8.23664322003351,52.6865900619783,
810,Rhode Health Centre,Rhode,Health Centre,,Rhode,Co. Offaly,,,R35 DK16,-7.20195416621904,53.3483826205529,
811,Rian Counselling Services HSE,,Health Centre,NULL,34 Brews Hill,Navan,Co. Meath,,C15 VP66,-6.69179640053665,53.6512364143546,
812,Riverside Health Centre,,Health Centre,NULL,The Bridge,Doneraile,Co. Cork,,P51 W3YP,-8.58424160755988,52.2182951160011,
813,Riverstown,Riverstown,Health Centre,,Riverstown Village,Glanmire,Cork.,,T45 KX75,-8.39578400547691,51.9286039840833,
814,Riverstown Health Centre,Riverstown,Health Centre,,Ross Road,Riverstown,Co. Sligo,,F52 D372,-8.39339916794209,54.1324897196913,
815,Rochfortbridge Health Centre,Rochfortsbridge,Health Centre,,81 Derrygreenagh Park,Rochfortbridge,Co. Westmeath,,N91 VF50,-7.29631574230195,53.4196466182779,
816,"Rosbercon Health Centre, ",Rosbercon,Health Centre,,Millbanks,Rosbercon,New Ross,Co. Kilkenny,Y34 DW65,-6.95678260995776,52.395319894128,
817,Roscommon Primary Care Centre,,Health Centre,NULL,Golf Links Road,Roscommon,,,F42 HY97,-8.18767255136487,53.6274330208353,
818,Roscommon University Hospital / Outpatients,,Health Centre,NULL,Roscommon Hospital,Ardsallagh Beg,Co. Roscommon,,F42 AX61,-8.17508290969464,53.624762190131,
819,Roselawn Health Centre,Roselawn,Health Centre,,Roselawn Road,Dublin 15,,,D15 PC90,-6.38245110750121,53.3843593360794,
820,Rosse Court Resource Centre,Rosse Court Resource Centre,Health Centre,,Rosse Court Avenue,Lucan,Co. Dublin,,K78 R9C9,-6.41920196910548,53.3413728257652,
821,"Rosslare Health Centre, ",Rosslare,Health Centre,,Saint Martin's Road,Rosslare Harbour,Co. Wexford,,Y35 X244,-6.33867100246057,52.2498598165689,
822,Rowlagh Health Centre,Rowlagh,Health Centre,,Collinstown Road,Dublin 22,,,D22 C9C3,-6.39682814416026,53.3442660504961,
823,Rush Health Centre,,Health Centre,NULL,The Square,Lower Main Street,Rush,Co. Dublin,K56 R274,-6.0880127367682,53.5215999402016,
824,Rylane Health Centre,Rylane,Health Centre,,Knocknagoun,Rylane,Co. Cork,,P32 P981,-8.84123353499448,51.9837751206016,
825,Saint Joseph Adolesent & Family ServiceGate Lodge,,Health Centre,NULL,193 Richmond Road,Dublin 3,,,D03 PV21,-6.24575661050376,53.365001584894,
826,Sallynoggin Health Centre,Sallynoggin,Health Centre,,Glenageary Road Upper,Glenageary,Co. Dublin,,A96 WR99,-6.13796173635826,53.2806649154004,
827,Scariff Health Centre,Scariff,Health Centre,,Drewsborough,Scarriff,Co. Clare,,V94 HPK3,-8.5343687015626,52.9079836265371,
828,Scotstown Health Centre,Scotstown,Health Centre,,Bog Road,Scotstown,Co. Monaghan,,H18 AE00,-7.06891023029679,54.2763611435941,
829,Sexual Assault Treatment Unit,,Health Centre,NULL,Cregville,Hazelwood,Castlegar,Galway,H91 HHN8,-8.98962449404655,53.3049038723438,
830,Shankill PCC,Shankill,Health Centre,,Lower Road,Shankill,Co. Dublin.,,D18 DW08,-6.12620367323138,53.2301352427342,
831,Shannon Health Centre,Shannon,Health Centre,,Shannon Town Centre,Shannon,Co. Clare,,V14 Y029,-8.87748579837841,52.7085451517176,
832,Shannonbridge Health Centre,Shannonbridge,Health Centre,,Main Street,Shannonbridge,Co. Offaly,,N37 E6F5,-8.04553029139546,53.2795038380525,
833,Shantalla Road 43 (TUSLA),,Health Centre,NULL,43 Shantalla Road,Galway,,,H91 VY61,-9.06912141176451,53.2728994517323,
834,Shercock Health Centre,Shercock,Health Centre,,Fair Green,Shercock,Co. Cavan,,A81 PF88,-6.8953312976022,53.9942545414077,
835,Shiel House - PCC,,Health Centre,NULL,Sheil House,College Street,Ballyshannon,Co. Donegal,F94 XK07,-8.18911201896267,54.5024207991006,
836,Shinrone Health Centre ,Shinrone,Health Centre,,Roscrea Road,Shinrone,Birr,Co. Offaly,R42 YD86,-7.92407056225324,52.9842083777237,
837,Shrule Health Centre,Shrule,Health Centre,,Dalgan Road,Shrule,Co. Mayo,,H91 FF84,-9.08778727328789,53.5226522478333,
838,Sixmilebridge Health Centre,Sixmilebridge,Health Centre,,Lodge Road,Sixmilebridge,Co. Clare,,V95 V098,-8.77643187583674,52.7423240663434,
839,Skerries Health Centre,Skerries,Health Centre,,Thomas Hand Street,Skerries,Co. Dublin,,K34 WK35,-6.11059354972456,53.5791349724059,
840,Skreen Primary Care Centre,Skreen,Health Centre,,Skreen Health Centre,Gerrib Big,Skreen,Co. Sligo,F91 P278,-8.70242227391268,54.2430108784315,
841,Slane Health Centre,Slane,Health Centre,,Chapel Street,Slane,Co. Meath,,C15 KP52,-6.54160439749337,53.7108737007561,
842,Sliabh Sneacht PCC,,Health Centre,NULL,24 Slieve Sneacht Road,Letterkenny,Co. Donegal,,F92 W9WK,-7.73969214879,54.9597764294557,
843,Smear Health Centre,Smear,Health Centre,,Smear,Co. Longford,,,N39 RW13,-7.5993091315067,53.8707774692523,
844,Smithboro Health Centre / Mulladuff Health Centre,Mulladuff,Health Centre,,Mulladuff,Smithborough,Co. Monaghan,,H18 EC83,-7.10417181361907,54.2200804000934,
845,Kenmare/Sneem,Sneem,Health Centre,,South Square,Sneem,Co. Kerry,,V93 X62X,-9.89951954996357,51.8379212657736,
846,South Earl Street Health Centre,,Health Centre,NULL,33-35 Earl Street SouthDublin 8,,,,D08 V8C6,-6.27992491358254,53.3414119573274,
847,"Southill Health Centre, ",Southill,Health Centre,,291a Donough O'malley Park,Limerick,,,V94 E5Y9,-8.60861963139616,52.6456040363671,
848,Dundalk Primary Health Care Unit,,Health Centre,NULL,Barrack Street,Dundalk,Co. Louth,,A91 YP80,-6.38705421245928,54.0051507492062,
849,St. Brendan's Health Centre Rosbrien,St. Brendan's,Health Centre,,Rosbrien Road,Limerick,,,V94 AX66,-8.63115494288677,52.6521458382642,
850,St. Eunans Court - PCC,,Health Centre,NULL,9 Saint Eunans Court,Letterkenny,Co. Donegal,,F92 XK37,-7.74059469603741,54.9472161906865,
851,St. Johns Hospital / National Ambulance Manager Office,,Health Centre,NULL,Saint John's Community Hospital,Ballytivnan Road,Ballytivnan,Sligo,F91 H224,-8.46865450678978,54.279758987124,
852,St. Johnston Primary Care & Resource Centre,St. Johnston,Health Centre,,Chapel Road,Saint Johnston,Co. Donegal,,F93 DW72,-7.46410885352528,54.9330310111853,
853,St. Joseph's Campus,Longford,Health Centre,,Saint Joseph's Hospital,Dublin Road,Longford,,N39 ER84,-7.78657979229973,53.723721267166,
854,St. Josephs Hospital,St. Joseph's,Health Centre,,Saint Josephs Hospital,Lifford Road,Ennis,Co. Clare,V95 RT99,-8.97793887465743,52.8518067955598,
855,St. Loman's Hospital - Primary Care Unit,,Health Centre,NULL,Saint Lomans,Delvin Road,Mullingar,Co. Westmeath,N91 X36E,-7.32057474924455,53.5333045707548,
856,St. Loman's Road - Clondalkin Lucan Centre Addiction Centre,,Health Centre,NULL,Clondalkin & Lucan Centre,Saint Lomans Road,Lucan,Co. Dublin,K78 P7W9,-6.40535555111508,53.3534921692363,
857,St. Mary's Health Centre & Day Hosp,,Health Centre,NULL,Parnell Street,Thurles,Co. Tipperary,,E41 PN20,-7.81981815220988,52.681071397647,
858,St. Peter's Campus,Castlepollard,Health Centre,,Castlepollard,Co. Westmeath,,,N91 P521,-7.29991329558886,53.6766982931976,
859,St. Peter Parish Hall,Peter Street Primary Care Unit,Health Centre,,Saint Peter's Parish Hall,Peter Street,Drogheda,Co. Louth,A92 XP84,-6.35120748093398,53.7167826090581,
860,St.Laurence Health Centre,,Health Centre,NULL,Saint Laurence Town Centre,Drogheda,Co. Louth,,A92 PH32,-6.35069758280568,53.7159324927382,
861,St.Paul's Garden Vale,,Health Centre,NULL,Saint Pauls,Garden Vale,Athlone,Co. Westmeath,N37 T3P2,-7.93515414331534,53.4252930175498,
862,Stillorgan Health Centre,Stillorgan,Health Centre,,Saint Brigid's Church Road,Stillorgan,Co. Dublin,,A94 AP27,-6.19522070740259,53.2840904497552,
863,Stradbally Health Centre,Stradbally,Health Centre,,Main Street,Stradbally,Co. Laois,,R32 TKP8,-7.15073693589063,53.0170759619259,
864,Stranacorkragh Health Centre,,Health Centre,NULL,Stranacorkra,Derrybeg,Co. Donegal,,F92 YF20,-8.29028850494672,55.0877685897279,
865,Stranorlar Primary Care Centre,Stranorlar,Health Centre,,Pound Street,Stranorlar,Co. Donegal,,F93 D9HH,-7.76625292695138,54.8050696310566,
866,Strokestown Health Centre,,Health Centre,NULL,Church Street,Strokestown,Co. Roscommon,,F42 XH33,-8.10968810103962,53.7767829720843,
867,Summerhill Health Centre,,Health Centre,NULL,90-92 Summerhill,Dublin 1,,,D01 HN35,-6.25207154057566,53.3562637582761,
868,Summerhill Medical Centre,Summerhill,Health Centre,,Summerhill Primary Care Centre,New Road,Summerhill,Co. Meath,A83 V252,-6.73956975417044,53.4825310030322,
869,Swanlinbar Health Centre,Swanlinbar,Health Centre,,Creamery Road,Swanlinbar,Co. Cavan,,H14 HC58,-7.70475865895559,54.1911231220391,
870,Swinford Aras Attracta,Swinford,Health Centre,,ÃƒÂRas Attracta,Park Road,Swinford,Co. Mayo,F12 R704,-8.94939405490165,53.9358214301069,
871,"Swords Business Campus, Unit 7",,Health Centre,NULL,Swords Business Campus,Balheary Road,Swords,Co. Dublin,K67 D8H0,-6.21728701926311,53.4685357133787,
872,Swords Health Centre,Swords,Health Centre,,Bridge Street,Swords,Co. Dublin,,K67 X765,-6.22171266203682,53.4598044585516,
873,"Taghmon Health Centre, ",Taghmon,Health Centre,,Taghmon,Co. Wexford,,,Y35 H9WC,-6.65095302290708,52.322388151939,
874,Talbot Centre - Buckingham Street Upper - PCC,,Health Centre,NULL,Talbot Centre,29 Buckingham Street Upper,Dublin 1,,D01 YV60,-6.25048322393193,53.355013295796,
875,Tallaght Cross Primary Care Centre,,Health Centre,NULL,The Russell Building,Tallaght Cross West,Dublin 24,,D24 DH74,-6.37615487676027,53.2874041111567,
876,Tallow Health Centre,Tallow,Health Centre,,Convent Street,Tallow,Co. Waterford,,P51 FX99,-8.00735842167418,52.0957795002887,
877,Tamney Health Centre,Tamney,Health Centre,,Tamney,Co. Donegal,,,F92 YV66,-7.69091925860418,55.1991680973571,
878,Tarbert Health Centre,Tarbert,Health Centre,,Kilpadogue,Tarbert,Co. Kerry,,V31 T189,-9.38117419652357,52.5740311993566,
879,Teach Laighne - PCC,,Health Centre,NULL,Teach Laighne,Humbert Street,Tubbercurry,Co. Sligo,F91 K5DW,-8.72855803845189,54.0550954308391,
880,"Templerainey Health Centre, ",Templerainey,Health Centre,,Inbhear MÃƒÂ³r Square,Arklow,Co. Wicklow,,Y14 HT96,-6.15115305433445,52.8068981954595,
881,Termonfeckin Health Centre,Termonfeckin,Health Centre,,Drogheda Road,Termonfeckin,Co. Louth,,A92 RR64,-6.27472417204236,53.7584216163701,
882,The Haymarket,Haymarket,Health Centre,,Haymarket Health Centre,John Street,Drogheda,Co. Louth,A92 KP58,-6.35209694421927,53.7127587956367,
883,The Ramparts,,Health Centre,NULL,HSE,The Ramparts,Dundalk,Co. Louth,A91 VY29,-6.39811073806167,54.0029773462182,
884,The Swan Health Centre,The Swan,Health Centre,,The Swan,Co. Laois,,,R14 VY10,-7.15462238575139,52.8848671154542,
885,The Thompson Centre,,Health Centre,NULL,53 Mountjoy Street,Dublin 7,,,D07 P7D0,-6.26881759364074,53.3550229472831,
886,Thomas Court Primary Care Centre PCC,,Health Centre,NULL,Thomas Court Primary Care,4 Saint Catherine's Lane West,Dublin 8,,D08 WTW0,-6.28074174897542,53.3422416183377,
887,Thomastown Health Centre,Thomastown,Health Centre,,Lady's Well Street,Thomastown,Co. Kilkenny,,R95 ACW2,-7.14215150675162,52.5277192293324,
888,"Tinahely Health Centre, ",Tinahely,Health Centre,,Barton Street,Tinahely,Co. Wicklow,,Y14 AE67,-6.46511857960715,52.79793106582,
889,Tipperary Health Centre (New) / St.Vincent's Centre,,Health Centre,NULL,Hse,Saint Vincent's Day Hospital,Saint Vincent's Court,Tipperary,E34 H982,-8.15705451515476,52.4671839946418,
890,Tipperary Primary Care Centre,Tipperary,Health Centre,,Rosanna Road,Tipperary,,,E34 K682,-8.15918657395513,52.4790498624997,
891,Tivoli Road PCC,,Health Centre,NULL,HSE,Tivoli Road,Dun Laoghaire,Co. Dublin,A96 DK64,-6.13989021445738,53.288089484979,
892,Togher Family Centre,Togher,Health Centre,,6 Maglin Grove,Togher,Cork,,T12 C8VW,-8.49534224295198,51.8787968682695,
893,Toomevara Health Centre,Toomevara,Health Centre,,Coolkereen,Toomevara,Nenagh,Co. Tipperary,E45 C580,-8.03752169205992,52.8497779773121,
894,Town Hall Street - PCC,,Health Centre,NULL,Town Hall Street,Cavan,,,H12 W3R2,-7.36137248706779,53.9912901224983,
895,Tralee Primary Care Centre,Tralee,Health Centre,,John Joe Sheehy Road,Tralee,Co. Kerry,,V92 P2FE,-9.68525423281175,52.2672680033771,
896,Trim Health Centre,,Health Centre,NULL,Meath Enterprise Centre,Trim Road,Navan,Co. Meath,C15 F674,-6.68466613346173,53.6452352053189,
897,Tuam Health Centre,Tuam,Health Centre,,Primary Care Centre,Vicar Street,Tuam,Co. Galway,H54 H028,-8.85304742392469,53.5120033748496,
898,Tubbercurry Health Centre,Tubbercurry,Health Centre,,Teeling Street,Tubbercurry,Co. Sligo,,F91 PD27,-8.73245158931987,54.0527513603454,
899,Tulla Health Centre,Tulla,Health Centre,,Tulla Health Clinic,Tulla,Co. Clare,,V95 K6HD,-8.75508436083227,52.8656053013494,
900,Tullamore Health Centre,Tullamore,Health Centre,,Arden Road,Tullamore,Co. Offaly,,R35 NY51,-7.49101055760836,53.2821744554845,
901,Tullaroan Health Centre,Tullaroan,Health Centre,,Tullaroan,Co. Kilkenny,,,R95 W252,-7.437001209765,52.6610093924122,
902,Tullow Health Centre ,Tullow,Health Centre,,Station Road,Tullow,Co. Carlow,,R93 H0C1,-6.73041316000408,52.8037188703216,
903,"Tully Health Centre, Ballinahown (New) ",Ballinahown,Health Centre,,Tully,Ballynahown,Co. Galway,,H91 YN52,-9.48900128066187,53.2373656312049,
904,Tullycross Health Centre (Renvyle),,Health Centre,NULL,Renvyle Health CentreTully More,Renvyle,Co. Galway,,H91 RW52,-9.97514902904224,53.5961376342307,
905,Turloughmore Health Centre,Lackagh,Health Centre,,Lackagh More,Turloughmore,Co. Galway,,H65 HD26,-8.90536354806882,53.3665626173455,
906,"Tusla-child And Family Agency - Dartmouth House,",,Health Centre,NULL,Kylemore Road,Dublin 10,,,D10 XD32,-6.34513981663558,53.3368061976207,
907,Tynagh Health Centre,,Health Centre,NULL,Tynagh,Co. Galway,,,H62 FX45,-8.37321140671551,53.1499096203585,
908,Union Hall,Union Hall,Health Centre,,Listarkin,Union Hall,Co. Cork.,,P81 TW94,-9.14125709207329,51.5582907394863,
909,Unit 121 Broombridge Close - PCC,,Health Centre,NULL,Ballyboggan Road,Dublin 11,,,D11 N234,-6.3015532105038,53.3751400893308,
910,Shantalla Health Centre,Shantalla,Health Centre,,Inis Aoibhinn,Costello Road,Shantalla,Galway,H91 T861,-9.06850995190683,53.2755987688275,
911,Urlingford Health Centre,Urlingford,Health Centre,,Main Street,Urlingford,Co. Kilkenny,,E41 DK66,-7.57804201572016,52.7222877005876,
912,Waterville,Waterville,Health Centre,,Waterville Medical Centre,Lower Main Street,Waterville,Co. Kerry,V23 F304,-10.1716384590974,51.8247895923885,
913,Western House Medical Centre,Clonmel,Health Centre,,Western Road,Clonmel,Co. Tipperary,,E91 V6W9,-7.71521654276104,52.3533757339249,
914,Westport Health Centre,Westport,Health Centre,,St. Mary's Crescent,Westport,Co. Mayo,,F28 PV32,-9.52258715743292,53.8014740608744,
915,"Wexford Primary Care Centre, ",Wexford,Health Centre,,Grogan's Road,Wexford,,,Y35 DA39,-6.46441287479805,52.3350061633608,
916,Wicklow District Hospital,,Health Centre,NULL,Wicklow Health Centre,Glenside Road,Wicklow,,A67 HX30,-6.03549120474953,52.9774974224747,
917,Wicklow Primary Care Centre,Wicklow,Health Centre,,Knockrobin,Rathnew,Co. Wicklow,,A67 K5C7,-6.06572484017148,52.989859373051,
918,Wicklow Primary Healthcare Centre,,Health Centre,NULL,Knockrobin,Rathnew,Co. Wicklow,,A67 K5C7,-6.06572484017148,52.989859373051,
919,Williamstown Health Centre,Williamstown,Health Centre,,Ballyroe,Williamstown,Co. Galway,,F45 AH28,-8.5722818187528,53.6793008190472,
920,"Willow Grove Units 3,4,5,6,7 & 8 - PCC",,Health Centre,NULL,5 Leitrim Road,Carrick-on-shannon,Co. Leitrim,,N41 TV00,-8.09151710343997,53.9481713572976,
921,Woodford Health Centre,Woodford,Health Centre,,Woodford,Co. Galway,,,H62 VY47,-8.40346091626683,53.0533756336017,
