record_id,constituency,local_authority,register_reference,address_or_description,description,eircode,latitude,longitude,site_count,location_category,location_source,location_precision,source_x,source_y,source_coordinate_system,source_geometry_type,date_entered,valuation,source_url,source_date,retrieved_date,source_format,acquisition_method,extraction_quality
IE-DS-67acfac2eea396,Dublin Bay South,Dublin City Council,DS864,"Templemore Avenue, site to rear of 63 Highfield Road, Dublin 6","Templemore Avenue, site to rear of 63 Highfield Road, Dublin 6",,53.313332,-6.2694465,1,Authority point,authority_supplied_point,site_point,,,,Point,2025-10-20,,https://data.smartdublin.ie/dataset/derelict-site-register,2026-06-24,2026-08-08,GeoJSON,official_download_or_api,native_machine_readable
IE-DS-ab8288c5c5b8b7,Dublin South-Central,Dublin City Council,DS492,4A Brainboro Terrace Dublin 8; 4B Brainboro Terrace Dublin 8; 4 Brainboro Terrace Dublin 8 D08PC5E,"Brainboro Terrace, 4A & 4B, Dublin 8",D08 PC5E,53.3326805,-6.2791078,1,Authority point,authority_supplied_point,site_point,,,,Point,2025-07-28,,https://data.smartdublin.ie/dataset/derelict-site-register,2026-06-24,2026-08-08,GeoJSON,official_download_or_api,native_machine_readable
IE-DS-bf99d9e8323ce8,Dublin Bay South,Dublin City Council,DS1247,58 Shelbourne Road Dublin 4,"Shelbourne Road, 58, Dublin 4",,53.3357104,-6.2322771,1,Authority point,authority_supplied_point,site_point,,,,Point,2025-12-05,,https://data.smartdublin.ie/dataset/derelict-site-register,2026-06-24,2026-08-08,GeoJSON,official_download_or_api,native_machine_readable
IE-DS-94d3e06408f7a9,Dublin North-West,Dublin City Council,DS1982,32 Coolgariff Road Dublin 9 D09AE62,"Coolgariff Road, 32, Beaumont, Dublin 9",D09 AE62,53.3891911,-6.2360362,1,Authority point,authority_supplied_point,site_point,,,,Point,2025-09-16,,https://data.smartdublin.ie/dataset/derelict-site-register,2026-06-24,2026-08-08,GeoJSON,official_download_or_api,native_machine_readable
IE-DS-29c46988b3287d,Dublin Bay North,Dublin City Council,DS1516,2 Clanawley Road Dublin 5 D05E516,"Clanawley Road, 2, Clontarf, Dublin 5",D05 E516,53.3745693,-6.2081793,1,Authority point,authority_supplied_point,site_point,,,,Point,2025-06-25,,https://data.smartdublin.ie/dataset/derelict-site-register,2026-06-24,2026-08-08,GeoJSON,official_download_or_api,native_machine_readable
IE-DS-cad1bed0a8e394,Dublin Bay North,Dublin City Council,DS1562,91 Raheny Road Raheny Dublin 5 D05F9W2,"Raheny Road, 91, Raheny, Dublin 5",D05 F9W2,53.3845919,-6.1756283,1,Authority point,authority_supplied_point,site_point,,,,Point,2025-10-13,,https://data.smartdublin.ie/dataset/derelict-site-register,2026-06-24,2026-08-08,GeoJSON,official_download_or_api,native_machine_readable
IE-DS-784aee2f0e8801,Dublin Central,Dublin City Council,DS1650,12 Everton Avenue Dublin 7 D07RX5V,"Everton Avenue, 12, Cabra East, Dublin 7",D07 RX5V,53.3577945,-6.2906293,1,Authority point,authority_supplied_point,site_point,,,,Point,2026-02-11,,https://data.smartdublin.ie/dataset/derelict-site-register,2026-06-24,2026-08-08,GeoJSON,official_download_or_api,native_machine_readable
IE-DS-c0c1e96164b0f0,Dublin West,Dublin City Council,DS1662,487 Blackhorse Avenue Dublin 7 D07N6V2,"Blackhorse Avenue, 487, Ashtown, Dublin 7",D07 N6V2,53.365447,-6.3206002,1,Authority point,authority_supplied_point,site_point,,,,Point,2025-09-02,,https://data.smartdublin.ie/dataset/derelict-site-register,2026-06-24,2026-08-08,GeoJSON,official_download_or_api,native_machine_readable
IE-DS-684a905b81268c,Dublin Bay South,Dublin City Council,DS1744,"Irishtown Road/Rosary Terrace, Site on laneway, Dublin 4","Irishtown Road/Rosary Terrace, Site on laneway, Dublin 4",,53.3400725,-6.2244286,1,Authority point,authority_supplied_point,site_point,,,,Point,2025-07-10,,https://data.smartdublin.ie/dataset/derelict-site-register,2026-06-24,2026-08-08,GeoJSON,official_download_or_api,native_machine_readable
IE-DS-7fc7722112558f,Dublin South-Central,Dublin City Council,DS1753,231 South Circular Road Dublin 8 D08E6HH,"South Circular Road, 231, Dublin 8",D08 E6HH,53.3317156,-6.2854778,1,Authority point,authority_supplied_point,site_point,,,,Point,2025-07-09,,https://data.smartdublin.ie/dataset/derelict-site-register,2026-06-24,2026-08-08,GeoJSON,official_download_or_api,native_machine_readable
IE-DS-9db6d1bfba2428,Dublin Central,Dublin City Council,DS2071,118 Dorset Street Upper Dublin 1 D01F2H7; Apartment 2 118 Dorset Street Upper Dublin 1 D01Y566; Apartment 1 118 Dorset Street Upper Dublin 1 D01DX07,"Dorset Street Upper, 118, Dublin 1",D01 F2H7,53.3545359,-6.2668219,1,Authority point,authority_supplied_point,site_point,,,,Point,2025-09-02,,https://data.smartdublin.ie/dataset/derelict-site-register,2026-06-24,2026-08-08,GeoJSON,official_download_or_api,native_machine_readable
IE-DS-90eea986b60921,Dublin Central,Dublin City Council,DS2072,119 Dorset Street Upper Dublin 1 D01E7K4,"Dorset Street Upper, 119, Dublin 1",D01 E7K4,53.354511,-6.2668622,1,Authority point,authority_supplied_point,site_point,,,,Point,2025-09-02,,https://data.smartdublin.ie/dataset/derelict-site-register,2026-06-24,2026-08-08,GeoJSON,official_download_or_api,native_machine_readable
IE-DS-ca1a4e2f31e3b2,Dublin South-Central,Dublin City Council,DS2096,17 Slievemore Road Crumlin Dublin 12 D12WT25,"Slievemore Road, 17, Crumlin, Dublin 12",D12 WT25,53.3273966,-6.3172943,1,Authority point,authority_supplied_point,site_point,,,,Point,2025-06-26,,https://data.smartdublin.ie/dataset/derelict-site-register,2026-06-24,2026-08-08,GeoJSON,official_download_or_api,native_machine_readable
IE-DS-b77be24fdda6cb,Dublin Bay South,Dublin City Council,DS2006,7-9 Bath Street Dublin 4 D04E294,"Bath Street, 7-9, Dublin 4",D04 E294,53.3389747,-6.2224752,1,Authority point,authority_supplied_point,site_point,,,,Point,2025-09-17,,https://data.smartdublin.ie/dataset/derelict-site-register,2026-06-24,2026-08-08,GeoJSON,official_download_or_api,native_machine_readable
IE-DS-35dfe8d5aaf252,Dublin Central,Dublin City Council,DS2010,48B-50A Drumcondra Road Lower Dublin 9,"Drumcondra Road Lower, 48B-50A, Dublin 9",,53.3637036,-6.2580151,1,Authority point,authority_supplied_point,site_point,,,,Point,2025-09-30,,https://data.smartdublin.ie/dataset/derelict-site-register,2026-06-24,2026-08-08,GeoJSON,official_download_or_api,native_machine_readable
IE-DS-0684bbd0a14a87,Dublin Bay North,Dublin City Council,DS2043,"17 Kincora Road Dublin 3, D03AK59","Kincora Road, 17, Clontarf, Dublin 3",D03 AK59,53.3629754,-6.2010932,1,Authority point,authority_supplied_point,site_point,,,,Point,2025-08-11,,https://data.smartdublin.ie/dataset/derelict-site-register,2026-06-24,2026-08-08,GeoJSON,official_download_or_api,native_machine_readable
IE-DS-d430e738ce3567,Dublin Bay South,Dublin City Council,DS2044,89 Ranelagh Dublin 6 D06K072,"Ranelagh, 89, Dublin 6",D06 K072,53.3239733,-6.252054,1,Authority point,authority_supplied_point,site_point,,,,Point,2025-08-07,,https://data.smartdublin.ie/dataset/derelict-site-register,2026-06-24,2026-08-08,GeoJSON,official_download_or_api,native_machine_readable
IE-DS-d99b4507e727e8,Dublin South-Central,Dublin City Council,DS2105,144 Benmadigan Road Crumlin Dublin 12 D12ED90,"Benmadigan Road, 144, Crumlin, Dublin 12",D12 ED90,53.334562,-6.3150977,1,Authority point,authority_supplied_point,site_point,,,,Point,2025-06-26,,https://data.smartdublin.ie/dataset/derelict-site-register,2026-06-24,2026-08-08,GeoJSON,official_download_or_api,native_machine_readable
IE-DS-d4178bdee6db91,Dublin North-West,Dublin City Council,DS2068,14 Cloonlara Drive Dublin 11 D11N7F3,"Cloonlara Drive, 14, Finglas, Dublin 11",D11 N7F3,53.3810236,-6.2963245,1,Authority point,authority_supplied_point,site_point,,,,Point,2025-08-05,,https://data.smartdublin.ie/dataset/derelict-site-register,2026-06-24,2026-08-08,GeoJSON,official_download_or_api,native_machine_readable
IE-DS-87a0f3a4b078b9,Dublin Central,Dublin City Council,DS2172,78 Dorset Street Upper Dublin 1 D01W659,"Dorset Street Upper, 78, Dublin 1",D01 W659,53.3570773,-6.264537,1,Authority point,authority_supplied_point,site_point,,,,Point,2026-01-14,,https://data.smartdublin.ie/dataset/derelict-site-register,2026-06-24,2026-08-08,GeoJSON,official_download_or_api,native_machine_readable
IE-DS-e6bf2bde278278,Dublin South-Central,Dublin City Council,DS2196,40 Watling Street Dublin 8 D08X7Y2,"Watling Street, 40, The Liberties, Dublin 8",D08 X7Y2,53.3463603,-6.2843494,1,Authority point,authority_supplied_point,site_point,,,,Point,2025-12-01,,https://data.smartdublin.ie/dataset/derelict-site-register,2026-06-24,2026-08-08,GeoJSON,official_download_or_api,native_machine_readable
IE-DS-3b9a18c9fbebe9,Dublin Central,Dublin City Council,DS743,30 Frederick Street North Dublin 1,"Frederick Street North, 30, Dublin 1",,53.3551771,-6.264583,1,Authority point,authority_supplied_point,site_point,,,,Point,2023-04-18,,https://data.smartdublin.ie/dataset/derelict-site-register,2026-06-24,2026-08-08,GeoJSON,official_download_or_api,native_machine_readable
IE-DS-de6ad46726dd09,Dublin Central,Dublin City Council,DS784,27 Richmond Avenue Dublin 3; 29 Richmond Avenue Dublin 3,"Richmond Avenue, 21 & 27-29 & lands at rear, Dublin 3",,53.3648123,-6.2426954,1,Authority point,authority_supplied_point,site_point,,,,Point,2012-12-13,,https://data.smartdublin.ie/dataset/derelict-site-register,2026-06-24,2026-08-08,GeoJSON,official_download_or_api,native_machine_readable
IE-DS-bcc290188910ff,Dublin South-Central,Dublin City Council,DS040,10 Conyngham Road Dublin 8; 11 Conyngham Road Dublin 8; 12 Conyngham Road Dublin 8; 13 Conyngham Road Dublin 8,"Conyngham Road, site at 10-13, Dublin 8 (Protected Structures facades of 10-12)",,53.3480199,-6.2961215,1,Authority point,authority_supplied_point,site_point,,,,Point,2019-08-07,,https://data.smartdublin.ie/dataset/derelict-site-register,2026-06-24,2026-08-08,GeoJSON,official_download_or_api,native_machine_readable
IE-DS-d700b7ba0d8eec,Dublin Bay South,Dublin City Council,DS536,48 Killeen Road Dublin 6 D06E9F9,"Killeen Road, 48, Rathmines, Dublin 6",D06 E9F9,53.3189738,-6.2580858,1,Authority point,authority_supplied_point,site_point,,,,Point,2017-10-03,,https://data.smartdublin.ie/dataset/derelict-site-register,2026-06-24,2026-08-08,GeoJSON,official_download_or_api,native_machine_readable
IE-DS-809e711a90d08b,Dublin Central,Dublin City Council,DS580,86 North King Street Dublin 7,"North King Street, 86, Smithfield, Dublin 7",,53.3498637,-6.2788558,1,Authority point,authority_supplied_point,site_point,,,,Point,2020-07-14,,https://data.smartdublin.ie/dataset/derelict-site-register,2026-06-24,2026-08-08,GeoJSON,official_download_or_api,native_machine_readable
IE-DS-abe287e010bc7e,Dublin Central,Dublin City Council,DS595,15/16 Emerald Street Dublin 1,"Emerald Street, 15/16, Dublin 1",,53.3517522,-6.2432873,1,Authority point,authority_supplied_point,site_point,,,,Point,2023-05-23,,https://data.smartdublin.ie/dataset/derelict-site-register,2026-06-24,2026-08-08,GeoJSON,official_download_or_api,native_machine_readable
IE-DS-b7da898db98c31,Dublin Central,Dublin City Council,DS514A,6 Terrace Place Dublin 1,"Terrace Place, 6 (rear 23 Rutland St. Lr.), Dublin 1",,53.3545337,-6.2514152,1,Authority point,authority_supplied_point,site_point,,,,Point,2008-10-20,,https://data.smartdublin.ie/dataset/derelict-site-register,2026-06-24,2026-08-08,GeoJSON,official_download_or_api,native_machine_readable
IE-DS-98ddfab5fab826,Dublin South-Central,Dublin City Council,DS698,1 Bow Lane West Dublin 8,"Bow Lane West, 1, Kilmainham, Dublin 8",,53.3425058,-6.2958901,1,Authority point,authority_supplied_point,site_point,,,,Point,2018-06-01,,https://data.smartdublin.ie/dataset/derelict-site-register,2026-06-24,2026-08-08,GeoJSON,official_download_or_api,native_machine_readable
IE-DS-d06b54a02cb0a9,Dublin Central,Dublin City Council,DS704,19 Connaught Street Dublin 7,"Connaught Street 19, Phibsborough, Dublin 7",,53.3626265,-6.2742221,1,Authority point,authority_supplied_point,site_point,,,,Point,2018-03-23,,https://data.smartdublin.ie/dataset/derelict-site-register,2026-06-24,2026-08-08,GeoJSON,official_download_or_api,native_machine_readable
IE-DS-e3490a28f8566e,Dublin Central,Dublin City Council,DS705,21 Connaught Street Dublin 7,"Connaught Street 21, Phibsborough, Dublin 7",,53.3626354,-6.2743172,1,Authority point,authority_supplied_point,site_point,,,,Point,2018-03-23,,https://data.smartdublin.ie/dataset/derelict-site-register,2026-06-24,2026-08-08,GeoJSON,official_download_or_api,native_machine_readable
IE-DS-bd967e0129ee89,Dublin Bay South,Dublin City Council,DS843,48 Pleasant's Street Dublin 8 D08K0T3,"Pleasants Street, 48, Dublin 8",D08 K0T3,53.3355032,-6.2660535,1,Authority point,authority_supplied_point,site_point,,,,Point,2022-10-14,,https://data.smartdublin.ie/dataset/derelict-site-register,2026-06-24,2026-08-08,GeoJSON,official_download_or_api,native_machine_readable
IE-DS-ed9a22f1c99fa0,Dublin South-Central,Dublin City Council,DS868,6 Rowserstown Lane Dublin 8,"Rowserstown Lane, 6 (a.k.a. 6 High Road), Kilmainham, Dublin 8",,53.3416458,-6.3040179,1,Authority point,authority_supplied_point,site_point,,,,Point,2014-09-10,,https://data.smartdublin.ie/dataset/derelict-site-register,2026-06-24,2026-08-08,GeoJSON,official_download_or_api,native_machine_readable
IE-DS-73eac87f2fca36,Dublin South-Central,Dublin City Council,DS911,37 Thomas Court Dublin 8 D08T2R7,"Thomas Court, 37, Dublin 8",D08 T2R7,53.3428613,-6.2814819,1,Authority point,authority_supplied_point,site_point,,,,Point,2016-02-18,,https://data.smartdublin.ie/dataset/derelict-site-register,2026-06-24,2026-08-08,GeoJSON,official_download_or_api,native_machine_readable
IE-DS-39376ad9c728bd,Dublin Bay South,Dublin City Council,DS871A,2 Ranelagh Dublin 6 D06KX78,"Ranelagh, 2, Dublin 6",D06 KX78,53.3264647,-6.2560286,1,Authority point,authority_supplied_point,site_point,,,,Point,2021-11-12,,https://data.smartdublin.ie/dataset/derelict-site-register,2026-06-24,2026-08-08,GeoJSON,official_download_or_api,native_machine_readable
IE-DS-8a9b8b31291faa,Dublin Central,Dublin City Council,DS934,10 Ferguson Road Dublin 9 D09K2N2,"Ferguson Road, 10, Drumcondra, Dublin 9",D09 K2N2,53.3708388,-6.2598817,1,Authority point,authority_supplied_point,site_point,,,,Point,2017-09-26,,https://data.smartdublin.ie/dataset/derelict-site-register,2026-06-24,2026-08-08,GeoJSON,official_download_or_api,native_machine_readable
IE-DS-cbb96c15633ece,Dublin South-Central,Dublin City Council,DS898,1 Mulberry Cottages Martin's Row Chapelizod Dublin 20 D20KW29,"Mulberry Cottages, 1, Martin's Row, Chapelizod, Dublin 20",D20 KW29,53.3502582,-6.3455869,1,Authority point,authority_supplied_point,site_point,,,,Point,2015-06-26,,https://data.smartdublin.ie/dataset/derelict-site-register,2026-06-24,2026-08-08,GeoJSON,official_download_or_api,native_machine_readable
IE-DS-200789fd3d637a,Dublin South-Central,Dublin City Council,DS899,2 Mulberry Cottages Martin's Row Chapelizod Dublin 20 D20WY20,"Mulberry Cottages, 2, Martin's Row, Chapelizod, Dublin 20",D20 WY20,53.3502278,-6.3455287,1,Authority point,authority_supplied_point,site_point,,,,Point,2015-06-26,,https://data.smartdublin.ie/dataset/derelict-site-register,2026-06-24,2026-08-08,GeoJSON,official_download_or_api,native_machine_readable
IE-DS-c147f0c0d8b2b4,Dublin South-Central,Dublin City Council,DS900,7 Mulberry Cottages Martin's Row Chapelizod Dublin 20 D20F582,"Mulberry Cottages, 7, Martin's Row, Chapelizod, Dublin 20",D20 F582,53.3500731,-6.3452321,1,Authority point,authority_supplied_point,site_point,,,,Point,2015-06-26,,https://data.smartdublin.ie/dataset/derelict-site-register,2026-06-24,2026-08-08,GeoJSON,official_download_or_api,native_machine_readable
IE-DS-332f7a457b87d9,Dublin South-Central,Dublin City Council,DS901,10 Mulberry Cottages Martin's Row Chapelizod Dublin 20 D20TX99,"Mulberry Cottages, 10, Martin's Row, Chapelizod, Dublin 20",D20 TX99,53.3501664,-6.3450935,1,Authority point,authority_supplied_point,site_point,,,,Point,2015-06-26,,https://data.smartdublin.ie/dataset/derelict-site-register,2026-06-24,2026-08-08,GeoJSON,official_download_or_api,native_machine_readable
IE-DS-1f7b697a812cd7,Dublin South-Central,Dublin City Council,DS902,11 Mulberry Cottages Martin's Row Chapelizod Dublin 20 D20E524,"Mulberry Cottages, 11, Martin's Row, Chapelizod, Dublin 20",D20 E524,53.3501984,-6.3450504,1,Authority point,authority_supplied_point,site_point,,,,Point,2015-06-26,,https://data.smartdublin.ie/dataset/derelict-site-register,2026-06-24,2026-08-08,GeoJSON,official_download_or_api,native_machine_readable
IE-DS-5350d660e43537,Dublin South-Central,Dublin City Council,DS905,Coolfan House Old Naas Road Dublin 12,"Naas Road Old, Coolfan House, Dublin 12",,53.3286711,-6.3449145,1,Authority point,authority_supplied_point,site_point,,,,Point,2015-09-04,,https://data.smartdublin.ie/dataset/derelict-site-register,2026-06-24,2026-08-08,GeoJSON,official_download_or_api,native_machine_readable
IE-DS-6eab9fc420295d,Dublin Bay South,Dublin City Council,DS937,6 Creighton Street Dublin 2 D02CF66,"Creighton Street, 6, Dublin 2",D02 CF66,53.3456452,-6.2466721,1,Authority point,authority_supplied_point,site_point,,,,Point,2016-11-16,,https://data.smartdublin.ie/dataset/derelict-site-register,2026-06-24,2026-08-08,GeoJSON,official_download_or_api,native_machine_readable
IE-DS-a554ca03e0bc4a,Dublin South-Central,Dublin City Council,DS953,5 Mulberry Cottages Martin's Row Chapelizod Dublin 20 D20PF29,"Mulberry Cottages, 5, Martin's Row, Chapelizod, Dublin 20",D20 PF29,53.3501414,-6.345363,1,Authority point,authority_supplied_point,site_point,,,,Point,2019-04-10,,https://data.smartdublin.ie/dataset/derelict-site-register,2026-06-24,2026-08-08,GeoJSON,official_download_or_api,native_machine_readable
IE-DS-1eb74337103098,Dublin South-Central,Dublin City Council,DS980,"Hanover Lane, adj. No.34, Dublin 8","Hanover Lane, adj. No.34, Dublin 8",,53.3404139,-6.2735576,1,Authority point,authority_supplied_point,site_point,,,,Point,2017-05-17,,https://data.smartdublin.ie/dataset/derelict-site-register,2026-06-24,2026-08-08,GeoJSON,official_download_or_api,native_machine_readable
IE-DS-ba7a152cf656f1,Dublin Central,Dublin City Council,DS982,8 Ferguson Road Dublin 9 D09E3E5,"Ferguson Road, 8, Drumcondra, Dublin 9",D09 E3E5,53.3707938,-6.2599153,1,Authority point,authority_supplied_point,site_point,,,,Point,2017-09-28,,https://data.smartdublin.ie/dataset/derelict-site-register,2026-06-24,2026-08-08,GeoJSON,official_download_or_api,native_machine_readable
IE-DS-3c38a8890d17a2,Dublin Central,Dublin City Council,DS1005,2 Annesley Place Dublin 3 D03T620,"Annesley Place, 2, North Strand, Dublin 3",D03 T620,53.3594651,-6.2407325,1,Authority point,authority_supplied_point,site_point,,,,Point,2025-04-14,,https://data.smartdublin.ie/dataset/derelict-site-register,2026-06-24,2026-08-08,GeoJSON,official_download_or_api,native_machine_readable
IE-DS-7e0893d2df86a4,Dublin Central,Dublin City Council,DS1006,23 Blessington Street Dublin 7 D07DT6D,"Blessington Street, 23, Dublin 7",D07 DT6D,53.3567665,-6.2674704,1,Authority point,authority_supplied_point,site_point,,,,Point,2017-09-29,,https://data.smartdublin.ie/dataset/derelict-site-register,2026-06-24,2026-08-08,GeoJSON,official_download_or_api,native_machine_readable
IE-DS-b1fa9d58db4277,Dublin Central,Dublin City Council,DS1218,4 Spencer Place Dublin 3 D03X651,"Spencer Place, 4, North Strand, Dublin 3",D03 X651,53.3578742,-6.2394232,1,Authority point,authority_supplied_point,site_point,,,,Point,2023-06-27,,https://data.smartdublin.ie/dataset/derelict-site-register,2026-06-24,2026-08-08,GeoJSON,official_download_or_api,native_machine_readable
IE-DS-7337029963cb06,Dublin Bay South,Dublin City Council,DS1053,11 Bass Place Dublin 2 D02R5P3,"Bass Place, 11, Dublin 2",D02 R5P3,53.3421657,-6.2470868,1,Authority point,authority_supplied_point,site_point,,,,Point,2023-04-04,,https://data.smartdublin.ie/dataset/derelict-site-register,2026-06-24,2026-08-08,GeoJSON,official_download_or_api,native_machine_readable
IE-DS-1ccb1d53ba243c,Dublin South-Central,Dublin City Council,DS1121A,1 Thomas Court Dublin 8; 2 Thomas Court Dublin 8; 3 Thomas Court Dublin 8,"Thomas Court, 1-3, Dublin 8",,53.3429869,-6.2817123,1,Authority point,authority_supplied_point,site_point,,,,Point,2018-11-28,,https://data.smartdublin.ie/dataset/derelict-site-register,2026-06-24,2026-08-08,GeoJSON,official_download_or_api,native_machine_readable
IE-DS-694a76e9a453b5,Dublin South-Central,Dublin City Council,DS1122,44 Dolphin's Barn Street Dublin 8,"Dolphin's Barn Street, 44, Dublin 8",,53.3349252,-6.2900182,1,Authority point,authority_supplied_point,site_point,,,,Point,2021-05-25,,https://data.smartdublin.ie/dataset/derelict-site-register,2026-06-24,2026-08-08,GeoJSON,official_download_or_api,native_machine_readable
IE-DS-d2754603678e60,Dublin South-Central,Dublin City Council,DS1123,45 Dolphin's Barn Street Dublin 8,"Dolphin's Barn Street, 45, Dublin 8",,53.3349729,-6.2900026,1,Authority point,authority_supplied_point,site_point,,,,Point,2021-05-25,,https://data.smartdublin.ie/dataset/derelict-site-register,2026-06-24,2026-08-08,GeoJSON,official_download_or_api,native_machine_readable
IE-DS-de81ea650aa764,Dublin South-Central,Dublin City Council,DS1124,46 Dolphin's Barn Street Dublin 8,"Dolphin's Barn Street, 46, Dublin 8",,53.3350203,-6.2899767,1,Authority point,authority_supplied_point,site_point,,,,Point,2021-05-25,,https://data.smartdublin.ie/dataset/derelict-site-register,2026-06-24,2026-08-08,GeoJSON,official_download_or_api,native_machine_readable
IE-DS-960cb1607bcf0a,Dublin South-Central,Dublin City Council,DS1125,47 Dolphin's Barn Street Dublin 8,"Dolphin's Barn Street, 47, Dublin 8",,53.3350656,-6.289948,1,Authority point,authority_supplied_point,site_point,,,,Point,2021-05-25,,https://data.smartdublin.ie/dataset/derelict-site-register,2026-06-24,2026-08-08,GeoJSON,official_download_or_api,native_machine_readable
IE-DS-f377044bb7094a,Dublin Bay South,Dublin City Council,DS1263,40 Park Avenue Dublin 4 D04RP74,"Park Avenue, 40, Sandymount, Dublin 4",D04 RP74,53.3257292,-6.2129802,1,Authority point,authority_supplied_point,site_point,,,,Point,2020-08-18,,https://data.smartdublin.ie/dataset/derelict-site-register,2026-06-24,2026-08-08,GeoJSON,official_download_or_api,native_machine_readable
IE-DS-93f247d2e4c609,Dublin South-Central,Dublin City Council,DS1161,23 James's Street Dublin 8 D08V3P2,"James's Street, 23, Dublin 8 (Protected Structure)",D08 V3P2,53.3428408,-6.2913802,1,Authority point,authority_supplied_point,site_point,,,,Point,2023-02-23,,https://data.smartdublin.ie/dataset/derelict-site-register,2026-06-24,2026-08-08,GeoJSON,official_download_or_api,native_machine_readable
IE-DS-5a9ae6f4f40629,Dublin South-Central,Dublin City Council,DS1126,48A Dolphin's Barn Street Dublin 8; 48B Dolphin's Barn Street Dublin 8,"Dolphin's Barn Street, 48/48A, Dublin 8",,53.3351414,-6.2899146,1,Authority point,authority_supplied_point,site_point,,,,Point,2021-05-25,,https://data.smartdublin.ie/dataset/derelict-site-register,2026-06-24,2026-08-08,GeoJSON,official_download_or_api,native_machine_readable
IE-DS-7d2ed6d4ad295f,Dublin South-Central,Dublin City Council,DS1127,49 Dolphin's Barn Street Dublin 8,"Dolphin's Barn Street, 49, Dublin 8",,53.3352093,-6.289885,1,Authority point,authority_supplied_point,site_point,,,,Point,2021-05-25,,https://data.smartdublin.ie/dataset/derelict-site-register,2026-06-24,2026-08-08,GeoJSON,official_download_or_api,native_machine_readable
IE-DS-8ba21c0825179b,Dublin South-Central,Dublin City Council,DS1128,50 Dolphin's Barn Street Dublin 8,"Dolphin's Barn Street, 50, Dublin 8",,53.3352932,-6.2898471,1,Authority point,authority_supplied_point,site_point,,,,Point,2021-05-25,,https://data.smartdublin.ie/dataset/derelict-site-register,2026-06-24,2026-08-08,GeoJSON,official_download_or_api,native_machine_readable
IE-DS-97024db76787a5,Dublin Bay South,Dublin City Council,DS1276,36 Clanbrassil Street Upper Dublin 8 D08FW58; 37 Clanbrassil Street Upper Dublin 8,"Clanbrassil Street Upper, 36-37, Dublin 8",D08 FW58,53.3301103,-6.2751767,1,Authority point,authority_supplied_point,site_point,,,,Point,2024-03-28,,https://data.smartdublin.ie/dataset/derelict-site-register,2026-06-24,2026-08-08,GeoJSON,official_download_or_api,native_machine_readable
IE-DS-b087020e8fb041,Dublin South-Central,Dublin City Council,DS1281,"Brickfield Drive, site beside 2, Crumlin, Dublin 12","Brickfield Drive, site beside 2, Crumlin, Dublin 12",,53.329365,-6.3026499,1,Authority point,authority_supplied_point,site_point,,,,Point,2023-06-26,,https://data.smartdublin.ie/dataset/derelict-site-register,2026-06-24,2026-08-08,GeoJSON,official_download_or_api,native_machine_readable
IE-DS-f5889631fcc809,Dublin South-Central,Dublin City Council,DS1363,39/40 Bridgefoot Street Dublin 8 D08T6F7,"Bridgefoot Street 39-40, Dublin 8",D08 T6F7,53.3457022,-6.2811414,1,Authority point,authority_supplied_point,site_point,,,,Point,2024-02-23,,https://data.smartdublin.ie/dataset/derelict-site-register,2026-06-24,2026-08-08,GeoJSON,official_download_or_api,native_machine_readable
IE-DS-d2178047ad0450,Dublin Central,Dublin City Council,DS1371,7 Terrace Place Dublin 1; 8 Terrace Place Dublin 1,"Terrace Place, 7 & 8, Dublin 1",,53.354465,-6.2513834,1,Authority point,authority_supplied_point,site_point,,,,Point,2019-06-14,,https://data.smartdublin.ie/dataset/derelict-site-register,2026-06-24,2026-08-08,GeoJSON,official_download_or_api,native_machine_readable
IE-DS-dd1179e7ab5dd8,Dublin South-Central,Dublin City Council,DS1373,72 Old Kilmainham Dublin 8 D08K2E4; 73 Old Kilmainham Dublin 8; 74 Old Kilmainham Dublin 8 D08A6CP,"Old Kilmainham, 72-74, Carrigan's Pub, Dublin 8",D08 K2E4,53.3406561,-6.3029311,1,Authority point,authority_supplied_point,site_point,,,,Point,2024-09-26,,https://data.smartdublin.ie/dataset/derelict-site-register,2026-06-24,2026-08-08,GeoJSON,official_download_or_api,native_machine_readable
IE-DS-e57d166315b455,Dublin Bay South,Dublin City Council,DS1391,287 Harold's Cross Road Dublin 6W D6WVY56,"Harold's Cross Road, 285-287, Dublin 6W",,53.3168188,-6.2801494,1,Authority point,authority_supplied_point,site_point,,,,Point,2025-04-14,,https://data.smartdublin.ie/dataset/derelict-site-register,2026-06-24,2026-08-08,GeoJSON,official_download_or_api,native_machine_readable
IE-DS-70ca3674bcc427,Dublin Central,Dublin City Council,DS594A,42/43 Seville Place Dublin 1 D01H291,"Seville Place, 42/43, Dublin 1",D01 H291,53.3517954,-6.243165,1,Authority point,authority_supplied_point,site_point,,,,Point,2023-05-23,,https://data.smartdublin.ie/dataset/derelict-site-register,2026-06-24,2026-08-08,GeoJSON,official_download_or_api,native_machine_readable
IE-DS-e55d4e3c2c351d,Dublin Central,Dublin City Council,DS1547,7/8 Beaver Street Dublin 1 D01WF59,"Beaver Street, 7/8, Dublin 1",D01 WF59,53.3528751,-6.2501967,1,Authority point,authority_supplied_point,site_point,,,,Point,2025-02-06,,https://data.smartdublin.ie/dataset/derelict-site-register,2026-06-24,2026-08-08,GeoJSON,official_download_or_api,native_machine_readable
IE-DS-7885bd452189ba,Dublin Bay South,Dublin City Council,DS1789,113/114 Townsend Street Dublin 2 D02X956; 112 Townsend Street Dublin 2,"Townsend Street, 112-114, Dublin 2",D02 X956,53.3454457,-6.2488633,1,Authority point,authority_supplied_point,site_point,,,,Point,2024-06-25,,https://data.smartdublin.ie/dataset/derelict-site-register,2026-06-24,2026-08-08,GeoJSON,official_download_or_api,native_machine_readable
IE-DS-d8149e81fbf9cd,Dublin Bay South,Dublin City Council,DS1797,"1-4 City Quay Dublin 2 D02KT32; 25 Moss Street, Dublin 2","City Quay 1-4 & 25 Moss Street, Dublin 2",D02 KT32,53.346915,-6.2516688,1,Authority point,authority_supplied_point,site_point,,,,Point,2025-02-11,,https://data.smartdublin.ie/dataset/derelict-site-register,2026-06-24,2026-08-08,GeoJSON,official_download_or_api,native_machine_readable
IE-DS-92dc7c168c80a0,Dublin North-West,Dublin City Council,DS1417,2 Church Street Dublin 11,"Church Street, 2, Finglas, Dublin 11",,53.3879807,-6.3007144,1,Authority point,authority_supplied_point,site_point,,,,Point,2024-01-30,,https://data.smartdublin.ie/dataset/derelict-site-register,2026-06-24,2026-08-08,GeoJSON,official_download_or_api,native_machine_readable
IE-DS-5e20a9b93efe35,Dublin South-Central,Dublin City Council,DS1518,43 Dolphin's Barn Street Dublin 8,"Dolphin's Barn Street, 43, Dublin 8",,53.3348765,-6.2900386,1,Authority point,authority_supplied_point,site_point,,,,Point,2021-05-25,,https://data.smartdublin.ie/dataset/derelict-site-register,2026-06-24,2026-08-08,GeoJSON,official_download_or_api,native_machine_readable
IE-DS-94cc8521ab0b8d,Dublin South-Central,Dublin City Council,DS1526,398 Clonard Road Dublin 12 D12H5P2; 398A Clonard Road Dublin 12 D12K663,"Clonard Road, 398/398A, Kimmage, Dublin 12",D12 H5P2,53.3176902,-6.2999876,1,Authority point,authority_supplied_point,site_point,,,,Point,2023-03-06,,https://data.smartdublin.ie/dataset/derelict-site-register,2026-06-24,2026-08-08,GeoJSON,official_download_or_api,native_machine_readable
IE-DS-7932792474aa20,Dublin Central,Dublin City Council,DS1563,19 Botanic Avenue Dublin 9 D09A6W8,"Botanic Avenue, 19, Glasnevin, Dublin 9",D09 A6W8,53.3721748,-6.2668081,1,Authority point,authority_supplied_point,site_point,,,,Point,2023-07-04,,https://data.smartdublin.ie/dataset/derelict-site-register,2026-06-24,2026-08-08,GeoJSON,official_download_or_api,native_machine_readable
IE-DS-ccdb27622c703d,Dublin Bay North,Dublin City Council,DS1572,33 Apollo Way Dublin 5 D05XR81,"Apollo Way, 33, Coolock, Dublin 5",D05 XR81,53.3941845,-6.2126397,1,Authority point,authority_supplied_point,site_point,,,,Point,2024-04-05,,https://data.smartdublin.ie/dataset/derelict-site-register,2026-06-24,2026-08-08,GeoJSON,official_download_or_api,native_machine_readable
IE-DS-28573cfaea747e,Dublin South-Central,Dublin City Council,DS1581,646 South Circular Road Dublin 8; 646A South Circular Road Dublin 8 D08HDP0; 646B South Circular Road Dublin 8 D08FK5Y; 648 South Circular Road Dublin 8 D08XDK4,"South Circular Road, 646-648, Kilmainham, Dublin 8",D08 HDP0,53.33927,-6.3035192,1,Authority point,authority_supplied_point,site_point,,,,Point,2024-07-09,,https://data.smartdublin.ie/dataset/derelict-site-register,2026-06-24,2026-08-08,GeoJSON,official_download_or_api,native_machine_readable
IE-DS-16676b8577162d,Dublin Bay North,Dublin City Council,DS1585,"Abbeyfield/Middle Third, Legion Hall Building, Killester, Dublin 5","Abbeyfield/Middle Third, Legion Hall Building, Killester, Dublin 5",,53.3749487,-6.2032866,1,Authority point,authority_supplied_point,site_point,,,,Point,2024-02-09,,https://data.smartdublin.ie/dataset/derelict-site-register,2026-06-24,2026-08-08,GeoJSON,official_download_or_api,native_machine_readable
IE-DS-5a6f258cc9370b,Dublin Bay South,Dublin City Council,DS1616,132 Morehampton Road Donnybrook Dublin 4 D04K2P5,"Morehampton Road, 132, Donnybrook, Dublin 4",D04 K2P5,53.3228594,-6.2376894,1,Authority point,authority_supplied_point,site_point,,,,Point,2024-07-30,,https://data.smartdublin.ie/dataset/derelict-site-register,2026-06-24,2026-08-08,GeoJSON,official_download_or_api,native_machine_readable
IE-DS-d29b041cffbd1d,Dublin Central,Dublin City Council,DS1844,5 Saint Patrick's Road Dublin 9 D09N2R0,"Saint Patrick's Road, 5, Dublin 9",D09 N2R0,53.3627698,-6.2610578,1,Authority point,authority_supplied_point,site_point,,,,Point,2024-08-20,,https://data.smartdublin.ie/dataset/derelict-site-register,2026-06-24,2026-08-08,GeoJSON,official_download_or_api,native_machine_readable
IE-DS-4e4b12f2e484ed,Dublin South-Central,Dublin City Council,DS1634A,"Shannon Terrace, opp 1-2 & adj. to 5 Auburn Terrace, Old Kilmainham, Dublin 8","Shannon Terrace, opp 1-2 & adj. to 5 Auburn Terrace, Old Kilmainham, Dublin 8",,53.3409632,-6.3028625,1,Authority point,authority_supplied_point,site_point,,,,Point,2022-08-12,,https://data.smartdublin.ie/dataset/derelict-site-register,2026-06-24,2026-08-08,GeoJSON,official_download_or_api,native_machine_readable
IE-DS-67c1e885a24b85,Dublin North-West,Dublin City Council,DS1868,158 Mellowes Road Finglas Dublin 11 D11P9R0,"Mellowes Road 158, Finglas, Dublin 11",D11 P9R0,53.3911255,-6.316061,1,Authority point,authority_supplied_point,site_point,,,,Point,2024-01-25,,https://data.smartdublin.ie/dataset/derelict-site-register,2026-06-24,2026-08-08,GeoJSON,official_download_or_api,native_machine_readable
IE-DS-da3a51772039dd,Dublin Central,Dublin City Council,DS1909,93/94 Parnell Street Dublin 1 D01NT63,"Parnell Street 93-94, Dublin 1",D01 NT63,53.3531473,-6.2596713,1,Authority point,authority_supplied_point,site_point,,,,Point,2024-04-16,,https://data.smartdublin.ie/dataset/derelict-site-register,2026-06-24,2026-08-08,GeoJSON,official_download_or_api,native_machine_readable
IE-DS-ccad649f757809,Dublin Central,Dublin City Council,DS1916,20 Faith Avenue Dublin 3 D03PP21,"Faith Avenue, 20, Dublin 3",D03 PP21,53.3585549,-6.236856,1,Authority point,authority_supplied_point,site_point,,,,Point,2024-07-23,,https://data.smartdublin.ie/dataset/derelict-site-register,2026-06-24,2026-08-08,GeoJSON,official_download_or_api,native_machine_readable
IE-DS-a84d9cf267d584,Dublin Bay South,Dublin City Council,DS1280B,53 Clanbrassil Street Lower Dublin 8,"Clanbrassil Street Lower, 53, Dublin 8",,53.3324639,-6.2749443,1,Authority point,authority_supplied_point,site_point,,,,Point,2024-06-11,,https://data.smartdublin.ie/dataset/derelict-site-register,2026-06-24,2026-08-08,GeoJSON,official_download_or_api,native_machine_readable
IE-DS-54d6d3d1b6a9aa,Dublin Bay South,Dublin City Council,DS1948,32 Hatch Street Lower Dublin 2,"Hatch Street Lower, 32, Dublin 2",,53.3340678,-6.2556812,1,Authority point,authority_supplied_point,site_point,,,,Point,2025-02-19,,https://data.smartdublin.ie/dataset/derelict-site-register,2026-06-24,2026-08-08,GeoJSON,official_download_or_api,native_machine_readable
IE-DS-30fd76ef5577cb,Dublin South-Central,Dublin City Council,DS1999,Unit 1 124 Emmet Road Inchicore Dublin 8 D08V085,"Emmet Road, 124, Unit 1, Inchicore, Dublin 8",D08 V085,53.3393402,-6.3193349,1,Authority point,authority_supplied_point,site_point,,,,Point,2025-04-11,,https://data.smartdublin.ie/dataset/derelict-site-register,2026-06-24,2026-08-08,GeoJSON,official_download_or_api,native_machine_readable
IE-DS-056ed7c9b8a00b,Dublin North-West,Dublin City Council,DS2004,5 Willow Park Road Dublin 11 D11P898,"Willow Park Road, 5, Ballymun, Dublin 11",D11 P898,53.3911685,-6.2797534,1,Authority point,authority_supplied_point,site_point,,,,Point,2024-08-29,,https://data.smartdublin.ie/dataset/derelict-site-register,2026-06-24,2026-08-08,GeoJSON,official_download_or_api,native_machine_readable
IE-DS-8bd16f19e9f6d6,Dublin Central,Dublin City Council,DS2030,"West Road, Coady's Yard, North Strand, Dublin 3","West Road, Coady's Yard, North Strand, Dublin 3",,53.3564074,-6.2391311,1,Authority point,authority_supplied_point,site_point,,,,Point,2024-11-29,,https://data.smartdublin.ie/dataset/derelict-site-register,2026-06-24,2026-08-08,GeoJSON,official_download_or_api,native_machine_readable
IE-DS-7c53eebf5d5edd,Dublin Central,Dublin City Council,DS2034,531 Carnlough Road Cabra Dublin 7 D07F2V9,"Carnlough Road, 531, Cabra, Dublin 7",D07 F2V9,53.3708821,-6.299796,1,Authority point,authority_supplied_point,site_point,,,,Point,2025-01-14,,https://data.smartdublin.ie/dataset/derelict-site-register,2026-06-24,2026-08-08,GeoJSON,official_download_or_api,native_machine_readable
IE-DS-b9031a9a5e16e0,Dublin South-Central,Dublin City Council,DS791,"Chamber Street & Ardee Street, site at Junction of, Dublin 8","Chamber Street & Ardee Street, site at Junction of, Dublin 8",,53.3378312,-6.2790128,1,Authority point,authority_supplied_point,site_point,,,,Point,2024-11-27,,https://data.smartdublin.ie/dataset/derelict-site-register,2026-06-24,2026-08-08,GeoJSON,official_download_or_api,native_machine_readable
IE-DS-ea9b289d520adc,Dublin South-Central,Dublin City Council,DS250,144 Harold's Cross Road Dublin 6W,"Harold's Cross Road, 144, Dublin 6W",,53.324538,-6.2796118,1,Authority point,authority_supplied_point,site_point,,,,Point,2007-06-08,,https://data.smartdublin.ie/dataset/derelict-site-register,2026-06-24,2026-08-08,GeoJSON,official_download_or_api,native_machine_readable
IE-DS-ba2198848fb13c,Dublin Bay South,Dublin City Council,DS575A,6 Leeson Street Lower Dublin 2 D02H283,"Leeson Street Lower, 6, Dublin 2",D02 H283,53.335739,-6.2568555,1,Authority point,authority_supplied_point,site_point,,,,Point,2019-04-16,,https://data.smartdublin.ie/dataset/derelict-site-register,2026-06-24,2026-08-08,GeoJSON,official_download_or_api,native_machine_readable
IE-DS-f3a5878f138f79,Dublin Central,Dublin City Council,DS691,68 Prussia Street Dublin 7; 68A Prussia Street Dublin 7,"Prussia Street, 68-68a, Dublin 7",,53.3549725,-6.2874285,1,Authority point,authority_supplied_point,site_point,,,,Point,2023-04-03,,https://data.smartdublin.ie/dataset/derelict-site-register,2026-06-24,2026-08-08,GeoJSON,official_download_or_api,native_machine_readable
IE-DS-6061473b45b940,Dublin Bay North,Dublin City Council,DS912,18 Cadogan Road Dublin 3 D03K650,"Cadogan Road, 18, Fairview, Dublin 3",D03 K650,53.3618152,-6.2390975,1,Authority point,authority_supplied_point,site_point,,,,Point,2022-07-08,,https://data.smartdublin.ie/dataset/derelict-site-register,2026-06-24,2026-08-08,GeoJSON,official_download_or_api,native_machine_readable
IE-DS-a76025c7884508,Dublin South-Central,Dublin City Council,DS1105,105 Emmet Road Dublin 8; 107 Emmet Road Dublin 8,"Emmet Road, 105-107, Former Horse & Jockey Pub, Dublin 8",,53.3405947,-6.3149031,1,Authority point,authority_supplied_point,site_point,,,,Point,2023-05-11,,https://data.smartdublin.ie/dataset/derelict-site-register,2026-06-24,2026-08-08,GeoJSON,official_download_or_api,native_machine_readable
IE-DS-66c8cb6033f72f,Dublin Bay South,Dublin City Council,DS851,Wharton Hall Harold's Cross Dublin 6W D6WW838,"Wharton Terrace, Wharton Hall, Harold's Cross, Dublin 6W",,53.3291122,-6.2753289,1,Authority point,authority_supplied_point,site_point,,,,Point,2014-04-01,,https://data.smartdublin.ie/dataset/derelict-site-register,2026-06-24,2026-08-08,GeoJSON,official_download_or_api,native_machine_readable
IE-DS-a831bb714ed627,Dublin South-Central,Dublin City Council,DS884,Unit 4 Greenmount Industrial Estate Greenmount Avenue Dublin 12 D12K883,"Greenmount Industrial Estate, Unit 4, Dublin 12",D12 K883,53.3282982,-6.2802564,1,Authority point,authority_supplied_point,site_point,,,,Point,2015-04-29,,https://data.smartdublin.ie/dataset/derelict-site-register,2026-06-24,2026-08-08,GeoJSON,official_download_or_api,native_machine_readable
IE-DS-4ef2198f3d4fe9,Dublin South-Central,Dublin City Council,DS928,355 South Circular Road Dublin 8 D08TX20,"South Circular Road, 355-361, Dublin 8 (façade Protected)",D08 TX20,53.3341982,-6.2930405,1,Authority point,authority_supplied_point,site_point,,,,Point,2021-01-06,,https://data.smartdublin.ie/dataset/derelict-site-register,2026-06-24,2026-08-08,GeoJSON,official_download_or_api,native_machine_readable
IE-DS-9c1415047b7316,Dublin South-Central,Dublin City Council,DS887,2A Chapelizod Road Dublin 8 D08YTE5; 2B Chapelizod Road Dublin 8; 2C Chapelizod Road Dublin 8,"Chapelizod Road, 2A/B/C, Dublin 8",D08 YTE5,53.3477154,-6.3126198,1,Authority point,authority_supplied_point,site_point,,,,Point,2015-06-04,,https://data.smartdublin.ie/dataset/derelict-site-register,2026-06-24,2026-08-08,GeoJSON,official_download_or_api,native_machine_readable
IE-DS-0d6356dfc46db4,Dublin South-Central,Dublin City Council,DS954,6 Mulberry Cottages Martin's Row Chapelizod Dublin 20 D20ED28,"Mulberry Cottages, 6, Martin's Row, Chapelizod, Dublin 20",D20 ED28,53.3501105,-6.3453039,1,Authority point,authority_supplied_point,site_point,,,,Point,2019-04-10,,https://data.smartdublin.ie/dataset/derelict-site-register,2026-06-24,2026-08-08,GeoJSON,official_download_or_api,native_machine_readable
IE-DS-c610bfd6c9c61d,Dublin Central,Dublin City Council,DS1066,5 Glenarm Avenue Dublin 9 D09E8H7,"Glenarm Avenue, 5, Dublin 9",D09 E8H7,53.3663643,-6.2575229,1,Authority point,authority_supplied_point,site_point,,,,Point,2022-11-24,,https://data.smartdublin.ie/dataset/derelict-site-register,2026-06-24,2026-08-08,GeoJSON,official_download_or_api,native_machine_readable
IE-DS-b377f561f4f68c,Dublin Bay North,Dublin City Council,DS1012,49 Rathmore Park Dublin 5 D05K853,"Rathmore Park, 49, Raheny, Dublin 5",D05 K853,53.381815,-6.1724778,1,Authority point,authority_supplied_point,site_point,,,,Point,2017-10-19,,https://data.smartdublin.ie/dataset/derelict-site-register,2026-06-24,2026-08-08,GeoJSON,official_download_or_api,native_machine_readable
IE-DS-34b3605953eb5a,Dublin South-Central,Dublin City Council,DS1195,1 Brainboro Terrace Dublin 8; 1A Brainboro Terrace Dublin 8 D08PX9H; 1B Brainboro Terrace Dublin 8 D08Y5C0,"Brainboro Terrace, 1 (aka 1A & 1B), Dublin 8",D08 PX9H,53.3326054,-6.2791862,1,Authority point,authority_supplied_point,site_point,,,,Point,2023-03-20,,https://data.smartdublin.ie/dataset/derelict-site-register,2026-06-24,2026-08-08,GeoJSON,official_download_or_api,native_machine_readable
IE-DS-109fcc1470a83a,Dublin Bay North,Dublin City Council,DS1287,12 Artane Cottages Lower Malahide Road Clontarf Dublin 5 D05V4Y8,"Malahide Road, Artane Cottages Lower, 12, Clontarf, Dublin 5",D05 V4Y8,53.3800239,-6.2099024,1,Authority point,authority_supplied_point,site_point,,,,Point,2024-11-27,,https://data.smartdublin.ie/dataset/derelict-site-register,2026-06-24,2026-08-08,GeoJSON,official_download_or_api,native_machine_readable
IE-DS-d40784c2170d44,Dublin Bay South,Dublin City Council,DS1311,25 Aungier Street Dublin 2 D02X277,"Aungier Street, 25, Dublin 2 (Protected Struture)",D02 X277,53.3396878,-6.2656181,1,Authority point,authority_supplied_point,site_point,,,,Point,2023-11-01,,https://data.smartdublin.ie/dataset/derelict-site-register,2026-06-24,2026-08-08,GeoJSON,official_download_or_api,native_machine_readable
IE-DS-7b99283121bd29,Dublin South-Central,Dublin City Council,DS1336,414 South Circular Road Dublin 8; 415 South Circular Road Dublin 8; 416 South Circular Road Dublin 8 D08RF25,"South Circular Road, 414-416, Dublin 8",D08 RF25,53.3342065,-6.2920931,1,Authority point,authority_supplied_point,site_point,,,,Point,2023-02-13,,https://data.smartdublin.ie/dataset/derelict-site-register,2026-06-24,2026-08-08,GeoJSON,official_download_or_api,native_machine_readable
IE-DS-31b0d8820570b2,Dublin South-Central,Dublin City Council,DS1380,39A Main Street Chapelizod Dublin 20 D20H971,"Main Street, 39A, Chapelizod, Dublin 20",D20 H971,53.3490735,-6.3439807,1,Authority point,authority_supplied_point,site_point,,,,Point,2023-01-23,,https://data.smartdublin.ie/dataset/derelict-site-register,2026-06-24,2026-08-08,GeoJSON,official_download_or_api,native_machine_readable
IE-DS-81639ea4c581eb,Dublin South-Central,Dublin City Council,DS1368,162 James's Street Dublin 8; 163 James's Street Dublin 8; 164 James's Street Dublin 8; 165 James's Street Dublin 8,"James's Street, 162-165, D8. (163 Protected)",,53.342775,-6.29364,1,Authority point,authority_supplied_point,site_point,,,,Point,2019-06-17,,https://data.smartdublin.ie/dataset/derelict-site-register,2026-06-24,2026-08-08,GeoJSON,official_download_or_api,native_machine_readable
IE-DS-20cd80251e2ecc,Dublin Bay South,Dublin City Council,DS1369,294 Merrion Road Dublin 4 D04E8E8,"Merrion Road, 294, Former Swiftcall Building, Dublin 4",D04 E8E8,53.3136804,-6.201697,1,Authority point,authority_supplied_point,site_point,,,,Point,2025-06-19,,https://data.smartdublin.ie/dataset/derelict-site-register,2026-06-24,2026-08-08,GeoJSON,official_download_or_api,native_machine_readable
IE-DS-18f022cca93886,Dublin Central,Dublin City Council,DS1386,53 Shelmalier Road Dublin 3 D03X512,"Shelmalier Road, 53, East Wall, Dublin 3",D03 X512,53.3551544,-6.2336772,1,Authority point,authority_supplied_point,site_point,,,,Point,2023-09-14,,https://data.smartdublin.ie/dataset/derelict-site-register,2026-06-24,2026-08-08,GeoJSON,official_download_or_api,native_machine_readable
IE-DS-e38e7b32602921,Dublin Central,Dublin City Council,DS1772,5 Langrishe Place Dublin 1 D01R8E8,"Langrishe Place, 5, Summerhill, Dublin 1",D01 R8E8,53.3549522,-6.2561395,1,Authority point,authority_supplied_point,site_point,,,,Point,2024-11-14,,https://data.smartdublin.ie/dataset/derelict-site-register,2026-06-24,2026-08-08,GeoJSON,official_download_or_api,native_machine_readable
IE-DS-cdc0c93f74c450,Dublin South-Central,Dublin City Council,DS1412,"Moeran Road & Cromwellsfort Road (Site to Rear), Walkinstown, Dublin 12","Moeran Road & Cromwellsfort Road (Site to Rear), Walkinstown, Dublin 12",,53.3172505,-6.3202476,1,Authority point,authority_supplied_point,site_point,,,,Point,2024-11-11,,https://data.smartdublin.ie/dataset/derelict-site-register,2026-06-24,2026-08-08,GeoJSON,official_download_or_api,native_machine_readable
IE-DS-ce073f2bd5ec46,Dublin Central,Dublin City Council,DS1040B,77 Parnell Street Dublin 1 D01P8Y7,"Parnell Street, 77, Dublin 1",D01 P8Y7,53.3526428,-6.2607984,1,Authority point,authority_supplied_point,site_point,,,,Point,2022-01-14,,https://data.smartdublin.ie/dataset/derelict-site-register,2026-06-24,2026-08-08,GeoJSON,official_download_or_api,native_machine_readable
IE-DS-9a344a983cb39f,Dublin Central,Dublin City Council,DS1040C,78 Parnell Street Dublin 1 D01A074,"Parnell Street, 78, Dublin 1",D01 A074,53.3526663,-6.2607146,1,Authority point,authority_supplied_point,site_point,,,,Point,2022-01-14,,https://data.smartdublin.ie/dataset/derelict-site-register,2026-06-24,2026-08-08,GeoJSON,official_download_or_api,native_machine_readable
IE-DS-87a95a9dc08633,Dublin Central,Dublin City Council,DS1596,45 Shelmalier Road Dublin 3 D03PW92,"Shelmalier Road, 45, East Wall, Dublin 3",D03 PW92,53.3549785,-6.233895,1,Authority point,authority_supplied_point,site_point,,,,Point,2024-12-12,,https://data.smartdublin.ie/dataset/derelict-site-register,2026-06-24,2026-08-08,GeoJSON,official_download_or_api,native_machine_readable
IE-DS-ce035196f30354,Dublin Central,Dublin City Council,DS1600,16 Broombridge Road Cabra Dublin 7 D07C9R0,"Broombridge Road, 16, Cabra, Dublin 7",D07 C9R0,53.3679716,-6.3015471,1,Authority point,authority_supplied_point,site_point,,,,Point,2024-08-20,,https://data.smartdublin.ie/dataset/derelict-site-register,2026-06-24,2026-08-08,GeoJSON,official_download_or_api,native_machine_readable
IE-DS-30df1ebd9c21ab,Dublin South-Central,Dublin City Council,DS1601,129 Tyrconnell Road Dublin 8,"Tyrconnell Road, 129, The Grotto, Inchicore, Dublin 8",,53.3368226,-6.3247206,1,Authority point,authority_supplied_point,site_point,,,,Point,2023-06-19,,https://data.smartdublin.ie/dataset/derelict-site-register,2026-06-24,2026-08-08,GeoJSON,official_download_or_api,native_machine_readable
IE-DS-9483d41d38af38,Dublin South-Central,Dublin City Council,DS1615,11 Royston Dublin 12 D12NE45,"Royston, 11, Crumlin / Kimmage, Dublin 12",D12 NE45,53.3147696,-6.311327,1,Authority point,authority_supplied_point,site_point,,,,Point,2023-06-06,,https://data.smartdublin.ie/dataset/derelict-site-register,2026-06-24,2026-08-08,GeoJSON,official_download_or_api,native_machine_readable
IE-DS-b098767629386d,Dublin South-Central,Dublin City Council,DS1644,201 Crumlin Road Dublin 12 D12HT21,"Crumlin Road, 201, Crumlin, Dublin 12",D12 HT21,53.3280497,-6.3063243,1,Authority point,authority_supplied_point,site_point,,,,Point,2024-03-11,,https://data.smartdublin.ie/dataset/derelict-site-register,2026-06-24,2026-08-08,GeoJSON,official_download_or_api,native_machine_readable
IE-DS-a44edcd5c4cba3,Dublin Bay South,Dublin City Council,DS1669,5 Walworth Road Dublin 8 D08Y7C7,"Walworth Road, 5, Portobello, Dublin 8",D08 Y7C7,53.3307253,-6.2692799,1,Authority point,authority_supplied_point,site_point,,,,Point,2023-06-15,,https://data.smartdublin.ie/dataset/derelict-site-register,2026-06-24,2026-08-08,GeoJSON,official_download_or_api,native_machine_readable
IE-DS-f7b6873267cd0d,Dublin Central,Dublin City Council,DS1688,The School of Irish Wrestling Saint Ignatius Road Dublin 7 D07HD26,"Saint Ignatius Road, The School of Irish Wrestling Building, Dublin 7",D07 HD26,53.3618897,-6.2620793,1,Authority point,authority_supplied_point,site_point,,,,Point,2024-12-19,,https://data.smartdublin.ie/dataset/derelict-site-register,2026-06-24,2026-08-08,GeoJSON,official_download_or_api,native_machine_readable
IE-DS-01d615b2cbbb6a,Dublin Bay South,Dublin City Council,DS1850,6 College Street Dublin 2 D02HX59,"College Street, 6, Dublin 2",D02 HX59,53.3456705,-6.2578197,1,Authority point,authority_supplied_point,site_point,,,,Point,2024-09-24,,https://data.smartdublin.ie/dataset/derelict-site-register,2026-06-24,2026-08-08,GeoJSON,official_download_or_api,native_machine_readable
IE-DS-eb3d37f974a509,Dublin South-Central,Dublin City Council,DS1859,15A Saint Anthony's Road Dublin 8 D08VPW5,"St Anthony's Road, 15A, Dublin 8",D08 VPW5,53.3364506,-6.2945956,1,Authority point,authority_supplied_point,site_point,,,,Point,2024-07-15,,https://data.smartdublin.ie/dataset/derelict-site-register,2026-06-24,2026-08-08,GeoJSON,official_download_or_api,native_machine_readable
IE-DS-2cec7af26d0c2f,Dublin Central,Dublin City Council,DS1748A,17/18 Frederick Street North Dublin 1 D01XP84; 17 Frederick Street North Dublin 1,"Frederick Street North, 17, Dublin 1",D01 XP84,53.3558761,-6.2648066,1,Authority point,authority_supplied_point,site_point,,,,Point,2024-08-27,,https://data.smartdublin.ie/dataset/derelict-site-register,2026-06-24,2026-08-08,GeoJSON,official_download_or_api,native_machine_readable
IE-DS-073acd22dec4b1,Dublin Central,Dublin City Council,DS1748B,17/18 Frederick Street North Dublin 1 D01XP84; 18 Frederick Street North Dublin 1,"Frederick Street North, 18, Dublin 1",D01 XP84,53.3559242,-6.2648541,1,Authority point,authority_supplied_point,site_point,,,,Point,2024-08-27,,https://data.smartdublin.ie/dataset/derelict-site-register,2026-06-24,2026-08-08,GeoJSON,official_download_or_api,native_machine_readable
IE-DS-7fd3a0d06cd57d,Dublin South-Central,Dublin City Council,DS2062,607 Clonard Road Dublin 12 D12F2D0,"Clonard Road, 607, Kimmage, Dublin 12",D12 F2D0,53.3184614,-6.3003621,1,Authority point,authority_supplied_point,site_point,,,,Point,2025-01-22,,https://data.smartdublin.ie/dataset/derelict-site-register,2026-06-24,2026-08-08,GeoJSON,official_download_or_api,native_machine_readable
IE-DS-6a1fa09ea33084,Dublin Central,Dublin City Council,DS2073,Typewriter Shop.ie 120 Dorset Street Upper Dublin 1 D01RX53,"Dorset Street Upper, 120, Dublin 1",D01 RX53,53.3544372,-6.2669336,1,Authority point,authority_supplied_point,site_point,,,,Point,2025-09-02,,https://data.smartdublin.ie/dataset/derelict-site-register,2026-06-24,2026-08-08,GeoJSON,official_download_or_api,native_machine_readable
IE-DS-7029e6cb9550d2,Dublin Central,Dublin City Council,DS576,113A Phibsborough Road Dublin 7,"Phibsborough Road, 113A, Dublin 7",,53.3641506,-6.2716678,1,Authority point,authority_supplied_point,site_point,,,,Point,2026-04-14,,https://data.smartdublin.ie/dataset/derelict-site-register,2026-06-24,2026-08-08,GeoJSON,official_download_or_api,native_machine_readable
IE-DS-d04ee138105575,Dublin Central,Dublin City Council,DS1017,47/49 Fairview Strand Dublin 3 D03E271,"Fairview Strand, 47-49 (Players Lounge), Dublin 3",D03 E271,53.3628785,-6.2403186,1,Authority point,authority_supplied_point,site_point,,,,Point,2026-04-24,,https://data.smartdublin.ie/dataset/derelict-site-register,2026-06-24,2026-08-08,GeoJSON,official_download_or_api,native_machine_readable
IE-DS-b2f2e255f0b18c,Dublin Bay South,Dublin City Council,DS1296,"Avenue Road, Site to rear of 43 Bloomfield Avenue, Dublin 8","Avenue Road, Site to rear of 43 Bloomfield Avenue, Dublin 8",,53.3315353,-6.270853,1,Authority point,authority_supplied_point,site_point,,,,Point,2026-04-08,,https://data.smartdublin.ie/dataset/derelict-site-register,2026-06-24,2026-08-08,GeoJSON,official_download_or_api,native_machine_readable
IE-DS-bd446187bb6c22,Dublin Central,Dublin City Council,DS1655,88 Parnell Street Dublin 1,"Parnell Street, 88, Dublin 1",,53.3530038,-6.2600635,1,Authority point,authority_supplied_point,site_point,,,,Point,2026-04-14,,https://data.smartdublin.ie/dataset/derelict-site-register,2026-06-24,2026-08-08,GeoJSON,official_download_or_api,native_machine_readable
IE-DS-86ee799b09a324,Dublin South-Central,Dublin City Council,DS1693,492 Mourne Road Dublin 12 D12NA71,"Mourne Road, 492, Crumlin, Dublin 12",D12 NA71,53.3336333,-6.3084687,1,Authority point,authority_supplied_point,site_point,,,,Point,2026-03-30,,https://data.smartdublin.ie/dataset/derelict-site-register,2026-06-24,2026-08-08,GeoJSON,official_download_or_api,native_machine_readable
IE-DS-ab89397f0f82e5,Dublin Bay South,Dublin City Council,DS2116,15 Coulson Avenue Dublin 6 D06FV56,"Coulson Avenue, 15, Rathmines, Dublin 6",D06 FV56,53.3143176,-6.277475,1,Authority point,authority_supplied_point,site_point,,,,Point,2026-04-13,,https://data.smartdublin.ie/dataset/derelict-site-register,2026-06-24,2026-08-08,GeoJSON,official_download_or_api,native_machine_readable
IE-DS-190e2b1302d3bd,Dublin Central,Dublin City Council,DS2141,44 North Circular Road Dublin 7 D07Y6TE,"North Circular Road, 44, Dublin 7",D07 Y6TE,53.3532867,-6.2959125,1,Authority point,authority_supplied_point,site_point,,,,Point,2026-04-13,,https://data.smartdublin.ie/dataset/derelict-site-register,2026-06-24,2026-08-08,GeoJSON,official_download_or_api,native_machine_readable
IE-DS-0e475d21eca17d,Dún Laoghaire,Dún Laoghaire–Rathdown County Council,DS: 1223,"MARTELLO HOUSE, STRAND ROAD, KILLINEY",,,53.2498548,-6.1127092,1,Polygon centroid,authority_supplied_polygon_centroid,site_polygon_centroid,725945.791892603,723826.446244675,EPSG:2157,Polygon,,,https://data.smartdublin.ie/dataset/derelict-sites-register-dlr,2025-03-14,2026-08-08,GeoJSON,official_download_or_api,native_machine_readable
IE-DS-2921ecdc13bcd1,Dún Laoghaire,Dún Laoghaire–Rathdown County Council,DS: 1528,"LARABEARG, TIVOLI ROAD NORTH, DUNLAOGHAIRE",,,53.2903045,-6.1433184,1,Polygon centroid,authority_supplied_polygon_centroid,site_polygon_centroid,723786.33980587,728273.950517264,EPSG:2157,Polygon,,,https://data.smartdublin.ie/dataset/derelict-sites-register-dlr,2025-03-14,2026-08-08,GeoJSON,official_download_or_api,native_machine_readable
IE-DS-dbbf84278d603e,Dún Laoghaire,Dún Laoghaire–Rathdown County Council,DS: 1549,"SAINT ANNE'S, UPPER DARGLE ROAD, BRAY",,,53.2009862,-6.1290191,1,Polygon centroid,authority_supplied_polygon_centroid,site_polygon_centroid,724999.647212575,718361.996871012,EPSG:2157,Polygon,,,https://data.smartdublin.ie/dataset/derelict-sites-register-dlr,2025-03-14,2026-08-08,GeoJSON,official_download_or_api,native_machine_readable
IE-DS-906a87bcb425c4,Dún Laoghaire,Dún Laoghaire–Rathdown County Council,DS 1544,"3 ALBERT ROAD UPPER, GLENAGEARY, CO.DUBLIN",,,53.2797561,-6.120404,1,Polygon centroid,authority_supplied_polygon_centroid,site_polygon_centroid,725344.728438451,727140.83413127,EPSG:2157,Polygon,,,https://data.smartdublin.ie/dataset/derelict-sites-register-dlr,2025-03-14,2026-08-08,GeoJSON,official_download_or_api,native_machine_readable
IE-DS-294d9d672f822e,Dún Laoghaire,Dún Laoghaire–Rathdown County Council,DS: 1604,"TORCA ROAD, DALKEY, CO.DUBLIN",,,53.2714104,-6.1013372,1,Polygon centroid,authority_supplied_polygon_centroid,site_polygon_centroid,726640.751872317,726246.234756464,EPSG:2157,Polygon,,,https://data.smartdublin.ie/dataset/derelict-sites-register-dlr,2025-03-14,2026-08-08,GeoJSON,official_download_or_api,native_machine_readable
IE-DS-545ff5c611798f,Dún Laoghaire,Dún Laoghaire–Rathdown County Council,DS: 1622,"31 O'DONNELL GARDENS, GLENAGEARY, CO.DUBLIN",,,53.2865717,-6.1259435,1,Polygon centroid,authority_supplied_polygon_centroid,site_polygon_centroid,724955.29321248,727891.19651538,EPSG:2157,Polygon,,,https://data.smartdublin.ie/dataset/derelict-sites-register-dlr,2025-03-14,2026-08-08,GeoJSON,official_download_or_api,native_machine_readable
IE-DS-8fb6194fb7fe21,Dublin Rathdown,Dún Laoghaire–Rathdown County Council,DS: 1628,"WYNNSTAY HOUSE, CLONSKEAGH ROAD, DUBLIN 14",,,53.3082709,-6.2361588,1,Polygon centroid,authority_supplied_polygon_centroid,site_polygon_centroid,717547.882233949,730116.126544314,EPSG:2157,Polygon,,,https://data.smartdublin.ie/dataset/derelict-sites-register-dlr,2025-03-14,2026-08-08,GeoJSON,official_download_or_api,native_machine_readable
IE-DS-d748de689152e9,Dublin Rathdown,Dún Laoghaire–Rathdown County Council,DS 1646,"65 DEERPARK ROAD, MOUNT MERRION, CO.DUBLIN",,,53.2960593,-6.2126589,1,Polygon centroid,authority_supplied_polygon_centroid,site_polygon_centroid,719147.772824426,728796.413678089,EPSG:2157,Polygon,,,https://data.smartdublin.ie/dataset/derelict-sites-register-dlr,2025-03-14,2026-08-08,GeoJSON,official_download_or_api,native_machine_readable
IE-DS-db7729d080470d,Dublin Rathdown,Dún Laoghaire–Rathdown County Council,DS: 1685,"22 WOODLAWN PARK, CHURCHTOWN, DUBLIN 14",,,53.2956802,-6.2488592,1,Polygon centroid,authority_supplied_polygon_centroid,site_polygon_centroid,716735.821596156,728694.603787998,EPSG:2157,Polygon,,,https://data.smartdublin.ie/dataset/derelict-sites-register-dlr,2025-03-14,2026-08-08,GeoJSON,official_download_or_api,native_machine_readable
IE-DS-9ff55293510b56,Dún Laoghaire,Dún Laoghaire–Rathdown County Council,DS: 1696,"WAVERLY LODGE, 61 CARYSFORT AVENUE, BLACKROCK, CO.DUBLIN",,,53.2985254,-6.1806909,1,Polygon centroid,authority_supplied_polygon_centroid,site_polygon_centroid,721271.545900376,729125.467494593,EPSG:2157,Polygon,,,https://data.smartdublin.ie/dataset/derelict-sites-register-dlr,2025-03-14,2026-08-08,GeoJSON,official_download_or_api,native_machine_readable
IE-DS-21c128d27f018b,Dún Laoghaire,Dún Laoghaire–Rathdown County Council,DS 1725,"61 GEORGE'S STREET UPPER, DUN LAOGHAIRE, CO.DUBLIN",,,53.2895565,-6.130213,1,Polygon centroid,authority_supplied_polygon_centroid,site_polygon_centroid,724662.030493296,728215.066321473,EPSG:2157,Polygon,,,https://data.smartdublin.ie/dataset/derelict-sites-register-dlr,2025-03-14,2026-08-08,GeoJSON,official_download_or_api,native_machine_readable
IE-DS-8965e082092ce2,Dún Laoghaire,Dún Laoghaire–Rathdown County Council,DS: 1705,"HARVEY NURSING HOME, GLENAGEARY ROAD UPPER, CO.DUBLIN",,,53.2832226,-6.1440095,1,Polygon centroid,authority_supplied_polygon_centroid,site_polygon_centroid,723760.674099189,727485.537172976,EPSG:2157,Polygon,,,https://data.smartdublin.ie/dataset/derelict-sites-register-dlr,2025-03-14,2026-08-08,GeoJSON,official_download_or_api,native_machine_readable
IE-DS-b4ae8f10097865,Dún Laoghaire,Dún Laoghaire–Rathdown County Council,DS 1450/51,"YORK HOUSE TIVOLI LODGE, YORK ROAD, CO.DUBLIN",,,53.2888201,-6.144924,1,Polygon centroid,authority_supplied_polygon_centroid,site_polygon_centroid,723683.615543569,728105.799887066,EPSG:2157,Polygon,,,https://data.smartdublin.ie/dataset/derelict-sites-register-dlr,2025-03-14,2026-08-08,GeoJSON,official_download_or_api,native_machine_readable
IE-DS-813be1ebcd2d65,Dún Laoghaire,Dún Laoghaire–Rathdown County Council,DS: 1714,"OLD DUNLEARY HOUSE, DUN LAOGHAIRE, CO.DUBLIN",,,53.2950317,-6.1471842,1,Polygon centroid,authority_supplied_polygon_centroid,site_polygon_centroid,723514.820872495,728795.00760987,EPSG:2157,Polygon,,,https://data.smartdublin.ie/dataset/derelict-sites-register-dlr,2025-03-14,2026-08-08,GeoJSON,official_download_or_api,native_machine_readable
IE-DS-7a02866135f785,Dún Laoghaire,Dún Laoghaire–Rathdown County Council,DS: 1712,"17 PATRICK STREET, DUN LAOGHAIRE, CO.DUBLIN",,,53.2916062,-6.1375012,1,Polygon centroid,authority_supplied_polygon_centroid,site_polygon_centroid,724170.341183046,728429.095864178,EPSG:2157,Polygon,,,https://data.smartdublin.ie/dataset/derelict-sites-register-dlr,2025-03-14,2026-08-08,GeoJSON,official_download_or_api,native_machine_readable
IE-DS-e5a4682c6cd005,Dún Laoghaire,Dún Laoghaire–Rathdown County Council,DS: 1679,"1 & 2 ANNAVILLE AVENUE, BLACKROCK, CO.DUBLIN",,,53.2877119,-6.1769296,1,Polygon centroid,authority_supplied_polygon_centroid,site_polygon_centroid,721552.857306001,727929.711814056,EPSG:2157,Polygon,,,https://data.smartdublin.ie/dataset/derelict-sites-register-dlr,2025-03-14,2026-08-08,GeoJSON,official_download_or_api,native_machine_readable
IE-DS-d885244e838067,Roscommon-Galway,Roscommon County Council,1992/36,Rooskey,House,,53.8250766,-7.9301849,1,Polygon centroid,authority_supplied_polygon_centroid,site_polygon_centroid,,,,Polygon,,,https://services1.arcgis.com/0g8o874l5un2eDgz/arcgis/rest/services/DerelictSitesRegister/FeatureServer/0,2026-07-08,2026-08-08,GeoJSON,official_download_or_api,native_machine_readable
IE-DS-c9ede9a3169eb4,Roscommon-Galway,Roscommon County Council,DS 2017/08,Cloonfinglas,House,,53.8325504,-8.4716453,1,Polygon centroid,authority_supplied_polygon_centroid,site_polygon_centroid,,,,Polygon,,,https://services1.arcgis.com/0g8o874l5un2eDgz/arcgis/rest/services/DerelictSitesRegister/FeatureServer/0,2026-07-08,2026-08-08,GeoJSON,official_download_or_api,native_machine_readable
IE-DS-b08c820d41bad9,Roscommon-Galway,Roscommon County Council,06-2021,"3 Elphin St,",House,,53.7795704,-8.1048595,1,Polygon centroid,authority_supplied_polygon_centroid,site_polygon_centroid,,,,Polygon,,,https://services1.arcgis.com/0g8o874l5un2eDgz/arcgis/rest/services/DerelictSitesRegister/FeatureServer/0,2026-07-08,2026-08-08,GeoJSON,official_download_or_api,native_machine_readable
IE-DS-e4ac8be7c301c4,Roscommon-Galway,Roscommon County Council,08-2022,"6 Arm,Castlerea",House,,53.7697006,-8.5002899,1,Polygon centroid,authority_supplied_polygon_centroid,site_polygon_centroid,,,,Polygon,,,https://services1.arcgis.com/0g8o874l5un2eDgz/arcgis/rest/services/DerelictSitesRegister/FeatureServer/0,2026-07-08,2026-08-08,GeoJSON,official_download_or_api,native_machine_readable
IE-DS-ecf47590a9692a,Roscommon-Galway,Roscommon County Council,2022/41,Cloonfad,House,,53.685179,-8.7519951,1,Polygon centroid,authority_supplied_polygon_centroid,site_polygon_centroid,,,,Polygon,,,https://services1.arcgis.com/0g8o874l5un2eDgz/arcgis/rest/services/DerelictSitesRegister/FeatureServer/0,2026-07-08,2026-08-08,GeoJSON,official_download_or_api,native_machine_readable
IE-DS-11817322e6f6b5,Roscommon-Galway,Roscommon County Council,04-2022,Arm,House,,53.7675427,-8.5089739,1,Polygon centroid,authority_supplied_polygon_centroid,site_polygon_centroid,,,,Polygon,,,https://services1.arcgis.com/0g8o874l5un2eDgz/arcgis/rest/services/DerelictSitesRegister/FeatureServer/0,2026-07-08,2026-08-08,GeoJSON,official_download_or_api,native_machine_readable
IE-DS-f9a77d2c7d9634,Roscommon-Galway,Roscommon County Council,13-2022,1 Mockmoyne H,House,,53.9739639,-8.3054517,1,Polygon centroid,authority_supplied_polygon_centroid,site_polygon_centroid,,,,Polygon,,,https://services1.arcgis.com/0g8o874l5un2eDgz/arcgis/rest/services/DerelictSitesRegister/FeatureServer/0,2026-07-08,2026-08-08,GeoJSON,official_download_or_api,native_machine_readable
IE-DS-e31e52433e753a,Roscommon-Galway,Roscommon County Council,14-2022,2 Mockmoyne H,House,,53.9741821,-8.3055191,1,Polygon centroid,authority_supplied_polygon_centroid,site_polygon_centroid,,,,Polygon,,,https://services1.arcgis.com/0g8o874l5un2eDgz/arcgis/rest/services/DerelictSitesRegister/FeatureServer/0,2026-07-08,2026-08-08,GeoJSON,official_download_or_api,native_machine_readable
IE-DS-db6808d9976fb5,Roscommon-Galway,Roscommon County Council,30-2022,"Church St., Str",House,,53.7771577,-8.1071279,1,Polygon centroid,authority_supplied_polygon_centroid,site_polygon_centroid,,,,Polygon,,,https://services1.arcgis.com/0g8o874l5un2eDgz/arcgis/rest/services/DerelictSitesRegister/FeatureServer/0,2026-07-08,2026-08-08,GeoJSON,official_download_or_api,native_machine_readable
IE-DS-55ce67baa0f482,Roscommon-Galway,Roscommon County Council,38-2022,"Main St., Roosk",House,,53.8328158,-7.9245291,1,Polygon centroid,authority_supplied_polygon_centroid,site_polygon_centroid,,,,Polygon,,,https://services1.arcgis.com/0g8o874l5un2eDgz/arcgis/rest/services/DerelictSitesRegister/FeatureServer/0,2026-07-08,2026-08-08,GeoJSON,official_download_or_api,native_machine_readable
IE-DS-3171e243bb1638,Roscommon-Galway,Roscommon County Council,2022/02,Barrymore,house,,53.4619392,-7.9940646,1,Polygon centroid,authority_supplied_polygon_centroid,site_polygon_centroid,,,,Polygon,,,https://services1.arcgis.com/0g8o874l5un2eDgz/arcgis/rest/services/DerelictSitesRegister/FeatureServer/0,2026-07-08,2026-08-08,GeoJSON,official_download_or_api,native_machine_readable
IE-DS-f629f48d131457,Roscommon-Galway,Roscommon County Council,44-2022,"Main St.,C'rea",Commer,,53.7697472,-8.4941124,1,Polygon centroid,authority_supplied_polygon_centroid,site_polygon_centroid,,,,Polygon,,,https://services1.arcgis.com/0g8o874l5un2eDgz/arcgis/rest/services/DerelictSitesRegister/FeatureServer/0,2026-07-08,2026-08-08,GeoJSON,official_download_or_api,native_machine_readable
IE-DS-311a85a4771f8d,Roscommon-Galway,Roscommon County Council,04-2021,F45Y076,Commer,F45 Y076,53.7673582,-8.487315,1,Polygon centroid,authority_supplied_polygon_centroid,site_polygon_centroid,,,,Polygon,,,https://services1.arcgis.com/0g8o874l5un2eDgz/arcgis/rest/services/DerelictSitesRegister/FeatureServer/0,2026-07-08,2026-08-08,GeoJSON,official_download_or_api,native_machine_readable
IE-DS-adfa6cc4267707,Roscommon-Galway,Roscommon County Council,29-2022,Knockroe,Reside,,53.7659961,-8.48149,1,Polygon centroid,authority_supplied_polygon_centroid,site_polygon_centroid,,,,Polygon,,,https://services1.arcgis.com/0g8o874l5un2eDgz/arcgis/rest/services/DerelictSitesRegister/FeatureServer/0,2026-07-08,2026-08-08,GeoJSON,official_download_or_api,native_machine_readable
IE-DS-a8bdd8d62ab47e,Roscommon-Galway,Roscommon County Council,32-2022,New Line Road,,,53.8439611,-8.1914436,1,Polygon centroid,authority_supplied_polygon_centroid,site_polygon_centroid,,,,Polygon,,,https://services1.arcgis.com/0g8o874l5un2eDgz/arcgis/rest/services/DerelictSitesRegister/FeatureServer/0,2026-07-08,2026-08-08,GeoJSON,official_download_or_api,native_machine_readable
IE-DS-2b93238ea1edce,Roscommon-Galway,Roscommon County Council,33-2022,Warren + Drum,House,,53.9741286,-8.2819375,1,Polygon centroid,authority_supplied_polygon_centroid,site_polygon_centroid,,,,Polygon,,,https://services1.arcgis.com/0g8o874l5un2eDgz/arcgis/rest/services/DerelictSitesRegister/FeatureServer/0,2026-07-08,2026-08-08,GeoJSON,official_download_or_api,native_machine_readable
IE-DS-5aa2367bfec378,Roscommon-Galway,Roscommon County Council,28-2022,Boyle,House,,53.9748898,-8.2859545,1,Polygon centroid,authority_supplied_polygon_centroid,site_polygon_centroid,,,,Polygon,,,https://services1.arcgis.com/0g8o874l5un2eDgz/arcgis/rest/services/DerelictSitesRegister/FeatureServer/0,2026-07-08,2026-08-08,GeoJSON,official_download_or_api,native_machine_readable
IE-DS-b9710554fb4c4b,Roscommon-Galway,Roscommon County Council,049-2022,Sligo Rd,House,,53.9040431,-8.5714576,1,Polygon centroid,authority_supplied_polygon_centroid,site_polygon_centroid,,,,Polygon,,,https://services1.arcgis.com/0g8o874l5un2eDgz/arcgis/rest/services/DerelictSitesRegister/FeatureServer/0,2026-07-08,2026-08-08,GeoJSON,official_download_or_api,native_machine_readable
IE-DS-eb139250badda0,Roscommon-Galway,Roscommon County Council,DS 49-2022,Patrick St,House,,53.9728278,-8.3071812,1,Polygon centroid,authority_supplied_polygon_centroid,site_polygon_centroid,,,,Polygon,,,https://services1.arcgis.com/0g8o874l5un2eDgz/arcgis/rest/services/DerelictSitesRegister/FeatureServer/0,2026-07-08,2026-08-08,GeoJSON,official_download_or_api,native_machine_readable
IE-DS-6b30809acff57d,Roscommon-Galway,Roscommon County Council,DS 46-2022,Patrick St.,House,,53.9727811,-8.3070686,1,Polygon centroid,authority_supplied_polygon_centroid,site_polygon_centroid,,,,Polygon,,,https://services1.arcgis.com/0g8o874l5un2eDgz/arcgis/rest/services/DerelictSitesRegister/FeatureServer/0,2026-07-08,2026-08-08,GeoJSON,official_download_or_api,native_machine_readable
IE-DS-f1c920e3c40b4f,Roscommon-Galway,Roscommon County Council,DS 45-2022,Patrick St,House,,53.972876,-8.3070555,1,Polygon centroid,authority_supplied_polygon_centroid,site_polygon_centroid,,,,Polygon,,,https://services1.arcgis.com/0g8o874l5un2eDgz/arcgis/rest/services/DerelictSitesRegister/FeatureServer/0,2026-07-08,2026-08-08,GeoJSON,official_download_or_api,native_machine_readable
IE-DS-10b9d6d349ab93,Roscommon-Galway,Roscommon County Council,014-2023,Chapel St,House,,53.8457188,-8.1973518,1,Polygon centroid,authority_supplied_polygon_centroid,site_polygon_centroid,,,,Polygon,,,https://services1.arcgis.com/0g8o874l5un2eDgz/arcgis/rest/services/DerelictSitesRegister/FeatureServer/0,2026-07-08,2026-08-08,GeoJSON,official_download_or_api,native_machine_readable
IE-DS-48fea91d5a9a9a,Roscommon-Galway,Roscommon County Council,05-2023,Cloonsahnville,House,,53.8701209,-8.405892,1,Polygon centroid,authority_supplied_polygon_centroid,site_polygon_centroid,,,,Polygon,,,https://services1.arcgis.com/0g8o874l5un2eDgz/arcgis/rest/services/DerelictSitesRegister/FeatureServer/0,2026-07-08,2026-08-08,GeoJSON,official_download_or_api,native_machine_readable
IE-DS-b076c96ae7da91,Roscommon-Galway,Roscommon County Council,03-2022,31 Kildalloge,House,,53.7821534,-8.1022639,1,Polygon centroid,authority_supplied_polygon_centroid,site_polygon_centroid,,,,Polygon,,,https://services1.arcgis.com/0g8o874l5un2eDgz/arcgis/rest/services/DerelictSitesRegister/FeatureServer/0,2026-07-08,2026-08-08,GeoJSON,official_download_or_api,native_machine_readable
IE-DS-7ba725320673c4,Roscommon-Galway,Roscommon County Council,DS 11-2023,Castlereagh,Shop,,53.7694461,-8.4959755,1,Polygon centroid,authority_supplied_polygon_centroid,site_polygon_centroid,,,,Polygon,,,https://services1.arcgis.com/0g8o874l5un2eDgz/arcgis/rest/services/DerelictSitesRegister/FeatureServer/0,2026-07-08,2026-08-08,GeoJSON,official_download_or_api,native_machine_readable
IE-DS-056d54d1834c46,Roscommon-Galway,Roscommon County Council,DS 09-2023,Hook&Tackle Bar,Commer,,53.4704055,-8.2698188,1,Polygon centroid,authority_supplied_polygon_centroid,site_polygon_centroid,,,,Polygon,,,https://services1.arcgis.com/0g8o874l5un2eDgz/arcgis/rest/services/DerelictSitesRegister/FeatureServer/0,2026-07-08,2026-08-08,GeoJSON,official_download_or_api,native_machine_readable
IE-DS-6085425fcff09d,Roscommon-Galway,Roscommon County Council,18/2022,"1 Church Rd.,",Reside,,53.7630286,-8.4847217,1,Polygon centroid,authority_supplied_polygon_centroid,site_polygon_centroid,,,,Polygon,,,https://services1.arcgis.com/0g8o874l5un2eDgz/arcgis/rest/services/DerelictSitesRegister/FeatureServer/0,2026-07-08,2026-08-08,GeoJSON,official_download_or_api,native_machine_readable
IE-DS-9644f52672f729,Roscommon-Galway,Roscommon County Council,34-2022,19 Erris Bay,House,,53.9797629,-8.279402,1,Polygon centroid,authority_supplied_polygon_centroid,site_polygon_centroid,,,,Polygon,,,https://services1.arcgis.com/0g8o874l5un2eDgz/arcgis/rest/services/DerelictSitesRegister/FeatureServer/0,2026-07-08,2026-08-08,GeoJSON,official_download_or_api,native_machine_readable
IE-DS-014fef7c3e342b,Roscommon-Galway,Roscommon County Council,36-2023,F42 HW67,House,F42 HW67,53.6136616,-8.2006098,1,Polygon centroid,authority_supplied_polygon_centroid,site_polygon_centroid,,,,Polygon,,,https://services1.arcgis.com/0g8o874l5un2eDgz/arcgis/rest/services/DerelictSitesRegister/FeatureServer/0,2026-07-08,2026-08-08,GeoJSON,official_download_or_api,native_machine_readable
IE-DS-6ad4176b0b563e,Roscommon-Galway,Roscommon County Council,38-2023,18B Convent Cou,House,,53.627891,-8.2010359,1,Polygon centroid,authority_supplied_polygon_centroid,site_polygon_centroid,,,,Polygon,,,https://services1.arcgis.com/0g8o874l5un2eDgz/arcgis/rest/services/DerelictSitesRegister/FeatureServer/0,2026-07-08,2026-08-08,GeoJSON,official_download_or_api,native_machine_readable
IE-DS-6edeb7bc22a1ca,Roscommon-Galway,Roscommon County Council,13-2023,43 Termon Rd,House,,53.9704543,-8.3054935,1,Polygon centroid,authority_supplied_polygon_centroid,site_polygon_centroid,,,,Polygon,,,https://services1.arcgis.com/0g8o874l5un2eDgz/arcgis/rest/services/DerelictSitesRegister/FeatureServer/0,2026-07-08,2026-08-08,GeoJSON,official_download_or_api,native_machine_readable
IE-DS-b6b2d8e3564e95,Roscommon-Galway,Roscommon County Council,07-2023,Lakeview Fillin,Mixed,,53.6772413,-8.0146632,1,Polygon centroid,authority_supplied_polygon_centroid,site_polygon_centroid,,,,Polygon,,,https://services1.arcgis.com/0g8o874l5un2eDgz/arcgis/rest/services/DerelictSitesRegister/FeatureServer/0,2026-07-08,2026-08-08,GeoJSON,official_download_or_api,native_machine_readable
IE-DS-94663bd615c120,Roscommon-Galway,Roscommon County Council,31-2023,"Station Rd.,",Mixed,,53.7425629,-8.6340338,1,Polygon centroid,authority_supplied_polygon_centroid,site_polygon_centroid,,,,Polygon,,,https://services1.arcgis.com/0g8o874l5un2eDgz/arcgis/rest/services/DerelictSitesRegister/FeatureServer/0,2026-07-08,2026-08-08,GeoJSON,official_download_or_api,native_machine_readable
IE-DS-8b9bfd28d8c303,Roscommon-Galway,Roscommon County Council,12-2023,Thomastown,House,,53.3620693,-8.0713358,1,Polygon centroid,authority_supplied_polygon_centroid,site_polygon_centroid,,,,Polygon,,,https://services1.arcgis.com/0g8o874l5un2eDgz/arcgis/rest/services/DerelictSitesRegister/FeatureServer/0,2026-07-08,2026-08-08,GeoJSON,official_download_or_api,native_machine_readable
IE-DS-6921357aa6b5d5,Roscommon-Galway,Roscommon County Council,001-2025,Ballinagard,SSB,,53.6100696,-8.2027377,1,Polygon centroid,authority_supplied_polygon_centroid,site_polygon_centroid,,,,Polygon,,,https://services1.arcgis.com/0g8o874l5un2eDgz/arcgis/rest/services/DerelictSitesRegister/FeatureServer/0,2026-07-08,2026-08-08,GeoJSON,official_download_or_api,native_machine_readable
IE-DS-cd84a8afdae162,Roscommon-Galway,Roscommon County Council,002-2025,Pound St F45HV5,2S Tce,,53.9042098,-8.574108,1,Polygon centroid,authority_supplied_polygon_centroid,site_polygon_centroid,,,,Polygon,,,https://services1.arcgis.com/0g8o874l5un2eDgz/arcgis/rest/services/DerelictSitesRegister/FeatureServer/0,2026-07-08,2026-08-08,GeoJSON,official_download_or_api,native_machine_readable
IE-DS-3beceff3f9dc8c,Roscommon-Galway,Roscommon County Council,003-2025,F45XN73,Cottag,F45 XN73,53.9055776,-8.5681244,1,Polygon centroid,authority_supplied_polygon_centroid,site_polygon_centroid,,,,MultiPolygon,,,https://services1.arcgis.com/0g8o874l5un2eDgz/arcgis/rest/services/DerelictSitesRegister/FeatureServer/0,2026-07-08,2026-08-08,GeoJSON,official_download_or_api,native_machine_readable
IE-DS-b47cc5089ba093,Roscommon-Galway,Roscommon County Council,004-2025,F45Y242 Elphin,2S SD,F45 Y242,53.8433623,-8.2045154,1,Polygon centroid,authority_supplied_polygon_centroid,site_polygon_centroid,,,,Polygon,,,https://services1.arcgis.com/0g8o874l5un2eDgz/arcgis/rest/services/DerelictSitesRegister/FeatureServer/0,2026-07-08,2026-08-08,GeoJSON,official_download_or_api,native_machine_readable
IE-DS-e016b00548d1bc,Roscommon-Galway,Roscommon County Council,005-2025,22 Castlecourt,2SSD,,53.8986451,-8.5849976,1,Polygon centroid,authority_supplied_polygon_centroid,site_polygon_centroid,,,,Polygon,,,https://services1.arcgis.com/0g8o874l5un2eDgz/arcgis/rest/services/DerelictSitesRegister/FeatureServer/0,2026-07-08,2026-08-08,GeoJSON,official_download_or_api,native_machine_readable
IE-DS-79c0d3a091f669,Roscommon-Galway,Roscommon County Council,020-2025,St Marys Tce,2SSD,,53.6758622,-8.0061219,1,Polygon centroid,authority_supplied_polygon_centroid,site_polygon_centroid,,,,Polygon,,,https://services1.arcgis.com/0g8o874l5un2eDgz/arcgis/rest/services/DerelictSitesRegister/FeatureServer/0,2026-07-08,2026-08-08,GeoJSON,official_download_or_api,native_machine_readable
IE-DS-07bc996c63a2dc,Roscommon-Galway,Roscommon County Council,021-2025,42 Shannon Vall,Semi D,,53.9048078,-8.5649347,1,Polygon centroid,authority_supplied_polygon_centroid,site_polygon_centroid,,,,Polygon,,,https://services1.arcgis.com/0g8o874l5un2eDgz/arcgis/rest/services/DerelictSitesRegister/FeatureServer/0,2026-07-08,2026-08-08,GeoJSON,official_download_or_api,native_machine_readable
IE-DS-22091d9b198b47,Roscommon-Galway,Roscommon County Council,022-2025,14 Dun Ard,Det 2S,,53.5738945,-8.0862768,1,Polygon centroid,authority_supplied_polygon_centroid,site_polygon_centroid,,,,Polygon,,,https://services1.arcgis.com/0g8o874l5un2eDgz/arcgis/rest/services/DerelictSitesRegister/FeatureServer/0,2026-07-08,2026-08-08,GeoJSON,official_download_or_api,native_machine_readable
IE-DS-bcafeb07ea74ee,Roscommon-Galway,Roscommon County Council,023 - 2025,Main St F45F6P9,Com,F45 F6P9,53.9014846,-8.580963,1,Polygon centroid,authority_supplied_polygon_centroid,site_polygon_centroid,,,,Polygon,,,https://services1.arcgis.com/0g8o874l5un2eDgz/arcgis/rest/services/DerelictSitesRegister/FeatureServer/0,2026-07-08,2026-08-08,GeoJSON,official_download_or_api,native_machine_readable
IE-DS-69f67f682d08b9,Roscommon-Galway,Roscommon County Council,24 - 2025,Main St F45RK31,TceHse,F45 RK31,53.9012089,-8.5814302,1,Polygon centroid,authority_supplied_polygon_centroid,site_polygon_centroid,,,,Polygon,,,https://services1.arcgis.com/0g8o874l5un2eDgz/arcgis/rest/services/DerelictSitesRegister/FeatureServer/0,2026-07-08,2026-08-08,GeoJSON,official_download_or_api,native_machine_readable
IE-DS-695f186daa8a30,Roscommon-Galway,Roscommon County Council,025 - 2025,Main St F45HK00,TceHse,F45 HK00,53.9011831,-8.581503,1,Polygon centroid,authority_supplied_polygon_centroid,site_polygon_centroid,,,,Polygon,,,https://services1.arcgis.com/0g8o874l5un2eDgz/arcgis/rest/services/DerelictSitesRegister/FeatureServer/0,2026-07-08,2026-08-08,GeoJSON,official_download_or_api,native_machine_readable
IE-DS-c58f90a3a690d6,Roscommon-Galway,Roscommon County Council,26 - 2025,Main St F45YT57,TceHse,F45 YT57,53.9011265,-8.5815797,1,Polygon centroid,authority_supplied_polygon_centroid,site_polygon_centroid,,,,Polygon,,,https://services1.arcgis.com/0g8o874l5un2eDgz/arcgis/rest/services/DerelictSitesRegister/FeatureServer/0,2026-07-08,2026-08-08,GeoJSON,official_download_or_api,native_machine_readable
IE-DS-a38109a65fcab2,Roscommon-Galway,Roscommon County Council,27 - 2025,Main St F45YX45,Comm,F45 YX45,53.90122,-8.5820941,1,Polygon centroid,authority_supplied_polygon_centroid,site_polygon_centroid,,,,Polygon,,,https://services1.arcgis.com/0g8o874l5un2eDgz/arcgis/rest/services/DerelictSitesRegister/FeatureServer/0,2026-07-08,2026-08-08,GeoJSON,official_download_or_api,native_machine_readable
IE-DS-a63fe125a162e8,Roscommon-Galway,Roscommon County Council,006-2025,Castlecourt,Semi D,,53.8986491,-8.5851402,1,Polygon centroid,authority_supplied_polygon_centroid,site_polygon_centroid,,,,Polygon,,,https://services1.arcgis.com/0g8o874l5un2eDgz/arcgis/rest/services/DerelictSitesRegister/FeatureServer/0,2026-07-08,2026-08-08,GeoJSON,official_download_or_api,native_machine_readable
IE-DS-afd59caf3b4a50,Roscommon-Galway,Roscommon County Council,007-2025,Castlecourt,Semi D,,53.8986481,-8.5852902,1,Polygon centroid,authority_supplied_polygon_centroid,site_polygon_centroid,,,,Polygon,,,https://services1.arcgis.com/0g8o874l5un2eDgz/arcgis/rest/services/DerelictSitesRegister/FeatureServer/0,2026-07-08,2026-08-08,GeoJSON,official_download_or_api,native_machine_readable
IE-DS-a200efc50527d8,Roscommon-Galway,Roscommon County Council,028-2025,Strokestown,Detach,,53.7697318,-8.1188431,1,Polygon centroid,authority_supplied_polygon_centroid,site_polygon_centroid,,,,Polygon,,,https://services1.arcgis.com/0g8o874l5un2eDgz/arcgis/rest/services/DerelictSitesRegister/FeatureServer/0,2026-07-08,2026-08-08,GeoJSON,official_download_or_api,native_machine_readable
IE-DS-2a8a6edb19700e,Roscommon-Galway,Roscommon County Council,029-2025,Loughglinn Td,Det,,53.823268,-8.5600029,1,Polygon centroid,authority_supplied_polygon_centroid,site_polygon_centroid,,,,Polygon,,,https://services1.arcgis.com/0g8o874l5un2eDgz/arcgis/rest/services/DerelictSitesRegister/FeatureServer/0,2026-07-08,2026-08-08,GeoJSON,official_download_or_api,native_machine_readable
IE-DS-ab687c28124a20,Roscommon-Galway,Roscommon County Council,031-2025,Mocmoyne Rd,Semi D,,53.9733913,-8.3135834,1,Polygon centroid,authority_supplied_polygon_centroid,site_polygon_centroid,,,,Polygon,,,https://services1.arcgis.com/0g8o874l5un2eDgz/arcgis/rest/services/DerelictSitesRegister/FeatureServer/0,2026-07-08,2026-08-08,GeoJSON,official_download_or_api,native_machine_readable
IE-DS-7bcc33c919ebb3,Roscommon-Galway,Roscommon County Council,030-2025,Mocmoyne Rd.,Semi D,,53.9733639,-8.3139067,1,Polygon centroid,authority_supplied_polygon_centroid,site_polygon_centroid,,,,Polygon,,,https://services1.arcgis.com/0g8o874l5un2eDgz/arcgis/rest/services/DerelictSitesRegister/FeatureServer/0,2026-07-08,2026-08-08,GeoJSON,official_download_or_api,native_machine_readable
IE-DS-b3096b2702dc69,Roscommon-Galway,Roscommon County Council,019-2025,Frenchpark,Tce,,53.8687437,-8.4067001,1,Polygon centroid,authority_supplied_polygon_centroid,site_polygon_centroid,,,,MultiPolygon,,,https://services1.arcgis.com/0g8o874l5un2eDgz/arcgis/rest/services/DerelictSitesRegister/FeatureServer/0,2026-07-08,2026-08-08,GeoJSON,official_download_or_api,native_machine_readable
IE-DS-25aa82b9deaa26,Roscommon-Galway,Roscommon County Council,037-2025,Market St,Tce Hs,,53.9033521,-8.5818831,1,Polygon centroid,authority_supplied_polygon_centroid,site_polygon_centroid,,,,Polygon,,,https://services1.arcgis.com/0g8o874l5un2eDgz/arcgis/rest/services/DerelictSitesRegister/FeatureServer/0,2026-07-08,2026-08-08,GeoJSON,official_download_or_api,native_machine_readable
IE-DS-5f3d6d076611e0,Roscommon-Galway,Roscommon County Council,036-2025,Market St,Com,,53.9034291,-8.582001,1,Polygon centroid,authority_supplied_polygon_centroid,site_polygon_centroid,,,,Polygon,,,https://services1.arcgis.com/0g8o874l5un2eDgz/arcgis/rest/services/DerelictSitesRegister/FeatureServer/0,2026-07-08,2026-08-08,GeoJSON,official_download_or_api,native_machine_readable
IE-DS-4f04ff02775cf4,Roscommon-Galway,Roscommon County Council,038-2025,Ballyleague,Semi D,,53.6766806,-7.997146,1,Polygon centroid,authority_supplied_polygon_centroid,site_polygon_centroid,,,,Polygon,,,https://services1.arcgis.com/0g8o874l5un2eDgz/arcgis/rest/services/DerelictSitesRegister/FeatureServer/0,2026-07-08,2026-08-08,GeoJSON,official_download_or_api,native_machine_readable
IE-DS-00e414e0e0bd9c,Roscommon-Galway,Roscommon County Council,34-2025,Ballyleague,Com,,53.679633,-8.0020415,1,Polygon centroid,authority_supplied_polygon_centroid,site_polygon_centroid,,,,Polygon,,,https://services1.arcgis.com/0g8o874l5un2eDgz/arcgis/rest/services/DerelictSitesRegister/FeatureServer/0,2026-07-08,2026-08-08,GeoJSON,official_download_or_api,native_machine_readable
IE-DS-b0dac920314734,Roscommon-Galway,Roscommon County Council,035-2025,Kilcolman,Det 2S,,53.9045561,-8.5681613,1,Polygon centroid,authority_supplied_polygon_centroid,site_polygon_centroid,,,,Polygon,,,https://services1.arcgis.com/0g8o874l5un2eDgz/arcgis/rest/services/DerelictSitesRegister/FeatureServer/0,2026-07-08,2026-08-08,GeoJSON,official_download_or_api,native_machine_readable
IE-DS-c20bcfe3c9631b,Roscommon-Galway,Roscommon County Council,039-2025,Cloverhill,UHD,,53.906239,-8.5895991,1,Polygon centroid,authority_supplied_polygon_centroid,site_polygon_centroid,,,,Polygon,,,https://services1.arcgis.com/0g8o874l5un2eDgz/arcgis/rest/services/DerelictSitesRegister/FeatureServer/0,2026-07-08,2026-08-08,GeoJSON,official_download_or_api,native_machine_readable
IE-DS-89b56c44c3d25b,Roscommon-Galway,Roscommon County Council,045-2025,Cootehall,Detach,,53.9864164,-8.158025,1,Polygon centroid,authority_supplied_polygon_centroid,site_polygon_centroid,,,,Polygon,,,https://services1.arcgis.com/0g8o874l5un2eDgz/arcgis/rest/services/DerelictSitesRegister/FeatureServer/0,2026-07-08,2026-08-08,GeoJSON,official_download_or_api,native_machine_readable
IE-DS-e89856f9196437,Roscommon-Galway,Roscommon County Council,46-2025,Cootehall,Semi d,,53.986276,-8.1585781,1,Polygon centroid,authority_supplied_polygon_centroid,site_polygon_centroid,,,,Polygon,,,https://services1.arcgis.com/0g8o874l5un2eDgz/arcgis/rest/services/DerelictSitesRegister/FeatureServer/0,2026-07-08,2026-08-08,GeoJSON,official_download_or_api,native_machine_readable
IE-DS-e3be8086311f73,Roscommon-Galway,Roscommon County Council,32-2025,Cootehall,Comm,,53.9844336,-8.1594058,1,Polygon centroid,authority_supplied_polygon_centroid,site_polygon_centroid,,,,Polygon,,,https://services1.arcgis.com/0g8o874l5un2eDgz/arcgis/rest/services/DerelictSitesRegister/FeatureServer/0,2026-07-08,2026-08-08,GeoJSON,official_download_or_api,native_machine_readable
IE-DS-8a6f1817c00766,Roscommon-Galway,Roscommon County Council,053-2025,Main st,Res,,53.8999738,-8.5830151,1,Polygon centroid,authority_supplied_polygon_centroid,site_polygon_centroid,,,,Polygon,,,https://services1.arcgis.com/0g8o874l5un2eDgz/arcgis/rest/services/DerelictSitesRegister/FeatureServer/0,2026-07-08,2026-08-08,GeoJSON,official_download_or_api,native_machine_readable
IE-DS-5635c459431bc4,Roscommon-Galway,Roscommon County Council,049-2025,Gleann Ard,Res,,53.9012838,-8.5732894,1,Polygon centroid,authority_supplied_polygon_centroid,site_polygon_centroid,,,,Polygon,,,https://services1.arcgis.com/0g8o874l5un2eDgz/arcgis/rest/services/DerelictSitesRegister/FeatureServer/0,2026-07-08,2026-08-08,GeoJSON,official_download_or_api,native_machine_readable
IE-DS-67a9ff5ce0f438,Roscommon-Galway,Roscommon County Council,050-2025,Ballaghaderreen,Res,,53.9010574,-8.5731726,1,Polygon centroid,authority_supplied_polygon_centroid,site_polygon_centroid,,,,Polygon,,,https://services1.arcgis.com/0g8o874l5un2eDgz/arcgis/rest/services/DerelictSitesRegister/FeatureServer/0,2026-07-08,2026-08-08,GeoJSON,official_download_or_api,native_machine_readable
IE-DS-e708a0978f2ab2,Roscommon-Galway,Roscommon County Council,031-2025,Ballaghaderreen,Res,,53.9009728,-8.5734166,1,Polygon centroid,authority_supplied_polygon_centroid,site_polygon_centroid,,,,Polygon,,,https://services1.arcgis.com/0g8o874l5un2eDgz/arcgis/rest/services/DerelictSitesRegister/FeatureServer/0,2026-07-08,2026-08-08,GeoJSON,official_download_or_api,native_machine_readable
IE-DS-f5ce40e2211956,Roscommon-Galway,Roscommon County Council,052-2025,Ballaghaderreen,Res,,53.9008666,-8.5738113,1,Polygon centroid,authority_supplied_polygon_centroid,site_polygon_centroid,,,,Polygon,,,https://services1.arcgis.com/0g8o874l5un2eDgz/arcgis/rest/services/DerelictSitesRegister/FeatureServer/0,2026-07-08,2026-08-08,GeoJSON,official_download_or_api,native_machine_readable
IE-DS-5a8651b96d2345,Roscommon-Galway,Roscommon County Council,048-2025,Main st,Vacant,,53.7693932,-8.4951234,1,Polygon centroid,authority_supplied_polygon_centroid,site_polygon_centroid,,,,Polygon,,,https://services1.arcgis.com/0g8o874l5un2eDgz/arcgis/rest/services/DerelictSitesRegister/FeatureServer/0,2026-07-08,2026-08-08,GeoJSON,official_download_or_api,native_machine_readable
IE-DS-44041e8492c5ff,Roscommon-Galway,Roscommon County Council,047-2025,Main st,Vacant,,53.7690956,-8.4953293,1,Polygon centroid,authority_supplied_polygon_centroid,site_polygon_centroid,,,,Polygon,,,https://services1.arcgis.com/0g8o874l5un2eDgz/arcgis/rest/services/DerelictSitesRegister/FeatureServer/0,2026-07-08,2026-08-08,GeoJSON,official_download_or_api,native_machine_readable
IE-DS-ea8addc31ed0a8,Roscommon-Galway,Roscommon County Council,44-2025,5 Saint John’s,Tce,,53.9004669,-8.5835234,1,Polygon centroid,authority_supplied_polygon_centroid,site_polygon_centroid,,,,Polygon,,,https://services1.arcgis.com/0g8o874l5un2eDgz/arcgis/rest/services/DerelictSitesRegister/FeatureServer/0,2026-07-08,2026-08-08,GeoJSON,official_download_or_api,native_machine_readable
IE-DS-8b95e58b6b93e1,Roscommon-Galway,Roscommon County Council,43-2025,5 Barry’s Court,Semi D,,53.744053,-7.9264892,1,Polygon centroid,authority_supplied_polygon_centroid,site_polygon_centroid,,,,MultiPolygon,,,https://services1.arcgis.com/0g8o874l5un2eDgz/arcgis/rest/services/DerelictSitesRegister/FeatureServer/0,2026-07-08,2026-08-08,GeoJSON,official_download_or_api,native_machine_readable
IE-DS-c5dde38f892b2e,Roscommon-Galway,Roscommon County Council,42-2025,Bellanagare,Tce,,53.837124,-8.3828087,1,Polygon centroid,authority_supplied_polygon_centroid,site_polygon_centroid,,,,Polygon,,,https://services1.arcgis.com/0g8o874l5un2eDgz/arcgis/rest/services/DerelictSitesRegister/FeatureServer/0,2026-07-08,2026-08-08,GeoJSON,official_download_or_api,native_machine_readable
IE-DS-efb07d4b2f6efd,Roscommon-Galway,Roscommon County Council,41-2025,"Felton Road, Bo",Cottag,,53.9678281,-8.3118642,1,Polygon centroid,authority_supplied_polygon_centroid,site_polygon_centroid,,,,Polygon,,,https://services1.arcgis.com/0g8o874l5un2eDgz/arcgis/rest/services/DerelictSitesRegister/FeatureServer/0,2026-07-08,2026-08-08,GeoJSON,official_download_or_api,native_machine_readable
IE-DS-03e57fc0f7d168,Roscommon-Galway,Roscommon County Council,40-2025,"Felton Road, Bo",Cottag,,53.9680877,-8.3112088,1,Polygon centroid,authority_supplied_polygon_centroid,site_polygon_centroid,,,,Polygon,,,https://services1.arcgis.com/0g8o874l5un2eDgz/arcgis/rest/services/DerelictSitesRegister/FeatureServer/0,2026-07-08,2026-08-08,GeoJSON,official_download_or_api,native_machine_readable
IE-DS-0f59982c753504,Roscommon-Galway,Roscommon County Council,33-2025,Oran,Detach,,53.6696512,-8.336642,1,Polygon centroid,authority_supplied_polygon_centroid,site_polygon_centroid,,,,Polygon,,,https://services1.arcgis.com/0g8o874l5un2eDgz/arcgis/rest/services/DerelictSitesRegister/FeatureServer/0,2026-07-08,2026-08-08,GeoJSON,official_download_or_api,native_machine_readable
IE-DS-ad33170691ea12,Roscommon-Galway,Roscommon County Council,11-2025,Old Schoolhse C,BNM Sc,,53.6996433,-8.0139165,1,Polygon centroid,authority_supplied_polygon_centroid,site_polygon_centroid,,,,Polygon,,,https://services1.arcgis.com/0g8o874l5un2eDgz/arcgis/rest/services/DerelictSitesRegister/FeatureServer/0,2026-07-08,2026-08-08,GeoJSON,official_download_or_api,native_machine_readable
IE-DS-2b2ab5faeac878,Roscommon-Galway,Roscommon County Council,009-2025,Dundonnell,Det,,53.3997973,-8.1641151,1,Polygon centroid,authority_supplied_polygon_centroid,site_polygon_centroid,,,,Polygon,,,https://services1.arcgis.com/0g8o874l5un2eDgz/arcgis/rest/services/DerelictSitesRegister/FeatureServer/0,2026-07-08,2026-08-08,GeoJSON,official_download_or_api,native_machine_readable
IE-DS-95e6c4768be06d,Roscommon-Galway,Roscommon County Council,008-2025,Loughglinn,Det,,53.8232589,-8.5635111,1,Polygon centroid,authority_supplied_polygon_centroid,site_polygon_centroid,,,,Polygon,,,https://services1.arcgis.com/0g8o874l5un2eDgz/arcgis/rest/services/DerelictSitesRegister/FeatureServer/0,2026-07-08,2026-08-08,GeoJSON,official_download_or_api,native_machine_readable
IE-DS-4a9a118a662b0b,Roscommon-Galway,Roscommon County Council,54-2025,Ballyleague,Det,,53.6769776,-8.0115783,1,Polygon centroid,authority_supplied_polygon_centroid,site_polygon_centroid,,,,Polygon,,,https://services1.arcgis.com/0g8o874l5un2eDgz/arcgis/rest/services/DerelictSitesRegister/FeatureServer/0,2026-07-08,2026-08-08,GeoJSON,official_download_or_api,native_machine_readable
IE-DS-9172ddb29bd504,Roscommon-Galway,Roscommon County Council,12-2025,Ballaghaderreen,Semi D,,53.9051268,-8.5655402,1,Polygon centroid,authority_supplied_polygon_centroid,site_polygon_centroid,,,,Polygon,,,https://services1.arcgis.com/0g8o874l5un2eDgz/arcgis/rest/services/DerelictSitesRegister/FeatureServer/0,2026-07-08,2026-08-08,GeoJSON,official_download_or_api,native_machine_readable
IE-DS-7a13bb7e77d178,Roscommon-Galway,Roscommon County Council,13-2025,Bridge Street,Comm,,53.9712279,-8.302927,1,Polygon centroid,authority_supplied_polygon_centroid,site_polygon_centroid,,,,Polygon,,,https://services1.arcgis.com/0g8o874l5un2eDgz/arcgis/rest/services/DerelictSitesRegister/FeatureServer/0,2026-07-08,2026-08-08,GeoJSON,official_download_or_api,native_machine_readable
IE-DS-b80fd7e431e0f0,Roscommon-Galway,Roscommon County Council,14-2025,Main st,Comm,,53.9006225,-8.5817958,1,Polygon centroid,authority_supplied_polygon_centroid,site_polygon_centroid,,,,Polygon,,,https://services1.arcgis.com/0g8o874l5un2eDgz/arcgis/rest/services/DerelictSitesRegister/FeatureServer/0,2026-07-08,2026-08-08,GeoJSON,official_download_or_api,native_machine_readable
IE-DS-1667ffbdbb4693,Roscommon-Galway,Roscommon County Council,15-2025,Main St,Comm,,53.9003275,-8.5820094,1,Polygon centroid,authority_supplied_polygon_centroid,site_polygon_centroid,,,,Polygon,,,https://services1.arcgis.com/0g8o874l5un2eDgz/arcgis/rest/services/DerelictSitesRegister/FeatureServer/0,2026-07-08,2026-08-08,GeoJSON,official_download_or_api,native_machine_readable
IE-DS-cd781c0a489f17,Roscommon-Galway,Roscommon County Council,16-2025,Main st,Comm,,53.9007662,-8.581355,1,Polygon centroid,authority_supplied_polygon_centroid,site_polygon_centroid,,,,Polygon,,,https://services1.arcgis.com/0g8o874l5un2eDgz/arcgis/rest/services/DerelictSitesRegister/FeatureServer/0,2026-07-08,2026-08-08,GeoJSON,official_download_or_api,native_machine_readable
IE-DS-39e193e52a9122,Roscommon-Galway,Roscommon County Council,17-2025,Castle St,Comm,,53.6323239,-8.1899653,1,Polygon centroid,authority_supplied_polygon_centroid,site_polygon_centroid,,,,Polygon,,,https://services1.arcgis.com/0g8o874l5un2eDgz/arcgis/rest/services/DerelictSitesRegister/FeatureServer/0,2026-07-08,2026-08-08,GeoJSON,official_download_or_api,native_machine_readable
IE-DS-56291d4b65b8e3,Roscommon-Galway,Roscommon County Council,55-2025,Strokestown,Det,,53.7704291,-8.1187593,1,Polygon centroid,authority_supplied_polygon_centroid,site_polygon_centroid,,,,Polygon,,,https://services1.arcgis.com/0g8o874l5un2eDgz/arcgis/rest/services/DerelictSitesRegister/FeatureServer/0,2026-07-08,2026-08-08,GeoJSON,official_download_or_api,native_machine_readable
IE-DS-d9fefb5f2ba887,Roscommon-Galway,Roscommon County Council,56-2025,Frenchpark,Shed,,53.8664001,-8.4024759,1,Polygon centroid,authority_supplied_polygon_centroid,site_polygon_centroid,,,,Polygon,,,https://services1.arcgis.com/0g8o874l5un2eDgz/arcgis/rest/services/DerelictSitesRegister/FeatureServer/0,2026-07-08,2026-08-08,GeoJSON,official_download_or_api,native_machine_readable
IE-DS-24cbb9495c592b,Roscommon-Galway,Roscommon County Council,15-2023,Termonbarry,Semi D,,53.7452439,-7.9255519,1,Polygon centroid,authority_supplied_polygon_centroid,site_polygon_centroid,,,,Polygon,,,https://services1.arcgis.com/0g8o874l5un2eDgz/arcgis/rest/services/DerelictSitesRegister/FeatureServer/0,2026-07-08,2026-08-08,GeoJSON,official_download_or_api,native_machine_readable
IE-DS-7a81e8c8d95867,Roscommon-Galway,Roscommon County Council,27-2023,Pound St,Tce,,53.9024674,-8.5775788,1,Polygon centroid,authority_supplied_polygon_centroid,site_polygon_centroid,,,,Polygon,,,https://services1.arcgis.com/0g8o874l5un2eDgz/arcgis/rest/services/DerelictSitesRegister/FeatureServer/0,2026-07-08,2026-08-08,GeoJSON,official_download_or_api,native_machine_readable
IE-DS-e5a4b486395b10,Roscommon-Galway,Roscommon County Council,28-2023,Cloonfad,Det,,53.6839876,-8.7499344,1,Polygon centroid,authority_supplied_polygon_centroid,site_polygon_centroid,,,,Polygon,,,https://services1.arcgis.com/0g8o874l5un2eDgz/arcgis/rest/services/DerelictSitesRegister/FeatureServer/0,2026-07-08,2026-08-08,GeoJSON,official_download_or_api,native_machine_readable
IE-DS-d87eca3af70a51,Roscommon-Galway,Roscommon County Council,17-2022,2 Church Rd,Tce,,53.7629689,-8.4849628,1,Polygon centroid,authority_supplied_polygon_centroid,site_polygon_centroid,,,,Polygon,,,https://services1.arcgis.com/0g8o874l5un2eDgz/arcgis/rest/services/DerelictSitesRegister/FeatureServer/0,2026-07-08,2026-08-08,GeoJSON,official_download_or_api,native_machine_readable
IE-DS-71adbe159bf49b,Roscommon-Galway,Roscommon County Council,52-2022,Ballyleague,Hotel,,53.674771,-7.997036,1,Polygon centroid,authority_supplied_polygon_centroid,site_polygon_centroid,,,,Polygon,,,https://services1.arcgis.com/0g8o874l5un2eDgz/arcgis/rest/services/DerelictSitesRegister/FeatureServer/0,2026-07-08,2026-08-08,GeoJSON,official_download_or_api,native_machine_readable
IE-DS-de44a64111c122,Roscommon-Galway,Roscommon County Council,16-2022,St Patricks st,Hall,,53.7647093,-8.4883489,1,Polygon centroid,authority_supplied_polygon_centroid,site_polygon_centroid,,,,Polygon,,,https://services1.arcgis.com/0g8o874l5un2eDgz/arcgis/rest/services/DerelictSitesRegister/FeatureServer/0,2026-07-08,2026-08-08,GeoJSON,official_download_or_api,native_machine_readable
IE-DS-8e7abfdd42adf6,Roscommon-Galway,Roscommon County Council,25-2022,Ballinlough,Det,,53.7422627,-8.6365861,1,Polygon centroid,authority_supplied_polygon_centroid,site_polygon_centroid,,,,Polygon,,,https://services1.arcgis.com/0g8o874l5un2eDgz/arcgis/rest/services/DerelictSitesRegister/FeatureServer/0,2026-07-08,2026-08-08,GeoJSON,official_download_or_api,native_machine_readable
IE-DS-79f8529f68daa9,Roscommon-Galway,Roscommon County Council,51-2022,St Patrick St,Tce,,53.9733013,-8.3077494,1,Polygon centroid,authority_supplied_polygon_centroid,site_polygon_centroid,,,,Polygon,,,https://services1.arcgis.com/0g8o874l5un2eDgz/arcgis/rest/services/DerelictSitesRegister/FeatureServer/0,2026-07-08,2026-08-08,GeoJSON,official_download_or_api,native_machine_readable
IE-DS-50cd2f28cd354f,Roscommon-Galway,Roscommon County Council,47-2023,14 Antogher Rd,Det,,53.6219115,-8.1934627,1,Polygon centroid,authority_supplied_polygon_centroid,site_polygon_centroid,,,,Polygon,,,https://services1.arcgis.com/0g8o874l5un2eDgz/arcgis/rest/services/DerelictSitesRegister/FeatureServer/0,2026-07-08,2026-08-08,GeoJSON,official_download_or_api,native_machine_readable
IE-DS-d6828b3af0dfc8,Roscommon-Galway,Roscommon County Council,37-2023,25 Lisnaree,Semi D,,53.7728515,-8.1147713,1,Polygon centroid,authority_supplied_polygon_centroid,site_polygon_centroid,,,,MultiPolygon,,,https://services1.arcgis.com/0g8o874l5un2eDgz/arcgis/rest/services/DerelictSitesRegister/FeatureServer/0,2026-07-08,2026-08-08,GeoJSON,official_download_or_api,native_machine_readable
IE-DS-0aa8d926377c57,Roscommon-Galway,Roscommon County Council,54-2022,Main St Elphin,Com,,53.8453442,-8.1922467,1,Polygon centroid,authority_supplied_polygon_centroid,site_polygon_centroid,,,,Polygon,,,https://services1.arcgis.com/0g8o874l5un2eDgz/arcgis/rest/services/DerelictSitesRegister/FeatureServer/0,2026-07-08,2026-08-08,GeoJSON,official_download_or_api,native_machine_readable
IE-DS-ba26295257a110,Roscommon-Galway,Roscommon County Council,34-2023,Ballaghaderreen,Det,,53.9054522,-8.567992,1,Polygon centroid,authority_supplied_polygon_centroid,site_polygon_centroid,,,,Polygon,,,https://services1.arcgis.com/0g8o874l5un2eDgz/arcgis/rest/services/DerelictSitesRegister/FeatureServer/0,2026-07-08,2026-08-08,GeoJSON,official_download_or_api,native_machine_readable
IE-DS-a0c0fada74aad4,Roscommon-Galway,Roscommon County Council,08-2024,Loughglinn,Semi D,,53.8220397,-8.5602987,1,Polygon centroid,authority_supplied_polygon_centroid,site_polygon_centroid,,,,Polygon,,,https://services1.arcgis.com/0g8o874l5un2eDgz/arcgis/rest/services/DerelictSitesRegister/FeatureServer/0,2026-07-08,2026-08-08,GeoJSON,official_download_or_api,native_machine_readable
IE-DS-f6058b394a0b76,Roscommon-Galway,Roscommon County Council,02-2024,Glanduff,Det,,53.5191468,-8.0331461,1,Polygon centroid,authority_supplied_polygon_centroid,site_polygon_centroid,,,,Polygon,,,https://services1.arcgis.com/0g8o874l5un2eDgz/arcgis/rest/services/DerelictSitesRegister/FeatureServer/0,2026-07-08,2026-08-08,GeoJSON,official_download_or_api,native_machine_readable
IE-DS-c0d2b4bc9bb635,Roscommon-Galway,Roscommon County Council,29-2023,Bellanagare,Tce,,53.8375156,-8.382225,1,Polygon centroid,authority_supplied_polygon_centroid,site_polygon_centroid,,,,Polygon,,,https://services1.arcgis.com/0g8o874l5un2eDgz/arcgis/rest/services/DerelictSitesRegister/FeatureServer/0,2026-07-08,2026-08-08,GeoJSON,official_download_or_api,native_machine_readable
IE-DS-ea051f9499191f,Roscommon-Galway,Roscommon County Council,01-2024,Church St,Comm,,53.6291587,-8.1920077,1,Polygon centroid,authority_supplied_polygon_centroid,site_polygon_centroid,,,,Polygon,,,https://services1.arcgis.com/0g8o874l5un2eDgz/arcgis/rest/services/DerelictSitesRegister/FeatureServer/0,2026-07-08,2026-08-08,GeoJSON,official_download_or_api,native_machine_readable
IE-DS-1754847bb1b4e0,Roscommon-Galway,Roscommon County Council,46-2023,Castlerea,Det,,53.7630198,-8.4784891,1,Polygon centroid,authority_supplied_polygon_centroid,site_polygon_centroid,,,,Polygon,,,https://services1.arcgis.com/0g8o874l5un2eDgz/arcgis/rest/services/DerelictSitesRegister/FeatureServer/0,2026-07-08,2026-08-08,GeoJSON,official_download_or_api,native_machine_readable
IE-DS-393f8644475631,Roscommon-Galway,Roscommon County Council,48-2023,Ballinlough,Det,,53.7869149,-8.63029,1,Polygon centroid,authority_supplied_polygon_centroid,site_polygon_centroid,,,,Polygon,,,https://services1.arcgis.com/0g8o874l5un2eDgz/arcgis/rest/services/DerelictSitesRegister/FeatureServer/0,2026-07-08,2026-08-08,GeoJSON,official_download_or_api,native_machine_readable
IE-DS-156897242c2aa7,Roscommon-Galway,Roscommon County Council,48-2022,Main st,Det,,53.8325323,-7.9205129,1,Polygon centroid,authority_supplied_polygon_centroid,site_polygon_centroid,,,,Polygon,,,https://services1.arcgis.com/0g8o874l5un2eDgz/arcgis/rest/services/DerelictSitesRegister/FeatureServer/0,2026-07-08,2026-08-08,GeoJSON,official_download_or_api,native_machine_readable
IE-DS-01030f0c3e1907,Roscommon-Galway,Roscommon County Council,43-2023,Taughmaconnell,Det,,53.3761577,-8.1865843,1,Polygon centroid,authority_supplied_polygon_centroid,site_polygon_centroid,,,,Polygon,,,https://services1.arcgis.com/0g8o874l5un2eDgz/arcgis/rest/services/DerelictSitesRegister/FeatureServer/0,2026-07-08,2026-08-08,GeoJSON,official_download_or_api,native_machine_readable
IE-DS-20d9d04b6a7b3f,Roscommon-Galway,Roscommon County Council,05-2024,Cloontuskert,Hse,,53.6999032,-8.0139715,1,Polygon centroid,authority_supplied_polygon_centroid,site_polygon_centroid,,,,Polygon,,,https://services1.arcgis.com/0g8o874l5un2eDgz/arcgis/rest/services/DerelictSitesRegister/FeatureServer/0,2026-07-08,2026-08-08,GeoJSON,official_download_or_api,native_machine_readable
IE-DS-2c3bd93d9fefe3,Roscommon-Galway,Roscommon County Council,11-16 2024,45 to 50 Gleann,Estate,,53.9013875,-8.5728351,1,Polygon centroid,authority_supplied_polygon_centroid,site_polygon_centroid,,,,Polygon,,,https://services1.arcgis.com/0g8o874l5un2eDgz/arcgis/rest/services/DerelictSitesRegister/FeatureServer/0,2026-07-08,2026-08-08,GeoJSON,official_download_or_api,native_machine_readable
IE-DS-7e7df5ad2765fd,Roscommon-Galway,Roscommon County Council,17 18-2024,55 56 GA,Estate,,53.9012017,-8.5726044,1,Polygon centroid,authority_supplied_polygon_centroid,site_polygon_centroid,,,,Polygon,,,https://services1.arcgis.com/0g8o874l5un2eDgz/arcgis/rest/services/DerelictSitesRegister/FeatureServer/0,2026-07-08,2026-08-08,GeoJSON,official_download_or_api,native_machine_readable
IE-DS-0eb736b854e24b,Roscommon-Galway,Roscommon County Council,19-22 2024,57-60 GA,Estate,,53.9010015,-8.5726397,1,Polygon centroid,authority_supplied_polygon_centroid,site_polygon_centroid,,,,Polygon,,,https://services1.arcgis.com/0g8o874l5un2eDgz/arcgis/rest/services/DerelictSitesRegister/FeatureServer/0,2026-07-08,2026-08-08,GeoJSON,official_download_or_api,native_machine_readable
IE-DS-239f147117fb2c,Roscommon-Galway,Roscommon County Council,23 24 2024,23 24 GA,Estate,,53.9010996,-8.5739553,1,Polygon centroid,authority_supplied_polygon_centroid,site_polygon_centroid,,,,Polygon,,,https://services1.arcgis.com/0g8o874l5un2eDgz/arcgis/rest/services/DerelictSitesRegister/FeatureServer/0,2026-07-08,2026-08-08,GeoJSON,official_download_or_api,native_machine_readable
IE-DS-bedce9f2bbc18e,Roscommon-Galway,Roscommon County Council,25-2024,28 GA,Tce,,53.9011372,-8.5735341,1,Polygon centroid,authority_supplied_polygon_centroid,site_polygon_centroid,,,,Polygon,,,https://services1.arcgis.com/0g8o874l5un2eDgz/arcgis/rest/services/DerelictSitesRegister/FeatureServer/0,2026-07-08,2026-08-08,GeoJSON,official_download_or_api,native_machine_readable
IE-DS-2c3983d72ff038,Roscommon-Galway,Roscommon County Council,019-2026,Pound Street,Hse,,53.9021957,-8.5777317,1,Polygon centroid,authority_supplied_polygon_centroid,site_polygon_centroid,,,,Polygon,,,https://services1.arcgis.com/0g8o874l5un2eDgz/arcgis/rest/services/DerelictSitesRegister/FeatureServer/0,2026-07-08,2026-08-08,GeoJSON,official_download_or_api,native_machine_readable
IE-DS-2a295a601196de,Roscommon-Galway,Roscommon County Council,001-2026,Castlerea,Hse,,53.7628636,-8.487952,1,Polygon centroid,authority_supplied_polygon_centroid,site_polygon_centroid,,,,Polygon,,,https://services1.arcgis.com/0g8o874l5un2eDgz/arcgis/rest/services/DerelictSitesRegister/FeatureServer/0,2026-07-08,2026-08-08,GeoJSON,official_download_or_api,native_machine_readable
IE-DS-6bb9b2fc2ca125,Roscommon-Galway,Roscommon County Council,002-2026,Castlerea,Hse,,53.7629742,-8.4880116,1,Polygon centroid,authority_supplied_polygon_centroid,site_polygon_centroid,,,,Polygon,,,https://services1.arcgis.com/0g8o874l5un2eDgz/arcgis/rest/services/DerelictSitesRegister/FeatureServer/0,2026-07-08,2026-08-08,GeoJSON,official_download_or_api,native_machine_readable
IE-DS-a40495dfabef78,Roscommon-Galway,Roscommon County Council,003-2026,Castlerea,Hse,,53.762905,-8.4880903,1,Polygon centroid,authority_supplied_polygon_centroid,site_polygon_centroid,,,,Polygon,,,https://services1.arcgis.com/0g8o874l5un2eDgz/arcgis/rest/services/DerelictSitesRegister/FeatureServer/0,2026-07-08,2026-08-08,GeoJSON,official_download_or_api,native_machine_readable
IE-DS-97280bf17346c7,Roscommon-Galway,Roscommon County Council,004-2026,Elphin,Hse,,53.8466263,-8.1863979,1,Polygon centroid,authority_supplied_polygon_centroid,site_polygon_centroid,,,,Polygon,,,https://services1.arcgis.com/0g8o874l5un2eDgz/arcgis/rest/services/DerelictSitesRegister/FeatureServer/0,2026-07-08,2026-08-08,GeoJSON,official_download_or_api,native_machine_readable
IE-DS-8a1e565dbdb9ed,Roscommon-Galway,Roscommon County Council,005-2026,Loughglinn,Hse,,53.8230842,-8.5672463,1,Polygon centroid,authority_supplied_polygon_centroid,site_polygon_centroid,,,,Polygon,,,https://services1.arcgis.com/0g8o874l5un2eDgz/arcgis/rest/services/DerelictSitesRegister/FeatureServer/0,2026-07-08,2026-08-08,GeoJSON,official_download_or_api,native_machine_readable
IE-DS-5a3ad96dc6707e,Roscommon-Galway,Roscommon County Council,006-2026,Belrea,Hse,,53.3972038,-8.0410506,1,Polygon centroid,authority_supplied_polygon_centroid,site_polygon_centroid,,,,Polygon,,,https://services1.arcgis.com/0g8o874l5un2eDgz/arcgis/rest/services/DerelictSitesRegister/FeatureServer/0,2026-07-08,2026-08-08,GeoJSON,official_download_or_api,native_machine_readable
IE-DS-2c511edb79577b,Roscommon-Galway,Roscommon County Council,007-2026,Ballaghaderee,Hse,,53.9024591,-8.5786155,1,Polygon centroid,authority_supplied_polygon_centroid,site_polygon_centroid,,,,Polygon,,,https://services1.arcgis.com/0g8o874l5un2eDgz/arcgis/rest/services/DerelictSitesRegister/FeatureServer/0,2026-07-08,2026-08-08,GeoJSON,official_download_or_api,native_machine_readable
IE-DS-98ebcd214c293c,Roscommon-Galway,Roscommon County Council,008-2026,Roscommon,Hse,,53.6269934,-8.1942371,1,Polygon centroid,authority_supplied_polygon_centroid,site_polygon_centroid,,,,Polygon,,,https://services1.arcgis.com/0g8o874l5un2eDgz/arcgis/rest/services/DerelictSitesRegister/FeatureServer/0,2026-07-08,2026-08-08,GeoJSON,official_download_or_api,native_machine_readable
IE-DS-72f5355f90ebc0,Roscommon-Galway,Roscommon County Council,009-2026,Roscommon,Hse,,53.628972,-8.1938186,1,Polygon centroid,authority_supplied_polygon_centroid,site_polygon_centroid,,,,Polygon,,,https://services1.arcgis.com/0g8o874l5un2eDgz/arcgis/rest/services/DerelictSitesRegister/FeatureServer/0,2026-07-08,2026-08-08,GeoJSON,official_download_or_api,native_machine_readable
IE-DS-6ca8a87e65b649,Roscommon-Galway,Roscommon County Council,010-2026,Roscommon,Hse,,53.633927,-8.1896148,1,Polygon centroid,authority_supplied_polygon_centroid,site_polygon_centroid,,,,Polygon,,,https://services1.arcgis.com/0g8o874l5un2eDgz/arcgis/rest/services/DerelictSitesRegister/FeatureServer/0,2026-07-08,2026-08-08,GeoJSON,official_download_or_api,native_machine_readable
IE-DS-6c78037cf79ba3,Roscommon-Galway,Roscommon County Council,011-2026,Strokestown,Hse,,53.7767828,-8.1031918,1,Polygon centroid,authority_supplied_polygon_centroid,site_polygon_centroid,,,,Polygon,,,https://services1.arcgis.com/0g8o874l5un2eDgz/arcgis/rest/services/DerelictSitesRegister/FeatureServer/0,2026-07-08,2026-08-08,GeoJSON,official_download_or_api,native_machine_readable
IE-DS-00944dba4c26af,Roscommon-Galway,Roscommon County Council,012-2026,Tulsk,Cmrcl,,53.7789168,-8.2551563,1,Polygon centroid,authority_supplied_polygon_centroid,site_polygon_centroid,,,,Polygon,,,https://services1.arcgis.com/0g8o874l5un2eDgz/arcgis/rest/services/DerelictSitesRegister/FeatureServer/0,2026-07-08,2026-08-08,GeoJSON,official_download_or_api,native_machine_readable
IE-DS-760cc6ca07defe,Roscommon-Galway,Roscommon County Council,013-2026,Tulsk,Cmrcl,,53.7795056,-8.2547283,1,Polygon centroid,authority_supplied_polygon_centroid,site_polygon_centroid,,,,Polygon,,,https://services1.arcgis.com/0g8o874l5un2eDgz/arcgis/rest/services/DerelictSitesRegister/FeatureServer/0,2026-07-08,2026-08-08,GeoJSON,official_download_or_api,native_machine_readable
IE-DS-255a6cc7a242a0,Roscommon-Galway,Roscommon County Council,014-2026,Arigna,Hse,,54.0818647,-8.1077512,1,Polygon centroid,authority_supplied_polygon_centroid,site_polygon_centroid,,,,Polygon,,,https://services1.arcgis.com/0g8o874l5un2eDgz/arcgis/rest/services/DerelictSitesRegister/FeatureServer/0,2026-07-08,2026-08-08,GeoJSON,official_download_or_api,native_machine_readable
IE-DS-e35d234639ff6d,Roscommon-Galway,Roscommon County Council,015-2026,Roscommon,Hse,,53.6281565,-8.1892902,1,Polygon centroid,authority_supplied_polygon_centroid,site_polygon_centroid,,,,Polygon,,,https://services1.arcgis.com/0g8o874l5un2eDgz/arcgis/rest/services/DerelictSitesRegister/FeatureServer/0,2026-07-08,2026-08-08,GeoJSON,official_download_or_api,native_machine_readable
IE-DS-3d830584200f70,Roscommon-Galway,Roscommon County Council,016-2026,Roscommon,Hse,,53.6280645,-8.1892522,1,Polygon centroid,authority_supplied_polygon_centroid,site_polygon_centroid,,,,Polygon,,,https://services1.arcgis.com/0g8o874l5un2eDgz/arcgis/rest/services/DerelictSitesRegister/FeatureServer/0,2026-07-08,2026-08-08,GeoJSON,official_download_or_api,native_machine_readable
IE-DS-3ce54a1ba7de30,Roscommon-Galway,Roscommon County Council,017-2026,Loughglinn,Hse,,53.8238618,-8.5622231,1,Polygon centroid,authority_supplied_polygon_centroid,site_polygon_centroid,,,,Polygon,,,https://services1.arcgis.com/0g8o874l5un2eDgz/arcgis/rest/services/DerelictSitesRegister/FeatureServer/0,2026-07-08,2026-08-08,GeoJSON,official_download_or_api,native_machine_readable
IE-DS-7f83772b484b8f,Roscommon-Galway,Roscommon County Council,018-2026,Ballaghadereen,Hse,,53.9021244,-8.5778491,1,Polygon centroid,authority_supplied_polygon_centroid,site_polygon_centroid,,,,Polygon,,,https://services1.arcgis.com/0g8o874l5un2eDgz/arcgis/rest/services/DerelictSitesRegister/FeatureServer/0,2026-07-08,2026-08-08,GeoJSON,official_download_or_api,native_machine_readable
IE-DS-0764f01e24905d,Roscommon-Galway,Roscommon County Council,020-2026,Ballaghadereen,Hse,,53.9022524,-8.5776718,1,Polygon centroid,authority_supplied_polygon_centroid,site_polygon_centroid,,,,Polygon,,,https://services1.arcgis.com/0g8o874l5un2eDgz/arcgis/rest/services/DerelictSitesRegister/FeatureServer/0,2026-07-08,2026-08-08,GeoJSON,official_download_or_api,native_machine_readable
IE-DS-29e1d37b591d19,Roscommon-Galway,Roscommon County Council,021-2026,Ballaghadereen,Hse,,53.9022726,-8.5775541,1,Polygon centroid,authority_supplied_polygon_centroid,site_polygon_centroid,,,,Polygon,,,https://services1.arcgis.com/0g8o874l5un2eDgz/arcgis/rest/services/DerelictSitesRegister/FeatureServer/0,2026-07-08,2026-08-08,GeoJSON,official_download_or_api,native_machine_readable
IE-DS-f760a540b5a868,Roscommon-Galway,Roscommon County Council,022-2026,Ballaghadereen,Hse,,53.9027746,-8.5797267,1,Polygon centroid,authority_supplied_polygon_centroid,site_polygon_centroid,,,,Polygon,,,https://services1.arcgis.com/0g8o874l5un2eDgz/arcgis/rest/services/DerelictSitesRegister/FeatureServer/0,2026-07-08,2026-08-08,GeoJSON,official_download_or_api,native_machine_readable
IE-DS-9498e2a6520c94,Roscommon-Galway,Roscommon County Council,023-2026,Athleague,Hse,,53.5668375,-8.2544856,1,Polygon centroid,authority_supplied_polygon_centroid,site_polygon_centroid,,,,Polygon,,,https://services1.arcgis.com/0g8o874l5un2eDgz/arcgis/rest/services/DerelictSitesRegister/FeatureServer/0,2026-07-08,2026-08-08,GeoJSON,official_download_or_api,native_machine_readable
IE-DS-e87211eba9caba,Roscommon-Galway,Roscommon County Council,024-2026,Athleague,Hse,,53.5646067,-8.2479,1,Polygon centroid,authority_supplied_polygon_centroid,site_polygon_centroid,,,,Polygon,,,https://services1.arcgis.com/0g8o874l5un2eDgz/arcgis/rest/services/DerelictSitesRegister/FeatureServer/0,2026-07-08,2026-08-08,GeoJSON,official_download_or_api,native_machine_readable
IE-DS-b00bbe5a1e58d7,Roscommon-Galway,Roscommon County Council,025-2026,Ballyfarnon,Hse,,54.0733967,-8.2049658,1,Polygon centroid,authority_supplied_polygon_centroid,site_polygon_centroid,,,,Polygon,,,https://services1.arcgis.com/0g8o874l5un2eDgz/arcgis/rest/services/DerelictSitesRegister/FeatureServer/0,2026-07-08,2026-08-08,GeoJSON,official_download_or_api,native_machine_readable
IE-DS-573e06d6da18d3,Roscommon-Galway,Roscommon County Council,026-2026,Ballyfarnon,Hse,,54.0732422,-8.2050321,1,Polygon centroid,authority_supplied_polygon_centroid,site_polygon_centroid,,,,Polygon,,,https://services1.arcgis.com/0g8o874l5un2eDgz/arcgis/rest/services/DerelictSitesRegister/FeatureServer/0,2026-07-08,2026-08-08,GeoJSON,official_download_or_api,native_machine_readable
IE-DS-e83256384a8c99,Roscommon-Galway,Roscommon County Council,027-2026,Ballyfarnon,Hse,,54.0731125,-8.2051069,1,Polygon centroid,authority_supplied_polygon_centroid,site_polygon_centroid,,,,Polygon,,,https://services1.arcgis.com/0g8o874l5un2eDgz/arcgis/rest/services/DerelictSitesRegister/FeatureServer/0,2026-07-08,2026-08-08,GeoJSON,official_download_or_api,native_machine_readable
IE-DS-bf8e3c8e7bc11a,Roscommon-Galway,Roscommon County Council,028-2026,Ballaghadereen,Hse,,53.9017945,-8.580374,1,Polygon centroid,authority_supplied_polygon_centroid,site_polygon_centroid,,,,Polygon,,,https://services1.arcgis.com/0g8o874l5un2eDgz/arcgis/rest/services/DerelictSitesRegister/FeatureServer/0,2026-07-08,2026-08-08,GeoJSON,official_download_or_api,native_machine_readable
IE-DS-9f3d2adc256ecf,Roscommon-Galway,Roscommon County Council,029-2026,Ballaghadereen,Hse,,53.9017813,-8.580501,1,Polygon centroid,authority_supplied_polygon_centroid,site_polygon_centroid,,,,Polygon,,,https://services1.arcgis.com/0g8o874l5un2eDgz/arcgis/rest/services/DerelictSitesRegister/FeatureServer/0,2026-07-08,2026-08-08,GeoJSON,official_download_or_api,native_machine_readable
IE-DS-043452499a141f,Roscommon-Galway,Roscommon County Council,030-2026,Ballaghadereen,Cmrcl,,53.9014621,-8.5789557,1,Polygon centroid,authority_supplied_polygon_centroid,site_polygon_centroid,,,,Polygon,,,https://services1.arcgis.com/0g8o874l5un2eDgz/arcgis/rest/services/DerelictSitesRegister/FeatureServer/0,2026-07-08,2026-08-08,GeoJSON,official_download_or_api,native_machine_readable
IE-DS-7dfdf8512668dd,Roscommon-Galway,Roscommon County Council,031-2026,Ballaghadereen,Hse,,53.9014869,-8.5791871,1,Polygon centroid,authority_supplied_polygon_centroid,site_polygon_centroid,,,,Polygon,,,https://services1.arcgis.com/0g8o874l5un2eDgz/arcgis/rest/services/DerelictSitesRegister/FeatureServer/0,2026-07-08,2026-08-08,GeoJSON,official_download_or_api,native_machine_readable
IE-DS-421674743bf379,Roscommon-Galway,Roscommon County Council,032-2026,Bellanagare,Hse,,53.8372793,-8.3817656,1,Polygon centroid,authority_supplied_polygon_centroid,site_polygon_centroid,,,,Polygon,,,https://services1.arcgis.com/0g8o874l5un2eDgz/arcgis/rest/services/DerelictSitesRegister/FeatureServer/0,2026-07-08,2026-08-08,GeoJSON,official_download_or_api,native_machine_readable
IE-DS-f49eb7b8571a13,Roscommon-Galway,Roscommon County Council,033-2026,Ballintober,Hse,,53.7265159,-8.4165781,1,Polygon centroid,authority_supplied_polygon_centroid,site_polygon_centroid,,,,Polygon,,,https://services1.arcgis.com/0g8o874l5un2eDgz/arcgis/rest/services/DerelictSitesRegister/FeatureServer/0,2026-07-08,2026-08-08,GeoJSON,official_download_or_api,native_machine_readable
IE-DS-6f62066a63efdb,Roscommon-Galway,Roscommon County Council,034-2026,Roscommon,Hse,,53.6382296,-8.176096,1,Polygon centroid,authority_supplied_polygon_centroid,site_polygon_centroid,,,,Polygon,,,https://services1.arcgis.com/0g8o874l5un2eDgz/arcgis/rest/services/DerelictSitesRegister/FeatureServer/0,2026-07-08,2026-08-08,GeoJSON,official_download_or_api,native_machine_readable
IE-DS-1d63c3860f4a70,Roscommon-Galway,Roscommon County Council,035-2026,Castlerea,Cmrcl,,53.7671245,-8.4877649,1,Polygon centroid,authority_supplied_polygon_centroid,site_polygon_centroid,,,,Polygon,,,https://services1.arcgis.com/0g8o874l5un2eDgz/arcgis/rest/services/DerelictSitesRegister/FeatureServer/0,2026-07-08,2026-08-08,GeoJSON,official_download_or_api,native_machine_readable
IE-DS-b6ea666d5aed98,Roscommon-Galway,Roscommon County Council,036-2026,Ballinlough,Hse,,53.7417096,-8.6335346,1,Polygon centroid,authority_supplied_polygon_centroid,site_polygon_centroid,,,,Polygon,,,https://services1.arcgis.com/0g8o874l5un2eDgz/arcgis/rest/services/DerelictSitesRegister/FeatureServer/0,2026-07-08,2026-08-08,GeoJSON,official_download_or_api,native_machine_readable
IE-DS-d06cf42feab602,Roscommon-Galway,Roscommon County Council,038-2026,Ballinlough,Hse,,53.7419192,-8.6332102,1,Polygon centroid,authority_supplied_polygon_centroid,site_polygon_centroid,,,,Polygon,,,https://services1.arcgis.com/0g8o874l5un2eDgz/arcgis/rest/services/DerelictSitesRegister/FeatureServer/0,2026-07-08,2026-08-08,GeoJSON,official_download_or_api,native_machine_readable
IE-DS-beb6bcc2d05aff,Roscommon-Galway,Roscommon County Council,039-2026,Ballinlough,Hse,,53.7418413,-8.6333094,1,Polygon centroid,authority_supplied_polygon_centroid,site_polygon_centroid,,,,Polygon,,,https://services1.arcgis.com/0g8o874l5un2eDgz/arcgis/rest/services/DerelictSitesRegister/FeatureServer/0,2026-07-08,2026-08-08,GeoJSON,official_download_or_api,native_machine_readable
IE-DS-d9c099381cbdd9,Roscommon-Galway,Roscommon County Council,040-2026,Ballydangan,Hse,,53.3500492,-8.0857634,1,Polygon centroid,authority_supplied_polygon_centroid,site_polygon_centroid,,,,Polygon,,,https://services1.arcgis.com/0g8o874l5un2eDgz/arcgis/rest/services/DerelictSitesRegister/FeatureServer/0,2026-07-08,2026-08-08,GeoJSON,official_download_or_api,native_machine_readable
IE-DS-b7fae224ee662b,Roscommon-Galway,Roscommon County Council,037-2026,Ballinlough,Cmrcl,,53.7418138,-8.6333084,1,Polygon centroid,authority_supplied_polygon_centroid,site_polygon_centroid,,,,Polygon,,,https://services1.arcgis.com/0g8o874l5un2eDgz/arcgis/rest/services/DerelictSitesRegister/FeatureServer/0,2026-07-08,2026-08-08,GeoJSON,official_download_or_api,native_machine_readable
IE-DS-4ac7eec1c5b5be,Meath West,Meath County Council,DS-1024,"Tudor Lodge, Boyne Road, Athlumney, Navan",,,53.6550307,-6.6679945,1,Polygon centroid,authority_supplied_polygon_centroid,site_polygon_centroid,,,,Polygon,2020-05-15,,https://services-eu1.arcgis.com/33tCl0taHHdVAN9O/arcgis/rest/services/DerelictSitesRegister/FeatureServer/0,2026-03-27,2026-08-08,GeoJSON,official_download_or_api,native_machine_readable
IE-DS-d8cef9a25ca3dc,Meath West,Meath County Council,DS-1105,"1 St Finian's Terrace, Navan",,,53.6496794,-6.6850067,1,Polygon centroid,authority_supplied_polygon_centroid,site_polygon_centroid,,,,Polygon,2021-07-08,,https://services-eu1.arcgis.com/33tCl0taHHdVAN9O/arcgis/rest/services/DerelictSitesRegister/FeatureServer/0,2026-03-27,2026-08-08,GeoJSON,official_download_or_api,native_machine_readable
IE-DS-57a74bf43d316b,Meath West,Meath County Council,DS-1059,"Balbradagh, Robinstown, C15 VP80",,C15 VP80,53.5961845,-6.727048,1,Polygon centroid,authority_supplied_polygon_centroid,site_polygon_centroid,,,,Polygon,2020-01-22,,https://services-eu1.arcgis.com/33tCl0taHHdVAN9O/arcgis/rest/services/DerelictSitesRegister/FeatureServer/0,2026-03-27,2026-08-08,GeoJSON,official_download_or_api,native_machine_readable
IE-DS-3522c514c86315,Meath East,Meath County Council,DS-1071,"8 Tara Close, Ashbourne",,,53.5033718,-6.3985148,1,Polygon centroid,authority_supplied_polygon_centroid,site_polygon_centroid,,,,Polygon,2021-09-30,,https://services-eu1.arcgis.com/33tCl0taHHdVAN9O/arcgis/rest/services/DerelictSitesRegister/FeatureServer/0,2026-03-27,2026-08-08,GeoJSON,official_download_or_api,native_machine_readable
IE-DS-e808dee65f52c9,Meath East,Meath County Council,DS-1044,"Joe Molloy Bookmakers, Clonee",,,53.4104149,-6.4439873,1,Polygon centroid,authority_supplied_polygon_centroid,site_polygon_centroid,,,,Polygon,2022-03-31,,https://services-eu1.arcgis.com/33tCl0taHHdVAN9O/arcgis/rest/services/DerelictSitesRegister/FeatureServer/0,2026-03-27,2026-08-08,GeoJSON,official_download_or_api,native_machine_readable
IE-DS-e4c7b9703f846d,Meath West,Meath County Council,DS-1009,"The Steps, Emmet Street, Trim",,,53.5524258,-6.7930822,1,Polygon centroid,authority_supplied_polygon_centroid,site_polygon_centroid,,,,Polygon,2022-02-02,,https://services-eu1.arcgis.com/33tCl0taHHdVAN9O/arcgis/rest/services/DerelictSitesRegister/FeatureServer/0,2026-03-27,2026-08-08,GeoJSON,official_download_or_api,native_machine_readable
IE-DS-8e3ad78b761a02,Meath West,Meath County Council,DS-1127,"Navan Gate, Trim",,,53.5578482,-6.7874605,1,Polygon centroid,authority_supplied_polygon_centroid,site_polygon_centroid,,,,Polygon,2022-05-27,,https://services-eu1.arcgis.com/33tCl0taHHdVAN9O/arcgis/rest/services/DerelictSitesRegister/FeatureServer/0,2026-03-27,2026-08-08,GeoJSON,official_download_or_api,native_machine_readable
IE-DS-1682ce98510094,Meath East,Meath County Council,DA/DS/01/2017,"Old Mill Hotel, Julianstown.",,,53.670951,-6.284805,1,Polygon centroid,authority_supplied_polygon_centroid,site_polygon_centroid,,,,Polygon,2018-03-23,,https://services-eu1.arcgis.com/33tCl0taHHdVAN9O/arcgis/rest/services/DerelictSitesRegister/FeatureServer/0,2026-03-27,2026-08-08,GeoJSON,official_download_or_api,native_machine_readable
IE-DS-fbfbcca33b9bad,Meath East,Meath County Council,KT/DS/35a/2007,"Church Hill, Kells, Co. Meath",,,53.7281163,-6.8798205,1,Polygon centroid,authority_supplied_polygon_centroid,site_polygon_centroid,,,,Polygon,2010-04-30,,https://services-eu1.arcgis.com/33tCl0taHHdVAN9O/arcgis/rest/services/DerelictSitesRegister/FeatureServer/0,2026-03-27,2026-08-08,GeoJSON,official_download_or_api,native_machine_readable
IE-DS-890ac9f9cd2ef9,Meath East,Meath County Council,KT/DS/35/2007,"Church Hill, Kells, Co. Meath",,,53.7280822,-6.8796115,1,Polygon centroid,authority_supplied_polygon_centroid,site_polygon_centroid,,,,Polygon,2010-04-30,,https://services-eu1.arcgis.com/33tCl0taHHdVAN9O/arcgis/rest/services/DerelictSitesRegister/FeatureServer/0,2026-03-27,2026-08-08,GeoJSON,official_download_or_api,native_machine_readable
IE-DS-a48bb48a3bee5a,Meath East,Meath County Council,KT/DS/05/2007,"Maudlin Street, Kells, Co. Meath",,,53.7295584,-6.8753089,1,Polygon centroid,authority_supplied_polygon_centroid,site_polygon_centroid,,,,Polygon,2010-04-30,,https://services-eu1.arcgis.com/33tCl0taHHdVAN9O/arcgis/rest/services/DerelictSitesRegister/FeatureServer/0,2026-03-27,2026-08-08,GeoJSON,official_download_or_api,native_machine_readable
IE-DS-ef45ef869a064c,Meath East,Meath County Council,DS-1047,"Church Lane, Duleek",,,53.6567272,-6.4180904,1,Polygon centroid,authority_supplied_polygon_centroid,site_polygon_centroid,,,,Polygon,2020-11-03,,https://services-eu1.arcgis.com/33tCl0taHHdVAN9O/arcgis/rest/services/DerelictSitesRegister/FeatureServer/0,2026-03-27,2026-08-08,GeoJSON,official_download_or_api,native_machine_readable
IE-DS-ace689a11bf8d7,Meath East,Meath County Council,DS-1078,"Main Street, Dunshaughlin",,,53.5136254,-6.540848,1,Polygon centroid,authority_supplied_polygon_centroid,site_polygon_centroid,,,,Polygon,2021-01-07,,https://services-eu1.arcgis.com/33tCl0taHHdVAN9O/arcgis/rest/services/DerelictSitesRegister/FeatureServer/0,2026-03-27,2026-08-08,GeoJSON,official_download_or_api,native_machine_readable
IE-DS-1f513e4a196851,Meath East,Meath County Council,DS-1081A,"Doyle’s Garage, Drumconrath",,,53.849583,-6.6522372,1,Polygon centroid,authority_supplied_polygon_centroid,site_polygon_centroid,,,,Polygon,2022-07-28,,https://services-eu1.arcgis.com/33tCl0taHHdVAN9O/arcgis/rest/services/DerelictSitesRegister/FeatureServer/0,2026-03-27,2026-08-08,GeoJSON,official_download_or_api,native_machine_readable
IE-DS-677330f13a54a3,Meath East,Meath County Council,DS-1081B,"Detached Dwelling at Doyle’s Garage, Drumconrath",,,53.8494539,-6.6534146,1,Polygon centroid,authority_supplied_polygon_centroid,site_polygon_centroid,,,,Polygon,2022-07-28,,https://services-eu1.arcgis.com/33tCl0taHHdVAN9O/arcgis/rest/services/DerelictSitesRegister/FeatureServer/0,2026-03-27,2026-08-08,GeoJSON,official_download_or_api,native_machine_readable
IE-DS-cc9351fa29bce4,Meath West,Meath County Council,DS-1072,"Unfinished Medical Centre, Connaught St,Athboy",,,53.6223994,-6.9234387,1,Polygon centroid,authority_supplied_polygon_centroid,site_polygon_centroid,,,,Polygon,2021-10-12,,https://services-eu1.arcgis.com/33tCl0taHHdVAN9O/arcgis/rest/services/DerelictSitesRegister/FeatureServer/0,2026-03-27,2026-08-08,GeoJSON,official_download_or_api,native_machine_readable
IE-DS-63ccf9db919497,Meath West,Meath County Council,DS-1036,"New Lane Cottages, Abbeylands, Navan",,,53.6573605,-6.6825411,1,Polygon centroid,authority_supplied_polygon_centroid,site_polygon_centroid,,,,Polygon,2021-02-04,,https://services-eu1.arcgis.com/33tCl0taHHdVAN9O/arcgis/rest/services/DerelictSitesRegister/FeatureServer/0,2026-03-27,2026-08-08,GeoJSON,official_download_or_api,native_machine_readable
IE-DS-5edb15005f9d85,Meath West,Meath County Council,DS-1103,"Main St, Longwood (Across from Antique)",,,53.4554161,-6.9247494,1,Polygon centroid,authority_supplied_polygon_centroid,site_polygon_centroid,,,,Polygon,2022-04-26,,https://services-eu1.arcgis.com/33tCl0taHHdVAN9O/arcgis/rest/services/DerelictSitesRegister/FeatureServer/0,2026-03-27,2026-08-08,GeoJSON,official_download_or_api,native_machine_readable
IE-DS-3d27bb2c87a3d6,Meath West,Meath County Council,DS-1117,Kiltale,,,53.525845,-6.6725039,1,Polygon centroid,authority_supplied_polygon_centroid,site_polygon_centroid,,,,Polygon,2022-12-15,,https://services-eu1.arcgis.com/33tCl0taHHdVAN9O/arcgis/rest/services/DerelictSitesRegister/FeatureServer/0,2026-03-27,2026-08-08,GeoJSON,official_download_or_api,native_machine_readable
IE-DS-648891ba8507ce,Meath West,Meath County Council,DS-1014,"2 Ivy Cottages, Abbeylands, Navan",,,53.657159,-6.6826888,1,Polygon centroid,authority_supplied_polygon_centroid,site_polygon_centroid,,,,Polygon,2023-03-23,,https://services-eu1.arcgis.com/33tCl0taHHdVAN9O/arcgis/rest/services/DerelictSitesRegister/FeatureServer/0,2026-03-27,2026-08-08,GeoJSON,official_download_or_api,native_machine_readable
IE-DS-eee9f9aaf3fa70,Meath East,Meath County Council,DS-1148,"The Cock Tavern, Gormanstown",,,53.6413433,-6.2362916,1,Polygon centroid,authority_supplied_polygon_centroid,site_polygon_centroid,,,,Polygon,2023-09-08,,https://services-eu1.arcgis.com/33tCl0taHHdVAN9O/arcgis/rest/services/DerelictSitesRegister/FeatureServer/0,2026-03-27,2026-08-08,GeoJSON,official_download_or_api,native_machine_readable
IE-DS-1bc3a0553b324c,Meath East,Meath County Council,DS-1077,"Dreminstown, Rathkenny, Co. Meath,C15N227",,C15 N227,53.7530323,-6.6412494,1,Polygon centroid,authority_supplied_polygon_centroid,site_polygon_centroid,,,,Polygon,2024-06-04,,https://services-eu1.arcgis.com/33tCl0taHHdVAN9O/arcgis/rest/services/DerelictSitesRegister/FeatureServer/0,2026-03-27,2026-08-08,GeoJSON,official_download_or_api,native_machine_readable
IE-DS-99c203268e7825,Meath East,Meath County Council,DS-1157,"Rathdrinagh, Beauparc, Navan, Co. Meath, C15 K3C3",,C15 K3C3,53.6529091,-6.5195987,1,Polygon centroid,authority_supplied_polygon_centroid,site_polygon_centroid,,,,Polygon,2024-06-14,,https://services-eu1.arcgis.com/33tCl0taHHdVAN9O/arcgis/rest/services/DerelictSitesRegister/FeatureServer/0,2026-03-27,2026-08-08,GeoJSON,official_download_or_api,native_machine_readable
IE-DS-b5eb5768ef6056,Louth,Meath County Council,DS-1153,"Matthews Lane, Lagavooren, Drogheda",,,53.6985584,-6.3662998,1,Polygon centroid,authority_supplied_polygon_centroid,site_polygon_centroid,,,,Polygon,2024-04-25,,https://services-eu1.arcgis.com/33tCl0taHHdVAN9O/arcgis/rest/services/DerelictSitesRegister/FeatureServer/0,2026-03-27,2026-08-08,GeoJSON,official_download_or_api,native_machine_readable
IE-DS-d1f267225245b9,Meath East,Meath County Council,DS-1166,"Circular Road, Kells",,,53.7283124,-6.8834567,1,Polygon centroid,authority_supplied_polygon_centroid,site_polygon_centroid,,,,Polygon,2024-08-22,,https://services-eu1.arcgis.com/33tCl0taHHdVAN9O/arcgis/rest/services/DerelictSitesRegister/FeatureServer/0,2026-03-27,2026-08-08,GeoJSON,official_download_or_api,native_machine_readable
IE-DS-61262e0b6d462d,Meath West,Meath County Council,DS-1172,"Ardbraccan, Navan",,,53.6574332,-6.7482361,1,Polygon centroid,authority_supplied_polygon_centroid,site_polygon_centroid,,,,Polygon,2024-08-26,,https://services-eu1.arcgis.com/33tCl0taHHdVAN9O/arcgis/rest/services/DerelictSitesRegister/FeatureServer/0,2026-03-27,2026-08-08,GeoJSON,official_download_or_api,native_machine_readable
IE-DS-60ac5122328e88,Meath West,Meath County Council,DS-1156,"131 Troytown Heights, Navan",,,53.6660612,-6.6807117,1,Polygon centroid,authority_supplied_polygon_centroid,site_polygon_centroid,,,,Polygon,2024-09-26,,https://services-eu1.arcgis.com/33tCl0taHHdVAN9O/arcgis/rest/services/DerelictSitesRegister/FeatureServer/0,2026-03-27,2026-08-08,GeoJSON,official_download_or_api,native_machine_readable
IE-DS-d761d8d7255299,Meath West,Meath County Council,DS-1179,"18 Mornington Green, Trim, Co Meath, C15 KC90",,C15 KC90,53.5484453,-6.7894274,1,Polygon centroid,authority_supplied_polygon_centroid,site_polygon_centroid,,,,Polygon,2025-03-14,,https://services-eu1.arcgis.com/33tCl0taHHdVAN9O/arcgis/rest/services/DerelictSitesRegister/FeatureServer/0,2026-03-27,2026-08-08,GeoJSON,official_download_or_api,native_machine_readable
IE-DS-87e8f63cab16f8,Meath West,Meath County Council,DS-1002,"16 Haggard Street, Trim",,,53.5590318,-6.7889269,1,Polygon centroid,authority_supplied_polygon_centroid,site_polygon_centroid,,,,Polygon,2019-08-29,,https://services-eu1.arcgis.com/33tCl0taHHdVAN9O/arcgis/rest/services/DerelictSitesRegister/FeatureServer/0,2026-03-27,2026-08-08,GeoJSON,official_download_or_api,native_machine_readable
IE-DS-0f74b04c99bd0d,Meath West,Meath County Council,DS-1001,"15 Haggard Street, Trim",,,53.5589478,-6.7889277,1,Polygon centroid,authority_supplied_polygon_centroid,site_polygon_centroid,,,,Polygon,2019-08-29,,https://services-eu1.arcgis.com/33tCl0taHHdVAN9O/arcgis/rest/services/DerelictSitesRegister/FeatureServer/0,2026-03-27,2026-08-08,GeoJSON,official_download_or_api,native_machine_readable
IE-DS-1291a07b8dde35,Meath West,Meath County Council,DS-1115,"Lower Bridge St, Athboy (Beside Garda Station)",,,53.6239707,-6.9158078,1,Polygon centroid,authority_supplied_polygon_centroid,site_polygon_centroid,,,,Polygon,2025-05-01,,https://services-eu1.arcgis.com/33tCl0taHHdVAN9O/arcgis/rest/services/DerelictSitesRegister/FeatureServer/0,2026-03-27,2026-08-08,GeoJSON,official_download_or_api,native_machine_readable
IE-DS-89f1e2290f2e5b,Meath West,Meath County Council,DS-1185,"Bridge St, Navan",,,53.6511519,-6.6832884,1,Polygon centroid,authority_supplied_polygon_centroid,site_polygon_centroid,,,,Polygon,2025-06-13,,https://services-eu1.arcgis.com/33tCl0taHHdVAN9O/arcgis/rest/services/DerelictSitesRegister/FeatureServer/0,2026-03-27,2026-08-08,GeoJSON,official_download_or_api,native_machine_readable
IE-DS-6cf3917c0332f3,Meath East,Meath County Council,DS-1126,"Ryan's Pub, Mainstreet, Ratoath(A85AV91)",,A85 AV91,53.5070565,-6.4596621,1,Polygon centroid,authority_supplied_polygon_centroid,site_polygon_centroid,,,,Polygon,2025-06-27,,https://services-eu1.arcgis.com/33tCl0taHHdVAN9O/arcgis/rest/services/DerelictSitesRegister/FeatureServer/0,2026-03-27,2026-08-08,GeoJSON,official_download_or_api,native_machine_readable
IE-DS-2ff4dc7a756108,Meath West,Meath County Council,DS-1189,"Rathmolyon Hall, Enfield Rd, Rathmolyon, Co.Meath",,,53.4870458,-6.8026769,1,Polygon centroid,authority_supplied_polygon_centroid,site_polygon_centroid,,,,Polygon,2025-11-19,,https://services-eu1.arcgis.com/33tCl0taHHdVAN9O/arcgis/rest/services/DerelictSitesRegister/FeatureServer/0,2026-03-27,2026-08-08,GeoJSON,official_download_or_api,native_machine_readable
IE-DS-69023897a76016,Meath East,Meath County Council,DS-1165,"Kenlis Place, Kells, Co. Meath-Two storey attachced property consisting of both Eircodes (A82X3R8 & A82A3Y9).",,A82 X3R8,53.7262377,-6.876073,1,Polygon centroid,authority_supplied_polygon_centroid,site_polygon_centroid,,,,Polygon,2026-01-07,,https://services-eu1.arcgis.com/33tCl0taHHdVAN9O/arcgis/rest/services/DerelictSitesRegister/FeatureServer/0,2026-03-27,2026-08-08,GeoJSON,official_download_or_api,native_machine_readable
IE-DS-b7bfcaed77e266,Dublin South-West,South Dublin County Council,1726,"38 Russell Crescent, Jobstown, Tallaght, Dublin 24 D24 NN82",,D24 NN82,53.283,-6.404,1,Authority point,authority_supplied_point,site_point,-6.404,53.283,EPSG:4326,,2015-02-16,145000,https://data.smartdublin.ie/dataset/derelict-sites-register-sdcc1,2026-05-28,2026-08-08,GeoJSON/CSV,official_download_or_api,native_machine_readable
IE-DS-90e470c41e1ebd,Dublin Mid-West,South Dublin County Council,1701,"35 Wheatfield Road, Palmerstown, D.20 D20 Y489",,D20 Y489,53.35,-6.374,1,Authority point,authority_supplied_point,site_point,-6.374,53.35,EPSG:4326,,2016-08-15,315000,https://data.smartdublin.ie/dataset/derelict-sites-register-sdcc1,2026-05-28,2026-08-08,GeoJSON/CSV,official_download_or_api,native_machine_readable
IE-DS-6e845213c76f0d,Dublin South-West,South Dublin County Council,1825,"61 Swiftbrook Drive, Tallaght, Dublin 24 D24 A9C8",,D24 A9C8,53.284,-6.404,1,Authority point,authority_supplied_point,site_point,-6.404,53.284,EPSG:4326,,2018-03-16,220000,https://data.smartdublin.ie/dataset/derelict-sites-register-sdcc1,2026-05-28,2026-08-08,GeoJSON/CSV,official_download_or_api,native_machine_readable
IE-DS-5d7707f81d914d,Dublin Mid-West,South Dublin County Council,1842,"11 Grange View Grove, Clondalkin, Dublin 22 D22 PY52",,D22 PY52,53.327,-6.431,1,Authority point,authority_supplied_point,site_point,-6.431,53.327,EPSG:4326,,2023-05-31,260000,https://data.smartdublin.ie/dataset/derelict-sites-register-sdcc1,2026-05-28,2026-08-08,GeoJSON/CSV,official_download_or_api,native_machine_readable
IE-DS-79b7d3cbcafa99,Dublin South-West,South Dublin County Council,1973,"76 Allenton Drive, Tallaght, Dublin 24 D24 XD4R",,D24 XD4R,53.272,-6.355,1,Authority point,authority_supplied_point,site_point,-6.355,53.272,EPSG:4326,,2023-06-22,260000,https://data.smartdublin.ie/dataset/derelict-sites-register-sdcc1,2026-05-28,2026-08-08,GeoJSON/CSV,official_download_or_api,native_machine_readable
IE-DS-e16f6d5f7d721a,Dublin Mid-West,South Dublin County Council,1818,"11 Turret Road, Palmerstown, Dublin 20 D20 HN56",,D20 HN56,53.353,-6.37,1,Authority point,authority_supplied_point,site_point,-6.37,53.353,EPSG:4326,,2023-08-10,250000,https://data.smartdublin.ie/dataset/derelict-sites-register-sdcc1,2026-05-28,2026-08-08,GeoJSON/CSV,official_download_or_api,native_machine_readable
IE-DS-2490036c89e941,Dublin South-West,South Dublin County Council,1959,"6 Barton Road West. Rathfarnham, Dublin 14. D14 XF85",,D14 XF85,53.287,-6.282,1,Authority point,authority_supplied_point,site_point,-6.282,53.287,EPSG:4326,,2023-12-13,500000,https://data.smartdublin.ie/dataset/derelict-sites-register-sdcc1,2026-05-28,2026-08-08,GeoJSON/CSV,official_download_or_api,native_machine_readable
IE-DS-371a3e681dd5a1,Dublin South-West,South Dublin County Council,1988,"Coolfan House, Robinhood Road, Dublin 22 D22 VP71",,D22 VP71,53.32,-6.353,1,Authority point,authority_supplied_point,site_point,-6.353,53.32,EPSG:4326,,2024-01-17,250000,https://data.smartdublin.ie/dataset/derelict-sites-register-sdcc1,2026-05-28,2026-08-08,GeoJSON/CSV,official_download_or_api,native_machine_readable
IE-DS-3618dd8f1c9a23,Dublin Mid-West,South Dublin County Council,1864,"19 Páirc Mhúire, Saggart, Co. Dublin D24 W890",,D24 W890,53.279,-6.443,1,Authority point,authority_supplied_point,site_point,-6.443,53.279,EPSG:4326,,2024-05-07,270000,https://data.smartdublin.ie/dataset/derelict-sites-register-sdcc1,2026-05-28,2026-08-08,GeoJSON/CSV,official_download_or_api,native_machine_readable
IE-DS-2f078dc60a4e13,Dublin Mid-West,South Dublin County Council,1864A,"20 Páirc Mhúire, Saggart, Co. Dublin D24 W504",,D24 W504,53.279,-6.443,1,Authority point,authority_supplied_point,site_point,-6.443,53.279,EPSG:4326,,2024-05-07,250000,https://data.smartdublin.ie/dataset/derelict-sites-register-sdcc1,2026-05-28,2026-08-08,GeoJSON/CSV,official_download_or_api,native_machine_readable
IE-DS-e434e208d731da,Dublin South-West,South Dublin County Council,1833,"12 Greentrees Road, Walkinstown, Dublin 12 D12 HW95",,D12 HW95,53.307,-6.322,1,Authority point,authority_supplied_point,site_point,-6.322,53.307,EPSG:4326,,2024-08-28,475000,https://data.smartdublin.ie/dataset/derelict-sites-register-sdcc1,2026-05-28,2026-08-08,GeoJSON/CSV,official_download_or_api,native_machine_readable
IE-DS-4ecd5466b98545,Dublin Mid-West,South Dublin County Council,2024,"Site at Long Acre, School Road, Rathcoole, Co. Dublin, D24 AY26",,D24 AY26,53.28,-6.479,1,Authority point,authority_supplied_point,site_point,-6.479,53.28,EPSG:4326,,2024-09-10,550000,https://data.smartdublin.ie/dataset/derelict-sites-register-sdcc1,2026-05-28,2026-08-08,GeoJSON/CSV,official_download_or_api,native_machine_readable
IE-DS-4ce2ca639d8357,Dublin South-West,South Dublin County Council,1940,"Sites at 10 & 11 Old Bawn Road, Tallaght, Dublin 24 D24 PF6W",,D24 PF6W,53.283,-6.36,1,Authority point,authority_supplied_point,site_point,-6.36,53.283,EPSG:4326,,2024-10-02,475000,https://data.smartdublin.ie/dataset/derelict-sites-register-sdcc1,2026-05-28,2026-08-08,GeoJSON/CSV,official_download_or_api,native_machine_readable
IE-DS-194d9cc15416a3,Dublin South-West,South Dublin County Council,2006,"5 Mountdown Drive, Manor Estate, Dublin 12 D12 XE30",,D12 XE30,53.307,-6.325,1,Authority point,authority_supplied_point,site_point,-6.325,53.307,EPSG:4326,,2024-10-29,400000,https://data.smartdublin.ie/dataset/derelict-sites-register-sdcc1,2026-05-28,2026-08-08,GeoJSON/CSV,official_download_or_api,native_machine_readable
IE-DS-8c8cfcc9d748b1,Dublin South-West,South Dublin County Council,1185,"53 Marian Crescent, Rathfarnham, Dublin 16 D14 X8C4",,D14 X8C4,53.292,-6.302,1,Authority point,authority_supplied_point,site_point,-6.302,53.292,EPSG:4326,,2024-10-30,520000,https://data.smartdublin.ie/dataset/derelict-sites-register-sdcc1,2026-05-28,2026-08-08,GeoJSON/CSV,official_download_or_api,native_machine_readable
IE-DS-64c254b07d51d2,Dublin South-West,South Dublin County Council,2046,"1 St Brendan's Crescent, Greenhills, Dublin 12 D12 A4X2",,D12 A4X2,53.312,-6.336,1,Authority point,authority_supplied_point,site_point,-6.336,53.312,EPSG:4326,,2025-10-23,,https://data.smartdublin.ie/dataset/derelict-sites-register-sdcc1,2026-05-28,2026-08-08,GeoJSON/CSV,official_download_or_api,native_machine_readable
IE-DS-12dfc58191c80a,Dublin South-West,South Dublin County Council,2039,"Edmondstown Mills, Edmondstown Road, Rathfarnham, Dublin 16 D16 H599",,D16 H599,53.272,-6.299,1,Authority point,authority_supplied_point,site_point,-6.299,53.272,EPSG:4326,,2026-01-22,,https://data.smartdublin.ie/dataset/derelict-sites-register-sdcc1,2026-05-28,2026-08-08,GeoJSON/CSV,official_download_or_api,native_machine_readable
IE-DS-d7606450c3909f,Dublin Mid-West,South Dublin County Council,1715,"Riverside House, Old Nangor Road, Clondalkin, Dublin 22 D22 KT20",,D22 KT20,53.323,-6.397,1,Authority point,authority_supplied_point,site_point,-6.397,53.323,EPSG:4326,,2026-01-22,,https://data.smartdublin.ie/dataset/derelict-sites-register-sdcc1,2026-05-28,2026-08-08,GeoJSON/CSV,official_download_or_api,native_machine_readable
IE-DS-921ac014d09b28,Dublin South-West,South Dublin County Council,1978,"53 Glenview Park,, Tallaght, Dublin 24 D24A2KP",,D24 A2KP,53.28918,-6.34305,1,Authority point,authority_supplied_point,site_point,-6.34305,53.28918,EPSG:4326,,2026-03-05,,https://data.smartdublin.ie/dataset/derelict-sites-register-sdcc1,2026-05-28,2026-08-08,GeoJSON/CSV,official_download_or_api,native_machine_readable
IE-DS-a0cc806663d7e2,Galway West,Galway City Council,402,"47 Whitestrand Road, Galway",,H91 W97X,53.2650435,-9.0641971,1,Transformed grid reference,authority_supplied_itm_transformed,site_point,529005,724384,EPSG:2157,,"24th April, 2019",475000,https://files.galwaycity.ie/gccfiles/?r=/download&path=L0RlcGFydG1lbnRzL0Vudmlyb25tZW50L0RlcmVsaWN0IFNpdGVzL0RlcmVsaWN0IFNpdGUgUmVnaXN0ZXIgMzEuMDcuMjAyNi5wZGY%3D,2026-07-31,2026-08-08,PDF,pdf_table_extraction,structured_pdf_auto
IE-DS-e43944ac0322d5,Galway West,Galway City Council,502,"129 Castlepark, Ballybane, Galway",,H91 A24W,53.28733,-9.0043689,1,Transformed grid reference,authority_supplied_itm_transformed,site_point,533031,726806,EPSG:2157,,"4th March, 2020",220000,https://files.galwaycity.ie/gccfiles/?r=/download&path=L0RlcGFydG1lbnRzL0Vudmlyb25tZW50L0RlcmVsaWN0IFNpdGVzL0RlcmVsaWN0IFNpdGUgUmVnaXN0ZXIgMzEuMDcuMjAyNi5wZGY%3D,2026-07-31,2026-08-08,PDF,pdf_table_extraction,structured_pdf_auto
IE-DS-81c645bc4c30c4,Galway West,Galway City Council,326,"39 Sandyview Drive, Riverside, Galway",,H91 FN0C,53.2891818,-9.0327447,1,Transformed grid reference,authority_supplied_itm_transformed,site_point,531142,727039,EPSG:2157,,"12th April, 2022",425000,https://files.galwaycity.ie/gccfiles/?r=/download&path=L0RlcGFydG1lbnRzL0Vudmlyb25tZW50L0RlcmVsaWN0IFNpdGVzL0RlcmVsaWN0IFNpdGUgUmVnaXN0ZXIgMzEuMDcuMjAyNi5wZGY%3D,2026-07-31,2026-08-08,PDF,pdf_table_extraction,structured_pdf_auto
IE-DS-f12c2c87b06c6e,Galway West,Galway City Council,515,"127 College Road, Galway",,,53.2801821,-9.0362316,1,Transformed grid reference,authority_supplied_itm_transformed,site_point,530895,726041,EPSG:2157,,2023-01-27,300000,https://files.galwaycity.ie/gccfiles/?r=/download&path=L0RlcGFydG1lbnRzL0Vudmlyb25tZW50L0RlcmVsaWN0IFNpdGVzL0RlcmVsaWN0IFNpdGUgUmVnaXN0ZXIgMzEuMDcuMjAyNi5wZGY%3D,2026-07-31,2026-08-08,PDF,pdf_table_extraction,structured_pdf_auto
IE-DS-26899c0f0add12,Galway West,Galway City Council,462,"4 Castlepark, Ballybane, Galway",,H91 YYN6,53.2883947,-9.0060137,1,Transformed grid reference,authority_supplied_itm_transformed,site_point,532923,726926,EPSG:2157,,2023-01-27,240000,https://files.galwaycity.ie/gccfiles/?r=/download&path=L0RlcGFydG1lbnRzL0Vudmlyb25tZW50L0RlcmVsaWN0IFNpdGVzL0RlcmVsaWN0IFNpdGUgUmVnaXN0ZXIgMzEuMDcuMjAyNi5wZGY%3D,2026-07-31,2026-08-08,PDF,pdf_table_extraction,structured_pdf_auto
IE-DS-a75a307ef7a6df,Galway West,Galway City Council,589,64 Monalee Manor,,H91 H2KP,53.264539,-9.1202475,1,Transformed grid reference,authority_supplied_itm_transformed,site_point,525265,724385,EPSG:2157,,2024-07-17,220000,https://files.galwaycity.ie/gccfiles/?r=/download&path=L0RlcGFydG1lbnRzL0Vudmlyb25tZW50L0RlcmVsaWN0IFNpdGVzL0RlcmVsaWN0IFNpdGUgUmVnaXN0ZXIgMzEuMDcuMjAyNi5wZGY%3D,2026-07-31,2026-08-08,PDF,pdf_table_extraction,structured_pdf_auto
IE-DS-f67a997d183067,Galway West,Galway City Council,592,"Sunset Lodge, Letteragh, Rahoon, Galway",,H91 FDK6,53.2799989,-9.0870918,1,Transformed grid reference,authority_supplied_itm_transformed,site_point,527503,726071,EPSG:2157,,2024-07-17,500000,https://files.galwaycity.ie/gccfiles/?r=/download&path=L0RlcGFydG1lbnRzL0Vudmlyb25tZW50L0RlcmVsaWN0IFNpdGVzL0RlcmVsaWN0IFNpdGUgUmVnaXN0ZXIgMzEuMDcuMjAyNi5wZGY%3D,2026-07-31,2026-08-08,PDF,pdf_table_extraction,structured_pdf_auto
IE-DS-3d6ea01fcd1323,Galway West,Galway City Council,582,"14 Lower Newcastle, Galway",,H91 EY8N,53.2789084,-9.0635068,1,Transformed grid reference,authority_supplied_itm_transformed,site_point,529074,725926,EPSG:2157,,2024-10-30,,https://files.galwaycity.ie/gccfiles/?r=/download&path=L0RlcGFydG1lbnRzL0Vudmlyb25tZW50L0RlcmVsaWN0IFNpdGVzL0RlcmVsaWN0IFNpdGUgUmVnaXN0ZXIgMzEuMDcuMjAyNi5wZGY%3D,2026-07-31,2026-08-08,PDF,pdf_table_extraction,structured_pdf_auto
IE-DS-67a190d8852d93,Galway West,Galway City Council,599,"11 O'Flaharty Road, Shantalla, Galway",,H91 V62R,53.2740246,-9.0679286,1,Transformed grid reference,authority_supplied_itm_transformed,site_point,528771,725387,EPSG:2157,,2025-04-08,375000,https://files.galwaycity.ie/gccfiles/?r=/download&path=L0RlcGFydG1lbnRzL0Vudmlyb25tZW50L0RlcmVsaWN0IFNpdGVzL0RlcmVsaWN0IFNpdGUgUmVnaXN0ZXIgMzEuMDcuMjAyNi5wZGY%3D,2026-07-31,2026-08-08,PDF,pdf_table_extraction,structured_pdf_auto
IE-DS-ab62abd184a9f7,Galway West,Galway City Council,732,Farmhouse at Ballindooley Cross,,,53.3128254,-9.0246713,1,Transformed grid reference,authority_supplied_itm_transformed,site_point,531718,729662,EPSG:2157,,2025-02-05,,https://files.galwaycity.ie/gccfiles/?r=/download&path=L0RlcGFydG1lbnRzL0Vudmlyb25tZW50L0RlcmVsaWN0IFNpdGVzL0RlcmVsaWN0IFNpdGUgUmVnaXN0ZXIgMzEuMDcuMjAyNi5wZGY%3D,2026-07-31,2026-08-08,PDF,pdf_table_extraction,structured_pdf_auto
IE-DS-b927b31f74da9a,Galway West,Galway City Council,690,"5 Dock Road, The Docks",,H91 X983,53.2702315,-9.0517926,1,Transformed grid reference,authority_supplied_itm_transformed,site_point,529841,724949,EPSG:2157,,2025-01-31,400000,https://files.galwaycity.ie/gccfiles/?r=/download&path=L0RlcGFydG1lbnRzL0Vudmlyb25tZW50L0RlcmVsaWN0IFNpdGVzL0RlcmVsaWN0IFNpdGUgUmVnaXN0ZXIgMzEuMDcuMjAyNi5wZGY%3D,2026-07-31,2026-08-08,PDF,pdf_table_extraction,structured_pdf_auto
IE-DS-55ca347edd2128,Galway West,Galway City Council,650,"47 Dublin Road, Renmore",,H91 FC3F,53.2777004,-9.015464,1,Transformed grid reference,authority_supplied_itm_transformed,site_point,532276,725745,EPSG:2157,,2025-02-12,300000,https://files.galwaycity.ie/gccfiles/?r=/download&path=L0RlcGFydG1lbnRzL0Vudmlyb25tZW50L0RlcmVsaWN0IFNpdGVzL0RlcmVsaWN0IFNpdGUgUmVnaXN0ZXIgMzEuMDcuMjAyNi5wZGY%3D,2026-07-31,2026-08-08,PDF,pdf_table_extraction,structured_pdf_auto
IE-DS-e2942a47b14b7f,Galway West,Galway City Council,651,"49 Dublin Road, Renmore",,H91 Y7WP,53.2776745,-9.0153434,1,Transformed grid reference,authority_supplied_itm_transformed,site_point,532284,725742,EPSG:2157,,2025-02-12,370000,https://files.galwaycity.ie/gccfiles/?r=/download&path=L0RlcGFydG1lbnRzL0Vudmlyb25tZW50L0RlcmVsaWN0IFNpdGVzL0RlcmVsaWN0IFNpdGUgUmVnaXN0ZXIgMzEuMDcuMjAyNi5wZGY%3D,2026-07-31,2026-08-08,PDF,pdf_table_extraction,structured_pdf_auto
IE-DS-38c139b334c4fb,Galway West,Galway City Council,652,"51 Dublin Road, Renmore",,H91 H28F,53.2776049,-9.0150719,1,Transformed grid reference,authority_supplied_itm_transformed,site_point,532302,725734,EPSG:2157,,2025-02-12,390000,https://files.galwaycity.ie/gccfiles/?r=/download&path=L0RlcGFydG1lbnRzL0Vudmlyb25tZW50L0RlcmVsaWN0IFNpdGVzL0RlcmVsaWN0IFNpdGUgUmVnaXN0ZXIgMzEuMDcuMjAyNi5wZGY%3D,2026-07-31,2026-08-08,PDF,pdf_table_extraction,structured_pdf_auto
IE-DS-9aad430762efba,Galway West,Galway City Council,277,"Commercial Building, Dublin Road (Opposite ATU)",,,53.2771427,-9.012347,1,Transformed grid reference,authority_supplied_itm_transformed,site_point,532483,725680,EPSG:2157,,2025-02-12,,https://files.galwaycity.ie/gccfiles/?r=/download&path=L0RlcGFydG1lbnRzL0Vudmlyb25tZW50L0RlcmVsaWN0IFNpdGVzL0RlcmVsaWN0IFNpdGUgUmVnaXN0ZXIgMzEuMDcuMjAyNi5wZGY%3D,2026-07-31,2026-08-08,PDF,pdf_table_extraction,structured_pdf_auto
IE-DS-6b0c05e0b5a18a,Galway West,Galway City Council,595,"13 Glenard Avenue, Salthill",,H91 PPF9,53.2648126,-9.0868115,1,Transformed grid reference,authority_supplied_itm_transformed,site_point,527496,724381,EPSG:2157,,2025-02-18,750000,https://files.galwaycity.ie/gccfiles/?r=/download&path=L0RlcGFydG1lbnRzL0Vudmlyb25tZW50L0RlcmVsaWN0IFNpdGVzL0RlcmVsaWN0IFNpdGUgUmVnaXN0ZXIgMzEuMDcuMjAyNi5wZGY%3D,2026-07-31,2026-08-08,PDF,pdf_table_extraction,structured_pdf_auto
IE-DS-3c04c599e10b21,Galway West,Galway City Council,345,"6 Newcastle Road, Galway",,,53.2729308,-9.0625938,1,Transformed grid reference,authority_supplied_itm_transformed,site_point,529125,725260,EPSG:2157,,2025-02-18,950000,https://files.galwaycity.ie/gccfiles/?r=/download&path=L0RlcGFydG1lbnRzL0Vudmlyb25tZW50L0RlcmVsaWN0IFNpdGVzL0RlcmVsaWN0IFNpdGUgUmVnaXN0ZXIgMzEuMDcuMjAyNi5wZGY%3D,2026-07-31,2026-08-08,PDF,pdf_table_extraction,structured_pdf_auto
IE-DS-3cff025c487925,Galway West,Galway City Council,606,"4 New Dock Street, Galway",,H91 DE7K,53.2701028,-9.0521192,1,Transformed grid reference,authority_supplied_itm_transformed,site_point,529819,724935,EPSG:2157,,2025-03-05,,https://files.galwaycity.ie/gccfiles/?r=/download&path=L0RlcGFydG1lbnRzL0Vudmlyb25tZW50L0RlcmVsaWN0IFNpdGVzL0RlcmVsaWN0IFNpdGUgUmVnaXN0ZXIgMzEuMDcuMjAyNi5wZGY%3D,2026-07-31,2026-08-08,PDF,pdf_table_extraction,structured_pdf_auto
IE-DS-56ed3ce98a335e,Galway West,Galway City Council,605,4 Dock Road,,,53.2701861,-9.0518514,1,Transformed grid reference,authority_supplied_itm_transformed,site_point,529837,724944,EPSG:2157,,2025-03-05,400000,https://files.galwaycity.ie/gccfiles/?r=/download&path=L0RlcGFydG1lbnRzL0Vudmlyb25tZW50L0RlcmVsaWN0IFNpdGVzL0RlcmVsaWN0IFNpdGUgUmVnaXN0ZXIgMzEuMDcuMjAyNi5wZGY%3D,2026-07-31,2026-08-08,PDF,pdf_table_extraction,structured_pdf_auto
IE-DS-eee645a5d530e4,Galway West,Galway City Council,610,"100 Knocknacarra Park, Salthill",,H91 C58E,53.2649309,-9.1100644,1,Transformed grid reference,authority_supplied_itm_transformed,site_point,525945,724418,EPSG:2157,,2025-03-25,375000,https://files.galwaycity.ie/gccfiles/?r=/download&path=L0RlcGFydG1lbnRzL0Vudmlyb25tZW50L0RlcmVsaWN0IFNpdGVzL0RlcmVsaWN0IFNpdGUgUmVnaXN0ZXIgMzEuMDcuMjAyNi5wZGY%3D,2026-07-31,2026-08-08,PDF,pdf_table_extraction,structured_pdf_auto
IE-DS-ce31f99f5a5b35,Galway West,Galway City Council,739,"Prospect House, 8 Prospect Hill",,H91 T2D3,53.2752751,-9.0485428,1,Transformed grid reference,authority_supplied_itm_transformed,site_point,530066,725507,EPSG:2157,,2025-04-08,,https://files.galwaycity.ie/gccfiles/?r=/download&path=L0RlcGFydG1lbnRzL0Vudmlyb25tZW50L0RlcmVsaWN0IFNpdGVzL0RlcmVsaWN0IFNpdGUgUmVnaXN0ZXIgMzEuMDcuMjAyNi5wZGY%3D,2026-07-31,2026-08-08,PDF,pdf_table_extraction,structured_pdf_auto
IE-DS-323832bfbef96c,Galway West,Galway City Council,603,"Queen Street, Galway",,,53.2725766,-9.0488066,1,Transformed grid reference,authority_supplied_itm_transformed,site_point,530044,725207,EPSG:2157,,2025-04-28,600000,https://files.galwaycity.ie/gccfiles/?r=/download&path=L0RlcGFydG1lbnRzL0Vudmlyb25tZW50L0RlcmVsaWN0IFNpdGVzL0RlcmVsaWN0IFNpdGUgUmVnaXN0ZXIgMzEuMDcuMjAyNi5wZGY%3D,2026-07-31,2026-08-08,PDF,pdf_table_extraction,structured_pdf_auto
IE-DS-fc9d5fd9761b89,Galway West,Galway City Council,689,"Seaport House, 15 New Dock Street,",,H91 Y7R2,53.2699664,-9.0522958,1,Transformed grid reference,authority_supplied_itm_transformed,site_point,529807,724920,EPSG:2157,,2025-04-28,850000,https://files.galwaycity.ie/gccfiles/?r=/download&path=L0RlcGFydG1lbnRzL0Vudmlyb25tZW50L0RlcmVsaWN0IFNpdGVzL0RlcmVsaWN0IFNpdGUgUmVnaXN0ZXIgMzEuMDcuMjAyNi5wZGY%3D,2026-07-31,2026-08-08,PDF,pdf_table_extraction,structured_pdf_auto
IE-DS-20ad0d921b8bc6,Galway West,Galway City Council,756,"Abbey Community Hall, Newtownsmith",,H91 AW6X,53.2748611,-9.054725,1,Transformed grid reference,authority_supplied_itm_transformed,site_point,529653,725467,EPSG:2157,,2025-04-28,,https://files.galwaycity.ie/gccfiles/?r=/download&path=L0RlcGFydG1lbnRzL0Vudmlyb25tZW50L0RlcmVsaWN0IFNpdGVzL0RlcmVsaWN0IFNpdGUgUmVnaXN0ZXIgMzEuMDcuMjAyNi5wZGY%3D,2026-07-31,2026-08-08,PDF,pdf_table_extraction,structured_pdf_auto
IE-DS-f23dd3b0e08201,Galway West,Galway City Council,783,"Saint Evans, 117 Upper Salthill",,H91 XN26,53.2621204,-9.0734628,1,Transformed grid reference,authority_supplied_itm_transformed,site_point,528382,724068,EPSG:2157,,2025-05-02,750000,https://files.galwaycity.ie/gccfiles/?r=/download&path=L0RlcGFydG1lbnRzL0Vudmlyb25tZW50L0RlcmVsaWN0IFNpdGVzL0RlcmVsaWN0IFNpdGUgUmVnaXN0ZXIgMzEuMDcuMjAyNi5wZGY%3D,2026-07-31,2026-08-08,PDF,pdf_table_extraction,structured_pdf_auto
IE-DS-96a4dfb56e9330,Galway West,Galway City Council,784,"Atlantic View House, 162 Upper Salthill",,,53.2623881,-9.0736793,1,Transformed grid reference,authority_supplied_itm_transformed,site_point,528368,724098,EPSG:2157,,2025-05-02,1000000,https://files.galwaycity.ie/gccfiles/?r=/download&path=L0RlcGFydG1lbnRzL0Vudmlyb25tZW50L0RlcmVsaWN0IFNpdGVzL0RlcmVsaWN0IFNpdGUgUmVnaXN0ZXIgMzEuMDcuMjAyNi5wZGY%3D,2026-07-31,2026-08-08,PDF,pdf_table_extraction,structured_pdf_auto
IE-DS-d007f1776491ea,Galway West,Galway City Council,741,1 Lombard Street,,H91 AX94,53.272932,-9.0543627,1,Transformed grid reference,authority_supplied_itm_transformed,site_point,529674,725252,EPSG:2157,,2025-05-08,1000000,https://files.galwaycity.ie/gccfiles/?r=/download&path=L0RlcGFydG1lbnRzL0Vudmlyb25tZW50L0RlcmVsaWN0IFNpdGVzL0RlcmVsaWN0IFNpdGUgUmVnaXN0ZXIgMzEuMDcuMjAyNi5wZGY%3D,2026-07-31,2026-08-08,PDF,pdf_table_extraction,structured_pdf_auto
IE-DS-bfe86c081f3c1c,Galway West,Galway City Council,623,30 Woodquay,,H91 T6NH,53.2756278,-9.0523748,1,Transformed grid reference,authority_supplied_itm_transformed,site_point,529811,725550,EPSG:2157,,2025-05-08,400000,https://files.galwaycity.ie/gccfiles/?r=/download&path=L0RlcGFydG1lbnRzL0Vudmlyb25tZW50L0RlcmVsaWN0IFNpdGVzL0RlcmVsaWN0IFNpdGUgUmVnaXN0ZXIgMzEuMDcuMjAyNi5wZGY%3D,2026-07-31,2026-08-08,PDF,pdf_table_extraction,structured_pdf_auto
IE-DS-1e56675b7bddfa,Galway West,Galway City Council,745,St. Hellen's Flood Street,,H91 F8PT,53.2705213,-9.0535837,1,Transformed grid reference,authority_supplied_itm_transformed,site_point,529722,724983,EPSG:2157,,2025-05-08,950000,https://files.galwaycity.ie/gccfiles/?r=/download&path=L0RlcGFydG1lbnRzL0Vudmlyb25tZW50L0RlcmVsaWN0IFNpdGVzL0RlcmVsaWN0IFNpdGUgUmVnaXN0ZXIgMzEuMDcuMjAyNi5wZGY%3D,2026-07-31,2026-08-08,PDF,pdf_table_extraction,structured_pdf_auto
IE-DS-44251c23535e0a,Galway West,Galway City Council,642,"Spire House, 56 Shantalla Road",,H91 PH6T,53.2728689,-9.0715281,1,Transformed grid reference,authority_supplied_itm_transformed,site_point,528529,725262,EPSG:2157,,2025-05-14,1500000,https://files.galwaycity.ie/gccfiles/?r=/download&path=L0RlcGFydG1lbnRzL0Vudmlyb25tZW50L0RlcmVsaWN0IFNpdGVzL0RlcmVsaWN0IFNpdGUgUmVnaXN0ZXIgMzEuMDcuMjAyNi5wZGY%3D,2026-07-31,2026-08-08,PDF,pdf_table_extraction,structured_pdf_auto
IE-DS-5695b72c4dd8d5,Galway West,Galway City Council,780,17 New Dock Street,,H91 V5DE,53.2699223,-9.0522047,1,Transformed grid reference,authority_supplied_itm_transformed,site_point,529813,724915,EPSG:2157,,2025-05-16,2000000,https://files.galwaycity.ie/gccfiles/?r=/download&path=L0RlcGFydG1lbnRzL0Vudmlyb25tZW50L0RlcmVsaWN0IFNpdGVzL0RlcmVsaWN0IFNpdGUgUmVnaXN0ZXIgMzEuMDcuMjAyNi5wZGY%3D,2026-07-31,2026-08-08,PDF,pdf_table_extraction,structured_pdf_auto
IE-DS-b4df30eb369ba6,Galway West,Galway City Council,752,"24 Devon Park, Salthill",,,53.265784,-9.072835,1,Transformed grid reference,authority_supplied_itm_transformed,site_point,528430,724475,EPSG:2157,,2025-05-20,750000,https://files.galwaycity.ie/gccfiles/?r=/download&path=L0RlcGFydG1lbnRzL0Vudmlyb25tZW50L0RlcmVsaWN0IFNpdGVzL0RlcmVsaWN0IFNpdGUgUmVnaXN0ZXIgMzEuMDcuMjAyNi5wZGY%3D,2026-07-31,2026-08-08,PDF,pdf_table_extraction,structured_pdf_auto
IE-DS-1134c31bcaf09a,Galway West,Galway City Council,585,"Kingston Road, Galway (next to H91 TD8H)",,H91 TD8H,53.2677229,-9.0899435,1,Transformed grid reference,authority_supplied_itm_transformed,site_point,527292,724708,EPSG:2157,,2025-05-20,950000,https://files.galwaycity.ie/gccfiles/?r=/download&path=L0RlcGFydG1lbnRzL0Vudmlyb25tZW50L0RlcmVsaWN0IFNpdGVzL0RlcmVsaWN0IFNpdGUgUmVnaXN0ZXIgMzEuMDcuMjAyNi5wZGY%3D,2026-07-31,2026-08-08,PDF,pdf_table_extraction,structured_pdf_auto
IE-DS-185bda58b57958,Galway West,Galway City Council,60,"22 Water Lane, Prospect Hill",,,53.2786233,-9.0479949,1,Transformed grid reference,authority_supplied_itm_transformed,site_point,530108,725879,EPSG:2157,,2025-05-23,300000,https://files.galwaycity.ie/gccfiles/?r=/download&path=L0RlcGFydG1lbnRzL0Vudmlyb25tZW50L0RlcmVsaWN0IFNpdGVzL0RlcmVsaWN0IFNpdGUgUmVnaXN0ZXIgMzEuMDcuMjAyNi5wZGY%3D,2026-07-31,2026-08-08,PDF,pdf_table_extraction,structured_pdf_auto
IE-DS-b9f1a3b566d3a1,Galway West,Galway City Council,281,"45 St Mary's Road,",,H91 KAX2,53.2722356,-9.0629514,1,Transformed grid reference,authority_supplied_itm_transformed,site_point,529100,725183,EPSG:2157,,2025-05-23,400000,https://files.galwaycity.ie/gccfiles/?r=/download&path=L0RlcGFydG1lbnRzL0Vudmlyb25tZW50L0RlcmVsaWN0IFNpdGVzL0RlcmVsaWN0IFNpdGUgUmVnaXN0ZXIgMzEuMDcuMjAyNi5wZGY%3D,2026-07-31,2026-08-08,PDF,pdf_table_extraction,structured_pdf_auto
IE-DS-0540eb7cd955ac,Galway West,Galway City Council,656,75 Shantalla Road,,H91 WVX9,53.2725563,-9.0682968,1,Transformed grid reference,authority_supplied_itm_transformed,site_point,528744,725224,EPSG:2157,,2025-05-23,400000,https://files.galwaycity.ie/gccfiles/?r=/download&path=L0RlcGFydG1lbnRzL0Vudmlyb25tZW50L0RlcmVsaWN0IFNpdGVzL0RlcmVsaWN0IFNpdGUgUmVnaXN0ZXIgMzEuMDcuMjAyNi5wZGY%3D,2026-07-31,2026-08-08,PDF,pdf_table_extraction,structured_pdf_auto
IE-DS-3118c53c1e7033,Galway West,Galway City Council,778,103 Bohermore,,H91 HP2N,53.2782827,-9.0458423,1,Transformed grid reference,authority_supplied_itm_transformed,site_point,530251,725839,EPSG:2157,,2025-05-23,350000,https://files.galwaycity.ie/gccfiles/?r=/download&path=L0RlcGFydG1lbnRzL0Vudmlyb25tZW50L0RlcmVsaWN0IFNpdGVzL0RlcmVsaWN0IFNpdGUgUmVnaXN0ZXIgMzEuMDcuMjAyNi5wZGY%3D,2026-07-31,2026-08-08,PDF,pdf_table_extraction,structured_pdf_auto
IE-DS-f48e80d36a1e37,Galway West,Galway City Council,738,"Summerdale House, Bishop O'Donnell Road",,H91 E6CH,53.2717883,-9.0866586,1,Transformed grid reference,authority_supplied_itm_transformed,site_point,527518,725157,EPSG:2157,,2025-06-09,900000,https://files.galwaycity.ie/gccfiles/?r=/download&path=L0RlcGFydG1lbnRzL0Vudmlyb25tZW50L0RlcmVsaWN0IFNpdGVzL0RlcmVsaWN0IFNpdGUgUmVnaXN0ZXIgMzEuMDcuMjAyNi5wZGY%3D,2026-07-31,2026-08-08,PDF,pdf_table_extraction,structured_pdf_auto
IE-DS-5757a45584c615,Galway West,Galway City Council,766,"1 Sylvan Heights, Fairlands Park, Newcastle",,H91 X2PN,53.2845179,-9.0723894,1,Transformed grid reference,authority_supplied_itm_transformed,site_point,528491,726559,EPSG:2157,,2025-07-01,490000,https://files.galwaycity.ie/gccfiles/?r=/download&path=L0RlcGFydG1lbnRzL0Vudmlyb25tZW50L0RlcmVsaWN0IFNpdGVzL0RlcmVsaWN0IFNpdGUgUmVnaXN0ZXIgMzEuMDcuMjAyNi5wZGY%3D,2026-07-31,2026-08-08,PDF,pdf_table_extraction,structured_pdf_auto
IE-DS-dcb146fedf6eb7,Galway West,Galway City Council,782,"Former T. O'Higgins Hardware, Rahoon Road, Shantalla",,H91 W2DP,53.2732866,-9.0730528,1,Transformed grid reference,authority_supplied_itm_transformed,site_point,528428,725310,EPSG:2157,,2025-07-01,,https://files.galwaycity.ie/gccfiles/?r=/download&path=L0RlcGFydG1lbnRzL0Vudmlyb25tZW50L0RlcmVsaWN0IFNpdGVzL0RlcmVsaWN0IFNpdGUgUmVnaXN0ZXIgMzEuMDcuMjAyNi5wZGY%3D,2026-07-31,2026-08-08,PDF,pdf_table_extraction,structured_pdf_auto
IE-DS-a7df20af72fd59,Galway West,Galway City Council,844,"20 Sruthan Mhuirlinne, Ballybane",,H91 AY9T,53.2816056,-8.9978764,1,Transformed grid reference,authority_supplied_itm_transformed,site_point,533455,726163,EPSG:2157,,2025-07-08,260000,https://files.galwaycity.ie/gccfiles/?r=/download&path=L0RlcGFydG1lbnRzL0Vudmlyb25tZW50L0RlcmVsaWN0IFNpdGVzL0RlcmVsaWN0IFNpdGUgUmVnaXN0ZXIgMzEuMDcuMjAyNi5wZGY%3D,2026-07-31,2026-08-08,PDF,pdf_table_extraction,structured_pdf_auto
IE-DS-f6eced2056127e,Galway West,Galway City Council,319,"Former Burren Mount Hotel, Salthill Road Upper",,H91 EY28,53.2592762,-9.077903,1,Transformed grid reference,authority_supplied_itm_transformed,site_point,528081,723756,EPSG:2157,,2025-07-10,1500000,https://files.galwaycity.ie/gccfiles/?r=/download&path=L0RlcGFydG1lbnRzL0Vudmlyb25tZW50L0RlcmVsaWN0IFNpdGVzL0RlcmVsaWN0IFNpdGUgUmVnaXN0ZXIgMzEuMDcuMjAyNi5wZGY%3D,2026-07-31,2026-08-08,PDF,pdf_table_extraction,structured_pdf_auto
IE-DS-5ccbc34baa8303,Galway West,Galway City Council,593,"Derrynane, Clybaun Road, Knocknacarra",,H91 NC2Y,53.2654761,-9.1065258,1,Transformed grid reference,authority_supplied_itm_transformed,site_point,526182,724475,EPSG:2157,,2025-07-22,620000,https://files.galwaycity.ie/gccfiles/?r=/download&path=L0RlcGFydG1lbnRzL0Vudmlyb25tZW50L0RlcmVsaWN0IFNpdGVzL0RlcmVsaWN0IFNpdGUgUmVnaXN0ZXIgMzEuMDcuMjAyNi5wZGY%3D,2026-07-31,2026-08-08,PDF,pdf_table_extraction,structured_pdf_auto
IE-DS-0318d43efee4dc,Galway West,Galway City Council,760,"Former Nurses Building, University College Hospital, Galway",,H91 YXH6,53.2773241,-9.064787,1,Transformed grid reference,authority_supplied_itm_transformed,site_point,528986,725751,EPSG:2157,,2025-07-25,3500000,https://files.galwaycity.ie/gccfiles/?r=/download&path=L0RlcGFydG1lbnRzL0Vudmlyb25tZW50L0RlcmVsaWN0IFNpdGVzL0RlcmVsaWN0IFNpdGUgUmVnaXN0ZXIgMzEuMDcuMjAyNi5wZGY%3D,2026-07-31,2026-08-08,PDF,pdf_table_extraction,structured_pdf_auto
IE-DS-d01a00383ab38b,Galway West,Galway City Council,637,52 Father Griffin Road,,H91 KRH1,53.2671317,-9.0628398,1,Transformed grid reference,authority_supplied_itm_transformed,site_point,529099,724615,EPSG:2157,,2025-05-23,675000,https://files.galwaycity.ie/gccfiles/?r=/download&path=L0RlcGFydG1lbnRzL0Vudmlyb25tZW50L0RlcmVsaWN0IFNpdGVzL0RlcmVsaWN0IFNpdGUgUmVnaXN0ZXIgMzEuMDcuMjAyNi5wZGY%3D,2026-07-31,2026-08-08,PDF,pdf_table_extraction,structured_pdf_auto
IE-DS-8eff2baacae3ab,Galway West,Galway City Council,799,5/7/9 Abbeygate Street Upper,,,53.2734502,-9.0526812,1,Transformed grid reference,authority_supplied_itm_transformed,site_point,529787,725308,EPSG:2157,,2025-08-11,550000,https://files.galwaycity.ie/gccfiles/?r=/download&path=L0RlcGFydG1lbnRzL0Vudmlyb25tZW50L0RlcmVsaWN0IFNpdGVzL0RlcmVsaWN0IFNpdGUgUmVnaXN0ZXIgMzEuMDcuMjAyNi5wZGY%3D,2026-07-31,2026-08-08,PDF,pdf_table_extraction,structured_pdf_auto
IE-DS-2df665eb7a3345,Galway West,Galway City Council,184,"Former Shamrock Lodge, Satlhill Road Upper",,H91 X2PW,53.2595439,-9.0781196,1,Transformed grid reference,authority_supplied_itm_transformed,site_point,528067,723786,EPSG:2157,,2025-08-11,750000,https://files.galwaycity.ie/gccfiles/?r=/download&path=L0RlcGFydG1lbnRzL0Vudmlyb25tZW50L0RlcmVsaWN0IFNpdGVzL0RlcmVsaWN0IFNpdGUgUmVnaXN0ZXIgMzEuMDcuMjAyNi5wZGY%3D,2026-07-31,2026-08-08,PDF,pdf_table_extraction,structured_pdf_auto
IE-DS-040be50748c736,Galway West,Galway City Council,516,26 & 34 Nun's Island,,H91 E27E,53.2719793,-9.0574127,1,Transformed grid reference,authority_supplied_itm_transformed,site_point,529469,725149,EPSG:2157,,2025-08-11,1200000,https://files.galwaycity.ie/gccfiles/?r=/download&path=L0RlcGFydG1lbnRzL0Vudmlyb25tZW50L0RlcmVsaWN0IFNpdGVzL0RlcmVsaWN0IFNpdGUgUmVnaXN0ZXIgMzEuMDcuMjAyNi5wZGY%3D,2026-07-31,2026-08-08,PDF,pdf_table_extraction,structured_pdf_auto
IE-DS-4e406924ab978f,Galway West,Galway City Council,715,"85 Salthill Road Lower,",,H91 AP6K,53.26427,-9.0722874,1,Transformed grid reference,authority_supplied_itm_transformed,site_point,528464,724306,EPSG:2157,,2025-08-11,,https://files.galwaycity.ie/gccfiles/?r=/download&path=L0RlcGFydG1lbnRzL0Vudmlyb25tZW50L0RlcmVsaWN0IFNpdGVzL0RlcmVsaWN0IFNpdGUgUmVnaXN0ZXIgMzEuMDcuMjAyNi5wZGY%3D,2026-07-31,2026-08-08,PDF,pdf_table_extraction,structured_pdf_auto
IE-DS-def11f0ed06887,Galway West,Galway City Council,830,13 Shop Street,,H91 A0V5,53.2726497,-9.0527515,1,Transformed grid reference,authority_supplied_itm_transformed,site_point,529781,725219,EPSG:2157,,2025-08-20,,https://files.galwaycity.ie/gccfiles/?r=/download&path=L0RlcGFydG1lbnRzL0Vudmlyb25tZW50L0RlcmVsaWN0IFNpdGVzL0RlcmVsaWN0IFNpdGUgUmVnaXN0ZXIgMzEuMDcuMjAyNi5wZGY%3D,2026-07-31,2026-08-08,PDF,pdf_table_extraction,structured_pdf_auto
IE-DS-a63e7fc23111e4,Galway West,Galway City Council,785,"Merlin Park Lane, Doughiska",,,53.2789291,-8.9825191,1,Transformed grid reference,authority_supplied_itm_transformed,site_point,534475,725851,EPSG:2157,,2025-09-10,,https://files.galwaycity.ie/gccfiles/?r=/download&path=L0RlcGFydG1lbnRzL0Vudmlyb25tZW50L0RlcmVsaWN0IFNpdGVzL0RlcmVsaWN0IFNpdGUgUmVnaXN0ZXIgMzEuMDcuMjAyNi5wZGY%3D,2026-07-31,2026-08-08,PDF,pdf_table_extraction,structured_pdf_auto
IE-DS-87fb915977e09c,Galway West,Galway City Council,657,20 Prospect Hill,,H91 X651,53.2755738,-9.0483102,1,Transformed grid reference,authority_supplied_itm_transformed,site_point,530082,725540,EPSG:2157,,2025-09-10,,https://files.galwaycity.ie/gccfiles/?r=/download&path=L0RlcGFydG1lbnRzL0Vudmlyb25tZW50L0RlcmVsaWN0IFNpdGVzL0RlcmVsaWN0IFNpdGUgUmVnaXN0ZXIgMzEuMDcuMjAyNi5wZGY%3D,2026-07-31,2026-08-08,PDF,pdf_table_extraction,structured_pdf_auto
IE-DS-5683f3a1c17779,Galway West,Galway City Council,806,Warehouse at Victoria Place,,,53.2731937,-9.048132,1,Transformed grid reference,authority_supplied_itm_transformed,site_point,530090,725275,EPSG:2157,,2025-09-10,1200000,https://files.galwaycity.ie/gccfiles/?r=/download&path=L0RlcGFydG1lbnRzL0Vudmlyb25tZW50L0RlcmVsaWN0IFNpdGVzL0RlcmVsaWN0IFNpdGUgUmVnaXN0ZXIgMzEuMDcuMjAyNi5wZGY%3D,2026-07-31,2026-08-08,PDF,pdf_table_extraction,structured_pdf_auto
IE-DS-ae14ef5d1ec325,Galway West,Galway City Council,790,"9 Ocean Wave, Salthill",,H91 DH6K,53.264524,-9.069026,1,Transformed grid reference,authority_supplied_itm_transformed,site_point,528682,724331,EPSG:2157,,2025-09-22,,https://files.galwaycity.ie/gccfiles/?r=/download&path=L0RlcGFydG1lbnRzL0Vudmlyb25tZW50L0RlcmVsaWN0IFNpdGVzL0RlcmVsaWN0IFNpdGUgUmVnaXN0ZXIgMzEuMDcuMjAyNi5wZGY%3D,2026-07-31,2026-08-08,PDF,pdf_table_extraction,structured_pdf_auto
IE-DS-e217cd6d45709d,Galway West,Galway City Council,804,"Ashley Park, Lower Dangan",,H91 R8RW,53.2900739,-9.0771782,1,Transformed grid reference,authority_supplied_itm_transformed,site_point,528181,727182,EPSG:2157,,2025-10-07,,https://files.galwaycity.ie/gccfiles/?r=/download&path=L0RlcGFydG1lbnRzL0Vudmlyb25tZW50L0RlcmVsaWN0IFNpdGVzL0RlcmVsaWN0IFNpdGUgUmVnaXN0ZXIgMzEuMDcuMjAyNi5wZGY%3D,2026-07-31,2026-08-08,PDF,pdf_table_extraction,structured_pdf_auto
IE-DS-9ed049845c5ff2,Galway West,Galway City Council,851,23 Eyre Square,,H91 PV2A,53.2738812,-9.0496631,1,Transformed grid reference,authority_supplied_itm_transformed,site_point,529989,725353,EPSG:2157,,2025-10-10,,https://files.galwaycity.ie/gccfiles/?r=/download&path=L0RlcGFydG1lbnRzL0Vudmlyb25tZW50L0RlcmVsaWN0IFNpdGVzL0RlcmVsaWN0IFNpdGUgUmVnaXN0ZXIgMzEuMDcuMjAyNi5wZGY%3D,2026-07-31,2026-08-08,PDF,pdf_table_extraction,structured_pdf_auto
IE-DS-6fb4d337f5c32a,Galway West,Galway City Council,849,"7 An Sean Bhaile, Doughiska",,H91 C6CH,53.2896241,-8.9868741,1,Transformed grid reference,authority_supplied_itm_transformed,site_point,534201,727045,EPSG:2157,,2025-10-10,,https://files.galwaycity.ie/gccfiles/?r=/download&path=L0RlcGFydG1lbnRzL0Vudmlyb25tZW50L0RlcmVsaWN0IFNpdGVzL0RlcmVsaWN0IFNpdGUgUmVnaXN0ZXIgMzEuMDcuMjAyNi5wZGY%3D,2026-07-31,2026-08-08,PDF,pdf_table_extraction,structured_pdf_auto
IE-DS-2ed2ef7cc6bde5,Galway West,Galway City Council,777,"House next to (north) of Clada Group, Headford Road",,,53.3018229,-9.0342649,1,Transformed grid reference,authority_supplied_itm_transformed,site_point,531061,728447,EPSG:2157,,2025-10-20,,https://files.galwaycity.ie/gccfiles/?r=/download&path=L0RlcGFydG1lbnRzL0Vudmlyb25tZW50L0RlcmVsaWN0IFNpdGVzL0RlcmVsaWN0IFNpdGUgUmVnaXN0ZXIgMzEuMDcuMjAyNi5wZGY%3D,2026-07-31,2026-08-08,PDF,pdf_table_extraction,structured_pdf_auto
IE-DS-799d4d5c429415,Galway West,Galway City Council,625,"34 St Mary's Magdelene Terrace, Forster Street",,H91 F2PY,53.2752669,-9.0443593,1,Transformed grid reference,authority_supplied_itm_transformed,site_point,530345,725502,EPSG:2157,,2025-10-24,,https://files.galwaycity.ie/gccfiles/?r=/download&path=L0RlcGFydG1lbnRzL0Vudmlyb25tZW50L0RlcmVsaWN0IFNpdGVzL0RlcmVsaWN0IFNpdGUgUmVnaXN0ZXIgMzEuMDcuMjAyNi5wZGY%3D,2026-07-31,2026-08-08,PDF,pdf_table_extraction,structured_pdf_auto
IE-DS-8e566a45c938cf,Galway West,Galway City Council,818,134 College Road,,H91 D710,53.2804179,-9.0349477,1,Transformed grid reference,authority_supplied_itm_transformed,site_point,530981,726066,EPSG:2157,,2025-10-24,,https://files.galwaycity.ie/gccfiles/?r=/download&path=L0RlcGFydG1lbnRzL0Vudmlyb25tZW50L0RlcmVsaWN0IFNpdGVzL0RlcmVsaWN0IFNpdGUgUmVnaXN0ZXIgMzEuMDcuMjAyNi5wZGY%3D,2026-07-31,2026-08-08,PDF,pdf_table_extraction,structured_pdf_auto
IE-DS-7511a70d766c25,Galway West,Galway City Council,724,"229 Castlepark, Ballybane",,H91 HF5H,53.2841433,-9.004984,1,Transformed grid reference,authority_supplied_itm_transformed,site_point,532985,726452,EPSG:2157,,2025-10-28,,https://files.galwaycity.ie/gccfiles/?r=/download&path=L0RlcGFydG1lbnRzL0Vudmlyb25tZW50L0RlcmVsaWN0IFNpdGVzL0RlcmVsaWN0IFNpdGUgUmVnaXN0ZXIgMzEuMDcuMjAyNi5wZGY%3D,2026-07-31,2026-08-08,PDF,pdf_table_extraction,structured_pdf_auto
IE-DS-3445bea086e0fc,Galway West,Galway City Council,841,"Former Spiniker Hotel, Knocknacarra",,H91 TH26,53.2580327,-9.1018523,1,Transformed grid reference,authority_supplied_itm_transformed,site_point,526481,723642,EPSG:2157,,2025-10-31,,https://files.galwaycity.ie/gccfiles/?r=/download&path=L0RlcGFydG1lbnRzL0Vudmlyb25tZW50L0RlcmVsaWN0IFNpdGVzL0RlcmVsaWN0IFNpdGUgUmVnaXN0ZXIgMzEuMDcuMjAyNi5wZGY%3D,2026-07-31,2026-08-08,PDF,pdf_table_extraction,structured_pdf_auto
IE-DS-7317bf4de5018f,Galway West,Galway City Council,871,10 Eyre Street,,H91 F6PN,53.2753451,-9.0518281,1,Transformed grid reference,authority_supplied_itm_transformed,site_point,529847,725518,EPSG:2157,,2025-10-31,,https://files.galwaycity.ie/gccfiles/?r=/download&path=L0RlcGFydG1lbnRzL0Vudmlyb25tZW50L0RlcmVsaWN0IFNpdGVzL0RlcmVsaWN0IFNpdGUgUmVnaXN0ZXIgMzEuMDcuMjAyNi5wZGY%3D,2026-07-31,2026-08-08,PDF,pdf_table_extraction,structured_pdf_auto
IE-DS-14ef82c5fdc0f3,Galway West,Galway City Council,866,2 William Street West,,H91 AX5V,53.2701661,-9.059182,1,Transformed grid reference,authority_supplied_itm_transformed,site_point,529348,724949,EPSG:2157,,2025-11-05,,https://files.galwaycity.ie/gccfiles/?r=/download&path=L0RlcGFydG1lbnRzL0Vudmlyb25tZW50L0RlcmVsaWN0IFNpdGVzL0RlcmVsaWN0IFNpdGUgUmVnaXN0ZXIgMzEuMDcuMjAyNi5wZGY%3D,2026-07-31,2026-08-08,PDF,pdf_table_extraction,structured_pdf_auto
IE-DS-8442e507c9c221,Galway West,Galway City Council,860,"Avila House, Tuam Road",,H91 XE9T,53.2942697,-9.016937,1,Transformed grid reference,authority_supplied_itm_transformed,site_point,532204,727590,EPSG:2157,,2025-11-05,,https://files.galwaycity.ie/gccfiles/?r=/download&path=L0RlcGFydG1lbnRzL0Vudmlyb25tZW50L0RlcmVsaWN0IFNpdGVzL0RlcmVsaWN0IFNpdGUgUmVnaXN0ZXIgMzEuMDcuMjAyNi5wZGY%3D,2026-07-31,2026-08-08,PDF,pdf_table_extraction,structured_pdf_auto
IE-DS-d7d98b87162189,Galway West,Galway City Council,861,"Glenanail House, Tuam Road",,H91 NT2T,53.2943781,-9.0168646,1,Transformed grid reference,authority_supplied_itm_transformed,site_point,532209,727602,EPSG:2157,,2025-11-05,,https://files.galwaycity.ie/gccfiles/?r=/download&path=L0RlcGFydG1lbnRzL0Vudmlyb25tZW50L0RlcmVsaWN0IFNpdGVzL0RlcmVsaWN0IFNpdGUgUmVnaXN0ZXIgMzEuMDcuMjAyNi5wZGY%3D,2026-07-31,2026-08-08,PDF,pdf_table_extraction,structured_pdf_auto
IE-DS-c45f9814182aca,Galway West,Galway City Council,681,"Doorway (Exit for LifeStyle Sport), Abbeygate St Lower",,,53.2729451,-9.0518592,1,Transformed grid reference,authority_supplied_itm_transformed,site_point,529841,725251,EPSG:2157,,2025-12-08,,https://files.galwaycity.ie/gccfiles/?r=/download&path=L0RlcGFydG1lbnRzL0Vudmlyb25tZW50L0RlcmVsaWN0IFNpdGVzL0RlcmVsaWN0IFNpdGUgUmVnaXN0ZXIgMzEuMDcuMjAyNi5wZGY%3D,2026-07-31,2026-08-08,PDF,pdf_table_extraction,structured_pdf_auto
IE-DS-d39d5a430fe70b,Galway West,Galway City Council,872,9 Eyre Street,,H91 DH9D,53.2750892,-9.0523016,1,Transformed grid reference,authority_supplied_itm_transformed,site_point,529815,725490,EPSG:2157,,2025-12-08,,https://files.galwaycity.ie/gccfiles/?r=/download&path=L0RlcGFydG1lbnRzL0Vudmlyb25tZW50L0RlcmVsaWN0IFNpdGVzL0RlcmVsaWN0IFNpdGUgUmVnaXN0ZXIgMzEuMDcuMjAyNi5wZGY%3D,2026-07-31,2026-08-08,PDF,pdf_table_extraction,structured_pdf_auto
IE-DS-b3ac69816302de,Galway West,Galway City Council,883,"70 Ashleigh Grove, Ballymoneen Road",,H91 CC8D,53.2646445,-9.1147489,1,Transformed grid reference,authority_supplied_itm_transformed,site_point,525632,724391,EPSG:2157,,2025-12-12,,https://files.galwaycity.ie/gccfiles/?r=/download&path=L0RlcGFydG1lbnRzL0Vudmlyb25tZW50L0RlcmVsaWN0IFNpdGVzL0RlcmVsaWN0IFNpdGUgUmVnaXN0ZXIgMzEuMDcuMjAyNi5wZGY%3D,2026-07-31,2026-08-08,PDF,pdf_table_extraction,structured_pdf_auto
IE-DS-e723d9bf8cc11c,Galway West,Galway City Council,855,"Eglinton Court, Eglinton Street",,H91 XF3X,53.2748261,-9.0525801,1,Transformed grid reference,authority_supplied_itm_transformed,site_point,529796,725461,EPSG:2157,,2025-12-12,,https://files.galwaycity.ie/gccfiles/?r=/download&path=L0RlcGFydG1lbnRzL0Vudmlyb25tZW50L0RlcmVsaWN0IFNpdGVzL0RlcmVsaWN0IFNpdGUgUmVnaXN0ZXIgMzEuMDcuMjAyNi5wZGY%3D,2026-07-31,2026-08-08,PDF,pdf_table_extraction,structured_pdf_auto
IE-DS-a6c5d2d975b27d,Galway West,Galway City Council,735,"66 Rockfield Park, Rahoon",,H91 WCF5,53.2744429,-9.0872807,1,Transformed grid reference,authority_supplied_itm_transformed,site_point,527481,725453,EPSG:2157,,2026-01-06,,https://files.galwaycity.ie/gccfiles/?r=/download&path=L0RlcGFydG1lbnRzL0Vudmlyb25tZW50L0RlcmVsaWN0IFNpdGVzL0RlcmVsaWN0IFNpdGUgUmVnaXN0ZXIgMzEuMDcuMjAyNi5wZGY%3D,2026-07-31,2026-08-08,PDF,pdf_table_extraction,structured_pdf_auto
IE-DS-b7c40d9c940d60,Galway West,Galway City Council,823,22 Saint Bridgets Terrace,,H91 D4RH,53.2774623,-9.0481765,1,Transformed grid reference,authority_supplied_itm_transformed,site_point,530094,725750,EPSG:2157,,2026-01-07,,https://files.galwaycity.ie/gccfiles/?r=/download&path=L0RlcGFydG1lbnRzL0Vudmlyb25tZW50L0RlcmVsaWN0IFNpdGVzL0RlcmVsaWN0IFNpdGUgUmVnaXN0ZXIgMzEuMDcuMjAyNi5wZGY%3D,2026-07-31,2026-08-08,PDF,pdf_table_extraction,structured_pdf_auto
IE-DS-b76bec915cff3a,Galway West,Galway City Council,776,"Colonial Buildings, Eglinton Street",,H91 XWH3,53.2741808,-9.0513647,1,Transformed grid reference,authority_supplied_itm_transformed,site_point,529876,725388,EPSG:2157,,2026-01-19,,https://files.galwaycity.ie/gccfiles/?r=/download&path=L0RlcGFydG1lbnRzL0Vudmlyb25tZW50L0RlcmVsaWN0IFNpdGVzL0RlcmVsaWN0IFNpdGUgUmVnaXN0ZXIgMzEuMDcuMjAyNi5wZGY%3D,2026-07-31,2026-08-08,PDF,pdf_table_extraction,structured_pdf_auto
IE-DS-808a17ac580be9,Galway West,Galway City Council,863,"Deely's Café, 6 Mainguard Street",,H91 H2R9,53.272073,-9.0539367,1,Transformed grid reference,authority_supplied_itm_transformed,site_point,529701,725156,EPSG:2157,,2026-01-23,,https://files.galwaycity.ie/gccfiles/?r=/download&path=L0RlcGFydG1lbnRzL0Vudmlyb25tZW50L0RlcmVsaWN0IFNpdGVzL0RlcmVsaWN0IFNpdGUgUmVnaXN0ZXIgMzEuMDcuMjAyNi5wZGY%3D,2026-07-31,2026-08-08,PDF,pdf_table_extraction,structured_pdf_auto
IE-DS-2e4ca4fb727e02,Galway West,Galway City Council,903,"14 Cashelmara, Knocknacarra",,,53.2605653,-9.1069086,1,Transformed grid reference,authority_supplied_itm_transformed,site_point,526148,723929,EPSG:2157,,2026-01-30,,https://files.galwaycity.ie/gccfiles/?r=/download&path=L0RlcGFydG1lbnRzL0Vudmlyb25tZW50L0RlcmVsaWN0IFNpdGVzL0RlcmVsaWN0IFNpdGUgUmVnaXN0ZXIgMzEuMDcuMjAyNi5wZGY%3D,2026-07-31,2026-08-08,PDF,pdf_table_extraction,structured_pdf_auto
IE-DS-abf694fb49cfa6,Galway West,Galway City Council,817,"134 Dun na Mara Drive, Renmore",,H91 HC9P,53.2744503,-9.0234835,1,Transformed grid reference,authority_supplied_itm_transformed,site_point,531736,725391,EPSG:2157,,2026-02-06,,https://files.galwaycity.ie/gccfiles/?r=/download&path=L0RlcGFydG1lbnRzL0Vudmlyb25tZW50L0RlcmVsaWN0IFNpdGVzL0RlcmVsaWN0IFNpdGUgUmVnaXN0ZXIgMzEuMDcuMjAyNi5wZGY%3D,2026-07-31,2026-08-08,PDF,pdf_table_extraction,structured_pdf_auto
IE-DS-f96dc59ebf73b6,Galway West,Galway City Council,604,61 Newcastle Road,,H91 K2X7,53.2727008,-9.0621833,1,Transformed grid reference,authority_supplied_itm_transformed,site_point,529152,725234,EPSG:2157,,2026-02-09,,https://files.galwaycity.ie/gccfiles/?r=/download&path=L0RlcGFydG1lbnRzL0Vudmlyb25tZW50L0RlcmVsaWN0IFNpdGVzL0RlcmVsaWN0IFNpdGUgUmVnaXN0ZXIgMzEuMDcuMjAyNi5wZGY%3D,2026-07-31,2026-08-08,PDF,pdf_table_extraction,structured_pdf_auto
IE-DS-a3f3446da36247,Galway West,Galway City Council,809,53 Shantalla Road,,H91 NCN2,53.2729244,-9.070345,1,Transformed grid reference,authority_supplied_itm_transformed,site_point,528608,725267,EPSG:2157,,2026-02-16,,https://files.galwaycity.ie/gccfiles/?r=/download&path=L0RlcGFydG1lbnRzL0Vudmlyb25tZW50L0RlcmVsaWN0IFNpdGVzL0RlcmVsaWN0IFNpdGUgUmVnaXN0ZXIgMzEuMDcuMjAyNi5wZGY%3D,2026-07-31,2026-08-08,PDF,pdf_table_extraction,structured_pdf_auto
IE-DS-c4344f9a9d6df7,Galway West,Galway City Council,596,"47 Gaelcarrig Park, Newcastle",,H91 YF9X,53.2798657,-9.0780012,1,Transformed grid reference,authority_supplied_itm_transformed,site_point,528109,726047,EPSG:2157,,2026-02-19,,https://files.galwaycity.ie/gccfiles/?r=/download&path=L0RlcGFydG1lbnRzL0Vudmlyb25tZW50L0RlcmVsaWN0IFNpdGVzL0RlcmVsaWN0IFNpdGUgUmVnaXN0ZXIgMzEuMDcuMjAyNi5wZGY%3D,2026-07-31,2026-08-08,PDF,pdf_table_extraction,structured_pdf_auto
IE-DS-0834e67dd55eea,Galway West,Galway City Council,666,58 Prospect Hill,,H91 PNW8,53.2764811,-9.0473278,1,Transformed grid reference,authority_supplied_itm_transformed,site_point,530149,725640,EPSG:2157,,2026-03-03,,https://files.galwaycity.ie/gccfiles/?r=/download&path=L0RlcGFydG1lbnRzL0Vudmlyb25tZW50L0RlcmVsaWN0IFNpdGVzL0RlcmVsaWN0IFNpdGUgUmVnaXN0ZXIgMzEuMDcuMjAyNi5wZGY%3D,2026-07-31,2026-08-08,PDF,pdf_table_extraction,structured_pdf_auto
IE-DS-70e2f9b0e663af,Galway West,Galway City Council,822,"Portmore Building, Spanish Parade",,H91 P58E,53.2701754,-9.05407,1,Transformed grid reference,authority_supplied_itm_transformed,site_point,529689,724945,EPSG:2157,,2026-03-03,,https://files.galwaycity.ie/gccfiles/?r=/download&path=L0RlcGFydG1lbnRzL0Vudmlyb25tZW50L0RlcmVsaWN0IFNpdGVzL0RlcmVsaWN0IFNpdGUgUmVnaXN0ZXIgMzEuMDcuMjAyNi5wZGY%3D,2026-07-31,2026-08-08,PDF,pdf_table_extraction,structured_pdf_auto
IE-DS-29ac93b454820b,Galway West,Galway City Council,878,"Railway Cottage, Roscam (Rosshill)",,H91 RYW1,53.2731884,-8.9734816,1,Transformed grid reference,authority_supplied_itm_transformed,site_point,535069,725204,EPSG:2157,,2026-03-04,,https://files.galwaycity.ie/gccfiles/?r=/download&path=L0RlcGFydG1lbnRzL0Vudmlyb25tZW50L0RlcmVsaWN0IFNpdGVzL0RlcmVsaWN0IFNpdGUgUmVnaXN0ZXIgMzEuMDcuMjAyNi5wZGY%3D,2026-07-31,2026-08-08,PDF,pdf_table_extraction,structured_pdf_auto
IE-DS-9266e689a8f730,Galway West,Galway City Council,852,Commercial Unit at Oldenway Business Park,,H91 12R3,53.2896871,-9.0051591,1,Transformed grid reference,authority_supplied_itm_transformed,site_point,532982,727069,EPSG:2157,,2026-03-11,,https://files.galwaycity.ie/gccfiles/?r=/download&path=L0RlcGFydG1lbnRzL0Vudmlyb25tZW50L0RlcmVsaWN0IFNpdGVzL0RlcmVsaWN0IFNpdGUgUmVnaXN0ZXIgMzEuMDcuMjAyNi5wZGY%3D,2026-07-31,2026-08-08,PDF,pdf_table_extraction,structured_pdf_auto
IE-DS-cf61f3e2b52624,Galway West,Galway City Council,838,1 High Street,,H91 K5N5,53.2715432,-9.0538787,1,Transformed grid reference,authority_supplied_itm_transformed,site_point,529704,725097,EPSG:2157,,2026-04-01,,https://files.galwaycity.ie/gccfiles/?r=/download&path=L0RlcGFydG1lbnRzL0Vudmlyb25tZW50L0RlcmVsaWN0IFNpdGVzL0RlcmVsaWN0IFNpdGUgUmVnaXN0ZXIgMzEuMDcuMjAyNi5wZGY%3D,2026-07-31,2026-08-08,PDF,pdf_table_extraction,structured_pdf_auto
IE-DS-6ed9f5d060ed89,Galway West,Galway City Council,831,House at Ceathrú an Bhrúnaigh (Carrowbrowne),,H91 CPX5,53.3132835,-9.0225963,1,Transformed grid reference,authority_supplied_itm_transformed,site_point,531857,729711,EPSG:2157,,2026-04-02,,https://files.galwaycity.ie/gccfiles/?r=/download&path=L0RlcGFydG1lbnRzL0Vudmlyb25tZW50L0RlcmVsaWN0IFNpdGVzL0RlcmVsaWN0IFNpdGUgUmVnaXN0ZXIgMzEuMDcuMjAyNi5wZGY%3D,2026-07-31,2026-08-08,PDF,pdf_table_extraction,structured_pdf_auto
IE-DS-954f98e8749224,Galway West,Galway City Council,624,5a Newtownsmith,,,53.2743278,-9.0540522,1,Transformed grid reference,authority_supplied_itm_transformed,site_point,529697,725407,EPSG:2157,,2026-04-10,,https://files.galwaycity.ie/gccfiles/?r=/download&path=L0RlcGFydG1lbnRzL0Vudmlyb25tZW50L0RlcmVsaWN0IFNpdGVzL0RlcmVsaWN0IFNpdGUgUmVnaXN0ZXIgMzEuMDcuMjAyNi5wZGY%3D,2026-07-31,2026-08-08,PDF,pdf_table_extraction,structured_pdf_auto
IE-DS-d8ca38d5e6ebaf,Galway West,Galway City Council,816,17 Merchants Road Lower,,H91 WK6P,53.270042,-9.0528973,1,Transformed grid reference,authority_supplied_itm_transformed,site_point,529767,724929,EPSG:2157,,2026-04-20,,https://files.galwaycity.ie/gccfiles/?r=/download&path=L0RlcGFydG1lbnRzL0Vudmlyb25tZW50L0RlcmVsaWN0IFNpdGVzL0RlcmVsaWN0IFNpdGUgUmVnaXN0ZXIgMzEuMDcuMjAyNi5wZGY%3D,2026-07-31,2026-08-08,PDF,pdf_table_extraction,structured_pdf_auto
IE-DS-3bc21d5d6009a5,Galway West,Galway City Council,892,"Eyre House, 21 Eyre Square",,H91 R79C,53.273766,-9.0494804,1,Transformed grid reference,authority_supplied_itm_transformed,site_point,530001,725340,EPSG:2157,,2026-04-20,,https://files.galwaycity.ie/gccfiles/?r=/download&path=L0RlcGFydG1lbnRzL0Vudmlyb25tZW50L0RlcmVsaWN0IFNpdGVzL0RlcmVsaWN0IFNpdGUgUmVnaXN0ZXIgMzEuMDcuMjAyNi5wZGY%3D,2026-07-31,2026-08-08,PDF,pdf_table_extraction,structured_pdf_auto
IE-DS-ce988c9fc7935e,Galway West,Galway City Council,659,118 Claremont Park,,H91 YE0P,53.2766787,-9.0845485,1,Transformed grid reference,authority_supplied_itm_transformed,site_point,527667,725699,EPSG:2157,,2026-04-22,,https://files.galwaycity.ie/gccfiles/?r=/download&path=L0RlcGFydG1lbnRzL0Vudmlyb25tZW50L0RlcmVsaWN0IFNpdGVzL0RlcmVsaWN0IFNpdGUgUmVnaXN0ZXIgMzEuMDcuMjAyNi5wZGY%3D,2026-07-31,2026-08-08,PDF,pdf_table_extraction,structured_pdf_auto
IE-DS-defbdc56d41900,Galway West,Galway City Council,266,"20 Water Lane, Bohermore",,,53.2788254,-9.04749,1,Transformed grid reference,authority_supplied_itm_transformed,site_point,530142,725901,EPSG:2157,,2026-04-29,,https://files.galwaycity.ie/gccfiles/?r=/download&path=L0RlcGFydG1lbnRzL0Vudmlyb25tZW50L0RlcmVsaWN0IFNpdGVzL0RlcmVsaWN0IFNpdGUgUmVnaXN0ZXIgMzEuMDcuMjAyNi5wZGY%3D,2026-07-31,2026-08-08,PDF,pdf_table_extraction,structured_pdf_auto
IE-DS-80bdcb4ecb6fde,Galway West,Galway City Council,909,"Carnival Supermarket, 27 Eyre Street",,H91 E4W6,53.2752775,-9.0513317,1,Transformed grid reference,authority_supplied_itm_transformed,site_point,529880,725510,EPSG:2157,,2026-04-30,,https://files.galwaycity.ie/gccfiles/?r=/download&path=L0RlcGFydG1lbnRzL0Vudmlyb25tZW50L0RlcmVsaWN0IFNpdGVzL0RlcmVsaWN0IFNpdGUgUmVnaXN0ZXIgMzEuMDcuMjAyNi5wZGY%3D,2026-07-31,2026-08-08,PDF,pdf_table_extraction,structured_pdf_auto
IE-DS-fbca35290cb6db,Galway West,Galway City Council,900,"Carraig Palmer, Quincentennial Drive",,,53.2607964,-9.0747786,1,Transformed grid reference,authority_supplied_itm_transformed,site_point,528292,723922,EPSG:2157,,2026-04-30,,https://files.galwaycity.ie/gccfiles/?r=/download&path=L0RlcGFydG1lbnRzL0Vudmlyb25tZW50L0RlcmVsaWN0IFNpdGVzL0RlcmVsaWN0IFNpdGUgUmVnaXN0ZXIgMzEuMDcuMjAyNi5wZGY%3D,2026-07-31,2026-08-08,PDF,pdf_table_extraction,structured_pdf_auto
IE-DS-e0d191193cae0c,Galway West,Galway City Council,935,"2 Devon Park, Salthill",,H91 ED1F,53.2655374,-9.0722742,1,Transformed grid reference,authority_supplied_itm_transformed,site_point,528467,724447,EPSG:2157,,2026-05-08,,https://files.galwaycity.ie/gccfiles/?r=/download&path=L0RlcGFydG1lbnRzL0Vudmlyb25tZW50L0RlcmVsaWN0IFNpdGVzL0RlcmVsaWN0IFNpdGUgUmVnaXN0ZXIgMzEuMDcuMjAyNi5wZGY%3D,2026-07-31,2026-08-08,PDF,pdf_table_extraction,structured_pdf_auto
IE-DS-3040eb52cbd97f,Galway West,Galway City Council,913,"12 Ashleigh Grove, Ballymoneen Road, Knocknacarra",,H91 RRK7,53.2649855,-9.1157621,1,Transformed grid reference,authority_supplied_itm_transformed,site_point,525565,724430,EPSG:2157,,2026-05-13,,https://files.galwaycity.ie/gccfiles/?r=/download&path=L0RlcGFydG1lbnRzL0Vudmlyb25tZW50L0RlcmVsaWN0IFNpdGVzL0RlcmVsaWN0IFNpdGUgUmVnaXN0ZXIgMzEuMDcuMjAyNi5wZGY%3D,2026-07-31,2026-08-08,PDF,pdf_table_extraction,structured_pdf_auto
IE-DS-acfd999588b6b8,Galway West,Galway City Council,954,"Property at Racecourse Technology Park, Ballybrit",,,53.2994837,-8.9943925,1,Transformed grid reference,authority_supplied_itm_transformed,site_point,533715,728149,EPSG:2157,,2026-05-18,,https://files.galwaycity.ie/gccfiles/?r=/download&path=L0RlcGFydG1lbnRzL0Vudmlyb25tZW50L0RlcmVsaWN0IFNpdGVzL0RlcmVsaWN0IFNpdGUgUmVnaXN0ZXIgMzEuMDcuMjAyNi5wZGY%3D,2026-07-31,2026-08-08,PDF,pdf_table_extraction,structured_pdf_auto
IE-DS-03dcec245bdba1,Galway West,Galway City Council,874,"Merchants Gate, Merchants Road",,,53.2721293,-9.0506097,1,Transformed grid reference,authority_supplied_itm_transformed,site_point,529923,725159,EPSG:2157,,2026-05-20,,https://files.galwaycity.ie/gccfiles/?r=/download&path=L0RlcGFydG1lbnRzL0Vudmlyb25tZW50L0RlcmVsaWN0IFNpdGVzL0RlcmVsaWN0IFNpdGUgUmVnaXN0ZXIgMzEuMDcuMjAyNi5wZGY%3D,2026-07-31,2026-08-08,PDF,pdf_table_extraction,structured_pdf_auto
IE-DS-208eee2225e3a6,Galway West,Galway City Council,789,27 Forster Street,,H91 E13C,53.2748766,-9.0468537,1,Transformed grid reference,authority_supplied_itm_transformed,site_point,530178,725461,EPSG:2157,,2026-05-22,,https://files.galwaycity.ie/gccfiles/?r=/download&path=L0RlcGFydG1lbnRzL0Vudmlyb25tZW50L0RlcmVsaWN0IFNpdGVzL0RlcmVsaWN0IFNpdGUgUmVnaXN0ZXIgMzEuMDcuMjAyNi5wZGY%3D,2026-07-31,2026-08-08,PDF,pdf_table_extraction,structured_pdf_auto
IE-DS-423ae5062bee11,Galway West,Galway City Council,928,"Na Beanna, An Pháirc Mhór, An Caisleán Gearr",,H91 ADF7,53.2993262,-9.0131115,1,Transformed grid reference,authority_supplied_itm_transformed,site_point,532467,728149,EPSG:2157,,2026-05-25,,https://files.galwaycity.ie/gccfiles/?r=/download&path=L0RlcGFydG1lbnRzL0Vudmlyb25tZW50L0RlcmVsaWN0IFNpdGVzL0RlcmVsaWN0IFNpdGUgUmVnaXN0ZXIgMzEuMDcuMjAyNi5wZGY%3D,2026-07-31,2026-08-08,PDF,pdf_table_extraction,structured_pdf_auto
IE-DS-25795fcd13574e,Galway West,Galway City Council,929,"An Pháirc Mhór, An Caisleán Gearr",,H91 P2CK,53.2995372,-9.0126065,1,Transformed grid reference,authority_supplied_itm_transformed,site_point,532501,728172,EPSG:2157,,2026-05-25,,https://files.galwaycity.ie/gccfiles/?r=/download&path=L0RlcGFydG1lbnRzL0Vudmlyb25tZW50L0RlcmVsaWN0IFNpdGVzL0RlcmVsaWN0IFNpdGUgUmVnaXN0ZXIgMzEuMDcuMjAyNi5wZGY%3D,2026-07-31,2026-08-08,PDF,pdf_table_extraction,structured_pdf_auto
IE-DS-2d16a0c7422f19,Galway West,Galway City Council,895,"As Good as New, Munster Avenue",,H91 XE82,53.2698692,-9.0592197,1,Transformed grid reference,authority_supplied_itm_transformed,site_point,529345,724916,EPSG:2157,,2026-06-12,,https://files.galwaycity.ie/gccfiles/?r=/download&path=L0RlcGFydG1lbnRzL0Vudmlyb25tZW50L0RlcmVsaWN0IFNpdGVzL0RlcmVsaWN0IFNpdGUgUmVnaXN0ZXIgMzEuMDcuMjAyNi5wZGY%3D,2026-07-31,2026-08-08,PDF,pdf_table_extraction,structured_pdf_auto
IE-DS-ffb50a4f3c64c9,Galway West,Galway City Council,912,"52 Fána Búrca, Bóthar Dáileacháin an Iarthair",,,53.2690218,-9.1223736,1,Transformed grid reference,authority_supplied_itm_transformed,site_point,525131,724886,EPSG:2157,,2026-06-17,,https://files.galwaycity.ie/gccfiles/?r=/download&path=L0RlcGFydG1lbnRzL0Vudmlyb25tZW50L0RlcmVsaWN0IFNpdGVzL0RlcmVsaWN0IFNpdGUgUmVnaXN0ZXIgMzEuMDcuMjAyNi5wZGY%3D,2026-07-31,2026-08-08,PDF,pdf_table_extraction,structured_pdf_auto
IE-DS-99df1d0292fd4d,Galway West,Galway City Council,803,Site behind 115/117 Upper Salthill,,,53.262052,-9.0730713,1,Transformed grid reference,authority_supplied_itm_transformed,site_point,528408,724060,EPSG:2157,,2026-06-18,,https://files.galwaycity.ie/gccfiles/?r=/download&path=L0RlcGFydG1lbnRzL0Vudmlyb25tZW50L0RlcmVsaWN0IFNpdGVzL0RlcmVsaWN0IFNpdGUgUmVnaXN0ZXIgMzEuMDcuMjAyNi5wZGY%3D,2026-07-31,2026-08-08,PDF,pdf_table_extraction,structured_pdf_auto
IE-DS-6262fa76d0b7a7,Galway West,Galway City Council,905,"Hardiman House, 5 Eyre Square",,,53.2748618,-9.0485327,1,Transformed grid reference,authority_supplied_itm_transformed,site_point,530066,725461,EPSG:2157,,2026-06-18,,https://files.galwaycity.ie/gccfiles/?r=/download&path=L0RlcGFydG1lbnRzL0Vudmlyb25tZW50L0RlcmVsaWN0IFNpdGVzL0RlcmVsaWN0IFNpdGUgUmVnaXN0ZXIgMzEuMDcuMjAyNi5wZGY%3D,2026-07-31,2026-08-08,PDF,pdf_table_extraction,structured_pdf_auto
IE-DS-bb2053fb29cfd3,Galway West,Galway City Council,925,"Taylor's Bar, 7 Dominick Street Upper",,H91 RP48,53.2702186,-9.0583288,1,Transformed grid reference,authority_supplied_itm_transformed,site_point,529405,724954,EPSG:2157,,2026-06-22,,https://files.galwaycity.ie/gccfiles/?r=/download&path=L0RlcGFydG1lbnRzL0Vudmlyb25tZW50L0RlcmVsaWN0IFNpdGVzL0RlcmVsaWN0IFNpdGUgUmVnaXN0ZXIgMzEuMDcuMjAyNi5wZGY%3D,2026-07-31,2026-08-08,PDF,pdf_table_extraction,structured_pdf_auto
IE-DS-636237ec0a21e9,Galway West,Galway City Council,926,"38 Cooke's Terrace, Bohermore",,H91 Y6HC,53.2810549,-9.0443505,1,Transformed grid reference,authority_supplied_itm_transformed,site_point,530355,726146,EPSG:2157,,2026-07-08,,https://files.galwaycity.ie/gccfiles/?r=/download&path=L0RlcGFydG1lbnRzL0Vudmlyb25tZW50L0RlcmVsaWN0IFNpdGVzL0RlcmVsaWN0IFNpdGUgUmVnaXN0ZXIgMzEuMDcuMjAyNi5wZGY%3D,2026-07-31,2026-08-08,PDF,pdf_table_extraction,structured_pdf_auto
IE-DS-64c5b8bd2fe4aa,Galway West,Galway City Council,955,"Property at Racecourse Technology Park, Ballybrit (2nd unfinished building)",,,53.2986156,-8.9928721,1,Transformed grid reference,authority_supplied_itm_transformed,site_point,533815,728051,EPSG:2157,,2026-07-10,,https://files.galwaycity.ie/gccfiles/?r=/download&path=L0RlcGFydG1lbnRzL0Vudmlyb25tZW50L0RlcmVsaWN0IFNpdGVzL0RlcmVsaWN0IFNpdGUgUmVnaXN0ZXIgMzEuMDcuMjAyNi5wZGY%3D,2026-07-31,2026-08-08,PDF,pdf_table_extraction,structured_pdf_auto
IE-DS-7a787b6be1eb9e,Galway West,Galway City Council,966,"Réaltin, Gentian Hill, Knocknacarra",,,53.2574587,-9.108507,1,Transformed grid reference,authority_supplied_itm_transformed,site_point,526036,723585,EPSG:2157,,2026-07-10,,https://files.galwaycity.ie/gccfiles/?r=/download&path=L0RlcGFydG1lbnRzL0Vudmlyb25tZW50L0RlcmVsaWN0IFNpdGVzL0RlcmVsaWN0IFNpdGUgUmVnaXN0ZXIgMzEuMDcuMjAyNi5wZGY%3D,2026-07-31,2026-08-08,PDF,pdf_table_extraction,structured_pdf_auto
IE-DS-e76d9d58821812,Galway West,Galway City Council,820,"Ballyloughane Road, Renmore",,,53.2733232,-9.0144457,1,Transformed grid reference,authority_supplied_itm_transformed,site_point,532337,725257,EPSG:2157,,2026-07-15,,https://files.galwaycity.ie/gccfiles/?r=/download&path=L0RlcGFydG1lbnRzL0Vudmlyb25tZW50L0RlcmVsaWN0IFNpdGVzL0RlcmVsaWN0IFNpdGUgUmVnaXN0ZXIgMzEuMDcuMjAyNi5wZGY%3D,2026-07-31,2026-08-08,PDF,pdf_table_extraction,structured_pdf_auto
IE-DS-570a402713372a,Galway West,Galway City Council,891,20 Abbeygate Street Lower,,H91 H04D,53.2722897,-9.0507636,1,Transformed grid reference,authority_supplied_itm_transformed,site_point,529913,725177,EPSG:2157,,2026-07-22,,https://files.galwaycity.ie/gccfiles/?r=/download&path=L0RlcGFydG1lbnRzL0Vudmlyb25tZW50L0RlcmVsaWN0IFNpdGVzL0RlcmVsaWN0IFNpdGUgUmVnaXN0ZXIgMzEuMDcuMjAyNi5wZGY%3D,2026-07-31,2026-08-08,PDF,pdf_table_extraction,structured_pdf_auto
IE-DS-af662b2b7aa85d,Galway West,Galway City Council,857,32 Shop Street,,H91 P789,53.2726195,-9.0531106,1,Transformed grid reference,authority_supplied_itm_transformed,site_point,529757,725216,EPSG:2157,,2026-07-28,,https://files.galwaycity.ie/gccfiles/?r=/download&path=L0RlcGFydG1lbnRzL0Vudmlyb25tZW50L0RlcmVsaWN0IFNpdGVzL0RlcmVsaWN0IFNpdGUgUmVnaXN0ZXIgMzEuMDcuMjAyNi5wZGY%3D,2026-07-31,2026-08-08,PDF,pdf_table_extraction,structured_pdf_auto
IE-DS-e5852e872fafed,Laois,Laois County Council,20/39 Old Ref 14/10,"Derelict Site @ Huntsman Inn Ballinakill, Co. Laois, Ballinakill",n/a,R32 AW89,52.8740574,-7.3080818,1,Transformed grid reference,authority_supplied_itm_transformed,site_point,646579.84,680575.77,EPSG:2157,,2017-09-25,130000,https://laois.ie/sites/default/files/2026-07/Derelict%20Site%20Register%20updated%20July%202026_1.pdf,2026-07-01,2026-08-08,PDF,pdf_table_extraction,structured_pdf_auto
IE-DS-bd7667cb19b10b,Laois,Laois County Council,22/40,"Chapel Street, Ballinakill",n/a,,52.8731702,-7.3050929,1,Transformed grid reference,authority_supplied_itm_transformed,site_point,646782,680479,EPSG:2157,,2024-04-03,190000,https://laois.ie/sites/default/files/2026-07/Derelict%20Site%20Register%20updated%20July%202026_1.pdf,2026-07-01,2026-08-08,PDF,pdf_table_extraction,structured_pdf_auto
IE-DS-3ec4db94f75b95,Laois,Laois County Council,22/41,"8 Chapel Lane, Ballinakill",n/a,R32 R5H9,52.8731978,-7.3047544,1,Transformed grid reference,authority_supplied_itm_transformed,site_point,646804.76,680482.29,EPSG:2157,,2024-04-03,100000,https://laois.ie/sites/default/files/2026-07/Derelict%20Site%20Register%20updated%20July%202026_1.pdf,2026-07-01,2026-08-08,PDF,pdf_table_extraction,structured_pdf_auto
IE-DS-73b6ac82a27816,Laois,Laois County Council,22/38,"1 Saint Oliver's, Chapel Street, Ballinakill",n/a,R32 XH33,52.873216,-7.3043853,1,Transformed grid reference,authority_supplied_itm_transformed,site_point,646829.59,680484.56,EPSG:2157,,2024-04-03,150000,https://laois.ie/sites/default/files/2026-07/Derelict%20Site%20Register%20updated%20July%202026_1.pdf,2026-07-01,2026-08-08,PDF,pdf_table_extraction,structured_pdf_auto
IE-DS-0cbc35126d6835,Laois,Laois County Council,22/32,"Main Street, Ballybrittas",n/a,,53.1096533,-7.1362609,1,Transformed grid reference,authority_supplied_itm_transformed,site_point,657831,706914,EPSG:2157,,2022-11-11,80000,https://laois.ie/sites/default/files/2026-07/Derelict%20Site%20Register%20updated%20July%202026_1.pdf,2026-07-01,2026-08-08,PDF,pdf_table_extraction,structured_pdf_auto
IE-DS-3f32060423aee2,Laois,Laois County Council,21/8,"Old Boy's National School, Main Street, Ballyroan",Intention of use to be confirmed,R32 HC67,52.9501007,-7.3042772,1,Transformed grid reference,authority_supplied_itm_transformed,site_point,646754,689039,EPSG:2157,,2022-06-03,,https://laois.ie/sites/default/files/2026-07/Derelict%20Site%20Register%20updated%20July%202026_1.pdf,2026-07-01,2026-08-08,PDF,pdf_table_extraction,structured_pdf_auto
IE-DS-ead25836964f18,Laois,Laois County Council,21/18,"Newtown, Doonane, Crettyard",n/a,,52.8643158,-7.1132501,1,Transformed grid reference,authority_supplied_itm_transformed,site_point,659709,679636,EPSG:2157,,2022-02-22,50000,https://laois.ie/sites/default/files/2026-07/Derelict%20Site%20Register%20updated%20July%202026_1.pdf,2026-07-01,2026-08-08,PDF,pdf_table_extraction,structured_pdf_auto
IE-DS-1204df7ab8483f,Laois,Laois County Council,26/03,"Carrigan Street, Durrow",n/a,R32 P7T3,52.843313,-7.3937586,1,Transformed grid reference,authority_supplied_itm_transformed,site_point,640841,677103,EPSG:2157,,2026-07-03,,https://laois.ie/sites/default/files/2026-07/Derelict%20Site%20Register%20updated%20July%202026_1.pdf,2026-07-01,2026-08-08,PDF,pdf_table_extraction,structured_pdf_auto
IE-DS-0d47dbdc56f78e,Laois,Laois County Council,22/02,"O'Connell Square, Mountmellick",n/a,R32 Y868,53.1174165,-7.3266755,1,Transformed grid reference,authority_supplied_itm_transformed,site_point,645074,707641,EPSG:2157,,2023-06-13,175000,https://laois.ie/sites/default/files/2026-07/Derelict%20Site%20Register%20updated%20July%202026_1.pdf,2026-07-01,2026-08-08,PDF,pdf_table_extraction,structured_pdf_auto
IE-DS-fb92d6d1fba766,Laois,Laois County Council,22/03,"Parnell Street, Mountmellick",n/a,R32 EFP4,53.1172797,-7.3263192,1,Transformed grid reference,authority_supplied_itm_transformed,site_point,645098,707626,EPSG:2157,,2023-06-13,175000,https://laois.ie/sites/default/files/2026-07/Derelict%20Site%20Register%20updated%20July%202026_1.pdf,2026-07-01,2026-08-08,PDF,pdf_table_extraction,structured_pdf_auto
IE-DS-9f39751b1cc32b,Laois,Laois County Council,22/05,"Market Square, Mountmellick",n/a,R32 K073,53.1172068,-7.326141,1,Transformed grid reference,authority_supplied_itm_transformed,site_point,645110,707618,EPSG:2157,,2023-06-13,415000,https://laois.ie/sites/default/files/2026-07/Derelict%20Site%20Register%20updated%20July%202026_1.pdf,2026-07-01,2026-08-08,PDF,pdf_table_extraction,structured_pdf_auto
IE-DS-de24c10bb03033,Laois,Laois County Council,22/06,"29 Patrick Street, Mountmellick",n/a,R32 N403,53.1180435,-7.3290154,1,Transformed grid reference,authority_supplied_itm_transformed,site_point,644916.71,707709.29,EPSG:2157,,2023-10-19,165000,https://laois.ie/sites/default/files/2026-07/Derelict%20Site%20Register%20updated%20July%202026_1.pdf,2026-07-01,2026-08-08,PDF,pdf_table_extraction,structured_pdf_auto
IE-DS-da24594961f666,Laois,Laois County Council,22/14,"Acragar, Mountmellick",To be used for Housing; Vested,R32 E263,53.1103631,-7.3147629,1,Transformed grid reference,authority_supplied_itm_transformed,site_point,645878.96,706863.76,EPSG:2157,,2025-08-01,70000,https://laois.ie/sites/default/files/2026-07/Derelict%20Site%20Register%20updated%20July%202026_1.pdf,2026-07-01,2026-08-08,PDF,pdf_table_extraction,structured_pdf_auto
IE-DS-64bacb4a4c8b79,Laois,Laois County Council,22/15,"Central Garages, Emmett Street, Mountmellick",n/a,R32 Y820,53.119505,-7.3304673,1,Transformed grid reference,authority_supplied_itm_transformed,site_point,644818,707871,EPSG:2157,,2024-09-25,140000,https://laois.ie/sites/default/files/2026-07/Derelict%20Site%20Register%20updated%20July%202026_1.pdf,2026-07-01,2026-08-08,PDF,pdf_table_extraction,structured_pdf_auto
IE-DS-3ddf62166ca815,Laois,Laois County Council,22/18,"Bay Road, Mountmellick",n/a,R32 X4T2,53.1242985,-7.3272926,1,Transformed grid reference,authority_supplied_itm_transformed,site_point,645025.5,708406.35,EPSG:2157,,2025-07-17,150000,https://laois.ie/sites/default/files/2026-07/Derelict%20Site%20Register%20updated%20July%202026_1.pdf,2026-07-01,2026-08-08,PDF,pdf_table_extraction,structured_pdf_auto
IE-DS-ce8fad62338ada,Laois,Laois County Council,24/09,"Silverwood/Cullenbeg, Mountmellick",n/a,,53.121977,-7.319448,1,Transformed grid reference,authority_supplied_itm_transformed,site_point,645553,708153,EPSG:2157,,2025-08-01,170000,https://laois.ie/sites/default/files/2026-07/Derelict%20Site%20Register%20updated%20July%202026_1.pdf,2026-07-01,2026-08-08,PDF,pdf_table_extraction,structured_pdf_auto
IE-DS-80c90478eb279e,Laois,Laois County Council,23/11,"Shannon Road, Mountrath",n/a,,53.0001135,-7.4651298,1,Transformed grid reference,authority_supplied_itm_transformed,site_point,635903,694511,EPSG:2157,,2023-09-29,100000,https://laois.ie/sites/default/files/2026-07/Derelict%20Site%20Register%20updated%20July%202026_1.pdf,2026-07-01,2026-08-08,PDF,pdf_table_extraction,structured_pdf_auto
IE-DS-da9e61adf4b98b,Laois,Laois County Council,24/01,"Patrick Street/ (Old petrol station) Coote Street, Dysartbeagh, Mountrath",n/a,,52.9976754,-7.478731,1,Transformed grid reference,authority_supplied_itm_transformed,site_point,634992,694233,EPSG:2157,,2024-09-24,60000,https://laois.ie/sites/default/files/2026-07/Derelict%20Site%20Register%20updated%20July%202026_1.pdf,2026-07-01,2026-08-08,PDF,pdf_table_extraction,structured_pdf_auto
IE-DS-f2ddb6537b3445,Laois,Laois County Council,20/33,"15 Bracklone Street, Portarlington",Intention of use to be confirmed,,53.1550694,-7.1800531,1,Transformed grid reference,authority_supplied_itm_transformed,site_point,654841.128,711932.782,EPSG:2157,,2022-08-24,100000,https://laois.ie/sites/default/files/2026-07/Derelict%20Site%20Register%20updated%20July%202026_1.pdf,2026-07-01,2026-08-08,PDF,pdf_table_extraction,structured_pdf_auto
IE-DS-37772ccfeeb722,Laois,Laois County Council,20/35,"Arlington House, French Church Street, Portarlington, Portarlington",n/a,,53.1617069,-7.1923103,1,Transformed grid reference,authority_supplied_itm_transformed,site_point,654013,712662,EPSG:2157,,2025-07-17,150000,https://laois.ie/sites/default/files/2026-07/Derelict%20Site%20Register%20updated%20July%202026_1.pdf,2026-07-01,2026-08-08,PDF,pdf_table_extraction,structured_pdf_auto
IE-DS-37b511ccb0de6d,Laois,Laois County Council,20/48,"Old Post Office, Main Street, Portarlington",n/a,R32 CP57,53.1592191,-7.1882796,1,Transformed grid reference,authority_supplied_itm_transformed,site_point,654285.68,712388.24,EPSG:2157,,2021-09-20,60000,https://laois.ie/sites/default/files/2026-07/Derelict%20Site%20Register%20updated%20July%202026_1.pdf,2026-07-01,2026-08-08,PDF,pdf_table_extraction,structured_pdf_auto
IE-DS-f3bc8eca8e17c6,Laois,Laois County Council,23/04,"Cooltederry, Portarlington",To be used for Housing; Vested,,53.1526484,-7.1897892,1,Transformed grid reference,authority_supplied_itm_transformed,site_point,654193,711656,EPSG:2157,,2024-05-14,,https://laois.ie/sites/default/files/2026-07/Derelict%20Site%20Register%20updated%20July%202026_1.pdf,2026-07-01,2026-08-08,PDF,pdf_table_extraction,structured_pdf_auto
IE-DS-9c2fb774f32abb,Laois,Laois County Council,24/12,"Foxcroft Street, Portarlington",n/a; Meeting held with owners,,53.1591165,-7.192015,1,Transformed grid reference,authority_supplied_itm_transformed,site_point,654036,712374,EPSG:2157,,2024-07-23,180000,https://laois.ie/sites/default/files/2026-07/Derelict%20Site%20Register%20updated%20July%202026_1.pdf,2026-07-01,2026-08-08,PDF,pdf_table_extraction,structured_pdf_auto
IE-DS-c9f9d49d7ec6bd,Laois,Laois County Council,20/03,"Peppers Lane, Portlaoise",n/a; CPO commenced,R32 EP28,53.033558,-7.2973999,1,Transformed grid reference,authority_supplied_itm_transformed,site_point,647125.23,698329.28,EPSG:2157,,2023-09-29,250000,https://laois.ie/sites/default/files/2026-07/Derelict%20Site%20Register%20updated%20July%202026_1.pdf,2026-07-01,2026-08-08,PDF,pdf_table_extraction,structured_pdf_auto
IE-DS-7fbe6d6dc60bea,Laois,Laois County Council,21/06,"Centrepoint site, Mountrath Road, Portlaoise",n/a,,53.0355499,-7.3095376,1,Transformed grid reference,authority_supplied_itm_transformed,site_point,646309,698543,EPSG:2157,,2021-05-17,2500000,https://laois.ie/sites/default/files/2026-07/Derelict%20Site%20Register%20updated%20July%202026_1.pdf,2026-07-01,2026-08-08,PDF,pdf_table_extraction,structured_pdf_auto
IE-DS-c1bee696f1d729,Laois,Laois County Council,21/12,"Old Knockmay Road, Portlaoise, Portlaoise",To be sold; Vested,R32 T2VE,53.032935,-7.3066696,1,Transformed grid reference,authority_supplied_itm_transformed,site_point,646504.164,698253.91,EPSG:2157,,2023-01-17,70000,https://laois.ie/sites/default/files/2026-07/Derelict%20Site%20Register%20updated%20July%202026_1.pdf,2026-07-01,2026-08-08,PDF,pdf_table_extraction,structured_pdf_auto
IE-DS-e1bf4a90c02c38,Laois,Laois County Council,21/13,"8 Well Road, Portlaoise, Portlaoise",n/a; Meeting held with owners,R32 F2XT,53.0329269,-7.2944616,1,Transformed grid reference,authority_supplied_itm_transformed,site_point,647323,698261,EPSG:2157,,2023-05-10,90000,https://laois.ie/sites/default/files/2026-07/Derelict%20Site%20Register%20updated%20July%202026_1.pdf,2026-07-01,2026-08-08,PDF,pdf_table_extraction,structured_pdf_auto
IE-DS-a3e9ad1ef1025e,Laois,Laois County Council,21/14,"7 Well Road, Portlaoise, Portlaoise",n/a; Meeting held with owners,R32 X6HY,53.0329833,-7.294561,1,Transformed grid reference,authority_supplied_itm_transformed,site_point,647316.27,698267.2,EPSG:2157,,2023-05-10,80000,https://laois.ie/sites/default/files/2026-07/Derelict%20Site%20Register%20updated%20July%202026_1.pdf,2026-07-01,2026-08-08,PDF,pdf_table_extraction,structured_pdf_auto
IE-DS-1648a85dac2c64,Laois,Laois County Council,21/22,"2 Church Avenue, Portlaoise",n/a; Meeting held with owners,R32 V0PF,53.0348312,-7.2971752,1,Transformed grid reference,authority_supplied_itm_transformed,site_point,647138.91,698471.09,EPSG:2157,,2023-09-04,200000,https://laois.ie/sites/default/files/2026-07/Derelict%20Site%20Register%20updated%20July%202026_1.pdf,2026-07-01,2026-08-08,PDF,pdf_table_extraction,structured_pdf_auto
IE-DS-daa19934a87cb8,Laois,Laois County Council,22/11,"11 Bridge Street, Portlaoise",n/a,R32 E4XF,53.034232,-7.2953653,1,Transformed grid reference,authority_supplied_itm_transformed,site_point,647260.96,698405.61,EPSG:2157,,2024-04-04,150000,https://laois.ie/sites/default/files/2026-07/Derelict%20Site%20Register%20updated%20July%202026_1.pdf,2026-07-01,2026-08-08,PDF,pdf_table_extraction,structured_pdf_auto
IE-DS-fcb26d11da4970,Laois,Laois County Council,22/13,"4 Bramley Court, Portlaoise",,R32 T0F6,53.0437425,-7.3125843,1,Transformed grid reference,authority_supplied_itm_transformed,site_point,646095.92,699452.58,EPSG:2157,,2023-06-13,150000,https://laois.ie/sites/default/files/2026-07/Derelict%20Site%20Register%20updated%20July%202026_1.pdf,2026-07-01,2026-08-08,PDF,pdf_table_extraction,structured_pdf_auto
IE-DS-70cf07b213415a,Laois,Laois County Council,22/34,"88 Main Street, Portlaoise",n/a; CPO commenced,R32 NR29,53.0340161,-7.2974206,1,Transformed grid reference,authority_supplied_itm_transformed,site_point,647123.34,698380.24,EPSG:2157,,2024-11-22,300000,https://laois.ie/sites/default/files/2026-07/Derelict%20Site%20Register%20updated%20July%202026_1.pdf,2026-07-01,2026-08-08,PDF,pdf_table_extraction,structured_pdf_auto
IE-DS-ddcac21e035cd3,Laois,Laois County Council,22/35,"88 Marian Avenue, Portlaoise",n/a; Meeting held with owner,R32 YY3Y,53.0292313,-7.3100261,1,Transformed grid reference,authority_supplied_itm_transformed,site_point,646283,697839.65,EPSG:2157,,2025-08-12,160000,https://laois.ie/sites/default/files/2026-07/Derelict%20Site%20Register%20updated%20July%202026_1.pdf,2026-07-01,2026-08-08,PDF,pdf_table_extraction,structured_pdf_auto
IE-DS-06aae78ed344d3,Laois,Laois County Council,23/07,"Old Knockmay Road, Portlaoise, Portlaoise","To be sold on open market; Vested, for sale June 2026",R32 D70X,53.0329137,-7.3067722,1,Transformed grid reference,authority_supplied_itm_transformed,site_point,646497.31,698251.47,EPSG:2157,,2023-07-24,80000,https://laois.ie/sites/default/files/2026-07/Derelict%20Site%20Register%20updated%20July%202026_1.pdf,2026-07-01,2026-08-08,PDF,pdf_table_extraction,structured_pdf_auto
IE-DS-88a7b0e25463fd,Laois,Laois County Council,23/09,"16 Main Street, Portlaoise, Portlaoise",n/a,R32 PT6Y,53.0341403,-7.2960529,1,Transformed grid reference,authority_supplied_itm_transformed,site_point,647214.94,698394.96,EPSG:2157,,2024-03-26,300000,https://laois.ie/sites/default/files/2026-07/Derelict%20Site%20Register%20updated%20July%202026_1.pdf,2026-07-01,2026-08-08,PDF,pdf_table_extraction,structured_pdf_auto
IE-DS-e7a59129182e42,Laois,Laois County Council,23/10,"32 Grattan Street, Portlaoise",n/a,R32 PTR9,53.0336591,-7.3044215,1,Transformed grid reference,authority_supplied_itm_transformed,site_point,646654.17,698335.94,EPSG:2157,,2023-09-29,180000,https://laois.ie/sites/default/files/2026-07/Derelict%20Site%20Register%20updated%20July%202026_1.pdf,2026-07-01,2026-08-08,PDF,pdf_table_extraction,structured_pdf_auto
IE-DS-63cc8e85369de8,Laois,Laois County Council,24/06,"39 Broomville, Portlaoise","n/a; Property sold March 2026, new owners TBC",R32 K8RP,53.0424143,-7.2794849,1,Transformed grid reference,authority_supplied_itm_transformed,site_point,648316.92,699326.59,EPSG:2157,,2026-01-12,250000,https://laois.ie/sites/default/files/2026-07/Derelict%20Site%20Register%20updated%20July%202026_1.pdf,2026-07-01,2026-08-08,PDF,pdf_table_extraction,structured_pdf_auto
IE-DS-d1c173ed8160f9,Laois,Laois County Council,24/07,"55 Broomville, Portlaoise",Housing; Vested May 2026,R32 K6WV,53.0417714,-7.2792755,1,Transformed grid reference,authority_supplied_itm_transformed,site_point,648331.68,699255.2,EPSG:2157,,2024-07-23,250000,https://laois.ie/sites/default/files/2026-07/Derelict%20Site%20Register%20updated%20July%202026_1.pdf,2026-07-01,2026-08-08,PDF,pdf_table_extraction,structured_pdf_auto
IE-DS-9f0d62cce5aad0,Laois,Laois County Council,24/10,"Beechfield House, Green Road, Portlaoise",n/a; Meeting held with owner,R32 A7NE,53.0374313,-7.3047889,1,Transformed grid reference,authority_supplied_itm_transformed,site_point,646625.46,698755.41,EPSG:2157,,2025-08-12,295000,https://laois.ie/sites/default/files/2026-07/Derelict%20Site%20Register%20updated%20July%202026_1.pdf,2026-07-01,2026-08-08,PDF,pdf_table_extraction,structured_pdf_auto
IE-DS-554d78dd0cc730,Laois,Laois County Council,25/19,"rear of Applegreen, Dublin Road, Portlaoise, Portlaoise",n/a,,53.0401901,-7.2767024,1,Transformed grid reference,authority_supplied_itm_transformed,site_point,648506,699081,EPSG:2157,,2026-04-27,,https://laois.ie/sites/default/files/2026-07/Derelict%20Site%20Register%20updated%20July%202026_1.pdf,2026-07-01,2026-08-08,PDF,pdf_table_extraction,structured_pdf_auto
IE-DS-c4a0fc3c27418e,Laois,Laois County Council,20/38,"Church Street, Rathdowney",n/a,R32 XK13,52.8555852,-7.5861853,1,Transformed grid reference,authority_supplied_itm_transformed,site_point,627869.9,678376.46,EPSG:2157,,2024-02-08,30000,https://laois.ie/sites/default/files/2026-07/Derelict%20Site%20Register%20updated%20July%202026_1.pdf,2026-07-01,2026-08-08,PDF,pdf_table_extraction,structured_pdf_auto
IE-DS-532a6602975d00,Laois,Laois County Council,20/44,"The Square, Rathdowney, Rathdowney",n/a; CPO commenced,R32 Y392,52.8555011,-7.5825275,1,Transformed grid reference,authority_supplied_itm_transformed,site_point,628116.3,678368.53,EPSG:2157,,2024-05-23,45000,https://laois.ie/sites/default/files/2026-07/Derelict%20Site%20Register%20updated%20July%202026_1.pdf,2026-07-01,2026-08-08,PDF,pdf_table_extraction,structured_pdf_auto
IE-DS-c95f2abd21dacb,Laois,Laois County Council,23/05,"Ossory Street, Rathdowney",n/a,R32 V1H7,52.8548995,-7.5840374,1,Transformed grid reference,authority_supplied_itm_transformed,site_point,628015,678301,EPSG:2157,,2024-06-14,160000,https://laois.ie/sites/default/files/2026-07/Derelict%20Site%20Register%20updated%20July%202026_1.pdf,2026-07-01,2026-08-08,PDF,pdf_table_extraction,structured_pdf_auto
IE-DS-2525648c926666,Laois,Laois County Council,23/06,"Ossory Street, Rathdowney",n/a,R32 RY24,52.8551751,-7.5841663,1,Transformed grid reference,authority_supplied_itm_transformed,site_point,628006.14,678331.62,EPSG:2157,,2024-06-14,150000,https://laois.ie/sites/default/files/2026-07/Derelict%20Site%20Register%20updated%20July%202026_1.pdf,2026-07-01,2026-08-08,PDF,pdf_table_extraction,structured_pdf_auto
IE-DS-339490710f00e0,Laois,Laois County Council,25/23,"Conoboro Road, Rathdowney, Rathdowney",n/a; CPO commenced,R32 C2R0,52.8543745,-7.5728621,1,Transformed grid reference,authority_supplied_itm_transformed,site_point,628768,678247,EPSG:2157,,2026-03-12,,https://laois.ie/sites/default/files/2026-07/Derelict%20Site%20Register%20updated%20July%202026_1.pdf,2026-07-01,2026-08-08,PDF,pdf_table_extraction,structured_pdf_auto
IE-DS-a1a1fb59ef00ab,Laois,Laois County Council,20/08 Old Ref 19/15 & 07/8,"Main Street, Stradbally, Co. Laois, Stradbally","To be sold on open market; Vested, For sale March 2026",,53.0127097,-7.1445612,1,Transformed grid reference,authority_supplied_itm_transformed,site_point,657404,696121,EPSG:2157,,2021-06-22,80000,https://laois.ie/sites/default/files/2026-07/Derelict%20Site%20Register%20updated%20July%202026_1.pdf,2026-07-01,2026-08-08,PDF,pdf_table_extraction,structured_pdf_auto
IE-DS-f3f9a0625ee661,Laois,Laois County Council,20/12 Old Ref 17/01 & 08/68,"Presentation Convent Chapel, Main Street, Stradbally, Co, Laois, Stradbally",n/a,,53.0143901,-7.1470168,1,Transformed grid reference,authority_supplied_itm_transformed,site_point,657237,696306,EPSG:2157,,2021-03-01,200000,https://laois.ie/sites/default/files/2026-07/Derelict%20Site%20Register%20updated%20July%202026_1.pdf,2026-07-01,2026-08-08,PDF,pdf_table_extraction,structured_pdf_auto
IE-DS-ec88ebeaf1229f,Laois,Laois County Council,21/21,"Vicarstown, Vicarstown",n/a,,53.0508197,-7.0868144,1,Transformed grid reference,authority_supplied_itm_transformed,site_point,661225,700409,EPSG:2157,,2022-12-16,50000,https://laois.ie/sites/default/files/2026-07/Derelict%20Site%20Register%20updated%20July%202026_1.pdf,2026-07-01,2026-08-08,PDF,pdf_table_extraction,structured_pdf_auto
IE-DS-2d0c26f3d97df3,Limerick City,Limerick City and County Council,DS-003-91,"2 Wellesley Lane, Limerick.",Single Storey Storage Building,,52.6579077,-8.6340338,1,Transformed grid reference,authority_supplied_itm_transformed,site_point,557105,656491,EPSG:2157,,1991-12-13,15000,https://www.limerick.ie/sites/default/files/media/documents/2026-03/derelict-site-register-2026.pdf,2026-03-01,2026-08-08,PDF,pdf_table_extraction,structured_pdf_auto
IE-DS-c7ddb10079ecc0,Limerick City,Limerick City and County Council,DS-004-91,"1 Wellesley Lane, Limerick.",Single Storey Storage Building,,52.6578626,-8.6340479,1,Transformed grid reference,authority_supplied_itm_transformed,site_point,557104,656486,EPSG:2157,,1991-12-13,15000,https://www.limerick.ie/sites/default/files/media/documents/2026-03/derelict-site-register-2026.pdf,2026-03-01,2026-08-08,PDF,pdf_table_extraction,structured_pdf_auto
IE-DS-cf59f6d4194cb8,Limerick County,Limerick City and County Council,DS-011-04,"The Square, Kilfinane, Co. Limerick.",Former Creamery buildings,,52.3582499,-8.4693906,1,Transformed grid reference,authority_supplied_itm_transformed,site_point,568027,623067,EPSG:2157,,2004-12-21,25000,https://www.limerick.ie/sites/default/files/media/documents/2026-03/derelict-site-register-2026.pdf,2026-03-01,2026-08-08,PDF,pdf_table_extraction,structured_pdf_auto
IE-DS-b7a124d9bbb697,Limerick County,Limerick City and County Council,DS-001-05,"Market House, Kilfinane, Co. Limerick.",Former Market House,,52.3583469,-8.4698467,1,Transformed grid reference,authority_supplied_itm_transformed,site_point,567996,623078,EPSG:2157,,2005-03-03,9000,https://www.limerick.ie/sites/default/files/media/documents/2026-03/derelict-site-register-2026.pdf,2026-03-01,2026-08-08,PDF,pdf_table_extraction,structured_pdf_auto
IE-DS-1468dcd071f682,Limerick County,Limerick City and County Council,DS-005-05,"Glengort Schoolhouse, Tournafulla, Co. Limerick.",Former schoolhouse,,52.3621152,-9.1666734,1,Transformed grid reference,authority_supplied_itm_transformed,site_point,520539,624034,EPSG:2157,,2005-06-09,10000,https://www.limerick.ie/sites/default/files/media/documents/2026-03/derelict-site-register-2026.pdf,2026-03-01,2026-08-08,PDF,pdf_table_extraction,structured_pdf_auto
IE-DS-e28486a47dc5af,Limerick County,Limerick City and County Council,DS-001-07,"Corgrigg, Foynes, Co. Limerick.",Detached residential bungalow,,52.6085343,-9.1016455,1,Transformed grid reference,authority_supplied_itm_transformed,site_point,525386,651379,EPSG:2157,,2007-12-31,95000,https://www.limerick.ie/sites/default/files/media/documents/2026-03/derelict-site-register-2026.pdf,2026-03-01,2026-08-08,PDF,pdf_table_extraction,structured_pdf_auto
IE-DS-2607bf5b633267,Limerick County,Limerick City and County Council,DS-007-08,"Ballyneety North, Templebredon, Co. Limerick.",Detached residential bungalow,,52.5156983,-8.3251184,1,Transformed grid reference,authority_supplied_itm_transformed,site_point,577933,640530,EPSG:2157,,2008-12-31,35000,https://www.limerick.ie/sites/default/files/media/documents/2026-03/derelict-site-register-2026.pdf,2026-03-01,2026-08-08,PDF,pdf_table_extraction,structured_pdf_auto
IE-DS-439c9c7d34fe15,Limerick City,Limerick City and County Council,DS-017-12,"86 Lenihan Avenue, Limerick.",Two-storey dwelling,V94 1H98,52.6530054,-8.6262923,1,Transformed grid reference,authority_supplied_itm_transformed,site_point,557624,655941,EPSG:2157,,2012-01-10,32000,https://www.limerick.ie/sites/default/files/media/documents/2026-03/derelict-site-register-2026.pdf,2026-03-01,2026-08-08,PDF,pdf_table_extraction,structured_pdf_auto
IE-DS-75a0bcd671584b,Limerick City,Limerick City and County Council,DS-016-12,"Locke House, Canal Bank, Limerick.",Two-storey commercial premises,,52.6666977,-8.6170705,1,Transformed grid reference,authority_supplied_itm_transformed,site_point,558261,657459,EPSG:2157,,2013-02-21,60000,https://www.limerick.ie/sites/default/files/media/documents/2026-03/derelict-site-register-2026.pdf,2026-03-01,2026-08-08,PDF,pdf_table_extraction,structured_pdf_auto
IE-DS-142b5619aa4de9,Limerick City,Limerick City and County Council,DS-015-11,"Canal Bank House, Canal Bank, Limerick.",Two-storey commercial premises,,52.6667438,-8.6168494,1,Transformed grid reference,authority_supplied_itm_transformed,site_point,558276,657464,EPSG:2157,,2013-02-21,70000,https://www.limerick.ie/sites/default/files/media/documents/2026-03/derelict-site-register-2026.pdf,2026-03-01,2026-08-08,PDF,pdf_table_extraction,structured_pdf_auto
IE-DS-db6f024458e46e,Limerick City,Limerick City and County Council,DS-008-13,"Properties at Woolworths Lane, Limerick.",Three no. Two Storey Terraced premises,,52.6616628,-8.6276282,1,Transformed grid reference,authority_supplied_itm_transformed,site_point,557542,656905,EPSG:2157,,2013-10-10,60000,https://www.limerick.ie/sites/default/files/media/documents/2026-03/derelict-site-register-2026.pdf,2026-03-01,2026-08-08,PDF,pdf_table_extraction,structured_pdf_auto
IE-DS-df889c3eb0bf36,Limerick County,Limerick City and County Council,DS-078-17,"Main Street, Ballingarry, Co. Limerick.",Residential premises with neglected land to rear,V94 W6DF,52.4737039,-8.8638042,1,Transformed grid reference,authority_supplied_itm_transformed,site_point,541315,636159,EPSG:2157,,2018-02-09,140000,https://www.limerick.ie/sites/default/files/media/documents/2026-03/derelict-site-register-2026.pdf,2026-03-01,2026-08-08,PDF,pdf_table_extraction,structured_pdf_auto
IE-DS-f6e1c87b79751b,Limerick City,Limerick City and County Council,DS-100-17,"1 Long Lane, Sir Harry's Mall, Limerick.",Former terrace cottage,,52.667608,-8.6200402,1,Transformed grid reference,authority_supplied_itm_transformed,site_point,558061,657562,EPSG:2157,,2018-04-18,50000,https://www.limerick.ie/sites/default/files/media/documents/2026-03/derelict-site-register-2026.pdf,2026-03-01,2026-08-08,PDF,pdf_table_extraction,structured_pdf_auto
IE-DS-9eb374b909997a,Limerick City,Limerick City and County Council,DS-101-17,"2 Long Lane, Sir Harry's Mall, Limerick.",Former terrace cottage,,52.6675994,-8.6199514,1,Transformed grid reference,authority_supplied_itm_transformed,site_point,558067,657561,EPSG:2157,,2018-04-18,25000,https://www.limerick.ie/sites/default/files/media/documents/2026-03/derelict-site-register-2026.pdf,2026-03-01,2026-08-08,PDF,pdf_table_extraction,structured_pdf_auto
IE-DS-da9db219d9699e,Limerick County,Limerick City and County Council,DS-110-17,"Bothar Buí, Newcastle West, Co. Limerick",Mid Terrace Single Storey dwelling,,52.4482461,-9.057715,1,Transformed grid reference,authority_supplied_itm_transformed,site_point,528100,633502,EPSG:2157,,2018-08-15,25000,https://www.limerick.ie/sites/default/files/media/documents/2026-03/derelict-site-register-2026.pdf,2026-03-01,2026-08-08,PDF,pdf_table_extraction,structured_pdf_auto
IE-DS-44064ae2214b99,Limerick City,Limerick City and County Council,DS-003-12,"90 Lenihan Avenue, Prospect, Limerick.",Mid Terrace Two Storey dwelling,V94 03P2,52.652925,-8.6261877,1,Transformed grid reference,authority_supplied_itm_transformed,site_point,557631,655932,EPSG:2157,,2018-09-07,20000,https://www.limerick.ie/sites/default/files/media/documents/2026-03/derelict-site-register-2026.pdf,2026-03-01,2026-08-08,PDF,pdf_table_extraction,structured_pdf_auto
IE-DS-84dee8c498c877,Limerick County,Limerick City and County Council,DS-046-18,"2 Colbert Terrace, Abbeyfeale, Co. Limerick.",Mid Terrace Two Storey dwelling,V94 T9Y0,52.3866826,-9.3001139,1,Transformed grid reference,authority_supplied_itm_transformed,site_point,511500,626922,EPSG:2157,,2018-10-05,20000,https://www.limerick.ie/sites/default/files/media/documents/2026-03/derelict-site-register-2026.pdf,2026-03-01,2026-08-08,PDF,pdf_table_extraction,structured_pdf_auto
IE-DS-c7736521e09ae6,Limerick County,Limerick City and County Council,DS-045-18,"3 Colbert Terrace, Abbeyfeale, Co. Limerick",Mid Terrace Two Storey dwelling,,52.3866384,-9.3000391,1,Transformed grid reference,authority_supplied_itm_transformed,site_point,511505,626917,EPSG:2157,,2018-11-13,20000,https://www.limerick.ie/sites/default/files/media/documents/2026-03/derelict-site-register-2026.pdf,2026-03-01,2026-08-08,PDF,pdf_table_extraction,structured_pdf_auto
IE-DS-bee84fd20256c8,Limerick County,Limerick City and County Council,DS-044-18,"4 Colbert Terrace, Abbeyfeale, Co. Limerick",End Of Terrace Two Storey dwelling,,52.3865945,-9.2999497,1,Transformed grid reference,authority_supplied_itm_transformed,site_point,511511,626912,EPSG:2157,,2018-11-13,22500,https://www.limerick.ie/sites/default/files/media/documents/2026-03/derelict-site-register-2026.pdf,2026-03-01,2026-08-08,PDF,pdf_table_extraction,structured_pdf_auto
IE-DS-61045b89cc37b0,Limerick County,Limerick City and County Council,DS-040-18,"11 Colbert Terrace, Abbeyfeale, Co. Limerick",Mid Terrace Two Storey dwelling,V94 Y4E8,52.386359,-9.2992964,1,Transformed grid reference,authority_supplied_itm_transformed,site_point,511555,626885,EPSG:2157,,2018-11-14,18000,https://www.limerick.ie/sites/default/files/media/documents/2026-03/derelict-site-register-2026.pdf,2026-03-01,2026-08-08,PDF,pdf_table_extraction,structured_pdf_auto
IE-DS-d4d891c17f5f06,Limerick City,Limerick City and County Council,DS-106-17,"Laurel Mews, Mill Road, Corbally, Limerick.",Half-store attached dwelling,,52.6861827,-8.6207322,1,Transformed grid reference,authority_supplied_itm_transformed,site_point,558032,659629,EPSG:2157,,2018-12-04,55000,https://www.limerick.ie/sites/default/files/media/documents/2026-03/derelict-site-register-2026.pdf,2026-03-01,2026-08-08,PDF,pdf_table_extraction,structured_pdf_auto
IE-DS-2b82a9aed15276,Limerick County,Limerick City and County Council,DS-065-16,"Lower Main Street, Rathkeale, Co. Limerick.",Mid Terrace Two Storey dwelling,V94 T6KP,52.5218217,-8.9412705,1,Transformed grid reference,authority_supplied_itm_transformed,site_point,536122,641578,EPSG:2157,,2019-01-29,150000,https://www.limerick.ie/sites/default/files/media/documents/2026-03/derelict-site-register-2026.pdf,2026-03-01,2026-08-08,PDF,pdf_table_extraction,structured_pdf_auto
IE-DS-99f7f86025e654,Limerick City,Limerick City and County Council,DS-075-16,"34-41 Catherine Street, Limerick.",Terraced mixed use development site,V94 V523,52.6601536,-8.6291734,1,Transformed grid reference,authority_supplied_itm_transformed,site_point,557436,656738,EPSG:2157,,2019-02-07,500000,https://www.limerick.ie/sites/default/files/media/documents/2026-03/derelict-site-register-2026.pdf,2026-03-01,2026-08-08,PDF,pdf_table_extraction,structured_pdf_auto
IE-DS-444f6c7ff3148c,Limerick City,Limerick City and County Council,DS-076-17,"37 Windmill Street, Limerick",neglected land,,52.6593415,-8.634838,1,Transformed grid reference,authority_supplied_itm_transformed,site_point,557052,656651,EPSG:2157,,2019-03-05,90000,https://www.limerick.ie/sites/default/files/media/documents/2026-03/derelict-site-register-2026.pdf,2026-03-01,2026-08-08,PDF,pdf_table_extraction,structured_pdf_auto
IE-DS-91927e660c9e9d,Limerick City,Limerick City and County Council,DS-102-17,"3 Long Lane, Sir Harry's Mall, Limerick.",Mid terrace cottage,V94 AWP4,52.6675819,-8.6198624,1,Transformed grid reference,authority_supplied_itm_transformed,site_point,558073,657559,EPSG:2157,,2019-03-15,60000,https://www.limerick.ie/sites/default/files/media/documents/2026-03/derelict-site-register-2026.pdf,2026-03-01,2026-08-08,PDF,pdf_table_extraction,structured_pdf_auto
IE-DS-8ae4b56c8c5aeb,Limerick City,Limerick City and County Council,DS-007-12,"53 Clare Street, Limerick",Mid Terrace Dormer Cottage,,52.6651405,-8.6105585,1,Transformed grid reference,authority_supplied_itm_transformed,site_point,558700,657282,EPSG:2157,,2019-04-01,117000,https://www.limerick.ie/sites/default/files/media/documents/2026-03/derelict-site-register-2026.pdf,2026-03-01,2026-08-08,PDF,pdf_table_extraction,structured_pdf_auto
IE-DS-5098c2139f515a,Limerick County,Limerick City and County Council,DS-016-15,"Maiden Street, Newcastle West, Co. Limerick",Mid Terrace part constructed commercial property,V42 KA36,52.4504794,-9.0592692,1,Transformed grid reference,authority_supplied_itm_transformed,site_point,527998,633752,EPSG:2157,,2019-06-19,50000,https://www.limerick.ie/sites/default/files/media/documents/2026-03/derelict-site-register-2026.pdf,2026-03-01,2026-08-08,PDF,pdf_table_extraction,structured_pdf_auto
IE-DS-d00151063c3613,Limerick City,Limerick City and County Council,DS-089-16,"Lord Edward Street, Limerick. V94 YH27",Three storey end of terrace former Garda Station,V94 YH27,52.6554662,-8.6283523,1,Transformed grid reference,authority_supplied_itm_transformed,site_point,557487,656216,EPSG:2157,,2019-08-08,100000,https://www.limerick.ie/sites/default/files/media/documents/2026-03/derelict-site-register-2026.pdf,2026-03-01,2026-08-08,PDF,pdf_table_extraction,structured_pdf_auto
IE-DS-0ac17df8c6ccc0,Limerick County,Limerick City and County Council,DS-054-19,"14 The Glebe, Monagea, Newcastle West, Co. Limerick. V42 A407",Two-storey Detached Part Constructed Residential Building,V42 A407,52.4169434,-9.0859267,1,Transformed grid reference,authority_supplied_itm_transformed,site_point,526130,630048,EPSG:2157,,2019-08-08,50000,https://www.limerick.ie/sites/default/files/media/documents/2026-03/derelict-site-register-2026.pdf,2026-03-01,2026-08-08,PDF,pdf_table_extraction,structured_pdf_auto
IE-DS-9e56ea1ff99068,Limerick County,Limerick City and County Council,DS-055-19,"15 The Glebe, Monagea, Newcastle West, Co. Limerick. V42 HR92",Two-storey Detached Part Constructed Residential Building,V42 HR92,52.4170783,-9.0859153,1,Transformed grid reference,authority_supplied_itm_transformed,site_point,526131,630063,EPSG:2157,,2019-08-08,30000,https://www.limerick.ie/sites/default/files/media/documents/2026-03/derelict-site-register-2026.pdf,2026-03-01,2026-08-08,PDF,pdf_table_extraction,structured_pdf_auto
IE-DS-3c0cbd5cc1d261,Limerick County,Limerick City and County Council,DS-056-19,"21 The Glebe, Monagea, Newcastle West, Co. Limerick.",Detached property constructed to base level only,,52.4174964,-9.086396,1,Transformed grid reference,authority_supplied_itm_transformed,site_point,526099,630110,EPSG:2157,,2019-08-08,12500,https://www.limerick.ie/sites/default/files/media/documents/2026-03/derelict-site-register-2026.pdf,2026-03-01,2026-08-08,PDF,pdf_table_extraction,structured_pdf_auto
IE-DS-a08895da2011c6,Limerick County,Limerick City and County Council,DS-057-19,"22 The Glebe, Monagea, Newcastle West, Co. Limerick.",Detached property constructed to base level only,,52.4174497,-9.086586,1,Transformed grid reference,authority_supplied_itm_transformed,site_point,526086,630105,EPSG:2157,,2019-08-08,12500,https://www.limerick.ie/sites/default/files/media/documents/2026-03/derelict-site-register-2026.pdf,2026-03-01,2026-08-08,PDF,pdf_table_extraction,structured_pdf_auto
IE-DS-a2f286aa4d133e,Limerick City,Limerick City and County Council,DS-079-17,"Melrose, Ballysimon Road, Limerick.",Residential dwelling,V94 XE8W,52.6554004,-8.6029587,1,Transformed grid reference,authority_supplied_itm_transformed,site_point,559205,656194,EPSG:2157,,2019-09-05,170000,https://www.limerick.ie/sites/default/files/media/documents/2026-03/derelict-site-register-2026.pdf,2026-03-01,2026-08-08,PDF,pdf_table_extraction,structured_pdf_auto
IE-DS-94fcd049c0ecd7,Limerick City,Limerick City and County Council,DS-023-19,"11 & 12 Clontarf Place, Limerick.",Two no. two-storey mixed use properties,,52.6577816,-8.6340763,1,Transformed grid reference,authority_supplied_itm_transformed,site_point,557102,656477,EPSG:2157,,2019-10-04,235000,https://www.limerick.ie/sites/default/files/media/documents/2026-03/derelict-site-register-2026.pdf,2026-03-01,2026-08-08,PDF,pdf_table_extraction,structured_pdf_auto
IE-DS-9007f92b3756c2,Limerick City,Limerick City and County Council,DS-042-16,"Mulcair Drive, Annacotty, Co. Limerick.",Single storey cottage,,52.6689302,-8.5309799,1,Transformed grid reference,authority_supplied_itm_transformed,site_point,564086,657661,EPSG:2157,,2019-10-11,150000,https://www.limerick.ie/sites/default/files/media/documents/2026-03/derelict-site-register-2026.pdf,2026-03-01,2026-08-08,PDF,pdf_table_extraction,structured_pdf_auto
IE-DS-c79ee99f30ea25,Limerick County,Limerick City and County Council,DS-053-19,"Fuller's Folly, Bridge Street, Newcastle West, Co. Limerick.",Gothic style limestone building,,52.4498829,-9.0606378,1,Transformed grid reference,authority_supplied_itm_transformed,site_point,527904,633687,EPSG:2157,,2019-10-11,0,https://www.limerick.ie/sites/default/files/media/documents/2026-03/derelict-site-register-2026.pdf,2026-03-01,2026-08-08,PDF,pdf_table_extraction,structured_pdf_auto
IE-DS-1b85038dfc29c4,Limerick County,Limerick City and County Council,DS-122-18,"Wolfe Tone Street, Kilmallock, Co. Limerick.",Mid Terrace Residential premises,,52.4004495,-8.5735994,1,Transformed grid reference,authority_supplied_itm_transformed,site_point,560966,627813,EPSG:2157,,2019-10-15,20000,https://www.limerick.ie/sites/default/files/media/documents/2026-03/derelict-site-register-2026.pdf,2026-03-01,2026-08-08,PDF,pdf_table_extraction,structured_pdf_auto
IE-DS-f6f28e5548661f,Limerick City,Limerick City and County Council,DS-111-18,"6 & 7 St. Gerard Street, Limerick.",Two no. two-storey Properties,V94 FP2T,52.6569426,-8.6346554,1,Transformed grid reference,authority_supplied_itm_transformed,site_point,557062,656384,EPSG:2157,,2019-11-15,360000,https://www.limerick.ie/sites/default/files/media/documents/2026-03/derelict-site-register-2026.pdf,2026-03-01,2026-08-08,PDF,pdf_table_extraction,structured_pdf_auto
IE-DS-49b569074b5435,Limerick County,Limerick City and County Council,DS-057-18,"Neilan's Public House, Main Street, Bruff, Co. Limerick",Former Public House & overhead accommodation,V35 Y9Y4,52.475041,-8.5477788,1,Transformed grid reference,authority_supplied_itm_transformed,site_point,562786,636098,EPSG:2157,,2020-01-23,70000,https://www.limerick.ie/sites/default/files/media/documents/2026-03/derelict-site-register-2026.pdf,2026-03-01,2026-08-08,PDF,pdf_table_extraction,structured_pdf_auto
IE-DS-cdde5fcac9e631,Limerick County,Limerick City and County Council,DS-005-15,"111 Upper Maiden Street, Newcastle West, Co. Limerick V42 RX45",Demolished Three Storey Mid Terrace site,V42 RX45,52.4507017,-9.0595393,1,Transformed grid reference,authority_supplied_itm_transformed,site_point,527980,633777,EPSG:2157,,2020-02-12,25000,https://www.limerick.ie/sites/default/files/media/documents/2026-03/derelict-site-register-2026.pdf,2026-03-01,2026-08-08,PDF,pdf_table_extraction,structured_pdf_auto
IE-DS-9b8f0a33b91759,Limerick County,Limerick City and County Council,DS-007-15,"110 Upper Maiden Street, Newcastle West, Co. Limerick V42 E792",Demolished Three Storey Mid Terrace site,V42 E792,52.4506844,-9.0594654,1,Transformed grid reference,authority_supplied_itm_transformed,site_point,527985,633775,EPSG:2157,,2020-02-12,25000,https://www.limerick.ie/sites/default/files/media/documents/2026-03/derelict-site-register-2026.pdf,2026-03-01,2026-08-08,PDF,pdf_table_extraction,structured_pdf_auto
IE-DS-d3bfb8dd517db9,Limerick County,Limerick City and County Council,DS-149-18,"Foxhall West, Colmanswell, Co. Limerick.",Detached three bay two storey presbytery and double height ruinous catholic church,P56 C523,52.3781623,-8.7235358,1,Transformed grid reference,authority_supplied_itm_transformed,site_point,550738,625425,EPSG:2157,,2020-03-06,150000,https://www.limerick.ie/sites/default/files/media/documents/2026-03/derelict-site-register-2026.pdf,2026-03-01,2026-08-08,PDF,pdf_table_extraction,structured_pdf_auto
IE-DS-0d6e81ea946ce4,Limerick County,Limerick City and County Council,DS-022-19,"The Grange, Kilmallock, Co. Limerick.",Two Storey dwellings & outbuildings,V35 R864,52.5402292,-8.5466881,1,Transformed grid reference,authority_supplied_itm_transformed,site_point,562915,643350,EPSG:2157,,2020-03-11,120000,https://www.limerick.ie/sites/default/files/media/documents/2026-03/derelict-site-register-2026.pdf,2026-03-01,2026-08-08,PDF,pdf_table_extraction,structured_pdf_auto
IE-DS-07ce5e94093cb3,Limerick County,Limerick City and County Council,DS-058-18,"""Butler's"", Main Street, Bruff, Co. Limerick","End of terrace, three storey building",V35 T861,52.4757248,-8.5476253,1,Transformed grid reference,authority_supplied_itm_transformed,site_point,562797,636174,EPSG:2157,,2020-06-09,70000,https://www.limerick.ie/sites/default/files/media/documents/2026-03/derelict-site-register-2026.pdf,2026-03-01,2026-08-08,PDF,pdf_table_extraction,structured_pdf_auto
IE-DS-120335bdfe1753,Limerick County,Limerick City and County Council,DS-084-18,"3 Wolfe Tone Street, Kilmallock, Co. Limerick V35 YX25",Two storey former school house,V35 YX25,52.4003609,-8.5733337,1,Transformed grid reference,authority_supplied_itm_transformed,site_point,560984,627803,EPSG:2157,,2020-06-23,42500,https://www.limerick.ie/sites/default/files/media/documents/2026-03/derelict-site-register-2026.pdf,2026-03-01,2026-08-08,PDF,pdf_table_extraction,structured_pdf_auto
IE-DS-78c6579f4e6160,Limerick County,Limerick City and County Council,DS-048-20,"1 Ballywilliam Close, Ballywilliam North, Rathkeale, Co. Limerick","Unfinished Housing site, Never Occupied",,52.5174221,-8.9304351,1,Transformed grid reference,authority_supplied_itm_transformed,site_point,536851,641079,EPSG:2157,,2020-07-20,0,https://www.limerick.ie/sites/default/files/media/documents/2026-03/derelict-site-register-2026.pdf,2026-03-01,2026-08-08,PDF,pdf_table_extraction,structured_pdf_auto
IE-DS-d97fed0b3ae5d5,Limerick County,Limerick City and County Council,DS-049-20,"2 Ballywilliam Close, Ballywilliam North, Rathkeale, Co. Limerick","Unfinished Housing site, Never Occupied",,52.5174764,-8.9303921,1,Transformed grid reference,authority_supplied_itm_transformed,site_point,536854,641085,EPSG:2157,,2020-07-20,0,https://www.limerick.ie/sites/default/files/media/documents/2026-03/derelict-site-register-2026.pdf,2026-03-01,2026-08-08,PDF,pdf_table_extraction,structured_pdf_auto
IE-DS-5c18b37fe67a41,Limerick County,Limerick City and County Council,DS-050-20,"3 Ballywilliam Close, Ballywilliam North, Rathkeale, Co. Limerick","Unfinished Housing estate, Never Occupied",,52.5175139,-8.9302013,1,Transformed grid reference,authority_supplied_itm_transformed,site_point,536867,641089,EPSG:2157,,2020-07-20,0,https://www.limerick.ie/sites/default/files/media/documents/2026-03/derelict-site-register-2026.pdf,2026-03-01,2026-08-08,PDF,pdf_table_extraction,structured_pdf_auto
IE-DS-bd5ec781549aa2,Limerick County,Limerick City and County Council,DS-051-20,"4 Ballywilliam Close, Ballywilliam North, Rathkeale, Co. Limerick","Unfinished Housing estate, Never Occupied",,52.5175684,-8.9301288,1,Transformed grid reference,authority_supplied_itm_transformed,site_point,536872,641095,EPSG:2157,,2020-07-20,0,https://www.limerick.ie/sites/default/files/media/documents/2026-03/derelict-site-register-2026.pdf,2026-03-01,2026-08-08,PDF,pdf_table_extraction,structured_pdf_auto
IE-DS-02f75e125d408a,Limerick County,Limerick City and County Council,DS-052-20,"5 Ballywilliam Close, Ballywilliam North, Rathkeale, Co. Limerick","Unfinished Housing site, Never Occupied",,52.5176149,-8.9299235,1,Transformed grid reference,authority_supplied_itm_transformed,site_point,536886,641100,EPSG:2157,,2020-07-20,0,https://www.limerick.ie/sites/default/files/media/documents/2026-03/derelict-site-register-2026.pdf,2026-03-01,2026-08-08,PDF,pdf_table_extraction,structured_pdf_auto
IE-DS-9b98b2da364665,Limerick County,Limerick City and County Council,DS-053-20,"6 Ballywilliam Close, Ballywilliam North, Rathkeale, Co. Limerick","Unfinished Housing site, Never Occupied",,52.5176692,-8.9298804,1,Transformed grid reference,authority_supplied_itm_transformed,site_point,536889,641106,EPSG:2157,,2020-07-20,0,https://www.limerick.ie/sites/default/files/media/documents/2026-03/derelict-site-register-2026.pdf,2026-03-01,2026-08-08,PDF,pdf_table_extraction,structured_pdf_auto
IE-DS-4b517d4402f9d0,Limerick County,Limerick City and County Council,DS-054-20,"7 Ballywilliam Close, Ballywilliam North, Rathkeale, Co. Limerick","Unfinished Housing estate, Never Occupied",,52.5176976,-8.9296895,1,Transformed grid reference,authority_supplied_itm_transformed,site_point,536902,641109,EPSG:2157,,2020-07-20,0,https://www.limerick.ie/sites/default/files/media/documents/2026-03/derelict-site-register-2026.pdf,2026-03-01,2026-08-08,PDF,pdf_table_extraction,structured_pdf_auto
IE-DS-7f19beafe31139,Limerick County,Limerick City and County Council,DS-055-20,"8 Ballywilliam Close, Ballywilliam North, Rathkeale, Co. Limerick","Unfinished Housing estate, Never Occupied",,52.5177702,-8.9296026,1,Transformed grid reference,authority_supplied_itm_transformed,site_point,536908,641117,EPSG:2157,,2020-07-20,0,https://www.limerick.ie/sites/default/files/media/documents/2026-03/derelict-site-register-2026.pdf,2026-03-01,2026-08-08,PDF,pdf_table_extraction,structured_pdf_auto
IE-DS-f9de901c2e0170,Limerick County,Limerick City and County Council,DS-056-20,"9 Ballywilliam Close, Ballywilliam North, Rathkeale, Co. Limerick","Unfinished Housing estate, Never Occupied",,52.5178076,-8.9294266,1,Transformed grid reference,authority_supplied_itm_transformed,site_point,536920,641121,EPSG:2157,,2020-07-20,0,https://www.limerick.ie/sites/default/files/media/documents/2026-03/derelict-site-register-2026.pdf,2026-03-01,2026-08-08,PDF,pdf_table_extraction,structured_pdf_auto
IE-DS-9622c75196d37b,Limerick County,Limerick City and County Council,DS-057-20,"10 Ballywilliam Close, Ballywilliam North, Rathkeale, Co. Limerick","Unfinished Housing estate, Never Occupied",,52.5178798,-8.9293839,1,Transformed grid reference,authority_supplied_itm_transformed,site_point,536923,641129,EPSG:2157,,2020-07-20,0,https://www.limerick.ie/sites/default/files/media/documents/2026-03/derelict-site-register-2026.pdf,2026-03-01,2026-08-08,PDF,pdf_table_extraction,structured_pdf_auto
IE-DS-8ec0fd87fc1f47,Limerick County,Limerick City and County Council,DS-058-20,"11 Ballywilliam Close, Ballywilliam North, Rathkeale, Co. Limerick","Unfinished Housing site, Never Occupied",,52.5178991,-8.9292222,1,Transformed grid reference,authority_supplied_itm_transformed,site_point,536934,641131,EPSG:2157,,2020-07-20,0,https://www.limerick.ie/sites/default/files/media/documents/2026-03/derelict-site-register-2026.pdf,2026-03-01,2026-08-08,PDF,pdf_table_extraction,structured_pdf_auto
IE-DS-bb4de0ce385794,Limerick County,Limerick City and County Council,DS-059-20,"12 Ballywilliam Close, Ballywilliam North, Rathkeale, Co. Limerick","Unfinished Housing site, Never Occupied",,52.517972,-8.9290912,1,Transformed grid reference,authority_supplied_itm_transformed,site_point,536943,641139,EPSG:2157,,2020-07-20,0,https://www.limerick.ie/sites/default/files/media/documents/2026-03/derelict-site-register-2026.pdf,2026-03-01,2026-08-08,PDF,pdf_table_extraction,structured_pdf_auto
IE-DS-17e43e48bf4b31,Limerick County,Limerick City and County Council,DS-060-20,"13 Ballywilliam Close, Ballywilliam North, Rathkeale, Co. Limerick","Unfinished Housing estate, Never Occupied",,52.5180271,-8.928945,1,Transformed grid reference,authority_supplied_itm_transformed,site_point,536953,641145,EPSG:2157,,2020-07-20,0,https://www.limerick.ie/sites/default/files/media/documents/2026-03/derelict-site-register-2026.pdf,2026-03-01,2026-08-08,PDF,pdf_table_extraction,structured_pdf_auto
IE-DS-5bdd6c315161ca,Limerick County,Limerick City and County Council,DS-061-20,"14 Ballywilliam Close, Ballywilliam North, Rathkeale, Co. Limerick","Unfinished Housing estate, Never Occupied",,52.5180815,-8.9288872,1,Transformed grid reference,authority_supplied_itm_transformed,site_point,536957,641151,EPSG:2157,,2020-07-20,0,https://www.limerick.ie/sites/default/files/media/documents/2026-03/derelict-site-register-2026.pdf,2026-03-01,2026-08-08,PDF,pdf_table_extraction,structured_pdf_auto
IE-DS-81a0c13012a021,Limerick County,Limerick City and County Council,DS-062-20,"15 Ballywilliam Close, Ballywilliam North, Rathkeale, Co. Limerick","Unfinished Housing estate, Never Occupied",,52.5178677,-8.9286322,1,Transformed grid reference,authority_supplied_itm_transformed,site_point,536974,641127,EPSG:2157,,2020-07-20,0,https://www.limerick.ie/sites/default/files/media/documents/2026-03/derelict-site-register-2026.pdf,2026-03-01,2026-08-08,PDF,pdf_table_extraction,structured_pdf_auto
IE-DS-8c1e5ea581c62e,Limerick County,Limerick City and County Council,DS-063-20,"16 Ballywilliam Close, Ballywilliam North, Rathkeale, Co. Limerick","Unfinished Housing estate, Never Occupied",,52.517716,-8.9284964,1,Transformed grid reference,authority_supplied_itm_transformed,site_point,536983,641110,EPSG:2157,,2020-07-20,0,https://www.limerick.ie/sites/default/files/media/documents/2026-03/derelict-site-register-2026.pdf,2026-03-01,2026-08-08,PDF,pdf_table_extraction,structured_pdf_auto
IE-DS-cb1a99bd69ef69,Limerick County,Limerick City and County Council,DS-064-20,"17 Ballywilliam Close, Ballywilliam North, Rathkeale, Co. Limerick","Unfinished Housing estate, Never Occupied",,52.5176182,-8.9283617,1,Transformed grid reference,authority_supplied_itm_transformed,site_point,536992,641099,EPSG:2157,,2020-07-20,0,https://www.limerick.ie/sites/default/files/media/documents/2026-03/derelict-site-register-2026.pdf,2026-03-01,2026-08-08,PDF,pdf_table_extraction,structured_pdf_auto
IE-DS-cfafea93931acc,Limerick County,Limerick City and County Council,DS-065-20,"18 Ballywilliam Close, Ballywilliam North, Rathkeale, Co. Limerick","Unfinished Housing estate, Never Occupied",,52.5174844,-8.9282263,1,Transformed grid reference,authority_supplied_itm_transformed,site_point,537001,641084,EPSG:2157,,2020-07-20,0,https://www.limerick.ie/sites/default/files/media/documents/2026-03/derelict-site-register-2026.pdf,2026-03-01,2026-08-08,PDF,pdf_table_extraction,structured_pdf_auto
IE-DS-a17e003eedcf26,Limerick County,Limerick City and County Council,DS-066-20,"19 Ballywilliam Close, Ballywilliam North, Rathkeale, Co. Limerick","Unfinished Housing estate, Never Occupied",,52.5173775,-8.9281062,1,Transformed grid reference,authority_supplied_itm_transformed,site_point,537009,641072,EPSG:2157,,2020-07-20,0,https://www.limerick.ie/sites/default/files/media/documents/2026-03/derelict-site-register-2026.pdf,2026-03-01,2026-08-08,PDF,pdf_table_extraction,structured_pdf_auto
IE-DS-8ee776d200c126,Limerick County,Limerick City and County Council,DS-067-20,"20 Ballywilliam Close, Ballywilliam North, Rathkeale, Co. Limerick","Unfinished Housing estate, Never Occupied",,52.5171283,-8.9277915,1,Transformed grid reference,authority_supplied_itm_transformed,site_point,537030,641044,EPSG:2157,,2020-07-20,0,https://www.limerick.ie/sites/default/files/media/documents/2026-03/derelict-site-register-2026.pdf,2026-03-01,2026-08-08,PDF,pdf_table_extraction,structured_pdf_auto
IE-DS-cbbf34569f9e55,Limerick County,Limerick City and County Council,DS-068-20,"21 Ballywilliam Close, Ballywilliam North, Rathkeale, Co. Limerick","Unfinished Housing estate, Never Occupied",,52.5170903,-8.9280559,1,Transformed grid reference,authority_supplied_itm_transformed,site_point,537012,641040,EPSG:2157,,2020-07-20,0,https://www.limerick.ie/sites/default/files/media/documents/2026-03/derelict-site-register-2026.pdf,2026-03-01,2026-08-08,PDF,pdf_table_extraction,structured_pdf_auto
IE-DS-e56de4d2f99489,Limerick County,Limerick City and County Council,DS-069-20,"22 Ballywilliam Close, Ballywilliam North, Rathkeale, Co. Limerick","Unfinished Housing estate, Never Occupied",,52.5170163,-8.9283196,1,Transformed grid reference,authority_supplied_itm_transformed,site_point,536994,641032,EPSG:2157,,2020-07-20,0,https://www.limerick.ie/sites/default/files/media/documents/2026-03/derelict-site-register-2026.pdf,2026-03-01,2026-08-08,PDF,pdf_table_extraction,structured_pdf_auto
IE-DS-0e4a192d7b318d,Limerick County,Limerick City and County Council,DS-070-20,"23 Ballywilliam Close, Ballywilliam North, Rathkeale, Co. Limerick","Unfinished Housing estate, Never Occupied",,52.5169508,-8.9286423,1,Transformed grid reference,authority_supplied_itm_transformed,site_point,536972,641025,EPSG:2157,,2020-07-20,0,https://www.limerick.ie/sites/default/files/media/documents/2026-03/derelict-site-register-2026.pdf,2026-03-01,2026-08-08,PDF,pdf_table_extraction,structured_pdf_auto
IE-DS-dfa9ae3f54f9f8,Limerick County,Limerick City and County Council,DS-071-20,"24 Ballywilliam Close, Ballywilliam North, Rathkeale, Co. Limerick","Unfinished Housing estate, Never Occupied",,52.5168952,-8.9288622,1,Transformed grid reference,authority_supplied_itm_transformed,site_point,536957,641019,EPSG:2157,,2020-07-20,0,https://www.limerick.ie/sites/default/files/media/documents/2026-03/derelict-site-register-2026.pdf,2026-03-01,2026-08-08,PDF,pdf_table_extraction,structured_pdf_auto
IE-DS-0d170e16b6a1f3,Limerick County,Limerick City and County Council,DS-072-20,"25 Ballywilliam Close, Ballywilliam North, Rathkeale, Co. Limerick","Unfinished Housing estate, Never Occupied",,52.5169824,-8.9292029,1,Transformed grid reference,authority_supplied_itm_transformed,site_point,536934,641029,EPSG:2157,,2020-07-20,0,https://www.limerick.ie/sites/default/files/media/documents/2026-03/derelict-site-register-2026.pdf,2026-03-01,2026-08-08,PDF,pdf_table_extraction,structured_pdf_auto
IE-DS-5ff64f659f0fb4,Limerick County,Limerick City and County Council,DS-073-20,"26 Ballywilliam Close, Ballywilliam North, Rathkeale, Co. Limerick","Unfinished Housing estate, Never Occupied",,52.5171164,-8.9293089,1,Transformed grid reference,authority_supplied_itm_transformed,site_point,536927,641044,EPSG:2157,,2020-07-20,0,https://www.limerick.ie/sites/default/files/media/documents/2026-03/derelict-site-register-2026.pdf,2026-03-01,2026-08-08,PDF,pdf_table_extraction,structured_pdf_auto
IE-DS-fa9b1405a1c291,Limerick County,Limerick City and County Council,DS-074-20,"27 Ballywilliam Close, Ballywilliam North, Rathkeale, Co. Limerick","Unfinished Housing estate, Never Occupied",,52.5172685,-8.9294005,1,Transformed grid reference,authority_supplied_itm_transformed,site_point,536921,641061,EPSG:2157,,2020-07-20,0,https://www.limerick.ie/sites/default/files/media/documents/2026-03/derelict-site-register-2026.pdf,2026-03-01,2026-08-08,PDF,pdf_table_extraction,structured_pdf_auto
IE-DS-a2518f21e031b0,Limerick County,Limerick City and County Council,DS-075-20,"28 Ballywilliam Close, Ballywilliam North, Rathkeale, Co. Limerick","Unfinished Housing estate, Never Occupied",,52.5174025,-8.9295064,1,Transformed grid reference,authority_supplied_itm_transformed,site_point,536914,641076,EPSG:2157,,2020-07-20,0,https://www.limerick.ie/sites/default/files/media/documents/2026-03/derelict-site-register-2026.pdf,2026-03-01,2026-08-08,PDF,pdf_table_extraction,structured_pdf_auto
IE-DS-9f4ce5897669e4,Limerick County,Limerick City and County Council,DS-076-20,"29 Ballywilliam Close, Ballywilliam North, Rathkeale, Co. Limerick","Unfinished Housing estate, Never Occupied",,52.5172734,-8.9299163,1,Transformed grid reference,authority_supplied_itm_transformed,site_point,536886,641062,EPSG:2157,,2020-07-20,0,https://www.limerick.ie/sites/default/files/media/documents/2026-03/derelict-site-register-2026.pdf,2026-03-01,2026-08-08,PDF,pdf_table_extraction,structured_pdf_auto
IE-DS-83245fcc9130b2,Limerick County,Limerick City and County Council,DS-077-20,"30 Ballywilliam Close, Ballywilliam North, Rathkeale, Co. Limerick","Unfinished Housing estate, Never Occupied",,52.5171394,-8.9298103,1,Transformed grid reference,authority_supplied_itm_transformed,site_point,536893,641047,EPSG:2157,,2020-07-20,0,https://www.limerick.ie/sites/default/files/media/documents/2026-03/derelict-site-register-2026.pdf,2026-03-01,2026-08-08,PDF,pdf_table_extraction,structured_pdf_auto
IE-DS-b175328d3cb48e,Limerick County,Limerick City and County Council,DS-078-20,"31 Ballywilliam Close, Ballywilliam North, Rathkeale, Co. Limerick","Unfinished Housing site, Never Occupied",,52.5169695,-8.9297036,1,Transformed grid reference,authority_supplied_itm_transformed,site_point,536900,641028,EPSG:2157,,2020-07-20,0,https://www.limerick.ie/sites/default/files/media/documents/2026-03/derelict-site-register-2026.pdf,2026-03-01,2026-08-08,PDF,pdf_table_extraction,structured_pdf_auto
IE-DS-7ab5c0b37bbf85,Limerick County,Limerick City and County Council,DS-079-20,"32 Ballywilliam Close, Ballywilliam North, Rathkeale, Co. Limerick","Unfinished Housing estate, Never Occupied",,52.5168443,-8.9296125,1,Transformed grid reference,authority_supplied_itm_transformed,site_point,536906,641014,EPSG:2157,,2020-07-20,0,https://www.limerick.ie/sites/default/files/media/documents/2026-03/derelict-site-register-2026.pdf,2026-03-01,2026-08-08,PDF,pdf_table_extraction,structured_pdf_auto
IE-DS-ecf34dfb9e1be1,Limerick County,Limerick City and County Council,DS-080-20,"33 Ballywilliam Close, Ballywilliam North, Rathkeale, Co. Limerick","Unfinished Housing estate, Never Occupied",,52.5167014,-8.9295064,1,Transformed grid reference,authority_supplied_itm_transformed,site_point,536913,640998,EPSG:2157,,2020-07-20,0,https://www.limerick.ie/sites/default/files/media/documents/2026-03/derelict-site-register-2026.pdf,2026-03-01,2026-08-08,PDF,pdf_table_extraction,structured_pdf_auto
IE-DS-4cb73086356386,Limerick County,Limerick City and County Council,DS-124-18,"11 Saint Mary's Terrace, Cappamore, Co. Limerick V94 XN4A",two-storey End of Terrace property,V94 XN4A,52.6121785,-8.3343376,1,Transformed grid reference,authority_supplied_itm_transformed,site_point,577357,651267,EPSG:2157,,2020-07-29,40000,https://www.limerick.ie/sites/default/files/media/documents/2026-03/derelict-site-register-2026.pdf,2026-03-01,2026-08-08,PDF,pdf_table_extraction,structured_pdf_auto
IE-DS-84b646a3ae67d8,Limerick County,Limerick City and County Council,DS-081-20,"Cois Na Feile, Clash, Abbeyfeale, Co. Limerick",Unfinished Development,,52.3826811,-9.2837934,1,Transformed grid reference,authority_supplied_itm_transformed,site_point,512603,626457,EPSG:2157,,2020-08-20,215000,https://www.limerick.ie/sites/default/files/media/documents/2026-03/derelict-site-register-2026.pdf,2026-03-01,2026-08-08,PDF,pdf_table_extraction,structured_pdf_auto
IE-DS-dc0a0705494227,Limerick County,Limerick City and County Council,DS-114-18,"Brewery Lane, Askeaton, Co. Limerick","two-storey, former commercial unit",,52.5994744,-8.9766059,1,Transformed grid reference,authority_supplied_itm_transformed,site_point,533841,650249,EPSG:2157,,2020-09-03,10000,https://www.limerick.ie/sites/default/files/media/documents/2026-03/derelict-site-register-2026.pdf,2026-03-01,2026-08-08,PDF,pdf_table_extraction,structured_pdf_auto
IE-DS-68ac812446f35a,Limerick County,Limerick City and County Council,DS-068-19,"Lower Main Street, Rathkeale, Co. Limerick.",Mid Terrace Two Storey Property,,52.5218851,-8.9412129,1,Transformed grid reference,authority_supplied_itm_transformed,site_point,536126,641585,EPSG:2157,,2020-09-04,60000,https://www.limerick.ie/sites/default/files/media/documents/2026-03/derelict-site-register-2026.pdf,2026-03-01,2026-08-08,PDF,pdf_table_extraction,structured_pdf_auto
IE-DS-23e6131088c8d1,Limerick County,Limerick City and County Council,DS-052-19,"Station Road, Bruree, Co. Limerick",Semi-detached residential property,,52.4238642,-8.6549745,1,Transformed grid reference,authority_supplied_itm_transformed,site_point,555452,630465,EPSG:2157,,2020-09-08,33000,https://www.limerick.ie/sites/default/files/media/documents/2026-03/derelict-site-register-2026.pdf,2026-03-01,2026-08-08,PDF,pdf_table_extraction,structured_pdf_auto
IE-DS-45351dd1c7e5a3,Limerick County,Limerick City and County Council,DS-043-20,"Garranroe, Patrickswell, Co. Limerick",Fire damaged Residential Bungalow,,52.5560324,-8.7268417,1,Transformed grid reference,authority_supplied_itm_transformed,site_point,550712,645216,EPSG:2157,,2020-09-08,55000,https://www.limerick.ie/sites/default/files/media/documents/2026-03/derelict-site-register-2026.pdf,2026-03-01,2026-08-08,PDF,pdf_table_extraction,structured_pdf_auto
IE-DS-95439895dc9347,Limerick County,Limerick City and County Council,DS-095-20,"Main Street, Ardagh, Co. Limerick",Single storey end of terrace property,,52.4950791,-9.0594865,1,Transformed grid reference,authority_supplied_itm_transformed,site_point,528056,638714,EPSG:2157,,2020-09-08,20000,https://www.limerick.ie/sites/default/files/media/documents/2026-03/derelict-site-register-2026.pdf,2026-03-01,2026-08-08,PDF,pdf_table_extraction,structured_pdf_auto
IE-DS-590be17eb355a4,Limerick County,Limerick City and County Council,DS-096-20,"Main Street, Ardagh, Co. Limerick",Detached single Storey Property,,52.495051,-9.0596184,1,Transformed grid reference,authority_supplied_itm_transformed,site_point,528047,638711,EPSG:2157,,2020-09-08,25000,https://www.limerick.ie/sites/default/files/media/documents/2026-03/derelict-site-register-2026.pdf,2026-03-01,2026-08-08,PDF,pdf_table_extraction,structured_pdf_auto
IE-DS-626b240fbed84a,Limerick County,Limerick City and County Council,DS-098-20,"Main Street, Ardagh, Co. Limerick",End of Terrace Two Storey Property,,52.4946754,-9.061406,1,Transformed grid reference,authority_supplied_itm_transformed,site_point,527925,638671,EPSG:2157,,2020-09-08,130000,https://www.limerick.ie/sites/default/files/media/documents/2026-03/derelict-site-register-2026.pdf,2026-03-01,2026-08-08,PDF,pdf_table_extraction,structured_pdf_auto
IE-DS-0a942140638b1c,Limerick County,Limerick City and County Council,DS-017-16,"Ballyanrahan East, Patrickswell, Co. Limerick",Unfinished Development,V94 T6XF,52.5971027,-8.7115796,1,Transformed grid reference,authority_supplied_itm_transformed,site_point,551792,649775,EPSG:2157,,2020-09-25,550000,https://www.limerick.ie/sites/default/files/media/documents/2026-03/derelict-site-register-2026.pdf,2026-03-01,2026-08-08,PDF,pdf_table_extraction,structured_pdf_auto
IE-DS-6515033e4717b8,Limerick City,Limerick City and County Council,DS-120-18,"4 Toll Cottages, Verdant Place, Limerick.",Derelict Cottage,,52.6705508,-8.6261735,1,Transformed grid reference,authority_supplied_itm_transformed,site_point,557649,657893,EPSG:2157,,2020-09-29,30000,https://www.limerick.ie/sites/default/files/media/documents/2026-03/derelict-site-register-2026.pdf,2026-03-01,2026-08-08,PDF,pdf_table_extraction,structured_pdf_auto
IE-DS-72505b589ce1e1,Limerick City,Limerick City and County Council,DS-119-18,"3 Toll Cottages, Verdant Place, Limerick.",Derelict Cottage,,52.6705058,-8.6261876,1,Transformed grid reference,authority_supplied_itm_transformed,site_point,557648,657888,EPSG:2157,,2020-09-29,30000,https://www.limerick.ie/sites/default/files/media/documents/2026-03/derelict-site-register-2026.pdf,2026-03-01,2026-08-08,PDF,pdf_table_extraction,structured_pdf_auto
IE-DS-86bbe817b65db1,Limerick City,Limerick City and County Council,DS-118-18,"2 Toll Cottages, Verdant Place, Limerick.",Derelict Cottage,,52.6704429,-8.6261867,1,Transformed grid reference,authority_supplied_itm_transformed,site_point,557648,657881,EPSG:2157,,2020-09-29,30000,https://www.limerick.ie/sites/default/files/media/documents/2026-03/derelict-site-register-2026.pdf,2026-03-01,2026-08-08,PDF,pdf_table_extraction,structured_pdf_auto
IE-DS-69555b77f41dcc,Limerick City,Limerick City and County Council,DS-117-18,"1 Toll Cottages, Verdant Place, Limerick.",Derelict Cottage,,52.670389,-8.6261712,1,Transformed grid reference,authority_supplied_itm_transformed,site_point,557649,657875,EPSG:2157,,2020-09-29,30000,https://www.limerick.ie/sites/default/files/media/documents/2026-03/derelict-site-register-2026.pdf,2026-03-01,2026-08-08,PDF,pdf_table_extraction,structured_pdf_auto
IE-DS-7cfa6684a1c9c4,Limerick City,Limerick City and County Council,DS-059-17,"112 Hyde Road, Prospect, Limerick",Two-storey End of Terrace dwelling,V94 4A71,52.6543126,-8.6255424,1,Transformed grid reference,authority_supplied_itm_transformed,site_point,557676,656086,EPSG:2157,,2020-10-20,27500,https://www.limerick.ie/sites/default/files/media/documents/2026-03/derelict-site-register-2026.pdf,2026-03-01,2026-08-08,PDF,pdf_table_extraction,structured_pdf_auto
IE-DS-6d01db2cde55ac,Limerick County,Limerick City and County Council,DS-062-16,"The Square, Rathkeale, Co. Limerick",Former commercial two storey property,V94 X8X6,52.5234374,-8.9347473,1,Transformed grid reference,authority_supplied_itm_transformed,site_point,536567,641752,EPSG:2157,,2020-10-30,120000,https://www.limerick.ie/sites/default/files/media/documents/2026-03/derelict-site-register-2026.pdf,2026-03-01,2026-08-08,PDF,pdf_table_extraction,structured_pdf_auto
IE-DS-ce4b2ecc7aa75f,Limerick County,Limerick City and County Council,DS-111-17,"Kerry Road, Abbeyfeale, Co. Limerick",End of terrace two-storey residential,V94 H6R3,52.3867629,-9.3026138,1,Transformed grid reference,authority_supplied_itm_transformed,site_point,511330,626934,EPSG:2157,,2020-11-10,20000,https://www.limerick.ie/sites/default/files/media/documents/2026-03/derelict-site-register-2026.pdf,2026-03-01,2026-08-08,PDF,pdf_table_extraction,structured_pdf_auto
IE-DS-34efe6c71645ef,Limerick County,Limerick City and County Council,DS-065-18,"Inglenook, Bruff, Co. Limerick",two-storey End of Terrace residence,V35 RY19,52.4738732,-8.54956,1,Transformed grid reference,authority_supplied_itm_transformed,site_point,562664,635969,EPSG:2157,,2020-11-10,90000,https://www.limerick.ie/sites/default/files/media/documents/2026-03/derelict-site-register-2026.pdf,2026-03-01,2026-08-08,PDF,pdf_table_extraction,structured_pdf_auto
IE-DS-06233a98af7fdb,Limerick County,Limerick City and County Council,DS-126-20,"Brewery Lane, Askeaton, Co. Limerick",Derelict Structure,,52.5995024,-8.9764737,1,Transformed grid reference,authority_supplied_itm_transformed,site_point,533850,650252,EPSG:2157,,2020-11-10,10000,https://www.limerick.ie/sites/default/files/media/documents/2026-03/derelict-site-register-2026.pdf,2026-03-01,2026-08-08,PDF,pdf_table_extraction,structured_pdf_auto
IE-DS-7740e0db4280ca,Limerick City,Limerick City and County Council,DS-114-19,"Enterprise Centre, Kilmallock Road, Limerick",Overgrown Strip of land,,52.6497006,-8.5996734,1,Transformed grid reference,authority_supplied_itm_transformed,site_point,559422,655558,EPSG:2157,,2020-11-05,10000,https://www.limerick.ie/sites/default/files/media/documents/2026-03/derelict-site-register-2026.pdf,2026-03-01,2026-08-08,PDF,pdf_table_extraction,structured_pdf_auto
IE-DS-763dad1ed56ae8,Limerick City,Limerick City and County Council,DS-042-19,"9A & 9B Thomondgate, Limerick",Two Floors of Mixed use Building,V94 XW59,52.6705194,-8.6287013,1,Transformed grid reference,authority_supplied_itm_transformed,site_point,557478,657891,EPSG:2157,,2020-11-05,60000,https://www.limerick.ie/sites/default/files/media/documents/2026-03/derelict-site-register-2026.pdf,2026-03-01,2026-08-08,PDF,pdf_table_extraction,structured_pdf_auto
IE-DS-6f17a366f93932,Limerick City,Limerick City and County Council,DS-060-16,"Ballycummin, Raheen, Limerick",Derelict Cottage,,52.6219328,-8.6738926,1,Transformed grid reference,authority_supplied_itm_transformed,site_point,554371,652513,EPSG:2157,,2020-11-24,75000,https://www.limerick.ie/sites/default/files/media/documents/2026-03/derelict-site-register-2026.pdf,2026-03-01,2026-08-08,PDF,pdf_table_extraction,structured_pdf_auto
IE-DS-f4d23b77854698,Limerick City,Limerick City and County Council,DS-020-18,"4 Robert Street, Limerick",Former Commercial Premises,V94 FY06,52.6637517,-8.6235336,1,Transformed grid reference,authority_supplied_itm_transformed,site_point,557821,657135,EPSG:2157,,2020-11-24,150000,https://www.limerick.ie/sites/default/files/media/documents/2026-03/derelict-site-register-2026.pdf,2026-03-01,2026-08-08,PDF,pdf_table_extraction,structured_pdf_auto
IE-DS-013a1fc2220f74,Limerick City,Limerick City and County Council,DS-006-11,"3 & 4 Creagh Lane, Limerick",2no. two-storey Mid Terrace Houses,V94 K71H,52.6673627,-8.6222396,1,Transformed grid reference,authority_supplied_itm_transformed,site_point,557912,657536,EPSG:2157,,2020-11-24,70000,https://www.limerick.ie/sites/default/files/media/documents/2026-03/derelict-site-register-2026.pdf,2026-03-01,2026-08-08,PDF,pdf_table_extraction,structured_pdf_auto
IE-DS-8b8774ba6b2ed0,Limerick County,Limerick City and County Council,DS-129-20,"Main Street, Abbeyfeale, Co. Limerick",Three Storey End of Terrace Property,,52.3854867,-9.2993295,1,Transformed grid reference,authority_supplied_itm_transformed,site_point,511551,626788,EPSG:2157,,2020-12-01,60000,https://www.limerick.ie/sites/default/files/media/documents/2026-03/derelict-site-register-2026.pdf,2026-03-01,2026-08-08,PDF,pdf_table_extraction,structured_pdf_auto
IE-DS-a47a3e14983e8d,Limerick County,Limerick City and County Council,DS-161-20,"Ballywilliam, Rathkeale, Co. Limerick",Neglected land,,52.5179419,-8.9306376,1,Transformed grid reference,authority_supplied_itm_transformed,site_point,536838,641137,EPSG:2157,,2020-12-08,90000,https://www.limerick.ie/sites/default/files/media/documents/2026-03/derelict-site-register-2026.pdf,2026-03-01,2026-08-08,PDF,pdf_table_extraction,structured_pdf_auto
IE-DS-ac881330a09629,Limerick County,Limerick City and County Council,DS-163-20,"Lower Main Street, Rathkeale, Co. Limerick.",Three Storey End of Terrace premises,,52.5229657,-8.939836,1,Transformed grid reference,authority_supplied_itm_transformed,site_point,536221,641704,EPSG:2157,,2020-12-08,150000,https://www.limerick.ie/sites/default/files/media/documents/2026-03/derelict-site-register-2026.pdf,2026-03-01,2026-08-08,PDF,pdf_table_extraction,structured_pdf_auto
IE-DS-92a583703f4515,Limerick County,Limerick City and County Council,DS-164-20,"Church Street, Abbeyfeale, Co. Limerick","Mixed Use, two storey corner premises",,52.3856412,-9.3016258,1,Transformed grid reference,authority_supplied_itm_transformed,site_point,511395,626808,EPSG:2157,,2020-12-08,200000,https://www.limerick.ie/sites/default/files/media/documents/2026-03/derelict-site-register-2026.pdf,2026-03-01,2026-08-08,PDF,pdf_table_extraction,structured_pdf_auto
IE-DS-3a03e8400cfc75,Limerick City,Limerick City and County Council,DS-052-16,"Ballyclough Avenue, Castletroy, Limerick",Detached residential property and site,V94 23C4,52.6592614,-8.5304488,1,Transformed grid reference,authority_supplied_itm_transformed,site_point,564114,656585,EPSG:2157,,2021-02-11,200000,https://www.limerick.ie/sites/default/files/media/documents/2026-03/derelict-site-register-2026.pdf,2026-03-01,2026-08-08,PDF,pdf_table_extraction,structured_pdf_auto
IE-DS-8f85b3f41777d6,Limerick County,Limerick City and County Council,DS-105-19,"Tonterre, Caherconlish, Co. Limerick",Semi detached two-storey residential with associated outbuildings,V94 A9WF,52.5516552,-8.4454112,1,Transformed grid reference,authority_supplied_itm_transformed,site_point,569793,644574,EPSG:2157,,2021-02-24,80000,https://www.limerick.ie/sites/default/files/media/documents/2026-03/derelict-site-register-2026.pdf,2026-03-01,2026-08-08,PDF,pdf_table_extraction,structured_pdf_auto
IE-DS-57a6f73551752b,Limerick County,Limerick City and County Council,DS-100-20,"Wolfe Tone Street, Kilmallock, Co. Limerick",Four storey former commercial mill property,,52.3998434,-8.5743998,1,Transformed grid reference,authority_supplied_itm_transformed,site_point,560911,627746,EPSG:2157,,2021-03-10,50000,https://www.limerick.ie/sites/default/files/media/documents/2026-03/derelict-site-register-2026.pdf,2026-03-01,2026-08-08,PDF,pdf_table_extraction,structured_pdf_auto
IE-DS-318d30cf67b5b4,Limerick County,Limerick City and County Council,DS-025-15,"Glebe Road, Kilfinane, Co. Limerick",Detached bungalow residence,V35 DP98,52.3606731,-8.4657752,1,Transformed grid reference,authority_supplied_itm_transformed,site_point,568275,623335,EPSG:2157,,2021-03-24,35000,https://www.limerick.ie/sites/default/files/media/documents/2026-03/derelict-site-register-2026.pdf,2026-03-01,2026-08-08,PDF,pdf_table_extraction,structured_pdf_auto
IE-DS-7c31b422e17a20,Limerick County,Limerick City and County Council,DS-077-18,"Main Street, Oola, Co. Limerick.",Semi detached two-storey residential property & garage,E34 RK75,52.531754,-8.2624504,1,Transformed grid reference,authority_supplied_itm_transformed,site_point,582193,642299,EPSG:2157,,2021-03-31,50000,https://www.limerick.ie/sites/default/files/media/documents/2026-03/derelict-site-register-2026.pdf,2026-03-01,2026-08-08,PDF,pdf_table_extraction,structured_pdf_auto
IE-DS-91b1b3ba3e0fd8,Limerick City,Limerick City and County Council,DS-022-18,"Pikes Row, William Street Upper, Limerick V94 DE26",Store Building,V94 DE26,52.6625103,-8.6220229,1,Transformed grid reference,authority_supplied_itm_transformed,site_point,557922,656996,EPSG:2157,,2021-04-13,45000,https://www.limerick.ie/sites/default/files/media/documents/2026-03/derelict-site-register-2026.pdf,2026-03-01,2026-08-08,PDF,pdf_table_extraction,structured_pdf_auto
IE-DS-5499757985c430,Limerick City,Limerick City and County Council,DS-112-17,"Upper Carey Road, Limerick",Commercial Storage Premises,,52.6557128,-8.6207883,1,Transformed grid reference,authority_supplied_itm_transformed,site_point,557999,656239,EPSG:2157,,2021-04-16,50000,https://www.limerick.ie/sites/default/files/media/documents/2026-03/derelict-site-register-2026.pdf,2026-03-01,2026-08-08,PDF,pdf_table_extraction,structured_pdf_auto
IE-DS-58178db79eeefb,Limerick County,Limerick City and County Council,DS-193-20,"Church Street, Rathkeale, Co. Limerick",Detached former commercial property,V94 P4V6,52.5198717,-8.9434685,1,Transformed grid reference,authority_supplied_itm_transformed,site_point,535970,641363,EPSG:2157,,2021-04-21,120000,https://www.limerick.ie/sites/default/files/media/documents/2026-03/derelict-site-register-2026.pdf,2026-03-01,2026-08-08,PDF,pdf_table_extraction,structured_pdf_auto
IE-DS-c28edd486c0644,Limerick County,Limerick City and County Council,DS-140-20,"Abbey View, Askeaton, Co. Limerick",Single Story Detached property,,52.6017829,-8.9756977,1,Transformed grid reference,authority_supplied_itm_transformed,site_point,533906,650505,EPSG:2157,,2021-04-21,10000,https://www.limerick.ie/sites/default/files/media/documents/2026-03/derelict-site-register-2026.pdf,2026-03-01,2026-08-08,PDF,pdf_table_extraction,structured_pdf_auto
IE-DS-182f9643fd7e9f,Limerick City,Limerick City and County Council,DS-142-20,"12 Davin Gardens, Caherdavin, Limerick V94 WP0N",Two Storey semi-detached residence,V94 WP0N,52.6743794,-8.6561419,1,Transformed grid reference,authority_supplied_itm_transformed,site_point,555626,658337,EPSG:2157,,2021-05-17,60000,https://www.limerick.ie/sites/default/files/media/documents/2026-03/derelict-site-register-2026.pdf,2026-03-01,2026-08-08,PDF,pdf_table_extraction,structured_pdf_auto
IE-DS-c2d22eb40c4f11,Limerick City,Limerick City and County Council,DS-048-17,"34 Hyde Avenue, Ballinacurra Weston, Limerick",End of terrace two-storey residential,V94 A78W,52.6489826,-8.628954,1,Transformed grid reference,authority_supplied_itm_transformed,site_point,557440,655495,EPSG:2157,,2021-05-25,20000,https://www.limerick.ie/sites/default/files/media/documents/2026-03/derelict-site-register-2026.pdf,2026-03-01,2026-08-08,PDF,pdf_table_extraction,structured_pdf_auto
IE-DS-e2c80b611289a7,Limerick City,Limerick City and County Council,DS-079-19,"Woodworkers Store, Sexton Street North, Thomondgate, Limerick",Former Commercial Property and Residence,,52.6723036,-8.6379535,1,Transformed grid reference,authority_supplied_itm_transformed,site_point,556854,658095,EPSG:2157,,2021-05-25,450000,https://www.limerick.ie/sites/default/files/media/documents/2026-03/derelict-site-register-2026.pdf,2026-03-01,2026-08-08,PDF,pdf_table_extraction,structured_pdf_auto
IE-DS-9c99116a6aa6c6,Limerick City,Limerick City and County Council,DS-038-21,"18 & 26 Lower Gerald Griffin Street, Limerick",Commercial Units and Yards,,52.6624894,-8.6208695,1,Transformed grid reference,authority_supplied_itm_transformed,site_point,558000,656993,EPSG:2157,,2021-06-23,350000,https://www.limerick.ie/sites/default/files/media/documents/2026-03/derelict-site-register-2026.pdf,2026-03-01,2026-08-08,PDF,pdf_table_extraction,structured_pdf_auto
IE-DS-52a5af216de2ca,Limerick County,Limerick City and County Council,DS-007-21,"13 The Hawthorns, Ballyagran, Co. Limerick",Two Storey detached residence,,52.4027094,-8.7815305,1,Transformed grid reference,authority_supplied_itm_transformed,site_point,546819,628197,EPSG:2157,,2021-06-23,135000,https://www.limerick.ie/sites/default/files/media/documents/2026-03/derelict-site-register-2026.pdf,2026-03-01,2026-08-08,PDF,pdf_table_extraction,structured_pdf_auto
IE-DS-f86197bf4077f3,Limerick City,Limerick City and County Council,DS-040-21,"Parkside, 19 Clare Street, Limerick",Mid Terrace two-storey premises,V94 T9NX,52.6662112,-8.6155557,1,Transformed grid reference,authority_supplied_itm_transformed,site_point,558363,657404,EPSG:2157,,2021-06-23,130000,https://www.limerick.ie/sites/default/files/media/documents/2026-03/derelict-site-register-2026.pdf,2026-03-01,2026-08-08,PDF,pdf_table_extraction,structured_pdf_auto
IE-DS-a88a7917defd50,Limerick City,Limerick City and County Council,DS-039-21,"28 St. Lelia Street, Limerick",Two-storey mid terrace residence,V94 W0FD,52.6663453,-8.6156906,1,Transformed grid reference,authority_supplied_itm_transformed,site_point,558354,657419,EPSG:2157,,2021-06-23,70000,https://www.limerick.ie/sites/default/files/media/documents/2026-03/derelict-site-register-2026.pdf,2026-03-01,2026-08-08,PDF,pdf_table_extraction,structured_pdf_auto
IE-DS-bda61c4937b99e,Limerick City,Limerick City and County Council,DS-103-19,"Mulcair Drive, Annacotty, Co. Limerick.",Detached residential cottage,,52.6690035,-8.5306703,1,Transformed grid reference,authority_supplied_itm_transformed,site_point,564107,657669,EPSG:2157,,2021-08-11,125000,https://www.limerick.ie/sites/default/files/media/documents/2026-03/derelict-site-register-2026.pdf,2026-03-01,2026-08-08,PDF,pdf_table_extraction,structured_pdf_auto
IE-DS-f046acc41143eb,Limerick City,Limerick City and County Council,DS-045-21,"10 Lower Hartstonge Street, Limerick V94 AP60",Mid terrace Four Storey Residence,V94 AP60,52.6597214,-8.6327001,1,Transformed grid reference,authority_supplied_itm_transformed,site_point,557197,656692,EPSG:2157,,2021-08-16,200000,https://www.limerick.ie/sites/default/files/media/documents/2026-03/derelict-site-register-2026.pdf,2026-03-01,2026-08-08,PDF,pdf_table_extraction,structured_pdf_auto
IE-DS-b51ce6e0c313b1,Limerick City,Limerick City and County Council,DS-098-19,"7 O'Dwyer Villas, Thomondgate, Limerick V94 PC5D",End of Terrace two-storey residence,V94 PC5D,52.6719719,-8.6293728,1,Transformed grid reference,authority_supplied_itm_transformed,site_point,557434,658053,EPSG:2157,,2021-09-07,90000,https://www.limerick.ie/sites/default/files/media/documents/2026-03/derelict-site-register-2026.pdf,2026-03-01,2026-08-08,PDF,pdf_table_extraction,structured_pdf_auto
IE-DS-c369e272bc2730,Limerick City,Limerick City and County Council,DS-027-20,"Rockmount, O'Donoghue Avenue, Janesboro, Limerick V94 DV58",Semi-Detached two-storey residence,V94 DV58,52.6510926,-8.6173976,1,Transformed grid reference,authority_supplied_itm_transformed,site_point,558224,655723,EPSG:2157,,2021-09-07,80000,https://www.limerick.ie/sites/default/files/media/documents/2026-03/derelict-site-register-2026.pdf,2026-03-01,2026-08-08,PDF,pdf_table_extraction,structured_pdf_auto
IE-DS-0f83baadea78e2,Limerick County,Limerick City and County Council,DS-001-21,"Wolfe Tone Street, Kilmallock, Co. Limerick",Mid terrace two-storey residential property,,52.400226,-8.5733467,1,Transformed grid reference,authority_supplied_itm_transformed,site_point,560983,627788,EPSG:2157,,2021-09-17,25000,https://www.limerick.ie/sites/default/files/media/documents/2026-03/derelict-site-register-2026.pdf,2026-03-01,2026-08-08,PDF,pdf_table_extraction,structured_pdf_auto
IE-DS-91687523b4df08,Limerick County,Limerick City and County Council,DS-015-21,"Bridge Street, Croom, Co. Limerick",Two storey dwelling,,52.5190639,-8.7179064,1,Transformed grid reference,authority_supplied_itm_transformed,site_point,551277,641097,EPSG:2157,,2021-09-17,60000,https://www.limerick.ie/sites/default/files/media/documents/2026-03/derelict-site-register-2026.pdf,2026-03-01,2026-08-08,PDF,pdf_table_extraction,structured_pdf_auto
IE-DS-2cba1becc7f027,Limerick County,Limerick City and County Council,DS-016-21,"Bridge Street, Croom, Co. Limerick",Two storey dwelling,,52.5190824,-8.717833,1,Transformed grid reference,authority_supplied_itm_transformed,site_point,551282,641099,EPSG:2157,,2021-09-17,60000,https://www.limerick.ie/sites/default/files/media/documents/2026-03/derelict-site-register-2026.pdf,2026-03-01,2026-08-08,PDF,pdf_table_extraction,structured_pdf_auto
IE-DS-4656c86d5b1cbf,Limerick County,Limerick City and County Council,DS-017-21,"Bridge Street, Croom, Co. Limerick",Two storey dwelling,,52.519065,-8.7177296,1,Transformed grid reference,authority_supplied_itm_transformed,site_point,551289,641097,EPSG:2157,,2021-09-17,60000,https://www.limerick.ie/sites/default/files/media/documents/2026-03/derelict-site-register-2026.pdf,2026-03-01,2026-08-08,PDF,pdf_table_extraction,structured_pdf_auto
IE-DS-be5797810a2acc,Limerick City,Limerick City and County Council,DS-029-21,"157 Hyde Road, Prospect, Limerick V94 P6KF",Mid-terrace Residential Premises,V94 P6KF,52.6548034,-8.6245148,1,Transformed grid reference,authority_supplied_itm_transformed,site_point,557746,656140,EPSG:2157,,2021-09-22,40000,https://www.limerick.ie/sites/default/files/media/documents/2026-03/derelict-site-register-2026.pdf,2026-03-01,2026-08-08,PDF,pdf_table_extraction,structured_pdf_auto
IE-DS-e366c93331f6aa,Limerick County,Limerick City and County Council,DS-137-20,"The Hill, Abbeyfeale, Co. Limerick",Detached Single Storey Residence,,52.3683638,-9.304936,1,Transformed grid reference,authority_supplied_itm_transformed,site_point,511135,624890,EPSG:2157,,2021-09-27,30000,https://www.limerick.ie/sites/default/files/media/documents/2026-03/derelict-site-register-2026.pdf,2026-03-01,2026-08-08,PDF,pdf_table_extraction,structured_pdf_auto
IE-DS-a63c553df4e2ad,Limerick County,Limerick City and County Council,DS-192-20,"Kilcornan House, Kilcornan, Co. Limerick",Former Petrol Station & Public House,V94 A3E5,52.6188185,-8.8776898,1,Transformed grid reference,authority_supplied_itm_transformed,site_point,540568,652315,EPSG:2157,,2021-09-27,160000,https://www.limerick.ie/sites/default/files/media/documents/2026-03/derelict-site-register-2026.pdf,2026-03-01,2026-08-08,PDF,pdf_table_extraction,structured_pdf_auto
IE-DS-5a28e016a66159,Limerick County,Limerick City and County Council,DS-194-20,"Church Street, Rathkeale, Co. Limerick",Former Gas Works site,V94 KW67,52.520128,-8.9428846,1,Transformed grid reference,authority_supplied_itm_transformed,site_point,536010,641391,EPSG:2157,,2021-09-27,100000,https://www.limerick.ie/sites/default/files/media/documents/2026-03/derelict-site-register-2026.pdf,2026-03-01,2026-08-08,PDF,pdf_table_extraction,structured_pdf_auto
IE-DS-bc8e9404401f92,Limerick County,Limerick City and County Council,DS-012-19,"Main Street, Athea, Co. Limerick",End of Terrace Two Storey Residence,V94 XH64,52.4609842,-9.2903378,1,Transformed grid reference,authority_supplied_itm_transformed,site_point,512313,635176,EPSG:2157,,2021-10-06,75000,https://www.limerick.ie/sites/default/files/media/documents/2026-03/derelict-site-register-2026.pdf,2026-03-01,2026-08-08,PDF,pdf_table_extraction,structured_pdf_auto
IE-DS-6896c28fba690c,Limerick City,Limerick City and County Council,DS-052-21,"Spitalland, Old Cork Road, Limerick",neglected land,,52.6536662,-8.6081374,1,Transformed grid reference,authority_supplied_itm_transformed,site_point,558853,656004,EPSG:2157,,2021-11-02,125000,https://www.limerick.ie/sites/default/files/media/documents/2026-03/derelict-site-register-2026.pdf,2026-03-01,2026-08-08,PDF,pdf_table_extraction,structured_pdf_auto
IE-DS-c9709f24c00dca,Limerick County,Limerick City and County Council,DS-053-21,"Ballyphillip, Bruree, Co. Limerick",Farm house and yard,,52.4625442,-8.6939123,1,Transformed grid reference,authority_supplied_itm_transformed,site_point,552845,634793,EPSG:2157,,2021-11-02,70000,https://www.limerick.ie/sites/default/files/media/documents/2026-03/derelict-site-register-2026.pdf,2026-03-01,2026-08-08,PDF,pdf_table_extraction,structured_pdf_auto
IE-DS-55f8430e78d57a,Limerick City,Limerick City and County Council,DS-075-21,"Daly's Cross, Collreiry, Co. Limerick",Two-storey residential dwelling and adjoining single-storey premises,,52.7092069,-8.4910541,1,Transformed grid reference,authority_supplied_itm_transformed,site_point,566817,662123,EPSG:2157,,2021-11-02,40000,https://www.limerick.ie/sites/default/files/media/documents/2026-03/derelict-site-register-2026.pdf,2026-03-01,2026-08-08,PDF,pdf_table_extraction,structured_pdf_auto
IE-DS-2c4aeca1fef83f,Limerick County,Limerick City and County Council,DS-092-20,"Monaster North, Croom, Co. Limerick",Residential Premises,V35 D437,52.5210374,-8.6710951,1,Transformed grid reference,authority_supplied_itm_transformed,site_point,554456,641286,EPSG:2157,,2021-11-10,35000,https://www.limerick.ie/sites/default/files/media/documents/2026-03/derelict-site-register-2026.pdf,2026-03-01,2026-08-08,PDF,pdf_table_extraction,structured_pdf_auto
IE-DS-52b8ecd2fb135c,Limerick County,Limerick City and County Council,DS-020-21,"Lower Main Street, Kilfinane, Co. Limerick","Two no., mid terrace two-storey commercial buildings",V35 X386,52.3595167,-8.4672606,1,Transformed grid reference,authority_supplied_itm_transformed,site_point,568173,623207,EPSG:2157,,2021-11-10,45000,https://www.limerick.ie/sites/default/files/media/documents/2026-03/derelict-site-register-2026.pdf,2026-03-01,2026-08-08,PDF,pdf_table_extraction,structured_pdf_auto
IE-DS-2d4d27dddc59a6,Limerick City,Limerick City and County Council,DS-081-21,"90 Hyde Road, Prospect, Limerick",End of Terrace two-storey residence,V94 PT1H,52.6537723,-8.6257268,1,Transformed grid reference,authority_supplied_itm_transformed,site_point,557663,656026,EPSG:2157,,2021-12-01,25000,https://www.limerick.ie/sites/default/files/media/documents/2026-03/derelict-site-register-2026.pdf,2026-03-01,2026-08-08,PDF,pdf_table_extraction,structured_pdf_auto
IE-DS-acfa8c7115af24,Limerick City,Limerick City and County Council,DS-114-21,"20 Rossa Avenue, Garryowen, Limerick",two-storey Mid Terrace,V94 V08C,52.6604006,-8.6163905,1,Transformed grid reference,authority_supplied_itm_transformed,site_point,558301,656758,EPSG:2157,,2021-12-17,100000,https://www.limerick.ie/sites/default/files/media/documents/2026-03/derelict-site-register-2026.pdf,2026-03-01,2026-08-08,PDF,pdf_table_extraction,structured_pdf_auto
IE-DS-c0e8d3594ad794,Limerick County,Limerick City and County Council,DS-151-20,"L1152, Old Pallas, Co. Limerick",Two adjoining residential premises,,52.5489071,-8.3542481,1,Transformed grid reference,authority_supplied_itm_transformed,site_point,575974,644234,EPSG:2157,,2022-02-04,70000,https://www.limerick.ie/sites/default/files/media/documents/2026-03/derelict-site-register-2026.pdf,2026-03-01,2026-08-08,PDF,pdf_table_extraction,structured_pdf_auto
IE-DS-8404313965f18d,Limerick County,Limerick City and County Council,DS-146-20,"Tipperary Road, Castlelloyd, Oola, Co. Limerick",Residential & commercial premises,E34 F859,52.5353292,-8.267439,1,Transformed grid reference,authority_supplied_itm_transformed,site_point,581856,642698,EPSG:2157,,2022-02-04,70000,https://www.limerick.ie/sites/default/files/media/documents/2026-03/derelict-site-register-2026.pdf,2026-03-01,2026-08-08,PDF,pdf_table_extraction,structured_pdf_auto
IE-DS-ce1678ba11b3b1,Limerick County,Limerick City and County Council,DS-008-21,"Main Street, Croom, Co. Limerick",Two storey residential dwelling,,52.5199914,-8.7176268,1,Transformed grid reference,authority_supplied_itm_transformed,site_point,551297,641200,EPSG:2157,,2022-02-04,50000,https://www.limerick.ie/sites/default/files/media/documents/2026-03/derelict-site-register-2026.pdf,2026-03-01,2026-08-08,PDF,pdf_table_extraction,structured_pdf_auto
IE-DS-8c6b5bd4fba2c5,Limerick City,Limerick City and County Council,DS-054-21,"Shines, 4 Lower Gerald Griffin Street,",Mid Terrace Residential,,52.6619545,-8.6217489,1,Transformed grid reference,authority_supplied_itm_transformed,site_point,557940,656934,EPSG:2157,,2022-02-04,70000,https://www.limerick.ie/sites/default/files/media/documents/2026-03/derelict-site-register-2026.pdf,2026-03-01,2026-08-08,PDF,pdf_table_extraction,structured_pdf_auto
IE-DS-809e052c66cdf6,Limerick City,Limerick City and County Council,DS-055-21,"3,4 Lower Gerald Griffin Street, Limerick",Mid Terrace Residential/ Commercial,V94 Y01P,52.6619271,-8.6218372,1,Transformed grid reference,authority_supplied_itm_transformed,site_point,557934,656931,EPSG:2157,,2022-02-04,150000,https://www.limerick.ie/sites/default/files/media/documents/2026-03/derelict-site-register-2026.pdf,2026-03-01,2026-08-08,PDF,pdf_table_extraction,structured_pdf_auto
IE-DS-f143f0eab2ec3f,Limerick City,Limerick City and County Council,DS-095-21,"CBS Sexton Street, Roxborough Road, Limerick V94 NF25",Former school building,V94 NF25,52.6595799,-8.6203553,1,Transformed grid reference,authority_supplied_itm_transformed,site_point,558032,656669,EPSG:2157,,2022-02-04,250000,https://www.limerick.ie/sites/default/files/media/documents/2026-03/derelict-site-register-2026.pdf,2026-03-01,2026-08-08,PDF,pdf_table_extraction,structured_pdf_auto
IE-DS-b2c049a6559506,Limerick City,Limerick City and County Council,DS-109-21,"20 Johnsgate Village, Johnsgate, Limerick V94 EHW0",two-storey mid terrace,V94 EHW0,52.66442,-8.6177776,1,Transformed grid reference,authority_supplied_itm_transformed,site_point,558211,657206,EPSG:2157,,2022-02-04,50000,https://www.limerick.ie/sites/default/files/media/documents/2026-03/derelict-site-register-2026.pdf,2026-03-01,2026-08-08,PDF,pdf_table_extraction,structured_pdf_auto
IE-DS-81b5f035833456,Limerick City,Limerick City and County Council,DS-051-21,"11 O'Curry Street, Limerick V94 Y959",End of Terrace Commercial Building,V94 Y959,52.6589343,-8.6353346,1,Transformed grid reference,authority_supplied_itm_transformed,site_point,557018,656606,EPSG:2157,,2022-02-22,150000,https://www.limerick.ie/sites/default/files/media/documents/2026-03/derelict-site-register-2026.pdf,2026-03-01,2026-08-08,PDF,pdf_table_extraction,structured_pdf_auto
IE-DS-f7d17feb6bbd19,Limerick County,Limerick City and County Council,DS-004-21,"West End, Church Street, Dromcollogher, Co. Limerick",End of Terrace Residential Building,P56 X074,52.3387205,-8.9106548,1,Transformed grid reference,authority_supplied_itm_transformed,site_point,537943,621181,EPSG:2157,,2022-02-22,90000,https://www.limerick.ie/sites/default/files/media/documents/2026-03/derelict-site-register-2026.pdf,2026-03-01,2026-08-08,PDF,pdf_table_extraction,structured_pdf_auto
IE-DS-8b324aa0ad179c,Limerick County,Limerick City and County Council,DS-104-21,"Feoghanagh, Co. Limerick",TWO storey Roadside Mixed Use Property,V42 P578,52.3842202,-8.9717607,1,Transformed grid reference,authority_supplied_itm_transformed,site_point,533847,626297,EPSG:2157,,2022-02-22,40000,https://www.limerick.ie/sites/default/files/media/documents/2026-03/derelict-site-register-2026.pdf,2026-03-01,2026-08-08,PDF,pdf_table_extraction,structured_pdf_auto
IE-DS-86aaa1c96e9d6c,Limerick County,Limerick City and County Council,DS-105-21,"Feoghanagh, Co. Limerick",Single Storey Former School House,V42 FT53,52.3835875,-8.9699987,1,Transformed grid reference,authority_supplied_itm_transformed,site_point,533966,626225,EPSG:2157,,2022-02-22,50000,https://www.limerick.ie/sites/default/files/media/documents/2026-03/derelict-site-register-2026.pdf,2026-03-01,2026-08-08,PDF,pdf_table_extraction,structured_pdf_auto
IE-DS-eb22e1ada9292d,Limerick County,Limerick City and County Council,DS-012-21,"West End, Kilfinane, Co. Limerick",two-storey terrace residence,V35 EK77,52.3583791,-8.4708014,1,Transformed grid reference,authority_supplied_itm_transformed,site_point,567931,623082,EPSG:2157,,2022-02-22,60000,https://www.limerick.ie/sites/default/files/media/documents/2026-03/derelict-site-register-2026.pdf,2026-03-01,2026-08-08,PDF,pdf_table_extraction,structured_pdf_auto
IE-DS-bc501cbd89b782,Limerick County,Limerick City and County Council,DS-034-21,"Ballynacragga, Foynes, Co. Limerick V94 T2K0","Commercial multi-storey unit, former hospital",V94 T2K0,52.6108548,-9.1101498,1,Transformed grid reference,authority_supplied_itm_transformed,site_point,524814,651646,EPSG:2157,,2022-02-22,275000,https://www.limerick.ie/sites/default/files/media/documents/2026-03/derelict-site-register-2026.pdf,2026-03-01,2026-08-08,PDF,pdf_table_extraction,structured_pdf_auto
IE-DS-20e5456fb43736,Limerick County,Limerick City and County Council,DS-003-21,"Main Street, Ballingarry, Co. Limerick","Two storey dwelling, mid-terraced",,52.4729844,-8.8626273,1,Transformed grid reference,authority_supplied_itm_transformed,site_point,541394,636078,EPSG:2157,,2022-03-11,40000,https://www.limerick.ie/sites/default/files/media/documents/2026-03/derelict-site-register-2026.pdf,2026-03-01,2026-08-08,PDF,pdf_table_extraction,structured_pdf_auto
IE-DS-6397f4e6cdb126,Limerick City,Limerick City and County Council,DS-075-17,"9 Saint Munchin's Terrace, Sexton Street North, Limerick",Mid Terrace Cottage,V94 WYH4,52.6722279,-8.6369765,1,Transformed grid reference,authority_supplied_itm_transformed,site_point,556920,658086,EPSG:2157,,2022-03-14,40000,https://www.limerick.ie/sites/default/files/media/documents/2026-03/derelict-site-register-2026.pdf,2026-03-01,2026-08-08,PDF,pdf_table_extraction,structured_pdf_auto
IE-DS-41821eaf69ad41,Limerick City,Limerick City and County Council,DS-099-21,"30 William Street Upper, Limerick",neglected land,,52.6604746,-8.6211514,1,Transformed grid reference,authority_supplied_itm_transformed,site_point,557979,656769,EPSG:2157,,2022-03-22,80000,https://www.limerick.ie/sites/default/files/media/documents/2026-03/derelict-site-register-2026.pdf,2026-03-01,2026-08-08,PDF,pdf_table_extraction,structured_pdf_auto
IE-DS-523254c9fa3113,Limerick City,Limerick City and County Council,DS-088-21,"2 Ryan's Cottage's, Rosbrien Road, Limerick V94 P2FE",Mid Terrace Cottage,V94 P2FE,52.6517734,-8.6331617,1,Transformed grid reference,authority_supplied_itm_transformed,site_point,557158,655808,EPSG:2157,,2022-04-19,80000,https://www.limerick.ie/sites/default/files/media/documents/2026-03/derelict-site-register-2026.pdf,2026-03-01,2026-08-08,PDF,pdf_table_extraction,structured_pdf_auto
IE-DS-8bd380f9ac2915,Limerick County,Limerick City and County Council,DS-131-21,"Old Church Street, Abbeyfeale, Co. Limerick",Former Storage Unit,,52.3854151,-9.3017514,1,Transformed grid reference,authority_supplied_itm_transformed,site_point,511386,626783,EPSG:2157,,2022-04-20,5000,https://www.limerick.ie/sites/default/files/media/documents/2026-03/derelict-site-register-2026.pdf,2026-03-01,2026-08-08,PDF,pdf_table_extraction,structured_pdf_auto
IE-DS-3c58c1b9607451,Limerick City,Limerick City and County Council,DS-018-22,"19 Saint Ita's Street, Saint Mary's Park, Limerick V94 WP0E",End of Terrace two-storey residence,V94 WP0E,52.6752445,-8.6274975,1,Transformed grid reference,authority_supplied_itm_transformed,site_point,557564,658416,EPSG:2157,,2022-04-21,30000,https://www.limerick.ie/sites/default/files/media/documents/2026-03/derelict-site-register-2026.pdf,2026-03-01,2026-08-08,PDF,pdf_table_extraction,structured_pdf_auto
IE-DS-f02d311c955936,Limerick County,Limerick City and County Council,DS-013-22,"Liskennett West, Granagh, Co. Limerick V35 W582",Cottage and surrounding land,V35 W582,52.4599662,-8.7608688,1,Transformed grid reference,authority_supplied_itm_transformed,site_point,548292,634552,EPSG:2157,,2022-05-03,40000,https://www.limerick.ie/sites/default/files/media/documents/2026-03/derelict-site-register-2026.pdf,2026-03-01,2026-08-08,PDF,pdf_table_extraction,structured_pdf_auto
IE-DS-6660f80de0d09a,Limerick County,Limerick City and County Council,DS-043-22,"Corner of Crawford & Main Street, Bruff, Co. Limerick",End of terrace former 3 storey building comprising ground floor retail upper floor residential,,52.4754296,-8.5473273,1,Transformed grid reference,authority_supplied_itm_transformed,site_point,562817,636141,EPSG:2157,,2022-05-17,100000,https://www.limerick.ie/sites/default/files/media/documents/2026-03/derelict-site-register-2026.pdf,2026-03-01,2026-08-08,PDF,pdf_table_extraction,structured_pdf_auto
IE-DS-ca928c8655e985,Limerick County,Limerick City and County Council,DS-051-22,"Tournafulla, Co. Limerick",Former Dance Hall,V42 X303,52.3675582,-9.1459793,1,Transformed grid reference,authority_supplied_itm_transformed,site_point,521958,624617,EPSG:2157,,2022-05-17,50000,https://www.limerick.ie/sites/default/files/media/documents/2026-03/derelict-site-register-2026.pdf,2026-03-01,2026-08-08,PDF,pdf_table_extraction,structured_pdf_auto
IE-DS-184e45bd7b3e3f,Limerick City,Limerick City and County Council,DS-048-21,"Ferndale, Ennis Road, Limerick",Single Storey Residence,,52.6743097,-8.6717853,1,Transformed grid reference,authority_supplied_itm_transformed,site_point,554568,658339,EPSG:2157,,2022-05-25,120000,https://www.limerick.ie/sites/default/files/media/documents/2026-03/derelict-site-register-2026.pdf,2026-03-01,2026-08-08,PDF,pdf_table_extraction,structured_pdf_auto
IE-DS-092e05b1f6ecc5,Limerick City,Limerick City and County Council,DS-128-21,"4 Saint Bridgets Terrace, Farranshone Road, Limerick V94 K6DK",Mid Terrace two-storey Residence,V94 K6DK,52.6690766,-8.6363245,1,Transformed grid reference,authority_supplied_itm_transformed,site_point,556961,657735,EPSG:2157,,2022-05-25,200000,https://www.limerick.ie/sites/default/files/media/documents/2026-03/derelict-site-register-2026.pdf,2026-03-01,2026-08-08,PDF,pdf_table_extraction,structured_pdf_auto
IE-DS-d12c8dbdf872af,Limerick County,Limerick City and County Council,DS-025-17,"Ballybrown, Clarina, Co. Limerick",Detached two-storey Residence,,52.6325066,-8.7308857,1,Transformed grid reference,authority_supplied_itm_transformed,site_point,550524,653727,EPSG:2157,,2022-06-07,120000,https://www.limerick.ie/sites/default/files/media/documents/2026-03/derelict-site-register-2026.pdf,2026-03-01,2026-08-08,PDF,pdf_table_extraction,structured_pdf_auto
IE-DS-b9888579b4a279,Limerick City,Limerick City and County Council,DS-097-21,"2 Ground Floor Commercial Units, Old Saint Francis Street, Limerick",Two no. Ground Floor Commercial Units,V94 N7X6,52.6641194,-8.6202569,1,Transformed grid reference,authority_supplied_itm_transformed,site_point,558043,657174,EPSG:2157,,2022-06-07,50000,https://www.limerick.ie/sites/default/files/media/documents/2026-03/derelict-site-register-2026.pdf,2026-03-01,2026-08-08,PDF,pdf_table_extraction,structured_pdf_auto
IE-DS-6041d139888d12,Limerick City,Limerick City and County Council,DS-063-22,"13 Pike Avenue, Garryowen, Limerick V94 V0RX",Mid Terrace two-storey,V94 V0RX,52.6585577,-8.6094912,1,Transformed grid reference,authority_supplied_itm_transformed,site_point,558766,656549,EPSG:2157,,2022-06-07,70000,https://www.limerick.ie/sites/default/files/media/documents/2026-03/derelict-site-register-2026.pdf,2026-03-01,2026-08-08,PDF,pdf_table_extraction,structured_pdf_auto
IE-DS-5e6f7fd22c54e8,Limerick County,Limerick City and County Council,DS-025-22,"Gortboy, Newcastle West, Co. Limerick",Former Dance Hall,,52.4532755,-9.054172,1,Transformed grid reference,authority_supplied_itm_transformed,site_point,528349,634058,EPSG:2157,,2022-06-08,100000,https://www.limerick.ie/sites/default/files/media/documents/2026-03/derelict-site-register-2026.pdf,2026-03-01,2026-08-08,PDF,pdf_table_extraction,structured_pdf_auto
IE-DS-5d1c7a8efdc979,Limerick City,Limerick City and County Council,DS-037-21,"O'Donoghue's Farmhouse, Rathurd, Ballysheedy East, Co. Limerick",Detached Two Storey House,,52.6374424,-8.615137,1,Transformed grid reference,authority_supplied_itm_transformed,site_point,558364,654203,EPSG:2157,,2022-06-08,130000,https://www.limerick.ie/sites/default/files/media/documents/2026-03/derelict-site-register-2026.pdf,2026-03-01,2026-08-08,PDF,pdf_table_extraction,structured_pdf_auto
IE-DS-b1eb3c3b16ecd4,Limerick City,Limerick City and County Council,DS-033-22,"19 Nicholas Street, Limerick",End of Terrace two-storey residence,V94 A7X6,52.6694372,-8.6242946,1,Transformed grid reference,authority_supplied_itm_transformed,site_point,557775,657768,EPSG:2157,,2022-06-08,90000,https://www.limerick.ie/sites/default/files/media/documents/2026-03/derelict-site-register-2026.pdf,2026-03-01,2026-08-08,PDF,pdf_table_extraction,structured_pdf_auto
IE-DS-bedc5abc92a7e5,Limerick City,Limerick City and County Council,DS-024-18,"Cathedral Place, Limerick",Vacant land,,52.6618895,-8.6187028,1,Transformed grid reference,authority_supplied_itm_transformed,site_point,558146,656925,EPSG:2157,,2022-06-04,60000,https://www.limerick.ie/sites/default/files/media/documents/2026-03/derelict-site-register-2026.pdf,2026-03-01,2026-08-08,PDF,pdf_table_extraction,structured_pdf_auto
IE-DS-c38b28793d9e0a,Limerick City,Limerick City and County Council,DS-027-18,"Fintech, Smyths Lane, Cathedral Place, Limerick V94 CR67",Mid-terrace two storey,V94 CR67,52.6619788,-8.6188223,1,Transformed grid reference,authority_supplied_itm_transformed,site_point,558138,656935,EPSG:2157,,2022-06-04,40000,https://www.limerick.ie/sites/default/files/media/documents/2026-03/derelict-site-register-2026.pdf,2026-03-01,2026-08-08,PDF,pdf_table_extraction,structured_pdf_auto
IE-DS-52dd465c38c819,Limerick City,Limerick City and County Council,DS-071-22,"Smiths Lane, Cathedral Place, Limerick",End of Terrace two-storey terrace,,52.6620236,-8.6188525,1,Transformed grid reference,authority_supplied_itm_transformed,site_point,558136,656940,EPSG:2157,,2022-06-04,40000,https://www.limerick.ie/sites/default/files/media/documents/2026-03/derelict-site-register-2026.pdf,2026-03-01,2026-08-08,PDF,pdf_table_extraction,structured_pdf_auto
IE-DS-d20d5ed9293209,Limerick County,Limerick City and County Council,DS-118-21,"The Square, Galbally, Co. Limerick",Two no adjoining residential terrace properties,E34 TR72,52.4012444,-8.2965321,1,Transformed grid reference,authority_supplied_itm_transformed,site_point,579821,627788,EPSG:2157,,2022-06-04,100000,https://www.limerick.ie/sites/default/files/media/documents/2026-03/derelict-site-register-2026.pdf,2026-03-01,2026-08-08,PDF,pdf_table_extraction,structured_pdf_auto
IE-DS-c3f2694333e3e5,Limerick County,Limerick City and County Council,DS-002-22,"Ballyorgan, Co. Limerick",former bungalow residence,,52.3163982,-8.4696517,1,Transformed grid reference,authority_supplied_itm_transformed,site_point,567979,618411,EPSG:2157,,2022-06-04,30000,https://www.limerick.ie/sites/default/files/media/documents/2026-03/derelict-site-register-2026.pdf,2026-03-01,2026-08-08,PDF,pdf_table_extraction,structured_pdf_auto
IE-DS-3f6cab9fdebcdf,Limerick City,Limerick City and County Council,DS-050-21,"Greenpark Avenue, South Circular Road, Limerick",neglected land,,52.6469923,-8.6463777,1,Transformed grid reference,authority_supplied_itm_transformed,site_point,556259,655284,EPSG:2157,,2022-07-12,30000,https://www.limerick.ie/sites/default/files/media/documents/2026-03/derelict-site-register-2026.pdf,2026-03-01,2026-08-08,PDF,pdf_table_extraction,structured_pdf_auto
IE-DS-cf8e99f1390bb2,Limerick City,Limerick City and County Council,DS-083-21,"39/40 Lord Edward Street, Limerick",Former End of Terrace Residence,V94 DC64,52.655969,-8.6284482,1,Transformed grid reference,authority_supplied_itm_transformed,site_point,557481,656272,EPSG:2157,,2022-07-12,100000,https://www.limerick.ie/sites/default/files/media/documents/2026-03/derelict-site-register-2026.pdf,2026-03-01,2026-08-08,PDF,pdf_table_extraction,structured_pdf_auto
IE-DS-0473a80925c5b5,Limerick County,Limerick City and County Council,DS-016-17,"Old Street, Galbally, Co. Limerick","Former residence, outhouse & lands",E34 XD59,52.4023871,-8.285092,1,Transformed grid reference,authority_supplied_itm_transformed,site_point,580600,627912,EPSG:2157,,2022-07-12,30000,https://www.limerick.ie/sites/default/files/media/documents/2026-03/derelict-site-register-2026.pdf,2026-03-01,2026-08-08,PDF,pdf_table_extraction,structured_pdf_auto
IE-DS-d5db3f9452f5e9,Limerick County,Limerick City and County Council,DS-010-21,"3 High Street, Croom, Co. Limerick",Single storey residential dwelling,V35 R250,52.5194785,-8.7162481,1,Transformed grid reference,authority_supplied_itm_transformed,site_point,551390,641142,EPSG:2157,,2022-07-12,50000,https://www.limerick.ie/sites/default/files/media/documents/2026-03/derelict-site-register-2026.pdf,2026-03-01,2026-08-08,PDF,pdf_table_extraction,structured_pdf_auto
IE-DS-88495cf6121841,Limerick County,Limerick City and County Council,DS-014-21,"Bridge Street, Croom, Co. Limerick",end of terraced two storey dwelling,V35 V406,52.5190527,-8.7182746,1,Transformed grid reference,authority_supplied_itm_transformed,site_point,551252,641096,EPSG:2157,,2022-07-12,60000,https://www.limerick.ie/sites/default/files/media/documents/2026-03/derelict-site-register-2026.pdf,2026-03-01,2026-08-08,PDF,pdf_table_extraction,structured_pdf_auto
IE-DS-1b24f8ec2c08b7,Limerick City,Limerick City and County Council,DS-028-12,"Killonan, Castletroy, Limerick","Bungalow, storage shed and neglected land",V94 16K3,52.6529528,-8.5322347,1,Transformed grid reference,authority_supplied_itm_transformed,site_point,563988,655884,EPSG:2157,,2022-07-13,100000,https://www.limerick.ie/sites/default/files/media/documents/2026-03/derelict-site-register-2026.pdf,2026-03-01,2026-08-08,PDF,pdf_table_extraction,structured_pdf_auto
IE-DS-f694cd986dfbb6,Limerick City,Limerick City and County Council,DS-113-21,"Castle Street, Castleconnell, Co. Limerick",Semi Detached Residential Premises,V94 FHW7,52.7128939,-8.5013369,1,Transformed grid reference,authority_supplied_itm_transformed,site_point,566125,662538,EPSG:2157,,2022-07-13,100000,https://www.limerick.ie/sites/default/files/media/documents/2026-03/derelict-site-register-2026.pdf,2026-03-01,2026-08-08,PDF,pdf_table_extraction,structured_pdf_auto
IE-DS-6cd910ead68029,Limerick City,Limerick City and County Council,DS-033-19,"Ballinacurra Road, Limerick","Partially demolished, Walled Site",,52.6485486,-8.6378294,1,Transformed grid reference,authority_supplied_itm_transformed,site_point,556839,655452,EPSG:2157,,2022-07-13,30000,https://www.limerick.ie/sites/default/files/media/documents/2026-03/derelict-site-register-2026.pdf,2026-03-01,2026-08-08,PDF,pdf_table_extraction,structured_pdf_auto
IE-DS-43b6266a26bce9,Limerick County,Limerick City and County Council,DS-073-22,"Convent Street, Abbeyfeale, Co. Limerick",End of Terrace two-storey residence,V94 E167,52.3858813,-9.2977692,1,Transformed grid reference,authority_supplied_itm_transformed,site_point,511658,626830,EPSG:2157,,2022-07-12,100000,https://www.limerick.ie/sites/default/files/media/documents/2026-03/derelict-site-register-2026.pdf,2026-03-01,2026-08-08,PDF,pdf_table_extraction,structured_pdf_auto
IE-DS-3fe5558852cef7,Limerick County,Limerick City and County Council,DS-111-21,"Gortakilleen, Oolahills West, Oola, Co. Limerick",Semi detached two-storey dwelling,E34 KH22,52.5266778,-8.2573948,1,Transformed grid reference,authority_supplied_itm_transformed,site_point,582534,641733,EPSG:2157,,2022-07-27,45000,https://www.limerick.ie/sites/default/files/media/documents/2026-03/derelict-site-register-2026.pdf,2026-03-01,2026-08-08,PDF,pdf_table_extraction,structured_pdf_auto
IE-DS-32004bc76d3a17,Limerick County,Limerick City and County Council,DS-145-21,"Knockainey West, Knockainey, Co. Limerick",two-storey residential property,V35 F542,52.473734,-8.4714132,1,Transformed grid reference,authority_supplied_itm_transformed,site_point,567973,635916,EPSG:2157,,2022-07-27,30000,https://www.limerick.ie/sites/default/files/media/documents/2026-03/derelict-site-register-2026.pdf,2026-03-01,2026-08-08,PDF,pdf_table_extraction,structured_pdf_auto
IE-DS-d96add6ccc3f3f,Limerick County,Limerick City and County Council,DS-003-22,"Main Street, Croom, Co. Limerick",Mid terrace two storey dwelling,V35 H563,52.5198726,-8.7179491,1,Transformed grid reference,authority_supplied_itm_transformed,site_point,551275,641187,EPSG:2157,,2022-07-27,50000,https://www.limerick.ie/sites/default/files/media/documents/2026-03/derelict-site-register-2026.pdf,2026-03-01,2026-08-08,PDF,pdf_table_extraction,structured_pdf_auto
IE-DS-d6e51f6d0b4a1e,Limerick County,Limerick City and County Council,DS-057-22,"Main Street, Cappamore, Co. Limerick",two-storey mid terrace former public house,V94 E42V,52.6145834,-8.3388597,1,Transformed grid reference,authority_supplied_itm_transformed,site_point,577052,651536,EPSG:2157,,2022-07-27,60000,https://www.limerick.ie/sites/default/files/media/documents/2026-03/derelict-site-register-2026.pdf,2026-03-01,2026-08-08,PDF,pdf_table_extraction,structured_pdf_auto
IE-DS-54ca77e040ddb0,Limerick City,Limerick City and County Council,DS-064-22,"Saint Anthony's Lacka, Castleconnell, Co. Limerick",Stand-alone single storey residence,V94 N1NF,52.722599,-8.4932029,1,Transformed grid reference,authority_supplied_itm_transformed,site_point,566682,663614,EPSG:2157,,2022-08-03,100000,https://www.limerick.ie/sites/default/files/media/documents/2026-03/derelict-site-register-2026.pdf,2026-03-01,2026-08-08,PDF,pdf_table_extraction,structured_pdf_auto
IE-DS-72f5b2e02d8ab9,Limerick County,Limerick City and County Council,DS-080-22,"North Road, Dromcollogher, Co. Limerick",Mid Terrace two-storey Residence,P56 AC99,52.3405043,-8.9101338,1,Transformed grid reference,authority_supplied_itm_transformed,site_point,537981,621379,EPSG:2157,,2022-08-08,65000,https://www.limerick.ie/sites/default/files/media/documents/2026-03/derelict-site-register-2026.pdf,2026-03-01,2026-08-08,PDF,pdf_table_extraction,structured_pdf_auto
IE-DS-14e6b2ef31b36e,Limerick County,Limerick City and County Council,DS-082-22,"No. 11 Cois na Feile, Abbeyfeale, Co. Limerick",unfinished two-storey residential property,,52.3831571,-9.2829993,1,Transformed grid reference,authority_supplied_itm_transformed,site_point,512658,626509,EPSG:2157,,2022-08-08,20000,https://www.limerick.ie/sites/default/files/media/documents/2026-03/derelict-site-register-2026.pdf,2026-03-01,2026-08-08,PDF,pdf_table_extraction,structured_pdf_auto
IE-DS-62fe0d8e2f633c,Limerick County,Limerick City and County Council,DS-083-22,"No. 12 Cois na Feile, Abbeyfeale, Co. Limerick",unfinished two-storey residential property,,52.3831584,-9.2828818,1,Transformed grid reference,authority_supplied_itm_transformed,site_point,512666,626509,EPSG:2157,,2022-08-08,20000,https://www.limerick.ie/sites/default/files/media/documents/2026-03/derelict-site-register-2026.pdf,2026-03-01,2026-08-08,PDF,pdf_table_extraction,structured_pdf_auto
IE-DS-b704977684c679,Limerick County,Limerick City and County Council,DS-040-11,"Gortroe, Colmanswell, Co. Limerick",unfinished single storey residential property,,52.376154,-8.7226952,1,Transformed grid reference,authority_supplied_itm_transformed,site_point,550793,625201,EPSG:2157,,2022-08-15,60000,https://www.limerick.ie/sites/default/files/media/documents/2026-03/derelict-site-register-2026.pdf,2026-03-01,2026-08-08,PDF,pdf_table_extraction,structured_pdf_auto
IE-DS-3c1dc0a62abcb3,Limerick City,Limerick City and County Council,DS-024-16,"Mongfune, Murroe, Co. Limerick",unfinished two-storey residential property,,52.6483728,-8.3620708,1,Transformed grid reference,authority_supplied_itm_transformed,site_point,575499,655303,EPSG:2157,,2022-08-15,90000,https://www.limerick.ie/sites/default/files/media/documents/2026-03/derelict-site-register-2026.pdf,2026-03-01,2026-08-08,PDF,pdf_table_extraction,structured_pdf_auto
IE-DS-3abea1addca6b7,Limerick City,Limerick City and County Council,DS-044-17,"Mongfune, Murroe, Co. Limerick",single storey bungalow,,52.6467832,-8.3645698,1,Transformed grid reference,authority_supplied_itm_transformed,site_point,575329,655127,EPSG:2157,,2022-08-15,30000,https://www.limerick.ie/sites/default/files/media/documents/2026-03/derelict-site-register-2026.pdf,2026-03-01,2026-08-08,PDF,pdf_table_extraction,structured_pdf_auto
IE-DS-dd59a861db81ef,Limerick City,Limerick City and County Council,DS-120-21,"7 O'Callaghan Avenue, Kileely, Limerick V94 PFX4",End of Terrace two-storey residence,V94 PFX4,52.6746564,-8.6366569,1,Transformed grid reference,authority_supplied_itm_transformed,site_point,556944,658356,EPSG:2157,,2022-08-16,80000,https://www.limerick.ie/sites/default/files/media/documents/2026-03/derelict-site-register-2026.pdf,2026-03-01,2026-08-08,PDF,pdf_table_extraction,structured_pdf_auto
IE-DS-4f4e1b1f02ff16,Limerick City,Limerick City and County Council,DS-085-22,"34 Smith O'Brien Avenue, Kileely, Limerick",End of Terrace two-storey residence,V94 Y8VC,52.6760269,-8.6375345,1,Transformed grid reference,authority_supplied_itm_transformed,site_point,556886,658509,EPSG:2157,,2022-08-16,80000,https://www.limerick.ie/sites/default/files/media/documents/2026-03/derelict-site-register-2026.pdf,2026-03-01,2026-08-08,PDF,pdf_table_extraction,structured_pdf_auto
IE-DS-9b09daf280f48a,Limerick City,Limerick City and County Council,DS-056-22,"Castle Mungret, Mungret, Limerick",Detached two-storey Residence,,52.6372834,-8.6897301,1,Transformed grid reference,authority_supplied_itm_transformed,site_point,553315,654231,EPSG:2157,,2022-09-12,80000,https://www.limerick.ie/sites/default/files/media/documents/2026-03/derelict-site-register-2026.pdf,2026-03-01,2026-08-08,PDF,pdf_table_extraction,structured_pdf_auto
IE-DS-c7e238d24ea972,Limerick City,Limerick City and County Council,DS-101-22,"41 Mayorstone Avenue, Mayorstone, Limerick",Semi-Detached two-storey Residence,V94 YD2X,52.6730419,-8.6426958,1,Transformed grid reference,authority_supplied_itm_transformed,site_point,556534,658180,EPSG:2157,,2022-09-12,220000,https://www.limerick.ie/sites/default/files/media/documents/2026-03/derelict-site-register-2026.pdf,2026-03-01,2026-08-08,PDF,pdf_table_extraction,structured_pdf_auto
IE-DS-86ce6cb72abe8e,Limerick City,Limerick City and County Council,DS-023-17,"Bunkey, Lisnagry, Co. Limerick",Detached Cottage,,52.6930339,-8.4720263,1,Transformed grid reference,authority_supplied_itm_transformed,site_point,568091,660315,EPSG:2157,,2022-09-22,70000,https://www.limerick.ie/sites/default/files/media/documents/2026-03/derelict-site-register-2026.pdf,2026-03-01,2026-08-08,PDF,pdf_table_extraction,structured_pdf_auto
IE-DS-e0eb8da8a8b2a0,Limerick City,Limerick City and County Council,DS-091-22,"Rathurd, Drombanny, Co. Limerick",Unfinished Bungalow Ruin and site,,52.6279184,-8.5915174,1,Transformed grid reference,authority_supplied_itm_transformed,site_point,559954,653130,EPSG:2157,,2022-09-22,90000,https://www.limerick.ie/sites/default/files/media/documents/2026-03/derelict-site-register-2026.pdf,2026-03-01,2026-08-08,PDF,pdf_table_extraction,structured_pdf_auto
IE-DS-2891122c287b17,Limerick City,Limerick City and County Council,DS-030-20,"Marian Drive, Roxboro Road, Limerick",Three derelict cottages and neglected land,,52.6538575,-8.6197865,1,Transformed grid reference,authority_supplied_itm_transformed,site_point,558065,656032,EPSG:2157,,2022-10-06,120000,https://www.limerick.ie/sites/default/files/media/documents/2026-03/derelict-site-register-2026.pdf,2026-03-01,2026-08-08,PDF,pdf_table_extraction,structured_pdf_auto
IE-DS-ca0af76a52c0ce,Limerick City,Limerick City and County Council,DS-008-20,"Glenlevan, Ennis Road, Limerick",Semi-Detached Three Storey Residence,V94 D6DK,52.6674705,-8.6374839,1,Transformed grid reference,authority_supplied_itm_transformed,site_point,556881,657557,EPSG:2157,,2022-10-10,500000,https://www.limerick.ie/sites/default/files/media/documents/2026-03/derelict-site-register-2026.pdf,2026-03-01,2026-08-08,PDF,pdf_table_extraction,structured_pdf_auto
IE-DS-5872d4cfd92e20,Limerick County,Limerick City and County Council,DS-012-17,"Grange, Knocklong, Co. Limerick",Detached bungalow,V35 Y398,52.4295837,-8.3952281,1,Transformed grid reference,authority_supplied_itm_transformed,site_point,573122,630973,EPSG:2157,,2022-10-18,40000,https://www.limerick.ie/sites/default/files/media/documents/2026-03/derelict-site-register-2026.pdf,2026-03-01,2026-08-08,PDF,pdf_table_extraction,structured_pdf_auto
IE-DS-03a748004f52cf,Limerick County,Limerick City and County Council,DS-092-18,"Caherconey, Herbertstown, Co. Limerick",Detached bungalow,V35 W525,52.5173669,-8.4704951,1,Transformed grid reference,authority_supplied_itm_transformed,site_point,568067,640770,EPSG:2157,,2022-10-18,60000,https://www.limerick.ie/sites/default/files/media/documents/2026-03/derelict-site-register-2026.pdf,2026-03-01,2026-08-08,PDF,pdf_table_extraction,structured_pdf_auto
IE-DS-a4cc2c48bc0110,Limerick County,Limerick City and County Council,DS-011-20,"1 Treada na Rí, Kilfinane, Co. Limerick",End of terrace two-storey residential property,V35 ED37,52.3591587,-8.4645995,1,Transformed grid reference,authority_supplied_itm_transformed,site_point,568354,623166,EPSG:2157,,2022-10-18,100000,https://www.limerick.ie/sites/default/files/media/documents/2026-03/derelict-site-register-2026.pdf,2026-03-01,2026-08-08,PDF,pdf_table_extraction,structured_pdf_auto
IE-DS-ed5dfa5991f515,Limerick City,Limerick City and County Council,DS-006-19,"Claughan Court, Garryowen, Limerick",a disused shop,,52.6604375,-8.6092513,1,Transformed grid reference,authority_supplied_itm_transformed,site_point,558784,656758,EPSG:2157,,2022-10-26,90000,https://www.limerick.ie/sites/default/files/media/documents/2026-03/derelict-site-register-2026.pdf,2026-03-01,2026-08-08,PDF,pdf_table_extraction,structured_pdf_auto
IE-DS-3304bf89890024,Limerick City,Limerick City and County Council,DS-048-22,"Carrigparson, Ballysimon, Co. Limerick",Stand alone single floor Residential Property,V94 44N6,52.6179701,-8.5344537,1,Transformed grid reference,authority_supplied_itm_transformed,site_point,563809,651993,EPSG:2157,,2022-10-26,60000,https://www.limerick.ie/sites/default/files/media/documents/2026-03/derelict-site-register-2026.pdf,2026-03-01,2026-08-08,PDF,pdf_table_extraction,structured_pdf_auto
IE-DS-0cf13f81782d7a,Limerick City,Limerick City and County Council,DS-135-22,"29 Upper William Street, Limerick",Semi-Detached Cottage,V94 K6HF,52.6605465,-8.6211524,1,Transformed grid reference,authority_supplied_itm_transformed,site_point,557979,656777,EPSG:2157,,2022-10-26,75000,https://www.limerick.ie/sites/default/files/media/documents/2026-03/derelict-site-register-2026.pdf,2026-03-01,2026-08-08,PDF,pdf_table_extraction,structured_pdf_auto
IE-DS-7e657f980782f9,Limerick City,Limerick City and County Council,DS-024-21,"CIE Social Club, Careys Road, Limerick",Community/Social Building,,52.6555757,-8.621215,1,Transformed grid reference,authority_supplied_itm_transformed,site_point,557970,656224,EPSG:2157,,2022-11-25,220000,https://www.limerick.ie/sites/default/files/media/documents/2026-03/derelict-site-register-2026.pdf,2026-03-01,2026-08-08,PDF,pdf_table_extraction,structured_pdf_auto
IE-DS-e44385a071b767,Limerick County,Limerick City and County Council,DS-145-22,"Cowpark, Kilcornan, Co. Limerick",Former School House,,52.6128837,-8.8888821,1,Transformed grid reference,authority_supplied_itm_transformed,site_point,539802,651664,EPSG:2157,,2022-11-30,40000,https://www.limerick.ie/sites/default/files/media/documents/2026-03/derelict-site-register-2026.pdf,2026-03-01,2026-08-08,PDF,pdf_table_extraction,structured_pdf_auto
IE-DS-b7339a16f1ea1a,Limerick City,Limerick City and County Council,DS-040-19,"Whitehall, N24 Tipperary Road, Limerick","Former farmhouse, Sheds and neglected land",,52.636534,-8.5296716,1,Transformed grid reference,authority_supplied_itm_transformed,site_point,564148,654056,EPSG:2157,,2022-11-30,80000,https://www.limerick.ie/sites/default/files/media/documents/2026-03/derelict-site-register-2026.pdf,2026-03-01,2026-08-08,PDF,pdf_table_extraction,structured_pdf_auto
IE-DS-56f88dc5fbd076,Limerick County,Limerick City and County Council,DS-021-21,"Banogue Cross, Banogue, Croom, Co. Limerick",Two storey dwelling and neglected land,V35 XP49,52.477417,-8.7005204,1,Transformed grid reference,authority_supplied_itm_transformed,site_point,552412,636452,EPSG:2157,,2022-11-30,60000,https://www.limerick.ie/sites/default/files/media/documents/2026-03/derelict-site-register-2026.pdf,2026-03-01,2026-08-08,PDF,pdf_table_extraction,structured_pdf_auto
IE-DS-d90b0a5950417c,Limerick County,Limerick City and County Council,DS-149-22,"Bramble Cottage, Water Street, Bruree, Co. Limerick",single storey semi detached residence,,52.4243275,-8.6621564,1,Transformed grid reference,authority_supplied_itm_transformed,site_point,554964,630521,EPSG:2157,,2022-11-30,40000,https://www.limerick.ie/sites/default/files/media/documents/2026-03/derelict-site-register-2026.pdf,2026-03-01,2026-08-08,PDF,pdf_table_extraction,structured_pdf_auto
IE-DS-8789cc6db83e2e,Limerick County,Limerick City and County Council,DS-068-22,"Cullinagh, Newcastle West, Co. Limerick",Two Storey Detached Residence,V42 H594,52.4463418,-9.0685701,1,Transformed grid reference,authority_supplied_itm_transformed,site_point,527359,633301,EPSG:2157,,2022-11-30,180000,https://www.limerick.ie/sites/default/files/media/documents/2026-03/derelict-site-register-2026.pdf,2026-03-01,2026-08-08,PDF,pdf_table_extraction,structured_pdf_auto
IE-DS-b7c5f56a9d131d,Limerick City,Limerick City and County Council,DS-057-21,"7 Oakland Drive, Greystones, Limerick",Semi-Detached two-storey Residence,V94 5D81,52.6694309,-8.648897,1,Transformed grid reference,authority_supplied_itm_transformed,site_point,556111,657782,EPSG:2157,,2022-11-30,200000,https://www.limerick.ie/sites/default/files/media/documents/2026-03/derelict-site-register-2026.pdf,2026-03-01,2026-08-08,PDF,pdf_table_extraction,structured_pdf_auto
IE-DS-6f95c0bd8a272e,Limerick County,Limerick City and County Council,DS-139-22,"South Mall, Glin, Co. Limerick",Single Storey Detached Property,,52.5680077,-9.2817789,1,Transformed grid reference,authority_supplied_itm_transformed,site_point,513106,647072,EPSG:2157,,2022-11-30,25000,https://www.limerick.ie/sites/default/files/media/documents/2026-03/derelict-site-register-2026.pdf,2026-03-01,2026-08-08,PDF,pdf_table_extraction,structured_pdf_auto
IE-DS-c0e2278fe29f05,Limerick County,Limerick City and County Council,DS-146-22,"The Glebe, Monagea, Co. Limerick",Unfinished Housing Development,,52.4173605,-9.0835701,1,Transformed grid reference,authority_supplied_itm_transformed,site_point,526291,630092,EPSG:2157,,2023-01-20,375000,https://www.limerick.ie/sites/default/files/media/documents/2026-03/derelict-site-register-2026.pdf,2026-03-01,2026-08-08,PDF,pdf_table_extraction,structured_pdf_auto
IE-DS-cc9546f8ec0600,Limerick County,Limerick City and County Council,DS-153-22,"Herbertstown, Co. Limerick",two-storey residential property,,52.5209764,-8.4691928,1,Transformed grid reference,authority_supplied_itm_transformed,site_point,568158,641171,EPSG:2157,,2023-01-20,60000,https://www.limerick.ie/sites/default/files/media/documents/2026-03/derelict-site-register-2026.pdf,2026-03-01,2026-08-08,PDF,pdf_table_extraction,structured_pdf_auto
IE-DS-e4f9d2051a8ab1,Limerick City,Limerick City and County Council,DS-152-22,"Daly's Cross, Collreiry, Castleconnell, Co. Limerick",Former Public House,,52.7095023,-8.4913386,1,Transformed grid reference,authority_supplied_itm_transformed,site_point,566798,662156,EPSG:2157,,2023-02-07,100000,https://www.limerick.ie/sites/default/files/media/documents/2026-03/derelict-site-register-2026.pdf,2026-03-01,2026-08-08,PDF,pdf_table_extraction,structured_pdf_auto
IE-DS-d92236c21c23e7,Limerick City,Limerick City and County Council,DS-165-22,"Fairview Avenue, Blackboy Road, Limerick",Unsightly garage and derelict shed,V94 P5X9,52.6580015,-8.6110355,1,Transformed grid reference,authority_supplied_itm_transformed,site_point,558661,656488,EPSG:2157,,2023-03-06,80000,https://www.limerick.ie/sites/default/files/media/documents/2026-03/derelict-site-register-2026.pdf,2026-03-01,2026-08-08,PDF,pdf_table_extraction,structured_pdf_auto
IE-DS-3aa19e33725ccf,Limerick County,Limerick City and County Council,DS-015-17,"Lissard, Galbally, Co. Limerick",derelict cottage,,52.4267845,-8.3123922,1,Transformed grid reference,authority_supplied_itm_transformed,site_point,578754,630634,EPSG:2157,,2023-03-14,50000,https://www.limerick.ie/sites/default/files/media/documents/2026-03/derelict-site-register-2026.pdf,2026-03-01,2026-08-08,PDF,pdf_table_extraction,structured_pdf_auto
IE-DS-9bfd3a41c63f64,Limerick County,Limerick City and County Council,DS-020-17,"Coolavehy, Ballyorgan, Kilmallock, Co. Limerick",derelict cottage,,52.289226,-8.4534603,1,Transformed grid reference,authority_supplied_itm_transformed,site_point,569064,615381,EPSG:2157,,2023-03-14,25000,https://www.limerick.ie/sites/default/files/media/documents/2026-03/derelict-site-register-2026.pdf,2026-03-01,2026-08-08,PDF,pdf_table_extraction,structured_pdf_auto
IE-DS-7a4440b3974493,Limerick County,Limerick City and County Council,DS-142-22,"Gortboy Service Station, Gortboy, Kilmallock, Co. Limerick",A former shop and petrol forecourt,V35 N273,52.3976176,-8.5755611,1,Transformed grid reference,authority_supplied_itm_transformed,site_point,560830,627499,EPSG:2157,,2023-03-14,100000,https://www.limerick.ie/sites/default/files/media/documents/2026-03/derelict-site-register-2026.pdf,2026-03-01,2026-08-08,PDF,pdf_table_extraction,structured_pdf_auto
IE-DS-3df1e9d7f20ed0,Limerick County,Limerick City and County Council,DS-027-17,"Ballyvogue, Askeaton, Co. Limerick",Derelict Cottage,,52.6094391,-8.906944,1,Transformed grid reference,authority_supplied_itm_transformed,site_point,538574,651296,EPSG:2157,,2023-03-14,55000,https://www.limerick.ie/sites/default/files/media/documents/2026-03/derelict-site-register-2026.pdf,2026-03-01,2026-08-08,PDF,pdf_table_extraction,structured_pdf_auto
IE-DS-591064975b6ea9,Limerick County,Limerick City and County Council,DS-157-22,"Feoghanagh, Co. Limerick",Two Storey Residential Property,V42 EA44,52.3840689,-8.9715811,1,Transformed grid reference,authority_supplied_itm_transformed,site_point,533859,626280,EPSG:2157,,2023-03-14,50000,https://www.limerick.ie/sites/default/files/media/documents/2026-03/derelict-site-register-2026.pdf,2026-03-01,2026-08-08,PDF,pdf_table_extraction,structured_pdf_auto
IE-DS-e13068cfff2b5c,Limerick City,Limerick City and County Council,DS-127-21,"The Stables, O'Connell Avenue, Limerick V94 F9NK",Detached Residence,V94 F9NK,52.6516578,-8.6346084,1,Transformed grid reference,authority_supplied_itm_transformed,site_point,557060,655796,EPSG:2157,,2023-03-24,150000,https://www.limerick.ie/sites/default/files/media/documents/2026-03/derelict-site-register-2026.pdf,2026-03-01,2026-08-08,PDF,pdf_table_extraction,structured_pdf_auto
IE-DS-7e541aa79483cc,Limerick County,Limerick City and County Council,DS-092-22,"1 Elm Park, Tooreen, Croom, Co. Limerick V35 FP77",Bungalow,V35 FP77,52.5199283,-8.7146935,1,Transformed grid reference,authority_supplied_itm_transformed,site_point,551496,641191,EPSG:2157,,2023-03-31,110000,https://www.limerick.ie/sites/default/files/media/documents/2026-03/derelict-site-register-2026.pdf,2026-03-01,2026-08-08,PDF,pdf_table_extraction,structured_pdf_auto
IE-DS-dff6f211a06602,Limerick County,Limerick City and County Council,DS-156-22,"Orr Street Close, Kilmallock, Co. Limerick",Thee no. mid terrace two-storey residences,V35 H728,52.4003875,-8.5752591,1,Transformed grid reference,authority_supplied_itm_transformed,site_point,560853,627807,EPSG:2157,,2023-03-31,90000,https://www.limerick.ie/sites/default/files/media/documents/2026-03/derelict-site-register-2026.pdf,2026-03-01,2026-08-08,PDF,pdf_table_extraction,structured_pdf_auto
IE-DS-839c8d832debda,Limerick County,Limerick City and County Council,DS-045-22,"South Quay, Newcastle West, Co. Limerick",Former Public House including Three Terraced Properties,V42 PX29,52.4492929,-9.0612709,1,Transformed grid reference,authority_supplied_itm_transformed,site_point,527860,633622,EPSG:2157,,2023-04-24,90000,https://www.limerick.ie/sites/default/files/media/documents/2026-03/derelict-site-register-2026.pdf,2026-03-01,2026-08-08,PDF,pdf_table_extraction,structured_pdf_auto
IE-DS-5861da90b01559,Limerick County,Limerick City and County Council,DS-008-23,"Convent Street, Abbeyfeale, Co. Limerick V94 EV78",Former Cinema,V94 EV78,52.3861255,-9.2968214,1,Transformed grid reference,authority_supplied_itm_transformed,site_point,511723,626856,EPSG:2157,,2023-04-24,50000,https://www.limerick.ie/sites/default/files/media/documents/2026-03/derelict-site-register-2026.pdf,2026-03-01,2026-08-08,PDF,pdf_table_extraction,structured_pdf_auto
IE-DS-95bcd42ba3ffe1,Limerick City,Limerick City and County Council,DS-010-23,"Corbally Road, Limerick",neglected land,,52.6742624,-8.6159645,1,Transformed grid reference,authority_supplied_itm_transformed,site_point,558343,658300,EPSG:2157,,2023-05-03,55000,https://www.limerick.ie/sites/default/files/media/documents/2026-03/derelict-site-register-2026.pdf,2026-03-01,2026-08-08,PDF,pdf_table_extraction,structured_pdf_auto
IE-DS-8981b17e401ac9,Limerick City,Limerick City and County Council,DS-110-21,"Shrahane, Highpark, Ballysimon, Co. Limerick",a bungalow residence,V94 EK7V,52.6145623,-8.50609,1,Transformed grid reference,authority_supplied_itm_transformed,site_point,565727,651600,EPSG:2157,,2023-05-10,45000,https://www.limerick.ie/sites/default/files/media/documents/2026-03/derelict-site-register-2026.pdf,2026-03-01,2026-08-08,PDF,pdf_table_extraction,structured_pdf_auto
IE-DS-25e7e867ae3261,Limerick County,Limerick City and County Council,DS-022-23,"Bothar Bui, Newcastle West, Co. Limerick V42 WF64",Mid Terrace Two Storey Residence,V42 WF64,52.4481625,-9.058022,1,Transformed grid reference,authority_supplied_itm_transformed,site_point,528079,633493,EPSG:2157,,2023-05-22,50000,https://www.limerick.ie/sites/default/files/media/documents/2026-03/derelict-site-register-2026.pdf,2026-03-01,2026-08-08,PDF,pdf_table_extraction,structured_pdf_auto
IE-DS-bf05aa87221e28,Limerick County,Limerick City and County Council,DS-126-22,"Feenagh, Kilmallock, Co. Limerick V35 DP65",Detached Two Storey Residence,V35 DP65,52.389238,-8.8772572,1,Transformed grid reference,authority_supplied_itm_transformed,site_point,540287,626773,EPSG:2157,,2023-06-08,75000,https://www.limerick.ie/sites/default/files/media/documents/2026-03/derelict-site-register-2026.pdf,2026-03-01,2026-08-08,PDF,pdf_table_extraction,structured_pdf_auto
IE-DS-c24541abe4d909,Limerick City,Limerick City and County Council,DS-012-23,"Former Tractor Spares Building, Lelia Street, Limerick",Former Commercial building.,,52.6655322,-8.6164923,1,Transformed grid reference,authority_supplied_itm_transformed,site_point,558299,657329,EPSG:2157,,2023-06-08,150000,https://www.limerick.ie/sites/default/files/media/documents/2026-03/derelict-site-register-2026.pdf,2026-03-01,2026-08-08,PDF,pdf_table_extraction,structured_pdf_auto
IE-DS-bfb52b4b801436,Limerick County,Limerick City and County Council,DS-168-22,"3 The Cottages, Adare, Co. Limerick",Terrace cottage,V94 H2FA,52.5617037,-8.794058,1,Transformed grid reference,authority_supplied_itm_transformed,site_point,546161,645895,EPSG:2157,,2023-06-13,140000,https://www.limerick.ie/sites/default/files/media/documents/2026-03/derelict-site-register-2026.pdf,2026-03-01,2026-08-08,PDF,pdf_table_extraction,structured_pdf_auto
IE-DS-92810b5e5ef3e2,Limerick County,Limerick City and County Council,DS-021-17,"Coolavehy, Ballyorgan, Co. Limerick",Ruinous cottage,,52.2884974,-8.4535994,1,Transformed grid reference,authority_supplied_itm_transformed,site_point,569054,615300,EPSG:2157,,2023-06-22,25000,https://www.limerick.ie/sites/default/files/media/documents/2026-03/derelict-site-register-2026.pdf,2026-03-01,2026-08-08,PDF,pdf_table_extraction,structured_pdf_auto
IE-DS-5131f38bf93270,Limerick City,Limerick City and County Council,DS-038-23,"116 Hyde Road, Prospect, Limerick V94 KP8K",Mid Terrace two-storey Residence,V94 KP8K,52.654439,-8.6254407,1,Transformed grid reference,authority_supplied_itm_transformed,site_point,557683,656100,EPSG:2157,,2023-07-04,22000,https://www.limerick.ie/sites/default/files/media/documents/2026-03/derelict-site-register-2026.pdf,2026-03-01,2026-08-08,PDF,pdf_table_extraction,structured_pdf_auto
IE-DS-f654634c2b7e8b,Limerick City,Limerick City and County Council,DS-039-23,"114 Hyde Road, Prospect, Limerick",End of Terrace two-storey residence,V94 38C7,52.6544028,-8.6254846,1,Transformed grid reference,authority_supplied_itm_transformed,site_point,557680,656096,EPSG:2157,,2023-07-04,25000,https://www.limerick.ie/sites/default/files/media/documents/2026-03/derelict-site-register-2026.pdf,2026-03-01,2026-08-08,PDF,pdf_table_extraction,structured_pdf_auto
IE-DS-25c9986ceb86d0,Limerick City,Limerick City and County Council,DS-040-23,"88 Hyde Road, Prospect, Limerick V94 HX2F",End of Terrace two-storey residence,V94 HX2F,52.6536736,-8.6257106,1,Transformed grid reference,authority_supplied_itm_transformed,site_point,557664,656015,EPSG:2157,,2023-07-04,25000,https://www.limerick.ie/sites/default/files/media/documents/2026-03/derelict-site-register-2026.pdf,2026-03-01,2026-08-08,PDF,pdf_table_extraction,structured_pdf_auto
IE-DS-de49198c16fc57,Limerick City,Limerick City and County Council,DS-041-23,"O'Curry Street, Limerick",a former storage unit,,52.6581458,-8.6348798,1,Transformed grid reference,authority_supplied_itm_transformed,site_point,557048,656518,EPSG:2157,,2023-07-04,80000,https://www.limerick.ie/sites/default/files/media/documents/2026-03/derelict-site-register-2026.pdf,2026-03-01,2026-08-08,PDF,pdf_table_extraction,structured_pdf_auto
IE-DS-90c0dd60977236,Limerick City,Limerick City and County Council,DS-043-23,"12 Lenihan Avenue, Prospect, Limerick",End of Terrace two-storey residence,V94 447V,52.6509275,-8.6283021,1,Transformed grid reference,authority_supplied_itm_transformed,site_point,557486,655711,EPSG:2157,,2023-07-04,20000,https://www.limerick.ie/sites/default/files/media/documents/2026-03/derelict-site-register-2026.pdf,2026-03-01,2026-08-08,PDF,pdf_table_extraction,structured_pdf_auto
IE-DS-ba8c860fd0e693,Limerick City,Limerick City and County Council,DS-064-23,"Cottage on the N69, Castlemungret, Mungret, Co. Limerick",Derelict Cottage,,52.6371311,-8.6911756,1,Transformed grid reference,authority_supplied_itm_transformed,site_point,553217,654215,EPSG:2157,,2023-07-10,70000,https://www.limerick.ie/sites/default/files/media/documents/2026-03/derelict-site-register-2026.pdf,2026-03-01,2026-08-08,PDF,pdf_table_extraction,structured_pdf_auto
IE-DS-ee3e4caacda8e1,Limerick City,Limerick City and County Council,DS-065-23,"Warehouse, Dock Road, Limerick V94 D407",Detached Warehouse,V94 D407,52.653238,-8.6547612,1,Transformed grid reference,authority_supplied_itm_transformed,site_point,555698,655984,EPSG:2157,,2023-07-10,75000,https://www.limerick.ie/sites/default/files/media/documents/2026-03/derelict-site-register-2026.pdf,2026-03-01,2026-08-08,PDF,pdf_table_extraction,structured_pdf_auto
IE-DS-d1c05bef5f667f,Limerick County,Limerick City and County Council,DS-116-22,"The Shannon House, Main Street, Foynes, Co. Limerick V94 N5PF",Former Public house with accommodation,V94 N5PF,52.611526,-9.1075827,1,Transformed grid reference,authority_supplied_itm_transformed,site_point,524989,651718,EPSG:2157,,2023-07-13,350000,https://www.limerick.ie/sites/default/files/media/documents/2026-03/derelict-site-register-2026.pdf,2026-03-01,2026-08-08,PDF,pdf_table_extraction,structured_pdf_auto
IE-DS-0cef87af85c51c,Limerick County,Limerick City and County Council,DS-028-23,"Barna Village, Bohernagraga, Co. Limerick",derelict two-storey residential dwelling,,52.5366107,-8.3295328,1,Transformed grid reference,authority_supplied_itm_transformed,site_point,577644,642858,EPSG:2157,,2023-07-13,35000,https://www.limerick.ie/sites/default/files/media/documents/2026-03/derelict-site-register-2026.pdf,2026-03-01,2026-08-08,PDF,pdf_table_extraction,structured_pdf_auto
IE-DS-646758696d1a87,Limerick County,Limerick City and County Council,DS-030-23,"Main Street, Askeaton, Co. Limerick V94 FFD9",End of terrace two storey property.,V94 FFD9,52.6004061,-8.9758885,1,Transformed grid reference,authority_supplied_itm_transformed,site_point,533891,650352,EPSG:2157,,2023-07-13,55000,https://www.limerick.ie/sites/default/files/media/documents/2026-03/derelict-site-register-2026.pdf,2026-03-01,2026-08-08,PDF,pdf_table_extraction,structured_pdf_auto
IE-DS-87d73bb237654a,Limerick City,Limerick City and County Council,DS-008-18,"Toll House, Corbally Road, Limerick V94 W8HK",Dormer Bungalow,V94 W8HK,52.6808025,-8.6113832,1,Transformed grid reference,authority_supplied_itm_transformed,site_point,558659,659025,EPSG:2157,,2023-08-04,110000,https://www.limerick.ie/sites/default/files/media/documents/2026-03/derelict-site-register-2026.pdf,2026-03-01,2026-08-08,PDF,pdf_table_extraction,structured_pdf_auto
IE-DS-b2182b7784b894,Limerick City,Limerick City and County Council,DS-068-21,"3 Roches Row, Roches Street, Limerick V94 PF8V",Mid Terrace two-storey Residence,V94 PF8V,52.6616048,-8.6249961,1,Transformed grid reference,authority_supplied_itm_transformed,site_point,557720,656897,EPSG:2157,,2023-08-04,65000,https://www.limerick.ie/sites/default/files/media/documents/2026-03/derelict-site-register-2026.pdf,2026-03-01,2026-08-08,PDF,pdf_table_extraction,structured_pdf_auto
IE-DS-48f726b1092616,Limerick City,Limerick City and County Council,DS-054-22,"1 Roches Row, Roches Street, Limerick V94 RXW2",Two Storey terraced residence,V94 RXW2,52.6615054,-8.6250981,1,Transformed grid reference,authority_supplied_itm_transformed,site_point,557713,656886,EPSG:2157,,2023-08-04,65000,https://www.limerick.ie/sites/default/files/media/documents/2026-03/derelict-site-register-2026.pdf,2026-03-01,2026-08-08,PDF,pdf_table_extraction,structured_pdf_auto
IE-DS-5cfbaf66e1e0ee,Limerick City,Limerick City and County Council,DS-013-23,"Milk Market/Molyneaux Bar, 68 Mungret Street, Limerick",Three storey end of terrace former public house,V94 R6N3,52.6644406,-8.6207198,1,Transformed grid reference,authority_supplied_itm_transformed,site_point,558012,657210,EPSG:2157,,2023-08-04,40000,https://www.limerick.ie/sites/default/files/media/documents/2026-03/derelict-site-register-2026.pdf,2026-03-01,2026-08-08,PDF,pdf_table_extraction,structured_pdf_auto
IE-DS-63d998d6583e65,Limerick City,Limerick City and County Council,DS-033-23,"10 Sarsfield Street, Limerick V94 A243","Four Storey, Mid-Terrace Premises",V94 A243,52.664372,-8.6286131,1,Transformed grid reference,authority_supplied_itm_transformed,site_point,557478,657207,EPSG:2157,,2023-08-04,200000,https://www.limerick.ie/sites/default/files/media/documents/2026-03/derelict-site-register-2026.pdf,2026-03-01,2026-08-08,PDF,pdf_table_extraction,structured_pdf_auto
IE-DS-ba60eea25116d5,Limerick County,Limerick City and County Council,DS-073-23,"Rivermount, Clarina, Co. Limerick",Detached Cottage and outbuildings,V94 P98C,52.615271,-8.7461334,1,Transformed grid reference,authority_supplied_itm_transformed,site_point,549472,651820,EPSG:2157,,2023-08-04,40000,https://www.limerick.ie/sites/default/files/media/documents/2026-03/derelict-site-register-2026.pdf,2026-03-01,2026-08-08,PDF,pdf_table_extraction,structured_pdf_auto
IE-DS-7d86d3ed5ca162,Limerick City,Limerick City and County Council,DS-104-22,"1/2 Lord Edward Street, Limerick",Three Storey end of terrace Residence,V94 RX38,52.6571673,-8.6262039,1,Transformed grid reference,authority_supplied_itm_transformed,site_point,557634,656404,EPSG:2157,,2023-08-17,170000,https://www.limerick.ie/sites/default/files/media/documents/2026-03/derelict-site-register-2026.pdf,2026-03-01,2026-08-08,PDF,pdf_table_extraction,structured_pdf_auto
IE-DS-f62563c96b0d11,Limerick County,Limerick City and County Council,DS-150-22,"Main Street, Bruree, Co. Limerick",derelict cottage,V35 W1H2,52.4244133,-8.6612902,1,Transformed grid reference,authority_supplied_itm_transformed,site_point,555023,630530,EPSG:2157,,2023-08-17,30000,https://www.limerick.ie/sites/default/files/media/documents/2026-03/derelict-site-register-2026.pdf,2026-03-01,2026-08-08,PDF,pdf_table_extraction,structured_pdf_auto
IE-DS-bbae0b69f9f5f7,Limerick County,Limerick City and County Council,DS-048-23,"Duneevin House, Ballynacragga, Foynes, Co. Limerick",Detached two story commercial premises,V94 PY79,52.6105991,-9.1048129,1,Transformed grid reference,authority_supplied_itm_transformed,site_point,525175,651612,EPSG:2157,,2023-08-17,125000,https://www.limerick.ie/sites/default/files/media/documents/2026-03/derelict-site-register-2026.pdf,2026-03-01,2026-08-08,PDF,pdf_table_extraction,structured_pdf_auto
IE-DS-4e94c12fd35364,Limerick City,Limerick City and County Council,DS-074-17,"4 Saint Munchin's Terrace, Sexton Street North, Limerick",Mid Terrace single storey residence,V94 W0XF,52.6720055,-8.6365445,1,Transformed grid reference,authority_supplied_itm_transformed,site_point,556949,658061,EPSG:2157,,2023-09-05,60000,https://www.limerick.ie/sites/default/files/media/documents/2026-03/derelict-site-register-2026.pdf,2026-03-01,2026-08-08,PDF,pdf_table_extraction,structured_pdf_auto
IE-DS-44d999ef22d55b,Limerick County,Limerick City and County Council,DS-001-22,"Ballyorgan, Co. Limerick",Former community hall,V35 EV91,52.3161642,-8.4697226,1,Transformed grid reference,authority_supplied_itm_transformed,site_point,567974,618385,EPSG:2157,,2023-09-05,30000,https://www.limerick.ie/sites/default/files/media/documents/2026-03/derelict-site-register-2026.pdf,2026-03-01,2026-08-08,PDF,pdf_table_extraction,structured_pdf_auto
IE-DS-dc4e8522adcc37,Limerick City,Limerick City and County Council,DS-109-22,"74 O'Connell Street, Limerick","Four Storey over basement, end of terrace building",V94 HWK4,52.6593882,-8.6311432,1,Transformed grid reference,authority_supplied_itm_transformed,site_point,557302,656654,EPSG:2157,,2023-09-25,400000,https://www.limerick.ie/sites/default/files/media/documents/2026-03/derelict-site-register-2026.pdf,2026-03-01,2026-08-08,PDF,pdf_table_extraction,structured_pdf_auto
IE-DS-5d8960859af54b,Limerick County,Limerick City and County Council,DS-071-23,"Main Street, Castlemahon, Co. Limerick",Detached Cottage now demolished and levelled into the site,,52.4297183,-9.0075239,1,Transformed grid reference,authority_supplied_itm_transformed,site_point,531483,631392,EPSG:2157,,2023-10-04,25000,https://www.limerick.ie/sites/default/files/media/documents/2026-03/derelict-site-register-2026.pdf,2026-03-01,2026-08-08,PDF,pdf_table_extraction,structured_pdf_auto
IE-DS-244fb7fe8d5604,Limerick County,Limerick City and County Council,DS-128-22,"Kilmeedy, Co. Limerick",End of Terrace Two Storey Property,V42 WN84,52.4150592,-8.9156076,1,Transformed grid reference,authority_supplied_itm_transformed,site_point,537713,629678,EPSG:2157,,2023-10-20,40000,https://www.limerick.ie/sites/default/files/media/documents/2026-03/derelict-site-register-2026.pdf,2026-03-01,2026-08-08,PDF,pdf_table_extraction,structured_pdf_auto
IE-DS-b8d7a95feed108,Limerick County,Limerick City and County Council,DS-170-22,"Cahernagh Lodge, Deebert, Co. Limerick",Bungalow dwelling,V35 NF43,52.4014923,-8.5717172,1,Transformed grid reference,authority_supplied_itm_transformed,site_point,561095,627928,EPSG:2157,,2023-10-20,150000,https://www.limerick.ie/sites/default/files/media/documents/2026-03/derelict-site-register-2026.pdf,2026-03-01,2026-08-08,PDF,pdf_table_extraction,structured_pdf_auto
IE-DS-f774772edd7beb,Limerick County,Limerick City and County Council,DS-003-23,"Ballyea, Fedamore, Co. Limerick","Derelict Cottage, Sheds and surrounding lands",V35 HV22,52.5453608,-8.6023933,1,Transformed grid reference,authority_supplied_itm_transformed,site_point,559141,643951,EPSG:2157,,2023-10-20,70000,https://www.limerick.ie/sites/default/files/media/documents/2026-03/derelict-site-register-2026.pdf,2026-03-01,2026-08-08,PDF,pdf_table_extraction,structured_pdf_auto
IE-DS-8104306de0fb04,Limerick City,Limerick City and County Council,DS-106-19,"11 Broad Street, Limerick",Two storey mixed use premises,V94 K7D9,52.6655154,-8.6197297,1,Transformed grid reference,authority_supplied_itm_transformed,site_point,558080,657329,EPSG:2157,,2023-10-20,55000,https://www.limerick.ie/sites/default/files/media/documents/2026-03/derelict-site-register-2026.pdf,2026-03-01,2026-08-08,PDF,pdf_table_extraction,structured_pdf_auto
IE-DS-6a0f4124a3fe48,Limerick City,Limerick City and County Council,DS-134-22,"26 Clare Street, Limerick",Mid-terrace residence,V94 E6XH,52.6660887,-8.6149182,1,Transformed grid reference,authority_supplied_itm_transformed,site_point,558406,657390,EPSG:2157,,2023-10-20,70000,https://www.limerick.ie/sites/default/files/media/documents/2026-03/derelict-site-register-2026.pdf,2026-03-01,2026-08-08,PDF,pdf_table_extraction,structured_pdf_auto
IE-DS-7e600a430a067e,Limerick City,Limerick City and County Council,DS-189-22,"O'Sullivan's Lane, Lock Quay, Limerick",Former commercial warehouse,,52.6658682,-8.6192912,1,Transformed grid reference,authority_supplied_itm_transformed,site_point,558110,657368,EPSG:2157,,2023-10-20,100000,https://www.limerick.ie/sites/default/files/media/documents/2026-03/derelict-site-register-2026.pdf,2026-03-01,2026-08-08,PDF,pdf_table_extraction,structured_pdf_auto
IE-DS-87fa239d0f51f8,Limerick City,Limerick City and County Council,DS-037-23,"20 Upper Gerald Griffin Street, Limerick",Two storey commercial & apartment building,,52.6612808,-8.6233802,1,Transformed grid reference,authority_supplied_itm_transformed,site_point,557829,656860,EPSG:2157,,2023-10-23,60000,https://www.limerick.ie/sites/default/files/media/documents/2026-03/derelict-site-register-2026.pdf,2026-03-01,2026-08-08,PDF,pdf_table_extraction,structured_pdf_auto
IE-DS-f723a1d5f654ac,Limerick City,Limerick City and County Council,DS-183-22,"Treaty Terrace Yard, Thomondgate, Limerick",neglected land,,52.6704341,-8.6295281,1,Transformed grid reference,authority_supplied_itm_transformed,site_point,557422,657882,EPSG:2157,,2023-10-20,30000,https://www.limerick.ie/sites/default/files/media/documents/2026-03/derelict-site-register-2026.pdf,2026-03-01,2026-08-08,PDF,pdf_table_extraction,structured_pdf_auto
IE-DS-1cc34a8b113f71,Limerick City,Limerick City and County Council,DS-057-23,"214 Valley View, O'Malley Park, Limerick",Mid Terrace two-storey Residence,V94 VX6K,52.6471665,-8.6066285,1,Transformed grid reference,authority_supplied_itm_transformed,site_point,558949,655280,EPSG:2157,,2023-12-01,20000,https://www.limerick.ie/sites/default/files/media/documents/2026-03/derelict-site-register-2026.pdf,2026-03-01,2026-08-08,PDF,pdf_table_extraction,structured_pdf_auto
IE-DS-fd7a266fd6865b,Limerick City,Limerick City and County Council,DS-095-23,"24 Thomas Street, Limerick",Mid Terrace four-storey Premises,V94 X34H,52.6623882,-8.6247411,1,Transformed grid reference,authority_supplied_itm_transformed,site_point,557738,656984,EPSG:2157,,2023-12-05,170000,https://www.limerick.ie/sites/default/files/media/documents/2026-03/derelict-site-register-2026.pdf,2026-03-01,2026-08-08,PDF,pdf_table_extraction,structured_pdf_auto
IE-DS-35e41d100625d2,Limerick County,Limerick City and County Council,DS-100-23,"Bothar Buí, Newcastle West, Co. Limerick",Mid Terrace Single Storey Property,V42 HY82,52.4480035,-9.0577092,1,Transformed grid reference,authority_supplied_itm_transformed,site_point,528100,633475,EPSG:2157,,2023-12-05,25000,https://www.limerick.ie/sites/default/files/media/documents/2026-03/derelict-site-register-2026.pdf,2026-03-01,2026-08-08,PDF,pdf_table_extraction,structured_pdf_auto
IE-DS-223b66d2bd9417,Limerick City,Limerick City and County Council,DS-036-23,"22 New Road, Thomondgate, Limerick","a ground floor, former commercial premises",V94 HT20,52.6744173,-8.6326314,1,Transformed grid reference,authority_supplied_itm_transformed,site_point,557216,658327,EPSG:2157,,2023-12-05,90000,https://www.limerick.ie/sites/default/files/media/documents/2026-03/derelict-site-register-2026.pdf,2026-03-01,2026-08-08,PDF,pdf_table_extraction,structured_pdf_auto
IE-DS-ad68eaf7810d93,Limerick County,Limerick City and County Council,DS-089-23,"Crecora Cross, Crecora, Co. Limerick",Detached bungalow,V94 C1WH,52.5746564,-8.6672515,1,Transformed grid reference,authority_supplied_itm_transformed,site_point,554772,647249,EPSG:2157,,2023-12-06,150000,https://www.limerick.ie/sites/default/files/media/documents/2026-03/derelict-site-register-2026.pdf,2026-03-01,2026-08-08,PDF,pdf_table_extraction,structured_pdf_auto
IE-DS-da66c59861f715,Limerick City,Limerick City and County Council,DS-002-23,"Saint Anthony's, 4 Rosbrien Terrace, Rosbrien Road, Limerick V94 F9XN",Mid Terrace two-storey Residence,V94 F9XN,52.6505684,-8.6349621,1,Transformed grid reference,authority_supplied_itm_transformed,site_point,557035,655675,EPSG:2157,,2024-01-16,140000,https://www.limerick.ie/sites/default/files/media/documents/2026-03/derelict-site-register-2026.pdf,2026-03-01,2026-08-08,PDF,pdf_table_extraction,structured_pdf_auto
IE-DS-5638c715c5dc02,Limerick City,Limerick City and County Council,DS-121-23,"2 Rosbrien Terrace, Rosbrien Road, Limerick",Mid Terrace two-storey Residence,V94 K02D,52.6506412,-8.6347858,1,Transformed grid reference,authority_supplied_itm_transformed,site_point,557047,655683,EPSG:2157,,2024-01-16,140000,https://www.limerick.ie/sites/default/files/media/documents/2026-03/derelict-site-register-2026.pdf,2026-03-01,2026-08-08,PDF,pdf_table_extraction,structured_pdf_auto
IE-DS-d0c7107ba1dd18,Limerick City,Limerick City and County Council,DS-128-23,"Roches Row, Limerick",Mid Terrace two-storey Residence,V94 NW89,52.6617586,-8.6248209,1,Transformed grid reference,authority_supplied_itm_transformed,site_point,557732,656914,EPSG:2157,,2024-01-16,90000,https://www.limerick.ie/sites/default/files/media/documents/2026-03/derelict-site-register-2026.pdf,2026-03-01,2026-08-08,PDF,pdf_table_extraction,structured_pdf_auto
IE-DS-45e2ba00d23222,Limerick City,Limerick City and County Council,DS-115-23,"Rhebogue Road, Limerick",Neglected Land,,52.6645232,-8.5922776,1,Transformed grid reference,authority_supplied_itm_transformed,site_point,559936,657203,EPSG:2157,,2024-01-19,150000,https://www.limerick.ie/sites/default/files/media/documents/2026-03/derelict-site-register-2026.pdf,2026-03-01,2026-08-08,PDF,pdf_table_extraction,structured_pdf_auto
IE-DS-ac583688ab622b,Limerick County,Limerick City and County Council,DS-088-23,"Peadar's Bar, Main Street, Ardagh, Co. Limerick",Terraced former public house,V42 H983,52.4949876,-9.0606772,1,Transformed grid reference,authority_supplied_itm_transformed,site_point,527975,638705,EPSG:2157,,2024-01-24,100000,https://www.limerick.ie/sites/default/files/media/documents/2026-03/derelict-site-register-2026.pdf,2026-03-01,2026-08-08,PDF,pdf_table_extraction,structured_pdf_auto
IE-DS-b28f6ba96db454,Limerick County,Limerick City and County Council,DS-058-23,"Main Street, Abbeyfeale, Co. Limerick",Three Storey End of Terrace property,V94 X3N7,52.3857396,-9.2992194,1,Transformed grid reference,authority_supplied_itm_transformed,site_point,511559,626816,EPSG:2157,,2024-03-12,115000,https://www.limerick.ie/sites/default/files/media/documents/2026-03/derelict-site-register-2026.pdf,2026-03-01,2026-08-08,PDF,pdf_table_extraction,structured_pdf_auto
IE-DS-4f6e3774d6a1f9,Limerick City,Limerick City and County Council,DS-113-19,"14 Sarsfield Avenue, Upper Pennywell, Limerick",Two Storey end of terrace,V94 KHW6,52.6624872,-8.6143946,1,Transformed grid reference,authority_supplied_itm_transformed,site_point,558438,656989,EPSG:2157,,2024-04-05,130000,https://www.limerick.ie/sites/default/files/media/documents/2026-03/derelict-site-register-2026.pdf,2026-03-01,2026-08-08,PDF,pdf_table_extraction,structured_pdf_auto
IE-DS-dba41d71549fc6,Limerick City,Limerick City and County Council,DS-105-22,"Gerald Griffin House, Lower Gerald Griffin Street, Limerick",Two Storey Residential Property,V94 A259,52.6625862,-8.6195552,1,Transformed grid reference,authority_supplied_itm_transformed,site_point,558089,657003,EPSG:2157,,2024-04-05,150000,https://www.limerick.ie/sites/default/files/media/documents/2026-03/derelict-site-register-2026.pdf,2026-03-01,2026-08-08,PDF,pdf_table_extraction,structured_pdf_auto
IE-DS-b78014d8257579,Limerick City,Limerick City and County Council,DS-162-22,"58 Clare Street, Limerick",Three storey End of Terrace Mixed use Premises and neglected land,V94 HH50,52.6652184,-8.6111362,1,Transformed grid reference,authority_supplied_itm_transformed,site_point,558661,657291,EPSG:2157,,2024-04-05,170000,https://www.limerick.ie/sites/default/files/media/documents/2026-03/derelict-site-register-2026.pdf,2026-03-01,2026-08-08,PDF,pdf_table_extraction,structured_pdf_auto
IE-DS-18eb13909ec31c,Limerick County,Limerick City and County Council,DS-130-20,"Convent Street, Abbeyfeale, Co. Limerick",Former Secondary School & Convent,V94 D8X6,52.3867971,-9.2954161,1,Transformed grid reference,authority_supplied_itm_transformed,site_point,511820,626929,EPSG:2157,,2024-04-19,95000,https://www.limerick.ie/sites/default/files/media/documents/2026-03/derelict-site-register-2026.pdf,2026-03-01,2026-08-08,PDF,pdf_table_extraction,structured_pdf_auto
IE-DS-86b875284fb811,Limerick City,Limerick City and County Council,DS-169-20,"10 Saint Columcille Street, Saint Mary's Park, Limerick",Mid Terrace two-storey Residence,V94 HPA9,52.6755926,-8.6279609,1,Transformed grid reference,authority_supplied_itm_transformed,site_point,557533,658455,EPSG:2157,,2024-04-19,50000,https://www.limerick.ie/sites/default/files/media/documents/2026-03/derelict-site-register-2026.pdf,2026-03-01,2026-08-08,PDF,pdf_table_extraction,structured_pdf_auto
IE-DS-e4cda870856292,Limerick City,Limerick City and County Council,DS-042-23,"8 Monabraher Road, Ballynanty, Limerick",Mid Terrace two-storey Residence,V94 WE2Y,52.6785629,-8.6439304,1,Transformed grid reference,authority_supplied_itm_transformed,site_point,556456,658795,EPSG:2157,,2024-05-08,55000,https://www.limerick.ie/sites/default/files/media/documents/2026-03/derelict-site-register-2026.pdf,2026-03-01,2026-08-08,PDF,pdf_table_extraction,structured_pdf_auto
IE-DS-7d9b0c8247b16a,Limerick County,Limerick City and County Council,DS-119-23,"Moore Street, Cappamore, Co. Limerick",Semi detached mixed use premises,V94 E3V2,52.6144806,-8.3370869,1,Transformed grid reference,authority_supplied_itm_transformed,site_point,577172,651524,EPSG:2157,,2024-05-08,100000,https://www.limerick.ie/sites/default/files/media/documents/2026-03/derelict-site-register-2026.pdf,2026-03-01,2026-08-08,PDF,pdf_table_extraction,structured_pdf_auto
IE-DS-ac4c0dabc27832,Limerick City,Limerick City and County Council,DS-161-22,"Punches Cross, Ballinacurra Road/Rosbrien Road, Limerick",Ruinous Structures and Neglected Land,,52.6499053,-8.636253,1,Transformed grid reference,authority_supplied_itm_transformed,site_point,556947,655602,EPSG:2157,,2024-05-29,1000000,https://www.limerick.ie/sites/default/files/media/documents/2026-03/derelict-site-register-2026.pdf,2026-03-01,2026-08-08,PDF,pdf_table_extraction,structured_pdf_auto
IE-DS-829c0792ffe7f9,Limerick City,Limerick City and County Council,DS-013-24,"43 Nicholas Street, Limerick",Mid Terrace two-storey Retail Unit,V94 X52E,52.6682506,-8.622607,1,Transformed grid reference,authority_supplied_itm_transformed,site_point,557888,657635,EPSG:2157,,2024-05-29,110000,https://www.limerick.ie/sites/default/files/media/documents/2026-03/derelict-site-register-2026.pdf,2026-03-01,2026-08-08,PDF,pdf_table_extraction,structured_pdf_auto
IE-DS-b0ce8c71ca4aac,Limerick County,Limerick City and County Council,DS-118-22,"Sarsfield Street, Kilmallock, Co. Limerick",two-storey mid terrace former commercial premises,V35 X407,52.4003203,-8.57614,1,Transformed grid reference,authority_supplied_itm_transformed,site_point,560793,627800,EPSG:2157,,2024-07-15,90000,https://www.limerick.ie/sites/default/files/media/documents/2026-03/derelict-site-register-2026.pdf,2026-03-01,2026-08-08,PDF,pdf_table_extraction,structured_pdf_auto
IE-DS-510b43e14966bc,Limerick County,Limerick City and County Council,DS-026-21,"Churchtown, Newcastle West, Co. Limerick",Two fire Damaged Mid Terrace Cottages,V42 YY98,52.4566402,-9.0658765,1,Transformed grid reference,authority_supplied_itm_transformed,site_point,527559,634444,EPSG:2157,,2024-08-19,90000,https://www.limerick.ie/sites/default/files/media/documents/2026-03/derelict-site-register-2026.pdf,2026-03-01,2026-08-08,PDF,pdf_table_extraction,structured_pdf_auto
IE-DS-72f57166a0f41c,Limerick County,Limerick City and County Council,DS-069-23,"1 St. Mary's Road, Newcastle West, Co. Limerick",End of Terrace Two Storey Property,V42 PX04,52.4488098,-9.0539771,1,Transformed grid reference,authority_supplied_itm_transformed,site_point,528355,633561,EPSG:2157,,2024-08-19,125000,https://www.limerick.ie/sites/default/files/media/documents/2026-03/derelict-site-register-2026.pdf,2026-03-01,2026-08-08,PDF,pdf_table_extraction,structured_pdf_auto
IE-DS-54269f344ba4a2,Limerick County,Limerick City and County Council,DS-017-24,"Church Street, Abbeyfeale, Co. Limerick",Mid Terrace Former Public House,V94 W7R8,52.3852957,-9.3011603,1,Transformed grid reference,authority_supplied_itm_transformed,site_point,511426,626769,EPSG:2157,,2024-08-19,100000,https://www.limerick.ie/sites/default/files/media/documents/2026-03/derelict-site-register-2026.pdf,2026-03-01,2026-08-08,PDF,pdf_table_extraction,structured_pdf_auto
IE-DS-c4344f181d4042,Limerick County,Limerick City and County Council,DS-021-24,"Ballywilliam North, Rathkeale, Co. Limerick",Detached Single Storey Farmhouse & neglected land,,52.518411,-8.9315611,1,Transformed grid reference,authority_supplied_itm_transformed,site_point,536776,641190,EPSG:2157,,2024-08-19,60000,https://www.limerick.ie/sites/default/files/media/documents/2026-03/derelict-site-register-2026.pdf,2026-03-01,2026-08-08,PDF,pdf_table_extraction,structured_pdf_auto
IE-DS-1acf8d48b09fcd,Limerick County,Limerick City and County Council,DS-044-16,"Main Street, Pallasgreen, Co. Limerick",Detached three bay two-storey over Basement former RIC Barracks,,52.5683501,-8.3383262,1,Transformed grid reference,authority_supplied_itm_transformed,site_point,577064,646392,EPSG:2157,,2024-09-17,100000,https://www.limerick.ie/sites/default/files/media/documents/2026-03/derelict-site-register-2026.pdf,2026-03-01,2026-08-08,PDF,pdf_table_extraction,structured_pdf_auto
IE-DS-3ed7ce298dd71d,Limerick County,Limerick City and County Council,DS-142-21,"Ballinamuddagh, Ardagh, Co. Limerick",Detached Two Storey Property & Surrounding Lands,V42 XR84,52.5282141,-9.0139916,1,Transformed grid reference,authority_supplied_itm_transformed,site_point,531197,642356,EPSG:2157,,2024-10-09,180000,https://www.limerick.ie/sites/default/files/media/documents/2026-03/derelict-site-register-2026.pdf,2026-03-01,2026-08-08,PDF,pdf_table_extraction,structured_pdf_auto
IE-DS-e733771d8db3e0,Limerick County,Limerick City and County Council,DS-143-21,"Ballinamuddagh, Ardagh, Co. Limerick",Detached Two Storey Property & Surrounding Lands,V42 WD56,52.5284141,-9.0137309,1,Transformed grid reference,authority_supplied_itm_transformed,site_point,531215,642378,EPSG:2157,,2024-10-09,170000,https://www.limerick.ie/sites/default/files/media/documents/2026-03/derelict-site-register-2026.pdf,2026-03-01,2026-08-08,PDF,pdf_table_extraction,structured_pdf_auto
IE-DS-3b242f3dbb13ef,Limerick County,Limerick City and County Council,DS-140-22,"Main Street, Glin, Co. Limerick",End of Terrace Single Storey Property.,V94 Y338,52.5694891,-9.2827663,1,Transformed grid reference,authority_supplied_itm_transformed,site_point,513042,647238,EPSG:2157,,2024-10-09,25000,https://www.limerick.ie/sites/default/files/media/documents/2026-03/derelict-site-register-2026.pdf,2026-03-01,2026-08-08,PDF,pdf_table_extraction,structured_pdf_auto
IE-DS-2e50af081ac150,Limerick County,Limerick City and County Council,DS-027-24,"Maiden Street, Newcastle West, Co. Limerick",Three adjoining Three Storey Properties,V42 F291,52.4507725,-9.0596587,1,Transformed grid reference,authority_supplied_itm_transformed,site_point,527972,633785,EPSG:2157,,2024-10-09,180000,https://www.limerick.ie/sites/default/files/media/documents/2026-03/derelict-site-register-2026.pdf,2026-03-01,2026-08-08,PDF,pdf_table_extraction,structured_pdf_auto
IE-DS-7b19e20072832a,Limerick City,Limerick City and County Council,DS-045-24,"Chalfonte, Ennis Road, Limerick",Detached two-storey Residence,V94 X95T,52.6674616,-8.6474189,1,Transformed grid reference,authority_supplied_itm_transformed,site_point,556209,657562,EPSG:2157,,2024-10-09,390000,https://www.limerick.ie/sites/default/files/media/documents/2026-03/derelict-site-register-2026.pdf,2026-03-01,2026-08-08,PDF,pdf_table_extraction,structured_pdf_auto
IE-DS-c80555a7a3b5c7,Limerick City,Limerick City and County Council,DS-037-24,"14 Pearse Avenue, Janesboro, Limerick",Two Story Mid-terrace House,V94 HRP7,52.6522567,-8.6182416,1,Transformed grid reference,authority_supplied_itm_transformed,site_point,558168,655853,EPSG:2157,,2024-11-06,140000,https://www.limerick.ie/sites/default/files/media/documents/2026-03/derelict-site-register-2026.pdf,2026-03-01,2026-08-08,PDF,pdf_table_extraction,structured_pdf_auto
IE-DS-62d01cc8af9a75,Limerick County,Limerick City and County Council,DS-145-23,"The Lane, Bruree, Co. Limerick",Single story detached residential property,V35 XV21,52.4246724,-8.6599561,1,Transformed grid reference,authority_supplied_itm_transformed,site_point,555114,630558,EPSG:2157,,2024-11-12,35000,https://www.limerick.ie/sites/default/files/media/documents/2026-03/derelict-site-register-2026.pdf,2026-03-01,2026-08-08,PDF,pdf_table_extraction,structured_pdf_auto
IE-DS-bdc16de61e3133,Limerick City,Limerick City and County Council,DS-058-24,"47 Windmill Street, Limerick",two-storey Mid Terrace Building,V94 FP9E,52.6588964,-8.6340333,1,Transformed grid reference,authority_supplied_itm_transformed,site_point,557106,656601,EPSG:2157,,2024-12-02,125000,https://www.limerick.ie/sites/default/files/media/documents/2026-03/derelict-site-register-2026.pdf,2026-03-01,2026-08-08,PDF,pdf_table_extraction,structured_pdf_auto
IE-DS-38ba002e38a488,Limerick County,Limerick City and County Council,DS-044-22,"Fairgreen, Bruff, Co. Limerick",Cottage on corner of road junction,V35 XA99,52.4787357,-8.5496059,1,Transformed grid reference,authority_supplied_itm_transformed,site_point,562665,636510,EPSG:2157,,2025-02-28,60000,https://www.limerick.ie/sites/default/files/media/documents/2026-03/derelict-site-register-2026.pdf,2026-03-01,2026-08-08,PDF,pdf_table_extraction,structured_pdf_auto
IE-DS-53df69d820d388,Limerick City,Limerick City and County Council,DS-186-22,"Groody Hill, Rhebogue, Co. Limerick",Residential stand alone building & Surrounding Land,,52.6637596,-8.5867827,1,Transformed grid reference,authority_supplied_itm_transformed,site_point,560307,657115,EPSG:2157,,2025-02-28,50000,https://www.limerick.ie/sites/default/files/media/documents/2026-03/derelict-site-register-2026.pdf,2026-03-01,2026-08-08,PDF,pdf_table_extraction,structured_pdf_auto
IE-DS-0037e0c3c241dc,Limerick City,Limerick City and County Council,DS-004-23,"O'Curry Street, Limerick",Neglected Land,,52.6581106,-8.6347462,1,Transformed grid reference,authority_supplied_itm_transformed,site_point,557057,656514,EPSG:2157,,2025-02-28,50000,https://www.limerick.ie/sites/default/files/media/documents/2026-03/derelict-site-register-2026.pdf,2026-03-01,2026-08-08,PDF,pdf_table_extraction,structured_pdf_auto
IE-DS-f543e73f984563,Limerick City,Limerick City and County Council,DS-111-23,"52 Upper William Street, Limerick",Upper Two Floors of Premises at 52 Upper William Street,V94 D9X5,52.6619766,-8.6226657,1,Transformed grid reference,authority_supplied_itm_transformed,site_point,557878,656937,EPSG:2157,,2025-02-28,200000,https://www.limerick.ie/sites/default/files/media/documents/2026-03/derelict-site-register-2026.pdf,2026-03-01,2026-08-08,PDF,pdf_table_extraction,structured_pdf_auto
IE-DS-76177d6251d066,Limerick County,Limerick City and County Council,DS-144-23,"Ballymore, Askeaton, Co. Limerick",Single storey Detached Property,V94 KA4V,52.6023147,-8.964534,1,Transformed grid reference,authority_supplied_itm_transformed,site_point,534663,650554,EPSG:2157,,2025-02-28,35000,https://www.limerick.ie/sites/default/files/media/documents/2026-03/derelict-site-register-2026.pdf,2026-03-01,2026-08-08,PDF,pdf_table_extraction,structured_pdf_auto
IE-DS-786703db9a8e7a,Limerick County,Limerick City and County Council,DS-007-24,"Shanagolden Creamery, Co. Limerick","Detached six-bay single-storey double-pile former creamery, built c. 1920, having three-bay single-storey extension to east.",V94 P8C9,52.57468,-9.1010622,1,Transformed grid reference,authority_supplied_itm_transformed,site_point,525368,647612,EPSG:2157,,2025-02-28,85000,https://www.limerick.ie/sites/default/files/media/documents/2026-03/derelict-site-register-2026.pdf,2026-03-01,2026-08-08,PDF,pdf_table_extraction,structured_pdf_auto
IE-DS-f050f4b8eb66c2,Limerick County,Limerick City and County Council,DS-061-24,"Carraward East, Dromcollogher, Co. Limerick",Two Storey Former School House,P56 NX58,52.3381917,-8.9034387,1,Transformed grid reference,authority_supplied_itm_transformed,site_point,538434,621116,EPSG:2157,,2025-02-28,70000,https://www.limerick.ie/sites/default/files/media/documents/2026-03/derelict-site-register-2026.pdf,2026-03-01,2026-08-08,PDF,pdf_table_extraction,structured_pdf_auto
IE-DS-c698f907679adb,Limerick City,Limerick City and County Council,DS-117-23,"Rochestown, Fedamore, Co. Limerick",Detached cottage,V35 T771,52.5651439,-8.5526618,1,Transformed grid reference,authority_supplied_itm_transformed,site_point,562531,646125,EPSG:2157,,2025-03-31,60000,https://www.limerick.ie/sites/default/files/media/documents/2026-03/derelict-site-register-2026.pdf,2026-03-01,2026-08-08,PDF,pdf_table_extraction,structured_pdf_auto
IE-DS-20ac578b32998c,Limerick County,Limerick City and County Council,DS-131-23,"Main Street, Patrickswell, Co. Limerick",two-storey Former Retail Unit,V94 WK13,52.5974464,-8.7082197,1,Transformed grid reference,authority_supplied_itm_transformed,site_point,552020,649811,EPSG:2157,,2025-03-31,130000,https://www.limerick.ie/sites/default/files/media/documents/2026-03/derelict-site-register-2026.pdf,2026-03-01,2026-08-08,PDF,pdf_table_extraction,structured_pdf_auto
IE-DS-1cf8e71edbcefd,Limerick City,Limerick City and County Council,DS-023-24,"Towerview, 6 Glenview Avenue, Farranshone, Limerick",Detached Single Storey Residence,V94 C2DV,52.6700709,-8.6336036,1,Transformed grid reference,authority_supplied_itm_transformed,site_point,557146,657844,EPSG:2157,,2025-03-31,250000,https://www.limerick.ie/sites/default/files/media/documents/2026-03/derelict-site-register-2026.pdf,2026-03-01,2026-08-08,PDF,pdf_table_extraction,structured_pdf_auto
IE-DS-3598f72f009f1e,Limerick City,Limerick City and County Council,DS-055-24,"Rigisifi, 223 Ballinacurra Gardens, Limerick",Two Storey semi-detached residence,V94 AXR4,52.6438963,-8.6321466,1,Transformed grid reference,authority_supplied_itm_transformed,site_point,557219,654931,EPSG:2157,,2025-03-31,307000,https://www.limerick.ie/sites/default/files/media/documents/2026-03/derelict-site-register-2026.pdf,2026-03-01,2026-08-08,PDF,pdf_table_extraction,structured_pdf_auto
IE-DS-c84426b19b2b3a,Limerick City,Limerick City and County Council,DS-068-23,"Main Street, Castleconnell, Co. Limerick",Dormer Bungalow,V94 VY2D,52.7140433,-8.5015868,1,Transformed grid reference,authority_supplied_itm_transformed,site_point,566109,662666,EPSG:2157,,2025-04-01,180000,https://www.limerick.ie/sites/default/files/media/documents/2026-03/derelict-site-register-2026.pdf,2026-03-01,2026-08-08,PDF,pdf_table_extraction,structured_pdf_auto
IE-DS-825f92bf8c7388,Limerick County,Limerick City and County Council,DS-007-22,"Bishop Street, Newcastle West, Co. Limerick",Mid Terrace Single Storey Property,V42 VK72,52.4526715,-9.0583949,1,Transformed grid reference,authority_supplied_itm_transformed,site_point,528061,633995,EPSG:2157,,2025-04-09,140000,https://www.limerick.ie/sites/default/files/media/documents/2026-03/derelict-site-register-2026.pdf,2026-03-01,2026-08-08,PDF,pdf_table_extraction,structured_pdf_auto
IE-DS-c6f1c23b53b890,Limerick County,Limerick City and County Council,DS-026-22,"Bishop Street, Newcastle West, Co. Limerick",Mid Terrace Two Storey Property,,52.4526349,-9.0584676,1,Transformed grid reference,authority_supplied_itm_transformed,site_point,528056,633991,EPSG:2157,,2025-04-09,75000,https://www.limerick.ie/sites/default/files/media/documents/2026-03/derelict-site-register-2026.pdf,2026-03-01,2026-08-08,PDF,pdf_table_extraction,structured_pdf_auto
IE-DS-8a93e4871161ac,Limerick County,Limerick City and County Council,DS-072-21,"Arra View, Newcastle West, Co. Limerick",Unfinished Housing Development Site,,52.4436183,-9.0575601,1,Transformed grid reference,authority_supplied_itm_transformed,site_point,528103,632987,EPSG:2157,,2025-04-22,100000,https://www.limerick.ie/sites/default/files/media/documents/2026-03/derelict-site-register-2026.pdf,2026-03-01,2026-08-08,PDF,pdf_table_extraction,structured_pdf_auto
IE-DS-648379b21c84b4,Limerick County,Limerick City and County Council,DS-056-23,"Knockane, Newcastle West, Co. Limerick",Mid Terrace Single Storey Property,,52.4489918,-9.0597631,1,Transformed grid reference,authority_supplied_itm_transformed,site_point,527962,633587,EPSG:2157,,2025-04-22,135000,https://www.limerick.ie/sites/default/files/media/documents/2026-03/derelict-site-register-2026.pdf,2026-03-01,2026-08-08,PDF,pdf_table_extraction,structured_pdf_auto
IE-DS-bdac246e50f394,Limerick City,Limerick City and County Council,DS-041-24,"34 Wickham Street, Limerick",End of Terrace two-storey Building,,52.6613679,-8.6239136,1,Transformed grid reference,authority_supplied_itm_transformed,site_point,557793,656870,EPSG:2157,,2025-04-09,20000,https://www.limerick.ie/sites/default/files/media/documents/2026-03/derelict-site-register-2026.pdf,2026-03-01,2026-08-08,PDF,pdf_table_extraction,structured_pdf_auto
IE-DS-c2705cf62f245a,Limerick City,Limerick City and County Council,DS-071-24,"36 Sheelin Road, Caherdavin, Limerick",Semi-Detached two-storey Residence,V94 F72P,52.6736867,-8.6643233,1,Transformed grid reference,authority_supplied_itm_transformed,site_point,555072,658265,EPSG:2157,,2025-04-22,230000,https://www.limerick.ie/sites/default/files/media/documents/2026-03/derelict-site-register-2026.pdf,2026-03-01,2026-08-08,PDF,pdf_table_extraction,structured_pdf_auto
IE-DS-058256b3d04a9e,Limerick City,Limerick City and County Council,DS-072-24,"38 Sheelin Road, Caherdavin, Limerick",Semi-Detached two-storey Residence,V94 E7TP,52.6736334,-8.6642042,1,Transformed grid reference,authority_supplied_itm_transformed,site_point,555080,658259,EPSG:2157,,2025-04-22,230000,https://www.limerick.ie/sites/default/files/media/documents/2026-03/derelict-site-register-2026.pdf,2026-03-01,2026-08-08,PDF,pdf_table_extraction,structured_pdf_auto
IE-DS-0f532f339f9be2,Limerick County,Limerick City and County Council,DS-078-24,"The Bridge, Ballingarry, Co. Limerick",Semi-Detached two-storey Residence,V94 E2HY,52.474612,-8.8637631,1,Transformed grid reference,authority_supplied_itm_transformed,site_point,541319,636260,EPSG:2157,,2025-04-22,60000,https://www.limerick.ie/sites/default/files/media/documents/2026-03/derelict-site-register-2026.pdf,2026-03-01,2026-08-08,PDF,pdf_table_extraction,structured_pdf_auto
IE-DS-e010be79f1aa9c,Limerick City,Limerick City and County Council,DS-063-24,"The Worrall's Inn, Main Street, Castleconnell, Co. Limerick",Two storey former commercial premises,,52.713607,-8.500605,1,Transformed grid reference,authority_supplied_itm_transformed,site_point,566175,662617,EPSG:2157,,2025-05-16,250000,https://www.limerick.ie/sites/default/files/media/documents/2026-03/derelict-site-register-2026.pdf,2026-03-01,2026-08-08,PDF,pdf_table_extraction,structured_pdf_auto
IE-DS-cb9118b0fec550,Limerick City,Limerick City and County Council,DS-099-24,"Knockbrien, Ballyneety, Co. Limerick",Detached single storey cottage,,52.596547,-8.5530126,1,Transformed grid reference,authority_supplied_itm_transformed,site_point,562534,649619,EPSG:2157,,2025-05-16,70000,https://www.limerick.ie/sites/default/files/media/documents/2026-03/derelict-site-register-2026.pdf,2026-03-01,2026-08-08,PDF,pdf_table_extraction,structured_pdf_auto
IE-DS-be6e25f4b9830e,Limerick City,Limerick City and County Council,DS-123-21,"6 Arlington Villas, Mulgrave Street, Limerick",Mid Terrace single storey,V94 K3VN,52.6591345,-8.6144215,1,Transformed grid reference,authority_supplied_itm_transformed,site_point,558433,656616,EPSG:2157,,2025-06-03,185000,https://www.limerick.ie/sites/default/files/media/documents/2026-03/derelict-site-register-2026.pdf,2026-03-01,2026-08-08,PDF,pdf_table_extraction,structured_pdf_auto
IE-DS-fdf17c30b8a222,Limerick City,Limerick City and County Council,DS-103-20,"Ballymacreese, Ballyneety, Co. Limerick",Single storey cottage & surrounding land,V94 85R2,52.5875624,-8.5444878,1,Transformed grid reference,authority_supplied_itm_transformed,site_point,563104,648615,EPSG:2157,,2025-06-13,55000,https://www.limerick.ie/sites/default/files/media/documents/2026-03/derelict-site-register-2026.pdf,2026-03-01,2026-08-08,PDF,pdf_table_extraction,structured_pdf_auto
IE-DS-2a611645322d0e,Limerick City,Limerick City and County Council,DS-009-23,"John's Street, Limerick",Former Off-Licence premises,V94 PW66,52.6636448,-8.6182101,1,Transformed grid reference,authority_supplied_itm_transformed,site_point,558181,657120,EPSG:2157,,2025-06-13,100000,https://www.limerick.ie/sites/default/files/media/documents/2026-03/derelict-site-register-2026.pdf,2026-03-01,2026-08-08,PDF,pdf_table_extraction,structured_pdf_auto
IE-DS-7b437cb0407ca6,Limerick County,Limerick City and County Council,DS-087-24,"Cragmore, Askeaton, Co. Limerick",Bungalow and surrounding land,V94 E5WD,52.5993072,-8.9574414,1,Transformed grid reference,authority_supplied_itm_transformed,site_point,535139,650213,EPSG:2157,,2025-06-13,55000,https://www.limerick.ie/sites/default/files/media/documents/2026-03/derelict-site-register-2026.pdf,2026-03-01,2026-08-08,PDF,pdf_table_extraction,structured_pdf_auto
IE-DS-e7927155729bb8,Limerick County,Limerick City and County Council,DS-103-23,"Ballysteen, Co. Limerick V94 X8DY",Cottage and outbuildings,V94 X8DY,52.6463174,-8.9528523,1,Transformed grid reference,authority_supplied_itm_transformed,site_point,535519,655439,EPSG:2157,,2025-07-29,70000,https://www.limerick.ie/sites/default/files/media/documents/2026-03/derelict-site-register-2026.pdf,2026-03-01,2026-08-08,PDF,pdf_table_extraction,structured_pdf_auto
IE-DS-9724bd4fafa2d5,Limerick County,Limerick City and County Council,DS-026-24,"Ardmoyle, Carrigkerry, Co. Limerick",Four Mid Terrace Mixed Use unfinished Units,V94 T4A9,52.4940274,-9.1499862,1,Transformed grid reference,authority_supplied_itm_transformed,site_point,521909,638691,EPSG:2157,,2025-07-29,75000,https://www.limerick.ie/sites/default/files/media/documents/2026-03/derelict-site-register-2026.pdf,2026-03-01,2026-08-08,PDF,pdf_table_extraction,structured_pdf_auto
IE-DS-144407351c58d0,Limerick City,Limerick City and County Council,DS-038-24,"38 Johnsgate Village, Limerick",Two Storey end of terrace residence,V94 YDD1,52.664644,-8.6179138,1,Transformed grid reference,authority_supplied_itm_transformed,site_point,558202,657231,EPSG:2157,,2025-08-13,135000,https://www.limerick.ie/sites/default/files/media/documents/2026-03/derelict-site-register-2026.pdf,2026-03-01,2026-08-08,PDF,pdf_table_extraction,structured_pdf_auto
IE-DS-e2fbd6d48951d8,Limerick City,Limerick City and County Council,DS-050-24,"1 Silver Birch Grove, Dooradoyle Road, Limerick",Detached Residence,V94 XPF6,52.6377353,-8.6462412,1,Transformed grid reference,authority_supplied_itm_transformed,site_point,556259,654254,EPSG:2157,,2025-08-13,520000,https://www.limerick.ie/sites/default/files/media/documents/2026-03/derelict-site-register-2026.pdf,2026-03-01,2026-08-08,PDF,pdf_table_extraction,structured_pdf_auto
IE-DS-769472b653a724,Limerick City,Limerick City and County Council,DS-056-24,"Upper Carey's Road, Prior's Land, Limerick",Former Community Centre,V94 X778,52.6557898,-8.6198139,1,Transformed grid reference,authority_supplied_itm_transformed,site_point,558065,656247,EPSG:2157,,2025-08-13,150000,https://www.limerick.ie/sites/default/files/media/documents/2026-03/derelict-site-register-2026.pdf,2026-03-01,2026-08-08,PDF,pdf_table_extraction,structured_pdf_auto
IE-DS-0d12b5e63ca852,Limerick County,Limerick City and County Council,DS-064-19,"Cluain Foinse, Hospital, Co. Limerick",Neglected Land,,52.4741748,-8.4263028,1,Transformed grid reference,authority_supplied_itm_transformed,site_point,571038,635946,EPSG:2157,,2025-09-05,110000,https://www.limerick.ie/sites/default/files/media/documents/2026-03/derelict-site-register-2026.pdf,2026-03-01,2026-08-08,PDF,pdf_table_extraction,structured_pdf_auto
IE-DS-f6190318a22b5f,Limerick City,Limerick City and County Council,DS-073-24,"Friends of Bosnia, Roxboro Road, Limerick",Former commercial premises,,52.653388,-8.6167353,1,Transformed grid reference,authority_supplied_itm_transformed,site_point,558271,655978,EPSG:2157,,2025-09-17,30000,https://www.limerick.ie/sites/default/files/media/documents/2026-03/derelict-site-register-2026.pdf,2026-03-01,2026-08-08,PDF,pdf_table_extraction,structured_pdf_auto
IE-DS-9884966b4737f1,Limerick City,Limerick City and County Council,DS-031-24,"10 Lelia Street, Limerick","Mid-terraced, two storey residence",V94 KRP1,52.6648038,-8.6165707,1,Transformed grid reference,authority_supplied_itm_transformed,site_point,558293,657248,EPSG:2157,,2025-10-22,140000,https://www.limerick.ie/sites/default/files/media/documents/2026-03/derelict-site-register-2026.pdf,2026-03-01,2026-08-08,PDF,pdf_table_extraction,structured_pdf_auto
IE-DS-57715f3edad5d1,Limerick County,Limerick City and County Council,DS-090-24,"Brooklawn, Skagh, Croom, Co. Limerick",Ruinous Bungalow on neglected Land,V35 E735,52.5278343,-8.7182852,1,Transformed grid reference,authority_supplied_itm_transformed,site_point,551261,642073,EPSG:2157,,2025-10-22,205000,https://www.limerick.ie/sites/default/files/media/documents/2026-03/derelict-site-register-2026.pdf,2026-03-01,2026-08-08,PDF,pdf_table_extraction,structured_pdf_auto
IE-DS-bd317064d44394,Limerick County,Limerick City and County Council,DS-016-25,"Main Street, Askeaton, Co. Limerick",Neglected Land,V94 C596,52.600265,-8.9755606,1,Transformed grid reference,authority_supplied_itm_transformed,site_point,533913,650336,EPSG:2157,,2025-10-22,155000,https://www.limerick.ie/sites/default/files/media/documents/2026-03/derelict-site-register-2026.pdf,2026-03-01,2026-08-08,PDF,pdf_table_extraction,structured_pdf_auto
IE-DS-f875d570e4e831,Limerick County,Limerick City and County Council,DS-045-25,"Gortnaskehy, Tournafulla, Co. Limerick",Single Storey Cottage,V42 WK23,52.3694827,-9.1440319,1,Transformed grid reference,authority_supplied_itm_transformed,site_point,522094,624829,EPSG:2157,,2025-10-22,70000,https://www.limerick.ie/sites/default/files/media/documents/2026-03/derelict-site-register-2026.pdf,2026-03-01,2026-08-08,PDF,pdf_table_extraction,structured_pdf_auto
IE-DS-b2ef7342977dd3,Limerick County,Limerick City and County Council,DS-069-25,"Abbey View, Askeaton, Co. Limerick",Neglected Land,,52.6021691,-8.9757358,1,Transformed grid reference,authority_supplied_itm_transformed,site_point,533904,650548,EPSG:2157,,2025-10-22,40000,https://www.limerick.ie/sites/default/files/media/documents/2026-03/derelict-site-register-2026.pdf,2026-03-01,2026-08-08,PDF,pdf_table_extraction,structured_pdf_auto
IE-DS-a4d1ecbcff57cb,Limerick County,Limerick City and County Council,DS-070-25,"Abbey View, Askeaton, Co. Limerick",Ruinous Structure,,52.6022616,-8.9765055,1,Transformed grid reference,authority_supplied_itm_transformed,site_point,533852,650559,EPSG:2157,,2025-10-22,30000,https://www.limerick.ie/sites/default/files/media/documents/2026-03/derelict-site-register-2026.pdf,2026-03-01,2026-08-08,PDF,pdf_table_extraction,structured_pdf_auto
IE-DS-c9d98476348531,Limerick County,Limerick City and County Council,DS-074-24,"Saint Mary's, Clashganniff, Shanagolden, Co. Limerick",Prefabricated detached residence,V94 E44T,52.567996,-9.0939026,1,Transformed grid reference,authority_supplied_itm_transformed,site_point,525842,646861,EPSG:2157,,2025-11-04,75000,https://www.limerick.ie/sites/default/files/media/documents/2026-03/derelict-site-register-2026.pdf,2026-03-01,2026-08-08,PDF,pdf_table_extraction,structured_pdf_auto
IE-DS-f76ae038dc3099,Limerick City,Limerick City and County Council,DS-084-24,"Woodpark, Castleconnell, Co. Limerick",Dormer Cottage and surrounding lands,V94 CDT1,52.7058796,-8.4936358,1,Transformed grid reference,authority_supplied_itm_transformed,site_point,566640,661754,EPSG:2157,,2025-11-04,160000,https://www.limerick.ie/sites/default/files/media/documents/2026-03/derelict-site-register-2026.pdf,2026-03-01,2026-08-08,PDF,pdf_table_extraction,structured_pdf_auto
IE-DS-d45bcd9e1416d4,Limerick County,Limerick City and County Council,DS-078-25,"Castlequarter, Fedamore, Co. Limerick",Two-storey detached house with garage,V35 TX67,52.5465549,-8.5973378,1,Transformed grid reference,authority_supplied_itm_transformed,site_point,559485,644081,EPSG:2157,,2025-11-04,165000,https://www.limerick.ie/sites/default/files/media/documents/2026-03/derelict-site-register-2026.pdf,2026-03-01,2026-08-08,PDF,pdf_table_extraction,structured_pdf_auto
IE-DS-4937d6d206b356,Limerick City,Limerick City and County Council,DS-013-25,"61 Griffith Avenue, Ballinacurra Weston, Limerick",Mid Terrace two-storey Residence,V94 APK2,52.6477003,-8.6300735,1,Transformed grid reference,authority_supplied_itm_transformed,site_point,557363,655353,EPSG:2157,,2025-11-12,150000,https://www.limerick.ie/sites/default/files/media/documents/2026-03/derelict-site-register-2026.pdf,2026-03-01,2026-08-08,PDF,pdf_table_extraction,structured_pdf_auto
IE-DS-83e063729d2d02,Limerick County,Limerick City and County Council,DS-175-22,"Main Street, Kilfinane, Co. Limerick",Two Storey Mixed Use premises,V35 PY80,52.3589066,-8.4692361,1,Transformed grid reference,authority_supplied_itm_transformed,site_point,568038,623140,EPSG:2157,,2025-12-10,120000,https://www.limerick.ie/sites/default/files/media/documents/2026-03/derelict-site-register-2026.pdf,2026-03-01,2026-08-08,PDF,pdf_table_extraction,structured_pdf_auto
IE-DS-74246c96744ae2,Cavan-Monaghan,Monaghan County Council,DSN 6/16,"Old Health Centre, Lower Main St, Ballybay",,,54.1263243,-6.9005884,1,Transformed grid reference,authority_supplied_itm_transformed,site_point,671862,820257,EPSG:2157,,2016-07-28,80000,https://monaghan.ie/planning/wp-content/uploads/sites/4/2026/07/Derelict-Sites-Online-Register-July-2026.pdf,2026-07-01,2026-08-08,PDF,pdf_table_extraction,structured_pdf_auto
IE-DS-a1051a339703d6,Cavan-Monaghan,Monaghan County Council,DSN 8/16,"Cinema Site, Fermanagh Street, Clones",,,54.1799017,-7.2323876,1,Transformed grid reference,authority_supplied_itm_transformed,site_point,650110,825933,EPSG:2157,,2017-09-06,12000,https://monaghan.ie/planning/wp-content/uploads/sites/4/2026/07/Derelict-Sites-Online-Register-July-2026.pdf,2026-07-01,2026-08-08,PDF,pdf_table_extraction,structured_pdf_auto
IE-DS-23fc09e842d5d3,Cavan-Monaghan,Monaghan County Council,DSN 9/16,"1 Old Cross Square, Monaghan",,,54.246932,-6.9660482,1,Transformed grid reference,authority_supplied_itm_transformed,site_point,667387,833614,EPSG:2157,,2016-08-18,45000,https://monaghan.ie/planning/wp-content/uploads/sites/4/2026/07/Derelict-Sites-Online-Register-July-2026.pdf,2026-07-01,2026-08-08,PDF,pdf_table_extraction,structured_pdf_auto
IE-DS-fced98e474b674,Cavan-Monaghan,Monaghan County Council,DSN 10/16,"2 Old Cross Square, Monaghan",,H18 VR02,54.2468959,-6.9660338,1,Transformed grid reference,authority_supplied_itm_transformed,site_point,667388,833610,EPSG:2157,,2017-05-05,40000,https://monaghan.ie/planning/wp-content/uploads/sites/4/2026/07/Derelict-Sites-Online-Register-July-2026.pdf,2026-07-01,2026-08-08,PDF,pdf_table_extraction,structured_pdf_auto
IE-DS-29a233e589d528,Cavan-Monaghan,Monaghan County Council,DSN 19/16,"Keady Road, Castleblayney, Co Monaghan",,,54.1256304,-6.7356487,1,Transformed grid reference,authority_supplied_itm_transformed,site_point,682644,820360,EPSG:2157,,2017-12-20,70000,https://monaghan.ie/planning/wp-content/uploads/sites/4/2026/07/Derelict-Sites-Online-Register-July-2026.pdf,2026-07-01,2026-08-08,PDF,pdf_table_extraction,structured_pdf_auto
IE-DS-b5ec4abb4ddd8d,Cavan-Monaghan,Monaghan County Council,DSN 24/16,"North Road, Monaghan, Co. Monaghan",,,54.2485721,-6.9707947,1,Transformed grid reference,authority_supplied_itm_transformed,site_point,667075,833792,EPSG:2157,,2016-11-10,15000,https://monaghan.ie/planning/wp-content/uploads/sites/4/2026/07/Derelict-Sites-Online-Register-July-2026.pdf,2026-07-01,2026-08-08,PDF,pdf_table_extraction,structured_pdf_auto
IE-DS-3630a28921b111,Cavan-Monaghan,Monaghan County Council,DSN 7/17,"Lennard Arms Hotel, Analore St/McCurtain St, Clones, Co. Monaghan",,H23 CF64,54.1784392,-7.2313118,1,Transformed grid reference,authority_supplied_itm_transformed,site_point,650182,825771,EPSG:2157,,2017-09-01,40000,https://monaghan.ie/planning/wp-content/uploads/sites/4/2026/07/Derelict-Sites-Online-Register-July-2026.pdf,2026-07-01,2026-08-08,PDF,pdf_table_extraction,structured_pdf_auto
IE-DS-06063024095494,Cavan-Monaghan,Monaghan County Council,DSN 3/18,"Coolshannagh, Monaghan (Barrack Lane)",,,54.255062,-6.9647245,1,Transformed grid reference,authority_supplied_itm_transformed,site_point,667460,834520,EPSG:2157,,2024-04-15,240000,https://monaghan.ie/planning/wp-content/uploads/sites/4/2026/07/Derelict-Sites-Online-Register-July-2026.pdf,2026-07-01,2026-08-08,PDF,pdf_table_extraction,structured_pdf_auto
IE-DS-b099138e2efbcd,Cavan-Monaghan,Monaghan County Council,DSN 1/20,"Main Street, Newbliss, Co. Monaghan",,H18 KH59,54.1565442,-7.1389221,1,Transformed grid reference,authority_supplied_itm_transformed,site_point,656243,823404,EPSG:2157,,2020-11-11,40000,https://monaghan.ie/planning/wp-content/uploads/sites/4/2026/07/Derelict-Sites-Online-Register-July-2026.pdf,2026-07-01,2026-08-08,PDF,pdf_table_extraction,structured_pdf_auto
IE-DS-0de16d1d3a2f1e,Cavan-Monaghan,Monaghan County Council,DSN 2/21,"2 Cara Street, Clones, Co. Monaghan",,,54.1789867,-7.2326343,1,Transformed grid reference,authority_supplied_itm_transformed,site_point,650095,825831,EPSG:2157,,2022-06-16,40000,https://monaghan.ie/planning/wp-content/uploads/sites/4/2026/07/Derelict-Sites-Online-Register-July-2026.pdf,2026-07-01,2026-08-08,PDF,pdf_table_extraction,structured_pdf_auto
IE-DS-e8683e8adba07e,Cavan-Monaghan,Monaghan County Council,DSN 4/21,"Kincora House, Newtownbutler Road, Clones, Co. Monaghan",,,54.1802053,-7.239153,1,Transformed grid reference,authority_supplied_itm_transformed,site_point,649668,825962,EPSG:2157,,2022-04-07,120000,https://monaghan.ie/planning/wp-content/uploads/sites/4/2026/07/Derelict-Sites-Online-Register-July-2026.pdf,2026-07-01,2026-08-08,PDF,pdf_table_extraction,structured_pdf_auto
IE-DS-236d31009ea8ed,Cavan-Monaghan,Monaghan County Council,DSN 6/21,"98 Avenue/Lower Fermanagh Street, Clones, Co. Monaghan",,H23 T927,54.1817028,-7.2344071,1,Transformed grid reference,authority_supplied_itm_transformed,site_point,649976,826132,EPSG:2157,,2022-04-07,200000,https://monaghan.ie/planning/wp-content/uploads/sites/4/2026/07/Derelict-Sites-Online-Register-July-2026.pdf,2026-07-01,2026-08-08,PDF,pdf_table_extraction,structured_pdf_auto
IE-DS-b3179143e3a2f8,Cavan-Monaghan,Monaghan County Council,DSN 8/21,"McCurtain Street, Clones, Co. Monaghan",,,54.1778298,-7.2315682,1,Transformed grid reference,authority_supplied_itm_transformed,site_point,650166,825703,EPSG:2157,,2022-01-31,45000,https://monaghan.ie/planning/wp-content/uploads/sites/4/2026/07/Derelict-Sites-Online-Register-July-2026.pdf,2026-07-01,2026-08-08,PDF,pdf_table_extraction,structured_pdf_auto
IE-DS-ddc16827e29595,Cavan-Monaghan,Monaghan County Council,DSN 2/22,"Lower Main Street, Newbliss, Co. Monaghan",,H18 FK52,54.1560874,-7.1391306,1,Transformed grid reference,authority_supplied_itm_transformed,site_point,656230,823353,EPSG:2157,,2024-09-18,85000,https://monaghan.ie/planning/wp-content/uploads/sites/4/2026/07/Derelict-Sites-Online-Register-July-2026.pdf,2026-07-01,2026-08-08,PDF,pdf_table_extraction,structured_pdf_auto
IE-DS-388804a0a04576,Cavan-Monaghan,Monaghan County Council,DSN 3/22,"Lower Main Street, Newbliss, Co. Monaghan",,H18 W932,54.1561773,-7.1391287,1,Transformed grid reference,authority_supplied_itm_transformed,site_point,656230,823363,EPSG:2157,,2024-08-28,40000,https://monaghan.ie/planning/wp-content/uploads/sites/4/2026/07/Derelict-Sites-Online-Register-July-2026.pdf,2026-07-01,2026-08-08,PDF,pdf_table_extraction,structured_pdf_auto
IE-DS-20b7854638ad2d,Cavan-Monaghan,Monaghan County Council,DSN 4/22,"Lower Main Street, Newbliss, Co. Monaghan",,H18 TE80,54.1562578,-7.1390811,1,Transformed grid reference,authority_supplied_itm_transformed,site_point,656233,823372,EPSG:2157,,2022-06-16,40000,https://monaghan.ie/planning/wp-content/uploads/sites/4/2026/07/Derelict-Sites-Online-Register-July-2026.pdf,2026-07-01,2026-08-08,PDF,pdf_table_extraction,structured_pdf_auto
IE-DS-9b1b2b842b43b1,Cavan-Monaghan,Monaghan County Council,DSN 7/22,"Derryveagh, Carrickroe, Co. Monaghan - Folio MN23422F",,,54.3581257,-7.0267534,1,Transformed grid reference,authority_supplied_itm_transformed,site_point,663260,845932,EPSG:2157,,2023-03-22,290000,https://monaghan.ie/planning/wp-content/uploads/sites/4/2026/07/Derelict-Sites-Online-Register-July-2026.pdf,2026-07-01,2026-08-08,PDF,pdf_table_extraction,structured_pdf_auto
IE-DS-74effca9347c5f,Cavan-Monaghan,Monaghan County Council,DSN 8/24,"19 Dublin St, Monaghan",,H18 E673,54.2476932,-6.9667964,1,Transformed grid reference,authority_supplied_itm_transformed,site_point,667337,833698,EPSG:2157,,2025-03-20,135000,https://monaghan.ie/planning/wp-content/uploads/sites/4/2026/07/Derelict-Sites-Online-Register-July-2026.pdf,2026-07-01,2026-08-08,PDF,pdf_table_extraction,structured_pdf_auto
IE-DS-d06d8e4610b01d,Cavan-Monaghan,Monaghan County Council,DSN 9/24,"47 Dublin Street, Monaghan, Co. Monaghan,",,H18 RD26,54.2478911,-6.9668222,1,Transformed grid reference,authority_supplied_itm_transformed,site_point,667335,833720,EPSG:2157,,2025-07-16,120000,https://monaghan.ie/planning/wp-content/uploads/sites/4/2026/07/Derelict-Sites-Online-Register-July-2026.pdf,2026-07-01,2026-08-08,PDF,pdf_table_extraction,structured_pdf_auto
IE-DS-54564c475190e6,Cavan-Monaghan,Monaghan County Council,DSN 11/24,"14 Park Street, Monaghan, Co. Monaghan",,H18 EY49,54.246806,-6.9733858,1,Transformed grid reference,authority_supplied_itm_transformed,site_point,666909,833593,EPSG:2157,,2026-07-29,,https://monaghan.ie/planning/wp-content/uploads/sites/4/2026/07/Derelict-Sites-Online-Register-July-2026.pdf,2026-07-01,2026-08-08,PDF,pdf_table_extraction,structured_pdf_auto
IE-DS-5658327f878c7c,Cavan-Monaghan,Monaghan County Council,DSN 17/24,"Main Street, Newbliss, Co. Monaghan",,H18 XR81,54.1574886,-7.1377848,1,Transformed grid reference,authority_supplied_itm_transformed,site_point,656316,823510,EPSG:2157,,2024-06-12,45000,https://monaghan.ie/planning/wp-content/uploads/sites/4/2026/07/Derelict-Sites-Online-Register-July-2026.pdf,2026-07-01,2026-08-08,PDF,pdf_table_extraction,structured_pdf_auto
IE-DS-62cd89d5bffb0a,Cavan-Monaghan,Monaghan County Council,DSN 19/24,"Scotshouse Rd, Newbliss, Co. Monaghan",,H18 FH21,54.157796,-7.1418204,1,Transformed grid reference,authority_supplied_itm_transformed,site_point,656052,823541,EPSG:2157,,2024-06-24,110000,https://monaghan.ie/planning/wp-content/uploads/sites/4/2026/07/Derelict-Sites-Online-Register-July-2026.pdf,2026-07-01,2026-08-08,PDF,pdf_table_extraction,structured_pdf_auto
IE-DS-64b106ac392f01,Cavan-Monaghan,Monaghan County Council,DSN 22/24,"Newtownbutler Rd, Clones, Co. Monaghan",,H23 YE20,54.1802146,-7.2392141,1,Transformed grid reference,authority_supplied_itm_transformed,site_point,649664,825963,EPSG:2157,,2024-06-24,110000,https://monaghan.ie/planning/wp-content/uploads/sites/4/2026/07/Derelict-Sites-Online-Register-July-2026.pdf,2026-07-01,2026-08-08,PDF,pdf_table_extraction,structured_pdf_auto
IE-DS-cca1b1638190e1,Cavan-Monaghan,Monaghan County Council,DSN 25/24,"Main Street, Ballybay, Co. Monaghan",,A75 Y193,54.1277965,-6.9023855,1,Transformed grid reference,authority_supplied_itm_transformed,site_point,671742,820419,EPSG:2157,,2025-09-15,150000,https://monaghan.ie/planning/wp-content/uploads/sites/4/2026/07/Derelict-Sites-Online-Register-July-2026.pdf,2026-07-01,2026-08-08,PDF,pdf_table_extraction,structured_pdf_auto
IE-DS-61c1b569fffda4,Cavan-Monaghan,Monaghan County Council,DSN 26/24,"85 Main Street Ballybay, Co. Monaghan",,A75 RK07,54.1272453,-6.9020481,1,Transformed grid reference,authority_supplied_itm_transformed,site_point,671765,820358,EPSG:2157,,2024-07-04,65000,https://monaghan.ie/planning/wp-content/uploads/sites/4/2026/07/Derelict-Sites-Online-Register-July-2026.pdf,2026-07-01,2026-08-08,PDF,pdf_table_extraction,structured_pdf_auto
IE-DS-181aecf29f2d84,Cavan-Monaghan,Monaghan County Council,DSN 27/24,"Muckno St, Castleblayney, Co. Monaghan",,A75 CP58,54.1219893,-6.7346428,1,Transformed grid reference,authority_supplied_itm_transformed,site_point,682717,819956,EPSG:2157,,2024-07-03,90000,https://monaghan.ie/planning/wp-content/uploads/sites/4/2026/07/Derelict-Sites-Online-Register-July-2026.pdf,2026-07-01,2026-08-08,PDF,pdf_table_extraction,structured_pdf_auto
IE-DS-5e7400f9d4b944,Cavan-Monaghan,Monaghan County Council,DSN 28/24,"Muckno St, Castleblayney, Co. Monaghan",,A75 DT10,54.1219265,-6.73466,1,Transformed grid reference,authority_supplied_itm_transformed,site_point,682716,819949,EPSG:2157,,2024-09-04,95000,https://monaghan.ie/planning/wp-content/uploads/sites/4/2026/07/Derelict-Sites-Online-Register-July-2026.pdf,2026-07-01,2026-08-08,PDF,pdf_table_extraction,structured_pdf_auto
IE-DS-7d2770ddd288b2,Cavan-Monaghan,Monaghan County Council,DSN 32/24,"Main Street Ballybay, Co Monaghan",,,54.1273749,-6.9024731,1,Transformed grid reference,authority_supplied_itm_transformed,site_point,671737,820372,EPSG:2157,,2025-09-15,70000,https://monaghan.ie/planning/wp-content/uploads/sites/4/2026/07/Derelict-Sites-Online-Register-July-2026.pdf,2026-07-01,2026-08-08,PDF,pdf_table_extraction,structured_pdf_auto
IE-DS-69f3b54b88deaa,Cavan-Monaghan,Monaghan County Council,DSN 34/24,"Main Street Ballybay, Co Monaghan",,A75 AY17,54.127338,-6.902367,1,Transformed grid reference,authority_supplied_itm_transformed,site_point,671744,820368,EPSG:2157,,2025-09-15,70000,https://monaghan.ie/planning/wp-content/uploads/sites/4/2026/07/Derelict-Sites-Online-Register-July-2026.pdf,2026-07-01,2026-08-08,PDF,pdf_table_extraction,structured_pdf_auto
IE-DS-d382a6673a2a12,Cavan-Monaghan,Monaghan County Council,DSN 36/24,"35 O’Neill Park, Clones, Co. Monaghan",,H23 RY67,54.1848213,-7.2358815,1,Transformed grid reference,authority_supplied_itm_transformed,site_point,649876,826478,EPSG:2157,,2024-10-01,45000,https://monaghan.ie/planning/wp-content/uploads/sites/4/2026/07/Derelict-Sites-Online-Register-July-2026.pdf,2026-07-01,2026-08-08,PDF,pdf_table_extraction,structured_pdf_auto
IE-DS-a84334f402545d,Cavan-Monaghan,Monaghan County Council,DSN 37/24,"55 O’Neill Pk, Clones, Co. Monaghan",,H23 WV07,54.1843276,-7.237392,1,Transformed grid reference,authority_supplied_itm_transformed,site_point,649778,826422,EPSG:2157,,2025-07-01,70000,https://monaghan.ie/planning/wp-content/uploads/sites/4/2026/07/Derelict-Sites-Online-Register-July-2026.pdf,2026-07-01,2026-08-08,PDF,pdf_table_extraction,structured_pdf_auto
IE-DS-1654c0dfa16c01,Cavan-Monaghan,Monaghan County Council,DSN 40/24,"13 Legar Cresent, Clones, Co. Monaghan",,H23 VY74,54.1770963,-7.2278902,1,Transformed grid reference,authority_supplied_itm_transformed,site_point,650407,825624,EPSG:2157,,2025-09-18,70000,https://monaghan.ie/planning/wp-content/uploads/sites/4/2026/07/Derelict-Sites-Online-Register-July-2026.pdf,2026-07-01,2026-08-08,PDF,pdf_table_extraction,structured_pdf_auto
IE-DS-0ad9d33bbebfc9,Cavan-Monaghan,Monaghan County Council,DSN 41/24,"Fitzpatrick Square, Newtownbutler Road, Clones, Co Monaghan",,H23 TF30,54.1812162,-7.235611,1,Transformed grid reference,authority_supplied_itm_transformed,site_point,649898,826077,EPSG:2157,,2024-07-04,180000,https://monaghan.ie/planning/wp-content/uploads/sites/4/2026/07/Derelict-Sites-Online-Register-July-2026.pdf,2026-07-01,2026-08-08,PDF,pdf_table_extraction,structured_pdf_auto
IE-DS-fb7eddbb0b1609,Cavan-Monaghan,Monaghan County Council,DSN 46/24,"Main St, Ballybay, Co. Monaghan",,A75 X584,54.1281718,-6.9031406,1,Transformed grid reference,authority_supplied_itm_transformed,site_point,671692,820460,EPSG:2157,,2024-09-17,65000,https://monaghan.ie/planning/wp-content/uploads/sites/4/2026/07/Derelict-Sites-Online-Register-July-2026.pdf,2026-07-01,2026-08-08,PDF,pdf_table_extraction,structured_pdf_auto
IE-DS-a54432c13ce296,Cavan-Monaghan,Monaghan County Council,DSN 49/24,"24 – 26 Main Street Carrickmacross, Co Monaghan",,A81 PH60,53.9755269,-6.7185662,1,Transformed grid reference,authority_supplied_itm_transformed,site_point,684063,803677,EPSG:2157,,2025-09-25,225000,https://monaghan.ie/planning/wp-content/uploads/sites/4/2026/07/Derelict-Sites-Online-Register-July-2026.pdf,2026-07-01,2026-08-08,PDF,pdf_table_extraction,structured_pdf_auto
IE-DS-f16d16f16af2d9,Cavan-Monaghan,Monaghan County Council,DSN 53/24,"Market Sq, Castleblayney, Co. Monaghan (Residential Building)",,A75 VY98,54.1204214,-6.7333902,1,Transformed grid reference,authority_supplied_itm_transformed,site_point,682802,819783,EPSG:2157,,2024-07-03,60000,https://monaghan.ie/planning/wp-content/uploads/sites/4/2026/07/Derelict-Sites-Online-Register-July-2026.pdf,2026-07-01,2026-08-08,PDF,pdf_table_extraction,structured_pdf_auto
IE-DS-49dd6491929677,Cavan-Monaghan,Monaghan County Council,DSN 54/24,"Muckno St, Castleblayney, Co. Monaghan (Commercial Building)",,A75 VY98,54.1204757,-6.7334192,1,Transformed grid reference,authority_supplied_itm_transformed,site_point,682800,819789,EPSG:2157,,2024-07-03,40000,https://monaghan.ie/planning/wp-content/uploads/sites/4/2026/07/Derelict-Sites-Online-Register-July-2026.pdf,2026-07-01,2026-08-08,PDF,pdf_table_extraction,structured_pdf_auto
IE-DS-8bd3c27d822b8e,Cavan-Monaghan,Monaghan County Council,DSN 55/24,"5 Muckno Street, Castleblayney, Co. Monaghan",,A75 WR80,54.1226359,-6.7346078,1,Transformed grid reference,authority_supplied_itm_transformed,site_point,682718,820028,EPSG:2157,,2025-07-29,90000,https://monaghan.ie/planning/wp-content/uploads/sites/4/2026/07/Derelict-Sites-Online-Register-July-2026.pdf,2026-07-01,2026-08-08,PDF,pdf_table_extraction,structured_pdf_auto
IE-DS-2372ef700b147b,Cavan-Monaghan,Monaghan County Council,DSN 56/24,"Muckno Street, Castleblayney, Co. Monaghan",,A75 V184,54.1228836,-6.7342331,1,Transformed grid reference,authority_supplied_itm_transformed,site_point,682742,820056,EPSG:2157,,2024-08-28,200000,https://monaghan.ie/planning/wp-content/uploads/sites/4/2026/07/Derelict-Sites-Online-Register-July-2026.pdf,2026-07-01,2026-08-08,PDF,pdf_table_extraction,structured_pdf_auto
IE-DS-e82f60665303f0,Cavan-Monaghan,Monaghan County Council,DSN 59/24,"14A O'Neill St, Carrickmacross, Co. Monaghan",,A81 W104,53.9756424,-6.7176023,1,Transformed grid reference,authority_supplied_itm_transformed,site_point,684126,803691,EPSG:2157,,2024-09-04,120000,https://monaghan.ie/planning/wp-content/uploads/sites/4/2026/07/Derelict-Sites-Online-Register-July-2026.pdf,2026-07-01,2026-08-08,PDF,pdf_table_extraction,structured_pdf_auto
IE-DS-c86c4d791c8ce5,Cavan-Monaghan,Monaghan County Council,DSN 61/24,"11 McCurtain St, Clones, Co. Monaghan",,H23 DC97,54.1778121,-7.2316144,1,Transformed grid reference,authority_supplied_itm_transformed,site_point,650163,825701,EPSG:2157,,2024-09-18,100000,https://monaghan.ie/planning/wp-content/uploads/sites/4/2026/07/Derelict-Sites-Online-Register-July-2026.pdf,2026-07-01,2026-08-08,PDF,pdf_table_extraction,structured_pdf_auto
IE-DS-ee88a27d67ed34,Cavan-Monaghan,Monaghan County Council,DSN 62/24,"31 Park Street, Monaghan, Co. Monaghan,",,H18 KX53,54.2468652,-6.9729547,1,Transformed grid reference,authority_supplied_itm_transformed,site_point,666937,833600,EPSG:2157,,2025-09-30,100000,https://monaghan.ie/planning/wp-content/uploads/sites/4/2026/07/Derelict-Sites-Online-Register-July-2026.pdf,2026-07-01,2026-08-08,PDF,pdf_table_extraction,structured_pdf_auto
IE-DS-dbf09af922d49e,Cavan-Monaghan,Monaghan County Council,DSN 63/24,"1-6 Ascaill Rois, Magheraboy Rd, Carrickmacross, Co. Monaghan",,,53.9674406,-6.7204147,1,Transformed grid reference,authority_supplied_itm_transformed,site_point,683958,802775,EPSG:2157,,2026-02-20,35000,https://monaghan.ie/planning/wp-content/uploads/sites/4/2026/07/Derelict-Sites-Online-Register-July-2026.pdf,2026-07-01,2026-08-08,PDF,pdf_table_extraction,structured_pdf_auto
IE-DS-aded376f7356fa,Cavan-Monaghan,Monaghan County Council,DSN 65/24,"26 Emmet Street, Carrickmacross, Co. Monaghan,",,A81 NF72,53.9746569,-6.7153612,1,Transformed grid reference,authority_supplied_itm_transformed,site_point,684275,803584,EPSG:2157,,2024-08-28,60000,https://monaghan.ie/planning/wp-content/uploads/sites/4/2026/07/Derelict-Sites-Online-Register-July-2026.pdf,2026-07-01,2026-08-08,PDF,pdf_table_extraction,structured_pdf_auto
IE-DS-3384e2f9065962,Cavan-Monaghan,Monaghan County Council,DSN 71/24,"Assembly Rooms, Dawson St, Monaghan",,,54.2470539,-6.9708479,1,Transformed grid reference,authority_supplied_itm_transformed,site_point,667074,833623,EPSG:2157,,2024-07-10,325000,https://monaghan.ie/planning/wp-content/uploads/sites/4/2026/07/Derelict-Sites-Online-Register-July-2026.pdf,2026-07-01,2026-08-08,PDF,pdf_table_extraction,structured_pdf_auto
IE-DS-8275682583459f,Cavan-Monaghan,Monaghan County Council,DSN 72/24,"117 Lower Main St, Ballybay, Co. Monaghan",,A75 CV44,54.1260669,-6.9009318,1,Transformed grid reference,authority_supplied_itm_transformed,site_point,671840,820228,EPSG:2157,,2024-07-04,75000,https://monaghan.ie/planning/wp-content/uploads/sites/4/2026/07/Derelict-Sites-Online-Register-July-2026.pdf,2026-07-01,2026-08-08,PDF,pdf_table_extraction,structured_pdf_auto
IE-DS-8e8dca918769af,Cavan-Monaghan,Monaghan County Council,DSN 73/24,"15 Dublin St, Monaghan",,H18 CV67,54.2478302,-6.9670539,1,Transformed grid reference,authority_supplied_itm_transformed,site_point,667320,833713,EPSG:2157,,2024-07-11,312000,https://monaghan.ie/planning/wp-content/uploads/sites/4/2026/07/Derelict-Sites-Online-Register-July-2026.pdf,2026-07-01,2026-08-08,PDF,pdf_table_extraction,structured_pdf_auto
IE-DS-da78ff94d499cb,Cavan-Monaghan,Monaghan County Council,DSN 82/24,"105 Main St Lwr, Ballybay, Co. Monaghan",,A75 KH22,54.1266268,-6.9012383,1,Transformed grid reference,authority_supplied_itm_transformed,site_point,671819,820290,EPSG:2157,,2024-09-11,80000,https://monaghan.ie/planning/wp-content/uploads/sites/4/2026/07/Derelict-Sites-Online-Register-July-2026.pdf,2026-07-01,2026-08-08,PDF,pdf_table_extraction,structured_pdf_auto
IE-DS-cb7e35b08f2abf,Cavan-Monaghan,Monaghan County Council,DSN 85/24,"103 Main St Lwr, Ballybay, Co. Monaghan",,A75 FP95,54.1266717,-6.9012371,1,Transformed grid reference,authority_supplied_itm_transformed,site_point,671819,820295,EPSG:2157,,2024-09-11,100000,https://monaghan.ie/planning/wp-content/uploads/sites/4/2026/07/Derelict-Sites-Online-Register-July-2026.pdf,2026-07-01,2026-08-08,PDF,pdf_table_extraction,structured_pdf_auto
IE-DS-038854d0e4e360,Cavan-Monaghan,Monaghan County Council,DSN 89/24,"Garda Station, Smithborough, Co. Monaghan",,H18 FD26,54.2214078,-7.0975503,1,Transformed grid reference,authority_supplied_itm_transformed,site_point,658853,830656,EPSG:2157,,2025-11-03,250000,https://monaghan.ie/planning/wp-content/uploads/sites/4/2026/07/Derelict-Sites-Online-Register-July-2026.pdf,2026-07-01,2026-08-08,PDF,pdf_table_extraction,structured_pdf_auto
IE-DS-c258ec6ad5f5ac,Cavan-Monaghan,Monaghan County Council,DSN 92/24,"Church Street, Castleblayney Co. Monaghan",,,54.1182877,-6.7338683,1,Transformed grid reference,authority_supplied_itm_transformed,site_point,682775,819545,EPSG:2157,,2026-02-17,230000,https://monaghan.ie/planning/wp-content/uploads/sites/4/2026/07/Derelict-Sites-Online-Register-July-2026.pdf,2026-07-01,2026-08-08,PDF,pdf_table_extraction,structured_pdf_auto
IE-DS-b4df233ef2cc8a,Cavan-Monaghan,Monaghan County Council,DSN 93/24,"Coolshannagh, Monaghan",,,54.2573976,-6.959417,1,Transformed grid reference,authority_supplied_itm_transformed,site_point,667802,834785,EPSG:2157,,2025-10-10,75000,https://monaghan.ie/planning/wp-content/uploads/sites/4/2026/07/Derelict-Sites-Online-Register-July-2026.pdf,2026-07-01,2026-08-08,PDF,pdf_table_extraction,structured_pdf_auto
IE-DS-30d8e7effe652a,Cavan-Monaghan,Monaghan County Council,DSN 95/24,"Ivy Lane, Carrickmacross, Co. Monaghan",,A81 D997,53.9763068,-6.7200668,1,Transformed grid reference,authority_supplied_itm_transformed,site_point,683963,803762,EPSG:2157,,2025-07-08,100000,https://monaghan.ie/planning/wp-content/uploads/sites/4/2026/07/Derelict-Sites-Online-Register-July-2026.pdf,2026-07-01,2026-08-08,PDF,pdf_table_extraction,structured_pdf_auto
IE-DS-6abcb2e6dad684,Cavan-Monaghan,Monaghan County Council,DSN 96/24,"Ivy Lane, Carrickmacross, Co. Monaghan",,A81 KO98,53.976206,-6.7198869,1,Transformed grid reference,authority_supplied_itm_transformed,site_point,683975,803751,EPSG:2157,,2024-10-08,130000,https://monaghan.ie/planning/wp-content/uploads/sites/4/2026/07/Derelict-Sites-Online-Register-July-2026.pdf,2026-07-01,2026-08-08,PDF,pdf_table_extraction,structured_pdf_auto
IE-DS-b16e4a15ea103c,Cavan-Monaghan,Monaghan County Council,DSN 98/24,"Abbey Lane, Clones, Co. Monaghan",,,54.1778874,-7.2307399,1,Transformed grid reference,authority_supplied_itm_transformed,site_point,650220,825710,EPSG:2157,,2024-10-21,70000,https://monaghan.ie/planning/wp-content/uploads/sites/4/2026/07/Derelict-Sites-Online-Register-July-2026.pdf,2026-07-01,2026-08-08,PDF,pdf_table_extraction,structured_pdf_auto
IE-DS-78b8d606e673af,Cavan-Monaghan,Monaghan County Council,DSN 103/24,"Church Street, Castleblayney, Co. Monaghan",,,54.1187672,-6.734175,1,Transformed grid reference,authority_supplied_itm_transformed,site_point,682754,819598,EPSG:2157,,2024-09-11,50000,https://monaghan.ie/planning/wp-content/uploads/sites/4/2026/07/Derelict-Sites-Online-Register-July-2026.pdf,2026-07-01,2026-08-08,PDF,pdf_table_extraction,structured_pdf_auto
IE-DS-a26ba7b3c6c852,Cavan-Monaghan,Monaghan County Council,DSN 104/24,"Market Sq, Castleblayney, Co. Monaghan",,A75 YA07,54.1206998,-6.7342231,1,Transformed grid reference,authority_supplied_itm_transformed,site_point,682747,819813,EPSG:2157,,2024-09-11,85000,https://monaghan.ie/planning/wp-content/uploads/sites/4/2026/07/Derelict-Sites-Online-Register-July-2026.pdf,2026-07-01,2026-08-08,PDF,pdf_table_extraction,structured_pdf_auto
IE-DS-1ab40a0f9d0795,Cavan-Monaghan,Monaghan County Council,DSN 105/24,"Muckno St, Castleblayney, Co. Monaghan",,A75 KN60,54.1211581,-6.7342245,1,Transformed grid reference,authority_supplied_itm_transformed,site_point,682746,819864,EPSG:2157,,2024-10-08,65000,https://monaghan.ie/planning/wp-content/uploads/sites/4/2026/07/Derelict-Sites-Online-Register-July-2026.pdf,2026-07-01,2026-08-08,PDF,pdf_table_extraction,structured_pdf_auto
IE-DS-da351980e8298e,Cavan-Monaghan,Monaghan County Council,DSN 107/24,"Paragon Site, Fermanagh St, Clones, Co. Monaghan",,,54.1799112,-7.232464,1,Transformed grid reference,authority_supplied_itm_transformed,site_point,650105,825934,EPSG:2157,,2025-07-07,75000,https://monaghan.ie/planning/wp-content/uploads/sites/4/2026/07/Derelict-Sites-Online-Register-July-2026.pdf,2026-07-01,2026-08-08,PDF,pdf_table_extraction,structured_pdf_auto
IE-DS-2ada471c26078c,Cavan-Monaghan,Monaghan County Council,DSN 108/24,"The Diamond, Clones, Co. Monaghan",,H23 DY72,54.1790847,-7.2310853,1,Transformed grid reference,authority_supplied_itm_transformed,site_point,650196,825843,EPSG:2157,,2024-09-18,130000,https://monaghan.ie/planning/wp-content/uploads/sites/4/2026/07/Derelict-Sites-Online-Register-July-2026.pdf,2026-07-01,2026-08-08,PDF,pdf_table_extraction,structured_pdf_auto
IE-DS-b7264d65f1f2ae,Cavan-Monaghan,Monaghan County Council,DSN 109/24,"Lands at Liseggerton, Clones, Co. Monaghan",,,54.1893131,-7.2399663,1,Transformed grid reference,authority_supplied_itm_transformed,site_point,649604,826975,EPSG:2157,,2025-07-15,100000,https://monaghan.ie/planning/wp-content/uploads/sites/4/2026/07/Derelict-Sites-Online-Register-July-2026.pdf,2026-07-01,2026-08-08,PDF,pdf_table_extraction,structured_pdf_auto
IE-DS-0797f67a4cdafb,Cavan-Monaghan,Monaghan County Council,DSN 111/24,"Farmyard, O’Duffy Street, Clones, Co. Monaghan",,,54.1780398,-7.2292819,1,Transformed grid reference,authority_supplied_itm_transformed,site_point,650315,825728,EPSG:2157,,2025-09-23,100000,https://monaghan.ie/planning/wp-content/uploads/sites/4/2026/07/Derelict-Sites-Online-Register-July-2026.pdf,2026-07-01,2026-08-08,PDF,pdf_table_extraction,structured_pdf_auto
IE-DS-d28b442d76b934,Cavan-Monaghan,Monaghan County Council,DSN 112/24,"3 Church Street, Ballybay, Co. Monaghan",,A75 K196,54.1274794,-6.9011239,1,Transformed grid reference,authority_supplied_itm_transformed,site_point,671825,820385,EPSG:2157,,30/03/2026 20/02/2026,90000,https://monaghan.ie/planning/wp-content/uploads/sites/4/2026/07/Derelict-Sites-Online-Register-July-2026.pdf,2026-07-01,2026-08-08,PDF,pdf_table_extraction,structured_pdf_auto
IE-DS-9c25840881fec6,Cavan-Monaghan,Monaghan County Council,DSN 114/24,"Cooltrimegish, Co. Monaghan",,,54.0644719,-6.8108827,1,Transformed grid reference,authority_supplied_itm_transformed,site_point,677841,813469,EPSG:2157,,,300000,https://monaghan.ie/planning/wp-content/uploads/sites/4/2026/07/Derelict-Sites-Online-Register-July-2026.pdf,2026-07-01,2026-08-08,PDF,pdf_table_extraction,structured_pdf_auto
IE-DS-81d86e16d486ba,Cavan-Monaghan,Monaghan County Council,DSN 1/25,"Gospel Hall, Glen Road, Monaghan, Co. Monaghan",,H18 CT89,54.2427615,-6.9711849,1,Transformed grid reference,authority_supplied_itm_transformed,site_point,667059,833145,EPSG:2157,,2025-09-30,80000,https://monaghan.ie/planning/wp-content/uploads/sites/4/2026/07/Derelict-Sites-Online-Register-July-2026.pdf,2026-07-01,2026-08-08,PDF,pdf_table_extraction,structured_pdf_auto
IE-DS-6c0e39ed937921,Cavan-Monaghan,Monaghan County Council,DSN 7/25,"9 Plantation Terrace, Monaghan",,H18 XK64,54.2511354,-6.9679073,1,Transformed grid reference,authority_supplied_itm_transformed,site_point,667259,834080,EPSG:2157,,2025-05-19,100000,https://monaghan.ie/planning/wp-content/uploads/sites/4/2026/07/Derelict-Sites-Online-Register-July-2026.pdf,2026-07-01,2026-08-08,PDF,pdf_table_extraction,structured_pdf_auto
IE-DS-aa11c51d3b1bba,Cavan-Monaghan,Monaghan County Council,DSN 8/25,11 Hillside Monaghan,,H18 P767,54.2485914,-6.9720065,1,Transformed grid reference,authority_supplied_itm_transformed,site_point,666996,833793,EPSG:2157,,2025-10-10,200000,https://monaghan.ie/planning/wp-content/uploads/sites/4/2026/07/Derelict-Sites-Online-Register-July-2026.pdf,2026-07-01,2026-08-08,PDF,pdf_table_extraction,structured_pdf_auto
IE-DS-8a177e2e6c761f,Cavan-Monaghan,Monaghan County Council,DSN 9/25,"Plot of ground in the townland of Edenamo, Inniskeen, Co. Monaghan",,,54.0021914,-6.586407,1,Transformed grid reference,authority_supplied_itm_transformed,site_point,692673,806809,EPSG:2157,,2025-11-19,600000,https://monaghan.ie/planning/wp-content/uploads/sites/4/2026/07/Derelict-Sites-Online-Register-July-2026.pdf,2026-07-01,2026-08-08,PDF,pdf_table_extraction,structured_pdf_auto
IE-DS-dd2a3e3e0d7894,Cavan-Monaghan,Monaghan County Council,DSN 11/25,"16 High Street, Monaghan",,H18 KW44,54.250148,-6.9732875,1,Transformed grid reference,authority_supplied_itm_transformed,site_point,666910,833965,EPSG:2157,,2025-10-10,175000,https://monaghan.ie/planning/wp-content/uploads/sites/4/2026/07/Derelict-Sites-Online-Register-July-2026.pdf,2026-07-01,2026-08-08,PDF,pdf_table_extraction,structured_pdf_auto
IE-DS-69f4febe111943,Cavan-Monaghan,Monaghan County Council,DSN 13/25,"3 Monaghan Street, Carrickmacross",,A81 RF62,53.9781015,-6.7189751,1,Transformed grid reference,authority_supplied_itm_transformed,site_point,684031,803963,EPSG:2157,,2025-09-15,30000,https://monaghan.ie/planning/wp-content/uploads/sites/4/2026/07/Derelict-Sites-Online-Register-July-2026.pdf,2026-07-01,2026-08-08,PDF,pdf_table_extraction,structured_pdf_auto
IE-DS-f20d47d709c5a9,Cavan-Monaghan,Monaghan County Council,DSN 14/25,"Lands to the rear of 68 Main St, Carrickmacross, Co. Monaghan",,,53.9774057,-6.7186153,1,Transformed grid reference,authority_supplied_itm_transformed,site_point,684056,803886,EPSG:2157,,2025-07-08,30000,https://monaghan.ie/planning/wp-content/uploads/sites/4/2026/07/Derelict-Sites-Online-Register-July-2026.pdf,2026-07-01,2026-08-08,PDF,pdf_table_extraction,structured_pdf_auto
IE-DS-83665a2a53c653,Cavan-Monaghan,Monaghan County Council,DSN 18/25,"5 St Patrick Street, Ballybay Co Monaghan",,,54.1302237,-6.9034689,1,Transformed grid reference,authority_supplied_itm_transformed,site_point,671667,820688,EPSG:2157,,2025-09-15,120000,https://monaghan.ie/planning/wp-content/uploads/sites/4/2026/07/Derelict-Sites-Online-Register-July-2026.pdf,2026-07-01,2026-08-08,PDF,pdf_table_extraction,structured_pdf_auto
IE-DS-bf90e32cbb1214,Cavan-Monaghan,Monaghan County Council,DSN 20/25,"4 Church Street, Ballybay, Co. Monaghan",,A75 EE67,54.1274963,-6.9010011,1,Transformed grid reference,authority_supplied_itm_transformed,site_point,671833,820387,EPSG:2157,,2026-03-30,80000,https://monaghan.ie/planning/wp-content/uploads/sites/4/2026/07/Derelict-Sites-Online-Register-July-2026.pdf,2026-07-01,2026-08-08,PDF,pdf_table_extraction,structured_pdf_auto
IE-DS-16de31ea5bd74d,Cavan-Monaghan,Monaghan County Council,DSN 21/25,"5 Ballybay Road, Monaghan, Co. Monaghan",,H18 X070,54.2370302,-6.9661424,1,Transformed grid reference,authority_supplied_itm_transformed,site_point,667397,832512,EPSG:2157,,2025-09-30,125000,https://monaghan.ie/planning/wp-content/uploads/sites/4/2026/07/Derelict-Sites-Online-Register-July-2026.pdf,2026-07-01,2026-08-08,PDF,pdf_table_extraction,structured_pdf_auto
IE-DS-f26c6dbf750e43,Cavan-Monaghan,Monaghan County Council,DSN 23/25,"Drumbear, Monaghan, Co. Monaghan",,H18 XT28,54.2298246,-6.9683777,1,Transformed grid reference,authority_supplied_itm_transformed,site_point,667263,831708,EPSG:2157,,2025-09-30,100000,https://monaghan.ie/planning/wp-content/uploads/sites/4/2026/07/Derelict-Sites-Online-Register-July-2026.pdf,2026-07-01,2026-08-08,PDF,pdf_table_extraction,structured_pdf_auto
IE-DS-c5baa8509f9d64,Cavan-Monaghan,Monaghan County Council,DSN 24/25,"Lurgans, Carrickmacross, Co. Monaghan",,,53.9765463,-6.7358989,1,Transformed grid reference,authority_supplied_itm_transformed,site_point,682924,803770,EPSG:2157,,2025-11-03,120000,https://monaghan.ie/planning/wp-content/uploads/sites/4/2026/07/Derelict-Sites-Online-Register-July-2026.pdf,2026-07-01,2026-08-08,PDF,pdf_table_extraction,structured_pdf_auto
IE-DS-6c7d7604d32b84,Cavan-Monaghan,Monaghan County Council,DSN 25/25,"Muckno Street, Castleblayney, Co. Monaghan",,A75 XE80,54.1216161,-6.7341952,1,Transformed grid reference,authority_supplied_itm_transformed,site_point,682747,819915,EPSG:2157,,2025-07-29,125000,https://monaghan.ie/planning/wp-content/uploads/sites/4/2026/07/Derelict-Sites-Online-Register-July-2026.pdf,2026-07-01,2026-08-08,PDF,pdf_table_extraction,structured_pdf_auto
IE-DS-d9d8b49898fe48,Cavan-Monaghan,Monaghan County Council,DSN 28/25,"Shercock Road, Carrickmacross, Co Monaghan",,,53.9771615,-6.7226932,1,Transformed grid reference,authority_supplied_itm_transformed,site_point,683789,803854,EPSG:2157,,2025-09-15,70000,https://monaghan.ie/planning/wp-content/uploads/sites/4/2026/07/Derelict-Sites-Online-Register-July-2026.pdf,2026-07-01,2026-08-08,PDF,pdf_table_extraction,structured_pdf_auto
IE-DS-33956f0c0bff6d,Cavan-Monaghan,Monaghan County Council,DSN 29/25,"Land adjacent to 4 Mullinary Street, Carrickmacross, Co. Monaghan",,A81 FC97,53.9774039,-6.7243628,1,Transformed grid reference,authority_supplied_itm_transformed,site_point,683679,803879,EPSG:2157,,2025-08-01,120000,https://monaghan.ie/planning/wp-content/uploads/sites/4/2026/07/Derelict-Sites-Online-Register-July-2026.pdf,2026-07-01,2026-08-08,PDF,pdf_table_extraction,structured_pdf_auto
IE-DS-cce81c5fdefb13,Cavan-Monaghan,Monaghan County Council,DSN 33/25,"Hillside, Emyvale, Co Monaghan",,H18 Y621,54.3406533,-6.9626364,1,Transformed grid reference,authority_supplied_itm_transformed,site_point,667456,844047,EPSG:2157,,2025-10-10,185000,https://monaghan.ie/planning/wp-content/uploads/sites/4/2026/07/Derelict-Sites-Online-Register-July-2026.pdf,2026-07-01,2026-08-08,PDF,pdf_table_extraction,structured_pdf_auto
IE-DS-555e17abf5c7ed,Cavan-Monaghan,Monaghan County Council,DSN 37/25,"Connabury Hill, Castleblayney, Co. Monaghan",,,54.1134735,-6.7366764,1,Transformed grid reference,authority_supplied_itm_transformed,site_point,682601,819006,EPSG:2157,,2025-11-03,220000,https://monaghan.ie/planning/wp-content/uploads/sites/4/2026/07/Derelict-Sites-Online-Register-July-2026.pdf,2026-07-01,2026-08-08,PDF,pdf_table_extraction,structured_pdf_auto
IE-DS-a9fc0b64bd8c22,Cavan-Monaghan,Monaghan County Council,DSN 39/25,"Dernagrew, Monaghan, Co. Monaghan",,,54.2652117,-6.9652531,1,Transformed grid reference,authority_supplied_itm_transformed,site_point,667409,835649,EPSG:2157,,2025-07-11,190000,https://monaghan.ie/planning/wp-content/uploads/sites/4/2026/07/Derelict-Sites-Online-Register-July-2026.pdf,2026-07-01,2026-08-08,PDF,pdf_table_extraction,structured_pdf_auto
IE-DS-31dc5809707a85,Cavan-Monaghan,Monaghan County Council,DSN 41/25,"Gallinagh, Monaghan, Co Monaghan",,H18 V838,54.2535148,-6.9878137,1,Transformed grid reference,authority_supplied_itm_transformed,site_point,665958,834326,EPSG:2157,,2025-10-07,120000,https://monaghan.ie/planning/wp-content/uploads/sites/4/2026/07/Derelict-Sites-Online-Register-July-2026.pdf,2026-07-01,2026-08-08,PDF,pdf_table_extraction,structured_pdf_auto
IE-DS-bb419e4d260d90,Cavan-Monaghan,Monaghan County Council,DSN 42/25,"Gallinagh Lodge, Monaghan, Co Monaghan",,H18 WK15,54.2536487,-6.9855698,1,Transformed grid reference,authority_supplied_itm_transformed,site_point,666104,834343,EPSG:2157,,2025-10-07,130000,https://monaghan.ie/planning/wp-content/uploads/sites/4/2026/07/Derelict-Sites-Online-Register-July-2026.pdf,2026-07-01,2026-08-08,PDF,pdf_table_extraction,structured_pdf_auto
IE-DS-ccf449e2638ad7,Cavan-Monaghan,Monaghan County Council,DSN 43/25,"Land behind Bank of Ireland on Bridwell Lane (to the South) and Drummond Etra (to the West), Carrickmacross, Co. Monaghan",,,53.9770833,-6.7204089,1,Transformed grid reference,authority_supplied_itm_transformed,site_point,683939,803848,EPSG:2157,,2025-07-18,125000,https://monaghan.ie/planning/wp-content/uploads/sites/4/2026/07/Derelict-Sites-Online-Register-July-2026.pdf,2026-07-01,2026-08-08,PDF,pdf_table_extraction,structured_pdf_auto
IE-DS-c0289be3015e8d,Cavan-Monaghan,Monaghan County Council,DSN 47/25,"Henry Street, Castleblayney, Co. Monaghan",,,54.1197417,-6.7337016,1,Transformed grid reference,authority_supplied_itm_transformed,site_point,682783,819707,EPSG:2157,,2026-02-17,220000,https://monaghan.ie/planning/wp-content/uploads/sites/4/2026/07/Derelict-Sites-Online-Register-July-2026.pdf,2026-07-01,2026-08-08,PDF,pdf_table_extraction,structured_pdf_auto
IE-DS-e6493aebc1f288,Cavan-Monaghan,Monaghan County Council,DSN 48/25,"Scostown Road (opposite Cherrywood) Mullaghadun, Monaghan, Co Monaghan",,,54.2474248,-6.9859834,1,Transformed grid reference,authority_supplied_itm_transformed,site_point,666087,833650,EPSG:2157,,2025-10-13,120000,https://monaghan.ie/planning/wp-content/uploads/sites/4/2026/07/Derelict-Sites-Online-Register-July-2026.pdf,2026-07-01,2026-08-08,PDF,pdf_table_extraction,structured_pdf_auto
IE-DS-c3f1625f38931b,Cavan-Monaghan,Monaghan County Council,DSN 51/25,"7 & 8 Candlefort Heights, Inniskeen, Co. Monaghan",,A91 DR68,54.0012466,-6.5855391,1,Transformed grid reference,authority_supplied_itm_transformed,site_point,692732,806705,EPSG:2157,,2025-08-01,240000,https://monaghan.ie/planning/wp-content/uploads/sites/4/2026/07/Derelict-Sites-Online-Register-July-2026.pdf,2026-07-01,2026-08-08,PDF,pdf_table_extraction,structured_pdf_auto
IE-DS-8d3b3f07de3b9e,Cavan-Monaghan,Monaghan County Council,DSN 53/25,"Killyconnigan, Monaghan, Co Monaghan",,,54.2403252,-6.9880445,1,Transformed grid reference,authority_supplied_itm_transformed,site_point,665964,832858,EPSG:2157,,2025-10-13,175000,https://monaghan.ie/planning/wp-content/uploads/sites/4/2026/07/Derelict-Sites-Online-Register-July-2026.pdf,2026-07-01,2026-08-08,PDF,pdf_table_extraction,structured_pdf_auto
IE-DS-6bfdbd951beae8,Cavan-Monaghan,Monaghan County Council,DSN 55/25,"8-13 Clos Dhromainn, Magheross, Riverside Road, Carrickmacross, Co. Monaghan",,,53.9708401,-6.7172772,1,Transformed grid reference,authority_supplied_itm_transformed,site_point,684157,803157,EPSG:2157,,2025-07-18,1635000,https://monaghan.ie/planning/wp-content/uploads/sites/4/2026/07/Derelict-Sites-Online-Register-July-2026.pdf,2026-07-01,2026-08-08,PDF,pdf_table_extraction,structured_pdf_auto
IE-DS-9920d33127e4ed,Cavan-Monaghan,Monaghan County Council,DSN 56/25,"14-19 Clos Dhromainn, Magheross, Riverside Road, Carrickmacross, Co. Monaghan",,,53.9712016,-6.7174643,1,Transformed grid reference,authority_supplied_itm_transformed,site_point,684144,803197,EPSG:2157,,2025-07-18,860000,https://monaghan.ie/planning/wp-content/uploads/sites/4/2026/07/Derelict-Sites-Online-Register-July-2026.pdf,2026-07-01,2026-08-08,PDF,pdf_table_extraction,structured_pdf_auto
IE-DS-a1e7ee17ca57fa,Cavan-Monaghan,Monaghan County Council,DSN 57/25,"Brownfield Site, Magheross, Riverside Road, Carrickmacross, Co. Monaghan",,,53.9703245,-6.7161194,1,Transformed grid reference,authority_supplied_itm_transformed,site_point,684234,803101,EPSG:2157,,2025-07-18,370000,https://monaghan.ie/planning/wp-content/uploads/sites/4/2026/07/Derelict-Sites-Online-Register-July-2026.pdf,2026-07-01,2026-08-08,PDF,pdf_table_extraction,structured_pdf_auto
IE-DS-735d85be9f8661,Cavan-Monaghan,Monaghan County Council,DSN 58/25,"Unfinished Apartment Block along with Associated Underground and Overground Car Parking Levels, Magheross, Riverside Road, Carrickmacross, Co. Monaghan",,,53.9715523,-6.717484,1,Transformed grid reference,authority_supplied_itm_transformed,site_point,684142,803236,EPSG:2157,,2025-07-18,2,https://monaghan.ie/planning/wp-content/uploads/sites/4/2026/07/Derelict-Sites-Online-Register-July-2026.pdf,2026-07-01,2026-08-08,PDF,pdf_table_extraction,structured_pdf_auto
IE-DS-9e782fdf353248,Cavan-Monaghan,Monaghan County Council,DSN 59/25,"15 Magherarny, Smithborough, Co. Monaghan",,H18 CK00,54.2163789,-7.1137284,1,Transformed grid reference,authority_supplied_itm_transformed,site_point,657805,830083,EPSG:2157,,2025-11-06,145000,https://monaghan.ie/planning/wp-content/uploads/sites/4/2026/07/Derelict-Sites-Online-Register-July-2026.pdf,2026-07-01,2026-08-08,PDF,pdf_table_extraction,structured_pdf_auto
IE-DS-4659010d413381,Cavan-Monaghan,Monaghan County Council,DSN 62/25,"2 High Street, Monaghan, Co. Monaghan",,H18 TW72,54.2496502,-6.9728702,1,Transformed grid reference,authority_supplied_itm_transformed,site_point,666938,833910,EPSG:2157,,2026-07-29,,https://monaghan.ie/planning/wp-content/uploads/sites/4/2026/07/Derelict-Sites-Online-Register-July-2026.pdf,2026-07-01,2026-08-08,PDF,pdf_table_extraction,structured_pdf_auto
IE-DS-37fbb03fa95997,Cavan-Monaghan,Monaghan County Council,DSN 70/25,"Fortview School, Newtownbutler Road, Clones, Co Monaghan",,H23 VP93,54.1801266,-7.2395067,1,Transformed grid reference,authority_supplied_itm_transformed,site_point,649645,825953,EPSG:2157,,2025-10-13,175000,https://monaghan.ie/planning/wp-content/uploads/sites/4/2026/07/Derelict-Sites-Online-Register-July-2026.pdf,2026-07-01,2026-08-08,PDF,pdf_table_extraction,structured_pdf_auto
IE-DS-953aab2b78cde7,Cavan-Monaghan,Monaghan County Council,DSN 73/25,"Shercock Road, Carrickmacross, Co. Monaghan",,A81 WY67,53.9784774,-6.7239031,1,Transformed grid reference,authority_supplied_itm_transformed,site_point,683707,803999,EPSG:2157,,2025-08-01,400000,https://monaghan.ie/planning/wp-content/uploads/sites/4/2026/07/Derelict-Sites-Online-Register-July-2026.pdf,2026-07-01,2026-08-08,PDF,pdf_table_extraction,structured_pdf_auto
IE-DS-c43791ef60b847,Cavan-Monaghan,Monaghan County Council,DSN 74/25,"16 Market Street, Monaghan, Co Monaghan",,H18 XR67,54.2476796,-6.9725662,1,Transformed grid reference,authority_supplied_itm_transformed,site_point,666961,833691,EPSG:2157,,2025-10-13,110000,https://monaghan.ie/planning/wp-content/uploads/sites/4/2026/07/Derelict-Sites-Online-Register-July-2026.pdf,2026-07-01,2026-08-08,PDF,pdf_table_extraction,structured_pdf_auto
IE-DS-ab4d9080b66f87,Cavan-Monaghan,Monaghan County Council,DSN 75/25,"17 Market Street, Monaghan, Co Monaghan",,H18 HX52,54.2476438,-6.9725825,1,Transformed grid reference,authority_supplied_itm_transformed,site_point,666960,833687,EPSG:2157,,2025-10-13,110000,https://monaghan.ie/planning/wp-content/uploads/sites/4/2026/07/Derelict-Sites-Online-Register-July-2026.pdf,2026-07-01,2026-08-08,PDF,pdf_table_extraction,structured_pdf_auto
IE-DS-495d1ca04785a4,Cavan-Monaghan,Monaghan County Council,DSN 79/25,"6 Roslea Terrace, Clones, Co Monaghan",,H23 NY93,54.1830262,-7.2333868,1,Transformed grid reference,authority_supplied_itm_transformed,site_point,650041,826280,EPSG:2157,,2025-09-23,50000,https://monaghan.ie/planning/wp-content/uploads/sites/4/2026/07/Derelict-Sites-Online-Register-July-2026.pdf,2026-07-01,2026-08-08,PDF,pdf_table_extraction,structured_pdf_auto
IE-DS-a0cdf527a64937,Cavan-Monaghan,Monaghan County Council,DSN 80/25,"7 Roslea Terrace, Clones, Co. Monaghan",,H23 AK20,54.1830441,-7.2333712,1,Transformed grid reference,authority_supplied_itm_transformed,site_point,650042,826282,EPSG:2157,,2026-02-09,35000,https://monaghan.ie/planning/wp-content/uploads/sites/4/2026/07/Derelict-Sites-Online-Register-July-2026.pdf,2026-07-01,2026-08-08,PDF,pdf_table_extraction,structured_pdf_auto
IE-DS-07ada176c907a1,Cavan-Monaghan,Monaghan County Council,DSN 84/25,"Liseggerton, Clones, Co Monaghan",,H23 KD66,54.189822,-7.239436,1,Transformed grid reference,authority_supplied_itm_transformed,site_point,649638,827032,EPSG:2157,,2025-09-18,170000,https://monaghan.ie/planning/wp-content/uploads/sites/4/2026/07/Derelict-Sites-Online-Register-July-2026.pdf,2026-07-01,2026-08-08,PDF,pdf_table_extraction,structured_pdf_auto
IE-DS-3fb0dcc511cef7,Cavan-Monaghan,Monaghan County Council,DSN 85/25,"Millbrook, Liseggerton, Clones, Co. Monaghan",,,54.1885761,-7.2385089,1,Transformed grid reference,authority_supplied_itm_transformed,site_point,649700,826894,EPSG:2157,,2026-02-09,120000,https://monaghan.ie/planning/wp-content/uploads/sites/4/2026/07/Derelict-Sites-Online-Register-July-2026.pdf,2026-07-01,2026-08-08,PDF,pdf_table_extraction,structured_pdf_auto
IE-DS-f73aa7862e5975,Cavan-Monaghan,Monaghan County Council,DSN 86/25,"Glenview House, Drumbear, Monaghan, Co. Monaghan",,H18 YD99,54.2354319,-6.9694344,1,Transformed grid reference,authority_supplied_itm_transformed,site_point,667185,832331,EPSG:2157,,2025-11-19,750000,https://monaghan.ie/planning/wp-content/uploads/sites/4/2026/07/Derelict-Sites-Online-Register-July-2026.pdf,2026-07-01,2026-08-08,PDF,pdf_table_extraction,structured_pdf_auto
IE-DS-8dc5beb7fb3490,Cavan-Monaghan,Monaghan County Council,DSN 88/25,"Development Land at Cendlefort Heights, Inniskeen, Co. Monaghan",,,54.0010338,-6.5857903,1,Transformed grid reference,authority_supplied_itm_transformed,site_point,692716,806681,EPSG:2157,,2026-02-20,100000,https://monaghan.ie/planning/wp-content/uploads/sites/4/2026/07/Derelict-Sites-Online-Register-July-2026.pdf,2026-07-01,2026-08-08,PDF,pdf_table_extraction,structured_pdf_auto
IE-DS-a0552de92a1892,Cavan-Monaghan,Monaghan County Council,DSN 92/25,"Widows Row, Rockcorry, Co Monaghan",,,54.1168863,-7.014426,1,Transformed grid reference,authority_supplied_itm_transformed,site_point,664436,819097,EPSG:2157,,2025-10-07,250000,https://monaghan.ie/planning/wp-content/uploads/sites/4/2026/07/Derelict-Sites-Online-Register-July-2026.pdf,2026-07-01,2026-08-08,PDF,pdf_table_extraction,structured_pdf_auto
IE-DS-c9b3302a4826ff,Cavan-Monaghan,Monaghan County Council,DSN 93/25,"Newbliss Road, Rockcorry, Co Monaghan",,H18 RT22,54.1178505,-7.0158562,1,Transformed grid reference,authority_supplied_itm_transformed,site_point,664341,819203,EPSG:2157,,2025-10-07,50000,https://monaghan.ie/planning/wp-content/uploads/sites/4/2026/07/Derelict-Sites-Online-Register-July-2026.pdf,2026-07-01,2026-08-08,PDF,pdf_table_extraction,structured_pdf_auto
IE-DS-24c92ac48c4e99,Cavan-Monaghan,Monaghan County Council,DSN 96/25,"Old Filling Station, Monneil, Rockcorry, Co Monaghan",,,54.1192705,-7.0114936,1,Transformed grid reference,authority_supplied_itm_transformed,site_point,664624,819365,EPSG:2157,,2025-10-07,30000,https://monaghan.ie/planning/wp-content/uploads/sites/4/2026/07/Derelict-Sites-Online-Register-July-2026.pdf,2026-07-01,2026-08-08,PDF,pdf_table_extraction,structured_pdf_auto
IE-DS-ff00f7a659d34e,Cavan-Monaghan,Monaghan County Council,DSN 97/25,"Site at Drummulla, Rockcorry, Co Monaghan",,,54.1182903,-7.0124959,1,Transformed grid reference,authority_supplied_itm_transformed,site_point,664560,819255,EPSG:2157,,2025-10-07,40000,https://monaghan.ie/planning/wp-content/uploads/sites/4/2026/07/Derelict-Sites-Online-Register-July-2026.pdf,2026-07-01,2026-08-08,PDF,pdf_table_extraction,structured_pdf_auto
IE-DS-7b3c6c3a02687e,Cavan-Monaghan,Monaghan County Council,DSN 8/26,"Clonedergole, Clones, Co. Monaghan",,H23 YE67,54.1780021,-7.2503603,1,Transformed grid reference,authority_supplied_itm_transformed,site_point,648939,825709,EPSG:2157,,2026-07-24,,https://monaghan.ie/planning/wp-content/uploads/sites/4/2026/07/Derelict-Sites-Online-Register-July-2026.pdf,2026-07-01,2026-08-08,PDF,pdf_table_extraction,structured_pdf_auto
IE-DS-2b691fe712706d,Cavan-Monaghan,Monaghan County Council,DSN 37/26,"The Old Creamery, Scotshouse, Co. Monaghan",,H23 PW53,54.1239563,-7.251122,1,Transformed grid reference,authority_supplied_itm_transformed,site_point,648953,819694,EPSG:2157,,2026-07-24,,https://monaghan.ie/planning/wp-content/uploads/sites/4/2026/07/Derelict-Sites-Online-Register-July-2026.pdf,2026-07-01,2026-08-08,PDF,pdf_table_extraction,structured_pdf_auto
IE-DS-f6105399e6e0ce,Cavan-Monaghan,Monaghan County Council,DSN 87/26,"Clonavarne, Monaghan, Co. Monaghan",,H18 H363,54.2298616,-7.0070277,1,Transformed grid reference,authority_supplied_itm_transformed,site_point,664743,831676,EPSG:2157,,2026-07-24,,https://monaghan.ie/planning/wp-content/uploads/sites/4/2026/07/Derelict-Sites-Online-Register-July-2026.pdf,2026-07-01,2026-08-08,PDF,pdf_table_extraction,structured_pdf_auto
IE-DS-3283be2f9d940c,Cavan-Monaghan,Monaghan County Council,DSN 88/26,"Woodbury, Corlattan, Threemilehouse, Co. Monaghan",,H18 YE61,54.225567,-7.0082043,1,Transformed grid reference,authority_supplied_itm_transformed,site_point,664673,831197,EPSG:2157,,2026-07-24,,https://monaghan.ie/planning/wp-content/uploads/sites/4/2026/07/Derelict-Sites-Online-Register-July-2026.pdf,2026-07-01,2026-08-08,PDF,pdf_table_extraction,structured_pdf_auto
IE-DS-78bee5a48b2b15,Cavan-Monaghan,Monaghan County Council,DSN 93/26,"Station House, Mulladuff, Smithborough, Co. Monaghan",,H18 EV61,54.2228201,-7.0989457,1,Transformed grid reference,authority_supplied_itm_transformed,site_point,658760,830812,EPSG:2157,,2026-07-24,,https://monaghan.ie/planning/wp-content/uploads/sites/4/2026/07/Derelict-Sites-Online-Register-July-2026.pdf,2026-07-01,2026-08-08,PDF,pdf_table_extraction,structured_pdf_auto
IE-DS-b4969ac2840746,Tipperary South,Tipperary County Council,ENV-C-97-201,"Old Technical School Clogheen, Co Tipperary",,,52.2771157,-7.9935353,1,Transformed grid reference,authority_supplied_grid_transformed,site_point,200491,113884,EPSG:29903,,1998-07-14,,https://www.tipperarycoco.ie/environment/environmental-awareness-initiatives/derelict-sites,2026-07-14,2026-08-08,XLSX,official_xlsx,native_machine_readable
IE-DS-2fe9b24d08a7f0,Tipperary South,Tipperary County Council,ENV-C-03-269,"Lattin, Co Tipperary",,,52.4677503,-8.2732793,1,Transformed grid reference,authority_supplied_grid_transformed,site_point,181476.956,135132.5,EPSG:29903,,2008-05-15,,https://www.tipperarycoco.ie/environment/environmental-awareness-initiatives/derelict-sites,2026-07-14,2026-08-08,XLSX,official_xlsx,native_machine_readable
IE-DS-88f43bb1f02b8d,Tipperary South,Tipperary County Council,ENV-C-05-277,"Kilross, Co Tipperary",,,52.4329132,-8.2853106,1,Transformed grid reference,authority_supplied_grid_transformed,site_point,180644,131259,EPSG:29903,,2008-06-25,,https://www.tipperarycoco.ie/environment/environmental-awareness-initiatives/derelict-sites,2026-07-14,2026-08-08,XLSX,official_xlsx,native_machine_readable
IE-DS-adca2efdcb52cc,Tipperary South,Tipperary County Council,ENV-C-91-93,"Kilcoran, Cahir, Co Tipperary",,,52.3479556,-8.0186026,1,Transformed grid reference,authority_supplied_grid_transformed,site_point,198782,121767,EPSG:29903,,2008-08-07,,https://www.tipperarycoco.ie/environment/environmental-awareness-initiatives/derelict-sites,2026-07-14,2026-08-08,XLSX,official_xlsx,native_machine_readable
IE-DS-da09463bfaa640,Tipperary South,Tipperary County Council,ENV-C-03-268,"Shronell, Lattin, Co Tipperary",,,52.4680257,-8.2726771,1,Transformed grid reference,authority_supplied_grid_transformed,site_point,181518,135163,EPSG:29903,,2008-10-03,,https://www.tipperarycoco.ie/environment/environmental-awareness-initiatives/derelict-sites,2026-07-14,2026-08-08,XLSX,official_xlsx,native_machine_readable
IE-DS-4affd0aff52bc9,Tipperary South,Tipperary County Council,ENV-C-10-04,"Old Co-op Building, Main St, Clogheen, Co Tipperary",,,52.2756421,-7.9968611,1,Transformed grid reference,authority_supplied_grid_transformed,site_point,200264,113720,EPSG:29903,,2012-02-22,,https://www.tipperarycoco.ie/environment/environmental-awareness-initiatives/derelict-sites,2026-07-14,2026-08-08,XLSX,official_xlsx,native_machine_readable
IE-DS-33a3b81596a7cd,Tipperary South,Tipperary County Council,ENV-C-11-04,"Carrick Street, Mullinahone, Co. Tipperary.",,,52.5116337,-7.5054769,1,Transformed grid reference,authority_supplied_grid_transformed,site_point,233625,140096,EPSG:29903,,2012-02-28,,https://www.tipperarycoco.ie/environment/environmental-awareness-initiatives/derelict-sites,2026-07-14,2026-08-08,XLSX,official_xlsx,native_machine_readable
IE-DS-ae8fd5708e7a26,Tipperary North,Tipperary County Council,ENV-C-16-03,"11 McDonagh, Street, Nenagh, Co. Tipperary",,,52.8644706,-8.1960575,1,Transformed grid reference,authority_supplied_grid_transformed,site_point,186845,179264,EPSG:29903,,2016-05-12,,https://www.tipperarycoco.ie/environment/environmental-awareness-initiatives/derelict-sites,2026-07-14,2026-08-08,XLSX,official_xlsx,native_machine_readable
IE-DS-769037f09b865a,Tipperary South,Tipperary County Council,ENV-C-18-20,"Lattin Village, Co. Tipperary",,,52.4677196,-8.2729548,1,Transformed grid reference,authority_supplied_grid_transformed,site_point,181499,135129,EPSG:29903,,2018-11-13,,https://www.tipperarycoco.ie/environment/environmental-awareness-initiatives/derelict-sites,2026-07-14,2026-08-08,XLSX,official_xlsx,native_machine_readable
IE-DS-c86f1e5867ae06,Tipperary South,Tipperary County Council,ENV-C-20-29,"Former Shop, Church Road, Elm Park, Clonmel, Co. Tipperary",,,52.3598316,-7.7139619,1,Transformed grid reference,authority_supplied_grid_transformed,site_point,219537,123127,EPSG:29903,,2021-11-12,,https://www.tipperarycoco.ie/environment/environmental-awareness-initiatives/derelict-sites,2026-07-14,2026-08-08,XLSX,official_xlsx,native_machine_readable
IE-DS-5c83ef6af1a26a,Tipperary North,Tipperary County Council,ENV-C-21-06,"4 Westgate, Thurles, Co. Tipperary",,,52.6787036,-7.8146945,1,Transformed grid reference,authority_supplied_grid_transformed,site_point,212583,158589,EPSG:29903,,2022-03-29,,https://www.tipperarycoco.ie/environment/environmental-awareness-initiatives/derelict-sites,2026-07-14,2026-08-08,XLSX,official_xlsx,native_machine_readable
IE-DS-c081d57dca3af4,Tipperary North,Tipperary County Council,ENV-C-23-12,"3 Ikerrin, Road, Thurles, Co. Tipperary",,,52.6812455,-7.8034559,1,Transformed grid reference,authority_supplied_grid_transformed,site_point,613290,658917,EPSG:2157,,2023-03-22,,https://www.tipperarycoco.ie/environment/environmental-awareness-initiatives/derelict-sites,2026-07-14,2026-08-08,XLSX,official_xlsx,native_machine_readable
IE-DS-a84a1285c09219,Tipperary South,Tipperary County Council,ENV-C-11-05,"Former Retail Premises, Kickham Street, Mullinahone, Co Tipperary",,,52.51218,-7.5050436,1,Transformed grid reference,authority_supplied_grid_transformed,site_point,233654,140157,EPSG:29903,,2023-05-22,,https://www.tipperarycoco.ie/environment/environmental-awareness-initiatives/derelict-sites,2026-07-14,2026-08-08,XLSX,official_xlsx,native_machine_readable
IE-DS-244fe4557ff168,Carlow-Kilkenny,Tipperary County Council,ENV-C-11-05,"Kickham Street, Mullinahone, Co Tipperary E41R602",,E41 R602,52.4523685,-7.4085129,1,Transformed grid reference,authority_supplied_grid_transformed,site_point,640204,633599,EPSG:2157,,2023-06-27,,https://www.tipperarycoco.ie/environment/environmental-awareness-initiatives/derelict-sites,2026-07-14,2026-08-08,XLSX,official_xlsx,native_machine_readable
IE-DS-45c2f929053111,Tipperary South,Tipperary County Council,ENV-C-16-16,"""The Valley"" Fethard, Co Tipperary",,,52.4648616,-7.6980967,1,Transformed grid reference,authority_supplied_grid_transformed,site_point,220569,134819,EPSG:29903,,2023-08-08,,https://www.tipperarycoco.ie/environment/environmental-awareness-initiatives/derelict-sites,2026-07-14,2026-08-08,XLSX,official_xlsx,native_machine_readable
IE-DS-b8f2e7705c445f,Tipperary North,Tipperary County Council,ENV-C-23-36,"10 Limerick Street, Roscrea, Co. Tipperary",,,52.9542078,-7.8007771,1,Transformed grid reference,authority_supplied_grid_transformed,site_point,613387,689288,EPSG:2157,,2023-10-02,,https://www.tipperarycoco.ie/environment/environmental-awareness-initiatives/derelict-sites,2026-07-14,2026-08-08,XLSX,official_xlsx,native_machine_readable
IE-DS-611306b03c8ec4,Tipperary South,Tipperary County Council,ENV-C-06-201,"Former Hogans House, Kickham Street, Mullinahone",,,52.5123418,-7.5050418,1,Transformed grid reference,authority_supplied_grid_transformed,site_point,233654,140175,EPSG:29903,,2023-10-16,,https://www.tipperarycoco.ie/environment/environmental-awareness-initiatives/derelict-sites,2026-07-14,2026-08-08,XLSX,official_xlsx,native_machine_readable
IE-DS-cd42c8caeb8e6f,Tipperary North,Tipperary County Council,ENV-C-23-23,"Lourdes Road, Roscrea, Co. Tipperary",,,52.9570138,-7.7965971,1,Transformed grid reference,authority_supplied_grid_transformed,site_point,613667,689601,EPSG:2157,,2023-10-16,,https://www.tipperarycoco.ie/environment/environmental-awareness-initiatives/derelict-sites,2026-07-14,2026-08-08,XLSX,official_xlsx,native_machine_readable
IE-DS-2c8387487e7734,Tipperary South,Tipperary County Council,ENV-C-14-8,8 Abbey Street Cahir,,,52.3805123,-7.9303884,1,Transformed grid reference,authority_supplied_grid_transformed,site_point,204790,125392,EPSG:29903,,2023-11-27,,https://www.tipperarycoco.ie/environment/environmental-awareness-initiatives/derelict-sites,2026-07-14,2026-08-08,XLSX,official_xlsx,native_machine_readable
IE-DS-3993b1e8387095,Tipperary North,Tipperary County Council,ENV-C-23-35,"Butlers Yard, Croke Street, Thurles, Co. Tipperary",,,52.6776596,-7.8147846,1,Transformed grid reference,authority_supplied_grid_transformed,site_point,612525,658516,EPSG:2157,,2024-01-29,,https://www.tipperarycoco.ie/environment/environmental-awareness-initiatives/derelict-sites,2026-07-14,2026-08-08,XLSX,official_xlsx,native_machine_readable
IE-DS-d0bda65f3da1c4,Tipperary South,Tipperary County Council,ENV-C-11-07,"Old Courthouse,Killaghy St,Mullinahone",,,52.5127422,-7.5062304,1,Transformed grid reference,authority_supplied_grid_transformed,site_point,233573,140219,EPSG:29903,,2024-05-16,,https://www.tipperarycoco.ie/environment/environmental-awareness-initiatives/derelict-sites,2026-07-14,2026-08-08,XLSX,official_xlsx,native_machine_readable
IE-DS-b29e80f754f093,Tipperary North,Tipperary County Council,ENV-C-23-38,"1-2 Friar Street, Thurles, Co. Tipperary",,,52.6783117,-7.8180352,1,Transformed grid reference,authority_supplied_grid_transformed,site_point,612305,658588,EPSG:2157,,2024-06-06,,https://www.tipperarycoco.ie/environment/environmental-awareness-initiatives/derelict-sites,2026-07-14,2026-08-08,XLSX,official_xlsx,native_machine_readable
IE-DS-14201ecf42475b,Tipperary South,Tipperary County Council,ENV-C-18-27,"19 Parnell Street, Clonmel, co. Tipperary",,,52.3535216,-7.6984488,1,Transformed grid reference,authority_supplied_grid_transformed,site_point,620542.683,622480.055,EPSG:2157,,2024-06-17,,https://www.tipperarycoco.ie/environment/environmental-awareness-initiatives/derelict-sites,2026-07-14,2026-08-08,XLSX,official_xlsx,native_machine_readable
IE-DS-ea7e6f34d3231b,Tipperary North,Tipperary County Council,ENV-C-24-33,"Pallas Road, Borrissoleigh, County Tipperary",,,52.7508053,-7.9576365,1,Transformed grid reference,authority_supplied_grid_transformed,site_point,602860,666639,EPSG:2157,,2024-07-22,,https://www.tipperarycoco.ie/environment/environmental-awareness-initiatives/derelict-sites,2026-07-14,2026-08-08,XLSX,official_xlsx,native_machine_readable
IE-DS-d40395e4e0dca0,Tipperary South,Tipperary County Council,ENV-C-24-45,"5 Woodland Heights, Carrick on Suir, Co. Tipperary, E32 AC62",,E32 AC62,52.3410404,-7.4091924,1,Transformed grid reference,authority_supplied_grid_transformed,site_point,640259,621213,EPSG:2157,,2024-07-22,,https://www.tipperarycoco.ie/environment/environmental-awareness-initiatives/derelict-sites,2026-07-14,2026-08-08,XLSX,official_xlsx,native_machine_readable
IE-DS-fea06c9fe5117e,Tipperary South,Tipperary County Council,ENV-C-24-41,"25 Irishtown, Clonmel, Co. Tipperary",,,52.3520608,-7.7084606,1,Transformed grid reference,authority_supplied_grid_transformed,site_point,619861.298,622314.748,EPSG:2157,,2024-10-24,,https://www.tipperarycoco.ie/environment/environmental-awareness-initiatives/derelict-sites,2026-07-14,2026-08-08,XLSX,official_xlsx,native_machine_readable
IE-DS-2396243bdd4e73,Tipperary South,Tipperary County Council,ENV-C-24-41,"26 Irishtown, Clonmel, Co. Tipperary",,,52.3520608,-7.7084606,1,Transformed grid reference,authority_supplied_grid_transformed,site_point,619861.298,622314.748,EPSG:2157,,2024-10-24,,https://www.tipperarycoco.ie/environment/environmental-awareness-initiatives/derelict-sites,2026-07-14,2026-08-08,XLSX,official_xlsx,native_machine_readable
IE-DS-280626c175f8d0,Tipperary South,Tipperary County Council,ENV-C-24-46,"Old Waterford Road, Carrick on Sur, Co. Tipperary",,,52.3437248,-7.4139558,1,Transformed grid reference,authority_supplied_grid_transformed,site_point,639932,621509,EPSG:2157,,2024-10-24,,https://www.tipperarycoco.ie/environment/environmental-awareness-initiatives/derelict-sites,2026-07-14,2026-08-08,XLSX,official_xlsx,native_machine_readable
IE-DS-83c54a56a59fff,Tipperary North,Tipperary County Council,ENV-C-24-32,"21 Sarsfield Street, Thurles, Co. Tipperary",,,52.6749372,-7.8154171,1,Transformed grid reference,authority_supplied_grid_transformed,site_point,612483,658213,EPSG:2157,,2024-11-04,,https://www.tipperarycoco.ie/environment/environmental-awareness-initiatives/derelict-sites,2026-07-14,2026-08-08,XLSX,official_xlsx,native_machine_readable
