NEW CONSTITUENCY,ED_GUID,GEOGDESC,Adults aged 18+,Adults living with parents
Carlow-Kilkenny,2ae19629-1836-13a3-e055-000000000001,"Agha, Carlow",300,46
Carlow-Kilkenny,2ae19629-1837-13a3-e055-000000000001,"Ballinacarrig, Carlow",855,135
Carlow-Kilkenny,2ae19629-1840-13a3-e055-000000000001,"Ballintemple, Carlow",454,63
Carlow-Kilkenny,2ae19629-1841-13a3-e055-000000000001,"Ballon, Carlow",575,79
Carlow-Kilkenny,2ae19629-1842-13a3-e055-000000000001,"Ballyellin, Carlow",352,53
Carlow-Kilkenny,2ae19629-1843-13a3-e055-000000000001,"Ballymoon, Carlow",263,42
Carlow-Kilkenny,2ae19629-184d-13a3-e055-000000000001,"Ballymurphy, Carlow",207,30
Carlow-Kilkenny,2ae19629-184e-13a3-e055-000000000001,"Borris, Carlow",857,110
Carlow-Kilkenny,2ae19629-184f-13a3-e055-000000000001,"Burton Hall, Carlow",366,48
Carlow-Kilkenny,2ae19629-1857-13a3-e055-000000000001,"Carlow Rural, Carlow",12092,1567
Carlow-Kilkenny,2ae19629-1858-13a3-e055-000000000001,"Carlow Urban, Carlow",4240,351
Carlow-Kilkenny,2ae19629-1859-13a3-e055-000000000001,"Clogrenan, Carlow",856,138
Carlow-Kilkenny,2ae19629-185a-13a3-e055-000000000001,"Clonegall, Carlow",833,135
Carlow-Kilkenny,2ae19629-1864-13a3-e055-000000000001,"Clonmore, Carlow",429,73
Carlow-Kilkenny,2ae19629-1865-13a3-e055-000000000001,"Coonogue, Carlow",166,26
Carlow-Kilkenny,2ae19629-1866-13a3-e055-000000000001,"Corries, Carlow",419,64
Carlow-Kilkenny,2ae19629-1872-13a3-e055-000000000001,"Cranemore, Carlow",883,97
Carlow-Kilkenny,2ae19629-1873-13a3-e055-000000000001,"Fennagh, Carlow",608,99
Carlow-Kilkenny,2ae19629-1874-13a3-e055-000000000001,"Garryhill, Carlow",489,89
Carlow-Kilkenny,2ae19629-187d-13a3-e055-000000000001,"Glynn, Carlow",292,52
Carlow-Kilkenny,2ae19629-1a59-13a3-e055-000000000001,"Graigue Urban, Carlow",1349,164
Carlow-Kilkenny,2ae19629-187e-13a3-e055-000000000001,"Grangeford, Carlow",456,55
Carlow-Kilkenny,2ae19629-187f-13a3-e055-000000000001,"Hacketstown, Carlow",906,130
Carlow-Kilkenny,2ae19629-1887-13a3-e055-000000000001,"Haroldstown, Carlow",242,54
Carlow-Kilkenny,2ae19629-1888-13a3-e055-000000000001,"Johnstown, Carlow",467,88
Carlow-Kilkenny,2ae19629-1889-13a3-e055-000000000001,"Kellistown, Carlow",781,139
Carlow-Kilkenny,2ae19629-188a-13a3-e055-000000000001,"Kilbride, Carlow",359,47
Carlow-Kilkenny,2ae19629-1895-13a3-e055-000000000001,"Killedmond, Carlow",353,60
Carlow-Kilkenny,2ae19629-1896-13a3-e055-000000000001,"Killerrig, Carlow",292,56
Carlow-Kilkenny,2ae19629-1897-13a3-e055-000000000001,"Kineagh, Carlow",300,52
Carlow-Kilkenny,2ae19629-18a0-13a3-e055-000000000001,"Kyle, Carlow",268,48
Carlow-Kilkenny,2ae19629-18a1-13a3-e055-000000000001,"Leighlinbridge, Carlow",1314,198
Carlow-Kilkenny,2ae19629-18a2-13a3-e055-000000000001,"Marley, Carlow",298,47
Carlow-Kilkenny,2ae19629-18ab-13a3-e055-000000000001,"Muinebeag Rural, Carlow",549,96
Carlow-Kilkenny,2ae19629-18ac-13a3-e055-000000000001,"Muinebeag Urban, Carlow",2250,336
Carlow-Kilkenny,2ae19629-18ad-13a3-e055-000000000001,"Myshall, Carlow",436,59
Carlow-Kilkenny,2ae19629-18ae-13a3-e055-000000000001,"Nurney, Carlow",710,144
Carlow-Kilkenny,2ae19629-18b7-13a3-e055-000000000001,"Oldleighlin, Carlow",439,78
Carlow-Kilkenny,2ae19629-18b8-13a3-e055-000000000001,"Rahill, Carlow",588,92
Carlow-Kilkenny,2ae19629-18b9-13a3-e055-000000000001,"Rathanna, Carlow",107,10
Carlow-Kilkenny,2ae19629-18c2-13a3-e055-000000000001,"Rathornan, Carlow",355,54
Carlow-Kilkenny,2ae19629-18c3-13a3-e055-000000000001,"Rathrush, Carlow",826,152
Carlow-Kilkenny,2ae19629-18c4-13a3-e055-000000000001,"Rathvilly, Carlow",668,95
Carlow-Kilkenny,2ae19629-1816-13a3-e055-000000000001,"Ridge, Carlow",223,43
Carlow-Kilkenny,2ae19629-1817-13a3-e055-000000000001,"Shangarry, Carlow",423,77
Carlow-Kilkenny,2ae19629-1818-13a3-e055-000000000001,"Sliguff, Carlow",430,86
Carlow-Kilkenny,2ae19629-1820-13a3-e055-000000000001,"Tankardstown, Carlow",360,50
Carlow-Kilkenny,2ae19629-1821-13a3-e055-000000000001,"Templepeter, Carlow",368,69
Carlow-Kilkenny,2ae19629-1822-13a3-e055-000000000001,"Tiknock, Carlow",263,45
Carlow-Kilkenny,2ae19629-1823-13a3-e055-000000000001,"Tinnahinch, Carlow",536,82
Carlow-Kilkenny,2ae19629-1a55-13a3-e055-000000000001,"Tullow Rural, Carlow",778,75
Carlow-Kilkenny,2ae19629-1a56-13a3-e055-000000000001,"Tullow Urban, Carlow",3127,392
Carlow-Kilkenny,2ae19629-1a57-13a3-e055-000000000001,"Tullowbeg, Carlow",461,58
Carlow-Kilkenny,2ae19629-1a58-13a3-e055-000000000001,"Williamstown, Carlow",245,36
Dublin Central,2ae19629-1ceb-13a3-e055-000000000001,"Arran Quay A, Dublin City",1579,65
Dublin Central,2ae19629-1cec-13a3-e055-000000000001,"Arran Quay B, Dublin City",4837,118
Dublin Central,2ae19629-1ced-13a3-e055-000000000001,"Arran Quay C, Dublin City",4170,123
Dublin Central,2ae19629-1cee-13a3-e055-000000000001,"Arran Quay D, Dublin City",2864,159
Dublin Central,2ae19629-1cef-13a3-e055-000000000001,"Arran Quay E, Dublin City",2958,154
Dublin West,2ae19629-1cf0-13a3-e055-000000000001,"Ashtown A, Dublin City",9686,1104
Dublin West,2ae19629-1d03-13a3-e055-000000000001,"Ashtown B, Dublin City",2274,233
Dublin Bay North,2ae19629-1d04-13a3-e055-000000000001,"Ayrfield, Dublin City",4682,796
Dublin Central,2ae19629-1d05-13a3-e055-000000000001,"Ballybough A, Dublin City",3376,358
Dublin Central,2ae19629-1d06-13a3-e055-000000000001,"Ballybough B, Dublin City",3697,156
Dublin North-West,2ae19629-1d08-13a3-e055-000000000001,"Ballygall A, Dublin City",2842,456
Dublin North-West,2ae19629-1d09-13a3-e055-000000000001,"Ballygall B, Dublin City",1581,180
Dublin North-West,2ae19629-1d07-13a3-e055-000000000001,"Ballygall C, Dublin City",2937,373
Dublin North-West,2ae19629-1d0a-13a3-e055-000000000001,"Ballygall D, Dublin City",2028,293
Dublin North-West,2ae19629-1d0b-13a3-e055-000000000001,"Ballymun A, Dublin City",4154,647
Dublin North-West,2ae19629-1d0c-13a3-e055-000000000001,"Ballymun B, Dublin City",3397,631
Dublin North-West,2ae19629-1d0d-13a3-e055-000000000001,"Ballymun C, Dublin City",4706,827
Dublin North-West,2ae19629-1d0e-13a3-e055-000000000001,"Ballymun D, Dublin City",2005,224
Dublin North-West,2ae19629-1d0f-13a3-e055-000000000001,"Ballymun E, Dublin City",1348,196
Dublin North-West,2ae19629-1d10-13a3-e055-000000000001,"Ballymun F, Dublin City",1928,299
Dublin North-West,2ae19629-1d11-13a3-e055-000000000001,"Beaumont A, Dublin City",2163,264
Dublin North-West,2ae19629-1d12-13a3-e055-000000000001,"Beaumont B, Dublin City",4293,436
Dublin Bay North,2ae19629-1d21-13a3-e055-000000000001,"Beaumont C, Dublin City",2732,357
Dublin Bay North,2ae19629-1d22-13a3-e055-000000000001,"Beaumont D, Dublin City",1750,317
Dublin Bay North,2ae19629-1d23-13a3-e055-000000000001,"Beaumont E, Dublin City",1581,226
Dublin North-West,2ae19629-1d24-13a3-e055-000000000001,"Beaumont F, Dublin City",3078,475
Dublin Central,2ae19629-1d25-13a3-e055-000000000001,"Botanic A, Dublin City",2802,258
Dublin Central,2ae19629-1d26-13a3-e055-000000000001,"Botanic B, Dublin City",3021,277
Dublin Central,2ae19629-1d27-13a3-e055-000000000001,"Botanic C, Dublin City",1997,147
Dublin Central,2ae19629-1d28-13a3-e055-000000000001,"Cabra East A, Dublin City",5087,361
Dublin Central,2ae19629-1d29-13a3-e055-000000000001,"Cabra East B, Dublin City",3073,392
Dublin Central,2ae19629-1d2a-13a3-e055-000000000001,"Cabra East C, Dublin City",3661,255
Dublin Central,2ae19629-1d2b-13a3-e055-000000000001,"Cabra West A, Dublin City",1191,223
Dublin Central,2ae19629-1d2c-13a3-e055-000000000001,"Cabra West B, Dublin City",2196,344
Dublin Central,2ae19629-1d2d-13a3-e055-000000000001,"Cabra West C, Dublin City",2388,375
Dublin Central,2ae19629-1d2e-13a3-e055-000000000001,"Cabra West D, Dublin City",2346,331
Dublin South-Central,2ae19629-1d31-13a3-e055-000000000001,"Carna, Dublin City",2316,488
Dublin South-Central,2ae19629-1d2f-13a3-e055-000000000001,"Chapelizod, Dublin City",2873,217
Dublin South-Central,2ae19629-1d30-13a3-e055-000000000001,"Cherry Orchard A, Dublin City",2702,297
Dublin South-Central,2ae19629-1d42-13a3-e055-000000000001,"Cherry Orchard C, Dublin City",3546,759
Dublin Bay North,2ae19629-1d43-13a3-e055-000000000001,"Clontarf East A, Dublin City",2810,403
Dublin Bay North,2ae19629-1d44-13a3-e055-000000000001,"Clontarf East B, Dublin City",5656,735
Dublin Bay North,2ae19629-1d45-13a3-e055-000000000001,"Clontarf East C, Dublin City",2588,384
Dublin Bay North,2ae19629-1d46-13a3-e055-000000000001,"Clontarf East D, Dublin City",2248,292
Dublin Bay North,2ae19629-1d47-13a3-e055-000000000001,"Clontarf East E, Dublin City",1379,183
Dublin Bay North,2ae19629-1d48-13a3-e055-000000000001,"Clontarf West A, Dublin City",3018,411
Dublin Bay North,2ae19629-1d49-13a3-e055-000000000001,"Clontarf West B, Dublin City",1994,273
Dublin Bay North,2ae19629-1d4a-13a3-e055-000000000001,"Clontarf West C, Dublin City",3364,242
Dublin Bay North,2ae19629-1d4b-13a3-e055-000000000001,"Clontarf West D, Dublin City",2152,149
Dublin Bay North,2ae19629-1d4c-13a3-e055-000000000001,"Clontarf West E, Dublin City",1977,239
Dublin South-Central,2ae19629-1d4d-13a3-e055-000000000001,"Crumlin A, Dublin City",2977,523
Dublin South-Central,2ae19629-1d4e-13a3-e055-000000000001,"Crumlin B, Dublin City",2489,392
Dublin South-Central,2ae19629-1d4f-13a3-e055-000000000001,"Crumlin C, Dublin City",1925,254
Dublin South-Central,2ae19629-1d50-13a3-e055-000000000001,"Crumlin D, Dublin City",3404,466
Dublin South-Central,2ae19629-1d62-13a3-e055-000000000001,"Crumlin E, Dublin City",2315,383
Dublin South-Central,2ae19629-1d63-13a3-e055-000000000001,"Crumlin F, Dublin City",2487,330
Dublin South-Central,2ae19629-1d64-13a3-e055-000000000001,"Decies, Dublin City",2160,366
Dublin Central,2ae19629-1d65-13a3-e055-000000000001,"Drumcondra South A, Dublin City",4897,351
Dublin Central,2ae19629-1d66-13a3-e055-000000000001,"Drumcondra South B, Dublin City",1626,92
Dublin Central,2ae19629-1d67-13a3-e055-000000000001,"Drumcondra South C, Dublin City",2698,259
Dublin South-Central,2ae19629-1d68-13a3-e055-000000000001,"Drumfinn, Dublin City",2820,507
Dublin Bay North,2ae19629-1d69-13a3-e055-000000000001,"Edenmore, Dublin City",2333,395
Dublin North-West,2ae19629-1d6a-13a3-e055-000000000001,"Finglas North A, Dublin City",2575,488
Dublin North-West,2ae19629-1d6b-13a3-e055-000000000001,"Finglas North B, Dublin City",2322,430
Dublin North-West,2ae19629-1d6c-13a3-e055-000000000001,"Finglas North C, Dublin City",2872,408
Dublin North-West,2ae19629-1d6d-13a3-e055-000000000001,"Finglas South A, Dublin City",2224,413
Dublin North-West,2ae19629-1d6e-13a3-e055-000000000001,"Finglas South B, Dublin City",3299,512
Dublin North-West,2ae19629-1d6f-13a3-e055-000000000001,"Finglas South C, Dublin City",1985,397
Dublin North-West,2ae19629-1d70-13a3-e055-000000000001,"Finglas South D, Dublin City",1927,342
Dublin Bay North,2ae19629-1d71-13a3-e055-000000000001,"Grace Park, Dublin City",5168,680
Dublin Bay North,2ae19629-1d7f-13a3-e055-000000000001,"Grange A, Dublin City",9313,1424
Dublin Bay North,2ae19629-1d80-13a3-e055-000000000001,"Grange B, Dublin City",5545,495
Dublin Bay North,2ae19629-1d81-13a3-e055-000000000001,"Grange C, Dublin City",2496,444
Dublin Bay North,2ae19629-1d82-13a3-e055-000000000001,"Grange D, Dublin City",3247,573
Dublin Bay North,2ae19629-1d83-13a3-e055-000000000001,"Grange E, Dublin City",2105,382
Dublin Bay North,2ae19629-1d84-13a3-e055-000000000001,"Harmonstown A, Dublin City",2333,346
Dublin Bay North,2ae19629-1d85-13a3-e055-000000000001,"Harmonstown B, Dublin City",2247,386
Dublin South-Central,2ae19629-1d86-13a3-e055-000000000001,"Inchicore A, Dublin City",2140,144
Dublin South-Central,2ae19629-1d87-13a3-e055-000000000001,"Inchicore B, Dublin City",1962,270
Dublin Central,2ae19629-1d88-13a3-e055-000000000001,"Inns Quay A, Dublin City",3773,76
Dublin Central,2ae19629-1d89-13a3-e055-000000000001,"Inns Quay B, Dublin City",4044,107
Dublin Central,2ae19629-1d8a-13a3-e055-000000000001,"Inns Quay C, Dublin City",2682,165
Dublin South-Central,2ae19629-1d8b-13a3-e055-000000000001,"Kilmainham A, Dublin City",2230,263
Dublin South-Central,2ae19629-1d8c-13a3-e055-000000000001,"Kilmainham B, Dublin City",2245,84
Dublin South-Central,2ae19629-1d8d-13a3-e055-000000000001,"Kilmainham C, Dublin City",4101,356
Dublin North-West,2ae19629-1d97-13a3-e055-000000000001,"Kilmore A, Dublin City",2828,585
Dublin Bay North,2ae19629-1d98-13a3-e055-000000000001,"Kilmore B, Dublin City",2031,425
Dublin Bay North,2ae19629-1d8e-13a3-e055-000000000001,"Kilmore C, Dublin City",1120,222
Dublin Bay North,2ae19629-1d96-13a3-e055-000000000001,"Kilmore D, Dublin City",1773,307
Dublin South-Central,2ae19629-1d99-13a3-e055-000000000001,"Kimmage A, Dublin City",1513,246
Dublin South-Central,2ae19629-1d9a-13a3-e055-000000000001,"Kimmage B, Dublin City",2929,479
Dublin South-Central,2ae19629-1d9b-13a3-e055-000000000001,"Kimmage C, Dublin City",3195,197
Dublin South-Central,2ae19629-1d9c-13a3-e055-000000000001,"Kimmage D, Dublin City",2105,264
Dublin South-Central,2ae19629-1d9d-13a3-e055-000000000001,"Kimmage E, Dublin City",2866,381
Dublin South-Central,2ae19629-1d9e-13a3-e055-000000000001,"Kylemore, Dublin City",2026,407
Dublin Bay South,2ae19629-1d9f-13a3-e055-000000000001,"Mansion House A, Dublin City",3571,248
Dublin Bay South,2ae19629-1da0-13a3-e055-000000000001,"Mansion House B, Dublin City",899,5
Dublin South-Central,2ae19629-1da1-13a3-e055-000000000001,"Merchants Quay A, Dublin City",2275,88
Dublin South-Central,2ae19629-1da2-13a3-e055-000000000001,"Merchants Quay B, Dublin City",3783,134
Dublin South-Central,2ae19629-1da3-13a3-e055-000000000001,"Merchants Quay C, Dublin City",3367,191
Dublin South-Central,2ae19629-1da4-13a3-e055-000000000001,"Merchants Quay D, Dublin City",2247,129
Dublin South-Central,2ae19629-1da5-13a3-e055-000000000001,"Merchants Quay E, Dublin City",2380,71
Dublin South-Central,2ae19629-1da6-13a3-e055-000000000001,"Merchants Quay F, Dublin City",1898,94
Dublin Central,2ae19629-1da7-13a3-e055-000000000001,"Mountjoy A, Dublin City",5852,350
Dublin Central,2ae19629-1da8-13a3-e055-000000000001,"Mountjoy B, Dublin City",4013,162
Dublin Central,2ae19629-1db2-13a3-e055-000000000001,"North City, Dublin City",5654,112
Dublin Central,2ae19629-1db3-13a3-e055-000000000001,"North Dock A, Dublin City",1238,70
Dublin Central,2ae19629-1db4-13a3-e055-000000000001,"North Dock B, Dublin City",8493,449
Dublin Central,2ae19629-1db5-13a3-e055-000000000001,"North Dock C, Dublin City",3690,322
Dublin Bay South,2ae19629-1db6-13a3-e055-000000000001,"Pembroke East A, Dublin City",4179,518
Dublin Bay South,2ae19629-1db7-13a3-e055-000000000001,"Pembroke East B, Dublin City",3063,294
Dublin Bay South,2ae19629-1db8-13a3-e055-000000000001,"Pembroke East C, Dublin City",3400,258
Dublin Bay South,2ae19629-1db9-13a3-e055-000000000001,"Pembroke East D, Dublin City",4624,318
Dublin Bay South,2ae19629-1dba-13a3-e055-000000000001,"Pembroke East E, Dublin City",3241,191
Dublin Bay South,2ae19629-1dbb-13a3-e055-000000000001,"Pembroke West A, Dublin City",4370,228
Dublin Bay South,2ae19629-1dbc-13a3-e055-000000000001,"Pembroke West B, Dublin City",2742,147
Dublin Bay South,2ae19629-1dbd-13a3-e055-000000000001,"Pembroke West C, Dublin City",3850,109
Dublin West,2ae19629-1dbe-13a3-e055-000000000001,"Phoenix Park, Dublin City",1358,30
Dublin Bay North,2ae19629-1dcc-13a3-e055-000000000001,"Priorswood A, Dublin City",1236,233
Dublin Bay North,2ae19629-1dcd-13a3-e055-000000000001,"Priorswood B, Dublin City",2041,466
Dublin Bay North,2ae19629-1dca-13a3-e055-000000000001,"Priorswood C, Dublin City",3563,642
Dublin Bay North,2ae19629-1dcb-13a3-e055-000000000001,"Priorswood D, Dublin City",2055,452
Dublin Bay North,2ae19629-1dce-13a3-e055-000000000001,"Priorswood E, Dublin City",2203,447
Dublin Bay North,2ae19629-1dcf-13a3-e055-000000000001,"Raheny-Foxfield, Dublin City",2033,396
Dublin Bay North,2ae19629-1dd0-13a3-e055-000000000001,"Raheny-Greendale, Dublin City",1822,312
Dublin Bay North,2ae19629-1dd1-13a3-e055-000000000001,"Raheny-St. Assam, Dublin City",3146,410
Dublin Bay South,2ae19629-1dd2-13a3-e055-000000000001,"Rathfarnham, Dublin City",4923,388
Dublin Bay South,2ae19629-1dd3-13a3-e055-000000000001,"Rathmines East A, Dublin City",4338,166
Dublin Bay South,2ae19629-1dd4-13a3-e055-000000000001,"Rathmines East B, Dublin City",4736,257
Dublin Bay South,2ae19629-1dd5-13a3-e055-000000000001,"Rathmines East C, Dublin City",2794,276
Dublin Bay South,2ae19629-1dd6-13a3-e055-000000000001,"Rathmines East D, Dublin City",2274,193
Dublin Bay South,2ae19629-1dd7-13a3-e055-000000000001,"Rathmines West A, Dublin City",5587,149
Dublin Bay South,2ae19629-1dd8-13a3-e055-000000000001,"Rathmines West B, Dublin City",3386,114
Dublin Bay South,2ae19629-1de6-13a3-e055-000000000001,"Rathmines West C, Dublin City",2336,186
Dublin Bay South,2ae19629-1de7-13a3-e055-000000000001,"Rathmines West D, Dublin City",2715,263
Dublin Bay South,2ae19629-1de8-13a3-e055-000000000001,"Rathmines West E, Dublin City",3100,218
Dublin Bay South,2ae19629-1de9-13a3-e055-000000000001,"Rathmines West F, Dublin City",2558,142
Dublin Central,2ae19629-1dea-13a3-e055-000000000001,"Rotunda A, Dublin City",5370,194
Dublin Central,2ae19629-1deb-13a3-e055-000000000001,"Rotunda B, Dublin City",3070,41
Dublin Bay South,2ae19629-1dec-13a3-e055-000000000001,"Royal Exchange A, Dublin City",4389,119
Dublin Bay South,2ae19629-1ded-13a3-e055-000000000001,"Royal Exchange B, Dublin City",1609,103
Dublin Bay South,2ae19629-1dee-13a3-e055-000000000001,"Saint Kevin's, Dublin City",4802,101
Dublin Bay South,2ae19629-1def-13a3-e055-000000000001,"South Dock, Dublin City",7244,285
Dublin Bay South,2ae19629-1df0-13a3-e055-000000000001,"Terenure A, Dublin City",3202,241
Dublin Bay South,2ae19629-1df1-13a3-e055-000000000001,"Terenure B, Dublin City",3043,326
Dublin Bay South,2ae19629-1df2-13a3-e055-000000000001,"Terenure C, Dublin City",1478,243
Dublin Bay South,2ae19629-1df3-13a3-e055-000000000001,"Terenure D, Dublin City",619,101
Dublin South-Central,2ae19629-1df4-13a3-e055-000000000001,"Ushers A, Dublin City",4691,82
Dublin South-Central,2ae19629-1df5-13a3-e055-000000000001,"Ushers B, Dublin City",1704,62
Dublin South-Central,2ae19629-1df6-13a3-e055-000000000001,"Ushers C, Dublin City",3339,309
Dublin South-Central,2ae19629-1df7-13a3-e055-000000000001,"Ushers D, Dublin City",2019,153
Dublin South-Central,2ae19629-1df8-13a3-e055-000000000001,"Ushers E, Dublin City",1527,151
Dublin South-Central,2ae19629-1e05-13a3-e055-000000000001,"Ushers F, Dublin City",3061,165
Dublin South-Central,2ae19629-1e06-13a3-e055-000000000001,"Walkinstown A, Dublin City",2349,258
Dublin South-Central,2ae19629-1e07-13a3-e055-000000000001,"Walkinstown B, Dublin City",1634,237
Dublin South-Central,2ae19629-1e08-13a3-e055-000000000001,"Walkinstown C, Dublin City",1993,233
Dublin North-West,2ae19629-1e09-13a3-e055-000000000001,"Whitehall A, Dublin City",2604,296
Dublin North-West,2ae19629-1e0a-13a3-e055-000000000001,"Whitehall B, Dublin City",3571,398
Dublin North-West,2ae19629-1e0b-13a3-e055-000000000001,"Whitehall C, Dublin City",2431,263
Dublin North-West,2ae19629-1e0c-13a3-e055-000000000001,"Whitehall D, Dublin City",2663,194
Dublin Bay South,2ae19629-1e0d-13a3-e055-000000000001,"Wood Quay A, Dublin City",2324,225
Dublin Bay South,2ae19629-1e0e-13a3-e055-000000000001,"Wood Quay B, Dublin City",3468,140
Dublin South-West,2ae19629-1e23-13a3-e055-000000000001,"Ballinascorney, South Dublin",645,96
Dublin South-West,2ae19629-1e2a-13a3-e055-000000000001,"Ballyboden, South Dublin",4071,714
Dublin South-West,2ae19629-1ce0-13a3-e055-000000000001,"Bohernabreena, South Dublin",4078,645
Dublin Mid-West,2ae19629-1d02-13a3-e055-000000000001,"Clondalkin Village, South Dublin",6932,981
Dublin South-West,2ae19629-1cfc-13a3-e055-000000000001,"Clondalkin-Ballymount, South Dublin",1822,266
Dublin Mid-West,2ae19629-1cfd-13a3-e055-000000000001,"Clondalkin-Cappaghmore, South Dublin",1830,451
Dublin Mid-West,2ae19629-1cfe-13a3-e055-000000000001,"Clondalkin-Dunawley, South Dublin",8350,1527
Dublin Mid-West,2ae19629-1cff-13a3-e055-000000000001,"Clondalkin-Monastery, South Dublin",8787,1241
Dublin Mid-West,2ae19629-1d00-13a3-e055-000000000001,"Clondalkin-Moorfield, South Dublin",5224,1042
Dublin Mid-West,2ae19629-1d01-13a3-e055-000000000001,"Clondalkin-Rowlagh, South Dublin",3154,706
Dublin South-West,2ae19629-1d5f-13a3-e055-000000000001,"Edmondstown, South Dublin",4367,774
Dublin South-West,2ae19629-1d60-13a3-e055-000000000001,"Firhouse Village, South Dublin",8889,1484
Dublin South-West,2ae19629-1d61-13a3-e055-000000000001,"Firhouse-Ballycullen, South Dublin",7625,1213
Dublin South-West,2ae19629-1d78-13a3-e055-000000000001,"Firhouse-Knocklyon, South Dublin",2800,442
Dublin Mid-West,2ae19629-1dc8-13a3-e055-000000000001,"Lucan Heights, South Dublin",4055,639
Dublin Mid-West,2ae19629-1dc7-13a3-e055-000000000001,"Lucan-Esker, South Dublin",23912,3888
Dublin Mid-West,2ae19629-1dde-13a3-e055-000000000001,"Lucan-St. Helens, South Dublin",12086,1351
Dublin Mid-West,2ae19629-1de2-13a3-e055-000000000001,"Newcastle, South Dublin",3896,415
Dublin Mid-West,2ae19629-1de3-13a3-e055-000000000001,"Palmerston Village, South Dublin",3047,469
Dublin Mid-West,2ae19629-1de4-13a3-e055-000000000001,"Palmerston West, South Dublin",5669,1163
Dublin Mid-West,2ae19629-1dff-13a3-e055-000000000001,"Rathcoole, South Dublin",4685,463
Dublin South-West,2ae19629-1e04-13a3-e055-000000000001,"Rathfarnham Village, South Dublin",2549,314
Dublin South-West,2ae19629-1e00-13a3-e055-000000000001,"Rathfarnham-Ballyroan, South Dublin",2082,298
Dublin South-West,2ae19629-1e01-13a3-e055-000000000001,"Rathfarnham-Butterfield, South Dublin",2620,418
Dublin South-West,2ae19629-1e02-13a3-e055-000000000001,"Rathfarnham-Hermitage, South Dublin",3442,516
Dublin South-West,2ae19629-1e03-13a3-e055-000000000001,"Rathfarnham-St. Enda's, South Dublin",3159,491
Dublin Mid-West,2ae19629-1e16-13a3-e055-000000000001,"Saggart, South Dublin",4133,311
Dublin South-West,2ae19629-1cb3-13a3-e055-000000000001,"Tallaght-Avonbeg, South Dublin",1244,241
Dublin South-West,2ae19629-1cb4-13a3-e055-000000000001,"Tallaght-Belgard, South Dublin",1324,189
Dublin Mid-West,2ae19629-1cb5-13a3-e055-000000000001,"Tallaght-Fettercairn, South Dublin",7929,1452
Dublin South-West,2ae19629-1cb6-13a3-e055-000000000001,"Tallaght-Glenview, South Dublin",1687,177
Dublin South-West,2ae19629-1cb7-13a3-e055-000000000001,"Tallaght-Jobstown, South Dublin",12413,2213
Dublin South-West,2ae19629-1cb8-13a3-e055-000000000001,"Tallaght-Killinardan, South Dublin",3042,720
Dublin South-West,2ae19629-1cca-13a3-e055-000000000001,"Tallaght-Kilnamanagh, South Dublin",3513,577
Dublin South-West,2ae19629-1ccb-13a3-e055-000000000001,"Tallaght-Kiltipper, South Dublin",6662,1124
Dublin South-West,2ae19629-1ccc-13a3-e055-000000000001,"Tallaght-Kingswood, South Dublin",3247,465
Dublin South-West,2ae19629-1ccd-13a3-e055-000000000001,"Tallaght-Millbrook, South Dublin",2689,412
Dublin South-West,2ae19629-1cce-13a3-e055-000000000001,"Tallaght-Oldbawn, South Dublin",3564,540
Dublin South-West,2ae19629-1ccf-13a3-e055-000000000001,"Tallaght-Springfield, South Dublin",8747,805
Dublin South-West,2ae19629-1cd0-13a3-e055-000000000001,"Tallaght-Tymon, South Dublin",4059,710
Dublin South-West,2ae19629-1cd6-13a3-e055-000000000001,"Templeogue Village, South Dublin",1747,195
Dublin South-West,2ae19629-1cd1-13a3-e055-000000000001,"Templeogue-Cypress, South Dublin",2222,319
Dublin South-West,2ae19629-1cd2-13a3-e055-000000000001,"Templeogue-Kimmage Manor, South Dublin",3830,514
Dublin South-West,2ae19629-1cd3-13a3-e055-000000000001,"Templeogue-Limekiln, South Dublin",3124,534
Dublin South-West,2ae19629-1cd4-13a3-e055-000000000001,"Templeogue-Orwell, South Dublin",1613,242
Dublin South-West,2ae19629-1cd5-13a3-e055-000000000001,"Templeogue-Osprey, South Dublin",1869,317
Dublin South-West,2ae19629-1cd7-13a3-e055-000000000001,"Terenure-Cherryfield, South Dublin",1810,252
Dublin South-West,2ae19629-1ce6-13a3-e055-000000000001,"Terenure-Greentrees, South Dublin",2369,352
Dublin South-West,2ae19629-1ce7-13a3-e055-000000000001,"Terenure-St. James, South Dublin",2006,234
Dublin Fingal West,2ae19629-1eef-13a3-e055-000000000001,"Airport, Fingal",4843,96
Dublin Fingal West,2ae19629-1ef0-13a3-e055-000000000001,"Balbriggan Rural, Fingal",12956,1879
Dublin Fingal West,2ae19629-1ef1-13a3-e055-000000000001,"Balbriggan Urban, Fingal",6155,930
Dublin Bay North,2ae19629-1ef2-13a3-e055-000000000001,"Baldoyle, Fingal",6332,906
Dublin Bay North,2ae19629-1e22-13a3-e055-000000000001,"Balgriffin, Fingal",3494,319
Dublin Fingal West,2ae19629-1e33-13a3-e055-000000000001,"Ballyboghil, Fingal",1146,199
Dublin Fingal West,2ae19629-1e35-13a3-e055-000000000001,"Balscadden, Fingal",566,119
Dublin West,2ae19629-1cc5-13a3-e055-000000000001,"Blanchardstown-Abbotstown, Fingal",4861,415
Dublin West,2ae19629-1cc6-13a3-e055-000000000001,"Blanchardstown-Blakestown, Fingal",30959,4652
Dublin West,2ae19629-1cc7-13a3-e055-000000000001,"Blanchardstown-Coolmine, Fingal",8501,1501
Dublin West,2ae19629-1cc8-13a3-e055-000000000001,"Blanchardstown-Corduff, Fingal",2954,588
Dublin West,2ae19629-1cc9-13a3-e055-000000000001,"Blanchardstown-Delwood, Fingal",4003,431
Dublin West,2ae19629-1cdd-13a3-e055-000000000001,"Blanchardstown-Mulhuddart, Fingal",3027,548
Dublin West,2ae19629-1cde-13a3-e055-000000000001,"Blanchardstown-Roselawn, Fingal",1375,184
Dublin West,2ae19629-1cdf-13a3-e055-000000000001,"Blanchardstown-Tyrrelstown, Fingal",2295,561
Dublin West,2ae19629-1ce5-13a3-e055-000000000001,"Castleknock-Knockmaroon, Fingal",15646,2235
Dublin West,2ae19629-1cf6-13a3-e055-000000000001,"Castleknock-Park, Fingal",4902,480
Dublin Fingal West,2ae19629-1d17-13a3-e055-000000000001,"Clonmethan, Fingal",675,115
Dublin Fingal East,2ae19629-1d38-13a3-e055-000000000001,"Donabate, Fingal",8502,1320
Dublin Fingal West,2ae19629-1d39-13a3-e055-000000000001,"Dubber, Fingal",6550,570
Dublin Fingal West,2ae19629-1d7d-13a3-e055-000000000001,"Garristown, Fingal",1321,230
Dublin Fingal West,2ae19629-1d94-13a3-e055-000000000001,"Hollywood, Fingal",1095,172
Dublin Fingal West,2ae19629-1d95-13a3-e055-000000000001,"Holmpatrick, Fingal",3138,477
Dublin Bay North,2ae19629-1daf-13a3-e055-000000000001,"Howth, Fingal",6668,982
Dublin Fingal West,2ae19629-1dc5-13a3-e055-000000000001,"Kilsallaghan, Fingal",1897,323
Dublin Fingal East,2ae19629-1dc6-13a3-e055-000000000001,"Kinsaley, Fingal",8134,850
Dublin West,2ae19629-1dc9-13a3-e055-000000000001,"Lucan North, Fingal",1237,187
Dublin Fingal West,2ae19629-1ddf-13a3-e055-000000000001,"Lusk, Fingal",7470,1040
Dublin Fingal East,2ae19629-1de0-13a3-e055-000000000001,"Malahide East, Fingal",6422,757
Dublin Fingal East,2ae19629-1de1-13a3-e055-000000000001,"Malahide West, Fingal",4742,808
Dublin Fingal East,2ae19629-1de5-13a3-e055-000000000001,"Portmarnock North, Fingal",3150,436
Dublin Fingal East,2ae19629-1dfe-13a3-e055-000000000001,"Portmarnock South, Fingal",3603,396
Dublin Fingal West,2ae19629-1e15-13a3-e055-000000000001,"Rush, Fingal",8076,1424
Dublin Fingal West,2ae19629-1c9f-13a3-e055-000000000001,"Skerries, Fingal",6589,1109
Dublin Bay North,2ae19629-1ca6-13a3-e055-000000000001,"Sutton, Fingal",4590,595
Dublin Fingal East,2ae19629-1cb2-13a3-e055-000000000001,"Swords Village, Fingal",2262,228
Dublin Fingal East,2ae19629-1ca8-13a3-e055-000000000001,"Swords-Forrest, Fingal",11788,1585
Dublin Fingal East,2ae19629-1ca7-13a3-e055-000000000001,"Swords-Glasmore, Fingal",6063,1269
Dublin Fingal East,2ae19629-1cb0-13a3-e055-000000000001,"Swords-Lissenhall, Fingal",8545,1068
Dublin Fingal East,2ae19629-1cb1-13a3-e055-000000000001,"Swords-Seatown, Fingal",5618,941
Dublin West,2ae19629-1ce8-13a3-e055-000000000001,"The Ward, Fingal",8829,950
Dublin Fingal West,2ae19629-1cea-13a3-e055-000000000001,"Turnapin, Fingal",1434,240
Dublin Rathdown,2ae19629-1e25-13a3-e055-000000000001,"Ballinteer-Broadford, Dún Laoghaire-Rathdown",2001,302
Dublin Rathdown,2ae19629-1e26-13a3-e055-000000000001,"Ballinteer-Ludford, Dún Laoghaire-Rathdown",1641,227
Dublin Rathdown,2ae19629-1e27-13a3-e055-000000000001,"Ballinteer-Marley, Dún Laoghaire-Rathdown",1780,270
Dublin Rathdown,2ae19629-1e28-13a3-e055-000000000001,"Ballinteer-Meadowbroads, Dún Laoghaire-Rathdown",1334,161
Dublin Rathdown,2ae19629-1e29-13a3-e055-000000000001,"Ballinteer-Meadowmount, Dún Laoghaire-Rathdown",1461,246
Dublin Rathdown,2ae19629-1e24-13a3-e055-000000000001,"Ballinteer-Woodpark, Dún Laoghaire-Rathdown",4159,524
Dún Laoghaire,2ae19629-1e34-13a3-e055-000000000001,"Ballybrack, Dún Laoghaire-Rathdown",2286,444
Dún Laoghaire,2ae19629-1e38-13a3-e055-000000000001,"Blackrock-Booterstown, Dún Laoghaire-Rathdown",2904,228
Dún Laoghaire,2ae19629-1cbe-13a3-e055-000000000001,"Blackrock-Carysfort, Dún Laoghaire-Rathdown",4987,590
Dún Laoghaire,2ae19629-1cbf-13a3-e055-000000000001,"Blackrock-Central, Dún Laoghaire-Rathdown",2991,361
Dún Laoghaire,2ae19629-1cc0-13a3-e055-000000000001,"Blackrock-Glenomena, Dún Laoghaire-Rathdown",1585,198
Dún Laoghaire,2ae19629-1e36-13a3-e055-000000000001,"Blackrock-Monkstown, Dún Laoghaire-Rathdown",2706,303
Dún Laoghaire,2ae19629-1cc1-13a3-e055-000000000001,"Blackrock-Newpark, Dún Laoghaire-Rathdown",1838,243
Dún Laoghaire,2ae19629-1e37-13a3-e055-000000000001,"Blackrock-Seapoint, Dún Laoghaire-Rathdown",1198,169
Dún Laoghaire,2ae19629-1cc2-13a3-e055-000000000001,"Blackrock-Stradbrook, Dún Laoghaire-Rathdown",2057,283
Dún Laoghaire,2ae19629-1cc3-13a3-e055-000000000001,"Blackrock-Templehill, Dún Laoghaire-Rathdown",2232,289
Dún Laoghaire,2ae19629-1cc4-13a3-e055-000000000001,"Blackrock-Williamstown, Dún Laoghaire-Rathdown",2326,168
Dún Laoghaire,2ae19629-1ce1-13a3-e055-000000000001,"Cabinteely-Granitefield, Dún Laoghaire-Rathdown",2146,315
Dún Laoghaire,2ae19629-1ce2-13a3-e055-000000000001,"Cabinteely-Kilbogget, Dún Laoghaire-Rathdown",2107,428
Dún Laoghaire,2ae19629-1ce3-13a3-e055-000000000001,"Cabinteely-Loughlinstown, Dún Laoghaire-Rathdown",3981,307
Dún Laoghaire,2ae19629-1ce4-13a3-e055-000000000001,"Cabinteely-Pottery, Dún Laoghaire-Rathdown",4084,626
Dublin Rathdown,2ae19629-1cf7-13a3-e055-000000000001,"Churchtown-Castle, Dún Laoghaire-Rathdown",1487,158
Dublin Rathdown,2ae19629-1cf8-13a3-e055-000000000001,"Churchtown-Landscape, Dún Laoghaire-Rathdown",1099,174
Dublin Rathdown,2ae19629-1cf9-13a3-e055-000000000001,"Churchtown-Nutgrove, Dún Laoghaire-Rathdown",2532,386
Dublin Rathdown,2ae19629-1cfa-13a3-e055-000000000001,"Churchtown-Orwell, Dún Laoghaire-Rathdown",1531,175
Dublin Rathdown,2ae19629-1cfb-13a3-e055-000000000001,"Churchtown-Woodlawn, Dún Laoghaire-Rathdown",1192,142
Dublin Rathdown,2ae19629-1d19-13a3-e055-000000000001,"Clonskeagh-Belfield, Dún Laoghaire-Rathdown",3491,98
Dublin Rathdown,2ae19629-1d1a-13a3-e055-000000000001,"Clonskeagh-Farranboley, Dún Laoghaire-Rathdown",1427,125
Dublin Rathdown,2ae19629-1d18-13a3-e055-000000000001,"Clonskeagh-Milltown, Dún Laoghaire-Rathdown",1752,197
Dublin Rathdown,2ae19629-1d1b-13a3-e055-000000000001,"Clonskeagh-Roebuck, Dún Laoghaire-Rathdown",2639,280
Dublin Rathdown,2ae19629-1d1c-13a3-e055-000000000001,"Clonskeagh-Windy Arbour, Dún Laoghaire-Rathdown",2393,195
Dún Laoghaire,2ae19629-1d1d-13a3-e055-000000000001,"Dalkey Hill, Dún Laoghaire-Rathdown",1289,133
Dún Laoghaire,2ae19629-1d1e-13a3-e055-000000000001,"Dalkey Upper, Dún Laoghaire-Rathdown",1656,260
Dún Laoghaire,2ae19629-1d1f-13a3-e055-000000000001,"Dalkey-Avondale, Dún Laoghaire-Rathdown",1162,192
Dún Laoghaire,2ae19629-1d20-13a3-e055-000000000001,"Dalkey-Bullock, Dún Laoghaire-Rathdown",1480,162
Dún Laoghaire,2ae19629-1d37-13a3-e055-000000000001,"Dalkey-Coliemore, Dún Laoghaire-Rathdown",1143,152
Dublin Rathdown,2ae19629-1d5a-13a3-e055-000000000001,"Dundrum-Balally, Dún Laoghaire-Rathdown",7063,692
Dublin Rathdown,2ae19629-1d5b-13a3-e055-000000000001,"Dundrum-Kilmacud, Dún Laoghaire-Rathdown",2741,314
Dublin Rathdown,2ae19629-1d5c-13a3-e055-000000000001,"Dundrum-Sandyford, Dún Laoghaire-Rathdown",6089,522
Dublin Rathdown,2ae19629-1d5d-13a3-e055-000000000001,"Dundrum-Sweetmount, Dún Laoghaire-Rathdown",2186,205
Dublin Rathdown,2ae19629-1d5e-13a3-e055-000000000001,"Dundrum-Taney, Dún Laoghaire-Rathdown",2132,293
Dún Laoghaire,2ae19629-1d3a-13a3-e055-000000000001,"Dún Laoghaire-East Central, Dún Laoghaire-Rathdown",2098,144
Dún Laoghaire,2ae19629-1d3b-13a3-e055-000000000001,"Dún Laoghaire-Glasthule, Dún Laoghaire-Rathdown",2349,270
Dún Laoghaire,2ae19629-1d3c-13a3-e055-000000000001,"Dún Laoghaire-Glenageary, Dún Laoghaire-Rathdown",3425,263
Dún Laoghaire,2ae19629-1d3d-13a3-e055-000000000001,"Dún Laoghaire-Monkstown Farm, Dún Laoghaire-Rathdown",1824,205
Dún Laoghaire,2ae19629-1d3e-13a3-e055-000000000001,"Dún Laoghaire-Mount Town, Dún Laoghaire-Rathdown",1403,246
Dún Laoghaire,2ae19629-1d3f-13a3-e055-000000000001,"Dún Laoghaire-Sallynoggin East, Dún Laoghaire-Rathdown",2267,364
Dún Laoghaire,2ae19629-1d40-13a3-e055-000000000001,"Dún Laoghaire-Sallynoggin South, Dún Laoghaire-Rathdown",1180,185
Dún Laoghaire,2ae19629-1d41-13a3-e055-000000000001,"Dún Laoghaire-Sallynoggin West, Dún Laoghaire-Rathdown",3261,333
Dún Laoghaire,2ae19629-1d57-13a3-e055-000000000001,"Dún Laoghaire-Salthill, Dún Laoghaire-Rathdown",1420,104
Dún Laoghaire,2ae19629-1d58-13a3-e055-000000000001,"Dún Laoghaire-Sandycove, Dún Laoghaire-Rathdown",2922,376
Dún Laoghaire,2ae19629-1d59-13a3-e055-000000000001,"Dún Laoghaire-West Central, Dún Laoghaire-Rathdown",2281,178
Dún Laoghaire,2ae19629-1d79-13a3-e055-000000000001,"Foxrock-Beechpark, Dún Laoghaire-Rathdown",1355,215
Dublin Rathdown,2ae19629-1d7a-13a3-e055-000000000001,"Foxrock-Carrickmines, Dún Laoghaire-Rathdown",4891,773
Dún Laoghaire,2ae19629-1d7b-13a3-e055-000000000001,"Foxrock-Deansgrange, Dún Laoghaire-Rathdown",1923,315
Dublin Rathdown,2ae19629-1d7c-13a3-e055-000000000001,"Foxrock-Torquay, Dún Laoghaire-Rathdown",1229,186
Dublin Rathdown,2ae19629-1d7e-13a3-e055-000000000001,"Glencullen, Dún Laoghaire-Rathdown",17117,2241
Dún Laoghaire,2ae19629-1db0-13a3-e055-000000000001,"Killiney North, Dún Laoghaire-Rathdown",2647,369
Dún Laoghaire,2ae19629-1db1-13a3-e055-000000000001,"Killiney South, Dún Laoghaire-Rathdown",4998,1015
Dún Laoghaire,2ae19629-1e17-13a3-e055-000000000001,"Shankill-Rathmichael, Dún Laoghaire-Rathdown",4464,778
Dún Laoghaire,94b26e15-6ed2-44c2-a0b0-207c369a2da8,"Shankill-Rathsallagh, Dún Laoghaire-Rathdown",2642,496
Dún Laoghaire,2ae19629-1e19-13a3-e055-000000000001,"Shankill-Shanganagh, Dún Laoghaire-Rathdown",4243,685
Dublin Rathdown,2ae19629-1ca0-13a3-e055-000000000001,"Stillorgan-Deerpark, Dún Laoghaire-Rathdown",2343,339
Dublin Rathdown,2ae19629-1ca1-13a3-e055-000000000001,"Stillorgan-Kilmacud, Dún Laoghaire-Rathdown",3340,462
Dublin Rathdown,2ae19629-1ca2-13a3-e055-000000000001,"Stillorgan-Leopardstown, Dún Laoghaire-Rathdown",2358,205
Dublin Rathdown,2ae19629-1ca3-13a3-e055-000000000001,"Stillorgan-Merville, Dún Laoghaire-Rathdown",2569,359
Dublin Rathdown,2ae19629-1ca4-13a3-e055-000000000001,"Stillorgan-Mount Merrion, Dún Laoghaire-Rathdown",1865,303
Dún Laoghaire,2ae19629-1ca5-13a3-e055-000000000001,"Stillorgan-Priory, Dún Laoghaire-Rathdown",1830,222
Dublin Rathdown,2ae19629-1ce9-13a3-e055-000000000001,"Tibradden, Dún Laoghaire-Rathdown",745,91
Kildare South,2ae19629-229d-13a3-e055-000000000001,"Athy East Urban, Kildare",3203,465
Kildare South,2ae19629-223b-13a3-e055-000000000001,"Athy Rural, Kildare",3194,407
Kildare South,2ae19629-223c-13a3-e055-000000000001,"Athy West Urban, Kildare",2285,333
Kildare South,2ae19629-223d-13a3-e055-000000000001,"Ballaghmoon, Kildare",175,32
Kildare South,2ae19629-2248-13a3-e055-000000000001,"Ballitore, Kildare",916,159
Kildare South,2ae19629-2249-13a3-e055-000000000001,"Ballybrackan, Kildare",488,61
Kildare South,2ae19629-224a-13a3-e055-000000000001,"Ballymore Eustace, Kildare",1267,222
Kildare North,2ae19629-224b-13a3-e055-000000000001,"Ballynadrumny, Kildare",444,63
Kildare South,2ae19629-2257-13a3-e055-000000000001,"Ballysax East, Kildare",1563,228
Kildare South,2ae19629-2258-13a3-e055-000000000001,"Ballysax West, Kildare",952,130
Kildare South,2ae19629-2259-13a3-e055-000000000001,"Ballyshannon, Kildare",1351,260
Kildare North,2ae19629-2264-13a3-e055-000000000001,"Balraheen, Kildare",1623,269
Kildare South,2ae19629-2265-13a3-e055-000000000001,"Belan, Kildare",223,28
Kildare South,2ae19629-2266-13a3-e055-000000000001,"Bert, Kildare",136,19
Kildare North,2ae19629-2267-13a3-e055-000000000001,"Bodenstown, Kildare",3758,621
Kildare South,2ae19629-2273-13a3-e055-000000000001,"Burtown, Kildare",313,35
Kildare North,2ae19629-2274-13a3-e055-000000000001,"Cadamstown, Kildare",1134,164
Kildare South,2ae19629-2275-13a3-e055-000000000001,"Carbury, Kildare",1695,274
Kildare South,2ae19629-227f-13a3-e055-000000000001,"Carnalway, Kildare",1537,223
Kildare North,2ae19629-2280-13a3-e055-000000000001,"Carragh, Kildare",1347,262
Kildare South,2ae19629-2281-13a3-e055-000000000001,"Carrick, Kildare",213,35
Kildare South,2ae19629-228c-13a3-e055-000000000001,"Carrigeen, Kildare",500,81
Kildare South,2ae19629-228d-13a3-e055-000000000001,"Castledermot, Kildare",1364,200
Kildare North,2ae19629-228e-13a3-e055-000000000001,"Celbridge, Kildare",12169,1990
Kildare South,2ae19629-2298-13a3-e055-000000000001,"Churchtown, Kildare",411,65
Kildare North,2ae19629-2299-13a3-e055-000000000001,"Clane, Kildare",6551,892
Kildare North,2ae19629-229a-13a3-e055-000000000001,"Cloncurry, Kildare, 087026",1231,246
Kildare South,2ae19629-22a4-13a3-e055-000000000001,"Cloncurry, Kildare, 087027",348,48
Kildare North,2ae19629-22a5-13a3-e055-000000000001,"Donadea, Kildare",645,125
Kildare North,2ae19629-22a6-13a3-e055-000000000001,"Donaghcumper, Kildare",4791,643
Kildare North,2ae19629-22af-13a3-e055-000000000001,"Donore, Kildare",665,112
Kildare North,2ae19629-22b0-13a3-e055-000000000001,"Downings, Kildare",2251,402
Kildare South,2ae19629-22b1-13a3-e055-000000000001,"Drehid, Kildare",201,35
Kildare South,2ae19629-22b2-13a3-e055-000000000001,"Droichead Nua (Newbridge) Rural, Kildare",1987,311
Kildare South,2ae19629-22bf-13a3-e055-000000000001,"Droichead Nua (Newbridge) Urban, Kildare",6279,888
Kildare North,2ae19629-22c0-13a3-e055-000000000001,"Dunfierth, Kildare",604,88
Kildare South,2ae19629-22c1-13a3-e055-000000000001,"Dunmanoge, Kildare",369,79
Kildare South,2ae19629-22c2-13a3-e055-000000000001,"Dunmurry, Kildare",378,39
Kildare South,2ae19629-22c3-13a3-e055-000000000001,"Feighcullen, Kildare",497,87
Kildare South,2ae19629-21fb-13a3-e055-000000000001,"Fontstown, Kildare",338,63
Kildare South,2ae19629-21fc-13a3-e055-000000000001,"Gilltown, Kildare",789,138
Kildare South,2ae19629-21fd-13a3-e055-000000000001,"Graney, Kildare",587,98
Kildare South,2ae19629-2204-13a3-e055-000000000001,"Grangemellon, Kildare",485,76
Kildare South,2ae19629-2205-13a3-e055-000000000001,"Harristown, Kildare",373,74
Kildare South,2ae19629-2206-13a3-e055-000000000001,"Inchaquire, Kildare",166,19
Kildare South,2ae19629-2207-13a3-e055-000000000001,"Johnstown, Kildare",141,17
Kildare South,2ae19629-2211-13a3-e055-000000000001,"Kilberry, Kildare",453,86
Kildare North,2ae19629-2212-13a3-e055-000000000001,"Kilcock, Kildare",6274,766
Kildare South,2ae19629-2213-13a3-e055-000000000001,"Kilcullen, Kildare",2628,350
Kildare South,2ae19629-2208-13a3-e055-000000000001,"Kildangan, Kildare",532,89
Kildare South,2ae19629-2209-13a3-e055-000000000001,"Kildare, Kildare",8428,1250
Kildare South,2ae19629-220a-13a3-e055-000000000001,"Kilkea, Kildare",347,46
Kildare North,2ae19629-2214-13a3-e055-000000000001,"Kill, Kildare",4108,656
Kildare North,2ae19629-2215-13a3-e055-000000000001,"Killashee, Kildare",327,25
Kildare South,2ae19629-2216-13a3-e055-000000000001,"Killinthomas, Kildare",285,53
Kildare South,2ae19629-2217-13a3-e055-000000000001,"Kilmeage North, Kildare",1960,312
Kildare South,2ae19629-2220-13a3-e055-000000000001,"Kilmeage South, Kildare",1592,255
Kildare South,2ae19629-2221-13a3-e055-000000000001,"Kilpatrick, Kildare",693,113
Kildare South,2ae19629-2222-13a3-e055-000000000001,"Kilrainy, Kildare",559,111
Kildare South,2ae19629-2223-13a3-e055-000000000001,"Kilrush, Kildare",529,100
Kildare North,2ae19629-222b-13a3-e055-000000000001,"Kilteel, Kildare",488,84
Kildare South,2ae19629-222c-13a3-e055-000000000001,"Lackagh, Kildare",631,112
Kildare North,2ae19629-222d-13a3-e055-000000000001,"Ladytown, Kildare",744,123
Kildare North,2ae19629-223e-13a3-e055-000000000001,"Leixlip, Kildare",12934,1911
Kildare South,2ae19629-223f-13a3-e055-000000000001,"Lullymore, Kildare",149,18
Kildare North,2ae19629-2240-13a3-e055-000000000001,"Maynooth, Kildare",14437,1485
Kildare South,2ae19629-224c-13a3-e055-000000000001,"Monasterevin, Kildare",4309,557
Kildare South,2ae19629-224d-13a3-e055-000000000001,"Moone, Kildare",386,60
Kildare South,2ae19629-224e-13a3-e055-000000000001,"Morristownbiller, Kildare",11676,1820
Kildare North,2ae19629-225a-13a3-e055-000000000001,"Naas Rural, Kildare",2328,200
Kildare North,2ae19629-225b-13a3-e055-000000000001,"Naas Urban, Kildare",19639,2583
Kildare South,2ae19629-225c-13a3-e055-000000000001,"Narraghmore, Kildare",623,115
Kildare North,2ae19629-2268-13a3-e055-000000000001,"Newtown, Kildare",701,111
Kildare South,2ae19629-2269-13a3-e055-000000000001,"Nurney, Kildare",868,159
Kildare South,2ae19629-226a-13a3-e055-000000000001,"Oldconnell, Kildare",788,120
Kildare North,2ae19629-226b-13a3-e055-000000000001,"Oughterard, Kildare",642,104
Kildare South,2ae19629-2276-13a3-e055-000000000001,"Pollardstown, Kildare",273,47
Kildare South,2ae19629-2277-13a3-e055-000000000001,"Quinsborough, Kildare",122,15
Kildare South,2ae19629-2278-13a3-e055-000000000001,"Rathangan, Kildare",2228,282
Kildare South,2ae19629-2279-13a3-e055-000000000001,"Rathernan, Kildare",511,81
Kildare North,2ae19629-2282-13a3-e055-000000000001,"Rathmore, Kildare",912,181
Kildare South,2ae19629-2283-13a3-e055-000000000001,"Robertstown, Kildare",1703,278
Kildare South,2ae19629-2284-13a3-e055-000000000001,"Skerries, Kildare",510,95
Kildare North,2ae19629-228f-13a3-e055-000000000001,"Straffan, Kildare",1756,206
Kildare South,2ae19629-2290-13a3-e055-000000000001,"Thomastown, Kildare",695,117
Kildare North,2ae19629-2291-13a3-e055-000000000001,"Timahoe North, Kildare",933,173
Kildare South,2ae19629-2292-13a3-e055-000000000001,"Timahoe South, Kildare",591,109
Kildare South,2ae19629-229b-13a3-e055-000000000001,"Usk, Kildare",425,59
Kildare South,2ae19629-229c-13a3-e055-000000000001,"Windmill Cross, Kildare",859,146
Carlow-Kilkenny,2ae19629-229e-13a3-e055-000000000001,"Aghaviller, Kilkenny",352,54
Carlow-Kilkenny,2ae19629-22a7-13a3-e055-000000000001,"Aglish, Kilkenny",751,109
Carlow-Kilkenny,2ae19629-22a8-13a3-e055-000000000001,"Attanagh, Kilkenny",301,42
Tipperary North,2ae19629-22a9-13a3-e055-000000000001,"Balleen, Kilkenny",365,51
Carlow-Kilkenny,2ae19629-22b3-13a3-e055-000000000001,"Ballinamara, Kilkenny",282,46
Carlow-Kilkenny,2ae19629-22b4-13a3-e055-000000000001,"Ballincrea, Kilkenny",254,45
Tipperary North,2ae19629-22b5-13a3-e055-000000000001,"Ballybeagh, Kilkenny",245,46
Carlow-Kilkenny,2ae19629-22c4-13a3-e055-000000000001,"Ballycallan, Kilkenny",352,64
Carlow-Kilkenny,2ae19629-22c5-13a3-e055-000000000001,"Ballyconra, Kilkenny",194,37
Carlow-Kilkenny,2ae19629-22c6-13a3-e055-000000000001,"Ballyhale, Kilkenny",313,40
Carlow-Kilkenny,2ae19629-21fe-13a3-e055-000000000001,"Ballyragget, Kilkenny",1223,163
Carlow-Kilkenny,2ae19629-21ff-13a3-e055-000000000001,"Ballyvool, Kilkenny",163,21
Tipperary North,2ae19629-2200-13a3-e055-000000000001,"Baunmore, Kilkenny",99,23
Carlow-Kilkenny,2ae19629-220b-13a3-e055-000000000001,"Bennettsbridge, Kilkenny",869,140
Carlow-Kilkenny,2ae19629-220c-13a3-e055-000000000001,"Boolyglass, Kilkenny",113,16
Carlow-Kilkenny,2ae19629-220d-13a3-e055-000000000001,"Bramblestown, Kilkenny",194,35
Carlow-Kilkenny,2ae19629-220e-13a3-e055-000000000001,"Brownsford, Kilkenny",104,17
Carlow-Kilkenny,2ae19629-23b8-13a3-e055-000000000001,"Burnchurch, Kilkenny",429,62
Carlow-Kilkenny,2ae19629-23b9-13a3-e055-000000000001,"Callan Rural, Kilkenny",1401,187
Carlow-Kilkenny,2ae19629-23ba-13a3-e055-000000000001,"Callan Urban, Kilkenny",1438,137
Carlow-Kilkenny,2ae19629-23bb-13a3-e055-000000000001,"Castlebanny, Kilkenny",116,21
Carlow-Kilkenny,2ae19629-23bf-13a3-e055-000000000001,"Castlecomer, Kilkenny",1904,313
Carlow-Kilkenny,2ae19629-23c0-13a3-e055-000000000001,"Castlegannon, Kilkenny",111,8
Carlow-Kilkenny,2ae19629-23c1-13a3-e055-000000000001,"Clara, Kilkenny",575,71
Carlow-Kilkenny,2ae19629-23c5-13a3-e055-000000000001,"Clogh, Kilkenny",1033,197
Carlow-Kilkenny,2ae19629-23c6-13a3-e055-000000000001,"Clogharinka, Kilkenny",185,24
Tipperary North,2ae19629-23cb-13a3-e055-000000000001,"Clomantagh, Kilkenny",238,24
Carlow-Kilkenny,2ae19629-23cc-13a3-e055-000000000001,"Coolaghmore, Kilkenny",330,42
Carlow-Kilkenny,2ae19629-23cd-13a3-e055-000000000001,"Coolcraheen, Kilkenny",414,54
Carlow-Kilkenny,2ae19629-23d2-13a3-e055-000000000001,"Coolhill, Kilkenny",217,45
Carlow-Kilkenny,2ae19629-23d3-13a3-e055-000000000001,"Danesfort, Kilkenny",356,54
Carlow-Kilkenny,2ae19629-23d4-13a3-e055-000000000001,"Dunbell, Kilkenny",421,71
Carlow-Kilkenny,2ae19629-23d5-13a3-e055-000000000001,"Dunkitt, Kilkenny",809,132
Carlow-Kilkenny,2ae19629-23d9-13a3-e055-000000000001,"Dunmore, Kilkenny",507,69
Carlow-Kilkenny,2ae19629-23da-13a3-e055-000000000001,"Dunnamaggan, Kilkenny",320,42
Carlow-Kilkenny,2ae19629-23db-13a3-e055-000000000001,"Dysartmoon, Kilkenny",195,33
Carlow-Kilkenny,2ae19629-23df-13a3-e055-000000000001,"Earlstown, Kilkenny",191,33
Carlow-Kilkenny,2ae19629-23e0-13a3-e055-000000000001,"Ennisnag, Kilkenny",398,60
Carlow-Kilkenny,2ae19629-23e1-13a3-e055-000000000001,"Famma, Kilkenny",255,32
Carlow-Kilkenny,2ae19629-23e6-13a3-e055-000000000001,"Farnoge, Kilkenny",243,44
Carlow-Kilkenny,2ae19629-23e7-13a3-e055-000000000001,"Fiddown, Kilkenny",784,103
Carlow-Kilkenny,2ae19629-23e8-13a3-e055-000000000001,"Freaghana, Kilkenny",191,32
Tipperary North,2ae19629-23ec-13a3-e055-000000000001,"Freshford, Kilkenny",767,120
Tipperary North,2ae19629-23ed-13a3-e055-000000000001,"Galmoy, Kilkenny",271,48
Tipperary North,2ae19629-23f0-13a3-e055-000000000001,"Glashare, Kilkenny",238,44
Carlow-Kilkenny,2ae19629-23f1-13a3-e055-000000000001,"Goresbridge, Kilkenny",439,70
Carlow-Kilkenny,2ae19629-23f2-13a3-e055-000000000001,"Gowran, Kilkenny",1163,200
Carlow-Kilkenny,2ae19629-23f6-13a3-e055-000000000001,"Graiguenamanagh, Kilkenny",1438,193
Carlow-Kilkenny,2ae19629-23f7-13a3-e055-000000000001,"Grange, Kilkenny",690,89
Carlow-Kilkenny,2ae19629-23f8-13a3-e055-000000000001,"Inistioge, Kilkenny",693,78
Carlow-Kilkenny,2ae19629-23fc-13a3-e055-000000000001,"Jerpoint Church, Kilkenny",705,122
Carlow-Kilkenny,2ae19629-23fd-13a3-e055-000000000001,"Jerpoint West, Kilkenny",201,43
Tipperary North,2ae19629-23fe-13a3-e055-000000000001,"Johnstown, Kilkenny",699,103
Carlow-Kilkenny,2ae19629-2402-13a3-e055-000000000001,"Kells, Kilkenny",505,79
Carlow-Kilkenny,2ae19629-2403-13a3-e055-000000000001,"Kilbeacon, Kilkenny",145,18
Carlow-Kilkenny,2ae19629-2404-13a3-e055-000000000001,"Kilbride, Kilkenny",285,57
Carlow-Kilkenny,2ae19629-2408-13a3-e055-000000000001,"Kilcolumb, Kilkenny",469,77
Carlow-Kilkenny,2ae19629-2409-13a3-e055-000000000001,"Kilculliheen, Kilkenny",4158,512
Carlow-Kilkenny,2ae19629-240a-13a3-e055-000000000001,"Kilfane, Kilkenny",207,36
Carlow-Kilkenny,2ae19629-240b-13a3-e055-000000000001,"Kilkeasy, Kilkenny",280,43
Carlow-Kilkenny,2ae19629-240c-13a3-e055-000000000001,"Kilkenny No. 1 Urban, Kilkenny",4572,443
Carlow-Kilkenny,2ae19629-240d-13a3-e055-000000000001,"Kilkenny No. 2 Urban, Kilkenny",3362,313
Carlow-Kilkenny,2ae19629-23b2-13a3-e055-000000000001,"Kilkenny Rural, Kilkenny",13824,1635
Carlow-Kilkenny,2ae19629-23b3-13a3-e055-000000000001,"Kilkieran, Kilkenny",502,89
Carlow-Kilkenny,2ae19629-23b5-13a3-e055-000000000001,"Killahy, Kilkenny",550,102
Carlow-Kilkenny,2ae19629-23b6-13a3-e055-000000000001,"Killamery, Kilkenny",181,28
Carlow-Kilkenny,2ae19629-23b7-13a3-e055-000000000001,"Kilmacar, Kilkenny",360,72
Carlow-Kilkenny,2ae19629-23bc-13a3-e055-000000000001,"Kilmaganny, Kilkenny",543,67
Carlow-Kilkenny,2ae19629-23bd-13a3-e055-000000000001,"Kilmakevoge, Kilkenny",347,70
Carlow-Kilkenny,2ae19629-23be-13a3-e055-000000000001,"Kilmanagh, Kilkenny",407,55
Carlow-Kilkenny,2ae19629-23c2-13a3-e055-000000000001,"Kiltorcan, Kilkenny",124,22
Carlow-Kilkenny,2ae19629-23c3-13a3-e055-000000000001,"Knocktopher, Kilkenny",396,60
Tipperary North,2ae19629-23c4-13a3-e055-000000000001,"Lisdowney, Kilkenny",188,22
Carlow-Kilkenny,2ae19629-23c7-13a3-e055-000000000001,"Listerlin, Kilkenny",292,46
Carlow-Kilkenny,2ae19629-23c8-13a3-e055-000000000001,"Mallardstown, Kilkenny",173,20
Carlow-Kilkenny,2ae19629-23c9-13a3-e055-000000000001,"Moneenroe, Kilkenny",1016,169
Carlow-Kilkenny,2ae19629-23ca-13a3-e055-000000000001,"Mothell, Kilkenny",380,74
Carlow-Kilkenny,2ae19629-23ce-13a3-e055-000000000001,"Muckalee, Kilkenny, 097078",126,28
Carlow-Kilkenny,2ae19629-23cf-13a3-e055-000000000001,"Muckalee, Kilkenny, 097079",419,67
Carlow-Kilkenny,2ae19629-23d0-13a3-e055-000000000001,"Odagh, Kilkenny",369,66
Carlow-Kilkenny,2ae19629-23d1-13a3-e055-000000000001,"Outrath, Kilkenny",598,84
Carlow-Kilkenny,2ae19629-23d6-13a3-e055-000000000001,"Paulstown, Kilkenny",773,116
Carlow-Kilkenny,2ae19629-23d7-13a3-e055-000000000001,"Pilltown, Kilkenny",1465,186
Carlow-Kilkenny,2ae19629-23d8-13a3-e055-000000000001,"Pleberstown, Kilkenny",149,23
Carlow-Kilkenny,2ae19629-23dc-13a3-e055-000000000001,"Pollrone, Kilkenny",1106,157
Carlow-Kilkenny,2ae19629-23dd-13a3-e055-000000000001,"Portnascully, Kilkenny",859,144
Carlow-Kilkenny,2ae19629-23de-13a3-e055-000000000001,"Powerstown, Kilkenny",398,49
Carlow-Kilkenny,2ae19629-23e2-13a3-e055-000000000001,"Rathbeagh, Kilkenny",214,45
Carlow-Kilkenny,2ae19629-23e3-13a3-e055-000000000001,"Rathcoole, Kilkenny",408,77
Tipperary North,2ae19629-23e4-13a3-e055-000000000001,"Rathealy, Kilkenny",151,23
Carlow-Kilkenny,2ae19629-23e5-13a3-e055-000000000001,"Rathpatrick, Kilkenny",913,155
Carlow-Kilkenny,2ae19629-23e9-13a3-e055-000000000001,"Rosbercon Rural, Kilkenny",526,95
Carlow-Kilkenny,2ae19629-23ea-13a3-e055-000000000001,"Rossinan, Kilkenny",612,149
Carlow-Kilkenny,2ae19629-23eb-13a3-e055-000000000001,"Scotsborough, Kilkenny",131,19
Carlow-Kilkenny,2ae19629-23ee-13a3-e055-000000000001,"Shanbogh, Kilkenny",387,84
Carlow-Kilkenny,2ae19629-23ef-13a3-e055-000000000001,"Shankill, Kilkenny",655,87
Carlow-Kilkenny,2ae19629-23f3-13a3-e055-000000000001,"St. Canice, Kilkenny",465,86
Carlow-Kilkenny,2ae19629-23f4-13a3-e055-000000000001,"Stonyford, Kilkenny",562,76
Carlow-Kilkenny,2ae19629-23f5-13a3-e055-000000000001,"Templeorum, Kilkenny",356,55
Carlow-Kilkenny,2ae19629-23f9-13a3-e055-000000000001,"The Rower, Kilkenny",626,93
Carlow-Kilkenny,2ae19629-23fa-13a3-e055-000000000001,"Thomastown, Kilkenny",1755,229
Carlow-Kilkenny,2ae19629-23fb-13a3-e055-000000000001,"Tiscoffin, Kilkenny",367,55
Carlow-Kilkenny,2ae19629-23ff-13a3-e055-000000000001,"Tubbrid, Kilkenny",350,54
Tipperary North,2ae19629-2400-13a3-e055-000000000001,"Tubbridbrittain, Kilkenny",241,49
Carlow-Kilkenny,2ae19629-2401-13a3-e055-000000000001,"Tullaghanbrogue, Kilkenny",403,60
Carlow-Kilkenny,2ae19629-2405-13a3-e055-000000000001,"Tullaherin, Kilkenny",177,34
Carlow-Kilkenny,2ae19629-2406-13a3-e055-000000000001,"Tullahought, Kilkenny",175,19
Tipperary North,2ae19629-2407-13a3-e055-000000000001,"Tullaroan, Kilkenny",239,50
Carlow-Kilkenny,2ae19629-240e-13a3-e055-000000000001,"Ullard, Kilkenny",243,46
Carlow-Kilkenny,2ae19629-240f-13a3-e055-000000000001,"Ullid, Kilkenny",830,116
Tipperary North,2ae19629-2410-13a3-e055-000000000001,"Urlingford, Kilkenny",1069,152
Carlow-Kilkenny,2ae19629-2411-13a3-e055-000000000001,"Whitechurch, Kilkenny",353,56
Carlow-Kilkenny,2ae19629-23b4-13a3-e055-000000000001,"Woolengrange, Kilkenny",282,41
Laois,2ae19629-16a8-13a3-e055-000000000001,"Abbeyleix, Laois",2267,321
Laois,2ae19629-16a9-13a3-e055-000000000001,"Aghmacart, Laois",265,39
Laois,2ae19629-16aa-13a3-e055-000000000001,"Arderin, Laois",197,40
Laois,2ae19629-16ab-13a3-e055-000000000001,"Ardough, Laois",279,52
Laois,2ae19629-16ac-13a3-e055-000000000001,"Arless, Laois",302,46
Laois,2ae19629-16ad-13a3-e055-000000000001,"Ballickmoyler, Laois",637,92
Laois,2ae19629-16ae-13a3-e055-000000000001,"Ballinakill, Laois",620,92
Laois,2ae19629-16a1-13a3-e055-000000000001,"Ballyadams, Laois",318,62
Laois,2ae19629-16a2-13a3-e055-000000000001,"Ballybrittas, Laois",1115,155
Laois,2ae19629-16a3-13a3-e055-000000000001,"Ballybrophy, Laois",164,27
Laois,2ae19629-16a4-13a3-e055-000000000001,"Ballycarroll, Laois",293,48
Laois,2ae19629-16a5-13a3-e055-000000000001,"Ballyfin, Laois",505,86
Laois,2ae19629-16a6-13a3-e055-000000000001,"Ballylehane, Laois",157,27
Laois,2ae19629-16a7-13a3-e055-000000000001,"Ballylynan, Laois",1088,161
Laois,2ae19629-16af-13a3-e055-000000000001,"Ballyroan, Laois",828,130
Laois,2ae19629-16b0-13a3-e055-000000000001,"Barrowhouse, Laois",387,63
Laois,2ae19629-16b1-13a3-e055-000000000001,"Blandsfort, Laois",251,35
Laois,2ae19629-16b2-13a3-e055-000000000001,"Borris, Laois",1247,150
Laois,2ae19629-16ba-13a3-e055-000000000001,"Borris-In-Ossory, Laois",732,91
Laois,2ae19629-16bc-13a3-e055-000000000001,"Caher, Laois",80,15
Laois,60df415c-3e8d-4147-9d5f-2524194c8d6c,"Capard/Brisha, Laois",249,44
Laois,2ae19629-16be-13a3-e055-000000000001,"Cappalough, Laois",267,48
Laois,2ae19629-16bf-13a3-e055-000000000001,"Cardtown, Laois",128,28
Laois,2ae19629-16c0-13a3-e055-000000000001,"Castlecuffe, Laois",313,51
Laois,2ae19629-16c1-13a3-e055-000000000001,"Castletown, Laois",599,99
Laois,2ae19629-16c2-13a3-e055-000000000001,"Clash, Laois",268,43
Laois,2ae19629-16c3-13a3-e055-000000000001,"Clonaslee, Laois",729,139
Laois,2ae19629-16c4-13a3-e055-000000000001,"Clondarrig, Laois",1829,219
Laois,2ae19629-16c5-13a3-e055-000000000001,"Clonin, Laois",182,29
Laois,2ae19629-16c6-13a3-e055-000000000001,"Clonkeen, Laois",527,100
Laois,2ae19629-16c7-13a3-e055-000000000001,"Clonmore, Laois",166,25
Laois,2ae19629-16c8-13a3-e055-000000000001,"Colt, Laois",158,34
Laois,2ae19629-16c9-13a3-e055-000000000001,"Coolrain, Laois",250,36
Laois,2ae19629-16ca-13a3-e055-000000000001,"Cuffsborough, Laois",255,40
Laois,2ae19629-16b3-13a3-e055-000000000001,"Cullahill, Laois",272,48
Laois,2ae19629-16b4-13a3-e055-000000000001,"Cullenagh, Laois",108,16
Laois,2ae19629-16b5-13a3-e055-000000000001,"Curraclone, Laois",195,33
Laois,2ae19629-16b6-13a3-e055-000000000001,"Dangans, Laois",1014,193
Laois,2ae19629-16b7-13a3-e055-000000000001,"Donaghmore, Laois",211,28
Laois,2ae19629-16b8-13a3-e055-000000000001,"Donore, Laois",369,77
Laois,2ae19629-16b9-13a3-e055-000000000001,"Doonane, Laois",602,77
Laois,2ae19629-16d1-13a3-e055-000000000001,"Dunmore, Laois",209,30
Laois,2ae19629-16d2-13a3-e055-000000000001,"Durrow, Laois",1032,119
Laois,2ae19629-16d3-13a3-e055-000000000001,"Dysartgallen, Laois",204,33
Laois,2ae19629-16d4-13a3-e055-000000000001,"Emo, Laois",1010,169
Laois,2ae19629-16d5-13a3-e055-000000000001,"Errill, Laois",311,52
Laois,2ae19629-16d6-13a3-e055-000000000001,"Farnans, Laois",156,28
Laois,2ae19629-16d7-13a3-e055-000000000001,"Fossy, Laois",132,22
Laois,2ae19629-16d8-13a3-e055-000000000001,"Garrymore, Laois",178,38
Laois,2ae19629-16da-13a3-e055-000000000001,"Graigue Rural, Laois",3781,536
Laois,2ae19629-16d9-13a3-e055-000000000001,"Graigue, Laois",204,33
Laois,2ae19629-16db-13a3-e055-000000000001,"Grantstown, Laois",289,52
Laois,2ae19629-16dc-13a3-e055-000000000001,"Jamestown, Laois",379,49
Laois,2ae19629-16dd-13a3-e055-000000000001,"Kilcoke, Laois",116,17
Laois,2ae19629-16de-13a3-e055-000000000001,"Kilcolmanbane, Laois",475,84
Laois,2ae19629-16df-13a3-e055-000000000001,"Kildellig, Laois",228,46
Laois,2ae19629-16cb-13a3-e055-000000000001,"Killabban, Laois",331,52
Laois,2ae19629-16cc-13a3-e055-000000000001,"Killermogh, Laois",281,42
Laois,2ae19629-16cd-13a3-e055-000000000001,"Kilmullen, Laois",447,75
Laois,2ae19629-16ce-13a3-e055-000000000001,"Kilmurry, Laois",220,39
Laois,2ae19629-16cf-13a3-e055-000000000001,"Kilnaseer, Laois",241,37
Laois,2ae19629-16e0-13a3-e055-000000000001,"Kyle South, Laois",236,48
Laois,2ae19629-16d0-13a3-e055-000000000001,"Kyle, Laois",188,31
Laois,2ae19629-16e1-13a3-e055-000000000001,"Lacka, Laois",233,40
Laois,2ae19629-16e2-13a3-e055-000000000001,"Luggacurren, Laois",257,44
Laois,2ae19629-16e9-13a3-e055-000000000001,"Marymount, Laois",104,13
Laois,2ae19629-16ea-13a3-e055-000000000001,"Meelick, Laois",314,59
Laois,2ae19629-16eb-13a3-e055-000000000001,"Moneenalassa, Laois",114,22
Laois,2ae19629-16ec-13a3-e055-000000000001,"Moneymore, Laois",109,21
Laois,2ae19629-16ed-13a3-e055-000000000001,"Mountmellick Rural, Laois",868,159
Laois,2ae19629-16ee-13a3-e055-000000000001,"Mountmellick Urban, Laois",2450,357
Laois,2ae19629-16ef-13a3-e055-000000000001,"Mountrath, Laois",1951,291
Laois,2ae19629-16f0-13a3-e055-000000000001,"Moyanna, Laois",293,52
Laois,2ae19629-16f1-13a3-e055-000000000001,"Nealstown, Laois",75,18
Laois,2ae19629-16f2-13a3-e055-000000000001,"Newtown, Laois",250,35
Laois,2ae19629-16f3-13a3-e055-000000000001,"O'moresforest, Laois",388,75
Laois,2ae19629-16f4-13a3-e055-000000000001,"Portarlington South, Laois",5523,720
Laois,2ae19629-16f5-13a3-e055-000000000001,"Portlaoighise Rural, Laois",12554,1548
Laois,2ae19629-16f6-13a3-e055-000000000001,"Portlaoighise Urban, Laois",3033,330
Laois,2ae19629-16f7-13a3-e055-000000000001,"Raheen, Laois",343,56
Laois,2ae19629-16f8-13a3-e055-000000000001,"Rathaspick, Laois",210,31
Laois,2ae19629-16f9-13a3-e055-000000000001,"Rathdowney, Laois",1027,144
Laois,2ae19629-16e3-13a3-e055-000000000001,"Rathsaran, Laois",447,68
Laois,2ae19629-16e4-13a3-e055-000000000001,"Rearymore, Laois",225,42
Laois,2ae19629-16e5-13a3-e055-000000000001,"Rosenallis, Laois",325,69
Laois,2ae19629-16e6-13a3-e055-000000000001,"Rossmore, Laois",357,63
Laois,2ae19629-16e7-13a3-e055-000000000001,"Sallyford, Laois",444,74
Laois,2ae19629-16e8-13a3-e055-000000000001,"Shaen, Laois",747,130
Laois,2ae19629-16ff-13a3-e055-000000000001,"Shrule, Laois",230,31
Laois,2ae19629-1700-13a3-e055-000000000001,"Stradbally, Laois",1510,241
Laois,2ae19629-1701-13a3-e055-000000000001,"Tankardstown, Laois",279,48
Laois,2ae19629-1702-13a3-e055-000000000001,"Timahoe, Laois",470,78
Laois,2ae19629-1703-13a3-e055-000000000001,"Timogue, Laois",272,36
Laois,2ae19629-1704-13a3-e055-000000000001,"Tinnahinch, Laois",139,21
Laois,2ae19629-1705-13a3-e055-000000000001,"Trumra, Laois",204,34
Laois,2ae19629-1706-13a3-e055-000000000001,"Turra, Laois",288,46
Laois,2ae19629-1707-13a3-e055-000000000001,"Vicarstown, Laois",157,26
Longford-Westmeath,2ae19629-1804-13a3-e055-000000000001,"Abbeylara, Longford",268,38
Longford-Westmeath,2ae19629-1805-13a3-e055-000000000001,"Aghaboy, Longford",513,81
Longford-Westmeath,2ae19629-1806-13a3-e055-000000000001,"Agharra, Longford",360,53
Longford-Westmeath,2ae19629-1807-13a3-e055-000000000001,"Ardagh East, Longford",545,75
Longford-Westmeath,2ae19629-1808-13a3-e055-000000000001,"Ardagh West, Longford",390,59
Longford-Westmeath,2ae19629-1809-13a3-e055-000000000001,"Ballinalee, Longford",496,71
Longford-Westmeath,2ae19629-180a-13a3-e055-000000000001,"Ballinamuck East, Longford",442,71
Longford-Westmeath,2ae19629-180b-13a3-e055-000000000001,"Ballinamuck West, Longford",405,44
Longford-Westmeath,2ae19629-180c-13a3-e055-000000000001,"Ballymahon, Longford",2257,237
Longford-Westmeath,2ae19629-180d-13a3-e055-000000000001,"Ballymuigh, Longford",199,28
Longford-Westmeath,2ae19629-180e-13a3-e055-000000000001,"Breanrisk, Longford",650,96
Longford-Westmeath,2ae19629-180f-13a3-e055-000000000001,"Bunlahy, Longford",156,15
Longford-Westmeath,2ae19629-1810-13a3-e055-000000000001,"Caldragh, Longford",1935,241
Longford-Westmeath,2ae19629-17ee-13a3-e055-000000000001,"Cashel East, Longford",219,30
Longford-Westmeath,2ae19629-17ef-13a3-e055-000000000001,"Cashel West, Longford",496,70
Longford-Westmeath,2ae19629-17f0-13a3-e055-000000000001,"Cloondara, Longford",561,80
Longford-Westmeath,2ae19629-17f1-13a3-e055-000000000001,"Cloonee, Longford",571,74
Longford-Westmeath,2ae19629-17f2-13a3-e055-000000000001,"Columbkille, Longford",468,88
Longford-Westmeath,2ae19629-17f3-13a3-e055-000000000001,"Coolamber, Longford",288,52
Longford-Westmeath,2ae19629-18dd-13a3-e055-000000000001,"Corboy, Longford",334,44
Longford-Westmeath,2ae19629-18de-13a3-e055-000000000001,"Creevy, Longford",252,40
Longford-Westmeath,2ae19629-18df-13a3-e055-000000000001,"Crosagstown, Longford",206,35
Longford-Westmeath,2ae19629-18e0-13a3-e055-000000000001,"Currygrane, Longford",109,16
Longford-Westmeath,2ae19629-18ea-13a3-e055-000000000001,"Dalystown, Longford",136,27
Longford-Westmeath,2ae19629-18eb-13a3-e055-000000000001,"Doory, Longford",331,57
Longford-Westmeath,2ae19629-18ec-13a3-e055-000000000001,"Drumgort, Longford",354,47
Longford-Westmeath,2ae19629-18f5-13a3-e055-000000000001,"Drumlish, Longford",1203,144
Longford-Westmeath,2ae19629-18f6-13a3-e055-000000000001,"Drummeel, Longford",100,19
Longford-Westmeath,51c9d4b9-75dd-4621-9ef7-f06ff3f5e11d,"Firry/Newgrove, Longford",158,23
Longford-Westmeath,2ae19629-1900-13a3-e055-000000000001,"Forgney, Longford",2352,44
Longford-Westmeath,2ae19629-1901-13a3-e055-000000000001,"Foxhall, Longford",461,70
Longford-Westmeath,2ae19629-1902-13a3-e055-000000000001,"Gelshagh, Longford",275,54
Longford-Westmeath,2ae19629-1903-13a3-e055-000000000001,"Granard Rural, Longford",237,48
Longford-Westmeath,2ae19629-1904-13a3-e055-000000000001,"Granard Urban, Longford",942,103
Longford-Westmeath,2ae19629-190f-13a3-e055-000000000001,"Kilcommock, Longford",814,107
Longford-Westmeath,2ae19629-1910-13a3-e055-000000000001,"Kilglass, Longford",576,78
Longford-Westmeath,2ae19629-1911-13a3-e055-000000000001,"Killashee, Longford",354,32
Longford-Westmeath,2ae19629-1918-13a3-e055-000000000001,"Killoe, Longford",229,26
Longford-Westmeath,2ae19629-1919-13a3-e055-000000000001,"Knockanbaun, Longford",127,15
Longford-Westmeath,2ae19629-191a-13a3-e055-000000000001,"Ledwithstown, Longford",288,37
Longford-Westmeath,2ae19629-191b-13a3-e055-000000000001,"Lislea, Longford",104,23
Longford-Westmeath,2ae19629-1925-13a3-e055-000000000001,"Longford No. 1 Urban, Longford",3019,290
Longford-Westmeath,2ae19629-1926-13a3-e055-000000000001,"Longford No. 2 Urban, Longford",849,56
Longford-Westmeath,2ae19629-1927-13a3-e055-000000000001,"Longford Rural, Longford",4199,542
Longford-Westmeath,2ae19629-18f7-13a3-e055-000000000001,"Meathas Truim, Longford",1822,224
Longford-Westmeath,2ae19629-1928-13a3-e055-000000000001,"Milltown, Longford",267,45
Longford-Westmeath,2ae19629-1929-13a3-e055-000000000001,"Moatfarrell, Longford",156,29
Longford-Westmeath,2ae19629-1931-13a3-e055-000000000001,"Mountdavis, Longford",182,27
Longford-Westmeath,2ae19629-1932-13a3-e055-000000000001,"Moydow, Longford",556,79
Longford-Westmeath,2ae19629-1933-13a3-e055-000000000001,"Moyne, Longford",245,37
Longford-Westmeath,2ae19629-1940-13a3-e055-000000000001,"Mullanalaghta, Longford",240,46
Longford-Westmeath,2ae19629-1942-13a3-e055-000000000001,"Newtown Forbes, Longford",773,101
Longford-Westmeath,2ae19629-1943-13a3-e055-000000000001,"Rathcline, Longford",1281,142
Longford-Westmeath,2ae19629-194d-13a3-e055-000000000001,"Sonnagh, Longford",219,35
Louth,2ae19629-194e-13a3-e055-000000000001,"Ardee Rural, Louth",2285,421
Louth,2ae19629-194f-13a3-e055-000000000001,"Ardee Urban, Louth",4101,539
Louth,2ae19629-1950-13a3-e055-000000000001,"Ballymascanlan, Louth",1731,279
Louth,2ae19629-195c-13a3-e055-000000000001,"Barronstown, Louth",579,112
Louth,2ae19629-195d-13a3-e055-000000000001,"Carlingford, Louth",1659,188
Louth,2ae19629-195e-13a3-e055-000000000001,"Castlebellingham, Louth",1489,153
Louth,2ae19629-1968-13a3-e055-000000000001,"Castlering, Louth",798,155
Louth,21a09083-a130-47d2-8690-23338d5ecf18,"Castletown (North), Louth",2647,520
Louth,feb68bba-797f-474c-9db5-429e7a70c68c,"Castletown (South), Louth",689,103
Louth,2ae19629-1972-13a3-e055-000000000001,"Clogher, Louth",2464,432
Louth,2ae19629-1973-13a3-e055-000000000001,"Clonkeen, Louth",518,74
Louth,2ae19629-197d-13a3-e055-000000000001,"Collon, Louth",1342,233
Louth,2ae19629-197e-13a3-e055-000000000001,"Creggan Upper, Louth",628,104
Louth,2ae19629-18c7-13a3-e055-000000000001,"Darver, Louth",482,72
Louth,2ae19629-18c9-13a3-e055-000000000001,"Dromin, Louth",512,87
Louth,2ae19629-18d6-13a3-e055-000000000001,"Dromiskin, Louth",1759,320
Louth,2ae19629-18d7-13a3-e055-000000000001,"Drumcar, Louth",1078,156
Louth,2ae19629-18e1-13a3-e055-000000000001,"Drummullagh, Louth",1128,177
Louth,2ae19629-1936-13a3-e055-000000000001,"Dundalk No. 1 Urban, Louth",1969,201
Louth,2ae19629-1937-13a3-e055-000000000001,"Dundalk No. 2 Urban, Louth",1028,100
Louth,2ae19629-18e3-13a3-e055-000000000001,"Dundalk No. 3 Urban, Louth",1458,110
Louth,2ae19629-1938-13a3-e055-000000000001,"Dundalk No. 4 Urban, Louth",5199,767
Louth,f0b72184-af6a-4a08-9f38-8033428dfcf7,"Dundalk Rural (North), Louth",4926,759
Louth,f26b950c-de46-4c46-b4be-21b2c886958f,"Dundalk Rural (South), Louth",10409,1574
Louth,2ae19629-18e4-13a3-e055-000000000001,"Dunleer, Louth",2345,393
Louth,2ae19629-18ed-13a3-e055-000000000001,"Dysart, Louth",746,130
Louth,2ae19629-18c8-13a3-e055-000000000001,"Fair Gate, Louth",8842,992
Louth,2ae19629-18ee-13a3-e055-000000000001,"Faughart, Louth",830,149
Louth,2ae19629-18ef-13a3-e055-000000000001,"Greenore, Louth",902,143
Louth,2ae19629-18f9-13a3-e055-000000000001,"Haggardstown, Louth",6729,854
Louth,2ae19629-18fa-13a3-e055-000000000001,"Jenkinstown, Louth",925,157
Louth,2ae19629-1905-13a3-e055-000000000001,"Killanny, Louth",644,108
Louth,2ae19629-1906-13a3-e055-000000000001,"Louth, Louth",1210,194
Louth,2ae19629-1907-13a3-e055-000000000001,"Mansfieldstown, Louth",632,110
Louth,2ae19629-1912-13a3-e055-000000000001,"Monasterboice, Louth",1079,178
Louth,2ae19629-1913-13a3-e055-000000000001,"Mullary, Louth",1361,292
Louth,2ae19629-191c-13a3-e055-000000000001,"Rathcor, Louth",1108,228
Louth,2ae19629-191d-13a3-e055-000000000001,"Ravensdale, Louth",819,129
Louth,2ae19629-1935-13a3-e055-000000000001,"St. Lawrence Gate, Louth",3270,414
Louth,2ae19629-1939-13a3-e055-000000000001,"St. Mary's (Part), Louth",4925,939
Louth,2ae19629-192a-13a3-e055-000000000001,"St. Peter's, Louth",7709,1360
Louth,2ae19629-192b-13a3-e055-000000000001,"Stabannan, Louth",494,85
Louth,2ae19629-192c-13a3-e055-000000000001,"Tallanstown, Louth",807,138
Louth,2ae19629-1934-13a3-e055-000000000001,"Termonfeckin, Louth",2929,500
Louth,2ae19629-191e-13a3-e055-000000000001,"West Gate, Louth",5173,841
Meath East,2ae19629-1819-13a3-e055-000000000001,"Ardagh, Meath",509,77
Meath West,2ae19629-181a-13a3-e055-000000000001,"Ardbraccan, Meath",1733,307
Meath East,2ae19629-1824-13a3-e055-000000000001,"Ardcath, Meath",1617,278
Meath East,2ae19629-1825-13a3-e055-000000000001,"Ardmulchan, Meath",849,134
Meath West,2ae19629-182f-13a3-e055-000000000001,"Ardnamullan, Meath",680,120
Meath West,2ae19629-1830-13a3-e055-000000000001,"Baile Átha Buí, An Mhí",2099,326
Meath West,2ae19629-1831-13a3-e055-000000000001,"Ballinlough, Meath",157,32
Meath West,2ae19629-183a-13a3-e055-000000000001,"Ballyboggan, Meath",441,66
Meath West,2ae19629-183b-13a3-e055-000000000001,"Ballyconnell, Meath",610,87
Meath West,2ae19629-183c-13a3-e055-000000000001,"Balrathboyne, Meath",449,54
Meath West,2ae19629-183d-13a3-e055-000000000001,"Bective, Meath",889,164
Meath West,2ae19629-1847-13a3-e055-000000000001,"Boherboy, Meath",243,37
Meath West,2ae19629-1848-13a3-e055-000000000001,"Burry, Meath",220,46
Meath East,2ae19629-1849-13a3-e055-000000000001,"Carrickleck, Meath",357,56
Meath West,2ae19629-184a-13a3-e055-000000000001,"Castlejordan, Meath",336,70
Meath West,2ae19629-1852-13a3-e055-000000000001,"Castlekeeran, Meath",377,73
Meath West,2ae19629-1853-13a3-e055-000000000001,"Castlerickard, Meath",1524,210
Meath East,2ae19629-1854-13a3-e055-000000000001,"Castletown, Meath",774,133
Meath East,2ae19629-18be-13a3-e055-000000000001,"Ceanannas Mór Rural, Meath",3657,524
Meath East,2ae19629-18bf-13a3-e055-000000000001,"Ceanannas Mór Urban, Meath",1723,235
Meath West,2ae19629-185f-13a3-e055-000000000001,"Cloghbrack, Meath",419,80
Meath West,2ae19629-1860-13a3-e055-000000000001,"Clonmacduff, Meath",390,72
Meath West,2ae19629-1861-13a3-e055-000000000001,"Crossakeel, Meath",418,54
Meath West,2ae19629-186b-13a3-e055-000000000001,"Crosskeys, Meath",276,41
Meath East,2ae19629-186c-13a3-e055-000000000001,"Cruicetown, Meath",317,62
Meath East,2ae19629-186d-13a3-e055-000000000001,"Culmullin, Meath",945,137
Meath East,2ae19629-186e-13a3-e055-000000000001,"Donaghmore, Meath",10176,1434
Meath East,2ae19629-1878-13a3-e055-000000000001,"Domhnach Phádraig, An Mhí",1474,302
Meath East,2ae19629-1879-13a3-e055-000000000001,"Drumcondra, Meath",1074,183
Meath East,2ae19629-1882-13a3-e055-000000000001,"Duleek, Meath",4403,686
Meath East,2ae19629-1883-13a3-e055-000000000001,"Dunboyne, Meath",8051,1425
Meath East,2ae19629-188f-13a3-e055-000000000001,"Dunshaughlin, Meath",6292,822
Meath West,2ae19629-1890-13a3-e055-000000000001,"Gallow, Meath",797,135
Meath West,2ae19629-189c-13a3-e055-000000000001,"Galtrim, Meath",579,96
Meath West,2ae19629-189d-13a3-e055-000000000001,"Girley, Meath",328,50
Meath East,2ae19629-18a6-13a3-e055-000000000001,"Grangegeeth, Meath",512,89
Meath West,2ae19629-18a7-13a3-e055-000000000001,"Grennanstown, Meath",950,158
Meath West,2ae19629-18b2-13a3-e055-000000000001,"Hill Of Down, Meath",436,69
Meath West,2ae19629-18b3-13a3-e055-000000000001,"Innfield, Meath",3378,489
Meath East,2ae19629-18bd-13a3-e055-000000000001,"Julianstown, Meath",8364,1223
Meath East,2ae19629-1811-13a3-e055-000000000001,"Kentstown, Meath",1621,266
Meath East,2ae19629-1812-13a3-e055-000000000001,"Kilbrew, Meath",2806,325
Meath West,2ae19629-1813-13a3-e055-000000000001,"Cill Bhríde, An Mhí",406,63
Meath West,2ae19629-1832-13a3-e055-000000000001,"Kilcooly, Meath",296,49
Meath West,2ae19629-1833-13a3-e055-000000000001,"Kildalkey, Meath",956,167
Meath West,2ae19629-1834-13a3-e055-000000000001,"Killaconnigan, Meath",1610,264
Meath West,2ae19629-183e-13a3-e055-000000000001,"Killallon, Meath",239,26
Meath East,2ae19629-183f-13a3-e055-000000000001,"Killary, Meath",980,158
Meath West,2ae19629-184b-13a3-e055-000000000001,"Killeagh, Meath",320,49
Meath East,2ae19629-184c-13a3-e055-000000000001,"Killeen, Meath",951,147
Meath West,2ae19629-1855-13a3-e055-000000000001,"Killyon, Meath",449,77
Meath East,2ae19629-1856-13a3-e055-000000000001,"Kilmainham, Meath",632,90
Meath West,2ae19629-1862-13a3-e055-000000000001,"Kilmessan, Meath",1345,163
Meath East,2ae19629-1863-13a3-e055-000000000001,"Kilmore, Meath",1367,209
Meath West,2ae19629-186f-13a3-e055-000000000001,"Kilskeer, Meath",332,61
Meath West,2ae19629-1870-13a3-e055-000000000001,"Knocklough, Meath",161,29
Meath West,2ae19629-1871-13a3-e055-000000000001,"Laracor, Meath",501,85
Meath West,2ae19629-187a-13a3-e055-000000000001,"Loughan, Meath",355,60
Meath East,2ae19629-187b-13a3-e055-000000000001,"Maperath, Meath",401,67
Meath West,2ae19629-187c-13a3-e055-000000000001,"Martry, Meath",566,90
Meath East,2ae19629-1884-13a3-e055-000000000001,"Mellifont, Meath",448,69
Meath East,2ae19629-1885-13a3-e055-000000000001,"Moybolgue, Meath",196,23
Meath West,2ae19629-1886-13a3-e055-000000000001,"Moylagh, Meath",337,51
Meath East,2ae19629-1891-13a3-e055-000000000001,"Moynalty, Meath",496,94
Meath West,2ae19629-1892-13a3-e055-000000000001,"Navan Rural, Meath",22748,3531
Meath West,2ae19629-1893-13a3-e055-000000000001,"Navan Urban, Meath",3030,266
Meath East,2ae19629-1894-13a3-e055-000000000001,"Newcastle, Meath",342,68
Meath East,2ae19629-189e-13a3-e055-000000000001,"Newtown, Meath",718,115
Meath East,2ae19629-189f-13a3-e055-000000000001,"Nobber, Meath",601,93
Meath West,2ae19629-18a8-13a3-e055-000000000001,"Oldcastle, Meath",1777,266
Meath East,2ae19629-18a9-13a3-e055-000000000001,"Painestown, Meath",974,172
Meath East,2ae19629-18aa-13a3-e055-000000000001,"Posseckstown, Meath",153,36
Meath West,2ae19629-18b4-13a3-e055-000000000001,"Rahinstown, Meath",399,74
Meath East,2ae19629-18b5-13a3-e055-000000000001,"Rathfeigh, Meath",829,131
Meath East,2ae19629-18b6-13a3-e055-000000000001,"Rathkenny, Meath",507,66
Meath West,2ae19629-18c1-13a3-e055-000000000001,"Rathmolyon, Meath",1203,206
Meath West,2ae19629-18c0-13a3-e055-000000000001,"An Ráth Mhór, An Mhí",786,147
Meath East,2ae19629-1814-13a3-e055-000000000001,"Ratoath, Meath",8416,1527
Meath East,2ae19629-1815-13a3-e055-000000000001,"Rodanstown, Meath",1363,162
Meath East,2ae19629-181b-13a3-e055-000000000001,"Skreen, Meath",1261,195
Meath East,2ae19629-181c-13a3-e055-000000000001,"Slane, Meath",1458,213
Louth,2ae19629-1826-13a3-e055-000000000001,"St. Mary's, Meath",11487,1510
Meath East,2ae19629-1827-13a3-e055-000000000001,"Stackallan, Meath",576,99
Meath East,2ae19629-1828-13a3-e055-000000000001,"Staholmog, Meath",314,61
Meath East,2ae19629-1829-13a3-e055-000000000001,"Stamullin, Meath",3789,513
Meath West,2ae19629-181d-13a3-e055-000000000001,"Stonefield, Meath",194,43
Meath West,2ae19629-181e-13a3-e055-000000000001,"Summerhill, Meath",1084,170
Meath East,2ae19629-181f-13a3-e055-000000000001,"Tara, Meath",1098,136
Meath West,2ae19629-182a-13a3-e055-000000000001,"Tailtin, An Mhí",748,133
Meath West,2ae19629-182b-13a3-e055-000000000001,"Trim Rural, Meath",6764,1026
Meath West,2ae19629-182c-13a3-e055-000000000001,"Trim Urban, Meath",1148,114
Meath East,2ae19629-1835-13a3-e055-000000000001,"Trohanny, Meath",263,42
Offaly,2ae19629-1ada-13a3-e055-000000000001,"Aghancon, Offaly",305,42
Offaly,2ae19629-1adc-13a3-e055-000000000001,"Ballincor, Offaly",148,31
Offaly,2ae19629-1add-13a3-e055-000000000001,"Ballyburly, Offaly",1063,193
Offaly,2ae19629-1ae8-13a3-e055-000000000001,"Ballycommon, Offaly",484,82
Offaly,2ae19629-1ae9-13a3-e055-000000000001,"Ballycumber, Offaly",556,96
Offaly,2ae19629-1aea-13a3-e055-000000000001,"Ballymacwilliam, Offaly",499,89
Offaly,2ae19629-1aeb-13a3-e055-000000000001,"Ballyshear, Offaly",297,50
Offaly,2ae19629-1af5-13a3-e055-000000000001,"Banagher, Offaly",1736,242
Offaly,2ae19629-1af6-13a3-e055-000000000001,"Barna, Offaly",129,22
Offaly,2ae19629-1af7-13a3-e055-000000000001,"Bawn, Offaly",270,58
Offaly,2ae19629-1a3f-13a3-e055-000000000001,"Birr Rural, Offaly",1008,165
Offaly,2ae19629-1a40-13a3-e055-000000000001,"Birr Urban, Offaly",3643,457
Offaly,2ae19629-1a41-13a3-e055-000000000001,"Bracknagh, Offaly",865,148
Offaly,2ae19629-1a42-13a3-e055-000000000001,"Broughal, Offaly",92,15
Offaly,2ae19629-1a4e-13a3-e055-000000000001,"Cangort, Offaly",148,22
Offaly,2ae19629-1a4f-13a3-e055-000000000001,"Cappancur, Offaly",1228,186
Offaly,2ae19629-1a50-13a3-e055-000000000001,"Clara, Offaly",3183,501
Offaly,2ae19629-1a51-13a3-e055-000000000001,"Cloghan, Offaly",788,123
Offaly,2ae19629-1a5c-13a3-e055-000000000001,"Clonbulloge, Offaly",620,104
Offaly,2ae19629-1a5d-13a3-e055-000000000001,"Clonmacnoise, Offaly",261,45
Offaly,2ae19629-1a5e-13a3-e055-000000000001,"Clonmore, Offaly",370,58
Offaly,2ae19629-1a5f-13a3-e055-000000000001,"Clonygowan, Offaly",510,79
Offaly,2ae19629-1a68-13a3-e055-000000000001,"Croghan, Offaly",432,83
Offaly,2ae19629-1a69-13a3-e055-000000000001,"Cullenwaine, Offaly",588,90
Offaly,2ae19629-1a6a-13a3-e055-000000000001,"Daingean, Offaly",1175,185
Offaly,2ae19629-1a73-13a3-e055-000000000001,"Derrinboy, Offaly",253,47
Offaly,2ae19629-1a74-13a3-e055-000000000001,"Derryad, Offaly",208,43
Offaly,2ae19629-1a75-13a3-e055-000000000001,"Derrycooly, Offaly",223,46
Offaly,2ae19629-1a76-13a3-e055-000000000001,"Doon, Offaly",399,66
Offaly,2ae19629-1a81-13a3-e055-000000000001,"Dromoyle, Offaly",247,47
Offaly,2ae19629-1a82-13a3-e055-000000000001,"Drumcullen, Offaly",302,37
Offaly,2ae19629-1a83-13a3-e055-000000000001,"Dunkerrin, Offaly",293,47
Offaly,2ae19629-1a8e-13a3-e055-000000000001,"Durrow, Offaly",593,120
Offaly,2ae19629-1a8f-13a3-e055-000000000001,"Edenderry Rural, Offaly",687,110
Offaly,2ae19629-1a90-13a3-e055-000000000001,"Edenderry Urban, Offaly",5541,760
Offaly,2ae19629-1a91-13a3-e055-000000000001,"Eglish, Offaly",125,20
Offaly,67112637-b544-4b5c-b9fa-02e36d6f26b7,"Esker/Ballaghassaan, Offaly",369,57
Offaly,2ae19629-1a9a-13a3-e055-000000000001,"Ettagh, Offaly",392,78
Offaly,2ae19629-1a9b-13a3-e055-000000000001,"Ferbane, Offaly",990,148
Offaly,2ae19629-1aa4-13a3-e055-000000000001,"Gallen, Offaly",474,63
Offaly,2ae19629-1aa5-13a3-e055-000000000001,"Geashill, Offaly",1228,202
Offaly,2ae19629-1aa6-13a3-e055-000000000001,"Gorteen, Offaly, 187043",222,35
Offaly,2ae19629-1aae-13a3-e055-000000000001,"Gorteen, Offaly, 187044",268,48
Offaly,2ae19629-1aaf-13a3-e055-000000000001,"Hammerlane, Offaly",451,74
Offaly,2ae19629-1ab0-13a3-e055-000000000001,"Hinds, Offaly",287,43
Offaly,2ae19629-1ab1-13a3-e055-000000000001,"Huntston, Offaly",289,46
Offaly,2ae19629-1ab9-13a3-e055-000000000001,"Kilclonfert, Offaly",295,45
Offaly,2ae19629-1aba-13a3-e055-000000000001,"Kilcolman, Offaly",297,48
Offaly,2ae19629-1abb-13a3-e055-000000000001,"Kilcormac, Offaly",1107,188
Offaly,2ae19629-1ac6-13a3-e055-000000000001,"Kilcumreragh, Offaly",406,65
Offaly,2ae19629-1ac7-13a3-e055-000000000001,"Killeigh, Offaly",990,184
Offaly,2ae19629-1ac8-13a3-e055-000000000001,"Killooly, Offaly",205,41
Offaly,2ae19629-1ad1-13a3-e055-000000000001,"Killoughy, Offaly",572,86
Offaly,2ae19629-1ad2-13a3-e055-000000000001,"Killyon, Offaly",207,33
Offaly,2ae19629-1ad3-13a3-e055-000000000001,"Kinnitty, Offaly",442,62
Offaly,2ae19629-1ad4-13a3-e055-000000000001,"Knockbarron, Offaly",145,26
Offaly,2ae19629-1ade-13a3-e055-000000000001,"Knockdrin, Offaly",144,30
Offaly,2ae19629-1adf-13a3-e055-000000000001,"Lea, Offaly",274,47
Offaly,2ae19629-1ae0-13a3-e055-000000000001,"Letter, Offaly",122,27
Offaly,2ae19629-1ae1-13a3-e055-000000000001,"Lumcloon, Offaly",295,47
Offaly,2ae19629-1aec-13a3-e055-000000000001,"Lusmagh, Offaly",426,74
Offaly,2ae19629-1aed-13a3-e055-000000000001,"Monasteroris, Offaly",702,144
Offaly,2ae19629-1aee-13a3-e055-000000000001,"Mountbriscoe, Offaly",196,45
Offaly,2ae19629-1af8-13a3-e055-000000000001,"Mounterin, Offaly",202,36
Offaly,2ae19629-1af9-13a3-e055-000000000001,"Mountheaton, Offaly",424,57
Offaly,2ae19629-1afa-13a3-e055-000000000001,"Moyclare, Offaly",483,86
Offaly,2ae19629-1afb-13a3-e055-000000000001,"O'dempsey, Offaly",116,26
Offaly,2ae19629-1a43-13a3-e055-000000000001,"Portarlington North, Offaly",1920,286
Offaly,2ae19629-1a44-13a3-e055-000000000001,"Rahan, Offaly",554,114
Offaly,2ae19629-1a45-13a3-e055-000000000001,"Raheenakeeran, Offaly",324,33
Offaly,2ae19629-1a46-13a3-e055-000000000001,"Rathfeston, Offaly",346,57
Offaly,2ae19629-1a52-13a3-e055-000000000001,"Rathrobin, Offaly",341,58
Offaly,2ae19629-1a53-13a3-e055-000000000001,"Roscomroe, Offaly",120,25
Offaly,2ae19629-1a54-13a3-e055-000000000001,"Screggan, Offaly",1126,195
Offaly,2ae19629-1a60-13a3-e055-000000000001,"Seirkieran, Offaly",392,86
Offaly,2ae19629-1a61-13a3-e055-000000000001,"Shannonbridge, Offaly",223,19
Offaly,2ae19629-1a62-13a3-e055-000000000001,"Shannonharbour, Offaly",288,44
Offaly,2ae19629-1a6b-13a3-e055-000000000001,"Shinrone, Offaly",795,97
Offaly,2ae19629-1a6c-13a3-e055-000000000001,"Silverbrook, Offaly",606,104
Offaly,2ae19629-1a6d-13a3-e055-000000000001,"Srah, Offaly",553,108
Offaly,2ae19629-1a77-13a3-e055-000000000001,"Templeharry, Offaly",163,18
Offaly,2ae19629-1a78-13a3-e055-000000000001,"Tinamuck, Offaly",218,35
Offaly,2ae19629-1a79-13a3-e055-000000000001,"Tinnycross, Offaly",342,56
Offaly,2ae19629-1a7a-13a3-e055-000000000001,"Tulla, Offaly",83,20
Offaly,2ae19629-1a84-13a3-e055-000000000001,"Tullamore Rural, Offaly",2513,282
Offaly,2ae19629-1a85-13a3-e055-000000000001,"Tullamore Urban, Offaly",9207,1166
Longford-Westmeath,2ae19629-1bc1-13a3-e055-000000000001,"Ardnaglew, Westmeath",234,37
Longford-Westmeath,2ae19629-1bca-13a3-e055-000000000001,"Ardnagragh, Westmeath",372,66
Longford-Westmeath,2ae19629-1bcc-13a3-e055-000000000001,"Athlone East Rural, Westmeath",6106,672
Longford-Westmeath,2ae19629-1bcb-13a3-e055-000000000001,"Athlone East Urban, Westmeath",3900,284
Longford-Westmeath,2ae19629-1bcd-13a3-e055-000000000001,"Athlone West Urban, Westmeath",2754,276
Longford-Westmeath,2ae19629-1bce-13a3-e055-000000000001,"Auburn, Westmeath",597,79
Longford-Westmeath,2ae19629-1bda-13a3-e055-000000000001,"Ballinalack, Westmeath",314,41
Longford-Westmeath,2ae19629-1bdb-13a3-e055-000000000001,"Ballinlough, Westmeath",144,16
Longford-Westmeath,2ae19629-1aff-13a3-e055-000000000001,"Ballybroder, Westmeath",189,41
Longford-Westmeath,2ae19629-1b00-13a3-e055-000000000001,"Ballyhealy, Westmeath",265,46
Longford-Westmeath,2ae19629-1b01-13a3-e055-000000000001,"Ballykilmore, Westmeath",575,82
Longford-Westmeath,2ae19629-1b02-13a3-e055-000000000001,"Ballymore, Westmeath",530,80
Longford-Westmeath,2ae19629-1bdc-13a3-e055-000000000001,"Ballymorin, Westmeath",291,50
Longford-Westmeath,2ae19629-1b24-13a3-e055-000000000001,"Ballynagore, Westmeath",424,62
Longford-Westmeath,2ae19629-1b25-13a3-e055-000000000001,"Ballynaskeagh, Westmeath",225,41
Longford-Westmeath,2ae19629-1b26-13a3-e055-000000000001,"Bellanalack, Westmeath",437,70
Longford-Westmeath,2ae19629-1b27-13a3-e055-000000000001,"Belvidere, Westmeath",659,86
Longford-Westmeath,2ae19629-1b31-13a3-e055-000000000001,"Boherquill, Westmeath",120,16
Longford-Westmeath,2ae19629-1b32-13a3-e055-000000000001,"Bracklin, Westmeath",211,32
Longford-Westmeath,2ae19629-1b33-13a3-e055-000000000001,"Carn, Westmeath",631,128
Longford-Westmeath,2ae19629-1b34-13a3-e055-000000000001,"Carrick, Westmeath",270,39
Longford-Westmeath,2ae19629-1b40-13a3-e055-000000000001,"Castle, Westmeath",839,86
Longford-Westmeath,2ae19629-1b41-13a3-e055-000000000001,"Castledaly, Westmeath",569,90
Longford-Westmeath,2ae19629-1b42-13a3-e055-000000000001,"Castlelost, Westmeath",1291,242
Longford-Westmeath,2ae19629-1b4c-13a3-e055-000000000001,"Castletown, Westmeath",610,102
Longford-Westmeath,2ae19629-1b4d-13a3-e055-000000000001,"Churchtown, Westmeath",254,50
Longford-Westmeath,2ae19629-1b57-13a3-e055-000000000001,"Cloghan, Westmeath",272,50
Longford-Westmeath,2ae19629-1b58-13a3-e055-000000000001,"Clonarney, Westmeath",386,66
Longford-Westmeath,2ae19629-1b59-13a3-e055-000000000001,"Clonfad, Westmeath",556,80
Longford-Westmeath,2ae19629-1b64-13a3-e055-000000000001,"Clonlost, Westmeath",370,73
Longford-Westmeath,2ae19629-1b65-13a3-e055-000000000001,"Collinstown, Westmeath",438,44
Longford-Westmeath,2ae19629-1b66-13a3-e055-000000000001,"Coole, Westmeath",202,33
Longford-Westmeath,2ae19629-1b67-13a3-e055-000000000001,"Coolure, Westmeath",265,31
Longford-Westmeath,2ae19629-1b71-13a3-e055-000000000001,"Copperalley, Westmeath",212,25
Longford-Westmeath,2ae19629-1b72-13a3-e055-000000000001,"Delvin, Westmeath",814,133
Longford-Westmeath,2ae19629-1b73-13a3-e055-000000000001,"Derrymore, Westmeath",195,29
Longford-Westmeath,2ae19629-1b74-13a3-e055-000000000001,"Doonis, Westmeath",195,33
Longford-Westmeath,2ae19629-1b83-13a3-e055-000000000001,"Drumraney, Westmeath",202,39
Longford-Westmeath,2ae19629-1b84-13a3-e055-000000000001,"Dysart, Westmeath",221,49
Longford-Westmeath,2ae19629-1b85-13a3-e055-000000000001,"Emper, Westmeath",166,30
Longford-Westmeath,2ae19629-1b86-13a3-e055-000000000001,"Enniscoffey, Westmeath",321,60
Longford-Westmeath,2ae19629-1b97-13a3-e055-000000000001,"Faughalstown, Westmeath",219,30
Longford-Westmeath,2ae19629-1b98-13a3-e055-000000000001,"Finnea, Westmeath",205,40
Longford-Westmeath,2ae19629-1b99-13a3-e055-000000000001,"Fore East, Westmeath",338,57
Longford-Westmeath,2ae19629-1bb0-13a3-e055-000000000001,"Fore West, Westmeath",310,54
Longford-Westmeath,2ae19629-1bb1-13a3-e055-000000000001,"Gaybrook, Westmeath",310,65
Longford-Westmeath,2ae19629-1bb2-13a3-e055-000000000001,"Glassan, Westmeath",715,85
Longford-Westmeath,2ae19629-1bc2-13a3-e055-000000000001,"Glenlough, Westmeath",137,19
Longford-Westmeath,2ae19629-1bc3-13a3-e055-000000000001,"Glore, Westmeath",143,22
Longford-Westmeath,2ae19629-1bc4-13a3-e055-000000000001,"Greenpark, Westmeath",217,38
Longford-Westmeath,2ae19629-1bcf-13a3-e055-000000000001,"Griffinstown, Westmeath",458,83
Longford-Westmeath,2ae19629-1bd0-13a3-e055-000000000001,"Heathstown, Westmeath",568,92
Longford-Westmeath,2ae19629-1bd1-13a3-e055-000000000001,"Hilltown, Westmeath",205,21
Longford-Westmeath,2ae19629-1bdd-13a3-e055-000000000001,"Hopestown, Westmeath",454,78
Longford-Westmeath,2ae19629-1bde-13a3-e055-000000000001,"Huntingdon, Westmeath",327,57
Longford-Westmeath,2ae19629-1bdf-13a3-e055-000000000001,"Jamestown, Westmeath",127,15
Longford-Westmeath,2ae19629-1b03-13a3-e055-000000000001,"Kilbeggan, Westmeath",1414,170
Longford-Westmeath,2ae19629-1b04-13a3-e055-000000000001,"Kilbixy, Westmeath",471,72
Longford-Westmeath,2ae19629-1b05-13a3-e055-000000000001,"Kilcumny, Westmeath",172,15
Longford-Westmeath,2ae19629-1b0b-13a3-e055-000000000001,"Kilcumreragh, Westmeath",312,67
Longford-Westmeath,2ae19629-1b0c-13a3-e055-000000000001,"Killare, Westmeath",287,57
Longford-Westmeath,2ae19629-1b0d-13a3-e055-000000000001,"Killinure, Westmeath",363,44
Longford-Westmeath,2ae19629-1b18-13a3-e055-000000000001,"Killua, Westmeath",851,150
Longford-Westmeath,2ae19629-1b19-13a3-e055-000000000001,"Killucan, Westmeath",1510,196
Longford-Westmeath,2ae19629-1b1a-13a3-e055-000000000001,"Killulagh, Westmeath",352,60
Longford-Westmeath,2ae19629-1b0e-13a3-e055-000000000001,"Kilpatrick, Westmeath",177,28
Longford-Westmeath,2ae19629-1b0f-13a3-e055-000000000001,"Kinnegad, Westmeath",2321,356
Longford-Westmeath,2ae19629-1b10-13a3-e055-000000000001,"Kinturk, Westmeath",1123,152
Longford-Westmeath,2ae19629-1b11-13a3-e055-000000000001,"Knockarrow, Westmeath",86,8
Longford-Westmeath,2ae19629-1b1b-13a3-e055-000000000001,"Knockdrin, Westmeath",457,72
Longford-Westmeath,2ae19629-1b1c-13a3-e055-000000000001,"Lackan, Westmeath",70,7
Longford-Westmeath,2ae19629-1b1d-13a3-e055-000000000001,"Lauree, Westmeath",163,25
Longford-Westmeath,2ae19629-1b28-13a3-e055-000000000001,"Middleton, Westmeath",283,31
Longford-Westmeath,2ae19629-1bd2-13a3-e055-000000000001,"Milltown, Westmeath",246,56
Longford-Westmeath,2ae19629-1b29-13a3-e055-000000000001,"Moate, Westmeath",2646,299
Longford-Westmeath,2ae19629-1b2a-13a3-e055-000000000001,"Mount Temple, Westmeath",535,80
Longford-Westmeath,2ae19629-1b35-13a3-e055-000000000001,"Moydrum, Westmeath",2309,324
Longford-Westmeath,2ae19629-1b36-13a3-e055-000000000001,"Muckanagh, Westmeath",139,22
Longford-Westmeath,2ae19629-1b9e-13a3-e055-000000000001,"Mullingar North Urban, Westmeath",4400,553
Longford-Westmeath,2ae19629-1b37-13a3-e055-000000000001,"Mullingar Rural, Westmeath",8317,1109
Longford-Westmeath,2ae19629-1b43-13a3-e055-000000000001,"Mullingar South Urban, Westmeath",3849,331
Longford-Westmeath,2ae19629-1b44-13a3-e055-000000000001,"Multyfarnham, Westmeath",516,48
Longford-Westmeath,2ae19629-1b45-13a3-e055-000000000001,"Newtown, Westmeath",193,28
Longford-Westmeath,2ae19629-1b46-13a3-e055-000000000001,"Noughaval, Westmeath",300,61
Longford-Westmeath,2ae19629-1b4e-13a3-e055-000000000001,"Owel, Westmeath",378,59
Longford-Westmeath,2ae19629-1b4f-13a3-e055-000000000001,"Piercetown, Westmeath",102,18
Longford-Westmeath,2ae19629-1b50-13a3-e055-000000000001,"Portloman, Westmeath",258,48
Longford-Westmeath,2ae19629-1b51-13a3-e055-000000000001,"Raharney, Westmeath",397,86
Longford-Westmeath,2ae19629-1b5a-13a3-e055-000000000001,"Rahugh, Westmeath",255,41
Longford-Westmeath,2ae19629-1b5b-13a3-e055-000000000001,"Rathconrath, Westmeath",303,54
Longford-Westmeath,2ae19629-1b5c-13a3-e055-000000000001,"Rathowen, Westmeath",296,49
Longford-Westmeath,2ae19629-1b5d-13a3-e055-000000000001,"Riverdale, Westmeath",376,68
Longford-Westmeath,2ae19629-1b68-13a3-e055-000000000001,"Rosmead, Westmeath",253,44
Longford-Westmeath,2ae19629-1b69-13a3-e055-000000000001,"Russellstown, Westmeath",392,74
Longford-Westmeath,2ae19629-1b6a-13a3-e055-000000000001,"Skeagh, Westmeath",194,19
Longford-Westmeath,2ae19629-1b6b-13a3-e055-000000000001,"Sonna, Westmeath",261,50
Longford-Westmeath,2ae19629-1b75-13a3-e055-000000000001,"Stonehall, Westmeath",171,26
Longford-Westmeath,2ae19629-1b76-13a3-e055-000000000001,"Streamstown, Westmeath",395,41
Longford-Westmeath,2ae19629-1b77-13a3-e055-000000000001,"Street, Westmeath",219,27
Longford-Westmeath,2ae19629-1b87-13a3-e055-000000000001,"Taghmon, Westmeath",332,49
Longford-Westmeath,2ae19629-1b88-13a3-e055-000000000001,"Templepatrick, Westmeath",156,25
Longford-Westmeath,2ae19629-1b89-13a3-e055-000000000001,"Tubbrit, Westmeath",557,99
Longford-Westmeath,2ae19629-1b9a-13a3-e055-000000000001,"Tullaghan, Westmeath",319,58
Longford-Westmeath,2ae19629-1b9b-13a3-e055-000000000001,"Umma, Westmeath",231,49
Longford-Westmeath,2ae19629-1b9c-13a3-e055-000000000001,"Winetown, Westmeath",109,21
Longford-Westmeath,2ae19629-1b9d-13a3-e055-000000000001,"Woodland, Westmeath",229,43
Wexford,2ae19629-1bb3-13a3-e055-000000000001,"Adamstown, Wexford",476,61
Wicklow-Wexford,2ae19629-1bb4-13a3-e055-000000000001,"Ardamine, Wexford",3277,389
Wexford,2ae19629-1bc5-13a3-e055-000000000001,"Ardcavan, Wexford",2292,306
Wexford,2ae19629-1bc6-13a3-e055-000000000001,"Ardcolm, Wexford",752,102
Wexford,2ae19629-1bd3-13a3-e055-000000000001,"Artramon, Wexford",641,96
Wexford,2ae19629-1bd4-13a3-e055-000000000001,"Aughwilliam, Wexford",425,54
Wicklow-Wexford,2ae19629-1bd5-13a3-e055-000000000001,"Ballindaggan, Wexford",598,86
Wicklow-Wexford,2ae19629-1e4d-13a3-e055-000000000001,"Balloughter, Wexford",420,69
Wexford,2ae19629-1be0-13a3-e055-000000000001,"Ballyanne, Wexford",586,89
Wicklow-Wexford,2ae19629-1be1-13a3-e055-000000000001,"Ballybeg, Wexford",451,68
Wicklow-Wexford,2ae19629-1be2-13a3-e055-000000000001,"Ballycanew, Wexford",922,127
Wicklow-Wexford,2ae19629-1b06-13a3-e055-000000000001,"Ballycarney, Wexford",371,63
Wicklow-Wexford,2ae19629-1b07-13a3-e055-000000000001,"Ballyellis, Wexford",326,47
Wicklow-Wexford,2ae19629-1b08-13a3-e055-000000000001,"Ballygarrett, Wexford",692,110
Wexford,2ae19629-1b12-13a3-e055-000000000001,"Ballyhack, Wexford",1092,156
Wexford,2ae19629-1b13-13a3-e055-000000000001,"Ballyhoge, Wexford",1000,171
Wexford,2ae19629-1b14-13a3-e055-000000000001,"Ballyhuskard, Wexford",1260,203
Wicklow-Wexford,2ae19629-1e40-13a3-e055-000000000001,"Ballylarkin, Wexford",723,127
Wexford,2ae19629-1e41-13a3-e055-000000000001,"Ballymitty, Wexford",449,66
Wicklow-Wexford,2ae19629-1e4b-13a3-e055-000000000001,"Ballymore, Wexford",380,55
Wicklow-Wexford,2ae19629-1e4c-13a3-e055-000000000001,"Ballynestragh, Wexford",956,154
Wexford,2ae19629-1e56-13a3-e055-000000000001,"Ballyvaldon, Wexford",634,103
Wexford,2ae19629-1e57-13a3-e055-000000000001,"Bannow, Wexford",1005,144
Wexford,2ae19629-1e58-13a3-e055-000000000001,"Barrack Village, Wexford",81,16
Wexford,2ae19629-1e62-13a3-e055-000000000001,"Barronstown, Wexford",476,72
Wexford,2ae19629-1e63-13a3-e055-000000000001,"Bolaboy, Wexford",921,135
Wexford,2ae19629-1e64-13a3-e055-000000000001,"Bree, Wexford",1101,154
Wexford,2ae19629-1e6e-13a3-e055-000000000001,"Bridgetown, Wexford",696,110
Wicklow-Wexford,2ae19629-1e6f-13a3-e055-000000000001,"Cahore, Wexford",376,50
Wexford,2ae19629-1e70-13a3-e055-000000000001,"Carnagh, Wexford",414,62
Wexford,2ae19629-1e7a-13a3-e055-000000000001,"Carrick, Wexford",1401,198
Wexford,2ae19629-1e7b-13a3-e055-000000000001,"Carrickbyrne, Wexford",474,79
Wexford,2ae19629-1e7c-13a3-e055-000000000001,"Castle Ellis, Wexford",990,164
Wexford,2ae19629-1e87-13a3-e055-000000000001,"Castle Talbot, Wexford",740,101
Wexford,2ae19629-1e86-13a3-e055-000000000001,"Castleboro, Wexford",709,99
Wicklow-Wexford,2ae19629-1e7f-13a3-e055-000000000001,"Castledockrell, Wexford",370,54
Wexford,2ae19629-1e88-13a3-e055-000000000001,"Clongeen, Wexford",755,126
Wexford,2ae19629-1e89-13a3-e055-000000000001,"Clonleigh, Wexford",347,63
Wexford,2ae19629-1e93-13a3-e055-000000000001,"Clonroche, Wexford",982,153
Wicklow-Wexford,2ae19629-1e94-13a3-e055-000000000001,"Coolgreany, Wexford",901,143
Wicklow-Wexford,2ae19629-1e9d-13a3-e055-000000000001,"Courtown, Wexford",2401,318
Wexford,2ae19629-1e9e-13a3-e055-000000000001,"Drinagh, Wexford",891,161
Wexford,2ae19629-1ea9-13a3-e055-000000000001,"Duncormick, Wexford",480,62
Wexford,2ae19629-1eaa-13a3-e055-000000000001,"Dunmain, Wexford",236,32
Wexford,2ae19629-1eab-13a3-e055-000000000001,"Edermine, Wexford",1214,198
Wexford,2ae19629-1eb7-13a3-e055-000000000001,"Enniscorthy Rural, Wexford",8123,1101
Wexford,2ae19629-1eb8-13a3-e055-000000000001,"Enniscorthy Urban, Wexford",2234,224
Wicklow-Wexford,2ae19629-1eb9-13a3-e055-000000000001,"Ferns, Wexford",1224,177
Wexford,2ae19629-1eba-13a3-e055-000000000001,"Fethard, Wexford",778,114
Wicklow-Wexford,2ae19629-1ec5-13a3-e055-000000000001,"Ford, Wexford",542,60
Wexford,2ae19629-1ec6-13a3-e055-000000000001,"Forth, Wexford",697,125
Wexford,2ae19629-1ec7-13a3-e055-000000000001,"Glynn, Wexford",447,71
Wicklow-Wexford,2ae19629-1ed5-13a3-e055-000000000001,"Gorey Rural, Wexford",5853,793
Wicklow-Wexford,2ae19629-1ed6-13a3-e055-000000000001,"Gorey Urban, Wexford",3010,382
Wexford,2ae19629-1ed7-13a3-e055-000000000001,"Harperstown, Wexford",418,70
Wexford,2ae19629-1ee3-13a3-e055-000000000001,"Harristown, Wexford",434,59
Wexford,2ae19629-1ee4-13a3-e055-000000000001,"Horetown, Wexford",478,78
Wicklow-Wexford,2ae19629-1ee5-13a3-e055-000000000001,"Huntingtown, Wexford",257,34
Wexford,2ae19629-1e2b-13a3-e055-000000000001,"Inch, Wexford",435,61
Wicklow-Wexford,2ae19629-1e2c-13a3-e055-000000000001,"Kilbora, Wexford",330,56
Wexford,2ae19629-1e2d-13a3-e055-000000000001,"Kilbride, Wexford",255,40
Wicklow-Wexford,2ae19629-1e2e-13a3-e055-000000000001,"Kilcomb, Wexford",905,160
Wicklow-Wexford,2ae19629-1e39-13a3-e055-000000000001,"Kilcormick, Wexford",534,94
Wexford,2ae19629-1e3a-13a3-e055-000000000001,"Kilcowan, Wexford",429,70
Wexford,2ae19629-1e3b-13a3-e055-000000000001,"Kilgarvan, Wexford",297,51
Wicklow-Wexford,2ae19629-1e42-13a3-e055-000000000001,"Kilgorman, Wexford",655,103
Wexford,2ae19629-1e43-13a3-e055-000000000001,"Killag, Wexford",388,67
Wexford,2ae19629-1e4e-13a3-e055-000000000001,"Killann, Wexford",815,114
Wicklow-Wexford,2ae19629-1e4f-13a3-e055-000000000001,"Killenagh, Wexford",478,73
Wexford,2ae19629-1e59-13a3-e055-000000000001,"Killesk, Wexford",586,74
Wicklow-Wexford,2ae19629-1e5a-13a3-e055-000000000001,"Killincooly, Wexford",484,70
Wexford,2ae19629-1e65-13a3-e055-000000000001,"Killinick, Wexford",744,95
Wexford,2ae19629-1e66-13a3-e055-000000000001,"Killoughrum, Wexford",680,110
Wexford,2ae19629-1e71-13a3-e055-000000000001,"Killurin, Wexford",550,86
Wexford,2ae19629-1e72-13a3-e055-000000000001,"Kilmallock, Wexford",1127,182
Wexford,2ae19629-1e73-13a3-e055-000000000001,"Kilmokea, Wexford",693,129
Wexford,2ae19629-1e74-13a3-e055-000000000001,"Kilmore, Wexford",1881,256
Wicklow-Wexford,2ae19629-1e7d-13a3-e055-000000000001,"Kilnahue, Wexford",364,56
Wexford,2ae19629-1e7e-13a3-e055-000000000001,"Kilpatrick, Wexford",633,81
Wicklow-Wexford,2ae19629-1e80-13a3-e055-000000000001,"Kilrush, Wexford",387,79
Wexford,2ae19629-1e8a-13a3-e055-000000000001,"Kilscoran, Wexford",826,103
Wexford,2ae19629-1e8b-13a3-e055-000000000001,"Kiltealy, Wexford",396,49
Wexford,2ae19629-1e8c-13a3-e055-000000000001,"Lady's Island, Wexford",509,58
Wicklow-Wexford,2ae19629-1e95-13a3-e055-000000000001,"Limerick, Wexford",734,106
Wexford,2ae19629-1e96-13a3-e055-000000000001,"Marshalstown, Wexford",860,138
Wexford,2ae19629-1e97-13a3-e055-000000000001,"Mayglass, Wexford",427,60
Wicklow-Wexford,2ae19629-1e9f-13a3-e055-000000000001,"Monamolin, Wexford",659,112
Wicklow-Wexford,2ae19629-1ea0-13a3-e055-000000000001,"Monaseed, Wexford",525,101
Wicklow-Wexford,2ae19629-1ea1-13a3-e055-000000000001,"Moyacomb, Wexford",359,47
Wexford,2ae19629-1ea2-13a3-e055-000000000001,"New Ross Rural, Wexford",3031,403
Wexford,2ae19629-1eac-13a3-e055-000000000001,"New Ross Urban, Wexford",3244,395
Wexford,2ae19629-1ead-13a3-e055-000000000001,"Newbawn, Wexford",464,78
Wexford,2ae19629-1eae-13a3-e055-000000000001,"Newcastle, Wexford",400,60
Wicklow-Wexford,2ae19629-1eaf-13a3-e055-000000000001,"Newtownbarry, Wexford",1906,269
Wexford,2ae19629-1ebb-13a3-e055-000000000001,"Old Ross, Wexford",353,48
Wexford,2ae19629-1eb0-13a3-e055-000000000001,"Oldcourt, Wexford",563,103
Wexford,2ae19629-1ebc-13a3-e055-000000000001,"Rathaspick, Wexford",1394,226
Wexford,2ae19629-1ebd-13a3-e055-000000000001,"Rathroe, Wexford",710,100
Wexford,2ae19629-1ec8-13a3-e055-000000000001,"Rochestown, Wexford",185,25
Wexford,2ae19629-1ec9-13a3-e055-000000000001,"Rosbercon Urban, Wexford",576,52
Wicklow-Wexford,2ae19629-1eca-13a3-e055-000000000001,"Rossard, Wexford",375,58
Wexford,2ae19629-1ecb-13a3-e055-000000000001,"Rosslare, Wexford",1719,159
Wicklow-Wexford,2ae19629-1ecc-13a3-e055-000000000001,"Rossminoge, Wexford",500,92
Wexford,2ae19629-1ecd-13a3-e055-000000000001,"St. Helen's, Wexford",2056,196
Wicklow-Wexford,2ae19629-1ed8-13a3-e055-000000000001,"St. Mary's, Wexford",588,90
Wexford,2ae19629-1ed9-13a3-e055-000000000001,"Tacumshin, Wexford",409,63
Wexford,2ae19629-1eda-13a3-e055-000000000001,"Taghmon, Wexford",893,139
Wexford,2ae19629-1ee6-13a3-e055-000000000001,"Templeludigan, Wexford",351,55
Wexford,2ae19629-1ee7-13a3-e055-000000000001,"Templetown, Wexford",647,71
Wicklow-Wexford,2ae19629-1ee8-13a3-e055-000000000001,"The Harrow, Wexford",394,69
Wexford,2ae19629-1ee9-13a3-e055-000000000001,"The Leap, Wexford",789,145
Wicklow-Wexford,2ae19629-1e2f-13a3-e055-000000000001,"Tinnacross, Wexford",766,122
Wexford,2ae19629-1e30-13a3-e055-000000000001,"Tintern, Wexford",1324,178
Wicklow-Wexford,2ae19629-1e3c-13a3-e055-000000000001,"Tombrack, Wexford",627,77
Wexford,2ae19629-1e3d-13a3-e055-000000000001,"Tomhaggard, Wexford",445,81
Wicklow-Wexford,2ae19629-1e44-13a3-e055-000000000001,"Wells, Wexford",673,123
Wexford,2ae19629-1e46-13a3-e055-000000000001,"Wexford No. 1 Urban, Wexford",1470,108
Wexford,2ae19629-1e5d-13a3-e055-000000000001,"Wexford No. 2 Urban, Wexford",3543,464
Wexford,2ae19629-1e5c-13a3-e055-000000000001,"Wexford No. 3 Urban, Wexford",1152,79
Wexford,2ae19629-1e45-13a3-e055-000000000001,"Wexford Rural, Wexford",10721,1360
Wexford,2ae19629-1e50-13a3-e055-000000000001,"Whitechurch, Wexford, 247119",398,54
Wexford,2ae19629-1e51-13a3-e055-000000000001,"Whitechurch, Wexford, 247120",505,89
Wexford,2ae19629-1e52-13a3-e055-000000000001,"Whitemoor, Wexford",456,80
Wicklow-Wexford,2ae19629-1e5b-13a3-e055-000000000001,"Wingfield, Wexford",754,129
Wicklow-Wexford,2ae19629-1e5e-13a3-e055-000000000001,"Aghowle, Wicklow",192,21
Wicklow,2ae19629-1e67-13a3-e055-000000000001,"Altidore, Wicklow",289,30
Wicklow-Wexford,2ae19629-1e69-13a3-e055-000000000001,"Arklow No. 1 Urban, Wicklow",7766,1168
Wicklow-Wexford,2ae19629-1ee1-13a3-e055-000000000001,"Arklow No. 2 Urban, Wicklow",2268,299
Wicklow-Wexford,2ae19629-1e68-13a3-e055-000000000001,"Arklow Rural, Wicklow",1049,144
Wicklow-Wexford,2ae19629-1e6a-13a3-e055-000000000001,"Aughrim, Wicklow",1445,177
Wicklow-Wexford,2ae19629-1e6b-13a3-e055-000000000001,"Ballinaclash, Wicklow",516,83
Wicklow-Wexford,2ae19629-1e75-13a3-e055-000000000001,"Ballinacor, Wicklow",262,46
Wicklow-Wexford,2ae19629-1e76-13a3-e055-000000000001,"Ballinderry, Wicklow",371,49
Wicklow-Wexford,2ae19629-1e77-13a3-e055-000000000001,"Ballingate, Wicklow",326,57
Wicklow-Wexford,2ae19629-1e81-13a3-e055-000000000001,"Ballinglen, Wicklow",184,36
Wicklow,2ae19629-1e82-13a3-e055-000000000001,"Ballinguile, Wicklow",122,24
Wicklow-Wexford,2ae19629-1e83-13a3-e055-000000000001,"Ballyarthur, Wicklow",857,117
Wicklow-Wexford,2ae19629-1e8d-13a3-e055-000000000001,"Ballybeg, Wicklow",172,30
Wicklow,2ae19629-1e8e-13a3-e055-000000000001,"Ballycullen, Wicklow",266,23
Wicklow,2ae19629-1e8f-13a3-e055-000000000001,"Baltinglass, Wicklow",2301,329
Wicklow,2ae19629-1e98-13a3-e055-000000000001,"Blessington, Wicklow",3402,543
Wicklow,2ae19629-1ee2-13a3-e055-000000000001,"Bray No. 1, Wicklow",1474,178
Wicklow,2ae19629-1eed-13a3-e055-000000000001,"Bray No. 2, Wicklow",5568,546
Wicklow,2ae19629-1e99-13a3-e055-000000000001,"Bray No. 3, Wicklow",5337,761
Wicklow,2ae19629-1ea3-13a3-e055-000000000001,"Brockagh, Wicklow",608,74
Wicklow,2ae19629-1ea4-13a3-e055-000000000001,"Burgage, Wicklow",1574,204
Wicklow,2ae19629-1eb1-13a3-e055-000000000001,"Calary, Wicklow",268,31
Wicklow-Wexford,2ae19629-1eb2-13a3-e055-000000000001,"Carnew, Wicklow",1403,206
Wicklow-Wexford,2ae19629-1eb3-13a3-e055-000000000001,"Coolattin, Wicklow",218,31
Wicklow,2ae19629-1ebe-13a3-e055-000000000001,"Coolballintaggart, Wicklow",388,66
Wicklow-Wexford,2ae19629-1ebf-13a3-e055-000000000001,"Coolboy, Wicklow",453,80
Wicklow-Wexford,2ae19629-1ec0-13a3-e055-000000000001,"Cronebane, Wicklow",426,63
Wicklow-Wexford,2ae19629-1ece-13a3-e055-000000000001,"Cronelea, Wicklow",149,21
Wicklow,2ae19629-1ecf-13a3-e055-000000000001,"Delgany, Wicklow",5403,705
Wicklow,2ae19629-1ed0-13a3-e055-000000000001,"Donaghmore, Wicklow",331,54
Wicklow,2ae19629-1ed1-13a3-e055-000000000001,"Donard, Wicklow",427,68
Wicklow-Wexford,2ae19629-1edb-13a3-e055-000000000001,"Dunganstown East, Wicklow",728,89
Wicklow-Wexford,2ae19629-1edc-13a3-e055-000000000001,"Dunganstown South, Wicklow",729,123
Wicklow-Wexford,2ae19629-1eea-13a3-e055-000000000001,"Dunganstown West, Wicklow",384,66
Wicklow,2ae19629-1eeb-13a3-e055-000000000001,"Dunlavin, Wicklow",1155,188
Wicklow,2ae19629-1eec-13a3-e055-000000000001,"Eadestown, Wicklow",162,27
Wicklow-Wexford,2ae19629-1e31-13a3-e055-000000000001,"Ennereilly, Wicklow",361,52
Wicklow,2ae19629-1e32-13a3-e055-000000000001,"Enniskerry, Wicklow",2483,402
Wicklow,2ae19629-1e3e-13a3-e055-000000000001,"Glendalough, Wicklow",238,31
Wicklow,2ae19629-1e3f-13a3-e055-000000000001,"Glenealy, Wicklow",2180,369
Wicklow,2ae19629-1e47-13a3-e055-000000000001,"Greystones, Wicklow",6318,895
Wicklow,2ae19629-1e48-13a3-e055-000000000001,"Hartstown, Wicklow",200,32
Wicklow,2ae19629-1e49-13a3-e055-000000000001,"Hollywood, Wicklow",614,109
Wicklow,2ae19629-1e4a-13a3-e055-000000000001,"Humewood, Wicklow",277,44
Wicklow,2ae19629-1e53-13a3-e055-000000000001,"Imael North, Wicklow",193,30
Wicklow,2ae19629-1e54-13a3-e055-000000000001,"Imael South, Wicklow",218,36
Wicklow-Wexford,2ae19629-1e55-13a3-e055-000000000001,"Kilballyowen, Wicklow",276,33
Wicklow,2ae19629-1e5f-13a3-e055-000000000001,"Kilbride, Wicklow, 257046",842,127
Wicklow-Wexford,2ae19629-1e60-13a3-e055-000000000001,"Kilbride, Wicklow, 257047",744,69
Wicklow,2ae19629-1e61-13a3-e055-000000000001,"Kilcoole, Wicklow",8554,1039
Wicklow-Wexford,2ae19629-1e6c-13a3-e055-000000000001,"Killinure, Wicklow",289,49
Wicklow,2ae19629-1e6d-13a3-e055-000000000001,"Killiskey, Wicklow",1205,143
Wicklow,2ae19629-1e78-13a3-e055-000000000001,"Kilmacanoge, Wicklow",11478,2059
Wicklow-Wexford,2ae19629-1e79-13a3-e055-000000000001,"Kilpipe, Wicklow",345,63
Wicklow,2ae19629-1e84-13a3-e055-000000000001,"Knockrath, Wicklow",191,31
Wicklow,2ae19629-1e85-13a3-e055-000000000001,"Lackan, Wicklow",635,94
Wicklow,2ae19629-1e90-13a3-e055-000000000001,"Lugglass, Wicklow",143,28
Wicklow-Wexford,2ae19629-1e91-13a3-e055-000000000001,"Money, Wicklow",122,16
Wicklow,2ae19629-1e92-13a3-e055-000000000001,"Moneystown, Wicklow",247,28
Wicklow,2ae19629-1e9a-13a3-e055-000000000001,"Newcastle Lower, Wicklow",1885,281
Wicklow,2ae19629-1e9b-13a3-e055-000000000001,"Newcastle Upper, Wicklow",3493,539
Wicklow,2ae19629-1e9c-13a3-e055-000000000001,"Oldtown, Wicklow",486,70
Wicklow-Wexford,2ae19629-1ea5-13a3-e055-000000000001,"Ovoca, Wicklow",593,94
Wicklow,2ae19629-1ea6-13a3-e055-000000000001,"Powerscourt, Wicklow",710,115
Wicklow-Wexford,2ae19629-1ea7-13a3-e055-000000000001,"Rath, Wicklow",220,31
Wicklow,2ae19629-1ea8-13a3-e055-000000000001,"Rathdangan, Wicklow",368,47
Wicklow-Wexford,2ae19629-1eb4-13a3-e055-000000000001,"Rathdrum, Wicklow",2338,312
Wicklow,2ae19629-1eee-13a3-e055-000000000001,"Rathmichael (Bray), Wicklow",1801,407
Wicklow,2ae19629-1eb5-13a3-e055-000000000001,"Rathsallagh, Wicklow",207,31
Wicklow-Wexford,2ae19629-1eb6-13a3-e055-000000000001,"Shillelagh, Wicklow",465,72
Wicklow,2ae19629-1ec1-13a3-e055-000000000001,"Stratford, Wicklow",352,51
Wicklow,2ae19629-1ec2-13a3-e055-000000000001,"Talbotstown, Wicklow",334,46
Wicklow,2ae19629-1ec3-13a3-e055-000000000001,"The Grange, Wicklow",363,56
Wicklow-Wexford,2ae19629-1ec4-13a3-e055-000000000001,"Tinahely, Wicklow",1200,150
Wicklow,2ae19629-1ed2-13a3-e055-000000000001,"Tober, Wicklow",374,79
Wicklow,2ae19629-1ed3-13a3-e055-000000000001,"Togher, Wicklow, 257073",279,39
Wicklow,2ae19629-1ed4-13a3-e055-000000000001,"Togher, Wicklow, 257074",1045,144
Wicklow,2ae19629-1edd-13a3-e055-000000000001,"Trooperstown, Wicklow",266,45
Wicklow,2ae19629-1ede-13a3-e055-000000000001,"Tuckmill, Wicklow",215,33
Wicklow,2ae19629-1edf-13a3-e055-000000000001,"Wicklow Rural, Wicklow",7145,1031
Wicklow,2ae19629-1ee0-13a3-e055-000000000001,"Wicklow Urban, Wicklow",5649,881
Clare,2ae19629-1fb1-13a3-e055-000000000001,"Abbey, Clare",434,56
Clare,2ae19629-1fba-13a3-e055-000000000001,"Annagh, Clare",399,58
Clare,2ae19629-1fbb-13a3-e055-000000000001,"Ayle, Clare",280,28
Clare,2ae19629-1fbc-13a3-e055-000000000001,"Ballagh, Clare",154,22
Clare,2ae19629-1fc3-13a3-e055-000000000001,"Ballyblood, Clare",115,15
Clare,2ae19629-1fc4-13a3-e055-000000000001,"Ballycannan, Clare",818,130
Clare,2ae19629-1fc5-13a3-e055-000000000001,"Ballyea, Clare",582,80
Clare,dbab8c3d-d659-4fa5-ad92-f90a6bf64249,"Ballyeighter/Glenroe, Clare",162,24
Clare,2ae19629-1fd0-13a3-e055-000000000001,"Ballyglass, Clare",4609,763
Clare,2ae19629-1fd1-13a3-e055-000000000001,"Ballynacally, Clare",186,40
Clare,2ae19629-1fd9-13a3-e055-000000000001,"Ballynahinch, Clare",196,29
Clare,2ae19629-1fda-13a3-e055-000000000001,"Ballysteen, Clare",327,36
Clare,2ae19629-1fdb-13a3-e055-000000000001,"Ballyvaskin, Clare",322,43
Clare,2ae19629-1fe3-13a3-e055-000000000001,"Boherglass, Clare",215,30
Clare,2ae19629-1fe4-13a3-e055-000000000001,"Boston, Clare",283,36
Clare,2ae19629-1fe5-13a3-e055-000000000001,"Caher, Clare",181,30
Clare,2ae19629-1fed-13a3-e055-000000000001,"Caherhurly, Clare",159,30
Clare,2ae19629-1fef-13a3-e055-000000000001,"Cahermurphy, Clare",174,28
Clare,d2d757ef-f2c3-4a10-b5f8-f976c6c78335,"Cahermurphy/Corlea, Clare",160,11
Clare,2ae19629-1ff7-13a3-e055-000000000001,"Cappaghabaun, Clare",162,12
Clare,2ae19629-1ff8-13a3-e055-000000000001,"Cappavilla, Clare",1032,47
Clare,2ae19629-1ff9-13a3-e055-000000000001,"Carran, Clare",118,10
Clare,2ae19629-2003-13a3-e055-000000000001,"Carrowbaun, Clare",115,14
Clare,2ae19629-2004-13a3-e055-000000000001,"Castlecrine, Clare",353,52
Clare,2ae19629-2005-13a3-e055-000000000001,"Castletown, Clare",52,6
Clare,2ae19629-2006-13a3-e055-000000000001,"Clareabbey, Clare",2628,328
Clare,2ae19629-200e-13a3-e055-000000000001,"Clenagh, Clare",8229,1150
Clare,2ae19629-200f-13a3-e055-000000000001,"Cloghaun, Clare",157,16
Clare,2ae19629-2018-13a3-e055-000000000001,"Cloghera, Clare",448,95
Clare,2ae19629-2019-13a3-e055-000000000001,"Clondagad, Clare",499,88
Clare,2ae19629-2021-13a3-e055-000000000001,"Cloonadrum, Clare",364,53
Clare,2ae19629-2022-13a3-e055-000000000001,"Cloonanaha, Clare",213,40
Clare,2ae19629-2029-13a3-e055-000000000001,"Clooncoorha, Clare",278,43
Clare,2ae19629-202a-13a3-e055-000000000001,"Clooney, Clare, 037034",194,32
Clare,2ae19629-2037-13a3-e055-000000000001,"Clooney, Clare, 037035",387,65
Clare,2ae19629-2038-13a3-e055-000000000001,"Cloontra, Clare",199,29
Clare,2ae19629-1f9d-13a3-e055-000000000001,"Cloonusker, Clare",229,26
Clare,2ae19629-1f9e-13a3-e055-000000000001,"Coolmeen, Clare",203,29
Clare,2ae19629-1f9f-13a3-e055-000000000001,"Coolreagh, Clare",172,18
Clare,2ae19629-1fa8-13a3-e055-000000000001,"Cooraclare, Clare",402,70
Clare,2ae19629-1fb2-13a3-e055-000000000001,"Corrofin, Clare",1028,122
Clare,2ae19629-1fb3-13a3-e055-000000000001,"Cratloe, Clare",1115,173
Clare,2ae19629-1fbd-13a3-e055-000000000001,"Creegh, Clare",346,60
Clare,2ae19629-1fbe-13a3-e055-000000000001,"Crusheen, Clare",754,86
Clare,2ae19629-1fc6-13a3-e055-000000000001,"Dangan, Clare",179,20
Clare,2ae19629-1fc7-13a3-e055-000000000001,"Derreen, Clare",102,7
Clare,2ae19629-1fc8-13a3-e055-000000000001,"Derrynagittagh, Clare",130,19
Clare,2ae19629-1fd2-13a3-e055-000000000001,"Doonbeg, Clare",629,77
Clare,2ae19629-1fd3-13a3-e055-000000000001,"Doora, Clare",1561,210
Clare,2ae19629-1fdc-13a3-e055-000000000001,"Drumcreehy, Clare",424,38
Clare,2ae19629-1fdd-13a3-e055-000000000001,"Drumellihy, Clare",339,53
Clare,2ae19629-1fe6-13a3-e055-000000000001,"Drumline, Clare",732,80
Clare,2ae19629-1fe7-13a3-e055-000000000001,"Drummaan, Clare",481,61
Clare,2ae19629-1ff0-13a3-e055-000000000001,"Dysert, Clare",266,43
Clare,2ae19629-1ff1-13a3-e055-000000000001,"Einagh, Clare",244,29
Clare,2ae19629-2034-13a3-e055-000000000001,"Ennis No. 1 Urban, Clare",1274,189
Clare,2ae19629-1ffb-13a3-e055-000000000001,"Ennis No. 2 Urban, Clare",1701,173
Clare,2ae19629-2035-13a3-e055-000000000001,"Ennis No. 3 Urban, Clare",172,6
Clare,2ae19629-2036-13a3-e055-000000000001,"Ennis No. 4 Urban, Clare",1297,126
Clare,2ae19629-1ffa-13a3-e055-000000000001,"Ennis Rural, Clare",14399,1560
Clare,2ae19629-1ffc-13a3-e055-000000000001,"Ennistimon, Clare",1964,199
Clare,2ae19629-2007-13a3-e055-000000000001,"Fahymore, Clare",280,45
Clare,2ae19629-2008-13a3-e055-000000000001,"Feakle, Clare",359,26
Clare,2ae19629-2010-13a3-e055-000000000001,"Formoyle, Clare",166,20
Clare,2ae19629-2011-13a3-e055-000000000001,"Furroor, Clare",214,37
Clare,2ae19629-201a-13a3-e055-000000000001,"Glendree, Clare",143,14
Clare,2ae19629-201b-13a3-e055-000000000001,"Gleninagh, Clare",121,17
Clare,2ae19629-2023-13a3-e055-000000000001,"Glenmore, Clare",289,41
Clare,474c0dcb-9782-425a-b173-468d6e8de86e,"Inishcaltra South/Inishcaltra North, Clare",295,34
Clare,2ae19629-202d-13a3-e055-000000000001,"Kilballyowen, Clare",197,25
Clare,2ae19629-202e-13a3-e055-000000000001,"Kilchreest, Clare",347,65
Clare,2ae19629-202f-13a3-e055-000000000001,"Kilcloher, Clare",565,115
Clare,2ae19629-2039-13a3-e055-000000000001,"Kilfearagh, Clare",296,34
Clare,2ae19629-203a-13a3-e055-000000000001,"Kilfenora, Clare",321,57
Clare,2ae19629-1fa0-13a3-e055-000000000001,"Kilfiddane, Clare",272,45
Clare,2ae19629-1fa1-13a3-e055-000000000001,"Kilkee, Clare",991,71
Clare,2ae19629-1fa2-13a3-e055-000000000001,"Kilkishen, Clare",772,131
Clare,2ae19629-1faa-13a3-e055-000000000001,"Killadysert, Clare",740,114
Clare,2ae19629-1fab-13a3-e055-000000000001,"Killaloe, Clare",1764,196
Clare,2ae19629-1fac-13a3-e055-000000000001,"Killanena, Clare",207,25
Clare,2ae19629-1fb4-13a3-e055-000000000001,"Killanniv, Clare",611,98
Clare,2ae19629-1fb5-13a3-e055-000000000001,"Killard, Clare",239,23
Clare,2ae19629-1fb6-13a3-e055-000000000001,"Killaspuglonane, Clare",236,23
Clare,2ae19629-1fbf-13a3-e055-000000000001,"Killeely, Clare",704,102
Clare,2ae19629-1fc0-13a3-e055-000000000001,"Killilagh, Clare",643,50
Clare,2ae19629-1fc9-13a3-e055-000000000001,"Killimer, Clare",335,51
Clare,2ae19629-1fca-13a3-e055-000000000001,"Killinaboy, Clare",272,46
Clare,2ae19629-1fcb-13a3-e055-000000000001,"Killofin, Clare",247,34
Clare,2ae19629-1fcc-13a3-e055-000000000001,"Killokennedy, Clare",114,20
Clare,2ae19629-1fd4-13a3-e055-000000000001,"Killone, Clare",463,85
Clare,2ae19629-1fd5-13a3-e055-000000000001,"Killuran, Clare",333,43
Clare,2ae19629-1fde-13a3-e055-000000000001,"Kilmihil, Clare",529,75
Clare,2ae19629-1fdf-13a3-e055-000000000001,"Kilmurry, Clare, 037094",215,32
Clare,2ae19629-1fe8-13a3-e055-000000000001,"Kilmurry, Clare, 037095",645,93
Clare,2ae19629-1fe9-13a3-e055-000000000001,"Kilnamona, Clare",709,122
Clare,2ae19629-1ff2-13a3-e055-000000000001,"Kilraghtis, Clare",407,57
Clare,2ae19629-1ff3-13a3-e055-000000000001,"Kilrush Rural, Clare",565,84
Clare,2ae19629-1ff4-13a3-e055-000000000001,"Kilrush Urban, Clare",2172,231
Clare,2ae19629-1ffd-13a3-e055-000000000001,"Kilseily, Clare",607,109
Clare,2ae19629-1ffe-13a3-e055-000000000001,"Kilshanny, Clare",105,7
Clare,2ae19629-2009-13a3-e055-000000000001,"Kiltannon, Clare",153,29
Clare,2ae19629-200a-13a3-e055-000000000001,"Kiltenanlea, Clare",1446,245
Clare,2ae19629-200b-13a3-e055-000000000001,"Kiltoraght, Clare",139,16
Clare,2ae19629-2012-13a3-e055-000000000001,"Kinturk, Clare",231,20
Clare,2ae19629-2013-13a3-e055-000000000001,"Knock, Clare",183,26
Clare,2ae19629-201c-13a3-e055-000000000001,"Knocknaboley, Clare",231,38
Clare,2ae19629-201d-13a3-e055-000000000001,"Knocknagore, Clare",167,32
Clare,2ae19629-201e-13a3-e055-000000000001,"Kyle, Clare",242,36
Clare,2ae19629-2025-13a3-e055-000000000001,"Lackareagh, Clare",95,13
Clare,2ae19629-2026-13a3-e055-000000000001,"Liscannor, Clare",358,31
Clare,2ae19629-2030-13a3-e055-000000000001,"Liscasey, Clare",411,55
Clare,2ae19629-2031-13a3-e055-000000000001,"Lisdoonvarna, Clare",984,64
Clare,2ae19629-203b-13a3-e055-000000000001,"Lisheen, Clare",475,69
Clare,2ae19629-203c-13a3-e055-000000000001,"Loughea, Clare",127,24
Clare,2ae19629-1fa3-13a3-e055-000000000001,"Lurraga, Clare",228,27
Clare,2ae19629-1fa4-13a3-e055-000000000001,"Magherareagh, Clare",247,47
Clare,2ae19629-1fad-13a3-e055-000000000001,"Milltown Malbay, Clare",1423,134
Clare,2ae19629-1fae-13a3-e055-000000000001,"Mount Elva, Clare",73,7
Clare,2ae19629-1fb7-13a3-e055-000000000001,"Mountievers, Clare",1007,142
Clare,2ae19629-1fb8-13a3-e055-000000000001,"Mountshannon, Clare",371,44
Clare,ee73a85e-7ac6-4aa6-82d2-09c321be7258,"Moveen/Tullig, Clare",143,16
Clare,2ae19629-1fc1-13a3-e055-000000000001,"Moy, Clare",609,79
Clare,2ae19629-1fc2-13a3-e055-000000000001,"Moyarta, Clare",188,29
Clare,2ae19629-1fcd-13a3-e055-000000000001,"Muckanagh, Clare",270,36
Clare,2ae19629-1fce-13a3-e055-000000000001,"Mullagh, Clare",168,28
Clare,2ae19629-1fd6-13a3-e055-000000000001,"Newgrove, Clare",215,39
Clare,2ae19629-1fd7-13a3-e055-000000000001,"Newmarket, Clare",1639,207
Clare,2ae19629-1fd8-13a3-e055-000000000001,"Noughaval, Clare",84,13
Clare,2ae19629-1fe0-13a3-e055-000000000001,"O'briensbridge, Clare",503,67
Clare,2ae19629-1fe1-13a3-e055-000000000001,"Ogonnelloe, Clare",562,57
Clare,2ae19629-1fe2-13a3-e055-000000000001,"Oughtmama, Clare",121,18
Clare,2ae19629-1fea-13a3-e055-000000000001,"Querrin, Clare",164,20
Clare,2ae19629-1feb-13a3-e055-000000000001,"Quin, Clare",1071,122
Clare,2ae19629-1fec-13a3-e055-000000000001,"Rahona, Clare",260,31
Clare,2ae19629-1ff5-13a3-e055-000000000001,"Rath, Clare",203,23
Clare,2ae19629-1ff6-13a3-e055-000000000001,"Rathborney, Clare",94,4
Clare,2ae19629-1fff-13a3-e055-000000000001,"Rathclooney, Clare",116,20
Clare,2ae19629-2000-13a3-e055-000000000001,"Rinealon, Clare",150,19
Clare,2ae19629-2001-13a3-e055-000000000001,"Rossroe, Clare",545,114
Clare,2ae19629-2002-13a3-e055-000000000001,"Ruan, Clare",575,95
Clare,2ae19629-200c-13a3-e055-000000000001,"Scarriff, Clare",1129,107
Clare,2ae19629-200d-13a3-e055-000000000001,"Sixmilebridge, Clare",2022,304
Clare,2ae19629-2014-13a3-e055-000000000001,"Smithstown, Clare",121,14
Clare,2ae19629-2015-13a3-e055-000000000001,"Spancelhill, Clare",555,92
Clare,2ae19629-2016-13a3-e055-000000000001,"St. Martin's, Clare",81,11
Clare,2ae19629-2017-13a3-e055-000000000001,"Templemaley, Clare",940,158
Clare,2ae19629-201f-13a3-e055-000000000001,"Toberbreeda, Clare",126,18
Clare,2ae19629-2020-13a3-e055-000000000001,"Tomfinlough, Clare",508,80
Clare,2ae19629-2027-13a3-e055-000000000001,"Tulla, Clare",834,118
Clare,2ae19629-2032-13a3-e055-000000000001,"Tullycreen, Clare",113,19
Clare,2ae19629-2033-13a3-e055-000000000001,"Urlan, Clare",841,81
Cork North-Central,2ae19749-1f5b-13a3-e055-300000000001,"Ballincollig, Cork City",14350,2049
Cork South-Central,2ae19629-214b-13a3-e055-000000000001,"Ballinlough A, Cork City",701,70
Cork South-Central,2ae19629-214c-13a3-e055-000000000001,"Ballinlough B, Cork City",1452,205
Cork South-Central,2ae19629-214d-13a3-e055-000000000001,"Ballinlough C, Cork City",1384,180
Cork South-Central,316a25a0-f7b6-4d01-b188-5efd7bd804c5,"Ballygarvan/Lehenagh, Cork City",3058,429
Cork South-Central,2ae19629-214e-13a3-e055-000000000001,"Ballyphehane A, Cork City",550,101
Cork South-Central,2ae19629-2157-13a3-e055-000000000001,"Ballyphehane B, Cork City",688,137
Cork South-Central,2ae19629-2158-13a3-e055-000000000001,"Bishopstown A, Cork City",2036,83
Cork South-Central,2ae19629-2159-13a3-e055-000000000001,"Bishopstown B, Cork City",1776,220
Cork South-Central,2ae19629-215a-13a3-e055-000000000001,"Bishopstown C, Cork City",4160,425
Cork South-Central,2ae19629-215c-13a3-e055-000000000001,"Bishopstown D, Cork City",1268,157
Cork South-Central,2ae19629-215b-13a3-e055-000000000001,"Bishopstown E, Cork City",2710,252
Cork South-Central,2ae19629-1efc-13a3-e055-000000000001,"Bishopstown, Cork City",346,34
Cork North-Central,2ae19629-215d-13a3-e055-000000000001,"Blackpool A, Cork City",624,77
Cork North-Central,2ae19629-215e-13a3-e055-000000000001,"Blackpool B, Cork City",2057,95
Cork North-Central,2ae19789-1f5b-13a3-e055-700000000001,"Blarney, Cork City",3965,611
Cork South-Central,2ae19629-215f-13a3-e055-000000000001,"Browningstown, Cork City",815,93
Cork North-Central,2ae19629-1f5b-13a3-e055-200000000001,"Caherlag, Cork City",3162,500
Cork South-Central,591bceee-1721-4c8d-865f-1e0bd869b6ad,"Carrigaline/Monkstown Rural/Douglas, Cork City",16941,2327
Cork North-Central,2ae19849-1f5b-13a3-e055-140000000001,"Carrigrohanebeg, Cork City",767,102
Cork South-Central,2ae19629-2160-13a3-e055-000000000001,"Centre A, Cork City",1046,2
Cork South-Central,2ae19629-2161-13a3-e055-000000000001,"Centre B, Cork City",2183,44
Cork North-Central,2ae19629-2162-13a3-e055-000000000001,"Churchfield, Cork City",1275,234
Cork South-Central,2ae19629-2163-13a3-e055-000000000001,"City Hall A, Cork City",1099,31
Cork South-Central,2ae19629-2164-13a3-e055-000000000001,"City Hall B, Cork City",1099,75
Cork North-Central,2ae19629-2165-13a3-e055-000000000001,"Commons, Cork City",863,95
Cork South-Central,7c85cece-22eb-4ebb-8d1f-9c0f734eaea8,"Douglas/Lehenagh, Cork City",5923,941
Cork South-Central,2ae19629-2166-13a3-e055-000000000001,"Evergreen, Cork City",1291,63
Cork North-Central,2ae19629-2167-13a3-e055-000000000001,"Fair Hill A, Cork City",578,78
Cork North-Central,2ae19629-2172-13a3-e055-000000000001,"Fair Hill B, Cork City",647,86
Cork North-Central,2ae19629-2173-13a3-e055-000000000001,"Fair Hill C, Cork City",2837,630
Cork North-Central,2ae19629-2174-13a3-e055-000000000001,"Farranferris A, Cork City",1650,203
Cork North-Central,2ae19629-2175-13a3-e055-000000000001,"Farranferris B, Cork City",696,102
Cork North-Central,2ae19629-2176-13a3-e055-000000000001,"Farranferris C, Cork City",612,97
Cork South-Central,2ae19629-2178-13a3-e055-000000000001,"Gillabbey A, Cork City",2362,68
Cork South-Central,2ae19629-2179-13a3-e055-000000000001,"Gillabbey B, Cork City",1113,28
Cork South-Central,2ae19629-217a-13a3-e055-000000000001,"Gillabbey C, Cork City",1986,45
Cork South-Central,2ae19629-217b-13a3-e055-000000000001,"Glasheen A, Cork City",672,46
Cork South-Central,2ae19629-217c-13a3-e055-000000000001,"Glasheen B, Cork City",765,38
Cork South-Central,2ae19629-217d-13a3-e055-000000000001,"Glasheen C, Cork City",2342,313
Cork South-Central,2ae19629-217e-13a3-e055-000000000001,"Greenmount, Cork City",1805,269
Cork North-Central,2ae19629-217f-13a3-e055-000000000001,"Gurranebraher A, Cork City",582,100
Cork North-Central,2ae19629-2180-13a3-e055-000000000001,"Gurranebraher B, Cork City",555,59
Cork North-Central,2ae19629-2181-13a3-e055-000000000001,"Gurranebraher C, Cork City",965,109
Cork North-Central,2ae19629-2177-13a3-e055-000000000001,"Gurranebraher D, Cork City",757,129
Cork North-Central,2ae19629-2182-13a3-e055-000000000001,"Gurranebraher E, Cork City",907,134
Cork South-Central,2ae19809-1f5b-13a3-e055-900000000001,"Inishkenny, Cork City",3799,447
Cork North-Central,2ae19629-2183-13a3-e055-000000000001,"Knocknaheeny, Cork City",3089,575
Cork South-Central,2ae19629-2184-13a3-e055-000000000001,"Knockrea A, Cork City",1236,121
Cork South-Central,2ae19629-218c-13a3-e055-000000000001,"Knockrea B, Cork City",929,139
Cork South-Central,2ae19629-218d-13a3-e055-000000000001,"Mahon A, Cork City",4267,602
Cork South-Central,2ae19629-218e-13a3-e055-000000000001,"Mahon B, Cork City",3934,656
Cork South-Central,2ae19629-218f-13a3-e055-000000000001,"Mahon C, Cork City",2682,363
Cork South-Central,2ae19629-2190-13a3-e055-000000000001,"Mardyke, Cork City",971,23
Cork North-Central,2ae19769-1f5b-13a3-e055-500000000001,"Matehy, Cork City",1382,263
Cork North-Central,2ae19629-2191-13a3-e055-000000000001,"Mayfield, Cork City",2211,441
Cork North-Central,2ae19629-2192-13a3-e055-000000000001,"Montenotte A, Cork City",1453,138
Cork North-Central,2ae19629-2193-13a3-e055-000000000001,"Montenotte B, Cork City",2036,281
Cork North-West,2ae19819-1f5b-13a3-e055-110000000001,"Ovens, Cork City",1184,115
Cork South-Central,2ae19629-2194-13a3-e055-000000000001,"Pouladuff A, Cork City",648,103
Cork South-Central,2ae19629-2195-13a3-e055-000000000001,"Pouladuff B, Cork City",1373,233
Cork North-Central,2ae19779-1f5b-13a3-e055-600000000001,"Rathcooney, Cork City",6459,1084
Cork North-Central,2ae19629-1f5b-13a3-e055-100000000001,"Riverstown, Cork City",2939,554
Cork North-Central,2ae19629-2196-13a3-e055-000000000001,"Shanakiel, Cork City",2995,414
Cork North-Central,2ae19629-2197-13a3-e055-000000000001,"Shandon A, Cork City",1890,50
Cork North-Central,2ae19629-2198-13a3-e055-000000000001,"Shandon B, Cork City",1287,46
Cork South-Central,2ae19629-2199-13a3-e055-000000000001,"South Gate A, Cork City",2361,27
Cork South-Central,2ae19629-219a-13a3-e055-000000000001,"South Gate B, Cork City",987,28
Cork North-Central,6b896afd-b53d-4ebc-bd6e-0154e333b3af,"St. Mary's (East), Cork City",1715,415
Cork North-Central,2ae19629-21cb-13a3-e055-000000000001,"St. Mary's (West), Cork City",2858,460
Cork North-Central,2ae19629-21a6-13a3-e055-000000000001,"St. Patrick's A, Cork City",1736,41
Cork North-Central,2ae19629-21a7-13a3-e055-000000000001,"St. Patrick's B, Cork City",1276,55
Cork North-Central,2ae19629-21a8-13a3-e055-000000000001,"St. Patrick's C, Cork City",777,46
Cork North-Central,2ae19629-21a9-13a3-e055-000000000001,"Sunday's Well A, Cork City",636,40
Cork North-Central,2ae19629-21aa-13a3-e055-000000000001,"Sunday's Well B, Cork City",908,32
Cork North-Central,2ae19629-21ab-13a3-e055-000000000001,"The Glen A, Cork City",1986,317
Cork North-Central,2ae19629-21ac-13a3-e055-000000000001,"The Glen B, Cork City",2989,578
Cork South-Central,2ae19629-21ad-13a3-e055-000000000001,"The Lough, Cork City",1466,114
Cork North-Central,2ae19629-21ae-13a3-e055-000000000001,"Tivoli A, Cork City",1503,108
Cork North-Central,2ae19629-21af-13a3-e055-000000000001,"Tivoli B, Cork City",2150,324
Cork South-Central,2ae19629-21b0-13a3-e055-000000000001,"Togher A, Cork City",1827,356
Cork South-Central,2ae19629-21b1-13a3-e055-000000000001,"Togher B, Cork City",592,99
Cork South-Central,2ae19629-21b2-13a3-e055-000000000001,"Tramore A, Cork City",648,54
Cork South-Central,2ae19629-21b3-13a3-e055-000000000001,"Tramore B, Cork City",824,112
Cork South-Central,2ae19629-21b4-13a3-e055-000000000001,"Tramore C, Cork City",2432,354
Cork South-Central,2ae19629-21b5-13a3-e055-000000000001,"Turner's Cross A, Cork City",702,46
Cork South-Central,2ae19629-21b6-13a3-e055-000000000001,"Turner's Cross B, Cork City",1071,126
Cork South-Central,2ae19629-21b7-13a3-e055-000000000001,"Turner's Cross C, Cork City",617,103
Cork South-Central,2ae19629-21c0-13a3-e055-000000000001,"Turner's Cross D, Cork City",420,62
Cork North-Central,2ae19759-1f5b-13a3-e055-400000000001,"Whitechurch, Cork City",855,130
Cork South-West,2ae19629-203d-13a3-e055-000000000001,"Abbeymahon, Cork County",558,80
Cork South-West,2ae19629-203e-13a3-e055-000000000001,"Adrigole, Cork County",403,53
Cork South-West,2ae19629-203f-13a3-e055-000000000001,"Aghadown North, Cork County",245,43
Cork South-West,2ae19629-2040-13a3-e055-000000000001,"Aghadown South, Cork County",498,64
Cork East,2ae19629-2041-13a3-e055-000000000001,"Aghern, Cork County",185,30
Cork North-West,2ae19629-1f9a-13a3-e055-000000000001,"Aghinagh, Cork County",377,64
Cork North-West,2ae19629-1f9b-13a3-e055-000000000001,"Aglish, Cork County",1128,190
Cork South-West,2ae19629-1f9c-13a3-e055-000000000001,"Ahil, Cork County",196,30
Cork North-West,2ae19629-1fa5-13a3-e055-000000000001,"Allow, Cork County",397,62
Cork East,2ae19629-1fa6-13a3-e055-000000000001,"Ardagh, Cork County",535,65
Cork South-West,2ae19629-1fa7-13a3-e055-000000000001,"Ardfield, Cork County",629,89
Cork North-West,2ae19629-1f0b-13a3-e055-000000000001,"Ardskeagh, Cork County",356,46
Cork South-West,2ae19629-1f0c-13a3-e055-000000000001,"Argideen, Cork County",295,47
Cork North-West,2ae19629-1f0d-13a3-e055-000000000001,"Aultagh, Cork County",272,55
Cork South-West,2ae19629-1f17-13a3-e055-000000000001,"Ballinadee, Cork County",414,51
Cork North-Central,2ae19629-1f18-13a3-e055-000000000001,"Ballincollig, Cork County",1046,211
Cork South-West,2ae19629-1f19-13a3-e055-000000000001,"Ballingurteen, Cork County",546,85
Cork South-West,2ae19629-1f21-13a3-e055-000000000001,"Ballinspittle, Cork County",506,67
Cork East,2ae19629-1f22-13a3-e055-000000000001,"Ballintemple, Cork County",473,37
Cork East,2ae19629-1f23-13a3-e055-000000000001,"Ballyarthur, Cork County",231,29
Cork South-West,2ae19629-1f2b-13a3-e055-000000000001,"Ballybane, Cork County",248,28
Cork North-West,2ae19629-1f2c-13a3-e055-000000000001,"Ballyclogh, Cork County",579,91
Cork East,2ae19629-1f2d-13a3-e055-000000000001,"Ballycottin, Cork County",1540,172
Cork South-West,2ae19629-1f36-13a3-e055-000000000001,"Ballydehob, Cork County",763,101
Cork South-West,2ae19629-1f37-13a3-e055-000000000001,"Ballyfeard, Cork County",293,40
Cork South-West,2ae19629-1f38-13a3-e055-000000000001,"Ballyfoyle, Cork County",280,43
Cork South-Central,2ae19629-1f39-13a3-e055-000000000001,"Ballygarvan, Cork County",1393,230
Cork North-West,2ae19629-1f43-13a3-e055-000000000001,"Ballygroman, Cork County",1251,171
Cork North-West,2ae19629-1f44-13a3-e055-000000000001,"Ballyhoolahan, Cork County",224,46
Cork East,2ae19629-1f45-13a3-e055-000000000001,"Ballyhooly, Cork County",710,92
Cork South-West,2ae19629-1f46-13a3-e055-000000000001,"Ballymackean, Cork County",286,35
Cork South-West,2ae19629-1f4f-13a3-e055-000000000001,"Ballymartle, Cork County",1019,188
Cork South-West,2ae19629-1f50-13a3-e055-000000000001,"Ballymodan, Cork County",3498,546
Cork South-West,2ae19629-1f57-13a3-e055-000000000001,"Ballymoney, Cork County",678,102
Cork North-West,2ae19629-1f58-13a3-e055-000000000001,"Ballymurphy, Cork County",726,121
Cork North-Central,2ae19629-1f59-13a3-e055-000000000001,"Ballynaglogh, Cork County",323,68
Cork North-Central,2ae19629-1f66-13a3-e055-000000000001,"Ballynamona, Cork County",749,115
Cork East,2ae19629-1f67-13a3-e055-000000000001,"Ballynoe, Cork County",552,82
Cork East,2ae19629-1f71-13a3-e055-000000000001,"Ballyspillane, Cork County",259,47
Cork South-West,2ae19629-214a-13a3-e055-000000000001,"Bandon, Cork County",1830,160
Cork North-West,2ae19629-1f72-13a3-e055-000000000001,"Banteer, Cork County",585,86
Cork South-West,2ae19629-1f74-13a3-e055-000000000001,"Bantry Urban, Cork County",2629,247
Cork North-West,2ae19629-1f80-13a3-e055-000000000001,"Barleyhill, Cork County",429,59
Cork North-West,2ae19629-1f81-13a3-e055-000000000001,"Barnacurra, Cork County",173,17
Cork South-West,2ae19629-1f89-13a3-e055-000000000001,"Baurleigh, Cork County",277,50
Cork North-West,2ae19629-1f8a-13a3-e055-000000000001,"Bawncross, Cork County",292,25
Cork North-West,2ae19629-1f92-13a3-e055-000000000001,"Béal Átha an Ghaorthaidh (Dún Mánmhaí), Corcaigh",160,35
Cork North-West,2ae19629-1f93-13a3-e055-000000000001,"Béal Átha an Ghaorthaidh (Maigh Chromtha), Corcaigh",430,67
Cork North-West,2ae19629-1ef9-13a3-e055-000000000001,"Bealock, Cork County",220,44
Cork South-West,2ae19629-1efa-13a3-e055-000000000001,"Bear, Cork County",173,12
Cork North-West,2ae19629-1efb-13a3-e055-000000000001,"Bengour, Cork County",238,45
Cork North-Central,2ae19629-1f05-13a3-e055-000000000001,"Blackpool, Cork County",824,164
Cork North-Central,2ae19629-1f06-13a3-e055-000000000001,"Blarney, Cork County",524,112
Cork North-West,2ae19629-1f0e-13a3-e055-000000000001,"Boherboy, Cork County",583,71
Cork South-West,2ae19629-1f0f-13a3-e055-000000000001,"Boulteen, Cork County",510,80
Cork South-West,2ae19629-1f10-13a3-e055-000000000001,"Bredagh, Cork County",526,87
Cork North-West,2ae19629-1f1a-13a3-e055-000000000001,"Brinny, Cork County",509,92
Cork South-West,2ae19629-1f1b-13a3-e055-000000000001,"Butlerstown, Cork County",347,61
Cork North-West,2ae19629-1f1c-13a3-e055-000000000001,"Buttevant, Cork County",1496,197
Cork South-West,2ae19629-1f24-13a3-e055-000000000001,"Caheragh, Cork County",236,49
Cork North-West,2ae19629-1f25-13a3-e055-000000000001,"Caherbarnagh, Cork County",425,84
Cork North-West,2ae19629-1f2e-13a3-e055-000000000001,"Caherduggan, Cork County",456,36
Cork North-Central,2ae19629-1f2f-13a3-e055-000000000001,"Caherlag, Cork County",2758,402
Cork South-West,2ae19629-1f30-13a3-e055-000000000001,"Cahermore, Cork County",319,52
Cork North-West,2ae19629-1f3a-13a3-e055-000000000001,"Ceann Droma, Corcaigh",245,31
Cork North-West,2ae19629-1f3b-13a3-e055-000000000001,"Cannaway, Cork County",495,88
Cork South-West,2ae19629-1f3c-13a3-e055-000000000001,"Cléire, Corcaigh",262,23
Cork East,2ae19629-1f3d-13a3-e055-000000000001,"Carrig, Cork County, 047069",168,17
Cork North-Central,2ae19629-1f47-13a3-e055-000000000001,"Carrig, Cork County, 047070",118,21
Cork South-Central,2ae19629-1f48-13a3-e055-000000000001,"Carrigaline, Cork County, 047071",2228,267
Cork South-Central,2ae19629-1f49-13a3-e055-000000000001,"Carrigaline, Cork County, 047072",9685,1586
Cork South-West,2ae19629-1f51-13a3-e055-000000000001,"Carrigbaun, Cork County",287,50
Cork North-West,2ae19629-1f52-13a3-e055-000000000001,"Carrigboy, Cork County",398,73
Cork North-Central,2ae19629-1f5a-13a3-e055-000000000001,"Carrignavar, Cork County",979,191
Cork North-Central,2ae19629-1f5b-13a3-e055-000000000001,"Carrigrohanebeg, Cork County",487,85
Cork East,2ae19629-1f68-13a3-e055-000000000001,"Carrigtohill, Cork County",5603,671
Cork South-West,2ae19629-1f69-13a3-e055-000000000001,"Cashel, Cork County",329,53
Cork East,2ae19629-1f6a-13a3-e055-000000000001,"Castle Hyde, Cork County",669,93
Cork East,2ae19629-1f75-13a3-e055-000000000001,"Castlecooke, Cork County",160,24
Cork North-West,2ae19629-1f76-13a3-e055-000000000001,"Castlecor, Cork County",342,52
Cork South-West,2ae19629-1f77-13a3-e055-000000000001,"Castlehaven North, Cork County",638,84
Cork South-West,2ae19629-1f78-13a3-e055-000000000001,"Castlehaven South, Cork County",404,56
Cork East,2ae19629-1f79-13a3-e055-000000000001,"Castlelyons, Cork County",879,126
Cork North-West,2ae19629-1f82-13a3-e055-000000000001,"Castlemagner, Cork County",502,47
Cork East,2ae19629-1f83-13a3-e055-000000000001,"Castlemartyr, Cork County",817,118
Cork North-West,2ae19629-1f8b-13a3-e055-000000000001,"Castletown, Cork County",364,45
Cork East,2ae19629-1f84-13a3-e055-000000000001,"Castletownroche, Cork County",712,88
Cork South-West,2ae19629-1f8c-13a3-e055-000000000001,"Castleventry, Cork County",219,39
Cork North-West,2ae19629-1f94-13a3-e055-000000000001,"Churchtown, Cork County",944,103
Cork North-West,2ae19629-1f95-13a3-e055-000000000001,"Claonráth, Corcaigh",163,26
Cork East,2ae19629-1ef3-13a3-e055-000000000001,"Clenor, Cork County",274,41
Cork South-West,2ae19629-1ef4-13a3-e055-000000000001,"Cloghdonnell, Cork County",306,37
Cork South-West,2ae19629-1f11-13a3-e055-000000000001,"Clonakilty Rural, Cork County",1612,181
Cork South-West,2ae19629-1f12-13a3-e055-000000000001,"Clonakilty Urban, Cork County",3471,339
Cork North-West,2ae19629-1f13-13a3-e055-000000000001,"Clondrohid, Cork County",695,122
Cork North-West,2ae19629-1f1d-13a3-e055-000000000001,"Clonfert East, Cork County",273,34
Cork North-West,2ae19629-1f1e-13a3-e055-000000000001,"Clonfert West, Cork County",127,18
Cork North-West,2ae19629-1f26-13a3-e055-000000000001,"Clonmeen, Cork County",219,28
Cork North-West,2ae19629-1f27-13a3-e055-000000000001,"Clonmoyle, Cork County",424,56
Cork East,2ae19629-1f28-13a3-e055-000000000001,"Clonmult, Cork County",149,30
Cork East,2ae19629-1f31-13a3-e055-000000000001,"Clonpriest, Cork County",919,116
Cork South-West,2ae19629-1f32-13a3-e055-000000000001,"Cloonkeen, Cork County",308,48
Cork East,2ae19629-1f3e-13a3-e055-000000000001,"Cloyne, Cork County",3398,525
Cork East,2ae19629-1f3f-13a3-e055-000000000001,"Cobh Rural, Cork County",6471,957
Cork East,2ae19629-1f40-13a3-e055-000000000001,"Cobh Urban, Cork County",5595,772
Cork South-West,2ae19629-1f4a-13a3-e055-000000000001,"Coolagh, Cork County",177,20
Cork North-West,2ae19629-1f4b-13a3-e055-000000000001,"Coolclogh, Cork County",302,54
Cork South-West,2ae19629-1f4c-13a3-e055-000000000001,"Coolcraheen, Cork County",534,83
Cork East,2ae19629-1f53-13a3-e055-000000000001,"Coole, Cork County",851,114
Cork South-West,2ae19629-1f54-13a3-e055-000000000001,"Coolmain, Cork County",352,59
Cork North-West,2ae19629-1f5c-13a3-e055-000000000001,"Coolmountain, Cork County",329,59
Cork North-West,2ae19629-1f5d-13a3-e055-000000000001,"Coomlogane, Cork County",783,86
Cork East,2ae19629-1f5e-13a3-e055-000000000001,"Corkbeg, Cork County",1962,237
Cork South-West,2ae19629-1f5f-13a3-e055-000000000001,"Coulagh, Cork County",481,59
Cork South-West,2ae19629-1f6b-13a3-e055-000000000001,"Courtmacsherry, Cork County",687,72
Cork North-West,2ae19629-1f6c-13a3-e055-000000000001,"Crinnaloo, Cork County",155,34
Cork South-West,2ae19629-1f6d-13a3-e055-000000000001,"Crookhaven, Cork County",190,23
Cork South-West,2ae19629-1f6e-13a3-e055-000000000001,"Cullen, Cork County, 047120",426,83
Cork North-West,2ae19629-1f7a-13a3-e055-000000000001,"Cullen, Cork County, 047121",343,47
Cork East,2ae19629-1f7b-13a3-e055-000000000001,"Curraglass, Cork County",311,41
Cork South-West,2ae19629-1f7c-13a3-e055-000000000001,"Curryglass, Cork County",335,26
Cork East,2ae19629-1f7d-13a3-e055-000000000001,"Dangan, Cork County",195,39
Cork North-West,2ae19629-1f85-13a3-e055-000000000001,"Derragh, Cork County",176,32
Cork South-West,2ae19629-1f86-13a3-e055-000000000001,"Derry, Cork County",411,74
Cork North-West,2ae19629-1f8e-13a3-e055-000000000001,"Doire Fhínín, Corcaigh",180,27
Cork East,2ae19629-1f8f-13a3-e055-000000000001,"Derryvillane, Cork County",397,59
Cork North-West,2ae19629-1f96-13a3-e055-000000000001,"Doneraile, Cork County",1184,180
Cork North-West,2ae19629-1f97-13a3-e055-000000000001,"Doonasleen, Cork County",383,63
Cork South-West,2ae19629-1ef5-13a3-e055-000000000001,"Douce, Cork County",189,12
Cork South-Central,2ae19629-1ef6-13a3-e055-000000000001,"Douglas, Cork County",114,17
Cork South-West,2ae19629-1efd-13a3-e055-000000000001,"Drinagh, Cork County, 047133",287,40
Cork South-West,2ae19629-1efe-13a3-e055-000000000001,"Drinagh, Cork County, 047134",199,24
Cork North-West,2ae19629-1eff-13a3-e055-000000000001,"Dripsey, Cork County",1206,247
Cork North-West,2ae19629-1f07-13a3-e055-000000000001,"Drishane, Cork County",1518,175
Cork South-West,2ae19629-1f00-13a3-e055-000000000001,"Dromdaleague North, Cork County",235,49
Cork South-West,2ae19629-1f08-13a3-e055-000000000001,"Dromdaleague South, Cork County",509,72
Cork North-West,2ae19629-1f01-13a3-e055-000000000001,"Dromina, Cork County",468,69
Cork North-West,2ae19629-1f02-13a3-e055-000000000001,"Dromore, Cork County",2138,265
Cork South-West,2ae19629-1f09-13a3-e055-000000000001,"Dunbeacon, Cork County",161,26
Cork South-West,2ae19629-1f0a-13a3-e055-000000000001,"Dunderrow, Cork County",1262,214
Cork East,2ae19629-1f14-13a3-e055-000000000001,"Dungourney, Cork County",559,76
Cork South-West,2ae19629-1f15-13a3-e055-000000000001,"Dunmanus, Cork County",199,24
Cork South-West,2ae19629-1f16-13a3-e055-000000000001,"Dunmanway North, Cork County",976,113
Cork South-West,2ae19629-1f1f-13a3-e055-000000000001,"Dunmanway South, Cork County",1143,166
Cork South-West,2ae19629-1f20-13a3-e055-000000000001,"Durrus East, Cork County",219,21
Cork South-West,2ae19629-1f29-13a3-e055-000000000001,"Durrus West, Cork County",543,74
Cork East,2ae19629-1f2a-13a3-e055-000000000001,"Farahy, Cork County",390,60
Cork South-West,2ae19629-1f33-13a3-e055-000000000001,"Farranbrien, Cork County",412,78
Cork East,2ae19629-1f34-13a3-e055-000000000001,"Fermoy Rural, Cork County",3727,550
Cork East,2ae19629-1f35-13a3-e055-000000000001,"Fermoy Urban, Cork County",2095,199
Cork North-Central,2ae19629-1f41-13a3-e055-000000000001,"Firmount, Cork County",535,91
Cork South-West,2ae19629-1f42-13a3-e055-000000000001,"Garranes, Cork County",295,32
Cork North-West,2ae19629-1f4d-13a3-e055-000000000001,"Garrown, Cork County",234,42
Cork East,2ae19629-1f4e-13a3-e055-000000000001,"Garryvoe, Cork County",531,91
Cork South-West,2ae19629-1f55-13a3-e055-000000000001,"Glanlough, Cork County",177,10
Cork East,2ae19629-1f56-13a3-e055-000000000001,"Glanworth East, Cork County",352,67
Cork East,2ae19629-1f60-13a3-e055-000000000001,"Glanworth West, Cork County",858,129
Cork South-West,2ae19629-1f61-13a3-e055-000000000001,"Glengarriff, Cork County",883,87
Cork North-West,2ae19629-1f62-13a3-e055-000000000001,"Glenlara, Cork County",317,51
Cork North-Central,2ae19629-1f63-13a3-e055-000000000001,"Glenville, Cork County",468,74
Cork South-West,2ae19629-1f64-13a3-e055-000000000001,"Goleen, Cork County",185,22
Cork North-West,2ae19629-1f65-13a3-e055-000000000001,"Gortmore, Cork County",166,34
Cork South-West,2ae19629-1f6f-13a3-e055-000000000001,"Gortnascreeny, Cork County",387,48
Cork East,2ae19629-1f70-13a3-e055-000000000001,"Gortnaskehy, Cork County",239,42
Cork North-West,2ae19629-1f7e-13a3-e055-000000000001,"Gort na Tiobratan, Corcaigh",353,53
Cork East,2ae19629-1f7f-13a3-e055-000000000001,"Gortroe, Cork County",580,89
Cork North-West,2ae19629-1f87-13a3-e055-000000000001,"Gowlane, Cork County",949,156
Cork North-West,2ae19629-1f88-13a3-e055-000000000001,"Greenane, Cork County",1088,145
Cork North-Central,2ae19629-1f90-13a3-e055-000000000001,"Greenfort, Cork County",601,126
Cork North-West,2ae19629-1f91-13a3-e055-000000000001,"Greenville, Cork County",218,32
Cork East,2ae19629-1f98-13a3-e055-000000000001,"Ightermurragh, Cork County",2154,239
Cork North-West,2ae19629-1f99-13a3-e055-000000000001,"Imphrick, Cork County",289,42
Cork East,2ae19629-1ef7-13a3-e055-000000000001,"Inch, Cork County",465,73
Cork North-West,2ae19629-1ef8-13a3-e055-000000000001,"Inchigeelagh, Cork County",449,66
Cork South-West,2ae19629-1f03-13a3-e055-000000000001,"Inishannon, Cork County",1532,204
Cork South-Central,2ae19629-1f04-13a3-e055-000000000001,"Inishkenny, Cork County",791,151
Cork North-West,2ae19629-211e-13a3-e055-000000000001,"Kanturk, Cork County",1715,198
Cork North-West,2ae19629-211f-13a3-e055-000000000001,"Keale, Cork County",266,42
Cork South-West,2ae19629-2126-13a3-e055-000000000001,"Kealkill, Cork County",403,46
Cork North-West,2ae19629-2127-13a3-e055-000000000001,"Kilberrihert, Cork County",564,91
Cork North-West,2ae19629-2128-13a3-e055-000000000001,"Kilbonane, Cork County",974,198
Cork North-West,2ae19629-2132-13a3-e055-000000000001,"Kilbrin, Cork County",265,40
Cork South-West,2ae19629-2133-13a3-e055-000000000001,"Kilbrittain, Cork County",489,88
Cork South-West,2ae19629-213c-13a3-e055-000000000001,"Kilbrogan, Cork County",2003,275
Cork South-West,2ae19629-213d-13a3-e055-000000000001,"Kilcaskan, Cork County",746,68
Cork South-West,2ae19629-213e-13a3-e055-000000000001,"Kilcatherine, Cork County",626,79
Cork South-West,2ae19629-213f-13a3-e055-000000000001,"Kilcoe, Cork County",364,52
Cork East,2ae19629-2140-13a3-e055-000000000001,"Kilcor, Cork County",307,42
Cork North-West,2ae19629-2141-13a3-e055-000000000001,"Kilcorney, Cork County",262,43
Cork East,2ae19629-214f-13a3-e055-000000000001,"Kilcronat, Cork County",150,25
Cork North-West,2ae19629-2150-13a3-e055-000000000001,"Kilcullen, Cork County",632,115
Cork East,2ae19629-2151-13a3-e055-000000000001,"Kilcummer, Cork County",209,34
Cork North-Central,2ae19629-2168-13a3-e055-000000000001,"Kildinan, Cork County",491,89
Cork East,2ae19629-2169-13a3-e055-000000000001,"Kildorrery, Cork County",566,55
Cork South-West,2ae19629-2185-13a3-e055-000000000001,"Kilfaughnabeg, Cork County",460,53
Cork East,2ae19629-2186-13a3-e055-000000000001,"Kilgullane, Cork County",116,20
Cork South-West,2ae19629-219b-13a3-e055-000000000001,"Kilkerranmore, Cork County",399,63
Cork South-West,2ae19629-219c-13a3-e055-000000000001,"Killaconenagh, Cork County",1262,113
Cork East,2ae19629-219d-13a3-e055-000000000001,"Killathy, Cork County",325,56
Cork East,2ae19629-219e-13a3-e055-000000000001,"Killeagh, Cork County, 047202",1118,156
Cork North-Central,2ae19629-21b8-13a3-e055-000000000001,"Killeagh, Cork County, 047203",518,109
Cork South-West,2ae19629-21b9-13a3-e055-000000000001,"Killeenleagh, Cork County",280,40
Cork East,2ae19629-21c4-13a3-e055-000000000001,"Kilmacdonogh, Cork County",780,120
Cork North-West,2ae19629-21c5-13a3-e055-000000000001,"Kilmaclenine, Cork County",553,90
Cork South-West,2ae19629-21d2-13a3-e055-000000000001,"Kilmaloda East, Cork County",283,54
Cork South-West,2ae19629-21d3-13a3-e055-000000000001,"Kilmaloda West, Cork County",161,30
Cork North-West,2ae19629-21d4-13a3-e055-000000000001,"Kilmeen, Cork County",255,47
Cork South-West,2ae19629-21dd-13a3-e055-000000000001,"Kilmonoge, Cork County",939,142
Cork South-West,2ae19629-21de-13a3-e055-000000000001,"Kilmoylerane, Cork County",241,42
Cork South-West,2ae19629-21df-13a3-e055-000000000001,"Kilnagross, Cork County",445,62
Cork South-West,2ae19629-21e0-13a3-e055-000000000001,"Kilnamanagh, Cork County",296,23
Cork North-West,2ae19629-21e7-13a3-e055-000000000001,"Cill na Martra, Corcaigh",554,112
Cork South-Central,2ae19629-21e8-13a3-e055-000000000001,"Kilpatrick, Cork County",405,66
Cork East,2ae19629-21e9-13a3-e055-000000000001,"Kilphelan, Cork County",416,70
Cork North-West,2ae19629-21f0-13a3-e055-000000000001,"Kilshannig, Cork County",843,141
Cork East,2ae19629-21f1-13a3-e055-000000000001,"Kilworth, Cork County",1299,155
Cork North-West,2ae19629-2109-13a3-e055-000000000001,"Kinneigh, Cork County",324,52
Cork South-West,2ae19629-210a-13a3-e055-000000000001,"Kinsale Rural, Cork County",4057,469
Cork South-West,2ae19629-210b-13a3-e055-000000000001,"Kinsale Urban, Cork County",2086,177
Cork South-West,2ae19629-2114-13a3-e055-000000000001,"Kinure, Cork County",294,49
Cork North-Central,2ae19629-2115-13a3-e055-000000000001,"Knockantota, Cork County",732,121
Cork North-West,2ae19629-2120-13a3-e055-000000000001,"Knockatooan, Cork County",259,37
Cork North-West,2ae19629-2121-13a3-e055-000000000001,"Knockavilly, Cork County",341,66
Cork East,2ae19629-2129-13a3-e055-000000000001,"Knockmourne, Cork County",1015,101
Cork North-West,2ae19629-212a-13a3-e055-000000000001,"Knocknagree, Cork County",472,60
Cork East,2ae19629-212b-13a3-e055-000000000001,"Knockraha, Cork County",1165,154
Cork South-West,2ae19629-212c-13a3-e055-000000000001,"Knockroe, Cork County",540,65
Cork South-West,2ae19629-2134-13a3-e055-000000000001,"Knocks, Cork County",247,45
Cork South-West,2ae19629-2135-13a3-e055-000000000001,"Knockskagh, Cork County",453,60
Cork North-West,2ae19629-2142-13a3-e055-000000000001,"Knocktemple, Cork County",355,45
Cork South-West,2ae19629-2143-13a3-e055-000000000001,"Laherne, Cork County",422,56
Cork South-West,2ae19629-2152-13a3-e055-000000000001,"Leighmoney, Cork County",568,91
Cork East,2ae19629-2153-13a3-e055-000000000001,"Leitrim, Cork County",261,38
Cork North-West,2ae19629-2154-13a3-e055-000000000001,"Liscarroll, Cork County",488,76
Cork South-Central,2ae19629-216a-13a3-e055-000000000001,"Liscleary, Cork County",3696,693
Cork East,2ae19629-216b-13a3-e055-000000000001,"Lisgoold, Cork County",802,120
Cork South-West,2ae19629-216c-13a3-e055-000000000001,"Lowertown, Cork County",201,30
Cork North-West,2ae19629-216d-13a3-e055-000000000001,"Macloneigh, Cork County",704,93
Cork North-West,2ae19629-216e-13a3-e055-000000000001,"Macroom Urban, Cork County",3278,413
Cork North-West,2ae19629-2187-13a3-e055-000000000001,"Magourney, Cork County",869,135
Cork North-Central,2ae19629-2149-13a3-e055-000000000001,"Mallow North Urban, Cork County",4781,587
Cork North-Central,2ae19629-2188-13a3-e055-000000000001,"Mallow Rural, Cork County",3506,499
Cork North-Central,2ae19629-2189-13a3-e055-000000000001,"Mallow South Urban, Cork County",2366,341
Cork North-West,2ae19629-219f-13a3-e055-000000000001,"Manch, Cork County",448,82
Cork East,2ae19629-21a0-13a3-e055-000000000001,"Marshalstown, Cork County",308,42
Cork North-West,2ae19629-21a1-13a3-e055-000000000001,"Mashanaglass, Cork County",377,78
Cork North-Central,2ae19629-21ba-13a3-e055-000000000001,"Matehy, Cork County",1104,178
Cork South-West,2ae19629-21bb-13a3-e055-000000000001,"Mealagh, Cork County",304,43
Cork North-West,2ae19629-21c6-13a3-e055-000000000001,"Meens, Cork County",362,57
Cork East,2ae19629-21c7-13a3-e055-000000000001,"Midleton Rural, Cork County",7013,979
Cork East,2ae19629-21c8-13a3-e055-000000000001,"Midleton Urban, Cork County",3047,392
Cork South-West,2ae19629-21d5-13a3-e055-000000000001,"Milane, Cork County",148,27
Cork North-West,2ae19629-21d6-13a3-e055-000000000001,"Milford, Cork County",535,97
Cork North-West,2ae19629-21d7-13a3-e055-000000000001,"Milltown, Cork County",338,49
Cork East,2ae19629-21e1-13a3-e055-000000000001,"Mitchelstown, Cork County",4073,573
Cork East,2ae19629-21e2-13a3-e055-000000000001,"Mogeely, Cork County",525,63
Cork East,2ae19629-21ea-13a3-e055-000000000001,"Monanimy, Cork County",611,87
Cork South-Central,2ae19629-21eb-13a3-e055-000000000001,"Monkstown Rural, Cork County",941,149
Cork South-Central,2ae19629-2122-13a3-e055-000000000001,"Monkstown Urban, Cork County",4073,578
Cork North-West,2ae19629-21f2-13a3-e055-000000000001,"Mountrivers, Cork County",535,87
Cork North-West,2ae19629-21f3-13a3-e055-000000000001,"Moviddy, Cork County",1152,178
Cork North-West,2ae19629-210c-13a3-e055-000000000001,"Murragh, Cork County",378,80
Cork South-West,2ae19629-210d-13a3-e055-000000000001,"Myross, Cork County",638,70
Cork North-West,2ae19629-210e-13a3-e055-000000000001,"Nad, Cork County",75,6
Cork North-West,2ae19629-210f-13a3-e055-000000000001,"Newmarket, Cork County",1256,159
Cork North-West,2ae19629-2116-13a3-e055-000000000001,"Newtown, Cork County",741,116
Cork South-West,2ae19629-2117-13a3-e055-000000000001,"Nohaval, Cork County",241,34
Cork North-West,2ae19629-2118-13a3-e055-000000000001,"Ovens, Cork County",808,151
Cork North-West,2ae19629-2123-13a3-e055-000000000001,"Rahalisk, Cork County",429,69
Cork North-Central,2ae19629-212d-13a3-e055-000000000001,"Rahan, Cork County",691,104
Cork South-West,2ae19629-212e-13a3-e055-000000000001,"Rathbarry, Cork County",424,43
Cork South-West,2ae19629-212f-13a3-e055-000000000001,"Rathclarin, Cork County",531,97
Cork North-West,2ae19629-2136-13a3-e055-000000000001,"Rathcool, Cork County",429,64
Cork North-Central,2ae19629-2137-13a3-e055-000000000001,"Rathcooney, Cork County",281,45
Cork East,2ae19629-2138-13a3-e055-000000000001,"Rathcormack, Cork County",1804,221
Cork North-West,2ae19629-1f8d-13a3-e055-000000000001,"Rathluirc, Cork County",3367,414
Cork North-Central,2ae19629-2145-13a3-e055-000000000001,"Riverstown, Cork County",630,112
Cork North-West,2ae19629-2146-13a3-e055-000000000001,"Roskeen, Cork County",373,65
Cork North-West,2ae19629-2155-13a3-e055-000000000001,"Rosnalee, Cork County",314,47
Cork South-West,2ae19629-2156-13a3-e055-000000000001,"Rosscarbery, Cork County",912,111
Cork South-West,2ae19629-216f-13a3-e055-000000000001,"Rossmore, Cork County",278,44
Cork East,2ae19629-2170-13a3-e055-000000000001,"Rostellan, Cork County",962,127
Cork North-West,2ae19629-2171-13a3-e055-000000000001,"Rowls, Cork County",134,20
Cork South-West,2ae19629-218a-13a3-e055-000000000001,"Scart, Cork County",246,48
Cork South-West,2ae19629-218b-13a3-e055-000000000001,"Seefin, Cork County",280,25
Cork East,2ae19629-21a2-13a3-e055-000000000001,"Shanballymore, Cork County",496,77
Cork South-West,2ae19629-21a3-13a3-e055-000000000001,"Sheepshead, Cork County",160,12
Cork South-West,2ae19629-21a4-13a3-e055-000000000001,"Shreelane, Cork County",313,49
Cork North-West,2ae19629-21a5-13a3-e055-000000000001,"Skagh, Cork County",346,76
Cork East,2ae19629-21bc-13a3-e055-000000000001,"Skahanagh, Cork County",130,16
Cork South-West,2ae19629-21bd-13a3-e055-000000000001,"Skibbereen Rural, Cork County",1083,119
Cork South-West,2ae19629-21be-13a3-e055-000000000001,"Skibbereen Urban, Cork County",2294,227
Cork South-West,2ae19629-21bf-13a3-e055-000000000001,"Skull, Cork County",922,100
Cork North-West,2ae19629-21c9-13a3-e055-000000000001,"An Sliabh Riabhach, Corcaigh",722,89
Cork North-West,2ae19629-21ca-13a3-e055-000000000001,"Springfort, Cork County",490,84
Cork North-West,2ae19629-21d8-13a3-e055-000000000001,"Streamhill, Cork County",83,9
Cork North-West,2ae19629-21d9-13a3-e055-000000000001,"Teadies, Cork County",760,103
Cork North-West,2ae19629-21e3-13a3-e055-000000000001,"Teerelton, Cork County",470,76
Cork East,2ae19629-21e4-13a3-e055-000000000001,"Templebodan, Cork County",512,82
Cork South-Central,2ae19629-21ec-13a3-e055-000000000001,"Templebreedy, Cork County",3380,428
Cork North-West,2ae19629-21ed-13a3-e055-000000000001,"Templemartin, Cork County",614,118
Cork North-West,2ae19629-21f4-13a3-e055-000000000001,"Templemary, Cork County",268,42
Cork South-West,2ae19629-21f5-13a3-e055-000000000001,"Templemichael, Cork County",568,114
Cork East,2ae19629-21f6-13a3-e055-000000000001,"Templemolaga, Cork County",247,29
Cork East,2ae19629-2110-13a3-e055-000000000001,"Templenacarriga, Cork County",485,92
Cork South-West,2ae19629-2111-13a3-e055-000000000001,"Templeomalus, Cork County",602,98
Cork South-West,2ae19629-2119-13a3-e055-000000000001,"Timoleague, Cork County",546,70
Cork North-West,2ae19629-211a-13a3-e055-000000000001,"Tincoora, Cork County",376,56
Cork South-West,2ae19629-211b-13a3-e055-000000000001,"Toormore, Cork County",178,17
Cork South-West,2ae19629-211c-13a3-e055-000000000001,"Tullagh, Cork County",693,78
Cork North-West,2ae19629-211d-13a3-e055-000000000001,"Tullylease, Cork County",321,35
Cork North-West,2ae19629-2124-13a3-e055-000000000001,"Na hUláin, Corcaigh",473,74
Cork East,2ae19629-2125-13a3-e055-000000000001,"Wallstown, Cork County",202,33
Cork North-West,2ae19629-2130-13a3-e055-000000000001,"Warrenscourt, Cork County",595,92
Cork North-Central,2ae19629-2131-13a3-e055-000000000001,"Watergrasshill, Cork County",1330,173
Cork South-West,6a372d28-f5c8-4acc-b237-4f7bb4a9ad53,"Whiddy/Bantry Rural, Cork County",899,112
Cork North-Central,2ae19629-213a-13a3-e055-000000000001,"Whitechurch, Cork County",1493,273
Cork North-West,2ae19629-2108-13a3-e055-000000000001,"Williamstown, Cork County",383,58
Cork South-West,2ae19629-213b-13a3-e055-000000000001,"Woodfort, Cork County",302,48
Cork East,2ae19629-2147-13a3-e055-000000000001,"Youghal Rural, Cork County",1033,131
Cork East,2ae19629-2148-13a3-e055-000000000001,"Youghal Urban, Cork County",5966,786
Kerry,2ae19629-2387-13a3-e055-000000000001,"Abbeydorney, Kerry",940,122
Kerry,2ae19629-2388-13a3-e055-000000000001,"Aghadoe, Kerry",667,108
Kerry,2ae19629-2390-13a3-e055-000000000001,"Aglish, Kerry",386,58
Kerry,2ae19629-2391-13a3-e055-000000000001,"Arabela, Kerry",1202,159
Kerry,2ae19629-2392-13a3-e055-000000000001,"Ardagh, Kerry",534,74
Kerry,2ae19629-2393-13a3-e055-000000000001,"Ardea, Kerry",157,10
Kerry,2ae19629-239d-13a3-e055-000000000001,"Ardfert, Kerry",826,115
Kerry,2ae19629-239e-13a3-e055-000000000001,"Astee, Kerry",388,65
Kerry,2ae19629-239f-13a3-e055-000000000001,"Na Beathacha, Ciarraí",155,21
Kerry,2ae19629-23ac-13a3-e055-000000000001,"Ballincloher, Kerry",359,57
Kerry,2ae19629-23ad-13a3-e055-000000000001,"Baile an Sceilg, Ciarraí",351,47
Kerry,2ae19629-23ae-13a3-e055-000000000001,"Ballinvoher, Kerry",465,64
Kerry,2ae19629-23af-13a3-e055-000000000001,"An Baile Breac, Ciarraí",89,12
Kerry,2ae19629-22d3-13a3-e055-000000000001,"Ballyconry, Kerry",350,52
Kerry,2ae19629-22d4-13a3-e055-000000000001,"Ballyduff, Kerry, 077015",652,105
Kerry,2ae19629-22d5-13a3-e055-000000000001,"An Baile Dubh, Ciarraí, 077016",111,15
Kerry,2ae19629-22e2-13a3-e055-000000000001,"Ballyegan, Kerry, 077017",266,37
Kerry,2ae19629-22e3-13a3-e055-000000000001,"Ballyegan, Kerry, 077018",76,15
Kerry,2ae19629-22e4-13a3-e055-000000000001,"Ballyhar, Kerry",147,17
Kerry,2ae19629-22ee-13a3-e055-000000000001,"Ballyheige, Kerry",1125,166
Kerry,2ae19629-22ef-13a3-e055-000000000001,"Ballyhorgan, Kerry",330,38
Kerry,2ae19629-22fd-13a3-e055-000000000001,"Ballynacourty, Kerry",238,29
Kerry,2ae19629-22fe-13a3-e055-000000000001,"Ballynahaglish, Kerry",1281,182
Kerry,2ae19629-230d-13a3-e055-000000000001,"Ballynorig, Kerry",401,58
Kerry,2ae19629-230e-13a3-e055-000000000001,"Ballyseedy, Kerry",1506,221
Kerry,2ae19629-230f-13a3-e055-000000000001,"Banawn, Kerry",191,19
Kerry,2ae19629-231b-13a3-e055-000000000001,"Banna, Kerry",607,85
Kerry,2ae19629-231c-13a3-e055-000000000001,"Baurtregaum, Kerry",294,38
Kerry,2ae19629-231d-13a3-e055-000000000001,"Beal, Kerry",125,21
Kerry,2ae19629-2329-13a3-e055-000000000001,"Blennerville, Kerry",586,98
Kerry,2ae19629-232a-13a3-e055-000000000001,"Boolteens, Kerry",375,55
Kerry,2ae19629-2336-13a3-e055-000000000001,"Cé Bhréanainn, Ciarraí",129,14
Kerry,2ae19629-2337-13a3-e055-000000000001,"Brewsterfield, Kerry",607,79
Kerry,2ae19629-2342-13a3-e055-000000000001,"Brosna, Kerry",597,83
Kerry,2ae19629-2343-13a3-e055-000000000001,"Caher, Kerry",1676,166
Kerry,2ae19629-2344-13a3-e055-000000000001,"Cathair Dónall, Ciarraí",269,22
Kerry,2ae19629-2353-13a3-e055-000000000001,"Cappagh, Kerry",307,41
Kerry,2ae19629-2363-13a3-e055-000000000001,"Caragh, Kerry",772,106
Kerry,2ae19629-2362-13a3-e055-000000000001,"Carker, Kerry",341,58
Kerry,2ae19629-2364-13a3-e055-000000000001,"Carrig, Kerry",299,39
Kerry,2ae19629-2365-13a3-e055-000000000001,"Castlecove, Kerry",283,23
Kerry,2ae19629-2366-13a3-e055-000000000001,"Castlegregory, Kerry",814,105
Kerry,2ae19629-2378-13a3-e055-000000000001,"Castleisland, Kerry",2709,362
Kerry,2ae19629-2379-13a3-e055-000000000001,"Castlequin, Kerry",457,60
Kerry,2ae19629-237a-13a3-e055-000000000001,"Causeway, Kerry",515,81
Kerry,2ae19629-2389-13a3-e055-000000000001,"Churchtown, Kerry",404,72
Kerry,2ae19629-238a-13a3-e055-000000000001,"An Clochán, Ciarraí",207,23
Kerry,2ae19629-2394-13a3-e055-000000000001,"Clogherbrien, Kerry",1223,197
Kerry,2ae19629-2396-13a3-e055-000000000001,"Cloontubbrid, Kerry",215,32
Kerry,2ae19629-23a0-13a3-e055-000000000001,"Clydagh, Kerry",97,11
Kerry,2ae19629-23a1-13a3-e055-000000000001,"Coolies, Kerry",663,103
Kerry,2ae19629-23a2-13a3-e055-000000000001,"Coom, Kerry",1628,295
Kerry,2ae19629-23b0-13a3-e055-000000000001,"Cordal, Kerry",220,32
Kerry,2ae19629-23b1-13a3-e055-000000000001,"Crinny, Kerry",247,40
Kerry,2ae19629-22c7-13a3-e055-000000000001,"Curraghbeg, Kerry",158,24
Kerry,2ae19629-22c8-13a3-e055-000000000001,"Curraghmore, Kerry",272,41
Kerry,2ae19629-22c9-13a3-e055-000000000001,"Currans, Kerry",209,32
Kerry,2ae19629-22ca-13a3-e055-000000000001,"Doire Fhíonáin, Ciarraí",159,11
Kerry,2ae19629-22cb-13a3-e055-000000000001,"Dawros, Kerry",483,41
Kerry,2ae19629-22cc-13a3-e055-000000000001,"Deelis, Kerry",274,25
Kerry,2ae19629-22d6-13a3-e055-000000000001,"Derreen, Kerry",157,28
Kerry,842865f1-99a8-46b1-8460-28a9e20b0d17,"Doire Ianna/An Chluain, Ciarraí",190,25
Kerry,2ae19629-22d8-13a3-e055-000000000001,"Dingle, Kerry",1450,108
Kerry,2ae19629-22d9-13a3-e055-000000000001,"Doocarrig, Kerry",496,83
Kerry,2ae19629-2218-13a3-e055-000000000001,"Doon, Kerry",523,87
Kerry,2ae19629-2219-13a3-e055-000000000001,"Dromin, Kerry",616,80
Kerry,2ae19629-221a-13a3-e055-000000000001,"Drommartin, Kerry",405,70
Kerry,2ae19629-2224-13a3-e055-000000000001,"Dromore, Kerry",253,27
Kerry,2ae19629-2225-13a3-e055-000000000001,"Duagh, Kerry",406,59
Kerry,2ae19629-222e-13a3-e055-000000000001,"Dunloe, Kerry",686,77
Kerry,2ae19629-222f-13a3-e055-000000000001,"Dún Chaoin, Ciarraí",156,16
Kerry,2ae19629-2230-13a3-e055-000000000001,"Dún Urlann, Ciarraí",387,43
Kerry,2ae19629-2231-13a3-e055-000000000001,"An tImleach, Ciarraí",743,90
Kerry,2ae19629-2232-13a3-e055-000000000001,"Ennismore, Kerry",442,77
Kerry,2ae19629-2233-13a3-e055-000000000001,"Flesk, Kerry",319,39
Kerry,2ae19629-2234-13a3-e055-000000000001,"Glanbehy, Kerry",979,124
Kerry,2ae19629-2235-13a3-e055-000000000001,"Glanlee, Kerry",151,25
Kerry,2ae19629-2241-13a3-e055-000000000001,"Glanlough, Kerry",128,22
Kerry,2ae19629-2242-13a3-e055-000000000001,"Glanmore, Kerry",206,27
Kerry,2ae19629-2243-13a3-e055-000000000001,"Glinn, Kerry",1349,146
Kerry,2ae19629-2244-13a3-e055-000000000001,"Gneeves, Kerry",297,48
Kerry,2ae19629-224f-13a3-e055-000000000001,"Greenane, Kerry",188,26
Kerry,2ae19629-2250-13a3-e055-000000000001,"Gullane, Kerry",227,38
Kerry,2ae19629-2251-13a3-e055-000000000001,"Gunsborough, Kerry",282,41
Kerry,2ae19629-225d-13a3-e055-000000000001,"Headfort, Kerry",720,92
Kerry,2ae19629-225e-13a3-e055-000000000001,"Inch, Kerry",145,15
Kerry,2ae19629-225f-13a3-e055-000000000001,"Kenmare, Kerry",2708,237
Kerry,2ae19629-2260-13a3-e055-000000000001,"Kerryhead, Kerry",495,83
Kerry,2ae19629-226c-13a3-e055-000000000001,"Kilbonane, Kerry",478,71
Kerry,2ae19629-226d-13a3-e055-000000000001,"Kilcummin, Kerry",1696,219
Kerry,2ae19629-226e-13a3-e055-000000000001,"Kilfeighny, Kerry",737,98
Kerry,2ae19629-226f-13a3-e055-000000000001,"Kilfelim, Kerry",177,20
Kerry,2ae19629-227a-13a3-e055-000000000001,"Kilflyn, Kerry",193,21
Kerry,2ae19629-227b-13a3-e055-000000000001,"Kilgarrylander, Kerry",522,75
Kerry,2ae19629-227c-13a3-e055-000000000001,"Kilgarvan, Kerry",614,73
Kerry,2ae19629-2285-13a3-e055-000000000001,"Kilgobban, Kerry",226,23
Kerry,2ae19629-2286-13a3-e055-000000000001,"Kilgobnet, Kerry",741,91
Kerry,2ae19629-2287-13a3-e055-000000000001,"Killahan, Kerry",287,37
Kerry,2ae19629-2288-13a3-e055-000000000001,"Killarney Rural, Kerry",5837,754
Kerry,2ae19629-2293-13a3-e055-000000000001,"Killarney Urban, Kerry",8558,617
Kerry,2ae19629-2294-13a3-e055-000000000001,"Killeentierna, Kerry",683,109
Kerry,2ae19629-2295-13a3-e055-000000000001,"Killehenny, Kerry",1662,213
Kerry,2ae19629-229f-13a3-e055-000000000001,"Killinane, Kerry",236,19
Kerry,2ae19629-22a0-13a3-e055-000000000001,"Killorglin, Kerry",3606,455
Kerry,2ae19629-22a1-13a3-e055-000000000001,"Killury, Kerry",384,73
Kerry,2ae19629-22aa-13a3-e055-000000000001,"Cill Maoilchéadair, Ciarraí",424,44
Kerry,2ae19629-22ab-13a3-e055-000000000001,"Kilmeany, Kerry",583,97
Kerry,2ae19629-22b6-13a3-e055-000000000001,"Kilmurry, Kerry",244,41
Kerry,2ae19629-22b7-13a3-e055-000000000001,"Kilnanare, Kerry",778,137
Kerry,2ae19629-22b8-13a3-e055-000000000001,"Cill Chuáin, Ciarraí",344,38
Kerry,2ae19629-2201-13a3-e055-000000000001,"Kilshenane, Kerry",199,31
Kerry,2ae19629-2202-13a3-e055-000000000001,"Kiltallagh, Kerry",428,54
Kerry,2ae19629-2203-13a3-e055-000000000001,"Kiltomy, Kerry",315,42
Kerry,2ae19629-220f-13a3-e055-000000000001,"Cinn Aird, Ciarraí",263,32
Kerry,2ae19629-2210-13a3-e055-000000000001,"Knockglass, Kerry",308,31
Kerry,2ae19629-221b-13a3-e055-000000000001,"Knocknagashel, Kerry",580,106
Kerry,2ae19629-221c-13a3-e055-000000000001,"Knocknahoe, Kerry",244,45
Kerry,2ae19629-2226-13a3-e055-000000000001,"Lack, Kerry",233,37
Kerry,2ae19629-2227-13a3-e055-000000000001,"Lackabaun, Kerry",346,56
Kerry,2ae19629-2236-13a3-e055-000000000001,"Lahard, Kerry",563,78
Kerry,2ae19629-2237-13a3-e055-000000000001,"Leitrim, Kerry",424,65
Kerry,2ae19629-2238-13a3-e055-000000000001,"Lickeen, Kerry",80,14
Kerry,2ae19629-2245-13a3-e055-000000000001,"Lislaughtin, Kerry",460,69
Kerry,2ae19629-2246-13a3-e055-000000000001,"Lisselton, Kerry",276,45
Kerry,2ae19629-2247-13a3-e055-000000000001,"Listowel Rural, Kerry",1270,145
Kerry,2ae19629-2252-13a3-e055-000000000001,"Listowel Urban, Kerry",3331,378
Kerry,2ae19629-2253-13a3-e055-000000000001,"Lixnaw, Kerry",826,129
Kerry,2ae19629-2254-13a3-e055-000000000001,"Loughbrin, Kerry",113,17
Kerry,2ae19629-2255-13a3-e055-000000000001,"Loch Luíoch, Ciarraí",274,25
Kerry,2ae19629-2256-13a3-e055-000000000001,"Márthain, Ciarraí",206,16
Kerry,f2b35649-c96c-4cf5-b8ab-60770f0291a9,"Máistir Gaoithe/Ceannúigh, Ciarraí",181,23
Kerry,2ae19629-2262-13a3-e055-000000000001,"Maum, Kerry",221,40
Kerry,2ae19629-2263-13a3-e055-000000000001,"Millbrook, Kerry",354,48
Kerry,2ae19629-2270-13a3-e055-000000000001,"Milltown, Kerry",1732,211
Kerry,2ae19629-2271-13a3-e055-000000000001,"An Mhin Aird, Ciarraí",330,35
Kerry,2ae19629-2272-13a3-e055-000000000001,"Molahiffe, Kerry",1227,188
Kerry,2ae19629-227d-13a3-e055-000000000001,"Mount Eagle, Kerry",137,26
Kerry,2ae19629-227e-13a3-e055-000000000001,"Moynsha, Kerry",381,55
Kerry,2ae19629-2289-13a3-e055-000000000001,"Muckross, Kerry",669,62
Kerry,2ae19629-228a-13a3-e055-000000000001,"Newtownsandes, Kerry",877,108
Kerry,2ae19629-228b-13a3-e055-000000000001,"Nohaval, Kerry",301,47
Kerry,2ae19629-2296-13a3-e055-000000000001,"O'brennan, Kerry",398,70
Kerry,2ae19629-2297-13a3-e055-000000000001,"Portmagee, Kerry",279,29
Kerry,2ae19629-22a2-13a3-e055-000000000001,"Ratass, Kerry",879,124
Kerry,2ae19629-22a3-13a3-e055-000000000001,"Rathea, Kerry",335,54
Kerry,2ae19629-22ac-13a3-e055-000000000001,"Rathmore, Kerry",1514,221
Kerry,2ae19629-22ad-13a3-e055-000000000001,"Reen, Kerry",135,13
Kerry,2ae19629-22ae-13a3-e055-000000000001,"Rockfield, Kerry",294,50
Kerry,2ae19629-22b9-13a3-e055-000000000001,"Scartaglin, Kerry",524,84
Kerry,2ae19629-22ba-13a3-e055-000000000001,"Shronowen, Kerry",186,26
Kerry,2ae19629-22bb-13a3-e055-000000000001,"Sneem, Kerry",697,53
Kerry,2ae19629-22bc-13a3-e055-000000000001,"Toghroinn Fhíonáin, Ciarraí",132,15
Kerry,2ae19629-22bd-13a3-e055-000000000001,"An Sráidbhaile, Ciarraí",178,19
Kerry,2ae19629-22be-13a3-e055-000000000001,"Tahilla, Kerry",197,15
Kerry,2ae19629-21f9-13a3-e055-000000000001,"Tarbert, Kerry",612,78
Kerry,2ae19629-21fa-13a3-e055-000000000001,"Tarmon, Kerry",386,54
Kerry,2ae19629-221d-13a3-e055-000000000001,"Trian Iarthach, Ciarraí, 077159",246,30
Kerry,2ae19629-221e-13a3-e055-000000000001,"Tralee Rural, Kerry",14517,1898
Kerry,2ae19629-221f-13a3-e055-000000000001,"Tralee Urban, Kerry",5071,364
Kerry,2ae19629-2228-13a3-e055-000000000001,"Trienearagh, Kerry",364,62
Kerry,2ae19629-2229-13a3-e055-000000000001,"Tubrid, Kerry",660,112
Kerry,2ae19629-222a-13a3-e055-000000000001,"Urlee, Kerry",295,38
Kerry,2ae19629-2239-13a3-e055-000000000001,"Valencia, Kerry",533,64
Kerry,2ae19629-223a-13a3-e055-000000000001,"Ceann Trá, Ciarraí",355,36
Limerick City,2ae19629-17cc-13a3-e055-000000000001,"Abbey A, Limerick",3668,537
Limerick City,2ae19629-17cd-13a3-e055-000000000001,"Abbey B, Limerick",2144,285
Limerick City,2ae19629-17ce-13a3-e055-000000000001,"Abbey C, Limerick",543,42
Limerick City,2ae19629-17cf-13a3-e055-000000000001,"Abbey D, Limerick",1221,159
Limerick City,2ae19629-17dd-13a3-e055-000000000001,"Ballinacurra A, Limerick",1920,136
Limerick City,2ae19629-17de-13a3-e055-000000000001,"Ballinacurra B, Limerick",1145,202
Limerick City,2ae19629-17df-13a3-e055-000000000001,"Ballynanty, Limerick",2256,465
Limerick City,2ae19629-17e0-13a3-e055-000000000001,"Castle A, Limerick",907,112
Limerick City,2ae19629-17e1-13a3-e055-000000000001,"Castle B, Limerick",469,35
Limerick City,2ae19629-17e2-13a3-e055-000000000001,"Castle C, Limerick",1200,78
Limerick City,2ae19629-17e3-13a3-e055-000000000001,"Castle D, Limerick",1612,197
Limerick City,2ae19629-17e4-13a3-e055-000000000001,"Coolraine, Limerick",1379,167
Limerick City,2ae19629-17e5-13a3-e055-000000000001,"Custom House, Limerick",749,20
Limerick City,2ae19629-17e6-13a3-e055-000000000001,"Dock A, Limerick",2452,72
Limerick City,2ae19629-17e7-13a3-e055-000000000001,"Dock B, Limerick",1049,45
Limerick City,2ae19629-17e8-13a3-e055-000000000001,"Dock C, Limerick",966,73
Limerick City,2ae19629-17e9-13a3-e055-000000000001,"Dock D, Limerick",641,40
Limerick City,2ae19629-17ea-13a3-e055-000000000001,"Farranshone, Limerick",859,75
Limerick City,2ae19629-17eb-13a3-e055-000000000001,"Galvone A, Limerick",1140,195
Limerick City,2ae19629-17ec-13a3-e055-000000000001,"Galvone B, Limerick",513,93
Limerick City,2ae19629-17ed-13a3-e055-000000000001,"Glentworth A, Limerick",530,42
Limerick City,2ae19629-17f4-13a3-e055-000000000001,"Glentworth B, Limerick",1000,155
Limerick City,2ae19629-17f5-13a3-e055-000000000001,"Glentworth C, Limerick",426,59
Limerick City,2ae19629-17f6-13a3-e055-000000000001,"John's A, Limerick",557,130
Limerick City,2ae19629-17f7-13a3-e055-000000000001,"John's B, Limerick",890,81
Limerick City,2ae19629-17f8-13a3-e055-000000000001,"John's C, Limerick",443,29
Limerick City,2ae19629-17f9-13a3-e055-000000000001,"Killeely A, Limerick",1102,210
Limerick City,2ae19629-17fa-13a3-e055-000000000001,"Killeely B, Limerick",739,99
Limerick City,2ae19629-17c0-13a3-e055-000000000001,"Limerick North Rural, Limerick",5799,765
Limerick City,2ae19629-17fb-13a3-e055-000000000001,"Market, Limerick",1828,97
Limerick City,2ae19629-17fc-13a3-e055-000000000001,"Prospect A, Limerick",871,95
Limerick City,2ae19629-17fd-13a3-e055-000000000001,"Prospect B, Limerick",481,82
Limerick City,2ae19629-17fe-13a3-e055-000000000001,"Rathbane, Limerick",1355,240
Limerick City,2ae19629-17ff-13a3-e055-000000000001,"Shannon A, Limerick",1071,10
Limerick City,2ae19629-1800-13a3-e055-000000000001,"Shannon B, Limerick",1110,14
Limerick City,2ae19629-1801-13a3-e055-000000000001,"Singland A, Limerick",1307,223
Limerick City,2ae19629-1802-13a3-e055-000000000001,"Singland B, Limerick",2981,514
Limerick City,2ae19629-1803-13a3-e055-000000000001,"St. Laurence, Limerick",859,80
Limerick County,2ae19629-1757-13a3-e055-000000000001,"Abbeyfeale, Limerick",2035,291
Limerick County,2ae19629-1758-13a3-e055-000000000001,"Abbeyville, Limerick",321,54
Limerick City,2ae19629-1759-13a3-e055-000000000001,"Abington, Limerick",954,150
Limerick County,2ae19629-175a-13a3-e055-000000000001,"Adare North, Limerick",457,71
Limerick County,2ae19629-175b-13a3-e055-000000000001,"Adare South, Limerick",1753,196
Limerick County,2ae19629-175c-13a3-e055-000000000001,"Anglesborough, Limerick",271,41
Limerick County,2ae19629-175d-13a3-e055-000000000001,"Ardagh, Limerick",797,134
Limerick County,2ae19629-175e-13a3-e055-000000000001,"Ardpatrick, Limerick",306,58
Limerick County,2ae19629-174e-13a3-e055-000000000001,"Askeaton East, Limerick",462,83
Limerick County,2ae19629-174f-13a3-e055-000000000001,"Askeaton West, Limerick",922,132
Limerick County,2ae19629-1750-13a3-e055-000000000001,"Athlacca, Limerick",314,50
Limerick County,2ae19629-1751-13a3-e055-000000000001,"Aughinish, Limerick",207,32
Limerick County,2ae19629-1752-13a3-e055-000000000001,"Ballingarry, Limerick",715,100
Limerick County,2ae19629-1753-13a3-e055-000000000001,"Ballintober, Limerick",290,45
Limerick County,2ae19629-175f-13a3-e055-000000000001,"Ballyagran, Limerick",411,53
Limerick County,2ae19629-1760-13a3-e055-000000000001,"Ballyallinan, Limerick",333,56
Limerick City,2ae19629-1767-13a3-e055-000000000001,"Ballybricken, Limerick",1472,239
Limerick City,2ae19629-1768-13a3-e055-000000000001,"Ballycummin, Limerick",14581,1646
Limerick County,2ae19629-1769-13a3-e055-000000000001,"Ballygrennan, Limerick",224,39
Limerick County,2ae19629-176a-13a3-e055-000000000001,"Ballylanders, Limerick",500,75
Limerick County,2ae19629-176b-13a3-e055-000000000001,"Ballymacshaneboy, Limerick",365,51
Limerick County,2ae19629-176c-13a3-e055-000000000001,"Ballynabanoge, Limerick",248,42
Limerick County,2ae19629-176d-13a3-e055-000000000001,"Ballynacarriga, Limerick",679,106
Limerick County,2ae19629-176f-13a3-e055-000000000001,"Ballynoe West, Limerick",257,45
Limerick County,2ae19629-176e-13a3-e055-000000000001,"Ballynoe, Limerick",381,57
Limerick City,2ae19629-1770-13a3-e055-000000000001,"Ballysimon, Limerick",13095,1002
Limerick City,2ae19629-1771-13a3-e055-000000000001,"Ballyvarra, Limerick",3501,464
Limerick County,2ae19629-1772-13a3-e055-000000000001,"Bilboa, Limerick",315,50
Limerick County,2ae19629-1773-13a3-e055-000000000001,"Boola, Limerick",111,17
Limerick County,2ae19629-1774-13a3-e055-000000000001,"Broadford, Limerick",742,111
Limerick County,2ae19629-1761-13a3-e055-000000000001,"Bruff, Limerick",1129,168
Limerick County,2ae19629-1762-13a3-e055-000000000001,"Bruree, Limerick",1017,117
Limerick County,2ae19629-1763-13a3-e055-000000000001,"Bulgaden, Limerick",249,40
Limerick County,2ae19629-1764-13a3-e055-000000000001,"Caher, Limerick",299,43
Limerick City,2ae19629-1765-13a3-e055-000000000001,"Caherconlish East, Limerick",420,64
Limerick City,2ae19629-1766-13a3-e055-000000000001,"Caherconlish West, Limerick",1645,204
Limerick County,2ae19629-177c-13a3-e055-000000000001,"Cahercorney, Limerick",540,81
Limerick County,2ae19629-177d-13a3-e055-000000000001,"Caherelly, Limerick",278,53
Limerick County,2ae19629-177e-13a3-e055-000000000001,"Cappamore, Limerick",1101,185
Limerick County,2ae19629-177f-13a3-e055-000000000001,"Carrig, Limerick",480,75
Limerick City,2ae19629-1780-13a3-e055-000000000001,"Castleconnell, Limerick",2684,375
Limerick County,2ae19629-1781-13a3-e055-000000000001,"Castletown, Limerick, 127042",308,57
Limerick County,2ae19629-1782-13a3-e055-000000000001,"Castletown, Limerick, 127043",355,47
Limerick County,2ae19629-1783-13a3-e055-000000000001,"Clarina, Limerick",1535,224
Limerick County,2ae19629-1784-13a3-e055-000000000001,"Cleanglass, Limerick",217,37
Limerick County,2ae19629-1785-13a3-e055-000000000001,"Cloncagh, Limerick",237,31
Limerick City,2ae19629-1786-13a3-e055-000000000001,"Clonkeen, Limerick",724,83
Limerick County,2ae19629-1787-13a3-e055-000000000001,"Colmanswell, Limerick",425,70
Limerick County,2ae19629-1788-13a3-e055-000000000001,"Coolrus, Limerick",366,60
Limerick County,2ae19629-1789-13a3-e055-000000000001,"Craggs, Limerick",200,36
Limerick County,2ae19629-1775-13a3-e055-000000000001,"Crean, Limerick",367,49
Limerick County,2ae19629-1776-13a3-e055-000000000001,"Crecora, Limerick",345,55
Limerick County,2ae19629-1777-13a3-e055-000000000001,"Croagh, Limerick",616,77
Limerick County,2ae19629-1778-13a3-e055-000000000001,"Croom, Limerick",1505,171
Limerick County,2ae19629-1779-13a3-e055-000000000001,"Cullane, Limerick",304,54
Limerick County,2ae19629-177a-13a3-e055-000000000001,"Danganbeg, Limerick",317,34
Limerick County,2ae19629-177b-13a3-e055-000000000001,"Darragh, Limerick",288,36
Limerick County,2ae19629-178a-13a3-e055-000000000001,"Doon South, Limerick",1020,145
Limerick County,2ae19629-178b-13a3-e055-000000000001,"Doon West, Limerick",198,24
Limerick County,2ae19629-1792-13a3-e055-000000000001,"Dromard, Limerick",673,114
Limerick County,2ae19629-1793-13a3-e055-000000000001,"Dromcolliher, Limerick",738,110
Limerick County,2ae19629-1794-13a3-e055-000000000001,"Dromin, Limerick",439,74
Limerick County,2ae19629-1795-13a3-e055-000000000001,"Dromtrasna, Limerick",723,120
Limerick County,2ae19629-1796-13a3-e055-000000000001,"Dunmoylan East, Limerick",383,53
Limerick County,2ae19629-1798-13a3-e055-000000000001,"Dunnaman, Limerick",533,93
Limerick County,2ae19629-1799-13a3-e055-000000000001,"Duntryleague, Limerick",265,51
Limerick County,2ae19629-179a-13a3-e055-000000000001,"Emlygrennan, Limerick",607,78
Limerick County,2ae19629-179b-13a3-e055-000000000001,"Fedamore, Limerick",991,144
Limerick County,2ae19629-179c-13a3-e055-000000000001,"Feenagh, Limerick",257,32
Limerick County,2ae19629-179d-13a3-e055-000000000001,"Fleanmore, Limerick",180,36
Limerick County,2ae19629-179e-13a3-e055-000000000001,"Galbally, Limerick",455,80
Limerick County,2ae19629-178c-13a3-e055-000000000001,"Garrane, Limerick",253,52
Limerick County,2ae19629-178d-13a3-e055-000000000001,"Garryduff, Limerick",221,36
Limerick County,2ae19629-178e-13a3-e055-000000000001,"Glenagower, Limerick",413,68
Limerick County,2ae19629-178f-13a3-e055-000000000001,"Glenbrohane, Limerick",347,35
Limerick County,2ae19629-1790-13a3-e055-000000000001,"Glengort, Limerick",552,82
Limerick County,2ae19629-1791-13a3-e055-000000000001,"Glensharrold, Limerick",361,58
Limerick City,2ae19629-17a6-13a3-e055-000000000001,"Glenstal, Limerick",843,118
Limerick County,2ae19629-17a7-13a3-e055-000000000001,"Glin, Limerick",963,129
Limerick County,2ae19629-17a8-13a3-e055-000000000001,"Grange, Limerick",406,67
Limerick County,2ae19629-17a9-13a3-e055-000000000001,"Grean, Limerick",1170,174
Limerick County,2ae19629-17aa-13a3-e055-000000000001,"Griston, Limerick",235,32
Limerick County,2ae19629-17ab-13a3-e055-000000000001,"Hospital, Limerick",973,138
Limerick County,2ae19629-17ac-13a3-e055-000000000001,"Iveruss, Limerick",263,30
Limerick County,2ae19629-17ad-13a3-e055-000000000001,"Kilbeheny, Limerick",208,34
Limerick County,2ae19629-17ae-13a3-e055-000000000001,"Kilcornan, Limerick",592,74
Limerick County,2ae19629-17af-13a3-e055-000000000001,"Kildimo, Limerick",509,85
Limerick County,2ae19629-17b0-13a3-e055-000000000001,"Kilfergus, Limerick",361,42
Limerick County,2ae19629-179f-13a3-e055-000000000001,"Kilfinnane, Limerick",889,126
Limerick County,2ae19629-17a0-13a3-e055-000000000001,"Kilfinny, Limerick",224,30
Limerick County,2ae19629-17a1-13a3-e055-000000000001,"Kilflyn, Limerick",172,17
Limerick County,2ae19629-17a2-13a3-e055-000000000001,"Kilglass, Limerick",240,22
Limerick County,2ae19629-17a3-13a3-e055-000000000001,"Kilmallock, Limerick",1873,237
Limerick County,2ae19629-17a4-13a3-e055-000000000001,"Kilmeedy, Limerick",265,39
Limerick County,2ae19629-17a5-13a3-e055-000000000001,"Kilmoylan, Limerick",333,44
Limerick County,2ae19629-17b1-13a3-e055-000000000001,"Kilmurry, Limerick",689,119
Limerick County,2ae19629-17b2-13a3-e055-000000000001,"Kilpeacon, Limerick",410,70
Limerick County,2ae19629-17ba-13a3-e055-000000000001,"Kilscannell, Limerick",470,75
Limerick County,2ae19629-17bb-13a3-e055-000000000001,"Kilteely, Limerick",471,82
Limerick County,2ae19629-17bc-13a3-e055-000000000001,"Knockaderry, Limerick",405,69
Limerick County,2ae19629-17bd-13a3-e055-000000000001,"Knockainy, Limerick",586,89
Limerick County,2ae19629-17be-13a3-e055-000000000001,"Knocklong, Limerick",714,104
Limerick County,2ae19629-17bf-13a3-e055-000000000001,"Knocknascrow, Limerick",162,25
Limerick City,2ae19629-17c1-13a3-e055-000000000001,"Limerick South Rural, Limerick",1604,192
Limerick County,2ae19629-17c2-13a3-e055-000000000001,"Lismakeery, Limerick",352,48
Limerick County,2ae19629-17c3-13a3-e055-000000000001,"Loghill, Limerick",525,73
Limerick County,2ae19629-17c4-13a3-e055-000000000001,"Mahoonagh, Limerick",397,54
Limerick County,fbd773f9-3255-4b44-ade1-02facf2621f8,"Mohernagh/Dunmoylan West, Limerick",160,22
Limerick County,2ae19629-17c6-13a3-e055-000000000001,"Monagay, Limerick",922,134
Limerick County,2ae19629-17c7-13a3-e055-000000000001,"Mountcollins, Limerick",398,45
Limerick County,2ae19629-17b3-13a3-e055-000000000001,"Mountplummer, Limerick",267,39
Limerick County,2ae19629-17b4-13a3-e055-000000000001,"Nantinan, Limerick",566,103
Limerick County,2ae19629-17b5-13a3-e055-000000000001,"Newcastle Rural, Limerick",1844,209
Limerick County,2ae19629-17b6-13a3-e055-000000000001,"Newcastle Urban, Limerick",4221,434
Limerick County,2ae19629-17b7-13a3-e055-000000000001,"Oola, Limerick",864,146
Limerick County,2ae19629-17b8-13a3-e055-000000000001,"Pallaskenry, Limerick",847,141
Limerick County,2ae19629-17b9-13a3-e055-000000000001,"Particles, Limerick",169,26
Limerick County,2ae19629-17d0-13a3-e055-000000000001,"Patrickswell, Limerick",1158,223
Limerick County,2ae19629-17d1-13a3-e055-000000000001,"Port, Limerick",402,64
Limerick County,2ae19629-17d2-13a3-e055-000000000001,"Rathkeale Rural, Limerick",253,41
Limerick County,2ae19629-17d3-13a3-e055-000000000001,"Rathkeale Urban, Limerick",1089,145
Limerick County,2ae19629-17d4-13a3-e055-000000000001,"Rathmore, Limerick",239,47
Limerick County,2ae19629-17d5-13a3-e055-000000000001,"Rathronan, Limerick",730,107
Limerick County,2ae19629-17d6-13a3-e055-000000000001,"Riddlestown, Limerick",446,72
Limerick County,2ae19629-17d7-13a3-e055-000000000001,"Riversdale, Limerick",203,30
Limerick County,2ae19629-17d8-13a3-e055-000000000001,"Rockhill, Limerick",246,35
Limerick County,2ae19629-17d9-13a3-e055-000000000001,"Rooskagh, Limerick",228,33
Limerick City,2ae19629-17da-13a3-e055-000000000001,"Roxborough, Limerick",1234,184
Limerick County,2ae19629-17db-13a3-e055-000000000001,"Shanagolden, Limerick",761,93
Limerick County,2ae19629-17dc-13a3-e055-000000000001,"Shanid, Limerick",408,50
Limerick County,2ae19629-17c8-13a3-e055-000000000001,"Templebredon, Limerick",438,77
Limerick County,2ae19629-17c9-13a3-e055-000000000001,"Templeglentan, Limerick",806,124
Limerick County,2ae19629-17ca-13a3-e055-000000000001,"Tobernea, Limerick",523,94
Limerick County,2ae19629-17cb-13a3-e055-000000000001,"Uregare, Limerick",489,92
Tipperary North,2ae19629-19fd-13a3-e055-000000000001,"Abington, Tipperary",491,78
Tipperary North,2ae19629-19fe-13a3-e055-000000000001,"Aghnameadle, Tipperary",239,36
Tipperary North,2ae19629-19ff-13a3-e055-000000000001,"Aglishcloghane, Tipperary",217,38
Tipperary North,2ae19629-1a0c-13a3-e055-000000000001,"Ardcrony, Tipperary",468,62
Tipperary North,2ae19629-1a21-13a3-e055-000000000001,"Ballina, Tipperary",2462,326
Tipperary North,2ae19629-1a2b-13a3-e055-000000000001,"Ballingarry, Tipperary, 217011",462,57
Tipperary North,2ae19629-1a2d-13a3-e055-000000000001,"Ballycahill, Tipperary",324,47
Tipperary North,2ae19629-198d-13a3-e055-000000000001,"Ballygibbon, Tipperary",515,89
Tipperary North,2ae19629-1998-13a3-e055-000000000001,"Ballylusky, Tipperary",265,49
Tipperary North,2ae19629-1999-13a3-e055-000000000001,"Ballymackey, Tipperary",422,66
Tipperary South,2ae19629-1bf8-13a3-e055-000000000001,"Ballymurreen, Tipperary",185,32
Tipperary North,2ae19629-1bf9-13a3-e055-000000000001,"Ballynaclogh, Tipperary",574,94
Tipperary North,2ae19629-1c10-13a3-e055-000000000001,"Birdhill, Tipperary",563,108
Tipperary North,2ae19629-1c11-13a3-e055-000000000001,"Borrisnafarney, Tipperary",235,55
Tipperary North,2ae19629-1c1a-13a3-e055-000000000001,"Borrisnoe, Tipperary",94,18
Tipperary North,2ae19629-1c1b-13a3-e055-000000000001,"Borrisokane, Tipperary",1080,143
Tipperary North,2ae19629-1c1c-13a3-e055-000000000001,"Borrisoleigh, Tipperary",965,129
Tipperary North,2ae19629-1c25-13a3-e055-000000000001,"Bourney East, Tipperary",245,33
Tipperary North,2ae19629-1c26-13a3-e055-000000000001,"Bourney West, Tipperary",305,50
Tipperary North,2ae19629-1c30-13a3-e055-000000000001,"Burgesbeg, Tipperary",350,57
Tipperary North,2ae19629-1c47-13a3-e055-000000000001,"Carrig, Tipperary",142,21
Tipperary North,2ae19629-1c48-13a3-e055-000000000001,"Carrigatogher, Tipperary",573,100
Tipperary North,2ae19629-1c55-13a3-e055-000000000001,"Castletown, Tipperary",1152,191
Tipperary North,2ae19629-1c68-13a3-e055-000000000001,"Cloghjordan, Tipperary",880,92
Tipperary North,2ae19629-1c69-13a3-e055-000000000001,"Cloghprior, Tipperary",239,43
Tipperary North,2ae19629-1c6a-13a3-e055-000000000001,"Clohaskin, Tipperary",193,35
Tipperary North,2ae19629-1bf2-13a3-e055-000000000001,"Derrycastle, Tipperary",384,50
Tipperary North,2ae19629-1bfc-13a3-e055-000000000001,"Dolla, Tipperary",163,27
Tipperary North,2ae19629-1c06-13a3-e055-000000000001,"Drom, Tipperary",898,153
Tipperary North,2ae19629-1c14-13a3-e055-000000000001,"Finnoe, Tipperary",157,23
Tipperary North,2ae19629-1c1d-13a3-e055-000000000001,"Foilnaman, Tipperary",274,40
Tipperary North,2ae19629-1c33-13a3-e055-000000000001,"Glenkeen, Tipperary",349,49
Tipperary North,2ae19629-1c3f-13a3-e055-000000000001,"Gortkelly, Tipperary",446,79
Tipperary North,2ae19629-1c41-13a3-e055-000000000001,"Graigue, Tipperary, 217084",229,30
Tipperary North,2ae19629-1c56-13a3-e055-000000000001,"Holycross, Tipperary",1089,162
Tipperary North,2ae19629-1c57-13a3-e055-000000000001,"Inch, Tipperary",321,54
Tipperary North,2ae19629-1c60-13a3-e055-000000000001,"Kilbarron, Tipperary",514,69
Tipperary North,2ae19629-1c6b-13a3-e055-000000000001,"Kilcomenty, Tipperary",536,84
Tipperary North,2ae19629-1c82-13a3-e055-000000000001,"Kilkeary, Tipperary",501,84
Tipperary North,2ae19629-1c85-13a3-e055-000000000001,"Killavinoge, Tipperary",344,62
Tipperary North,2ae19629-1c8f-13a3-e055-000000000001,"Killea, Tipperary",280,45
Tipperary North,2ae19629-1be9-13a3-e055-000000000001,"Killoscully, Tipperary",365,52
Tipperary North,2ae19629-1bea-13a3-e055-000000000001,"Kilmore, Tipperary",538,98
Tipperary North,2ae19629-1bfe-13a3-e055-000000000001,"Kilnaneave, Tipperary",371,60
Tipperary North,2ae19629-1bff-13a3-e055-000000000001,"Kilnarath, Tipperary",271,36
Tipperary North,2ae19629-1c0a-13a3-e055-000000000001,"Kilrush, Tipperary",405,81
Tipperary North,2ae19629-1c20-13a3-e055-000000000001,"Knigh, Tipperary",605,103
Tipperary North,92a3af93-8212-46b6-9978-852f51bdf3c6,"Lackagh/Greenhall, Tipperary",306,40
Tipperary North,2ae19629-1c2c-13a3-e055-000000000001,"Latteragh, Tipperary",514,67
Tipperary North,2ae19629-1c37-13a3-e055-000000000001,"Littleton, Tipperary",793,144
Tipperary North,2ae19629-1c42-13a3-e055-000000000001,"Longfordpass, Tipperary",251,47
Tipperary North,2ae19629-1c43-13a3-e055-000000000001,"Lorrha East, Tipperary",244,38
Tipperary North,2ae19629-1c44-13a3-e055-000000000001,"Lorrha West, Tipperary",262,46
Tipperary North,2ae19629-1c4b-13a3-e055-000000000001,"Loughmore, Tipperary",506,84
Tipperary North,2ae19629-1c4d-13a3-e055-000000000001,"Mertonhall, Tipperary",147,17
Tipperary North,2ae19629-1c59-13a3-e055-000000000001,"Monsea, Tipperary",533,82
Tipperary North,2ae19629-1c62-13a3-e055-000000000001,"Moyaliff, Tipperary",303,43
Tipperary North,2ae19629-1c63-13a3-e055-000000000001,"Moycarky, Tipperary",406,58
Tipperary North,2ae19629-1c64-13a3-e055-000000000001,"Moyne, Tipperary",388,57
Tipperary North,2ae19629-1c51-13a3-e055-000000000001,"Nenagh East Urban, Tipperary",2610,266
Tipperary North,2ae19629-1c6f-13a3-e055-000000000001,"Nenagh Rural, Tipperary",1506,206
Tipperary North,2ae19629-1c70-13a3-e055-000000000001,"Nenagh West Urban, Tipperary",4584,499
Tipperary North,2ae19629-1c7a-13a3-e055-000000000001,"Newport, Tipperary",2184,288
Tipperary North,2ae19629-1c93-13a3-e055-000000000001,"Rahelty, Tipperary",565,95
Tipperary North,2ae19629-1c94-13a3-e055-000000000001,"Rathcabban, Tipperary",212,25
Tipperary North,2ae19629-1bec-13a3-e055-000000000001,"Rathnaveoge, Tipperary",215,30
Tipperary North,2ae19629-1bed-13a3-e055-000000000001,"Redwood, Tipperary",105,17
Tipperary North,2ae19629-1bf5-13a3-e055-000000000001,"Riverstown, Tipperary",463,73
Tipperary North,2ae19629-1bf7-13a3-e055-000000000001,"Roscrea, Tipperary",4969,638
Tipperary North,2ae19629-1c02-13a3-e055-000000000001,"Templederry, Tipperary",98,15
Tipperary North,2ae19629-1c0b-13a3-e055-000000000001,"Templemore, Tipperary",1538,196
Tipperary North,2ae19629-1c0d-13a3-e055-000000000001,"Templetouhy, Tipperary",657,101
Tipperary North,2ae19629-1c0e-13a3-e055-000000000001,"Terryglass, Tipperary",447,51
Tipperary North,2ae19629-1c18-13a3-e055-000000000001,"Thurles Rural, Tipperary",1796,263
Tipperary North,2ae19629-1c19-13a3-e055-000000000001,"Thurles Urban, Tipperary",5561,680
Tipperary North,2ae19629-1c21-13a3-e055-000000000001,"Timoney, Tipperary",306,53
Tipperary North,2ae19629-1c3a-13a3-e055-000000000001,"Two-Mile-Borris, Tipperary",624,101
Tipperary North,2ae19629-1c45-13a3-e055-000000000001,"Upperchurch, Tipperary",240,32
Tipperary North,2ae19629-1c46-13a3-e055-000000000001,"Uskane, Tipperary",191,23
Tipperary North,2ae19629-1c4e-13a3-e055-000000000001,"Youghalarra, Tipperary",757,107
Tipperary South,2ae19629-1a0b-13a3-e055-000000000001,"Anner, Tipperary",304,64
Tipperary South,2ae19629-1a14-13a3-e055-000000000001,"Ardfinnan, Tipperary",885,116
Tipperary South,2ae19629-1a15-13a3-e055-000000000001,"Ardmayle, Tipperary",501,68
Tipperary South,2ae19629-1a20-13a3-e055-000000000001,"Ardsallagh, Tipperary",350,45
Tipperary South,2ae19629-1a22-13a3-e055-000000000001,"Ballingarry, Tipperary, 217010",575,95
Tipperary South,2ae19629-1a2c-13a3-e055-000000000001,"Ballybacon, Tipperary",369,55
Tipperary South,2ae19629-1a37-13a3-e055-000000000001,"Ballycarron, Tipperary",246,35
Tipperary South,2ae19629-1a38-13a3-e055-000000000001,"Ballyclerahan, Tipperary",777,113
Tipperary South,2ae19629-198e-13a3-e055-000000000001,"Ballygriffin, Tipperary",205,33
Tipperary South,2ae19629-198f-13a3-e055-000000000001,"Ballykisteen, Tipperary",688,86
Tipperary South,2ae19629-1bfa-13a3-e055-000000000001,"Ballyphilip, Tipperary",314,59
Tipperary South,2ae19629-1c03-13a3-e055-000000000001,"Ballyporeen, Tipperary",727,101
Tipperary South,2ae19629-1c04-13a3-e055-000000000001,"Ballysheehan, Tipperary",405,47
Tipperary South,2ae19629-1c0f-13a3-e055-000000000001,"Bansha, Tipperary",671,102
Tipperary South,2ae19629-1c27-13a3-e055-000000000001,"Bruis, Tipperary",250,39
Tipperary North,2ae19629-1c2f-13a3-e055-000000000001,"Buolick, Tipperary",529,100
Tipperary South,2ae19629-1c31-13a3-e055-000000000001,"Burncourt, Tipperary",347,46
Tipperary South,2ae19629-1c32-13a3-e055-000000000001,"Caher, Tipperary",1012,103
Tipperary North,2ae19629-1c3b-13a3-e055-000000000001,"Cappagh, Tipperary",711,85
Tipperary South,2ae19629-1c3c-13a3-e055-000000000001,"Carrick-On-Suir Rural, Tipperary",410,79
Tipperary South,2ae19629-1c3d-13a3-e055-000000000001,"Carrick-On-Suir Urban, Tipperary",3521,527
Tipperary South,2ae19629-1c3e-13a3-e055-000000000001,"Carrickbeg Urban, Tipperary",1147,165
Tipperary South,2ae19629-1c53-13a3-e055-000000000001,"Cashel Rural, Tipperary",2140,276
Tipperary South,2ae19629-1c54-13a3-e055-000000000001,"Cashel Urban, Tipperary",2088,232
Tipperary South,2ae19629-1c5d-13a3-e055-000000000001,"Clogheen, Tipperary",795,90
Tipperary North,2ae19629-1c5e-13a3-e055-000000000001,"Clogher, Tipperary",182,34
Tipperary South,2ae19629-1c75-13a3-e055-000000000001,"Clonbeg, Tipperary",586,72
Tipperary South,2ae19629-1c76-13a3-e055-000000000001,"Cloneen, Tipperary",354,66
Tipperary South,2ae19629-1c50-13a3-e055-000000000001,"Clonmel East Urban, Tipperary",3378,342
Tipperary South,2ae19629-1c7f-13a3-e055-000000000001,"Clonmel Rural, Tipperary",4169,530
Tipperary South,2ae19629-1c80-13a3-e055-000000000001,"Clonmel West Urban, Tipperary",4786,559
Tipperary North,2ae19629-1c81-13a3-e055-000000000001,"Clonoulty East, Tipperary",416,62
Tipperary North,2ae19629-1c8d-13a3-e055-000000000001,"Clonoulty West, Tipperary",533,89
Tipperary South,2ae19629-1c8e-13a3-e055-000000000001,"Colman, Tipperary",353,48
Tipperary South,2ae19629-1be6-13a3-e055-000000000001,"Coolagarranroe, Tipperary",453,59
Tipperary South,2ae19629-1be7-13a3-e055-000000000001,"Cooleagh, Tipperary",430,61
Tipperary South,2ae19629-1be8-13a3-e055-000000000001,"Crohane, Tipperary",199,32
Tipperary South,2ae19629-1bf0-13a3-e055-000000000001,"Cullen, Tipperary",212,33
Tipperary North,2ae19629-1bf1-13a3-e055-000000000001,"Curraheen, Tipperary",220,38
Tipperary South,2ae19629-1bfb-13a3-e055-000000000001,"Derrygrath, Tipperary",514,70
Tipperary North,2ae19629-1bfd-13a3-e055-000000000001,"Donohill, Tipperary",500,77
Tipperary South,2ae19629-1c05-13a3-e055-000000000001,"Drangan, Tipperary",506,81
Tipperary South,2ae19629-1c07-13a3-e055-000000000001,"Drumwood, Tipperary",450,75
Tipperary South,2ae19629-1c08-13a3-e055-000000000001,"Emly, Tipperary",521,102
Tipperary South,2ae19629-1c12-13a3-e055-000000000001,"Farranrory, Tipperary",341,53
Tipperary North,2ae19629-1c13-13a3-e055-000000000001,"Fennor, Tipperary",442,77
Tipperary South,2ae19629-1c4f-13a3-e055-000000000001,"Fethard, Tipperary",800,99
Tipperary North,2ae19629-1c1e-13a3-e055-000000000001,"Gaile, Tipperary",586,63
Tipperary South,2ae19629-1c28-13a3-e055-000000000001,"Garrangibbon, Tipperary",515,90
Tipperary North,2ae19629-1c29-13a3-e055-000000000001,"Glengar, Tipperary",194,41
Tipperary South,2ae19629-1c34-13a3-e055-000000000001,"Golden, Tipperary",678,94
Tipperary South,2ae19629-1c40-13a3-e055-000000000001,"Graigue, Tipperary, 217083",114,15
Tipperary South,2ae19629-1c49-13a3-e055-000000000001,"Graystown, Tipperary",340,63
Tipperary South,2ae19629-1c5f-13a3-e055-000000000001,"Inishlounaght, Tipperary",2656,363
Tipperary South,2ae19629-1c61-13a3-e055-000000000001,"Kilcash, Tipperary",599,93
Tipperary South,2ae19629-1c6c-13a3-e055-000000000001,"Kilcommon, Tipperary",1807,211
Tipperary North,2ae19629-1c6d-13a3-e055-000000000001,"Kilcooly, Tipperary",237,43
Tipperary South,2ae19629-1c77-13a3-e055-000000000001,"Kilcoran, Tipperary",414,67
Tipperary South,2ae19629-1c78-13a3-e055-000000000001,"Kilfeakle, Tipperary",391,55
Tipperary South,2ae19629-1c83-13a3-e055-000000000001,"Killadriffe, Tipperary",426,51
Tipperary South,2ae19629-1c15-13a3-e055-000000000001,"Killaloan/Kilsheelan, Tipperary",1096,155
Tipperary South,2ae19629-1c90-13a3-e055-000000000001,"Killeenasteena, Tipperary",496,64
Tipperary South,2ae19629-1c91-13a3-e055-000000000001,"Killenaule, Tipperary",960,130
Tipperary South,2ae19629-1bf3-13a3-e055-000000000001,"Kilmucklin, Tipperary",425,81
Tipperary South,2ae19629-1bf4-13a3-e055-000000000001,"Kilmurry, Tipperary",279,43
Tipperary South,2ae19629-1c09-13a3-e055-000000000001,"Kilpatrick, Tipperary",766,113
Tipperary South,2ae19629-1c16-13a3-e055-000000000001,"Kiltinan, Tipperary",235,29
Tipperary South,2ae19629-1c1f-13a3-e055-000000000001,"Kilvemnon, Tipperary",349,57
Tipperary South,2ae19629-1c2a-13a3-e055-000000000001,"Knockgraffon, Tipperary",574,87
Tipperary South,2ae19629-1c35-13a3-e055-000000000001,"Lattin, Tipperary",415,78
Tipperary South,2ae19629-1c36-13a3-e055-000000000001,"Lisronagh, Tipperary",658,106
Tipperary South,2ae19629-1c4c-13a3-e055-000000000001,"Magorban, Tipperary",527,72
Tipperary South,2ae19629-1c58-13a3-e055-000000000001,"Modeshil, Tipperary",290,56
Tipperary South,2ae19629-1c5a-13a3-e055-000000000001,"Mortlestown, Tipperary",1208,162
Tipperary South,2ae19629-1c6e-13a3-e055-000000000001,"Mullinahone, Tipperary",670,108
Tipperary South,2ae19629-1c71-13a3-e055-000000000001,"New Birmingham, Tipperary",341,46
Tipperary South,2ae19629-1c79-13a3-e055-000000000001,"Newcastle, Tipperary",514,73
Tipperary South,2ae19629-1c86-13a3-e055-000000000001,"Newtown, Tipperary",309,44
Tipperary South,2ae19629-1c87-13a3-e055-000000000001,"Nodstown, Tipperary",447,67
Tipperary South,2ae19629-1c88-13a3-e055-000000000001,"Oughterleague, Tipperary",450,79
Tipperary South,2ae19629-1c89-13a3-e055-000000000001,"Peppardstown, Tipperary",1061,138
Tipperary South,2ae19629-1c92-13a3-e055-000000000001,"Poyntstown, Tipperary",134,19
Tipperary South,2ae19629-1beb-13a3-e055-000000000001,"Rathlynin, Tipperary",285,55
Tipperary South,2ae19629-1bf6-13a3-e055-000000000001,"Rodus, Tipperary",203,38
Tipperary South,2ae19629-1c00-13a3-e055-000000000001,"Shronell, Tipperary",310,46
Tipperary South,2ae19629-1c01-13a3-e055-000000000001,"Solloghodbeg, Tipperary",181,23
Tipperary South,2ae19629-1c0c-13a3-e055-000000000001,"Templeneiry, Tipperary",356,59
Tipperary South,2ae19629-1c17-13a3-e055-000000000001,"Thomastown, Tipperary",304,41
Tipperary South,2ae19629-1c22-13a3-e055-000000000001,"Tipperary East Urban, Tipperary",1970,252
Tipperary South,2ae19629-1c23-13a3-e055-000000000001,"Tipperary Rural, Tipperary",1679,247
Tipperary South,2ae19629-1c24-13a3-e055-000000000001,"Tipperary West Urban, Tipperary",1594,191
Tipperary South,2ae19629-1c2d-13a3-e055-000000000001,"Tubbrid, Tipperary",483,55
Tipperary South,2ae19629-1c2e-13a3-e055-000000000001,"Tullaghmelan, Tipperary",836,110
Tipperary South,2ae19629-1c38-13a3-e055-000000000001,"Tullaghorton, Tipperary",232,39
Tipperary South,2ae19629-1c39-13a3-e055-000000000001,"Tullamain, Tipperary",546,79
Waterford,2ae19629-1b7e-13a3-e055-000000000001,"Ballybeg North, Waterford",2050,324
Waterford,52b67420-9925-451f-8d49-872af209226e,"Ballybeg South/Ballynaneashagh, Waterford",227,18
Waterford,2ae19629-1b80-13a3-e055-000000000001,"Ballybricken, Waterford",148,4
Waterford,2ae19629-1b81-13a3-e055-000000000001,"Ballymaclode, Waterford",1015,113
Waterford,2ae19629-1b82-13a3-e055-000000000001,"Ballynakill, Waterford, 228005",1882,165
Waterford,2ae19629-1b8e-13a3-e055-000000000001,"Ballytruckle, Waterford",4696,749
Waterford,2ae19629-1b8f-13a3-e055-000000000001,"Bilberry, Waterford",807,47
Waterford,2ae19629-1b90-13a3-e055-000000000001,"Centre A, Waterford",740,28
Waterford,2ae19629-1b91-13a3-e055-000000000001,"Centre B, Waterford",242,10
Waterford,2ae19629-1b92-13a3-e055-000000000001,"Cleaboy, Waterford",2051,329
Waterford,2ae19629-1b93-13a3-e055-000000000001,"Custom House A, Waterford",314,8
Waterford,2ae19629-1b94-13a3-e055-000000000001,"Custom House B, Waterford",309,4
Waterford,2ae19629-1b95-13a3-e055-000000000001,"Farranshoneen, Waterford",4490,571
Waterford,2ae19629-1b96-13a3-e055-000000000001,"Ferrybank, Waterford",725,108
Waterford,2ae19629-1ba2-13a3-e055-000000000001,"Gracedieu, Waterford",1386,163
Waterford,2ae19629-1bc0-13a3-e055-000000000001,"Grange North, Waterford",734,98
Waterford,2ae19629-1ba3-13a3-e055-000000000001,"Grange South, Waterford",2268,313
Waterford,2ae19629-1ba4-13a3-e055-000000000001,"Grange Upper, Waterford",1838,190
Waterford,2ae19629-1ba5-13a3-e055-000000000001,"Kilbarry, Waterford, 228019",1917,153
Waterford,2ae19629-1ba6-13a3-e055-000000000001,"Kingsmeadow, Waterford",1139,90
Waterford,2ae19629-1ba7-13a3-e055-000000000001,"Larchville, Waterford",834,136
Waterford,2ae19629-1ba8-13a3-e055-000000000001,"Lisduggan, Waterford",813,140
Waterford,2ae19629-1ba9-13a3-e055-000000000001,"Military Road, Waterford",719,76
Waterford,2ae19629-1baa-13a3-e055-000000000001,"Morrisson's Avenue East, Waterford",538,41
Waterford,2ae19629-1bab-13a3-e055-000000000001,"Morrisson's Avenue West, Waterford",250,47
Waterford,2ae19629-1bac-13a3-e055-000000000001,"Morrisson's Road, Waterford",451,42
Waterford,2ae19629-1bad-13a3-e055-000000000001,"Mount Sion, Waterford",960,57
Waterford,2ae19629-1bae-13a3-e055-000000000001,"Newport's Square, Waterford",472,73
Waterford,2ae19629-1baf-13a3-e055-000000000001,"Newtown, Waterford, 228029",842,67
Waterford,2ae19629-1bb8-13a3-e055-000000000001,"Park, Waterford",1359,54
Waterford,2ae19629-1bb9-13a3-e055-000000000001,"Poleberry, Waterford",1431,65
Waterford,2ae19629-1bba-13a3-e055-000000000001,"Roanmore, Waterford",656,99
Waterford,2ae19629-1bbb-13a3-e055-000000000001,"Shortcourse, Waterford",315,26
Waterford,2ae19629-1bbc-13a3-e055-000000000001,"Slievekeale, Waterford",586,73
Waterford,2ae19629-1bbd-13a3-e055-000000000001,"The Glen, Waterford",831,49
Waterford,2ae19629-1bbe-13a3-e055-000000000001,"Ticor North, Waterford",1770,261
Waterford,2ae19629-1bbf-13a3-e055-000000000001,"Ticor South, Waterford",389,41
Waterford,2ae19629-1c52-13a3-e055-000000000001,"Annestown, Waterford",660,100
Waterford,2ae19629-1c5b-13a3-e055-000000000001,"Aird Mhór, Port Láirge, 227002",179,30
Waterford,2ae19629-1c5c-13a3-e055-000000000001,"Ardmore, Waterford, 227003",647,83
Waterford,2ae19629-1c65-13a3-e055-000000000001,"Ballyduff, Waterford",258,35
Waterford,2ae19629-1c66-13a3-e055-000000000001,"Ballydurn, Waterford",157,30
Waterford,2ae19629-1c67-13a3-e055-000000000001,"Ballyhane, Waterford",373,44
Waterford,2ae19629-1c72-13a3-e055-000000000001,"Ballyheeny, Waterford",448,69
Waterford,2ae19629-1c73-13a3-e055-000000000001,"Ballyin, Waterford",407,57
Waterford,2ae19629-1c74-13a3-e055-000000000001,"Ballylaneen, Waterford",213,36
Waterford,2ae19629-1c7b-13a3-e055-000000000001,"Ballymacarbry, Waterford",401,66
Waterford,2ae19629-1c7c-13a3-e055-000000000001,"Baile Mhac Airt, Port Láirge",280,33
Waterford,2ae19629-1c7d-13a3-e055-000000000001,"Ballynakill, Waterford, 227012",339,38
Waterford,2ae19629-1c7e-13a3-e055-000000000001,"Ballynamult, Waterford",160,27
Waterford,2ae19629-1c8a-13a3-e055-000000000001,"Ballysaggartmore, Waterford",284,48
Waterford,2ae19629-1c8b-13a3-e055-000000000001,"Bohadoon, Waterford",242,31
Waterford,2ae19629-1c8c-13a3-e055-000000000001,"Cappagh, Waterford",327,59
Waterford,2ae19629-1c95-13a3-e055-000000000001,"Cappoquin, Waterford",1035,132
Waterford,2ae19629-1c96-13a3-e055-000000000001,"Carrickbeg Rural, Waterford",374,70
Waterford,2ae19629-1c97-13a3-e055-000000000001,"Carrigcastle, Waterford",215,41
Waterford,2ae19629-1be3-13a3-e055-000000000001,"Carriglea, Waterford",444,56
Waterford,2ae19629-1be4-13a3-e055-000000000001,"Castlerichard, Waterford",404,69
Waterford,2ae19629-1be5-13a3-e055-000000000001,"Clashmore, Waterford",366,54
Waterford,2ae19629-1bee-13a3-e055-000000000001,"Clonea, Waterford, 227023",321,64
Waterford,2ae19629-1bef-13a3-e055-000000000001,"Clonea, Waterford, 227024",1749,222
Waterford,2ae19629-1b1e-13a3-e055-000000000001,"Colligan, Waterford",528,71
Waterford,2ae19629-1b1f-13a3-e055-000000000001,"Comeragh, Waterford",406,67
Waterford,2ae19629-1b20-13a3-e055-000000000001,"Coumaraglin, Waterford",202,27
Waterford,2ae19629-1b2b-13a3-e055-000000000001,"Dromana, Waterford",608,71
Waterford,2ae19629-1b2c-13a3-e055-000000000001,"Dromore, Waterford",180,19
Waterford,2ae19629-1b2d-13a3-e055-000000000001,"Drumcannon, Waterford",322,55
Waterford,2ae19629-1b38-13a3-e055-000000000001,"Drumroe, Waterford",206,24
Waterford,2ae19629-1b39-13a3-e055-000000000001,"Dungarvan No. 1 Urban, Waterford",4048,511
Waterford,2ae19629-1b3a-13a3-e055-000000000001,"Dungarvan No. 2 Urban, Waterford",2908,329
Waterford,2ae19629-1b3b-13a3-e055-000000000001,"Dungarvan Rural, Waterford",1563,200
Waterford,2ae19629-1b3c-13a3-e055-000000000001,"Dunhill, Waterford",207,26
Waterford,2ae19629-1b47-13a3-e055-000000000001,"Faithlegg, Waterford",1641,232
Waterford,2ae19629-1b48-13a3-e055-000000000001,"Fenoagh, Waterford",179,24
Waterford,2ae19629-1b49-13a3-e055-000000000001,"Fews, Waterford",265,42
Waterford,2ae19629-1b52-13a3-e055-000000000001,"Fox's Castle, Waterford",373,43
Waterford,2ae19629-1b53-13a3-e055-000000000001,"Gardenmorris, Waterford",316,52
Waterford,2ae19629-1b54-13a3-e055-000000000001,"Georgestown, Waterford",167,24
Waterford,2ae19629-1b5e-13a3-e055-000000000001,"Glen, Waterford",353,66
Waterford,2ae19629-1b5f-13a3-e055-000000000001,"Glenwilliam, Waterford",145,27
Waterford,2ae19629-1b60-13a3-e055-000000000001,"Gortnapeaky, Waterford",149,15
Waterford,2ae19629-1b6c-13a3-e055-000000000001,"Graignagower, Waterford",407,70
Waterford,2ae19629-1b6d-13a3-e055-000000000001,"Grallagh, Waterford",171,22
Waterford,2ae19629-1b6e-13a3-e055-000000000001,"Grange, Waterford",265,34
Waterford,2ae19629-1b78-13a3-e055-000000000001,"Gurteen, Waterford",287,42
Waterford,2ae19629-1b79-13a3-e055-000000000001,"Islandikane, Waterford",1987,265
Waterford,2ae19629-1b7a-13a3-e055-000000000001,"Keereen, Waterford",191,27
Waterford,2ae19629-1b7b-13a3-e055-000000000001,"Kilbarry, Waterford, 227051",169,30
Waterford,2ae19629-1b7c-13a3-e055-000000000001,"Kilbarrymeaden, Waterford",332,58
Waterford,2ae19629-1b8a-13a3-e055-000000000001,"Kilcockan, Waterford",172,14
Waterford,2ae19629-1b8b-13a3-e055-000000000001,"Killea, Waterford",1273,144
Waterford,2ae19629-1b8c-13a3-e055-000000000001,"Killoteran, Waterford",501,72
Waterford,2ae19629-1b9f-13a3-e055-000000000001,"Kilmacleague, Waterford",301,50
Waterford,2ae19629-1ba0-13a3-e055-000000000001,"Kilmacomma, Waterford",370,58
Waterford,2ae19629-1ba1-13a3-e055-000000000001,"Kilmacthomas, Waterford",1079,172
Waterford,2ae19629-1bb5-13a3-e055-000000000001,"Kilmeadan, Waterford, 227059",625,93
Waterford,2ae19629-1bb6-13a3-e055-000000000001,"Kilmeadan, Waterford, 227060",611,118
Waterford,2ae19629-1bb7-13a3-e055-000000000001,"Kilronan, Waterford",177,33
Waterford,2ae19629-1bc7-13a3-e055-000000000001,"Kilwatermoy East, Waterford",102,12
Waterford,2ae19629-1bc8-13a3-e055-000000000001,"Kilwatermoy West, Waterford",165,26
Waterford,2ae19629-1bc9-13a3-e055-000000000001,"Kinsalebeg, Waterford",464,60
Waterford,2ae19629-1bd6-13a3-e055-000000000001,"Knockaunbrandaun, Waterford",159,22
Waterford,2ae19629-1bd7-13a3-e055-000000000001,"Knockmahon, Waterford",313,29
Waterford,2ae19629-1bd8-13a3-e055-000000000001,"Lismore Rural, Waterford",925,116
Waterford,2ae19629-1b63-13a3-e055-000000000001,"Lismore Urban, Waterford",623,65
Waterford,2ae19629-1bd9-13a3-e055-000000000001,"Mocollop, Waterford",181,24
Waterford,2ae19629-1b09-13a3-e055-000000000001,"Modelligo, Waterford, 227069",248,44
Waterford,2ae19629-1b0a-13a3-e055-000000000001,"Modelligo, Waterford, 227070",263,43
Waterford,2ae19629-1b15-13a3-e055-000000000001,"Mothel, Waterford",363,67
Waterford,2ae19629-1b16-13a3-e055-000000000001,"Mountkennedy, Waterford",366,77
Waterford,2ae19629-1b17-13a3-e055-000000000001,"Mountstuart, Waterford",63,10
Waterford,2ae19629-1b21-13a3-e055-000000000001,"Newcastle, Waterford",397,68
Waterford,2ae19629-1b22-13a3-e055-000000000001,"Newtown, Waterford, 227075",376,63
Waterford,2ae19629-1b23-13a3-e055-000000000001,"Pembrokestown, Waterford",406,60
Waterford,2ae19629-1b2e-13a3-e055-000000000001,"Portlaw, Waterford",1215,196
Waterford,2ae19629-1b2f-13a3-e055-000000000001,"Rathgormuck, Waterford",166,19
Waterford,2ae19629-1b30-13a3-e055-000000000001,"Rathmoylan, Waterford",951,154
Waterford,2ae19629-1b3d-13a3-e055-000000000001,"Reisk, Waterford",964,120
Waterford,2ae19629-1b3e-13a3-e055-000000000001,"An Rinn, Port Láirge",1073,148
Waterford,2ae19629-1b3f-13a3-e055-000000000001,"Ross, Waterford",230,44
Waterford,2ae19629-1b4a-13a3-e055-000000000001,"Seskinan, Waterford",367,54
Waterford,2ae19629-1b4b-13a3-e055-000000000001,"St. Mary's, Waterford",579,72
Waterford,2ae19629-1b55-13a3-e055-000000000001,"Stradbally, Waterford",685,85
Waterford,2ae19629-1b56-13a3-e055-000000000001,"Tallow, Waterford",1028,152
Waterford,2ae19629-1b61-13a3-e055-000000000001,"Templemichael, Waterford",357,62
Waterford,2ae19629-1b62-13a3-e055-000000000001,"Tinnasaggart, Waterford",70,10
Waterford,2ae19629-1b6f-13a3-e055-000000000001,"Tramore, Waterford",7597,1132
Waterford,2ae19629-1b70-13a3-e055-000000000001,"Whitechurch, Waterford",177,30
Waterford,2ae19629-1b7d-13a3-e055-000000000001,"Woodstown, Waterford",504,72
Galway West,2ae19629-235a-13a3-e055-000000000001,"Ballybaan, Galway City",10070,1044
Galway West,2ae19629-235b-13a3-e055-000000000001,"Baile an Bhriotaigh, Cathair na Gaillimhe",809,71
Galway West,2ae19629-235c-13a3-e055-000000000001,"Bearna, Cathair na Gaillimhe",12356,1460
Galway West,2ae19629-235d-13a3-e055-000000000001,"An Caisleán Gearr, Cathair na Gaillimhe",3501,272
Galway West,2ae19629-235e-13a3-e055-000000000001,"Claddagh, Galway City",2410,180
Galway West,2ae19629-235f-13a3-e055-000000000001,"Dangan, Galway City",4056,308
Galway West,2ae19629-2360-13a3-e055-000000000001,"Eyre Square, Galway City",4169,64
Galway West,2ae19629-2361-13a3-e055-000000000001,"Cnoc na Cathrach, Cathair na Gaillimhe",1246,109
Galway West,2ae19629-236f-13a3-e055-000000000001,"Lough Atalia, Galway City",751,74
Galway West,2ae19629-2370-13a3-e055-000000000001,"Mionlach, Cathair na Gaillimhe",4622,386
Galway West,2ae19629-2371-13a3-e055-000000000001,"Mervue, Galway City",1808,217
Galway West,2ae19629-2372-13a3-e055-000000000001,"Murroogh, Galway City",2370,194
Galway West,2ae19629-2373-13a3-e055-000000000001,"An Caisleán Nua, Cathair na Gaillimhe",1777,182
Galway West,2ae19629-2374-13a3-e055-000000000001,"Oileán Altanach, Cathair na Gaillimhe",1532,62
Galway West,2ae19629-2375-13a3-e055-000000000001,"Rahoon, Galway City",2682,281
Galway West,2ae19629-2376-13a3-e055-000000000001,"Renmore, Galway City",1227,125
Galway West,2ae19629-2377-13a3-e055-000000000001,"Rockbarton, Galway City",1517,152
Galway West,2ae19629-2382-13a3-e055-000000000001,"Salthill, Galway City",3060,202
Galway West,2ae19629-2383-13a3-e055-000000000001,"Shantalla, Galway City",1820,105
Galway West,2ae19629-2384-13a3-e055-000000000001,"Toghroinn San Niocláis, Cathair na Gaillimhe",2908,79
Galway West,2ae19629-2385-13a3-e055-000000000001,"Taylors Hill, Galway City",2484,231
Galway West,2ae19629-2386-13a3-e055-000000000001,"Wellpark, Galway City",1614,98
Galway East,2ae19629-20ff-13a3-e055-000000000001,"Abbey East, Galway County",504,87
Galway East,2ae19629-2100-13a3-e055-000000000001,"Abbey West, Galway County",619,87
Galway East,2ae19629-2101-13a3-e055-000000000001,"Abbeygormacan, Galway County",334,50
Galway East,2ae19629-2102-13a3-e055-000000000001,"Abbeyville, Galway County",211,37
Galway East,2ae19629-2046-13a3-e055-000000000001,"Addergoole, Galway County",447,67
Roscommon-Galway,2ae19629-2047-13a3-e055-000000000001,"Ahascragh, Galway County",471,84
Galway East,2ae19629-204d-13a3-e055-000000000001,"Aille, Galway County",338,60
Galway East,2ae19629-204e-13a3-e055-000000000001,"Annagh, Galway County",291,46
Galway East,2ae19629-204f-13a3-e055-000000000001,"Eanach Dhúin, Gaillimh, 067009",1498,230
Galway East,2ae19629-2059-13a3-e055-000000000001,"Annaghdown, Galway County, 067010",1068,171
Galway East,2ae19629-205a-13a3-e055-000000000001,"Ardamullivan, Galway County",535,79
Galway East,2ae19629-205b-13a3-e055-000000000001,"Ardrahan, Galway County",466,70
Galway East,2ae19629-2050-13a3-e055-000000000001,"Athenry, Galway County",4106,458
Galway East,2ae19629-2051-13a3-e055-000000000001,"Aughrim, Galway County, 067014",956,147
Galway East,2ae19629-2052-13a3-e055-000000000001,"Aughrim, Galway County, 067015",466,99
Roscommon-Galway,2ae19629-205c-13a3-e055-000000000001,"Ballinasloe Rural, Galway County",441,69
Roscommon-Galway,2ae19629-205d-13a3-e055-000000000001,"Ballinasloe Urban, Galway County",5481,627
Roscommon-Galway,2ae19629-205e-13a3-e055-000000000001,"Ballinastack, Galway County",259,33
Galway East,2ae19629-205f-13a3-e055-000000000001,"Ballinderry, Galway County",424,61
Galway East,2ae19629-2068-13a3-e055-000000000001,"Ballinduff, Galway County",526,83
Galway West,2ae19629-2069-13a3-e055-000000000001,"Baile an Teampaill, Gaillimh",1238,167
Galway East,2ae19629-2074-13a3-e055-000000000001,"Ballycahalan, Galway County",168,28
Galway East,2ae19629-2075-13a3-e055-000000000001,"Ballyglass, Galway County",137,19
Galway East,2ae19629-2076-13a3-e055-000000000001,"Ballymacward, Galway County",238,38
Roscommon-Galway,2ae19629-207e-13a3-e055-000000000001,"Ballymoe, Galway County",319,59
Galway West,2ae19629-207f-13a3-e055-000000000001,"Ballynacourty, Galway County",934,141
Galway East,2ae19629-2080-13a3-e055-000000000001,"Ballynagar, Galway County",166,24
Galway East,2ae19629-208b-13a3-e055-000000000001,"Ballynakill, Galway County, 067028",468,73
Galway West,2ae19629-208c-13a3-e055-000000000001,"Ballynakill, Galway County, 067029",434,54
Roscommon-Galway,2ae19629-208d-13a3-e055-000000000001,"Ballynakill, Galway County, 067030",339,48
Galway East,2ae19629-208e-13a3-e055-000000000001,"Ballynapark, Galway County",798,145
Galway West,2ae19629-2098-13a3-e055-000000000001,"Bearna, Gaillimh",2861,419
Galway East,2ae19629-2099-13a3-e055-000000000001,"Beagh, Galway County",573,80
Galway East,2ae19629-20a3-13a3-e055-000000000001,"Beaghmore, Galway County",280,39
Galway East,2ae19629-20a4-13a3-e055-000000000001,"Belclare, Galway County",608,105
Galway East,2ae19629-20a5-13a3-e055-000000000001,"Belleville, Galway County",470,65
Galway West,2ae19629-20a6-13a3-e055-000000000001,"Binn an Choire, Gaillimh",184,15
Roscommon-Galway,2ae19629-20a7-13a3-e055-000000000001,"Boyounagh, Galway County",198,39
Galway East,2ae19629-20af-13a3-e055-000000000001,"Bracklagh, Galway County",366,68
Galway East,2ae19629-20b0-13a3-e055-000000000001,"Bullaun, Galway County",235,31
Galway West,2ae19629-20b1-13a3-e055-000000000001,"Bunowen, Galway County",330,40
Galway East,2ae19629-20b2-13a3-e055-000000000001,"Cahermore, Galway County",412,45
Galway East,2ae19629-20bd-13a3-e055-000000000001,"Caltra, Galway County",297,46
Galway West,2ae19629-20be-13a3-e055-000000000001,"Camas, Gaillimh",274,50
Galway East,2ae19629-20bf-13a3-e055-000000000001,"Cappalusk, Galway County",312,57
Galway East,2ae19629-20c0-13a3-e055-000000000001,"Cappard, Galway County",90,13
Galway West,2ae19629-20cb-13a3-e055-000000000001,"An Carn Mór, Gaillimh",2069,318
Galway West,2ae19629-20cc-13a3-e055-000000000001,"Ceathrú an Bhrúnaigh, Gaillimh",727,108
Galway East,2ae19629-20cd-13a3-e055-000000000001,"Carrownagur, Galway County",314,58
Galway East,2ae19629-20d6-13a3-e055-000000000001,"Carrowrevagh, Galway County",357,57
Galway East,2ae19629-20d7-13a3-e055-000000000001,"Castleblakeney, Galway County",411,59
Galway East,2ae19629-20d8-13a3-e055-000000000001,"Castleboy, Galway County",428,70
Roscommon-Galway,2ae19629-20e0-13a3-e055-000000000001,"Castleffrench, Galway County",382,71
Galway East,2ae19629-20e1-13a3-e055-000000000001,"Castletaylor, Galway County",481,70
Galway West,2ae19629-20e2-13a3-e055-000000000001,"Baile Chláir, Gaillimh",1711,201
Galway East,2ae19629-20f2-13a3-e055-000000000001,"Claretuam, Galway County",855,146
Galway West,2ae19629-20f3-13a3-e055-000000000001,"Clarinbridge, Galway County",3015,330
Galway West,2ae19629-20f4-13a3-e055-000000000001,"Cleggan, Galway County",235,33
Galway West,2ae19629-20f5-13a3-e055-000000000001,"Clifden, Galway County",1653,153
Galway East,2ae19629-2103-13a3-e055-000000000001,"Clonbern, Galway County",310,62
Galway East,2ae19629-2104-13a3-e055-000000000001,"Clonbrock, Galway County",433,61
Galway East,2ae19629-2105-13a3-e055-000000000001,"Clonfert, Galway County",345,53
Galway East,2ae19629-2048-13a3-e055-000000000001,"Clontuskert, Galway County",179,30
Galway West,2ae19629-2049-13a3-e055-000000000001,"An Fhairche, Gaillimh",958,103
Galway East,2ae19629-204a-13a3-e055-000000000001,"Cloonkeen, Galway County, 067065",255,36
Galway East,2ae19629-2053-13a3-e055-000000000001,"Cloonkeen, Galway County, 067066",347,58
Galway East,2ae19629-2054-13a3-e055-000000000001,"Cloonkeen, Galway County, 067067",386,51
Galway East,2ae19629-2055-13a3-e055-000000000001,"Colmanstown, Galway County",106,5
Galway West,e4432984-fa1f-40d8-92f5-5c934939c606,"Conga/An Ros, Gaillimh",492,63
Galway East,2ae19629-22e5-13a3-e055-000000000001,"Cooloo, Galway County",427,70
Galway East,2ae19629-22e7-13a3-e055-000000000001,"Craughwell, Galway County",1511,222
Roscommon-Galway,2ae19629-22f0-13a3-e055-000000000001,"Creggs, Galway County",281,42
Galway West,2ae19629-2300-13a3-e055-000000000001,"Crump Island, Galway County",166,14
Galway West,2ae19629-22f1-13a3-e055-000000000001,"An Crompán, Gaillimh",2009,281
Galway East,2ae19629-22f2-13a3-e055-000000000001,"Cummer, Galway County",822,129
Galway West,2ae19629-22f3-13a3-e055-000000000001,"An Chorr, Gaillimh",120,12
Galway East,2ae19629-22ff-13a3-e055-000000000001,"Curraghmore, Galway County",144,26
Galway East,2ae19629-2301-13a3-e055-000000000001,"Deerpark, Galway County",1012,128
Galway East,2ae19629-2302-13a3-e055-000000000001,"Derrew, Galway County",136,26
Galway East,2ae19629-2304-13a3-e055-000000000001,"Derryglassaun, Galway County",699,105
Galway East,2ae19629-2310-13a3-e055-000000000001,"Derrylaur, Galway County",80,12
Galway West,268c20e2-7574-4e64-ac7a-9383e368fcb7,"Derrylea/Derrycunlagh, Galway County",255,19
Galway East,2ae19629-2312-13a3-e055-000000000001,"Donaghpatrick, Galway County",441,64
Galway East,2ae19629-2313-13a3-e055-000000000001,"Doonbally, Galway County",450,75
Galway West,2ae19629-2314-13a3-e055-000000000001,"Doonloughan, Galway County",77,10
Galway East,2ae19629-231e-13a3-e055-000000000001,"Doorus, Galway County",622,71
Galway East,2ae19629-231f-13a3-e055-000000000001,"Drumacoo, Galway County",1145,150
Galway East,2ae19629-2320-13a3-e055-000000000001,"Drumkeary, Galway County",488,80
Galway East,2ae19629-2321-13a3-e055-000000000001,"Drummin, Galway County",300,38
Galway East,2ae19629-2322-13a3-e055-000000000001,"Dunmore North, Galway County",464,73
Galway East,2ae19629-232b-13a3-e055-000000000001,"Dunmore South, Galway County",671,87
Galway West,2ae19629-232c-13a3-e055-000000000001,"Errislannan, Galway County",177,18
Galway East,2ae19629-232d-13a3-e055-000000000001,"Eyrecourt, Galway County",380,62
Galway East,2ae19629-232e-13a3-e055-000000000001,"Foxhall, Galway County",503,70
Galway West,2ae19629-2338-13a3-e055-000000000001,"Na Forbacha, Gaillimh",1236,172
Galway West,2ae19629-2339-13a3-e055-000000000001,"Galway Rural, Galway County",183,15
Galway East,2ae19629-233a-13a3-e055-000000000001,"Glennamaddy, Galway County",706,109
Galway East,2ae19629-2345-13a3-e055-000000000001,"Gort, Galway County",2390,234
Galway West,2ae19629-2346-13a3-e055-000000000001,"Garmna, Gaillimh",1065,195
Galway East,2ae19629-2347-13a3-e055-000000000001,"Graigabbey, Galway County",292,50
Galway East,2ae19629-2348-13a3-e055-000000000001,"Grange, Galway County",591,105
Galway East,2ae19629-2354-13a3-e055-000000000001,"Greethill, Galway County",762,102
Galway East,2ae19629-2355-13a3-e055-000000000001,"Headford, Galway County",1399,188
Galway East,2ae19629-2356-13a3-e055-000000000001,"Hillsbrook, Galway County",524,85
Galway West,2ae19629-2367-13a3-e055-000000000001,"An Uillinn, Gaillimh",81,13
Galway West,2ae19629-2368-13a3-e055-000000000001,"Inishbofin, Galway County",157,21
Galway West,2ae19629-2369-13a3-e055-000000000001,"Árainn, Gaillimh",1076,103
Roscommon-Galway,2ae19629-236a-13a3-e055-000000000001,"Island, Galway County",206,38
Roscommon-Galway,2ae19629-237b-13a3-e055-000000000001,"Kellysgrove, Galway County",311,64
Galway East,2ae19629-237c-13a3-e055-000000000001,"Kilbeacanty, Galway County",261,37
Galway East,2ae19629-237d-13a3-e055-000000000001,"Kilbennan, Galway County",271,50
Galway East,2ae19629-238b-13a3-e055-000000000001,"Kilchreest, Galway County",249,49
Galway East,2ae19629-238c-13a3-e055-000000000001,"Kilconickny, Galway County",493,91
Galway East,2ae19629-2397-13a3-e055-000000000001,"Kilconierin, Galway County",491,52
Galway East,2ae19629-2398-13a3-e055-000000000001,"Kilconnell, Galway County",515,85
Galway East,2ae19629-2399-13a3-e055-000000000001,"Kilcoona, Galway County",470,79
Roscommon-Galway,2ae19629-23a3-13a3-e055-000000000001,"Kilcroan, Galway County",454,59
Galway West,2ae19629-23a4-13a3-e055-000000000001,"Cill Chuimín, Gaillimh, 067121",134,21
Galway West,2ae19629-23a5-13a3-e055-000000000001,"Cill Chuimín, Gaillimh, 067122",1115,192
Galway East,2ae19629-23a6-13a3-e055-000000000001,"Killaan, Galway County",440,66
Galway East,2ae19629-23a7-13a3-e055-000000000001,"Killallaghtan, Galway County",381,56
Galway West,2ae19629-23a8-13a3-e055-000000000001,"Cill Aithnín, Gaillimh",846,109
Galway East,2ae19629-22cd-13a3-e055-000000000001,"Killeany, Galway County",458,70
Galway East,2ae19629-22ce-13a3-e055-000000000001,"Killeely, Galway County",1328,190
Galway East,2ae19629-22cf-13a3-e055-000000000001,"Killeen, Galway County",546,93
Galway East,2ae19629-22da-13a3-e055-000000000001,"Killeenavarra, Galway County",641,75
Galway East,2ae19629-22db-13a3-e055-000000000001,"Killererin, Galway County",597,96
Roscommon-Galway,2ae19629-22e8-13a3-e055-000000000001,"Killeroran, Galway County",1020,162
Galway East,2ae19629-22e9-13a3-e055-000000000001,"Killian, Galway County",281,42
Galway East,2ae19629-22ea-13a3-e055-000000000001,"Killimor, Galway County, 067133",556,82
Galway East,2ae19629-22f4-13a3-e055-000000000001,"Killimor, Galway County, 067134",283,42
Galway East,2ae19629-22f5-13a3-e055-000000000001,"Killinny, Galway County",370,71
Galway East,2ae19629-22f6-13a3-e055-000000000001,"Killogilleen, Galway County",662,82
Galway East,2ae19629-22f7-13a3-e055-000000000001,"Killoran, Galway County",215,37
Galway East,2ae19629-2305-13a3-e055-000000000001,"Killower, Galway County",674,116
Roscommon-Galway,2ae19629-2306-13a3-e055-000000000001,"Killure, Galway County",571,116
Galway East,2ae19629-2315-13a3-e055-000000000001,"Killursa, Galway County",812,110
Galway East,2ae19629-2316-13a3-e055-000000000001,"Kilmacshane, Galway County",169,26
Galway East,2ae19629-2317-13a3-e055-000000000001,"Kilmalinoge, Galway County",182,30
Galway East,2ae19629-2323-13a3-e055-000000000001,"Kilmeen, Galway County",529,105
Galway East,2ae19629-2324-13a3-e055-000000000001,"Kilmoylan, Galway County",846,146
Galway East,2ae19629-2325-13a3-e055-000000000001,"Kilquain, Galway County",237,35
Galway East,2ae19629-232f-13a3-e055-000000000001,"Kilreekill, Galway County",277,47
Galway East,2ae19629-2330-13a3-e055-000000000001,"Kilshanvy, Galway County",321,59
Galway East,2ae19629-2331-13a3-e055-000000000001,"Kiltartan, Galway County",623,100
Galway East,2ae19629-233b-13a3-e055-000000000001,"Kilteskill, Galway County",295,53
Galway East,2ae19629-233c-13a3-e055-000000000001,"Kilthomas, Galway County",77,7
Galway East,2ae19629-233d-13a3-e055-000000000001,"Kiltormer, Galway County",418,66
Galway East,2ae19629-2349-13a3-e055-000000000001,"Kiltullagh, Galway County, 067152",597,89
Galway East,2ae19629-234a-13a3-e055-000000000001,"Kiltullagh, Galway County, 067153",154,23
Galway East,2ae19629-234b-13a3-e055-000000000001,"Kinvarra, Galway County",1119,153
Galway West,2ae19629-234c-13a3-e055-000000000001,"An Cnoc Buí, Gaillimh",690,81
Roscommon-Galway,2ae19629-234d-13a3-e055-000000000001,"Kylemore, Galway County",115,15
Galway West,2ae19629-234e-13a3-e055-000000000001,"Leacach Beag, Gaillimh",1147,161
Galway East,2ae19629-2357-13a3-e055-000000000001,"Lackalea, Galway County",278,53
Galway East,2ae19629-2358-13a3-e055-000000000001,"Laurencetown, Galway County",292,47
Galway East,2ae19629-2359-13a3-e055-000000000001,"Leitrim, Galway County",391,64
Galway West,2ae19629-236b-13a3-e055-000000000001,"Leitir Breacáin, Gaillimh",226,15
Galway West,2ae19629-236c-13a3-e055-000000000001,"Letterfore, Galway County",220,24
Galway West,2ae19629-236d-13a3-e055-000000000001,"Leitir Móir, Gaillimh",699,114
Galway East,2ae19629-236e-13a3-e055-000000000001,"Levally, Galway County",298,36
Galway West,2ae19629-237e-13a3-e055-000000000001,"Liscananaun, Galway County",1174,183
Galway West,2ae19629-237f-13a3-e055-000000000001,"Lisín an Bhealaigh, Gaillimh",767,132
Roscommon-Galway,2ae19629-2380-13a3-e055-000000000001,"Lismanny, Galway County",198,38
Galway East,c62169df-44fc-4bf1-98eb-40998a29132a,"Loughatorick/Coos/Marblehill, Galway County",421,68
Galway East,2ae19629-238d-13a3-e055-000000000001,"Loughrea Rural, Galway County",698,123
Galway East,2ae19629-238e-13a3-e055-000000000001,"Loughrea Urban, Galway County",4705,467
Galway East,2ae19629-239a-13a3-e055-000000000001,"Meelick, Galway County",213,34
Galway East,2ae19629-239b-13a3-e055-000000000001,"Milltown, Galway County",536,65
Galway East,2ae19629-239c-13a3-e055-000000000001,"Moat, Galway County",126,30
Galway East,2ae19629-23a9-13a3-e055-000000000001,"Monivea, Galway County",582,89
Galway East,2ae19629-23aa-13a3-e055-000000000001,"Mount Bellew, Galway County",1491,201
Galway East,2ae19629-23ab-13a3-e055-000000000001,"Mountain, Galway County",225,38
Galway East,2ae19629-22d0-13a3-e055-000000000001,"Mounthazel, Galway County",412,73
Galway West,2ae19629-22d1-13a3-e055-000000000001,"Maigh Cuilinn, Gaillimh",1789,239
Galway East,2ae19629-22d2-13a3-e055-000000000001,"Moyne, Galway County",530,88
Galway East,2ae19629-22dc-13a3-e055-000000000001,"Moyode, Galway County",211,22
Galway West,2ae19629-22dd-13a3-e055-000000000001,"Maíros, Gaillimh",274,34
Galway East,2ae19629-22de-13a3-e055-000000000001,"Oatfield, Galway County",346,69
Galway West,2ae19629-22df-13a3-e055-000000000001,"Oranmore, Galway County",3555,335
Galway West,2ae19629-22e0-13a3-e055-000000000001,"Oughterard, Galway County",2179,325
Galway West,2ae19629-22e1-13a3-e055-000000000001,"Abhainn Ghabhla, Gaillimh",248,34
Galway East,2ae19629-22eb-13a3-e055-000000000001,"Pallas, Galway County",302,55
Galway East,2ae19629-22ec-13a3-e055-000000000001,"Portumna, Galway County",1900,215
Galway East,2ae19629-22ed-13a3-e055-000000000001,"Raford, Galway County",442,57
Galway East,2ae19629-22f8-13a3-e055-000000000001,"Rahasane, Galway County",267,38
Galway East,2ae19629-22f9-13a3-e055-000000000001,"Raheen, Galway County",394,59
Galway West,2ae19629-22fa-13a3-e055-000000000001,"Rinvyle, Galway County",961,118
Galway West,2ae19629-22fc-13a3-e055-000000000001,"Cloch na Rón, Gaillimh",361,46
Galway East,2ae19629-2307-13a3-e055-000000000001,"Ryehill, Galway County",600,82
Galway East,2ae19629-2308-13a3-e055-000000000001,"Scregg, Galway County",178,30
Galway West,2ae19629-2309-13a3-e055-000000000001,"Sailearna, Gaillimh, 067197",1185,215
Galway East,2ae19629-230a-13a3-e055-000000000001,"Shankill, Galway County",262,39
Galway West,2ae19629-230b-13a3-e055-000000000001,"Sillerna, Galway County",397,53
Galway West,2ae19629-230c-13a3-e055-000000000001,"Scainimh, Gaillimh",490,85
Galway East,2ae19629-2318-13a3-e055-000000000001,"Skehanagh, Galway County",399,64
Galway West,2ae19629-2319-13a3-e055-000000000001,"Sliabh an Aonaigh, Gaillimh",608,93
Galway West,2ae19629-231a-13a3-e055-000000000001,"An Spidéal, Gaillimh",1400,164
Galway East,2ae19629-2326-13a3-e055-000000000001,"Stradbally, Galway County",871,152
Roscommon-Galway,2ae19629-2327-13a3-e055-000000000001,"Taghboy, Galway County",180,33
Galway East,2ae19629-2328-13a3-e055-000000000001,"Templetogher, Galway County",314,51
Galway East,2ae19629-2332-13a3-e055-000000000001,"Tiaquin, Galway County",545,81
Galway East,2ae19629-2333-13a3-e055-000000000001,"Tiranascragh, Galway County",143,26
Galway East,2ae19629-2334-13a3-e055-000000000001,"Toberadosh, Galway County",303,45
Roscommon-Galway,2ae19629-2335-13a3-e055-000000000001,"Toberroe, Galway County",249,37
Galway East,2ae19629-233e-13a3-e055-000000000001,"Tuam Rural, Galway County",4665,573
Galway East,2ae19629-233f-13a3-e055-000000000001,"Tuam Urban, Galway County",3051,268
Galway West,2ae19629-2340-13a3-e055-000000000001,"Tulaigh Mhic Aodháin, Gaillimh",1715,221
Galway West,2ae19629-2341-13a3-e055-000000000001,"An Turlach, Gaillimh",441,70
Galway East,2ae19629-234f-13a3-e055-000000000001,"Tynagh, Galway County",346,64
Galway East,2ae19629-2350-13a3-e055-000000000001,"Woodford, Galway County",382,55
Galway West,2ae19629-2351-13a3-e055-000000000001,"Wormhole, Galway County",1886,316
Sligo-Leitrim,2ae19629-1708-13a3-e055-000000000001,"Aghacashel, Leitrim",61,7
Sligo-Leitrim,b166391f-eb14-47de-a3eb-9c2516e63687,"Aghanlish/Aghalateeve, Leitrim",179,27
Sligo-Leitrim,2ae19629-170b-13a3-e055-000000000001,"Aghavas, Leitrim",253,39
Sligo-Leitrim,2ae19629-170d-13a3-e055-000000000001,"Annaduff, Leitrim",182,25
Sligo-Leitrim,23519126-bd85-4c40-a1e2-26c5d2b7e51c,"Arigna/Drumkeeran/Killarga, Leitrim",494,71
Sligo-Leitrim,2ae19629-16fb-13a3-e055-000000000001,"Ballaghameehan, Leitrim",164,28
Sligo-Leitrim,2ae19629-16fc-13a3-e055-000000000001,"Ballinamore, Leitrim",955,106
Sligo-Leitrim,2ae19629-16fd-13a3-e055-000000000001,"Barnameenagh, Leitrim",126,26
Sligo-Leitrim,2ae19629-16fe-13a3-e055-000000000001,"Beihy, Leitrim",266,46
Sligo-Leitrim,2ae19629-170e-13a3-e055-000000000001,"Belhavel, Leitrim",221,14
Sligo-Leitrim,2ae19629-170f-13a3-e055-000000000001,"Breandrum, Leitrim",209,28
Sligo-Leitrim,2ae19629-1717-13a3-e055-000000000001,"Bunnybeg, Leitrim",113,14
Sligo-Leitrim,2ae19629-1718-13a3-e055-000000000001,"Carrick-On-Shannon, Leitrim",3257,285
Sligo-Leitrim,2ae19629-1719-13a3-e055-000000000001,"Carrigallen East, Leitrim",235,24
Sligo-Leitrim,2ae19629-171a-13a3-e055-000000000001,"Carrigallen West, Leitrim",444,48
Sligo-Leitrim,2ae19629-171b-13a3-e055-000000000001,"Cashel, Leitrim",139,18
Sligo-Leitrim,2ae19629-171c-13a3-e055-000000000001,"Castlefore, Leitrim",191,38
Sligo-Leitrim,2ae19629-171d-13a3-e055-000000000001,"Cattan, Leitrim",204,25
Sligo-Leitrim,2ae19629-171e-13a3-e055-000000000001,"Cloonclare, Leitrim",128,17
Sligo-Leitrim,2ae19629-171f-13a3-e055-000000000001,"Cloone, Leitrim",288,42
Sligo-Leitrim,2ae19629-1720-13a3-e055-000000000001,"Cloonlogher, Leitrim",242,26
Sligo-Leitrim,2ae19629-1721-13a3-e055-000000000001,"Cloverhill, Leitrim",265,52
Sligo-Leitrim,2ae19629-1722-13a3-e055-000000000001,"Corrala, Leitrim",194,38
Sligo-Leitrim,2ae19629-1723-13a3-e055-000000000001,"Corriga, Leitrim",131,16
Sligo-Leitrim,2ae19629-1724-13a3-e055-000000000001,"Drumahaire, Leitrim",1266,128
Sligo-Leitrim,2ae19629-1710-13a3-e055-000000000001,"Drumard, Leitrim",185,26
Sligo-Leitrim,2ae19629-172d-13a3-e055-000000000001,"Drumdoo, Leitrim",286,33
Sligo-Leitrim,2ae19629-1712-13a3-e055-000000000001,"Drumod, Leitrim",715,62
Sligo-Leitrim,2ae19629-1714-13a3-e055-000000000001,"Drumreilly North, Leitrim",140,19
Sligo-Leitrim,2ae19629-1715-13a3-e055-000000000001,"Drumreilly South, Leitrim",120,12
Sligo-Leitrim,2ae19629-1716-13a3-e055-000000000001,"Drumreilly West/Drumreilly East, Leitrim",140,21
Sligo-Leitrim,2ae19629-172b-13a3-e055-000000000001,"Drumshanbo, Leitrim",1211,134
Sligo-Leitrim,2ae19629-172c-13a3-e055-000000000001,"Drumsna, Leitrim",556,64
Sligo-Leitrim,2ae19629-172e-13a3-e055-000000000001,"Fenagh, Leitrim",295,41
Sligo-Leitrim,2ae19629-172f-13a3-e055-000000000001,"Garadice, Leitrim",447,62
Sligo-Leitrim,2ae19629-1730-13a3-e055-000000000001,"Garvagh, Leitrim",100,9
Sligo-Leitrim,2ae19629-1731-13a3-e055-000000000001,"Glenade, Leitrim",117,19
Sligo-Leitrim,2ae19629-1732-13a3-e055-000000000001,"Glenaniff, Leitrim",143,17
Sligo-Leitrim,2ae19629-1733-13a3-e055-000000000001,"Glenboy, Leitrim",192,40
Sligo-Leitrim,2ae19629-1734-13a3-e055-000000000001,"Glencar, Leitrim",221,42
Sligo-Leitrim,2ae19629-1735-13a3-e055-000000000001,"Glenfarn, Leitrim",109,11
Sligo-Leitrim,2ae19629-1736-13a3-e055-000000000001,"Gortermone, Leitrim",237,54
Sligo-Leitrim,2ae19629-1737-13a3-e055-000000000001,"Gortnagullion, Leitrim",235,22
Sligo-Leitrim,2ae19629-1725-13a3-e055-000000000001,"Gowel, Leitrim",265,43
Sligo-Leitrim,a74249fa-0039-4f59-ad83-53fe986ff7bf,"Greaghglass/Stralongford, Leitrim",273,45
Sligo-Leitrim,2ae19629-1727-13a3-e055-000000000001,"Gubacreeny, Leitrim",587,64
Sligo-Leitrim,2ae19629-1728-13a3-e055-000000000001,"Keeldra, Leitrim",159,27
Sligo-Leitrim,2ae19629-1729-13a3-e055-000000000001,"Keshcarrigan, Leitrim",435,41
Sligo-Leitrim,2ae19629-172a-13a3-e055-000000000001,"Killanummery, Leitrim",292,45
Sligo-Leitrim,2ae19629-1739-13a3-e055-000000000001,"Killygar, Leitrim",101,12
Sligo-Leitrim,2ae19629-173a-13a3-e055-000000000001,"Kiltubbrid, Leitrim",130,12
Sligo-Leitrim,2ae19629-1742-13a3-e055-000000000001,"Kiltyclogher, Leitrim",194,15
Sligo-Leitrim,2ae19629-1743-13a3-e055-000000000001,"Kinlough, Leitrim",746,107
Sligo-Leitrim,2ae19629-1744-13a3-e055-000000000001,"Leitrim, Leitrim",976,100
Sligo-Leitrim,2ae19629-1745-13a3-e055-000000000001,"Lisgillock, Leitrim",161,20
Sligo-Leitrim,2ae19629-1746-13a3-e055-000000000001,"Lurganboy, Leitrim",341,50
Sligo-Leitrim,2ae19629-1747-13a3-e055-000000000001,"Mahanagh, Leitrim",235,33
Sligo-Leitrim,2ae19629-1748-13a3-e055-000000000001,"Manorhamilton, Leitrim",1585,183
Sligo-Leitrim,2ae19629-1749-13a3-e055-000000000001,"Melvin/Aghavoghil, Leitrim",183,23
Sligo-Leitrim,2ae19629-174a-13a3-e055-000000000001,"Moher, Leitrim",171,22
Sligo-Leitrim,2ae19629-174b-13a3-e055-000000000001,"Mohill, Leitrim",1022,137
Sligo-Leitrim,2ae19629-174c-13a3-e055-000000000001,"Munakill, Leitrim",141,23
Sligo-Leitrim,2ae19629-174d-13a3-e055-000000000001,"Newtowngore, Leitrim",218,20
Sligo-Leitrim,2ae19629-173b-13a3-e055-000000000001,"Oughteragh, Leitrim",82,7
Sligo-Leitrim,2ae19629-173c-13a3-e055-000000000001,"Rinn, Leitrim",374,44
Sligo-Leitrim,2ae19629-173d-13a3-e055-000000000001,"Riverstown, Leitrim",191,25
Sligo-Leitrim,2ae19629-173e-13a3-e055-000000000001,"Roosky, Leitrim",604,54
Sligo-Leitrim,2ae19629-173f-13a3-e055-000000000001,"Rowan, Leitrim",204,27
Sligo-Leitrim,2ae19629-1740-13a3-e055-000000000001,"Sramore, Leitrim",293,38
Sligo-Leitrim,2ae19629-1741-13a3-e055-000000000001,"St. Patrick's, Leitrim",109,12
Sligo-Leitrim,2ae19629-1755-13a3-e055-000000000001,"Tullaghan, Leitrim",592,61
Sligo-Leitrim,2ae19629-1756-13a3-e055-000000000001,"Yugan, Leitrim",200,29
Mayo,2ae19629-193a-13a3-e055-000000000001,"Acaill, Maigh Eo",665,85
Mayo,2ae19629-1944-13a3-e055-000000000001,"Addergoole, Mayo",684,84
Mayo,2ae19629-1945-13a3-e055-000000000001,"Aghagower North, Mayo",768,119
Mayo,2ae19629-1951-13a3-e055-000000000001,"Aghagower South, Mayo",97,13
Mayo,2ae19629-1952-13a3-e055-000000000001,"Aghamore, Mayo",519,79
Mayo,2ae19629-1953-13a3-e055-000000000001,"Aillemore, Mayo",297,37
Mayo,2ae19629-1954-13a3-e055-000000000001,"An Geata Mór Theas, Mayo",683,117
Mayo,2ae19629-1955-13a3-e055-000000000001,"An Geata Mór Thuaidh, Mayo",745,86
Mayo,2ae19629-195f-13a3-e055-000000000001,"Ardagh, Mayo",267,35
Mayo,2ae19629-1960-13a3-e055-000000000001,"Ardnaree North, Mayo",730,107
Mayo,2ae19629-1961-13a3-e055-000000000001,"Ardnaree South Rural, Mayo",2199,252
Mayo,2ae19629-18bc-13a3-e055-000000000001,"Ardnaree South Urban, Mayo",1904,288
Mayo,2ae19629-196a-13a3-e055-000000000001,"Attymass East, Mayo",315,62
Mayo,2ae19629-196b-13a3-e055-000000000001,"Attymass West, Mayo",213,23
Mayo,2ae19629-1974-13a3-e055-000000000001,"Balla, Mayo",1243,139
Mayo,2ae19629-1975-13a3-e055-000000000001,"Ballina Rural, Mayo",2310,313
Mayo,2ae19629-1976-13a3-e055-000000000001,"Ballina Urban, Mayo",3307,377
Mayo,2ae19629-197f-13a3-e055-000000000001,"Ballinafad, Mayo",468,85
Mayo,2ae19629-1980-13a3-e055-000000000001,"Ballinamore, Mayo",277,41
Mayo,2ae19629-1981-13a3-e055-000000000001,"Baile an Chalaidh, Maigh Eo",185,17
Mayo,2ae19629-18ca-13a3-e055-000000000001,"Ballindine, Mayo",708,91
Mayo,2ae19629-18cb-13a3-e055-000000000001,"Ballinrobe, Mayo",3008,303
Mayo,2ae19629-18cc-13a3-e055-000000000001,"Ballycastle, Mayo",483,70
Mayo,2ae19629-18cd-13a3-e055-000000000001,"Ballycroy North, Mayo",229,32
Mayo,2ae19629-18ce-13a3-e055-000000000001,"Ballycroy South, Mayo",263,52
Mayo,2ae19629-18d8-13a3-e055-000000000001,"Ballyhaunis, Mayo",2531,282
Mayo,2ae19629-18d9-13a3-e055-000000000001,"Ballyhean, Mayo",477,82
Mayo,2ae19629-18e5-13a3-e055-000000000001,"Ballyhowly, Mayo",389,61
Mayo,2ae19629-18e6-13a3-e055-000000000001,"Ballynagoraher, Mayo",271,42
Mayo,2ae19629-18f0-13a3-e055-000000000001,"Baile Óbha, Maigh Eo",178,29
Mayo,2ae19629-18f1-13a3-e055-000000000001,"Ballysakeery, Mayo",481,77
Mayo,2ae19629-18fb-13a3-e055-000000000001,"Bangor, Mayo",402,54
Mayo,2ae19629-18fc-13a3-e055-000000000001,"Barr Rúscaí, Maigh Eo",83,10
Mayo,2ae19629-1908-13a3-e055-000000000001,"Bekan, Mayo",583,87
Mayo,2ae19629-1909-13a3-e055-000000000001,"Béal Deirg Mór, Maigh Eo",133,21
Mayo,2ae19629-190a-13a3-e055-000000000001,"Bellavary, Mayo",812,111
Mayo,2ae19629-190b-13a3-e055-000000000001,"Béal an Mhuirthead, Maigh Eo",1665,197
Mayo,2ae19629-190c-13a3-e055-000000000001,"Bohola, Mayo",243,27
Mayo,2ae19629-1914-13a3-e055-000000000001,"Brackloon, Mayo",502,89
Mayo,2ae19629-1915-13a3-e055-000000000001,"Breaghwy, Mayo",1447,183
Mayo,2ae19629-192d-13a3-e055-000000000001,"Burren, Mayo",266,30
Mayo,2ae19629-192e-13a3-e055-000000000001,"Burriscarra, Mayo",347,62
Mayo,2ae19629-193b-13a3-e055-000000000001,"Callow, Mayo",331,50
Mayo,2ae19629-193c-13a3-e055-000000000001,"An Cheapaigh Dhuibh, Maigh Eo",287,39
Mayo,2ae19629-1946-13a3-e055-000000000001,"Caraun, Mayo",269,38
Mayo,2ae19629-1947-13a3-e055-000000000001,"Carrowmore, Mayo",684,101
Mayo,2ae19629-1948-13a3-e055-000000000001,"Castlebar Rural, Mayo",5903,702
Mayo,2ae19629-1949-13a3-e055-000000000001,"Castlebar Urban, Mayo",5425,444
Mayo,2ae19629-194a-13a3-e055-000000000001,"Clare Island, Mayo",151,22
Mayo,2ae19629-1956-13a3-e055-000000000001,"Claremorris, Mayo",3604,377
Mayo,2ae19629-1957-13a3-e055-000000000001,"Clogher, Mayo, 157052",449,69
Mayo,2ae19629-1958-13a3-e055-000000000001,"Clogher, Mayo, 157053",722,114
Mayo,2ae19629-1962-13a3-e055-000000000001,"Cloghermore, Mayo",126,11
Mayo,2ae19629-1963-13a3-e055-000000000001,"Cloonkeen, Mayo",589,80
Mayo,2ae19629-1964-13a3-e055-000000000001,"Cloonmore, Mayo",373,41
Mayo,2ae19629-1965-13a3-e055-000000000001,"Cong, Mayo",763,82
Mayo,2ae19629-196c-13a3-e055-000000000001,"Coolnaha, Mayo",381,50
Mayo,2ae19629-196d-13a3-e055-000000000001,"Coonard, Mayo",238,26
Mayo,2ae19629-196e-13a3-e055-000000000001,"Corraun, Mayo",579,80
Mayo,2ae19629-196f-13a3-e055-000000000001,"Course, Mayo",347,53
Mayo,2ae19629-1977-13a3-e055-000000000001,"Croaghmoyle, Mayo",148,22
Mayo,2ae19629-1978-13a3-e055-000000000001,"Croaghpatrick, Mayo",524,68
Mayo,2ae19629-1979-13a3-e055-000000000001,"Crossboyne, Mayo",450,67
Mayo,2ae19629-197a-13a3-e055-000000000001,"Crossmolina North, Mayo",840,99
Mayo,2ae19629-1982-13a3-e055-000000000001,"Crossmolina South, Mayo",680,78
Mayo,2ae19629-1983-13a3-e055-000000000001,"Cuildoo, Mayo",298,47
Mayo,2ae19629-18cf-13a3-e055-000000000001,"Culnacleha, Mayo",373,55
Mayo,2ae19629-18d0-13a3-e055-000000000001,"Dalgan, Mayo",894,121
Mayo,2ae19629-18d1-13a3-e055-000000000001,"Deel, Mayo",380,63
Mayo,2ae19629-18d2-13a3-e055-000000000001,"Derry, Mayo",160,25
Mayo,2ae19629-18d3-13a3-e055-000000000001,"Derryloughan, Mayo",584,69
Mayo,2ae19629-18da-13a3-e055-000000000001,"Doocastle, Mayo",306,37
Mayo,2ae19629-18db-13a3-e055-000000000001,"Dumha Éige, Maigh Eo",501,57
Mayo,2ae19629-18dc-13a3-e055-000000000001,"Drummin, Mayo",147,19
Mayo,2ae19629-18e7-13a3-e055-000000000001,"Emlagh, Mayo",260,29
Mayo,2ae19629-18e8-13a3-e055-000000000001,"Erriff, Mayo",85,12
Mayo,2ae19629-18e9-13a3-e055-000000000001,"Fortland, Mayo",410,75
Mayo,2ae19629-18f2-13a3-e055-000000000001,"Garrymore, Mayo",358,56
Mayo,2ae19629-18f3-13a3-e055-000000000001,"Gleann na Muaidhe, Maigh Eo",180,26
Mayo,2ae19629-18f4-13a3-e055-000000000001,"Gleann Chaisil, Maigh Eo",386,46
Mayo,2ae19629-18fe-13a3-e055-000000000001,"Glenhest, Mayo",205,25
Mayo,2ae19629-18ff-13a3-e055-000000000001,"Guala Mhór, Maigh Eo",109,20
Mayo,2ae19629-190d-13a3-e055-000000000001,"Hollymount, Mayo",655,97
Mayo,2ae19629-190e-13a3-e055-000000000001,"Houndswood, Mayo",518,72
Mayo,2ae19629-1916-13a3-e055-000000000001,"Islandeady, Mayo",813,120
Mayo,2ae19629-1917-13a3-e055-000000000001,"Kilbeagh, Mayo",834,108
Mayo,2ae19629-1921-13a3-e055-000000000001,"Kilcolman, Mayo",364,61
Mayo,2ae19629-1922-13a3-e055-000000000001,"Kilcommon, Mayo",526,90
Mayo,2ae19629-1923-13a3-e055-000000000001,"Kilfian East, Mayo",181,29
Mayo,2ae19629-1924-13a3-e055-000000000001,"Kilfian South, Mayo",187,29
Mayo,2ae19629-192f-13a3-e055-000000000001,"Kilfian West, Mayo",96,13
Mayo,2ae19629-1930-13a3-e055-000000000001,"Kilgarvan, Mayo",661,108
Mayo,2ae19629-193d-13a3-e055-000000000001,"Kilgeever, Mayo",81,12
Mayo,2ae19629-193e-13a3-e055-000000000001,"Kilkelly, Mayo",762,124
Mayo,2ae19629-193f-13a3-e055-000000000001,"Killala, Mayo",1010,131
Mayo,2ae19629-194b-13a3-e055-000000000001,"Killavally, Mayo",392,60
Mayo,2ae19629-194c-13a3-e055-000000000001,"Killedan, Mayo",535,63
Mayo,2ae19629-1959-13a3-e055-000000000001,"Kilmaclasser, Mayo",500,73
Mayo,2ae19629-195a-13a3-e055-000000000001,"Kilmaine, Mayo",788,129
Mayo,2ae19629-195b-13a3-e055-000000000001,"Kilmeena, Mayo",1241,168
Mayo,2ae19629-1966-13a3-e055-000000000001,"Kilmovee, Mayo",520,80
Mayo,2ae19629-1967-13a3-e055-000000000001,"Kilsallagh, Mayo",439,51
Mayo,2ae19629-1970-13a3-e055-000000000001,"Kiltamagh, Mayo",1270,126
Mayo,2ae19629-1971-13a3-e055-000000000001,"Kilvine, Mayo",502,76
Mayo,2ae19629-197b-13a3-e055-000000000001,"Knappagh, Mayo",598,75
Mayo,2ae19629-197c-13a3-e055-000000000001,"Knock North, Mayo",784,77
Mayo,2ae19629-1984-13a3-e055-000000000001,"Knock South, Mayo",668,62
Mayo,2ae19629-1985-13a3-e055-000000000001,"Cnoc an Daimh, Maigh Eo",253,39
Mayo,2ae19629-1986-13a3-e055-000000000001,"Cnoc na Lobhar, Maigh Eo",609,106
Mayo,2ae19629-18c5-13a3-e055-000000000001,"Lackan North, Mayo",269,42
Mayo,2ae19629-18c6-13a3-e055-000000000001,"Lackan South, Mayo",362,54
Mayo,2ae19629-18d4-13a3-e055-000000000001,"Letterbrick, Mayo",99,21
Mayo,2ae19629-18d5-13a3-e055-000000000001,"Loughanboy, Mayo",272,36
Mayo,2ae19629-182d-13a3-e055-000000000001,"Louisburgh, Mayo",839,75
Mayo,2ae19629-182e-13a3-e055-000000000001,"Manulla, Mayo",749,125
Mayo,2ae19629-1838-13a3-e055-000000000001,"Mayo, Mayo",334,42
Mayo,2ae19629-1839-13a3-e055-000000000001,"Meelick, Mayo",424,59
Mayo,2ae19629-1844-13a3-e055-000000000001,"Mount Falcon, Mayo",982,153
Mayo,2ae19629-1845-13a3-e055-000000000001,"Moing na Bó, Maigh Eo",199,19
Mayo,2ae19629-1846-13a3-e055-000000000001,"Na Monga, Maigh Eo",178,24
Mayo,2ae19629-1850-13a3-e055-000000000001,"Murneen, Mayo",306,48
Mayo,2ae19629-1851-13a3-e055-000000000001,"Neale, Mayo",653,102
Mayo,2ae19629-185b-13a3-e055-000000000001,"Newbrook, Mayo",429,70
Mayo,2ae19629-185c-13a3-e055-000000000001,"Newport East, Mayo",1004,141
Mayo,2ae19629-185d-13a3-e055-000000000001,"Newport West, Mayo",649,84
Mayo,2ae19629-185e-13a3-e055-000000000001,"Abhainn Bhrain, Maigh Eo",182,20
Mayo,7d09d455-0fac-4a81-a63b-1b8dbe0d62b1,"Owennadornaun/Bundorragha, Mayo",126,14
Mayo,2ae19629-1868-13a3-e055-000000000001,"Pontoon, Mayo",373,53
Mayo,2ae19629-1869-13a3-e055-000000000001,"Partraí, Maigh Eo",449,56
Mayo,2ae19629-186a-13a3-e055-000000000001,"Cnoc na Ráithe, Maigh Eo",545,74
Mayo,2ae19629-1875-13a3-e055-000000000001,"Rathoma, Mayo",191,28
Mayo,2ae19629-1876-13a3-e055-000000000001,"Roslee, Mayo",330,65
Mayo,2ae19629-1877-13a3-e055-000000000001,"Sallymount, Mayo",379,76
Mayo,396b71f0-9c69-422b-84df-e2ec984a6b49,"Sheskin/Bunaveela/Glenco, Mayo",139,24
Mayo,2ae19629-1881-13a3-e055-000000000001,"Shrule, Mayo",926,163
Mayo,2ae19629-188b-13a3-e055-000000000001,"Slievemahanagh, Mayo",365,55
Mayo,2ae19629-188c-13a3-e055-000000000001,"Slievemore, Mayo",835,100
Mayo,2ae19629-188d-13a3-e055-000000000001,"Sonnagh, Mayo",982,125
Mayo,2ae19629-188e-13a3-e055-000000000001,"Sraheen, Mayo",926,119
Mayo,2ae19629-1898-13a3-e055-000000000001,"Srahmore, Mayo",118,12
Mayo,2ae19629-1899-13a3-e055-000000000001,"Strade, Mayo",492,65
Mayo,2ae19629-189a-13a3-e055-000000000001,"Swineford, Mayo",2042,265
Mayo,2ae19629-189b-13a3-e055-000000000001,"Tagheen, Mayo",155,30
Mayo,2ae19629-18a3-13a3-e055-000000000001,"Tamhnaigh na Graí, Maigh Eo",279,28
Mayo,2ae19629-18a4-13a3-e055-000000000001,"Toocananagh, Mayo",342,56
Mayo,2ae19629-18a5-13a3-e055-000000000001,"Toomore, Mayo",1363,141
Mayo,2ae19629-18af-13a3-e055-000000000001,"Tumgesh, Mayo",265,41
Mayo,2ae19629-18b0-13a3-e055-000000000001,"Turlough, Mayo",1164,164
Mayo,2ae19629-18b1-13a3-e055-000000000001,"Urlaur, Mayo",419,53
Mayo,2ae19629-18ba-13a3-e055-000000000001,"Westport Rural, Mayo",1350,181
Mayo,2ae19629-18bb-13a3-e055-000000000001,"Westport Urban, Mayo",4911,374
Roscommon-Galway,2ae19629-1a86-13a3-e055-000000000001,"Aghafin, Roscommon",102,11
Roscommon-Galway,2ae19629-1a92-13a3-e055-000000000001,"Annaghmore, Roscommon",253,34
Roscommon-Galway,2ae19629-1a93-13a3-e055-000000000001,"Artagh North, Roscommon",654,89
Roscommon-Galway,2ae19629-1a9c-13a3-e055-000000000001,"Artagh South, Roscommon",365,43
Roscommon-Galway,2ae19629-1a9d-13a3-e055-000000000001,"Athleague East, Roscommon",377,47
Roscommon-Galway,2ae19629-1aa7-13a3-e055-000000000001,"Athleague West, Roscommon",475,52
Roscommon-Galway,2ae19629-1aa8-13a3-e055-000000000001,"Athlone West Rural, Roscommon",3706,430
Roscommon-Galway,2ae19629-1aa9-13a3-e055-000000000001,"Aughrim East, Roscommon",184,26
Roscommon-Galway,2ae19629-1ab2-13a3-e055-000000000001,"Aughrim West, Roscommon",136,18
Roscommon-Galway,2ae19629-1ab3-13a3-e055-000000000001,"Ballaghaderreen, Roscommon",2389,293
Roscommon-Galway,2ae19629-1abc-13a3-e055-000000000001,"Ballinlough, Roscommon",885,96
Roscommon-Galway,2ae19629-1abd-13a3-e055-000000000001,"Ballintober, Roscommon",654,90
Roscommon-Galway,2ae19629-1ac9-13a3-e055-000000000001,"Ballydangan, Roscommon",583,110
Roscommon-Galway,2ae19629-1aca-13a3-e055-000000000001,"Ballyfarnan, Roscommon",203,17
Roscommon-Galway,2ae19629-1acb-13a3-e055-000000000001,"Ballyformoyle, Roscommon",144,15
Roscommon-Galway,2ae19629-1ad5-13a3-e055-000000000001,"Ballygarden, Roscommon",170,23
Roscommon-Galway,2ae19629-1ad6-13a3-e055-000000000001,"Ballynamona, Roscommon",407,64
Roscommon-Galway,2ae19629-1ad7-13a3-e055-000000000001,"Baslick, Roscommon",121,25
Roscommon-Galway,2ae19629-1ae2-13a3-e055-000000000001,"Bellanagare, Roscommon",525,60
Roscommon-Galway,2ae19629-1ae3-13a3-e055-000000000001,"Boyle Rural, Roscommon",1310,123
Roscommon-Galway,2ae19629-1ae4-13a3-e055-000000000001,"Boyle Urban, Roscommon",1295,121
Roscommon-Galway,2ae19629-1ae5-13a3-e055-000000000001,"Breedoge, Roscommon",197,31
Roscommon-Galway,2ae19629-1aef-13a3-e055-000000000001,"Buckill, Roscommon",296,45
Roscommon-Galway,2ae19629-1af0-13a3-e055-000000000001,"Bumlin, Roscommon",388,53
Roscommon-Galway,2ae19629-1af1-13a3-e055-000000000001,"Caltragh, Roscommon",198,35
Roscommon-Galway,2ae19629-1afc-13a3-e055-000000000001,"Cams, Roscommon",412,78
Roscommon-Galway,2ae19629-1afd-13a3-e055-000000000001,"Carnagh, Roscommon",622,100
Roscommon-Galway,2ae19629-1afe-13a3-e055-000000000001,"Carrowduff, Roscommon",165,25
Roscommon-Galway,2ae19629-1a39-13a3-e055-000000000001,"Carrowreagh, Roscommon",400,58
Roscommon-Galway,2ae19629-1a3a-13a3-e055-000000000001,"Castleplunket, Roscommon",414,59
Roscommon-Galway,2ae19629-1a3b-13a3-e055-000000000001,"Castlereagh, Roscommon",2627,237
Roscommon-Galway,2ae19629-1a47-13a3-e055-000000000001,"Castlesampson, Roscommon",302,46
Roscommon-Galway,2ae19629-1a48-13a3-e055-000000000001,"Castleteheen, Roscommon",256,38
Roscommon-Galway,2ae19629-1a49-13a3-e055-000000000001,"Cloonburren, Roscommon",184,46
Roscommon-Galway,2ae19629-1a4a-13a3-e055-000000000001,"Cloonfinlough, Roscommon",138,18
Roscommon-Galway,2ae19629-19a1-13a3-e055-000000000001,"Cloonfower, Roscommon",276,38
Roscommon-Galway,2ae19629-19a2-13a3-e055-000000000001,"Cloonown, Roscommon",204,34
Roscommon-Galway,2ae19629-19a3-13a3-e055-000000000001,"Cloonteen, Roscommon",245,26
Roscommon-Galway,2ae19629-19ae-13a3-e055-000000000001,"Cloontuskert, Roscommon",1020,104
Roscommon-Galway,2ae19629-19af-13a3-e055-000000000001,"Cloonygormican, Roscommon",338,51
Roscommon-Galway,2ae19629-19b0-13a3-e055-000000000001,"Cloonyquin, Roscommon",201,39
Roscommon-Galway,2ae19629-19ba-13a3-e055-000000000001,"Coolougher, Roscommon",408,60
Roscommon-Galway,2ae19629-19bb-13a3-e055-000000000001,"Crannagh, Roscommon",930,185
Roscommon-Galway,2ae19629-19c6-13a3-e055-000000000001,"Creagh, Roscommon",817,144
Roscommon-Galway,2ae19629-19c7-13a3-e055-000000000001,"Creeve, Roscommon, 197046",104,9
Roscommon-Galway,2ae19629-19c8-13a3-e055-000000000001,"Creeve, Roscommon, 197047",128,19
Roscommon-Galway,2ae19629-19d1-13a3-e055-000000000001,"Cregga, Roscommon",129,20
Roscommon-Galway,2ae19629-19d2-13a3-e055-000000000001,"Croghan, Roscommon",299,39
Roscommon-Galway,2ae19629-19d3-13a3-e055-000000000001,"Crossna, Roscommon",164,16
Roscommon-Galway,2ae19629-19dc-13a3-e055-000000000001,"Culliagh, Roscommon",164,26
Roscommon-Galway,2ae19629-19dd-13a3-e055-000000000001,"Danesfort, Roscommon",738,72
Roscommon-Galway,2ae19629-19de-13a3-e055-000000000001,"Drumdaff, Roscommon",358,39
Roscommon-Galway,2ae19629-19df-13a3-e055-000000000001,"Drumlosh, Roscommon",266,49
Roscommon-Galway,2ae19629-19e7-13a3-e055-000000000001,"Dunamon, Roscommon",251,44
Roscommon-Galway,2ae19629-19e8-13a3-e055-000000000001,"Dysart, Roscommon",179,29
Roscommon-Galway,2ae19629-19f3-13a3-e055-000000000001,"Edmondstown, Roscommon",354,56
Roscommon-Galway,2ae19629-19f4-13a3-e055-000000000001,"Elia, Roscommon",102,11
Roscommon-Galway,2ae19629-19f5-13a3-e055-000000000001,"Elphin, Roscommon",668,82
Roscommon-Galway,2ae19629-1a00-13a3-e055-000000000001,"Estersnow, Roscommon",73,8
Roscommon-Galway,2ae19629-1a01-13a3-e055-000000000001,"Fairymount, Roscommon",267,39
Roscommon-Galway,2ae19629-1a02-13a3-e055-000000000001,"Frenchpark, Roscommon",761,92
Roscommon-Galway,2ae19629-1a03-13a3-e055-000000000001,"Fuerty, Roscommon",596,97
Roscommon-Galway,2ae19629-1a0d-13a3-e055-000000000001,"Keadew, Roscommon",456,62
Roscommon-Galway,2ae19629-1a0e-13a3-e055-000000000001,"Kilbride North, Roscommon",323,46
Roscommon-Galway,2ae19629-1a0f-13a3-e055-000000000001,"Kilbride South, Roscommon",297,48
Roscommon-Galway,2ae19629-1a16-13a3-e055-000000000001,"Kilbryan, Roscommon",291,31
Roscommon-Galway,2ae19629-1a17-13a3-e055-000000000001,"Kilcar, Roscommon",291,47
Roscommon-Galway,2ae19629-1a23-13a3-e055-000000000001,"Kilgefin, Roscommon",235,30
Roscommon-Galway,2ae19629-1a24-13a3-e055-000000000001,"Kilglass North, Roscommon",402,42
Roscommon-Galway,2ae19629-1a25-13a3-e055-000000000001,"Kilglass South, Roscommon",275,38
Roscommon-Galway,2ae19629-1a2e-13a3-e055-000000000001,"Killavackan, Roscommon",174,25
Roscommon-Galway,2ae19629-1a2f-13a3-e055-000000000001,"Killukin, Roscommon, 197074",206,28
Roscommon-Galway,2ae19629-1a30-13a3-e055-000000000001,"Killukin, Roscommon, 197075",154,21
Roscommon-Galway,2ae19629-1a31-13a3-e055-000000000001,"Killummod, Roscommon",95,4
Roscommon-Galway,2ae19629-1990-13a3-e055-000000000001,"Kilmacumsy/Kilcolagh, Roscommon",360,35
Roscommon-Galway,2ae19629-1991-13a3-e055-000000000001,"Kilmore, Roscommon",142,14
Roscommon-Galway,2ae19629-1992-13a3-e055-000000000001,"Kilteevan, Roscommon",422,74
Roscommon-Galway,2ae19629-199a-13a3-e055-000000000001,"Kiltoom, Roscommon",1326,198
Roscommon-Galway,2ae19629-199b-13a3-e055-000000000001,"Kiltullagh, Roscommon",880,117
Roscommon-Galway,2ae19629-199c-13a3-e055-000000000001,"Lackan, Roscommon",276,55
Roscommon-Galway,2ae19629-19a4-13a3-e055-000000000001,"Lecarrow, Roscommon",258,39
Roscommon-Galway,869b3460-81b8-43ea-b965-9e0df9601878,"Lisgarve/Mantua, Roscommon",167,29
Roscommon-Galway,2ae19629-19a6-13a3-e055-000000000001,"Lismaha, Roscommon",296,45
Roscommon-Galway,2ae19629-19a7-13a3-e055-000000000001,"Lissonuffy, Roscommon",137,15
Roscommon-Galway,922546d5-3ff0-4121-bfc2-ddab853e004a,"Lough Allen/Altagowlan, Roscommon",249,38
Roscommon-Galway,2ae19629-19b2-13a3-e055-000000000001,"Loughglinn, Roscommon",629,84
Roscommon-Galway,2ae19629-19bc-13a3-e055-000000000001,"Moore, Roscommon",237,37
Roscommon-Galway,2ae19629-19bd-13a3-e055-000000000001,"Mote, Roscommon",709,93
Roscommon-Galway,2ae19629-19be-13a3-e055-000000000001,"Oakport, Roscommon",363,30
Roscommon-Galway,2ae19629-19bf-13a3-e055-000000000001,"Ogulla, Roscommon",305,31
Roscommon-Galway,2ae19629-19c9-13a3-e055-000000000001,"Rockhill, Roscommon",320,52
Roscommon-Galway,2ae19629-19ca-13a3-e055-000000000001,"Rockingham, Roscommon",271,38
Roscommon-Galway,2ae19629-19cb-13a3-e055-000000000001,"Roosky, Roscommon",622,54
Roscommon-Galway,2ae19629-19d4-13a3-e055-000000000001,"Roscommon Rural, Roscommon",4026,492
Roscommon-Galway,2ae19629-19d5-13a3-e055-000000000001,"Roscommon Urban, Roscommon",1514,130
Roscommon-Galway,2ae19629-19d6-13a3-e055-000000000001,"Rosmoylan, Roscommon",172,19
Roscommon-Galway,2ae19629-19d7-13a3-e055-000000000001,"Rossmore, Roscommon",129,20
Roscommon-Galway,2ae19629-19e0-13a3-e055-000000000001,"Rushfield, Roscommon",309,47
Roscommon-Galway,2ae19629-19e1-13a3-e055-000000000001,"Scregg, Roscommon",400,41
Roscommon-Galway,2ae19629-19e2-13a3-e055-000000000001,"Strokestown, Roscommon",958,99
Roscommon-Galway,2ae19629-19e9-13a3-e055-000000000001,"Taghboy, Roscommon",378,59
Roscommon-Galway,2ae19629-19ea-13a3-e055-000000000001,"Taghmaconnell, Roscommon",222,32
Roscommon-Galway,2ae19629-19eb-13a3-e055-000000000001,"Termonbarry, Roscommon",724,69
Roscommon-Galway,2ae19629-19ec-13a3-e055-000000000001,"Thomastown, Roscommon",603,124
Roscommon-Galway,2ae19629-19f6-13a3-e055-000000000001,"Tivannagh, Roscommon",214,38
Roscommon-Galway,2ae19629-19f7-13a3-e055-000000000001,"Tulsk, Roscommon",239,38
Roscommon-Galway,2ae19629-19f8-13a3-e055-000000000001,"Tumna North, Roscommon",136,10
Roscommon-Galway,2ae19629-1a04-13a3-e055-000000000001,"Tumna South, Roscommon",159,15
Roscommon-Galway,2ae19629-1a05-13a3-e055-000000000001,"Turrock, Roscommon",251,46
Sligo-Leitrim,2ae19629-1a06-13a3-e055-000000000001,"Achonry East, Sligo",369,50
Sligo-Leitrim,2ae19629-1a07-13a3-e055-000000000001,"Achonry West, Sligo",606,66
Sligo-Leitrim,2ae19629-1a10-13a3-e055-000000000001,"Aclare, Sligo",201,32
Sligo-Leitrim,2ae19629-1a11-13a3-e055-000000000001,"Aghanagh, Sligo",272,28
Sligo-Leitrim,2ae19629-1a19-13a3-e055-000000000001,"Annagh, Sligo",153,24
Sligo-Leitrim,2ae19629-1a1a-13a3-e055-000000000001,"Aughris, Sligo",127,14
Sligo-Leitrim,2ae19629-1a1b-13a3-e055-000000000001,"Ballintogher East, Sligo",496,89
Sligo-Leitrim,2ae19629-1a26-13a3-e055-000000000001,"Ballintogher West, Sligo",352,47
Sligo-Leitrim,2ae19629-1a27-13a3-e055-000000000001,"Ballymote, Sligo",1672,163
Sligo-Leitrim,2ae19629-1a28-13a3-e055-000000000001,"Ballynakill, Sligo",347,54
Sligo-Leitrim,2ae19629-1a32-13a3-e055-000000000001,"Ballynashee, Sligo",288,41
Sligo-Leitrim,2ae19629-1a33-13a3-e055-000000000001,"Ballysadare East, Sligo",1059,113
Sligo-Leitrim,2ae19629-1a34-13a3-e055-000000000001,"Ballysadare West, Sligo",284,42
Sligo-Leitrim,2ae19629-1987-13a3-e055-000000000001,"Banada, Sligo",473,57
Sligo-Leitrim,2ae19629-19b5-13a3-e055-000000000001,"Branchfield/Carrownaskeagh, Sligo",122,18
Sligo-Leitrim,2ae19629-1989-13a3-e055-000000000001,"Breencorragh, Sligo",99,14
Sligo-Leitrim,2ae19629-198a-13a3-e055-000000000001,"Bricklieve, Sligo",167,29
Sligo-Leitrim,2ae19629-19a8-13a3-e055-000000000001,"Buncrowey, Sligo",240,42
Sligo-Leitrim,2ae19629-19a9-13a3-e055-000000000001,"Calry, Sligo",1456,188
Sligo-Leitrim,2ae19629-19aa-13a3-e055-000000000001,"Carney, Sligo",537,86
Sligo-Leitrim,2ae19629-19b4-13a3-e055-000000000001,"Carrickbanagher, Sligo",534,81
Sligo-Leitrim,2ae19629-19b6-13a3-e055-000000000001,"Cartron, Sligo",117,15
Sligo-Leitrim,2ae19629-19c0-13a3-e055-000000000001,"Castleconor East, Sligo",178,36
Sligo-Leitrim,2ae19629-19c1-13a3-e055-000000000001,"Castleconor West, Sligo",802,102
Sligo-Leitrim,2ae19629-19cc-13a3-e055-000000000001,"Cliffony North, Sligo",777,67
Sligo-Leitrim,2ae19629-19cd-13a3-e055-000000000001,"Cliffony South, Sligo",470,75
Sligo-Leitrim,2ae19629-19ce-13a3-e055-000000000001,"Cloonacool, Sligo",233,31
Sligo-Leitrim,2ae19629-19d8-13a3-e055-000000000001,"Cloonoghill, Sligo",229,34
Sligo-Leitrim,2ae19629-19d9-13a3-e055-000000000001,"Collooney, Sligo",2275,233
Sligo-Leitrim,2ae19629-19e3-13a3-e055-000000000001,"Coolaney, Sligo",1038,114
Sligo-Leitrim,2ae19629-19e4-13a3-e055-000000000001,"Coolavin, Sligo",360,47
Sligo-Leitrim,2ae19629-19ed-13a3-e055-000000000001,"Cuilmore, Sligo",424,45
Sligo-Leitrim,2ae19629-19ee-13a3-e055-000000000001,"Dromard East, Sligo",140,15
Sligo-Leitrim,2ae19629-19ef-13a3-e055-000000000001,"Dromard West, Sligo",151,26
Sligo-Leitrim,2ae19629-19f9-13a3-e055-000000000001,"Dromore, Sligo",388,50
Sligo-Leitrim,2ae19629-19fa-13a3-e055-000000000001,"Drumcliff East, Sligo",615,73
Sligo-Leitrim,2ae19629-1a08-13a3-e055-000000000001,"Drumcliff West, Sligo",1431,150
Sligo-Leitrim,2ae19629-1a09-13a3-e055-000000000001,"Drumcolumb, Sligo",226,45
Sligo-Leitrim,2ae19629-1a0a-13a3-e055-000000000001,"Drumfin, Sligo",312,43
Sligo-Leitrim,2ae19629-1a12-13a3-e055-000000000001,"Drumrat, Sligo",404,55
Sligo-Leitrim,2ae19629-1a13-13a3-e055-000000000001,"Easky East, Sligo",482,60
Sligo-Leitrim,2ae19629-1a1c-13a3-e055-000000000001,"Easky West, Sligo",538,75
Sligo-Leitrim,2ae19629-1a1d-13a3-e055-000000000001,"Glencar, Sligo",189,26
Sligo-Leitrim,2ae19629-1a1e-13a3-e055-000000000001,"Glendarragh, Sligo",165,13
Sligo-Leitrim,2ae19629-1a1f-13a3-e055-000000000001,"Kilfree, Sligo",416,39
Sligo-Leitrim,2ae19629-1a29-13a3-e055-000000000001,"Kilglass, Sligo",1357,141
Sligo-Leitrim,2ae19629-1a2a-13a3-e055-000000000001,"Killadoon, Sligo",223,35
Sligo-Leitrim,2ae19629-1a35-13a3-e055-000000000001,"Killaraght, Sligo",347,48
Sligo-Leitrim,2ae19629-1a36-13a3-e055-000000000001,"Kilmacowen, Sligo",1789,227
Sligo-Leitrim,2ae19629-198b-13a3-e055-000000000001,"Kilmacteige, Sligo",184,39
Sligo-Leitrim,2ae19629-198c-13a3-e055-000000000001,"Kilmactranny, Sligo",275,33
Sligo-Leitrim,2ae19629-1993-13a3-e055-000000000001,"Kilshalvy, Sligo",221,25
Sligo-Leitrim,2ae19629-1994-13a3-e055-000000000001,"Kilturra, Sligo",172,28
Sligo-Leitrim,2ae19629-199d-13a3-e055-000000000001,"Knockaree, Sligo",3091,301
Sligo-Leitrim,2ae19629-199e-13a3-e055-000000000001,"Lakeview, Sligo",377,49
Sligo-Leitrim,2ae19629-1995-13a3-e055-000000000001,"Leitrim, Sligo",280,41
Sligo-Leitrim,2ae19629-1996-13a3-e055-000000000001,"Lisconny, Sligo",292,40
Sligo-Leitrim,2ae19629-1997-13a3-e055-000000000001,"Lissadill East, Sligo",606,67
Sligo-Leitrim,2ae19629-199f-13a3-e055-000000000001,"Lissadill North, Sligo",1104,164
Sligo-Leitrim,2ae19629-19a0-13a3-e055-000000000001,"Lissadill West, Sligo",487,65
Sligo-Leitrim,759f966a-c2c8-4bea-a71d-5e9c2d452553,"Loughil, Sligo",58,8
Sligo-Leitrim,2ae19629-19ad-13a3-e055-000000000001,"Owenmore, Sligo",82,11
Sligo-Leitrim,2ae19629-19b7-13a3-e055-000000000001,"Rathmacurkey, Sligo",450,73
Sligo-Leitrim,2ae19629-19b8-13a3-e055-000000000001,"Riverstown, Sligo",556,74
Sligo-Leitrim,2ae19629-19b9-13a3-e055-000000000001,"Rossinver East, Sligo",145,21
Sligo-Leitrim,2ae19629-19c2-13a3-e055-000000000001,"Rossinver West, Sligo",179,38
Sligo-Leitrim,2ae19629-19c3-13a3-e055-000000000001,"Shancough, Sligo",105,20
Sligo-Leitrim,2ae19629-19c4-13a3-e055-000000000001,"Skreen, Sligo",131,12
Sligo-Leitrim,2ae19629-19fc-13a3-e055-000000000001,"Sligo East, Sligo",4057,417
Sligo-Leitrim,2ae19629-19fb-13a3-e055-000000000001,"Sligo North, Sligo",5131,297
Sligo-Leitrim,2ae19629-19c5-13a3-e055-000000000001,"Sligo West, Sligo",6123,616
Sligo-Leitrim,2ae19629-19cf-13a3-e055-000000000001,"Streamstown, Sligo",202,29
Sligo-Leitrim,2ae19629-19d0-13a3-e055-000000000001,"Temple, Sligo",280,33
Sligo-Leitrim,2ae19629-19da-13a3-e055-000000000001,"Templeboy North, Sligo",244,42
Sligo-Leitrim,2ae19629-19db-13a3-e055-000000000001,"Templeboy South/Mullagheruse, Sligo",193,26
Sligo-Leitrim,2ae19629-19e5-13a3-e055-000000000001,"Templevanny, Sligo",185,29
Sligo-Leitrim,2ae19629-19e6-13a3-e055-000000000001,"Tobercurry, Sligo",2276,244
Sligo-Leitrim,2ae19629-19f0-13a3-e055-000000000001,"Toberpatrick East, Sligo",192,32
Sligo-Leitrim,2ae19629-19f1-13a3-e055-000000000001,"Toberpatrick West, Sligo",247,43
Sligo-Leitrim,2ae19629-19f2-13a3-e055-000000000001,"Toomour, Sligo",167,15
Cavan-Monaghan,2ae19629-1e0f-13a3-e055-000000000001,"Ardue, Cavan",664,72
Cavan-Monaghan,2ae19629-1e1a-13a3-e055-000000000001,"Arvagh, Cavan",739,89
Cavan-Monaghan,2ae19629-1e1b-13a3-e055-000000000001,"Ashfield, Cavan",296,46
Cavan-Monaghan,2ae19629-1c98-13a3-e055-000000000001,"Bailieborough, Cavan",3157,404
Cavan-Monaghan,2ae19629-1c99-13a3-e055-000000000001,"Ballintemple, Cavan",333,70
Cavan-Monaghan,2ae19629-1cd8-13a3-e055-000000000001,"Ballyconnell, Cavan",1380,139
Cavan-Monaghan,2ae19629-1cd9-13a3-e055-000000000001,"Ballyhaise, Cavan",836,103
Cavan-Monaghan,2ae19629-1cf1-13a3-e055-000000000001,"Ballyjamesduff, Cavan",2575,383
Cavan-Monaghan,2ae19629-1cf2-13a3-e055-000000000001,"Ballymachugh, Cavan",656,111
Cavan-Monaghan,2ae19629-1d13-13a3-e055-000000000001,"Ballymagauran, Cavan",200,36
Cavan-Monaghan,2ae19629-1d14-13a3-e055-000000000001,"Bawnboy, Cavan",477,66
Cavan-Monaghan,2ae19629-1d32-13a3-e055-000000000001,"Bellananagh, Cavan",1182,171
Cavan-Monaghan,2ae19629-1d33-13a3-e055-000000000001,"Belturbet, Cavan",1376,140
Cavan-Monaghan,2ae19629-1d51-13a3-e055-000000000001,"Bilberry, Cavan",159,28
Cavan-Monaghan,2ae19629-1d52-13a3-e055-000000000001,"Bruce Hall, Cavan",147,23
Cavan-Monaghan,2ae19629-1d53-13a3-e055-000000000001,"Butler's Bridge, Cavan",377,58
Cavan-Monaghan,2ae19629-1d54-13a3-e055-000000000001,"Canningstown, Cavan",428,69
Cavan-Monaghan,2ae19629-1d72-13a3-e055-000000000001,"Carn, Cavan",177,28
Cavan-Monaghan,2ae19629-1d73-13a3-e055-000000000001,"Carnagarve, Cavan",476,74
Cavan-Monaghan,2ae19629-1d74-13a3-e055-000000000001,"Carrafin, Cavan",323,39
Cavan-Monaghan,2ae19629-1d8f-13a3-e055-000000000001,"Castlerahan, Cavan",689,118
Cavan-Monaghan,2ae19629-1d90-13a3-e055-000000000001,"Castlesaunderson, Cavan",237,30
Cavan-Monaghan,2ae19629-1da9-13a3-e055-000000000001,"Cavan Rural, Cavan",6157,567
Cavan-Monaghan,2ae19629-1daa-13a3-e055-000000000001,"Cavan Urban, Cavan",2929,308
Cavan-Monaghan,2ae19629-1dab-13a3-e055-000000000001,"Clonervy, Cavan",687,140
Cavan-Monaghan,2ae19629-1dac-13a3-e055-000000000001,"Cootehill Rural, Cavan",831,127
Cavan-Monaghan,2ae19629-1dbf-13a3-e055-000000000001,"Cootehill Urban, Cavan",1326,148
Cavan-Monaghan,2ae19629-1dc0-13a3-e055-000000000001,"Corr, Cavan",212,33
Cavan-Monaghan,2ae19629-1dc1-13a3-e055-000000000001,"Corraneary, Cavan",351,54
Cavan-Monaghan,2ae19629-1dd9-13a3-e055-000000000001,"Crossbane, Cavan",495,91
Cavan-Monaghan,2ae19629-1dda-13a3-e055-000000000001,"Crossdoney, Cavan",463,89
Cavan-Monaghan,2ae19629-1df9-13a3-e055-000000000001,"Crosskeys, Cavan",556,120
Cavan-Monaghan,2ae19629-1dfa-13a3-e055-000000000001,"Cuttragh, Cavan",323,68
Cavan-Monaghan,2ae19629-1dfb-13a3-e055-000000000001,"Denn, Cavan",540,99
Cavan-Monaghan,2ae19629-1e10-13a3-e055-000000000001,"Derrin, Cavan",338,51
Cavan-Monaghan,2ae19629-1e11-13a3-e055-000000000001,"Derrylahan, Cavan",86,17
Cavan-Monaghan,2ae19629-1e1c-13a3-e055-000000000001,"Diamond, Cavan",123,18
Cavan-Monaghan,2ae19629-1e1d-13a3-e055-000000000001,"Doogary, Cavan",110,20
Cavan-Monaghan,2ae19629-1e1e-13a3-e055-000000000001,"Dowra, Cavan",133,14
Cavan-Monaghan,2ae19629-1c9a-13a3-e055-000000000001,"Drumanespick, Cavan",345,56
Cavan-Monaghan,2ae19629-1c9b-13a3-e055-000000000001,"Drumcarban, Cavan",458,75
Cavan-Monaghan,2ae19629-1ca9-13a3-e055-000000000001,"Drumcarn, Cavan",396,57
Cavan-Monaghan,2ae19629-1caa-13a3-e055-000000000001,"Drumlumman, Cavan",470,90
Cavan-Monaghan,2ae19629-1cab-13a3-e055-000000000001,"Drung, Cavan",417,86
Cavan-Monaghan,f91caa0f-0c2d-4ce7-a5b0-7a5ac354cb4f,"Dunmakeever/Benbrack/Derrynananta, Cavan",180,32
Cavan-Monaghan,2ae19629-1cba-13a3-e055-000000000001,"Enniskeen, Cavan",343,65
Cavan-Monaghan,2ae19629-1cbb-13a3-e055-000000000001,"Eskey, Cavan",268,31
Cavan-Monaghan,2ae19629-1cac-13a3-e055-000000000001,"Graddum, Cavan",446,73
Cavan-Monaghan,2ae19629-1cad-13a3-e055-000000000001,"Grilly, Cavan",384,41
Cavan-Monaghan,2ae19629-1cbc-13a3-e055-000000000001,"Kilbride, Cavan",741,121
Cavan-Monaghan,2ae19629-1cbd-13a3-e055-000000000001,"Kilcogy, Cavan",326,59
Cavan-Monaghan,2ae19629-1cda-13a3-e055-000000000001,"Kilconny, Cavan",469,75
Cavan-Monaghan,2ae19629-1cdb-13a3-e055-000000000001,"Kilgolagh, Cavan",256,48
Cavan-Monaghan,2ae19629-1cdc-13a3-e055-000000000001,"Kill, Cavan",295,63
Cavan-Monaghan,2ae19629-1cf3-13a3-e055-000000000001,"Killashandra, Cavan",863,110
Cavan-Monaghan,06698531-f7f7-4058-a15f-7d455ef0dd94,"Killinagh/Teebane, Cavan",107,17
Cavan-Monaghan,2ae19629-1cf5-13a3-e055-000000000001,"Killinkere, Cavan",379,63
Cavan-Monaghan,2ae19629-1d15-13a3-e055-000000000001,"Killykeen, Cavan",486,75
Cavan-Monaghan,2ae19629-1d16-13a3-e055-000000000001,"Kilnaleck, Cavan",883,117
Cavan-Monaghan,2ae19629-1d35-13a3-e055-000000000001,"Kinawley, Cavan",88,15
Cavan-Monaghan,2ae19629-1d36-13a3-e055-000000000001,"Kingscourt, Cavan",2614,343
Cavan-Monaghan,2ae19629-1d55-13a3-e055-000000000001,"Knappagh, Cavan",351,67
Cavan-Monaghan,2ae19629-1d56-13a3-e055-000000000001,"Larah North, Cavan",369,66
Cavan-Monaghan,2ae19629-1d75-13a3-e055-000000000001,"Larah South, Cavan",370,60
Cavan-Monaghan,2ae19629-1d76-13a3-e055-000000000001,"Lisagoan, Cavan",302,53
Cavan-Monaghan,2ae19629-1d77-13a3-e055-000000000001,"Lissanover, Cavan",213,35
Cavan-Monaghan,2ae19629-1d91-13a3-e055-000000000001,"Loughdawan, Cavan",252,43
Cavan-Monaghan,2ae19629-1d92-13a3-e055-000000000001,"Lurgan, Cavan",459,56
Cavan-Monaghan,2ae19629-1d93-13a3-e055-000000000001,"Milltown, Cavan",306,38
Cavan-Monaghan,2ae19629-1dad-13a3-e055-000000000001,"Moynehall, Cavan",1297,206
Cavan-Monaghan,2ae19629-1dae-13a3-e055-000000000001,"Mullagh, Cavan",1770,271
Cavan-Monaghan,2ae19629-1dc2-13a3-e055-000000000001,"Munterconnaught, Cavan",849,137
Cavan-Monaghan,2ae19629-1c9d-13a3-e055-000000000001,"Pedara Vohers/Tircahan, Cavan",150,22
Cavan-Monaghan,2ae19629-1dc4-13a3-e055-000000000001,"Rakenny, Cavan",350,62
Cavan-Monaghan,2ae19629-1ddb-13a3-e055-000000000001,"Redhill, Cavan",343,45
Cavan-Monaghan,2ae19629-1ddc-13a3-e055-000000000001,"Scrabby, Cavan",508,75
Cavan-Monaghan,2ae19629-1ddd-13a3-e055-000000000001,"Shercock, Cavan",950,121
Cavan-Monaghan,2ae19629-1dfc-13a3-e055-000000000001,"Skeagh, Cavan",328,71
Cavan-Monaghan,2ae19629-1dfd-13a3-e055-000000000001,"Springfield, Cavan",147,25
Cavan-Monaghan,2ae19629-1e13-13a3-e055-000000000001,"Stradone, Cavan",614,80
Cavan-Monaghan,2ae19629-1e14-13a3-e055-000000000001,"Swanlinbar, Cavan",304,42
Cavan-Monaghan,2ae19629-1e1f-13a3-e055-000000000001,"Taghart, Cavan",485,89
Cavan-Monaghan,2ae19629-1e21-13a3-e055-000000000001,"Templeport, Cavan",228,31
Cavan-Monaghan,2ae19629-1c9c-13a3-e055-000000000001,"Termon, Cavan",426,66
Cavan-Monaghan,2ae19629-1c9e-13a3-e055-000000000001,"Tuam, Cavan",281,28
Cavan-Monaghan,2ae19629-1cae-13a3-e055-000000000001,"Tullyvin East, Cavan",372,46
Cavan-Monaghan,2ae19629-1caf-13a3-e055-000000000001,"Tullyvin West, Cavan",239,38
Cavan-Monaghan,2ae19629-1faf-13a3-e055-000000000001,"Virginia, Cavan",3733,514
Cavan-Monaghan,2ae19629-1fb0-13a3-e055-000000000001,"Waterloo, Cavan",580,95
Donegal,2ae19629-21c1-13a3-e055-000000000001,"Allt na Péiste, Dún na nGall",313,55
Donegal,2ae19629-21c2-13a3-e055-000000000001,"Anagaire, Dún na nGall",1785,213
Donegal,2ae19629-21c3-13a3-e055-000000000001,"Árainn Mhór, Dún na nGall",401,52
Donegal,2ae19629-21cc-13a3-e055-000000000001,"Ard an Rátha, Dún na nGall",1006,106
Donegal,2ae19629-21cd-13a3-e055-000000000001,"Ardmalin, Donegal",497,74
Donegal,2ae19629-21ce-13a3-e055-000000000001,"Ards, Donegal",648,66
Sligo-Leitrim,2ae19629-21cf-13a3-e055-000000000001,"Ballintra, Donegal, 057007",561,64
Sligo-Leitrim,2ae19629-21d0-13a3-e055-000000000001,"Ballintra, Donegal, 057008",582,84
Donegal,2ae19629-21da-13a3-e055-000000000001,"Ballyarr, Donegal",561,68
Donegal,2ae19629-21d1-13a3-e055-000000000001,"Ballyliffin, Donegal",1090,159
Donegal,2ae19629-21db-13a3-e055-000000000001,"Ballymacool, Donegal",1948,244
Sligo-Leitrim,2ae19629-21e5-13a3-e055-000000000001,"Ballyshannon Rural, Donegal",1285,173
Sligo-Leitrim,2ae19629-21dc-13a3-e055-000000000001,"Ballyshannon Urban, Donegal",1418,164
Donegal,2ae19629-21e6-13a3-e055-000000000001,"An Bhinn Bhán, Dún na nGall",133,17
Donegal,2ae19629-21ee-13a3-e055-000000000001,"Birdstown, Donegal",927,123
Donegal,2ae19629-21ef-13a3-e055-000000000001,"Bonnyglen, Donegal",299,43
Donegal,2ae19629-21f7-13a3-e055-000000000001,"Buncrana Rural, Donegal",2799,417
Donegal,2ae19629-21f8-13a3-e055-000000000001,"Buncrana Urban, Donegal",2568,353
Sligo-Leitrim,2ae19629-2106-13a3-e055-000000000001,"Bundoran Rural, Donegal",899,129
Sligo-Leitrim,2ae19629-2107-13a3-e055-000000000001,"Bundoran Urban, Donegal",1655,137
Donegal,2ae19629-2112-13a3-e055-000000000001,"Burt, Donegal",1022,167
Donegal,2ae19629-2113-13a3-e055-000000000001,"Carndonagh, Donegal",1789,241
Donegal,2ae19629-2060-13a3-e055-000000000001,"Carraig Airt, Dún na nGall",733,107
Sligo-Leitrim,2ae19629-2061-13a3-e055-000000000001,"Carrickboy, Donegal",317,50
Donegal,2ae19629-206a-13a3-e055-000000000001,"An Cheathrú Chaol, Dún na nGall",687,93
Donegal,2ae19629-206b-13a3-e055-000000000001,"Carthage, Donegal",683,116
Donegal,2ae19629-206c-13a3-e055-000000000001,"Castlecary, Donegal",525,92
Donegal,2ae19629-2077-13a3-e055-000000000001,"Castlefinn, Donegal",949,167
Donegal,2ae19629-2078-13a3-e055-000000000001,"Castleforward, Donegal",954,167
Donegal,2ae19629-2081-13a3-e055-000000000001,"Castlewray, Donegal",2766,338
Sligo-Leitrim,2ae19629-2082-13a3-e055-000000000001,"Cavangarden, Donegal",319,47
Donegal,2ae19629-2083-13a3-e055-000000000001,"Mín an Lábáin, Dún na nGall",274,40
Sligo-Leitrim,2ae19629-208f-13a3-e055-000000000001,"Cliff, Donegal",183,20
Donegal,2ae19629-2090-13a3-e055-000000000001,"An Clochán, Dún na nGall",695,131
Donegal,2ae19629-2091-13a3-e055-000000000001,"Cloghard, Donegal",488,83
Donegal,2ae19629-2092-13a3-e055-000000000001,"Clogher, Donegal",654,94
Donegal,2ae19629-209a-13a3-e055-000000000001,"Clonleigh North, Donegal",1094,177
Donegal,2ae19629-209b-13a3-e055-000000000001,"Clonleigh South, Donegal",1620,237
Donegal,2ae19629-20a8-13a3-e055-000000000001,"Convoy, Donegal",1959,307
Donegal,2ae19629-20a9-13a3-e055-000000000001,"Corkermore, Donegal",267,39
Donegal,2ae19629-20b3-13a3-e055-000000000001,"Corravaddy, Donegal",1225,152
Donegal,2ae19629-20b4-13a3-e055-000000000001,"Creamhghort, Dún na nGall",473,61
Donegal,2ae19629-20b5-13a3-e055-000000000001,"Críoch na Sméar, Dún na nGall",235,39
Donegal,2ae19629-20c1-13a3-e055-000000000001,"An Craoslach, Dún na nGall",618,84
Donegal,2ae19629-20c2-13a3-e055-000000000001,"Na Croisbhealaí, Dún na nGall",1673,209
Donegal,2ae19629-20c3-13a3-e055-000000000001,"Cró Bheithe, Dún na nGall",131,21
Donegal,2ae19629-20c4-13a3-e055-000000000001,"Cró Chaorach, Dún na nGall",84,4
Donegal,2ae19629-20ce-13a3-e055-000000000001,"Crownarad, Donegal",270,26
Donegal,2ae19629-20cf-13a3-e055-000000000001,"Culdaff, Donegal",758,109
Donegal,2ae19629-20d0-13a3-e055-000000000001,"Dawros, Donegal",585,62
Donegal,2ae19629-20d1-13a3-e055-000000000001,"Desertegny, Donegal",534,83
Donegal,2ae19629-20d9-13a3-e055-000000000001,"Caisleán na dTuath, Dún na nGall",197,23
Donegal,2ae19629-20da-13a3-e055-000000000001,"Donegal, Donegal",3247,330
Donegal,2ae19629-20db-13a3-e055-000000000001,"An Dúchoraidh, Dún na nGall",68,6
Donegal,2ae19629-20e3-13a3-e055-000000000001,"Dooish, Donegal",861,132
Donegal,2ae19629-20e4-13a3-e055-000000000001,"Dunaff, Donegal",531,98
Donegal,2ae19629-20e5-13a3-e055-000000000001,"Dún Fionnachaidh, Dún na nGall",788,100
Donegal,2ae19629-20e6-13a3-e055-000000000001,"An Clochán Liath, Dún na nGall",1519,189
Donegal,2ae19629-20e7-13a3-e055-000000000001,"Dunkineely, Donegal",695,97
Donegal,2ae19629-20e8-13a3-e055-000000000001,"Dún Lúiche, Dún na nGall",556,86
Donegal,2ae19629-20e9-13a3-e055-000000000001,"Eanymore, Donegal",429,53
Donegal,2ae19629-20f6-13a3-e055-000000000001,"Edenacarnan, Donegal",1219,150
Donegal,2ae19629-20f7-13a3-e055-000000000001,"Fahan, Donegal",1267,195
Donegal,2ae19629-20f8-13a3-e055-000000000001,"Fánaid Thuaidh, Dún na nGall",442,77
Donegal,2ae19629-20f9-13a3-e055-000000000001,"Fánaid Thiar, Dún na nGall",319,63
Donegal,2ae19629-20fa-13a3-e055-000000000001,"Feddyglass, Donegal",329,49
Donegal,2ae19629-204b-13a3-e055-000000000001,"Figart, Donegal",811,115
Donegal,2ae19629-204c-13a3-e055-000000000001,"Baile na Finne, Dún na nGall",231,50
Donegal,2ae19629-2057-13a3-e055-000000000001,"Gartán, Dún na nGall",148,19
Donegal,2ae19629-2058-13a3-e055-000000000001,"Glen, Donegal",209,21
Donegal,2ae19629-2062-13a3-e055-000000000001,"Glenalla, Donegal",366,41
Donegal,2ae19629-206d-13a3-e055-000000000001,"Gleneely, Donegal, 057073",615,97
Donegal,2ae19629-206e-13a3-e055-000000000001,"Gleneely, Donegal, 057074",1228,237
Donegal,2ae19629-2079-13a3-e055-000000000001,"Gleneganon, Donegal",545,80
Donegal,2ae19629-206f-13a3-e055-000000000001,"Gleann Gheis, Dún na nGall",541,86
Donegal,2ae19629-2070-13a3-e055-000000000001,"Gleann Léithín, Dún na nGall",123,26
Donegal,2ae19629-207a-13a3-e055-000000000001,"Na Gleannta, Dún na nGall",1138,173
Donegal,2ae19629-207b-13a3-e055-000000000001,"Glentogher, Donegal",920,115
Donegal,2ae19629-2084-13a3-e055-000000000001,"Goland, Donegal",271,43
Donegal,2ae19629-2085-13a3-e055-000000000001,"Gort an Choirce, Dún na nGall",1289,163
Donegal,2ae19629-2086-13a3-e055-000000000001,"Gortnavern, Donegal",934,124
Donegal,2ae19629-2087-13a3-e055-000000000001,"An Ghrafaidh, Dún na nGall",125,23
Donegal,2ae19629-2088-13a3-e055-000000000001,"Greencastle, Donegal",825,103
Donegal,2ae19629-2093-13a3-e055-000000000001,"Grianfort, Dún na nGall",280,23
Donegal,2ae19629-2094-13a3-e055-000000000001,"Grousehall, Donegal",65,11
Donegal,2ae19629-209c-13a3-e055-000000000001,"Haugh, Donegal",173,25
Donegal,2ae19629-209d-13a3-e055-000000000001,"Illies, Donegal",671,125
Donegal,2ae19629-209e-13a3-e055-000000000001,"Inch Island, Donegal",304,54
Donegal,2ae19629-20aa-13a3-e055-000000000001,"Inis Caoil, Dún na nGall",72,7
Donegal,2ae19629-20ab-13a3-e055-000000000001,"Inver, Donegal",600,83
Donegal,2ae19629-20ac-13a3-e055-000000000001,"Cill Charthaigh, Dún na nGall",533,75
Donegal,2ae19629-20b6-13a3-e055-000000000001,"Kilderry, Donegal",1595,191
Donegal,2ae19629-20b7-13a3-e055-000000000001,"Cill Ghabhlaigh, Dún na nGall",289,41
Donegal,2ae19629-20b8-13a3-e055-000000000001,"Killea, Donegal",1320,178
Donegal,2ae19629-20b9-13a3-e055-000000000001,"Killybegs, Donegal",1802,209
Donegal,2ae19629-20ba-13a3-e055-000000000001,"Killygarvan, Donegal",85,9
Donegal,2ae19629-20c5-13a3-e055-000000000001,"Killygordon, Donegal",863,129
Donegal,2ae19629-20c6-13a3-e055-000000000001,"Killymasny, Donegal",361,55
Donegal,2ae19629-20c7-13a3-e055-000000000001,"Kilmacrenan, Donegal",1070,158
Donegal,2ae19629-20d2-13a3-e055-000000000001,"Kincraigy, Donegal",733,124
Donegal,2ae19629-20d3-13a3-e055-000000000001,"Knock, Donegal",1368,212
Donegal,2ae19629-20dc-13a3-e055-000000000001,"Cnoc Colbha, Dún na nGall",211,19
Donegal,2ae19629-20dd-13a3-e055-000000000001,"Laghy, Donegal",640,87
Donegal,2ae19629-20ea-13a3-e055-000000000001,"An Leargaidh Mhór, Dún na nGall",422,62
Donegal,2ae19629-20eb-13a3-e055-000000000001,"Letterkenny Rural, Donegal",9112,1013
Donegal,2ae19629-20ec-13a3-e055-000000000001,"Letterkenny Urban, Donegal",2144,125
Donegal,2ae19629-20fb-13a3-e055-000000000001,"Leitir Mhic an Bhaird, Dún na nGall",568,56
Donegal,2ae19629-20fc-13a3-e055-000000000001,"Lettermore, Donegal",285,57
Donegal,2ae19629-20fd-13a3-e055-000000000001,"Loch Iascaigh, Dún na nGall",297,13
Donegal,2ae19629-20fe-13a3-e055-000000000001,"Loch Caol, Dún na nGall",237,44
Donegal,2ae19629-2042-13a3-e055-000000000001,"Maas, Donegal",216,30
Donegal,2ae19629-2043-13a3-e055-000000000001,"Magheraboy, Donegal",1277,247
Donegal,2ae19629-2044-13a3-e055-000000000001,"Machaire Chlochair, Dún na nGall",2248,253
Donegal,2ae19629-2045-13a3-e055-000000000001,"An Machaire, Dún na nGall",580,78
Donegal,2ae19629-2064-13a3-e055-000000000001,"Malin, Donegal",571,74
Donegal,2ae19629-2065-13a3-e055-000000000001,"Málainn Bhig, Dún na nGall",286,37
Donegal,2ae19629-2066-13a3-e055-000000000001,"Manorcunningham, Donegal",929,125
Donegal,2ae19629-2067-13a3-e055-000000000001,"Mín an Chladaigh, Dún na nGall",1068,146
Donegal,2ae19629-2071-13a3-e055-000000000001,"Mín Charraigeach, Dún na nGall",96,8
Donegal,2ae19629-2072-13a3-e055-000000000001,"Millford, Donegal",1229,196
Donegal,2ae19629-2073-13a3-e055-000000000001,"Mintiaghs, Donegal",627,111
Donegal,2ae19629-207c-13a3-e055-000000000001,"Moville, Donegal",1770,207
Donegal,2ae19629-207d-13a3-e055-000000000001,"Maol Mosóg, Dún na nGall",177,27
Donegal,2ae19629-2089-13a3-e055-000000000001,"Newtown Cunningham, Donegal",746,121
Donegal,2ae19629-208a-13a3-e055-000000000001,"Pettigoe, Donegal",297,35
Donegal,2ae19629-2095-13a3-e055-000000000001,"Raphoe, Donegal",1138,183
Donegal,2ae19629-2096-13a3-e055-000000000001,"Rathmelton, Donegal",1940,313
Donegal,2ae19629-2097-13a3-e055-000000000001,"Rathmullan, Donegal",757,88
Donegal,2ae19629-209f-13a3-e055-000000000001,"Redcastle, Donegal",702,107
Donegal,2ae19629-20a0-13a3-e055-000000000001,"Ros Goill, Dún na nGall",665,80
Donegal,2ae19629-20a1-13a3-e055-000000000001,"Rosnakill, Donegal",207,39
Donegal,2ae19629-20a2-13a3-e055-000000000001,"Inis Mhic an Doirn, Dún na nGall",1199,160
Donegal,2ae19629-20ad-13a3-e055-000000000001,"Suí Corr, Dún na nGall",73,9
Donegal,2ae19629-20ae-13a3-e055-000000000001,"St. Johnstown, Donegal",1064,188
Donegal,2ae19629-20bb-13a3-e055-000000000001,"Straid, Donegal",979,167
Donegal,2ae19629-20bc-13a3-e055-000000000001,"Stranorlar, Donegal",3548,516
Donegal,2ae19629-20c8-13a3-e055-000000000001,"Tantallon, Donegal",1298,160
Donegal,2ae19629-20c9-13a3-e055-000000000001,"Tawnawully, Donegal",261,28
Donegal,2ae19629-20ca-13a3-e055-000000000001,"Templecarn, Donegal",91,15
Donegal,2ae19629-20d4-13a3-e055-000000000001,"Templedouglas, Donegal",744,120
Donegal,2ae19629-20d5-13a3-e055-000000000001,"An Tearmann, Dún na nGall",418,64
Donegal,2ae19629-20de-13a3-e055-000000000001,"Three Trees, Donegal",549,87
Donegal,2ae19629-20df-13a3-e055-000000000001,"Tieveskeelta, Donegal",96,7
Donegal,2ae19629-20ed-13a3-e055-000000000001,"Treantaghmucklagh, Donegal",613,77
Donegal,2ae19629-20ee-13a3-e055-000000000001,"Tullynaught, Donegal",469,87
Donegal,2ae19629-20ef-13a3-e055-000000000001,"Turmone, Donegal",239,34
Donegal,2ae19629-20f0-13a3-e055-000000000001,"Urney West, Donegal",448,68
Donegal,2ae19629-2063-13a3-e055-000000000001,"West Donegal, Donegal",558,70
Donegal,2ae19629-20f1-13a3-e055-000000000001,"Whitecastle, Donegal",714,97
Cavan-Monaghan,2ae19629-1a63-13a3-e055-000000000001,"Aghabog, Monaghan",235,36
Cavan-Monaghan,2ae19629-1a64-13a3-e055-000000000001,"Anketell Grove, Monaghan",892,141
Cavan-Monaghan,2ae19629-1a65-13a3-e055-000000000001,"Annayalla, Monaghan",439,82
Cavan-Monaghan,2ae19629-1a6e-13a3-e055-000000000001,"Anny, Monaghan",286,43
Cavan-Monaghan,2ae19629-1a6f-13a3-e055-000000000001,"Ballybay Rural, Monaghan",1157,141
Cavan-Monaghan,2ae19629-1a70-13a3-e055-000000000001,"Ballybay Urban, Monaghan",254,13
Cavan-Monaghan,2ae19629-1a7b-13a3-e055-000000000001,"Ballymackney, Monaghan",775,137
Cavan-Monaghan,2ae19629-1a7c-13a3-e055-000000000001,"Bellanode, Monaghan",1172,130
Cavan-Monaghan,2ae19629-1a7d-13a3-e055-000000000001,"Bellatrain, Monaghan",196,42
Cavan-Monaghan,2ae19629-1a88-13a3-e055-000000000001,"Bocks, Monaghan",549,103
Cavan-Monaghan,2ae19629-1a89-13a3-e055-000000000001,"Bragan, Monaghan",229,36
Cavan-Monaghan,2ae19629-1a8a-13a3-e055-000000000001,"Broomfield, Monaghan",624,144
Cavan-Monaghan,2ae19629-1a94-13a3-e055-000000000001,"Caddagh, Monaghan",393,74
Cavan-Monaghan,2ae19629-1a95-13a3-e055-000000000001,"Carrickaslane, Monaghan",496,69
Cavan-Monaghan,2ae19629-1a96-13a3-e055-000000000001,"Carrickatee, Monaghan",250,44
Cavan-Monaghan,2ae19629-1a9e-13a3-e055-000000000001,"Carrickmacross Rural, Monaghan",3084,436
Cavan-Monaghan,2ae19629-1a9f-13a3-e055-000000000001,"Carrickmacross Urban, Monaghan",1755,178
Cavan-Monaghan,2ae19629-1aaa-13a3-e055-000000000001,"Castleblayney Rural, Monaghan",2920,424
Cavan-Monaghan,2ae19629-1aa0-13a3-e055-000000000001,"Castleblayney Urban, Monaghan",832,73
Cavan-Monaghan,2ae19629-1aab-13a3-e055-000000000001,"Castleshane, Monaghan",705,98
Cavan-Monaghan,2ae19629-1ab4-13a3-e055-000000000001,"Church Hill, Monaghan",533,94
Cavan-Monaghan,2ae19629-1ab6-13a3-e055-000000000001,"Clones Rural, Monaghan",1188,174
Cavan-Monaghan,2ae19629-1abe-13a3-e055-000000000001,"Clones Urban, Monaghan",862,90
Cavan-Monaghan,2ae19629-1ab5-13a3-e055-000000000001,"Clones, Monaghan",381,58
Cavan-Monaghan,2ae19629-1abf-13a3-e055-000000000001,"Clontibret, Monaghan",572,92
Cavan-Monaghan,2ae19629-1ac0-13a3-e055-000000000001,"Cormeen, Monaghan",375,66
Cavan-Monaghan,2ae19629-1ac1-13a3-e055-000000000001,"Corracharra, Monaghan",238,46
Cavan-Monaghan,2ae19629-1acc-13a3-e055-000000000001,"Creeve, Monaghan",491,75
Cavan-Monaghan,2ae19629-1acd-13a3-e055-000000000001,"Cremartin, Monaghan",904,148
Cavan-Monaghan,2ae19629-1ace-13a3-e055-000000000001,"Crossalare, Monaghan",616,83
Cavan-Monaghan,2ae19629-1ad8-13a3-e055-000000000001,"Currin, Monaghan",514,76
Cavan-Monaghan,2ae19629-1ad9-13a3-e055-000000000001,"Dawsongrove, Monaghan",546,80
Cavan-Monaghan,2ae19629-1ae6-13a3-e055-000000000001,"Derrygorry, Monaghan",221,38
Cavan-Monaghan,2ae19629-1ae7-13a3-e055-000000000001,"Donaghmoyne, Monaghan",503,94
Cavan-Monaghan,2ae19629-1af2-13a3-e055-000000000001,"Drum, Monaghan",146,24
Cavan-Monaghan,2ae19629-1af3-13a3-e055-000000000001,"Drumboory, Monaghan",390,63
Cavan-Monaghan,2ae19629-1af4-13a3-e055-000000000001,"Drumcarrow, Monaghan",340,45
Cavan-Monaghan,2ae19629-1a3c-13a3-e055-000000000001,"Drumgurra, Monaghan",516,71
Cavan-Monaghan,2ae19629-1a3d-13a3-e055-000000000001,"Drumhillagh, Monaghan",505,86
Cavan-Monaghan,2ae19629-1a3e-13a3-e055-000000000001,"Drummully, Monaghan",102,16
Cavan-Monaghan,2ae19629-1a4b-13a3-e055-000000000001,"Drumsnat, Monaghan",767,121
Cavan-Monaghan,2ae19629-1a4c-13a3-e055-000000000001,"Emyvale, Monaghan",900,138
Cavan-Monaghan,2ae19629-1a4d-13a3-e055-000000000001,"Enagh, Monaghan, 177043",404,47
Cavan-Monaghan,2ae19629-1a5a-13a3-e055-000000000001,"Enagh, Monaghan, 177044",665,108
Cavan-Monaghan,2ae19629-1a5b-13a3-e055-000000000001,"Figullar, Monaghan",386,75
Cavan-Monaghan,2ae19629-1a66-13a3-e055-000000000001,"Glaslough, Monaghan",734,97
Cavan-Monaghan,2ae19629-1a67-13a3-e055-000000000001,"Greagh, Monaghan",351,50
Cavan-Monaghan,2ae19629-1a71-13a3-e055-000000000001,"Inishkeen, Monaghan",839,138
Cavan-Monaghan,2ae19629-1a72-13a3-e055-000000000001,"Killeevan, Monaghan",264,48
Cavan-Monaghan,2ae19629-1a7e-13a3-e055-000000000001,"Killylough, Monaghan",434,77
Cavan-Monaghan,2ae19629-1a7f-13a3-e055-000000000001,"Killynenagh, Monaghan",154,26
Cavan-Monaghan,2ae19629-1a80-13a3-e055-000000000001,"Kilmore, Monaghan",394,61
Cavan-Monaghan,2ae19629-1a8b-13a3-e055-000000000001,"Kilmurry, Monaghan",465,79
Cavan-Monaghan,2ae19629-1a8c-13a3-e055-000000000001,"Kiltybegs, Monaghan",504,92
Cavan-Monaghan,2ae19629-1a8d-13a3-e055-000000000001,"Laragh, Monaghan",418,77
Cavan-Monaghan,2ae19629-1a97-13a3-e055-000000000001,"Lisnaveane, Monaghan",326,59
Cavan-Monaghan,2ae19629-1a98-13a3-e055-000000000001,"Lough Fea, Monaghan",506,74
Cavan-Monaghan,2ae19629-1aa1-13a3-e055-000000000001,"Monaghan Rural, Monaghan",4842,603
Cavan-Monaghan,2ae19629-1aa2-13a3-e055-000000000001,"Monaghan Urban, Monaghan",1855,156
Cavan-Monaghan,2ae19629-1aa3-13a3-e055-000000000001,"Mullyash, Monaghan",282,53
Cavan-Monaghan,2ae19629-1aac-13a3-e055-000000000001,"Newbliss, Monaghan",651,95
Cavan-Monaghan,2ae19629-1aad-13a3-e055-000000000001,"Rackwallace, Monaghan",703,119
Cavan-Monaghan,2ae19629-1ab7-13a3-e055-000000000001,"Raferagh, Monaghan",337,53
Cavan-Monaghan,2ae19629-1ab8-13a3-e055-000000000001,"Scotstown, Monaghan",892,167
Cavan-Monaghan,2ae19629-1ac2-13a3-e055-000000000001,"Shanmullagh, Monaghan",178,23
Cavan-Monaghan,2ae19629-1ac3-13a3-e055-000000000001,"Sheskin, Monaghan",477,81
Cavan-Monaghan,2ae19629-1ac4-13a3-e055-000000000001,"St. Tierney, Monaghan",312,64
Cavan-Monaghan,2ae19629-1ac5-13a3-e055-000000000001,"Tedavnet, Monaghan",719,117
Cavan-Monaghan,2ae19629-1acf-13a3-e055-000000000001,"Tehallan, Monaghan",667,111
Cavan-Monaghan,2ae19629-1ad0-13a3-e055-000000000001,"Tullycorbet, Monaghan",498,100
