NEW CONSTITUENCY,ED_GUID,GEOGDESC,Still at school or college,Other education not ceased,Education ceased,Population aged 15 and over,Age under 15,Age 15,Age 16,Age 17,Age 18,Age 19,Age 20,Age 21 and over,Not stated
Carlow-Kilkenny,2ae19629-1836-13a3-e055-000000000001,"Agha, Carlow",39,9,277,325,13,15,11,26,29,10,14,96,63
Carlow-Kilkenny,2ae19629-1837-13a3-e055-000000000001,"Ballinacarrig, Carlow",93,35,774,902,30,26,47,50,109,34,37,276,165
Carlow-Kilkenny,2ae19629-1840-13a3-e055-000000000001,"Ballintemple, Carlow",48,15,417,480,16,11,33,36,48,32,12,106,123
Carlow-Kilkenny,2ae19629-1841-13a3-e055-000000000001,"Ballon, Carlow",75,44,499,618,21,16,31,35,57,20,23,124,172
Carlow-Kilkenny,2ae19629-1842-13a3-e055-000000000001,"Ballyellin, Carlow",41,25,303,369,17,13,31,26,45,14,12,78,67
Carlow-Kilkenny,2ae19629-1843-13a3-e055-000000000001,"Ballymoon, Carlow",28,8,242,278,10,7,22,14,44,12,8,67,58
Carlow-Kilkenny,2ae19629-184d-13a3-e055-000000000001,"Ballymurphy, Carlow",22,6,190,218,10,6,16,16,21,3,10,50,58
Carlow-Kilkenny,2ae19629-184e-13a3-e055-000000000001,"Borris, Carlow",62,52,777,891,37,35,48,72,103,45,38,163,236
Carlow-Kilkenny,2ae19629-184f-13a3-e055-000000000001,"Burton Hall, Carlow",49,4,344,397,19,13,27,45,52,16,26,132,14
Carlow-Kilkenny,2ae19629-1857-13a3-e055-000000000001,"Carlow Rural, Carlow",1665,1190,9938,12793,358,330,664,609,1321,491,433,2946,2786
Carlow-Kilkenny,2ae19629-1858-13a3-e055-000000000001,"Carlow Urban, Carlow",527,451,3395,4373,159,129,239,199,384,148,105,811,1221
Carlow-Kilkenny,2ae19629-1859-13a3-e055-000000000001,"Clogrenan, Carlow",99,55,749,903,31,31,56,63,102,30,37,203,196
Carlow-Kilkenny,2ae19629-185a-13a3-e055-000000000001,"Clonegall, Carlow",81,36,762,879,50,53,70,57,82,27,33,186,204
Carlow-Kilkenny,2ae19629-1864-13a3-e055-000000000001,"Clonmore, Carlow",49,26,380,455,31,19,34,24,50,18,28,89,87
Carlow-Kilkenny,2ae19629-1865-13a3-e055-000000000001,"Coonogue, Carlow",16,12,147,175,10,6,10,9,16,5,6,37,48
Carlow-Kilkenny,2ae19629-1866-13a3-e055-000000000001,"Corries, Carlow",52,24,372,448,19,7,47,33,61,11,15,100,79
Carlow-Kilkenny,2ae19629-1872-13a3-e055-000000000001,"Cranemore, Carlow",95,51,794,940,38,30,48,38,91,48,31,208,262
Carlow-Kilkenny,2ae19629-1873-13a3-e055-000000000001,"Fennagh, Carlow",57,31,551,639,34,25,36,32,55,20,22,145,182
Carlow-Kilkenny,2ae19629-1874-13a3-e055-000000000001,"Garryhill, Carlow",60,13,445,518,29,23,31,40,63,15,23,115,106
Carlow-Kilkenny,2ae19629-187d-13a3-e055-000000000001,"Glynn, Carlow",29,15,261,305,16,12,26,20,34,12,13,77,51
Carlow-Kilkenny,2ae19629-1a59-13a3-e055-000000000001,"Graigue Urban, Carlow",157,107,1142,1406,68,43,77,81,111,37,25,210,490
Carlow-Kilkenny,2ae19629-187e-13a3-e055-000000000001,"Grangeford, Carlow",50,27,406,483,20,16,26,24,52,21,18,101,128
Carlow-Kilkenny,2ae19629-187f-13a3-e055-000000000001,"Hacketstown, Carlow",95,70,793,958,37,48,61,78,102,37,24,140,266
Carlow-Kilkenny,2ae19629-1887-13a3-e055-000000000001,"Haroldstown, Carlow",24,18,211,253,9,10,15,16,27,9,8,48,69
Carlow-Kilkenny,2ae19629-1888-13a3-e055-000000000001,"Johnstown, Carlow",70,9,418,497,26,13,41,27,75,16,25,130,65
Carlow-Kilkenny,2ae19629-1889-13a3-e055-000000000001,"Kellistown, Carlow",93,32,699,824,30,33,47,64,97,44,29,210,145
Carlow-Kilkenny,2ae19629-188a-13a3-e055-000000000001,"Kilbride, Carlow",37,17,319,373,17,14,32,26,37,18,8,84,83
Carlow-Kilkenny,2ae19629-1895-13a3-e055-000000000001,"Killedmond, Carlow",31,17,318,366,18,16,31,30,40,9,6,107,61
Carlow-Kilkenny,2ae19629-1896-13a3-e055-000000000001,"Killerrig, Carlow",54,5,264,323,14,10,23,20,34,18,17,97,31
Carlow-Kilkenny,2ae19629-1897-13a3-e055-000000000001,"Kineagh, Carlow",31,14,262,307,18,15,26,19,31,8,17,67,61
Carlow-Kilkenny,2ae19629-18a0-13a3-e055-000000000001,"Kyle, Carlow",37,7,247,291,18,11,22,24,28,17,13,67,47
Carlow-Kilkenny,2ae19629-18a1-13a3-e055-000000000001,"Leighlinbridge, Carlow",153,63,1175,1391,57,43,97,79,136,67,54,351,291
Carlow-Kilkenny,2ae19629-18a2-13a3-e055-000000000001,"Marley, Carlow",38,12,272,322,18,8,24,17,36,15,16,73,65
Carlow-Kilkenny,2ae19629-18ab-13a3-e055-000000000001,"Muinebeag Rural, Carlow",53,28,490,571,22,24,36,43,64,18,22,145,116
Carlow-Kilkenny,2ae19629-18ac-13a3-e055-000000000001,"Muinebeag Urban, Carlow",208,189,1960,2357,137,95,153,168,269,95,69,373,601
Carlow-Kilkenny,2ae19629-18ad-13a3-e055-000000000001,"Myshall, Carlow",50,25,389,464,22,18,32,35,52,19,22,83,106
Carlow-Kilkenny,2ae19629-18ae-13a3-e055-000000000001,"Nurney, Carlow",85,43,618,746,31,27,55,47,93,29,22,175,139
Carlow-Kilkenny,2ae19629-18b7-13a3-e055-000000000001,"Oldleighlin, Carlow",60,14,392,466,19,22,36,25,46,20,16,135,73
Carlow-Kilkenny,2ae19629-18b8-13a3-e055-000000000001,"Rahill, Carlow",59,30,535,624,31,26,51,49,62,22,28,142,124
Carlow-Kilkenny,2ae19629-18b9-13a3-e055-000000000001,"Rathanna, Carlow",9,2,101,112,8,4,7,6,11,4,5,24,32
Carlow-Kilkenny,2ae19629-18c2-13a3-e055-000000000001,"Rathornan, Carlow",45,15,313,373,36,16,28,27,50,14,10,57,75
Carlow-Kilkenny,2ae19629-18c3-13a3-e055-000000000001,"Rathrush, Carlow",135,37,723,895,27,17,54,53,99,48,35,194,196
Carlow-Kilkenny,2ae19629-18c4-13a3-e055-000000000001,"Rathvilly, Carlow",67,39,607,713,36,31,55,62,90,33,23,106,171
Carlow-Kilkenny,2ae19629-1816-13a3-e055-000000000001,"Ridge, Carlow",39,10,196,245,23,5,15,8,26,10,8,51,50
Carlow-Kilkenny,2ae19629-1817-13a3-e055-000000000001,"Shangarry, Carlow",53,20,374,447,13,15,26,26,50,15,19,100,110
Carlow-Kilkenny,2ae19629-1818-13a3-e055-000000000001,"Sliguff, Carlow",53,16,381,450,19,14,34,34,58,16,13,101,92
Carlow-Kilkenny,2ae19629-1820-13a3-e055-000000000001,"Tankardstown, Carlow",38,8,330,376,11,9,21,17,41,20,16,96,99
Carlow-Kilkenny,2ae19629-1821-13a3-e055-000000000001,"Templepeter, Carlow",54,15,323,392,15,15,24,30,33,18,22,86,80
Carlow-Kilkenny,2ae19629-1822-13a3-e055-000000000001,"Tiknock, Carlow",31,18,234,283,14,10,30,21,25,16,7,54,57
Carlow-Kilkenny,2ae19629-1823-13a3-e055-000000000001,"Tinnahinch, Carlow",61,25,479,565,18,24,46,34,55,16,20,123,143
Carlow-Kilkenny,2ae19629-1a55-13a3-e055-000000000001,"Tullow Rural, Carlow",56,58,695,809,27,17,39,42,103,45,31,202,189
Carlow-Kilkenny,2ae19629-1a56-13a3-e055-000000000001,"Tullow Urban, Carlow",313,323,2681,3317,100,115,232,241,382,127,113,483,888
Carlow-Kilkenny,2ae19629-1a57-13a3-e055-000000000001,"Tullowbeg, Carlow",44,25,419,488,16,28,27,34,53,29,14,87,131
Carlow-Kilkenny,2ae19629-1a58-13a3-e055-000000000001,"Williamstown, Carlow",29,4,230,263,9,12,10,19,20,6,6,70,78
Dublin Central,2ae19629-1ceb-13a3-e055-000000000001,"Arran Quay A, Dublin City",214,174,1226,1614,43,35,37,47,84,37,41,459,443
Dublin Central,2ae19629-1cec-13a3-e055-000000000001,"Arran Quay B, Dublin City",1107,467,3507,5081,51,25,76,81,177,51,70,1189,1787
Dublin Central,2ae19629-1ced-13a3-e055-000000000001,"Arran Quay C, Dublin City",450,534,3254,4238,83,43,58,94,179,73,90,1325,1309
Dublin Central,2ae19629-1cee-13a3-e055-000000000001,"Arran Quay D, Dublin City",355,264,2288,2907,102,58,80,95,150,46,55,838,864
Dublin Central,2ae19629-1cef-13a3-e055-000000000001,"Arran Quay E, Dublin City",238,229,2557,3024,121,57,109,113,168,57,49,1199,684
Dublin West,2ae19629-1cf0-13a3-e055-000000000001,"Ashtown A, Dublin City",898,896,8197,9991,246,207,405,546,873,269,267,3638,1746
Dublin West,2ae19629-1d03-13a3-e055-000000000001,"Ashtown B, Dublin City",188,149,2001,2338,62,55,105,129,195,69,72,784,530
Dublin Bay North,2ae19629-1d04-13a3-e055-000000000001,"Ayrfield, Dublin City",456,318,4128,4902,306,227,414,384,578,144,112,794,1169
Dublin Central,2ae19629-1d05-13a3-e055-000000000001,"Ballybough A, Dublin City",349,372,2767,3488,203,103,147,137,304,81,47,670,1075
Dublin Central,2ae19629-1d06-13a3-e055-000000000001,"Ballybough B, Dublin City",417,560,2786,3763,100,52,81,131,253,77,79,1010,1003
Dublin North-West,2ae19629-1d08-13a3-e055-000000000001,"Ballygall A, Dublin City",233,280,2430,2943,220,138,192,197,277,86,57,510,753
Dublin North-West,2ae19629-1d09-13a3-e055-000000000001,"Ballygall B, Dublin City",160,82,1406,1648,126,61,123,111,140,36,44,308,457
Dublin North-West,2ae19629-1d07-13a3-e055-000000000001,"Ballygall C, Dublin City",289,151,2609,3049,163,96,204,206,322,83,88,825,622
Dublin North-West,2ae19629-1d0a-13a3-e055-000000000001,"Ballygall D, Dublin City",177,129,1795,2101,123,75,126,135,205,69,53,541,468
Dublin North-West,2ae19629-1d0b-13a3-e055-000000000001,"Ballymun A, Dublin City",500,594,3304,4398,164,120,191,237,348,112,110,618,1404
Dublin North-West,2ae19629-1d0c-13a3-e055-000000000001,"Ballymun B, Dublin City",449,345,2785,3579,193,166,212,202,294,77,46,246,1349
Dublin North-West,2ae19629-1d0d-13a3-e055-000000000001,"Ballymun C, Dublin City",535,341,4057,4933,311,221,323,287,462,105,85,530,1733
Dublin North-West,2ae19629-1d0e-13a3-e055-000000000001,"Ballymun D, Dublin City",214,163,1743,2120,101,74,86,91,130,32,23,150,1056
Dublin North-West,2ae19629-1d0f-13a3-e055-000000000001,"Ballymun E, Dublin City",152,64,1186,1402,33,30,86,106,186,28,47,389,281
Dublin North-West,2ae19629-1d10-13a3-e055-000000000001,"Ballymun F, Dublin City",162,100,1735,1997,110,102,146,168,280,51,67,405,406
Dublin North-West,2ae19629-1d11-13a3-e055-000000000001,"Beaumont A, Dublin City",181,116,1938,2235,125,80,141,161,253,74,67,564,473
Dublin North-West,2ae19629-1d12-13a3-e055-000000000001,"Beaumont B, Dublin City",326,341,3769,4436,203,133,227,270,381,72,110,801,1572
Dublin Bay North,2ae19629-1d21-13a3-e055-000000000001,"Beaumont C, Dublin City",240,210,2387,2837,167,120,208,178,347,86,95,714,472
Dublin Bay North,2ae19629-1d22-13a3-e055-000000000001,"Beaumont D, Dublin City",166,105,1535,1806,83,58,123,152,223,49,54,445,348
Dublin Bay North,2ae19629-1d23-13a3-e055-000000000001,"Beaumont E, Dublin City",132,59,1449,1640,74,52,113,118,159,45,31,512,345
Dublin North-West,2ae19629-1d24-13a3-e055-000000000001,"Beaumont F, Dublin City",329,194,2674,3197,111,94,189,184,355,88,95,962,596
Dublin Central,2ae19629-1d25-13a3-e055-000000000001,"Botanic A, Dublin City",301,174,2404,2879,66,47,100,123,235,82,84,1068,599
Dublin Central,2ae19629-1d26-13a3-e055-000000000001,"Botanic B, Dublin City",348,208,2557,3113,29,47,63,117,235,72,76,1346,572
Dublin Central,2ae19629-1d27-13a3-e055-000000000001,"Botanic C, Dublin City",269,145,1662,2076,23,14,38,50,128,39,66,773,531
Dublin Central,2ae19629-1d28-13a3-e055-000000000001,"Cabra East A, Dublin City",484,474,4251,5209,107,69,130,193,339,126,145,1800,1342
Dublin Central,2ae19629-1d29-13a3-e055-000000000001,"Cabra East B, Dublin City",257,237,2669,3163,258,141,207,231,307,53,61,768,643
Dublin Central,2ae19629-1d2a-13a3-e055-000000000001,"Cabra East C, Dublin City",350,367,3037,3754,161,94,152,123,244,82,75,1135,971
Dublin Central,2ae19629-1d2b-13a3-e055-000000000001,"Cabra West A, Dublin City",96,80,1056,1232,166,79,125,110,113,35,27,172,229
Dublin Central,2ae19629-1d2c-13a3-e055-000000000001,"Cabra West B, Dublin City",170,165,1929,2264,289,137,163,159,237,55,38,321,530
Dublin Central,2ae19629-1d2d-13a3-e055-000000000001,"Cabra West C, Dublin City",255,201,2005,2461,222,145,168,151,216,43,43,467,550
Dublin Central,2ae19629-1d2e-13a3-e055-000000000001,"Cabra West D, Dublin City",189,233,2002,2424,143,104,136,163,204,66,56,612,518
Dublin South-Central,2ae19629-1d31-13a3-e055-000000000001,"Carna, Dublin City",196,142,2079,2417,287,158,231,190,259,59,43,216,636
Dublin South-Central,2ae19629-1d2f-13a3-e055-000000000001,"Chapelizod, Dublin City",194,234,2509,2937,106,71,106,129,195,47,61,1052,742
Dublin South-Central,2ae19629-1d30-13a3-e055-000000000001,"Cherry Orchard A, Dublin City",312,417,2122,2851,108,88,169,143,201,38,34,208,1133
Dublin South-Central,2ae19629-1d42-13a3-e055-000000000001,"Cherry Orchard C, Dublin City",375,487,2887,3749,271,196,226,208,338,79,54,411,1104
Dublin Bay North,2ae19629-1d43-13a3-e055-000000000001,"Clontarf East A, Dublin City",333,101,2511,2945,141,122,163,180,352,76,92,1009,376
Dublin Bay North,2ae19629-1d44-13a3-e055-000000000001,"Clontarf East B, Dublin City",604,258,4998,5860,73,90,211,306,510,147,178,2547,936
Dublin Bay North,2ae19629-1d45-13a3-e055-000000000001,"Clontarf East C, Dublin City",383,122,2218,2723,41,27,80,113,282,72,80,1120,403
Dublin Bay North,2ae19629-1d46-13a3-e055-000000000001,"Clontarf East D, Dublin City",275,86,1995,2356,23,30,65,103,192,64,71,1065,382
Dublin Bay North,2ae19629-1d47-13a3-e055-000000000001,"Clontarf East E, Dublin City",164,53,1225,1442,21,20,42,71,141,42,53,580,255
Dublin Bay North,2ae19629-1d48-13a3-e055-000000000001,"Clontarf West A, Dublin City",341,200,2597,3138,98,76,161,183,311,76,104,1075,513
Dublin Bay North,2ae19629-1d49-13a3-e055-000000000001,"Clontarf West B, Dublin City",124,129,1791,2044,202,79,112,125,206,50,46,498,473
Dublin Bay North,2ae19629-1d4a-13a3-e055-000000000001,"Clontarf West C, Dublin City",315,243,2908,3466,42,29,73,111,248,68,91,1448,798
Dublin Bay North,2ae19629-1d4b-13a3-e055-000000000001,"Clontarf West D, Dublin City",245,207,1749,2201,43,44,84,74,196,51,59,788,410
Dublin Bay North,2ae19629-1d4c-13a3-e055-000000000001,"Clontarf West E, Dublin City",182,93,1772,2047,70,52,103,99,202,53,56,785,352
Dublin South-Central,2ae19629-1d4d-13a3-e055-000000000001,"Crumlin A, Dublin City",225,243,2622,3090,290,177,284,270,268,68,59,592,614
Dublin South-Central,2ae19629-1d4e-13a3-e055-000000000001,"Crumlin B, Dublin City",227,169,2193,2589,207,127,176,184,223,44,59,508,665
Dublin South-Central,2ae19629-1d4f-13a3-e055-000000000001,"Crumlin C, Dublin City",158,158,1685,2001,151,84,98,104,158,40,33,484,533
Dublin South-Central,2ae19629-1d50-13a3-e055-000000000001,"Crumlin D, Dublin City",269,277,2970,3516,278,146,214,200,315,79,77,815,846
Dublin South-Central,2ae19629-1d62-13a3-e055-000000000001,"Crumlin E, Dublin City",191,142,2078,2411,269,155,186,201,222,73,55,433,484
Dublin South-Central,2ae19629-1d63-13a3-e055-000000000001,"Crumlin F, Dublin City",197,222,2157,2576,122,90,171,179,235,77,72,598,613
Dublin South-Central,2ae19629-1d64-13a3-e055-000000000001,"Decies, Dublin City",178,150,1934,2262,229,152,216,152,216,38,40,233,658
Dublin Central,2ae19629-1d65-13a3-e055-000000000001,"Drumcondra South A, Dublin City",511,480,4031,5022,81,59,114,173,366,112,130,2078,918
Dublin Central,2ae19629-1d66-13a3-e055-000000000001,"Drumcondra South B, Dublin City",131,172,1352,1655,73,27,55,50,111,27,36,603,370
Dublin Central,2ae19629-1d67-13a3-e055-000000000001,"Drumcondra South C, Dublin City",328,139,2324,2791,59,57,97,128,229,61,91,1153,449
Dublin South-Central,2ae19629-1d68-13a3-e055-000000000001,"Drumfinn, Dublin City",242,198,2512,2952,286,179,256,219,311,61,52,303,845
Dublin Bay North,2ae19629-1d69-13a3-e055-000000000001,"Edenmore, Dublin City",161,180,2074,2415,179,154,202,141,250,65,48,374,661
Dublin North-West,2ae19629-1d6a-13a3-e055-000000000001,"Finglas North A, Dublin City",222,199,2278,2699,220,142,193,228,248,55,37,238,917
Dublin North-West,2ae19629-1d6b-13a3-e055-000000000001,"Finglas North B, Dublin City",195,205,2027,2427,198,149,196,194,297,56,33,238,666
Dublin North-West,2ae19629-1d6c-13a3-e055-000000000001,"Finglas North C, Dublin City",258,197,2550,3005,193,134,205,216,369,85,99,619,630
Dublin North-West,2ae19629-1d6d-13a3-e055-000000000001,"Finglas South A, Dublin City",219,184,1941,2344,180,129,188,164,260,55,51,238,676
Dublin North-West,2ae19629-1d6e-13a3-e055-000000000001,"Finglas South B, Dublin City",363,338,2811,3512,358,167,235,247,333,86,72,432,881
Dublin North-West,2ae19629-1d6f-13a3-e055-000000000001,"Finglas South C, Dublin City",196,159,1752,2107,213,147,142,151,173,45,23,116,742
Dublin North-West,2ae19629-1d70-13a3-e055-000000000001,"Finglas South D, Dublin City",203,136,1722,2061,136,93,128,143,168,45,27,131,851
Dublin Bay North,2ae19629-1d71-13a3-e055-000000000001,"Grace Park, Dublin City",592,316,4461,5369,217,114,268,323,512,148,145,1823,911
Dublin Bay North,2ae19629-1d7f-13a3-e055-000000000001,"Grange A, Dublin City",1025,938,7807,9770,262,290,567,594,1153,322,287,2261,2071
Dublin Bay North,2ae19629-1d80-13a3-e055-000000000001,"Grange B, Dublin City",462,670,4626,5758,145,120,244,286,550,191,177,1688,1225
Dublin Bay North,2ae19629-1d81-13a3-e055-000000000001,"Grange C, Dublin City",202,147,2244,2593,258,141,205,204,308,70,41,324,693
Dublin Bay North,2ae19629-1d82-13a3-e055-000000000001,"Grange D, Dublin City",290,201,2871,3362,215,147,242,234,406,101,76,767,683
Dublin Bay North,2ae19629-1d83-13a3-e055-000000000001,"Grange E, Dublin City",203,109,1884,2196,152,111,165,137,277,73,42,434,493
Dublin Bay North,2ae19629-1d84-13a3-e055-000000000001,"Harmonstown A, Dublin City",188,135,2098,2421,158,130,195,188,256,89,65,507,510
Dublin Bay North,2ae19629-1d85-13a3-e055-000000000001,"Harmonstown B, Dublin City",246,134,1985,2365,167,125,176,197,258,68,58,557,379
Dublin South-Central,2ae19629-1d86-13a3-e055-000000000001,"Inchicore A, Dublin City",185,160,1868,2213,96,59,108,79,129,38,57,606,696
Dublin South-Central,2ae19629-1d87-13a3-e055-000000000001,"Inchicore B, Dublin City",248,182,1651,2081,101,91,108,128,136,39,34,215,799
Dublin Central,2ae19629-1d88-13a3-e055-000000000001,"Inns Quay A, Dublin City",256,404,3149,3809,275,220,230,139,197,50,80,768,1190
Dublin Central,2ae19629-1d89-13a3-e055-000000000001,"Inns Quay B, Dublin City",761,435,2969,4165,61,34,47,74,175,58,90,825,1605
Dublin Central,2ae19629-1d8a-13a3-e055-000000000001,"Inns Quay C, Dublin City",587,336,1852,2775,95,63,78,101,122,38,35,546,774
Dublin South-Central,2ae19629-1d8b-13a3-e055-000000000001,"Kilmainham A, Dublin City",152,145,2000,2297,221,111,181,126,194,45,49,324,749
Dublin South-Central,2ae19629-1d8c-13a3-e055-000000000001,"Kilmainham B, Dublin City",152,196,1939,2287,33,36,51,75,95,45,66,952,586
Dublin South-Central,2ae19629-1d8d-13a3-e055-000000000001,"Kilmainham C, Dublin City",386,502,3349,4237,141,107,192,210,292,90,105,1303,909
Dublin North-West,2ae19629-1d97-13a3-e055-000000000001,"Kilmore A, Dublin City",288,277,2381,2946,114,101,200,252,371,89,79,532,643
Dublin Bay North,2ae19629-1d98-13a3-e055-000000000001,"Kilmore B, Dublin City",181,160,1792,2133,222,159,187,181,181,38,53,187,584
Dublin Bay North,2ae19629-1d8e-13a3-e055-000000000001,"Kilmore C, Dublin City",116,74,998,1188,91,61,105,73,127,24,22,99,396
Dublin Bay North,2ae19629-1d96-13a3-e055-000000000001,"Kilmore D, Dublin City",173,107,1567,1847,199,112,127,158,197,41,28,285,420
Dublin South-Central,2ae19629-1d99-13a3-e055-000000000001,"Kimmage A, Dublin City",130,117,1341,1588,137,100,126,112,131,21,34,274,406
Dublin South-Central,2ae19629-1d9a-13a3-e055-000000000001,"Kimmage B, Dublin City",196,219,2615,3030,297,196,254,210,267,75,55,567,694
Dublin South-Central,2ae19629-1d9b-13a3-e055-000000000001,"Kimmage C, Dublin City",248,283,2749,3280,135,57,78,87,155,64,86,1373,714
Dublin South-Central,2ae19629-1d9c-13a3-e055-000000000001,"Kimmage D, Dublin City",136,132,1887,2155,145,89,129,135,181,47,56,582,523
Dublin South-Central,2ae19629-1d9d-13a3-e055-000000000001,"Kimmage E, Dublin City",243,242,2481,2966,224,141,154,161,234,77,82,789,619
Dublin South-Central,2ae19629-1d9e-13a3-e055-000000000001,"Kylemore, Dublin City",172,171,1779,2122,219,130,184,166,213,47,36,208,576
Dublin Bay South,2ae19629-1d9f-13a3-e055-000000000001,"Mansion House A, Dublin City",670,411,2664,3745,131,87,136,143,134,50,41,904,1038
Dublin Bay South,2ae19629-1da0-13a3-e055-000000000001,"Mansion House B, Dublin City",89,69,754,912,4,1,8,8,32,7,18,366,310
Dublin South-Central,2ae19629-1da1-13a3-e055-000000000001,"Merchants Quay A, Dublin City",205,263,1866,2334,63,36,69,78,96,44,28,435,1017
Dublin South-Central,2ae19629-1da2-13a3-e055-000000000001,"Merchants Quay B, Dublin City",654,480,2708,3842,105,35,74,100,181,76,72,1051,1014
Dublin South-Central,2ae19629-1da3-13a3-e055-000000000001,"Merchants Quay C, Dublin City",749,348,2334,3431,133,49,125,122,173,63,51,815,803
Dublin South-Central,2ae19629-1da4-13a3-e055-000000000001,"Merchants Quay D, Dublin City",540,124,1617,2281,79,44,62,46,99,30,49,825,383
Dublin South-Central,2ae19629-1da5-13a3-e055-000000000001,"Merchants Quay E, Dublin City",710,177,1542,2429,25,10,36,40,79,32,29,630,661
Dublin South-Central,2ae19629-1da6-13a3-e055-000000000001,"Merchants Quay F, Dublin City",225,249,1484,1958,43,40,45,57,105,35,37,622,500
Dublin Central,2ae19629-1da7-13a3-e055-000000000001,"Mountjoy A, Dublin City",1108,842,4071,6021,186,106,160,145,253,99,84,925,2113
Dublin Central,2ae19629-1da8-13a3-e055-000000000001,"Mountjoy B, Dublin City",698,561,2841,4100,106,65,99,120,283,111,97,864,1096
Dublin Central,2ae19629-1db2-13a3-e055-000000000001,"North City, Dublin City",672,721,4383,5776,85,55,98,96,215,86,83,1169,2496
Dublin Central,2ae19629-1db3-13a3-e055-000000000001,"North Dock A, Dublin City",89,99,1074,1262,37,32,38,57,61,33,35,405,376
Dublin Central,2ae19629-1db4-13a3-e055-000000000001,"North Dock B, Dublin City",1250,1147,6342,8739,196,149,204,270,452,174,188,2723,1986
Dublin Central,2ae19629-1db5-13a3-e055-000000000001,"North Dock C, Dublin City",507,532,2731,3770,155,79,105,92,190,45,66,1080,919
Dublin Bay South,2ae19629-1db6-13a3-e055-000000000001,"Pembroke East A, Dublin City",349,322,3647,4318,314,207,283,256,341,91,91,1305,759
Dublin Bay South,2ae19629-1db7-13a3-e055-000000000001,"Pembroke East B, Dublin City",368,148,2674,3190,44,27,73,85,145,57,95,1548,600
Dublin Bay South,2ae19629-1db8-13a3-e055-000000000001,"Pembroke East C, Dublin City",342,166,3006,3514,12,18,67,98,184,69,78,1794,686
Dublin Bay South,2ae19629-1db9-13a3-e055-000000000001,"Pembroke East D, Dublin City",575,409,3764,4748,94,49,94,99,227,98,114,1740,1249
Dublin Bay South,2ae19629-1dba-13a3-e055-000000000001,"Pembroke East E, Dublin City",345,239,2751,3335,15,8,34,52,151,56,64,1607,764
Dublin Bay South,2ae19629-1dbb-13a3-e055-000000000001,"Pembroke West A, Dublin City",381,388,3687,4456,120,56,109,133,200,71,102,2159,737
Dublin Bay South,2ae19629-1dbc-13a3-e055-000000000001,"Pembroke West B, Dublin City",303,198,2301,2802,22,12,33,46,93,35,64,1469,527
Dublin Bay South,2ae19629-1dbd-13a3-e055-000000000001,"Pembroke West C, Dublin City",361,340,3221,3922,13,10,32,48,146,44,87,1847,994
Dublin West,2ae19629-1dbe-13a3-e055-000000000001,"Phoenix Park, Dublin City",89,156,1128,1373,36,20,25,25,56,20,28,491,427
Dublin Bay North,2ae19629-1dcc-13a3-e055-000000000001,"Priorswood A, Dublin City",111,87,1109,1307,82,84,123,117,153,36,17,120,377
Dublin Bay North,2ae19629-1dcd-13a3-e055-000000000001,"Priorswood B, Dublin City",214,183,1779,2176,192,119,179,154,223,40,20,86,766
Dublin Bay North,2ae19629-1dca-13a3-e055-000000000001,"Priorswood C, Dublin City",387,439,2967,3793,211,172,285,218,335,94,54,388,1210
Dublin Bay North,2ae19629-1dcb-13a3-e055-000000000001,"Priorswood D, Dublin City",184,210,1767,2161,175,137,196,195,225,65,46,200,528
Dublin Bay North,2ae19629-1dce-13a3-e055-000000000001,"Priorswood E, Dublin City",211,140,1974,2325,181,159,214,221,279,85,58,254,523
Dublin Bay North,2ae19629-1dcf-13a3-e055-000000000001,"Raheny-Foxfield, Dublin City",258,87,1794,2139,91,89,129,171,263,84,62,535,370
Dublin Bay North,2ae19629-1dd0-13a3-e055-000000000001,"Raheny-Greendale, Dublin City",155,136,1604,1895,133,78,137,114,195,49,52,399,447
Dublin Bay North,2ae19629-1dd1-13a3-e055-000000000001,"Raheny-St. Assam, Dublin City",308,145,2806,3259,84,66,139,192,383,92,93,1309,448
Dublin Bay South,2ae19629-1dd2-13a3-e055-000000000001,"Rathfarnham, Dublin City",1223,296,3549,5068,52,29,80,138,293,71,106,2149,631
Dublin Bay South,2ae19629-1dd3-13a3-e055-000000000001,"Rathmines East A, Dublin City",450,344,3645,4439,52,24,66,88,204,60,86,2150,915
Dublin Bay South,2ae19629-1dd4-13a3-e055-000000000001,"Rathmines East B, Dublin City",538,318,4010,4866,23,19,53,75,220,83,101,2616,820
Dublin Bay South,2ae19629-1dd5-13a3-e055-000000000001,"Rathmines East C, Dublin City",388,130,2391,2909,12,10,34,58,132,52,69,1462,562
Dublin Bay South,2ae19629-1dd6-13a3-e055-000000000001,"Rathmines East D, Dublin City",285,129,1934,2348,11,10,28,55,95,38,66,1171,460
Dublin Bay South,2ae19629-1dd7-13a3-e055-000000000001,"Rathmines West A, Dublin City",444,700,4530,5674,72,42,108,114,228,90,130,2276,1470
Dublin Bay South,2ae19629-1dd8-13a3-e055-000000000001,"Rathmines West B, Dublin City",334,339,2777,3450,32,24,53,71,117,51,62,1436,931
Dublin Bay South,2ae19629-1de6-13a3-e055-000000000001,"Rathmines West C, Dublin City",413,198,1889,2500,7,4,34,53,108,47,55,1084,497
Dublin Bay South,2ae19629-1de7-13a3-e055-000000000001,"Rathmines West D, Dublin City",316,293,2190,2799,30,26,45,66,156,55,54,1254,504
Dublin Bay South,2ae19629-1de8-13a3-e055-000000000001,"Rathmines West E, Dublin City",342,288,2574,3204,27,19,44,76,144,61,90,1565,548
Dublin Bay South,2ae19629-1de9-13a3-e055-000000000001,"Rathmines West F, Dublin City",296,269,2062,2627,13,17,22,56,112,43,66,1271,462
Dublin Central,2ae19629-1dea-13a3-e055-000000000001,"Rotunda A, Dublin City",703,766,4062,5531,163,79,129,176,324,97,121,1032,1941
Dublin Central,2ae19629-1deb-13a3-e055-000000000001,"Rotunda B, Dublin City",237,230,2675,3142,39,33,39,36,69,28,37,417,1977
Dublin Bay South,2ae19629-1dec-13a3-e055-000000000001,"Royal Exchange A, Dublin City",818,413,3228,4459,64,43,70,70,139,45,55,983,1759
Dublin Bay South,2ae19629-1ded-13a3-e055-000000000001,"Royal Exchange B, Dublin City",273,149,1232,1654,53,37,60,61,79,17,20,313,592
Dublin Bay South,2ae19629-1dee-13a3-e055-000000000001,"Saint Kevin's, Dublin City",417,480,3973,4870,46,57,93,88,170,70,94,1712,1643
Dublin Bay South,2ae19629-1def-13a3-e055-000000000001,"South Dock, Dublin City",726,884,5749,7359,128,76,119,134,318,101,141,3154,1578
Dublin Bay South,2ae19629-1df0-13a3-e055-000000000001,"Terenure A, Dublin City",277,241,2769,3287,58,44,82,120,210,67,115,1512,561
Dublin Bay South,2ae19629-1df1-13a3-e055-000000000001,"Terenure B, Dublin City",314,168,2647,3129,83,45,97,125,224,67,95,1416,495
Dublin Bay South,2ae19629-1df2-13a3-e055-000000000001,"Terenure C, Dublin City",212,78,1265,1555,15,18,44,71,147,28,54,662,226
Dublin Bay South,2ae19629-1df3-13a3-e055-000000000001,"Terenure D, Dublin City",93,20,532,645,2,6,23,18,49,20,14,306,94
Dublin South-Central,2ae19629-1df4-13a3-e055-000000000001,"Ushers A, Dublin City",337,629,3765,4731,36,30,64,79,177,78,119,2082,1100
Dublin South-Central,2ae19629-1df5-13a3-e055-000000000001,"Ushers B, Dublin City",397,200,1175,1772,33,30,34,32,57,24,13,307,645
Dublin South-Central,2ae19629-1df6-13a3-e055-000000000001,"Ushers C, Dublin City",283,440,2727,3450,146,106,140,141,196,56,89,811,1042
Dublin South-Central,2ae19629-1df7-13a3-e055-000000000001,"Ushers D, Dublin City",211,248,1608,2067,51,44,63,75,98,39,40,598,600
Dublin South-Central,2ae19629-1df8-13a3-e055-000000000001,"Ushers E, Dublin City",132,161,1288,1581,63,53,82,67,122,35,23,378,465
Dublin South-Central,2ae19629-1e05-13a3-e055-000000000001,"Ushers F, Dublin City",215,280,2637,3132,151,55,102,108,170,51,58,1069,873
Dublin South-Central,2ae19629-1e06-13a3-e055-000000000001,"Walkinstown A, Dublin City",205,188,2052,2445,135,70,138,140,159,50,62,447,851
Dublin South-Central,2ae19629-1e07-13a3-e055-000000000001,"Walkinstown B, Dublin City",128,120,1446,1694,104,75,123,129,161,58,38,413,345
Dublin South-Central,2ae19629-1e08-13a3-e055-000000000001,"Walkinstown C, Dublin City",178,113,1774,2065,121,74,129,145,180,45,45,439,596
Dublin North-West,2ae19629-1e09-13a3-e055-000000000001,"Whitehall A, Dublin City",520,124,2060,2704,142,55,147,167,298,73,73,840,265
Dublin North-West,2ae19629-1e0a-13a3-e055-000000000001,"Whitehall B, Dublin City",404,267,3004,3675,167,118,204,239,311,111,109,973,772
Dublin North-West,2ae19629-1e0b-13a3-e055-000000000001,"Whitehall C, Dublin City",270,247,2000,2517,82,57,117,142,254,59,66,653,570
Dublin North-West,2ae19629-1e0c-13a3-e055-000000000001,"Whitehall D, Dublin City",237,233,2251,2721,148,78,114,131,244,69,70,840,557
Dublin Bay South,2ae19629-1e0d-13a3-e055-000000000001,"Wood Quay A, Dublin City",170,236,1971,2377,159,101,155,122,186,41,38,473,696
Dublin Bay South,2ae19629-1e0e-13a3-e055-000000000001,"Wood Quay B, Dublin City",331,313,2901,3545,80,46,63,85,160,41,77,1302,1047
Dublin South-West,2ae19629-1e23-13a3-e055-000000000001,"Ballinascorney, South Dublin",79,69,539,687,40,19,42,41,78,24,30,126,139
Dublin South-West,2ae19629-1e2a-13a3-e055-000000000001,"Ballyboden, South Dublin",503,186,3569,4258,64,73,160,260,499,135,161,1560,657
Dublin South-West,2ae19629-1ce0-13a3-e055-000000000001,"Bohernabreena, South Dublin",518,262,3575,4355,182,150,253,294,477,159,123,1015,922
Dublin Mid-West,2ae19629-1d02-13a3-e055-000000000001,"Clondalkin Village, South Dublin",685,559,6035,7279,278,288,537,656,856,290,222,1329,1579
Dublin South-West,2ae19629-1cfc-13a3-e055-000000000001,"Clondalkin-Ballymount, South Dublin",182,105,1618,1905,57,70,135,122,226,53,53,325,577
Dublin Mid-West,2ae19629-1cfd-13a3-e055-000000000001,"Clondalkin-Cappaghmore, South Dublin",282,211,1484,1977,105,86,133,123,186,35,32,200,584
Dublin Mid-West,2ae19629-1cfe-13a3-e055-000000000001,"Clondalkin-Dunawley, South Dublin",984,827,7112,8923,577,430,723,767,954,246,228,960,2227
Dublin Mid-West,2ae19629-1cff-13a3-e055-000000000001,"Clondalkin-Monastery, South Dublin",855,940,7370,9165,368,325,527,639,981,323,300,1821,2086
Dublin Mid-West,2ae19629-1d00-13a3-e055-000000000001,"Clondalkin-Moorfield, South Dublin",579,538,4425,5542,372,315,406,408,583,141,81,561,1558
Dublin Mid-West,2ae19629-1d01-13a3-e055-000000000001,"Clondalkin-Rowlagh, South Dublin",303,293,2721,3317,328,179,269,219,372,81,43,195,1035
Dublin South-West,2ae19629-1d5f-13a3-e055-000000000001,"Edmondstown, South Dublin",505,287,3809,4601,168,146,243,250,444,138,130,1311,979
Dublin South-West,2ae19629-1d60-13a3-e055-000000000001,"Firhouse Village, South Dublin",1214,627,7629,9470,210,224,463,611,1118,374,362,2706,1561
Dublin South-West,2ae19629-1d61-13a3-e055-000000000001,"Firhouse-Ballycullen, South Dublin",1016,557,6465,8038,108,138,252,397,769,271,291,3104,1135
Dublin South-West,2ae19629-1d78-13a3-e055-000000000001,"Firhouse-Knocklyon, South Dublin",251,82,2571,2904,66,60,167,214,372,125,119,1046,402
Dublin Mid-West,2ae19629-1dc8-13a3-e055-000000000001,"Lucan Heights, South Dublin",430,244,3572,4246,132,136,256,273,476,142,139,1211,807
Dublin Mid-West,2ae19629-1dc7-13a3-e055-000000000001,"Lucan-Esker, South Dublin",3975,2955,18897,25827,421,470,969,1323,2544,906,930,6710,4624
Dublin Mid-West,2ae19629-1dde-13a3-e055-000000000001,"Lucan-St. Helens, South Dublin",1315,1719,9641,12675,256,224,486,525,1005,381,387,4020,2357
Dublin Mid-West,2ae19629-1de2-13a3-e055-000000000001,"Newcastle, South Dublin",376,389,3328,4093,133,123,223,251,400,150,150,985,913
Dublin Mid-West,2ae19629-1de3-13a3-e055-000000000001,"Palmerston Village, South Dublin",289,143,2719,3151,183,170,246,260,343,106,95,696,620
Dublin Mid-West,2ae19629-1de4-13a3-e055-000000000001,"Palmerston West, South Dublin",679,399,4979,6057,371,272,439,421,632,155,149,920,1620
Dublin Mid-West,2ae19629-1dff-13a3-e055-000000000001,"Rathcoole, South Dublin",370,363,4167,4900,145,114,255,348,477,154,170,1343,1161
Dublin South-West,2ae19629-1e04-13a3-e055-000000000001,"Rathfarnham Village, South Dublin",285,141,2215,2641,27,21,80,100,235,82,99,1254,317
Dublin South-West,2ae19629-1e00-13a3-e055-000000000001,"Rathfarnham-Ballyroan, South Dublin",234,67,1874,2175,48,34,90,116,244,76,70,845,351
Dublin South-West,2ae19629-1e01-13a3-e055-000000000001,"Rathfarnham-Butterfield, South Dublin",346,103,2291,2740,37,43,90,129,296,77,117,1095,407
Dublin South-West,2ae19629-1e02-13a3-e055-000000000001,"Rathfarnham-Hermitage, South Dublin",445,161,3002,3608,44,25,118,205,389,104,136,1497,484
Dublin South-West,2ae19629-1e03-13a3-e055-000000000001,"Rathfarnham-St. Enda's, South Dublin",357,137,2781,3275,88,68,146,193,332,109,122,1213,510
Dublin Mid-West,2ae19629-1e16-13a3-e055-000000000001,"Saggart, South Dublin",382,657,3286,4325,83,90,153,192,317,126,105,1073,1147
Dublin South-West,2ae19629-1cb3-13a3-e055-000000000001,"Tallaght-Avonbeg, South Dublin",104,77,1125,1306,122,89,119,97,133,50,30,125,360
Dublin South-West,2ae19629-1cb4-13a3-e055-000000000001,"Tallaght-Belgard, South Dublin",89,112,1172,1373,89,67,102,98,167,40,40,248,321
Dublin Mid-West,2ae19629-1cb5-13a3-e055-000000000001,"Tallaght-Fettercairn, South Dublin",1024,1172,6301,8497,327,289,475,604,637,193,181,1483,2112
Dublin South-West,2ae19629-1cb6-13a3-e055-000000000001,"Tallaght-Glenview, South Dublin",123,202,1418,1743,117,74,103,124,175,56,57,347,365
Dublin South-West,2ae19629-1cb7-13a3-e055-000000000001,"Tallaght-Jobstown, South Dublin",1791,1729,9907,13427,503,361,771,1069,1238,386,346,1993,3240
Dublin South-West,2ae19629-1cb8-13a3-e055-000000000001,"Tallaght-Killinardan, South Dublin",314,289,2630,3233,300,163,289,305,254,53,33,177,1056
Dublin South-West,2ae19629-1cca-13a3-e055-000000000001,"Tallaght-Kilnamanagh, South Dublin",284,148,3214,3646,280,214,393,324,438,105,94,613,753
Dublin South-West,2ae19629-1ccb-13a3-e055-000000000001,"Tallaght-Kiltipper, South Dublin",859,678,5624,7161,263,253,510,608,742,207,184,1171,1686
Dublin South-West,2ae19629-1ccc-13a3-e055-000000000001,"Tallaght-Kingswood, South Dublin",306,232,2837,3375,179,152,291,259,335,104,84,564,869
Dublin South-West,2ae19629-1ccd-13a3-e055-000000000001,"Tallaght-Millbrook, South Dublin",210,155,2429,2794,297,164,252,199,313,81,80,369,674
Dublin South-West,2ae19629-1cce-13a3-e055-000000000001,"Tallaght-Oldbawn, South Dublin",279,228,3191,3698,271,182,310,313,415,127,96,655,822
Dublin South-West,2ae19629-1ccf-13a3-e055-000000000001,"Tallaght-Springfield, South Dublin",687,1348,7043,9078,375,252,460,478,695,274,312,1567,2630
Dublin South-West,2ae19629-1cd0-13a3-e055-000000000001,"Tallaght-Tymon, South Dublin",341,253,3635,4229,361,216,379,347,455,130,102,556,1089
Dublin South-West,2ae19629-1cd6-13a3-e055-000000000001,"Templeogue Village, South Dublin",187,84,1547,1818,28,21,64,65,176,59,53,790,291
Dublin South-West,2ae19629-1cd1-13a3-e055-000000000001,"Templeogue-Cypress, South Dublin",223,100,1990,2313,63,62,97,167,257,73,93,804,374
Dublin South-West,2ae19629-1cd2-13a3-e055-000000000001,"Templeogue-Kimmage Manor, South Dublin",469,136,3394,3999,63,51,113,166,370,107,150,1794,580
Dublin South-West,2ae19629-1cd3-13a3-e055-000000000001,"Templeogue-Limekiln, South Dublin",316,127,2813,3256,218,137,247,251,349,79,89,804,639
Dublin South-West,2ae19629-1cd4-13a3-e055-000000000001,"Templeogue-Orwell, South Dublin",133,45,1487,1665,69,48,116,128,212,52,56,532,274
Dublin South-West,2ae19629-1cd5-13a3-e055-000000000001,"Templeogue-Osprey, South Dublin",152,60,1725,1937,73,58,128,144,249,63,87,594,329
Dublin South-West,2ae19629-1cd7-13a3-e055-000000000001,"Terenure-Cherryfield, South Dublin",137,103,1628,1868,102,83,137,140,196,48,50,496,376
Dublin South-West,2ae19629-1ce6-13a3-e055-000000000001,"Terenure-Greentrees, South Dublin",221,92,2144,2457,129,74,150,171,238,80,77,771,454
Dublin South-West,2ae19629-1ce7-13a3-e055-000000000001,"Terenure-St. James, South Dublin",134,79,1866,2079,234,107,164,169,194,49,47,397,505
Dublin Fingal West,2ae19629-1eef-13a3-e055-000000000001,"Airport, Fingal",398,674,3875,4947,35,34,79,115,252,119,103,1321,1817
Dublin Fingal West,2ae19629-1ef0-13a3-e055-000000000001,"Balbriggan Rural, Fingal",2056,1919,10085,14060,320,266,646,811,1479,526,449,2941,2647
Dublin Fingal West,2ae19629-1ef1-13a3-e055-000000000001,"Balbriggan Urban, Fingal",692,616,5201,6509,337,239,440,460,780,249,194,1195,1307
Dublin Bay North,2ae19629-1ef2-13a3-e055-000000000001,"Baldoyle, Fingal",659,430,5532,6621,270,209,358,324,720,196,194,1927,1334
Dublin Bay North,2ae19629-1e22-13a3-e055-000000000001,"Balgriffin, Fingal",404,512,2791,3707,64,46,110,126,294,98,114,1076,863
Dublin Fingal West,2ae19629-1e33-13a3-e055-000000000001,"Ballyboghil, Fingal",149,80,993,1222,34,32,88,89,133,41,49,307,220
Dublin Fingal West,2ae19629-1e35-13a3-e055-000000000001,"Balscadden, Fingal",64,31,497,592,43,22,35,40,72,20,17,160,88
Dublin West,2ae19629-1cc5-13a3-e055-000000000001,"Blanchardstown-Abbotstown, Fingal",462,807,3812,5081,150,82,122,153,341,139,183,1382,1260
Dublin West,2ae19629-1cc6-13a3-e055-000000000001,"Blanchardstown-Blakestown, Fingal",4270,4219,24593,33082,749,737,1471,2025,3192,1042,1054,7445,6878
Dublin West,2ae19629-1cc7-13a3-e055-000000000001,"Blanchardstown-Coolmine, Fingal",993,1107,6882,8982,394,325,528,608,805,225,227,1594,2176
Dublin West,2ae19629-1cc8-13a3-e055-000000000001,"Blanchardstown-Corduff, Fingal",326,238,2542,3106,238,176,229,205,353,64,50,320,907
Dublin West,2ae19629-1cc9-13a3-e055-000000000001,"Blanchardstown-Delwood, Fingal",349,373,3448,4170,111,90,191,223,442,130,131,1169,961
Dublin West,2ae19629-1cdd-13a3-e055-000000000001,"Blanchardstown-Mulhuddart, Fingal",476,565,2214,3255,80,74,140,164,293,116,90,496,761
Dublin West,2ae19629-1cde-13a3-e055-000000000001,"Blanchardstown-Roselawn, Fingal",84,47,1273,1404,65,62,101,112,198,41,38,450,206
Dublin West,2ae19629-1cdf-13a3-e055-000000000001,"Blanchardstown-Tyrrelstown, Fingal",515,426,1631,2572,78,66,131,139,188,58,35,283,653
Dublin West,2ae19629-1ce5-13a3-e055-000000000001,"Castleknock-Knockmaroon, Fingal",1926,1274,13207,16407,226,238,488,741,1486,488,589,6264,2687
Dublin West,2ae19629-1cf6-13a3-e055-000000000001,"Castleknock-Park, Fingal",443,335,4291,5069,63,56,122,209,429,121,185,2223,883
Dublin Fingal West,2ae19629-1d17-13a3-e055-000000000001,"Clonmethan, Fingal",75,51,594,720,33,32,51,62,76,38,32,174,96
Dublin Fingal East,2ae19629-1d38-13a3-e055-000000000001,"Donabate, Fingal",1214,681,7201,9096,156,151,396,502,924,316,334,2981,1441
Dublin Fingal West,2ae19629-1d39-13a3-e055-000000000001,"Dubber, Fingal",791,931,5182,6904,117,98,194,331,535,224,208,1392,2083
Dublin Fingal West,2ae19629-1d7d-13a3-e055-000000000001,"Garristown, Fingal",187,85,1153,1425,59,49,116,81,169,82,48,306,243
Dublin Fingal West,2ae19629-1d94-13a3-e055-000000000001,"Hollywood, Fingal",129,50,985,1164,45,52,97,95,145,60,48,285,158
Dublin Fingal West,2ae19629-1d95-13a3-e055-000000000001,"Holmpatrick, Fingal",338,136,2829,3303,114,73,149,225,347,116,124,1120,561
Dublin Bay North,2ae19629-1daf-13a3-e055-000000000001,"Howth, Fingal",818,233,5944,6995,138,133,286,314,733,209,238,2763,1130
Dublin Fingal West,2ae19629-1dc5-13a3-e055-000000000001,"Kilsallaghan, Fingal",195,88,1713,1996,112,69,111,135,205,55,62,394,570
Dublin Fingal East,2ae19629-1dc6-13a3-e055-000000000001,"Kinsaley, Fingal",787,790,6937,8514,135,149,326,409,890,283,290,2592,1863
Dublin West,2ae19629-1dc9-13a3-e055-000000000001,"Lucan North, Fingal",223,58,1075,1356,13,20,36,40,95,42,58,461,310
Dublin Fingal West,2ae19629-1ddf-13a3-e055-000000000001,"Lusk, Fingal",1048,607,6386,8041,235,209,411,543,907,319,293,1880,1589
Dublin Fingal East,2ae19629-1de0-13a3-e055-000000000001,"Malahide East, Fingal",733,340,5671,6744,100,85,272,338,719,202,233,2574,1148
Dublin Fingal East,2ae19629-1de1-13a3-e055-000000000001,"Malahide West, Fingal",541,192,4220,4953,97,87,234,306,626,187,164,1834,685
Dublin Fingal East,2ae19629-1de5-13a3-e055-000000000001,"Portmarnock North, Fingal",260,81,2932,3273,69,68,198,240,474,132,122,1115,514
Dublin Fingal East,2ae19629-1dfe-13a3-e055-000000000001,"Portmarnock South, Fingal",255,199,3246,3700,102,79,215,198,420,118,109,1491,514
Dublin Fingal West,2ae19629-1e15-13a3-e055-000000000001,"Rush, Fingal",1115,644,6869,8628,306,266,469,597,1005,353,282,1963,1628
Dublin Fingal West,2ae19629-1c9f-13a3-e055-000000000001,"Skerries, Fingal",859,316,5798,6973,185,147,346,457,744,242,274,2328,1075
Dublin Bay North,2ae19629-1ca6-13a3-e055-000000000001,"Sutton, Fingal",481,179,4136,4796,141,89,260,304,557,164,137,1690,794
Dublin Fingal East,2ae19629-1cb2-13a3-e055-000000000001,"Swords Village, Fingal",152,254,1918,2324,73,63,126,142,239,63,89,539,584
Dublin Fingal East,2ae19629-1ca8-13a3-e055-000000000001,"Swords-Forrest, Fingal",1161,1170,10055,12386,252,313,644,933,1521,458,485,3244,2205
Dublin Fingal East,2ae19629-1ca7-13a3-e055-000000000001,"Swords-Glasmore, Fingal",695,470,5232,6397,213,227,470,592,844,241,204,1189,1252
Dublin Fingal East,2ae19629-1cb0-13a3-e055-000000000001,"Swords-Lissenhall, Fingal",972,961,7138,9071,187,180,394,622,1020,388,336,2320,1691
Dublin Fingal East,2ae19629-1cb1-13a3-e055-000000000001,"Swords-Seatown, Fingal",716,484,4722,5922,121,122,261,390,760,190,217,1855,806
Dublin West,2ae19629-1ce8-13a3-e055-000000000001,"The Ward, Fingal",1336,1578,6588,9502,104,141,233,398,716,311,332,2159,2194
Dublin Fingal West,2ae19629-1cea-13a3-e055-000000000001,"Turnapin, Fingal",150,100,1239,1489,55,60,93,78,181,42,43,373,314
Dublin Rathdown,2ae19629-1e25-13a3-e055-000000000001,"Ballinteer-Broadford, Dún Laoghaire-Rathdown",163,56,1848,2067,69,58,146,150,260,76,68,621,400
Dublin Rathdown,2ae19629-1e26-13a3-e055-000000000001,"Ballinteer-Ludford, Dún Laoghaire-Rathdown",164,57,1499,1720,90,60,113,82,164,53,64,570,303
Dublin Rathdown,2ae19629-1e27-13a3-e055-000000000001,"Ballinteer-Marley, Dún Laoghaire-Rathdown",199,37,1613,1849,50,41,88,119,265,76,88,751,135
Dublin Rathdown,2ae19629-1e28-13a3-e055-000000000001,"Ballinteer-Meadowbroads, Dún Laoghaire-Rathdown",129,50,1206,1385,47,18,71,68,145,43,48,556,210
Dublin Rathdown,2ae19629-1e29-13a3-e055-000000000001,"Ballinteer-Meadowmount, Dún Laoghaire-Rathdown",156,64,1309,1529,87,46,111,88,153,60,34,448,282
Dublin Rathdown,2ae19629-1e24-13a3-e055-000000000001,"Ballinteer-Woodpark, Dún Laoghaire-Rathdown",496,219,3646,4361,85,79,142,249,456,148,160,1691,636
Dún Laoghaire,2ae19629-1e34-13a3-e055-000000000001,"Ballybrack, Dún Laoghaire-Rathdown",270,93,2037,2400,144,115,171,169,301,57,69,600,411
Dún Laoghaire,2ae19629-1e38-13a3-e055-000000000001,"Blackrock-Booterstown, Dún Laoghaire-Rathdown",458,219,2337,3014,19,11,43,65,135,59,106,1508,391
Dún Laoghaire,2ae19629-1cbe-13a3-e055-000000000001,"Blackrock-Carysfort, Dún Laoghaire-Rathdown",742,312,4119,5173,47,38,126,186,397,140,156,2237,792
Dún Laoghaire,2ae19629-1cbf-13a3-e055-000000000001,"Blackrock-Central, Dún Laoghaire-Rathdown",552,153,2419,3124,19,14,37,70,167,62,90,1550,410
Dún Laoghaire,2ae19629-1cc0-13a3-e055-000000000001,"Blackrock-Glenomena, Dún Laoghaire-Rathdown",370,89,1197,1656,7,3,21,40,94,35,33,710,254
Dún Laoghaire,2ae19629-1e36-13a3-e055-000000000001,"Blackrock-Monkstown, Dún Laoghaire-Rathdown",308,138,2369,2815,17,16,64,96,205,56,100,1435,380
Dún Laoghaire,2ae19629-1cc1-13a3-e055-000000000001,"Blackrock-Newpark, Dún Laoghaire-Rathdown",224,68,1624,1916,35,38,60,83,195,50,63,776,324
Dún Laoghaire,2ae19629-1e37-13a3-e055-000000000001,"Blackrock-Seapoint, Dún Laoghaire-Rathdown",177,62,1018,1257,2,8,18,19,81,25,44,684,137
Dún Laoghaire,2ae19629-1cc2-13a3-e055-000000000001,"Blackrock-Stradbrook, Dún Laoghaire-Rathdown",238,94,1813,2145,60,62,108,102,209,69,58,786,359
Dún Laoghaire,2ae19629-1cc3-13a3-e055-000000000001,"Blackrock-Templehill, Dún Laoghaire-Rathdown",266,126,1929,2321,35,30,70,82,167,30,62,1042,411
Dún Laoghaire,2ae19629-1cc4-13a3-e055-000000000001,"Blackrock-Williamstown, Dún Laoghaire-Rathdown",332,149,1952,2433,20,11,37,51,134,51,60,1116,472
Dún Laoghaire,2ae19629-1ce1-13a3-e055-000000000001,"Cabinteely-Granitefield, Dún Laoghaire-Rathdown",282,125,1849,2256,46,42,94,132,253,76,85,768,353
Dún Laoghaire,2ae19629-1ce2-13a3-e055-000000000001,"Cabinteely-Kilbogget, Dún Laoghaire-Rathdown",236,89,1900,2225,143,90,156,131,224,64,81,565,446
Dún Laoghaire,2ae19629-1ce3-13a3-e055-000000000001,"Cabinteely-Loughlinstown, Dún Laoghaire-Rathdown",453,484,3233,4170,28,39,87,140,289,119,151,1817,563
Dún Laoghaire,2ae19629-1ce4-13a3-e055-000000000001,"Cabinteely-Pottery, Dún Laoghaire-Rathdown",511,209,3549,4269,116,98,202,232,475,105,129,1495,697
Dublin Rathdown,2ae19629-1cf7-13a3-e055-000000000001,"Churchtown-Castle, Dún Laoghaire-Rathdown",136,95,1311,1542,37,36,72,52,123,37,32,700,222
Dublin Rathdown,2ae19629-1cf8-13a3-e055-000000000001,"Churchtown-Landscape, Dún Laoghaire-Rathdown",165,36,960,1161,15,14,27,60,121,37,37,512,137
Dublin Rathdown,2ae19629-1cf9-13a3-e055-000000000001,"Churchtown-Nutgrove, Dún Laoghaire-Rathdown",220,174,2237,2631,160,96,161,151,239,69,74,790,497
Dublin Rathdown,2ae19629-1cfa-13a3-e055-000000000001,"Churchtown-Orwell, Dún Laoghaire-Rathdown",193,61,1339,1593,21,23,48,69,120,46,54,748,210
Dublin Rathdown,2ae19629-1cfb-13a3-e055-000000000001,"Churchtown-Woodlawn, Dún Laoghaire-Rathdown",166,61,1017,1244,7,9,19,43,94,23,40,612,170
Dublin Rathdown,2ae19629-1d19-13a3-e055-000000000001,"Clonskeagh-Belfield, Dún Laoghaire-Rathdown",2624,90,829,3543,5,2,12,17,43,17,22,399,312
Dublin Rathdown,2ae19629-1d1a-13a3-e055-000000000001,"Clonskeagh-Farranboley, Dún Laoghaire-Rathdown",175,90,1215,1480,75,37,64,60,102,32,35,518,292
Dublin Rathdown,2ae19629-1d18-13a3-e055-000000000001,"Clonskeagh-Milltown, Dún Laoghaire-Rathdown",354,89,1411,1854,5,8,21,45,65,26,48,895,298
Dublin Rathdown,2ae19629-1d1b-13a3-e055-000000000001,"Clonskeagh-Roebuck, Dún Laoghaire-Rathdown",462,168,2125,2755,16,21,44,67,176,66,69,1256,410
Dublin Rathdown,2ae19629-1d1c-13a3-e055-000000000001,"Clonskeagh-Windy Arbour, Dún Laoghaire-Rathdown",394,175,1897,2466,40,46,77,76,173,47,56,1074,308
Dún Laoghaire,2ae19629-1d1d-13a3-e055-000000000001,"Dalkey Hill, Dún Laoghaire-Rathdown",132,43,1164,1339,15,29,49,51,114,46,41,578,241
Dún Laoghaire,2ae19629-1d1e-13a3-e055-000000000001,"Dalkey Upper, Dún Laoghaire-Rathdown",237,50,1458,1745,12,13,53,65,141,48,58,812,256
Dún Laoghaire,2ae19629-1d1f-13a3-e055-000000000001,"Dalkey-Avondale, Dún Laoghaire-Rathdown",149,46,1024,1219,10,3,44,58,150,43,31,486,199
Dún Laoghaire,2ae19629-1d20-13a3-e055-000000000001,"Dalkey-Bullock, Dún Laoghaire-Rathdown",166,47,1328,1541,31,33,61,52,150,40,50,667,244
Dún Laoghaire,2ae19629-1d37-13a3-e055-000000000001,"Dalkey-Coliemore, Dún Laoghaire-Rathdown",119,32,1037,1188,23,20,49,41,105,37,44,495,223
Dublin Rathdown,2ae19629-1d5a-13a3-e055-000000000001,"Dundrum-Balally, Dún Laoghaire-Rathdown",726,812,5728,7266,142,114,256,272,516,189,190,2702,1347
Dublin Rathdown,2ae19629-1d5b-13a3-e055-000000000001,"Dundrum-Kilmacud, Dún Laoghaire-Rathdown",367,198,2298,2863,22,15,60,100,191,48,76,1363,423
Dublin Rathdown,2ae19629-1d5c-13a3-e055-000000000001,"Dundrum-Sandyford, Dún Laoghaire-Rathdown",594,536,5226,6356,99,78,186,253,553,203,216,2645,993
Dublin Rathdown,2ae19629-1d5d-13a3-e055-000000000001,"Dundrum-Sweetmount, Dún Laoghaire-Rathdown",259,182,1824,2265,28,24,69,81,158,53,85,1050,276
Dublin Rathdown,2ae19629-1d5e-13a3-e055-000000000001,"Dundrum-Taney, Dún Laoghaire-Rathdown",310,130,1806,2246,48,38,72,86,184,55,52,906,365
Dún Laoghaire,2ae19629-1d3a-13a3-e055-000000000001,"Dún Laoghaire-East Central, Dún Laoghaire-Rathdown",211,182,1776,2169,21,19,53,69,142,57,71,969,375
Dún Laoghaire,2ae19629-1d3b-13a3-e055-000000000001,"Dún Laoghaire-Glasthule, Dún Laoghaire-Rathdown",265,106,2089,2460,54,46,61,95,150,48,76,1082,477
Dún Laoghaire,2ae19629-1d3c-13a3-e055-000000000001,"Dún Laoghaire-Glenageary, Dún Laoghaire-Rathdown",370,392,2815,3577,22,24,58,85,190,60,96,1880,400
Dún Laoghaire,2ae19629-1d3d-13a3-e055-000000000001,"Dún Laoghaire-Monkstown Farm, Dún Laoghaire-Rathdown",183,143,1563,1889,85,54,104,99,158,55,62,584,362
Dún Laoghaire,2ae19629-1d3e-13a3-e055-000000000001,"Dún Laoghaire-Mount Town, Dún Laoghaire-Rathdown",166,121,1197,1484,71,59,107,88,129,46,38,367,292
Dún Laoghaire,2ae19629-1d3f-13a3-e055-000000000001,"Dún Laoghaire-Sallynoggin East, Dún Laoghaire-Rathdown",269,112,2008,2389,101,105,138,145,245,82,80,771,341
Dún Laoghaire,2ae19629-1d40-13a3-e055-000000000001,"Dún Laoghaire-Sallynoggin South, Dún Laoghaire-Rathdown",98,77,1044,1219,69,68,92,79,141,28,40,333,194
Dún Laoghaire,2ae19629-1d41-13a3-e055-000000000001,"Dún Laoghaire-Sallynoggin West, Dún Laoghaire-Rathdown",324,358,2718,3400,116,87,135,127,215,79,118,1379,462
Dún Laoghaire,2ae19629-1d57-13a3-e055-000000000001,"Dún Laoghaire-Salthill, Dún Laoghaire-Rathdown",130,99,1248,1477,31,16,36,37,115,32,43,754,184
Dún Laoghaire,2ae19629-1d58-13a3-e055-000000000001,"Dún Laoghaire-Sandycove, Dún Laoghaire-Rathdown",384,90,2601,3075,35,30,56,88,259,62,113,1472,486
Dún Laoghaire,2ae19629-1d59-13a3-e055-000000000001,"Dún Laoghaire-West Central, Dún Laoghaire-Rathdown",177,135,2033,2345,68,61,96,87,190,44,61,1023,403
Dún Laoghaire,2ae19629-1d79-13a3-e055-000000000001,"Foxrock-Beechpark, Dún Laoghaire-Rathdown",230,49,1169,1448,6,17,37,59,153,40,44,659,154
Dublin Rathdown,2ae19629-1d7a-13a3-e055-000000000001,"Foxrock-Carrickmines, Dún Laoghaire-Rathdown",688,168,4303,5159,44,50,130,218,522,156,187,2196,800
Dún Laoghaire,2ae19629-1d7b-13a3-e055-000000000001,"Foxrock-Deansgrange, Dún Laoghaire-Rathdown",285,57,1685,2027,17,22,50,77,195,55,73,873,323
Dublin Rathdown,2ae19629-1d7c-13a3-e055-000000000001,"Foxrock-Torquay, Dún Laoghaire-Rathdown",161,50,1070,1281,3,9,27,40,106,40,46,572,227
Dublin Rathdown,2ae19629-1d7e-13a3-e055-000000000001,"Glencullen, Dún Laoghaire-Rathdown",2401,1560,14147,18108,208,226,452,649,1380,535,611,7441,2645
Dún Laoghaire,2ae19629-1db0-13a3-e055-000000000001,"Killiney North, Dún Laoghaire-Rathdown",336,82,2375,2793,40,36,90,111,265,85,92,1244,412
Dún Laoghaire,2ae19629-1db1-13a3-e055-000000000001,"Killiney South, Dún Laoghaire-Rathdown",503,324,4434,5261,279,249,373,352,503,179,146,1304,1049
Dún Laoghaire,2ae19629-1e17-13a3-e055-000000000001,"Shankill-Rathmichael, Dún Laoghaire-Rathdown",591,254,3864,4709,100,112,217,243,472,149,172,1642,757
Dún Laoghaire,94b26e15-6ed2-44c2-a0b0-207c369a2da8,"Shankill-Rathsallagh, Dún Laoghaire-Rathdown",279,136,2358,2773,208,117,186,185,300,99,95,679,489
Dún Laoghaire,2ae19629-1e19-13a3-e055-000000000001,"Shankill-Shanganagh, Dún Laoghaire-Rathdown",495,230,3708,4433,115,92,191,271,515,151,145,1539,689
Dublin Rathdown,2ae19629-1ca0-13a3-e055-000000000001,"Stillorgan-Deerpark, Dún Laoghaire-Rathdown",411,84,1974,2469,13,16,39,79,210,65,89,1119,344
Dublin Rathdown,2ae19629-1ca1-13a3-e055-000000000001,"Stillorgan-Kilmacud, Dún Laoghaire-Rathdown",439,129,2889,3457,39,56,106,145,343,108,112,1471,509
Dublin Rathdown,2ae19629-1ca2-13a3-e055-000000000001,"Stillorgan-Leopardstown, Dún Laoghaire-Rathdown",278,211,1945,2434,12,17,40,84,166,78,79,1118,351
Dublin Rathdown,2ae19629-1ca3-13a3-e055-000000000001,"Stillorgan-Merville, Dún Laoghaire-Rathdown",396,162,2131,2689,25,22,66,100,234,65,86,1211,322
Dublin Rathdown,2ae19629-1ca4-13a3-e055-000000000001,"Stillorgan-Mount Merrion, Dún Laoghaire-Rathdown",317,72,1589,1978,19,12,51,59,165,44,70,946,223
Dún Laoghaire,2ae19629-1ca5-13a3-e055-000000000001,"Stillorgan-Priory, Dún Laoghaire-Rathdown",259,115,1529,1903,18,20,41,53,105,33,61,902,296
Dublin Rathdown,2ae19629-1ce9-13a3-e055-000000000001,"Tibradden, Dún Laoghaire-Rathdown",76,40,653,769,60,20,26,45,78,19,23,265,117
Kildare South,2ae19629-229d-13a3-e055-000000000001,"Athy East Urban, Kildare",320,339,2721,3380,134,97,207,216,422,122,96,685,742
Kildare South,2ae19629-223b-13a3-e055-000000000001,"Athy Rural, Kildare",395,352,2675,3422,97,77,224,256,399,131,105,653,733
Kildare South,2ae19629-223c-13a3-e055-000000000001,"Athy West Urban, Kildare",249,232,1953,2434,130,119,167,184,272,77,53,269,682
Kildare South,2ae19629-223d-13a3-e055-000000000001,"Ballaghmoon, Kildare",21,12,148,181,6,4,8,11,27,6,6,38,42
Kildare South,2ae19629-2248-13a3-e055-000000000001,"Ballitore, Kildare",117,65,792,974,44,42,64,73,104,39,27,172,227
Kildare South,2ae19629-2249-13a3-e055-000000000001,"Ballybrackan, Kildare",31,22,455,508,32,21,47,43,83,15,13,89,112
Kildare South,2ae19629-224a-13a3-e055-000000000001,"Ballymore Eustace, Kildare",135,48,1143,1326,46,45,78,102,149,47,48,335,293
Kildare North,2ae19629-224b-13a3-e055-000000000001,"Ballynadrumny, Kildare",50,35,386,471,19,17,37,28,43,18,20,81,123
Kildare South,2ae19629-2257-13a3-e055-000000000001,"Ballysax East, Kildare",144,104,1397,1645,84,76,133,166,172,61,42,299,364
Kildare South,2ae19629-2258-13a3-e055-000000000001,"Ballysax West, Kildare",95,48,860,1003,78,41,73,71,120,30,27,188,232
Kildare South,2ae19629-2259-13a3-e055-000000000001,"Ballyshannon, Kildare",210,52,1198,1460,50,48,94,100,181,73,37,402,213
Kildare North,2ae19629-2264-13a3-e055-000000000001,"Balraheen, Kildare",497,81,1354,1932,36,41,94,84,164,49,59,495,332
Kildare South,2ae19629-2265-13a3-e055-000000000001,"Belan, Kildare",29,16,197,242,8,6,13,11,41,12,6,52,48
Kildare South,2ae19629-2266-13a3-e055-000000000001,"Bert, Kildare",9,8,125,142,4,13,11,9,18,5,6,25,34
Kildare North,2ae19629-2267-13a3-e055-000000000001,"Bodenstown, Kildare",593,316,3121,4030,79,84,163,199,397,139,133,1255,672
Kildare South,2ae19629-2273-13a3-e055-000000000001,"Burtown, Kildare",29,13,287,329,19,11,27,19,46,15,17,100,33
Kildare North,2ae19629-2274-13a3-e055-000000000001,"Cadamstown, Kildare",168,61,998,1227,37,26,70,96,129,43,39,291,267
Kildare South,2ae19629-2275-13a3-e055-000000000001,"Carbury, Kildare",187,114,1495,1796,83,79,125,147,204,61,53,326,417
Kildare South,2ae19629-227f-13a3-e055-000000000001,"Carnalway, Kildare",226,78,1336,1640,56,33,75,143,182,64,53,425,305
Kildare North,2ae19629-2280-13a3-e055-000000000001,"Carragh, Kildare",248,65,1158,1471,23,32,84,96,163,43,39,414,264
Kildare South,2ae19629-2281-13a3-e055-000000000001,"Carrick, Kildare",35,13,188,236,7,11,7,17,21,9,13,60,43
Kildare South,2ae19629-228c-13a3-e055-000000000001,"Carrigeen, Kildare",64,29,430,523,18,13,30,35,67,15,22,128,102
Kildare South,2ae19629-228d-13a3-e055-000000000001,"Castledermot, Kildare",142,89,1217,1448,53,47,109,108,173,59,53,270,345
Kildare North,2ae19629-228e-13a3-e055-000000000001,"Celbridge, Kildare",1553,918,10418,12889,336,277,708,810,1442,470,480,3769,2126
Kildare South,2ae19629-2298-13a3-e055-000000000001,"Churchtown, Kildare",50,17,379,446,24,12,30,38,54,22,20,96,83
Kildare North,2ae19629-2299-13a3-e055-000000000001,"Clane, Kildare",736,509,5660,6905,135,161,313,459,697,291,289,2007,1308
Kildare North,2ae19629-229a-13a3-e055-000000000001,"Cloncurry, Kildare, 087026",198,49,1069,1316,60,29,73,88,147,50,52,363,207
Kildare South,2ae19629-22a4-13a3-e055-000000000001,"Cloncurry, Kildare, 087027",45,8,318,371,14,3,18,34,56,14,14,89,76
Kildare North,2ae19629-22a5-13a3-e055-000000000001,"Donadea, Kildare",100,23,569,692,15,13,45,47,73,24,32,201,119
Kildare North,2ae19629-22a6-13a3-e055-000000000001,"Donaghcumper, Kildare",592,387,4108,5087,116,108,212,283,527,175,218,1641,828
Kildare North,2ae19629-22af-13a3-e055-000000000001,"Donore, Kildare",79,39,584,702,19,13,40,55,71,26,30,183,147
Kildare North,2ae19629-22b0-13a3-e055-000000000001,"Downings, Kildare",286,151,1966,2403,87,76,115,196,280,88,79,542,503
Kildare South,2ae19629-22b1-13a3-e055-000000000001,"Drehid, Kildare",22,11,179,212,10,8,15,20,22,10,8,50,36
Kildare South,2ae19629-22b2-13a3-e055-000000000001,"Droichead Nua (Newbridge) Rural, Kildare",334,99,1730,2163,39,57,91,161,238,70,94,647,333
Kildare South,2ae19629-22bf-13a3-e055-000000000001,"Droichead Nua (Newbridge) Urban, Kildare",535,653,5335,6523,292,212,421,422,728,244,178,1262,1576
Kildare North,2ae19629-22c0-13a3-e055-000000000001,"Dunfierth, Kildare",64,31,541,636,44,14,35,52,63,21,24,169,119
Kildare South,2ae19629-22c1-13a3-e055-000000000001,"Dunmanoge, Kildare",32,11,339,382,24,16,28,26,42,24,20,81,78
Kildare South,2ae19629-22c2-13a3-e055-000000000001,"Dunmurry, Kildare",36,14,352,402,20,11,25,16,41,13,12,119,95
Kildare South,2ae19629-22c3-13a3-e055-000000000001,"Feighcullen, Kildare",55,18,449,522,24,14,31,40,58,20,25,127,110
Kildare South,2ae19629-21fb-13a3-e055-000000000001,"Fontstown, Kildare",35,16,306,357,21,11,23,26,49,20,18,94,44
Kildare South,2ae19629-21fc-13a3-e055-000000000001,"Gilltown, Kildare",104,40,691,835,25,22,39,48,102,32,38,242,143
Kildare South,2ae19629-21fd-13a3-e055-000000000001,"Graney, Kildare",58,29,528,615,17,28,44,42,76,29,32,143,117
Kildare South,2ae19629-2204-13a3-e055-000000000001,"Grangemellon, Kildare",60,19,436,515,38,24,52,36,64,22,19,102,79
Kildare South,2ae19629-2205-13a3-e055-000000000001,"Harristown, Kildare",37,27,332,396,23,15,16,34,50,18,13,73,90
Kildare South,2ae19629-2206-13a3-e055-000000000001,"Inchaquire, Kildare",16,6,156,178,9,3,23,11,26,10,9,38,27
Kildare South,2ae19629-2207-13a3-e055-000000000001,"Johnstown, Kildare",15,7,132,154,7,8,7,13,18,9,3,35,32
Kildare South,2ae19629-2211-13a3-e055-000000000001,"Kilberry, Kildare",48,23,409,480,41,25,45,40,60,12,11,64,111
Kildare North,2ae19629-2212-13a3-e055-000000000001,"Kilcock, Kildare",728,680,5222,6630,157,120,301,351,655,212,251,1891,1284
Kildare South,2ae19629-2213-13a3-e055-000000000001,"Kilcullen, Kildare",289,168,2342,2799,123,88,146,175,308,118,101,765,518
Kildare South,2ae19629-2208-13a3-e055-000000000001,"Kildangan, Kildare",81,29,469,579,19,15,28,41,61,23,18,153,111
Kildare South,2ae19629-2209-13a3-e055-000000000001,"Kildare, Kildare",962,907,7116,8985,323,311,569,695,964,310,258,1675,2011
Kildare South,2ae19629-220a-13a3-e055-000000000001,"Kilkea, Kildare",40,17,310,367,21,14,24,30,35,21,16,94,55
Kildare North,2ae19629-2214-13a3-e055-000000000001,"Kill, Kildare",500,263,3582,4345,115,116,264,337,542,141,157,1083,827
Kildare North,2ae19629-2215-13a3-e055-000000000001,"Killashee, Kildare",27,14,298,339,5,9,17,11,24,13,12,135,72
Kildare South,2ae19629-2216-13a3-e055-000000000001,"Killinthomas, Kildare",37,11,258,306,6,9,22,15,41,15,8,91,51
Kildare South,2ae19629-2217-13a3-e055-000000000001,"Kilmeage North, Kildare",206,141,1744,2091,89,74,175,190,262,72,64,344,474
Kildare South,2ae19629-2220-13a3-e055-000000000001,"Kilmeage South, Kildare",206,106,1408,1720,79,69,139,139,185,63,39,322,373
Kildare South,2ae19629-2221-13a3-e055-000000000001,"Kilpatrick, Kildare",64,35,632,731,55,28,72,104,88,15,19,91,160
Kildare South,2ae19629-2222-13a3-e055-000000000001,"Kilrainy, Kildare",81,22,499,602,29,23,42,34,85,25,24,124,113
Kildare South,2ae19629-2223-13a3-e055-000000000001,"Kilrush, Kildare",77,14,476,567,14,15,45,42,87,31,26,113,103
Kildare North,2ae19629-222b-13a3-e055-000000000001,"Kilteel, Kildare",64,23,433,520,16,10,26,35,54,24,25,153,90
Kildare South,2ae19629-222c-13a3-e055-000000000001,"Lackagh, Kildare",85,26,565,676,21,26,35,43,91,25,35,148,141
Kildare North,2ae19629-222d-13a3-e055-000000000001,"Ladytown, Kildare",131,41,637,809,6,14,25,40,80,36,32,283,121
Kildare North,2ae19629-223e-13a3-e055-000000000001,"Leixlip, Kildare",1374,964,11188,13526,335,347,739,924,1517,440,530,3985,2371
Kildare South,2ae19629-223f-13a3-e055-000000000001,"Lullymore, Kildare",17,7,135,159,1,9,16,9,20,4,10,24,42
Kildare North,2ae19629-2240-13a3-e055-000000000001,"Maynooth, Kildare",2779,1228,11023,15030,198,146,383,492,1094,369,487,5308,2546
Kildare South,2ae19629-224c-13a3-e055-000000000001,"Monasterevin, Kildare",392,449,3687,4528,182,157,288,346,575,141,137,890,971
Kildare South,2ae19629-224d-13a3-e055-000000000001,"Moone, Kildare",41,21,341,403,14,12,42,14,79,17,17,99,47
Kildare South,2ae19629-224e-13a3-e055-000000000001,"Morristownbiller, Kildare",1478,1142,9850,12470,354,308,767,899,1369,485,428,2983,2257
Kildare North,2ae19629-225a-13a3-e055-000000000001,"Naas Rural, Kildare",232,266,1953,2451,37,36,103,102,221,93,86,901,374
Kildare North,2ae19629-225b-13a3-e055-000000000001,"Naas Urban, Kildare",2179,1880,16595,20654,392,380,863,1114,2122,705,789,6759,3471
Kildare South,2ae19629-225c-13a3-e055-000000000001,"Narraghmore, Kildare",95,21,555,671,52,30,60,55,102,41,33,167,15
Kildare North,2ae19629-2268-13a3-e055-000000000001,"Newtown, Kildare",97,33,623,753,11,13,39,41,96,33,37,242,111
Kildare South,2ae19629-2269-13a3-e055-000000000001,"Nurney, Kildare",109,39,776,924,37,27,88,73,97,36,33,168,217
Kildare South,2ae19629-226a-13a3-e055-000000000001,"Oldconnell, Kildare",96,34,708,838,25,26,52,69,94,31,15,193,203
Kildare North,2ae19629-226b-13a3-e055-000000000001,"Oughterard, Kildare",73,30,580,683,21,16,34,38,82,20,29,210,130
Kildare South,2ae19629-2276-13a3-e055-000000000001,"Pollardstown, Kildare",31,11,250,292,8,5,12,15,43,12,10,77,68
Kildare South,2ae19629-2277-13a3-e055-000000000001,"Quinsborough, Kildare",10,5,112,127,3,5,10,9,14,3,3,35,30
Kildare South,2ae19629-2278-13a3-e055-000000000001,"Rathangan, Kildare",188,189,1952,2329,63,59,166,177,325,97,82,455,528
Kildare South,2ae19629-2279-13a3-e055-000000000001,"Rathernan, Kildare",51,29,460,540,21,22,40,45,57,14,15,101,145
Kildare North,2ae19629-2282-13a3-e055-000000000001,"Rathmore, Kildare",142,30,801,973,17,14,47,67,122,39,22,332,141
Kildare South,2ae19629-2283-13a3-e055-000000000001,"Robertstown, Kildare",184,117,1506,1807,114,57,124,164,226,58,57,292,414
Kildare South,2ae19629-2284-13a3-e055-000000000001,"Skerries, Kildare",76,29,450,555,31,18,62,52,63,20,18,107,79
Kildare North,2ae19629-228f-13a3-e055-000000000001,"Straffan, Kildare",181,108,1561,1850,38,49,84,105,177,55,69,654,330
Kildare South,2ae19629-2290-13a3-e055-000000000001,"Thomastown, Kildare",101,37,616,754,24,19,50,63,76,29,20,181,154
Kildare North,2ae19629-2291-13a3-e055-000000000001,"Timahoe North, Kildare",108,50,831,989,38,36,71,73,114,44,39,236,180
Kildare South,2ae19629-2292-13a3-e055-000000000001,"Timahoe South, Kildare",72,47,512,631,24,15,49,55,89,18,24,121,117
Kildare South,2ae19629-229b-13a3-e055-000000000001,"Usk, Kildare",50,34,370,454,21,17,28,22,58,19,12,116,77
Kildare South,2ae19629-229c-13a3-e055-000000000001,"Windmill Cross, Kildare",108,71,760,939,54,29,57,98,120,31,36,141,194
Carlow-Kilkenny,2ae19629-229e-13a3-e055-000000000001,"Aghaviller, Kilkenny",36,7,325,368,14,21,40,21,48,17,17,113,34
Carlow-Kilkenny,2ae19629-22a7-13a3-e055-000000000001,"Aglish, Kilkenny",88,32,686,806,26,34,68,68,81,21,36,165,187
Carlow-Kilkenny,2ae19629-22a8-13a3-e055-000000000001,"Attanagh, Kilkenny",34,12,269,315,15,14,18,22,54,14,6,73,53
Tipperary North,2ae19629-22a9-13a3-e055-000000000001,"Balleen, Kilkenny",40,14,332,386,20,15,29,21,40,17,23,103,64
Carlow-Kilkenny,2ae19629-22b3-13a3-e055-000000000001,"Ballinamara, Kilkenny",37,14,251,302,7,7,24,25,40,13,18,87,30
Carlow-Kilkenny,2ae19629-22b4-13a3-e055-000000000001,"Ballincrea, Kilkenny",30,13,225,268,9,11,15,25,32,13,7,63,50
Tipperary North,2ae19629-22b5-13a3-e055-000000000001,"Ballybeagh, Kilkenny",34,10,213,257,13,6,17,18,32,9,13,57,48
Carlow-Kilkenny,2ae19629-22c4-13a3-e055-000000000001,"Ballycallan, Kilkenny",43,12,318,373,17,17,27,28,48,12,12,78,79
Carlow-Kilkenny,2ae19629-22c5-13a3-e055-000000000001,"Ballyconra, Kilkenny",20,10,169,199,7,9,12,12,27,8,4,57,33
Carlow-Kilkenny,2ae19629-22c6-13a3-e055-000000000001,"Ballyhale, Kilkenny",28,18,282,328,14,10,26,26,39,15,19,89,44
Carlow-Kilkenny,2ae19629-21fe-13a3-e055-000000000001,"Ballyragget, Kilkenny",99,81,1103,1283,63,45,112,88,144,43,31,229,348
Carlow-Kilkenny,2ae19629-21ff-13a3-e055-000000000001,"Ballyvool, Kilkenny",21,6,148,175,7,7,10,11,11,5,5,51,41
Tipperary North,2ae19629-2200-13a3-e055-000000000001,"Baunmore, Kilkenny",5,2,96,103,6,4,7,7,15,5,5,26,21
Carlow-Kilkenny,2ae19629-220b-13a3-e055-000000000001,"Bennettsbridge, Kilkenny",97,27,790,914,36,27,74,50,91,33,25,240,214
Carlow-Kilkenny,2ae19629-220c-13a3-e055-000000000001,"Boolyglass, Kilkenny",9,6,104,119,7,7,12,9,11,4,3,32,19
Carlow-Kilkenny,2ae19629-220d-13a3-e055-000000000001,"Bramblestown, Kilkenny",41,8,166,215,1,12,12,9,20,6,7,66,33
Carlow-Kilkenny,2ae19629-220e-13a3-e055-000000000001,"Brownsford, Kilkenny",10,4,98,112,5,3,7,8,15,3,3,27,27
Carlow-Kilkenny,2ae19629-23b8-13a3-e055-000000000001,"Burnchurch, Kilkenny",81,8,387,476,6,17,21,26,45,17,13,151,91
Carlow-Kilkenny,2ae19629-23b9-13a3-e055-000000000001,"Callan Rural, Kilkenny",164,89,1233,1486,48,37,86,84,166,79,62,333,338
Carlow-Kilkenny,2ae19629-23ba-13a3-e055-000000000001,"Callan Urban, Kilkenny",131,134,1251,1516,92,59,99,113,194,47,43,280,324
Carlow-Kilkenny,2ae19629-23bb-13a3-e055-000000000001,"Castlebanny, Kilkenny",12,6,106,124,4,5,9,6,19,3,10,33,17
Carlow-Kilkenny,2ae19629-23bf-13a3-e055-000000000001,"Castlecomer, Kilkenny",179,113,1701,1993,107,85,144,141,263,53,69,394,445
Carlow-Kilkenny,2ae19629-23c0-13a3-e055-000000000001,"Castlegannon, Kilkenny",9,6,100,115,5,1,9,5,10,8,4,45,13
Carlow-Kilkenny,2ae19629-23c1-13a3-e055-000000000001,"Clara, Kilkenny",48,23,522,593,18,13,44,40,67,29,29,182,100
Carlow-Kilkenny,2ae19629-23c5-13a3-e055-000000000001,"Clogh, Kilkenny",92,24,961,1077,84,57,114,119,142,43,50,181,171
Carlow-Kilkenny,2ae19629-23c6-13a3-e055-000000000001,"Clogharinka, Kilkenny",20,8,168,196,7,5,21,16,17,9,16,46,31
Tipperary North,2ae19629-23cb-13a3-e055-000000000001,"Clomantagh, Kilkenny",22,9,222,253,15,15,22,17,22,12,9,55,55
Carlow-Kilkenny,2ae19629-23cc-13a3-e055-000000000001,"Coolaghmore, Kilkenny",42,12,300,354,10,8,24,25,49,16,17,68,83
Carlow-Kilkenny,2ae19629-23cd-13a3-e055-000000000001,"Coolcraheen, Kilkenny",50,15,373,438,10,12,25,25,45,16,22,120,98
Carlow-Kilkenny,2ae19629-23d2-13a3-e055-000000000001,"Coolhill, Kilkenny",32,11,188,231,9,12,16,14,29,16,11,54,27
Carlow-Kilkenny,2ae19629-23d3-13a3-e055-000000000001,"Danesfort, Kilkenny",36,12,330,378,12,14,28,25,41,15,23,113,59
Carlow-Kilkenny,2ae19629-23d4-13a3-e055-000000000001,"Dunbell, Kilkenny",31,12,396,439,20,24,30,30,56,17,14,114,91
Carlow-Kilkenny,2ae19629-23d5-13a3-e055-000000000001,"Dunkitt, Kilkenny",87,19,749,855,27,36,73,82,107,23,35,196,170
Carlow-Kilkenny,2ae19629-23d9-13a3-e055-000000000001,"Dunmore, Kilkenny",55,30,447,532,7,17,27,21,50,22,23,183,97
Carlow-Kilkenny,2ae19629-23da-13a3-e055-000000000001,"Dunnamaggan, Kilkenny",42,13,288,343,18,11,36,21,36,14,16,113,23
Carlow-Kilkenny,2ae19629-23db-13a3-e055-000000000001,"Dysartmoon, Kilkenny",17,1,189,207,12,7,21,18,23,7,13,44,44
Carlow-Kilkenny,2ae19629-23df-13a3-e055-000000000001,"Earlstown, Kilkenny",23,9,170,202,2,6,10,9,29,8,8,50,48
Carlow-Kilkenny,2ae19629-23e0-13a3-e055-000000000001,"Ennisnag, Kilkenny",51,12,362,425,8,6,20,23,51,22,19,131,82
Carlow-Kilkenny,2ae19629-23e1-13a3-e055-000000000001,"Famma, Kilkenny",22,9,237,268,9,11,10,14,44,10,13,93,33
Carlow-Kilkenny,2ae19629-23e6-13a3-e055-000000000001,"Farnoge, Kilkenny",32,15,211,258,10,11,20,14,30,7,11,58,50
Carlow-Kilkenny,2ae19629-23e7-13a3-e055-000000000001,"Fiddown, Kilkenny",91,42,708,841,31,34,57,62,90,40,25,191,178
Carlow-Kilkenny,2ae19629-23e8-13a3-e055-000000000001,"Freaghana, Kilkenny",24,7,171,202,8,6,12,12,25,9,12,52,35
Tipperary North,2ae19629-23ec-13a3-e055-000000000001,"Freshford, Kilkenny",66,25,715,806,52,34,73,49,94,30,30,149,204
Tipperary North,2ae19629-23ed-13a3-e055-000000000001,"Galmoy, Kilkenny",30,10,242,282,15,10,19,12,25,15,13,68,65
Tipperary North,2ae19629-23f0-13a3-e055-000000000001,"Glashare, Kilkenny",29,13,214,256,13,8,14,18,32,11,12,56,50
Carlow-Kilkenny,2ae19629-23f1-13a3-e055-000000000001,"Goresbridge, Kilkenny",30,25,399,454,26,13,36,42,52,12,18,82,118
Carlow-Kilkenny,2ae19629-23f2-13a3-e055-000000000001,"Gowran, Kilkenny",153,52,1043,1248,38,36,68,60,127,56,53,279,326
Carlow-Kilkenny,2ae19629-23f6-13a3-e055-000000000001,"Graiguenamanagh, Kilkenny",147,70,1298,1515,96,54,106,109,169,45,50,274,395
Carlow-Kilkenny,2ae19629-23f7-13a3-e055-000000000001,"Grange, Kilkenny",73,16,642,731,14,20,46,46,99,33,18,229,137
Carlow-Kilkenny,2ae19629-23f8-13a3-e055-000000000001,"Inistioge, Kilkenny",62,31,634,727,30,28,58,36,77,21,22,186,176
Carlow-Kilkenny,2ae19629-23fc-13a3-e055-000000000001,"Jerpoint Church, Kilkenny",76,29,638,743,30,28,60,54,93,25,25,164,159
Carlow-Kilkenny,2ae19629-23fd-13a3-e055-000000000001,"Jerpoint West, Kilkenny",50,7,171,228,5,4,7,14,26,11,13,51,40
Tipperary North,2ae19629-23fe-13a3-e055-000000000001,"Johnstown, Kilkenny",72,34,625,731,41,30,63,35,92,24,18,108,214
Carlow-Kilkenny,2ae19629-2402-13a3-e055-000000000001,"Kells, Kilkenny",75,25,444,544,7,11,28,25,59,21,22,164,107
Carlow-Kilkenny,2ae19629-2403-13a3-e055-000000000001,"Kilbeacon, Kilkenny",21,4,129,154,7,6,14,14,12,6,5,37,28
Carlow-Kilkenny,2ae19629-2404-13a3-e055-000000000001,"Kilbride, Kilkenny",51,12,251,314,14,7,28,14,28,12,13,78,57
Carlow-Kilkenny,2ae19629-2408-13a3-e055-000000000001,"Kilcolumb, Kilkenny",56,14,426,496,12,13,31,38,66,20,28,107,111
Carlow-Kilkenny,2ae19629-2409-13a3-e055-000000000001,"Kilculliheen, Kilkenny",429,385,3581,4395,94,105,296,344,523,161,146,1045,867
Carlow-Kilkenny,2ae19629-240a-13a3-e055-000000000001,"Kilfane, Kilkenny",26,11,183,220,7,6,14,18,23,8,9,65,33
Carlow-Kilkenny,2ae19629-240b-13a3-e055-000000000001,"Kilkeasy, Kilkenny",34,15,249,298,7,13,33,13,30,12,18,80,43
Carlow-Kilkenny,2ae19629-240c-13a3-e055-000000000001,"Kilkenny No. 1 Urban, Kilkenny",329,427,3987,4743,189,164,268,253,454,143,127,1139,1250
Carlow-Kilkenny,2ae19629-240d-13a3-e055-000000000001,"Kilkenny No. 2 Urban, Kilkenny",215,308,2937,3460,108,97,199,189,333,98,107,987,819
Carlow-Kilkenny,2ae19629-23b2-13a3-e055-000000000001,"Kilkenny Rural, Kilkenny",1613,1125,11959,14697,369,391,752,758,1575,545,494,4151,2924
Carlow-Kilkenny,2ae19629-23b3-13a3-e055-000000000001,"Kilkieran, Kilkenny",99,20,437,556,10,13,26,31,70,25,25,146,91
Carlow-Kilkenny,2ae19629-23b5-13a3-e055-000000000001,"Killahy, Kilkenny",59,19,503,581,22,19,58,47,52,23,20,134,128
Carlow-Kilkenny,2ae19629-23b6-13a3-e055-000000000001,"Killamery, Kilkenny",21,10,162,193,5,6,18,10,14,3,9,52,45
Carlow-Kilkenny,2ae19629-23b7-13a3-e055-000000000001,"Kilmacar, Kilkenny",46,13,325,384,15,5,20,18,44,24,20,99,80
Carlow-Kilkenny,2ae19629-23bc-13a3-e055-000000000001,"Kilmaganny, Kilkenny",52,19,502,573,30,15,44,35,70,13,19,138,138
Carlow-Kilkenny,2ae19629-23bd-13a3-e055-000000000001,"Kilmakevoge, Kilkenny",41,6,315,362,6,10,26,21,51,13,17,99,72
Carlow-Kilkenny,2ae19629-23be-13a3-e055-000000000001,"Kilmanagh, Kilkenny",49,13,373,435,14,20,40,17,45,17,15,110,95
Carlow-Kilkenny,2ae19629-23c2-13a3-e055-000000000001,"Kiltorcan, Kilkenny",21,6,104,131,3,2,12,7,13,4,5,38,20
Carlow-Kilkenny,2ae19629-23c3-13a3-e055-000000000001,"Knocktopher, Kilkenny",50,19,357,426,14,18,36,28,51,15,14,114,67
Tipperary North,2ae19629-23c4-13a3-e055-000000000001,"Lisdowney, Kilkenny",14,4,179,197,2,8,13,10,21,8,5,62,50
Carlow-Kilkenny,2ae19629-23c7-13a3-e055-000000000001,"Listerlin, Kilkenny",28,10,270,308,8,14,25,24,23,12,12,78,74
Carlow-Kilkenny,2ae19629-23c8-13a3-e055-000000000001,"Mallardstown, Kilkenny",5,10,160,175,6,6,14,7,11,7,13,55,41
Carlow-Kilkenny,2ae19629-23c9-13a3-e055-000000000001,"Moneenroe, Kilkenny",103,36,933,1072,93,50,80,90,131,43,55,212,179
Carlow-Kilkenny,2ae19629-23ca-13a3-e055-000000000001,"Mothell, Kilkenny",47,25,335,407,28,13,27,23,38,18,13,80,95
Carlow-Kilkenny,2ae19629-23ce-13a3-e055-000000000001,"Muckalee, Kilkenny, 097078",23,3,113,139,4,6,13,13,14,9,6,29,19
Carlow-Kilkenny,2ae19629-23cf-13a3-e055-000000000001,"Muckalee, Kilkenny, 097079",53,20,379,452,15,14,29,29,55,16,23,110,88
Carlow-Kilkenny,2ae19629-23d0-13a3-e055-000000000001,"Odagh, Kilkenny",32,13,339,384,12,12,28,27,53,19,22,105,61
Carlow-Kilkenny,2ae19629-23d1-13a3-e055-000000000001,"Outrath, Kilkenny",68,16,550,634,16,26,37,39,70,20,24,178,140
Carlow-Kilkenny,2ae19629-23d6-13a3-e055-000000000001,"Paulstown, Kilkenny",126,32,678,836,22,25,53,46,83,35,36,205,173
Carlow-Kilkenny,2ae19629-23d7-13a3-e055-000000000001,"Pilltown, Kilkenny",189,94,1278,1561,53,58,131,124,164,38,56,323,331
Carlow-Kilkenny,2ae19629-23d8-13a3-e055-000000000001,"Pleberstown, Kilkenny",24,4,130,158,7,6,10,11,17,7,4,46,22
Carlow-Kilkenny,2ae19629-23dc-13a3-e055-000000000001,"Pollrone, Kilkenny",98,66,992,1156,54,47,99,103,139,50,31,205,264
Carlow-Kilkenny,2ae19629-23dd-13a3-e055-000000000001,"Portnascully, Kilkenny",94,39,781,914,26,41,84,80,85,27,30,176,232
Carlow-Kilkenny,2ae19629-23de-13a3-e055-000000000001,"Powerstown, Kilkenny",41,15,361,417,26,24,32,19,52,18,17,94,79
Carlow-Kilkenny,2ae19629-23e2-13a3-e055-000000000001,"Rathbeagh, Kilkenny",32,11,188,231,6,4,21,14,35,10,6,48,44
Carlow-Kilkenny,2ae19629-23e3-13a3-e055-000000000001,"Rathcoole, Kilkenny",56,31,356,443,22,10,25,18,54,13,21,123,70
Tipperary North,2ae19629-23e4-13a3-e055-000000000001,"Rathealy, Kilkenny",20,9,135,164,6,8,7,8,12,8,6,40,40
Carlow-Kilkenny,2ae19629-23e5-13a3-e055-000000000001,"Rathpatrick, Kilkenny",93,40,821,954,22,29,96,83,121,29,29,178,234
Carlow-Kilkenny,2ae19629-23e9-13a3-e055-000000000001,"Rosbercon Rural, Kilkenny",65,52,447,564,17,12,33,38,47,17,16,96,171
Carlow-Kilkenny,2ae19629-23ea-13a3-e055-000000000001,"Rossinan, Kilkenny",84,25,542,651,20,21,57,55,90,21,21,138,119
Carlow-Kilkenny,2ae19629-23eb-13a3-e055-000000000001,"Scotsborough, Kilkenny",14,8,117,139,5,4,5,8,28,5,2,28,32
Carlow-Kilkenny,2ae19629-23ee-13a3-e055-000000000001,"Shanbogh, Kilkenny",46,22,347,415,12,19,33,31,37,19,22,102,72
Carlow-Kilkenny,2ae19629-23ef-13a3-e055-000000000001,"Shankill, Kilkenny",68,28,604,700,21,24,56,25,94,20,30,196,138
Carlow-Kilkenny,2ae19629-23f3-13a3-e055-000000000001,"St. Canice, Kilkenny",63,20,414,497,20,14,21,25,63,18,16,141,96
Carlow-Kilkenny,2ae19629-23f4-13a3-e055-000000000001,"Stonyford, Kilkenny",62,32,502,596,12,12,28,35,69,24,28,163,131
Carlow-Kilkenny,2ae19629-23f5-13a3-e055-000000000001,"Templeorum, Kilkenny",39,15,324,378,15,20,29,31,39,12,17,90,71
Carlow-Kilkenny,2ae19629-23f9-13a3-e055-000000000001,"The Rower, Kilkenny",81,19,569,669,19,15,51,36,69,25,41,180,133
Carlow-Kilkenny,2ae19629-23fa-13a3-e055-000000000001,"Thomastown, Kilkenny",190,121,1544,1855,50,60,109,113,230,76,77,478,351
Carlow-Kilkenny,2ae19629-23fb-13a3-e055-000000000001,"Tiscoffin, Kilkenny",44,17,326,387,18,12,22,20,35,18,9,116,76
Carlow-Kilkenny,2ae19629-23ff-13a3-e055-000000000001,"Tubbrid, Kilkenny",49,12,311,372,14,15,36,21,41,10,21,81,72
Tipperary North,2ae19629-2400-13a3-e055-000000000001,"Tubbridbrittain, Kilkenny",32,8,214,254,15,10,25,18,26,9,7,58,46
Carlow-Kilkenny,2ae19629-2401-13a3-e055-000000000001,"Tullaghanbrogue, Kilkenny",52,16,361,429,6,13,22,20,54,20,21,118,87
Carlow-Kilkenny,2ae19629-2405-13a3-e055-000000000001,"Tullaherin, Kilkenny",19,5,163,187,2,2,11,10,26,13,9,58,32
Carlow-Kilkenny,2ae19629-2406-13a3-e055-000000000001,"Tullahought, Kilkenny",15,5,161,181,2,6,14,10,25,7,6,48,43
Tipperary North,2ae19629-2407-13a3-e055-000000000001,"Tullaroan, Kilkenny",28,11,211,250,6,7,19,10,29,11,8,62,59
Carlow-Kilkenny,2ae19629-240e-13a3-e055-000000000001,"Ullard, Kilkenny",30,19,212,261,7,10,16,11,30,9,6,44,79
Carlow-Kilkenny,2ae19629-240f-13a3-e055-000000000001,"Ullid, Kilkenny",75,31,769,875,41,46,86,55,95,25,39,205,177
Tipperary North,2ae19629-2410-13a3-e055-000000000001,"Urlingford, Kilkenny",108,114,908,1130,64,51,79,68,113,43,33,157,300
Carlow-Kilkenny,2ae19629-2411-13a3-e055-000000000001,"Whitechurch, Kilkenny",40,11,317,368,14,16,27,31,35,15,24,91,64
Carlow-Kilkenny,2ae19629-23b4-13a3-e055-000000000001,"Woolengrange, Kilkenny",35,14,249,298,8,9,22,13,34,13,9,91,50
Laois,2ae19629-16a8-13a3-e055-000000000001,"Abbeyleix, Laois",257,99,2046,2402,101,67,156,165,275,82,80,584,536
Laois,2ae19629-16a9-13a3-e055-000000000001,"Aghmacart, Laois",35,16,236,287,16,11,26,13,24,11,12,69,54
Laois,2ae19629-16aa-13a3-e055-000000000001,"Arderin, Laois",18,16,176,210,12,11,15,20,18,7,7,39,47
Laois,2ae19629-16ab-13a3-e055-000000000001,"Ardough, Laois",22,6,263,291,18,9,32,23,47,10,7,66,51
Laois,2ae19629-16ac-13a3-e055-000000000001,"Arless, Laois",57,15,259,331,9,10,18,21,32,12,6,60,91
Laois,2ae19629-16ad-13a3-e055-000000000001,"Ballickmoyler, Laois",67,39,567,673,22,23,41,45,63,25,19,182,147
Laois,2ae19629-16ae-13a3-e055-000000000001,"Ballinakill, Laois",62,22,573,657,28,23,35,50,77,24,30,140,166
Laois,2ae19629-16a1-13a3-e055-000000000001,"Ballyadams, Laois",60,13,275,348,9,13,15,26,38,15,13,79,67
Laois,2ae19629-16a2-13a3-e055-000000000001,"Ballybrittas, Laois",114,53,1000,1167,25,23,61,74,111,47,55,401,203
Laois,2ae19629-16a3-13a3-e055-000000000001,"Ballybrophy, Laois",22,2,150,174,8,9,9,19,24,8,5,39,29
Laois,2ae19629-16a4-13a3-e055-000000000001,"Ballycarroll, Laois",32,14,261,307,16,8,19,22,43,13,8,70,62
Laois,2ae19629-16a5-13a3-e055-000000000001,"Ballyfin, Laois",62,17,465,544,25,18,33,39,77,17,20,145,91
Laois,2ae19629-16a6-13a3-e055-000000000001,"Ballylehane, Laois",13,7,142,162,11,7,13,14,15,4,8,35,35
Laois,2ae19629-16a7-13a3-e055-000000000001,"Ballylynan, Laois",145,61,969,1175,37,49,103,96,149,54,30,224,227
Laois,2ae19629-16af-13a3-e055-000000000001,"Ballyroan, Laois",108,41,744,893,29,35,43,59,118,41,31,208,180
Laois,2ae19629-16b0-13a3-e055-000000000001,"Barrowhouse, Laois",46,10,350,406,18,9,23,35,58,16,29,88,74
Laois,2ae19629-16b1-13a3-e055-000000000001,"Blandsfort, Laois",25,9,229,263,9,13,15,16,28,14,12,60,62
Laois,2ae19629-16b2-13a3-e055-000000000001,"Borris, Laois",151,170,1019,1340,18,18,59,65,148,51,43,266,351
Laois,2ae19629-16ba-13a3-e055-000000000001,"Borris-In-Ossory, Laois",68,56,651,775,34,21,59,57,91,21,26,157,185
Laois,2ae19629-16bc-13a3-e055-000000000001,"Caher, Laois",7,6,73,86,2,2,3,6,10,3,6,18,23
Laois,60df415c-3e8d-4147-9d5f-2524194c8d6c,"Capard/Brisha, Laois",25,14,222,261,11,8,15,11,36,8,10,68,55
Laois,2ae19629-16be-13a3-e055-000000000001,"Cappalough, Laois",35,12,241,288,15,5,10,22,35,15,10,67,62
Laois,2ae19629-16bf-13a3-e055-000000000001,"Cardtown, Laois",12,3,123,138,10,11,8,12,21,6,4,15,36
Laois,2ae19629-16c0-13a3-e055-000000000001,"Castlecuffe, Laois",37,15,279,331,22,15,27,12,39,16,14,76,58
Laois,2ae19629-16c1-13a3-e055-000000000001,"Castletown, Laois",71,52,518,641,28,25,34,47,65,36,17,127,139
Laois,2ae19629-16c2-13a3-e055-000000000001,"Clash, Laois",35,14,236,285,21,7,17,19,32,12,12,56,60
Laois,2ae19629-16c3-13a3-e055-000000000001,"Clonaslee, Laois",89,39,647,775,44,39,61,56,96,27,22,127,175
Laois,2ae19629-16c4-13a3-e055-000000000001,"Clondarrig, Laois",194,297,1444,1935,20,27,82,87,202,78,74,491,383
Laois,2ae19629-16c5-13a3-e055-000000000001,"Clonin, Laois",15,5,175,195,16,3,11,24,26,9,11,38,37
Laois,2ae19629-16c6-13a3-e055-000000000001,"Clonkeen, Laois",57,30,475,562,20,17,39,56,73,15,22,137,96
Laois,2ae19629-16c7-13a3-e055-000000000001,"Clonmore, Laois",14,5,156,175,12,3,21,5,19,5,9,36,46
Laois,2ae19629-16c8-13a3-e055-000000000001,"Colt, Laois",17,6,140,163,9,7,12,14,30,14,4,26,24
Laois,2ae19629-16c9-13a3-e055-000000000001,"Coolrain, Laois",24,24,219,267,16,8,30,17,27,11,9,56,45
Laois,2ae19629-16ca-13a3-e055-000000000001,"Cuffsborough, Laois",26,12,233,271,13,11,13,18,35,11,14,66,52
Laois,2ae19629-16b3-13a3-e055-000000000001,"Cullahill, Laois",44,11,238,293,21,7,19,12,28,13,12,69,57
Laois,2ae19629-16b4-13a3-e055-000000000001,"Cullenagh, Laois",15,5,98,118,5,1,9,3,14,3,5,33,25
Laois,2ae19629-16b5-13a3-e055-000000000001,"Curraclone, Laois",25,3,182,210,8,11,15,16,29,3,10,55,35
Laois,2ae19629-16b6-13a3-e055-000000000001,"Dangans, Laois",160,131,823,1114,38,47,79,95,134,42,24,157,207
Laois,2ae19629-16b7-13a3-e055-000000000001,"Donaghmore, Laois",22,15,188,225,8,15,16,25,23,9,8,48,36
Laois,2ae19629-16b8-13a3-e055-000000000001,"Donore, Laois",45,9,338,392,25,16,25,28,48,17,15,78,86
Laois,2ae19629-16b9-13a3-e055-000000000001,"Doonane, Laois",59,45,533,637,47,34,73,55,55,27,20,118,104
Laois,2ae19629-16d1-13a3-e055-000000000001,"Dunmore, Laois",33,3,190,226,11,9,14,16,18,6,10,56,50
Laois,2ae19629-16d2-13a3-e055-000000000001,"Durrow, Laois",104,53,932,1089,43,33,58,65,136,32,46,234,285
Laois,2ae19629-16d3-13a3-e055-000000000001,"Dysartgallen, Laois",32,5,182,219,10,8,12,18,26,5,5,59,39
Laois,2ae19629-16d4-13a3-e055-000000000001,"Emo, Laois",131,70,869,1070,48,28,70,69,106,40,34,221,253
Laois,2ae19629-16d5-13a3-e055-000000000001,"Errill, Laois",40,17,282,339,24,9,26,30,59,19,11,63,41
Laois,2ae19629-16d6-13a3-e055-000000000001,"Farnans, Laois",16,12,136,164,6,7,11,14,16,4,9,31,38
Laois,2ae19629-16d7-13a3-e055-000000000001,"Fossy, Laois",15,5,120,140,5,7,9,8,19,6,6,28,32
Laois,2ae19629-16d8-13a3-e055-000000000001,"Garrymore, Laois",39,10,153,202,8,9,12,12,17,7,7,50,31
Laois,2ae19629-16da-13a3-e055-000000000001,"Graigue Rural, Laois",519,345,3205,4069,72,93,212,237,463,153,152,865,958
Laois,2ae19629-16d9-13a3-e055-000000000001,"Graigue, Laois",21,11,182,214,10,8,20,16,20,14,10,42,42
Laois,2ae19629-16db-13a3-e055-000000000001,"Grantstown, Laois",39,11,257,307,10,9,14,20,40,14,20,67,63
Laois,2ae19629-16dc-13a3-e055-000000000001,"Jamestown, Laois",39,12,350,401,16,13,24,34,40,7,21,111,84
Laois,2ae19629-16dd-13a3-e055-000000000001,"Kilcoke, Laois",12,3,108,123,10,7,14,13,15,5,3,33,8
Laois,2ae19629-16de-13a3-e055-000000000001,"Kilcolmanbane, Laois",76,15,423,514,13,17,43,37,61,25,13,122,92
Laois,2ae19629-16df-13a3-e055-000000000001,"Kildellig, Laois",30,12,200,242,6,4,11,13,43,10,9,41,63
Laois,2ae19629-16cb-13a3-e055-000000000001,"Killabban, Laois",30,17,305,352,13,12,17,17,49,23,20,78,76
Laois,2ae19629-16cc-13a3-e055-000000000001,"Killermogh, Laois",26,7,264,297,15,14,30,25,38,15,7,63,57
Laois,2ae19629-16cd-13a3-e055-000000000001,"Kilmullen, Laois",46,11,414,471,14,13,36,38,62,16,17,126,92
Laois,2ae19629-16ce-13a3-e055-000000000001,"Kilmurry, Laois",31,5,199,235,8,9,15,19,34,10,8,71,25
Laois,2ae19629-16cf-13a3-e055-000000000001,"Kilnaseer, Laois",29,9,219,257,15,15,14,11,38,10,7,60,49
Laois,2ae19629-16e0-13a3-e055-000000000001,"Kyle South, Laois",28,5,213,246,22,11,26,12,44,8,6,63,21
Laois,2ae19629-16d0-13a3-e055-000000000001,"Kyle, Laois",17,4,174,195,4,6,13,15,39,10,4,38,45
Laois,2ae19629-16e1-13a3-e055-000000000001,"Lacka, Laois",16,9,219,244,20,11,23,22,33,8,5,50,47
Laois,2ae19629-16e2-13a3-e055-000000000001,"Luggacurren, Laois",32,15,226,273,18,5,16,18,46,6,13,54,50
Laois,2ae19629-16e9-13a3-e055-000000000001,"Marymount, Laois",6,5,96,107,3,7,11,7,15,3,0,34,16
Laois,2ae19629-16ea-13a3-e055-000000000001,"Meelick, Laois",36,22,273,331,17,11,19,22,50,11,11,53,79
Laois,2ae19629-16eb-13a3-e055-000000000001,"Moneenalassa, Laois",14,2,105,121,5,6,9,5,15,7,4,26,28
Laois,2ae19629-16ec-13a3-e055-000000000001,"Moneymore, Laois",10,3,100,113,6,6,12,9,17,3,2,25,20
Laois,2ae19629-16ed-13a3-e055-000000000001,"Mountmellick Rural, Laois",82,28,806,916,43,33,62,74,131,38,26,206,193
Laois,2ae19629-16ee-13a3-e055-000000000001,"Mountmellick Urban, Laois",217,191,2159,2567,150,85,195,219,333,85,72,420,600
Laois,2ae19629-16ef-13a3-e055-000000000001,"Mountrath, Laois",187,174,1705,2066,90,57,139,152,233,68,66,310,590
Laois,2ae19629-16f0-13a3-e055-000000000001,"Moyanna, Laois",34,18,256,308,13,9,14,14,34,20,12,83,57
Laois,2ae19629-16f1-13a3-e055-000000000001,"Nealstown, Laois",9,2,68,79,8,9,3,5,6,1,4,12,20
Laois,2ae19629-16f2-13a3-e055-000000000001,"Newtown, Laois",26,14,228,268,18,11,14,27,30,7,12,48,61
Laois,2ae19629-16f3-13a3-e055-000000000001,"O'moresforest, Laois",44,30,336,410,20,11,25,30,58,11,11,101,69
Laois,2ae19629-16f4-13a3-e055-000000000001,"Portarlington South, Laois",674,547,4708,5929,159,194,382,462,688,206,206,1150,1261
Laois,2ae19629-16f5-13a3-e055-000000000001,"Portlaoighise Rural, Laois",1482,1440,10398,13320,346,293,633,807,1428,443,488,2788,3172
Laois,2ae19629-16f6-13a3-e055-000000000001,"Portlaoighise Urban, Laois",247,391,2534,3172,107,88,165,199,330,129,110,605,801
Laois,2ae19629-16f7-13a3-e055-000000000001,"Raheen, Laois",47,14,309,370,15,16,14,31,56,16,12,87,62
Laois,2ae19629-16f8-13a3-e055-000000000001,"Rathaspick, Laois",21,10,188,219,14,0,27,15,23,11,5,59,34
Laois,2ae19629-16f9-13a3-e055-000000000001,"Rathdowney, Laois",91,68,917,1076,61,43,107,116,158,47,29,159,197
Laois,2ae19629-16e3-13a3-e055-000000000001,"Rathsaran, Laois",37,25,404,466,28,18,30,48,81,27,15,105,52
Laois,2ae19629-16e4-13a3-e055-000000000001,"Rearymore, Laois",24,10,208,242,9,9,24,18,27,4,12,46,59
Laois,2ae19629-16e5-13a3-e055-000000000001,"Rosenallis, Laois",41,17,291,349,14,14,30,21,34,14,20,70,74
Laois,2ae19629-16e6-13a3-e055-000000000001,"Rossmore, Laois",48,15,315,378,14,13,21,16,34,12,17,117,71
Laois,2ae19629-16e7-13a3-e055-000000000001,"Sallyford, Laois",65,11,403,479,20,23,40,30,52,31,18,110,79
Laois,2ae19629-16e8-13a3-e055-000000000001,"Shaen, Laois",78,34,667,779,36,27,54,66,113,39,30,176,126
Laois,2ae19629-16ff-13a3-e055-000000000001,"Shrule, Laois",29,6,210,245,8,17,10,13,24,8,7,57,66
Laois,2ae19629-1700-13a3-e055-000000000001,"Stradbally, Laois",154,95,1345,1594,79,59,140,120,231,50,60,257,349
Laois,2ae19629-1701-13a3-e055-000000000001,"Tankardstown, Laois",51,14,243,308,10,6,20,25,44,12,8,59,59
Laois,2ae19629-1702-13a3-e055-000000000001,"Timahoe, Laois",47,27,420,494,18,13,35,34,71,25,32,116,76
Laois,2ae19629-1703-13a3-e055-000000000001,"Timogue, Laois",30,15,245,290,10,11,19,22,34,8,13,75,53
Laois,2ae19629-1704-13a3-e055-000000000001,"Tinnahinch, Laois",15,2,124,141,7,7,11,8,11,3,5,33,39
Laois,2ae19629-1705-13a3-e055-000000000001,"Trumra, Laois",21,10,180,211,18,7,7,9,25,10,11,50,43
Laois,2ae19629-1706-13a3-e055-000000000001,"Turra, Laois",24,6,270,300,11,8,24,28,30,10,14,72,73
Laois,2ae19629-1707-13a3-e055-000000000001,"Vicarstown, Laois",19,6,140,165,6,6,19,7,18,6,10,35,33
Longford-Westmeath,2ae19629-1804-13a3-e055-000000000001,"Abbeylara, Longford",22,18,241,281,16,8,17,15,31,12,7,62,73
Longford-Westmeath,2ae19629-1805-13a3-e055-000000000001,"Aghaboy, Longford",58,30,456,544,33,18,47,41,58,20,17,105,117
Longford-Westmeath,2ae19629-1806-13a3-e055-000000000001,"Agharra, Longford",53,17,318,388,11,9,30,17,40,10,14,77,110
Longford-Westmeath,2ae19629-1807-13a3-e055-000000000001,"Ardagh East, Longford",47,23,501,571,31,10,25,31,48,33,20,141,162
Longford-Westmeath,2ae19629-1808-13a3-e055-000000000001,"Ardagh West, Longford",52,17,346,415,9,13,27,26,39,14,19,94,105
Longford-Westmeath,2ae19629-1809-13a3-e055-000000000001,"Ballinalee, Longford",44,30,445,519,21,19,34,31,57,18,15,122,128
Longford-Westmeath,2ae19629-180a-13a3-e055-000000000001,"Ballinamuck East, Longford",54,24,400,478,19,19,33,23,57,11,14,102,122
Longford-Westmeath,2ae19629-180b-13a3-e055-000000000001,"Ballinamuck West, Longford",37,22,369,428,23,12,41,27,55,19,14,60,118
Longford-Westmeath,2ae19629-180c-13a3-e055-000000000001,"Ballymahon, Longford",243,269,1873,2385,106,63,117,98,236,69,74,378,732
Longford-Westmeath,2ae19629-180d-13a3-e055-000000000001,"Ballymuigh, Longford",20,19,170,209,20,8,9,13,28,9,6,25,52
Longford-Westmeath,2ae19629-180e-13a3-e055-000000000001,"Breanrisk, Longford",77,31,593,701,24,26,52,61,74,26,28,133,169
Longford-Westmeath,2ae19629-180f-13a3-e055-000000000001,"Bunlahy, Longford",13,7,142,162,7,6,10,8,20,6,8,28,49
Longford-Westmeath,2ae19629-1810-13a3-e055-000000000001,"Caldragh, Longford",215,165,1680,2060,52,40,103,109,241,91,95,510,439
Longford-Westmeath,2ae19629-17ee-13a3-e055-000000000001,"Cashel East, Longford",23,11,198,232,10,11,15,8,30,7,4,45,68
Longford-Westmeath,2ae19629-17ef-13a3-e055-000000000001,"Cashel West, Longford",46,25,448,519,26,16,27,25,67,20,24,127,116
Longford-Westmeath,2ae19629-17f0-13a3-e055-000000000001,"Cloondara, Longford",75,28,495,598,20,17,42,46,70,24,12,112,152
Longford-Westmeath,2ae19629-17f1-13a3-e055-000000000001,"Cloonee, Longford",71,17,522,610,9,16,44,49,66,29,24,141,144
Longford-Westmeath,2ae19629-17f2-13a3-e055-000000000001,"Columbkille, Longford",47,19,424,490,42,19,37,32,59,16,17,88,114
Longford-Westmeath,2ae19629-17f3-13a3-e055-000000000001,"Coolamber, Longford",40,9,254,303,11,9,20,17,36,8,11,74,68
Longford-Westmeath,2ae19629-18dd-13a3-e055-000000000001,"Corboy, Longford",34,11,310,355,15,6,27,19,40,18,10,72,103
Longford-Westmeath,2ae19629-18de-13a3-e055-000000000001,"Creevy, Longford",26,12,234,272,15,5,11,21,41,4,9,68,60
Longford-Westmeath,2ae19629-18df-13a3-e055-000000000001,"Crosagstown, Longford",23,10,183,216,10,8,19,13,29,12,8,42,42
Longford-Westmeath,2ae19629-18e0-13a3-e055-000000000001,"Currygrane, Longford",11,5,99,115,7,3,12,7,20,4,5,25,16
Longford-Westmeath,2ae19629-18ea-13a3-e055-000000000001,"Dalystown, Longford",18,6,125,149,9,2,7,8,20,9,5,24,41
Longford-Westmeath,2ae19629-18eb-13a3-e055-000000000001,"Doory, Longford",36,11,304,351,21,11,30,28,50,13,12,76,63
Longford-Westmeath,2ae19629-18ec-13a3-e055-000000000001,"Drumgort, Longford",44,15,322,381,26,15,38,31,35,11,20,66,80
Longford-Westmeath,2ae19629-18f5-13a3-e055-000000000001,"Drumlish, Longford",110,101,1058,1269,38,36,92,109,157,49,49,239,289
Longford-Westmeath,2ae19629-18f6-13a3-e055-000000000001,"Drummeel, Longford",7,3,93,103,5,4,8,6,14,6,6,20,24
Longford-Westmeath,51c9d4b9-75dd-4621-9ef7-f06ff3f5e11d,"Firry/Newgrove, Longford",14,12,140,166,5,3,11,11,18,7,3,31,51
Longford-Westmeath,2ae19629-1900-13a3-e055-000000000001,"Forgney, Longford",307,39,2082,2428,13,16,29,39,70,27,51,424,1413
Longford-Westmeath,2ae19629-1901-13a3-e055-000000000001,"Foxhall, Longford",37,27,416,480,36,21,44,38,55,11,21,76,114
Longford-Westmeath,2ae19629-1902-13a3-e055-000000000001,"Gelshagh, Longford",37,11,247,295,22,5,19,31,32,10,9,66,53
Longford-Westmeath,2ae19629-1903-13a3-e055-000000000001,"Granard Rural, Longford",30,12,207,249,13,6,16,18,23,10,17,54,50
Longford-Westmeath,2ae19629-1904-13a3-e055-000000000001,"Granard Urban, Longford",100,116,781,997,49,29,46,51,89,27,21,117,352
Longford-Westmeath,2ae19629-190f-13a3-e055-000000000001,"Kilcommock, Longford",96,57,722,875,32,28,61,55,90,43,40,192,181
Longford-Westmeath,2ae19629-1910-13a3-e055-000000000001,"Kilglass, Longford",71,22,519,612,28,26,46,40,67,19,13,118,162
Longford-Westmeath,2ae19629-1911-13a3-e055-000000000001,"Killashee, Longford",42,23,319,384,13,9,20,22,32,9,15,86,113
Longford-Westmeath,2ae19629-1918-13a3-e055-000000000001,"Killoe, Longford",29,8,214,251,6,12,27,10,21,8,7,57,66
Longford-Westmeath,2ae19629-1919-13a3-e055-000000000001,"Knockanbaun, Longford",12,7,115,134,5,4,9,13,13,5,10,28,28
Longford-Westmeath,2ae19629-191a-13a3-e055-000000000001,"Ledwithstown, Longford",31,12,265,308,11,11,23,16,31,9,14,72,78
Longford-Westmeath,2ae19629-191b-13a3-e055-000000000001,"Lislea, Longford",10,3,99,112,7,4,6,9,9,1,3,22,38
Longford-Westmeath,2ae19629-1925-13a3-e055-000000000001,"Longford No. 1 Urban, Longford",269,526,2386,3181,166,101,163,160,250,96,72,318,1060
Longford-Westmeath,2ae19629-1926-13a3-e055-000000000001,"Longford No. 2 Urban, Longford",62,87,747,896,27,16,32,40,90,35,35,252,220
Longford-Westmeath,2ae19629-1927-13a3-e055-000000000001,"Longford Rural, Longford",504,491,3462,4457,198,116,203,200,441,135,133,688,1348
Longford-Westmeath,2ae19629-18f7-13a3-e055-000000000001,"Meathas Truim, Longford",197,243,1496,1936,94,45,86,85,181,46,61,235,663
Longford-Westmeath,2ae19629-1928-13a3-e055-000000000001,"Milltown, Longford",33,16,237,286,10,9,15,19,30,11,10,50,83
Longford-Westmeath,2ae19629-1929-13a3-e055-000000000001,"Moatfarrell, Longford",25,5,141,171,4,7,10,10,23,7,2,35,43
Longford-Westmeath,2ae19629-1931-13a3-e055-000000000001,"Mountdavis, Longford",21,4,168,193,5,1,10,15,23,5,5,51,53
Longford-Westmeath,2ae19629-1932-13a3-e055-000000000001,"Moydow, Longford",70,25,509,604,24,12,47,44,72,34,26,128,122
Longford-Westmeath,2ae19629-1933-13a3-e055-000000000001,"Moyne, Longford",24,7,227,258,16,6,26,23,22,10,6,61,57
Longford-Westmeath,2ae19629-1940-13a3-e055-000000000001,"Mullanalaghta, Longford",21,7,223,251,8,12,15,7,37,9,9,55,71
Longford-Westmeath,2ae19629-1942-13a3-e055-000000000001,"Newtown Forbes, Longford",89,38,686,813,23,16,61,48,102,28,27,148,233
Longford-Westmeath,2ae19629-1943-13a3-e055-000000000001,"Rathcline, Longford",140,85,1126,1351,38,45,81,83,159,50,40,280,350
Longford-Westmeath,2ae19629-194d-13a3-e055-000000000001,"Sonnagh, Longford",20,18,193,231,9,10,24,14,17,7,6,34,72
Louth,2ae19629-194e-13a3-e055-000000000001,"Ardee Rural, Louth",303,105,2034,2442,116,89,212,160,270,101,101,531,454
Louth,2ae19629-194f-13a3-e055-000000000001,"Ardee Urban, Louth",417,357,3553,4327,189,156,304,283,455,137,144,774,1111
Louth,2ae19629-1950-13a3-e055-000000000001,"Ballymascanlan, Louth",202,49,1586,1837,68,61,143,133,194,64,62,483,378
Louth,2ae19629-195c-13a3-e055-000000000001,"Barronstown, Louth",80,27,515,622,34,21,55,39,56,16,33,145,116
Louth,2ae19629-195d-13a3-e055-000000000001,"Carlingford, Louth",168,101,1482,1751,31,48,106,127,182,63,60,436,429
Louth,2ae19629-195e-13a3-e055-000000000001,"Castlebellingham, Louth",112,83,1352,1547,80,86,120,102,151,31,47,336,399
Louth,2ae19629-1968-13a3-e055-000000000001,"Castlering, Louth",98,20,732,850,29,18,64,61,107,30,35,225,163
Louth,21a09083-a130-47d2-8690-23338d5ecf18,"Castletown (North), Louth",356,213,2238,2807,166,113,218,165,267,80,72,359,798
Louth,feb68bba-797f-474c-9db5-429e7a70c68c,"Castletown (South), Louth",69,41,616,726,34,16,44,56,63,24,26,189,164
Louth,2ae19629-1972-13a3-e055-000000000001,"Clogher, Louth",320,137,2174,2631,87,115,191,197,297,97,99,620,471
Louth,2ae19629-1973-13a3-e055-000000000001,"Clonkeen, Louth",59,32,464,555,40,21,48,35,48,22,24,123,103
Louth,2ae19629-197d-13a3-e055-000000000001,"Collon, Louth",174,89,1181,1444,71,61,94,99,172,63,62,338,221
Louth,2ae19629-197e-13a3-e055-000000000001,"Creggan Upper, Louth",70,37,559,666,23,34,64,52,60,20,24,116,166
Louth,2ae19629-18c7-13a3-e055-000000000001,"Darver, Louth",59,26,434,519,22,25,47,21,39,16,23,143,98
Louth,2ae19629-18c9-13a3-e055-000000000001,"Dromin, Louth",68,27,453,548,22,30,44,29,54,18,25,123,108
Louth,2ae19629-18d6-13a3-e055-000000000001,"Dromiskin, Louth",188,98,1574,1860,57,74,157,141,171,63,96,445,370
Louth,2ae19629-18d7-13a3-e055-000000000001,"Drumcar, Louth",138,60,961,1159,51,52,73,65,117,43,35,261,264
Louth,2ae19629-18e1-13a3-e055-000000000001,"Drummullagh, Louth",144,67,997,1208,37,35,101,79,102,28,31,233,351
Louth,2ae19629-1936-13a3-e055-000000000001,"Dundalk No. 1 Urban, Louth",162,180,1683,2025,133,98,129,101,160,40,45,311,666
Louth,2ae19629-1937-13a3-e055-000000000001,"Dundalk No. 2 Urban, Louth",78,117,867,1062,63,41,76,40,60,14,17,136,420
Louth,2ae19629-18e3-13a3-e055-000000000001,"Dundalk No. 3 Urban, Louth",190,137,1175,1502,52,45,70,68,105,40,54,380,361
Louth,2ae19629-1938-13a3-e055-000000000001,"Dundalk No. 4 Urban, Louth",519,406,4497,5422,220,208,399,374,574,210,170,1134,1208
Louth,f0b72184-af6a-4a08-9f38-8033428dfcf7,"Dundalk Rural (North), Louth",587,463,4185,5235,260,200,342,300,464,135,143,865,1476
Louth,f26b950c-de46-4c46-b4be-21b2c886958f,"Dundalk Rural (South), Louth",1560,1100,8385,11045,402,357,673,651,998,374,360,2205,2365
Louth,2ae19629-18e4-13a3-e055-000000000001,"Dunleer, Louth",277,151,2075,2503,153,136,207,161,284,105,91,510,428
Louth,2ae19629-18ed-13a3-e055-000000000001,"Dysart, Louth",115,29,671,815,28,29,43,65,100,26,36,189,155
Louth,2ae19629-18c8-13a3-e055-000000000001,"Fair Gate, Louth",728,920,7529,9177,560,315,546,543,820,274,283,1573,2615
Louth,2ae19629-18ee-13a3-e055-000000000001,"Faughart, Louth",86,35,752,873,41,41,72,58,98,28,22,149,243
Louth,2ae19629-18ef-13a3-e055-000000000001,"Greenore, Louth",128,36,813,977,38,40,91,76,100,36,34,212,186
Louth,2ae19629-18f9-13a3-e055-000000000001,"Haggardstown, Louth",755,418,5910,7083,170,166,333,411,653,240,295,2384,1258
Louth,2ae19629-18fa-13a3-e055-000000000001,"Jenkinstown, Louth",149,25,844,1018,26,39,84,66,120,31,47,249,182
Louth,2ae19629-1905-13a3-e055-000000000001,"Killanny, Louth",90,31,584,705,29,31,48,42,61,19,27,164,163
Louth,2ae19629-1906-13a3-e055-000000000001,"Louth, Louth",147,73,1073,1293,37,46,98,75,116,37,49,298,317
Louth,2ae19629-1907-13a3-e055-000000000001,"Mansfieldstown, Louth",75,45,552,672,34,23,55,39,72,23,24,155,127
Louth,2ae19629-1912-13a3-e055-000000000001,"Monasterboice, Louth",131,33,979,1143,42,42,82,78,106,48,49,316,216
Louth,2ae19629-1913-13a3-e055-000000000001,"Mullary, Louth",242,77,1171,1490,39,46,100,95,144,63,55,372,257
Louth,2ae19629-191c-13a3-e055-000000000001,"Rathcor, Louth",138,38,992,1168,45,39,129,96,114,46,41,237,245
Louth,2ae19629-191d-13a3-e055-000000000001,"Ravensdale, Louth",101,36,738,875,29,40,56,53,79,42,39,219,181
Louth,2ae19629-1935-13a3-e055-000000000001,"St. Lawrence Gate, Louth",297,262,2847,3406,155,139,203,232,351,125,105,754,783
Louth,2ae19629-1939-13a3-e055-000000000001,"St. Mary's (Part), Louth",721,438,4146,5305,153,182,292,367,566,175,179,1166,1066
Louth,2ae19629-192a-13a3-e055-000000000001,"St. Peter's, Louth",1210,824,6320,8354,281,261,486,550,853,301,317,1649,1622
Louth,2ae19629-192b-13a3-e055-000000000001,"Stabannan, Louth",76,17,437,530,24,20,38,31,51,24,25,126,98
Louth,2ae19629-192c-13a3-e055-000000000001,"Tallanstown, Louth",76,49,722,847,56,42,85,65,71,20,31,152,200
Louth,2ae19629-1934-13a3-e055-000000000001,"Termonfeckin, Louth",424,164,2559,3147,132,78,177,230,307,111,150,835,539
Louth,2ae19629-191e-13a3-e055-000000000001,"West Gate, Louth",496,463,4479,5438,426,268,366,388,498,165,160,819,1389
Meath East,2ae19629-1819-13a3-e055-000000000001,"Ardagh, Meath",37,20,477,534,40,29,48,25,55,28,17,101,134
Meath West,2ae19629-181a-13a3-e055-000000000001,"Ardbraccan, Meath",199,94,1549,1842,88,55,142,104,222,72,72,425,369
Meath East,2ae19629-1824-13a3-e055-000000000001,"Ardcath, Meath",145,86,1470,1701,90,65,129,131,198,85,60,336,376
Meath East,2ae19629-1825-13a3-e055-000000000001,"Ardmulchan, Meath",102,44,756,902,30,33,53,63,93,31,26,233,194
Meath West,2ae19629-182f-13a3-e055-000000000001,"Ardnamullan, Meath",62,40,613,715,46,19,55,40,90,23,24,149,167
Meath West,2ae19629-1830-13a3-e055-000000000001,"Baile Átha Buí, An Mhí",207,191,1805,2203,89,68,171,166,247,86,74,436,468
Meath West,2ae19629-1831-13a3-e055-000000000001,"Ballinlough, Meath",28,16,130,174,5,5,15,13,20,10,7,28,27
Meath West,2ae19629-183a-13a3-e055-000000000001,"Ballyboggan, Meath",49,16,401,466,25,16,35,36,45,13,18,79,134
Meath West,2ae19629-183b-13a3-e055-000000000001,"Ballyconnell, Meath",52,21,561,634,30,23,49,46,64,26,32,149,142
Meath West,2ae19629-183c-13a3-e055-000000000001,"Balrathboyne, Meath",46,19,414,479,29,20,47,41,81,23,18,124,31
Meath West,2ae19629-183d-13a3-e055-000000000001,"Bective, Meath",114,46,795,955,20,29,56,60,116,32,33,252,197
Meath West,2ae19629-1847-13a3-e055-000000000001,"Boherboy, Meath",24,6,228,258,13,9,25,15,39,15,7,52,53
Meath West,2ae19629-1848-13a3-e055-000000000001,"Burry, Meath",31,10,195,236,7,6,16,13,37,7,11,47,51
Meath East,2ae19629-1849-13a3-e055-000000000001,"Carrickleck, Meath",33,19,324,376,27,14,31,26,34,17,7,78,90
Meath West,2ae19629-184a-13a3-e055-000000000001,"Castlejordan, Meath",42,15,303,360,20,14,32,26,44,13,13,63,78
Meath West,2ae19629-1852-13a3-e055-000000000001,"Castlekeeran, Meath",44,19,331,394,12,6,29,27,48,14,24,95,76
Meath West,2ae19629-1853-13a3-e055-000000000001,"Castlerickard, Meath",209,91,1363,1663,49,59,111,134,205,72,56,376,301
Meath East,2ae19629-1854-13a3-e055-000000000001,"Castletown, Meath",90,41,691,822,44,31,69,68,98,38,31,164,148
Meath East,2ae19629-18be-13a3-e055-000000000001,"Ceanannas Mór Rural, Meath",387,292,3185,3864,149,157,252,309,481,168,146,809,714
Meath East,2ae19629-18bf-13a3-e055-000000000001,"Ceanannas Mór Urban, Meath",163,167,1490,1820,102,81,137,122,191,53,46,277,481
Meath West,2ae19629-185f-13a3-e055-000000000001,"Cloghbrack, Meath",47,18,376,441,26,25,41,37,48,10,16,86,87
Meath West,2ae19629-1860-13a3-e055-000000000001,"Clonmacduff, Meath",53,16,349,418,19,17,28,27,55,21,16,92,74
Meath West,2ae19629-1861-13a3-e055-000000000001,"Crossakeel, Meath",50,18,376,444,16,12,40,38,44,19,10,107,90
Meath West,2ae19629-186b-13a3-e055-000000000001,"Crosskeys, Meath",30,21,236,287,10,11,20,27,30,16,8,54,60
Meath East,2ae19629-186c-13a3-e055-000000000001,"Cruicetown, Meath",31,14,289,334,13,9,27,21,34,8,16,75,86
Meath East,2ae19629-186d-13a3-e055-000000000001,"Culmullin, Meath",90,63,833,986,20,26,56,54,102,35,35,334,171
Meath East,2ae19629-186e-13a3-e055-000000000001,"Donaghmore, Meath",1062,1114,8519,10695,268,285,561,689,1241,400,435,2771,1869
Meath East,2ae19629-1878-13a3-e055-000000000001,"Domhnach Phádraig, An Mhí",207,75,1290,1572,51,55,121,112,198,47,59,371,276
Meath East,2ae19629-1879-13a3-e055-000000000001,"Drumcondra, Meath",112,56,957,1125,58,53,99,94,109,38,38,219,249
Meath East,2ae19629-1882-13a3-e055-000000000001,"Duleek, Meath",548,364,3816,4728,195,204,329,427,528,155,150,791,1037
Meath East,2ae19629-1883-13a3-e055-000000000001,"Dunboyne, Meath",1099,641,6754,8494,218,197,416,539,912,283,299,2440,1450
Meath East,2ae19629-188f-13a3-e055-000000000001,"Dunshaughlin, Meath",665,475,5454,6594,144,127,289,403,679,233,290,2172,1117
Meath West,2ae19629-1890-13a3-e055-000000000001,"Gallow, Meath",88,33,721,842,30,31,61,66,89,36,39,239,130
Meath West,2ae19629-189c-13a3-e055-000000000001,"Galtrim, Meath",81,30,507,618,23,20,32,43,68,26,30,172,93
Meath West,2ae19629-189d-13a3-e055-000000000001,"Girley, Meath",40,16,292,348,14,14,23,23,48,9,12,70,79
Meath East,2ae19629-18a6-13a3-e055-000000000001,"Grangegeeth, Meath",59,21,466,546,34,21,46,38,59,16,21,123,108
Meath West,2ae19629-18a7-13a3-e055-000000000001,"Grennanstown, Meath",108,47,858,1013,39,33,68,82,107,47,41,229,212
Meath West,2ae19629-18b2-13a3-e055-000000000001,"Hill Of Down, Meath",39,16,394,449,26,15,20,40,52,14,15,97,115
Meath West,2ae19629-18b3-13a3-e055-000000000001,"Innfield, Meath",439,224,2935,3598,119,107,179,220,387,148,162,939,674
Meath East,2ae19629-18bd-13a3-e055-000000000001,"Julianstown, Meath",1124,704,7105,8933,287,257,506,573,984,351,308,2126,1713
Meath East,2ae19629-1811-13a3-e055-000000000001,"Kentstown, Meath",222,96,1431,1749,85,46,113,147,219,56,69,363,333
Meath East,2ae19629-1812-13a3-e055-000000000001,"Kilbrew, Meath",283,309,2373,2965,62,70,132,195,346,126,125,752,565
Meath West,2ae19629-1813-13a3-e055-000000000001,"Cill Bhríde, An Mhí",57,18,353,428,11,11,27,26,46,20,22,133,57
Meath West,2ae19629-1832-13a3-e055-000000000001,"Kilcooly, Meath",43,10,263,316,6,7,27,24,32,13,14,76,64
Meath West,2ae19629-1833-13a3-e055-000000000001,"Kildalkey, Meath",134,54,843,1031,36,32,65,78,124,26,28,234,220
Meath West,2ae19629-1834-13a3-e055-000000000001,"Killaconnigan, Meath",172,117,1444,1733,52,62,144,181,227,75,60,272,371
Meath West,2ae19629-183e-13a3-e055-000000000001,"Killallon, Meath",25,10,218,253,9,9,21,10,36,9,11,59,54
Meath East,2ae19629-183f-13a3-e055-000000000001,"Killary, Meath",88,49,885,1022,76,43,97,70,110,45,29,218,197
Meath West,2ae19629-184b-13a3-e055-000000000001,"Killeagh, Meath",35,14,287,336,18,10,22,20,39,6,15,73,84
Meath East,2ae19629-184c-13a3-e055-000000000001,"Killeen, Meath",100,45,857,1002,28,36,62,63,107,31,41,297,192
Meath West,2ae19629-1855-13a3-e055-000000000001,"Killyon, Meath",57,16,407,480,18,20,35,46,58,15,24,95,96
Meath East,2ae19629-1856-13a3-e055-000000000001,"Kilmainham, Meath",63,25,580,668,35,30,67,56,68,13,24,114,173
Meath West,2ae19629-1862-13a3-e055-000000000001,"Kilmessan, Meath",140,94,1186,1420,36,34,74,95,147,55,60,400,285
Meath East,2ae19629-1863-13a3-e055-000000000001,"Kilmore, Meath",151,85,1207,1443,70,57,87,104,157,58,65,421,188
Meath West,2ae19629-186f-13a3-e055-000000000001,"Kilskeer, Meath",50,15,293,358,14,8,32,26,43,25,11,83,51
Meath West,2ae19629-1870-13a3-e055-000000000001,"Knocklough, Meath",20,14,139,173,7,7,10,17,13,9,8,41,27
Meath West,2ae19629-1871-13a3-e055-000000000001,"Laracor, Meath",60,27,442,529,19,16,22,43,64,17,29,126,106
Meath West,2ae19629-187a-13a3-e055-000000000001,"Loughan, Meath",44,25,313,382,20,7,21,28,50,17,15,85,70
Meath East,2ae19629-187b-13a3-e055-000000000001,"Maperath, Meath",35,19,359,413,25,12,36,26,52,18,20,123,47
Meath West,2ae19629-187c-13a3-e055-000000000001,"Martry, Meath",67,23,511,601,36,23,62,65,90,25,20,155,35
Meath East,2ae19629-1884-13a3-e055-000000000001,"Mellifont, Meath",52,20,408,480,30,18,30,26,54,25,27,120,78
Meath East,2ae19629-1885-13a3-e055-000000000001,"Moybolgue, Meath",26,11,179,216,5,6,13,19,26,11,8,46,45
Meath West,2ae19629-1886-13a3-e055-000000000001,"Moylagh, Meath",24,18,307,349,21,15,26,18,46,14,8,80,79
Meath East,2ae19629-1891-13a3-e055-000000000001,"Moynalty, Meath",53,24,442,519,30,15,44,22,49,26,24,117,115
Meath West,2ae19629-1892-13a3-e055-000000000001,"Navan Rural, Meath",2995,2594,18756,24345,701,668,1329,1612,2818,907,912,5247,4562
Meath West,2ae19629-1893-13a3-e055-000000000001,"Navan Urban, Meath",182,464,2479,3125,156,107,172,175,345,110,109,560,745
Meath East,2ae19629-1894-13a3-e055-000000000001,"Newcastle, Meath",30,23,302,355,25,7,21,31,41,16,13,62,86
Meath East,2ae19629-189e-13a3-e055-000000000001,"Newtown, Meath",82,57,620,759,22,31,56,65,86,27,32,164,137
Meath East,2ae19629-189f-13a3-e055-000000000001,"Nobber, Meath",63,52,517,632,29,42,52,31,72,26,13,108,144
Meath West,2ae19629-18a8-13a3-e055-000000000001,"Oldcastle, Meath",186,165,1539,1890,95,77,124,139,235,66,79,350,374
Meath East,2ae19629-18a9-13a3-e055-000000000001,"Painestown, Meath",109,44,874,1027,52,31,79,89,107,36,43,240,197
Meath East,2ae19629-18aa-13a3-e055-000000000001,"Posseckstown, Meath",17,7,139,163,5,6,7,7,28,9,8,23,46
Meath West,2ae19629-18b4-13a3-e055-000000000001,"Rahinstown, Meath",42,21,357,420,22,17,34,21,53,19,16,99,76
Meath East,2ae19629-18b5-13a3-e055-000000000001,"Rathfeigh, Meath",96,40,743,879,32,35,62,42,76,28,48,258,162
Meath East,2ae19629-18b6-13a3-e055-000000000001,"Rathkenny, Meath",45,23,465,533,20,26,50,37,64,22,25,118,103
Meath West,2ae19629-18c1-13a3-e055-000000000001,"Rathmolyon, Meath",142,61,1074,1277,66,59,87,99,149,46,46,286,236
Meath West,2ae19629-18c0-13a3-e055-000000000001,"An Ráth Mhór, An Mhí",106,30,703,839,35,37,55,59,85,32,34,227,139
Meath East,2ae19629-1814-13a3-e055-000000000001,"Ratoath, Meath",1407,547,7178,9132,175,201,428,598,1047,346,403,2419,1561
Meath East,2ae19629-1815-13a3-e055-000000000001,"Rodanstown, Meath",131,85,1202,1418,40,34,62,66,161,27,60,536,216
Meath East,2ae19629-181b-13a3-e055-000000000001,"Skreen, Meath",145,54,1138,1337,36,35,71,86,147,54,46,404,259
Meath East,2ae19629-181c-13a3-e055-000000000001,"Slane, Meath",151,97,1285,1533,94,68,114,112,183,66,60,325,263
Louth,2ae19629-1826-13a3-e055-000000000001,"St. Mary's, Meath",1385,1100,9753,12238,274,269,591,767,1310,480,461,3489,2112
Meath East,2ae19629-1827-13a3-e055-000000000001,"Stackallan, Meath",65,27,517,609,29,24,40,47,82,17,33,166,79
Meath East,2ae19629-1828-13a3-e055-000000000001,"Staholmog, Meath",33,17,282,332,9,15,30,33,38,11,16,63,67
Meath East,2ae19629-1829-13a3-e055-000000000001,"Stamullin, Meath",527,281,3314,4122,112,123,249,304,457,158,150,948,813
Meath West,2ae19629-181d-13a3-e055-000000000001,"Stonefield, Meath",24,15,161,200,5,2,12,7,23,8,8,56,40
Meath West,2ae19629-181e-13a3-e055-000000000001,"Summerhill, Meath",120,84,953,1157,45,39,89,108,123,48,32,266,203
Meath East,2ae19629-181f-13a3-e055-000000000001,"Tara, Meath",99,62,977,1138,31,21,60,63,109,31,44,349,269
Meath West,2ae19629-182a-13a3-e055-000000000001,"Tailtin, An Mhí",80,31,670,781,35,25,59,58,86,28,32,188,159
Meath West,2ae19629-182b-13a3-e055-000000000001,"Trim Rural, Meath",784,523,5858,7165,302,229,464,520,829,270,256,1759,1229
Meath West,2ae19629-182c-13a3-e055-000000000001,"Trim Urban, Meath",79,109,993,1181,66,32,81,77,138,46,39,226,288
Meath East,2ae19629-1835-13a3-e055-000000000001,"Trohanny, Meath",26,10,242,278,15,19,24,35,39,7,8,48,47
Offaly,2ae19629-1ada-13a3-e055-000000000001,"Aghancon, Offaly",14,9,288,311,33,23,36,27,41,13,8,72,35
Offaly,2ae19629-1adc-13a3-e055-000000000001,"Ballincor, Offaly",17,1,137,155,12,5,14,7,23,6,8,28,34
Offaly,2ae19629-1add-13a3-e055-000000000001,"Ballyburly, Offaly",119,65,936,1120,43,66,100,97,133,33,49,168,247
Offaly,2ae19629-1ae8-13a3-e055-000000000001,"Ballycommon, Offaly",46,26,433,505,18,21,37,44,56,20,19,111,107
Offaly,2ae19629-1ae9-13a3-e055-000000000001,"Ballycumber, Offaly",58,35,499,592,31,19,57,42,61,12,13,124,140
Offaly,2ae19629-1aea-13a3-e055-000000000001,"Ballymacwilliam, Offaly",71,20,441,532,23,25,42,43,65,19,18,102,104
Offaly,2ae19629-1aeb-13a3-e055-000000000001,"Ballyshear, Offaly",31,6,279,316,24,18,27,27,39,13,9,61,61
Offaly,2ae19629-1af5-13a3-e055-000000000001,"Banagher, Offaly",183,123,1523,1829,80,52,123,122,232,65,64,292,493
Offaly,2ae19629-1af6-13a3-e055-000000000001,"Barna, Offaly",16,4,116,136,6,5,11,9,13,4,8,30,30
Offaly,2ae19629-1af7-13a3-e055-000000000001,"Bawn, Offaly",41,16,236,293,19,5,19,17,43,10,11,45,67
Offaly,2ae19629-1a3f-13a3-e055-000000000001,"Birr Rural, Offaly",94,71,882,1047,42,33,66,90,130,28,38,210,245
Offaly,2ae19629-1a40-13a3-e055-000000000001,"Birr Urban, Offaly",350,378,3103,3831,153,100,236,271,456,138,135,704,910
Offaly,2ae19629-1a41-13a3-e055-000000000001,"Bracknagh, Offaly",106,57,752,915,63,36,64,79,100,34,17,153,206
Offaly,2ae19629-1a42-13a3-e055-000000000001,"Broughal, Offaly",10,9,78,97,5,4,8,7,11,3,3,22,15
Offaly,2ae19629-1a4e-13a3-e055-000000000001,"Cangort, Offaly",18,6,133,157,16,4,9,7,16,10,3,41,27
Offaly,2ae19629-1a4f-13a3-e055-000000000001,"Cappancur, Offaly",159,66,1092,1317,37,36,74,84,148,45,47,328,293
Offaly,2ae19629-1a50-13a3-e055-000000000001,"Clara, Offaly",317,211,2838,3366,198,188,253,245,368,114,101,546,825
Offaly,2ae19629-1a51-13a3-e055-000000000001,"Cloghan, Offaly",67,35,723,825,32,27,66,61,130,36,22,157,192
Offaly,2ae19629-1a5c-13a3-e055-000000000001,"Clonbulloge, Offaly",68,28,563,659,27,24,57,60,63,20,16,88,208
Offaly,2ae19629-1a5d-13a3-e055-000000000001,"Clonmacnoise, Offaly",28,8,237,273,16,11,20,17,26,10,12,62,63
Offaly,2ae19629-1a5e-13a3-e055-000000000001,"Clonmore, Offaly",37,19,331,387,12,14,23,30,45,15,10,83,99
Offaly,2ae19629-1a5f-13a3-e055-000000000001,"Clonygowan, Offaly",69,29,448,546,22,24,39,46,71,21,15,122,88
Offaly,2ae19629-1a68-13a3-e055-000000000001,"Croghan, Offaly",54,21,385,460,34,27,35,31,43,15,13,81,106
Offaly,2ae19629-1a69-13a3-e055-000000000001,"Cullenwaine, Offaly",44,31,534,609,25,18,40,34,74,25,30,129,159
Offaly,2ae19629-1a6a-13a3-e055-000000000001,"Daingean, Offaly",108,105,1028,1241,66,46,98,115,169,46,36,175,277
Offaly,2ae19629-1a73-13a3-e055-000000000001,"Derrinboy, Offaly",23,11,227,261,20,9,23,12,25,13,6,75,44
Offaly,2ae19629-1a74-13a3-e055-000000000001,"Derryad, Offaly",24,7,193,224,8,6,14,15,29,11,5,54,51
Offaly,2ae19629-1a75-13a3-e055-000000000001,"Derrycooly, Offaly",23,14,200,237,8,6,14,18,28,6,4,46,70
Offaly,2ae19629-1a76-13a3-e055-000000000001,"Doon, Offaly",36,8,372,416,19,15,38,22,54,13,17,121,73
Offaly,2ae19629-1a81-13a3-e055-000000000001,"Dromoyle, Offaly",37,10,222,269,9,10,21,13,38,11,9,62,49
Offaly,2ae19629-1a82-13a3-e055-000000000001,"Drumcullen, Offaly",38,14,274,326,21,7,16,21,29,14,13,78,75
Offaly,2ae19629-1a83-13a3-e055-000000000001,"Dunkerrin, Offaly",37,16,258,311,21,16,15,16,47,11,11,71,50
Offaly,2ae19629-1a8e-13a3-e055-000000000001,"Durrow, Offaly",81,30,517,628,16,15,36,30,75,24,32,171,118
Offaly,2ae19629-1a8f-13a3-e055-000000000001,"Edenderry Rural, Offaly",94,25,616,735,34,29,46,57,76,22,20,143,189
Offaly,2ae19629-1a90-13a3-e055-000000000001,"Edenderry Urban, Offaly",649,629,4641,5919,336,235,439,523,696,224,201,745,1242
Offaly,2ae19629-1a91-13a3-e055-000000000001,"Eglish, Offaly",8,2,119,129,5,7,10,9,10,9,3,31,35
Offaly,67112637-b544-4b5c-b9fa-02e36d6f26b7,"Esker/Ballaghassaan, Offaly",39,8,343,390,22,18,42,33,31,13,3,79,102
Offaly,2ae19629-1a9a-13a3-e055-000000000001,"Ettagh, Offaly",44,14,350,408,20,15,38,25,60,20,23,104,45
Offaly,2ae19629-1a9b-13a3-e055-000000000001,"Ferbane, Offaly",96,52,892,1040,34,36,73,62,127,35,39,183,303
Offaly,2ae19629-1aa4-13a3-e055-000000000001,"Gallen, Offaly",49,32,422,503,21,21,36,40,31,22,9,68,174
Offaly,2ae19629-1aa5-13a3-e055-000000000001,"Geashill, Offaly",154,51,1103,1308,47,44,109,91,163,59,49,274,267
Offaly,2ae19629-1aa6-13a3-e055-000000000001,"Gorteen, Offaly, 187043",24,4,207,235,21,15,14,17,45,9,9,55,22
Offaly,2ae19629-1aae-13a3-e055-000000000001,"Gorteen, Offaly, 187044",36,14,241,291,6,8,25,12,36,13,12,73,56
Offaly,2ae19629-1aaf-13a3-e055-000000000001,"Hammerlane, Offaly",49,24,404,477,23,20,44,34,64,22,17,84,96
Offaly,2ae19629-1ab0-13a3-e055-000000000001,"Hinds, Offaly",16,7,270,293,22,5,24,20,29,12,12,78,68
Offaly,2ae19629-1ab1-13a3-e055-000000000001,"Huntston, Offaly",36,10,260,306,15,9,11,23,39,14,13,70,66
Offaly,2ae19629-1ab9-13a3-e055-000000000001,"Kilclonfert, Offaly",40,15,266,321,10,13,25,16,43,16,17,66,60
Offaly,2ae19629-1aba-13a3-e055-000000000001,"Kilcolman, Offaly",32,10,276,318,8,9,25,29,45,13,9,70,68
Offaly,2ae19629-1abb-13a3-e055-000000000001,"Kilcormac, Offaly",94,70,999,1163,73,36,95,110,125,42,39,201,278
Offaly,2ae19629-1ac6-13a3-e055-000000000001,"Kilcumreragh, Offaly",45,20,361,426,16,8,23,27,38,17,17,112,103
Offaly,2ae19629-1ac7-13a3-e055-000000000001,"Killeigh, Offaly",130,52,876,1058,38,38,83,78,124,38,40,225,212
Offaly,2ae19629-1ac8-13a3-e055-000000000001,"Killooly, Offaly",26,3,187,216,17,9,19,17,31,12,9,55,18
Offaly,2ae19629-1ad1-13a3-e055-000000000001,"Killoughy, Offaly",54,23,521,598,18,28,34,37,83,24,18,129,150
Offaly,2ae19629-1ad2-13a3-e055-000000000001,"Killyon, Offaly",18,9,192,219,21,7,10,9,22,15,12,53,43
Offaly,2ae19629-1ad3-13a3-e055-000000000001,"Kinnitty, Offaly",37,24,394,455,19,16,38,26,39,18,19,111,108
Offaly,2ae19629-1ad4-13a3-e055-000000000001,"Knockbarron, Offaly",20,3,133,156,12,9,9,18,17,7,3,33,25
Offaly,2ae19629-1ade-13a3-e055-000000000001,"Knockdrin, Offaly",27,7,121,155,3,7,11,15,11,3,4,26,41
Offaly,2ae19629-1adf-13a3-e055-000000000001,"Lea, Offaly",31,8,255,294,17,9,20,17,38,13,10,36,95
Offaly,2ae19629-1ae0-13a3-e055-000000000001,"Letter, Offaly",16,6,106,128,11,9,7,4,15,5,4,29,22
Offaly,2ae19629-1ae1-13a3-e055-000000000001,"Lumcloon, Offaly",25,23,258,306,13,7,22,21,42,9,9,54,81
Offaly,2ae19629-1aec-13a3-e055-000000000001,"Lusmagh, Offaly",45,19,384,448,14,16,27,21,57,17,19,105,108
Offaly,2ae19629-1aed-13a3-e055-000000000001,"Monasteroris, Offaly",102,21,621,744,24,28,54,59,97,32,18,154,155
Offaly,2ae19629-1aee-13a3-e055-000000000001,"Mountbriscoe, Offaly",24,15,172,211,11,15,10,16,33,3,4,31,49
Offaly,2ae19629-1af8-13a3-e055-000000000001,"Mounterin, Offaly",22,7,186,215,10,8,8,11,34,7,8,54,46
Offaly,2ae19629-1af9-13a3-e055-000000000001,"Mountheaton, Offaly",161,13,350,524,23,18,23,25,43,12,19,93,94
Offaly,2ae19629-1afa-13a3-e055-000000000001,"Moyclare, Offaly",49,15,442,506,15,12,46,51,50,22,22,97,127
Offaly,2ae19629-1afb-13a3-e055-000000000001,"O'dempsey, Offaly",19,10,94,123,6,2,5,9,14,5,4,23,26
Offaly,2ae19629-1a43-13a3-e055-000000000001,"Portarlington North, Offaly",207,155,1672,2034,69,73,141,173,236,73,56,328,523
Offaly,2ae19629-1a44-13a3-e055-000000000001,"Rahan, Offaly",67,30,493,590,23,15,38,52,81,15,18,125,126
Offaly,2ae19629-1a45-13a3-e055-000000000001,"Raheenakeeran, Offaly",26,14,300,340,25,20,29,34,37,9,7,47,92
Offaly,2ae19629-1a46-13a3-e055-000000000001,"Rathfeston, Offaly",44,21,307,372,17,6,35,37,45,17,11,73,66
Offaly,2ae19629-1a52-13a3-e055-000000000001,"Rathrobin, Offaly",49,20,294,363,14,16,28,27,40,17,13,76,63
Offaly,2ae19629-1a53-13a3-e055-000000000001,"Roscomroe, Offaly",27,9,95,131,7,7,6,9,18,5,3,25,15
Offaly,2ae19629-1a54-13a3-e055-000000000001,"Screggan, Offaly",146,61,995,1202,23,32,80,94,134,36,43,291,262
Offaly,2ae19629-1a60-13a3-e055-000000000001,"Seirkieran, Offaly",33,15,359,407,20,13,29,31,52,23,16,103,72
Offaly,2ae19629-1a61-13a3-e055-000000000001,"Shannonbridge, Offaly",13,9,209,231,8,9,21,14,28,18,5,46,60
Offaly,2ae19629-1a62-13a3-e055-000000000001,"Shannonharbour, Offaly",38,9,255,302,8,8,19,30,26,16,14,65,69
Offaly,2ae19629-1a6b-13a3-e055-000000000001,"Shinrone, Offaly",76,48,716,840,35,24,67,63,101,37,18,124,247
Offaly,2ae19629-1a6c-13a3-e055-000000000001,"Silverbrook, Offaly",80,32,528,640,15,8,34,32,71,27,29,187,125
Offaly,2ae19629-1a6d-13a3-e055-000000000001,"Srah, Offaly",46,33,500,579,51,38,46,45,62,13,15,79,151
Offaly,2ae19629-1a77-13a3-e055-000000000001,"Templeharry, Offaly",16,9,145,170,14,6,11,11,9,6,9,43,36
Offaly,2ae19629-1a78-13a3-e055-000000000001,"Tinamuck, Offaly",33,6,197,236,10,5,20,15,32,7,6,51,51
Offaly,2ae19629-1a79-13a3-e055-000000000001,"Tinnycross, Offaly",45,15,307,367,10,15,30,33,34,11,18,93,63
Offaly,2ae19629-1a7a-13a3-e055-000000000001,"Tulla, Offaly",13,1,74,88,6,5,4,5,13,3,10,17,11
Offaly,2ae19629-1a84-13a3-e055-000000000001,"Tullamore Rural, Offaly",276,314,2056,2646,61,39,106,106,275,96,107,785,481
Offaly,2ae19629-1a85-13a3-e055-000000000001,"Tullamore Urban, Offaly",839,991,7806,9636,333,283,556,603,952,320,292,1891,2576
Longford-Westmeath,2ae19629-1bc1-13a3-e055-000000000001,"Ardnaglew, Westmeath",37,9,207,253,5,12,20,19,23,6,12,77,33
Longford-Westmeath,2ae19629-1bca-13a3-e055-000000000001,"Ardnagragh, Westmeath",40,23,329,392,18,13,28,27,47,10,13,83,90
Longford-Westmeath,2ae19629-1bcc-13a3-e055-000000000001,"Athlone East Rural, Westmeath",872,647,4887,6406,173,127,280,287,574,162,175,1549,1560
Longford-Westmeath,2ae19629-1bcb-13a3-e055-000000000001,"Athlone East Urban, Westmeath",321,439,3265,4025,153,89,177,216,323,84,96,945,1182
Longford-Westmeath,2ae19629-1bcd-13a3-e055-000000000001,"Athlone West Urban, Westmeath",206,256,2387,2849,149,111,173,180,249,73,76,552,824
Longford-Westmeath,2ae19629-1bce-13a3-e055-000000000001,"Auburn, Westmeath",73,29,534,636,27,15,31,46,70,19,19,191,116
Longford-Westmeath,2ae19629-1bda-13a3-e055-000000000001,"Ballinalack, Westmeath",97,9,280,386,14,11,17,19,45,14,14,86,60
Longford-Westmeath,2ae19629-1bdb-13a3-e055-000000000001,"Ballinlough, Westmeath",14,9,127,150,4,4,9,5,17,11,6,37,34
Longford-Westmeath,2ae19629-1aff-13a3-e055-000000000001,"Ballybroder, Westmeath",26,11,159,196,12,10,11,12,24,16,8,42,24
Longford-Westmeath,2ae19629-1b00-13a3-e055-000000000001,"Ballyhealy, Westmeath",30,17,230,277,11,17,14,29,35,10,3,32,79
Longford-Westmeath,2ae19629-1b01-13a3-e055-000000000001,"Ballykilmore, Westmeath",64,38,513,615,30,14,48,47,57,15,27,135,140
Longford-Westmeath,2ae19629-1b02-13a3-e055-000000000001,"Ballymore, Westmeath",48,35,473,556,32,18,42,40,83,20,18,107,113
Longford-Westmeath,2ae19629-1bdc-13a3-e055-000000000001,"Ballymorin, Westmeath",30,9,264,303,15,5,11,17,19,13,10,103,71
Longford-Westmeath,2ae19629-1b24-13a3-e055-000000000001,"Ballynagore, Westmeath",40,23,375,438,14,20,23,20,56,17,14,98,113
Longford-Westmeath,2ae19629-1b25-13a3-e055-000000000001,"Ballynaskeagh, Westmeath",42,11,194,247,14,4,17,23,25,6,9,47,49
Longford-Westmeath,2ae19629-1b26-13a3-e055-000000000001,"Bellanalack, Westmeath",52,14,400,466,14,11,38,33,61,12,24,122,85
Longford-Westmeath,2ae19629-1b27-13a3-e055-000000000001,"Belvidere, Westmeath",48,25,604,677,20,25,41,53,68,17,27,217,136
Longford-Westmeath,2ae19629-1b31-13a3-e055-000000000001,"Boherquill, Westmeath",25,1,111,137,4,3,9,6,16,9,8,28,28
Longford-Westmeath,2ae19629-1b32-13a3-e055-000000000001,"Bracklin, Westmeath",21,14,189,224,11,10,10,19,29,7,9,45,49
Longford-Westmeath,2ae19629-1b33-13a3-e055-000000000001,"Carn, Westmeath",74,20,573,667,25,13,45,43,108,27,23,162,127
Longford-Westmeath,2ae19629-1b34-13a3-e055-000000000001,"Carrick, Westmeath",29,5,251,285,11,14,25,19,32,10,10,73,57
Longford-Westmeath,2ae19629-1b40-13a3-e055-000000000001,"Castle, Westmeath",80,50,751,881,27,10,29,41,91,29,37,306,181
Longford-Westmeath,2ae19629-1b41-13a3-e055-000000000001,"Castledaly, Westmeath",66,19,516,601,28,15,37,35,60,22,16,158,145
Longford-Westmeath,2ae19629-1b42-13a3-e055-000000000001,"Castlelost, Westmeath",162,88,1130,1380,61,60,106,108,172,43,43,215,322
Longford-Westmeath,2ae19629-1b4c-13a3-e055-000000000001,"Castletown, Westmeath",72,24,554,650,35,15,42,36,73,24,26,161,142
Longford-Westmeath,2ae19629-1b4d-13a3-e055-000000000001,"Churchtown, Westmeath",46,13,217,276,13,8,19,14,36,13,8,60,46
Longford-Westmeath,2ae19629-1b57-13a3-e055-000000000001,"Cloghan, Westmeath",39,8,253,300,6,17,22,35,41,9,9,65,49
Longford-Westmeath,2ae19629-1b58-13a3-e055-000000000001,"Clonarney, Westmeath",38,27,347,412,23,22,28,43,49,14,14,72,82
Longford-Westmeath,2ae19629-1b59-13a3-e055-000000000001,"Clonfad, Westmeath",64,22,504,590,21,18,37,41,49,21,20,128,169
Longford-Westmeath,2ae19629-1b64-13a3-e055-000000000001,"Clonlost, Westmeath",40,19,332,391,8,16,32,33,51,20,7,68,97
Longford-Westmeath,2ae19629-1b65-13a3-e055-000000000001,"Collinstown, Westmeath",37,27,399,463,12,14,30,23,57,15,13,124,111
Longford-Westmeath,2ae19629-1b66-13a3-e055-000000000001,"Coole, Westmeath",19,4,189,212,9,4,29,21,20,6,7,39,54
Longford-Westmeath,2ae19629-1b67-13a3-e055-000000000001,"Coolure, Westmeath",14,14,244,272,7,11,18,21,37,8,13,58,71
Longford-Westmeath,2ae19629-1b71-13a3-e055-000000000001,"Copperalley, Westmeath",12,9,196,217,12,7,16,20,30,5,11,42,53
Longford-Westmeath,2ae19629-1b72-13a3-e055-000000000001,"Delvin, Westmeath",109,69,702,880,38,33,49,77,101,37,20,165,182
Longford-Westmeath,2ae19629-1b73-13a3-e055-000000000001,"Derrymore, Westmeath",31,13,168,212,7,6,11,14,25,7,5,54,39
Longford-Westmeath,2ae19629-1b74-13a3-e055-000000000001,"Doonis, Westmeath",35,5,173,213,5,8,6,15,17,10,8,68,36
Longford-Westmeath,2ae19629-1b83-13a3-e055-000000000001,"Drumraney, Westmeath",24,9,183,216,10,9,9,8,31,7,9,54,46
Longford-Westmeath,2ae19629-1b84-13a3-e055-000000000001,"Dysart, Westmeath",34,11,189,234,8,8,13,15,28,8,12,48,49
Longford-Westmeath,2ae19629-1b85-13a3-e055-000000000001,"Emper, Westmeath",12,8,153,173,10,5,9,10,21,4,5,45,44
Longford-Westmeath,2ae19629-1b86-13a3-e055-000000000001,"Enniscoffey, Westmeath",46,8,290,344,10,12,20,22,36,14,8,95,73
Longford-Westmeath,2ae19629-1b97-13a3-e055-000000000001,"Faughalstown, Westmeath",23,13,200,236,5,6,15,26,31,7,9,46,55
Longford-Westmeath,2ae19629-1b98-13a3-e055-000000000001,"Finnea, Westmeath",17,12,186,215,18,8,18,6,26,5,11,38,56
Longford-Westmeath,2ae19629-1b99-13a3-e055-000000000001,"Fore East, Westmeath",37,15,300,352,19,12,34,16,30,9,22,78,80
Longford-Westmeath,2ae19629-1bb0-13a3-e055-000000000001,"Fore West, Westmeath",43,15,273,331,12,9,20,10,42,11,14,70,85
Longford-Westmeath,2ae19629-1bb1-13a3-e055-000000000001,"Gaybrook, Westmeath",38,17,270,325,7,6,30,16,41,15,13,91,51
Longford-Westmeath,2ae19629-1bb2-13a3-e055-000000000001,"Glassan, Westmeath",69,17,660,746,16,21,46,39,91,19,20,254,154
Longford-Westmeath,2ae19629-1bc2-13a3-e055-000000000001,"Glenlough, Westmeath",13,6,126,145,5,5,6,11,22,2,7,31,37
Longford-Westmeath,2ae19629-1bc3-13a3-e055-000000000001,"Glore, Westmeath",16,4,131,151,7,4,13,13,23,3,9,19,40
Longford-Westmeath,2ae19629-1bc4-13a3-e055-000000000001,"Greenpark, Westmeath",23,7,198,228,22,8,27,24,17,5,13,48,34
Longford-Westmeath,2ae19629-1bcf-13a3-e055-000000000001,"Griffinstown, Westmeath",68,18,401,487,12,15,32,29,44,17,18,121,113
Longford-Westmeath,2ae19629-1bd0-13a3-e055-000000000001,"Heathstown, Westmeath",66,15,518,599,15,19,46,32,73,19,15,171,128
Longford-Westmeath,2ae19629-1bd1-13a3-e055-000000000001,"Hilltown, Westmeath",24,13,181,218,9,12,13,18,24,14,5,40,46
Longford-Westmeath,2ae19629-1bdd-13a3-e055-000000000001,"Hopestown, Westmeath",60,13,406,479,6,13,22,34,56,9,13,146,107
Longford-Westmeath,2ae19629-1bde-13a3-e055-000000000001,"Huntingdon, Westmeath",42,11,296,349,6,6,22,21,36,12,13,100,80
Longford-Westmeath,2ae19629-1bdf-13a3-e055-000000000001,"Jamestown, Westmeath",16,3,116,135,6,4,9,8,17,6,0,33,33
Longford-Westmeath,2ae19629-1b03-13a3-e055-000000000001,"Kilbeggan, Westmeath",155,160,1173,1488,55,43,69,89,151,47,56,255,408
Longford-Westmeath,2ae19629-1b04-13a3-e055-000000000001,"Kilbixy, Westmeath",54,39,412,505,28,20,30,38,52,16,15,81,132
Longford-Westmeath,2ae19629-1b05-13a3-e055-000000000001,"Kilcumny, Westmeath",11,6,163,180,9,7,24,16,20,6,3,39,39
Longford-Westmeath,2ae19629-1b0b-13a3-e055-000000000001,"Kilcumreragh, Westmeath",37,19,271,327,9,12,18,18,28,12,12,77,85
Longford-Westmeath,2ae19629-1b0c-13a3-e055-000000000001,"Killare, Westmeath",39,13,253,305,7,7,15,20,33,8,16,69,78
Longford-Westmeath,2ae19629-1b0d-13a3-e055-000000000001,"Killinure, Westmeath",41,12,329,382,6,10,16,18,44,8,11,137,79
Longford-Westmeath,2ae19629-1b18-13a3-e055-000000000001,"Killua, Westmeath",102,59,743,904,32,24,81,69,113,25,31,170,198
Longford-Westmeath,2ae19629-1b19-13a3-e055-000000000001,"Killucan, Westmeath",162,126,1305,1593,48,46,110,116,179,53,49,316,388
Longford-Westmeath,2ae19629-1b1a-13a3-e055-000000000001,"Killulagh, Westmeath",44,22,314,380,13,16,22,32,54,21,17,71,68
Longford-Westmeath,2ae19629-1b0e-13a3-e055-000000000001,"Kilpatrick, Westmeath",23,9,152,184,3,10,12,11,17,4,5,47,43
Longford-Westmeath,2ae19629-1b0f-13a3-e055-000000000001,"Kinnegad, Westmeath",315,232,1961,2508,85,83,149,194,299,89,72,456,534
Longford-Westmeath,2ae19629-1b10-13a3-e055-000000000001,"Kinturk, Westmeath",119,99,979,1197,57,39,80,97,135,27,22,180,342
Longford-Westmeath,2ae19629-1b11-13a3-e055-000000000001,"Knockarrow, Westmeath",7,8,78,93,3,6,6,12,13,2,1,18,17
Longford-Westmeath,2ae19629-1b1b-13a3-e055-000000000001,"Knockdrin, Westmeath",51,23,408,482,12,10,41,39,57,16,15,131,87
Longford-Westmeath,2ae19629-1b1c-13a3-e055-000000000001,"Lackan, Westmeath",9,0,68,77,2,3,7,9,7,3,2,22,13
Longford-Westmeath,2ae19629-1b1d-13a3-e055-000000000001,"Lauree, Westmeath",14,12,145,171,6,8,9,9,14,6,7,41,45
Longford-Westmeath,2ae19629-1b28-13a3-e055-000000000001,"Middleton, Westmeath",22,7,266,295,25,5,20,22,18,15,10,71,80
Longford-Westmeath,2ae19629-1bd2-13a3-e055-000000000001,"Milltown, Westmeath",29,19,211,259,9,4,20,30,27,7,5,43,66
Longford-Westmeath,2ae19629-1b29-13a3-e055-000000000001,"Moate, Westmeath",252,178,2346,2776,74,60,130,163,284,90,95,637,813
Longford-Westmeath,2ae19629-1b2a-13a3-e055-000000000001,"Mount Temple, Westmeath",70,30,472,572,19,16,29,36,64,22,20,172,94
Longford-Westmeath,2ae19629-1b35-13a3-e055-000000000001,"Moydrum, Westmeath",263,152,2023,2438,53,49,106,130,240,74,88,770,513
Longford-Westmeath,2ae19629-1b36-13a3-e055-000000000001,"Muckanagh, Westmeath",17,5,126,148,4,1,9,10,13,7,4,32,46
Longford-Westmeath,2ae19629-1b9e-13a3-e055-000000000001,"Mullingar North Urban, Westmeath",395,522,3697,4614,199,143,243,290,470,121,108,678,1445
Longford-Westmeath,2ae19629-1b37-13a3-e055-000000000001,"Mullingar Rural, Westmeath",1022,802,7046,8870,239,187,420,523,1012,293,320,2103,1949
Longford-Westmeath,2ae19629-1b43-13a3-e055-000000000001,"Mullingar South Urban, Westmeath",287,362,3329,3978,115,88,189,222,432,103,148,1054,978
Longford-Westmeath,2ae19629-1b44-13a3-e055-000000000001,"Multyfarnham, Westmeath",40,33,465,538,23,15,27,28,64,18,18,131,141
Longford-Westmeath,2ae19629-1b45-13a3-e055-000000000001,"Newtown, Westmeath",19,6,179,204,7,6,16,15,21,6,8,52,48
Longford-Westmeath,2ae19629-1b46-13a3-e055-000000000001,"Noughaval, Westmeath",41,9,271,321,15,5,17,14,46,18,15,73,68
Longford-Westmeath,2ae19629-1b4e-13a3-e055-000000000001,"Owel, Westmeath",31,13,344,388,12,10,21,21,53,15,18,111,83
Longford-Westmeath,2ae19629-1b4f-13a3-e055-000000000001,"Piercetown, Westmeath",13,4,90,107,8,1,5,5,14,6,3,18,30
Longford-Westmeath,2ae19629-1b50-13a3-e055-000000000001,"Portloman, Westmeath",28,10,235,273,11,6,13,13,45,14,10,65,58
Longford-Westmeath,2ae19629-1b51-13a3-e055-000000000001,"Raharney, Westmeath",65,25,337,427,21,17,36,46,46,17,14,74,66
Longford-Westmeath,2ae19629-1b5a-13a3-e055-000000000001,"Rahugh, Westmeath",18,20,224,262,11,14,21,17,27,14,11,54,55
Longford-Westmeath,2ae19629-1b5b-13a3-e055-000000000001,"Rathconrath, Westmeath",40,7,275,322,15,5,23,30,42,9,10,67,74
Longford-Westmeath,2ae19629-1b5c-13a3-e055-000000000001,"Rathowen, Westmeath",28,16,269,313,22,9,21,22,40,10,10,53,82
Longford-Westmeath,2ae19629-1b5d-13a3-e055-000000000001,"Riverdale, Westmeath",61,13,339,413,20,16,24,33,46,14,23,101,62
Longford-Westmeath,2ae19629-1b68-13a3-e055-000000000001,"Rosmead, Westmeath",31,21,217,269,9,10,20,23,33,7,12,52,51
Longford-Westmeath,2ae19629-1b69-13a3-e055-000000000001,"Russellstown, Westmeath",39,16,362,417,9,13,30,26,52,17,20,99,96
Longford-Westmeath,2ae19629-1b6a-13a3-e055-000000000001,"Skeagh, Westmeath",30,12,169,211,8,4,12,21,34,3,7,43,37
Longford-Westmeath,2ae19629-1b6b-13a3-e055-000000000001,"Sonna, Westmeath",25,13,235,273,15,13,9,16,29,7,14,67,65
Longford-Westmeath,2ae19629-1b75-13a3-e055-000000000001,"Stonehall, Westmeath",24,7,152,183,4,7,11,18,21,5,8,42,36
Longford-Westmeath,2ae19629-1b76-13a3-e055-000000000001,"Streamstown, Westmeath",47,35,336,418,18,12,20,16,50,14,17,79,110
Longford-Westmeath,2ae19629-1b77-13a3-e055-000000000001,"Street, Westmeath",13,9,206,228,11,5,17,16,31,9,9,49,59
Longford-Westmeath,2ae19629-1b87-13a3-e055-000000000001,"Taghmon, Westmeath",49,13,295,357,8,6,27,17,42,11,7,66,111
Longford-Westmeath,2ae19629-1b88-13a3-e055-000000000001,"Templepatrick, Westmeath",15,8,143,166,12,5,17,9,22,4,5,33,36
Longford-Westmeath,2ae19629-1b89-13a3-e055-000000000001,"Tubbrit, Westmeath",70,18,501,589,17,16,37,66,88,22,25,110,120
Longford-Westmeath,2ae19629-1b9a-13a3-e055-000000000001,"Tullaghan, Westmeath",47,16,278,341,11,13,16,14,27,15,17,100,65
Longford-Westmeath,2ae19629-1b9b-13a3-e055-000000000001,"Umma, Westmeath",25,13,205,243,9,9,19,12,28,13,10,58,47
Longford-Westmeath,2ae19629-1b9c-13a3-e055-000000000001,"Winetown, Westmeath",14,2,99,115,8,2,5,5,21,6,4,21,27
Longford-Westmeath,2ae19629-1b9d-13a3-e055-000000000001,"Woodland, Westmeath",22,9,209,240,7,3,17,19,18,8,10,68,59
Wexford,2ae19629-1bb3-13a3-e055-000000000001,"Adamstown, Wexford",55,45,410,510,27,17,41,31,61,24,21,87,101
Wicklow-Wexford,2ae19629-1bb4-13a3-e055-000000000001,"Ardamine, Wexford",328,259,2882,3469,192,131,270,223,395,147,110,638,776
Wexford,2ae19629-1bc5-13a3-e055-000000000001,"Ardcavan, Wexford",260,116,2064,2440,86,82,191,186,298,89,83,633,416
Wexford,2ae19629-1bc6-13a3-e055-000000000001,"Ardcolm, Wexford",78,39,681,798,38,32,57,64,77,42,21,202,148
Wexford,2ae19629-1bd3-13a3-e055-000000000001,"Artramon, Wexford",65,26,589,680,26,25,53,34,73,22,25,167,164
Wexford,2ae19629-1bd4-13a3-e055-000000000001,"Aughwilliam, Wexford",42,9,398,449,12,16,33,35,68,23,17,108,86
Wicklow-Wexford,2ae19629-1bd5-13a3-e055-000000000001,"Ballindaggan, Wexford",73,31,532,636,35,24,53,49,80,23,26,111,131
Wicklow-Wexford,2ae19629-1e4d-13a3-e055-000000000001,"Balloughter, Wexford",33,22,382,437,24,13,34,36,60,21,17,94,83
Wexford,2ae19629-1be0-13a3-e055-000000000001,"Ballyanne, Wexford",82,29,520,631,30,18,47,38,77,23,20,133,134
Wicklow-Wexford,2ae19629-1be1-13a3-e055-000000000001,"Ballybeg, Wexford",61,20,409,490,27,22,35,22,63,15,18,108,99
Wicklow-Wexford,2ae19629-1be2-13a3-e055-000000000001,"Ballycanew, Wexford",71,50,845,966,70,40,90,79,141,44,36,169,176
Wicklow-Wexford,2ae19629-1b06-13a3-e055-000000000001,"Ballycarney, Wexford",52,13,336,401,18,10,27,31,56,14,18,72,90
Wicklow-Wexford,2ae19629-1b07-13a3-e055-000000000001,"Ballyellis, Wexford",25,17,296,338,25,8,25,21,45,13,6,99,54
Wicklow-Wexford,2ae19629-1b08-13a3-e055-000000000001,"Ballygarrett, Wexford",73,19,639,731,32,19,62,52,80,29,31,176,158
Wexford,2ae19629-1b12-13a3-e055-000000000001,"Ballyhack, Wexford",96,58,985,1139,57,53,106,88,123,33,40,226,259
Wexford,2ae19629-1b13-13a3-e055-000000000001,"Ballyhoge, Wexford",112,39,914,1065,77,54,95,80,128,43,43,201,193
Wexford,2ae19629-1b14-13a3-e055-000000000001,"Ballyhuskard, Wexford",134,64,1143,1341,76,43,116,96,191,48,43,281,249
Wicklow-Wexford,2ae19629-1e40-13a3-e055-000000000001,"Ballylarkin, Wexford",92,30,645,767,25,27,52,53,76,28,30,179,175
Wexford,2ae19629-1e41-13a3-e055-000000000001,"Ballymitty, Wexford",55,15,405,475,36,17,45,37,52,22,14,90,92
Wicklow-Wexford,2ae19629-1e4b-13a3-e055-000000000001,"Ballymore, Wexford",50,17,344,411,25,13,36,19,59,26,14,92,60
Wicklow-Wexford,2ae19629-1e4c-13a3-e055-000000000001,"Ballynestragh, Wexford",129,35,862,1026,34,36,60,62,106,36,34,300,194
Wexford,2ae19629-1e56-13a3-e055-000000000001,"Ballyvaldon, Wexford",73,23,572,668,36,22,47,44,85,36,23,149,130
Wexford,2ae19629-1e57-13a3-e055-000000000001,"Bannow, Wexford",106,52,907,1065,67,34,95,64,93,50,26,211,267
Wexford,2ae19629-1e58-13a3-e055-000000000001,"Barrack Village, Wexford",8,6,70,84,2,3,4,4,12,6,8,17,14
Wexford,2ae19629-1e62-13a3-e055-000000000001,"Barronstown, Wexford",46,19,438,503,39,23,35,30,55,21,17,102,116
Wexford,2ae19629-1e63-13a3-e055-000000000001,"Bolaboy, Wexford",100,47,827,974,45,34,86,71,114,24,26,151,276
Wexford,2ae19629-1e64-13a3-e055-000000000001,"Bree, Wexford",118,74,974,1166,72,33,89,74,125,30,50,294,207
Wexford,2ae19629-1e6e-13a3-e055-000000000001,"Bridgetown, Wexford",94,18,645,757,38,28,49,62,102,37,27,156,146
Wicklow-Wexford,2ae19629-1e6f-13a3-e055-000000000001,"Cahore, Wexford",44,13,339,396,18,15,26,34,42,14,16,106,68
Wexford,2ae19629-1e70-13a3-e055-000000000001,"Carnagh, Wexford",44,13,384,441,20,14,40,31,53,17,14,100,95
Wexford,2ae19629-1e7a-13a3-e055-000000000001,"Carrick, Wexford",161,64,1263,1488,48,35,90,105,173,61,53,426,272
Wexford,2ae19629-1e7b-13a3-e055-000000000001,"Carrickbyrne, Wexford",32,21,438,491,33,16,47,24,72,24,13,105,104
Wexford,2ae19629-1e7c-13a3-e055-000000000001,"Castle Ellis, Wexford",107,39,891,1037,40,30,76,71,141,38,29,228,238
Wexford,2ae19629-1e87-13a3-e055-000000000001,"Castle Talbot, Wexford",61,48,667,776,53,29,79,60,73,32,31,141,169
Wexford,2ae19629-1e86-13a3-e055-000000000001,"Castleboro, Wexford",70,28,652,750,54,24,63,46,110,28,33,148,146
Wicklow-Wexford,2ae19629-1e7f-13a3-e055-000000000001,"Castledockrell, Wexford",34,15,344,393,15,17,37,24,51,13,11,80,96
Wexford,2ae19629-1e88-13a3-e055-000000000001,"Clongeen, Wexford",64,31,694,789,49,29,70,53,79,28,26,149,211
Wexford,2ae19629-1e89-13a3-e055-000000000001,"Clonleigh, Wexford",43,23,304,370,25,14,13,21,50,14,16,78,73
Wexford,2ae19629-1e93-13a3-e055-000000000001,"Clonroche, Wexford",97,66,873,1036,79,35,81,77,113,40,31,153,264
Wicklow-Wexford,2ae19629-1e94-13a3-e055-000000000001,"Coolgreany, Wexford",84,39,827,950,55,25,74,63,107,35,30,196,242
Wicklow-Wexford,2ae19629-1e9d-13a3-e055-000000000001,"Courtown, Wexford",202,111,2194,2507,89,87,158,147,296,107,88,701,521
Wexford,2ae19629-1e9e-13a3-e055-000000000001,"Drinagh, Wexford",99,37,806,942,47,42,72,84,102,42,29,215,173
Wexford,2ae19629-1ea9-13a3-e055-000000000001,"Duncormick, Wexford",37,15,453,505,29,27,38,44,69,14,19,93,120
Wexford,2ae19629-1eaa-13a3-e055-000000000001,"Dunmain, Wexford",25,13,213,251,12,9,27,11,31,8,4,57,54
Wexford,2ae19629-1eab-13a3-e055-000000000001,"Edermine, Wexford",146,39,1101,1286,71,63,101,85,163,52,49,276,241
Wexford,2ae19629-1eb7-13a3-e055-000000000001,"Enniscorthy Rural, Wexford",741,696,7124,8561,407,310,614,654,1041,308,238,1369,2183
Wexford,2ae19629-1eb8-13a3-e055-000000000001,"Enniscorthy Urban, Wexford",127,196,1982,2305,233,92,190,143,251,92,69,304,608
Wicklow-Wexford,2ae19629-1eb9-13a3-e055-000000000001,"Ferns, Wexford",116,90,1081,1287,62,62,110,109,127,43,27,191,350
Wexford,2ae19629-1eba-13a3-e055-000000000001,"Fethard, Wexford",79,46,698,823,37,30,61,59,97,32,34,159,189
Wicklow-Wexford,2ae19629-1ec5-13a3-e055-000000000001,"Ford, Wexford",42,26,503,571,27,10,43,55,77,25,21,125,120
Wexford,2ae19629-1ec6-13a3-e055-000000000001,"Forth, Wexford",74,31,623,728,38,35,53,67,86,21,21,158,144
Wexford,2ae19629-1ec7-13a3-e055-000000000001,"Glynn, Wexford",69,21,397,487,14,16,39,26,60,17,15,129,81
Wicklow-Wexford,2ae19629-1ed5-13a3-e055-000000000001,"Gorey Rural, Wexford",687,527,5067,6281,209,182,424,487,763,252,226,1407,1117
Wicklow-Wexford,2ae19629-1ed6-13a3-e055-000000000001,"Gorey Urban, Wexford",262,261,2628,3151,144,100,212,218,384,130,87,651,702
Wexford,2ae19629-1ed7-13a3-e055-000000000001,"Harperstown, Wexford",51,14,390,455,16,22,41,27,66,15,19,100,84
Wexford,2ae19629-1ee3-13a3-e055-000000000001,"Harristown, Wexford",40,21,397,458,33,21,47,36,31,14,13,99,103
Wexford,2ae19629-1ee4-13a3-e055-000000000001,"Horetown, Wexford",53,26,426,505,23,23,35,28,66,26,22,105,98
Wicklow-Wexford,2ae19629-1ee5-13a3-e055-000000000001,"Huntingtown, Wexford",41,10,227,278,12,8,19,16,24,18,10,76,44
Wexford,2ae19629-1e2b-13a3-e055-000000000001,"Inch, Wexford",54,30,385,469,26,16,30,28,56,23,19,93,94
Wicklow-Wexford,2ae19629-1e2c-13a3-e055-000000000001,"Kilbora, Wexford",38,15,298,351,16,13,22,21,40,13,11,89,73
Wexford,2ae19629-1e2d-13a3-e055-000000000001,"Kilbride, Wexford",26,14,226,266,10,15,15,18,30,14,15,56,53
Wicklow-Wexford,2ae19629-1e2e-13a3-e055-000000000001,"Kilcomb, Wexford",110,50,805,965,54,39,83,62,113,30,37,203,184
Wicklow-Wexford,2ae19629-1e39-13a3-e055-000000000001,"Kilcormick, Wexford",71,31,463,565,20,24,45,29,60,23,23,121,118
Wexford,2ae19629-1e3a-13a3-e055-000000000001,"Kilcowan, Wexford",40,19,391,450,28,21,42,38,58,15,13,80,96
Wexford,2ae19629-1e3b-13a3-e055-000000000001,"Kilgarvan, Wexford",48,19,257,324,19,10,28,28,34,6,15,64,53
Wicklow-Wexford,2ae19629-1e42-13a3-e055-000000000001,"Kilgorman, Wexford",82,33,586,701,30,28,40,41,72,30,30,179,136
Wexford,2ae19629-1e43-13a3-e055-000000000001,"Killag, Wexford",46,17,350,413,17,14,34,41,44,17,17,79,87
Wexford,2ae19629-1e4e-13a3-e055-000000000001,"Killann, Wexford",70,41,740,851,55,34,59,59,109,30,35,177,182
Wicklow-Wexford,2ae19629-1e4f-13a3-e055-000000000001,"Killenagh, Wexford",52,15,440,507,34,27,48,40,63,23,28,111,66
Wexford,2ae19629-1e59-13a3-e055-000000000001,"Killesk, Wexford",50,25,542,617,34,17,57,53,86,28,21,133,113
Wicklow-Wexford,2ae19629-1e5a-13a3-e055-000000000001,"Killincooly, Wexford",49,29,433,511,20,12,43,46,67,24,12,86,123
Wexford,2ae19629-1e65-13a3-e055-000000000001,"Killinick, Wexford",73,44,668,785,27,26,67,62,104,37,28,184,133
Wexford,2ae19629-1e66-13a3-e055-000000000001,"Killoughrum, Wexford",67,35,617,719,30,27,50,52,80,31,18,171,158
Wexford,2ae19629-1e71-13a3-e055-000000000001,"Killurin, Wexford",76,26,495,597,28,12,49,40,84,26,27,140,89
Wexford,2ae19629-1e72-13a3-e055-000000000001,"Kilmallock, Wexford",140,51,1012,1203,50,47,103,73,170,54,41,254,220
Wexford,2ae19629-1e73-13a3-e055-000000000001,"Kilmokea, Wexford",76,36,622,734,66,25,69,45,93,29,29,115,151
Wexford,2ae19629-1e74-13a3-e055-000000000001,"Kilmore, Wexford",160,122,1705,1987,102,101,163,168,239,67,60,353,452
Wicklow-Wexford,2ae19629-1e7d-13a3-e055-000000000001,"Kilnahue, Wexford",31,10,338,379,22,18,28,24,35,18,10,107,76
Wexford,2ae19629-1e7e-13a3-e055-000000000001,"Kilpatrick, Wexford",59,16,584,659,31,19,55,37,66,31,28,203,114
Wicklow-Wexford,2ae19629-1e80-13a3-e055-000000000001,"Kilrush, Wexford",42,20,345,407,31,11,40,22,44,17,11,66,103
Wexford,2ae19629-1e8a-13a3-e055-000000000001,"Kilscoran, Wexford",73,36,766,875,36,44,81,66,115,41,29,153,201
Wexford,2ae19629-1e8b-13a3-e055-000000000001,"Kiltealy, Wexford",39,19,360,418,28,18,35,16,55,7,17,81,103
Wexford,2ae19629-1e8c-13a3-e055-000000000001,"Lady's Island, Wexford",34,22,475,531,43,32,38,49,48,21,16,108,120
Wicklow-Wexford,2ae19629-1e95-13a3-e055-000000000001,"Limerick, Wexford",87,34,653,774,35,24,61,52,97,30,37,200,117
Wexford,2ae19629-1e96-13a3-e055-000000000001,"Marshalstown, Wexford",98,34,780,912,41,36,74,75,114,43,32,192,173
Wexford,2ae19629-1e97-13a3-e055-000000000001,"Mayglass, Wexford",37,21,391,449,17,15,36,33,57,25,16,93,99
Wicklow-Wexford,2ae19629-1e9f-13a3-e055-000000000001,"Monamolin, Wexford",77,33,584,694,37,23,64,62,82,27,32,149,108
Wicklow-Wexford,2ae19629-1ea0-13a3-e055-000000000001,"Monaseed, Wexford",66,26,468,560,45,22,32,44,60,20,23,123,99
Wicklow-Wexford,2ae19629-1ea1-13a3-e055-000000000001,"Moyacomb, Wexford",31,21,327,379,17,18,25,23,41,10,16,96,81
Wexford,2ae19629-1ea2-13a3-e055-000000000001,"New Ross Rural, Wexford",369,295,2568,3232,109,74,162,185,381,136,114,611,796
Wexford,2ae19629-1eac-13a3-e055-000000000001,"New Ross Urban, Wexford",234,296,2833,3363,155,106,261,234,394,129,92,454,1008
Wexford,2ae19629-1ead-13a3-e055-000000000001,"Newbawn, Wexford",44,28,410,482,32,24,35,26,59,21,22,92,99
Wexford,2ae19629-1eae-13a3-e055-000000000001,"Newcastle, Wexford",40,21,368,429,22,14,38,26,51,15,19,87,96
Wicklow-Wexford,2ae19629-1eaf-13a3-e055-000000000001,"Newtownbarry, Wexford",157,132,1708,1997,153,79,154,130,197,75,49,311,560
Wexford,2ae19629-1ebb-13a3-e055-000000000001,"Old Ross, Wexford",36,27,309,372,17,10,22,15,47,11,19,91,77
Wexford,2ae19629-1eb0-13a3-e055-000000000001,"Oldcourt, Wexford",87,37,474,598,28,14,48,30,70,14,23,155,92
Wexford,2ae19629-1ebc-13a3-e055-000000000001,"Rathaspick, Wexford",167,62,1261,1490,56,65,113,105,203,52,56,340,271
Wexford,2ae19629-1ebd-13a3-e055-000000000001,"Rathroe, Wexford",55,33,656,744,49,29,62,52,90,25,40,168,141
Wexford,2ae19629-1ec8-13a3-e055-000000000001,"Rochestown, Wexford",29,13,158,200,7,7,9,17,24,10,8,41,35
Wexford,2ae19629-1ec9-13a3-e055-000000000001,"Rosbercon Urban, Wexford",49,76,472,597,10,17,34,35,50,28,23,110,165
Wicklow-Wexford,2ae19629-1eca-13a3-e055-000000000001,"Rossard, Wexford",39,20,337,396,29,15,23,15,45,7,11,84,108
Wexford,2ae19629-1ecb-13a3-e055-000000000001,"Rosslare, Wexford",146,74,1590,1810,80,70,130,125,271,84,64,449,317
Wicklow-Wexford,2ae19629-1ecc-13a3-e055-000000000001,"Rossminoge, Wexford",70,15,446,531,28,13,34,49,70,20,20,127,85
Wexford,2ae19629-1ecd-13a3-e055-000000000001,"St. Helen's, Wexford",156,124,1864,2144,85,82,150,188,314,81,74,382,508
Wicklow-Wexford,2ae19629-1ed8-13a3-e055-000000000001,"St. Mary's, Wexford",76,26,528,630,30,19,45,38,73,25,36,121,141
Wexford,2ae19629-1ed9-13a3-e055-000000000001,"Tacumshin, Wexford",43,28,361,432,26,14,40,27,58,14,11,90,81
Wexford,2ae19629-1eda-13a3-e055-000000000001,"Taghmon, Wexford",88,71,790,949,58,26,69,57,103,29,19,110,319
Wexford,2ae19629-1ee6-13a3-e055-000000000001,"Templeludigan, Wexford",46,13,314,373,26,10,21,23,45,15,14,105,55
Wexford,2ae19629-1ee7-13a3-e055-000000000001,"Templetown, Wexford",95,85,508,688,26,17,36,31,67,23,22,161,125
Wicklow-Wexford,2ae19629-1ee8-13a3-e055-000000000001,"The Harrow, Wexford",33,20,362,415,20,17,33,33,57,19,20,80,83
Wexford,2ae19629-1ee9-13a3-e055-000000000001,"The Leap, Wexford",94,34,714,842,56,39,74,62,100,43,34,160,146
Wicklow-Wexford,2ae19629-1e2f-13a3-e055-000000000001,"Tinnacross, Wexford",74,40,696,810,39,35,52,66,92,26,28,165,193
Wexford,2ae19629-1e30-13a3-e055-000000000001,"Tintern, Wexford",124,57,1203,1384,74,69,136,98,148,62,47,294,275
Wicklow-Wexford,2ae19629-1e3c-13a3-e055-000000000001,"Tombrack, Wexford",72,16,574,662,37,28,47,34,72,20,29,120,187
Wexford,2ae19629-1e3d-13a3-e055-000000000001,"Tomhaggard, Wexford",43,17,411,471,27,19,43,58,50,14,13,73,114
Wicklow-Wexford,2ae19629-1e44-13a3-e055-000000000001,"Wells, Wexford",79,28,603,710,37,25,75,41,88,21,29,149,138
Wexford,2ae19629-1e46-13a3-e055-000000000001,"Wexford No. 1 Urban, Wexford",75,94,1333,1502,87,64,109,127,150,40,43,368,345
Wexford,2ae19629-1e5d-13a3-e055-000000000001,"Wexford No. 2 Urban, Wexford",228,279,3163,3670,228,200,300,307,455,123,86,592,872
Wexford,2ae19629-1e5c-13a3-e055-000000000001,"Wexford No. 3 Urban, Wexford",76,80,1034,1190,55,47,88,64,152,59,45,310,214
Wexford,2ae19629-1e45-13a3-e055-000000000001,"Wexford Rural, Wexford",977,851,9445,11273,477,390,772,928,1277,394,307,2446,2454
Wexford,2ae19629-1e50-13a3-e055-000000000001,"Whitechurch, Wexford, 247119",51,14,361,426,16,23,25,23,57,19,17,75,106
Wexford,2ae19629-1e51-13a3-e055-000000000001,"Whitechurch, Wexford, 247120",69,30,447,546,28,9,39,28,58,29,27,138,91
Wexford,2ae19629-1e52-13a3-e055-000000000001,"Whitemoor, Wexford",66,23,403,492,25,18,30,34,58,15,23,105,95
Wicklow-Wexford,2ae19629-1e5b-13a3-e055-000000000001,"Wingfield, Wexford",112,33,675,820,49,31,69,67,86,30,29,170,144
Wicklow-Wexford,2ae19629-1e5e-13a3-e055-000000000001,"Aghowle, Wicklow",18,5,182,205,10,5,19,11,26,5,6,33,67
Wicklow,2ae19629-1e67-13a3-e055-000000000001,"Altidore, Wicklow",28,11,261,300,13,6,12,11,27,12,18,101,61
Wicklow-Wexford,2ae19629-1e69-13a3-e055-000000000001,"Arklow No. 1 Urban, Wicklow",851,606,6790,8247,360,325,650,687,893,301,269,1378,1927
Wicklow-Wexford,2ae19629-1ee1-13a3-e055-000000000001,"Arklow No. 2 Urban, Wicklow",225,178,1988,2391,89,78,136,178,259,93,73,574,508
Wicklow-Wexford,2ae19629-1e68-13a3-e055-000000000001,"Arklow Rural, Wicklow",114,56,943,1113,46,42,88,76,108,47,51,270,215
Wicklow-Wexford,2ae19629-1e6a-13a3-e055-000000000001,"Aughrim, Wicklow",194,57,1313,1564,54,44,126,93,165,78,56,329,368
Wicklow-Wexford,2ae19629-1e6b-13a3-e055-000000000001,"Ballinaclash, Wicklow",57,25,464,546,32,28,34,25,50,19,20,136,120
Wicklow-Wexford,2ae19629-1e75-13a3-e055-000000000001,"Ballinacor, Wicklow",35,11,237,283,11,11,15,23,27,15,14,88,33
Wicklow-Wexford,2ae19629-1e76-13a3-e055-000000000001,"Ballinderry, Wicklow",38,11,349,398,13,12,28,25,47,18,13,119,74
Wicklow-Wexford,2ae19629-1e77-13a3-e055-000000000001,"Ballingate, Wicklow",27,7,306,340,24,21,35,24,50,13,11,76,52
Wicklow-Wexford,2ae19629-1e81-13a3-e055-000000000001,"Ballinglen, Wicklow",16,9,164,189,9,9,16,11,21,11,6,30,51
Wicklow,2ae19629-1e82-13a3-e055-000000000001,"Ballinguile, Wicklow",18,9,100,127,3,3,9,8,9,2,7,40,19
Wicklow-Wexford,2ae19629-1e83-13a3-e055-000000000001,"Ballyarthur, Wicklow",112,27,777,916,35,29,56,55,101,36,33,246,186
Wicklow-Wexford,2ae19629-1e8d-13a3-e055-000000000001,"Ballybeg, Wicklow",17,5,157,179,8,3,17,10,10,8,5,52,44
Wicklow,2ae19629-1e8e-13a3-e055-000000000001,"Ballycullen, Wicklow",24,27,229,280,3,7,8,15,26,12,11,96,51
Wicklow,2ae19629-1e8f-13a3-e055-000000000001,"Baltinglass, Wicklow",257,190,1993,2440,119,84,187,193,239,79,78,431,583
Wicklow,2ae19629-1e98-13a3-e055-000000000001,"Blessington, Wicklow",410,252,2959,3621,131,114,222,230,429,135,122,887,689
Wicklow,2ae19629-1ee2-13a3-e055-000000000001,"Bray No. 1, Wicklow",121,155,1250,1526,97,59,83,77,123,45,44,377,345
Wicklow,2ae19629-1eed-13a3-e055-000000000001,"Bray No. 2, Wicklow",549,391,4865,5805,122,112,226,259,506,176,207,1968,1289
Wicklow,2ae19629-1e99-13a3-e055-000000000001,"Bray No. 3, Wicklow",497,359,4683,5539,231,166,351,314,620,206,167,1473,1155
Wicklow,2ae19629-1ea3-13a3-e055-000000000001,"Brockagh, Wicklow",60,34,541,635,24,18,43,35,76,24,29,177,115
Wicklow,2ae19629-1ea4-13a3-e055-000000000001,"Burgage, Wicklow",203,112,1370,1685,39,46,92,109,227,70,58,429,300
Wicklow,2ae19629-1eb1-13a3-e055-000000000001,"Calary, Wicklow",25,12,241,278,16,2,17,11,35,17,14,87,42
Wicklow-Wexford,2ae19629-1eb2-13a3-e055-000000000001,"Carnew, Wicklow",141,87,1264,1492,102,53,118,106,167,52,53,218,395
Wicklow-Wexford,2ae19629-1eb3-13a3-e055-000000000001,"Coolattin, Wicklow",17,8,204,229,16,5,18,13,29,9,9,64,41
Wicklow,2ae19629-1ebe-13a3-e055-000000000001,"Coolballintaggart, Wicklow",43,22,346,411,23,17,38,29,46,16,12,66,99
Wicklow-Wexford,2ae19629-1ebf-13a3-e055-000000000001,"Coolboy, Wicklow",57,15,412,484,38,25,39,45,54,24,19,98,70
Wicklow-Wexford,2ae19629-1ec0-13a3-e055-000000000001,"Cronebane, Wicklow",47,26,375,448,22,17,36,20,45,16,11,82,126
Wicklow-Wexford,2ae19629-1ece-13a3-e055-000000000001,"Cronelea, Wicklow",12,7,135,154,16,4,13,7,26,7,4,29,29
Wicklow,2ae19629-1ecf-13a3-e055-000000000001,"Delgany, Wicklow",679,250,4817,5746,161,83,238,267,488,169,206,2357,848
Wicklow,2ae19629-1ed0-13a3-e055-000000000001,"Donaghmore, Wicklow",32,13,308,353,12,12,24,20,50,16,13,82,79
Wicklow,2ae19629-1ed1-13a3-e055-000000000001,"Donard, Wicklow",54,13,388,455,18,17,37,35,62,5,19,109,86
Wicklow-Wexford,2ae19629-1edb-13a3-e055-000000000001,"Dunganstown East, Wicklow",68,23,665,756,17,14,40,34,60,26,41,264,169
Wicklow-Wexford,2ae19629-1edc-13a3-e055-000000000001,"Dunganstown South, Wicklow",94,39,640,773,26,27,56,47,85,33,24,210,132
Wicklow-Wexford,2ae19629-1eea-13a3-e055-000000000001,"Dunganstown West, Wicklow",39,13,350,402,11,13,21,17,42,12,15,140,79
Wicklow,2ae19629-1eeb-13a3-e055-000000000001,"Dunlavin, Wicklow",120,85,1021,1226,49,47,85,76,141,42,35,218,328
Wicklow,2ae19629-1eec-13a3-e055-000000000001,"Eadestown, Wicklow",22,6,142,170,7,6,14,9,11,6,2,40,47
Wicklow-Wexford,2ae19629-1e31-13a3-e055-000000000001,"Ennereilly, Wicklow",37,16,324,377,16,7,21,25,33,20,21,113,68
Wicklow,2ae19629-1e32-13a3-e055-000000000001,"Enniskerry, Wicklow",298,140,2173,2611,55,56,118,90,242,65,93,942,512
Wicklow,2ae19629-1e3e-13a3-e055-000000000001,"Glendalough, Wicklow",27,13,215,255,9,7,22,14,33,13,12,59,46
Wicklow,2ae19629-1e3f-13a3-e055-000000000001,"Glenealy, Wicklow",258,113,1946,2317,83,62,143,141,254,94,81,660,428
Wicklow,2ae19629-1e47-13a3-e055-000000000001,"Greystones, Wicklow",821,274,5560,6655,110,102,262,325,614,213,246,2614,1074
Wicklow,2ae19629-1e48-13a3-e055-000000000001,"Hartstown, Wicklow",22,4,191,217,4,12,19,17,28,5,8,56,42
Wicklow,2ae19629-1e49-13a3-e055-000000000001,"Hollywood, Wicklow",71,32,552,655,26,17,37,52,68,23,23,185,121
Wicklow,2ae19629-1e4a-13a3-e055-000000000001,"Humewood, Wicklow",24,19,242,285,18,11,21,24,29,16,9,57,57
Wicklow,2ae19629-1e53-13a3-e055-000000000001,"Imael North, Wicklow",18,14,168,200,7,8,13,15,25,8,11,60,21
Wicklow,2ae19629-1e54-13a3-e055-000000000001,"Imael South, Wicklow",10,17,194,221,24,14,24,15,21,8,10,39,39
Wicklow-Wexford,2ae19629-1e55-13a3-e055-000000000001,"Kilballyowen, Wicklow",27,23,240,290,13,12,18,24,29,16,14,64,50
Wicklow,2ae19629-1e5f-13a3-e055-000000000001,"Kilbride, Wicklow, 257046",83,45,757,885,31,37,52,59,102,35,25,252,164
Wicklow-Wexford,2ae19629-1e60-13a3-e055-000000000001,"Kilbride, Wicklow, 257047",55,43,676,774,40,27,56,46,79,27,20,187,194
Wicklow,2ae19629-1e61-13a3-e055-000000000001,"Kilcoole, Wicklow",994,570,7515,9079,175,167,389,482,877,342,370,3072,1641
Wicklow-Wexford,2ae19629-1e6c-13a3-e055-000000000001,"Killinure, Wicklow",36,9,259,304,18,13,32,18,29,17,8,63,61
Wicklow,2ae19629-1e6d-13a3-e055-000000000001,"Killiskey, Wicklow",128,58,1080,1266,24,27,53,63,121,46,45,480,221
Wicklow,2ae19629-1e78-13a3-e055-000000000001,"Kilmacanoge, Wicklow",1444,758,9949,12151,405,345,700,688,1337,472,399,3224,2379
Wicklow-Wexford,2ae19629-1e79-13a3-e055-000000000001,"Kilpipe, Wicklow",34,12,318,364,24,23,29,21,49,14,11,83,64
Wicklow,2ae19629-1e84-13a3-e055-000000000001,"Knockrath, Wicklow",24,9,171,204,8,10,13,5,28,8,9,50,40
Wicklow,2ae19629-1e85-13a3-e055-000000000001,"Lackan, Wicklow",61,29,573,663,32,18,38,40,63,21,25,219,117
Wicklow,2ae19629-1e90-13a3-e055-000000000001,"Lugglass, Wicklow",22,4,128,154,6,8,13,12,10,5,5,42,27
Wicklow-Wexford,2ae19629-1e91-13a3-e055-000000000001,"Money, Wicklow",7,6,115,128,9,3,11,9,7,4,6,34,32
Wicklow,2ae19629-1e92-13a3-e055-000000000001,"Moneystown, Wicklow",28,12,222,262,11,9,16,13,31,9,12,85,36
Wicklow,2ae19629-1e9a-13a3-e055-000000000001,"Newcastle Lower, Wicklow",220,91,1678,1989,77,43,104,155,212,70,65,569,383
Wicklow,2ae19629-1e9b-13a3-e055-000000000001,"Newcastle Upper, Wicklow",356,238,3081,3675,103,110,268,213,444,127,147,990,679
Wicklow,2ae19629-1e9c-13a3-e055-000000000001,"Oldtown, Wicklow",44,14,448,506,22,13,25,21,63,22,24,162,96
Wicklow-Wexford,2ae19629-1ea5-13a3-e055-000000000001,"Ovoca, Wicklow",52,42,525,619,36,29,50,47,57,22,20,120,144
Wicklow,2ae19629-1ea6-13a3-e055-000000000001,"Powerscourt, Wicklow",89,29,625,743,16,11,33,20,61,22,27,286,149
Wicklow-Wexford,2ae19629-1ea7-13a3-e055-000000000001,"Rath, Wicklow",21,8,199,228,11,5,13,19,19,8,9,48,67
Wicklow,2ae19629-1ea8-13a3-e055-000000000001,"Rathdangan, Wicklow",37,14,337,388,23,23,23,13,41,14,17,109,74
Wicklow-Wexford,2ae19629-1eb4-13a3-e055-000000000001,"Rathdrum, Wicklow",224,171,2076,2471,116,71,144,159,227,97,82,607,573
Wicklow,2ae19629-1eee-13a3-e055-000000000001,"Rathmichael (Bray), Wicklow",188,167,1554,1909,151,117,176,133,191,53,38,232,463
Wicklow,2ae19629-1eb5-13a3-e055-000000000001,"Rathsallagh, Wicklow",25,10,191,226,15,8,15,15,13,12,7,58,48
Wicklow-Wexford,2ae19629-1eb6-13a3-e055-000000000001,"Shillelagh, Wicklow",50,24,425,499,22,16,38,47,58,8,20,102,114
Wicklow,2ae19629-1ec1-13a3-e055-000000000001,"Stratford, Wicklow",21,16,325,362,18,12,30,28,45,14,14,86,78
Wicklow,2ae19629-1ec2-13a3-e055-000000000001,"Talbotstown, Wicklow",27,19,306,352,10,14,23,25,34,18,17,83,82
Wicklow,2ae19629-1ec3-13a3-e055-000000000001,"The Grange, Wicklow",26,20,331,377,12,14,25,24,39,14,14,106,83
Wicklow-Wexford,2ae19629-1ec4-13a3-e055-000000000001,"Tinahely, Wicklow",133,60,1094,1287,75,47,108,86,143,57,41,260,277
Wicklow,2ae19629-1ed2-13a3-e055-000000000001,"Tober, Wicklow",57,18,324,399,10,15,22,29,43,11,18,107,69
Wicklow,2ae19629-1ed3-13a3-e055-000000000001,"Togher, Wicklow, 257073",33,13,256,302,18,8,24,22,31,6,6,58,83
Wicklow,2ae19629-1ed4-13a3-e055-000000000001,"Togher, Wicklow, 257074",129,66,928,1123,42,27,69,73,125,34,38,283,237
Wicklow,2ae19629-1edd-13a3-e055-000000000001,"Trooperstown, Wicklow",35,10,239,284,9,10,12,22,19,16,10,84,57
Wicklow,2ae19629-1ede-13a3-e055-000000000001,"Tuckmill, Wicklow",33,12,189,234,8,11,11,18,25,10,16,50,40
Wicklow,2ae19629-1edf-13a3-e055-000000000001,"Wicklow Rural, Wicklow",946,506,6208,7660,202,181,396,453,833,340,341,2142,1320
Wicklow,2ae19629-1ee0-13a3-e055-000000000001,"Wicklow Urban, Wicklow",552,439,4950,5941,232,189,420,348,708,229,193,1380,1251
Clare,2ae19629-1fb1-13a3-e055-000000000001,"Abbey, Clare",47,12,397,456,14,10,20,14,44,11,16,161,107
Clare,2ae19629-1fba-13a3-e055-000000000001,"Annagh, Clare",35,12,375,422,19,12,37,33,39,12,15,99,109
Clare,2ae19629-1fbb-13a3-e055-000000000001,"Ayle, Clare",31,13,252,296,3,4,9,12,26,5,7,65,121
Clare,2ae19629-1fbc-13a3-e055-000000000001,"Ballagh, Clare",10,7,143,160,7,6,9,4,22,6,7,41,41
Clare,2ae19629-1fc3-13a3-e055-000000000001,"Ballyblood, Clare",9,6,105,120,7,0,7,7,14,3,8,42,17
Clare,2ae19629-1fc4-13a3-e055-000000000001,"Ballycannan, Clare",97,80,686,863,46,31,72,68,98,17,21,146,187
Clare,2ae19629-1fc5-13a3-e055-000000000001,"Ballyea, Clare",59,22,529,610,27,10,39,38,95,25,20,136,139
Clare,dbab8c3d-d659-4fa5-ad92-f90a6bf64249,"Ballyeighter/Glenroe, Clare",22,3,150,175,11,2,10,16,22,13,7,40,29
Clare,2ae19629-1fd0-13a3-e055-000000000001,"Ballyglass, Clare",627,302,3962,4891,114,134,272,283,600,196,179,1206,978
Clare,2ae19629-1fd1-13a3-e055-000000000001,"Ballynacally, Clare",22,1,172,195,9,9,11,18,23,6,8,46,42
Clare,2ae19629-1fd9-13a3-e055-000000000001,"Ballynahinch, Clare",21,9,177,207,7,6,16,10,22,1,10,37,68
Clare,2ae19629-1fda-13a3-e055-000000000001,"Ballysteen, Clare",24,11,304,339,12,10,14,17,49,8,13,89,92
Clare,2ae19629-1fdb-13a3-e055-000000000001,"Ballyvaskin, Clare",31,16,292,339,6,11,23,29,47,15,14,75,72
Clare,2ae19629-1fe3-13a3-e055-000000000001,"Boherglass, Clare",31,11,190,232,5,11,11,14,41,2,4,46,56
Clare,2ae19629-1fe4-13a3-e055-000000000001,"Boston, Clare",27,10,258,295,13,5,13,10,41,8,8,92,68
Clare,2ae19629-1fe5-13a3-e055-000000000001,"Caher, Clare",18,5,166,189,7,3,11,11,31,5,5,43,50
Clare,2ae19629-1fed-13a3-e055-000000000001,"Caherhurly, Clare",28,5,138,171,3,4,14,4,11,11,6,48,37
Clare,2ae19629-1fef-13a3-e055-000000000001,"Cahermurphy, Clare",15,9,155,179,8,7,13,11,19,10,6,38,43
Clare,d2d757ef-f2c3-4a10-b5f8-f976c6c78335,"Cahermurphy/Corlea, Clare",12,7,145,164,6,3,8,7,8,6,4,51,52
Clare,2ae19629-1ff7-13a3-e055-000000000001,"Cappaghabaun, Clare",18,2,156,176,3,1,4,7,10,4,4,22,101
Clare,2ae19629-1ff8-13a3-e055-000000000001,"Cappavilla, Clare",764,56,238,1058,8,7,12,19,32,9,10,71,70
Clare,2ae19629-1ff9-13a3-e055-000000000001,"Carran, Clare",47,3,74,124,8,4,6,3,7,3,7,27,9
Clare,2ae19629-2003-13a3-e055-000000000001,"Carrowbaun, Clare",18,2,103,123,2,4,3,8,16,2,0,51,17
Clare,2ae19629-2004-13a3-e055-000000000001,"Castlecrine, Clare",43,20,321,384,12,7,21,19,42,19,23,104,74
Clare,2ae19629-2005-13a3-e055-000000000001,"Castletown, Clare",10,0,46,56,4,1,4,2,4,5,6,15,5
Clare,2ae19629-2006-13a3-e055-000000000001,"Clareabbey, Clare",287,158,2337,2782,77,57,148,187,342,121,107,795,503
Clare,2ae19629-200e-13a3-e055-000000000001,"Clenagh, Clare",926,737,7036,8699,305,235,525,739,1137,380,306,1682,1727
Clare,2ae19629-200f-13a3-e055-000000000001,"Cloghaun, Clare",18,8,140,166,5,4,6,8,16,7,9,48,37
Clare,2ae19629-2018-13a3-e055-000000000001,"Cloghera, Clare",77,26,382,485,19,9,27,27,49,19,14,133,85
Clare,2ae19629-2019-13a3-e055-000000000001,"Clondagad, Clare",74,21,445,540,34,13,31,38,69,20,14,123,103
Clare,2ae19629-2021-13a3-e055-000000000001,"Cloonadrum, Clare",43,21,328,392,16,19,20,19,63,16,14,65,96
Clare,2ae19629-2022-13a3-e055-000000000001,"Cloonanaha, Clare",22,4,193,219,18,7,18,18,23,10,9,45,45
Clare,2ae19629-2029-13a3-e055-000000000001,"Clooncoorha, Clare",36,11,254,301,16,11,21,15,46,10,9,58,68
Clare,2ae19629-202a-13a3-e055-000000000001,"Clooney, Clare, 037034",23,9,173,205,6,4,16,11,24,7,11,36,58
Clare,2ae19629-2037-13a3-e055-000000000001,"Clooney, Clare, 037035",63,20,338,421,8,4,20,27,53,17,20,127,62
Clare,2ae19629-2038-13a3-e055-000000000001,"Cloontra, Clare",37,8,174,219,7,9,16,7,14,8,12,59,42
Clare,2ae19629-1f9d-13a3-e055-000000000001,"Cloonusker, Clare",39,4,202,245,8,2,5,7,8,5,4,26,137
Clare,2ae19629-1f9e-13a3-e055-000000000001,"Coolmeen, Clare",4,7,196,207,18,7,16,9,49,6,12,44,35
Clare,2ae19629-1f9f-13a3-e055-000000000001,"Coolreagh, Clare",21,1,158,180,1,2,7,4,11,5,1,28,99
Clare,2ae19629-1fa8-13a3-e055-000000000001,"Cooraclare, Clare",51,23,356,430,16,12,32,15,61,20,14,96,90
Clare,2ae19629-1fb2-13a3-e055-000000000001,"Corrofin, Clare",111,69,906,1086,31,41,66,59,126,38,38,263,244
Clare,2ae19629-1fb3-13a3-e055-000000000001,"Cratloe, Clare",129,49,999,1177,15,16,44,52,124,42,57,389,260
Clare,2ae19629-1fbd-13a3-e055-000000000001,"Creegh, Clare",44,19,303,366,17,12,13,26,59,13,13,78,72
Clare,2ae19629-1fbe-13a3-e055-000000000001,"Crusheen, Clare",80,32,687,799,10,14,46,54,113,28,37,267,118
Clare,2ae19629-1fc6-13a3-e055-000000000001,"Dangan, Clare",24,5,162,191,11,6,9,20,27,6,5,58,20
Clare,2ae19629-1fc7-13a3-e055-000000000001,"Derreen, Clare",6,2,96,104,11,3,9,3,7,1,1,30,31
Clare,2ae19629-1fc8-13a3-e055-000000000001,"Derrynagittagh, Clare",11,4,116,131,8,4,10,8,6,6,6,32,36
Clare,2ae19629-1fd2-13a3-e055-000000000001,"Doonbeg, Clare",48,26,578,652,40,20,26,46,92,31,23,140,160
Clare,2ae19629-1fd3-13a3-e055-000000000001,"Doora, Clare",204,87,1380,1671,24,18,70,87,181,48,81,557,314
Clare,2ae19629-1fdc-13a3-e055-000000000001,"Drumcreehy, Clare",58,26,355,439,9,12,19,14,30,20,23,150,78
Clare,2ae19629-1fdd-13a3-e055-000000000001,"Drumellihy, Clare",36,18,304,358,17,13,21,23,49,9,12,79,81
Clare,2ae19629-1fe6-13a3-e055-000000000001,"Drumline, Clare",148,36,579,763,15,19,32,48,83,39,27,193,123
Clare,2ae19629-1fe7-13a3-e055-000000000001,"Drummaan, Clare",44,27,435,506,19,13,42,26,59,23,23,135,95
Clare,2ae19629-1ff0-13a3-e055-000000000001,"Dysert, Clare",30,9,240,279,5,10,28,24,31,10,10,48,74
Clare,2ae19629-1ff1-13a3-e055-000000000001,"Einagh, Clare",31,10,228,269,5,12,22,17,32,8,10,58,64
Clare,2ae19629-2034-13a3-e055-000000000001,"Ennis No. 1 Urban, Clare",121,101,1114,1336,53,49,92,79,161,40,33,229,378
Clare,2ae19629-1ffb-13a3-e055-000000000001,"Ennis No. 2 Urban, Clare",139,184,1444,1767,54,44,94,105,179,53,46,244,625
Clare,2ae19629-2035-13a3-e055-000000000001,"Ennis No. 3 Urban, Clare",9,19,146,174,4,4,6,5,17,10,6,40,54
Clare,2ae19629-2036-13a3-e055-000000000001,"Ennis No. 4 Urban, Clare",78,93,1159,1330,35,27,81,87,177,49,34,322,347
Clare,2ae19629-1ffa-13a3-e055-000000000001,"Ennis Rural, Clare",1663,1238,12333,15234,269,207,538,822,1661,520,554,4318,3444
Clare,2ae19629-1ffc-13a3-e055-000000000001,"Ennistimon, Clare",198,119,1763,2080,52,52,108,113,240,73,71,571,483
Clare,2ae19629-2007-13a3-e055-000000000001,"Fahymore, Clare",34,15,248,297,11,7,19,25,39,6,8,78,55
Clare,2ae19629-2008-13a3-e055-000000000001,"Feakle, Clare",46,14,321,381,5,3,17,10,17,8,4,37,220
Clare,2ae19629-2010-13a3-e055-000000000001,"Formoyle, Clare",18,8,152,178,10,10,12,16,22,1,6,30,45
Clare,2ae19629-2011-13a3-e055-000000000001,"Furroor, Clare",22,7,198,227,9,5,14,15,45,7,7,43,53
Clare,2ae19629-201a-13a3-e055-000000000001,"Glendree, Clare",15,9,130,154,4,5,7,5,12,6,7,53,31
Clare,2ae19629-201b-13a3-e055-000000000001,"Gleninagh, Clare",12,5,107,124,1,6,4,7,15,2,4,42,26
Clare,2ae19629-2023-13a3-e055-000000000001,"Glenmore, Clare",26,11,265,302,14,14,38,25,44,15,13,48,54
Clare,474c0dcb-9782-425a-b173-468d6e8de86e,"Inishcaltra South/Inishcaltra North, Clare",31,14,263,308,7,4,15,13,21,8,7,72,116
Clare,2ae19629-202d-13a3-e055-000000000001,"Kilballyowen, Clare",20,6,185,211,18,4,18,17,20,7,14,33,54
Clare,2ae19629-202e-13a3-e055-000000000001,"Kilchreest, Clare",36,13,314,363,18,14,31,25,54,19,16,82,55
Clare,2ae19629-202f-13a3-e055-000000000001,"Kilcloher, Clare",95,15,493,603,12,19,30,35,86,20,22,151,118
Clare,2ae19629-2039-13a3-e055-000000000001,"Kilfearagh, Clare",27,15,268,310,13,9,24,22,37,11,11,53,88
Clare,2ae19629-203a-13a3-e055-000000000001,"Kilfenora, Clare",39,22,273,334,15,9,20,14,24,17,17,78,79
Clare,2ae19629-1fa0-13a3-e055-000000000001,"Kilfiddane, Clare",24,13,247,284,17,8,16,17,40,11,14,64,60
Clare,2ae19629-1fa1-13a3-e055-000000000001,"Kilkee, Clare",70,46,918,1034,48,22,64,69,104,27,25,170,389
Clare,2ae19629-1fa2-13a3-e055-000000000001,"Kilkishen, Clare",70,32,700,802,29,22,53,66,128,29,25,184,164
Clare,2ae19629-1faa-13a3-e055-000000000001,"Killadysert, Clare",78,35,670,783,42,26,50,70,113,30,37,140,162
Clare,2ae19629-1fab-13a3-e055-000000000001,"Killaloe, Clare",167,104,1571,1842,61,47,101,117,163,57,74,541,410
Clare,2ae19629-1fac-13a3-e055-000000000001,"Killanena, Clare",23,10,187,220,16,9,19,10,13,2,4,49,65
Clare,2ae19629-1fb4-13a3-e055-000000000001,"Killanniv, Clare",85,28,550,663,28,19,32,39,100,17,26,152,137
Clare,2ae19629-1fb5-13a3-e055-000000000001,"Killard, Clare",23,7,219,249,8,6,15,16,37,10,7,56,64
Clare,2ae19629-1fb6-13a3-e055-000000000001,"Killaspuglonane, Clare",27,6,218,251,7,10,14,12,34,15,16,65,45
Clare,2ae19629-1fbf-13a3-e055-000000000001,"Killeely, Clare",82,46,606,734,14,9,43,34,53,28,31,210,184
Clare,2ae19629-1fc0-13a3-e055-000000000001,"Killilagh, Clare",47,35,584,666,24,16,36,29,82,22,32,193,150
Clare,2ae19629-1fc9-13a3-e055-000000000001,"Killimer, Clare",45,7,311,363,14,11,22,32,42,17,15,71,87
Clare,2ae19629-1fca-13a3-e055-000000000001,"Killinaboy, Clare",33,11,247,291,13,7,20,21,37,11,16,63,59
Clare,2ae19629-1fcb-13a3-e055-000000000001,"Killofin, Clare",18,15,223,256,19,6,24,23,29,7,12,45,58
Clare,2ae19629-1fcc-13a3-e055-000000000001,"Killokennedy, Clare",14,2,105,121,5,3,2,11,12,5,5,34,28
Clare,2ae19629-1fd4-13a3-e055-000000000001,"Killone, Clare",65,20,408,493,12,13,20,32,60,21,26,126,98
Clare,2ae19629-1fd5-13a3-e055-000000000001,"Killuran, Clare",32,16,304,352,10,13,15,23,42,15,16,78,92
Clare,2ae19629-1fde-13a3-e055-000000000001,"Kilmihil, Clare",45,24,489,558,25,18,54,44,79,20,21,99,129
Clare,2ae19629-1fdf-13a3-e055-000000000001,"Kilmurry, Clare, 037094",23,7,199,229,9,13,17,14,21,9,8,56,52
Clare,2ae19629-1fe8-13a3-e055-000000000001,"Kilmurry, Clare, 037095",56,33,591,680,33,21,63,41,101,28,24,136,144
Clare,2ae19629-1fe9-13a3-e055-000000000001,"Kilnamona, Clare",92,28,634,754,26,17,39,51,88,31,38,222,122
Clare,2ae19629-1ff2-13a3-e055-000000000001,"Kilraghtis, Clare",72,11,363,446,6,4,23,24,44,21,22,129,90
Clare,2ae19629-1ff3-13a3-e055-000000000001,"Kilrush Rural, Clare",59,35,507,601,7,13,37,52,70,24,14,154,136
Clare,2ae19629-1ff4-13a3-e055-000000000001,"Kilrush Urban, Clare",145,164,1966,2275,163,92,150,158,246,87,59,369,642
Clare,2ae19629-1ffd-13a3-e055-000000000001,"Kilseily, Clare",87,30,531,648,22,14,27,37,91,25,29,161,125
Clare,2ae19629-1ffe-13a3-e055-000000000001,"Kilshanny, Clare",10,0,102,112,5,5,12,8,10,2,4,31,25
Clare,2ae19629-2009-13a3-e055-000000000001,"Kiltannon, Clare",25,10,133,168,3,5,3,8,25,10,8,47,24
Clare,2ae19629-200a-13a3-e055-000000000001,"Kiltenanlea, Clare",234,71,1252,1557,34,31,81,88,179,60,69,452,258
Clare,2ae19629-200b-13a3-e055-000000000001,"Kiltoraght, Clare",13,6,132,151,7,5,7,5,17,6,3,43,39
Clare,2ae19629-2012-13a3-e055-000000000001,"Kinturk, Clare",17,11,215,243,11,6,13,15,32,6,10,52,70
Clare,2ae19629-2013-13a3-e055-000000000001,"Knock, Clare",18,7,171,196,5,8,12,15,29,4,8,34,56
Clare,2ae19629-201c-13a3-e055-000000000001,"Knocknaboley, Clare",29,12,206,247,15,8,21,32,20,4,7,42,57
Clare,2ae19629-201d-13a3-e055-000000000001,"Knocknagore, Clare",13,9,152,174,10,4,10,12,27,4,8,34,43
Clare,2ae19629-201e-13a3-e055-000000000001,"Kyle, Clare",33,5,225,263,8,7,15,11,40,7,11,79,47
Clare,2ae19629-2025-13a3-e055-000000000001,"Lackareagh, Clare",13,2,86,101,3,2,7,6,9,2,0,32,25
Clare,2ae19629-2026-13a3-e055-000000000001,"Liscannor, Clare",13,15,338,366,14,6,17,16,44,11,15,109,106
Clare,2ae19629-2030-13a3-e055-000000000001,"Liscasey, Clare",49,9,388,446,30,15,25,32,65,11,13,104,93
Clare,2ae19629-2031-13a3-e055-000000000001,"Lisdoonvarna, Clare",111,53,867,1031,29,19,35,27,62,17,21,118,539
Clare,2ae19629-203b-13a3-e055-000000000001,"Lisheen, Clare",66,16,430,512,17,13,37,35,58,18,18,130,104
Clare,2ae19629-203c-13a3-e055-000000000001,"Loughea, Clare",16,9,108,133,5,3,14,9,12,4,3,25,33
Clare,2ae19629-1fa3-13a3-e055-000000000001,"Lurraga, Clare",21,4,212,237,9,6,16,11,22,7,7,55,79
Clare,2ae19629-1fa4-13a3-e055-000000000001,"Magherareagh, Clare",27,7,224,258,13,4,18,27,26,10,8,57,61
Clare,2ae19629-1fad-13a3-e055-000000000001,"Milltown Malbay, Clare",107,79,1290,1476,37,29,91,108,157,67,42,396,363
Clare,2ae19629-1fae-13a3-e055-000000000001,"Mount Elva, Clare",5,2,69,76,4,0,6,7,10,1,1,22,18
Clare,2ae19629-1fb7-13a3-e055-000000000001,"Mountievers, Clare",140,69,876,1085,27,18,59,68,118,55,43,307,181
Clare,2ae19629-1fb8-13a3-e055-000000000001,"Mountshannon, Clare",40,24,328,392,6,11,18,18,49,19,10,121,76
Clare,ee73a85e-7ac6-4aa6-82d2-09c321be7258,"Moveen/Tullig, Clare",15,2,135,152,11,4,8,14,15,6,10,33,34
Clare,2ae19629-1fc1-13a3-e055-000000000001,"Moy, Clare",69,21,547,637,27,12,33,34,77,26,31,155,152
Clare,2ae19629-1fc2-13a3-e055-000000000001,"Moyarta, Clare",19,3,178,200,14,12,16,15,18,7,5,43,48
Clare,2ae19629-1fcd-13a3-e055-000000000001,"Muckanagh, Clare",34,9,245,288,8,5,20,19,31,8,11,84,59
Clare,2ae19629-1fce-13a3-e055-000000000001,"Mullagh, Clare",12,9,149,170,9,2,14,9,19,6,10,27,53
Clare,2ae19629-1fd6-13a3-e055-000000000001,"Newgrove, Clare",27,5,193,225,4,9,15,9,36,9,10,58,43
Clare,2ae19629-1fd7-13a3-e055-000000000001,"Newmarket, Clare",122,135,1446,1703,58,40,100,123,231,56,52,382,404
Clare,2ae19629-1fd8-13a3-e055-000000000001,"Noughaval, Clare",14,3,73,90,3,3,8,3,12,2,6,20,16
Clare,2ae19629-1fe0-13a3-e055-000000000001,"O'briensbridge, Clare",62,18,454,534,14,10,30,24,51,28,20,153,124
Clare,2ae19629-1fe1-13a3-e055-000000000001,"Ogonnelloe, Clare",93,15,506,614,11,12,23,18,47,16,27,214,138
Clare,2ae19629-1fe2-13a3-e055-000000000001,"Oughtmama, Clare",6,7,110,123,3,4,5,8,14,4,5,38,29
Clare,2ae19629-1fea-13a3-e055-000000000001,"Querrin, Clare",13,5,156,174,7,3,14,7,16,7,9,48,45
Clare,2ae19629-1feb-13a3-e055-000000000001,"Quin, Clare",162,44,957,1163,18,17,66,55,116,53,48,381,203
Clare,2ae19629-1fec-13a3-e055-000000000001,"Rahona, Clare",30,16,234,280,12,7,23,9,34,11,9,52,77
Clare,2ae19629-1ff5-13a3-e055-000000000001,"Rath, Clare",24,10,185,219,11,7,10,11,25,9,10,58,44
Clare,2ae19629-1ff6-13a3-e055-000000000001,"Rathborney, Clare",6,7,82,95,1,2,4,2,9,5,4,42,13
Clare,2ae19629-1fff-13a3-e055-000000000001,"Rathclooney, Clare",10,4,106,120,4,2,5,8,19,5,7,36,20
Clare,2ae19629-2000-13a3-e055-000000000001,"Rinealon, Clare",19,2,140,161,18,8,10,8,24,4,8,28,32
Clare,2ae19629-2001-13a3-e055-000000000001,"Rossroe, Clare",107,19,466,592,16,8,40,34,62,24,19,197,66
Clare,2ae19629-2002-13a3-e055-000000000001,"Ruan, Clare",67,27,511,605,18,11,41,35,71,21,19,154,141
Clare,2ae19629-200c-13a3-e055-000000000001,"Scarriff, Clare",132,35,1036,1203,25,21,47,46,97,30,33,214,523
Clare,2ae19629-200d-13a3-e055-000000000001,"Sixmilebridge, Clare",267,157,1748,2172,72,44,119,135,269,101,90,497,421
Clare,2ae19629-2014-13a3-e055-000000000001,"Smithstown, Clare",10,4,115,129,5,6,9,10,16,6,6,39,18
Clare,2ae19629-2015-13a3-e055-000000000001,"Spancelhill, Clare",77,19,493,589,11,8,32,23,60,20,33,180,126
Clare,2ae19629-2016-13a3-e055-000000000001,"St. Martin's, Clare",5,7,70,82,6,2,6,4,9,2,4,23,14
Clare,2ae19629-2017-13a3-e055-000000000001,"Templemaley, Clare",145,36,835,1016,24,20,55,45,105,25,54,302,205
Clare,2ae19629-201f-13a3-e055-000000000001,"Toberbreeda, Clare",20,10,110,140,3,5,5,7,12,4,4,35,35
Clare,2ae19629-2020-13a3-e055-000000000001,"Tomfinlough, Clare",83,17,451,551,13,10,30,28,63,17,25,173,92
Clare,2ae19629-2027-13a3-e055-000000000001,"Tulla, Clare",101,36,754,891,21,16,43,56,116,41,33,261,167
Clare,2ae19629-2032-13a3-e055-000000000001,"Tullycreen, Clare",7,4,106,117,3,3,10,12,12,4,5,29,28
Clare,2ae19629-2033-13a3-e055-000000000001,"Urlan, Clare",66,43,758,867,10,18,40,48,105,27,27,234,249
Cork North-Central,2ae19749-1f5b-13a3-e055-300000000001,"Ballincollig, Cork City",1570,1099,12379,15048,286,319,734,738,1494,575,625,5077,2531
Cork South-Central,2ae19629-214b-13a3-e055-000000000001,"Ballinlough A, Cork City",72,49,609,730,8,10,27,33,81,23,14,291,122
Cork South-Central,2ae19629-214c-13a3-e055-000000000001,"Ballinlough B, Cork City",160,51,1294,1505,22,27,65,87,179,48,50,592,224
Cork South-Central,2ae19629-214d-13a3-e055-000000000001,"Ballinlough C, Cork City",128,76,1217,1421,20,41,70,73,145,42,50,529,247
Cork South-Central,316a25a0-f7b6-4d01-b188-5efd7bd804c5,"Ballygarvan/Lehenagh, Cork City",366,225,2627,3218,61,79,191,163,342,86,115,933,657
Cork South-Central,2ae19629-214e-13a3-e055-000000000001,"Ballyphehane A, Cork City",49,20,503,572,45,44,67,41,71,13,14,89,119
Cork South-Central,2ae19629-2157-13a3-e055-000000000001,"Ballyphehane B, Cork City",61,32,627,720,52,53,63,56,85,24,26,105,163
Cork South-Central,2ae19629-2158-13a3-e055-000000000001,"Bishopstown A, Cork City",945,128,999,2072,22,15,39,30,66,31,31,376,389
Cork South-Central,2ae19629-2159-13a3-e055-000000000001,"Bishopstown B, Cork City",533,128,1161,1822,56,47,87,64,120,34,37,417,299
Cork South-Central,2ae19629-215a-13a3-e055-000000000001,"Bishopstown C, Cork City",559,232,3511,4302,102,63,128,159,304,126,120,1404,1105
Cork South-Central,2ae19629-215c-13a3-e055-000000000001,"Bishopstown D, Cork City",158,64,1090,1312,15,23,39,69,134,55,50,518,187
Cork South-Central,2ae19629-215b-13a3-e055-000000000001,"Bishopstown E, Cork City",289,247,2240,2776,50,44,119,105,195,63,86,1003,575
Cork South-Central,2ae19629-1efc-13a3-e055-000000000001,"Bishopstown, Cork City",37,21,300,358,17,10,18,17,25,5,8,112,88
Cork North-Central,2ae19629-215d-13a3-e055-000000000001,"Blackpool A, Cork City",62,56,533,651,42,34,37,37,57,20,14,80,212
Cork North-Central,2ae19629-215e-13a3-e055-000000000001,"Blackpool B, Cork City",191,276,1637,2104,48,40,86,80,125,48,45,537,628
Cork North-Central,2ae19789-1f5b-13a3-e055-700000000001,"Blarney, Cork City",421,245,3477,4143,142,116,247,268,440,185,159,1191,729
Cork South-Central,2ae19629-215f-13a3-e055-000000000001,"Browningstown, Cork City",97,34,734,865,7,8,30,35,74,25,34,380,141
Cork North-Central,2ae19629-1f5b-13a3-e055-200000000001,"Caherlag, Cork City",485,207,2697,3389,52,52,148,194,370,136,150,1088,507
Cork South-Central,591bceee-1721-4c8d-865f-1e0bd869b6ad,"Carrigaline/Monkstown Rural/Douglas, Cork City",2073,1084,14657,17814,224,263,642,692,1712,594,659,6794,3077
Cork North-Central,2ae19849-1f5b-13a3-e055-140000000001,"Carrigrohanebeg, Cork City",84,35,691,810,20,15,46,42,83,42,39,267,137
Cork South-Central,2ae19629-2160-13a3-e055-000000000001,"Centre A, Cork City",97,121,837,1055,15,5,28,35,64,24,24,341,301
Cork South-Central,2ae19629-2161-13a3-e055-000000000001,"Centre B, Cork City",203,319,1687,2209,47,21,41,40,86,58,52,673,669
Cork North-Central,2ae19629-2162-13a3-e055-000000000001,"Churchfield, Cork City",107,91,1126,1324,110,59,80,93,106,24,19,114,521
Cork South-Central,2ae19629-2163-13a3-e055-000000000001,"City Hall A, Cork City",75,150,885,1110,20,17,29,23,48,30,17,475,226
Cork South-Central,2ae19629-2164-13a3-e055-000000000001,"City Hall B, Cork City",81,88,944,1113,22,27,33,23,72,21,32,459,255
Cork North-Central,2ae19629-2165-13a3-e055-000000000001,"Commons, Cork City",89,93,722,904,42,21,46,40,77,19,24,157,296
Cork South-Central,7c85cece-22eb-4ebb-8d1f-9c0f734eaea8,"Douglas/Lehenagh, Cork City",846,430,4970,6246,107,125,243,258,614,225,256,2044,1098
Cork South-Central,2ae19629-2166-13a3-e055-000000000001,"Evergreen, Cork City",102,125,1082,1309,33,20,47,49,100,39,26,483,285
Cork North-Central,2ae19629-2167-13a3-e055-000000000001,"Fair Hill A, Cork City",57,42,513,612,43,53,46,35,34,15,6,54,227
Cork North-Central,2ae19629-2172-13a3-e055-000000000001,"Fair Hill B, Cork City",38,34,595,667,69,58,59,58,49,18,9,62,213
Cork North-Central,2ae19629-2173-13a3-e055-000000000001,"Fair Hill C, Cork City",236,180,2540,2956,244,219,298,222,302,60,59,254,882
Cork North-Central,2ae19629-2174-13a3-e055-000000000001,"Farranferris A, Cork City",151,175,1391,1717,84,74,124,79,154,37,30,310,499
Cork North-Central,2ae19629-2175-13a3-e055-000000000001,"Farranferris B, Cork City",60,44,624,728,61,50,48,49,64,17,11,56,268
Cork North-Central,2ae19629-2176-13a3-e055-000000000001,"Farranferris C, Cork City",50,63,526,639,33,29,39,38,60,14,10,82,221
Cork South-Central,2ae19629-2178-13a3-e055-000000000001,"Gillabbey A, Cork City",882,256,1253,2391,27,27,48,37,93,37,39,521,424
Cork South-Central,2ae19629-2179-13a3-e055-000000000001,"Gillabbey B, Cork City",435,86,595,1116,37,20,32,18,52,20,20,234,162
Cork South-Central,2ae19629-217a-13a3-e055-000000000001,"Gillabbey C, Cork City",1056,98,856,2010,16,9,23,17,54,19,27,415,276
Cork South-Central,2ae19629-217b-13a3-e055-000000000001,"Glasheen A, Cork City",136,49,506,691,11,10,19,24,29,11,17,252,133
Cork South-Central,2ae19629-217c-13a3-e055-000000000001,"Glasheen B, Cork City",302,53,418,773,12,6,16,23,20,14,18,226,83
Cork South-Central,2ae19629-217d-13a3-e055-000000000001,"Glasheen C, Cork City",294,153,1962,2409,122,79,154,114,239,54,55,608,537
Cork South-Central,2ae19629-217e-13a3-e055-000000000001,"Greenmount, Cork City",210,140,1514,1864,76,57,113,94,185,55,43,532,359
Cork North-Central,2ae19629-217f-13a3-e055-000000000001,"Gurranebraher A, Cork City",53,30,523,606,38,42,53,41,70,17,7,62,193
Cork North-Central,2ae19629-2180-13a3-e055-000000000001,"Gurranebraher B, Cork City",44,46,478,568,35,13,38,38,33,10,6,85,220
Cork North-Central,2ae19629-2181-13a3-e055-000000000001,"Gurranebraher C, Cork City",68,110,810,988,59,46,57,41,82,28,11,167,319
Cork North-Central,2ae19629-2177-13a3-e055-000000000001,"Gurranebraher D, Cork City",72,44,665,781,65,48,58,68,80,17,21,91,217
Cork North-Central,2ae19629-2182-13a3-e055-000000000001,"Gurranebraher E, Cork City",75,48,823,946,92,67,84,72,101,24,14,105,264
Cork South-Central,2ae19809-1f5b-13a3-e055-900000000001,"Inishkenny, Cork City",423,466,3071,3960,65,70,161,140,367,142,157,1394,575
Cork North-Central,2ae19629-2183-13a3-e055-000000000001,"Knocknaheeny, Cork City",357,279,2647,3283,219,160,245,231,235,50,38,231,1238
Cork South-Central,2ae19629-2184-13a3-e055-000000000001,"Knockrea A, Cork City",138,92,1065,1295,18,14,30,31,90,43,38,591,210
Cork South-Central,2ae19629-218c-13a3-e055-000000000001,"Knockrea B, Cork City",131,55,793,979,11,11,25,26,68,21,30,437,164
Cork South-Central,2ae19629-218d-13a3-e055-000000000001,"Mahon A, Cork City",472,286,3733,4491,131,119,234,225,429,124,137,1407,927
Cork South-Central,2ae19629-218e-13a3-e055-000000000001,"Mahon B, Cork City",441,368,3353,4162,137,130,270,206,424,142,120,1086,838
Cork South-Central,2ae19629-218f-13a3-e055-000000000001,"Mahon C, Cork City",286,114,2398,2798,71,57,135,145,288,102,101,999,500
Cork South-Central,2ae19629-2190-13a3-e055-000000000001,"Mardyke, Cork City",271,124,582,977,9,2,10,21,37,23,25,270,185
Cork North-Central,2ae19769-1f5b-13a3-e055-500000000001,"Matehy, Cork City",208,61,1195,1464,28,38,75,64,152,62,65,423,288
Cork North-Central,2ae19629-2191-13a3-e055-000000000001,"Mayfield, Cork City",225,155,1945,2325,224,180,244,169,299,71,60,295,403
Cork North-Central,2ae19629-2192-13a3-e055-000000000001,"Montenotte A, Cork City",119,68,1304,1491,36,36,63,68,139,48,37,567,310
Cork North-Central,2ae19629-2193-13a3-e055-000000000001,"Montenotte B, Cork City",174,107,1828,2109,86,112,137,137,242,56,63,487,508
Cork North-West,2ae19819-1f5b-13a3-e055-110000000001,"Ovens, Cork City",144,90,1014,1248,10,12,26,46,90,39,50,587,154
Cork South-Central,2ae19629-2194-13a3-e055-000000000001,"Pouladuff A, Cork City",45,22,596,663,70,45,78,56,82,22,12,152,79
Cork South-Central,2ae19629-2195-13a3-e055-000000000001,"Pouladuff B, Cork City",101,73,1239,1413,131,108,150,125,185,42,37,217,244
Cork North-Central,2ae19779-1f5b-13a3-e055-600000000001,"Rathcooney, Cork City",786,409,5666,6861,186,199,400,433,804,247,266,1735,1396
Cork North-Central,2ae19629-1f5b-13a3-e055-100000000001,"Riverstown, Cork City",461,193,2467,3121,47,78,151,186,324,132,127,940,482
Cork North-Central,2ae19629-2196-13a3-e055-000000000001,"Shanakiel, Cork City",335,235,2559,3129,111,113,159,214,266,86,77,703,830
Cork North-Central,2ae19629-2197-13a3-e055-000000000001,"Shandon A, Cork City",114,297,1503,1914,42,28,52,43,91,54,57,563,573
Cork North-Central,2ae19629-2198-13a3-e055-000000000001,"Shandon B, Cork City",127,170,1012,1309,29,20,33,26,57,30,33,311,473
Cork South-Central,2ae19629-2199-13a3-e055-000000000001,"South Gate A, Cork City",421,342,1634,2397,11,13,21,37,78,40,58,732,644
Cork South-Central,2ae19629-219a-13a3-e055-000000000001,"South Gate B, Cork City",140,106,750,996,26,22,32,24,41,25,25,259,296
Cork North-Central,6b896afd-b53d-4ebc-bd6e-0154e333b3af,"St. Mary's (East), Cork City",269,97,1471,1837,41,81,145,142,272,71,57,325,337
Cork North-Central,2ae19629-21cb-13a3-e055-000000000001,"St. Mary's (West), Cork City",372,180,2527,3079,88,88,161,194,293,77,95,781,750
Cork North-Central,2ae19629-21a6-13a3-e055-000000000001,"St. Patrick's A, Cork City",149,212,1394,1755,10,23,32,44,80,35,46,554,570
Cork North-Central,2ae19629-21a7-13a3-e055-000000000001,"St. Patrick's B, Cork City",158,184,967,1309,20,8,27,32,77,37,35,433,298
Cork North-Central,2ae19629-21a8-13a3-e055-000000000001,"St. Patrick's C, Cork City",63,70,660,793,10,10,35,31,45,21,16,284,208
Cork North-Central,2ae19629-21a9-13a3-e055-000000000001,"Sunday's Well A, Cork City",61,40,554,655,11,18,12,20,41,11,18,230,193
Cork North-Central,2ae19629-21aa-13a3-e055-000000000001,"Sunday's Well B, Cork City",135,129,662,926,12,13,23,25,50,18,23,280,218
Cork North-Central,2ae19629-21ab-13a3-e055-000000000001,"The Glen A, Cork City",236,160,1697,2093,112,100,119,88,142,47,30,241,818
Cork North-Central,2ae19629-21ac-13a3-e055-000000000001,"The Glen B, Cork City",299,187,2639,3125,209,177,318,229,374,103,79,415,735
Cork South-Central,2ae19629-21ad-13a3-e055-000000000001,"The Lough, Cork City",287,91,1116,1494,51,42,64,59,105,37,33,373,352
Cork North-Central,2ae19629-21ae-13a3-e055-000000000001,"Tivoli A, Cork City",149,149,1242,1540,18,16,41,37,112,54,41,537,386
Cork North-Central,2ae19629-21af-13a3-e055-000000000001,"Tivoli B, Cork City",185,161,1902,2248,82,79,180,168,291,72,66,485,479
Cork South-Central,2ae19629-21b0-13a3-e055-000000000001,"Togher A, Cork City",177,143,1600,1920,101,96,171,130,191,57,34,249,571
Cork South-Central,2ae19629-21b1-13a3-e055-000000000001,"Togher B, Cork City",26,46,529,601,52,30,74,40,87,14,12,123,97
Cork South-Central,2ae19629-21b2-13a3-e055-000000000001,"Tramore A, Cork City",55,63,546,664,16,14,18,24,51,16,14,214,179
Cork South-Central,2ae19629-21b3-13a3-e055-000000000001,"Tramore B, Cork City",92,33,733,858,8,16,28,40,86,24,32,384,115
Cork South-Central,2ae19629-21b4-13a3-e055-000000000001,"Tramore C, Cork City",230,160,2128,2518,67,94,170,139,261,87,90,857,363
Cork South-Central,2ae19629-21b5-13a3-e055-000000000001,"Turner's Cross A, Cork City",59,44,614,717,20,19,31,24,51,30,17,271,151
Cork South-Central,2ae19629-21b6-13a3-e055-000000000001,"Turner's Cross B, Cork City",84,66,943,1093,42,32,68,59,106,39,32,317,248
Cork South-Central,2ae19629-21b7-13a3-e055-000000000001,"Turner's Cross C, Cork City",50,31,557,638,29,31,65,35,79,20,11,174,113
Cork South-Central,2ae19629-21c0-13a3-e055-000000000001,"Turner's Cross D, Cork City",39,22,372,433,12,11,40,35,47,16,9,120,82
Cork North-Central,2ae19759-1f5b-13a3-e055-400000000001,"Whitechurch, Cork City",86,58,750,894,33,31,50,63,109,33,43,236,152
Cork South-West,2ae19629-203d-13a3-e055-000000000001,"Abbeymahon, Cork County",69,33,491,593,30,6,33,29,72,38,22,149,112
Cork South-West,2ae19629-203e-13a3-e055-000000000001,"Adrigole, Cork County",41,11,376,428,32,14,49,16,48,7,15,102,93
Cork South-West,2ae19629-203f-13a3-e055-000000000001,"Aghadown North, Cork County",32,6,224,262,10,12,27,18,39,7,5,58,48
Cork South-West,2ae19629-2040-13a3-e055-000000000001,"Aghadown South, Cork County",44,14,463,521,15,15,34,23,64,25,14,152,121
Cork East,2ae19629-2041-13a3-e055-000000000001,"Aghern, Cork County",22,12,161,195,8,5,13,8,31,11,4,54,27
Cork North-West,2ae19629-1f9a-13a3-e055-000000000001,"Aghinagh, Cork County",51,9,340,400,9,16,25,27,39,19,11,137,57
Cork North-West,2ae19629-1f9b-13a3-e055-000000000001,"Aglish, Cork County",160,39,998,1197,23,30,76,55,127,50,52,376,209
Cork South-West,2ae19629-1f9c-13a3-e055-000000000001,"Ahil, Cork County",24,7,181,212,19,7,12,11,19,12,8,43,50
Cork North-West,2ae19629-1fa5-13a3-e055-000000000001,"Allow, Cork County",34,31,348,413,22,16,28,30,52,17,11,89,83
Cork East,2ae19629-1fa6-13a3-e055-000000000001,"Ardagh, Cork County",52,23,493,568,23,23,25,35,75,25,25,143,119
Cork South-West,2ae19629-1fa7-13a3-e055-000000000001,"Ardfield, Cork County",69,13,572,654,14,17,31,35,65,25,32,233,120
Cork North-West,2ae19629-1f0b-13a3-e055-000000000001,"Ardskeagh, Cork County",42,10,331,383,13,7,28,15,50,17,9,111,81
Cork South-West,2ae19629-1f0c-13a3-e055-000000000001,"Argideen, Cork County",38,14,260,312,10,8,18,18,29,12,17,88,60
Cork North-West,2ae19629-1f0d-13a3-e055-000000000001,"Aultagh, Cork County",37,9,247,293,12,12,18,21,33,13,8,74,56
Cork South-West,2ae19629-1f17-13a3-e055-000000000001,"Ballinadee, Cork County",55,19,375,449,10,15,21,18,38,18,21,144,90
Cork North-Central,2ae19629-1f18-13a3-e055-000000000001,"Ballincollig, Cork County",168,29,915,1112,33,27,50,55,108,38,58,373,173
Cork South-West,2ae19629-1f19-13a3-e055-000000000001,"Ballingurteen, Cork County",74,23,486,583,22,21,34,23,73,27,24,146,116
Cork South-West,2ae19629-1f21-13a3-e055-000000000001,"Ballinspittle, Cork County",68,24,452,544,26,18,27,17,48,28,22,166,100
Cork East,2ae19629-1f22-13a3-e055-000000000001,"Ballintemple, Cork County",39,16,445,500,23,19,30,18,51,16,19,132,137
Cork East,2ae19629-1f23-13a3-e055-000000000001,"Ballyarthur, Cork County",32,7,208,247,16,4,16,17,30,14,8,62,41
Cork South-West,2ae19629-1f2b-13a3-e055-000000000001,"Ballybane, Cork County",20,10,227,257,11,8,24,7,26,5,14,78,54
Cork North-West,2ae19629-1f2c-13a3-e055-000000000001,"Ballyclogh, Cork County",82,10,530,622,33,13,28,37,65,30,30,194,100
Cork East,2ae19629-1f2d-13a3-e055-000000000001,"Ballycottin, Cork County",136,83,1386,1605,48,43,71,100,169,58,60,497,340
Cork South-West,2ae19629-1f36-13a3-e055-000000000001,"Ballydehob, Cork County",58,27,705,790,33,34,58,42,87,22,32,252,145
Cork South-West,2ae19629-1f37-13a3-e055-000000000001,"Ballyfeard, Cork County",42,12,264,318,15,9,17,6,29,16,12,105,55
Cork South-West,2ae19629-1f38-13a3-e055-000000000001,"Ballyfoyle, Cork County",34,15,246,295,8,5,14,7,31,7,12,123,39
Cork South-Central,2ae19629-1f39-13a3-e055-000000000001,"Ballygarvan, Cork County",196,63,1236,1495,37,35,76,90,164,55,62,470,247
Cork North-West,2ae19629-1f43-13a3-e055-000000000001,"Ballygroman, Cork County",146,75,1097,1318,23,22,51,48,149,44,64,491,205
Cork North-West,2ae19629-1f44-13a3-e055-000000000001,"Ballyhoolahan, Cork County",25,10,201,236,11,6,14,7,39,12,6,63,43
Cork East,2ae19629-1f45-13a3-e055-000000000001,"Ballyhooly, Cork County",86,38,629,753,25,11,41,40,75,29,44,252,112
Cork South-West,2ae19629-1f46-13a3-e055-000000000001,"Ballymackean, Cork County",17,10,267,294,20,9,21,18,19,8,14,100,58
Cork South-West,2ae19629-1f4f-13a3-e055-000000000001,"Ballymartle, Cork County",155,61,867,1083,20,20,59,47,111,56,49,356,149
Cork South-West,2ae19629-1f50-13a3-e055-000000000001,"Ballymodan, Cork County",461,281,2986,3728,140,93,219,181,402,173,157,875,746
Cork South-West,2ae19629-1f57-13a3-e055-000000000001,"Ballymoney, Cork County",75,25,619,719,34,18,48,30,73,33,33,178,172
Cork North-West,2ae19629-1f58-13a3-e055-000000000001,"Ballymurphy, Cork County",115,40,630,785,25,12,48,27,76,34,37,227,144
Cork North-Central,2ae19629-1f59-13a3-e055-000000000001,"Ballynaglogh, Cork County",48,17,277,342,14,15,24,11,41,17,19,79,57
Cork North-Central,2ae19629-1f66-13a3-e055-000000000001,"Ballynamona, Cork County",113,25,666,804,29,19,46,44,86,42,33,227,140
Cork East,2ae19629-1f67-13a3-e055-000000000001,"Ballynoe, Cork County",73,27,493,593,21,13,35,23,52,28,28,187,106
Cork East,2ae19629-1f71-13a3-e055-000000000001,"Ballyspillane, Cork County",39,11,231,281,7,9,13,8,22,18,18,82,54
Cork South-West,2ae19629-214a-13a3-e055-000000000001,"Bandon, Cork County",101,234,1546,1881,70,54,97,91,219,88,72,357,498
Cork North-West,2ae19629-1f72-13a3-e055-000000000001,"Banteer, Cork County",43,17,547,607,28,21,59,38,72,24,20,159,126
Cork South-West,2ae19629-1f74-13a3-e055-000000000001,"Bantry Urban, Cork County",191,240,2308,2739,134,95,204,208,295,98,94,565,615
Cork North-West,2ae19629-1f80-13a3-e055-000000000001,"Barleyhill, Cork County",54,21,383,458,22,13,28,29,51,22,18,77,123
Cork North-West,2ae19629-1f81-13a3-e055-000000000001,"Barnacurra, Cork County",23,8,156,187,6,13,24,8,24,10,3,40,28
Cork South-West,2ae19629-1f89-13a3-e055-000000000001,"Baurleigh, Cork County",52,5,245,302,9,9,8,10,29,18,17,78,67
Cork North-West,2ae19629-1f8a-13a3-e055-000000000001,"Bawncross, Cork County",36,7,260,303,6,8,12,13,14,6,4,45,152
Cork North-West,2ae19629-1f92-13a3-e055-000000000001,"Béal Átha an Ghaorthaidh (Dún Mánmhaí), Corcaigh",18,9,142,169,7,9,10,5,20,4,6,45,36
Cork North-West,2ae19629-1f93-13a3-e055-000000000001,"Béal Átha an Ghaorthaidh (Maigh Chromtha), Corcaigh",34,14,401,449,22,33,45,23,38,14,32,114,80
Cork North-West,2ae19629-1ef9-13a3-e055-000000000001,"Bealock, Cork County",24,8,197,229,10,8,17,13,31,6,10,55,47
Cork South-West,2ae19629-1efa-13a3-e055-000000000001,"Bear, Cork County",20,6,159,185,12,3,12,8,29,5,7,45,38
Cork North-West,2ae19629-1efb-13a3-e055-000000000001,"Bengour, Cork County",28,13,211,252,6,8,16,5,25,17,19,74,41
Cork North-Central,2ae19629-1f05-13a3-e055-000000000001,"Blackpool, Cork County",137,19,717,873,37,32,55,43,91,30,41,244,144
Cork North-Central,2ae19629-1f06-13a3-e055-000000000001,"Blarney, Cork County",79,24,456,559,24,14,33,39,47,28,25,179,67
Cork North-West,2ae19629-1f0e-13a3-e055-000000000001,"Boherboy, Cork County",40,55,504,599,36,26,47,37,68,24,24,131,111
Cork South-West,2ae19629-1f0f-13a3-e055-000000000001,"Boulteen, Cork County",82,27,439,548,18,13,24,25,39,21,27,189,83
Cork South-West,2ae19629-1f10-13a3-e055-000000000001,"Bredagh, Cork County",51,21,476,548,33,24,33,29,67,38,23,120,109
Cork North-West,2ae19629-1f1a-13a3-e055-000000000001,"Brinny, Cork County",70,13,451,534,13,16,19,34,54,17,32,169,97
Cork South-West,2ae19629-1f1b-13a3-e055-000000000001,"Butlerstown, Cork County",38,14,313,365,20,6,20,18,43,17,22,113,54
Cork North-West,2ae19629-1f1c-13a3-e055-000000000001,"Buttevant, Cork County",156,103,1324,1583,72,47,110,116,159,59,51,331,379
Cork South-West,2ae19629-1f24-13a3-e055-000000000001,"Caheragh, Cork County",27,9,212,248,17,5,22,18,33,12,5,41,59
Cork North-West,2ae19629-1f25-13a3-e055-000000000001,"Caherbarnagh, Cork County",35,10,401,446,30,16,39,26,50,17,15,124,84
Cork North-West,2ae19629-1f2e-13a3-e055-000000000001,"Caherduggan, Cork County",43,25,423,491,12,14,21,30,68,17,30,147,84
Cork North-Central,2ae19629-1f2f-13a3-e055-000000000001,"Caherlag, Cork County",314,149,2444,2907,89,68,153,154,333,132,130,943,442
Cork South-West,2ae19629-1f30-13a3-e055-000000000001,"Cahermore, Cork County",30,8,293,331,16,8,23,9,27,14,20,74,102
Cork North-West,2ae19629-1f3a-13a3-e055-000000000001,"Ceann Droma, Corcaigh",30,12,222,264,5,11,17,11,34,8,13,69,54
Cork North-West,2ae19629-1f3b-13a3-e055-000000000001,"Cannaway, Cork County",70,19,443,532,18,14,27,25,52,20,23,179,85
Cork South-West,2ae19629-1f3c-13a3-e055-000000000001,"Cléire, Corcaigh",15,10,246,271,11,9,19,8,29,11,12,97,50
Cork East,2ae19629-1f3d-13a3-e055-000000000001,"Carrig, Cork County, 047069",17,5,157,179,11,1,13,17,19,10,6,43,37
Cork North-Central,2ae19629-1f47-13a3-e055-000000000001,"Carrig, Cork County, 047070",18,5,103,126,7,2,8,4,11,3,5,24,39
Cork South-Central,2ae19629-1f48-13a3-e055-000000000001,"Carrigaline, Cork County, 047071",207,157,1961,2325,72,55,95,125,242,101,114,741,416
Cork South-Central,2ae19629-1f49-13a3-e055-000000000001,"Carrigaline, Cork County, 047072",1304,715,8261,10280,163,205,476,568,1156,437,477,3223,1556
Cork South-West,2ae19629-1f51-13a3-e055-000000000001,"Carrigbaun, Cork County",26,10,263,299,23,15,32,15,40,13,13,58,54
Cork North-West,2ae19629-1f52-13a3-e055-000000000001,"Carrigboy, Cork County",72,13,346,431,13,12,37,24,34,18,16,91,101
Cork North-Central,2ae19629-1f5a-13a3-e055-000000000001,"Carrignavar, Cork County",127,42,868,1037,28,36,69,65,113,33,37,305,182
Cork North-Central,2ae19629-1f5b-13a3-e055-000000000001,"Carrigrohanebeg, Cork County",54,14,440,508,5,11,24,28,38,20,17,189,108
Cork East,2ae19629-1f68-13a3-e055-000000000001,"Carrigtohill, Cork County",644,545,4757,5946,121,104,271,283,623,255,285,1865,950
Cork South-West,2ae19629-1f69-13a3-e055-000000000001,"Cashel, Cork County",53,17,283,353,10,13,22,18,38,16,15,111,40
Cork East,2ae19629-1f6a-13a3-e055-000000000001,"Castle Hyde, Cork County",82,21,607,710,19,24,41,27,90,31,27,177,171
Cork East,2ae19629-1f75-13a3-e055-000000000001,"Castlecooke, Cork County",13,8,145,166,13,5,17,14,17,8,13,35,23
Cork North-West,2ae19629-1f76-13a3-e055-000000000001,"Castlecor, Cork County",33,13,309,355,16,12,27,15,48,13,17,93,68
Cork South-West,2ae19629-1f77-13a3-e055-000000000001,"Castlehaven North, Cork County",67,26,575,668,32,20,44,40,81,44,26,184,104
Cork South-West,2ae19629-1f78-13a3-e055-000000000001,"Castlehaven South, Cork County",53,7,371,431,17,10,26,15,50,16,24,151,62
Cork East,2ae19629-1f79-13a3-e055-000000000001,"Castlelyons, Cork County",92,46,795,933,19,22,62,61,122,41,45,241,182
Cork North-West,2ae19629-1f82-13a3-e055-000000000001,"Castlemagner, Cork County",46,33,448,527,14,11,36,34,65,26,20,138,104
Cork East,2ae19629-1f83-13a3-e055-000000000001,"Castlemartyr, Cork County",115,38,721,874,21,25,39,35,97,32,38,258,176
Cork North-West,2ae19629-1f8b-13a3-e055-000000000001,"Castletown, Cork County",36,10,341,387,10,13,23,20,40,18,19,107,91
Cork East,2ae19629-1f84-13a3-e055-000000000001,"Castletownroche, Cork County",61,47,634,742,52,24,58,50,75,26,21,148,180
Cork South-West,2ae19629-1f8c-13a3-e055-000000000001,"Castleventry, Cork County",22,10,196,228,12,9,11,6,22,7,15,73,41
Cork North-West,2ae19629-1f94-13a3-e055-000000000001,"Churchtown, Cork County",102,53,844,999,33,28,51,47,125,48,33,232,247
Cork North-West,2ae19629-1f95-13a3-e055-000000000001,"Claonráth, Corcaigh",16,2,151,169,7,9,17,13,13,14,8,42,28
Cork East,2ae19629-1ef3-13a3-e055-000000000001,"Clenor, Cork County",28,22,240,290,10,14,15,11,29,16,10,79,56
Cork South-West,2ae19629-1ef4-13a3-e055-000000000001,"Cloghdonnell, Cork County",27,12,281,320,10,14,35,14,40,8,16,84,60
Cork South-West,2ae19629-1f11-13a3-e055-000000000001,"Clonakilty Rural, Cork County",164,78,1461,1703,32,36,81,59,173,72,63,618,327
Cork South-West,2ae19629-1f12-13a3-e055-000000000001,"Clonakilty Urban, Cork County",346,346,2962,3654,131,77,197,153,393,168,138,933,772
Cork North-West,2ae19629-1f13-13a3-e055-000000000001,"Clondrohid, Cork County",67,39,630,736,30,39,51,44,77,40,24,169,156
Cork North-West,2ae19629-1f1d-13a3-e055-000000000001,"Clonfert East, Cork County",25,9,256,290,17,17,27,18,31,8,10,58,70
Cork North-West,2ae19629-1f1e-13a3-e055-000000000001,"Clonfert West, Cork County",9,3,118,130,9,5,16,4,14,3,4,26,37
Cork North-West,2ae19629-1f26-13a3-e055-000000000001,"Clonmeen, Cork County",17,11,199,227,8,7,15,9,28,4,8,77,43
Cork North-West,2ae19629-1f27-13a3-e055-000000000001,"Clonmoyle, Cork County",50,18,386,454,9,11,30,16,51,16,22,141,90
Cork East,2ae19629-1f28-13a3-e055-000000000001,"Clonmult, Cork County",14,1,145,160,9,2,10,8,36,9,6,44,21
Cork East,2ae19629-1f31-13a3-e055-000000000001,"Clonpriest, Cork County",97,52,831,980,25,32,60,44,103,32,38,232,265
Cork South-West,2ae19629-1f32-13a3-e055-000000000001,"Cloonkeen, Cork County",26,10,282,318,20,13,29,16,26,13,9,79,77
Cork East,2ae19629-1f3e-13a3-e055-000000000001,"Cloyne, Cork County",445,247,2931,3623,100,84,200,192,421,151,133,945,705
Cork East,2ae19629-1f3f-13a3-e055-000000000001,"Cobh Rural, Cork County",828,531,5588,6947,132,143,394,472,920,301,258,1771,1197
Cork East,2ae19629-1f40-13a3-e055-000000000001,"Cobh Urban, Cork County",572,378,4930,5880,170,177,425,413,733,210,211,1457,1134
Cork South-West,2ae19629-1f4a-13a3-e055-000000000001,"Coolagh, Cork County",17,6,159,182,11,8,9,9,21,8,5,59,29
Cork North-West,2ae19629-1f4b-13a3-e055-000000000001,"Coolclogh, Cork County",34,7,271,312,14,10,21,17,44,11,20,92,42
Cork South-West,2ae19629-1f4c-13a3-e055-000000000001,"Coolcraheen, Cork County",66,27,471,564,13,25,31,28,64,31,29,136,114
Cork East,2ae19629-1f53-13a3-e055-000000000001,"Coole, Cork County",107,53,743,903,29,17,52,46,89,40,45,229,196
Cork South-West,2ae19629-1f54-13a3-e055-000000000001,"Coolmain, Cork County",35,14,316,365,27,9,19,12,38,15,15,123,58
Cork North-West,2ae19629-1f5c-13a3-e055-000000000001,"Coolmountain, Cork County",34,14,298,346,15,9,30,16,42,15,14,78,79
Cork North-West,2ae19629-1f5d-13a3-e055-000000000001,"Coomlogane, Cork County",58,42,713,813,48,39,67,48,82,42,36,197,154
Cork East,2ae19629-1f5e-13a3-e055-000000000001,"Corkbeg, Cork County",262,98,1742,2102,45,42,100,112,236,80,84,573,470
Cork South-West,2ae19629-1f5f-13a3-e055-000000000001,"Coulagh, Cork County",35,18,448,501,18,22,37,24,71,25,25,124,102
Cork South-West,2ae19629-1f6b-13a3-e055-000000000001,"Courtmacsherry, Cork County",66,31,627,724,21,18,37,24,82,37,31,236,141
Cork North-West,2ae19629-1f6c-13a3-e055-000000000001,"Crinnaloo, Cork County",13,5,142,160,14,4,13,10,28,10,3,35,25
Cork South-West,2ae19629-1f6d-13a3-e055-000000000001,"Crookhaven, Cork County",14,5,175,194,18,6,7,9,10,7,9,46,63
Cork South-West,2ae19629-1f6e-13a3-e055-000000000001,"Cullen, Cork County, 047120",65,23,367,455,12,4,24,31,51,17,16,144,68
Cork North-West,2ae19629-1f7a-13a3-e055-000000000001,"Cullen, Cork County, 047121",26,23,309,358,11,10,27,13,65,17,9,75,82
Cork East,2ae19629-1f7b-13a3-e055-000000000001,"Curraglass, Cork County",32,14,291,337,14,12,22,12,33,14,16,98,70
Cork South-West,2ae19629-1f7c-13a3-e055-000000000001,"Curryglass, Cork County",30,15,309,354,22,19,35,28,35,15,15,73,67
Cork East,2ae19629-1f7d-13a3-e055-000000000001,"Dangan, Cork County",29,9,170,208,9,9,13,7,17,11,9,53,42
Cork North-West,2ae19629-1f85-13a3-e055-000000000001,"Derragh, Cork County",29,10,149,188,5,7,13,10,17,5,6,54,32
Cork South-West,2ae19629-1f86-13a3-e055-000000000001,"Derry, Cork County",45,16,366,427,16,15,25,21,30,16,24,137,82
Cork North-West,2ae19629-1f8e-13a3-e055-000000000001,"Doire Fhínín, Corcaigh",20,5,169,194,8,11,13,12,21,6,8,41,49
Cork East,2ae19629-1f8f-13a3-e055-000000000001,"Derryvillane, Cork County",44,22,361,427,22,11,24,31,46,18,16,104,89
Cork North-West,2ae19629-1f96-13a3-e055-000000000001,"Doneraile, Cork County",111,95,1031,1237,42,36,97,81,147,54,50,241,283
Cork North-West,2ae19629-1f97-13a3-e055-000000000001,"Doonasleen, Cork County",47,12,342,401,42,16,41,17,42,20,6,74,84
Cork South-West,2ae19629-1ef5-13a3-e055-000000000001,"Douce, Cork County",7,11,176,194,12,14,20,8,19,8,11,32,52
Cork South-Central,2ae19629-1ef6-13a3-e055-000000000001,"Douglas, Cork County",17,6,98,121,2,3,4,4,8,5,4,41,27
Cork South-West,2ae19629-1efd-13a3-e055-000000000001,"Drinagh, Cork County, 047133",32,8,264,304,23,12,28,13,41,16,8,77,46
Cork South-West,2ae19629-1efe-13a3-e055-000000000001,"Drinagh, Cork County, 047134",16,6,189,211,9,12,16,14,20,9,11,58,40
Cork North-West,2ae19629-1eff-13a3-e055-000000000001,"Dripsey, Cork County",191,58,1042,1291,42,30,66,66,116,51,42,396,233
Cork North-West,2ae19629-1f07-13a3-e055-000000000001,"Drishane, Cork County",173,153,1277,1603,48,39,94,70,180,71,78,348,349
Cork South-West,2ae19629-1f00-13a3-e055-000000000001,"Dromdaleague North, Cork County",33,16,205,254,21,15,20,8,27,5,8,36,65
Cork South-West,2ae19629-1f08-13a3-e055-000000000001,"Dromdaleague South, Cork County",49,25,462,536,27,27,42,24,49,21,12,112,148
Cork North-West,2ae19629-1f01-13a3-e055-000000000001,"Dromina, Cork County",54,22,421,497,12,17,35,26,64,20,12,79,156
Cork North-West,2ae19629-1f02-13a3-e055-000000000001,"Dromore, Cork County",272,121,1889,2282,112,58,148,119,254,98,91,520,489
Cork South-West,2ae19629-1f09-13a3-e055-000000000001,"Dunbeacon, Cork County",15,5,146,166,6,4,16,16,18,7,4,46,29
Cork South-West,2ae19629-1f0a-13a3-e055-000000000001,"Dunderrow, Cork County",173,67,1110,1350,33,39,62,64,138,56,55,456,207
Cork East,2ae19629-1f14-13a3-e055-000000000001,"Dungourney, Cork County",91,22,495,608,10,14,29,25,43,33,35,164,142
Cork South-West,2ae19629-1f15-13a3-e055-000000000001,"Dunmanus, Cork County",15,10,184,209,12,13,20,15,21,7,13,50,33
Cork South-West,2ae19629-1f16-13a3-e055-000000000001,"Dunmanway North, Cork County",81,42,895,1018,39,24,69,50,94,47,37,199,336
Cork South-West,2ae19629-1f1f-13a3-e055-000000000001,"Dunmanway South, Cork County",146,45,1035,1226,51,43,96,53,140,60,47,222,323
Cork South-West,2ae19629-1f20-13a3-e055-000000000001,"Durrus East, Cork County",24,8,199,231,10,11,15,11,26,11,8,64,43
Cork South-West,2ae19629-1f29-13a3-e055-000000000001,"Durrus West, Cork County",56,19,499,574,18,24,45,37,81,20,23,117,134
Cork East,2ae19629-1f2a-13a3-e055-000000000001,"Farahy, Cork County",39,17,358,414,16,18,21,25,54,7,21,81,115
Cork South-West,2ae19629-1f33-13a3-e055-000000000001,"Farranbrien, Cork County",64,14,360,438,15,13,20,21,41,19,10,144,77
Cork East,2ae19629-1f34-13a3-e055-000000000001,"Fermoy Rural, Cork County",440,370,3136,3946,110,121,198,235,457,200,143,816,856
Cork East,2ae19629-1f35-13a3-e055-000000000001,"Fermoy Urban, Cork County",188,279,1716,2183,89,83,97,105,228,90,70,422,532
Cork North-Central,2ae19629-1f41-13a3-e055-000000000001,"Firmount, Cork County",60,29,482,571,22,17,34,33,61,28,25,161,101
Cork South-West,2ae19629-1f42-13a3-e055-000000000001,"Garranes, Cork County",34,15,267,316,17,11,22,14,36,24,7,73,63
Cork North-West,2ae19629-1f4d-13a3-e055-000000000001,"Garrown, Cork County",25,11,209,245,18,12,14,12,28,10,11,53,51
Cork East,2ae19629-1f4e-13a3-e055-000000000001,"Garryvoe, Cork County",61,23,476,560,16,18,36,19,61,24,23,186,93
Cork South-West,2ae19629-1f55-13a3-e055-000000000001,"Glanlough, Cork County",11,4,171,186,9,3,21,4,18,8,8,51,49
Cork East,2ae19629-1f56-13a3-e055-000000000001,"Glanworth East, Cork County",43,16,316,375,14,7,26,22,36,19,12,108,72
Cork East,2ae19629-1f60-13a3-e055-000000000001,"Glanworth West, Cork County",94,47,771,912,48,34,62,63,102,36,31,242,153
Cork South-West,2ae19629-1f61-13a3-e055-000000000001,"Glengarriff, Cork County",80,46,817,943,27,32,59,54,105,34,42,275,189
Cork North-West,2ae19629-1f62-13a3-e055-000000000001,"Glenlara, Cork County",34,15,291,340,27,12,30,23,43,15,7,57,77
Cork North-Central,2ae19629-1f63-13a3-e055-000000000001,"Glenville, Cork County",85,22,407,514,19,12,17,34,60,27,21,125,92
Cork South-West,2ae19629-1f64-13a3-e055-000000000001,"Goleen, Cork County",19,8,165,192,12,8,16,11,22,5,6,38,47
Cork North-West,2ae19629-1f65-13a3-e055-000000000001,"Gortmore, Cork County",24,13,141,178,15,2,8,9,16,9,6,43,33
Cork South-West,2ae19629-1f6f-13a3-e055-000000000001,"Gortnascreeny, Cork County",34,17,359,410,25,16,32,16,50,22,13,107,78
Cork East,2ae19629-1f70-13a3-e055-000000000001,"Gortnaskehy, Cork County",29,10,220,259,20,9,17,13,30,7,11,69,44
Cork North-West,2ae19629-1f7e-13a3-e055-000000000001,"Gort na Tiobratan, Corcaigh",38,11,323,372,14,15,27,16,44,10,23,118,56
Cork East,2ae19629-1f7f-13a3-e055-000000000001,"Gortroe, Cork County",86,19,527,632,29,27,38,45,57,28,25,149,129
Cork North-West,2ae19629-1f87-13a3-e055-000000000001,"Gowlane, Cork County",116,44,845,1005,25,28,79,63,126,42,42,264,176
Cork North-West,2ae19629-1f88-13a3-e055-000000000001,"Greenane, Cork County",119,74,960,1153,51,35,72,69,116,48,39,290,240
Cork North-Central,2ae19629-1f90-13a3-e055-000000000001,"Greenfort, Cork County",83,26,530,639,18,21,27,29,71,26,23,203,112
Cork North-West,2ae19629-1f91-13a3-e055-000000000001,"Greenville, Cork County",20,14,192,226,5,5,13,10,21,9,15,70,44
Cork East,2ae19629-1f98-13a3-e055-000000000001,"Ightermurragh, Cork County",238,143,1907,2288,43,39,105,115,260,97,98,710,440
Cork North-West,2ae19629-1f99-13a3-e055-000000000001,"Imphrick, Cork County",36,13,257,306,10,14,24,12,40,14,12,77,54
Cork East,2ae19629-1ef7-13a3-e055-000000000001,"Inch, Cork County",60,25,405,490,13,7,26,35,52,23,30,130,89
Cork North-West,2ae19629-1ef8-13a3-e055-000000000001,"Inchigeelagh, Cork County",44,21,402,467,17,18,32,20,56,19,18,122,100
Cork South-West,2ae19629-1f03-13a3-e055-000000000001,"Inishannon, Cork County",173,80,1362,1615,41,28,64,67,151,70,80,634,227
Cork South-Central,2ae19629-1f04-13a3-e055-000000000001,"Inishkenny, Cork County",135,24,689,848,19,12,38,32,91,26,22,341,108
Cork North-West,2ae19629-211e-13a3-e055-000000000001,"Kanturk, Cork County",163,167,1472,1802,56,47,100,99,213,78,61,371,447
Cork North-West,2ae19629-211f-13a3-e055-000000000001,"Keale, Cork County",32,6,248,286,8,8,19,15,32,13,11,68,74
Cork South-West,2ae19629-2126-13a3-e055-000000000001,"Kealkill, Cork County",44,22,365,431,22,17,48,25,47,20,10,87,89
Cork North-West,2ae19629-2127-13a3-e055-000000000001,"Kilberrihert, Cork County",67,34,497,598,20,18,34,28,71,24,33,163,106
Cork North-West,2ae19629-2128-13a3-e055-000000000001,"Kilbonane, Cork County",165,37,841,1043,24,22,40,58,114,44,50,322,167
Cork North-West,2ae19629-2132-13a3-e055-000000000001,"Kilbrin, Cork County",36,13,238,287,9,5,16,22,28,14,15,67,62
Cork South-West,2ae19629-2133-13a3-e055-000000000001,"Kilbrittain, Cork County",61,24,430,515,13,9,33,16,48,18,19,157,117
Cork South-West,2ae19629-213c-13a3-e055-000000000001,"Kilbrogan, Cork County",257,153,1720,2130,47,44,98,82,259,121,107,647,315
Cork South-West,2ae19629-213d-13a3-e055-000000000001,"Kilcaskan, Cork County",34,42,688,764,42,32,50,29,86,37,31,212,169
Cork South-West,2ae19629-213e-13a3-e055-000000000001,"Kilcatherine, Cork County",50,31,573,654,29,18,59,36,73,33,21,158,146
Cork South-West,2ae19629-213f-13a3-e055-000000000001,"Kilcoe, Cork County",39,8,334,381,18,12,37,22,40,17,13,113,62
Cork East,2ae19629-2140-13a3-e055-000000000001,"Kilcor, Cork County",36,9,280,325,7,19,21,25,31,11,14,87,65
Cork North-West,2ae19629-2141-13a3-e055-000000000001,"Kilcorney, Cork County",25,16,230,271,27,13,23,12,29,10,11,57,48
Cork East,2ae19629-214f-13a3-e055-000000000001,"Kilcronat, Cork County",17,10,134,161,5,7,17,11,8,4,5,49,28
Cork North-West,2ae19629-2150-13a3-e055-000000000001,"Kilcullen, Cork County",90,19,569,678,23,27,49,36,81,25,39,191,98
Cork East,2ae19629-2151-13a3-e055-000000000001,"Kilcummer, Cork County",27,14,181,222,13,5,20,11,23,8,5,58,38
Cork North-Central,2ae19629-2168-13a3-e055-000000000001,"Kildinan, Cork County",49,20,446,515,26,23,25,29,52,29,26,144,92
Cork East,2ae19629-2169-13a3-e055-000000000001,"Kildorrery, Cork County",56,21,517,594,15,13,32,31,62,28,35,183,118
Cork South-West,2ae19629-2185-13a3-e055-000000000001,"Kilfaughnabeg, Cork County",36,19,424,479,24,15,22,13,47,25,15,144,119
Cork East,2ae19629-2186-13a3-e055-000000000001,"Kilgullane, Cork County",11,12,98,121,6,4,2,11,16,2,7,29,21
Cork South-West,2ae19629-219b-13a3-e055-000000000001,"Kilkerranmore, Cork County",40,12,369,421,6,12,26,22,44,22,25,124,88
Cork South-West,2ae19629-219c-13a3-e055-000000000001,"Killaconenagh, Cork County",111,98,1114,1323,50,46,92,80,149,48,50,293,306
Cork East,2ae19629-219d-13a3-e055-000000000001,"Killathy, Cork County",34,15,289,338,12,10,20,18,34,23,13,83,76
Cork East,2ae19629-219e-13a3-e055-000000000001,"Killeagh, Cork County, 047202",140,81,981,1202,33,30,64,51,146,48,53,294,262
Cork North-Central,2ae19629-21b8-13a3-e055-000000000001,"Killeagh, Cork County, 047203",72,14,465,551,19,14,33,40,73,21,20,138,107
Cork South-West,2ae19629-21b9-13a3-e055-000000000001,"Killeenleagh, Cork County",43,15,243,301,20,9,23,16,31,10,16,60,58
Cork East,2ae19629-21c4-13a3-e055-000000000001,"Kilmacdonogh, Cork County",106,35,696,837,32,37,66,53,95,41,33,195,144
Cork North-West,2ae19629-21c5-13a3-e055-000000000001,"Kilmaclenine, Cork County",66,31,490,587,20,24,40,49,72,25,31,125,104
Cork South-West,2ae19629-21d2-13a3-e055-000000000001,"Kilmaloda East, Cork County",44,15,241,300,10,2,20,12,23,14,7,104,49
Cork South-West,2ae19629-21d3-13a3-e055-000000000001,"Kilmaloda West, Cork County",25,7,142,174,6,10,11,5,16,6,9,51,28
Cork North-West,2ae19629-21d4-13a3-e055-000000000001,"Kilmeen, Cork County",38,25,211,274,12,5,14,13,27,10,10,59,61
Cork South-West,2ae19629-21dd-13a3-e055-000000000001,"Kilmonoge, Cork County",152,42,819,1013,21,19,27,46,82,38,59,315,212
Cork South-West,2ae19629-21de-13a3-e055-000000000001,"Kilmoylerane, Cork County",32,14,216,262,17,8,23,9,23,15,10,82,29
Cork South-West,2ae19629-21df-13a3-e055-000000000001,"Kilnagross, Cork County",39,24,398,461,22,19,30,25,53,27,9,128,85
Cork South-West,2ae19629-21e0-13a3-e055-000000000001,"Kilnamanagh, Cork County",25,16,270,311,28,7,21,22,38,14,6,72,62
Cork North-West,2ae19629-21e7-13a3-e055-000000000001,"Cill na Martra, Corcaigh",68,22,493,583,16,16,52,25,52,27,27,165,113
Cork South-Central,2ae19629-21e8-13a3-e055-000000000001,"Kilpatrick, Cork County",51,14,359,424,7,9,27,28,50,20,21,138,59
Cork East,2ae19629-21e9-13a3-e055-000000000001,"Kilphelan, Cork County",51,25,367,443,8,7,27,30,58,29,21,106,81
Cork North-West,2ae19629-21f0-13a3-e055-000000000001,"Kilshannig, Cork County",131,34,748,913,31,36,40,39,99,47,30,241,185
Cork East,2ae19629-21f1-13a3-e055-000000000001,"Kilworth, Cork County",155,76,1143,1374,39,38,68,67,165,49,55,389,273
Cork North-West,2ae19629-2109-13a3-e055-000000000001,"Kinneigh, Cork County",28,9,303,340,19,10,20,17,39,15,15,71,97
Cork South-West,2ae19629-210a-13a3-e055-000000000001,"Kinsale Rural, Cork County",516,219,3589,4324,126,74,235,185,389,152,190,1536,702
Cork South-West,2ae19629-210b-13a3-e055-000000000001,"Kinsale Urban, Cork County",179,152,1841,2172,68,47,113,90,175,76,74,705,493
Cork South-West,2ae19629-2114-13a3-e055-000000000001,"Kinure, Cork County",35,13,258,306,11,4,13,12,34,15,14,95,60
Cork North-Central,2ae19629-2115-13a3-e055-000000000001,"Knockantota, Cork County",114,33,646,793,26,30,43,54,93,44,31,228,97
Cork North-West,2ae19629-2120-13a3-e055-000000000001,"Knockatooan, Cork County",19,7,243,269,30,17,20,11,34,16,11,43,61
Cork North-West,2ae19629-2121-13a3-e055-000000000001,"Knockavilly, Cork County",55,9,300,364,7,10,18,15,36,11,14,126,63
Cork East,2ae19629-2129-13a3-e055-000000000001,"Knockmourne, Cork County",95,53,923,1071,30,33,73,62,110,61,43,275,236
Cork North-West,2ae19629-212a-13a3-e055-000000000001,"Knocknagree, Cork County",27,22,437,486,28,27,41,27,41,21,12,103,137
Cork East,2ae19629-212b-13a3-e055-000000000001,"Knockraha, Cork County",162,62,1032,1256,29,23,52,58,141,56,51,422,200
Cork South-West,2ae19629-212c-13a3-e055-000000000001,"Knockroe, Cork County",74,31,473,578,20,14,25,17,46,20,26,185,120
Cork South-West,2ae19629-2134-13a3-e055-000000000001,"Knocks, Cork County",31,10,222,263,10,10,22,8,26,16,11,67,52
Cork South-West,2ae19629-2135-13a3-e055-000000000001,"Knockskagh, Cork County",35,18,412,465,20,11,28,29,46,23,23,136,96
Cork North-West,2ae19629-2142-13a3-e055-000000000001,"Knocktemple, Cork County",36,14,326,376,14,21,31,32,42,20,23,67,76
Cork South-West,2ae19629-2143-13a3-e055-000000000001,"Laherne, Cork County",46,18,383,447,24,19,27,24,38,24,17,158,52
Cork South-West,2ae19629-2152-13a3-e055-000000000001,"Leighmoney, Cork County",92,26,497,615,14,11,31,26,53,30,28,198,106
Cork East,2ae19629-2153-13a3-e055-000000000001,"Leitrim, Cork County",39,12,240,291,12,16,12,11,26,10,18,92,43
Cork North-West,2ae19629-2154-13a3-e055-000000000001,"Liscarroll, Cork County",36,27,448,511,17,24,47,37,69,26,20,101,107
Cork South-Central,2ae19629-216a-13a3-e055-000000000001,"Liscleary, Cork County",597,255,3115,3967,62,61,191,201,430,172,162,1274,562
Cork East,2ae19629-216b-13a3-e055-000000000001,"Lisgoold, Cork County",94,34,723,851,32,17,50,38,89,37,40,260,160
Cork South-West,2ae19629-216c-13a3-e055-000000000001,"Lowertown, Cork County",25,5,186,216,16,9,16,9,17,6,11,61,41
Cork North-West,2ae19629-216d-13a3-e055-000000000001,"Macloneigh, Cork County",64,34,635,733,16,20,39,36,71,26,33,220,174
Cork North-West,2ae19629-216e-13a3-e055-000000000001,"Macroom Urban, Cork County",371,300,2787,3458,69,97,188,166,394,129,140,888,716
Cork North-West,2ae19629-2187-13a3-e055-000000000001,"Magourney, Cork County",96,52,767,915,32,29,70,56,107,48,42,244,139
Cork North-Central,2ae19629-2149-13a3-e055-000000000001,"Mallow North Urban, Cork County",554,474,4021,5049,129,132,263,273,507,199,172,1266,1080
Cork North-Central,2ae19629-2188-13a3-e055-000000000001,"Mallow Rural, Cork County",500,328,2959,3787,83,76,185,196,407,165,151,932,764
Cork North-Central,2ae19629-2189-13a3-e055-000000000001,"Mallow South Urban, Cork County",220,132,2110,2462,108,96,167,162,281,89,65,468,674
Cork North-West,2ae19629-219f-13a3-e055-000000000001,"Manch, Cork County",68,14,398,480,23,22,29,28,46,18,11,107,114
Cork East,2ae19629-21a0-13a3-e055-000000000001,"Marshalstown, Cork County",28,15,280,323,16,11,25,14,48,13,12,91,50
Cork North-West,2ae19629-21a1-13a3-e055-000000000001,"Mashanaglass, Cork County",60,9,340,409,12,11,30,22,37,18,14,124,72
Cork North-Central,2ae19629-21ba-13a3-e055-000000000001,"Matehy, Cork County",146,44,976,1166,24,21,49,64,99,44,50,411,214
Cork South-West,2ae19629-21bb-13a3-e055-000000000001,"Mealagh, Cork County",48,18,263,329,15,10,32,15,37,9,7,85,53
Cork North-West,2ae19629-21c6-13a3-e055-000000000001,"Meens, Cork County",25,14,334,373,29,21,30,18,38,10,16,90,82
Cork East,2ae19629-21c7-13a3-e055-000000000001,"Midleton Rural, Cork County",985,674,5880,7539,141,133,314,361,763,299,312,2243,1314
Cork East,2ae19629-21c8-13a3-e055-000000000001,"Midleton Urban, Cork County",292,301,2612,3205,113,85,186,199,309,135,106,735,744
Cork South-West,2ae19629-21d5-13a3-e055-000000000001,"Milane, Cork County",14,5,136,155,6,3,17,6,14,9,7,28,46
Cork North-West,2ae19629-21d6-13a3-e055-000000000001,"Milford, Cork County",54,27,477,558,18,13,44,36,68,27,28,108,135
Cork North-West,2ae19629-21d7-13a3-e055-000000000001,"Milltown, Cork County",25,13,314,352,17,10,19,21,31,17,19,68,112
Cork East,2ae19629-21e1-13a3-e055-000000000001,"Mitchelstown, Cork County",380,293,3596,4269,171,135,234,295,524,162,156,875,1044
Cork East,2ae19629-21e2-13a3-e055-000000000001,"Mogeely, Cork County",54,37,468,559,10,15,33,33,65,25,27,157,103
Cork East,2ae19629-21ea-13a3-e055-000000000001,"Monanimy, Cork County",69,25,553,647,29,16,52,50,83,27,19,156,121
Cork South-Central,2ae19629-21eb-13a3-e055-000000000001,"Monkstown Rural, Cork County",148,80,771,999,16,19,39,44,99,39,40,312,163
Cork South-Central,2ae19629-2122-13a3-e055-000000000001,"Monkstown Urban, Cork County",472,291,3529,4292,99,108,246,215,469,165,144,1361,722
Cork North-West,2ae19629-21f2-13a3-e055-000000000001,"Mountrivers, Cork County",63,25,482,570,20,19,51,34,60,29,25,137,107
Cork North-West,2ae19629-21f3-13a3-e055-000000000001,"Moviddy, Cork County",141,45,1032,1218,55,23,73,51,126,52,56,373,223
Cork North-West,2ae19629-210c-13a3-e055-000000000001,"Murragh, Cork County",60,19,327,406,13,9,18,18,48,16,19,128,58
Cork South-West,2ae19629-210d-13a3-e055-000000000001,"Myross, Cork County",67,36,567,670,24,19,43,35,77,21,34,189,125
Cork North-West,2ae19629-210e-13a3-e055-000000000001,"Nad, Cork County",1,1,74,76,2,4,5,7,12,2,2,25,15
Cork North-West,2ae19629-210f-13a3-e055-000000000001,"Newmarket, Cork County",108,56,1145,1309,63,42,114,90,144,58,51,268,315
Cork North-West,2ae19629-2116-13a3-e055-000000000001,"Newtown, Cork County",89,23,674,786,23,15,51,38,105,28,31,179,204
Cork South-West,2ae19629-2117-13a3-e055-000000000001,"Nohaval, Cork County",37,22,204,263,6,6,10,12,27,11,6,86,40
Cork North-West,2ae19629-2118-13a3-e055-000000000001,"Ovens, Cork County",94,33,716,843,17,17,40,46,103,30,34,299,130
Cork North-West,2ae19629-2123-13a3-e055-000000000001,"Rahalisk, Cork County",55,29,384,468,19,16,25,26,61,27,20,113,77
Cork North-Central,2ae19629-212d-13a3-e055-000000000001,"Rahan, Cork County",95,32,610,737,24,28,47,45,99,37,34,190,106
Cork South-West,2ae19629-212e-13a3-e055-000000000001,"Rathbarry, Cork County",40,24,386,450,14,7,31,23,37,15,23,139,97
Cork South-West,2ae19629-212f-13a3-e055-000000000001,"Rathclarin, Cork County",84,30,460,574,16,13,30,20,47,23,19,204,88
Cork North-West,2ae19629-2136-13a3-e055-000000000001,"Rathcool, Cork County",55,19,383,457,22,13,34,29,45,17,16,113,94
Cork North-Central,2ae19629-2137-13a3-e055-000000000001,"Rathcooney, Cork County",22,14,257,293,18,13,18,11,20,13,22,95,47
Cork East,2ae19629-2138-13a3-e055-000000000001,"Rathcormack, Cork County",210,144,1569,1923,40,45,115,125,239,100,86,498,321
Cork North-West,2ae19629-1f8d-13a3-e055-000000000001,"Rathluirc, Cork County",311,376,2819,3506,108,117,197,205,434,134,139,596,889
Cork North-Central,2ae19629-2145-13a3-e055-000000000001,"Riverstown, Cork County",66,23,569,658,13,13,31,36,63,25,23,230,135
Cork North-West,2ae19629-2146-13a3-e055-000000000001,"Roskeen, Cork County",51,23,330,404,9,10,35,25,48,18,19,102,64
Cork North-West,2ae19629-2155-13a3-e055-000000000001,"Rosnalee, Cork County",22,14,293,329,11,11,31,18,31,19,14,94,64
Cork South-West,2ae19629-2156-13a3-e055-000000000001,"Rosscarbery, Cork County",91,41,820,952,27,15,64,49,108,40,34,329,154
Cork South-West,2ae19629-216f-13a3-e055-000000000001,"Rossmore, Cork County",46,9,246,301,11,7,15,18,34,9,12,79,61
Cork East,2ae19629-2170-13a3-e055-000000000001,"Rostellan, Cork County",125,32,872,1029,24,28,60,68,109,39,42,330,172
Cork North-West,2ae19629-2171-13a3-e055-000000000001,"Rowls, Cork County",15,7,121,143,14,3,10,6,17,4,8,18,41
Cork South-West,2ae19629-218a-13a3-e055-000000000001,"Scart, Cork County",40,4,226,270,12,13,31,19,35,10,9,58,39
Cork South-West,2ae19629-218b-13a3-e055-000000000001,"Seefin, Cork County",13,8,268,289,14,14,20,13,34,10,14,84,65
Cork East,2ae19629-21a2-13a3-e055-000000000001,"Shanballymore, Cork County",65,28,443,536,20,19,36,36,57,26,19,114,116
Cork South-West,2ae19629-21a3-13a3-e055-000000000001,"Sheepshead, Cork County",11,5,149,165,8,12,15,12,13,4,7,40,38
Cork South-West,2ae19629-21a4-13a3-e055-000000000001,"Shreelane, Cork County",31,17,285,333,6,15,17,17,38,15,14,88,75
Cork North-West,2ae19629-21a5-13a3-e055-000000000001,"Skagh, Cork County",36,7,318,361,18,17,35,20,35,15,13,104,61
Cork East,2ae19629-21bc-13a3-e055-000000000001,"Skahanagh, Cork County",11,10,116,137,7,4,8,7,13,2,2,39,34
Cork South-West,2ae19629-21bd-13a3-e055-000000000001,"Skibbereen Rural, Cork County",100,32,1001,1133,35,43,67,62,120,55,40,330,249
Cork South-West,2ae19629-21be-13a3-e055-000000000001,"Skibbereen Urban, Cork County",195,217,2004,2416,54,80,177,127,284,97,75,529,581
Cork South-West,2ae19629-21bf-13a3-e055-000000000001,"Skull, Cork County",94,36,838,968,43,26,61,45,94,44,49,271,205
Cork North-West,2ae19629-21c9-13a3-e055-000000000001,"An Sliabh Riabhach, Corcaigh",67,51,646,764,23,31,41,60,60,30,43,219,139
Cork North-West,2ae19629-21ca-13a3-e055-000000000001,"Springfort, Cork County",59,21,437,517,17,13,36,37,62,9,22,106,135
Cork North-West,2ae19629-21d8-13a3-e055-000000000001,"Streamhill, Cork County",6,4,76,86,4,1,6,5,13,9,5,23,10
Cork North-West,2ae19629-21d9-13a3-e055-000000000001,"Teadies, Cork County",76,30,698,804,24,21,49,31,74,41,37,231,190
Cork North-West,2ae19629-21e3-13a3-e055-000000000001,"Teerelton, Cork County",72,24,409,505,24,9,29,24,66,17,18,152,70
Cork East,2ae19629-21e4-13a3-e055-000000000001,"Templebodan, Cork County",64,20,457,541,12,12,38,20,53,20,14,150,138
Cork South-Central,2ae19629-21ec-13a3-e055-000000000001,"Templebreedy, Cork County",426,169,2990,3585,79,72,171,202,357,129,157,1285,538
Cork North-West,2ae19629-21ed-13a3-e055-000000000001,"Templemartin, Cork County",97,25,541,663,17,22,38,18,57,30,40,179,140
Cork North-West,2ae19629-21f4-13a3-e055-000000000001,"Templemary, Cork County",31,14,240,285,17,9,15,16,27,13,11,64,68
Cork South-West,2ae19629-21f5-13a3-e055-000000000001,"Templemichael, Cork County",77,26,499,602,16,14,32,29,82,32,28,199,67
Cork East,2ae19629-21f6-13a3-e055-000000000001,"Templemolaga, Cork County",17,6,235,258,15,6,23,17,28,11,15,82,38
Cork East,2ae19629-2110-13a3-e055-000000000001,"Templenacarriga, Cork County",67,19,424,510,16,12,19,24,51,27,21,144,110
Cork South-West,2ae19629-2111-13a3-e055-000000000001,"Templeomalus, Cork County",68,23,549,640,29,30,41,30,72,26,23,175,123
Cork South-West,2ae19629-2119-13a3-e055-000000000001,"Timoleague, Cork County",62,42,475,579,29,14,39,26,64,30,32,144,97
Cork North-West,2ae19629-211a-13a3-e055-000000000001,"Tincoora, Cork County",52,23,327,402,18,12,34,27,42,16,20,87,71
Cork South-West,2ae19629-211b-13a3-e055-000000000001,"Toormore, Cork County",9,10,165,184,9,10,16,10,15,8,7,51,39
Cork South-West,2ae19629-211c-13a3-e055-000000000001,"Tullagh, Cork County",63,39,615,717,11,13,51,31,70,28,26,266,119
Cork North-West,2ae19629-211d-13a3-e055-000000000001,"Tullylease, Cork County",21,7,305,333,29,8,32,21,38,17,11,62,87
Cork North-West,2ae19629-2124-13a3-e055-000000000001,"Na hUláin, Corcaigh",46,21,423,490,22,14,37,23,48,24,31,126,98
Cork East,2ae19629-2125-13a3-e055-000000000001,"Wallstown, Cork County",26,13,173,212,3,3,2,8,25,13,11,66,42
Cork North-West,2ae19629-2130-13a3-e055-000000000001,"Warrenscourt, Cork County",73,23,533,629,22,17,37,31,73,35,29,177,112
Cork North-Central,2ae19629-2131-13a3-e055-000000000001,"Watergrasshill, Cork County",141,84,1175,1400,28,20,71,66,154,79,46,474,237
Cork South-West,6a372d28-f5c8-4acc-b237-4f7bb4a9ad53,"Whiddy/Bantry Rural, Cork County",94,26,829,949,32,40,72,68,124,28,37,242,186
Cork North-Central,2ae19629-213a-13a3-e055-000000000001,"Whitechurch, Cork County",211,58,1321,1590,47,48,79,90,203,75,74,447,258
Cork North-West,2ae19629-2108-13a3-e055-000000000001,"Williamstown, Cork County",38,19,346,403,19,14,33,31,39,26,17,90,77
Cork South-West,2ae19629-213b-13a3-e055-000000000001,"Woodfort, Cork County",28,12,277,317,15,15,24,18,33,11,12,76,73
Cork East,2ae19629-2147-13a3-e055-000000000001,"Youghal Rural, Cork County",113,69,911,1093,22,20,61,56,133,46,49,258,266
Cork East,2ae19629-2148-13a3-e055-000000000001,"Youghal Urban, Cork County",610,467,5194,6271,268,241,413,381,650,239,208,1241,1553
Kerry,2ae19629-2387-13a3-e055-000000000001,"Abbeydorney, Kerry",88,60,838,986,40,35,64,67,98,50,42,199,243
Kerry,2ae19629-2388-13a3-e055-000000000001,"Aghadoe, Kerry",77,30,598,705,26,20,41,43,88,26,41,204,109
Kerry,2ae19629-2390-13a3-e055-000000000001,"Aglish, Kerry",41,23,339,403,13,13,26,23,50,9,20,97,88
Kerry,2ae19629-2391-13a3-e055-000000000001,"Arabela, Kerry",162,178,948,1288,35,30,78,64,110,56,61,295,219
Kerry,2ae19629-2392-13a3-e055-000000000001,"Ardagh, Kerry",54,13,498,565,41,23,40,56,71,15,19,94,139
Kerry,2ae19629-2393-13a3-e055-000000000001,"Ardea, Kerry",6,10,144,160,9,11,15,7,14,4,3,48,33
Kerry,2ae19629-239d-13a3-e055-000000000001,"Ardfert, Kerry",92,42,746,880,33,28,53,50,109,39,36,188,210
Kerry,2ae19629-239e-13a3-e055-000000000001,"Astee, Kerry",36,14,354,404,22,14,16,36,86,12,14,99,55
Kerry,2ae19629-239f-13a3-e055-000000000001,"Na Beathacha, Ciarraí",8,12,141,161,7,5,16,10,17,5,4,41,36
Kerry,2ae19629-23ac-13a3-e055-000000000001,"Ballincloher, Kerry",39,10,333,382,15,15,34,34,46,6,14,85,84
Kerry,2ae19629-23ad-13a3-e055-000000000001,"Baile an Sceilg, Ciarraí",31,14,322,367,10,20,29,17,54,9,12,86,85
Kerry,2ae19629-23ae-13a3-e055-000000000001,"Ballinvoher, Kerry",47,31,412,490,19,14,35,19,49,24,27,131,94
Kerry,2ae19629-23af-13a3-e055-000000000001,"An Baile Breac, Ciarraí",2,8,81,91,2,3,4,8,13,4,1,23,23
Kerry,2ae19629-22d3-13a3-e055-000000000001,"Ballyconry, Kerry",29,12,327,368,12,8,28,23,38,12,15,76,115
Kerry,2ae19629-22d4-13a3-e055-000000000001,"Ballyduff, Kerry, 077015",63,32,595,690,34,37,44,51,87,33,32,115,162
Kerry,2ae19629-22d5-13a3-e055-000000000001,"An Baile Dubh, Ciarraí, 077016",8,4,100,112,6,6,9,6,9,2,3,23,36
Kerry,2ae19629-22e2-13a3-e055-000000000001,"Ballyegan, Kerry, 077017",41,10,239,290,6,7,15,16,37,12,13,80,53
Kerry,2ae19629-22e3-13a3-e055-000000000001,"Ballyegan, Kerry, 077018",12,0,72,84,6,2,4,9,7,4,7,11,22
Kerry,2ae19629-22e4-13a3-e055-000000000001,"Ballyhar, Kerry",18,11,129,158,4,6,9,8,20,8,5,39,30
Kerry,2ae19629-22ee-13a3-e055-000000000001,"Ballyheige, Kerry",99,56,1024,1179,83,49,94,81,123,31,40,239,284
Kerry,2ae19629-22ef-13a3-e055-000000000001,"Ballyhorgan, Kerry",40,12,298,350,11,8,26,21,46,10,21,92,63
Kerry,2ae19629-22fd-13a3-e055-000000000001,"Ballynacourty, Kerry",17,10,219,246,14,15,20,16,25,7,7,74,41
Kerry,2ae19629-22fe-13a3-e055-000000000001,"Ballynahaglish, Kerry",158,41,1161,1360,32,33,77,81,137,41,46,443,271
Kerry,2ae19629-230d-13a3-e055-000000000001,"Ballynorig, Kerry",39,24,363,426,26,16,34,31,46,14,23,101,72
Kerry,2ae19629-230e-13a3-e055-000000000001,"Ballyseedy, Kerry",199,108,1290,1597,63,46,78,95,192,47,53,408,308
Kerry,2ae19629-230f-13a3-e055-000000000001,"Banawn, Kerry",15,13,172,200,13,6,18,6,15,8,9,60,37
Kerry,2ae19629-231b-13a3-e055-000000000001,"Banna, Kerry",58,31,546,635,26,21,38,38,75,24,32,179,113
Kerry,2ae19629-231c-13a3-e055-000000000001,"Baurtregaum, Kerry",25,9,275,309,12,16,24,20,30,10,18,80,65
Kerry,2ae19629-231d-13a3-e055-000000000001,"Beal, Kerry",13,6,111,130,10,6,9,5,10,5,6,37,23
Kerry,2ae19629-2329-13a3-e055-000000000001,"Blennerville, Kerry",72,29,521,622,15,13,37,40,71,15,22,163,145
Kerry,2ae19629-232a-13a3-e055-000000000001,"Boolteens, Kerry",42,17,340,399,18,16,24,24,39,14,19,91,95
Kerry,2ae19629-2336-13a3-e055-000000000001,"Cé Bhréanainn, Ciarraí",15,1,117,133,6,0,7,4,14,0,2,45,39
Kerry,2ae19629-2337-13a3-e055-000000000001,"Brewsterfield, Kerry",70,22,552,644,23,13,42,37,77,23,37,195,105
Kerry,2ae19629-2342-13a3-e055-000000000001,"Brosna, Kerry",62,22,537,621,26,32,50,39,57,22,19,128,164
Kerry,2ae19629-2343-13a3-e055-000000000001,"Caher, Kerry",164,179,1407,1750,55,45,104,89,193,53,61,368,439
Kerry,2ae19629-2344-13a3-e055-000000000001,"Cathair Dónall, Ciarraí",16,15,245,276,9,12,17,5,25,11,17,88,61
Kerry,2ae19629-2353-13a3-e055-000000000001,"Cappagh, Kerry",32,15,275,322,9,15,17,17,43,12,14,81,67
Kerry,2ae19629-2363-13a3-e055-000000000001,"Caragh, Kerry",75,40,694,809,45,30,67,47,80,26,33,198,168
Kerry,2ae19629-2362-13a3-e055-000000000001,"Carker, Kerry",45,12,311,368,34,18,34,22,41,12,10,64,76
Kerry,2ae19629-2364-13a3-e055-000000000001,"Carrig, Kerry",30,19,266,315,22,9,22,16,40,11,9,54,83
Kerry,2ae19629-2365-13a3-e055-000000000001,"Castlecove, Kerry",19,13,264,296,18,10,26,9,40,8,13,63,77
Kerry,2ae19629-2366-13a3-e055-000000000001,"Castlegregory, Kerry",89,41,720,850,55,21,41,47,85,31,36,241,163
Kerry,2ae19629-2378-13a3-e055-000000000001,"Castleisland, Kerry",250,166,2413,2829,110,89,175,202,333,100,90,574,740
Kerry,2ae19629-2379-13a3-e055-000000000001,"Castlequin, Kerry",34,18,425,477,23,13,35,35,55,15,16,131,102
Kerry,2ae19629-237a-13a3-e055-000000000001,"Causeway, Kerry",38,21,472,531,25,17,45,27,65,27,22,120,124
Kerry,2ae19629-2389-13a3-e055-000000000001,"Churchtown, Kerry",69,16,346,431,17,10,22,16,38,11,19,83,130
Kerry,2ae19629-238a-13a3-e055-000000000001,"An Clochán, Ciarraí",24,8,186,218,5,6,10,8,20,11,12,80,34
Kerry,2ae19629-2394-13a3-e055-000000000001,"Clogherbrien, Kerry",147,42,1117,1306,24,29,63,65,140,41,67,424,264
Kerry,2ae19629-2396-13a3-e055-000000000001,"Cloontubbrid, Kerry",34,8,194,236,11,6,16,12,28,10,12,55,44
Kerry,2ae19629-23a0-13a3-e055-000000000001,"Clydagh, Kerry",10,4,87,101,4,2,8,5,12,2,0,34,20
Kerry,2ae19629-23a1-13a3-e055-000000000001,"Coolies, Kerry",86,41,580,707,15,8,26,43,70,27,41,215,135
Kerry,2ae19629-23a2-13a3-e055-000000000001,"Coom, Kerry",156,96,1447,1699,90,82,144,103,207,54,57,348,362
Kerry,2ae19629-23b0-13a3-e055-000000000001,"Cordal, Kerry",14,13,199,226,14,6,21,12,26,6,4,47,63
Kerry,2ae19629-23b1-13a3-e055-000000000001,"Crinny, Kerry",25,11,223,259,14,7,27,22,29,3,13,57,51
Kerry,2ae19629-22c7-13a3-e055-000000000001,"Curraghbeg, Kerry",13,7,143,163,9,9,19,9,20,4,5,27,41
Kerry,2ae19629-22c8-13a3-e055-000000000001,"Curraghmore, Kerry",32,11,250,293,10,8,18,13,38,8,8,70,77
Kerry,2ae19629-22c9-13a3-e055-000000000001,"Currans, Kerry",21,7,190,218,17,9,15,13,28,13,9,60,26
Kerry,2ae19629-22ca-13a3-e055-000000000001,"Doire Fhíonáin, Ciarraí",10,4,151,165,6,9,8,11,14,5,9,50,39
Kerry,2ae19629-22cb-13a3-e055-000000000001,"Dawros, Kerry",38,16,451,505,15,15,36,29,59,24,23,131,119
Kerry,2ae19629-22cc-13a3-e055-000000000001,"Deelis, Kerry",21,10,256,287,9,11,21,17,25,13,7,75,78
Kerry,2ae19629-22d6-13a3-e055-000000000001,"Derreen, Kerry",14,6,140,160,16,5,16,10,25,4,5,23,36
Kerry,842865f1-99a8-46b1-8460-28a9e20b0d17,"Doire Ianna/An Chluain, Ciarraí",21,5,175,201,20,19,16,14,28,4,4,29,41
Kerry,2ae19629-22d8-13a3-e055-000000000001,"Dingle, Kerry",135,90,1259,1484,50,38,64,68,171,65,55,472,276
Kerry,2ae19629-22d9-13a3-e055-000000000001,"Doocarrig, Kerry",70,31,436,537,25,18,44,39,52,13,26,97,122
Kerry,2ae19629-2218-13a3-e055-000000000001,"Doon, Kerry",70,20,465,555,15,22,40,27,55,15,27,162,102
Kerry,2ae19629-2219-13a3-e055-000000000001,"Dromin, Kerry",88,34,553,675,16,16,40,45,68,29,31,186,122
Kerry,2ae19629-221a-13a3-e055-000000000001,"Drommartin, Kerry",43,11,373,427,28,19,43,26,50,23,18,72,94
Kerry,2ae19629-2224-13a3-e055-000000000001,"Dromore, Kerry",19,13,230,262,9,4,15,15,21,13,14,70,69
Kerry,2ae19629-2225-13a3-e055-000000000001,"Duagh, Kerry",43,19,366,428,24,14,35,23,61,12,10,95,92
Kerry,2ae19629-222e-13a3-e055-000000000001,"Dunloe, Kerry",82,28,613,723,23,20,32,40,57,25,27,191,198
Kerry,2ae19629-222f-13a3-e055-000000000001,"Dún Chaoin, Ciarraí",13,4,146,163,3,4,5,5,17,2,7,78,25
Kerry,2ae19629-2230-13a3-e055-000000000001,"Dún Urlann, Ciarraí",26,18,360,404,6,13,21,20,40,21,18,138,83
Kerry,2ae19629-2231-13a3-e055-000000000001,"An tImleach, Ciarraí",66,29,684,779,30,32,74,45,90,25,23,183,182
Kerry,2ae19629-2232-13a3-e055-000000000001,"Ennismore, Kerry",55,20,397,472,17,17,52,21,62,13,18,90,107
Kerry,2ae19629-2233-13a3-e055-000000000001,"Flesk, Kerry",47,8,294,349,12,11,32,13,39,7,13,91,76
Kerry,2ae19629-2234-13a3-e055-000000000001,"Glanbehy, Kerry",107,67,865,1039,53,40,67,66,125,34,39,219,222
Kerry,2ae19629-2235-13a3-e055-000000000001,"Glanlee, Kerry",23,8,132,163,12,8,9,10,22,3,7,25,36
Kerry,2ae19629-2241-13a3-e055-000000000001,"Glanlough, Kerry",9,7,115,131,3,5,16,4,10,6,6,22,43
Kerry,2ae19629-2242-13a3-e055-000000000001,"Glanmore, Kerry",22,17,179,218,13,12,12,15,18,7,6,43,53
Kerry,2ae19629-2243-13a3-e055-000000000001,"Glinn, Kerry",189,50,1227,1466,29,40,93,70,196,62,81,428,228
Kerry,2ae19629-2244-13a3-e055-000000000001,"Gneeves, Kerry",38,11,265,314,14,7,25,17,38,9,10,58,87
Kerry,2ae19629-224f-13a3-e055-000000000001,"Greenane, Kerry",21,10,166,197,6,5,15,5,21,6,8,57,43
Kerry,2ae19629-2250-13a3-e055-000000000001,"Gullane, Kerry",13,11,209,233,13,4,21,16,36,9,14,47,49
Kerry,2ae19629-2251-13a3-e055-000000000001,"Gunsborough, Kerry",26,7,262,295,13,11,22,15,37,14,10,67,73
Kerry,2ae19629-225d-13a3-e055-000000000001,"Headfort, Kerry",70,73,621,764,19,18,71,50,95,30,26,165,147
Kerry,2ae19629-225e-13a3-e055-000000000001,"Inch, Kerry",9,12,126,147,11,1,10,8,8,5,6,40,37
Kerry,2ae19629-225f-13a3-e055-000000000001,"Kenmare, Kerry",245,253,2343,2841,67,55,136,125,319,106,138,778,619
Kerry,2ae19629-2260-13a3-e055-000000000001,"Kerryhead, Kerry",56,17,452,525,61,19,37,37,54,14,14,102,114
Kerry,2ae19629-226c-13a3-e055-000000000001,"Kilbonane, Kerry",57,13,442,512,14,15,37,32,67,28,24,125,100
Kerry,2ae19629-226d-13a3-e055-000000000001,"Kilcummin, Kerry",199,68,1546,1813,63,38,106,85,194,73,76,482,429
Kerry,2ae19629-226e-13a3-e055-000000000001,"Kilfeighny, Kerry",76,33,660,769,45,13,62,44,105,26,33,178,154
Kerry,2ae19629-226f-13a3-e055-000000000001,"Kilfelim, Kerry",22,12,159,193,7,4,10,16,24,4,14,42,38
Kerry,2ae19629-227a-13a3-e055-000000000001,"Kilflyn, Kerry",21,6,183,210,12,12,9,16,23,11,7,44,49
Kerry,2ae19629-227b-13a3-e055-000000000001,"Kilgarrylander, Kerry",38,28,480,546,33,28,65,38,65,21,15,116,99
Kerry,2ae19629-227c-13a3-e055-000000000001,"Kilgarvan, Kerry",51,36,553,640,29,30,48,38,78,29,29,132,140
Kerry,2ae19629-2285-13a3-e055-000000000001,"Kilgobban, Kerry",18,7,211,236,8,10,14,13,21,13,12,54,66
Kerry,2ae19629-2286-13a3-e055-000000000001,"Kilgobnet, Kerry",72,38,673,783,27,26,69,42,95,23,22,206,163
Kerry,2ae19629-2287-13a3-e055-000000000001,"Killahan, Kerry",27,18,255,300,21,10,15,19,31,15,8,45,91
Kerry,2ae19629-2288-13a3-e055-000000000001,"Killarney Rural, Kerry",645,574,4968,6187,169,127,312,299,661,233,242,1511,1414
Kerry,2ae19629-2293-13a3-e055-000000000001,"Killarney Urban, Kerry",600,973,7276,8849,259,195,397,384,921,398,374,2204,2144
Kerry,2ae19629-2294-13a3-e055-000000000001,"Killeentierna, Kerry",72,31,616,719,33,31,75,43,74,16,18,177,149
Kerry,2ae19629-2295-13a3-e055-000000000001,"Killehenny, Kerry",129,65,1527,1721,89,43,116,103,227,62,62,448,377
Kerry,2ae19629-229f-13a3-e055-000000000001,"Killinane, Kerry",14,18,213,245,19,4,18,12,26,8,7,49,70
Kerry,2ae19629-22a0-13a3-e055-000000000001,"Killorglin, Kerry",346,225,3220,3791,176,113,236,248,438,146,133,941,789
Kerry,2ae19629-22a1-13a3-e055-000000000001,"Killury, Kerry",44,14,348,406,24,17,36,16,46,17,15,84,93
Kerry,2ae19629-22aa-13a3-e055-000000000001,"Cill Maoilchéadair, Ciarraí",33,18,390,441,23,13,31,27,43,18,13,120,102
Kerry,2ae19629-22ab-13a3-e055-000000000001,"Kilmeany, Kerry",83,21,519,623,23,22,50,43,84,21,27,130,119
Kerry,2ae19629-22b6-13a3-e055-000000000001,"Kilmurry, Kerry",18,8,227,253,21,10,34,21,34,10,3,33,61
Kerry,2ae19629-22b7-13a3-e055-000000000001,"Kilnanare, Kerry",103,48,683,834,33,32,55,52,99,16,33,185,178
Kerry,2ae19629-22b8-13a3-e055-000000000001,"Cill Chuáin, Ciarraí",33,12,315,360,25,21,32,22,41,13,11,106,44
Kerry,2ae19629-2201-13a3-e055-000000000001,"Kilshenane, Kerry",15,10,180,205,23,9,21,14,17,3,2,37,54
Kerry,2ae19629-2202-13a3-e055-000000000001,"Kiltallagh, Kerry",54,18,381,453,17,16,32,24,47,11,20,106,108
Kerry,2ae19629-2203-13a3-e055-000000000001,"Kiltomy, Kerry",33,14,286,333,21,18,31,22,32,10,10,65,77
Kerry,2ae19629-220f-13a3-e055-000000000001,"Cinn Aird, Ciarraí",19,18,236,273,7,6,14,20,32,7,16,71,63
Kerry,2ae19629-2210-13a3-e055-000000000001,"Knockglass, Kerry",25,11,291,327,5,5,14,17,33,9,11,89,108
Kerry,2ae19629-221b-13a3-e055-000000000001,"Knocknagashel, Kerry",50,25,530,605,40,28,54,41,56,24,26,108,153
Kerry,2ae19629-221c-13a3-e055-000000000001,"Knocknahoe, Kerry",29,27,200,256,10,11,19,16,24,5,11,51,53
Kerry,2ae19629-2226-13a3-e055-000000000001,"Lack, Kerry",21,11,212,244,13,7,17,14,26,4,10,56,65
Kerry,2ae19629-2227-13a3-e055-000000000001,"Lackabaun, Kerry",32,16,314,362,26,7,22,31,53,8,14,76,77
Kerry,2ae19629-2236-13a3-e055-000000000001,"Lahard, Kerry",69,23,505,597,23,17,38,31,52,17,26,181,120
Kerry,2ae19629-2237-13a3-e055-000000000001,"Leitrim, Kerry",42,23,380,445,26,10,25,31,51,19,19,118,81
Kerry,2ae19629-2238-13a3-e055-000000000001,"Lickeen, Kerry",6,3,75,84,9,6,10,12,10,2,1,12,13
Kerry,2ae19629-2245-13a3-e055-000000000001,"Lislaughtin, Kerry",45,14,417,476,27,21,37,25,74,22,23,88,100
Kerry,2ae19629-2246-13a3-e055-000000000001,"Lisselton, Kerry",38,9,249,296,17,9,26,20,31,7,13,57,69
Kerry,2ae19629-2247-13a3-e055-000000000001,"Listowel Rural, Kerry",136,57,1143,1336,46,34,99,80,164,39,61,330,290
Kerry,2ae19629-2252-13a3-e055-000000000001,"Listowel Urban, Kerry",284,219,2976,3479,169,99,193,216,418,118,117,820,826
Kerry,2ae19629-2253-13a3-e055-000000000001,"Lixnaw, Kerry",101,48,725,874,27,31,58,67,95,35,38,174,200
Kerry,2ae19629-2254-13a3-e055-000000000001,"Loughbrin, Kerry",14,4,106,124,12,6,9,9,16,3,3,16,32
Kerry,2ae19629-2255-13a3-e055-000000000001,"Loch Luíoch, Ciarraí",27,19,244,290,12,9,27,21,26,12,11,73,53
Kerry,2ae19629-2256-13a3-e055-000000000001,"Márthain, Ciarraí",17,11,186,214,6,4,14,12,23,3,17,69,38
Kerry,f2b35649-c96c-4cf5-b8ab-60770f0291a9,"Máistir Gaoithe/Ceannúigh, Ciarraí",21,3,170,194,13,17,24,10,21,3,4,36,42
Kerry,2ae19629-2262-13a3-e055-000000000001,"Maum, Kerry",20,14,193,227,16,9,17,17,24,8,13,37,52
Kerry,2ae19629-2263-13a3-e055-000000000001,"Millbrook, Kerry",29,22,320,371,19,18,30,31,52,7,12,69,82
Kerry,2ae19629-2270-13a3-e055-000000000001,"Milltown, Kerry",178,113,1552,1843,53,42,116,100,206,58,90,448,439
Kerry,2ae19629-2271-13a3-e055-000000000001,"An Mhin Aird, Ciarraí",20,8,316,344,15,14,30,18,42,13,20,90,74
Kerry,2ae19629-2272-13a3-e055-000000000001,"Molahiffe, Kerry",154,77,1082,1313,39,38,88,67,155,46,58,349,242
Kerry,2ae19629-227d-13a3-e055-000000000001,"Mount Eagle, Kerry",16,6,124,146,15,5,8,9,11,4,6,30,36
Kerry,2ae19629-227e-13a3-e055-000000000001,"Moynsha, Kerry",25,9,363,397,29,12,34,27,62,16,19,92,72
Kerry,2ae19629-2289-13a3-e055-000000000001,"Muckross, Kerry",54,52,598,704,17,18,25,30,82,35,24,236,131
Kerry,2ae19629-228a-13a3-e055-000000000001,"Newtownsandes, Kerry",73,40,804,917,38,29,68,74,102,38,28,175,252
Kerry,2ae19629-228b-13a3-e055-000000000001,"Nohaval, Kerry",37,5,275,317,19,10,22,17,45,8,17,79,58
Kerry,2ae19629-2296-13a3-e055-000000000001,"O'brennan, Kerry",55,28,347,430,13,11,27,29,37,13,21,105,91
Kerry,2ae19629-2297-13a3-e055-000000000001,"Portmagee, Kerry",29,12,260,301,30,15,32,23,27,5,5,61,62
Kerry,2ae19629-22a2-13a3-e055-000000000001,"Ratass, Kerry",137,34,749,920,25,27,60,48,93,27,41,241,187
Kerry,2ae19629-22a3-13a3-e055-000000000001,"Rathea, Kerry",41,4,310,355,23,13,29,27,54,13,12,91,48
Kerry,2ae19629-22ac-13a3-e055-000000000001,"Rathmore, Kerry",119,128,1327,1574,54,52,105,84,194,65,75,362,336
Kerry,2ae19629-22ad-13a3-e055-000000000001,"Reen, Kerry",7,9,124,140,6,3,6,5,16,5,9,45,29
Kerry,2ae19629-22ae-13a3-e055-000000000001,"Rockfield, Kerry",37,22,265,324,9,8,34,17,31,15,16,73,62
Kerry,2ae19629-22b9-13a3-e055-000000000001,"Scartaglin, Kerry",51,28,467,546,26,22,54,40,64,18,15,122,106
Kerry,2ae19629-22ba-13a3-e055-000000000001,"Shronowen, Kerry",17,6,170,193,19,7,10,16,27,5,9,35,42
Kerry,2ae19629-22bb-13a3-e055-000000000001,"Sneem, Kerry",44,72,601,717,20,24,37,43,68,30,27,162,190
Kerry,2ae19629-22bc-13a3-e055-000000000001,"Toghroinn Fhíonáin, Ciarraí",12,5,123,140,6,4,11,6,21,1,3,35,36
Kerry,2ae19629-22bd-13a3-e055-000000000001,"An Sráidbhaile, Ciarraí",11,8,165,184,5,3,16,3,16,5,14,70,33
Kerry,2ae19629-22be-13a3-e055-000000000001,"Tahilla, Kerry",9,9,188,206,13,5,19,10,25,12,11,46,47
Kerry,2ae19629-21f9-13a3-e055-000000000001,"Tarbert, Kerry",43,25,564,632,38,21,60,47,84,27,32,121,134
Kerry,2ae19629-21fa-13a3-e055-000000000001,"Tarmon, Kerry",42,17,349,408,23,11,26,22,45,14,23,95,90
Kerry,2ae19629-221d-13a3-e055-000000000001,"Trian Iarthach, Ciarraí, 077159",16,6,235,257,18,10,20,11,32,5,4,51,84
Kerry,2ae19629-221e-13a3-e055-000000000001,"Tralee Rural, Kerry",1870,1301,12155,15326,406,350,766,793,1535,507,520,3515,3763
Kerry,2ae19629-221f-13a3-e055-000000000001,"Tralee Urban, Kerry",435,499,4295,5229,234,129,275,253,435,122,110,802,1935
Kerry,2ae19629-2228-13a3-e055-000000000001,"Trienearagh, Kerry",49,16,326,391,19,20,34,24,59,16,12,75,67
Kerry,2ae19629-2229-13a3-e055-000000000001,"Tubrid, Kerry",73,34,586,693,40,24,39,49,70,28,18,150,168
Kerry,2ae19629-222a-13a3-e055-000000000001,"Urlee, Kerry",26,6,279,311,18,9,28,21,36,11,14,81,61
Kerry,2ae19629-2239-13a3-e055-000000000001,"Valencia, Kerry",44,22,495,561,22,16,37,38,67,31,20,121,143
Kerry,2ae19629-223a-13a3-e055-000000000001,"Ceann Trá, Ciarraí",23,18,322,363,14,5,18,18,48,11,17,103,88
Limerick City,2ae19629-17cc-13a3-e055-000000000001,"Abbey A, Limerick",468,204,3185,3857,127,107,250,236,409,103,104,918,931
Limerick City,2ae19629-17cd-13a3-e055-000000000001,"Abbey B, Limerick",360,219,1676,2255,40,52,103,123,219,89,73,421,556
Limerick City,2ae19629-17ce-13a3-e055-000000000001,"Abbey C, Limerick",75,38,450,563,18,11,12,15,35,11,8,78,262
Limerick City,2ae19629-17cf-13a3-e055-000000000001,"Abbey D, Limerick",120,65,1082,1267,98,59,102,86,115,33,27,92,470
Limerick City,2ae19629-17dd-13a3-e055-000000000001,"Ballinacurra A, Limerick",299,163,1520,1982,23,13,47,56,123,60,53,725,420
Limerick City,2ae19629-17de-13a3-e055-000000000001,"Ballinacurra B, Limerick",87,69,1022,1178,48,66,103,72,121,44,18,218,332
Limerick City,2ae19629-17df-13a3-e055-000000000001,"Ballynanty, Limerick",249,235,1893,2377,238,127,192,193,242,48,27,167,659
Limerick City,2ae19629-17e0-13a3-e055-000000000001,"Castle A, Limerick",99,73,766,938,28,38,73,77,100,23,24,254,149
Limerick City,2ae19629-17e1-13a3-e055-000000000001,"Castle B, Limerick",47,42,398,487,3,8,11,20,33,14,17,137,155
Limerick City,2ae19629-17e2-13a3-e055-000000000001,"Castle C, Limerick",122,65,1039,1226,11,13,21,40,81,41,29,430,373
Limerick City,2ae19629-17e3-13a3-e055-000000000001,"Castle D, Limerick",280,64,1406,1750,6,11,44,77,198,64,71,647,288
Limerick City,2ae19629-17e4-13a3-e055-000000000001,"Coolraine, Limerick",128,63,1232,1423,31,27,101,84,209,52,49,429,250
Limerick City,2ae19629-17e5-13a3-e055-000000000001,"Custom House, Limerick",65,73,639,777,8,5,9,21,26,15,14,88,453
Limerick City,2ae19629-17e6-13a3-e055-000000000001,"Dock A, Limerick",288,393,1821,2502,38,38,54,71,104,45,43,493,935
Limerick City,2ae19629-17e7-13a3-e055-000000000001,"Dock B, Limerick",109,98,863,1070,13,11,30,20,54,23,23,218,471
Limerick City,2ae19629-17e8-13a3-e055-000000000001,"Dock C, Limerick",99,93,805,997,27,16,43,40,80,30,17,289,263
Limerick City,2ae19629-17e9-13a3-e055-000000000001,"Dock D, Limerick",161,78,428,667,5,5,20,16,48,17,21,209,87
Limerick City,2ae19629-17ea-13a3-e055-000000000001,"Farranshone, Limerick",74,52,755,881,14,14,27,46,94,27,37,254,242
Limerick City,2ae19629-17eb-13a3-e055-000000000001,"Galvone A, Limerick",103,76,1016,1195,70,70,115,105,139,37,18,116,346
Limerick City,2ae19629-17ec-13a3-e055-000000000001,"Galvone B, Limerick",52,71,433,556,48,27,35,45,41,7,4,24,202
Limerick City,2ae19629-17ed-13a3-e055-000000000001,"Glentworth A, Limerick",63,38,448,549,25,15,30,29,38,9,8,76,218
Limerick City,2ae19629-17f4-13a3-e055-000000000001,"Glentworth B, Limerick",86,47,906,1039,60,45,105,94,128,27,15,109,323
Limerick City,2ae19629-17f5-13a3-e055-000000000001,"Glentworth C, Limerick",37,33,374,444,52,18,47,38,37,7,7,26,142
Limerick City,2ae19629-17f6-13a3-e055-000000000001,"John's A, Limerick",43,41,496,580,120,60,68,59,61,13,4,23,88
Limerick City,2ae19629-17f7-13a3-e055-000000000001,"John's B, Limerick",77,41,814,932,46,37,45,35,41,8,11,91,500
Limerick City,2ae19629-17f8-13a3-e055-000000000001,"John's C, Limerick",41,36,375,452,18,11,9,11,31,5,5,68,217
Limerick City,2ae19629-17f9-13a3-e055-000000000001,"Killeely A, Limerick",104,58,993,1155,159,108,143,90,153,34,17,83,206
Limerick City,2ae19629-17fa-13a3-e055-000000000001,"Killeely B, Limerick",61,27,679,767,72,38,68,55,84,16,12,85,249
Limerick City,2ae19629-17c0-13a3-e055-000000000001,"Limerick North Rural, Limerick",937,440,4668,6045,144,171,366,386,709,209,175,1256,1252
Limerick City,2ae19629-17fb-13a3-e055-000000000001,"Market, Limerick",220,283,1386,1889,35,23,62,52,104,35,35,304,736
Limerick City,2ae19629-17fc-13a3-e055-000000000001,"Prospect A, Limerick",181,48,691,920,55,41,61,48,57,15,6,76,332
Limerick City,2ae19629-17fd-13a3-e055-000000000001,"Prospect B, Limerick",50,49,412,511,44,27,35,30,39,11,10,49,167
Limerick City,2ae19629-17fe-13a3-e055-000000000001,"Rathbane, Limerick",124,141,1167,1432,97,63,125,101,151,28,32,90,480
Limerick City,2ae19629-17ff-13a3-e055-000000000001,"Shannon A, Limerick",114,137,838,1089,5,4,7,28,29,21,24,230,490
Limerick City,2ae19629-1800-13a3-e055-000000000001,"Shannon B, Limerick",121,124,888,1133,76,20,19,24,38,15,19,180,497
Limerick City,2ae19629-1801-13a3-e055-000000000001,"Singland A, Limerick",149,67,1156,1372,113,82,160,123,164,27,26,127,334
Limerick City,2ae19629-1802-13a3-e055-000000000001,"Singland B, Limerick",351,176,2637,3164,129,147,293,261,401,97,76,451,782
Limerick City,2ae19629-1803-13a3-e055-000000000001,"St. Laurence, Limerick",44,40,792,876,121,95,110,84,95,19,11,115,142
Limerick County,2ae19629-1757-13a3-e055-000000000001,"Abbeyfeale, Limerick",199,127,1816,2142,127,83,169,141,264,71,87,399,475
Limerick County,2ae19629-1758-13a3-e055-000000000001,"Abbeyville, Limerick",44,13,282,339,4,6,17,13,34,9,8,58,133
Limerick City,2ae19629-1759-13a3-e055-000000000001,"Abington, Limerick",147,46,828,1021,22,14,64,64,107,35,44,256,222
Limerick County,2ae19629-175a-13a3-e055-000000000001,"Adare North, Limerick",62,17,405,484,8,10,28,32,48,23,22,155,79
Limerick County,2ae19629-175b-13a3-e055-000000000001,"Adare South, Limerick",168,113,1535,1816,41,42,67,96,189,81,68,586,365
Limerick County,2ae19629-175c-13a3-e055-000000000001,"Anglesborough, Limerick",27,6,248,281,22,15,17,20,29,8,11,65,61
Limerick County,2ae19629-175d-13a3-e055-000000000001,"Ardagh, Limerick",102,28,720,850,48,30,69,62,106,46,25,169,165
Limerick County,2ae19629-175e-13a3-e055-000000000001,"Ardpatrick, Limerick",29,16,271,316,8,12,18,15,46,15,11,72,74
Limerick County,2ae19629-174e-13a3-e055-000000000001,"Askeaton East, Limerick",52,37,400,489,18,16,31,35,68,16,19,95,102
Limerick County,2ae19629-174f-13a3-e055-000000000001,"Askeaton West, Limerick",110,61,815,986,22,23,65,76,104,37,28,181,279
Limerick County,2ae19629-1750-13a3-e055-000000000001,"Athlacca, Limerick",34,6,286,326,17,9,24,15,38,8,21,66,88
Limerick County,2ae19629-1751-13a3-e055-000000000001,"Aughinish, Limerick",23,8,184,215,2,3,19,15,14,6,12,42,71
Limerick County,2ae19629-1752-13a3-e055-000000000001,"Ballingarry, Limerick",78,20,655,753,29,23,62,49,89,37,47,206,113
Limerick County,2ae19629-1753-13a3-e055-000000000001,"Ballintober, Limerick",21,14,266,301,12,10,19,17,34,9,9,76,80
Limerick County,2ae19629-175f-13a3-e055-000000000001,"Ballyagran, Limerick",31,22,374,427,22,11,37,36,65,8,16,70,109
Limerick County,2ae19629-1760-13a3-e055-000000000001,"Ballyallinan, Limerick",39,14,297,350,19,12,25,25,49,14,17,84,52
Limerick City,2ae19629-1767-13a3-e055-000000000001,"Ballybricken, Limerick",230,49,1280,1559,32,31,82,69,153,52,50,426,385
Limerick City,2ae19629-1768-13a3-e055-000000000001,"Ballycummin, Limerick",1755,1591,11999,15345,225,217,530,646,1434,506,508,5027,2906
Limerick County,2ae19629-1769-13a3-e055-000000000001,"Ballygrennan, Limerick",19,11,204,234,15,6,19,25,23,9,12,54,41
Limerick County,2ae19629-176a-13a3-e055-000000000001,"Ballylanders, Limerick",55,30,443,528,17,19,43,48,67,23,26,95,105
Limerick County,2ae19629-176b-13a3-e055-000000000001,"Ballymacshaneboy, Limerick",55,15,325,395,18,6,29,31,48,15,15,104,59
Limerick County,2ae19629-176c-13a3-e055-000000000001,"Ballynabanoge, Limerick",33,12,220,265,6,7,25,14,29,9,13,60,57
Limerick County,2ae19629-176d-13a3-e055-000000000001,"Ballynacarriga, Limerick",78,42,599,719,23,15,41,41,94,25,30,222,108
Limerick County,2ae19629-176f-13a3-e055-000000000001,"Ballynoe West, Limerick",41,13,220,274,9,12,25,14,34,7,8,53,58
Limerick County,2ae19629-176e-13a3-e055-000000000001,"Ballynoe, Limerick",35,14,349,398,15,11,27,22,54,15,7,120,78
Limerick City,2ae19629-1770-13a3-e055-000000000001,"Ballysimon, Limerick",3306,897,9438,13641,110,109,225,348,764,272,342,3929,3339
Limerick City,2ae19629-1771-13a3-e055-000000000001,"Ballyvarra, Limerick",643,197,2827,3667,74,49,128,154,310,122,92,1173,725
Limerick County,2ae19629-1772-13a3-e055-000000000001,"Bilboa, Limerick",28,11,292,331,16,14,28,34,53,8,4,79,56
Limerick County,2ae19629-1773-13a3-e055-000000000001,"Boola, Limerick",10,5,100,115,10,3,7,4,10,5,8,28,25
Limerick County,2ae19629-1774-13a3-e055-000000000001,"Broadford, Limerick",93,28,665,786,29,26,50,52,88,26,33,174,187
Limerick County,2ae19629-1761-13a3-e055-000000000001,"Bruff, Limerick",111,67,1010,1188,63,34,95,85,129,48,36,254,266
Limerick County,2ae19629-1762-13a3-e055-000000000001,"Bruree, Limerick",102,67,898,1067,38,32,91,84,129,31,33,167,293
Limerick County,2ae19629-1763-13a3-e055-000000000001,"Bulgaden, Limerick",40,8,223,271,8,9,12,12,39,11,8,47,77
Limerick County,2ae19629-1764-13a3-e055-000000000001,"Caher, Limerick",38,7,271,316,11,6,31,22,38,8,7,54,94
Limerick City,2ae19629-1765-13a3-e055-000000000001,"Caherconlish East, Limerick",48,18,374,440,8,17,25,22,53,12,12,123,102
Limerick City,2ae19629-1766-13a3-e055-000000000001,"Caherconlish West, Limerick",186,117,1451,1754,55,49,108,114,164,74,47,393,447
Limerick County,2ae19629-177c-13a3-e055-000000000001,"Cahercorney, Limerick",81,29,479,589,13,19,44,23,63,17,19,167,114
Limerick County,2ae19629-177d-13a3-e055-000000000001,"Caherelly, Limerick",54,15,242,311,6,7,11,14,33,7,17,89,58
Limerick County,2ae19629-177e-13a3-e055-000000000001,"Cappamore, Limerick",110,53,994,1157,59,53,91,81,154,42,39,230,245
Limerick County,2ae19629-177f-13a3-e055-000000000001,"Carrig, Limerick",61,14,439,514,15,13,27,42,48,18,20,146,110
Limerick City,2ae19629-1780-13a3-e055-000000000001,"Castleconnell, Limerick",339,153,2342,2834,86,42,187,164,290,106,108,844,515
Limerick County,2ae19629-1781-13a3-e055-000000000001,"Castletown, Limerick, 127042",32,24,262,318,7,8,19,22,37,14,14,78,63
Limerick County,2ae19629-1782-13a3-e055-000000000001,"Castletown, Limerick, 127043",50,20,316,386,11,11,25,19,44,14,24,99,69
Limerick County,2ae19629-1783-13a3-e055-000000000001,"Clarina, Limerick",172,60,1364,1596,52,42,78,115,198,67,66,484,262
Limerick County,2ae19629-1784-13a3-e055-000000000001,"Cleanglass, Limerick",26,5,198,229,25,10,22,14,23,11,6,33,54
Limerick County,2ae19629-1785-13a3-e055-000000000001,"Cloncagh, Limerick",30,11,212,253,15,7,17,7,34,15,9,70,38
Limerick City,2ae19629-1786-13a3-e055-000000000001,"Clonkeen, Limerick",89,55,628,772,3,14,45,44,87,30,27,213,165
Limerick County,2ae19629-1787-13a3-e055-000000000001,"Colmanswell, Limerick",39,16,390,445,13,12,31,29,67,21,22,92,103
Limerick County,2ae19629-1788-13a3-e055-000000000001,"Coolrus, Limerick",36,23,327,386,13,12,30,25,56,15,19,79,78
Limerick County,2ae19629-1789-13a3-e055-000000000001,"Craggs, Limerick",27,8,180,215,6,9,12,18,18,8,3,44,62
Limerick County,2ae19629-1775-13a3-e055-000000000001,"Crean, Limerick",46,12,333,391,12,5,15,16,40,19,9,87,130
Limerick County,2ae19629-1776-13a3-e055-000000000001,"Crecora, Limerick",36,14,310,360,9,4,22,27,50,12,11,127,48
Limerick County,2ae19629-1777-13a3-e055-000000000001,"Croagh, Limerick",60,21,565,646,23,10,37,35,62,23,31,192,152
Limerick County,2ae19629-1778-13a3-e055-000000000001,"Croom, Limerick",144,81,1349,1574,49,48,100,88,136,32,38,233,625
Limerick County,2ae19629-1779-13a3-e055-000000000001,"Cullane, Limerick",28,13,275,316,18,15,22,19,39,7,14,68,73
Limerick County,2ae19629-177a-13a3-e055-000000000001,"Danganbeg, Limerick",25,16,291,332,16,8,22,15,46,12,17,72,83
Limerick County,2ae19629-177b-13a3-e055-000000000001,"Darragh, Limerick",15,15,268,298,12,13,22,18,40,17,13,71,62
Limerick County,2ae19629-178a-13a3-e055-000000000001,"Doon South, Limerick",100,46,928,1074,41,45,78,88,166,44,35,224,207
Limerick County,2ae19629-178b-13a3-e055-000000000001,"Doon West, Limerick",17,7,185,209,11,2,20,29,30,9,10,49,25
Limerick County,2ae19629-1792-13a3-e055-000000000001,"Dromard, Limerick",99,34,584,717,23,16,45,44,71,27,34,209,115
Limerick County,2ae19629-1793-13a3-e055-000000000001,"Dromcolliher, Limerick",67,37,668,772,37,34,54,57,85,28,35,137,201
Limerick County,2ae19629-1794-13a3-e055-000000000001,"Dromin, Limerick",51,15,397,463,20,14,32,26,64,16,13,97,115
Limerick County,2ae19629-1795-13a3-e055-000000000001,"Dromtrasna, Limerick",86,26,657,769,39,33,55,37,98,26,26,170,173
Limerick County,2ae19629-1796-13a3-e055-000000000001,"Dunmoylan East, Limerick",50,14,348,412,12,14,36,24,43,19,22,72,106
Limerick County,2ae19629-1798-13a3-e055-000000000001,"Dunnaman, Limerick",75,20,469,564,14,10,29,26,83,13,17,166,111
Limerick County,2ae19629-1799-13a3-e055-000000000001,"Duntryleague, Limerick",30,10,233,273,7,10,18,15,24,13,13,71,62
Limerick County,2ae19629-179a-13a3-e055-000000000001,"Emlygrennan, Limerick",65,37,541,643,25,19,43,50,74,24,25,131,150
Limerick County,2ae19629-179b-13a3-e055-000000000001,"Fedamore, Limerick",134,76,845,1055,34,22,71,54,109,36,39,184,296
Limerick County,2ae19629-179c-13a3-e055-000000000001,"Feenagh, Limerick",19,9,243,271,13,14,31,15,40,13,12,49,56
Limerick County,2ae19629-179d-13a3-e055-000000000001,"Fleanmore, Limerick",23,9,159,191,5,5,13,15,15,8,12,42,44
Limerick County,2ae19629-179e-13a3-e055-000000000001,"Galbally, Limerick",53,24,401,478,22,16,41,34,47,18,21,85,117
Limerick County,2ae19629-178c-13a3-e055-000000000001,"Garrane, Limerick",32,7,225,264,5,5,23,16,21,8,11,75,61
Limerick County,2ae19629-178d-13a3-e055-000000000001,"Garryduff, Limerick",21,8,200,229,13,7,14,12,31,9,10,61,43
Limerick County,2ae19629-178e-13a3-e055-000000000001,"Glenagower, Limerick",45,17,379,441,29,11,30,30,56,13,18,78,114
Limerick County,2ae19629-178f-13a3-e055-000000000001,"Glenbrohane, Limerick",44,22,311,377,15,11,23,30,41,12,26,78,75
Limerick County,2ae19629-1790-13a3-e055-000000000001,"Glengort, Limerick",45,28,502,575,42,26,37,40,65,27,23,107,135
Limerick County,2ae19629-1791-13a3-e055-000000000001,"Glensharrold, Limerick",19,14,338,371,30,23,46,28,48,12,14,51,86
Limerick City,2ae19629-17a6-13a3-e055-000000000001,"Glenstal, Limerick",202,29,733,964,20,18,50,67,102,38,34,238,166
Limerick County,2ae19629-17a7-13a3-e055-000000000001,"Glin, Limerick",73,63,862,998,36,32,56,41,124,34,45,247,247
Limerick County,2ae19629-17a8-13a3-e055-000000000001,"Grange, Limerick",46,16,369,431,6,6,35,30,54,16,18,113,91
Limerick County,2ae19629-17a9-13a3-e055-000000000001,"Grean, Limerick",130,46,1062,1238,55,48,112,91,155,37,39,256,269
Limerick County,2ae19629-17aa-13a3-e055-000000000001,"Griston, Limerick",24,9,217,250,14,12,19,26,45,8,5,47,41
Limerick County,2ae19629-17ab-13a3-e055-000000000001,"Hospital, Limerick",104,33,895,1032,47,50,94,94,155,33,42,231,149
Limerick County,2ae19629-17ac-13a3-e055-000000000001,"Iveruss, Limerick",18,7,247,272,12,9,21,26,36,9,8,64,62
Limerick County,2ae19629-17ad-13a3-e055-000000000001,"Kilbeheny, Limerick",22,8,191,221,7,9,24,11,31,5,12,55,37
Limerick County,2ae19629-17ae-13a3-e055-000000000001,"Kilcornan, Limerick",82,22,527,631,23,18,41,33,69,22,27,189,105
Limerick County,2ae19629-17af-13a3-e055-000000000001,"Kildimo, Limerick",69,20,456,545,12,10,29,37,59,25,26,176,82
Limerick County,2ae19629-17b0-13a3-e055-000000000001,"Kilfergus, Limerick",18,18,337,373,29,14,36,21,40,16,19,63,99
Limerick County,2ae19629-179f-13a3-e055-000000000001,"Kilfinnane, Limerick",98,49,785,932,34,40,58,57,123,36,27,184,226
Limerick County,2ae19629-17a0-13a3-e055-000000000001,"Kilfinny, Limerick",19,6,206,231,4,2,10,14,28,6,8,79,55
Limerick County,2ae19629-17a1-13a3-e055-000000000001,"Kilflyn, Limerick",12,5,162,179,6,5,10,17,15,11,11,48,39
Limerick County,2ae19629-17a2-13a3-e055-000000000001,"Kilglass, Limerick",20,11,222,253,11,6,18,18,24,7,5,56,77
Limerick County,2ae19629-17a3-13a3-e055-000000000001,"Kilmallock, Limerick",163,101,1696,1960,78,61,140,132,266,70,53,290,606
Limerick County,2ae19629-17a4-13a3-e055-000000000001,"Kilmeedy, Limerick",33,3,248,284,16,8,17,18,41,10,12,66,60
Limerick County,2ae19629-17a5-13a3-e055-000000000001,"Kilmoylan, Limerick",19,16,306,341,34,9,35,27,52,15,4,55,75
Limerick County,2ae19629-17b1-13a3-e055-000000000001,"Kilmurry, Limerick",88,42,604,734,29,19,61,46,113,21,29,164,122
Limerick County,2ae19629-17b2-13a3-e055-000000000001,"Kilpeacon, Limerick",51,25,359,435,12,5,27,15,51,10,14,171,54
Limerick County,2ae19629-17ba-13a3-e055-000000000001,"Kilscannell, Limerick",62,53,380,495,18,12,29,29,47,27,19,122,77
Limerick County,2ae19629-17bb-13a3-e055-000000000001,"Kilteely, Limerick",52,24,424,500,21,19,43,23,65,18,17,98,120
Limerick County,2ae19629-17bc-13a3-e055-000000000001,"Knockaderry, Limerick",52,25,354,431,15,13,22,25,62,14,14,109,80
Limerick County,2ae19629-17bd-13a3-e055-000000000001,"Knockainy, Limerick",71,26,529,626,35,19,37,37,96,21,16,153,115
Limerick County,2ae19629-17be-13a3-e055-000000000001,"Knocklong, Limerick",78,37,646,761,33,24,65,41,111,22,33,137,180
Limerick County,2ae19629-17bf-13a3-e055-000000000001,"Knocknascrow, Limerick",17,7,147,171,5,6,12,7,19,8,13,35,42
Limerick City,2ae19629-17c1-13a3-e055-000000000001,"Limerick South Rural, Limerick",210,140,1362,1712,34,36,76,88,186,55,39,313,535
Limerick County,2ae19629-17c2-13a3-e055-000000000001,"Lismakeery, Limerick",37,16,320,373,17,16,30,25,38,17,16,91,70
Limerick County,2ae19629-17c3-13a3-e055-000000000001,"Loghill, Limerick",63,22,473,558,22,23,42,33,64,23,19,128,119
Limerick County,2ae19629-17c4-13a3-e055-000000000001,"Mahoonagh, Limerick",46,21,358,425,19,19,44,29,54,5,16,85,87
Limerick County,fbd773f9-3255-4b44-ade1-02facf2621f8,"Mohernagh/Dunmoylan West, Limerick",16,7,145,168,5,13,21,8,26,4,3,32,33
Limerick County,2ae19629-17c6-13a3-e055-000000000001,"Monagay, Limerick",101,40,831,972,43,36,59,63,106,45,38,202,239
Limerick County,2ae19629-17c7-13a3-e055-000000000001,"Mountcollins, Limerick",24,19,367,410,34,16,44,29,52,16,15,73,88
Limerick County,2ae19629-17b3-13a3-e055-000000000001,"Mountplummer, Limerick",31,8,244,283,14,15,24,15,27,12,13,62,62
Limerick County,2ae19629-17b4-13a3-e055-000000000001,"Nantinan, Limerick",65,20,512,597,25,26,40,27,69,21,25,149,130
Limerick County,2ae19629-17b5-13a3-e055-000000000001,"Newcastle Rural, Limerick",181,138,1615,1934,75,46,116,113,214,73,80,494,404
Limerick County,2ae19629-17b6-13a3-e055-000000000001,"Newcastle Urban, Limerick",377,488,3569,4434,189,138,298,248,475,175,141,833,1072
Limerick County,2ae19629-17b7-13a3-e055-000000000001,"Oola, Limerick",102,26,788,916,37,16,73,72,121,27,41,220,181
Limerick County,2ae19629-17b8-13a3-e055-000000000001,"Pallaskenry, Limerick",125,39,727,891,24,31,58,67,117,43,35,198,154
Limerick County,2ae19629-17b9-13a3-e055-000000000001,"Particles, Limerick",28,6,151,185,5,7,12,17,21,11,11,29,38
Limerick County,2ae19629-17d0-13a3-e055-000000000001,"Patrickswell, Limerick",134,74,1008,1216,54,28,96,89,146,43,45,249,258
Limerick County,2ae19629-17d1-13a3-e055-000000000001,"Port, Limerick",37,16,369,422,27,19,38,35,71,6,16,81,76
Limerick County,2ae19629-17d2-13a3-e055-000000000001,"Rathkeale Rural, Limerick",17,11,231,259,14,6,27,23,32,15,10,52,52
Limerick County,2ae19629-17d3-13a3-e055-000000000001,"Rathkeale Urban, Limerick",72,42,1030,1144,232,70,114,87,130,27,27,126,217
Limerick County,2ae19629-17d4-13a3-e055-000000000001,"Rathmore, Limerick",27,6,212,245,2,10,26,16,20,9,7,73,49
Limerick County,2ae19629-17d5-13a3-e055-000000000001,"Rathronan, Limerick",62,32,669,763,50,41,67,63,75,34,21,148,170
Limerick County,2ae19629-17d6-13a3-e055-000000000001,"Riddlestown, Limerick",48,23,402,473,23,19,34,46,49,15,29,113,74
Limerick County,2ae19629-17d7-13a3-e055-000000000001,"Riversdale, Limerick",20,7,191,218,18,12,19,8,14,8,9,56,47
Limerick County,2ae19629-17d8-13a3-e055-000000000001,"Rockhill, Limerick",29,13,224,266,6,7,19,15,31,14,10,69,53
Limerick County,2ae19629-17d9-13a3-e055-000000000001,"Rooskagh, Limerick",22,4,215,241,26,9,32,10,34,5,11,44,44
Limerick City,2ae19629-17da-13a3-e055-000000000001,"Roxborough, Limerick",149,54,1091,1294,26,20,66,48,151,41,47,498,194
Limerick County,2ae19629-17db-13a3-e055-000000000001,"Shanagolden, Limerick",68,41,687,796,29,28,74,43,109,26,31,155,192
Limerick County,2ae19629-17dc-13a3-e055-000000000001,"Shanid, Limerick",50,23,364,437,17,12,31,27,52,14,21,96,94
Limerick County,2ae19629-17c8-13a3-e055-000000000001,"Templebredon, Limerick",56,17,395,468,22,15,28,25,43,19,17,107,119
Limerick County,2ae19629-17c9-13a3-e055-000000000001,"Templeglentan, Limerick",74,38,730,842,34,41,72,62,87,25,23,176,210
Limerick County,2ae19629-17ca-13a3-e055-000000000001,"Tobernea, Limerick",68,16,474,558,22,15,36,33,78,23,20,152,95
Limerick County,2ae19629-17cb-13a3-e055-000000000001,"Uregare, Limerick",62,20,436,518,30,15,41,28,66,24,28,116,88
Tipperary North,2ae19629-19fd-13a3-e055-000000000001,"Abington, Tipperary",59,26,437,522,18,14,22,40,54,19,23,106,141
Tipperary North,2ae19629-19fe-13a3-e055-000000000001,"Aghnameadle, Tipperary",27,18,215,260,9,9,20,13,36,7,7,67,47
Tipperary North,2ae19629-19ff-13a3-e055-000000000001,"Aglishcloghane, Tipperary",23,15,188,226,10,8,9,8,39,11,5,42,56
Tipperary North,2ae19629-1a0c-13a3-e055-000000000001,"Ardcrony, Tipperary",54,16,425,495,24,18,28,18,59,15,15,134,114
Tipperary North,2ae19629-1a21-13a3-e055-000000000001,"Ballina, Tipperary",367,132,2127,2626,43,41,102,106,231,77,107,940,480
Tipperary North,2ae19629-1a2b-13a3-e055-000000000001,"Ballingarry, Tipperary, 217011",52,21,407,480,30,13,27,31,52,15,23,102,114
Tipperary North,2ae19629-1a2d-13a3-e055-000000000001,"Ballycahill, Tipperary",44,9,290,343,5,9,26,23,39,17,20,90,61
Tipperary North,2ae19629-198d-13a3-e055-000000000001,"Ballygibbon, Tipperary",52,29,459,540,24,12,34,27,64,23,28,115,132
Tipperary North,2ae19629-1998-13a3-e055-000000000001,"Ballylusky, Tipperary",31,7,242,280,7,5,21,20,34,16,6,67,66
Tipperary North,2ae19629-1999-13a3-e055-000000000001,"Ballymackey, Tipperary",53,16,379,448,19,7,29,20,60,25,13,101,105
Tipperary South,2ae19629-1bf8-13a3-e055-000000000001,"Ballymurreen, Tipperary",18,8,168,194,10,3,6,10,30,12,3,44,50
Tipperary North,2ae19629-1bf9-13a3-e055-000000000001,"Ballynaclogh, Tipperary",57,25,514,596,12,18,42,33,85,26,27,161,110
Tipperary North,2ae19629-1c10-13a3-e055-000000000001,"Birdhill, Tipperary",89,29,487,605,15,17,48,28,71,29,29,163,87
Tipperary North,2ae19629-1c11-13a3-e055-000000000001,"Borrisnafarney, Tipperary",26,6,215,247,12,8,21,18,34,8,12,44,58
Tipperary North,2ae19629-1c1a-13a3-e055-000000000001,"Borrisnoe, Tipperary",7,8,82,97,4,3,5,9,12,0,2,26,21
Tipperary North,2ae19629-1c1b-13a3-e055-000000000001,"Borrisokane, Tipperary",107,84,945,1136,65,48,85,62,126,59,39,194,267
Tipperary North,2ae19629-1c1c-13a3-e055-000000000001,"Borrisoleigh, Tipperary",98,58,853,1009,27,27,81,82,133,25,39,188,251
Tipperary North,2ae19629-1c25-13a3-e055-000000000001,"Bourney East, Tipperary",26,14,220,260,8,6,17,17,40,8,17,57,50
Tipperary North,2ae19629-1c26-13a3-e055-000000000001,"Bourney West, Tipperary",19,16,281,316,23,10,24,14,37,16,12,65,80
Tipperary North,2ae19629-1c30-13a3-e055-000000000001,"Burgesbeg, Tipperary",54,15,300,369,9,10,17,25,36,15,11,105,72
Tipperary North,2ae19629-1c47-13a3-e055-000000000001,"Carrig, Tipperary",9,6,131,146,4,9,11,5,21,6,6,34,35
Tipperary North,2ae19629-1c48-13a3-e055-000000000001,"Carrigatogher, Tipperary",78,20,510,608,25,26,45,37,93,26,27,144,87
Tipperary North,2ae19629-1c55-13a3-e055-000000000001,"Castletown, Tipperary",142,72,998,1212,51,29,87,78,164,41,37,293,218
Tipperary North,2ae19629-1c68-13a3-e055-000000000001,"Cloghjordan, Tipperary",93,66,778,937,42,31,48,44,99,31,43,237,203
Tipperary North,2ae19629-1c69-13a3-e055-000000000001,"Cloghprior, Tipperary",34,14,211,259,12,10,8,16,32,12,9,62,50
Tipperary North,2ae19629-1c6a-13a3-e055-000000000001,"Clohaskin, Tipperary",17,9,177,203,9,3,13,17,24,8,11,49,43
Tipperary North,2ae19629-1bf2-13a3-e055-000000000001,"Derrycastle, Tipperary",52,7,346,405,13,10,17,20,39,6,11,120,110
Tipperary North,2ae19629-1bfc-13a3-e055-000000000001,"Dolla, Tipperary",16,6,149,171,10,3,15,7,23,12,8,38,33
Tipperary North,2ae19629-1c06-13a3-e055-000000000001,"Drom, Tipperary",132,37,801,970,18,19,72,72,128,47,32,231,182
Tipperary North,2ae19629-1c14-13a3-e055-000000000001,"Finnoe, Tipperary",23,10,135,168,12,5,18,9,16,3,4,43,25
Tipperary North,2ae19629-1c1d-13a3-e055-000000000001,"Foilnaman, Tipperary",23,11,253,287,19,16,22,21,30,8,10,62,65
Tipperary North,2ae19629-1c33-13a3-e055-000000000001,"Glenkeen, Tipperary",35,20,310,365,16,6,25,25,39,19,15,84,81
Tipperary North,2ae19629-1c3f-13a3-e055-000000000001,"Gortkelly, Tipperary",51,25,390,466,16,23,30,35,70,15,16,75,110
Tipperary North,2ae19629-1c41-13a3-e055-000000000001,"Graigue, Tipperary, 217084",23,9,212,244,18,8,13,23,29,5,8,49,59
Tipperary North,2ae19629-1c56-13a3-e055-000000000001,"Holycross, Tipperary",108,40,1001,1149,52,30,92,99,154,54,46,272,202
Tipperary North,2ae19629-1c57-13a3-e055-000000000001,"Inch, Tipperary",29,13,298,340,17,13,18,23,46,7,6,80,88
Tipperary North,2ae19629-1c60-13a3-e055-000000000001,"Kilbarron, Tipperary",37,15,483,535,32,14,27,38,68,27,22,143,112
Tipperary North,2ae19629-1c6b-13a3-e055-000000000001,"Kilcomenty, Tipperary",93,38,460,591,20,11,40,48,76,38,23,153,51
Tipperary North,2ae19629-1c82-13a3-e055-000000000001,"Kilkeary, Tipperary",68,18,451,537,17,15,31,28,60,25,23,137,115
Tipperary North,2ae19629-1c85-13a3-e055-000000000001,"Killavinoge, Tipperary",56,20,299,375,13,13,26,25,54,15,14,61,78
Tipperary North,2ae19629-1c8f-13a3-e055-000000000001,"Killea, Tipperary",38,5,259,302,10,11,19,28,42,8,11,54,76
Tipperary North,2ae19629-1be9-13a3-e055-000000000001,"Killoscully, Tipperary",57,14,322,393,16,10,19,21,38,17,11,125,65
Tipperary North,2ae19629-1bea-13a3-e055-000000000001,"Kilmore, Tipperary",66,38,473,577,28,17,32,37,63,22,22,112,140
Tipperary North,2ae19629-1bfe-13a3-e055-000000000001,"Kilnaneave, Tipperary",51,24,317,392,27,7,21,37,34,16,19,74,82
Tipperary North,2ae19629-1bff-13a3-e055-000000000001,"Kilnarath, Tipperary",40,14,239,293,12,4,22,15,32,5,12,71,66
Tipperary North,2ae19629-1c0a-13a3-e055-000000000001,"Kilrush, Tipperary",50,29,350,429,10,11,23,31,51,15,17,105,87
Tipperary North,2ae19629-1c20-13a3-e055-000000000001,"Knigh, Tipperary",82,20,548,650,25,16,44,42,86,38,26,150,121
Tipperary North,92a3af93-8212-46b6-9978-852f51bdf3c6,"Lackagh/Greenhall, Tipperary",32,5,286,323,13,5,12,17,36,6,11,94,92
Tipperary North,2ae19629-1c2c-13a3-e055-000000000001,"Latteragh, Tipperary",63,17,474,554,34,24,39,39,54,21,11,99,153
Tipperary North,2ae19629-1c37-13a3-e055-000000000001,"Littleton, Tipperary",96,55,696,847,48,26,53,76,98,26,33,130,206
Tipperary North,2ae19629-1c42-13a3-e055-000000000001,"Longfordpass, Tipperary",34,9,224,267,12,12,19,19,39,8,10,56,49
Tipperary North,2ae19629-1c43-13a3-e055-000000000001,"Lorrha East, Tipperary",24,15,216,255,13,10,15,20,19,14,11,57,57
Tipperary North,2ae19629-1c44-13a3-e055-000000000001,"Lorrha West, Tipperary",23,7,243,273,16,7,16,22,23,9,11,70,69
Tipperary North,2ae19629-1c4b-13a3-e055-000000000001,"Loughmore, Tipperary",58,19,461,538,8,15,32,37,67,14,25,143,120
Tipperary North,2ae19629-1c4d-13a3-e055-000000000001,"Mertonhall, Tipperary",16,5,132,153,3,12,12,8,17,9,5,27,39
Tipperary North,2ae19629-1c59-13a3-e055-000000000001,"Monsea, Tipperary",68,21,471,560,22,9,34,40,59,21,15,170,101
Tipperary North,2ae19629-1c62-13a3-e055-000000000001,"Moyaliff, Tipperary",41,10,276,327,20,12,26,26,43,11,10,62,66
Tipperary North,2ae19629-1c63-13a3-e055-000000000001,"Moycarky, Tipperary",48,11,373,432,18,12,27,41,62,19,7,82,105
Tipperary North,2ae19629-1c64-13a3-e055-000000000001,"Moyne, Tipperary",44,16,351,411,13,9,34,28,52,18,14,97,86
Tipperary North,2ae19629-1c51-13a3-e055-000000000001,"Nenagh East Urban, Tipperary",296,304,2153,2753,98,71,144,131,364,118,101,557,569
Tipperary North,2ae19629-1c6f-13a3-e055-000000000001,"Nenagh Rural, Tipperary",168,62,1359,1589,37,33,74,97,180,70,45,503,320
Tipperary North,2ae19629-1c70-13a3-e055-000000000001,"Nenagh West Urban, Tipperary",416,527,3841,4784,188,99,277,272,640,173,159,1042,991
Tipperary North,2ae19629-1c7a-13a3-e055-000000000001,"Newport, Tipperary",318,165,1875,2358,84,72,162,161,279,77,92,624,324
Tipperary North,2ae19629-1c93-13a3-e055-000000000001,"Rahelty, Tipperary",97,17,504,618,24,21,47,33,82,19,23,118,137
Tipperary North,2ae19629-1c94-13a3-e055-000000000001,"Rathcabban, Tipperary",32,9,192,233,10,11,9,8,34,6,17,48,49
Tipperary North,2ae19629-1bec-13a3-e055-000000000001,"Rathnaveoge, Tipperary",20,15,189,224,8,2,10,12,22,11,9,43,72
Tipperary North,2ae19629-1bed-13a3-e055-000000000001,"Redwood, Tipperary",10,1,97,108,13,3,8,7,14,5,2,18,27
Tipperary North,2ae19629-1bf5-13a3-e055-000000000001,"Riverstown, Tipperary",71,22,402,495,14,16,28,34,76,26,22,113,73
Tipperary North,2ae19629-1bf7-13a3-e055-000000000001,"Roscrea, Tipperary",488,470,4282,5240,237,192,347,384,732,210,150,737,1293
Tipperary North,2ae19629-1c02-13a3-e055-000000000001,"Templederry, Tipperary",8,8,88,104,11,2,7,7,12,5,6,18,20
Tipperary North,2ae19629-1c0b-13a3-e055-000000000001,"Templemore, Tipperary",138,107,1356,1601,54,60,126,136,210,62,53,310,345
Tipperary North,2ae19629-1c0d-13a3-e055-000000000001,"Templetouhy, Tipperary",57,41,581,679,28,34,48,58,76,29,19,129,160
Tipperary North,2ae19629-1c0e-13a3-e055-000000000001,"Terryglass, Tipperary",34,18,418,470,18,10,24,30,57,29,17,146,87
Tipperary North,2ae19629-1c18-13a3-e055-000000000001,"Thurles Rural, Tipperary",202,104,1585,1891,42,38,104,117,264,70,71,507,372
Tipperary North,2ae19629-1c19-13a3-e055-000000000001,"Thurles Urban, Tipperary",564,411,4889,5864,181,181,425,448,762,224,148,1102,1418
Tipperary North,2ae19629-1c21-13a3-e055-000000000001,"Timoney, Tipperary",24,13,282,319,17,12,29,22,42,12,11,55,82
Tipperary North,2ae19629-1c3a-13a3-e055-000000000001,"Two-Mile-Borris, Tipperary",83,37,555,675,16,15,49,51,96,13,19,124,172
Tipperary North,2ae19629-1c45-13a3-e055-000000000001,"Upperchurch, Tipperary",29,6,217,252,15,12,13,17,30,6,8,63,53
Tipperary North,2ae19629-1c46-13a3-e055-000000000001,"Uskane, Tipperary",22,5,177,204,6,15,17,13,19,9,9,57,32
Tipperary North,2ae19629-1c4e-13a3-e055-000000000001,"Youghalarra, Tipperary",75,21,701,797,25,17,41,55,75,37,27,224,200
Tipperary South,2ae19629-1a0b-13a3-e055-000000000001,"Anner, Tipperary",43,7,275,325,4,15,23,24,44,12,12,57,84
Tipperary South,2ae19629-1a14-13a3-e055-000000000001,"Ardfinnan, Tipperary",85,36,812,933,43,28,73,62,135,30,30,204,207
Tipperary South,2ae19629-1a15-13a3-e055-000000000001,"Ardmayle, Tipperary",60,32,437,529,22,14,46,40,52,21,10,113,119
Tipperary South,2ae19629-1a20-13a3-e055-000000000001,"Ardsallagh, Tipperary",43,20,315,378,12,14,21,24,54,13,13,85,79
Tipperary South,2ae19629-1a22-13a3-e055-000000000001,"Ballingarry, Tipperary, 217010",63,36,510,609,34,40,48,41,62,27,20,91,147
Tipperary South,2ae19629-1a2c-13a3-e055-000000000001,"Ballybacon, Tipperary",42,16,332,390,20,16,36,27,56,20,8,66,83
Tipperary South,2ae19629-1a37-13a3-e055-000000000001,"Ballycarron, Tipperary",38,19,215,272,6,3,16,20,40,12,13,61,44
Tipperary South,2ae19629-1a38-13a3-e055-000000000001,"Ballyclerahan, Tipperary",93,39,703,835,25,27,57,73,102,28,31,215,145
Tipperary South,2ae19629-198e-13a3-e055-000000000001,"Ballygriffin, Tipperary",17,9,185,211,12,5,18,11,22,9,8,38,62
Tipperary South,2ae19629-198f-13a3-e055-000000000001,"Ballykisteen, Tipperary",62,26,626,714,33,17,45,55,108,27,17,160,164
Tipperary South,2ae19629-1bfa-13a3-e055-000000000001,"Ballyphilip, Tipperary",39,15,285,339,14,19,32,29,43,11,10,59,68
Tipperary South,2ae19629-1c03-13a3-e055-000000000001,"Ballyporeen, Tipperary",76,32,663,771,33,21,42,56,99,36,20,167,189
Tipperary South,2ae19629-1c04-13a3-e055-000000000001,"Ballysheehan, Tipperary",48,17,363,428,14,13,35,21,32,19,19,112,98
Tipperary South,2ae19629-1c0f-13a3-e055-000000000001,"Bansha, Tipperary",68,25,609,702,38,28,61,55,85,29,20,143,150
Tipperary South,2ae19629-1c27-13a3-e055-000000000001,"Bruis, Tipperary",35,6,228,269,4,5,12,20,32,9,15,63,68
Tipperary North,2ae19629-1c2f-13a3-e055-000000000001,"Buolick, Tipperary",42,20,488,550,20,17,53,40,61,21,15,108,153
Tipperary South,2ae19629-1c31-13a3-e055-000000000001,"Burncourt, Tipperary",38,8,320,366,23,8,25,32,45,21,11,91,64
Tipperary South,2ae19629-1c32-13a3-e055-000000000001,"Caher, Tipperary",73,63,910,1046,38,29,53,61,139,47,34,244,265
Tipperary North,2ae19629-1c3b-13a3-e055-000000000001,"Cappagh, Tipperary",76,47,630,753,16,31,53,67,87,29,23,165,159
Tipperary South,2ae19629-1c3c-13a3-e055-000000000001,"Carrick-On-Suir Rural, Tipperary",42,12,376,430,21,16,37,25,51,8,21,96,101
Tipperary South,2ae19629-1c3d-13a3-e055-000000000001,"Carrick-On-Suir Urban, Tipperary",328,294,3088,3710,180,182,309,312,407,110,73,428,1087
Tipperary South,2ae19629-1c3e-13a3-e055-000000000001,"Carrickbeg Urban, Tipperary",126,75,1013,1214,42,54,118,111,146,39,33,174,296
Tipperary South,2ae19629-1c53-13a3-e055-000000000001,"Cashel Rural, Tipperary",238,223,1826,2287,45,43,135,131,247,86,90,504,545
Tipperary South,2ae19629-1c54-13a3-e055-000000000001,"Cashel Urban, Tipperary",166,191,1822,2179,98,51,122,152,236,57,56,340,710
Tipperary South,2ae19629-1c5d-13a3-e055-000000000001,"Clogheen, Tipperary",57,40,733,830,40,23,79,58,94,29,26,147,237
Tipperary North,2ae19629-1c5e-13a3-e055-000000000001,"Clogher, Tipperary",25,9,157,191,13,8,9,10,45,5,8,34,25
Tipperary South,2ae19629-1c75-13a3-e055-000000000001,"Clonbeg, Tipperary",56,19,540,615,21,34,41,27,72,21,24,186,114
Tipperary South,2ae19629-1c76-13a3-e055-000000000001,"Cloneen, Tipperary",46,18,312,376,12,15,33,26,45,17,15,89,60
Tipperary South,2ae19629-1c50-13a3-e055-000000000001,"Clonmel East Urban, Tipperary",298,272,2947,3517,101,118,176,217,363,103,112,735,1022
Tipperary South,2ae19629-1c7f-13a3-e055-000000000001,"Clonmel Rural, Tipperary",452,386,3582,4420,91,79,235,294,460,129,153,1175,966
Tipperary South,2ae19629-1c80-13a3-e055-000000000001,"Clonmel West Urban, Tipperary",358,377,4249,4984,249,187,398,371,502,123,115,686,1618
Tipperary North,2ae19629-1c81-13a3-e055-000000000001,"Clonoulty East, Tipperary",41,17,378,436,31,18,43,31,56,22,11,81,85
Tipperary North,2ae19629-1c8d-13a3-e055-000000000001,"Clonoulty West, Tipperary",48,26,482,556,39,21,50,34,80,27,21,100,110
Tipperary South,2ae19629-1c8e-13a3-e055-000000000001,"Colman, Tipperary",36,21,320,377,9,5,19,28,43,17,19,104,76
Tipperary South,2ae19629-1be6-13a3-e055-000000000001,"Coolagarranroe, Tipperary",45,13,420,478,22,13,31,32,61,19,23,117,102
Tipperary South,2ae19629-1be7-13a3-e055-000000000001,"Cooleagh, Tipperary",56,27,381,464,11,16,34,34,65,19,19,88,95
Tipperary South,2ae19629-1be8-13a3-e055-000000000001,"Crohane, Tipperary",29,12,177,218,9,3,19,22,19,7,8,46,44
Tipperary South,2ae19629-1bf0-13a3-e055-000000000001,"Cullen, Tipperary",29,11,185,225,12,4,16,21,21,11,7,40,53
Tipperary North,2ae19629-1bf1-13a3-e055-000000000001,"Curraheen, Tipperary",23,12,199,234,8,6,24,16,33,7,5,46,54
Tipperary South,2ae19629-1bfb-13a3-e055-000000000001,"Derrygrath, Tipperary",61,29,460,550,14,24,42,35,66,19,24,121,115
Tipperary North,2ae19629-1bfd-13a3-e055-000000000001,"Donohill, Tipperary",47,27,451,525,20,20,51,44,67,15,15,110,109
Tipperary South,2ae19629-1c05-13a3-e055-000000000001,"Drangan, Tipperary",64,16,462,542,17,12,48,40,68,24,20,97,136
Tipperary South,2ae19629-1c07-13a3-e055-000000000001,"Drumwood, Tipperary",59,18,400,477,23,10,37,25,60,21,17,126,81
Tipperary South,2ae19629-1c08-13a3-e055-000000000001,"Emly, Tipperary",52,33,464,549,27,14,48,34,72,25,13,92,139
Tipperary South,2ae19629-1c12-13a3-e055-000000000001,"Farranrory, Tipperary",35,15,317,367,34,16,43,36,43,8,6,51,80
Tipperary North,2ae19629-1c13-13a3-e055-000000000001,"Fennor, Tipperary",43,20,399,462,19,28,35,29,49,19,18,110,92
Tipperary South,2ae19629-1c4f-13a3-e055-000000000001,"Fethard, Tipperary",54,45,725,824,30,37,68,70,103,37,18,144,218
Tipperary North,2ae19629-1c1e-13a3-e055-000000000001,"Gaile, Tipperary",43,29,538,610,32,32,42,39,80,27,17,141,128
Tipperary South,2ae19629-1c28-13a3-e055-000000000001,"Garrangibbon, Tipperary",48,30,463,541,28,26,46,48,76,19,17,111,92
Tipperary North,2ae19629-1c29-13a3-e055-000000000001,"Glengar, Tipperary",28,7,174,209,10,8,10,13,25,7,6,59,36
Tipperary South,2ae19629-1c34-13a3-e055-000000000001,"Golden, Tipperary",78,30,623,731,34,18,47,55,103,28,31,122,185
Tipperary South,2ae19629-1c40-13a3-e055-000000000001,"Graigue, Tipperary, 217083",15,6,103,124,6,3,9,3,10,5,5,29,33
Tipperary South,2ae19629-1c49-13a3-e055-000000000001,"Graystown, Tipperary",41,23,298,362,16,18,15,26,37,12,10,79,85
Tipperary South,2ae19629-1c5f-13a3-e055-000000000001,"Inishlounaght, Tipperary",273,233,2296,2802,79,67,151,186,337,107,98,700,571
Tipperary South,2ae19629-1c61-13a3-e055-000000000001,"Kilcash, Tipperary",83,33,531,647,21,22,44,42,86,14,24,163,115
Tipperary South,2ae19629-1c6c-13a3-e055-000000000001,"Kilcommon, Tipperary",156,123,1612,1891,52,60,132,132,239,63,46,241,647
Tipperary North,2ae19629-1c6d-13a3-e055-000000000001,"Kilcooly, Tipperary",33,7,213,253,11,9,19,14,18,8,8,54,72
Tipperary South,2ae19629-1c77-13a3-e055-000000000001,"Kilcoran, Tipperary",56,26,364,446,16,16,20,33,47,14,15,115,88
Tipperary South,2ae19629-1c78-13a3-e055-000000000001,"Kilfeakle, Tipperary",46,18,348,412,14,17,25,28,49,12,11,110,82
Tipperary South,2ae19629-1c83-13a3-e055-000000000001,"Killadriffe, Tipperary",35,13,402,450,21,14,35,26,57,18,22,115,94
Tipperary South,2ae19629-1c15-13a3-e055-000000000001,"Killaloan/Kilsheelan, Tipperary",123,64,989,1176,38,24,96,103,157,37,48,262,224
Tipperary South,2ae19629-1c90-13a3-e055-000000000001,"Killeenasteena, Tipperary",63,24,447,534,11,16,34,35,61,17,25,148,100
Tipperary South,2ae19629-1c91-13a3-e055-000000000001,"Killenaule, Tipperary",90,51,871,1012,53,39,100,88,119,30,26,149,267
Tipperary South,2ae19629-1bf3-13a3-e055-000000000001,"Kilmucklin, Tipperary",63,15,382,460,9,14,28,38,56,17,14,104,102
Tipperary South,2ae19629-1bf4-13a3-e055-000000000001,"Kilmurry, Tipperary",29,17,245,291,9,11,17,29,41,12,15,69,42
Tipperary South,2ae19629-1c09-13a3-e055-000000000001,"Kilpatrick, Tipperary",70,44,688,802,28,34,58,63,94,42,22,182,165
Tipperary South,2ae19629-1c16-13a3-e055-000000000001,"Kiltinan, Tipperary",30,18,207,255,3,8,21,10,33,4,12,60,56
Tipperary South,2ae19629-1c1f-13a3-e055-000000000001,"Kilvemnon, Tipperary",36,15,316,367,22,8,32,24,49,20,13,76,72
Tipperary South,2ae19629-1c2a-13a3-e055-000000000001,"Knockgraffon, Tipperary",67,26,510,603,14,27,37,33,93,31,27,133,115
Tipperary South,2ae19629-1c35-13a3-e055-000000000001,"Lattin, Tipperary",47,21,361,429,15,17,26,32,44,15,17,97,98
Tipperary South,2ae19629-1c36-13a3-e055-000000000001,"Lisronagh, Tipperary",80,36,588,704,24,19,41,56,77,31,23,165,152
Tipperary South,2ae19629-1c4c-13a3-e055-000000000001,"Magorban, Tipperary",66,33,468,567,10,16,32,29,80,18,20,142,121
Tipperary South,2ae19629-1c58-13a3-e055-000000000001,"Modeshil, Tipperary",31,8,265,304,16,10,21,19,43,10,8,80,58
Tipperary South,2ae19629-1c5a-13a3-e055-000000000001,"Mortlestown, Tipperary",151,169,975,1295,18,33,64,66,143,46,57,222,326
Tipperary South,2ae19629-1c6e-13a3-e055-000000000001,"Mullinahone, Tipperary",72,29,616,717,38,35,56,69,99,22,23,110,164
Tipperary South,2ae19629-1c71-13a3-e055-000000000001,"New Birmingham, Tipperary",31,16,316,363,21,11,34,41,35,12,17,51,94
Tipperary South,2ae19629-1c79-13a3-e055-000000000001,"Newcastle, Tipperary",60,21,470,551,27,16,48,42,73,22,19,107,116
Tipperary South,2ae19629-1c86-13a3-e055-000000000001,"Newtown, Tipperary",41,15,273,329,15,11,29,19,31,17,8,72,71
Tipperary South,2ae19629-1c87-13a3-e055-000000000001,"Nodstown, Tipperary",45,27,400,472,13,19,37,31,48,12,18,126,96
Tipperary South,2ae19629-1c88-13a3-e055-000000000001,"Oughterleague, Tipperary",51,24,402,477,44,24,39,35,52,15,5,104,84
Tipperary South,2ae19629-1c89-13a3-e055-000000000001,"Peppardstown, Tipperary",107,76,950,1133,28,40,68,106,155,48,40,200,265
Tipperary South,2ae19629-1c92-13a3-e055-000000000001,"Poyntstown, Tipperary",8,9,125,142,8,5,17,11,14,6,5,33,26
Tipperary South,2ae19629-1beb-13a3-e055-000000000001,"Rathlynin, Tipperary",45,12,245,302,15,13,17,16,43,7,13,56,65
Tipperary South,2ae19629-1bf6-13a3-e055-000000000001,"Rodus, Tipperary",23,12,178,213,9,8,8,11,28,11,5,45,53
Tipperary South,2ae19629-1c00-13a3-e055-000000000001,"Shronell, Tipperary",38,19,268,325,11,9,18,16,46,13,8,67,80
Tipperary South,2ae19629-1c01-13a3-e055-000000000001,"Solloghodbeg, Tipperary",26,3,163,192,9,8,7,13,41,5,3,34,43
Tipperary South,2ae19629-1c0c-13a3-e055-000000000001,"Templeneiry, Tipperary",34,6,332,372,17,18,25,30,45,13,14,83,87
Tipperary South,2ae19629-1c17-13a3-e055-000000000001,"Thomastown, Tipperary",25,18,274,317,12,13,22,18,49,11,11,73,65
Tipperary South,2ae19629-1c22-13a3-e055-000000000001,"Tipperary East Urban, Tipperary",146,172,1731,2049,115,86,142,148,247,74,45,214,660
Tipperary South,2ae19629-1c23-13a3-e055-000000000001,"Tipperary Rural, Tipperary",200,100,1482,1782,42,43,100,137,250,91,60,387,372
Tipperary South,2ae19629-1c24-13a3-e055-000000000001,"Tipperary West Urban, Tipperary",139,187,1342,1668,50,66,128,142,218,60,50,246,382
Tipperary South,2ae19629-1c2d-13a3-e055-000000000001,"Tubbrid, Tipperary",42,28,442,512,19,14,40,23,55,21,21,144,105
Tipperary South,2ae19629-1c2e-13a3-e055-000000000001,"Tullaghmelan, Tipperary",97,54,730,881,24,26,70,75,105,25,36,210,159
Tipperary South,2ae19629-1c38-13a3-e055-000000000001,"Tullaghorton, Tipperary",24,14,205,243,18,9,15,15,29,7,9,51,52
Tipperary South,2ae19629-1c39-13a3-e055-000000000001,"Tullamain, Tipperary",76,46,462,584,22,21,56,53,90,23,15,67,115
Waterford,2ae19629-1b7e-13a3-e055-000000000001,"Ballybeg North, Waterford",270,209,1698,2177,100,114,183,155,183,59,44,197,663
Waterford,52b67420-9925-451f-8d49-872af209226e,"Ballybeg South/Ballynaneashagh, Waterford",26,16,202,244,7,7,18,12,19,8,8,50,73
Waterford,2ae19629-1b80-13a3-e055-000000000001,"Ballybricken, Waterford",7,16,126,149,3,5,6,10,7,3,2,18,72
Waterford,2ae19629-1b81-13a3-e055-000000000001,"Ballymaclode, Waterford",114,46,914,1074,35,32,70,70,130,38,39,364,136
Waterford,2ae19629-1b82-13a3-e055-000000000001,"Ballynakill, Waterford, 228005",176,82,1701,1959,31,36,83,84,141,53,56,520,697
Waterford,2ae19629-1b8e-13a3-e055-000000000001,"Ballytruckle, Waterford",647,420,3984,5051,114,215,387,379,592,171,152,831,1143
Waterford,2ae19629-1b8f-13a3-e055-000000000001,"Bilberry, Waterford",60,105,669,834,8,13,19,40,58,9,14,182,326
Waterford,2ae19629-1b90-13a3-e055-000000000001,"Centre A, Waterford",90,74,605,769,17,20,30,26,47,17,15,130,303
Waterford,2ae19629-1b91-13a3-e055-000000000001,"Centre B, Waterford",25,35,190,250,7,7,13,10,21,11,7,42,72
Waterford,2ae19629-1b92-13a3-e055-000000000001,"Cleaboy, Waterford",220,108,1848,2176,49,125,210,205,253,65,51,416,474
Waterford,2ae19629-1b93-13a3-e055-000000000001,"Custom House A, Waterford",23,41,261,325,9,7,20,17,21,14,11,71,91
Waterford,2ae19629-1b94-13a3-e055-000000000001,"Custom House B, Waterford",22,51,239,312,3,8,12,13,17,4,7,64,111
Waterford,2ae19629-1b95-13a3-e055-000000000001,"Farranshoneen, Waterford",557,296,3926,4779,60,95,232,286,537,181,187,1629,719
Waterford,2ae19629-1b96-13a3-e055-000000000001,"Ferrybank, Waterford",46,58,639,743,26,35,69,56,95,19,19,162,158
Waterford,2ae19629-1ba2-13a3-e055-000000000001,"Gracedieu, Waterford",239,161,1113,1513,21,37,72,101,148,42,40,247,405
Waterford,2ae19629-1bc0-13a3-e055-000000000001,"Grange North, Waterford",66,51,653,770,23,45,76,53,69,17,21,107,242
Waterford,2ae19629-1ba3-13a3-e055-000000000001,"Grange South, Waterford",285,198,1939,2422,67,103,141,157,215,70,87,518,581
Waterford,2ae19629-1ba4-13a3-e055-000000000001,"Grange Upper, Waterford",206,196,1535,1937,35,43,88,89,158,78,62,587,395
Waterford,2ae19629-1ba5-13a3-e055-000000000001,"Kilbarry, Waterford, 228019",321,235,1461,2017,15,33,74,89,165,64,55,409,557
Waterford,2ae19629-1ba6-13a3-e055-000000000001,"Kingsmeadow, Waterford",225,87,853,1165,60,64,83,73,74,20,18,147,314
Waterford,2ae19629-1ba7-13a3-e055-000000000001,"Larchville, Waterford",109,76,691,876,60,45,87,54,61,19,14,65,286
Waterford,2ae19629-1ba8-13a3-e055-000000000001,"Lisduggan, Waterford",67,58,721,846,42,72,81,59,74,21,13,85,274
Waterford,2ae19629-1ba9-13a3-e055-000000000001,"Military Road, Waterford",50,43,644,737,42,44,79,53,56,19,8,145,198
Waterford,2ae19629-1baa-13a3-e055-000000000001,"Morrisson's Avenue East, Waterford",49,49,463,561,27,30,42,30,49,14,11,111,149
Waterford,2ae19629-1bab-13a3-e055-000000000001,"Morrisson's Avenue West, Waterford",25,17,213,255,20,12,27,24,22,5,4,37,62
Waterford,2ae19629-1bac-13a3-e055-000000000001,"Morrisson's Road, Waterford",30,32,398,460,30,28,46,25,37,17,11,51,153
Waterford,2ae19629-1bad-13a3-e055-000000000001,"Mount Sion, Waterford",98,119,772,989,37,29,59,43,72,22,25,136,349
Waterford,2ae19629-1bae-13a3-e055-000000000001,"Newport's Square, Waterford",43,40,410,493,46,45,48,32,61,23,10,70,75
Waterford,2ae19629-1baf-13a3-e055-000000000001,"Newtown, Waterford, 228029",120,31,762,913,34,30,56,34,80,27,32,282,187
Waterford,2ae19629-1bb8-13a3-e055-000000000001,"Park, Waterford",118,173,1107,1398,15,33,45,49,94,30,30,374,437
Waterford,2ae19629-1bb9-13a3-e055-000000000001,"Poleberry, Waterford",306,125,1026,1457,25,31,82,60,103,22,48,260,395
Waterford,2ae19629-1bba-13a3-e055-000000000001,"Roanmore, Waterford",59,40,576,675,52,46,66,55,82,26,15,98,136
Waterford,2ae19629-1bbb-13a3-e055-000000000001,"Shortcourse, Waterford",22,27,268,317,26,14,29,20,26,3,7,58,85
Waterford,2ae19629-1bbc-13a3-e055-000000000001,"Slievekeale, Waterford",32,56,512,600,41,48,86,54,66,12,15,80,110
Waterford,2ae19629-1bbd-13a3-e055-000000000001,"The Glen, Waterford",74,136,646,856,10,19,23,36,67,18,23,109,341
Waterford,2ae19629-1bbe-13a3-e055-000000000001,"Ticor North, Waterford",193,82,1571,1846,88,110,181,149,228,55,48,240,472
Waterford,2ae19629-1bbf-13a3-e055-000000000001,"Ticor South, Waterford",61,27,315,403,15,22,40,33,31,4,6,57,107
Waterford,2ae19629-1c52-13a3-e055-000000000001,"Annestown, Waterford",80,35,591,706,21,15,33,48,71,25,26,210,142
Waterford,2ae19629-1c5b-13a3-e055-000000000001,"Aird Mhór, Port Láirge, 227002",31,7,157,195,12,2,8,8,19,9,10,53,36
Waterford,2ae19629-1c5c-13a3-e055-000000000001,"Ardmore, Waterford, 227003",56,23,591,670,26,18,45,41,86,27,25,191,132
Waterford,2ae19629-1c65-13a3-e055-000000000001,"Ballyduff, Waterford",22,12,236,270,18,11,17,14,31,12,13,68,52
Waterford,2ae19629-1c66-13a3-e055-000000000001,"Ballydurn, Waterford",14,7,142,163,4,3,10,11,17,14,9,44,30
Waterford,2ae19629-1c67-13a3-e055-000000000001,"Ballyhane, Waterford",42,18,333,393,14,10,36,22,53,18,12,92,76
Waterford,2ae19629-1c72-13a3-e055-000000000001,"Ballyheeny, Waterford",54,19,405,478,13,20,49,25,62,24,24,105,83
Waterford,2ae19629-1c73-13a3-e055-000000000001,"Ballyin, Waterford",45,12,375,432,16,17,25,28,33,22,18,113,103
Waterford,2ae19629-1c74-13a3-e055-000000000001,"Ballylaneen, Waterford",21,7,196,224,17,8,13,9,35,12,9,62,31
Waterford,2ae19629-1c7b-13a3-e055-000000000001,"Ballymacarbry, Waterford",51,27,354,432,16,15,28,16,59,16,21,105,78
Waterford,2ae19629-1c7c-13a3-e055-000000000001,"Baile Mhac Airt, Port Láirge",33,13,256,302,14,13,26,18,29,8,9,85,54
Waterford,2ae19629-1c7d-13a3-e055-000000000001,"Ballynakill, Waterford, 227012",25,9,316,350,6,13,22,31,32,5,14,63,130
Waterford,2ae19629-1c7e-13a3-e055-000000000001,"Ballynamult, Waterford",16,5,145,166,6,1,11,13,19,14,3,39,39
Waterford,2ae19629-1c8a-13a3-e055-000000000001,"Ballysaggartmore, Waterford",32,16,252,300,21,18,20,20,33,15,16,60,49
Waterford,2ae19629-1c8b-13a3-e055-000000000001,"Bohadoon, Waterford",23,6,226,255,11,8,15,8,33,13,14,61,63
Waterford,2ae19629-1c8c-13a3-e055-000000000001,"Cappagh, Waterford",41,14,289,344,12,10,23,22,38,19,23,92,50
Waterford,2ae19629-1c95-13a3-e055-000000000001,"Cappoquin, Waterford",91,83,913,1087,62,50,68,64,121,37,46,183,282
Waterford,2ae19629-1c96-13a3-e055-000000000001,"Carrickbeg Rural, Waterford",46,14,332,392,18,19,29,34,45,14,16,80,77
Waterford,2ae19629-1c97-13a3-e055-000000000001,"Carrigcastle, Waterford",15,8,199,222,15,13,15,19,23,4,10,54,46
Waterford,2ae19629-1be3-13a3-e055-000000000001,"Carriglea, Waterford",40,19,404,463,14,6,18,23,43,30,20,137,113
Waterford,2ae19629-1be4-13a3-e055-000000000001,"Castlerichard, Waterford",54,22,350,426,17,13,21,17,54,17,13,122,76
Waterford,2ae19629-1be5-13a3-e055-000000000001,"Clashmore, Waterford",28,10,341,379,21,25,25,24,55,16,12,99,64
Waterford,2ae19629-1bee-13a3-e055-000000000001,"Clonea, Waterford, 227023",38,10,294,342,13,19,29,25,46,14,15,56,77
Waterford,2ae19629-1bef-13a3-e055-000000000001,"Clonea, Waterford, 227024",212,105,1549,1866,41,41,113,117,231,70,67,588,281
Waterford,2ae19629-1b1e-13a3-e055-000000000001,"Colligan, Waterford",70,15,478,563,16,15,39,30,56,21,25,159,117
Waterford,2ae19629-1b1f-13a3-e055-000000000001,"Comeragh, Waterford",40,22,368,430,24,33,42,27,62,13,22,96,49
Waterford,2ae19629-1b20-13a3-e055-000000000001,"Coumaraglin, Waterford",17,11,186,214,10,7,20,16,31,12,6,52,32
Waterford,2ae19629-1b2b-13a3-e055-000000000001,"Dromana, Waterford",61,26,562,649,27,17,47,51,75,20,23,128,174
Waterford,2ae19629-1b2c-13a3-e055-000000000001,"Dromore, Waterford",18,5,169,192,4,6,19,6,21,5,11,50,47
Waterford,2ae19629-1b2d-13a3-e055-000000000001,"Drumcannon, Waterford",33,17,282,332,11,17,18,22,39,11,8,86,70
Waterford,2ae19629-1b38-13a3-e055-000000000001,"Drumroe, Waterford",11,4,198,213,7,10,20,19,29,15,13,53,32
Waterford,2ae19629-1b39-13a3-e055-000000000001,"Dungarvan No. 1 Urban, Waterford",374,362,3499,4235,233,169,303,259,485,157,112,723,1058
Waterford,2ae19629-1b3a-13a3-e055-000000000001,"Dungarvan No. 2 Urban, Waterford",284,141,2622,3047,65,89,178,187,347,114,125,968,549
Waterford,2ae19629-1b3b-13a3-e055-000000000001,"Dungarvan Rural, Waterford",169,110,1370,1649,30,45,75,81,177,68,80,447,367
Waterford,2ae19629-1b3c-13a3-e055-000000000001,"Dunhill, Waterford",23,5,189,217,8,7,16,13,25,4,11,71,34
Waterford,2ae19629-1b47-13a3-e055-000000000001,"Faithlegg, Waterford",210,73,1471,1754,54,63,117,123,218,52,51,491,302
Waterford,2ae19629-1b48-13a3-e055-000000000001,"Fenoagh, Waterford",21,5,163,189,7,6,10,11,26,15,7,36,45
Waterford,2ae19629-1b49-13a3-e055-000000000001,"Fews, Waterford",30,18,235,283,12,8,19,23,41,16,7,67,42
Waterford,2ae19629-1b52-13a3-e055-000000000001,"Fox's Castle, Waterford",28,14,343,385,20,16,38,23,44,17,18,91,76
Waterford,2ae19629-1b53-13a3-e055-000000000001,"Gardenmorris, Waterford",33,16,287,336,12,14,29,28,47,16,11,66,64
Waterford,2ae19629-1b54-13a3-e055-000000000001,"Georgestown, Waterford",17,12,150,179,6,11,13,10,28,5,6,40,31
Waterford,2ae19629-1b5e-13a3-e055-000000000001,"Glen, Waterford",36,16,321,373,12,10,30,24,43,20,18,100,64
Waterford,2ae19629-1b5f-13a3-e055-000000000001,"Glenwilliam, Waterford",22,6,129,157,4,7,10,9,16,6,5,41,31
Waterford,2ae19629-1b60-13a3-e055-000000000001,"Gortnapeaky, Waterford",16,12,133,161,9,10,11,8,22,6,10,31,26
Waterford,2ae19629-1b6c-13a3-e055-000000000001,"Graignagower, Waterford",37,23,367,427,22,18,34,25,59,21,13,92,83
Waterford,2ae19629-1b6d-13a3-e055-000000000001,"Grallagh, Waterford",26,6,154,186,6,5,15,9,22,6,9,46,36
Waterford,2ae19629-1b6e-13a3-e055-000000000001,"Grange, Waterford",28,19,239,286,16,7,19,15,28,17,8,66,63
Waterford,2ae19629-1b78-13a3-e055-000000000001,"Gurteen, Waterford",28,5,272,305,13,10,17,25,40,14,12,76,65
Waterford,2ae19629-1b79-13a3-e055-000000000001,"Islandikane, Waterford",246,90,1775,2111,51,59,102,109,221,86,92,742,313
Waterford,2ae19629-1b7a-13a3-e055-000000000001,"Keereen, Waterford",20,11,170,201,2,9,18,16,22,8,18,27,50
Waterford,2ae19629-1b7b-13a3-e055-000000000001,"Kilbarry, Waterford, 227051",44,5,146,195,1,2,4,4,10,10,12,68,35
Waterford,2ae19629-1b7c-13a3-e055-000000000001,"Kilbarrymeaden, Waterford",50,35,277,362,14,17,29,29,48,15,8,43,74
Waterford,2ae19629-1b8a-13a3-e055-000000000001,"Kilcockan, Waterford",10,1,168,179,16,5,20,13,22,5,6,53,28
Waterford,2ae19629-1b8b-13a3-e055-000000000001,"Killea, Waterford",133,48,1164,1345,34,32,84,92,160,53,44,427,238
Waterford,2ae19629-1b8c-13a3-e055-000000000001,"Killoteran, Waterford",42,16,463,521,24,23,36,39,40,18,17,119,147
Waterford,2ae19629-1b9f-13a3-e055-000000000001,"Kilmacleague, Waterford",48,8,272,328,9,11,24,41,36,8,12,74,57
Waterford,2ae19629-1ba0-13a3-e055-000000000001,"Kilmacomma, Waterford",36,27,325,388,17,9,23,28,36,10,20,106,76
Waterford,2ae19629-1ba1-13a3-e055-000000000001,"Kilmacthomas, Waterford",121,75,953,1149,68,29,100,71,160,48,32,177,268
Waterford,2ae19629-1bb5-13a3-e055-000000000001,"Kilmeadan, Waterford, 227059",75,16,572,663,34,36,63,44,84,29,27,179,76
Waterford,2ae19629-1bb6-13a3-e055-000000000001,"Kilmeadan, Waterford, 227060",66,28,556,650,27,41,71,50,99,31,27,114,96
Waterford,2ae19629-1bb7-13a3-e055-000000000001,"Kilronan, Waterford",30,13,146,189,6,7,7,5,24,7,7,55,28
Waterford,2ae19629-1bc7-13a3-e055-000000000001,"Kilwatermoy East, Waterford",9,3,96,108,9,6,7,5,5,6,12,26,20
Waterford,2ae19629-1bc8-13a3-e055-000000000001,"Kilwatermoy West, Waterford",21,11,146,178,13,4,13,13,22,11,6,35,29
Waterford,2ae19629-1bc9-13a3-e055-000000000001,"Kinsalebeg, Waterford",30,25,426,481,28,23,33,38,50,22,18,117,97
Waterford,2ae19629-1bd6-13a3-e055-000000000001,"Knockaunbrandaun, Waterford",9,7,150,166,10,5,13,9,18,6,9,42,38
Waterford,2ae19629-1bd7-13a3-e055-000000000001,"Knockmahon, Waterford",25,5,297,327,26,7,26,21,36,21,14,74,72
Waterford,2ae19629-1bd8-13a3-e055-000000000001,"Lismore Rural, Waterford",103,57,832,992,35,33,73,66,109,32,16,242,226
Waterford,2ae19629-1b63-13a3-e055-000000000001,"Lismore Urban, Waterford",39,47,557,643,25,28,32,37,76,34,23,168,134
Waterford,2ae19629-1bd9-13a3-e055-000000000001,"Mocollop, Waterford",20,7,166,193,10,11,12,13,17,8,9,50,36
Waterford,2ae19629-1b09-13a3-e055-000000000001,"Modelligo, Waterford, 227069",36,8,223,267,6,9,22,18,32,13,13,60,50
Waterford,2ae19629-1b0a-13a3-e055-000000000001,"Modelligo, Waterford, 227070",48,6,233,287,10,9,17,11,37,9,8,72,60
Waterford,2ae19629-1b15-13a3-e055-000000000001,"Mothel, Waterford",46,15,321,382,16,16,22,23,47,8,15,83,91
Waterford,2ae19629-1b16-13a3-e055-000000000001,"Mountkennedy, Waterford",49,16,324,389,21,10,24,20,31,17,15,90,96
Waterford,2ae19629-1b17-13a3-e055-000000000001,"Mountstuart, Waterford",12,7,53,72,1,3,6,3,2,3,2,12,21
Waterford,2ae19629-1b21-13a3-e055-000000000001,"Newcastle, Waterford",64,8,356,428,13,20,42,28,56,14,16,120,47
Waterford,2ae19629-1b22-13a3-e055-000000000001,"Newtown, Waterford, 227075",42,16,339,397,24,16,25,27,41,18,25,82,81
Waterford,2ae19629-1b23-13a3-e055-000000000001,"Pembrokestown, Waterford",51,14,364,429,9,16,15,29,35,15,19,124,102
Waterford,2ae19629-1b2e-13a3-e055-000000000001,"Portlaw, Waterford",134,66,1097,1297,101,97,138,107,178,41,44,252,139
Waterford,2ae19629-1b2f-13a3-e055-000000000001,"Rathgormuck, Waterford",11,5,157,173,12,10,7,22,18,5,8,40,35
Waterford,2ae19629-1b30-13a3-e055-000000000001,"Rathmoylan, Waterford",107,51,840,998,27,36,62,81,104,39,28,300,163
Waterford,2ae19629-1b3d-13a3-e055-000000000001,"Reisk, Waterford",101,35,892,1028,46,48,59,68,124,40,38,296,173
Waterford,2ae19629-1b3e-13a3-e055-000000000001,"An Rinn, Port Láirge",132,57,952,1141,29,32,71,59,128,35,48,331,219
Waterford,2ae19629-1b3f-13a3-e055-000000000001,"Ross, Waterford",28,12,205,245,6,10,11,13,27,8,14,58,58
Waterford,2ae19629-1b4a-13a3-e055-000000000001,"Seskinan, Waterford",23,23,329,375,24,17,28,19,54,17,12,85,73
Waterford,2ae19629-1b4b-13a3-e055-000000000001,"St. Mary's, Waterford",56,12,543,611,16,23,36,42,73,18,20,192,123
Waterford,2ae19629-1b55-13a3-e055-000000000001,"Stradbally, Waterford",73,29,620,722,31,35,59,38,89,26,23,198,121
Waterford,2ae19629-1b56-13a3-e055-000000000001,"Tallow, Waterford",100,66,913,1079,70,56,99,74,143,44,38,174,215
Waterford,2ae19629-1b61-13a3-e055-000000000001,"Templemichael, Waterford",41,13,320,374,10,15,32,19,49,15,8,87,85
Waterford,2ae19629-1b62-13a3-e055-000000000001,"Tinnasaggart, Waterford",9,2,63,74,3,4,8,3,10,5,0,17,13
Waterford,2ae19629-1b6f-13a3-e055-000000000001,"Tramore, Waterford",959,397,6722,8078,211,261,565,604,962,284,270,1984,1581
Waterford,2ae19629-1b70-13a3-e055-000000000001,"Whitechurch, Waterford",19,6,158,183,7,10,15,9,24,10,12,50,21
Waterford,2ae19629-1b7d-13a3-e055-000000000001,"Woodstown, Waterford",66,15,454,535,11,21,30,27,51,15,20,176,103
Galway West,2ae19629-235a-13a3-e055-000000000001,"Ballybaan, Galway City",1502,1410,7754,10666,189,174,355,383,781,289,280,2634,2669
Galway West,2ae19629-235b-13a3-e055-000000000001,"Baile an Bhriotaigh, Cathair na Gaillimhe",113,79,627,819,8,13,40,34,69,26,22,272,143
Galway West,2ae19629-235c-13a3-e055-000000000001,"Bearna, Cathair na Gaillimhe",1770,1108,10166,13044,124,133,336,439,1005,405,464,4921,2339
Galway West,2ae19629-235d-13a3-e055-000000000001,"An Caisleán Gearr, Cathair na Gaillimhe",453,425,2759,3637,93,56,130,168,325,123,130,1019,715
Galway West,2ae19629-235e-13a3-e055-000000000001,"Claddagh, Galway City",293,189,1979,2461,49,45,77,89,158,68,77,891,525
Galway West,2ae19629-235f-13a3-e055-000000000001,"Dangan, Galway City",1487,316,2342,4145,71,49,93,121,202,79,87,912,728
Galway West,2ae19629-2360-13a3-e055-000000000001,"Eyre Square, Galway City",673,370,3213,4256,43,28,55,97,184,106,105,1300,1295
Galway West,2ae19629-2361-13a3-e055-000000000001,"Cnoc na Cathrach, Cathair na Gaillimhe",110,68,1109,1287,15,9,30,41,105,30,46,604,229
Galway West,2ae19629-236f-13a3-e055-000000000001,"Lough Atalia, Galway City",62,49,659,770,20,13,33,45,69,23,31,242,183
Galway West,2ae19629-2370-13a3-e055-000000000001,"Mionlach, Cathair na Gaillimhe",1237,518,2984,4739,68,60,125,175,321,113,148,1188,786
Galway West,2ae19629-2371-13a3-e055-000000000001,"Mervue, Galway City",228,138,1532,1898,73,59,95,104,211,58,53,431,448
Galway West,2ae19629-2372-13a3-e055-000000000001,"Murroogh, Galway City",315,263,1865,2443,27,29,55,84,202,86,88,852,442
Galway West,2ae19629-2373-13a3-e055-000000000001,"An Caisleán Nua, Cathair na Gaillimhe",353,136,1328,1817,96,41,87,70,130,40,29,322,513
Galway West,2ae19629-2374-13a3-e055-000000000001,"Oileán Altanach, Cathair na Gaillimhe",251,91,1222,1564,12,14,34,28,58,19,36,483,538
Galway West,2ae19629-2375-13a3-e055-000000000001,"Rahoon, Galway City",356,258,2187,2801,35,41,88,107,182,69,72,961,632
Galway West,2ae19629-2376-13a3-e055-000000000001,"Renmore, Galway City",103,64,1093,1260,25,31,53,72,134,57,54,399,268
Galway West,2ae19629-2377-13a3-e055-000000000001,"Rockbarton, Galway City",181,73,1322,1576,17,18,53,59,105,28,48,683,311
Galway West,2ae19629-2382-13a3-e055-000000000001,"Salthill, Galway City",420,253,2468,3141,26,22,62,71,187,58,99,1230,713
Galway West,2ae19629-2383-13a3-e055-000000000001,"Shantalla, Galway City",228,93,1524,1845,73,37,67,54,87,41,25,346,794
Galway West,2ae19629-2384-13a3-e055-000000000001,"Toghroinn San Niocláis, Cathair na Gaillimhe",541,237,2176,2954,44,34,45,78,125,66,71,845,868
Galway West,2ae19629-2385-13a3-e055-000000000001,"Taylors Hill, Galway City",587,214,1798,2599,31,29,56,69,147,45,54,803,564
Galway West,2ae19629-2386-13a3-e055-000000000001,"Wellpark, Galway City",170,172,1318,1660,45,30,59,55,128,45,31,513,412
Galway East,2ae19629-20ff-13a3-e055-000000000001,"Abbey East, Galway County",40,19,467,526,26,21,44,29,68,16,13,110,140
Galway East,2ae19629-2100-13a3-e055-000000000001,"Abbey West, Galway County",58,36,557,651,21,15,38,40,86,31,19,173,134
Galway East,2ae19629-2101-13a3-e055-000000000001,"Abbeygormacan, Galway County",35,16,300,351,17,7,17,22,47,17,10,102,61
Galway East,2ae19629-2102-13a3-e055-000000000001,"Abbeyville, Galway County",30,8,189,227,13,5,17,10,23,8,11,53,49
Galway East,2ae19629-2046-13a3-e055-000000000001,"Addergoole, Galway County",47,15,411,473,24,10,26,27,52,14,20,102,136
Roscommon-Galway,2ae19629-2047-13a3-e055-000000000001,"Ahascragh, Galway County",46,27,421,494,26,14,35,26,54,20,17,107,122
Galway East,2ae19629-204d-13a3-e055-000000000001,"Aille, Galway County",32,14,309,355,14,7,21,15,45,9,14,92,92
Galway East,2ae19629-204e-13a3-e055-000000000001,"Annagh, Galway County",31,10,265,306,17,18,18,21,44,6,15,59,67
Galway East,2ae19629-204f-13a3-e055-000000000001,"Eanach Dhúin, Gaillimh, 067009",198,70,1338,1606,58,37,107,81,204,55,48,463,285
Galway East,2ae19629-2059-13a3-e055-000000000001,"Annaghdown, Galway County, 067010",146,58,938,1142,49,25,55,70,117,29,43,287,263
Galway East,2ae19629-205a-13a3-e055-000000000001,"Ardamullivan, Galway County",57,13,489,559,24,18,42,34,65,21,20,141,124
Galway East,2ae19629-205b-13a3-e055-000000000001,"Ardrahan, Galway County",58,15,421,494,28,15,24,26,60,14,15,153,86
Galway East,2ae19629-2050-13a3-e055-000000000001,"Athenry, Galway County",509,401,3452,4362,95,70,174,179,437,154,180,1284,879
Galway East,2ae19629-2051-13a3-e055-000000000001,"Aughrim, Galway County, 067014",128,46,843,1017,48,28,45,53,128,38,33,265,205
Galway East,2ae19629-2052-13a3-e055-000000000001,"Aughrim, Galway County, 067015",57,21,407,485,22,15,41,25,61,17,22,89,115
Roscommon-Galway,2ae19629-205c-13a3-e055-000000000001,"Ballinasloe Rural, Galway County",47,25,390,462,7,8,26,25,59,19,21,112,113
Roscommon-Galway,2ae19629-205d-13a3-e055-000000000001,"Ballinasloe Urban, Galway County",532,548,4682,5762,270,150,313,291,591,177,154,1208,1528
Roscommon-Galway,2ae19629-205e-13a3-e055-000000000001,"Ballinastack, Galway County",28,10,237,275,23,9,21,20,41,14,10,55,44
Galway East,2ae19629-205f-13a3-e055-000000000001,"Ballinderry, Galway County",47,25,380,452,12,8,19,26,51,22,19,122,101
Galway East,2ae19629-2068-13a3-e055-000000000001,"Ballinduff, Galway County",82,20,472,574,28,18,25,28,53,18,30,159,113
Galway West,2ae19629-2069-13a3-e055-000000000001,"Baile an Teampaill, Gaillimh",128,90,1082,1300,35,25,58,57,139,50,54,452,212
Galway East,2ae19629-2074-13a3-e055-000000000001,"Ballycahalan, Galway County",17,8,155,180,5,3,13,11,31,6,7,32,47
Galway East,2ae19629-2075-13a3-e055-000000000001,"Ballyglass, Galway County",10,7,126,143,5,7,16,6,17,4,7,34,30
Galway East,2ae19629-2076-13a3-e055-000000000001,"Ballymacward, Galway County",25,8,219,252,9,9,13,14,39,14,7,61,53
Roscommon-Galway,2ae19629-207e-13a3-e055-000000000001,"Ballymoe, Galway County",29,12,290,331,13,13,30,27,36,7,8,76,80
Galway West,2ae19629-207f-13a3-e055-000000000001,"Ballynacourty, Galway County",106,25,854,985,28,23,50,39,98,29,50,366,171
Galway East,2ae19629-2080-13a3-e055-000000000001,"Ballynagar, Galway County",25,4,149,178,8,4,18,5,32,7,4,35,36
Galway East,2ae19629-208b-13a3-e055-000000000001,"Ballynakill, Galway County, 067028",39,17,431,487,25,12,38,26,65,19,16,114,116
Galway West,2ae19629-208c-13a3-e055-000000000001,"Ballynakill, Galway County, 067029",80,21,359,460,29,14,35,12,45,17,9,124,74
Roscommon-Galway,2ae19629-208d-13a3-e055-000000000001,"Ballynakill, Galway County, 067030",28,20,304,352,15,11,30,16,50,11,20,74,77
Galway East,2ae19629-208e-13a3-e055-000000000001,"Ballynapark, Galway County",107,47,704,858,47,26,62,45,116,27,33,175,173
Galway West,2ae19629-2098-13a3-e055-000000000001,"Bearna, Gaillimh",454,118,2480,3052,42,39,81,129,246,78,138,1235,492
Galway East,2ae19629-2099-13a3-e055-000000000001,"Beagh, Galway County",73,20,513,606,22,13,32,32,70,23,24,155,142
Galway East,2ae19629-20a3-13a3-e055-000000000001,"Beaghmore, Galway County",38,15,253,306,19,14,18,19,26,11,9,64,73
Galway East,2ae19629-20a4-13a3-e055-000000000001,"Belclare, Galway County",82,24,545,651,29,19,37,40,100,30,20,122,148
Galway East,2ae19629-20a5-13a3-e055-000000000001,"Belleville, Galway County",47,24,426,497,20,7,27,24,73,14,22,128,111
Galway West,2ae19629-20a6-13a3-e055-000000000001,"Binn an Choire, Gaillimh",12,11,166,189,4,7,6,7,24,13,8,64,33
Roscommon-Galway,2ae19629-20a7-13a3-e055-000000000001,"Boyounagh, Galway County",21,6,183,210,26,13,19,21,25,4,4,32,39
Galway East,2ae19629-20af-13a3-e055-000000000001,"Bracklagh, Galway County",47,14,332,393,32,14,28,20,56,21,14,77,70
Galway East,2ae19629-20b0-13a3-e055-000000000001,"Bullaun, Galway County",25,7,218,250,6,7,12,15,27,7,8,86,50
Galway West,2ae19629-20b1-13a3-e055-000000000001,"Bunowen, Galway County",35,17,296,348,25,16,32,19,39,6,9,62,88
Galway East,2ae19629-20b2-13a3-e055-000000000001,"Cahermore, Galway County",59,13,375,447,15,17,26,24,53,14,21,134,71
Galway East,2ae19629-20bd-13a3-e055-000000000001,"Caltra, Galway County",45,8,265,318,15,9,13,11,40,9,15,86,67
Galway West,2ae19629-20be-13a3-e055-000000000001,"Camas, Gaillimh",16,19,249,284,24,3,21,16,30,9,9,61,76
Galway East,2ae19629-20bf-13a3-e055-000000000001,"Cappalusk, Galway County",37,12,283,332,19,7,22,18,41,14,17,78,67
Galway East,2ae19629-20c0-13a3-e055-000000000001,"Cappard, Galway County",4,7,83,94,4,2,2,3,9,2,2,20,39
Galway West,2ae19629-20cb-13a3-e055-000000000001,"An Carn Mór, Gaillimh",261,132,1796,2189,53,41,76,103,227,86,102,664,444
Galway West,2ae19629-20cc-13a3-e055-000000000001,"Ceathrú an Bhrúnaigh, Gaillimh",83,42,647,772,57,39,57,31,74,21,37,207,124
Galway East,2ae19629-20cd-13a3-e055-000000000001,"Carrownagur, Galway County",47,11,284,342,21,15,15,19,56,10,7,71,70
Galway East,2ae19629-20d6-13a3-e055-000000000001,"Carrowrevagh, Galway County",38,20,320,378,17,19,14,29,40,8,10,79,104
Galway East,2ae19629-20d7-13a3-e055-000000000001,"Castleblakeney, Galway County",52,17,364,433,26,11,10,27,73,13,15,109,80
Galway East,2ae19629-20d8-13a3-e055-000000000001,"Castleboy, Galway County",56,14,386,456,15,11,16,20,71,19,24,110,100
Roscommon-Galway,2ae19629-20e0-13a3-e055-000000000001,"Castleffrench, Galway County",57,13,345,415,12,19,21,35,47,18,13,90,90
Galway East,2ae19629-20e1-13a3-e055-000000000001,"Castletaylor, Galway County",74,23,423,520,9,12,24,14,39,19,15,206,85
Galway West,2ae19629-20e2-13a3-e055-000000000001,"Baile Chláir, Gaillimh",203,132,1490,1825,57,29,76,87,175,68,80,529,389
Galway East,2ae19629-20f2-13a3-e055-000000000001,"Claretuam, Galway County",109,42,765,916,36,15,61,60,131,43,20,244,155
Galway West,2ae19629-20f3-13a3-e055-000000000001,"Clarinbridge, Galway County",349,152,2664,3165,52,27,78,102,237,92,152,1408,516
Galway West,2ae19629-20f4-13a3-e055-000000000001,"Cleggan, Galway County",27,11,209,247,8,11,14,12,30,10,7,52,65
Galway West,2ae19629-20f5-13a3-e055-000000000001,"Clifden, Galway County",133,86,1507,1726,75,42,108,84,207,65,66,436,424
Galway East,2ae19629-2103-13a3-e055-000000000001,"Clonbern, Galway County",34,17,272,323,22,13,23,19,52,15,5,55,68
Galway East,2ae19629-2104-13a3-e055-000000000001,"Clonbrock, Galway County",48,25,390,463,17,13,23,25,67,24,17,107,97
Galway East,2ae19629-2105-13a3-e055-000000000001,"Clonfert, Galway County",37,10,323,370,33,6,32,34,54,16,6,72,70
Galway East,2ae19629-2048-13a3-e055-000000000001,"Clontuskert, Galway County",12,2,172,186,10,8,17,8,22,5,7,41,54
Galway West,2ae19629-2049-13a3-e055-000000000001,"An Fhairche, Gaillimh",134,52,869,1055,34,31,56,46,120,36,42,297,207
Galway East,2ae19629-204a-13a3-e055-000000000001,"Cloonkeen, Galway County, 067065",21,11,235,267,25,10,14,11,22,11,11,59,72
Galway East,2ae19629-2053-13a3-e055-000000000001,"Cloonkeen, Galway County, 067066",47,16,305,368,14,5,26,19,47,18,15,105,56
Galway East,2ae19629-2054-13a3-e055-000000000001,"Cloonkeen, Galway County, 067067",34,17,356,407,19,16,20,16,51,16,8,43,167
Galway East,2ae19629-2055-13a3-e055-000000000001,"Colmanstown, Galway County",12,1,97,110,3,1,10,6,15,2,5,38,17
Galway West,e4432984-fa1f-40d8-92f5-5c934939c606,"Conga/An Ros, Gaillimh",46,24,447,517,32,9,34,38,62,18,26,121,107
Galway East,2ae19629-22e5-13a3-e055-000000000001,"Cooloo, Galway County",56,21,381,458,13,11,32,24,56,28,20,104,93
Galway East,2ae19629-22e7-13a3-e055-000000000001,"Craughwell, Galway County",212,109,1285,1606,39,32,59,58,142,59,66,555,275
Roscommon-Galway,2ae19629-22f0-13a3-e055-000000000001,"Creggs, Galway County",28,14,249,291,19,15,18,11,31,7,6,59,83
Galway West,2ae19629-2300-13a3-e055-000000000001,"Crump Island, Galway County",85,18,144,247,17,4,15,15,14,9,8,31,31
Galway West,2ae19629-22f1-13a3-e055-000000000001,"An Crompán, Gaillimh",228,169,1732,2129,123,70,136,107,180,63,75,483,495
Galway East,2ae19629-22f2-13a3-e055-000000000001,"Cummer, Galway County",117,35,741,893,29,21,54,47,100,40,28,240,182
Galway West,2ae19629-22f3-13a3-e055-000000000001,"An Chorr, Gaillimh",3,5,116,124,14,7,12,5,13,3,9,35,18
Galway East,2ae19629-22ff-13a3-e055-000000000001,"Curraghmore, Galway County",25,3,125,153,10,5,16,7,17,3,4,24,39
Galway East,2ae19629-2301-13a3-e055-000000000001,"Deerpark, Galway County",116,53,911,1080,48,40,71,63,133,43,33,256,224
Galway East,2ae19629-2302-13a3-e055-000000000001,"Derrew, Galway County",14,4,126,144,4,8,7,6,15,4,3,28,51
Galway East,2ae19629-2304-13a3-e055-000000000001,"Derryglassaun, Galway County",93,37,621,751,26,22,36,45,95,35,31,189,142
Galway East,2ae19629-2310-13a3-e055-000000000001,"Derrylaur, Galway County",7,1,74,82,6,5,3,6,12,4,1,18,19
Galway West,268c20e2-7574-4e64-ac7a-9383e368fcb7,"Derrylea/Derrycunlagh, Galway County",26,14,230,270,13,7,14,22,25,13,16,65,55
Galway East,2ae19629-2312-13a3-e055-000000000001,"Donaghpatrick, Galway County",52,16,401,469,22,15,31,43,53,20,20,111,86
Galway East,2ae19629-2313-13a3-e055-000000000001,"Doonbally, Galway County",63,15,399,477,18,15,28,25,77,20,16,93,107
Galway West,2ae19629-2314-13a3-e055-000000000001,"Doonloughan, Galway County",9,6,66,81,7,2,1,5,12,1,2,14,22
Galway East,2ae19629-231e-13a3-e055-000000000001,"Doorus, Galway County",87,28,554,669,22,8,31,22,59,19,23,278,92
Galway East,2ae19629-231f-13a3-e055-000000000001,"Drumacoo, Galway County",151,53,1017,1221,40,24,52,40,107,33,50,437,234
Galway East,2ae19629-2320-13a3-e055-000000000001,"Drumkeary, Galway County",41,20,443,504,37,13,31,31,77,13,16,125,100
Galway East,2ae19629-2321-13a3-e055-000000000001,"Drummin, Galway County",31,8,280,319,12,13,20,21,44,13,11,73,73
Galway East,2ae19629-2322-13a3-e055-000000000001,"Dunmore North, Galway County",42,16,428,486,16,16,45,28,57,20,14,112,120
Galway East,2ae19629-232b-13a3-e055-000000000001,"Dunmore South, Galway County",72,38,591,701,23,12,40,44,89,21,30,187,145
Galway West,2ae19629-232c-13a3-e055-000000000001,"Errislannan, Galway County",15,4,170,189,10,7,10,10,28,7,6,45,47
Galway East,2ae19629-232d-13a3-e055-000000000001,"Eyrecourt, Galway County",32,16,345,393,14,9,24,26,51,21,9,80,111
Galway East,2ae19629-232e-13a3-e055-000000000001,"Foxhall, Galway County",53,19,459,531,20,21,20,28,71,26,22,119,132
Galway West,2ae19629-2338-13a3-e055-000000000001,"Na Forbacha, Gaillimh",135,68,1093,1296,18,17,56,48,107,55,58,480,254
Galway West,2ae19629-2339-13a3-e055-000000000001,"Galway Rural, Galway County",16,11,160,187,6,3,8,5,18,4,8,69,39
Galway East,2ae19629-233a-13a3-e055-000000000001,"Glennamaddy, Galway County",67,49,623,739,30,21,63,57,97,13,30,141,171
Galway East,2ae19629-2345-13a3-e055-000000000001,"Gort, Galway County",234,264,2017,2515,85,39,113,133,243,82,76,490,756
Galway West,2ae19629-2346-13a3-e055-000000000001,"Garmna, Gaillimh",119,84,914,1117,129,49,75,78,77,23,19,136,328
Galway East,2ae19629-2347-13a3-e055-000000000001,"Graigabbey, Galway County",43,15,257,315,9,9,16,19,37,13,10,88,56
Galway East,2ae19629-2348-13a3-e055-000000000001,"Grange, Galway County",73,26,533,632,13,20,51,39,87,27,26,135,135
Galway East,2ae19629-2354-13a3-e055-000000000001,"Greethill, Galway County",115,29,675,819,25,17,41,34,88,27,34,253,156
Galway East,2ae19629-2355-13a3-e055-000000000001,"Headford, Galway County",155,89,1229,1473,39,40,83,86,139,67,57,425,293
Galway East,2ae19629-2356-13a3-e055-000000000001,"Hillsbrook, Galway County",63,29,469,561,32,13,32,52,76,30,12,90,132
Galway West,2ae19629-2367-13a3-e055-000000000001,"An Uillinn, Gaillimh",8,2,73,83,7,3,9,3,7,1,4,14,25
Galway West,2ae19629-2368-13a3-e055-000000000001,"Inishbofin, Galway County",9,6,146,161,14,6,9,8,17,4,8,42,38
Galway West,2ae19629-2369-13a3-e055-000000000001,"Árainn, Gaillimh",112,59,962,1133,59,52,74,50,111,29,43,272,272
Roscommon-Galway,2ae19629-236a-13a3-e055-000000000001,"Island, Galway County",15,7,190,212,15,17,20,15,17,10,9,39,48
Roscommon-Galway,2ae19629-237b-13a3-e055-000000000001,"Kellysgrove, Galway County",37,14,275,326,14,8,18,14,39,13,12,85,72
Galway East,2ae19629-237c-13a3-e055-000000000001,"Kilbeacanty, Galway County",27,22,227,276,12,8,16,29,30,7,9,69,47
Galway East,2ae19629-237d-13a3-e055-000000000001,"Kilbennan, Galway County",35,14,247,296,8,2,14,15,49,8,10,75,66
Galway East,2ae19629-238b-13a3-e055-000000000001,"Kilchreest, Galway County",34,6,222,262,8,9,8,15,43,6,11,66,56
Galway East,2ae19629-238c-13a3-e055-000000000001,"Kilconickny, Galway County",80,12,441,533,16,17,33,21,68,31,16,156,83
Galway East,2ae19629-2397-13a3-e055-000000000001,"Kilconierin, Galway County",53,21,442,516,15,9,19,21,55,20,25,180,98
Galway East,2ae19629-2398-13a3-e055-000000000001,"Kilconnell, Galway County",57,21,462,540,23,15,35,24,55,22,18,98,172
Galway East,2ae19629-2399-13a3-e055-000000000001,"Kilcoona, Galway County",66,29,407,502,19,16,26,30,59,13,15,128,101
Roscommon-Galway,2ae19629-23a3-13a3-e055-000000000001,"Kilcroan, Galway County",35,15,419,469,31,16,42,40,88,19,21,74,88
Galway West,2ae19629-23a4-13a3-e055-000000000001,"Cill Chuimín, Gaillimh, 067121",16,8,115,139,7,9,13,8,12,5,8,35,18
Galway West,2ae19629-23a5-13a3-e055-000000000001,"Cill Chuimín, Gaillimh, 067122",107,68,997,1172,58,36,78,68,122,27,39,262,307
Galway East,2ae19629-23a6-13a3-e055-000000000001,"Killaan, Galway County",37,17,402,456,23,8,33,33,71,11,19,95,109
Galway East,2ae19629-23a7-13a3-e055-000000000001,"Killallaghtan, Galway County",32,17,346,395,23,8,32,45,44,18,11,89,76
Galway West,2ae19629-23a8-13a3-e055-000000000001,"Cill Aithnín, Gaillimh",94,38,769,901,36,20,42,46,96,31,41,282,175
Galway East,2ae19629-22cd-13a3-e055-000000000001,"Killeany, Galway County",55,11,425,491,18,18,16,31,62,17,26,140,97
Galway East,2ae19629-22ce-13a3-e055-000000000001,"Killeely, Galway County",180,57,1180,1417,47,26,52,61,167,51,48,487,241
Galway East,2ae19629-22cf-13a3-e055-000000000001,"Killeen, Galway County",74,15,490,579,12,14,20,35,81,27,19,137,145
Galway East,2ae19629-22da-13a3-e055-000000000001,"Killeenavarra, Galway County",80,21,585,686,23,13,32,37,70,15,25,246,124
Galway East,2ae19629-22db-13a3-e055-000000000001,"Killererin, Galway County",62,27,547,636,15,23,51,40,80,33,27,155,123
Roscommon-Galway,2ae19629-22e8-13a3-e055-000000000001,"Killeroran, Galway County",100,64,911,1075,59,45,51,66,146,41,48,247,208
Galway East,2ae19629-22e9-13a3-e055-000000000001,"Killian, Galway County",24,8,262,294,13,11,20,19,44,12,13,68,62
Galway East,2ae19629-22ea-13a3-e055-000000000001,"Killimor, Galway County, 067133",48,25,507,580,40,26,40,34,68,19,14,135,131
Galway East,2ae19629-22f4-13a3-e055-000000000001,"Killimor, Galway County, 067134",29,13,258,300,14,6,13,15,32,12,16,76,74
Galway East,2ae19629-22f5-13a3-e055-000000000001,"Killinny, Galway County",34,30,328,392,13,17,17,20,59,15,8,92,87
Galway East,2ae19629-22f6-13a3-e055-000000000001,"Killogilleen, Galway County",95,20,598,713,20,9,32,46,90,28,38,220,115
Galway East,2ae19629-22f7-13a3-e055-000000000001,"Killoran, Galway County",25,12,192,229,9,12,25,16,30,8,5,32,55
Galway East,2ae19629-2305-13a3-e055-000000000001,"Killower, Galway County",93,22,599,714,24,16,31,40,97,29,36,182,144
Roscommon-Galway,2ae19629-2306-13a3-e055-000000000001,"Killure, Galway County",54,35,513,602,34,20,41,48,55,16,14,126,159
Galway East,2ae19629-2315-13a3-e055-000000000001,"Killursa, Galway County",112,50,718,880,40,24,37,48,102,38,32,245,152
Galway East,2ae19629-2316-13a3-e055-000000000001,"Kilmacshane, Galway County",21,7,155,183,14,6,12,10,15,6,8,52,32
Galway East,2ae19629-2317-13a3-e055-000000000001,"Kilmalinoge, Galway County",24,1,169,194,10,8,11,19,28,13,6,35,39
Galway East,2ae19629-2323-13a3-e055-000000000001,"Kilmeen, Galway County",59,22,473,554,25,11,32,33,72,23,25,135,117
Galway East,2ae19629-2324-13a3-e055-000000000001,"Kilmoylan, Galway County",117,45,739,901,36,22,39,39,116,29,42,233,183
Galway East,2ae19629-2325-13a3-e055-000000000001,"Kilquain, Galway County",19,15,212,246,15,10,12,12,35,18,16,45,49
Galway East,2ae19629-232f-13a3-e055-000000000001,"Kilreekill, Galway County",25,17,244,286,13,6,17,12,25,10,17,88,56
Galway East,2ae19629-2330-13a3-e055-000000000001,"Kilshanvy, Galway County",21,19,292,332,26,7,20,28,51,19,16,64,61
Galway East,2ae19629-2331-13a3-e055-000000000001,"Kiltartan, Galway County",79,25,557,661,17,26,39,45,79,22,23,162,144
Galway East,2ae19629-233b-13a3-e055-000000000001,"Kilteskill, Galway County",48,5,266,319,5,8,13,16,36,14,12,102,60
Galway East,2ae19629-233c-13a3-e055-000000000001,"Kilthomas, Galway County",5,3,70,78,3,3,4,3,11,2,4,25,15
Galway East,2ae19629-233d-13a3-e055-000000000001,"Kiltormer, Galway County",28,7,393,428,23,17,27,34,56,17,18,94,107
Galway East,2ae19629-2349-13a3-e055-000000000001,"Kiltullagh, Galway County, 067152",87,22,532,641,12,8,24,34,67,28,20,207,132
Galway East,2ae19629-234a-13a3-e055-000000000001,"Kiltullagh, Galway County, 067153",13,4,142,159,12,3,8,7,33,11,10,21,37
Galway East,2ae19629-234b-13a3-e055-000000000001,"Kinvarra, Galway County",154,43,1004,1201,26,16,45,50,101,42,50,478,196
Galway West,2ae19629-234c-13a3-e055-000000000001,"An Cnoc Buí, Gaillimh",76,60,596,732,45,27,32,38,71,25,16,142,200
Roscommon-Galway,2ae19629-234d-13a3-e055-000000000001,"Kylemore, Galway County",9,6,106,121,12,3,6,5,18,2,6,29,25
Galway West,2ae19629-234e-13a3-e055-000000000001,"Leacach Beag, Gaillimh",135,49,1040,1224,33,24,54,69,119,57,50,393,241
Galway East,2ae19629-2357-13a3-e055-000000000001,"Lackalea, Galway County",52,13,236,301,3,10,15,10,28,12,11,89,58
Galway East,2ae19629-2358-13a3-e055-000000000001,"Laurencetown, Galway County",23,11,269,303,10,13,12,26,45,10,11,61,81
Galway East,2ae19629-2359-13a3-e055-000000000001,"Leitrim, Galway County",64,20,345,429,16,8,14,17,50,16,19,131,74
Galway West,2ae19629-236b-13a3-e055-000000000001,"Leitir Breacáin, Gaillimh",13,18,201,232,9,2,13,13,20,6,13,63,62
Galway West,2ae19629-236c-13a3-e055-000000000001,"Letterfore, Galway County",19,14,196,229,8,5,13,13,29,6,18,57,47
Galway West,2ae19629-236d-13a3-e055-000000000001,"Leitir Móir, Gaillimh",68,58,606,732,59,29,60,39,70,22,15,98,214
Galway East,2ae19629-236e-13a3-e055-000000000001,"Levally, Galway County",44,7,273,324,16,10,20,17,44,11,13,79,63
Galway West,2ae19629-237e-13a3-e055-000000000001,"Liscananaun, Galway County",139,55,1056,1250,62,21,66,67,130,57,49,401,203
Galway West,2ae19629-237f-13a3-e055-000000000001,"Lisín an Bhealaigh, Gaillimh",136,42,665,843,19,19,36,45,94,36,28,219,169
Roscommon-Galway,2ae19629-2380-13a3-e055-000000000001,"Lismanny, Galway County",20,4,183,207,17,5,8,10,21,12,7,51,52
Galway East,c62169df-44fc-4bf1-98eb-40998a29132a,"Loughatorick/Coos/Marblehill, Galway County",44,18,379,441,27,18,46,21,35,16,6,90,120
Galway East,2ae19629-238d-13a3-e055-000000000001,"Loughrea Rural, Galway County",108,25,614,747,13,13,36,42,96,24,27,199,164
Galway East,2ae19629-238e-13a3-e055-000000000001,"Loughrea Urban, Galway County",448,505,4003,4956,146,103,206,240,525,180,173,1146,1284
Galway East,2ae19629-239a-13a3-e055-000000000001,"Meelick, Galway County",35,6,186,227,11,5,9,20,27,8,11,43,52
Galway East,2ae19629-239b-13a3-e055-000000000001,"Milltown, Galway County",46,23,486,555,14,20,32,18,78,20,32,151,121
Galway East,2ae19629-239c-13a3-e055-000000000001,"Moat, Galway County",20,8,105,133,6,3,3,8,16,2,5,35,27
Galway East,2ae19629-23a9-13a3-e055-000000000001,"Monivea, Galway County",73,26,516,615,20,8,29,29,69,26,31,163,141
Galway East,2ae19629-23aa-13a3-e055-000000000001,"Mount Bellew, Galway County",170,76,1330,1576,53,28,65,80,197,57,62,486,302
Galway East,2ae19629-23ab-13a3-e055-000000000001,"Mountain, Galway County",27,7,202,236,5,13,12,20,34,5,9,66,38
Galway East,2ae19629-22d0-13a3-e055-000000000001,"Mounthazel, Galway County",59,19,361,439,19,9,17,21,47,20,13,113,102
Galway West,2ae19629-22d1-13a3-e055-000000000001,"Maigh Cuilinn, Gaillimh",243,119,1545,1907,32,30,81,76,157,65,75,730,299
Galway East,2ae19629-22d2-13a3-e055-000000000001,"Moyne, Galway County",57,23,480,560,27,14,28,31,61,20,21,144,134
Galway East,2ae19629-22dc-13a3-e055-000000000001,"Moyode, Galway County",27,14,185,226,9,8,16,10,24,11,10,67,30
Galway West,2ae19629-22dd-13a3-e055-000000000001,"Maíros, Gaillimh",17,19,246,282,15,7,19,18,32,6,9,66,74
Galway East,2ae19629-22de-13a3-e055-000000000001,"Oatfield, Galway County",44,20,302,366,21,5,22,16,53,3,12,93,77
Galway West,2ae19629-22df-13a3-e055-000000000001,"Oranmore, Galway County",357,284,3087,3728,56,53,111,140,333,106,169,1428,691
Galway West,2ae19629-22e0-13a3-e055-000000000001,"Oughterard, Galway County",238,98,1944,2280,83,59,99,97,247,89,87,740,443
Galway West,2ae19629-22e1-13a3-e055-000000000001,"Abhainn Ghabhla, Gaillimh",18,24,215,257,23,11,16,16,26,5,5,42,71
Galway East,2ae19629-22eb-13a3-e055-000000000001,"Pallas, Galway County",44,16,268,328,16,7,17,17,40,10,14,71,76
Galway East,2ae19629-22ec-13a3-e055-000000000001,"Portumna, Galway County",192,121,1694,2007,102,61,103,104,251,86,61,458,468
Galway East,2ae19629-22ed-13a3-e055-000000000001,"Raford, Galway County",63,20,390,473,13,9,24,21,43,25,17,144,94
Galway East,2ae19629-22f8-13a3-e055-000000000001,"Rahasane, Galway County",35,7,246,288,16,10,15,19,23,11,11,97,44
Galway East,2ae19629-22f9-13a3-e055-000000000001,"Raheen, Galway County",42,12,366,420,33,25,39,25,59,17,13,75,80
Galway West,2ae19629-22fa-13a3-e055-000000000001,"Rinvyle, Galway County",122,45,853,1020,81,36,66,38,102,35,39,232,224
Galway West,2ae19629-22fc-13a3-e055-000000000001,"Cloch na Rón, Gaillimh",23,24,326,373,29,16,30,15,37,12,12,70,105
Galway East,2ae19629-2307-13a3-e055-000000000001,"Ryehill, Galway County",80,32,528,640,19,11,32,31,70,23,29,189,124
Galway East,2ae19629-2308-13a3-e055-000000000001,"Scregg, Galway County",20,10,160,190,8,5,9,9,29,9,13,46,32
Galway West,2ae19629-2309-13a3-e055-000000000001,"Sailearna, Gaillimh, 067197",103,73,1052,1228,50,23,75,72,139,35,39,354,265
Galway East,2ae19629-230a-13a3-e055-000000000001,"Shankill, Galway County",26,13,241,280,18,7,18,18,38,9,11,56,66
Galway West,2ae19629-230b-13a3-e055-000000000001,"Sillerna, Galway County",26,17,365,408,24,22,32,19,47,8,15,79,119
Galway West,2ae19629-230c-13a3-e055-000000000001,"Scainimh, Gaillimh",45,28,443,516,36,26,35,32,59,13,8,107,127
Galway East,2ae19629-2318-13a3-e055-000000000001,"Skehanagh, Galway County",44,16,360,420,21,10,19,17,62,18,17,137,59
Galway West,2ae19629-2319-13a3-e055-000000000001,"Sliabh an Aonaigh, Gaillimh",87,33,529,649,16,13,35,30,56,14,22,193,150
Galway West,2ae19629-231a-13a3-e055-000000000001,"An Spidéal, Gaillimh",156,57,1258,1471,33,13,56,49,113,37,53,499,405
Galway East,2ae19629-2326-13a3-e055-000000000001,"Stradbally, Galway County",143,42,758,943,19,16,44,34,96,41,54,288,166
Roscommon-Galway,2ae19629-2327-13a3-e055-000000000001,"Taghboy, Galway County",17,5,162,184,8,6,7,14,23,5,6,44,49
Galway East,2ae19629-2328-13a3-e055-000000000001,"Templetogher, Galway County",16,4,302,322,35,13,38,35,51,11,8,61,50
Galway East,2ae19629-2332-13a3-e055-000000000001,"Tiaquin, Galway County",83,29,480,592,19,13,31,31,55,26,25,192,88
Galway East,2ae19629-2333-13a3-e055-000000000001,"Tiranascragh, Galway County",20,10,123,153,8,3,10,9,21,6,2,35,29
Galway East,2ae19629-2334-13a3-e055-000000000001,"Toberadosh, Galway County",41,16,270,327,20,8,20,23,48,19,9,59,64
Roscommon-Galway,2ae19629-2335-13a3-e055-000000000001,"Toberroe, Galway County",21,12,228,261,18,15,22,18,32,14,7,43,59
Galway East,2ae19629-233e-13a3-e055-000000000001,"Tuam Rural, Galway County",542,535,3876,4953,129,88,229,240,556,171,166,1127,1170
Galway East,2ae19629-233f-13a3-e055-000000000001,"Tuam Urban, Galway County",244,329,2618,3191,118,79,141,152,323,103,107,626,969
Galway West,2ae19629-2340-13a3-e055-000000000001,"Tulaigh Mhic Aodháin, Gaillimh",209,99,1511,1819,51,29,74,72,144,51,69,646,375
Galway West,2ae19629-2341-13a3-e055-000000000001,"An Turlach, Gaillimh",38,28,388,454,37,16,37,25,36,10,11,84,132
Galway East,2ae19629-234f-13a3-e055-000000000001,"Tynagh, Galway County",50,14,308,372,22,13,28,20,40,17,12,79,77
Galway East,2ae19629-2350-13a3-e055-000000000001,"Woodford, Galway County",28,19,349,396,17,16,32,32,56,18,17,81,80
Galway West,2ae19629-2351-13a3-e055-000000000001,"Wormhole, Galway County",294,89,1643,2026,73,41,109,85,197,61,75,660,342
Sligo-Leitrim,2ae19629-1708-13a3-e055-000000000001,"Aghacashel, Leitrim",7,3,53,63,4,2,7,4,13,1,3,11,8
Sligo-Leitrim,b166391f-eb14-47de-a3eb-9c2516e63687,"Aghanlish/Aghalateeve, Leitrim",21,13,159,193,14,6,12,10,27,4,4,27,55
Sligo-Leitrim,2ae19629-170b-13a3-e055-000000000001,"Aghavas, Leitrim",35,7,230,272,22,9,24,16,40,8,13,52,46
Sligo-Leitrim,2ae19629-170d-13a3-e055-000000000001,"Annaduff, Leitrim",15,12,164,191,2,4,12,11,33,7,9,56,30
Sligo-Leitrim,23519126-bd85-4c40-a1e2-26c5d2b7e51c,"Arigna/Drumkeeran/Killarga, Leitrim",67,18,446,531,27,22,65,39,46,11,13,106,117
Sligo-Leitrim,2ae19629-16fb-13a3-e055-000000000001,"Ballaghameehan, Leitrim",10,3,157,170,7,11,12,16,14,3,4,39,51
Sligo-Leitrim,2ae19629-16fc-13a3-e055-000000000001,"Ballinamore, Leitrim",116,56,841,1013,30,32,52,63,120,43,41,269,191
Sligo-Leitrim,2ae19629-16fd-13a3-e055-000000000001,"Barnameenagh, Leitrim",12,9,110,131,6,6,5,6,25,5,5,24,28
Sligo-Leitrim,2ae19629-16fe-13a3-e055-000000000001,"Beihy, Leitrim",31,6,246,283,8,13,20,12,37,10,6,55,85
Sligo-Leitrim,2ae19629-170e-13a3-e055-000000000001,"Belhavel, Leitrim",14,3,211,228,12,8,22,15,19,10,8,65,52
Sligo-Leitrim,2ae19629-170f-13a3-e055-000000000001,"Breandrum, Leitrim",21,13,188,222,4,7,20,18,27,8,6,50,48
Sligo-Leitrim,2ae19629-1717-13a3-e055-000000000001,"Bunnybeg, Leitrim",11,3,103,117,6,6,7,7,12,2,4,26,33
Sligo-Leitrim,2ae19629-1718-13a3-e055-000000000001,"Carrick-On-Shannon, Leitrim",320,324,2785,3429,71,68,129,173,365,129,132,861,857
Sligo-Leitrim,2ae19629-1719-13a3-e055-000000000001,"Carrigallen East, Leitrim",22,7,220,249,22,10,18,17,43,14,10,52,34
Sligo-Leitrim,2ae19629-171a-13a3-e055-000000000001,"Carrigallen West, Leitrim",56,16,414,486,25,18,39,36,76,28,32,109,51
Sligo-Leitrim,2ae19629-171b-13a3-e055-000000000001,"Cashel, Leitrim",13,10,124,147,7,7,6,7,16,4,5,37,35
Sligo-Leitrim,2ae19629-171c-13a3-e055-000000000001,"Castlefore, Leitrim",19,9,172,200,9,9,11,15,25,4,5,50,44
Sligo-Leitrim,2ae19629-171d-13a3-e055-000000000001,"Cattan, Leitrim",27,8,184,219,7,12,19,6,21,12,9,57,41
Sligo-Leitrim,2ae19629-171e-13a3-e055-000000000001,"Cloonclare, Leitrim",11,9,114,134,7,4,10,10,10,0,4,28,41
Sligo-Leitrim,2ae19629-171f-13a3-e055-000000000001,"Cloone, Leitrim",33,15,261,309,24,12,33,16,40,6,14,62,54
Sligo-Leitrim,2ae19629-1720-13a3-e055-000000000001,"Cloonlogher, Leitrim",25,13,217,255,5,6,22,13,21,16,8,78,48
Sligo-Leitrim,2ae19629-1721-13a3-e055-000000000001,"Cloverhill, Leitrim",25,12,236,273,10,13,30,21,26,8,13,54,61
Sligo-Leitrim,2ae19629-1722-13a3-e055-000000000001,"Corrala, Leitrim",29,7,170,206,12,10,27,21,32,3,11,41,13
Sligo-Leitrim,2ae19629-1723-13a3-e055-000000000001,"Corriga, Leitrim",7,8,119,134,8,3,12,12,16,5,6,38,19
Sligo-Leitrim,2ae19629-1724-13a3-e055-000000000001,"Drumahaire, Leitrim",133,65,1143,1341,36,44,70,67,136,60,44,360,326
Sligo-Leitrim,2ae19629-1710-13a3-e055-000000000001,"Drumard, Leitrim",9,5,175,189,4,2,11,20,25,2,12,40,59
Sligo-Leitrim,2ae19629-172d-13a3-e055-000000000001,"Drumdoo, Leitrim",19,8,272,299,33,14,29,18,34,9,9,56,70
Sligo-Leitrim,2ae19629-1712-13a3-e055-000000000001,"Drumod, Leitrim",55,42,651,748,20,19,52,39,86,17,38,207,173
Sligo-Leitrim,2ae19629-1714-13a3-e055-000000000001,"Drumreilly North, Leitrim",11,9,125,145,13,7,12,11,19,2,5,36,20
Sligo-Leitrim,2ae19629-1715-13a3-e055-000000000001,"Drumreilly South, Leitrim",16,2,111,129,12,8,13,3,15,6,5,27,22
Sligo-Leitrim,2ae19629-1716-13a3-e055-000000000001,"Drumreilly West/Drumreilly East, Leitrim",8,4,130,142,5,10,10,6,23,4,7,23,42
Sligo-Leitrim,2ae19629-172b-13a3-e055-000000000001,"Drumshanbo, Leitrim",117,82,1077,1276,50,40,75,71,146,49,45,264,337
Sligo-Leitrim,2ae19629-172c-13a3-e055-000000000001,"Drumsna, Leitrim",47,32,506,585,9,19,33,36,66,16,23,168,136
Sligo-Leitrim,2ae19629-172e-13a3-e055-000000000001,"Fenagh, Leitrim",36,10,263,309,15,14,24,27,45,7,20,86,25
Sligo-Leitrim,2ae19629-172f-13a3-e055-000000000001,"Garadice, Leitrim",30,31,408,469,19,23,40,35,57,11,19,104,100
Sligo-Leitrim,2ae19629-1730-13a3-e055-000000000001,"Garvagh, Leitrim",12,2,94,108,6,2,10,4,9,3,2,30,28
Sligo-Leitrim,2ae19629-1731-13a3-e055-000000000001,"Glenade, Leitrim",10,5,106,121,3,6,10,4,18,4,1,32,28
Sligo-Leitrim,2ae19629-1732-13a3-e055-000000000001,"Glenaniff, Leitrim",14,5,131,150,8,6,17,6,14,5,4,32,39
Sligo-Leitrim,2ae19629-1733-13a3-e055-000000000001,"Glenboy, Leitrim",25,5,172,202,2,7,13,14,30,6,10,55,35
Sligo-Leitrim,2ae19629-1734-13a3-e055-000000000001,"Glencar, Leitrim",23,6,199,228,5,7,13,8,30,6,10,66,54
Sligo-Leitrim,2ae19629-1735-13a3-e055-000000000001,"Glenfarn, Leitrim",13,2,102,117,6,4,7,10,11,5,0,33,26
Sligo-Leitrim,2ae19629-1736-13a3-e055-000000000001,"Gortermone, Leitrim",25,9,216,250,16,8,25,14,37,13,7,55,41
Sligo-Leitrim,2ae19629-1737-13a3-e055-000000000001,"Gortnagullion, Leitrim",23,12,219,254,4,13,29,15,32,3,6,63,54
Sligo-Leitrim,2ae19629-1725-13a3-e055-000000000001,"Gowel, Leitrim",41,8,238,287,10,10,13,22,36,10,12,59,66
Sligo-Leitrim,a74249fa-0039-4f59-ad83-53fe986ff7bf,"Greaghglass/Stralongford, Leitrim",29,10,254,293,12,5,27,30,40,16,7,49,68
Sligo-Leitrim,2ae19629-1727-13a3-e055-000000000001,"Gubacreeny, Leitrim",59,30,532,621,25,27,62,41,55,20,20,164,118
Sligo-Leitrim,2ae19629-1728-13a3-e055-000000000001,"Keeldra, Leitrim",12,8,144,164,7,5,13,11,22,9,7,39,31
Sligo-Leitrim,2ae19629-1729-13a3-e055-000000000001,"Keshcarrigan, Leitrim",56,25,395,476,15,12,29,36,44,11,33,106,109
Sligo-Leitrim,2ae19629-172a-13a3-e055-000000000001,"Killanummery, Leitrim",31,15,263,309,9,19,42,22,28,9,8,70,56
Sligo-Leitrim,2ae19629-1739-13a3-e055-000000000001,"Killygar, Leitrim",4,5,95,104,11,6,15,8,15,4,8,18,10
Sligo-Leitrim,2ae19629-173a-13a3-e055-000000000001,"Kiltubbrid, Leitrim",17,8,117,142,3,6,14,11,15,7,6,33,22
Sligo-Leitrim,2ae19629-1742-13a3-e055-000000000001,"Kiltyclogher, Leitrim",18,5,180,203,8,12,17,11,32,5,2,34,59
Sligo-Leitrim,2ae19629-1743-13a3-e055-000000000001,"Kinlough, Leitrim",111,49,640,800,20,31,59,49,88,27,19,187,160
Sligo-Leitrim,2ae19629-1744-13a3-e055-000000000001,"Leitrim, Leitrim",112,59,877,1048,25,23,48,52,114,38,43,337,197
Sligo-Leitrim,2ae19629-1745-13a3-e055-000000000001,"Lisgillock, Leitrim",16,6,148,170,10,7,20,18,16,3,6,42,26
Sligo-Leitrim,2ae19629-1746-13a3-e055-000000000001,"Lurganboy, Leitrim",51,12,301,364,12,11,25,20,47,7,12,97,70
Sligo-Leitrim,2ae19629-1747-13a3-e055-000000000001,"Mahanagh, Leitrim",39,10,213,262,7,19,19,18,27,12,5,54,52
Sligo-Leitrim,2ae19629-1748-13a3-e055-000000000001,"Manorhamilton, Leitrim",160,128,1383,1671,60,48,103,92,191,71,74,404,340
Sligo-Leitrim,2ae19629-1749-13a3-e055-000000000001,"Melvin/Aghavoghil, Leitrim",18,8,165,191,6,5,23,11,19,9,10,41,41
Sligo-Leitrim,2ae19629-174a-13a3-e055-000000000001,"Moher, Leitrim",15,10,155,180,10,4,16,12,20,12,8,36,37
Sligo-Leitrim,2ae19629-174b-13a3-e055-000000000001,"Mohill, Leitrim",96,71,905,1072,79,33,75,59,121,35,32,207,264
Sligo-Leitrim,2ae19629-174c-13a3-e055-000000000001,"Munakill, Leitrim",21,10,122,153,3,0,12,7,15,9,6,33,37
Sligo-Leitrim,2ae19629-174d-13a3-e055-000000000001,"Newtowngore, Leitrim",24,15,194,233,13,16,16,15,25,10,14,45,40
Sligo-Leitrim,2ae19629-173b-13a3-e055-000000000001,"Oughteragh, Leitrim",7,5,74,86,7,0,13,5,12,3,2,14,18
Sligo-Leitrim,2ae19629-173c-13a3-e055-000000000001,"Rinn, Leitrim",29,22,340,391,12,9,27,22,31,16,9,101,113
Sligo-Leitrim,2ae19629-173d-13a3-e055-000000000001,"Riverstown, Leitrim",18,8,176,202,6,11,20,21,25,4,7,39,43
Sligo-Leitrim,2ae19629-173e-13a3-e055-000000000001,"Roosky, Leitrim",58,37,541,636,15,19,40,32,76,28,32,166,133
Sligo-Leitrim,2ae19629-173f-13a3-e055-000000000001,"Rowan, Leitrim",21,13,180,214,13,10,18,19,26,7,8,47,32
Sligo-Leitrim,2ae19629-1740-13a3-e055-000000000001,"Sramore, Leitrim",35,14,264,313,15,10,18,18,29,13,9,95,57
Sligo-Leitrim,2ae19629-1741-13a3-e055-000000000001,"St. Patrick's, Leitrim",6,6,101,113,6,2,12,5,12,3,4,26,31
Sligo-Leitrim,2ae19629-1755-13a3-e055-000000000001,"Tullaghan, Leitrim",60,30,528,618,29,20,26,30,61,25,14,181,142
Sligo-Leitrim,2ae19629-1756-13a3-e055-000000000001,"Yugan, Leitrim",12,3,190,205,15,11,16,14,19,5,7,47,56
Mayo,2ae19629-193a-13a3-e055-000000000001,"Acaill, Maigh Eo",52,11,634,697,116,43,69,59,95,21,32,156,43
Mayo,2ae19629-1944-13a3-e055-000000000001,"Addergoole, Mayo",68,26,634,728,50,16,53,41,96,34,18,168,158
Mayo,2ae19629-1945-13a3-e055-000000000001,"Aghagower North, Mayo",103,45,673,821,22,24,35,44,117,38,27,238,128
Mayo,2ae19629-1951-13a3-e055-000000000001,"Aghagower South, Mayo",2,3,93,98,10,7,6,9,8,2,4,17,30
Mayo,2ae19629-1952-13a3-e055-000000000001,"Aghamore, Mayo",52,13,485,550,49,24,41,25,93,22,13,102,116
Mayo,2ae19629-1953-13a3-e055-000000000001,"Aillemore, Mayo",22,12,275,309,16,14,25,19,27,10,9,91,64
Mayo,2ae19629-1954-13a3-e055-000000000001,"An Geata Mór Theas, Mayo",68,25,620,713,72,34,53,62,66,30,18,111,174
Mayo,2ae19629-1955-13a3-e055-000000000001,"An Geata Mór Thuaidh, Mayo",77,44,670,791,65,42,63,49,98,17,19,150,167
Mayo,2ae19629-195f-13a3-e055-000000000001,"Ardagh, Mayo",36,17,237,290,15,15,18,23,43,17,7,49,50
Mayo,2ae19629-1960-13a3-e055-000000000001,"Ardnaree North, Mayo",115,30,644,789,27,21,42,45,105,28,31,191,154
Mayo,2ae19629-1961-13a3-e055-000000000001,"Ardnaree South Rural, Mayo",251,151,1933,2335,55,49,130,103,347,98,78,686,387
Mayo,2ae19629-18bc-13a3-e055-000000000001,"Ardnaree South Urban, Mayo",156,180,1661,1997,128,71,159,127,293,83,72,302,426
Mayo,2ae19629-196a-13a3-e055-000000000001,"Attymass East, Mayo",31,20,272,323,20,13,31,24,42,10,7,60,65
Mayo,2ae19629-196b-13a3-e055-000000000001,"Attymass West, Mayo",19,11,195,225,13,7,18,10,31,6,3,41,66
Mayo,2ae19629-1974-13a3-e055-000000000001,"Balla, Mayo",126,47,1134,1307,32,28,60,84,213,52,59,327,279
Mayo,2ae19629-1975-13a3-e055-000000000001,"Ballina Rural, Mayo",286,171,2010,2467,89,57,160,150,368,88,88,579,431
Mayo,2ae19629-1976-13a3-e055-000000000001,"Ballina Urban, Mayo",219,329,2882,3430,216,111,229,189,456,115,107,626,833
Mayo,2ae19629-197f-13a3-e055-000000000001,"Ballinafad, Mayo",80,17,408,505,17,12,33,32,75,18,20,97,104
Mayo,2ae19629-1980-13a3-e055-000000000001,"Ballinamore, Mayo",32,6,254,292,29,11,21,12,33,13,16,60,59
Mayo,2ae19629-1981-13a3-e055-000000000001,"Baile an Chalaidh, Maigh Eo",17,10,165,192,20,10,18,17,18,3,4,38,37
Mayo,2ae19629-18ca-13a3-e055-000000000001,"Ballindine, Mayo",73,37,631,741,33,24,38,40,78,40,33,185,160
Mayo,2ae19629-18cb-13a3-e055-000000000001,"Ballinrobe, Mayo",318,312,2560,3190,82,67,140,140,364,126,118,740,783
Mayo,2ae19629-18cc-13a3-e055-000000000001,"Ballycastle, Mayo",52,20,435,507,30,18,33,31,72,14,8,92,137
Mayo,2ae19629-18cd-13a3-e055-000000000001,"Ballycroy North, Mayo",26,10,210,246,19,13,20,11,28,6,3,38,72
Mayo,2ae19629-18ce-13a3-e055-000000000001,"Ballycroy South, Mayo",25,8,243,276,26,9,21,16,27,6,10,52,76
Mayo,2ae19629-18d8-13a3-e055-000000000001,"Ballyhaunis, Mayo",293,373,2020,2686,96,59,100,148,283,90,72,401,771
Mayo,2ae19629-18d9-13a3-e055-000000000001,"Ballyhean, Mayo",51,27,426,504,21,15,30,31,45,15,18,146,105
Mayo,2ae19629-18e5-13a3-e055-000000000001,"Ballyhowly, Mayo",45,18,346,409,22,10,14,27,56,18,16,90,93
Mayo,2ae19629-18e6-13a3-e055-000000000001,"Ballynagoraher, Mayo",19,10,255,284,28,8,26,23,39,8,6,64,53
Mayo,2ae19629-18f0-13a3-e055-000000000001,"Baile Óbha, Maigh Eo",17,3,166,186,13,5,13,7,22,8,7,43,48
Mayo,2ae19629-18f1-13a3-e055-000000000001,"Ballysakeery, Mayo",41,26,436,503,34,17,35,31,72,20,16,108,103
Mayo,2ae19629-18fb-13a3-e055-000000000001,"Bangor, Mayo",31,21,369,421,22,20,31,26,73,17,5,64,111
Mayo,2ae19629-18fc-13a3-e055-000000000001,"Barr Rúscaí, Maigh Eo",6,2,79,87,8,3,8,9,10,3,1,13,24
Mayo,2ae19629-1908-13a3-e055-000000000001,"Bekan, Mayo",62,36,515,613,28,23,47,36,96,14,23,116,132
Mayo,2ae19629-1909-13a3-e055-000000000001,"Béal Deirg Mór, Maigh Eo",5,4,128,137,8,5,7,7,26,5,5,19,46
Mayo,2ae19629-190a-13a3-e055-000000000001,"Bellavary, Mayo",89,36,740,865,46,32,70,36,105,36,19,221,175
Mayo,2ae19629-190b-13a3-e055-000000000001,"Béal an Mhuirthead, Maigh Eo",154,113,1481,1748,88,73,143,105,260,55,47,342,368
Mayo,2ae19629-190c-13a3-e055-000000000001,"Bohola, Mayo",35,6,221,262,10,4,13,17,40,7,11,61,58
Mayo,2ae19629-1914-13a3-e055-000000000001,"Brackloon, Mayo",61,16,455,532,37,17,41,30,67,17,18,110,118
Mayo,2ae19629-1915-13a3-e055-000000000001,"Breaghwy, Mayo",200,48,1297,1545,33,36,85,74,190,73,54,401,351
Mayo,2ae19629-192d-13a3-e055-000000000001,"Burren, Mayo",22,6,249,277,15,9,23,17,36,16,7,65,61
Mayo,2ae19629-192e-13a3-e055-000000000001,"Burriscarra, Mayo",28,18,314,360,16,7,27,22,41,14,9,89,89
Mayo,2ae19629-193b-13a3-e055-000000000001,"Callow, Mayo",29,10,308,347,18,13,33,17,37,11,11,94,74
Mayo,2ae19629-193c-13a3-e055-000000000001,"An Cheapaigh Dhuibh, Maigh Eo",38,12,258,308,15,12,20,17,28,9,11,78,68
Mayo,2ae19629-1946-13a3-e055-000000000001,"Caraun, Mayo",24,14,244,282,12,11,17,12,44,11,7,58,72
Mayo,2ae19629-1947-13a3-e055-000000000001,"Carrowmore, Mayo",75,26,625,726,28,19,39,49,107,33,27,158,165
Mayo,2ae19629-1948-13a3-e055-000000000001,"Castlebar Rural, Mayo",674,481,5081,6236,95,121,284,300,763,236,227,1857,1198
Mayo,2ae19629-1949-13a3-e055-000000000001,"Castlebar Urban, Mayo",537,539,4534,5610,153,97,256,232,540,173,158,1273,1652
Mayo,2ae19629-194a-13a3-e055-000000000001,"Clare Island, Mayo",19,10,131,160,15,2,13,6,10,7,3,33,42
Mayo,2ae19629-1956-13a3-e055-000000000001,"Claremorris, Mayo",346,355,3083,3784,80,53,164,165,452,151,134,923,961
Mayo,2ae19629-1957-13a3-e055-000000000001,"Clogher, Mayo, 157052",64,17,401,482,27,15,39,22,74,20,17,95,92
Mayo,2ae19629-1958-13a3-e055-000000000001,"Clogher, Mayo, 157053",69,40,649,758,24,36,49,42,97,24,23,210,144
Mayo,2ae19629-1962-13a3-e055-000000000001,"Cloghermore, Mayo",16,2,117,135,3,6,8,7,23,5,6,29,30
Mayo,2ae19629-1963-13a3-e055-000000000001,"Cloonkeen, Mayo",53,21,540,614,10,14,49,25,94,19,20,166,143
Mayo,2ae19629-1964-13a3-e055-000000000001,"Cloonmore, Mayo",18,14,351,383,22,31,45,16,50,7,11,76,93
Mayo,2ae19629-1965-13a3-e055-000000000001,"Cong, Mayo",91,39,668,798,24,23,38,42,98,30,31,235,147
Mayo,2ae19629-196c-13a3-e055-000000000001,"Coolnaha, Mayo",36,16,350,402,20,16,27,20,62,25,11,96,73
Mayo,2ae19629-196d-13a3-e055-000000000001,"Coonard, Mayo",26,15,211,252,12,8,14,12,27,14,7,49,68
Mayo,2ae19629-196e-13a3-e055-000000000001,"Corraun, Mayo",34,10,552,596,69,21,56,47,98,16,18,148,79
Mayo,2ae19629-196f-13a3-e055-000000000001,"Course, Mayo",42,10,320,372,19,11,30,30,46,12,12,63,97
Mayo,2ae19629-1977-13a3-e055-000000000001,"Croaghmoyle, Mayo",10,2,142,154,6,7,15,6,20,4,5,47,32
Mayo,2ae19629-1978-13a3-e055-000000000001,"Croaghpatrick, Mayo",61,14,481,556,8,16,24,23,56,17,21,177,139
Mayo,2ae19629-1979-13a3-e055-000000000001,"Crossboyne, Mayo",64,27,392,483,12,11,20,23,64,29,9,116,108
Mayo,2ae19629-197a-13a3-e055-000000000001,"Crossmolina North, Mayo",73,52,762,887,36,19,72,59,115,32,36,228,165
Mayo,2ae19629-1982-13a3-e055-000000000001,"Crossmolina South, Mayo",67,26,620,713,29,10,49,44,83,36,28,183,158
Mayo,2ae19629-1983-13a3-e055-000000000001,"Cuildoo, Mayo",32,13,269,314,29,10,27,11,42,7,12,63,68
Mayo,2ae19629-18cf-13a3-e055-000000000001,"Culnacleha, Mayo",36,13,350,399,34,15,35,18,60,9,14,90,75
Mayo,2ae19629-18d0-13a3-e055-000000000001,"Dalgan, Mayo",94,44,803,941,41,25,58,64,106,34,41,221,213
Mayo,2ae19629-18d1-13a3-e055-000000000001,"Deel, Mayo",35,18,347,400,23,15,30,19,66,14,10,70,100
Mayo,2ae19629-18d2-13a3-e055-000000000001,"Derry, Mayo",8,4,152,164,10,3,14,14,25,7,5,30,44
Mayo,2ae19629-18d3-13a3-e055-000000000001,"Derryloughan, Mayo",64,16,544,624,25,20,46,28,57,29,24,172,143
Mayo,2ae19629-18da-13a3-e055-000000000001,"Doocastle, Mayo",22,14,285,321,21,18,34,12,29,9,9,66,87
Mayo,2ae19629-18db-13a3-e055-000000000001,"Dumha Éige, Maigh Eo",40,15,466,521,58,26,36,32,51,22,21,115,105
Mayo,2ae19629-18dc-13a3-e055-000000000001,"Drummin, Mayo",12,8,131,151,10,8,25,18,18,5,4,23,20
Mayo,2ae19629-18e7-13a3-e055-000000000001,"Emlagh, Mayo",27,8,235,270,10,12,25,13,25,10,6,64,70
Mayo,2ae19629-18e8-13a3-e055-000000000001,"Erriff, Mayo",7,3,80,90,4,2,4,4,12,2,5,19,28
Mayo,2ae19629-18e9-13a3-e055-000000000001,"Fortland, Mayo",52,16,372,440,13,7,25,28,53,19,18,108,101
Mayo,2ae19629-18f2-13a3-e055-000000000001,"Garrymore, Mayo",33,21,321,375,20,8,24,19,53,12,10,77,98
Mayo,2ae19629-18f3-13a3-e055-000000000001,"Gleann na Muaidhe, Maigh Eo",18,7,163,188,27,7,18,13,15,9,4,21,49
Mayo,2ae19629-18f4-13a3-e055-000000000001,"Gleann Chaisil, Maigh Eo",45,16,351,412,29,23,36,33,57,18,10,62,83
Mayo,2ae19629-18fe-13a3-e055-000000000001,"Glenhest, Mayo",13,17,181,211,15,9,20,13,33,5,4,42,40
Mayo,2ae19629-18ff-13a3-e055-000000000001,"Guala Mhór, Maigh Eo",4,10,98,112,11,3,6,10,15,2,5,19,27
Mayo,2ae19629-190d-13a3-e055-000000000001,"Hollymount, Mayo",72,32,586,690,30,20,43,27,83,29,15,161,178
Mayo,2ae19629-190e-13a3-e055-000000000001,"Houndswood, Mayo",43,19,478,540,22,11,30,35,70,16,17,149,128
Mayo,2ae19629-1916-13a3-e055-000000000001,"Islandeady, Mayo",101,32,738,871,47,19,53,61,91,33,26,229,179
Mayo,2ae19629-1917-13a3-e055-000000000001,"Kilbeagh, Mayo",86,54,739,879,47,34,80,47,90,26,43,220,152
Mayo,2ae19629-1921-13a3-e055-000000000001,"Kilcolman, Mayo",36,10,335,381,13,12,18,20,74,18,12,90,78
Mayo,2ae19629-1922-13a3-e055-000000000001,"Kilcommon, Mayo",53,19,478,550,37,11,37,24,99,29,16,114,111
Mayo,2ae19629-1923-13a3-e055-000000000001,"Kilfian East, Mayo",27,10,158,195,11,3,12,4,31,1,14,35,47
Mayo,2ae19629-1924-13a3-e055-000000000001,"Kilfian South, Mayo",20,9,170,199,16,5,8,6,28,2,12,37,56
Mayo,2ae19629-192f-13a3-e055-000000000001,"Kilfian West, Mayo",4,7,86,97,10,3,4,4,11,2,4,8,40
Mayo,2ae19629-1930-13a3-e055-000000000001,"Kilgarvan, Mayo",51,33,604,688,33,21,47,56,89,28,22,146,162
Mayo,2ae19629-193d-13a3-e055-000000000001,"Kilgeever, Mayo",6,4,77,87,4,1,8,4,11,3,9,8,29
Mayo,2ae19629-193e-13a3-e055-000000000001,"Kilkelly, Mayo",71,49,668,788,38,28,89,62,118,30,27,138,138
Mayo,2ae19629-193f-13a3-e055-000000000001,"Killala, Mayo",103,35,935,1073,57,28,82,76,147,50,26,233,236
Mayo,2ae19629-194b-13a3-e055-000000000001,"Killavally, Mayo",53,14,347,414,15,8,23,26,57,10,16,105,87
Mayo,2ae19629-194c-13a3-e055-000000000001,"Killedan, Mayo",59,18,493,570,33,22,54,42,90,29,19,122,82
Mayo,2ae19629-1959-13a3-e055-000000000001,"Kilmaclasser, Mayo",56,28,445,529,24,15,50,37,69,15,16,134,85
Mayo,2ae19629-195a-13a3-e055-000000000001,"Kilmaine, Mayo",90,43,699,832,39,31,86,44,109,27,22,163,178
Mayo,2ae19629-195b-13a3-e055-000000000001,"Kilmeena, Mayo",164,34,1119,1317,40,34,72,72,150,47,52,384,268
Mayo,2ae19629-1966-13a3-e055-000000000001,"Kilmovee, Mayo",60,30,466,556,31,25,63,45,55,24,16,92,115
Mayo,2ae19629-1967-13a3-e055-000000000001,"Kilsallagh, Mayo",48,23,396,467,17,12,33,20,53,16,15,132,98
Mayo,2ae19629-1970-13a3-e055-000000000001,"Kiltamagh, Mayo",112,83,1135,1330,66,30,101,90,167,64,42,325,250
Mayo,2ae19629-1971-13a3-e055-000000000001,"Kilvine, Mayo",60,24,450,534,41,12,41,26,71,16,10,115,118
Mayo,2ae19629-197b-13a3-e055-000000000001,"Knappagh, Mayo",77,20,543,640,16,13,46,27,75,29,22,177,138
Mayo,2ae19629-197c-13a3-e055-000000000001,"Knock North, Mayo",67,80,673,820,41,26,54,42,110,21,30,173,176
Mayo,2ae19629-1984-13a3-e055-000000000001,"Knock South, Mayo",37,44,608,689,39,22,33,28,70,22,24,185,185
Mayo,2ae19629-1985-13a3-e055-000000000001,"Cnoc an Daimh, Maigh Eo",27,7,231,265,16,9,12,11,27,7,5,30,114
Mayo,2ae19629-1986-13a3-e055-000000000001,"Cnoc na Lobhar, Maigh Eo",52,26,550,628,83,48,54,25,76,14,9,81,160
Mayo,2ae19629-18c5-13a3-e055-000000000001,"Lackan North, Mayo",17,4,257,278,23,9,21,12,44,9,10,60,69
Mayo,2ae19629-18c6-13a3-e055-000000000001,"Lackan South, Mayo",32,11,338,381,43,16,35,26,82,17,12,86,21
Mayo,2ae19629-18d4-13a3-e055-000000000001,"Letterbrick, Mayo",5,2,95,102,10,6,7,9,11,3,3,11,35
Mayo,2ae19629-18d5-13a3-e055-000000000001,"Loughanboy, Mayo",20,6,256,282,11,14,20,16,42,8,7,49,89
Mayo,2ae19629-182d-13a3-e055-000000000001,"Louisburgh, Mayo",94,32,765,891,28,17,51,54,89,30,40,245,211
Mayo,2ae19629-182e-13a3-e055-000000000001,"Manulla, Mayo",118,31,659,808,14,20,47,47,100,30,33,192,176
Mayo,2ae19629-1838-13a3-e055-000000000001,"Mayo, Mayo",32,16,306,354,24,10,29,19,49,9,14,64,88
Mayo,2ae19629-1839-13a3-e055-000000000001,"Meelick, Mayo",44,23,376,443,24,14,44,26,58,18,21,112,59
Mayo,2ae19629-1844-13a3-e055-000000000001,"Mount Falcon, Mayo",119,41,885,1045,75,27,74,77,182,40,25,191,194
Mayo,2ae19629-1845-13a3-e055-000000000001,"Moing na Bó, Maigh Eo",16,10,179,205,19,14,17,13,21,4,4,32,55
Mayo,2ae19629-1846-13a3-e055-000000000001,"Na Monga, Maigh Eo",14,4,166,184,17,6,21,12,15,7,2,29,57
Mayo,2ae19629-1850-13a3-e055-000000000001,"Murneen, Mayo",37,12,275,324,18,10,22,16,44,10,18,76,61
Mayo,2ae19629-1851-13a3-e055-000000000001,"Neale, Mayo",75,28,581,684,27,27,37,45,78,24,19,169,155
Mayo,2ae19629-185b-13a3-e055-000000000001,"Newbrook, Mayo",47,20,382,449,18,12,38,28,67,16,14,84,105
Mayo,2ae19629-185c-13a3-e055-000000000001,"Newport East, Mayo",88,61,896,1045,48,30,52,64,115,46,32,277,232
Mayo,2ae19629-185d-13a3-e055-000000000001,"Newport West, Mayo",68,34,579,681,47,21,28,57,75,30,19,150,152
Mayo,2ae19629-185e-13a3-e055-000000000001,"Abhainn Bhrain, Maigh Eo",12,9,166,187,16,5,14,18,20,6,4,39,44
Mayo,7d09d455-0fac-4a81-a63b-1b8dbe0d62b1,"Owennadornaun/Bundorragha, Mayo",15,10,109,134,4,2,8,9,12,6,3,34,31
Mayo,2ae19629-1868-13a3-e055-000000000001,"Pontoon, Mayo",44,13,345,402,15,20,25,23,53,17,11,81,100
Mayo,2ae19629-1869-13a3-e055-000000000001,"Partraí, Maigh Eo",44,21,407,472,20,12,37,21,46,19,20,148,84
Mayo,2ae19629-186a-13a3-e055-000000000001,"Cnoc na Ráithe, Maigh Eo",61,22,496,579,63,33,49,38,56,21,13,86,137
Mayo,2ae19629-1875-13a3-e055-000000000001,"Rathoma, Mayo",21,11,172,204,10,9,16,9,31,5,7,40,45
Mayo,2ae19629-1876-13a3-e055-000000000001,"Roslee, Mayo",45,13,290,348,15,12,25,26,49,13,11,79,60
Mayo,2ae19629-1877-13a3-e055-000000000001,"Sallymount, Mayo",38,15,343,396,17,20,39,30,47,11,12,86,81
Mayo,396b71f0-9c69-422b-84df-e2ec984a6b49,"Sheskin/Bunaveela/Glenco, Mayo",7,8,127,142,20,6,11,9,15,5,1,16,44
Mayo,2ae19629-1881-13a3-e055-000000000001,"Shrule, Mayo",132,66,791,989,42,27,60,41,105,49,31,264,172
Mayo,2ae19629-188b-13a3-e055-000000000001,"Slievemahanagh, Mayo",39,13,337,389,24,11,24,21,49,11,17,108,72
Mayo,2ae19629-188c-13a3-e055-000000000001,"Slievemore, Mayo",62,32,779,873,93,50,64,65,106,24,32,208,137
Mayo,2ae19629-188d-13a3-e055-000000000001,"Sonnagh, Mayo",85,48,902,1035,95,54,96,62,137,29,34,218,177
Mayo,2ae19629-188e-13a3-e055-000000000001,"Sraheen, Mayo",95,37,840,972,50,28,63,50,136,33,31,205,244
Mayo,2ae19629-1898-13a3-e055-000000000001,"Srahmore, Mayo",10,5,109,124,6,3,8,1,8,3,4,35,41
Mayo,2ae19629-1899-13a3-e055-000000000001,"Strade, Mayo",65,9,455,529,36,10,45,33,63,18,19,111,120
Mayo,2ae19629-189a-13a3-e055-000000000001,"Swineford, Mayo",180,97,1845,2122,112,84,170,126,296,74,67,436,480
Mayo,2ae19629-189b-13a3-e055-000000000001,"Tagheen, Mayo",20,3,139,162,5,4,6,5,27,6,6,31,49
Mayo,2ae19629-18a3-13a3-e055-000000000001,"Tamhnaigh na Graí, Maigh Eo",19,12,259,290,16,7,21,12,38,2,7,76,80
Mayo,2ae19629-18a4-13a3-e055-000000000001,"Toocananagh, Mayo",53,26,291,370,12,13,24,12,45,13,6,85,81
Mayo,2ae19629-18a5-13a3-e055-000000000001,"Toomore, Mayo",120,66,1245,1431,52,36,103,71,184,48,50,331,370
Mayo,2ae19629-18af-13a3-e055-000000000001,"Tumgesh, Mayo",29,9,242,280,15,16,20,17,39,15,8,52,60
Mayo,2ae19629-18b0-13a3-e055-000000000001,"Turlough, Mayo",151,39,1052,1242,49,25,53,68,165,43,38,343,268
Mayo,2ae19629-18b1-13a3-e055-000000000001,"Urlaur, Mayo",24,3,405,432,61,24,45,21,72,23,14,118,27
Mayo,2ae19629-18ba-13a3-e055-000000000001,"Westport Rural, Mayo",166,65,1196,1427,25,30,67,53,169,55,60,475,262
Mayo,2ae19629-18bb-13a3-e055-000000000001,"Westport Urban, Mayo",352,376,4355,5083,138,112,256,264,513,174,187,1528,1183
Roscommon-Galway,2ae19629-1a86-13a3-e055-000000000001,"Aghafin, Roscommon",9,4,95,108,9,5,7,16,21,3,3,22,9
Roscommon-Galway,2ae19629-1a92-13a3-e055-000000000001,"Annaghmore, Roscommon",23,8,229,260,8,12,31,10,41,13,7,51,56
Roscommon-Galway,2ae19629-1a93-13a3-e055-000000000001,"Artagh North, Roscommon",70,29,591,690,32,34,77,43,64,25,29,126,161
Roscommon-Galway,2ae19629-1a9c-13a3-e055-000000000001,"Artagh South, Roscommon",34,7,341,382,22,19,32,22,54,17,14,65,96
Roscommon-Galway,2ae19629-1a9d-13a3-e055-000000000001,"Athleague East, Roscommon",53,15,342,410,19,21,29,32,48,14,16,89,74
Roscommon-Galway,2ae19629-1aa7-13a3-e055-000000000001,"Athleague West, Roscommon",46,36,412,494,33,22,35,23,74,18,19,114,74
Roscommon-Galway,2ae19629-1aa8-13a3-e055-000000000001,"Athlone West Rural, Roscommon",454,401,3112,3967,98,71,166,197,472,124,130,1017,837
Roscommon-Galway,2ae19629-1aa9-13a3-e055-000000000001,"Aughrim East, Roscommon",16,6,170,192,4,7,12,10,22,12,11,57,35
Roscommon-Galway,2ae19629-1ab2-13a3-e055-000000000001,"Aughrim West, Roscommon",17,8,121,146,6,4,8,10,13,9,9,30,32
Roscommon-Galway,2ae19629-1ab3-13a3-e055-000000000001,"Ballaghaderreen, Roscommon",255,232,2042,2529,114,100,178,176,297,79,75,417,606
Roscommon-Galway,2ae19629-1abc-13a3-e055-000000000001,"Ballinlough, Roscommon",78,44,813,935,56,29,73,64,100,21,28,190,252
Roscommon-Galway,2ae19629-1abd-13a3-e055-000000000001,"Ballintober, Roscommon",62,41,587,690,22,22,48,36,63,28,24,159,185
Roscommon-Galway,2ae19629-1ac9-13a3-e055-000000000001,"Ballydangan, Roscommon",82,27,516,625,26,8,41,33,77,24,16,148,143
Roscommon-Galway,2ae19629-1aca-13a3-e055-000000000001,"Ballyfarnan, Roscommon",12,6,193,211,8,10,15,15,18,12,7,41,67
Roscommon-Galway,2ae19629-1acb-13a3-e055-000000000001,"Ballyformoyle, Roscommon",11,5,133,149,9,2,13,21,26,6,4,27,25
Roscommon-Galway,2ae19629-1ad5-13a3-e055-000000000001,"Ballygarden, Roscommon",16,11,154,181,5,4,12,8,20,4,5,44,52
Roscommon-Galway,2ae19629-1ad6-13a3-e055-000000000001,"Ballynamona, Roscommon",41,28,365,434,9,15,25,33,61,11,17,110,84
Roscommon-Galway,2ae19629-1ad7-13a3-e055-000000000001,"Baslick, Roscommon",10,8,105,123,5,6,9,3,18,5,6,20,33
Roscommon-Galway,2ae19629-1ae2-13a3-e055-000000000001,"Bellanagare, Roscommon",58,17,484,559,19,31,65,41,75,13,15,91,134
Roscommon-Galway,2ae19629-1ae3-13a3-e055-000000000001,"Boyle Rural, Roscommon",134,84,1175,1393,68,33,112,98,154,55,62,339,254
Roscommon-Galway,2ae19629-1ae4-13a3-e055-000000000001,"Boyle Urban, Roscommon",87,90,1160,1337,48,45,99,125,119,46,44,214,420
Roscommon-Galway,2ae19629-1ae5-13a3-e055-000000000001,"Breedoge, Roscommon",12,8,185,205,10,8,19,15,26,11,5,38,53
Roscommon-Galway,2ae19629-1aef-13a3-e055-000000000001,"Buckill, Roscommon",25,11,269,305,8,14,32,16,49,11,8,53,78
Roscommon-Galway,2ae19629-1af0-13a3-e055-000000000001,"Bumlin, Roscommon",49,21,341,411,12,12,30,19,64,10,15,77,102
Roscommon-Galway,2ae19629-1af1-13a3-e055-000000000001,"Caltragh, Roscommon",34,5,178,217,11,6,13,12,25,7,10,48,46
Roscommon-Galway,2ae19629-1afc-13a3-e055-000000000001,"Cams, Roscommon",43,22,368,433,17,15,35,16,68,8,15,99,95
Roscommon-Galway,2ae19629-1afd-13a3-e055-000000000001,"Carnagh, Roscommon",85,19,559,663,11,15,39,60,73,30,22,195,114
Roscommon-Galway,2ae19629-1afe-13a3-e055-000000000001,"Carrowduff, Roscommon",18,10,148,176,9,6,12,11,19,6,8,35,42
Roscommon-Galway,2ae19629-1a39-13a3-e055-000000000001,"Carrowreagh, Roscommon",44,13,367,424,20,16,41,32,57,21,10,119,51
Roscommon-Galway,2ae19629-1a3a-13a3-e055-000000000001,"Castleplunket, Roscommon",51,15,374,440,16,22,42,35,50,17,20,77,95
Roscommon-Galway,2ae19629-1a3b-13a3-e055-000000000001,"Castlereagh, Roscommon",233,187,2314,2734,103,86,174,153,322,78,62,402,934
Roscommon-Galway,2ae19629-1a47-13a3-e055-000000000001,"Castlesampson, Roscommon",30,8,281,319,19,13,28,26,39,17,8,70,61
Roscommon-Galway,2ae19629-1a48-13a3-e055-000000000001,"Castleteheen, Roscommon",26,5,244,275,22,17,21,19,35,6,6,52,66
Roscommon-Galway,2ae19629-1a49-13a3-e055-000000000001,"Cloonburren, Roscommon",25,7,161,193,2,5,12,11,21,9,9,47,45
Roscommon-Galway,2ae19629-1a4a-13a3-e055-000000000001,"Cloonfinlough, Roscommon",16,7,127,150,3,9,6,13,26,5,8,28,29
Roscommon-Galway,2ae19629-19a1-13a3-e055-000000000001,"Cloonfower, Roscommon",23,12,258,293,13,16,39,21,39,8,7,48,67
Roscommon-Galway,2ae19629-19a2-13a3-e055-000000000001,"Cloonown, Roscommon",27,8,183,218,9,6,16,17,25,6,7,51,46
Roscommon-Galway,2ae19629-19a3-13a3-e055-000000000001,"Cloonteen, Roscommon",23,16,220,259,11,14,13,18,27,18,8,57,54
Roscommon-Galway,2ae19629-19ae-13a3-e055-000000000001,"Cloontuskert, Roscommon",101,73,899,1073,34,42,65,69,159,40,32,210,248
Roscommon-Galway,2ae19629-19af-13a3-e055-000000000001,"Cloonygormican, Roscommon",30,6,322,358,19,17,31,22,36,11,17,80,89
Roscommon-Galway,2ae19629-19b0-13a3-e055-000000000001,"Cloonyquin, Roscommon",23,2,192,217,4,5,24,14,39,10,2,44,50
Roscommon-Galway,2ae19629-19ba-13a3-e055-000000000001,"Coolougher, Roscommon",43,22,365,430,18,15,39,33,58,13,11,59,119
Roscommon-Galway,2ae19629-19bb-13a3-e055-000000000001,"Crannagh, Roscommon",140,38,821,999,37,20,58,60,157,45,43,262,139
Roscommon-Galway,2ae19629-19c6-13a3-e055-000000000001,"Creagh, Roscommon",97,29,730,856,27,21,56,45,136,26,36,183,200
Roscommon-Galway,2ae19629-19c7-13a3-e055-000000000001,"Creeve, Roscommon, 197046",6,3,100,109,4,3,9,6,12,1,3,39,23
Roscommon-Galway,2ae19629-19c8-13a3-e055-000000000001,"Creeve, Roscommon, 197047",18,4,113,135,6,7,15,6,15,2,8,25,29
Roscommon-Galway,2ae19629-19d1-13a3-e055-000000000001,"Cregga, Roscommon",13,4,116,133,3,5,13,9,17,5,3,32,29
Roscommon-Galway,2ae19629-19d2-13a3-e055-000000000001,"Croghan, Roscommon",35,10,273,318,13,11,19,17,42,10,12,92,57
Roscommon-Galway,2ae19629-19d3-13a3-e055-000000000001,"Crossna, Roscommon",13,7,151,171,8,1,10,8,20,4,2,50,48
Roscommon-Galway,2ae19629-19dc-13a3-e055-000000000001,"Culliagh, Roscommon",17,5,152,174,5,5,10,14,18,9,11,50,30
Roscommon-Galway,2ae19629-19dd-13a3-e055-000000000001,"Danesfort, Roscommon",73,65,634,772,18,19,34,41,83,33,26,220,160
Roscommon-Galway,2ae19629-19de-13a3-e055-000000000001,"Drumdaff, Roscommon",34,6,338,378,13,8,24,20,55,24,14,99,81
Roscommon-Galway,2ae19629-19df-13a3-e055-000000000001,"Drumlosh, Roscommon",36,18,227,281,14,11,22,11,47,16,15,67,24
Roscommon-Galway,2ae19629-19e7-13a3-e055-000000000001,"Dunamon, Roscommon",25,10,230,265,10,12,19,16,45,9,15,65,39
Roscommon-Galway,2ae19629-19e8-13a3-e055-000000000001,"Dysart, Roscommon",18,2,167,187,13,6,16,8,41,16,13,48,6
Roscommon-Galway,2ae19629-19f3-13a3-e055-000000000001,"Edmondstown, Roscommon",35,20,319,374,14,19,33,20,41,13,11,78,90
Roscommon-Galway,2ae19629-19f4-13a3-e055-000000000001,"Elia, Roscommon",12,2,95,109,3,3,6,4,15,1,0,18,45
Roscommon-Galway,2ae19629-19f5-13a3-e055-000000000001,"Elphin, Roscommon",72,52,582,706,25,17,51,33,86,27,19,122,202
Roscommon-Galway,2ae19629-1a00-13a3-e055-000000000001,"Estersnow, Roscommon",5,4,68,77,5,1,5,3,5,4,3,19,23
Roscommon-Galway,2ae19629-1a01-13a3-e055-000000000001,"Fairymount, Roscommon",16,8,253,277,14,12,33,29,32,7,11,51,64
Roscommon-Galway,2ae19629-1a02-13a3-e055-000000000001,"Frenchpark, Roscommon",75,60,670,805,31,26,70,42,77,24,22,124,254
Roscommon-Galway,2ae19629-1a03-13a3-e055-000000000001,"Fuerty, Roscommon",78,21,532,631,16,20,37,54,69,25,23,180,108
Roscommon-Galway,2ae19629-1a0d-13a3-e055-000000000001,"Keadew, Roscommon",31,41,401,473,24,12,31,43,56,13,22,120,80
Roscommon-Galway,2ae19629-1a0e-13a3-e055-000000000001,"Kilbride North, Roscommon",37,14,288,339,15,14,25,23,40,16,10,74,71
Roscommon-Galway,2ae19629-1a0f-13a3-e055-000000000001,"Kilbride South, Roscommon",37,11,264,312,18,6,16,13,39,5,10,79,78
Roscommon-Galway,2ae19629-1a16-13a3-e055-000000000001,"Kilbryan, Roscommon",34,15,254,303,10,11,12,11,26,13,14,91,66
Roscommon-Galway,2ae19629-1a17-13a3-e055-000000000001,"Kilcar, Roscommon",26,13,266,305,17,7,12,27,40,6,10,78,69
Roscommon-Galway,2ae19629-1a23-13a3-e055-000000000001,"Kilgefin, Roscommon",26,7,218,251,6,14,22,13,32,7,6,59,59
Roscommon-Galway,2ae19629-1a24-13a3-e055-000000000001,"Kilglass North, Roscommon",25,14,373,412,11,18,46,30,37,14,16,92,109
Roscommon-Galway,2ae19629-1a25-13a3-e055-000000000001,"Kilglass South, Roscommon",28,14,249,291,15,11,22,15,41,15,11,67,52
Roscommon-Galway,2ae19629-1a2e-13a3-e055-000000000001,"Killavackan, Roscommon",16,5,163,184,12,3,18,13,31,10,2,37,37
Roscommon-Galway,2ae19629-1a2f-13a3-e055-000000000001,"Killukin, Roscommon, 197074",31,6,191,228,13,3,14,11,30,11,9,66,34
Roscommon-Galway,2ae19629-1a30-13a3-e055-000000000001,"Killukin, Roscommon, 197075",18,7,136,161,5,8,18,11,19,5,3,28,39
Roscommon-Galway,2ae19629-1a31-13a3-e055-000000000001,"Killummod, Roscommon",10,0,91,101,4,8,4,3,7,3,3,21,38
Roscommon-Galway,2ae19629-1990-13a3-e055-000000000001,"Kilmacumsy/Kilcolagh, Roscommon",40,17,330,387,13,14,40,32,39,14,8,88,82
Roscommon-Galway,2ae19629-1991-13a3-e055-000000000001,"Kilmore, Roscommon",9,4,133,146,9,9,6,8,20,6,6,38,31
Roscommon-Galway,2ae19629-1992-13a3-e055-000000000001,"Kilteevan, Roscommon",52,18,373,443,13,11,20,27,45,13,16,130,98
Roscommon-Galway,2ae19629-199a-13a3-e055-000000000001,"Kiltoom, Roscommon",173,47,1182,1402,25,18,71,73,178,50,46,475,246
Roscommon-Galway,2ae19629-199b-13a3-e055-000000000001,"Kiltullagh, Roscommon",97,55,780,932,66,45,75,49,123,28,29,178,187
Roscommon-Galway,2ae19629-199c-13a3-e055-000000000001,"Lackan, Roscommon",54,8,240,302,15,5,14,15,35,20,6,86,44
Roscommon-Galway,2ae19629-19a4-13a3-e055-000000000001,"Lecarrow, Roscommon",33,7,231,271,9,7,19,15,28,8,17,72,56
Roscommon-Galway,869b3460-81b8-43ea-b965-9e0df9601878,"Lisgarve/Mantua, Roscommon",22,8,150,180,9,1,20,15,20,6,4,34,41
Roscommon-Galway,2ae19629-19a6-13a3-e055-000000000001,"Lismaha, Roscommon",36,14,262,312,10,17,14,13,39,15,17,70,67
Roscommon-Galway,2ae19629-19a7-13a3-e055-000000000001,"Lissonuffy, Roscommon",12,2,129,143,10,5,19,9,20,5,5,26,30
Roscommon-Galway,922546d5-3ff0-4121-bfc2-ddab853e004a,"Lough Allen/Altagowlan, Roscommon",20,14,227,261,39,14,30,23,34,14,7,48,18
Roscommon-Galway,2ae19629-19b2-13a3-e055-000000000001,"Loughglinn, Roscommon",60,27,568,655,31,29,51,50,68,18,18,120,183
Roscommon-Galway,2ae19629-19bc-13a3-e055-000000000001,"Moore, Roscommon",29,15,207,251,25,5,27,20,41,10,9,58,12
Roscommon-Galway,2ae19629-19bd-13a3-e055-000000000001,"Mote, Roscommon",98,37,618,753,21,19,33,36,97,27,33,196,156
Roscommon-Galway,2ae19629-19be-13a3-e055-000000000001,"Oakport, Roscommon",39,24,324,387,5,2,15,25,40,14,19,144,60
Roscommon-Galway,2ae19629-19bf-13a3-e055-000000000001,"Ogulla, Roscommon",25,24,271,320,16,6,20,20,35,9,8,72,85
Roscommon-Galway,2ae19629-19c9-13a3-e055-000000000001,"Rockhill, Roscommon",39,12,287,338,14,6,21,16,32,7,9,106,76
Roscommon-Galway,2ae19629-19ca-13a3-e055-000000000001,"Rockingham, Roscommon",23,13,248,284,9,8,22,20,33,10,12,83,51
Roscommon-Galway,2ae19629-19cb-13a3-e055-000000000001,"Roosky, Roscommon",53,61,540,654,23,25,48,38,62,23,18,129,174
Roscommon-Galway,2ae19629-19d4-13a3-e055-000000000001,"Roscommon Rural, Roscommon",463,374,3434,4271,102,68,212,221,495,153,138,1064,981
Roscommon-Galway,2ae19629-19d5-13a3-e055-000000000001,"Roscommon Urban, Roscommon",123,193,1268,1584,57,37,86,96,171,72,61,306,382
Roscommon-Galway,2ae19629-19d6-13a3-e055-000000000001,"Rosmoylan, Roscommon",15,11,152,178,7,5,6,13,19,11,6,49,36
Roscommon-Galway,2ae19629-19d7-13a3-e055-000000000001,"Rossmore, Roscommon",14,3,120,137,4,2,22,4,14,4,6,17,47
Roscommon-Galway,2ae19629-19e0-13a3-e055-000000000001,"Rushfield, Roscommon",34,10,284,328,12,17,22,16,44,22,21,90,40
Roscommon-Galway,2ae19629-19e1-13a3-e055-000000000001,"Scregg, Roscommon",47,21,358,426,14,8,25,23,43,16,17,126,86
Roscommon-Galway,2ae19629-19e2-13a3-e055-000000000001,"Strokestown, Roscommon",74,68,856,998,36,26,83,57,118,35,23,240,238
Roscommon-Galway,2ae19629-19e9-13a3-e055-000000000001,"Taghboy, Roscommon",35,14,348,397,31,15,32,23,48,11,15,86,87
Roscommon-Galway,2ae19629-19ea-13a3-e055-000000000001,"Taghmaconnell, Roscommon",31,9,200,240,15,10,23,19,32,3,4,63,31
Roscommon-Galway,2ae19629-19eb-13a3-e055-000000000001,"Termonbarry, Roscommon",72,53,643,768,22,21,37,46,74,20,32,231,160
Roscommon-Galway,2ae19629-19ec-13a3-e055-000000000001,"Thomastown, Roscommon",69,22,537,628,15,18,57,46,83,33,29,145,111
Roscommon-Galway,2ae19629-19f6-13a3-e055-000000000001,"Tivannagh, Roscommon",20,9,194,223,8,11,19,20,31,5,4,47,49
Roscommon-Galway,2ae19629-19f7-13a3-e055-000000000001,"Tulsk, Roscommon",26,12,217,255,13,8,22,19,33,7,9,52,54
Roscommon-Galway,2ae19629-19f8-13a3-e055-000000000001,"Tumna North, Roscommon",13,5,126,144,4,6,14,8,14,1,4,40,35
Roscommon-Galway,2ae19629-1a04-13a3-e055-000000000001,"Tumna South, Roscommon",19,8,143,170,7,4,12,9,24,5,10,45,27
Roscommon-Galway,2ae19629-1a05-13a3-e055-000000000001,"Turrock, Roscommon",33,4,228,265,23,5,28,17,33,13,6,67,36
Sligo-Leitrim,2ae19629-1a06-13a3-e055-000000000001,"Achonry East, Sligo",33,9,346,388,14,13,31,29,49,20,21,76,93
Sligo-Leitrim,2ae19629-1a07-13a3-e055-000000000001,"Achonry West, Sligo",66,28,546,640,32,22,46,36,70,28,27,144,141
Sligo-Leitrim,2ae19629-1a10-13a3-e055-000000000001,"Aclare, Sligo",19,11,178,208,20,8,12,10,16,12,6,45,49
Sligo-Leitrim,2ae19629-1a11-13a3-e055-000000000001,"Aghanagh, Sligo",33,9,251,293,10,9,16,20,36,12,19,80,49
Sligo-Leitrim,2ae19629-1a19-13a3-e055-000000000001,"Annagh, Sligo",19,2,139,160,11,5,13,4,17,7,4,45,33
Sligo-Leitrim,2ae19629-1a1a-13a3-e055-000000000001,"Aughris, Sligo",10,6,118,134,5,5,14,8,19,7,1,24,35
Sligo-Leitrim,2ae19629-1a1b-13a3-e055-000000000001,"Ballintogher East, Sligo",63,27,431,521,14,16,34,44,57,29,15,117,105
Sligo-Leitrim,2ae19629-1a26-13a3-e055-000000000001,"Ballintogher West, Sligo",35,16,318,369,10,10,21,27,33,14,12,87,104
Sligo-Leitrim,2ae19629-1a27-13a3-e055-000000000001,"Ballymote, Sligo",153,95,1507,1755,50,49,109,138,238,55,48,401,419
Sligo-Leitrim,2ae19629-1a28-13a3-e055-000000000001,"Ballynakill, Sligo",39,18,313,370,18,10,28,31,55,14,19,70,68
Sligo-Leitrim,2ae19629-1a32-13a3-e055-000000000001,"Ballynashee, Sligo",40,10,257,307,14,6,15,13,38,9,16,71,75
Sligo-Leitrim,2ae19629-1a33-13a3-e055-000000000001,"Ballysadare East, Sligo",95,48,969,1112,28,25,56,92,131,49,51,313,224
Sligo-Leitrim,2ae19629-1a34-13a3-e055-000000000001,"Ballysadare West, Sligo",28,5,266,299,11,8,20,17,35,10,17,79,69
Sligo-Leitrim,2ae19629-1987-13a3-e055-000000000001,"Banada, Sligo",49,13,437,499,24,11,50,25,60,16,13,124,114
Sligo-Leitrim,2ae19629-19b5-13a3-e055-000000000001,"Branchfield/Carrownaskeagh, Sligo",13,4,116,133,4,2,13,14,14,8,4,24,33
Sligo-Leitrim,2ae19629-1989-13a3-e055-000000000001,"Breencorragh, Sligo",5,5,91,101,5,2,11,5,13,1,0,17,37
Sligo-Leitrim,2ae19629-198a-13a3-e055-000000000001,"Bricklieve, Sligo",20,5,153,178,3,8,18,22,22,7,5,23,45
Sligo-Leitrim,2ae19629-19a8-13a3-e055-000000000001,"Buncrowey, Sligo",28,12,214,254,19,5,19,12,27,14,4,49,65
Sligo-Leitrim,2ae19629-19a9-13a3-e055-000000000001,"Calry, Sligo",254,50,1218,1522,34,32,87,71,148,38,54,480,274
Sligo-Leitrim,2ae19629-19aa-13a3-e055-000000000001,"Carney, Sligo",64,24,478,566,9,10,34,29,75,20,32,153,116
Sligo-Leitrim,2ae19629-19b4-13a3-e055-000000000001,"Carrickbanagher, Sligo",69,22,481,572,11,17,53,47,62,20,15,121,135
Sligo-Leitrim,2ae19629-19b6-13a3-e055-000000000001,"Cartron, Sligo",10,3,110,123,13,3,9,7,20,4,5,28,21
Sligo-Leitrim,2ae19629-19c0-13a3-e055-000000000001,"Castleconor East, Sligo",16,6,163,185,8,11,9,9,33,6,5,31,51
Sligo-Leitrim,2ae19629-19c1-13a3-e055-000000000001,"Castleconor West, Sligo",103,25,734,862,27,22,47,48,117,33,33,249,158
Sligo-Leitrim,2ae19629-19cc-13a3-e055-000000000001,"Cliffony North, Sligo",68,23,723,814,22,23,57,60,91,27,26,257,160
Sligo-Leitrim,2ae19629-19cd-13a3-e055-000000000001,"Cliffony South, Sligo",40,16,431,487,7,12,32,32,64,15,16,122,131
Sligo-Leitrim,2ae19629-19ce-13a3-e055-000000000001,"Cloonacool, Sligo",28,11,207,246,6,10,20,10,18,12,10,65,56
Sligo-Leitrim,2ae19629-19d8-13a3-e055-000000000001,"Cloonoghill, Sligo",20,6,213,239,12,9,17,17,32,4,11,58,53
Sligo-Leitrim,2ae19629-19d9-13a3-e055-000000000001,"Collooney, Sligo",268,218,1936,2422,54,59,123,139,245,100,85,684,447
Sligo-Leitrim,2ae19629-19e3-13a3-e055-000000000001,"Coolaney, Sligo",113,79,920,1112,21,31,59,78,108,45,64,331,183
Sligo-Leitrim,2ae19629-19e4-13a3-e055-000000000001,"Coolavin, Sligo",48,19,323,390,17,12,32,26,48,11,15,88,74
Sligo-Leitrim,2ae19629-19ed-13a3-e055-000000000001,"Cuilmore, Sligo",43,19,387,449,24,29,36,38,47,14,12,89,98
Sligo-Leitrim,2ae19629-19ee-13a3-e055-000000000001,"Dromard East, Sligo",9,4,132,145,4,6,10,10,16,6,4,37,39
Sligo-Leitrim,2ae19629-19ef-13a3-e055-000000000001,"Dromard West, Sligo",18,2,139,159,8,6,7,14,17,9,10,40,28
Sligo-Leitrim,2ae19629-19f9-13a3-e055-000000000001,"Dromore, Sligo",56,15,354,425,16,13,36,23,55,14,19,86,92
Sligo-Leitrim,2ae19629-19fa-13a3-e055-000000000001,"Drumcliff East, Sligo",58,21,562,641,25,9,28,38,70,25,30,223,114
Sligo-Leitrim,2ae19629-1a08-13a3-e055-000000000001,"Drumcliff West, Sligo",151,64,1288,1503,28,20,66,68,155,51,62,608,230
Sligo-Leitrim,2ae19629-1a09-13a3-e055-000000000001,"Drumcolumb, Sligo",31,4,204,239,6,9,23,21,27,6,10,48,54
Sligo-Leitrim,2ae19629-1a0a-13a3-e055-000000000001,"Drumfin, Sligo",32,11,286,329,5,9,21,21,52,12,13,84,69
Sligo-Leitrim,2ae19629-1a12-13a3-e055-000000000001,"Drumrat, Sligo",58,20,361,439,11,18,40,34,48,9,15,75,111
Sligo-Leitrim,2ae19629-1a13-13a3-e055-000000000001,"Easky East, Sligo",57,20,435,512,35,15,38,30,59,15,13,105,125
Sligo-Leitrim,2ae19629-1a1c-13a3-e055-000000000001,"Easky West, Sligo",37,30,489,556,32,17,30,46,72,13,21,130,128
Sligo-Leitrim,2ae19629-1a1d-13a3-e055-000000000001,"Glencar, Sligo",26,7,168,201,1,5,7,12,17,4,5,76,41
Sligo-Leitrim,2ae19629-1a1e-13a3-e055-000000000001,"Glendarragh, Sligo",15,6,154,175,6,3,15,9,22,7,3,33,56
Sligo-Leitrim,2ae19629-1a1f-13a3-e055-000000000001,"Kilfree, Sligo",33,17,381,431,21,19,41,29,61,13,14,96,87
Sligo-Leitrim,2ae19629-1a29-13a3-e055-000000000001,"Kilglass, Sligo",107,74,1235,1416,57,31,80,99,199,61,43,345,320
Sligo-Leitrim,2ae19629-1a2a-13a3-e055-000000000001,"Killadoon, Sligo",29,2,207,238,9,7,17,13,33,8,8,60,52
Sligo-Leitrim,2ae19629-1a35-13a3-e055-000000000001,"Killaraght, Sligo",22,13,323,358,16,17,33,18,49,12,7,78,93
Sligo-Leitrim,2ae19629-1a36-13a3-e055-000000000001,"Kilmacowen, Sligo",203,91,1596,1890,49,42,99,97,208,80,80,558,383
Sligo-Leitrim,2ae19629-198b-13a3-e055-000000000001,"Kilmacteige, Sligo",18,15,159,192,12,3,11,11,22,9,7,48,36
Sligo-Leitrim,2ae19629-198c-13a3-e055-000000000001,"Kilmactranny, Sligo",35,13,247,295,17,8,17,24,38,8,13,70,52
Sligo-Leitrim,2ae19629-1993-13a3-e055-000000000001,"Kilshalvy, Sligo",16,12,205,233,11,8,19,13,13,6,9,52,74
Sligo-Leitrim,2ae19629-1994-13a3-e055-000000000001,"Kilturra, Sligo",24,10,149,183,8,10,20,9,16,6,4,43,33
Sligo-Leitrim,2ae19629-199d-13a3-e055-000000000001,"Knockaree, Sligo",335,164,2771,3270,47,50,162,151,304,88,126,1215,628
Sligo-Leitrim,2ae19629-199e-13a3-e055-000000000001,"Lakeview, Sligo",41,23,328,392,17,13,36,28,38,18,11,91,76
Sligo-Leitrim,2ae19629-1995-13a3-e055-000000000001,"Leitrim, Sligo",37,10,254,301,12,12,21,22,31,7,7,69,73
Sligo-Leitrim,2ae19629-1996-13a3-e055-000000000001,"Lisconny, Sligo",41,16,260,317,8,12,22,19,38,4,5,73,79
Sligo-Leitrim,2ae19629-1997-13a3-e055-000000000001,"Lissadill East, Sligo",84,41,531,656,7,13,40,29,62,22,30,222,106
Sligo-Leitrim,2ae19629-199f-13a3-e055-000000000001,"Lissadill North, Sligo",162,67,955,1184,22,24,68,64,120,45,39,350,223
Sligo-Leitrim,2ae19629-19a0-13a3-e055-000000000001,"Lissadill West, Sligo",41,22,446,509,16,21,31,34,53,21,23,140,107
Sligo-Leitrim,759f966a-c2c8-4bea-a71d-5e9c2d452553,"Loughil, Sligo",3,0,56,59,2,1,2,9,5,2,4,21,10
Sligo-Leitrim,2ae19629-19ad-13a3-e055-000000000001,"Owenmore, Sligo",9,3,75,87,7,5,7,8,11,2,4,11,20
Sligo-Leitrim,2ae19629-19b7-13a3-e055-000000000001,"Rathmacurkey, Sligo",60,16,402,478,33,18,34,37,68,16,11,80,105
Sligo-Leitrim,2ae19629-19b8-13a3-e055-000000000001,"Riverstown, Sligo",74,26,493,593,13,18,43,43,66,21,20,134,135
Sligo-Leitrim,2ae19629-19b9-13a3-e055-000000000001,"Rossinver East, Sligo",11,4,137,152,7,7,14,14,13,8,7,36,31
Sligo-Leitrim,2ae19629-19c2-13a3-e055-000000000001,"Rossinver West, Sligo",28,5,160,193,3,2,9,11,21,7,4,57,46
Sligo-Leitrim,2ae19629-19c3-13a3-e055-000000000001,"Shancough, Sligo",12,7,92,111,6,3,10,9,12,5,4,23,20
Sligo-Leitrim,2ae19629-19c4-13a3-e055-000000000001,"Skreen, Sligo",10,3,122,135,6,1,8,9,22,7,2,45,22
Sligo-Leitrim,2ae19629-19fc-13a3-e055-000000000001,"Sligo East, Sligo",328,283,3587,4198,159,123,264,237,398,174,131,924,1177
Sligo-Leitrim,2ae19629-19fb-13a3-e055-000000000001,"Sligo North, Sligo",1244,487,3581,5312,171,114,215,183,351,123,112,846,1466
Sligo-Leitrim,2ae19629-19c5-13a3-e055-000000000001,"Sligo West, Sligo",571,510,5293,6374,189,153,307,340,598,232,227,1778,1469
Sligo-Leitrim,2ae19629-19cf-13a3-e055-000000000001,"Streamstown, Sligo",31,9,179,219,10,9,19,8,23,9,13,51,37
Sligo-Leitrim,2ae19629-19d0-13a3-e055-000000000001,"Temple, Sligo",33,23,240,296,4,7,20,22,43,9,15,66,54
Sligo-Leitrim,2ae19629-19da-13a3-e055-000000000001,"Templeboy North, Sligo",34,3,219,256,8,11,18,19,20,9,6,54,74
Sligo-Leitrim,2ae19629-19db-13a3-e055-000000000001,"Templeboy South/Mullagheruse, Sligo",12,7,180,199,15,6,7,16,27,5,6,42,56
Sligo-Leitrim,2ae19629-19e5-13a3-e055-000000000001,"Templevanny, Sligo",20,8,165,193,9,7,8,20,20,7,10,49,35
Sligo-Leitrim,2ae19629-19e6-13a3-e055-000000000001,"Tobercurry, Sligo",274,185,1967,2426,57,46,159,119,245,76,101,546,618
Sligo-Leitrim,2ae19629-19f0-13a3-e055-000000000001,"Toberpatrick East, Sligo",20,3,181,204,11,6,8,9,29,9,11,59,39
Sligo-Leitrim,2ae19629-19f1-13a3-e055-000000000001,"Toberpatrick West, Sligo",32,9,220,261,13,11,12,13,33,4,7,75,52
Sligo-Leitrim,2ae19629-19f2-13a3-e055-000000000001,"Toomour, Sligo",18,7,155,180,8,5,13,15,18,0,13,31,52
Cavan-Monaghan,2ae19629-1e0f-13a3-e055-000000000001,"Ardue, Cavan",69,38,596,703,25,30,62,58,75,34,23,158,131
Cavan-Monaghan,2ae19629-1e1a-13a3-e055-000000000001,"Arvagh, Cavan",84,45,651,780,33,25,55,50,95,28,37,155,173
Cavan-Monaghan,2ae19629-1e1b-13a3-e055-000000000001,"Ashfield, Cavan",35,15,267,317,10,10,18,18,26,12,21,78,74
Cavan-Monaghan,2ae19629-1c98-13a3-e055-000000000001,"Bailieborough, Cavan",299,205,2829,3333,144,97,217,232,329,119,126,503,1062
Cavan-Monaghan,2ae19629-1c99-13a3-e055-000000000001,"Ballintemple, Cavan",39,16,297,352,17,9,28,24,36,12,29,63,79
Cavan-Monaghan,2ae19629-1cd8-13a3-e055-000000000001,"Ballyconnell, Cavan",129,172,1153,1454,59,65,94,81,160,60,58,277,299
Cavan-Monaghan,2ae19629-1cd9-13a3-e055-000000000001,"Ballyhaise, Cavan",94,60,739,893,58,23,56,63,112,35,44,226,122
Cavan-Monaghan,2ae19629-1cf1-13a3-e055-000000000001,"Ballyjamesduff, Cavan",330,275,2173,2778,102,76,162,182,321,109,98,392,731
Cavan-Monaghan,2ae19629-1cf2-13a3-e055-000000000001,"Ballymachugh, Cavan",80,51,558,689,30,22,47,30,77,23,25,136,168
Cavan-Monaghan,2ae19629-1d13-13a3-e055-000000000001,"Ballymagauran, Cavan",16,3,189,208,10,11,24,20,37,12,10,39,26
Cavan-Monaghan,2ae19629-1d14-13a3-e055-000000000001,"Bawnboy, Cavan",50,29,422,501,29,15,46,29,69,16,20,120,78
Cavan-Monaghan,2ae19629-1d32-13a3-e055-000000000001,"Bellananagh, Cavan",127,99,1029,1255,59,32,89,72,121,56,48,253,299
Cavan-Monaghan,2ae19629-1d33-13a3-e055-000000000001,"Belturbet, Cavan",99,106,1222,1427,84,66,130,110,152,72,59,302,247
Cavan-Monaghan,2ae19629-1d51-13a3-e055-000000000001,"Bilberry, Cavan",15,9,142,166,13,2,10,9,19,6,7,29,47
Cavan-Monaghan,2ae19629-1d52-13a3-e055-000000000001,"Bruce Hall, Cavan",17,5,138,160,11,6,15,6,23,9,10,32,26
Cavan-Monaghan,2ae19629-1d53-13a3-e055-000000000001,"Butler's Bridge, Cavan",39,16,342,397,15,20,27,21,45,13,19,113,69
Cavan-Monaghan,2ae19629-1d54-13a3-e055-000000000001,"Canningstown, Cavan",41,25,384,450,25,15,46,26,40,21,26,65,120
Cavan-Monaghan,2ae19629-1d72-13a3-e055-000000000001,"Carn, Cavan",12,10,161,183,11,2,21,13,23,5,8,38,40
Cavan-Monaghan,2ae19629-1d73-13a3-e055-000000000001,"Carnagarve, Cavan",47,24,435,506,43,18,40,43,59,22,19,91,100
Cavan-Monaghan,2ae19629-1d74-13a3-e055-000000000001,"Carrafin, Cavan",37,12,296,345,30,11,17,24,39,17,10,116,32
Cavan-Monaghan,2ae19629-1d8f-13a3-e055-000000000001,"Castlerahan, Cavan",77,45,603,725,31,22,59,42,89,25,32,133,170
Cavan-Monaghan,2ae19629-1d90-13a3-e055-000000000001,"Castlesaunderson, Cavan",23,8,214,245,14,7,24,19,27,10,9,52,52
Cavan-Monaghan,2ae19629-1da9-13a3-e055-000000000001,"Cavan Rural, Cavan",636,787,5091,6514,194,149,230,301,574,246,312,1703,1382
Cavan-Monaghan,2ae19629-1daa-13a3-e055-000000000001,"Cavan Urban, Cavan",271,437,2365,3073,192,74,192,166,281,86,88,438,848
Cavan-Monaghan,2ae19629-1dab-13a3-e055-000000000001,"Clonervy, Cavan",80,27,619,726,25,19,49,51,90,26,31,169,159
Cavan-Monaghan,2ae19629-1dac-13a3-e055-000000000001,"Cootehill Rural, Cavan",80,39,759,878,43,36,62,61,100,37,40,169,211
Cavan-Monaghan,2ae19629-1dbf-13a3-e055-000000000001,"Cootehill Urban, Cavan",82,124,1162,1368,78,54,122,95,162,53,54,214,330
Cavan-Monaghan,2ae19629-1dc0-13a3-e055-000000000001,"Corr, Cavan",19,10,193,222,12,9,18,16,22,9,10,32,65
Cavan-Monaghan,2ae19629-1dc1-13a3-e055-000000000001,"Corraneary, Cavan",31,17,323,371,25,15,34,19,58,15,12,72,73
Cavan-Monaghan,2ae19629-1dd9-13a3-e055-000000000001,"Crossbane, Cavan",44,27,452,523,23,16,50,27,71,19,22,120,104
Cavan-Monaghan,2ae19629-1dda-13a3-e055-000000000001,"Crossdoney, Cavan",53,37,402,492,26,16,29,23,53,24,19,109,103
Cavan-Monaghan,2ae19629-1df9-13a3-e055-000000000001,"Crosskeys, Cavan",58,34,491,583,34,25,41,47,68,25,22,103,126
Cavan-Monaghan,2ae19629-1dfa-13a3-e055-000000000001,"Cuttragh, Cavan",41,20,282,343,17,13,22,23,40,9,14,62,82
Cavan-Monaghan,2ae19629-1dfb-13a3-e055-000000000001,"Denn, Cavan",63,40,471,574,35,30,37,39,51,17,23,101,138
Cavan-Monaghan,2ae19629-1e10-13a3-e055-000000000001,"Derrin, Cavan",43,21,303,367,24,15,19,17,43,15,15,75,80
Cavan-Monaghan,2ae19629-1e11-13a3-e055-000000000001,"Derrylahan, Cavan",11,1,77,89,5,6,11,5,3,1,3,16,27
Cavan-Monaghan,2ae19629-1e1c-13a3-e055-000000000001,"Diamond, Cavan",7,1,119,127,8,9,12,7,14,5,6,29,29
Cavan-Monaghan,2ae19629-1e1d-13a3-e055-000000000001,"Doogary, Cavan",10,3,103,116,7,5,16,8,13,4,4,23,23
Cavan-Monaghan,2ae19629-1e1e-13a3-e055-000000000001,"Dowra, Cavan",11,7,122,140,9,3,7,10,11,7,4,29,42
Cavan-Monaghan,2ae19629-1c9a-13a3-e055-000000000001,"Drumanespick, Cavan",48,19,304,371,19,15,27,25,52,17,12,63,74
Cavan-Monaghan,2ae19629-1c9b-13a3-e055-000000000001,"Drumcarban, Cavan",62,19,413,494,21,17,35,35,62,21,19,90,113
Cavan-Monaghan,2ae19629-1ca9-13a3-e055-000000000001,"Drumcarn, Cavan",34,22,362,418,27,7,39,28,48,19,20,77,97
Cavan-Monaghan,2ae19629-1caa-13a3-e055-000000000001,"Drumlumman, Cavan",53,31,417,501,33,23,33,21,54,22,24,107,100
Cavan-Monaghan,2ae19629-1cab-13a3-e055-000000000001,"Drung, Cavan",44,18,377,439,32,19,32,28,27,12,23,73,131
Cavan-Monaghan,f91caa0f-0c2d-4ce7-a5b0-7a5ac354cb4f,"Dunmakeever/Benbrack/Derrynananta, Cavan",14,5,166,185,18,6,18,4,20,8,5,38,49
Cavan-Monaghan,2ae19629-1cba-13a3-e055-000000000001,"Enniskeen, Cavan",35,17,314,366,17,11,30,19,44,16,13,66,98
Cavan-Monaghan,2ae19629-1cbb-13a3-e055-000000000001,"Eskey, Cavan",24,29,226,279,14,9,22,21,24,7,8,47,74
Cavan-Monaghan,2ae19629-1cac-13a3-e055-000000000001,"Graddum, Cavan",52,29,387,468,26,23,22,30,45,18,14,102,107
Cavan-Monaghan,2ae19629-1cad-13a3-e055-000000000001,"Grilly, Cavan",39,10,359,408,57,13,41,10,50,21,17,110,40
Cavan-Monaghan,2ae19629-1cbc-13a3-e055-000000000001,"Kilbride, Cavan",95,39,660,794,38,37,63,42,78,39,21,168,174
Cavan-Monaghan,2ae19629-1cbd-13a3-e055-000000000001,"Kilcogy, Cavan",43,30,278,351,34,9,18,19,40,10,16,62,70
Cavan-Monaghan,2ae19629-1cda-13a3-e055-000000000001,"Kilconny, Cavan",62,19,421,502,27,23,39,32,49,28,23,139,61
Cavan-Monaghan,2ae19629-1cdb-13a3-e055-000000000001,"Kilgolagh, Cavan",24,17,228,269,17,12,27,20,26,7,17,39,63
Cavan-Monaghan,2ae19629-1cdc-13a3-e055-000000000001,"Kill, Cavan",44,21,248,313,29,10,25,19,22,11,16,62,54
Cavan-Monaghan,2ae19629-1cf3-13a3-e055-000000000001,"Killashandra, Cavan",81,53,778,912,66,31,83,61,90,34,43,158,212
Cavan-Monaghan,06698531-f7f7-4058-a15f-7d455ef0dd94,"Killinagh/Teebane, Cavan",13,8,93,114,5,4,10,10,16,1,1,25,21
Cavan-Monaghan,2ae19629-1cf5-13a3-e055-000000000001,"Killinkere, Cavan",54,20,332,406,11,8,27,24,42,14,18,103,85
Cavan-Monaghan,2ae19629-1d15-13a3-e055-000000000001,"Killykeen, Cavan",69,21,430,520,28,15,40,19,52,30,20,110,116
Cavan-Monaghan,2ae19629-1d16-13a3-e055-000000000001,"Kilnaleck, Cavan",97,68,780,945,45,33,62,65,105,46,31,177,216
Cavan-Monaghan,2ae19629-1d35-13a3-e055-000000000001,"Kinawley, Cavan",7,2,80,89,2,6,12,1,7,5,2,18,27
Cavan-Monaghan,2ae19629-1d36-13a3-e055-000000000001,"Kingscourt, Cavan",327,220,2236,2783,93,83,196,156,269,106,99,522,712
Cavan-Monaghan,2ae19629-1d55-13a3-e055-000000000001,"Knappagh, Cavan",40,12,320,372,25,16,30,22,45,12,20,92,58
Cavan-Monaghan,2ae19629-1d56-13a3-e055-000000000001,"Larah North, Cavan",50,25,312,387,19,10,30,16,48,16,21,69,83
Cavan-Monaghan,2ae19629-1d75-13a3-e055-000000000001,"Larah South, Cavan",36,24,330,390,29,19,33,24,45,14,17,74,75
Cavan-Monaghan,2ae19629-1d76-13a3-e055-000000000001,"Lisagoan, Cavan",33,16,270,319,26,21,26,23,32,15,6,62,59
Cavan-Monaghan,2ae19629-1d77-13a3-e055-000000000001,"Lissanover, Cavan",32,9,189,230,9,14,19,17,21,7,10,48,44
Cavan-Monaghan,2ae19629-1d91-13a3-e055-000000000001,"Loughdawan, Cavan",25,8,233,266,20,8,19,15,36,11,8,48,68
Cavan-Monaghan,2ae19629-1d92-13a3-e055-000000000001,"Lurgan, Cavan",53,24,415,492,10,18,24,23,59,22,16,99,144
Cavan-Monaghan,2ae19629-1d93-13a3-e055-000000000001,"Milltown, Cavan",37,15,276,328,21,12,30,14,52,9,15,50,73
Cavan-Monaghan,2ae19629-1dad-13a3-e055-000000000001,"Moynehall, Cavan",158,102,1126,1386,58,44,99,70,148,50,55,309,293
Cavan-Monaghan,2ae19629-1dae-13a3-e055-000000000001,"Mullagh, Cavan",264,134,1526,1924,84,50,148,136,211,80,72,360,385
Cavan-Monaghan,2ae19629-1dc2-13a3-e055-000000000001,"Munterconnaught, Cavan",127,30,761,918,39,30,55,58,113,31,36,236,163
Cavan-Monaghan,2ae19629-1c9d-13a3-e055-000000000001,"Pedara Vohers/Tircahan, Cavan",13,4,141,158,8,5,12,6,21,5,8,24,52
Cavan-Monaghan,2ae19629-1dc4-13a3-e055-000000000001,"Rakenny, Cavan",26,17,320,363,28,19,35,22,38,9,18,49,102
Cavan-Monaghan,2ae19629-1ddb-13a3-e055-000000000001,"Redhill, Cavan",24,14,320,358,20,18,28,26,48,13,21,67,79
Cavan-Monaghan,2ae19629-1ddc-13a3-e055-000000000001,"Scrabby, Cavan",65,30,451,546,24,19,35,25,70,22,33,112,111
Cavan-Monaghan,2ae19629-1ddd-13a3-e055-000000000001,"Shercock, Cavan",77,84,838,999,51,28,72,45,113,41,38,208,242
Cavan-Monaghan,2ae19629-1dfc-13a3-e055-000000000001,"Skeagh, Cavan",47,21,283,351,20,14,27,22,38,14,20,66,62
Cavan-Monaghan,2ae19629-1dfd-13a3-e055-000000000001,"Springfield, Cavan",10,7,135,152,11,4,14,7,20,6,8,27,38
Cavan-Monaghan,2ae19629-1e13-13a3-e055-000000000001,"Stradone, Cavan",70,32,551,653,32,22,51,26,77,24,27,163,129
Cavan-Monaghan,2ae19629-1e14-13a3-e055-000000000001,"Swanlinbar, Cavan",20,13,282,315,15,13,30,15,33,11,14,58,93
Cavan-Monaghan,2ae19629-1e1f-13a3-e055-000000000001,"Taghart, Cavan",45,28,432,505,17,16,39,25,54,17,16,91,157
Cavan-Monaghan,2ae19629-1e21-13a3-e055-000000000001,"Templeport, Cavan",12,12,209,233,14,9,23,14,30,7,9,29,74
Cavan-Monaghan,2ae19629-1c9c-13a3-e055-000000000001,"Termon, Cavan",44,20,385,449,16,16,26,33,55,14,14,100,111
Cavan-Monaghan,2ae19629-1c9e-13a3-e055-000000000001,"Tuam, Cavan",17,7,266,290,13,12,21,18,37,9,10,74,72
Cavan-Monaghan,2ae19629-1cae-13a3-e055-000000000001,"Tullyvin East, Cavan",36,17,341,394,19,11,15,24,43,17,17,87,108
Cavan-Monaghan,2ae19629-1caf-13a3-e055-000000000001,"Tullyvin West, Cavan",18,12,220,250,15,6,13,15,29,15,12,69,46
Cavan-Monaghan,2ae19629-1faf-13a3-e055-000000000001,"Virginia, Cavan",450,319,3235,4004,117,102,228,277,415,162,166,966,802
Cavan-Monaghan,2ae19629-1fb0-13a3-e055-000000000001,"Waterloo, Cavan",76,14,530,620,30,34,40,36,68,18,37,111,156
Donegal,2ae19629-21c1-13a3-e055-000000000001,"Allt na Péiste, Dún na nGall",41,10,282,333,35,16,30,23,36,14,6,45,77
Donegal,2ae19629-21c2-13a3-e055-000000000001,"Anagaire, Dún na nGall",173,56,1638,1867,114,66,197,111,190,60,49,354,497
Donegal,2ae19629-21c3-13a3-e055-000000000001,"Árainn Mhór, Dún na nGall",35,10,380,425,39,15,31,22,43,6,11,60,153
Donegal,2ae19629-21cc-13a3-e055-000000000001,"Ard an Rátha, Dún na nGall",128,50,880,1058,73,35,92,79,96,33,53,231,188
Donegal,2ae19629-21cd-13a3-e055-000000000001,"Ardmalin, Donegal",61,22,446,529,43,31,41,31,55,20,18,98,109
Donegal,2ae19629-21ce-13a3-e055-000000000001,"Ards, Donegal",59,19,602,680,55,21,52,35,67,21,23,181,147
Sligo-Leitrim,2ae19629-21cf-13a3-e055-000000000001,"Ballintra, Donegal, 057007",48,30,514,592,37,25,48,35,65,18,19,110,157
Sligo-Leitrim,2ae19629-21d0-13a3-e055-000000000001,"Ballintra, Donegal, 057008",60,29,526,615,47,29,39,32,59,15,16,152,137
Donegal,2ae19629-21da-13a3-e055-000000000001,"Ballyarr, Donegal",61,18,510,589,61,19,52,40,68,19,24,138,89
Donegal,2ae19629-21d1-13a3-e055-000000000001,"Ballyliffin, Donegal",143,30,1004,1177,100,73,92,64,88,32,40,248,267
Donegal,2ae19629-21db-13a3-e055-000000000001,"Ballymacool, Donegal",243,173,1654,2070,63,45,95,114,179,73,80,562,443
Sligo-Leitrim,2ae19629-21e5-13a3-e055-000000000001,"Ballyshannon Rural, Donegal",137,65,1147,1349,41,48,98,92,163,39,45,372,249
Sligo-Leitrim,2ae19629-21dc-13a3-e055-000000000001,"Ballyshannon Urban, Donegal",118,67,1290,1475,84,65,109,136,143,53,42,277,381
Donegal,2ae19629-21e6-13a3-e055-000000000001,"An Bhinn Bhán, Dún na nGall",8,5,126,139,29,8,16,11,17,1,4,32,8
Donegal,2ae19629-21ee-13a3-e055-000000000001,"Birdstown, Donegal",106,39,845,990,50,70,104,44,75,29,25,186,262
Donegal,2ae19629-21ef-13a3-e055-000000000001,"Bonnyglen, Donegal",35,12,267,314,32,23,17,23,25,12,13,70,52
Donegal,2ae19629-21f7-13a3-e055-000000000001,"Buncrana Rural, Donegal",362,158,2499,3019,173,176,209,209,256,101,106,615,654
Donegal,2ae19629-21f8-13a3-e055-000000000001,"Buncrana Urban, Donegal",245,149,2299,2693,158,164,229,163,238,91,88,547,621
Sligo-Leitrim,2ae19629-2106-13a3-e055-000000000001,"Bundoran Rural, Donegal",84,60,800,944,14,21,61,60,107,49,47,249,192
Sligo-Leitrim,2ae19629-2107-13a3-e055-000000000001,"Bundoran Urban, Donegal",161,195,1369,1725,58,49,141,116,211,53,54,369,318
Donegal,2ae19629-2112-13a3-e055-000000000001,"Burt, Donegal",116,48,928,1092,81,68,104,75,87,32,47,196,238
Donegal,2ae19629-2113-13a3-e055-000000000001,"Carndonagh, Donegal",221,104,1597,1922,116,124,153,112,154,82,69,400,387
Donegal,2ae19629-2060-13a3-e055-000000000001,"Carraig Airt, Dún na nGall",73,28,674,775,52,31,51,54,86,20,26,147,207
Sligo-Leitrim,2ae19629-2061-13a3-e055-000000000001,"Carrickboy, Donegal",25,12,291,328,13,8,18,25,54,14,15,88,56
Donegal,2ae19629-206a-13a3-e055-000000000001,"An Cheathrú Chaol, Dún na nGall",60,27,633,720,49,21,57,54,66,19,26,144,197
Donegal,2ae19629-206b-13a3-e055-000000000001,"Carthage, Donegal",82,22,629,733,72,63,60,50,44,12,16,98,214
Donegal,2ae19629-206c-13a3-e055-000000000001,"Castlecary, Donegal",78,23,454,555,35,27,38,28,46,10,17,131,122
Donegal,2ae19629-2077-13a3-e055-000000000001,"Castlefinn, Donegal",101,42,856,999,96,60,103,63,79,33,25,151,246
Donegal,2ae19629-2078-13a3-e055-000000000001,"Castleforward, Donegal",119,40,864,1023,92,60,84,64,108,33,25,211,187
Donegal,2ae19629-2081-13a3-e055-000000000001,"Castlewray, Donegal",359,80,2493,2932,77,68,143,189,306,113,124,1099,374
Sligo-Leitrim,2ae19629-2082-13a3-e055-000000000001,"Cavangarden, Donegal",48,11,290,349,22,23,27,15,37,14,11,54,87
Donegal,2ae19629-2083-13a3-e055-000000000001,"Mín an Lábáin, Dún na nGall",49,14,234,297,17,12,21,16,29,9,10,66,54
Sligo-Leitrim,2ae19629-208f-13a3-e055-000000000001,"Cliff, Donegal",23,8,164,195,6,7,20,14,22,10,5,50,30
Donegal,2ae19629-2090-13a3-e055-000000000001,"An Clochán, Dún na nGall",95,28,626,749,64,29,65,63,92,32,22,125,134
Donegal,2ae19629-2091-13a3-e055-000000000001,"Cloghard, Donegal",58,18,446,522,47,31,45,37,48,15,8,73,142
Donegal,2ae19629-2092-13a3-e055-000000000001,"Clogher, Donegal",97,19,596,712,28,28,66,59,83,24,21,178,109
Donegal,2ae19629-209a-13a3-e055-000000000001,"Clonleigh North, Donegal",122,62,978,1162,110,67,106,87,108,39,22,129,310
Donegal,2ae19629-209b-13a3-e055-000000000001,"Clonleigh South, Donegal",123,119,1468,1710,155,89,193,150,133,50,44,213,441
Donegal,2ae19629-20a8-13a3-e055-000000000001,"Convoy, Donegal",174,119,1757,2050,137,99,177,177,199,61,57,340,510
Donegal,2ae19629-20a9-13a3-e055-000000000001,"Corkermore, Donegal",20,11,245,276,21,22,20,25,32,10,11,36,68
Donegal,2ae19629-20b3-13a3-e055-000000000001,"Corravaddy, Donegal",171,93,1046,1310,45,38,63,76,121,30,52,371,250
Donegal,2ae19629-20b4-13a3-e055-000000000001,"Creamhghort, Dún na nGall",56,11,438,505,46,29,53,43,43,13,14,107,90
Donegal,2ae19629-20b5-13a3-e055-000000000001,"Críoch na Sméar, Dún na nGall",23,8,219,250,19,8,19,17,24,4,8,43,77
Donegal,2ae19629-20c1-13a3-e055-000000000001,"An Craoslach, Dún na nGall",46,21,570,637,53,23,39,51,64,15,19,136,170
Donegal,2ae19629-20c2-13a3-e055-000000000001,"Na Croisbhealaí, Dún na nGall",144,77,1525,1746,141,92,152,101,143,32,57,349,458
Donegal,2ae19629-20c3-13a3-e055-000000000001,"Cró Bheithe, Dún na nGall",7,6,121,134,20,9,13,10,11,2,2,23,31
Donegal,2ae19629-20c4-13a3-e055-000000000001,"Cró Chaorach, Dún na nGall",6,5,81,92,7,10,11,7,8,4,0,14,20
Donegal,2ae19629-20ce-13a3-e055-000000000001,"Crownarad, Donegal",30,4,254,288,19,15,24,8,38,14,12,55,69
Donegal,2ae19629-20cf-13a3-e055-000000000001,"Culdaff, Donegal",72,28,692,792,51,47,75,48,85,25,28,167,166
Donegal,2ae19629-20d0-13a3-e055-000000000001,"Dawros, Donegal",43,15,553,611,45,28,43,39,70,23,31,136,138
Donegal,2ae19629-20d1-13a3-e055-000000000001,"Desertegny, Donegal",73,22,480,575,58,45,45,42,41,10,17,115,107
Donegal,2ae19629-20d9-13a3-e055-000000000001,"Caisleán na dTuath, Dún na nGall",16,7,182,205,16,13,11,9,20,8,8,43,54
Donegal,2ae19629-20da-13a3-e055-000000000001,"Donegal, Donegal",275,217,2906,3398,136,103,217,209,350,115,142,859,775
Donegal,2ae19629-20db-13a3-e055-000000000001,"An Dúchoraidh, Dún na nGall",8,2,63,73,1,2,8,4,5,2,1,9,31
Donegal,2ae19629-20e3-13a3-e055-000000000001,"Dooish, Donegal",106,48,765,919,36,38,53,57,111,27,28,215,200
Donegal,2ae19629-20e4-13a3-e055-000000000001,"Dunaff, Donegal",58,22,481,561,47,54,42,49,45,17,13,83,131
Donegal,2ae19629-20e5-13a3-e055-000000000001,"Dún Fionnachaidh, Dún na nGall",71,40,716,827,56,18,47,63,84,26,25,216,181
Donegal,2ae19629-20e6-13a3-e055-000000000001,"An Clochán Liath, Dún na nGall",142,82,1367,1591,137,67,143,91,163,39,42,294,391
Donegal,2ae19629-20e7-13a3-e055-000000000001,"Dunkineely, Donegal",76,23,640,739,54,36,57,52,80,20,22,145,174
Donegal,2ae19629-20e8-13a3-e055-000000000001,"Dún Lúiche, Dún na nGall",47,42,490,579,52,27,38,42,51,16,24,121,119
Donegal,2ae19629-20e9-13a3-e055-000000000001,"Eanymore, Donegal",38,18,392,448,44,27,34,30,54,13,12,102,76
Donegal,2ae19629-20f6-13a3-e055-000000000001,"Edenacarnan, Donegal",152,86,1072,1310,36,29,70,87,119,56,65,369,241
Donegal,2ae19629-20f7-13a3-e055-000000000001,"Fahan, Donegal",138,50,1158,1346,65,86,110,55,86,34,51,286,385
Donegal,2ae19629-20f8-13a3-e055-000000000001,"Fánaid Thuaidh, Dún na nGall",46,14,406,466,36,14,32,36,67,13,23,87,98
Donegal,2ae19629-20f9-13a3-e055-000000000001,"Fánaid Thiar, Dún na nGall",37,5,294,336,54,23,34,45,28,7,13,57,33
Donegal,2ae19629-20fa-13a3-e055-000000000001,"Feddyglass, Donegal",35,10,308,353,24,12,32,21,36,12,7,82,82
Donegal,2ae19629-204b-13a3-e055-000000000001,"Figart, Donegal",76,40,732,848,68,43,75,73,71,20,30,153,199
Donegal,2ae19629-204c-13a3-e055-000000000001,"Baile na Finne, Dún na nGall",31,7,209,247,42,13,22,9,37,16,5,38,27
Donegal,2ae19629-2057-13a3-e055-000000000001,"Gartán, Dún na nGall",18,5,134,157,8,5,15,9,17,2,5,28,45
Donegal,2ae19629-2058-13a3-e055-000000000001,"Glen, Donegal",20,7,192,219,5,4,18,10,23,8,5,45,74
Donegal,2ae19629-2062-13a3-e055-000000000001,"Glenalla, Donegal",44,12,332,388,29,15,26,17,31,14,13,103,84
Donegal,2ae19629-206d-13a3-e055-000000000001,"Gleneely, Donegal, 057073",52,34,562,648,66,54,65,50,47,18,25,109,128
Donegal,2ae19629-206e-13a3-e055-000000000001,"Gleneely, Donegal, 057074",168,64,1092,1324,99,53,95,98,107,43,33,223,341
Donegal,2ae19629-2079-13a3-e055-000000000001,"Gleneganon, Donegal",73,26,492,591,49,42,48,38,41,18,12,114,130
Donegal,2ae19629-206f-13a3-e055-000000000001,"Gleann Gheis, Dún na nGall",50,31,485,566,43,25,56,32,48,17,19,115,130
Donegal,2ae19629-2070-13a3-e055-000000000001,"Gleann Léithín, Dún na nGall",20,4,109,133,11,5,10,9,13,2,5,16,38
Donegal,2ae19629-207a-13a3-e055-000000000001,"Na Gleannta, Dún na nGall",121,53,1025,1199,95,49,85,74,123,38,55,271,235
Donegal,2ae19629-207b-13a3-e055-000000000001,"Glentogher, Donegal",106,58,821,985,82,76,88,62,67,26,20,140,260
Donegal,2ae19629-2084-13a3-e055-000000000001,"Goland, Donegal",43,12,238,293,23,11,23,19,27,8,11,52,64
Donegal,2ae19629-2085-13a3-e055-000000000001,"Gort an Choirce, Dún na nGall",101,67,1196,1364,129,70,118,97,135,28,43,265,311
Donegal,2ae19629-2086-13a3-e055-000000000001,"Gortnavern, Donegal",121,32,845,998,48,22,54,59,91,34,41,283,213
Donegal,2ae19629-2087-13a3-e055-000000000001,"An Ghrafaidh, Dún na nGall",13,6,115,134,17,8,13,9,10,6,6,17,29
Donegal,2ae19629-2088-13a3-e055-000000000001,"Greencastle, Donegal",72,25,765,862,34,31,69,57,75,30,30,242,197
Donegal,2ae19629-2093-13a3-e055-000000000001,"Grianfort, Dún na nGall",21,11,259,291,27,7,22,16,26,8,6,72,75
Donegal,2ae19629-2094-13a3-e055-000000000001,"Grousehall, Donegal",7,2,58,67,5,5,7,7,6,3,1,7,17
Donegal,2ae19629-209c-13a3-e055-000000000001,"Haugh, Donegal",18,6,159,183,18,6,14,9,24,2,6,42,38
Donegal,2ae19629-209d-13a3-e055-000000000001,"Illies, Donegal",82,29,611,722,57,79,63,56,55,14,20,104,163
Donegal,2ae19629-209e-13a3-e055-000000000001,"Inch Island, Donegal",32,12,277,321,24,19,28,18,27,8,11,53,89
Donegal,2ae19629-20aa-13a3-e055-000000000001,"Inis Caoil, Dún na nGall",7,2,67,76,9,2,8,5,9,0,1,14,19
Donegal,2ae19629-20ab-13a3-e055-000000000001,"Inver, Donegal",59,19,554,632,34,41,59,48,68,22,21,131,130
Donegal,2ae19629-20ac-13a3-e055-000000000001,"Cill Charthaigh, Dún na nGall",50,21,486,557,31,28,57,49,63,14,24,103,117
Donegal,2ae19629-20b6-13a3-e055-000000000001,"Kilderry, Donegal",182,82,1440,1704,59,69,181,78,139,44,54,353,463
Donegal,2ae19629-20b7-13a3-e055-000000000001,"Cill Ghabhlaigh, Dún na nGall",16,18,266,300,32,14,29,15,35,5,9,42,85
Donegal,2ae19629-20b8-13a3-e055-000000000001,"Killea, Donegal",147,63,1200,1410,76,55,189,85,133,39,36,248,339
Donegal,2ae19629-20b9-13a3-e055-000000000001,"Killybegs, Donegal",184,106,1627,1917,160,74,147,165,162,52,58,337,472
Donegal,2ae19629-20ba-13a3-e055-000000000001,"Killygarvan, Donegal",4,1,85,90,7,2,8,8,8,3,2,23,24
Donegal,2ae19629-20c5-13a3-e055-000000000001,"Killygordon, Donegal",89,50,773,912,95,54,93,85,99,34,27,185,101
Donegal,2ae19629-20c6-13a3-e055-000000000001,"Killymasny, Donegal",53,17,324,394,40,11,29,23,43,13,15,87,63
Donegal,2ae19629-20c7-13a3-e055-000000000001,"Kilmacrenan, Donegal",150,70,929,1149,67,40,93,62,121,36,40,246,224
Donegal,2ae19629-20d2-13a3-e055-000000000001,"Kincraigy, Donegal",95,37,657,789,60,34,62,49,65,19,32,125,211
Donegal,2ae19629-20d3-13a3-e055-000000000001,"Knock, Donegal",159,83,1212,1454,69,47,101,112,162,48,46,313,314
Donegal,2ae19629-20dc-13a3-e055-000000000001,"Cnoc Colbha, Dún na nGall",25,9,192,226,16,17,15,16,14,6,11,46,51
Donegal,2ae19629-20dd-13a3-e055-000000000001,"Laghy, Donegal",42,25,591,658,48,30,42,49,59,21,24,114,204
Donegal,2ae19629-20ea-13a3-e055-000000000001,"An Leargaidh Mhór, Dún na nGall",38,18,390,446,28,21,43,38,39,15,14,74,118
Donegal,2ae19629-20eb-13a3-e055-000000000001,"Letterkenny Rural, Donegal",1158,949,7488,9595,394,249,462,452,837,282,324,2499,1989
Donegal,2ae19629-20ec-13a3-e055-000000000001,"Letterkenny Urban, Donegal",257,283,1677,2217,59,49,96,95,150,62,52,459,655
Donegal,2ae19629-20fb-13a3-e055-000000000001,"Leitir Mhic an Bhaird, Dún na nGall",38,28,527,593,32,33,55,37,47,19,13,135,156
Donegal,2ae19629-20fc-13a3-e055-000000000001,"Lettermore, Donegal",32,12,253,297,38,10,27,13,30,5,9,48,73
Donegal,2ae19629-20fd-13a3-e055-000000000001,"Loch Iascaigh, Dún na nGall",25,10,272,307,8,12,25,15,39,9,8,95,61
Donegal,2ae19629-20fe-13a3-e055-000000000001,"Loch Caol, Dún na nGall",27,6,216,249,10,16,17,15,21,4,13,52,68
Donegal,2ae19629-2042-13a3-e055-000000000001,"Maas, Donegal",24,9,200,233,10,6,16,12,21,9,7,60,59
Donegal,2ae19629-2043-13a3-e055-000000000001,"Magheraboy, Donegal",188,57,1142,1387,103,58,89,70,127,34,48,311,302
Donegal,2ae19629-2044-13a3-e055-000000000001,"Machaire Chlochair, Dún na nGall",221,128,2012,2361,135,93,167,146,229,72,83,462,625
Donegal,2ae19629-2045-13a3-e055-000000000001,"An Machaire, Dún na nGall",60,20,531,611,47,30,48,51,51,22,20,134,128
Donegal,2ae19629-2064-13a3-e055-000000000001,"Malin, Donegal",69,31,510,610,39,21,35,45,43,27,19,113,168
Donegal,2ae19629-2065-13a3-e055-000000000001,"Málainn Bhig, Dún na nGall",22,9,273,304,25,14,28,18,37,10,13,59,69
Donegal,2ae19629-2066-13a3-e055-000000000001,"Manorcunningham, Donegal",107,75,799,981,54,50,72,58,90,18,30,203,224
Donegal,2ae19629-2067-13a3-e055-000000000001,"Mín an Chladaigh, Dún na nGall",111,62,953,1126,103,50,87,79,80,18,29,228,279
Donegal,2ae19629-2071-13a3-e055-000000000001,"Mín Charraigeach, Dún na nGall",7,6,89,102,12,5,11,9,16,3,5,13,15
Donegal,2ae19629-2072-13a3-e055-000000000001,"Millford, Donegal",128,72,1094,1294,64,39,87,102,137,33,57,269,306
Donegal,2ae19629-2073-13a3-e055-000000000001,"Mintiaghs, Donegal",81,31,563,675,57,64,46,39,37,20,30,96,174
Donegal,2ae19629-207c-13a3-e055-000000000001,"Moville, Donegal",164,78,1612,1854,114,97,150,94,165,55,60,412,465
Donegal,2ae19629-207d-13a3-e055-000000000001,"Maol Mosóg, Dún na nGall",15,4,167,186,19,12,11,15,20,6,9,33,42
Donegal,2ae19629-2089-13a3-e055-000000000001,"Newtown Cunningham, Donegal",95,29,681,805,84,46,78,63,78,22,24,139,147
Donegal,2ae19629-208a-13a3-e055-000000000001,"Pettigoe, Donegal",28,6,280,314,31,16,21,22,35,10,9,43,93
Donegal,2ae19629-2095-13a3-e055-000000000001,"Raphoe, Donegal",112,73,1022,1207,99,76,97,89,96,28,23,164,350
Donegal,2ae19629-2096-13a3-e055-000000000001,"Rathmelton, Donegal",206,89,1750,2045,157,71,165,124,211,66,66,537,353
Donegal,2ae19629-2097-13a3-e055-000000000001,"Rathmullan, Donegal",41,33,708,782,35,25,43,54,93,25,24,205,204
Donegal,2ae19629-209f-13a3-e055-000000000001,"Redcastle, Donegal",88,29,638,755,64,50,73,41,68,27,18,171,126
Donegal,2ae19629-20a0-13a3-e055-000000000001,"Ros Goill, Dún na nGall",51,31,616,698,32,19,57,44,65,29,25,202,143
Donegal,2ae19629-20a1-13a3-e055-000000000001,"Rosnakill, Donegal",21,6,191,218,8,9,22,9,29,8,11,47,48
Donegal,2ae19629-20a2-13a3-e055-000000000001,"Inis Mhic an Doirn, Dún na nGall",117,40,1102,1259,103,77,119,77,114,35,36,235,306
Donegal,2ae19629-20ad-13a3-e055-000000000001,"Suí Corr, Dún na nGall",4,5,66,75,8,4,9,5,11,1,0,16,12
Donegal,2ae19629-20ae-13a3-e055-000000000001,"St. Johnstown, Donegal",99,89,931,1119,70,68,107,89,93,29,21,152,302
Donegal,2ae19629-20bb-13a3-e055-000000000001,"Straid, Donegal",111,40,885,1036,142,94,86,61,66,27,33,158,218
Donegal,2ae19629-20bc-13a3-e055-000000000001,"Stranorlar, Donegal",344,268,3107,3719,214,133,278,290,394,120,133,749,796
Donegal,2ae19629-20c8-13a3-e055-000000000001,"Tantallon, Donegal",135,59,1184,1378,98,53,115,89,123,38,43,326,299
Donegal,2ae19629-20c9-13a3-e055-000000000001,"Tawnawully, Donegal",32,8,239,279,15,13,23,22,22,15,9,65,55
Donegal,2ae19629-20ca-13a3-e055-000000000001,"Templecarn, Donegal",10,2,81,93,7,2,8,6,11,5,5,4,33
Donegal,2ae19629-20d4-13a3-e055-000000000001,"Templedouglas, Donegal",102,38,669,809,41,44,60,66,66,27,34,146,185
Donegal,2ae19629-20d5-13a3-e055-000000000001,"An Tearmann, Dún na nGall",61,20,367,448,18,11,21,20,46,17,17,106,111
Donegal,2ae19629-20de-13a3-e055-000000000001,"Three Trees, Donegal",60,17,503,580,43,35,56,37,48,18,13,116,137
Donegal,2ae19629-20df-13a3-e055-000000000001,"Tieveskeelta, Donegal",6,8,87,101,8,5,10,4,12,9,2,19,18
Donegal,2ae19629-20ed-13a3-e055-000000000001,"Treantaghmucklagh, Donegal",56,23,564,643,40,26,66,51,49,18,22,109,183
Donegal,2ae19629-20ee-13a3-e055-000000000001,"Tullynaught, Donegal",62,22,423,507,24,18,41,31,53,11,19,113,113
Donegal,2ae19629-20ef-13a3-e055-000000000001,"Turmone, Donegal",24,5,223,252,25,9,20,6,26,9,11,56,61
Donegal,2ae19629-20f0-13a3-e055-000000000001,"Urney West, Donegal",64,17,406,487,29,21,43,24,51,20,15,86,117
Donegal,2ae19629-2063-13a3-e055-000000000001,"West Donegal, Donegal",68,31,504,603,32,27,49,48,47,14,19,108,160
Donegal,2ae19629-20f1-13a3-e055-000000000001,"Whitecastle, Donegal",87,23,659,769,73,51,118,52,71,18,32,152,92
Cavan-Monaghan,2ae19629-1a63-13a3-e055-000000000001,"Aghabog, Monaghan",33,6,218,257,20,14,31,25,26,14,7,41,40
Cavan-Monaghan,2ae19629-1a64-13a3-e055-000000000001,"Anketell Grove, Monaghan",105,50,801,956,58,50,72,49,107,31,42,183,209
Cavan-Monaghan,2ae19629-1a65-13a3-e055-000000000001,"Annayalla, Monaghan",49,26,388,463,29,23,42,18,46,7,21,107,95
Cavan-Monaghan,2ae19629-1a6e-13a3-e055-000000000001,"Anny, Monaghan",31,14,253,298,13,9,32,16,37,6,13,58,69
Cavan-Monaghan,2ae19629-1a6f-13a3-e055-000000000001,"Ballybay Rural, Monaghan",112,101,1013,1226,61,53,106,67,120,38,37,210,321
Cavan-Monaghan,2ae19629-1a70-13a3-e055-000000000001,"Ballybay Urban, Monaghan",18,23,223,264,3,10,16,14,27,4,9,41,99
Cavan-Monaghan,2ae19629-1a7b-13a3-e055-000000000001,"Ballymackney, Monaghan",108,30,694,832,30,31,58,50,83,36,34,162,210
Cavan-Monaghan,2ae19629-1a7c-13a3-e055-000000000001,"Bellanode, Monaghan",129,92,1015,1236,41,53,79,66,149,27,41,306,253
Cavan-Monaghan,2ae19629-1a7d-13a3-e055-000000000001,"Bellatrain, Monaghan",33,11,168,212,7,11,17,12,30,11,3,33,44
Cavan-Monaghan,2ae19629-1a88-13a3-e055-000000000001,"Bocks, Monaghan",62,41,473,576,26,23,46,29,75,25,19,101,129
Cavan-Monaghan,2ae19629-1a89-13a3-e055-000000000001,"Bragan, Monaghan",21,11,211,243,22,14,23,13,26,11,10,50,42
Cavan-Monaghan,2ae19629-1a8a-13a3-e055-000000000001,"Broomfield, Monaghan",100,32,539,671,31,24,46,28,67,36,16,149,142
Cavan-Monaghan,2ae19629-1a94-13a3-e055-000000000001,"Caddagh, Monaghan",44,17,360,421,26,36,31,25,51,12,17,106,56
Cavan-Monaghan,2ae19629-1a95-13a3-e055-000000000001,"Carrickaslane, Monaghan",49,31,438,518,27,22,42,24,68,21,16,108,110
Cavan-Monaghan,2ae19629-1a96-13a3-e055-000000000001,"Carrickatee, Monaghan",32,14,224,270,15,5,19,13,32,13,5,56,66
Cavan-Monaghan,2ae19629-1a9e-13a3-e055-000000000001,"Carrickmacross Rural, Monaghan",410,312,2577,3299,116,87,202,143,326,124,127,689,763
Cavan-Monaghan,2ae19629-1a9f-13a3-e055-000000000001,"Carrickmacross Urban, Monaghan",171,160,1514,1845,128,69,132,101,232,69,56,385,342
Cavan-Monaghan,2ae19629-1aaa-13a3-e055-000000000001,"Castleblayney Rural, Monaghan",293,286,2503,3082,166,125,219,157,322,99,90,589,736
Cavan-Monaghan,2ae19629-1aa0-13a3-e055-000000000001,"Castleblayney Urban, Monaghan",60,82,716,858,51,31,50,48,121,28,29,142,216
Cavan-Monaghan,2ae19629-1aab-13a3-e055-000000000001,"Castleshane, Monaghan",91,29,635,755,34,36,69,46,75,28,21,170,156
Cavan-Monaghan,2ae19629-1ab4-13a3-e055-000000000001,"Church Hill, Monaghan",62,31,471,564,14,26,53,39,59,13,27,125,115
Cavan-Monaghan,2ae19629-1ab6-13a3-e055-000000000001,"Clones Rural, Monaghan",101,55,1093,1249,81,55,109,72,149,40,53,252,282
Cavan-Monaghan,2ae19629-1abe-13a3-e055-000000000001,"Clones Urban, Monaghan",82,84,742,908,51,53,79,78,125,32,31,112,181
Cavan-Monaghan,2ae19629-1ab5-13a3-e055-000000000001,"Clones, Monaghan",35,21,349,405,30,29,37,24,38,10,18,69,94
Cavan-Monaghan,2ae19629-1abf-13a3-e055-000000000001,"Clontibret, Monaghan",60,25,518,603,31,19,51,35,70,23,18,140,131
Cavan-Monaghan,2ae19629-1ac0-13a3-e055-000000000001,"Cormeen, Monaghan",36,24,332,392,19,27,29,20,37,6,13,74,107
Cavan-Monaghan,2ae19629-1ac1-13a3-e055-000000000001,"Corracharra, Monaghan",40,25,190,255,9,15,18,9,32,7,8,34,58
Cavan-Monaghan,2ae19629-1acc-13a3-e055-000000000001,"Creeve, Monaghan",53,23,444,520,37,19,47,42,47,18,12,110,112
Cavan-Monaghan,2ae19629-1acd-13a3-e055-000000000001,"Cremartin, Monaghan",114,34,812,960,67,43,119,46,121,31,45,227,113
Cavan-Monaghan,2ae19629-1ace-13a3-e055-000000000001,"Crossalare, Monaghan",56,39,549,644,36,20,50,32,43,16,19,120,213
Cavan-Monaghan,2ae19629-1ad8-13a3-e055-000000000001,"Currin, Monaghan",55,38,451,544,31,17,54,32,62,17,24,90,124
Cavan-Monaghan,2ae19629-1ad9-13a3-e055-000000000001,"Dawsongrove, Monaghan",67,36,479,582,32,27,61,37,63,26,27,106,100
Cavan-Monaghan,2ae19629-1ae6-13a3-e055-000000000001,"Derrygorry, Monaghan",12,13,205,230,17,14,20,16,29,4,12,51,42
Cavan-Monaghan,2ae19629-1ae7-13a3-e055-000000000001,"Donaghmoyne, Monaghan",63,24,451,538,19,28,50,31,86,11,21,108,97
Cavan-Monaghan,2ae19629-1af2-13a3-e055-000000000001,"Drum, Monaghan",21,3,136,160,8,9,20,13,14,3,5,25,39
Cavan-Monaghan,2ae19629-1af3-13a3-e055-000000000001,"Drumboory, Monaghan",39,33,349,421,12,18,34,33,42,14,13,86,97
Cavan-Monaghan,2ae19629-1af4-13a3-e055-000000000001,"Drumcarrow, Monaghan",42,17,307,366,18,15,32,21,44,16,17,85,59
Cavan-Monaghan,2ae19629-1a3c-13a3-e055-000000000001,"Drumgurra, Monaghan",65,20,470,555,27,21,45,27,61,28,14,123,124
Cavan-Monaghan,2ae19629-1a3d-13a3-e055-000000000001,"Drumhillagh, Monaghan",58,29,453,540,36,32,69,39,62,17,26,89,83
Cavan-Monaghan,2ae19629-1a3e-13a3-e055-000000000001,"Drummully, Monaghan",11,4,92,107,5,2,13,11,19,3,5,17,17
Cavan-Monaghan,2ae19629-1a4b-13a3-e055-000000000001,"Drumsnat, Monaghan",81,67,664,812,37,32,62,54,90,28,21,166,174
Cavan-Monaghan,2ae19629-1a4c-13a3-e055-000000000001,"Emyvale, Monaghan",95,82,773,950,47,41,54,51,103,24,37,170,246
Cavan-Monaghan,2ae19629-1a4d-13a3-e055-000000000001,"Enagh, Monaghan, 177043",31,23,368,422,22,25,29,33,55,8,22,83,91
Cavan-Monaghan,2ae19629-1a5a-13a3-e055-000000000001,"Enagh, Monaghan, 177044",65,115,511,691,32,19,50,39,65,23,19,129,135
Cavan-Monaghan,2ae19629-1a5b-13a3-e055-000000000001,"Figullar, Monaghan",53,28,332,413,15,18,34,18,37,13,10,103,84
Cavan-Monaghan,2ae19629-1a66-13a3-e055-000000000001,"Glaslough, Monaghan",56,35,672,763,21,32,62,34,88,25,31,223,156
Cavan-Monaghan,2ae19629-1a67-13a3-e055-000000000001,"Greagh, Monaghan",27,18,323,368,17,11,31,20,45,14,5,92,88
Cavan-Monaghan,2ae19629-1a71-13a3-e055-000000000001,"Inishkeen, Monaghan",91,45,753,889,59,53,79,80,101,38,34,188,121
Cavan-Monaghan,2ae19629-1a72-13a3-e055-000000000001,"Killeevan, Monaghan",24,9,245,278,18,11,33,19,32,13,11,58,50
Cavan-Monaghan,2ae19629-1a7e-13a3-e055-000000000001,"Killylough, Monaghan",44,26,387,457,34,27,34,33,43,10,18,104,84
Cavan-Monaghan,2ae19629-1a7f-13a3-e055-000000000001,"Killynenagh, Monaghan",16,7,144,167,8,10,16,6,14,8,5,34,43
Cavan-Monaghan,2ae19629-1a80-13a3-e055-000000000001,"Kilmore, Monaghan",52,17,349,418,21,20,50,20,60,20,15,85,58
Cavan-Monaghan,2ae19629-1a8b-13a3-e055-000000000001,"Kilmurry, Monaghan",64,17,423,504,37,18,48,27,63,13,17,104,96
Cavan-Monaghan,2ae19629-1a8c-13a3-e055-000000000001,"Kiltybegs, Monaghan",54,26,452,532,40,32,51,46,58,17,19,116,73
Cavan-Monaghan,2ae19629-1a8d-13a3-e055-000000000001,"Laragh, Monaghan",63,21,364,448,27,19,38,18,50,15,14,91,92
Cavan-Monaghan,2ae19629-1a97-13a3-e055-000000000001,"Lisnaveane, Monaghan",46,27,279,352,20,17,33,30,34,12,8,59,66
Cavan-Monaghan,2ae19629-1a98-13a3-e055-000000000001,"Lough Fea, Monaghan",63,22,454,539,28,18,41,27,62,21,24,127,106
Cavan-Monaghan,2ae19629-1aa1-13a3-e055-000000000001,"Monaghan Rural, Monaghan",528,610,4012,5150,151,144,305,249,580,176,172,958,1277
Cavan-Monaghan,2ae19629-1aa2-13a3-e055-000000000001,"Monaghan Urban, Monaghan",127,263,1523,1913,69,51,113,88,185,57,70,287,603
Cavan-Monaghan,2ae19629-1aa3-13a3-e055-000000000001,"Mullyash, Monaghan",26,13,255,294,13,14,34,21,27,11,8,42,85
Cavan-Monaghan,2ae19629-1aac-13a3-e055-000000000001,"Newbliss, Monaghan",65,39,587,691,33,35,68,40,76,28,17,157,133
Cavan-Monaghan,2ae19629-1aad-13a3-e055-000000000001,"Rackwallace, Monaghan",90,22,635,747,37,42,49,39,86,25,31,159,167
Cavan-Monaghan,2ae19629-1ab7-13a3-e055-000000000001,"Raferagh, Monaghan",27,14,307,348,26,19,32,27,30,13,10,65,85
Cavan-Monaghan,2ae19629-1ab8-13a3-e055-000000000001,"Scotstown, Monaghan",119,35,799,953,52,52,68,50,94,26,41,221,195
Cavan-Monaghan,2ae19629-1ac2-13a3-e055-000000000001,"Shanmullagh, Monaghan",15,11,161,187,19,6,21,15,19,6,4,28,43
Cavan-Monaghan,2ae19629-1ac3-13a3-e055-000000000001,"Sheskin, Monaghan",61,27,429,517,46,36,46,28,52,10,14,94,103
Cavan-Monaghan,2ae19629-1ac4-13a3-e055-000000000001,"St. Tierney, Monaghan",29,16,282,327,17,13,21,17,36,11,19,74,74
Cavan-Monaghan,2ae19629-1ac5-13a3-e055-000000000001,"Tedavnet, Monaghan",77,41,644,762,54,45,63,39,93,25,26,159,140
Cavan-Monaghan,2ae19629-1acf-13a3-e055-000000000001,"Tehallan, Monaghan",97,39,577,713,24,29,53,50,85,15,23,150,148
Cavan-Monaghan,2ae19629-1ad0-13a3-e055-000000000001,"Tullycorbet, Monaghan",65,13,450,528,56,47,61,33,60,13,19,114,47
