NEW CONSTITUENCY,ED_GUID,GEOGDESC,Owned with mortgage or loan (Households),Owned with mortgage or loan (Persons),Owned outright (Households),Owned outright (Persons),Rented from private landlord (Households),Rented from private landlord (Persons),Rented from Local Authority (Households),Rented from Local Authority (Persons),Rented from voluntary/co-operative housing body (Households),Rented from voluntary/co-operative housing body (Persons),Occupied free of rent (Households),Occupied free of rent (Persons),Not stated (Households),Not stated (Persons),Total (Households),Total (Persons)
Carlow-Kilkenny,2ae19629-1836-13a3-e055-000000000001,"Agha, Carlow",69,248,52,135,6,19,1,3,0,0,1,3,6,19,135,427
Carlow-Kilkenny,2ae19629-1837-13a3-e055-000000000001,"Ballinacarrig, Carlow",133,469,181,455,50,115,7,26,1,7,7,23,15,35,394,1130
Carlow-Kilkenny,2ae19629-1840-13a3-e055-000000000001,"Ballintemple, Carlow",69,266,99,247,6,11,10,31,1,1,7,11,16,41,208,608
Carlow-Kilkenny,2ae19629-1841-13a3-e055-000000000001,"Ballon, Carlow",77,270,83,213,41,136,17,58,2,7,11,22,20,60,251,766
Carlow-Kilkenny,2ae19629-1842-13a3-e055-000000000001,"Ballyellin, Carlow",53,186,85,217,6,16,2,5,0,0,1,3,9,18,156,445
Carlow-Kilkenny,2ae19629-1843-13a3-e055-000000000001,"Ballymoon, Carlow",48,170,64,161,3,5,1,4,0,0,2,4,2,8,120,352
Carlow-Kilkenny,2ae19629-184d-13a3-e055-000000000001,"Ballymurphy, Carlow",38,143,45,111,6,21,0,0,0,0,4,4,2,7,95,286
Carlow-Kilkenny,2ae19629-184e-13a3-e055-000000000001,"Borris, Carlow",80,279,170,387,50,121,61,174,12,34,10,22,8,25,391,1042
Carlow-Kilkenny,2ae19629-184f-13a3-e055-000000000001,"Burton Hall, Carlow",79,290,67,168,14,37,8,15,0,0,1,2,3,15,172,527
Carlow-Kilkenny,2ae19629-1857-13a3-e055-000000000001,"Carlow Rural, Carlow",1587,4932,1666,3714,1241,3708,714,2256,286,833,60,125,207,579,5761,16147
Carlow-Kilkenny,2ae19629-1858-13a3-e055-000000000001,"Carlow Urban, Carlow",225,641,574,1120,818,1842,280,566,62,153,36,73,157,350,2152,4745
Carlow-Kilkenny,2ae19629-1859-13a3-e055-000000000001,"Clogrenan, Carlow",178,611,155,373,15,39,17,59,2,11,5,12,16,39,388,1144
Carlow-Kilkenny,2ae19629-185a-13a3-e055-000000000001,"Clonegall, Carlow",103,362,194,499,26,86,21,68,1,2,8,19,26,76,379,1112
Carlow-Kilkenny,2ae19629-1864-13a3-e055-000000000001,"Clonmore, Carlow",71,255,103,259,13,30,1,3,0,0,2,5,6,10,196,562
Carlow-Kilkenny,2ae19629-1865-13a3-e055-000000000001,"Coonogue, Carlow",21,82,40,96,3,9,3,5,0,0,2,4,6,16,75,212
Carlow-Kilkenny,2ae19629-1866-13a3-e055-000000000001,"Corries, Carlow",59,227,110,274,4,9,2,4,0,0,7,18,5,17,187,549
Carlow-Kilkenny,2ae19629-1872-13a3-e055-000000000001,"Cranemore, Carlow",113,411,170,413,71,209,14,41,0,0,15,31,35,108,418,1213
Carlow-Kilkenny,2ae19629-1873-13a3-e055-000000000001,"Fennagh, Carlow",106,380,100,273,30,98,18,53,1,3,6,16,14,32,275,855
Carlow-Kilkenny,2ae19629-1874-13a3-e055-000000000001,"Garryhill, Carlow",70,262,113,294,19,51,3,8,0,0,3,8,7,23,215,646
Carlow-Kilkenny,2ae19629-187d-13a3-e055-000000000001,"Glynn, Carlow",43,156,73,206,7,12,1,1,0,0,4,9,6,20,134,404
Carlow-Kilkenny,2ae19629-1a59-13a3-e055-000000000001,"Graigue Urban, Carlow",90,244,238,503,174,409,92,208,36,96,17,33,66,141,713,1634
Carlow-Kilkenny,2ae19629-187e-13a3-e055-000000000001,"Grangeford, Carlow",51,171,68,174,43,117,2,4,0,0,8,18,21,61,193,545
Carlow-Kilkenny,2ae19629-187f-13a3-e055-000000000001,"Hacketstown, Carlow",116,418,183,445,44,107,64,183,5,16,6,12,17,49,435,1230
Carlow-Kilkenny,2ae19629-1887-13a3-e055-000000000001,"Haroldstown, Carlow",32,126,52,134,5,25,2,10,0,0,2,2,7,19,100,316
Carlow-Kilkenny,2ae19629-1888-13a3-e055-000000000001,"Johnstown, Carlow",59,217,118,304,8,24,2,14,0,0,8,21,12,37,207,617
Carlow-Kilkenny,2ae19629-1889-13a3-e055-000000000001,"Kellistown, Carlow",112,397,175,437,14,31,34,81,1,5,7,15,11,32,354,998
Carlow-Kilkenny,2ae19629-188a-13a3-e055-000000000001,"Kilbride, Carlow",43,158,81,207,16,42,6,11,0,0,0,0,18,46,164,464
Carlow-Kilkenny,2ae19629-1895-13a3-e055-000000000001,"Killedmond, Carlow",38,139,97,258,13,32,4,9,0,0,3,9,3,13,158,460
Carlow-Kilkenny,2ae19629-1896-13a3-e055-000000000001,"Killerrig, Carlow",44,174,60,182,6,21,0,0,0,0,3,9,5,12,118,398
Carlow-Kilkenny,2ae19629-1897-13a3-e055-000000000001,"Kineagh, Carlow",44,153,69,180,7,22,0,0,0,0,4,9,8,15,132,379
Carlow-Kilkenny,2ae19629-18a0-13a3-e055-000000000001,"Kyle, Carlow",29,116,78,210,8,21,2,7,0,0,2,5,2,5,121,364
Carlow-Kilkenny,2ae19629-18a1-13a3-e055-000000000001,"Leighlinbridge, Carlow",149,506,297,703,89,199,40,113,28,47,14,29,17,46,634,1643
Carlow-Kilkenny,2ae19629-18a2-13a3-e055-000000000001,"Marley, Carlow",48,184,64,181,6,18,0,0,0,0,3,9,9,35,130,427
Carlow-Kilkenny,2ae19629-18ab-13a3-e055-000000000001,"Muinebeag Rural, Carlow",77,294,135,356,13,35,2,8,1,3,3,6,6,18,237,720
Carlow-Kilkenny,2ae19629-18ac-13a3-e055-000000000001,"Muinebeag Urban, Carlow",230,755,437,918,148,393,240,678,59,133,11,20,25,52,1150,2949
Carlow-Kilkenny,2ae19629-18ad-13a3-e055-000000000001,"Myshall, Carlow",80,274,86,189,10,33,31,85,2,5,3,6,6,18,218,610
Carlow-Kilkenny,2ae19629-18ae-13a3-e055-000000000001,"Nurney, Carlow",90,315,164,464,10,29,8,25,0,0,6,12,13,38,291,883
Carlow-Kilkenny,2ae19629-18b7-13a3-e055-000000000001,"Oldleighlin, Carlow",74,296,90,226,11,21,12,38,1,2,3,5,7,18,198,606
Carlow-Kilkenny,2ae19629-18b8-13a3-e055-000000000001,"Rahill, Carlow",98,352,118,291,33,97,2,4,2,13,7,16,11,29,271,802
Carlow-Kilkenny,2ae19629-18b9-13a3-e055-000000000001,"Rathanna, Carlow",17,52,29,64,3,7,1,5,0,0,1,3,1,2,52,133
Carlow-Kilkenny,2ae19629-18c2-13a3-e055-000000000001,"Rathornan, Carlow",39,136,79,227,4,8,5,9,0,0,4,4,2,9,133,393
Carlow-Kilkenny,2ae19629-18c3-13a3-e055-000000000001,"Rathrush, Carlow",159,606,129,347,15,53,6,16,0,0,4,5,33,106,346,1133
Carlow-Kilkenny,2ae19629-18c4-13a3-e055-000000000001,"Rathvilly, Carlow",92,322,128,278,31,89,60,187,12,30,5,8,9,19,337,933
Carlow-Kilkenny,2ae19629-1816-13a3-e055-000000000001,"Ridge, Carlow",42,163,36,97,2,3,2,5,0,0,1,2,8,30,91,300
Carlow-Kilkenny,2ae19629-1817-13a3-e055-000000000001,"Shangarry, Carlow",68,266,86,231,5,14,3,7,0,0,3,5,21,57,186,580
Carlow-Kilkenny,2ae19629-1818-13a3-e055-000000000001,"Sliguff, Carlow",60,201,98,280,8,20,7,23,1,5,11,18,7,19,192,566
Carlow-Kilkenny,2ae19629-1820-13a3-e055-000000000001,"Tankardstown, Carlow",64,238,73,201,7,24,1,2,0,0,5,10,9,26,159,501
Carlow-Kilkenny,2ae19629-1821-13a3-e055-000000000001,"Templepeter, Carlow",66,244,73,166,4,10,2,10,0,0,5,12,8,21,158,463
Carlow-Kilkenny,2ae19629-1822-13a3-e055-000000000001,"Tiknock, Carlow",42,170,61,144,3,5,4,11,0,0,1,3,3,16,114,349
Carlow-Kilkenny,2ae19629-1823-13a3-e055-000000000001,"Tinnahinch, Carlow",54,183,155,365,16,32,11,33,0,0,4,6,12,32,252,651
Carlow-Kilkenny,2ae19629-1a55-13a3-e055-000000000001,"Tullow Rural, Carlow",72,246,136,303,56,170,5,15,3,6,8,18,18,40,298,798
Carlow-Kilkenny,2ae19629-1a56-13a3-e055-000000000001,"Tullow Urban, Carlow",380,1228,404,895,321,940,328,901,85,241,22,57,81,192,1621,4454
Carlow-Kilkenny,2ae19629-1a57-13a3-e055-000000000001,"Tullowbeg, Carlow",75,272,82,200,16,51,7,27,2,6,1,1,14,52,197,609
Carlow-Kilkenny,2ae19629-1a58-13a3-e055-000000000001,"Williamstown, Carlow",31,124,52,131,6,11,4,8,0,0,6,14,13,44,112,332
Dublin Central,2ae19629-1ceb-13a3-e055-000000000001,"Arran Quay A, Dublin City",106,247,105,193,352,935,52,104,5,7,15,30,62,155,697,1671
Dublin Central,2ae19629-1cec-13a3-e055-000000000001,"Arran Quay B, Dublin City",158,345,169,311,1059,2466,94,250,17,46,15,32,193,538,1705,3988
Dublin Central,2ae19629-1ced-13a3-e055-000000000001,"Arran Quay C, Dublin City",173,323,98,175,1138,2603,251,600,42,65,24,42,174,425,1900,4233
Dublin Central,2ae19629-1cee-13a3-e055-000000000001,"Arran Quay D, Dublin City",237,504,218,429,583,1176,163,401,11,20,17,30,86,197,1315,2757
Dublin Central,2ae19629-1cef-13a3-e055-000000000001,"Arran Quay E, Dublin City",321,672,307,516,710,1564,176,394,9,19,21,33,103,217,1647,3415
Dublin West,2ae19629-1cf0-13a3-e055-000000000001,"Ashtown A, Dublin City",1550,4535,1228,2868,1196,3268,194,443,207,495,38,77,139,372,4552,12058
Dublin West,2ae19629-1d03-13a3-e055-000000000001,"Ashtown B, Dublin City",376,1190,439,906,173,512,6,13,5,10,21,66,37,116,1057,2813
Dublin Bay North,2ae19629-1d04-13a3-e055-000000000001,"Ayrfield, Dublin City",677,2245,854,2015,237,684,141,369,115,231,16,33,87,206,2127,5783
Dublin Central,2ae19629-1d05-13a3-e055-000000000001,"Ballybough A, Dublin City",188,459,256,527,529,1317,527,1261,42,76,24,47,106,252,1672,3939
Dublin Central,2ae19629-1d06-13a3-e055-000000000001,"Ballybough B, Dublin City",174,411,202,419,957,2171,174,385,44,103,14,21,110,276,1675,3786
Dublin North-West,2ae19629-1d08-13a3-e055-000000000001,"Ballygall A, Dublin City",338,1020,376,888,281,857,178,516,76,178,4,13,55,156,1308,3628
Dublin North-West,2ae19629-1d09-13a3-e055-000000000001,"Ballygall B, Dublin City",209,655,263,511,68,211,102,226,7,12,16,27,40,108,705,1750
Dublin North-West,2ae19629-1d07-13a3-e055-000000000001,"Ballygall C, Dublin City",432,1504,659,1411,118,379,39,93,18,21,15,28,42,116,1323,3552
Dublin North-West,2ae19629-1d0a-13a3-e055-000000000001,"Ballygall D, Dublin City",322,1027,424,906,100,300,72,183,1,2,18,28,36,96,973,2542
Dublin North-West,2ae19629-1d0b-13a3-e055-000000000001,"Ballymun A, Dublin City",543,1769,165,399,387,1153,493,1464,156,475,6,16,192,516,1942,5792
Dublin North-West,2ae19629-1d0c-13a3-e055-000000000001,"Ballymun B, Dublin City",165,513,209,475,215,626,701,2019,34,90,3,8,159,425,1486,4156
Dublin North-West,2ae19629-1d0d-13a3-e055-000000000001,"Ballymun C, Dublin City",273,857,351,755,280,780,953,2624,71,188,8,12,175,460,2111,5676
Dublin North-West,2ae19629-1d0e-13a3-e055-000000000001,"Ballymun D, Dublin City",67,202,63,143,155,524,550,1367,46,102,1,1,93,231,975,2570
Dublin North-West,2ae19629-1d0f-13a3-e055-000000000001,"Ballymun E, Dublin City",199,732,329,685,42,171,2,3,1,2,6,14,20,54,599,1661
Dublin North-West,2ae19629-1d10-13a3-e055-000000000001,"Ballymun F, Dublin City",294,1019,493,1035,63,206,9,37,2,8,9,12,25,57,895,2374
Dublin North-West,2ae19629-1d11-13a3-e055-000000000001,"Beaumont A, Dublin City",341,1138,528,1082,91,322,11,43,0,0,25,40,16,41,1012,2666
Dublin North-West,2ae19629-1d12-13a3-e055-000000000001,"Beaumont B, Dublin City",382,1272,695,1555,327,1067,50,123,27,39,23,50,28,69,1532,4175
Dublin Bay North,2ae19629-1d21-13a3-e055-000000000001,"Beaumont C, Dublin City",401,1227,572,1206,203,616,75,161,20,50,26,56,30,78,1327,3394
Dublin Bay North,2ae19629-1d22-13a3-e055-000000000001,"Beaumont D, Dublin City",215,737,458,1075,56,210,3,12,0,0,9,25,13,40,754,2099
Dublin Bay North,2ae19629-1d23-13a3-e055-000000000001,"Beaumont E, Dublin City",233,742,432,910,67,230,7,24,0,0,10,24,13,22,762,1952
Dublin North-West,2ae19629-1d24-13a3-e055-000000000001,"Beaumont F, Dublin City",378,1318,620,1408,200,706,75,198,35,131,14,26,55,138,1377,3925
Dublin Central,2ae19629-1d25-13a3-e055-000000000001,"Botanic A, Dublin City",330,952,483,954,419,1001,14,28,16,29,28,69,65,208,1355,3241
Dublin Central,2ae19629-1d26-13a3-e055-000000000001,"Botanic B, Dublin City",358,1172,483,1058,477,1114,24,33,4,12,33,56,68,135,1447,3580
Dublin Central,2ae19629-1d27-13a3-e055-000000000001,"Botanic C, Dublin City",176,587,236,564,436,1041,8,18,1,1,14,24,74,174,945,2409
Dublin Central,2ae19629-1d28-13a3-e055-000000000001,"Cabra East A, Dublin City",442,1324,630,1378,1136,2516,96,161,27,52,24,57,229,506,2584,5994
Dublin Central,2ae19629-1d29-13a3-e055-000000000001,"Cabra East B, Dublin City",399,1102,554,1142,300,798,124,322,51,132,23,47,78,181,1529,3724
Dublin Central,2ae19629-1d2a-13a3-e055-000000000001,"Cabra East C, Dublin City",263,796,368,764,918,1802,121,317,12,26,25,50,160,421,1867,4176
Dublin Central,2ae19629-1d2b-13a3-e055-000000000001,"Cabra West A, Dublin City",144,467,269,615,33,109,68,198,4,10,7,12,16,38,541,1449
Dublin Central,2ae19629-1d2c-13a3-e055-000000000001,"Cabra West B, Dublin City",268,798,366,757,123,385,235,529,26,37,18,34,58,142,1094,2682
Dublin Central,2ae19629-1d2d-13a3-e055-000000000001,"Cabra West C, Dublin City",299,901,430,931,149,469,129,337,6,19,10,19,50,116,1073,2792
Dublin Central,2ae19629-1d2e-13a3-e055-000000000001,"Cabra West D, Dublin City",249,759,361,814,236,641,221,499,9,27,11,25,26,63,1113,2828
Dublin South-Central,2ae19629-1d31-13a3-e055-000000000001,"Carna, Dublin City",292,934,360,817,61,186,293,815,13,46,13,21,40,108,1072,2927
Dublin South-Central,2ae19629-1d2f-13a3-e055-000000000001,"Chapelizod, Dublin City",362,850,307,591,510,1182,136,294,71,111,19,36,84,193,1489,3257
Dublin South-Central,2ae19629-1d30-13a3-e055-000000000001,"Cherry Orchard A, Dublin City",160,372,39,97,165,447,302,1019,61,228,6,10,54,161,787,2334
Dublin South-Central,2ae19629-1d42-13a3-e055-000000000001,"Cherry Orchard C, Dublin City",256,810,175,444,305,816,612,2075,91,348,3,8,78,234,1520,4735
Dublin Bay North,2ae19629-1d43-13a3-e055-000000000001,"Clontarf East A, Dublin City",504,1776,596,1318,102,267,118,146,5,5,23,51,10,27,1358,3590
Dublin Bay North,2ae19629-1d44-13a3-e055-000000000001,"Clontarf East B, Dublin City",786,2715,1195,2680,529,1399,68,99,6,11,53,99,95,224,2732,7227
Dublin Bay North,2ae19629-1d45-13a3-e055-000000000001,"Clontarf East C, Dublin City",312,1114,578,1328,238,542,11,20,6,8,28,48,20,34,1193,3094
Dublin Bay North,2ae19629-1d46-13a3-e055-000000000001,"Clontarf East D, Dublin City",295,1082,488,1126,200,454,7,12,4,6,14,37,35,96,1043,2813
Dublin Bay North,2ae19629-1d47-13a3-e055-000000000001,"Clontarf East E, Dublin City",201,715,295,656,79,230,3,8,0,0,5,8,13,31,596,1648
Dublin Bay North,2ae19629-1d48-13a3-e055-000000000001,"Clontarf West A, Dublin City",490,1595,607,1320,222,648,48,66,29,60,20,38,27,57,1443,3784
Dublin Bay North,2ae19629-1d49-13a3-e055-000000000001,"Clontarf West B, Dublin City",313,853,366,745,119,334,186,381,2,4,12,33,23,55,1021,2405
Dublin Bay North,2ae19629-1d4a-13a3-e055-000000000001,"Clontarf West C, Dublin City",374,1147,491,1011,701,1435,21,49,14,29,22,40,126,347,1749,4058
Dublin Bay North,2ae19629-1d4b-13a3-e055-000000000001,"Clontarf West D, Dublin City",242,700,274,566,491,1077,14,33,17,25,19,32,39,88,1096,2521
Dublin Bay North,2ae19629-1d4c-13a3-e055-000000000001,"Clontarf West E, Dublin City",357,1162,426,874,119,360,8,19,3,4,21,43,21,44,955,2506
Dublin South-Central,2ae19629-1d4d-13a3-e055-000000000001,"Crumlin A, Dublin City",428,1235,529,1122,176,524,232,669,8,24,23,41,30,69,1426,3684
Dublin South-Central,2ae19629-1d4e-13a3-e055-000000000001,"Crumlin B, Dublin City",316,966,471,936,148,434,191,510,13,21,23,48,53,117,1215,3032
Dublin South-Central,2ae19629-1d4f-13a3-e055-000000000001,"Crumlin C, Dublin City",249,732,320,664,155,427,132,356,17,55,12,21,58,134,943,2389
Dublin South-Central,2ae19629-1d50-13a3-e055-000000000001,"Crumlin D, Dublin City",450,1291,574,1225,298,874,220,552,26,66,20,33,73,174,1661,4215
Dublin South-Central,2ae19629-1d62-13a3-e055-000000000001,"Crumlin E, Dublin City",286,816,391,808,129,405,242,744,15,45,16,33,38,98,1117,2949
Dublin South-Central,2ae19629-1d63-13a3-e055-000000000001,"Crumlin F, Dublin City",338,896,449,916,215,708,44,174,5,14,12,33,72,159,1135,2900
Dublin South-Central,2ae19629-1d64-13a3-e055-000000000001,"Decies, Dublin City",274,840,372,769,80,242,239,646,11,29,12,27,69,161,1057,2714
Dublin Central,2ae19629-1d65-13a3-e055-000000000001,"Drumcondra South A, Dublin City",608,1857,553,1223,885,2264,44,85,49,121,31,65,69,169,2239,5784
Dublin Central,2ae19629-1d66-13a3-e055-000000000001,"Drumcondra South B, Dublin City",177,419,151,289,356,799,71,146,9,26,17,35,57,151,838,1865
Dublin Central,2ae19629-1d67-13a3-e055-000000000001,"Drumcondra South C, Dublin City",379,1244,560,1112,258,711,9,22,3,8,26,50,50,122,1285,3269
Dublin South-Central,2ae19629-1d68-13a3-e055-000000000001,"Drumfinn, Dublin City",379,1235,485,1056,100,280,301,795,11,35,17,24,78,196,1371,3621
Dublin Bay North,2ae19629-1d69-13a3-e055-000000000001,"Edenmore, Dublin City",264,874,440,961,123,334,114,357,24,45,8,16,34,80,1007,2667
Dublin North-West,2ae19629-1d6a-13a3-e055-000000000001,"Finglas North A, Dublin City",284,867,365,826,64,199,312,1032,15,44,7,15,76,201,1123,3184
Dublin North-West,2ae19629-1d6b-13a3-e055-000000000001,"Finglas North B, Dublin City",269,875,365,846,75,250,306,772,8,36,19,41,52,135,1094,2955
Dublin North-West,2ae19629-1d6c-13a3-e055-000000000001,"Finglas North C, Dublin City",507,1621,548,1151,149,441,49,174,17,63,16,28,79,208,1365,3686
Dublin North-West,2ae19629-1d6d-13a3-e055-000000000001,"Finglas South A, Dublin City",302,939,353,780,88,290,226,678,10,35,14,40,54,141,1047,2903
Dublin North-West,2ae19629-1d6e-13a3-e055-000000000001,"Finglas South B, Dublin City",348,1023,352,820,348,956,341,1041,89,302,6,10,97,257,1581,4409
Dublin North-West,2ae19629-1d6f-13a3-e055-000000000001,"Finglas South C, Dublin City",177,597,262,554,55,190,296,1026,3,11,6,10,78,198,877,2586
Dublin North-West,2ae19629-1d70-13a3-e055-000000000001,"Finglas South D, Dublin City",226,738,214,475,67,210,214,662,32,64,10,16,146,399,909,2564
Dublin Bay North,2ae19629-1d71-13a3-e055-000000000001,"Grace Park, Dublin City",635,2061,1009,2194,448,1315,112,289,18,41,34,57,75,171,2331,6128
Dublin Bay North,2ae19629-1d7f-13a3-e055-000000000001,"Grange A, Dublin City",1694,5741,959,2511,768,2375,347,1016,176,431,17,45,205,529,4166,12648
Dublin Bay North,2ae19629-1d80-13a3-e055-000000000001,"Grange B, Dublin City",894,2738,404,1043,853,2321,219,605,162,400,7,26,153,355,2692,7488
Dublin Bay North,2ae19629-1d81-13a3-e055-000000000001,"Grange C, Dublin City",332,1131,583,1270,62,198,82,288,4,15,7,18,55,139,1125,3059
Dublin Bay North,2ae19629-1d82-13a3-e055-000000000001,"Grange D, Dublin City",440,1401,697,1503,136,407,142,475,7,29,11,34,33,74,1466,3923
Dublin Bay North,2ae19629-1d83-13a3-e055-000000000001,"Grange E, Dublin City",276,898,462,1008,111,332,90,266,4,19,10,30,14,33,967,2586
Dublin Bay North,2ae19629-1d84-13a3-e055-000000000001,"Harmonstown A, Dublin City",359,1138,536,1148,69,214,78,178,2,14,15,36,36,90,1095,2818
Dublin Bay North,2ae19629-1d85-13a3-e055-000000000001,"Harmonstown B, Dublin City",376,1283,412,927,109,321,94,319,10,13,12,19,9,26,1022,2908
Dublin South-Central,2ae19629-1d86-13a3-e055-000000000001,"Inchicore A, Dublin City",256,639,309,564,324,857,74,185,9,15,11,18,108,241,1091,2519
Dublin South-Central,2ae19629-1d87-13a3-e055-000000000001,"Inchicore B, Dublin City",133,400,201,442,131,443,285,722,22,90,17,66,153,581,942,2744
Dublin Central,2ae19629-1d88-13a3-e055-000000000001,"Inns Quay A, Dublin City",109,218,158,270,642,1697,54,116,20,30,5,14,87,195,1075,2540
Dublin Central,2ae19629-1d89-13a3-e055-000000000001,"Inns Quay B, Dublin City",144,326,204,373,953,2187,123,216,35,57,12,19,326,845,1797,4023
Dublin Central,2ae19629-1d8a-13a3-e055-000000000001,"Inns Quay C, Dublin City",117,240,159,316,432,1082,332,695,17,38,10,19,93,241,1160,2631
Dublin South-Central,2ae19629-1d8b-13a3-e055-000000000001,"Kilmainham A, Dublin City",273,649,312,630,186,442,200,565,33,52,9,13,137,295,1150,2646
Dublin South-Central,2ae19629-1d8c-13a3-e055-000000000001,"Kilmainham B, Dublin City",261,581,174,326,467,1092,136,255,19,38,13,36,93,189,1163,2517
Dublin South-Central,2ae19629-1d8d-13a3-e055-000000000001,"Kilmainham C, Dublin City",409,931,406,820,712,1877,323,729,137,353,24,46,74,156,2085,4912
Dublin North-West,2ae19629-1d97-13a3-e055-000000000001,"Kilmore A, Dublin City",439,1515,351,911,255,795,97,325,11,31,7,12,41,123,1201,3712
Dublin Bay North,2ae19629-1d98-13a3-e055-000000000001,"Kilmore B, Dublin City",215,772,343,797,50,185,266,678,7,20,13,21,37,107,931,2580
Dublin Bay North,2ae19629-1d8e-13a3-e055-000000000001,"Kilmore C, Dublin City",108,343,153,330,28,88,168,550,9,29,5,10,29,76,500,1426
Dublin Bay North,2ae19629-1d96-13a3-e055-000000000001,"Kilmore D, Dublin City",206,671,425,927,54,176,61,189,12,68,4,5,37,93,799,2129
Dublin South-Central,2ae19629-1d99-13a3-e055-000000000001,"Kimmage A, Dublin City",209,598,274,580,61,190,141,425,7,22,3,4,28,80,723,1899
Dublin South-Central,2ae19629-1d9a-13a3-e055-000000000001,"Kimmage B, Dublin City",446,1199,557,1155,161,447,217,594,5,12,13,25,47,127,1446,3559
Dublin South-Central,2ae19629-1d9b-13a3-e055-000000000001,"Kimmage C, Dublin City",251,648,311,591,682,1736,86,259,29,69,22,44,83,257,1464,3604
Dublin South-Central,2ae19629-1d9c-13a3-e055-000000000001,"Kimmage D, Dublin City",286,750,365,770,185,453,130,397,13,30,11,19,59,136,1049,2555
Dublin South-Central,2ae19629-1d9d-13a3-e055-000000000001,"Kimmage E, Dublin City",364,1074,470,965,230,720,267,575,72,90,19,28,31,75,1453,3527
Dublin South-Central,2ae19629-1d9e-13a3-e055-000000000001,"Kylemore, Dublin City",297,908,331,680,55,180,211,605,10,28,9,13,41,106,954,2520
Dublin Bay South,2ae19629-1d9f-13a3-e055-000000000001,"Mansion House A, Dublin City",65,126,77,130,670,1416,669,1461,55,115,27,44,99,242,1662,3534
Dublin Bay South,2ae19629-1da0-13a3-e055-000000000001,"Mansion House B, Dublin City",10,22,29,57,210,427,3,7,2,4,13,32,63,148,330,697
Dublin South-Central,2ae19629-1da1-13a3-e055-000000000001,"Merchants Quay A, Dublin City",55,96,40,70,393,956,341,704,44,114,13,26,200,559,1086,2525
Dublin South-Central,2ae19629-1da2-13a3-e055-000000000001,"Merchants Quay B, Dublin City",191,345,210,335,936,2135,161,319,39,101,41,85,135,347,1713,3667
Dublin South-Central,2ae19629-1da3-13a3-e055-000000000001,"Merchants Quay C, Dublin City",192,391,116,224,626,1477,294,640,110,221,16,28,116,302,1470,3283
Dublin South-Central,2ae19629-1da4-13a3-e055-000000000001,"Merchants Quay D, Dublin City",309,799,295,559,230,601,37,87,3,4,13,33,33,75,920,2158
Dublin South-Central,2ae19629-1da5-13a3-e055-000000000001,"Merchants Quay E, Dublin City",144,376,164,302,409,993,26,66,14,27,9,14,139,304,905,2082
Dublin South-Central,2ae19629-1da6-13a3-e055-000000000001,"Merchants Quay F, Dublin City",149,340,100,200,470,1096,101,255,42,73,19,45,75,173,956,2182
Dublin Central,2ae19629-1da7-13a3-e055-000000000001,"Mountjoy A, Dublin City",69,170,100,259,981,2472,509,1193,232,525,29,94,246,810,2166,5523
Dublin Central,2ae19629-1da8-13a3-e055-000000000001,"Mountjoy B, Dublin City",60,103,45,92,1279,3034,233,596,45,88,10,21,170,368,1842,4302
Dublin Central,2ae19629-1db2-13a3-e055-000000000001,"North City, Dublin City",86,168,104,217,1313,3115,158,351,31,59,69,210,426,1296,2187,5416
Dublin Central,2ae19629-1db3-13a3-e055-000000000001,"North Dock A, Dublin City",179,412,174,316,210,516,13,20,2,4,10,19,56,154,644,1441
Dublin Central,2ae19629-1db4-13a3-e055-000000000001,"North Dock B, Dublin City",601,1416,470,966,1779,4247,247,627,186,448,37,81,191,415,3511,8200
Dublin Central,2ae19629-1db5-13a3-e055-000000000001,"North Dock C, Dublin City",127,285,141,330,854,1935,412,1064,45,108,17,38,66,175,1662,3935
Dublin Bay South,2ae19629-1db6-13a3-e055-000000000001,"Pembroke East A, Dublin City",481,1278,454,1012,550,1316,531,1253,19,45,32,64,32,80,2099,5048
Dublin Bay South,2ae19629-1db7-13a3-e055-000000000001,"Pembroke East B, Dublin City",346,1190,513,1189,475,1086,10,39,47,55,22,51,42,110,1455,3720
Dublin Bay South,2ae19629-1db8-13a3-e055-000000000001,"Pembroke East C, Dublin City",358,1166,664,1346,514,1289,2,5,36,47,30,68,77,178,1681,4099
Dublin Bay South,2ae19629-1db9-13a3-e055-000000000001,"Pembroke East D, Dublin City",263,829,554,1135,800,1963,183,331,39,79,47,90,53,121,1939,4548
Dublin Bay South,2ae19629-1dba-13a3-e055-000000000001,"Pembroke East E, Dublin City",191,579,437,928,717,1749,3,5,2,6,48,105,113,290,1511,3662
Dublin Bay South,2ae19629-1dbb-13a3-e055-000000000001,"Pembroke West A, Dublin City",429,1160,504,962,1070,2385,80,119,7,11,61,118,76,155,2227,4910
Dublin Bay South,2ae19629-1dbc-13a3-e055-000000000001,"Pembroke West B, Dublin City",157,435,316,652,823,1765,14,30,7,14,30,55,53,127,1400,3078
Dublin Bay South,2ae19629-1dbd-13a3-e055-000000000001,"Pembroke West C, Dublin City",180,479,384,728,1157,2341,9,14,13,23,36,61,166,361,1945,4007
Dublin West,2ae19629-1dbe-13a3-e055-000000000001,"Phoenix Park, Dublin City",77,143,45,68,362,794,79,132,6,10,20,40,35,76,624,1263
Dublin Bay North,2ae19629-1dcc-13a3-e055-000000000001,"Priorswood A, Dublin City",184,649,202,499,55,150,41,110,4,14,4,13,34,87,524,1522
Dublin Bay North,2ae19629-1dcd-13a3-e055-000000000001,"Priorswood B, Dublin City",167,602,130,341,38,147,394,1331,19,70,15,41,40,129,803,2661
Dublin Bay North,2ae19629-1dca-13a3-e055-000000000001,"Priorswood C, Dublin City",285,788,146,332,299,768,680,2190,116,289,10,23,74,227,1610,4617
Dublin Bay North,2ae19629-1dcb-13a3-e055-000000000001,"Priorswood D, Dublin City",269,901,260,582,108,332,210,670,26,80,17,28,28,77,918,2670
Dublin Bay North,2ae19629-1dce-13a3-e055-000000000001,"Priorswood E, Dublin City",351,1224,403,914,51,169,91,334,6,24,6,11,36,110,944,2786
Dublin Bay North,2ae19629-1dcf-13a3-e055-000000000001,"Raheny-Foxfield, Dublin City",255,963,502,1155,39,123,72,223,14,35,11,18,6,18,899,2535
Dublin Bay North,2ae19629-1dd0-13a3-e055-000000000001,"Raheny-Greendale, Dublin City",215,729,345,757,104,286,137,367,5,16,11,21,34,88,851,2264
Dublin Bay North,2ae19629-1dd1-13a3-e055-000000000001,"Raheny-St. Assam, Dublin City",455,1531,723,1594,266,627,46,48,7,15,23,46,22,40,1542,3901
Dublin Bay South,2ae19629-1dd2-13a3-e055-000000000001,"Rathfarnham, Dublin City",373,1221,765,1616,680,1485,14,24,29,44,52,103,78,223,1991,4716
Dublin Bay South,2ae19629-1dd3-13a3-e055-000000000001,"Rathmines East A, Dublin City",283,856,440,933,1215,2446,80,97,53,71,51,82,105,251,2227,4736
Dublin Bay South,2ae19629-1dd4-13a3-e055-000000000001,"Rathmines East B, Dublin City",457,1357,627,1246,1092,2511,26,42,39,45,73,131,99,239,2413,5571
Dublin Bay South,2ae19629-1dd5-13a3-e055-000000000001,"Rathmines East C, Dublin City",305,1120,513,1161,406,940,8,9,26,30,29,62,52,133,1339,3455
Dublin Bay South,2ae19629-1dd6-13a3-e055-000000000001,"Rathmines East D, Dublin City",254,824,313,731,510,1079,0,0,0,0,23,53,34,82,1134,2769
Dublin Bay South,2ae19629-1dd7-13a3-e055-000000000001,"Rathmines West A, Dublin City",293,713,286,573,1979,3895,115,191,123,155,24,45,229,512,3049,6084
Dublin Bay South,2ae19629-1dd8-13a3-e055-000000000001,"Rathmines West B, Dublin City",231,620,239,498,1096,2168,69,115,8,14,26,39,124,297,1793,3751
Dublin Bay South,2ae19629-1de6-13a3-e055-000000000001,"Rathmines West C, Dublin City",187,662,285,645,553,1160,7,11,5,9,19,41,63,162,1119,2690
Dublin Bay South,2ae19629-1de7-13a3-e055-000000000001,"Rathmines West D, Dublin City",222,775,278,663,706,1367,132,264,14,23,15,24,48,102,1415,3218
Dublin Bay South,2ae19629-1de8-13a3-e055-000000000001,"Rathmines West E, Dublin City",298,1004,389,878,735,1525,16,32,12,30,17,37,77,182,1544,3688
Dublin Bay South,2ae19629-1de9-13a3-e055-000000000001,"Rathmines West F, Dublin City",194,634,268,625,771,1516,7,12,6,7,30,61,55,118,1331,2973
Dublin Central,2ae19629-1dea-13a3-e055-000000000001,"Rotunda A, Dublin City",61,118,103,289,1090,2721,407,843,111,158,24,72,347,973,2143,5174
Dublin Central,2ae19629-1deb-13a3-e055-000000000001,"Rotunda B, Dublin City",44,87,33,71,592,1544,110,204,38,49,3,11,442,1085,1262,3051
Dublin Bay South,2ae19629-1dec-13a3-e055-000000000001,"Royal Exchange A, Dublin City",77,143,103,168,809,1729,294,585,31,56,23,41,342,818,1679,3540
Dublin Bay South,2ae19629-1ded-13a3-e055-000000000001,"Royal Exchange B, Dublin City",9,21,15,20,202,434,294,580,7,10,4,7,87,236,618,1308
Dublin Bay South,2ae19629-1dee-13a3-e055-000000000001,"Saint Kevin's, Dublin City",134,310,173,328,1205,2400,117,248,47,81,26,50,284,733,1986,4150
Dublin Bay South,2ae19629-1def-13a3-e055-000000000001,"South Dock, Dublin City",423,931,311,591,1991,4261,382,790,157,351,85,142,185,404,3534,7470
Dublin Bay South,2ae19629-1df0-13a3-e055-000000000001,"Terenure A, Dublin City",493,1501,560,1129,448,1153,30,67,3,3,23,44,60,142,1617,4039
Dublin Bay South,2ae19629-1df1-13a3-e055-000000000001,"Terenure B, Dublin City",474,1498,556,1138,372,896,35,74,2,3,25,45,38,84,1502,3738
Dublin Bay South,2ae19629-1df2-13a3-e055-000000000001,"Terenure C, Dublin City",216,834,338,784,66,191,2,3,1,1,11,20,12,30,646,1863
Dublin Bay South,2ae19629-1df3-13a3-e055-000000000001,"Terenure D, Dublin City",85,311,162,360,28,81,0,0,0,0,9,19,9,29,293,800
Dublin South-Central,2ae19629-1df4-13a3-e055-000000000001,"Ushers A, Dublin City",147,255,98,167,1632,3812,103,218,90,157,8,20,129,275,2207,4904
Dublin South-Central,2ae19629-1df5-13a3-e055-000000000001,"Ushers B, Dublin City",52,87,38,54,356,805,169,327,22,39,3,5,64,141,704,1458
Dublin South-Central,2ae19629-1df6-13a3-e055-000000000001,"Ushers C, Dublin City",233,520,192,361,578,1485,425,991,159,326,11,17,173,387,1771,4087
Dublin South-Central,2ae19629-1df7-13a3-e055-000000000001,"Ushers D, Dublin City",181,399,147,256,421,1011,159,380,45,109,8,17,87,223,1048,2395
Dublin South-Central,2ae19629-1df8-13a3-e055-000000000001,"Ushers E, Dublin City",116,295,143,283,175,461,262,573,45,63,9,20,74,159,824,1854
Dublin South-Central,2ae19629-1e05-13a3-e055-000000000001,"Ushers F, Dublin City",256,596,287,536,471,1113,141,300,16,23,18,37,39,125,1228,2730
Dublin South-Central,2ae19629-1e06-13a3-e055-000000000001,"Walkinstown A, Dublin City",225,683,310,671,264,856,96,243,68,169,8,18,136,331,1107,2971
Dublin South-Central,2ae19629-1e07-13a3-e055-000000000001,"Walkinstown B, Dublin City",247,821,348,710,98,294,28,85,6,15,11,19,43,93,781,2037
Dublin South-Central,2ae19629-1e08-13a3-e055-000000000001,"Walkinstown C, Dublin City",276,830,362,774,98,299,75,155,17,62,19,45,124,329,971,2494
Dublin North-West,2ae19629-1e09-13a3-e055-000000000001,"Whitehall A, Dublin City",284,1039,542,1202,134,400,77,100,2,3,15,42,18,44,1072,2830
Dublin North-West,2ae19629-1e0a-13a3-e055-000000000001,"Whitehall B, Dublin City",455,1382,675,1451,337,1006,78,226,25,96,25,39,74,186,1669,4386
Dublin North-West,2ae19629-1e0b-13a3-e055-000000000001,"Whitehall C, Dublin City",250,781,344,755,337,904,76,168,19,60,10,25,95,201,1131,2894
Dublin North-West,2ae19629-1e0c-13a3-e055-000000000001,"Whitehall D, Dublin City",284,780,411,772,316,890,50,121,17,48,18,38,49,120,1145,2769
Dublin Bay South,2ae19629-1e0d-13a3-e055-000000000001,"Wood Quay A, Dublin City",33,69,56,108,331,715,335,672,346,558,14,28,71,129,1186,2279
Dublin Bay South,2ae19629-1e0e-13a3-e055-000000000001,"Wood Quay B, Dublin City",239,593,352,676,909,1793,83,188,14,27,37,75,213,509,1847,3861
Dublin South-West,2ae19629-1e23-13a3-e055-000000000001,"Ballinascorney, South Dublin",103,352,83,213,59,178,13,41,1,2,3,10,18,61,280,857
Dublin South-West,2ae19629-1e2a-13a3-e055-000000000001,"Ballyboden, South Dublin",628,2206,903,2189,163,515,65,223,1,3,12,27,25,73,1797,5236
Dublin South-West,2ae19629-1ce0-13a3-e055-000000000001,"Bohernabreena, South Dublin",874,3131,424,1170,135,416,184,501,18,63,20,52,84,276,1739,5609
Dublin Mid-West,2ae19629-1d02-13a3-e055-000000000001,"Clondalkin Village, South Dublin",1147,3684,1135,2528,537,1648,160,540,42,151,39,89,134,373,3194,9013
Dublin South-West,2ae19629-1cfc-13a3-e055-000000000001,"Clondalkin-Ballymount, South Dublin",225,742,285,737,91,314,7,30,0,0,5,11,16,32,629,1866
Dublin Mid-West,2ae19629-1cfd-13a3-e055-000000000001,"Clondalkin-Cappaghmore, South Dublin",88,326,133,329,29,111,466,1554,14,42,3,6,23,63,756,2431
Dublin Mid-West,2ae19629-1cfe-13a3-e055-000000000001,"Clondalkin-Dunawley, South Dublin",1090,3561,761,1824,595,1823,999,3087,175,522,14,41,174,506,3808,11364
Dublin Mid-West,2ae19629-1cff-13a3-e055-000000000001,"Clondalkin-Monastery, South Dublin",1256,4002,1312,3058,928,2854,164,508,48,109,109,250,115,306,3932,11087
Dublin Mid-West,2ae19629-1d00-13a3-e055-000000000001,"Clondalkin-Moorfield, South Dublin",517,1786,583,1489,314,1077,622,1968,100,387,9,20,135,370,2280,7097
Dublin Mid-West,2ae19629-1d01-13a3-e055-000000000001,"Clondalkin-Rowlagh, South Dublin",293,995,335,845,117,389,519,1619,19,61,5,13,80,229,1368,4151
Dublin South-West,2ae19629-1d5f-13a3-e055-000000000001,"Edmondstown, South Dublin",669,2340,640,1572,161,533,367,971,7,21,16,39,56,166,1916,5642
Dublin South-West,2ae19629-1d60-13a3-e055-000000000001,"Firhouse Village, South Dublin",1755,5986,1263,3115,633,2208,130,454,31,101,21,61,112,329,3945,12254
Dublin South-West,2ae19629-1d61-13a3-e055-000000000001,"Firhouse-Ballycullen, South Dublin",1680,5799,922,2463,475,1630,46,148,91,316,20,45,78,223,3312,10624
Dublin South-West,2ae19629-1d78-13a3-e055-000000000001,"Firhouse-Knocklyon, South Dublin",381,1418,821,1860,45,150,8,26,1,3,13,31,17,40,1286,3528
Dublin Mid-West,2ae19629-1dc8-13a3-e055-000000000001,"Lucan Heights, South Dublin",523,1820,921,1964,212,681,139,325,56,159,16,30,54,144,1921,5123
Dublin Mid-West,2ae19629-1dc7-13a3-e055-000000000001,"Lucan-Esker, South Dublin",4813,17004,1877,5258,2228,8309,452,1652,155,557,54,157,395,1278,9974,34215
Dublin Mid-West,2ae19629-1dde-13a3-e055-000000000001,"Lucan-St. Helens, South Dublin",2383,8035,1261,2996,1047,3496,265,875,145,487,30,78,232,715,5363,16682
Dublin Mid-West,2ae19629-1de2-13a3-e055-000000000001,"Newcastle, South Dublin",810,2645,454,1075,192,561,106,408,86,343,28,64,120,283,1796,5379
Dublin Mid-West,2ae19629-1de3-13a3-e055-000000000001,"Palmerston Village, South Dublin",427,1370,807,1697,130,411,9,31,6,28,18,39,53,139,1450,3715
Dublin Mid-West,2ae19629-1de4-13a3-e055-000000000001,"Palmerston West, South Dublin",575,1985,874,2202,195,692,428,1494,30,90,43,123,85,270,2230,6856
Dublin Mid-West,2ae19629-1dff-13a3-e055-000000000001,"Rathcoole, South Dublin",932,3224,667,1608,302,918,86,254,25,80,16,39,143,391,2171,6514
Dublin South-West,2ae19629-1e04-13a3-e055-000000000001,"Rathfarnham Village, South Dublin",328,1102,616,1290,258,657,9,21,3,6,24,48,15,40,1253,3164
Dublin South-West,2ae19629-1e00-13a3-e055-000000000001,"Rathfarnham-Ballyroan, South Dublin",336,1298,545,1175,53,175,0,0,0,0,22,44,24,59,980,2751
Dublin South-West,2ae19629-1e01-13a3-e055-000000000001,"Rathfarnham-Butterfield, South Dublin",361,1332,679,1430,138,389,5,12,0,0,23,53,20,51,1226,3267
Dublin South-West,2ae19629-1e02-13a3-e055-000000000001,"Rathfarnham-Hermitage, South Dublin",507,1710,782,1860,237,725,10,26,5,10,20,38,20,46,1581,4415
Dublin South-West,2ae19629-1e03-13a3-e055-000000000001,"Rathfarnham-St. Enda's, South Dublin",441,1547,754,1666,162,479,44,137,11,19,18,41,23,48,1453,3937
Dublin Mid-West,2ae19629-1e16-13a3-e055-000000000001,"Saggart, South Dublin",689,2209,295,762,431,1294,82,204,92,262,13,34,165,431,1767,5196
Dublin South-West,2ae19629-1cb3-13a3-e055-000000000001,"Tallaght-Avonbeg, South Dublin",156,493,215,511,18,54,147,388,11,27,11,27,27,59,585,1559
Dublin South-West,2ae19629-1cb4-13a3-e055-000000000001,"Tallaght-Belgard, South Dublin",159,529,299,681,72,267,11,42,2,8,6,15,31,86,580,1628
Dublin Mid-West,2ae19629-1cb5-13a3-e055-000000000001,"Tallaght-Fettercairn, South Dublin",1020,3317,237,639,474,1358,1373,4728,230,768,17,42,118,344,3469,11196
Dublin South-West,2ae19629-1cb6-13a3-e055-000000000001,"Tallaght-Glenview, South Dublin",196,551,253,526,294,799,62,135,33,83,4,7,34,90,876,2191
Dublin South-West,2ae19629-1cb7-13a3-e055-000000000001,"Tallaght-Jobstown, South Dublin",1852,6146,503,1309,1226,3968,1682,5597,231,626,25,63,192,550,5711,18259
Dublin South-West,2ae19629-1cb8-13a3-e055-000000000001,"Tallaght-Killinardan, South Dublin",184,608,206,496,87,261,698,2224,62,215,4,5,37,102,1278,3911
Dublin South-West,2ae19629-1cca-13a3-e055-000000000001,"Tallaght-Kilnamanagh, South Dublin",477,1659,890,2163,91,302,11,38,13,52,20,45,50,149,1552,4408
Dublin South-West,2ae19629-1ccb-13a3-e055-000000000001,"Tallaght-Kiltipper, South Dublin",1194,3854,522,1275,396,1205,675,2245,167,536,14,33,127,352,3095,9500
Dublin South-West,2ae19629-1ccc-13a3-e055-000000000001,"Tallaght-Kingswood, South Dublin",424,1462,599,1319,273,828,54,136,3,9,23,69,123,466,1499,4289
Dublin South-West,2ae19629-1ccd-13a3-e055-000000000001,"Tallaght-Millbrook, South Dublin",377,1252,688,1411,103,375,40,123,11,16,11,27,60,154,1290,3358
Dublin South-West,2ae19629-1cce-13a3-e055-000000000001,"Tallaght-Oldbawn, South Dublin",493,1700,762,1798,200,596,44,105,25,51,9,21,50,119,1583,4390
Dublin South-West,2ae19629-1ccf-13a3-e055-000000000001,"Tallaght-Springfield, South Dublin",703,2208,909,1994,1583,4718,237,652,252,558,14,34,133,366,3831,10530
Dublin South-West,2ae19629-1cd0-13a3-e055-000000000001,"Tallaght-Tymon, South Dublin",507,1738,715,1567,128,417,423,1051,34,96,15,36,57,155,1879,5060
Dublin South-West,2ae19629-1cd6-13a3-e055-000000000001,"Templeogue Village, South Dublin",233,888,355,774,213,505,4,11,4,11,15,40,21,49,845,2278
Dublin South-West,2ae19629-1cd1-13a3-e055-000000000001,"Templeogue-Cypress, South Dublin",291,1069,581,1310,79,256,2,5,1,1,14,47,15,38,983,2726
Dublin South-West,2ae19629-1cd2-13a3-e055-000000000001,"Templeogue-Kimmage Manor, South Dublin",643,2261,791,1753,239,745,11,26,15,17,19,40,40,106,1758,4948
Dublin South-West,2ae19629-1cd3-13a3-e055-000000000001,"Templeogue-Limekiln, South Dublin",476,1595,756,1671,73,254,51,140,23,58,14,28,38,83,1431,3829
Dublin South-West,2ae19629-1cd4-13a3-e055-000000000001,"Templeogue-Orwell, South Dublin",190,741,487,1114,27,95,0,0,0,0,10,31,13,27,727,2008
Dublin South-West,2ae19629-1cd5-13a3-e055-000000000001,"Templeogue-Osprey, South Dublin",230,829,527,1191,52,164,6,9,1,2,9,26,15,37,840,2258
Dublin South-West,2ae19629-1cd7-13a3-e055-000000000001,"Terenure-Cherryfield, South Dublin",286,892,414,897,110,278,29,38,3,3,14,32,29,82,885,2222
Dublin South-West,2ae19629-1ce6-13a3-e055-000000000001,"Terenure-Greentrees, South Dublin",382,1353,578,1221,79,228,9,26,0,0,26,53,39,86,1113,2967
Dublin South-West,2ae19629-1ce7-13a3-e055-000000000001,"Terenure-St. James, South Dublin",321,968,639,1208,46,142,3,12,1,1,13,34,22,45,1045,2410
Dublin Fingal West,2ae19629-1eef-13a3-e055-000000000001,"Airport, Fingal",317,666,82,125,1124,2991,109,313,47,120,13,26,247,699,1939,4940
Dublin Fingal West,2ae19629-1ef0-13a3-e055-000000000001,"Balbriggan Rural, Fingal",2695,8796,867,2179,1245,4066,883,2920,210,723,46,102,174,515,6120,19301
Dublin Fingal West,2ae19629-1ef1-13a3-e055-000000000001,"Balbriggan Urban, Fingal",928,3052,979,2222,631,1687,256,645,22,74,39,87,110,300,2965,8067
Dublin Bay North,2ae19629-1ef2-13a3-e055-000000000001,"Baldoyle, Fingal",1095,3430,1098,2512,391,1113,195,495,72,143,34,66,99,259,2984,8018
Dublin Bay North,2ae19629-1e22-13a3-e055-000000000001,"Balgriffin, Fingal",503,1677,136,383,349,1219,91,283,63,181,14,34,82,229,1238,4006
Dublin Fingal West,2ae19629-1e33-13a3-e055-000000000001,"Ballyboghil, Fingal",192,749,178,482,37,101,46,175,9,48,4,16,7,24,473,1595
Dublin Fingal West,2ae19629-1e35-13a3-e055-000000000001,"Balscadden, Fingal",82,314,112,343,15,43,3,7,0,0,4,10,3,11,219,728
Dublin West,2ae19629-1cc5-13a3-e055-000000000001,"Blanchardstown-Abbotstown, Fingal",695,2164,233,565,775,2304,104,373,20,73,12,25,96,291,1935,5795
Dublin West,2ae19629-1cc6-13a3-e055-000000000001,"Blanchardstown-Blakestown, Fingal",6136,21289,2671,7098,3052,11183,440,1659,207,701,57,155,713,2220,13276,44305
Dublin West,2ae19629-1cc7-13a3-e055-000000000001,"Blanchardstown-Coolmine, Fingal",999,3431,852,2139,801,2790,734,2192,33,105,21,61,125,375,3565,11093
Dublin West,2ae19629-1cc8-13a3-e055-000000000001,"Blanchardstown-Corduff, Fingal",244,821,424,971,118,390,394,1260,16,54,6,23,74,196,1276,3715
Dublin West,2ae19629-1cc9-13a3-e055-000000000001,"Blanchardstown-Delwood, Fingal",497,1604,783,1646,431,1436,41,123,12,32,27,53,101,274,1892,5168
Dublin West,2ae19629-1cdd-13a3-e055-000000000001,"Blanchardstown-Mulhuddart, Fingal",466,1565,99,257,319,1160,322,1018,15,61,6,22,50,170,1277,4253
Dublin West,2ae19629-1cde-13a3-e055-000000000001,"Blanchardstown-Roselawn, Fingal",148,519,403,818,47,180,26,61,5,17,10,25,17,32,656,1652
Dublin West,2ae19629-1cdf-13a3-e055-000000000001,"Blanchardstown-Tyrrelstown, Fingal",54,172,26,71,104,341,523,1732,297,954,2,6,19,60,1025,3336
Dublin West,2ae19629-1ce5-13a3-e055-000000000001,"Castleknock-Knockmaroon, Fingal",2613,8891,2371,5940,1551,4971,88,263,36,113,54,133,216,570,6929,20881
Dublin West,2ae19629-1cf6-13a3-e055-000000000001,"Castleknock-Park, Fingal",683,2273,885,2058,516,1417,44,111,22,49,28,81,83,201,2261,6190
Dublin Fingal West,2ae19629-1d17-13a3-e055-000000000001,"Clonmethan, Fingal",114,414,103,271,20,75,30,101,2,8,3,4,8,23,280,896
Dublin Fingal East,2ae19629-1d38-13a3-e055-000000000001,"Donabate, Fingal",1909,6435,1033,2626,474,1305,199,584,70,227,46,92,122,399,3853,11668
Dublin Fingal West,2ae19629-1d39-13a3-e055-000000000001,"Dubber, Fingal",1011,3140,227,545,1017,3016,205,603,164,416,11,30,239,669,2874,8419
Dublin Fingal West,2ae19629-1d7d-13a3-e055-000000000001,"Garristown, Fingal",176,684,229,653,30,93,51,168,9,37,11,21,19,55,525,1711
Dublin Fingal West,2ae19629-1d94-13a3-e055-000000000001,"Hollywood, Fingal",214,771,183,461,39,117,13,31,2,6,12,26,21,65,484,1477
Dublin Fingal West,2ae19629-1d95-13a3-e055-000000000001,"Holmpatrick, Fingal",535,1957,715,1698,62,192,33,113,1,1,17,47,20,55,1383,4063
Dublin Bay North,2ae19629-1daf-13a3-e055-000000000001,"Howth, Fingal",880,3211,1738,3874,346,874,49,116,3,4,55,114,54,147,3125,8340
Dublin Fingal West,2ae19629-1dc5-13a3-e055-000000000001,"Kilsallaghan, Fingal",221,827,308,802,41,120,84,253,2,9,12,25,91,263,759,2299
Dublin Fingal East,2ae19629-1dc6-13a3-e055-000000000001,"Kinsaley, Fingal",1719,5426,710,1850,875,2532,161,447,79,217,26,59,176,499,3746,11030
Dublin West,2ae19629-1dc9-13a3-e055-000000000001,"Lucan North, Fingal",267,1045,121,349,73,209,1,6,0,0,1,1,14,51,477,1661
Dublin Fingal West,2ae19629-1ddf-13a3-e055-000000000001,"Lusk, Fingal",1657,5704,808,2116,411,1368,246,862,28,86,28,61,152,504,3330,10701
Dublin Fingal East,2ae19629-1de0-13a3-e055-000000000001,"Malahide East, Fingal",965,3316,1258,2780,672,1653,67,162,6,9,38,94,110,246,3116,8260
Dublin Fingal East,2ae19629-1de1-13a3-e055-000000000001,"Malahide West, Fingal",701,2539,1110,2579,247,736,37,65,0,0,21,39,25,66,2141,6024
Dublin Fingal East,2ae19629-1de5-13a3-e055-000000000001,"Portmarnock North, Fingal",428,1681,909,2105,42,131,0,0,0,0,12,21,32,90,1423,4028
Dublin Fingal East,2ae19629-1dfe-13a3-e055-000000000001,"Portmarnock South, Fingal",661,2139,651,1479,291,719,46,118,18,61,11,24,63,138,1741,4678
Dublin Fingal West,2ae19629-1e15-13a3-e055-000000000001,"Rush, Fingal",1412,4912,1116,2825,494,1629,281,971,68,294,41,97,129,368,3541,11096
Dublin Fingal West,2ae19629-1c9f-13a3-e055-000000000001,"Skerries, Fingal",1140,4091,1212,2830,366,1074,243,665,9,30,46,107,79,205,3095,9002
Dublin Bay North,2ae19629-1ca6-13a3-e055-000000000001,"Sutton, Fingal",637,2184,1218,2577,264,758,11,31,2,7,43,92,47,119,2222,5768
Dublin Fingal East,2ae19629-1cb2-13a3-e055-000000000001,"Swords Village, Fingal",253,770,362,796,302,796,42,119,16,80,14,28,32,89,1021,2678
Dublin Fingal East,2ae19629-1ca8-13a3-e055-000000000001,"Swords-Forrest, Fingal",2367,7895,1463,3544,1074,3305,151,487,39,114,29,78,211,633,5334,16056
Dublin Fingal East,2ae19629-1ca7-13a3-e055-000000000001,"Swords-Glasmore, Fingal",971,3452,903,2347,272,1008,221,631,9,32,31,73,68,195,2475,7738
Dublin Fingal East,2ae19629-1cb0-13a3-e055-000000000001,"Swords-Lissenhall, Fingal",1741,5773,749,1898,791,2525,373,1120,112,279,22,60,135,397,3923,12052
Dublin Fingal East,2ae19629-1cb1-13a3-e055-000000000001,"Swords-Seatown, Fingal",992,3404,838,2070,486,1531,55,157,45,83,18,32,45,122,2479,7399
Dublin West,2ae19629-1ce8-13a3-e055-000000000001,"The Ward, Fingal",1859,6643,264,786,954,3597,216,921,74,319,19,50,267,883,3653,13199
Dublin Fingal West,2ae19629-1cea-13a3-e055-000000000001,"Turnapin, Fingal",200,650,246,630,81,296,19,59,0,0,7,13,16,61,569,1709
Dublin Rathdown,2ae19629-1e25-13a3-e055-000000000001,"Ballinteer-Broadford, Dún Laoghaire-Rathdown",282,967,580,1262,61,197,9,18,0,0,5,8,20,45,957,2497
Dublin Rathdown,2ae19629-1e26-13a3-e055-000000000001,"Ballinteer-Ludford, Dún Laoghaire-Rathdown",237,850,468,1032,43,136,3,11,0,0,10,21,25,61,786,2111
Dublin Rathdown,2ae19629-1e27-13a3-e055-000000000001,"Ballinteer-Marley, Dún Laoghaire-Rathdown",239,840,508,1133,64,233,3,8,0,0,12,24,6,14,832,2252
Dublin Rathdown,2ae19629-1e28-13a3-e055-000000000001,"Ballinteer-Meadowbroads, Dún Laoghaire-Rathdown",198,745,348,714,47,146,0,0,0,0,10,19,6,21,609,1645
Dublin Rathdown,2ae19629-1e29-13a3-e055-000000000001,"Ballinteer-Meadowmount, Dún Laoghaire-Rathdown",187,642,330,724,26,78,132,346,2,3,8,18,6,12,691,1823
Dublin Rathdown,2ae19629-1e24-13a3-e055-000000000001,"Ballinteer-Woodpark, Dún Laoghaire-Rathdown",660,2208,890,1926,335,913,50,140,38,58,20,34,44,99,2037,5378
Dún Laoghaire,2ae19629-1e34-13a3-e055-000000000001,"Ballybrack, Dún Laoghaire-Rathdown",308,1189,553,1280,36,129,64,197,1,8,16,43,11,21,989,2867
Dún Laoghaire,2ae19629-1e38-13a3-e055-000000000001,"Blackrock-Booterstown, Dún Laoghaire-Rathdown",334,1081,496,962,511,1299,11,22,1,4,27,53,33,86,1413,3507
Dún Laoghaire,2ae19629-1cbe-13a3-e055-000000000001,"Blackrock-Carysfort, Dún Laoghaire-Rathdown",655,2191,849,1891,547,1622,37,75,23,38,22,48,52,138,2185,6003
Dún Laoghaire,2ae19629-1cbf-13a3-e055-000000000001,"Blackrock-Central, Dún Laoghaire-Rathdown",344,1200,605,1328,330,949,25,32,2,5,33,77,29,64,1368,3655
Dún Laoghaire,2ae19629-1cc0-13a3-e055-000000000001,"Blackrock-Glenomena, Dún Laoghaire-Rathdown",184,684,291,687,200,589,2,2,1,2,8,16,12,28,698,2008
Dún Laoghaire,2ae19629-1e36-13a3-e055-000000000001,"Blackrock-Monkstown, Dún Laoghaire-Rathdown",374,1254,614,1249,318,733,4,9,4,18,27,48,38,108,1379,3419
Dún Laoghaire,2ae19629-1cc1-13a3-e055-000000000001,"Blackrock-Newpark, Dún Laoghaire-Rathdown",254,898,387,892,59,189,35,66,5,8,15,28,19,51,774,2132
Dún Laoghaire,2ae19629-1e37-13a3-e055-000000000001,"Blackrock-Seapoint, Dún Laoghaire-Rathdown",126,479,251,596,139,340,4,12,4,4,17,41,14,40,555,1512
Dún Laoghaire,2ae19629-1cc2-13a3-e055-000000000001,"Blackrock-Stradbrook, Dún Laoghaire-Rathdown",316,1076,442,924,114,331,53,165,7,16,17,40,28,57,977,2609
Dún Laoghaire,2ae19629-1cc3-13a3-e055-000000000001,"Blackrock-Templehill, Dún Laoghaire-Rathdown",255,847,390,908,227,581,136,320,6,21,29,64,27,63,1070,2804
Dún Laoghaire,2ae19629-1cc4-13a3-e055-000000000001,"Blackrock-Williamstown, Dún Laoghaire-Rathdown",217,686,373,761,329,850,42,62,8,12,35,74,54,137,1058,2582
Dún Laoghaire,2ae19629-1ce1-13a3-e055-000000000001,"Cabinteely-Granitefield, Dún Laoghaire-Rathdown",310,1072,478,1030,133,355,17,44,39,91,15,28,16,34,1008,2654
Dún Laoghaire,2ae19629-1ce2-13a3-e055-000000000001,"Cabinteely-Kilbogget, Dún Laoghaire-Rathdown",289,1096,454,1091,25,94,119,335,5,22,8,21,16,40,916,2699
Dún Laoghaire,2ae19629-1ce3-13a3-e055-000000000001,"Cabinteely-Loughlinstown, Dún Laoghaire-Rathdown",755,2158,383,894,691,1921,75,217,28,67,14,29,47,122,1993,5408
Dún Laoghaire,2ae19629-1ce4-13a3-e055-000000000001,"Cabinteely-Pottery, Dún Laoghaire-Rathdown",573,2006,872,1914,231,711,77,175,33,68,18,49,25,59,1829,4982
Dublin Rathdown,2ae19629-1cf7-13a3-e055-000000000001,"Churchtown-Castle, Dún Laoghaire-Rathdown",241,763,250,508,120,340,101,189,9,32,9,19,16,42,746,1893
Dublin Rathdown,2ae19629-1cf8-13a3-e055-000000000001,"Churchtown-Landscape, Dún Laoghaire-Rathdown",165,643,265,650,49,129,0,0,0,0,3,4,7,19,489,1445
Dublin Rathdown,2ae19629-1cf9-13a3-e055-000000000001,"Churchtown-Nutgrove, Dún Laoghaire-Rathdown",384,1241,524,1145,128,445,104,263,1,11,22,37,23,57,1186,3199
Dublin Rathdown,2ae19629-1cfa-13a3-e055-000000000001,"Churchtown-Orwell, Dún Laoghaire-Rathdown",229,809,353,774,83,227,3,6,0,0,13,24,8,30,689,1870
Dublin Rathdown,2ae19629-1cfb-13a3-e055-000000000001,"Churchtown-Woodlawn, Dún Laoghaire-Rathdown",157,590,277,612,92,249,12,33,0,0,9,29,6,23,553,1536
Dublin Rathdown,2ae19629-1d19-13a3-e055-000000000001,"Clonskeagh-Belfield, Dún Laoghaire-Rathdown",87,290,130,296,668,2162,29,79,15,36,5,16,110,301,1044,3180
Dublin Rathdown,2ae19629-1d1a-13a3-e055-000000000001,"Clonskeagh-Farranboley, Dún Laoghaire-Rathdown",198,571,245,502,133,388,115,215,1,5,12,23,24,80,728,1784
Dublin Rathdown,2ae19629-1d18-13a3-e055-000000000001,"Clonskeagh-Milltown, Dún Laoghaire-Rathdown",213,773,294,672,205,626,4,13,2,6,15,46,48,123,781,2259
Dublin Rathdown,2ae19629-1d1b-13a3-e055-000000000001,"Clonskeagh-Roebuck, Dún Laoghaire-Rathdown",335,1085,446,1011,354,887,65,152,6,15,35,74,62,142,1303,3366
Dublin Rathdown,2ae19629-1d1c-13a3-e055-000000000001,"Clonskeagh-Windy Arbour, Dún Laoghaire-Rathdown",305,994,388,832,329,934,15,40,5,8,22,51,14,25,1078,2884
Dún Laoghaire,2ae19629-1d1d-13a3-e055-000000000001,"Dalkey Hill, Dún Laoghaire-Rathdown",112,358,326,685,89,216,65,94,0,0,6,7,17,43,615,1403
Dún Laoghaire,2ae19629-1d1e-13a3-e055-000000000001,"Dalkey Upper, Dún Laoghaire-Rathdown",232,880,456,1052,61,190,2,4,0,0,9,21,12,41,772,2188
Dún Laoghaire,2ae19629-1d1f-13a3-e055-000000000001,"Dalkey-Avondale, Dún Laoghaire-Rathdown",164,622,317,698,23,83,0,0,0,0,8,17,16,42,528,1462
Dún Laoghaire,2ae19629-1d20-13a3-e055-000000000001,"Dalkey-Bullock, Dún Laoghaire-Rathdown",156,536,375,791,111,285,14,29,0,0,16,26,14,32,686,1699
Dún Laoghaire,2ae19629-1d37-13a3-e055-000000000001,"Dalkey-Coliemore, Dún Laoghaire-Rathdown",103,348,292,630,90,204,35,59,37,40,13,22,11,29,581,1332
Dublin Rathdown,2ae19629-1d5a-13a3-e055-000000000001,"Dundrum-Balally, Dún Laoghaire-Rathdown",645,2063,843,1919,1239,3295,287,763,137,350,37,83,118,268,3306,8741
Dublin Rathdown,2ae19629-1d5b-13a3-e055-000000000001,"Dundrum-Kilmacud, Dún Laoghaire-Rathdown",344,1131,427,1001,388,987,90,236,28,58,21,46,40,90,1338,3549
Dublin Rathdown,2ae19629-1d5c-13a3-e055-000000000001,"Dundrum-Sandyford, Dún Laoghaire-Rathdown",756,2190,895,1948,1044,2597,154,399,56,133,25,67,72,170,3002,7504
Dublin Rathdown,2ae19629-1d5d-13a3-e055-000000000001,"Dundrum-Sweetmount, Dún Laoghaire-Rathdown",230,830,400,860,365,884,6,15,13,26,9,25,23,47,1046,2687
Dublin Rathdown,2ae19629-1d5e-13a3-e055-000000000001,"Dundrum-Taney, Dún Laoghaire-Rathdown",309,1078,430,914,128,365,95,285,2,6,14,34,31,83,1009,2765
Dún Laoghaire,2ae19629-1d3a-13a3-e055-000000000001,"Dún Laoghaire-East Central, Dún Laoghaire-Rathdown",193,612,317,656,442,921,11,18,5,11,25,47,24,57,1017,2322
Dún Laoghaire,2ae19629-1d3b-13a3-e055-000000000001,"Dún Laoghaire-Glasthule, Dún Laoghaire-Rathdown",297,1013,516,1113,208,521,31,66,34,38,19,35,25,53,1130,2839
Dún Laoghaire,2ae19629-1d3c-13a3-e055-000000000001,"Dún Laoghaire-Glenageary, Dún Laoghaire-Rathdown",354,1262,381,934,765,1954,54,125,71,168,14,23,35,74,1674,4540
Dún Laoghaire,2ae19629-1d3d-13a3-e055-000000000001,"Dún Laoghaire-Monkstown Farm, Dún Laoghaire-Rathdown",280,880,298,621,181,505,69,183,31,63,11,23,23,51,893,2326
Dún Laoghaire,2ae19629-1d3e-13a3-e055-000000000001,"Dún Laoghaire-Mount Town, Dún Laoghaire-Rathdown",146,466,164,388,52,138,298,867,15,39,10,22,7,21,692,1941
Dún Laoghaire,2ae19629-1d3f-13a3-e055-000000000001,"Dún Laoghaire-Sallynoggin East, Dún Laoghaire-Rathdown",313,1115,484,1088,52,159,171,403,8,27,18,48,11,37,1057,2877
Dún Laoghaire,2ae19629-1d40-13a3-e055-000000000001,"Dún Laoghaire-Sallynoggin South, Dún Laoghaire-Rathdown",167,534,233,462,58,154,131,256,9,20,10,13,8,12,616,1451
Dún Laoghaire,2ae19629-1d41-13a3-e055-000000000001,"Dún Laoghaire-Sallynoggin West, Dún Laoghaire-Rathdown",362,1247,396,932,561,1565,186,449,57,152,16,28,17,44,1595,4417
Dún Laoghaire,2ae19629-1d57-13a3-e055-000000000001,"Dún Laoghaire-Salthill, Dún Laoghaire-Rathdown",134,416,254,511,290,682,48,89,8,9,13,38,16,33,763,1778
Dún Laoghaire,2ae19629-1d58-13a3-e055-000000000001,"Dún Laoghaire-Sandycove, Dún Laoghaire-Rathdown",334,1224,707,1655,189,506,121,136,2,2,23,52,25,60,1401,3635
Dún Laoghaire,2ae19629-1d59-13a3-e055-000000000001,"Dún Laoghaire-West Central, Dún Laoghaire-Rathdown",208,576,280,566,391,934,205,376,8,20,14,24,15,37,1121,2533
Dún Laoghaire,2ae19629-1d79-13a3-e055-000000000001,"Foxrock-Beechpark, Dún Laoghaire-Rathdown",218,896,353,731,30,106,6,7,0,0,7,16,6,20,620,1776
Dublin Rathdown,2ae19629-1d7a-13a3-e055-000000000001,"Foxrock-Carrickmines, Dún Laoghaire-Rathdown",729,2632,1146,2679,209,637,16,61,1,2,24,48,59,165,2184,6224
Dún Laoghaire,2ae19629-1d7b-13a3-e055-000000000001,"Foxrock-Deansgrange, Dún Laoghaire-Rathdown",291,1140,460,1070,63,213,3,8,0,0,13,24,18,47,848,2502
Dublin Rathdown,2ae19629-1d7c-13a3-e055-000000000001,"Foxrock-Torquay, Dún Laoghaire-Rathdown",158,555,289,675,87,286,1,1,1,3,7,15,18,52,561,1587
Dublin Rathdown,2ae19629-1d7e-13a3-e055-000000000001,"Glencullen, Dún Laoghaire-Rathdown",3472,11383,1572,4085,1793,5067,529,1569,259,666,58,142,207,501,7890,23413
Dún Laoghaire,2ae19629-1db0-13a3-e055-000000000001,"Killiney North, Dún Laoghaire-Rathdown",379,1385,670,1557,110,291,22,51,0,0,28,68,19,57,1228,3409
Dún Laoghaire,2ae19629-1db1-13a3-e055-000000000001,"Killiney South, Dún Laoghaire-Rathdown",613,1917,772,1779,206,655,572,1767,51,125,20,39,22,47,2256,6329
Dún Laoghaire,2ae19629-1e17-13a3-e055-000000000001,"Shankill-Rathmichael, Dún Laoghaire-Rathdown",675,2248,728,1705,290,817,252,756,13,25,33,89,36,98,2027,5738
Dún Laoghaire,94b26e15-6ed2-44c2-a0b0-207c369a2da8,"Shankill-Rathsallagh, Dún Laoghaire-Rathdown",301,1040,441,1019,76,246,309,839,8,15,9,14,11,37,1155,3210
Dún Laoghaire,2ae19629-1e19-13a3-e055-000000000001,"Shankill-Shanganagh, Dún Laoghaire-Rathdown",701,2382,838,1948,287,925,38,134,6,25,23,33,38,114,1931,5561
Dublin Rathdown,2ae19629-1ca0-13a3-e055-000000000001,"Stillorgan-Deerpark, Dún Laoghaire-Rathdown",323,1280,545,1266,85,313,0,0,14,14,10,23,24,54,1001,2950
Dublin Rathdown,2ae19629-1ca1-13a3-e055-000000000001,"Stillorgan-Kilmacud, Dún Laoghaire-Rathdown",519,1846,766,1660,183,573,6,11,15,28,24,52,31,97,1544,4267
Dublin Rathdown,2ae19629-1ca2-13a3-e055-000000000001,"Stillorgan-Leopardstown, Dún Laoghaire-Rathdown",229,826,412,904,402,1036,13,29,52,104,14,33,19,46,1141,2978
Dublin Rathdown,2ae19629-1ca3-13a3-e055-000000000001,"Stillorgan-Merville, Dún Laoghaire-Rathdown",325,1201,496,1140,272,730,30,46,5,21,23,44,22,49,1173,3231
Dublin Rathdown,2ae19629-1ca4-13a3-e055-000000000001,"Stillorgan-Mount Merrion, Dún Laoghaire-Rathdown",291,1122,442,1068,75,232,0,0,1,1,15,31,15,38,839,2492
Dún Laoghaire,2ae19629-1ca5-13a3-e055-000000000001,"Stillorgan-Priory, Dún Laoghaire-Rathdown",227,761,350,814,220,575,27,61,1,1,10,22,21,50,856,2284
Dublin Rathdown,2ae19629-1ce9-13a3-e055-000000000001,"Tibradden, Dún Laoghaire-Rathdown",103,345,89,222,65,164,2,11,1,3,19,52,14,39,293,836
Kildare South,2ae19629-229d-13a3-e055-000000000001,"Athy East Urban, Kildare",453,1414,500,1065,376,999,180,500,43,69,25,54,53,130,1630,4231
Kildare South,2ae19629-223b-13a3-e055-000000000001,"Athy Rural, Kildare",546,1752,402,930,220,689,198,676,66,177,22,62,45,102,1499,4388
Kildare South,2ae19629-223c-13a3-e055-000000000001,"Athy West Urban, Kildare",293,932,321,627,210,569,218,626,52,136,14,34,69,159,1177,3083
Kildare South,2ae19629-223d-13a3-e055-000000000001,"Ballaghmoon, Kildare",27,95,41,98,4,11,0,0,0,0,2,8,4,9,78,221
Kildare South,2ae19629-2248-13a3-e055-000000000001,"Ballitore, Kildare",132,455,129,349,32,89,90,240,0,0,8,14,34,88,425,1235
Kildare South,2ae19629-2249-13a3-e055-000000000001,"Ballybrackan, Kildare",88,314,93,242,15,41,11,33,0,0,4,10,8,19,219,659
Kildare South,2ae19629-224a-13a3-e055-000000000001,"Ballymore Eustace, Kildare",168,593,277,675,52,129,42,119,2,6,14,28,25,59,580,1609
Kildare North,2ae19629-224b-13a3-e055-000000000001,"Ballynadrumny, Kildare",64,224,99,231,24,71,6,17,0,0,6,11,12,32,211,586
Kildare South,2ae19629-2257-13a3-e055-000000000001,"Ballysax East, Kildare",247,834,251,648,88,226,60,231,4,8,24,53,32,91,706,2091
Kildare South,2ae19629-2258-13a3-e055-000000000001,"Ballysax West, Kildare",135,478,176,428,32,75,25,73,2,8,20,47,22,66,412,1175
Kildare South,2ae19629-2259-13a3-e055-000000000001,"Ballyshannon, Kildare",232,915,221,610,38,86,35,110,32,99,7,11,12,31,577,1862
Kildare North,2ae19629-2264-13a3-e055-000000000001,"Balraheen, Kildare",242,982,301,846,37,111,31,86,0,0,14,36,36,98,661,2159
Kildare South,2ae19629-2265-13a3-e055-000000000001,"Belan, Kildare",31,110,55,153,14,38,1,2,0,0,1,2,5,10,107,315
Kildare South,2ae19629-2266-13a3-e055-000000000001,"Bert, Kildare",18,59,38,90,10,20,0,0,0,0,1,1,1,1,68,171
Kildare North,2ae19629-2267-13a3-e055-000000000001,"Bodenstown, Kildare",655,2286,508,1338,272,755,155,484,32,111,23,49,46,124,1691,5147
Kildare South,2ae19629-2273-13a3-e055-000000000001,"Burtown, Kildare",43,155,80,205,15,25,0,0,0,0,7,16,1,3,146,404
Kildare North,2ae19629-2274-13a3-e055-000000000001,"Cadamstown, Kildare",191,737,166,435,52,137,10,19,0,0,8,25,30,86,457,1439
Kildare South,2ae19629-2275-13a3-e055-000000000001,"Carbury, Kildare",270,931,289,740,43,117,112,379,1,6,11,33,44,123,770,2329
Kildare South,2ae19629-227f-13a3-e055-000000000001,"Carnalway, Kildare",249,893,274,704,135,315,11,31,6,19,18,35,16,46,709,2043
Kildare North,2ae19629-2280-13a3-e055-000000000001,"Carragh, Kildare",261,1065,201,545,45,129,19,59,0,0,11,22,23,65,560,1885
Kildare South,2ae19629-2281-13a3-e055-000000000001,"Carrick, Kildare",43,168,36,91,8,23,0,0,0,0,2,7,9,17,98,306
Kildare South,2ae19629-228c-13a3-e055-000000000001,"Carrigeen, Kildare",77,282,123,303,15,36,3,5,0,0,6,14,11,28,235,668
Kildare South,2ae19629-228d-13a3-e055-000000000001,"Castledermot, Kildare",198,688,235,519,79,240,81,240,13,26,16,37,35,90,657,1840
Kildare North,2ae19629-228e-13a3-e055-000000000001,"Celbridge, Kildare",2289,7786,1841,4460,695,2187,237,788,87,198,58,123,143,411,5350,15953
Kildare South,2ae19629-2298-13a3-e055-000000000001,"Churchtown, Kildare",73,252,98,236,6,18,9,25,1,1,4,7,7,21,198,560
Kildare North,2ae19629-2299-13a3-e055-000000000001,"Clane, Kildare",1287,4233,834,2027,554,1530,217,669,30,67,23,53,130,361,3075,8940
Kildare North,2ae19629-229a-13a3-e055-000000000001,"Cloncurry, Kildare, 087026",219,838,219,633,32,102,6,12,0,0,9,23,22,58,507,1666
Kildare South,2ae19629-22a4-13a3-e055-000000000001,"Cloncurry, Kildare, 087027",62,251,60,171,12,31,0,0,0,0,2,5,10,30,146,488
Kildare North,2ae19629-22a5-13a3-e055-000000000001,"Donadea, Kildare",111,419,130,341,28,76,0,0,0,0,4,12,10,25,283,873
Kildare North,2ae19629-22a6-13a3-e055-000000000001,"Donaghcumper, Kildare",1022,3504,605,1448,376,1041,90,283,34,60,25,50,65,196,2217,6582
Kildare North,2ae19629-22af-13a3-e055-000000000001,"Donore, Kildare",105,381,133,376,22,60,0,0,0,0,6,12,13,40,279,869
Kildare North,2ae19629-22b0-13a3-e055-000000000001,"Downings, Kildare",388,1419,356,849,90,266,116,387,2,9,13,33,48,155,1013,3118
Kildare South,2ae19629-22b1-13a3-e055-000000000001,"Drehid, Kildare",33,114,56,145,2,7,0,0,0,0,0,0,2,8,93,274
Kildare South,2ae19629-22b2-13a3-e055-000000000001,"Droichead Nua (Newbridge) Rural, Kildare",479,1861,291,761,44,117,13,31,2,5,13,34,21,71,863,2880
Kildare South,2ae19629-22bf-13a3-e055-000000000001,"Droichead Nua (Newbridge) Urban, Kildare",708,2251,908,1998,745,2041,391,1005,51,98,36,80,97,279,2936,7752
Kildare North,2ae19629-22c0-13a3-e055-000000000001,"Dunfierth, Kildare",99,374,131,338,13,29,3,11,0,0,5,19,10,30,261,801
Kildare South,2ae19629-22c1-13a3-e055-000000000001,"Dunmanoge, Kildare",48,174,84,225,6,17,14,41,0,0,3,4,2,4,157,465
Kildare South,2ae19629-22c2-13a3-e055-000000000001,"Dunmurry, Kildare",49,194,69,180,20,58,0,0,0,0,6,14,10,32,154,478
Kildare South,2ae19629-22c3-13a3-e055-000000000001,"Feighcullen, Kildare",70,262,112,289,10,25,7,16,0,0,5,14,12,46,216,652
Kildare South,2ae19629-21fb-13a3-e055-000000000001,"Fontstown, Kildare",48,177,78,231,7,23,0,0,0,0,5,13,4,12,142,456
Kildare South,2ae19629-21fc-13a3-e055-000000000001,"Gilltown, Kildare",110,399,176,483,26,71,1,1,0,0,28,60,8,19,349,1033
Kildare South,2ae19629-21fd-13a3-e055-000000000001,"Graney, Kildare",103,371,113,269,31,82,12,47,0,0,7,11,7,19,273,799
Kildare South,2ae19629-2204-13a3-e055-000000000001,"Grangemellon, Kildare",69,243,103,262,7,12,28,87,0,0,15,27,4,16,226,647
Kildare South,2ae19629-2205-13a3-e055-000000000001,"Harristown, Kildare",55,203,72,190,14,38,1,6,0,0,8,22,7,21,157,480
Kildare South,2ae19629-2206-13a3-e055-000000000001,"Inchaquire, Kildare",27,87,36,98,11,26,0,0,0,0,3,6,4,11,81,228
Kildare South,2ae19629-2207-13a3-e055-000000000001,"Johnstown, Kildare",19,79,34,91,4,7,0,0,0,0,2,3,4,18,63,198
Kildare South,2ae19629-2211-13a3-e055-000000000001,"Kilberry, Kildare",46,169,108,266,9,24,17,49,15,51,5,10,5,14,205,583
Kildare North,2ae19629-2212-13a3-e055-000000000001,"Kilcock, Kildare",1343,4467,529,1367,495,1423,194,562,119,389,16,40,156,465,2852,8713
Kildare South,2ae19629-2213-13a3-e055-000000000001,"Kilcullen, Kildare",553,1918,364,891,180,503,86,227,6,10,30,68,35,106,1254,3723
Kildare South,2ae19629-2208-13a3-e055-000000000001,"Kildangan, Kildare",102,381,88,240,15,26,9,35,12,35,9,20,4,11,239,748
Kildare South,2ae19629-2209-13a3-e055-000000000001,"Kildare, Kildare",1440,4828,920,2172,577,1736,486,1588,207,638,52,113,188,497,3870,11572
Kildare South,2ae19629-220a-13a3-e055-000000000001,"Kilkea, Kildare",46,166,78,201,13,30,2,4,0,0,1,2,3,9,143,412
Kildare North,2ae19629-2214-13a3-e055-000000000001,"Kill, Kildare",837,2860,627,1526,191,543,104,380,3,12,19,44,60,177,1841,5542
Kildare North,2ae19629-2215-13a3-e055-000000000001,"Killashee, Kildare",60,186,52,113,8,25,0,0,0,0,5,13,6,8,131,345
Kildare South,2ae19629-2216-13a3-e055-000000000001,"Killinthomas, Kildare",54,206,52,137,4,12,0,0,1,2,1,4,9,30,121,391
Kildare South,2ae19629-2217-13a3-e055-000000000001,"Kilmeage North, Kildare",365,1271,330,857,47,144,44,157,19,71,15,40,44,142,864,2682
Kildare South,2ae19629-2220-13a3-e055-000000000001,"Kilmeage South, Kildare",275,992,226,583,80,200,102,311,4,18,7,13,41,107,735,2224
Kildare South,2ae19629-2221-13a3-e055-000000000001,"Kilpatrick, Kildare",109,407,158,403,7,20,7,17,1,1,7,21,13,34,302,903
Kildare South,2ae19629-2222-13a3-e055-000000000001,"Kilrainy, Kildare",101,406,89,252,11,34,24,56,1,6,6,14,7,24,239,792
Kildare South,2ae19629-2223-13a3-e055-000000000001,"Kilrush, Kildare",104,397,85,221,15,31,0,0,0,0,2,5,17,49,223,703
Kildare North,2ae19629-222b-13a3-e055-000000000001,"Kilteel, Kildare",81,319,105,280,10,20,0,0,0,0,5,9,3,6,204,634
Kildare South,2ae19629-222c-13a3-e055-000000000001,"Lackagh, Kildare",110,400,110,330,12,32,4,18,0,0,8,11,18,47,262,838
Kildare North,2ae19629-222d-13a3-e055-000000000001,"Ladytown, Kildare",126,488,145,407,26,71,0,0,0,0,5,12,11,33,313,1011
Kildare North,2ae19629-223e-13a3-e055-000000000001,"Leixlip, Kildare",2084,7086,2313,5459,706,2230,306,900,128,400,39,106,161,435,5737,16616
Kildare South,2ae19629-223f-13a3-e055-000000000001,"Lullymore, Kildare",22,79,36,89,0,0,0,0,0,0,1,2,7,19,66,189
Kildare North,2ae19629-2240-13a3-e055-000000000001,"Maynooth, Kildare",2333,7746,1458,3670,1753,5159,194,686,53,139,62,115,257,723,6110,18238
Kildare South,2ae19629-224c-13a3-e055-000000000001,"Monasterevin, Kildare",871,2859,532,1258,310,825,178,523,55,171,23,47,72,198,2041,5881
Kildare South,2ae19629-224d-13a3-e055-000000000001,"Moone, Kildare",61,220,78,215,23,50,0,0,0,0,6,10,5,15,173,510
Kildare South,2ae19629-224e-13a3-e055-000000000001,"Morristownbiller, Kildare",2126,7273,1539,3678,792,2503,430,1464,208,693,50,129,162,488,5307,16228
Kildare North,2ae19629-225a-13a3-e055-000000000001,"Naas Rural, Kildare",564,1811,211,554,254,714,50,149,6,19,12,23,27,61,1124,3331
Kildare North,2ae19629-225b-13a3-e055-000000000001,"Naas Urban, Kildare",3560,11757,2582,6120,1720,5288,612,1910,122,364,67,135,201,542,8864,26116
Kildare South,2ae19629-225c-13a3-e055-000000000001,"Narraghmore, Kildare",116,470,96,285,20,72,7,22,0,0,11,21,4,19,254,889
Kildare North,2ae19629-2268-13a3-e055-000000000001,"Newtown, Kildare",165,633,108,303,21,65,1,5,0,0,3,4,4,14,302,1024
Kildare South,2ae19629-2269-13a3-e055-000000000001,"Nurney, Kildare",156,598,134,395,17,52,24,79,1,2,5,13,21,69,358,1208
Kildare South,2ae19629-226a-13a3-e055-000000000001,"Oldconnell, Kildare",125,499,114,314,17,43,1,3,0,0,11,25,37,114,305,998
Kildare North,2ae19629-226b-13a3-e055-000000000001,"Oughterard, Kildare",112,441,127,342,18,47,1,3,0,0,4,8,9,25,271,866
Kildare South,2ae19629-2276-13a3-e055-000000000001,"Pollardstown, Kildare",37,141,52,136,20,36,0,0,0,0,1,2,9,29,119,344
Kildare South,2ae19629-2277-13a3-e055-000000000001,"Quinsborough, Kildare",27,98,17,44,5,12,0,0,0,0,2,7,4,11,55,172
Kildare South,2ae19629-2278-13a3-e055-000000000001,"Rathangan, Kildare",464,1562,275,625,124,331,143,409,27,76,11,15,49,124,1093,3142
Kildare South,2ae19629-2279-13a3-e055-000000000001,"Rathernan, Kildare",80,278,93,263,14,46,1,4,0,0,4,9,28,88,220,688
Kildare North,2ae19629-2282-13a3-e055-000000000001,"Rathmore, Kildare",126,484,200,579,15,41,0,0,0,0,12,29,11,40,364,1173
Kildare South,2ae19629-2283-13a3-e055-000000000001,"Robertstown, Kildare",281,1002,273,669,59,175,79,279,6,27,15,29,65,179,778,2360
Kildare South,2ae19629-2284-13a3-e055-000000000001,"Skerries, Kildare",76,290,72,186,9,27,58,176,1,3,4,8,7,23,227,713
Kildare North,2ae19629-228f-13a3-e055-000000000001,"Straffan, Kildare",312,1147,294,747,86,251,15,41,0,0,24,56,27,75,758,2317
Kildare South,2ae19629-2290-13a3-e055-000000000001,"Thomastown, Kildare",143,552,97,287,19,56,5,21,1,3,7,14,21,71,293,1004
Kildare North,2ae19629-2291-13a3-e055-000000000001,"Timahoe North, Kildare",157,605,196,562,12,31,3,5,0,0,8,17,6,20,382,1240
Kildare South,2ae19629-2292-13a3-e055-000000000001,"Timahoe South, Kildare",130,500,74,195,14,43,15,40,0,0,4,7,17,59,254,844
Kildare South,2ae19629-229b-13a3-e055-000000000001,"Usk, Kildare",57,207,107,287,10,23,0,0,1,4,6,13,6,17,187,551
Kildare South,2ae19629-229c-13a3-e055-000000000001,"Windmill Cross, Kildare",191,695,135,328,30,93,14,61,1,4,5,9,15,42,391,1232
Carlow-Kilkenny,2ae19629-229e-13a3-e055-000000000001,"Aghaviller, Kilkenny",48,192,91,239,14,31,4,8,2,2,4,4,0,0,163,476
Carlow-Kilkenny,2ae19629-22a7-13a3-e055-000000000001,"Aglish, Kilkenny",106,383,182,432,19,55,15,35,0,0,7,14,24,64,353,983
Carlow-Kilkenny,2ae19629-22a8-13a3-e055-000000000001,"Attanagh, Kilkenny",43,154,68,201,16,42,0,0,0,0,2,3,2,5,131,405
Tipperary North,2ae19629-22a9-13a3-e055-000000000001,"Balleen, Kilkenny",56,227,96,247,8,17,1,1,0,0,3,3,7,17,171,512
Carlow-Kilkenny,2ae19629-22b3-13a3-e055-000000000001,"Ballinamara, Kilkenny",61,231,56,136,7,20,0,0,0,0,4,7,1,3,129,397
Carlow-Kilkenny,2ae19629-22b4-13a3-e055-000000000001,"Ballincrea, Kilkenny",37,136,57,165,7,20,0,0,1,2,1,4,6,23,109,350
Tipperary North,2ae19629-22b5-13a3-e055-000000000001,"Ballybeagh, Kilkenny",43,177,48,131,7,11,0,0,0,0,1,1,6,13,105,333
Carlow-Kilkenny,2ae19629-22c4-13a3-e055-000000000001,"Ballycallan, Kilkenny",54,202,76,219,4,10,1,3,0,0,4,7,8,19,147,460
Carlow-Kilkenny,2ae19629-22c5-13a3-e055-000000000001,"Ballyconra, Kilkenny",20,80,51,128,5,13,2,7,0,0,0,0,4,9,82,237
Carlow-Kilkenny,2ae19629-22c6-13a3-e055-000000000001,"Ballyhale, Kilkenny",53,184,69,148,14,33,11,40,11,17,6,12,1,1,165,435
Carlow-Kilkenny,2ae19629-21fe-13a3-e055-000000000001,"Ballyragget, Kilkenny",155,533,254,600,40,100,86,221,0,0,8,12,20,53,563,1519
Carlow-Kilkenny,2ae19629-21ff-13a3-e055-000000000001,"Ballyvool, Kilkenny",22,82,42,106,5,15,0,0,0,0,4,12,0,0,73,215
Tipperary North,2ae19629-2200-13a3-e055-000000000001,"Baunmore, Kilkenny",15,51,29,67,2,4,0,0,0,0,1,2,0,0,47,124
Carlow-Kilkenny,2ae19629-220b-13a3-e055-000000000001,"Bennettsbridge, Kilkenny",129,461,202,501,29,84,22,63,9,14,10,20,7,20,408,1163
Carlow-Kilkenny,2ae19629-220c-13a3-e055-000000000001,"Boolyglass, Kilkenny",18,64,30,86,2,7,1,1,0,0,0,0,0,0,51,158
Carlow-Kilkenny,2ae19629-220d-13a3-e055-000000000001,"Bramblestown, Kilkenny",37,158,38,108,6,20,0,0,0,0,1,6,2,9,84,301
Carlow-Kilkenny,2ae19629-220e-13a3-e055-000000000001,"Brownsford, Kilkenny",10,41,32,102,1,2,0,0,0,0,1,1,2,3,46,149
Carlow-Kilkenny,2ae19629-23b8-13a3-e055-000000000001,"Burnchurch, Kilkenny",67,285,101,279,7,19,1,5,0,0,4,5,8,24,188,617
Carlow-Kilkenny,2ae19629-23b9-13a3-e055-000000000001,"Callan Rural, Kilkenny",237,835,251,629,34,95,56,172,11,39,9,27,27,84,625,1881
Carlow-Kilkenny,2ae19629-23ba-13a3-e055-000000000001,"Callan Urban, Kilkenny",190,619,206,416,155,401,112,320,47,89,17,24,20,53,747,1922
Carlow-Kilkenny,2ae19629-23bb-13a3-e055-000000000001,"Castlebanny, Kilkenny",21,75,22,58,3,12,0,0,0,0,0,0,2,10,48,155
Carlow-Kilkenny,2ae19629-23bf-13a3-e055-000000000001,"Castlecomer, Kilkenny",238,770,407,931,87,225,124,315,19,40,29,50,24,58,928,2389
Carlow-Kilkenny,2ae19629-23c0-13a3-e055-000000000001,"Castlegannon, Kilkenny",22,81,21,60,2,6,0,0,0,0,2,7,4,7,51,161
Carlow-Kilkenny,2ae19629-23c1-13a3-e055-000000000001,"Clara, Kilkenny",58,234,115,299,17,43,4,10,0,0,2,3,9,27,205,616
Carlow-Kilkenny,2ae19629-23c5-13a3-e055-000000000001,"Clogh, Kilkenny",123,429,258,644,15,44,21,68,22,40,16,30,13,32,468,1287
Carlow-Kilkenny,2ae19629-23c6-13a3-e055-000000000001,"Clogharinka, Kilkenny",24,94,51,124,7,28,1,1,0,0,5,7,3,11,91,265
Tipperary North,2ae19629-23cb-13a3-e055-000000000001,"Clomantagh, Kilkenny",38,151,58,136,12,31,2,9,1,2,3,5,6,19,120,353
Carlow-Kilkenny,2ae19629-23cc-13a3-e055-000000000001,"Coolaghmore, Kilkenny",54,211,65,173,15,34,5,10,3,13,6,8,3,15,151,464
Carlow-Kilkenny,2ae19629-23cd-13a3-e055-000000000001,"Coolcraheen, Kilkenny",62,227,105,258,13,25,2,8,0,0,4,8,6,16,192,542
Carlow-Kilkenny,2ae19629-23d2-13a3-e055-000000000001,"Coolhill, Kilkenny",25,104,60,149,0,0,1,2,0,0,1,3,6,20,93,278
Carlow-Kilkenny,2ae19629-23d3-13a3-e055-000000000001,"Danesfort, Kilkenny",47,177,106,265,8,18,1,5,6,7,2,4,2,4,172,480
Carlow-Kilkenny,2ae19629-23d4-13a3-e055-000000000001,"Dunbell, Kilkenny",42,154,125,321,8,21,1,2,0,0,3,5,13,30,192,533
Carlow-Kilkenny,2ae19629-23d5-13a3-e055-000000000001,"Dunkitt, Kilkenny",129,422,198,490,20,47,0,0,0,0,9,17,13,33,369,1009
Carlow-Kilkenny,2ae19629-23d9-13a3-e055-000000000001,"Dunmore, Kilkenny",81,296,108,266,31,96,0,0,2,4,4,7,10,18,236,687
Carlow-Kilkenny,2ae19629-23da-13a3-e055-000000000001,"Dunnamaggan, Kilkenny",55,216,83,217,5,13,3,5,3,3,2,5,2,3,153,462
Carlow-Kilkenny,2ae19629-23db-13a3-e055-000000000001,"Dysartmoon, Kilkenny",26,100,53,137,3,7,2,8,0,0,3,7,4,8,91,267
Carlow-Kilkenny,2ae19629-23df-13a3-e055-000000000001,"Earlstown, Kilkenny",21,64,48,146,5,9,0,0,0,0,1,3,3,6,78,228
Carlow-Kilkenny,2ae19629-23e0-13a3-e055-000000000001,"Ennisnag, Kilkenny",75,284,85,185,17,58,2,6,0,0,2,6,2,4,183,543
Carlow-Kilkenny,2ae19629-23e1-13a3-e055-000000000001,"Famma, Kilkenny",35,136,63,155,6,20,1,1,0,0,9,18,4,12,118,342
Carlow-Kilkenny,2ae19629-23e6-13a3-e055-000000000001,"Farnoge, Kilkenny",45,175,55,141,4,11,0,0,0,0,4,5,1,3,109,335
Carlow-Kilkenny,2ae19629-23e7-13a3-e055-000000000001,"Fiddown, Kilkenny",131,469,169,394,34,92,12,44,1,1,11,38,10,24,368,1062
Carlow-Kilkenny,2ae19629-23e8-13a3-e055-000000000001,"Freaghana, Kilkenny",30,136,41,93,2,9,1,1,0,0,1,5,6,14,81,258
Tipperary North,2ae19629-23ec-13a3-e055-000000000001,"Freshford, Kilkenny",80,267,193,440,36,86,41,122,2,9,10,23,19,35,381,982
Tipperary North,2ae19629-23ed-13a3-e055-000000000001,"Galmoy, Kilkenny",36,143,66,162,7,23,0,0,0,0,5,8,6,22,120,358
Tipperary North,2ae19629-23f0-13a3-e055-000000000001,"Glashare, Kilkenny",36,143,62,157,3,7,0,0,0,0,3,4,2,6,106,317
Carlow-Kilkenny,2ae19629-23f1-13a3-e055-000000000001,"Goresbridge, Kilkenny",54,186,96,203,15,33,28,75,7,13,4,9,15,33,219,552
Carlow-Kilkenny,2ae19629-23f2-13a3-e055-000000000001,"Gowran, Kilkenny",184,666,213,528,41,108,56,140,5,6,12,23,23,67,534,1538
Carlow-Kilkenny,2ae19629-23f6-13a3-e055-000000000001,"Graiguenamanagh, Kilkenny",175,598,299,653,63,154,100,255,18,52,16,28,46,127,717,1867
Carlow-Kilkenny,2ae19629-23f7-13a3-e055-000000000001,"Grange, Kilkenny",111,413,145,375,18,43,3,10,0,0,1,4,4,11,282,856
Carlow-Kilkenny,2ae19629-23f8-13a3-e055-000000000001,"Inistioge, Kilkenny",70,245,199,416,40,73,16,46,0,0,13,23,23,51,361,854
Carlow-Kilkenny,2ae19629-23fc-13a3-e055-000000000001,"Jerpoint Church, Kilkenny",87,342,156,383,32,82,39,125,4,15,3,6,5,19,326,972
Carlow-Kilkenny,2ae19629-23fd-13a3-e055-000000000001,"Jerpoint West, Kilkenny",40,158,39,119,3,5,0,0,0,0,1,1,0,0,83,283
Tipperary North,2ae19629-23fe-13a3-e055-000000000001,"Johnstown, Kilkenny",69,235,156,361,33,92,41,106,0,0,9,20,13,25,321,839
Carlow-Kilkenny,2ae19629-2402-13a3-e055-000000000001,"Kells, Kilkenny",83,318,108,267,24,63,6,14,2,6,3,8,4,7,230,683
Carlow-Kilkenny,2ae19629-2403-13a3-e055-000000000001,"Kilbeacon, Kilkenny",22,89,37,115,1,2,0,0,0,0,1,1,5,12,66,219
Carlow-Kilkenny,2ae19629-2404-13a3-e055-000000000001,"Kilbride, Kilkenny",46,183,66,189,6,16,0,0,0,0,3,3,6,18,127,409
Carlow-Kilkenny,2ae19629-2408-13a3-e055-000000000001,"Kilcolumb, Kilkenny",73,255,110,309,7,23,0,0,0,0,1,2,14,35,205,624
Carlow-Kilkenny,2ae19629-2409-13a3-e055-000000000001,"Kilculliheen, Kilkenny",763,2403,419,923,361,1044,285,801,83,241,13,27,48,128,1972,5567
Carlow-Kilkenny,2ae19629-240a-13a3-e055-000000000001,"Kilfane, Kilkenny",35,129,55,133,4,11,0,0,0,0,6,10,2,7,102,290
Carlow-Kilkenny,2ae19629-240b-13a3-e055-000000000001,"Kilkeasy, Kilkenny",52,203,65,169,4,9,0,0,0,0,4,10,1,5,126,396
Carlow-Kilkenny,2ae19629-240c-13a3-e055-000000000001,"Kilkenny No. 1 Urban, Kilkenny",389,1157,613,1204,614,1525,422,987,91,154,47,96,115,273,2291,5396
Carlow-Kilkenny,2ae19629-240d-13a3-e055-000000000001,"Kilkenny No. 2 Urban, Kilkenny",246,692,585,1194,452,1014,259,614,48,79,28,53,57,118,1675,3764
Carlow-Kilkenny,2ae19629-23b2-13a3-e055-000000000001,"Kilkenny Rural, Kilkenny",1868,5820,2202,4896,1256,3621,731,2259,195,595,66,144,142,366,6460,17701
Carlow-Kilkenny,2ae19629-23b3-13a3-e055-000000000001,"Kilkieran, Kilkenny",81,322,117,339,12,31,2,6,0,0,4,6,6,17,222,721
Carlow-Kilkenny,2ae19629-23b5-13a3-e055-000000000001,"Killahy, Kilkenny",76,245,134,358,20,57,10,21,7,7,5,9,7,18,259,715
Carlow-Kilkenny,2ae19629-23b6-13a3-e055-000000000001,"Killamery, Kilkenny",22,92,51,109,1,2,10,21,0,0,6,13,1,4,91,241
Carlow-Kilkenny,2ae19629-23b7-13a3-e055-000000000001,"Kilmacar, Kilkenny",49,202,88,232,9,18,3,4,0,0,4,6,3,5,156,467
Carlow-Kilkenny,2ae19629-23bc-13a3-e055-000000000001,"Kilmaganny, Kilkenny",69,231,126,326,24,64,13,27,15,23,13,27,2,6,262,704
Carlow-Kilkenny,2ae19629-23bd-13a3-e055-000000000001,"Kilmakevoge, Kilkenny",41,136,78,204,10,23,13,30,0,0,5,11,6,22,153,426
Carlow-Kilkenny,2ae19629-23be-13a3-e055-000000000001,"Kilmanagh, Kilkenny",58,222,101,261,13,35,7,25,0,0,3,6,5,16,187,565
Carlow-Kilkenny,2ae19629-23c2-13a3-e055-000000000001,"Kiltorcan, Kilkenny",22,94,25,86,0,0,0,0,0,0,5,7,2,6,54,193
Carlow-Kilkenny,2ae19629-23c3-13a3-e055-000000000001,"Knocktopher, Kilkenny",67,231,91,231,17,47,4,17,0,0,10,25,3,7,192,558
Tipperary North,2ae19629-23c4-13a3-e055-000000000001,"Lisdowney, Kilkenny",40,156,43,97,8,20,0,0,0,0,2,11,3,7,96,291
Carlow-Kilkenny,2ae19629-23c7-13a3-e055-000000000001,"Listerlin, Kilkenny",58,207,65,197,2,10,0,0,0,0,2,4,4,11,131,429
Carlow-Kilkenny,2ae19629-23c8-13a3-e055-000000000001,"Mallardstown, Kilkenny",23,74,37,85,10,26,1,2,0,0,6,13,3,9,80,209
Carlow-Kilkenny,2ae19629-23c9-13a3-e055-000000000001,"Moneenroe, Kilkenny",149,529,236,554,16,40,37,112,9,18,15,26,10,18,472,1297
Carlow-Kilkenny,2ae19629-23ca-13a3-e055-000000000001,"Mothell, Kilkenny",57,192,84,225,7,21,8,23,0,0,8,28,5,11,169,500
Carlow-Kilkenny,2ae19629-23ce-13a3-e055-000000000001,"Muckalee, Kilkenny, 097078",18,63,31,95,4,8,1,2,0,0,2,2,0,0,56,170
Carlow-Kilkenny,2ae19629-23cf-13a3-e055-000000000001,"Muckalee, Kilkenny, 097079",78,325,95,278,5,12,0,0,0,0,6,14,3,7,187,636
Carlow-Kilkenny,2ae19629-23d0-13a3-e055-000000000001,"Odagh, Kilkenny",47,173,92,258,10,26,0,0,0,0,6,8,6,18,161,483
Carlow-Kilkenny,2ae19629-23d1-13a3-e055-000000000001,"Outrath, Kilkenny",67,265,155,404,19,47,0,0,1,5,7,17,9,28,258,766
Carlow-Kilkenny,2ae19629-23d6-13a3-e055-000000000001,"Paulstown, Kilkenny",130,419,146,411,39,110,12,46,1,3,6,16,22,64,356,1069
Carlow-Kilkenny,2ae19629-23d7-13a3-e055-000000000001,"Pilltown, Kilkenny",209,699,300,694,88,252,86,232,17,24,11,17,24,63,735,1981
Carlow-Kilkenny,2ae19629-23d8-13a3-e055-000000000001,"Pleberstown, Kilkenny",25,87,41,104,6,16,0,0,0,0,1,1,0,0,73,208
Carlow-Kilkenny,2ae19629-23dc-13a3-e055-000000000001,"Pollrone, Kilkenny",175,605,211,532,62,157,42,117,1,4,9,20,16,37,516,1472
Carlow-Kilkenny,2ae19629-23dd-13a3-e055-000000000001,"Portnascully, Kilkenny",119,473,191,463,14,40,30,81,1,1,3,3,30,88,388,1149
Carlow-Kilkenny,2ae19629-23de-13a3-e055-000000000001,"Powerstown, Kilkenny",54,192,91,243,8,23,6,22,0,0,4,5,16,40,179,525
Carlow-Kilkenny,2ae19629-23e2-13a3-e055-000000000001,"Rathbeagh, Kilkenny",30,123,50,126,9,30,1,2,0,0,1,2,2,5,93,288
Carlow-Kilkenny,2ae19629-23e3-13a3-e055-000000000001,"Rathcoole, Kilkenny",66,253,86,264,10,27,0,0,0,0,4,7,5,14,171,565
Tipperary North,2ae19629-23e4-13a3-e055-000000000001,"Rathealy, Kilkenny",29,104,28,77,7,13,0,0,0,0,1,1,5,15,70,210
Carlow-Kilkenny,2ae19629-23e5-13a3-e055-000000000001,"Rathpatrick, Kilkenny",136,414,214,518,20,53,28,82,10,12,3,7,6,16,417,1102
Carlow-Kilkenny,2ae19629-23e9-13a3-e055-000000000001,"Rosbercon Rural, Kilkenny",54,184,124,314,27,79,8,28,9,48,1,1,16,47,239,701
Carlow-Kilkenny,2ae19629-23ea-13a3-e055-000000000001,"Rossinan, Kilkenny",76,294,140,429,15,39,4,7,0,0,8,18,7,17,250,804
Carlow-Kilkenny,2ae19629-23eb-13a3-e055-000000000001,"Scotsborough, Kilkenny",16,58,40,86,4,14,3,13,0,0,0,0,1,1,64,172
Carlow-Kilkenny,2ae19629-23ee-13a3-e055-000000000001,"Shanbogh, Kilkenny",44,165,96,282,6,15,1,1,0,0,5,8,12,31,164,502
Carlow-Kilkenny,2ae19629-23ef-13a3-e055-000000000001,"Shankill, Kilkenny",118,442,132,330,28,82,13,43,0,0,4,10,8,23,303,930
Carlow-Kilkenny,2ae19629-23f3-13a3-e055-000000000001,"St. Canice, Kilkenny",70,270,109,288,11,37,1,2,0,0,3,7,3,8,197,612
Carlow-Kilkenny,2ae19629-23f4-13a3-e055-000000000001,"Stonyford, Kilkenny",80,272,86,212,18,53,14,36,1,2,11,23,17,33,227,631
Carlow-Kilkenny,2ae19629-23f5-13a3-e055-000000000001,"Templeorum, Kilkenny",61,217,76,193,7,19,1,2,0,0,7,11,12,39,164,481
Carlow-Kilkenny,2ae19629-23f9-13a3-e055-000000000001,"The Rower, Kilkenny",101,380,157,397,17,56,2,8,1,3,2,4,9,31,289,879
Carlow-Kilkenny,2ae19629-23fa-13a3-e055-000000000001,"Thomastown, Kilkenny",254,821,294,663,146,357,101,283,31,46,22,45,33,81,881,2296
Carlow-Kilkenny,2ae19629-23fb-13a3-e055-000000000001,"Tiscoffin, Kilkenny",76,281,69,198,8,24,3,10,0,0,2,2,3,9,161,524
Carlow-Kilkenny,2ae19629-23ff-13a3-e055-000000000001,"Tubbrid, Kilkenny",52,197,85,226,4,13,0,0,0,0,5,8,10,29,156,473
Tipperary North,2ae19629-2400-13a3-e055-000000000001,"Tubbridbrittain, Kilkenny",31,119,57,160,5,14,1,2,0,0,3,6,3,6,100,307
Carlow-Kilkenny,2ae19629-2401-13a3-e055-000000000001,"Tullaghanbrogue, Kilkenny",78,289,77,208,8,17,1,1,0,0,5,12,9,20,178,547
Carlow-Kilkenny,2ae19629-2405-13a3-e055-000000000001,"Tullaherin, Kilkenny",27,102,39,102,6,19,0,0,0,0,1,2,4,12,77,237
Carlow-Kilkenny,2ae19629-2406-13a3-e055-000000000001,"Tullahought, Kilkenny",28,115,46,106,1,1,0,0,0,0,5,8,5,15,85,245
Tipperary North,2ae19629-2407-13a3-e055-000000000001,"Tullaroan, Kilkenny",37,150,52,141,7,14,2,7,0,0,6,14,3,6,107,332
Carlow-Kilkenny,2ae19629-240e-13a3-e055-000000000001,"Ullard, Kilkenny",23,85,54,144,12,29,4,13,0,0,2,3,12,30,107,304
Carlow-Kilkenny,2ae19629-240f-13a3-e055-000000000001,"Ullid, Kilkenny",126,430,196,468,29,62,16,38,8,9,4,12,3,9,382,1028
Tipperary North,2ae19629-2410-13a3-e055-000000000001,"Urlingford, Kilkenny",102,335,171,424,96,271,89,285,11,22,7,14,20,56,496,1407
Carlow-Kilkenny,2ae19629-2411-13a3-e055-000000000001,"Whitechurch, Kilkenny",39,144,91,224,20,69,1,1,0,0,5,8,4,12,160,458
Carlow-Kilkenny,2ae19629-23b4-13a3-e055-000000000001,"Woolengrange, Kilkenny",41,155,68,171,6,16,1,1,0,0,3,7,7,22,126,372
Laois,2ae19629-16a8-13a3-e055-000000000001,"Abbeyleix, Laois",308,1028,511,1176,118,311,96,223,38,71,31,69,42,98,1144,2976
Laois,2ae19629-16a9-13a3-e055-000000000001,"Aghmacart, Laois",37,140,59,185,9,19,1,4,0,0,4,9,8,24,118,381
Laois,2ae19629-16aa-13a3-e055-000000000001,"Arderin, Laois",33,132,37,107,3,14,9,33,1,3,5,9,0,0,88,298
Laois,2ae19629-16ab-13a3-e055-000000000001,"Ardough, Laois",40,147,67,179,3,14,0,0,0,0,4,7,7,22,121,369
Laois,2ae19629-16ac-13a3-e055-000000000001,"Arless, Laois",41,161,66,165,1,2,18,65,0,0,5,12,7,14,138,419
Laois,2ae19629-16ad-13a3-e055-000000000001,"Ballickmoyler, Laois",127,418,124,308,13,34,3,13,3,7,3,8,23,67,296,855
Laois,2ae19629-16ae-13a3-e055-000000000001,"Ballinakill, Laois",97,351,152,369,16,44,17,39,0,0,5,14,9,24,296,841
Laois,2ae19629-16a1-13a3-e055-000000000001,"Ballyadams, Laois",58,230,62,162,4,14,2,5,0,0,7,19,2,7,135,437
Laois,2ae19629-16a2-13a3-e055-000000000001,"Ballybrittas, Laois",220,808,169,426,34,96,2,6,3,12,7,15,15,41,450,1404
Laois,2ae19629-16a3-13a3-e055-000000000001,"Ballybrophy, Laois",25,90,33,97,5,15,1,1,0,0,2,2,6,22,72,227
Laois,2ae19629-16a4-13a3-e055-000000000001,"Ballycarroll, Laois",50,184,64,165,9,14,1,7,0,0,1,1,0,0,125,371
Laois,2ae19629-16a5-13a3-e055-000000000001,"Ballyfin, Laois",79,317,125,327,9,26,0,0,0,0,4,8,6,17,223,695
Laois,2ae19629-16a6-13a3-e055-000000000001,"Ballylehane, Laois",24,81,38,98,2,6,0,0,0,0,2,3,7,20,73,208
Laois,2ae19629-16a7-13a3-e055-000000000001,"Ballylynan, Laois",214,766,167,395,60,167,53,150,9,27,4,7,14,32,521,1544
Laois,2ae19629-16af-13a3-e055-000000000001,"Ballyroan, Laois",153,587,141,367,25,84,26,88,15,23,7,15,11,28,378,1192
Laois,2ae19629-16b0-13a3-e055-000000000001,"Barrowhouse, Laois",64,257,94,231,6,19,2,5,0,0,3,5,2,5,171,522
Laois,2ae19629-16b1-13a3-e055-000000000001,"Blandsfort, Laois",38,147,66,166,2,9,1,4,0,0,1,2,4,7,112,335
Laois,2ae19629-16b2-13a3-e055-000000000001,"Borris, Laois",202,654,135,345,167,505,67,216,8,20,5,7,17,49,601,1796
Laois,2ae19629-16ba-13a3-e055-000000000001,"Borris-In-Ossory, Laois",96,321,150,331,48,124,54,149,11,39,9,19,11,30,379,1013
Laois,2ae19629-16bc-13a3-e055-000000000001,"Caher, Laois",12,49,19,49,1,2,1,2,0,0,1,1,0,0,34,103
Laois,60df415c-3e8d-4147-9d5f-2524194c8d6c,"Capard/Brisha, Laois",40,138,55,155,4,15,1,3,0,0,8,13,6,10,114,334
Laois,2ae19629-16be-13a3-e055-000000000001,"Cappalough, Laois",48,184,55,140,4,8,2,3,0,0,1,1,6,22,116,358
Laois,2ae19629-16bf-13a3-e055-000000000001,"Cardtown, Laois",21,90,27,64,1,5,1,2,0,0,3,8,2,4,55,173
Laois,2ae19629-16c0-13a3-e055-000000000001,"Castlecuffe, Laois",46,184,79,215,2,7,0,0,0,0,6,15,2,4,135,425
Laois,2ae19629-16c1-13a3-e055-000000000001,"Castletown, Laois",85,309,136,324,18,55,34,100,0,0,4,13,9,29,286,830
Laois,2ae19629-16c2-13a3-e055-000000000001,"Clash, Laois",37,134,69,195,3,9,2,7,0,0,3,6,4,12,118,363
Laois,2ae19629-16c3-13a3-e055-000000000001,"Clonaslee, Laois",74,273,172,407,28,82,51,149,0,0,7,13,15,48,347,972
Laois,2ae19629-16c4-13a3-e055-000000000001,"Clondarrig, Laois",467,1493,154,400,103,325,109,383,22,70,8,21,22,70,885,2762
Laois,2ae19629-16c5-13a3-e055-000000000001,"Clonin, Laois",25,100,46,113,4,11,1,1,1,2,2,2,3,9,82,238
Laois,2ae19629-16c6-13a3-e055-000000000001,"Clonkeen, Laois",85,309,122,339,5,15,3,20,0,0,4,13,6,17,225,713
Laois,2ae19629-16c7-13a3-e055-000000000001,"Clonmore, Laois",19,62,44,127,3,5,1,2,0,0,4,9,4,10,75,215
Laois,2ae19629-16c8-13a3-e055-000000000001,"Colt, Laois",14,54,43,103,3,8,2,4,0,0,2,5,3,5,67,179
Laois,2ae19629-16c9-13a3-e055-000000000001,"Coolrain, Laois",49,175,49,118,7,13,5,6,0,0,2,5,3,4,115,321
Laois,2ae19629-16ca-13a3-e055-000000000001,"Cuffsborough, Laois",47,178,56,147,7,20,2,4,0,0,3,5,4,10,119,364
Laois,2ae19629-16b3-13a3-e055-000000000001,"Cullahill, Laois",32,118,77,220,8,19,0,0,0,0,5,6,1,1,123,364
Laois,2ae19629-16b4-13a3-e055-000000000001,"Cullenagh, Laois",19,77,24,49,4,14,0,0,0,0,1,1,2,10,50,151
Laois,2ae19629-16b5-13a3-e055-000000000001,"Curraclone, Laois",38,141,36,102,4,13,0,0,0,0,2,3,4,12,84,271
Laois,2ae19629-16b6-13a3-e055-000000000001,"Dangans, Laois",150,557,90,248,36,113,130,436,41,136,5,8,8,28,460,1526
Laois,2ae19629-16b7-13a3-e055-000000000001,"Donaghmore, Laois",28,106,60,143,6,17,1,1,0,0,1,1,1,2,97,270
Laois,2ae19629-16b8-13a3-e055-000000000001,"Donore, Laois",54,224,86,222,4,14,1,2,0,0,6,8,5,18,156,488
Laois,2ae19629-16b9-13a3-e055-000000000001,"Doonane, Laois",102,347,126,305,19,61,41,115,0,0,5,11,2,8,295,847
Laois,2ae19629-16d1-13a3-e055-000000000001,"Dunmore, Laois",30,124,47,130,4,11,0,0,0,0,5,7,7,17,93,289
Laois,2ae19629-16d2-13a3-e055-000000000001,"Durrow, Laois",140,487,219,523,55,157,36,92,2,7,14,24,33,81,499,1371
Laois,2ae19629-16d3-13a3-e055-000000000001,"Dysartgallen, Laois",30,122,51,133,2,5,2,4,0,0,1,2,4,10,90,276
Laois,2ae19629-16d4-13a3-e055-000000000001,"Emo, Laois",120,470,202,567,20,63,4,5,1,3,14,36,28,89,389,1233
Laois,2ae19629-16d5-13a3-e055-000000000001,"Errill, Laois",44,164,68,157,10,29,24,69,1,2,3,3,3,8,153,432
Laois,2ae19629-16d6-13a3-e055-000000000001,"Farnans, Laois",19,82,39,98,2,4,2,5,0,0,3,6,3,10,68,205
Laois,2ae19629-16d7-13a3-e055-000000000001,"Fossy, Laois",18,73,33,98,3,9,1,1,0,0,1,2,2,7,58,190
Laois,2ae19629-16d8-13a3-e055-000000000001,"Garrymore, Laois",43,176,22,66,2,7,1,1,0,0,2,7,1,3,71,260
Laois,2ae19629-16da-13a3-e055-000000000001,"Graigue Rural, Laois",637,2095,410,976,294,868,160,515,132,448,17,40,123,338,1773,5280
Laois,2ae19629-16d9-13a3-e055-000000000001,"Graigue, Laois",25,90,50,130,6,14,4,14,1,3,2,3,1,2,89,256
Laois,2ae19629-16db-13a3-e055-000000000001,"Grantstown, Laois",48,198,69,154,11,24,1,1,0,0,6,9,1,2,136,388
Laois,2ae19629-16dc-13a3-e055-000000000001,"Jamestown, Laois",61,236,88,238,12,29,1,1,0,0,3,6,8,25,173,535
Laois,2ae19629-16dd-13a3-e055-000000000001,"Kilcoke, Laois",14,44,32,79,3,10,0,0,0,0,3,7,0,0,52,140
Laois,2ae19629-16de-13a3-e055-000000000001,"Kilcolmanbane, Laois",69,255,122,338,4,10,0,0,0,0,4,5,9,30,208,638
Laois,2ae19629-16df-13a3-e055-000000000001,"Kildellig, Laois",44,164,33,95,9,20,2,2,0,0,1,3,4,10,93,294
Laois,2ae19629-16cb-13a3-e055-000000000001,"Killabban, Laois",59,221,79,200,12,32,1,1,0,0,2,4,4,6,157,464
Laois,2ae19629-16cc-13a3-e055-000000000001,"Killermogh, Laois",34,114,73,159,11,37,2,8,0,0,8,15,6,13,134,346
Laois,2ae19629-16cd-13a3-e055-000000000001,"Kilmullen, Laois",75,290,97,261,4,11,0,0,1,1,3,7,9,23,189,593
Laois,2ae19629-16ce-13a3-e055-000000000001,"Kilmurry, Laois",41,164,39,118,1,1,3,8,0,0,5,9,2,7,91,307
Laois,2ae19629-16cf-13a3-e055-000000000001,"Kilnaseer, Laois",36,138,62,159,9,28,1,3,0,0,2,4,2,3,112,335
Laois,2ae19629-16e0-13a3-e055-000000000001,"Kyle South, Laois",29,107,66,166,5,14,0,0,0,0,2,4,4,10,106,301
Laois,2ae19629-16d0-13a3-e055-000000000001,"Kyle, Laois",28,98,53,108,5,10,1,1,0,0,1,1,4,8,92,226
Laois,2ae19629-16e1-13a3-e055-000000000001,"Lacka, Laois",35,136,55,155,1,3,2,3,1,5,0,0,1,4,95,306
Laois,2ae19629-16e2-13a3-e055-000000000001,"Luggacurren, Laois",30,121,66,171,4,10,2,6,0,0,5,9,4,16,111,333
Laois,2ae19629-16e9-13a3-e055-000000000001,"Marymount, Laois",18,64,24,62,2,6,0,0,0,0,1,5,2,6,47,143
Laois,2ae19629-16ea-13a3-e055-000000000001,"Meelick, Laois",29,111,71,200,9,23,19,60,1,5,5,7,5,14,139,420
Laois,2ae19629-16eb-13a3-e055-000000000001,"Moneenalassa, Laois",19,62,26,71,4,11,0,0,1,2,1,1,1,4,52,151
Laois,2ae19629-16ec-13a3-e055-000000000001,"Moneymore, Laois",21,76,25,66,2,2,0,0,0,0,0,0,0,0,48,144
Laois,2ae19629-16ed-13a3-e055-000000000001,"Mountmellick Rural, Laois",142,493,210,520,14,45,0,0,1,4,7,21,8,23,382,1106
Laois,2ae19629-16ee-13a3-e055-000000000001,"Mountmellick Urban, Laois",340,1024,420,894,232,599,134,374,35,72,26,50,26,66,1213,3079
Laois,2ae19629-16ef-13a3-e055-000000000001,"Mountrath, Laois",209,710,340,767,131,385,179,529,25,81,20,46,57,153,961,2671
Laois,2ae19629-16f0-13a3-e055-000000000001,"Moyanna, Laois",51,203,56,165,5,12,0,0,0,0,1,2,7,28,120,410
Laois,2ae19629-16f1-13a3-e055-000000000001,"Nealstown, Laois",8,34,19,50,0,0,0,0,0,0,2,2,1,3,30,89
Laois,2ae19629-16f2-13a3-e055-000000000001,"Newtown, Laois",44,157,56,133,2,5,4,11,0,0,5,11,6,12,117,329
Laois,2ae19629-16f3-13a3-e055-000000000001,"O'moresforest, Laois",57,226,97,265,7,19,2,2,0,0,3,10,1,1,167,523
Laois,2ae19629-16f4-13a3-e055-000000000001,"Portarlington South, Laois",1047,3487,683,1542,487,1284,322,945,117,316,17,34,121,334,2794,7942
Laois,2ae19629-16f5-13a3-e055-000000000001,"Portlaoighise Rural, Laois",1985,6509,1400,3240,1070,3248,601,1985,185,554,50,113,143,377,5434,16026
Laois,2ae19629-16f6-13a3-e055-000000000001,"Portlaoighise Urban, Laois",277,805,522,1048,482,1253,203,534,17,32,35,80,46,106,1582,3858
Laois,2ae19629-16f7-13a3-e055-000000000001,"Raheen, Laois",53,210,71,218,9,36,2,7,0,0,5,13,4,11,144,495
Laois,2ae19629-16f8-13a3-e055-000000000001,"Rathaspick, Laois",51,183,37,92,2,5,1,2,0,0,3,7,2,3,96,292
Laois,2ae19629-16f9-13a3-e055-000000000001,"Rathdowney, Laois",118,358,213,464,104,273,48,141,23,24,10,18,7,18,523,1296
Laois,2ae19629-16e3-13a3-e055-000000000001,"Rathsaran, Laois",74,256,106,247,19,63,10,29,1,4,5,12,3,8,218,619
Laois,2ae19629-16e4-13a3-e055-000000000001,"Rearymore, Laois",33,127,62,161,1,2,1,3,0,0,1,1,4,9,102,303
Laois,2ae19629-16e5-13a3-e055-000000000001,"Rosenallis, Laois",48,186,80,231,3,10,2,6,0,0,1,1,5,16,139,450
Laois,2ae19629-16e6-13a3-e055-000000000001,"Rossmore, Laois",56,223,79,221,4,9,0,0,0,0,2,2,3,9,144,464
Laois,2ae19629-16e7-13a3-e055-000000000001,"Sallyford, Laois",80,307,97,257,7,14,2,6,0,0,4,7,8,20,198,611
Laois,2ae19629-16e8-13a3-e055-000000000001,"Shaen, Laois",125,482,171,458,8,14,1,3,0,0,6,16,5,13,316,986
Laois,2ae19629-16ff-13a3-e055-000000000001,"Shrule, Laois",42,161,44,106,2,5,5,11,0,0,1,4,10,33,104,320
Laois,2ae19629-1700-13a3-e055-000000000001,"Stradbally, Laois",191,650,313,692,72,198,97,227,17,31,16,25,18,44,724,1867
Laois,2ae19629-1701-13a3-e055-000000000001,"Tankardstown, Laois",41,187,65,178,2,3,1,1,0,0,4,11,7,15,120,395
Laois,2ae19629-1702-13a3-e055-000000000001,"Timahoe, Laois",85,313,102,288,7,22,6,13,1,4,6,18,2,3,209,661
Laois,2ae19629-1703-13a3-e055-000000000001,"Timogue, Laois",44,171,70,183,2,5,0,0,0,0,4,5,8,18,128,382
Laois,2ae19629-1704-13a3-e055-000000000001,"Tinnahinch, Laois",14,47,36,83,8,23,1,6,0,0,2,3,6,15,67,177
Laois,2ae19629-1705-13a3-e055-000000000001,"Trumra, Laois",33,138,42,117,3,6,2,2,0,0,4,13,6,8,90,284
Laois,2ae19629-1706-13a3-e055-000000000001,"Turra, Laois",46,183,68,171,4,15,0,0,0,0,5,13,5,14,128,396
Laois,2ae19629-1707-13a3-e055-000000000001,"Vicarstown, Laois",21,77,37,90,2,6,0,0,0,0,3,5,2,5,65,183
Longford-Westmeath,2ae19629-1804-13a3-e055-000000000001,"Abbeylara, Longford",37,101,60,139,21,65,7,22,0,0,3,6,9,19,137,352
Longford-Westmeath,2ae19629-1805-13a3-e055-000000000001,"Aghaboy, Longford",73,253,123,318,19,52,16,42,1,1,3,9,8,32,243,707
Longford-Westmeath,2ae19629-1806-13a3-e055-000000000001,"Agharra, Longford",44,157,77,188,14,46,5,14,0,0,3,3,30,76,173,484
Longford-Westmeath,2ae19629-1807-13a3-e055-000000000001,"Ardagh East, Longford",72,249,136,340,14,32,7,20,1,2,6,13,29,82,265,738
Longford-Westmeath,2ae19629-1808-13a3-e055-000000000001,"Ardagh West, Longford",65,218,74,193,9,36,6,15,0,0,2,4,17,44,173,510
Longford-Westmeath,2ae19629-1809-13a3-e055-000000000001,"Ballinalee, Longford",64,224,98,209,21,55,56,116,0,0,4,7,10,35,253,646
Longford-Westmeath,2ae19629-180a-13a3-e055-000000000001,"Ballinamuck East, Longford",58,218,99,254,23,64,7,25,0,0,9,21,13,38,209,620
Longford-Westmeath,2ae19629-180b-13a3-e055-000000000001,"Ballinamuck West, Longford",42,145,95,211,14,37,36,76,0,0,3,9,20,51,210,529
Longford-Westmeath,2ae19629-180c-13a3-e055-000000000001,"Ballymahon, Longford",200,686,306,677,290,858,158,393,8,29,14,30,99,244,1075,2917
Longford-Westmeath,2ae19629-180d-13a3-e055-000000000001,"Ballymuigh, Longford",24,84,55,109,9,21,3,5,0,0,4,9,5,12,100,240
Longford-Westmeath,2ae19629-180e-13a3-e055-000000000001,"Breanrisk, Longford",106,391,150,348,15,45,22,67,0,0,6,9,14,44,313,904
Longford-Westmeath,2ae19629-180f-13a3-e055-000000000001,"Bunlahy, Longford",25,96,33,80,7,17,4,6,0,0,2,4,8,24,79,227
Longford-Westmeath,2ae19629-1810-13a3-e055-000000000001,"Caldragh, Longford",304,1002,356,841,161,546,61,174,9,25,15,36,31,92,937,2716
Longford-Westmeath,2ae19629-17ee-13a3-e055-000000000001,"Cashel East, Longford",23,78,66,148,11,25,8,18,0,0,2,3,4,10,114,282
Longford-Westmeath,2ae19629-17ef-13a3-e055-000000000001,"Cashel West, Longford",59,216,143,327,20,46,4,15,0,0,1,4,11,33,238,641
Longford-Westmeath,2ae19629-17f0-13a3-e055-000000000001,"Cloondara, Longford",59,212,137,323,32,73,11,35,0,0,6,12,19,54,264,709
Longford-Westmeath,2ae19629-17f1-13a3-e055-000000000001,"Cloonee, Longford",85,313,122,280,38,103,8,26,0,0,6,13,12,26,271,761
Longford-Westmeath,2ae19629-17f2-13a3-e055-000000000001,"Columbkille, Longford",57,198,134,321,9,16,4,10,0,0,7,11,11,33,222,589
Longford-Westmeath,2ae19629-17f3-13a3-e055-000000000001,"Coolamber, Longford",51,202,62,162,10,15,5,14,0,0,1,2,2,4,131,399
Longford-Westmeath,2ae19629-18dd-13a3-e055-000000000001,"Corboy, Longford",39,130,80,187,9,28,4,18,0,0,0,0,18,54,150,417
Longford-Westmeath,2ae19629-18de-13a3-e055-000000000001,"Creevy, Longford",40,153,66,154,4,13,0,0,0,0,2,3,4,7,116,330
Longford-Westmeath,2ae19629-18df-13a3-e055-000000000001,"Crosagstown, Longford",28,92,58,142,2,9,3,8,0,0,5,8,2,5,98,264
Longford-Westmeath,2ae19629-18e0-13a3-e055-000000000001,"Currygrane, Longford",19,71,25,55,2,4,1,3,0,0,2,4,3,9,52,146
Longford-Westmeath,2ae19629-18ea-13a3-e055-000000000001,"Dalystown, Longford",15,67,38,99,6,12,0,0,0,0,0,0,3,9,62,187
Longford-Westmeath,2ae19629-18eb-13a3-e055-000000000001,"Doory, Longford",58,186,74,181,7,20,9,21,0,0,3,5,5,12,156,425
Longford-Westmeath,2ae19629-18ec-13a3-e055-000000000001,"Drumgort, Longford",53,193,94,206,6,15,11,48,1,1,4,11,7,12,176,486
Longford-Westmeath,2ae19629-18f5-13a3-e055-000000000001,"Drumlish, Longford",165,533,220,524,107,323,89,223,2,3,13,27,17,45,613,1678
Longford-Westmeath,2ae19629-18f6-13a3-e055-000000000001,"Drummeel, Longford",14,50,27,58,0,0,4,15,0,0,3,3,3,4,51,130
Longford-Westmeath,51c9d4b9-75dd-4621-9ef7-f06ff3f5e11d,"Firry/Newgrove, Longford",21,75,49,95,2,9,5,13,0,0,2,3,3,8,82,203
Longford-Westmeath,2ae19629-1900-13a3-e055-000000000001,"Forgney, Longford",43,166,63,150,7,28,1,4,0,0,2,5,73,211,189,564
Longford-Westmeath,2ae19629-1901-13a3-e055-000000000001,"Foxhall, Longford",48,157,94,207,12,31,61,169,5,12,5,10,10,25,235,611
Longford-Westmeath,2ae19629-1902-13a3-e055-000000000001,"Gelshagh, Longford",43,169,67,157,7,21,1,3,0,0,2,3,5,11,125,364
Longford-Westmeath,2ae19629-1903-13a3-e055-000000000001,"Granard Rural, Longford",35,138,49,129,7,17,2,7,0,0,3,8,6,11,102,310
Longford-Westmeath,2ae19629-1904-13a3-e055-000000000001,"Granard Urban, Longford",64,192,148,313,133,374,94,272,2,9,8,8,45,106,494,1274
Longford-Westmeath,2ae19629-190f-13a3-e055-000000000001,"Kilcommock, Longford",106,389,139,330,45,131,98,272,0,0,10,22,11,28,409,1172
Longford-Westmeath,2ae19629-1910-13a3-e055-000000000001,"Kilglass, Longford",76,268,130,294,16,37,21,52,2,3,9,15,25,59,279,728
Longford-Westmeath,2ae19629-1911-13a3-e055-000000000001,"Killashee, Longford",46,157,64,148,28,76,28,69,3,8,2,2,14,31,185,491
Longford-Westmeath,2ae19629-1918-13a3-e055-000000000001,"Killoe, Longford",31,106,65,127,8,18,2,6,0,0,5,9,9,29,120,295
Longford-Westmeath,2ae19629-1919-13a3-e055-000000000001,"Knockanbaun, Longford",23,91,33,79,2,8,2,4,0,0,0,0,1,5,61,187
Longford-Westmeath,2ae19629-191a-13a3-e055-000000000001,"Ledwithstown, Longford",45,151,69,148,9,25,11,39,0,0,3,3,5,12,142,378
Longford-Westmeath,2ae19629-191b-13a3-e055-000000000001,"Lislea, Longford",11,48,32,75,4,8,1,3,0,0,0,0,2,8,50,142
Longford-Westmeath,2ae19629-1925-13a3-e055-000000000001,"Longford No. 1 Urban, Longford",101,267,323,601,473,1219,473,1121,157,402,16,28,83,199,1626,3837
Longford-Westmeath,2ae19629-1926-13a3-e055-000000000001,"Longford No. 2 Urban, Longford",101,289,154,323,136,375,24,63,9,16,5,12,15,32,444,1110
Longford-Westmeath,2ae19629-1927-13a3-e055-000000000001,"Longford Rural, Longford",302,949,632,1401,491,1587,379,1134,13,29,15,34,129,389,1961,5523
Longford-Westmeath,2ae19629-18f7-13a3-e055-000000000001,"Meathas Truim, Longford",149,509,215,500,300,909,105,298,3,9,12,27,60,180,844,2432
Longford-Westmeath,2ae19629-1928-13a3-e055-000000000001,"Milltown, Longford",45,166,61,148,3,5,9,21,0,0,1,2,10,32,129,374
Longford-Westmeath,2ae19629-1929-13a3-e055-000000000001,"Moatfarrell, Longford",15,50,44,116,3,12,1,4,0,0,0,0,7,28,70,210
Longford-Westmeath,2ae19629-1931-13a3-e055-000000000001,"Mountdavis, Longford",31,117,39,94,1,4,2,7,0,0,1,1,8,23,82,246
Longford-Westmeath,2ae19629-1932-13a3-e055-000000000001,"Moydow, Longford",103,366,122,304,26,87,1,8,0,0,7,11,9,27,268,803
Longford-Westmeath,2ae19629-1933-13a3-e055-000000000001,"Moyne, Longford",32,101,67,172,9,22,4,4,0,0,5,8,3,5,120,312
Longford-Westmeath,2ae19629-1940-13a3-e055-000000000001,"Mullanalaghta, Longford",32,126,63,155,6,20,1,2,0,0,2,4,5,17,109,324
Longford-Westmeath,2ae19629-1942-13a3-e055-000000000001,"Newtown Forbes, Longford",98,325,154,315,76,170,49,105,2,6,7,9,25,67,411,997
Longford-Westmeath,2ae19629-1943-13a3-e055-000000000001,"Rathcline, Longford",130,443,266,550,121,308,98,239,1,4,15,33,43,101,674,1678
Longford-Westmeath,2ae19629-194d-13a3-e055-000000000001,"Sonnagh, Longford",21,74,64,134,2,2,13,19,0,0,7,14,7,24,114,267
Louth,2ae19629-194e-13a3-e055-000000000001,"Ardee Rural, Louth",385,1428,511,1298,37,122,7,16,0,0,15,41,44,126,999,3031
Louth,2ae19629-194f-13a3-e055-000000000001,"Ardee Urban, Louth",527,1599,624,1329,392,995,308,832,83,252,20,44,80,229,2034,5280
Louth,2ae19629-1950-13a3-e055-000000000001,"Ballymascanlan, Louth",269,1022,366,892,47,138,0,0,0,0,17,39,36,98,735,2189
Louth,2ae19629-195c-13a3-e055-000000000001,"Barronstown, Louth",96,352,122,314,13,44,0,0,0,0,7,11,17,41,255,762
Louth,2ae19629-195d-13a3-e055-000000000001,"Carlingford, Louth",191,641,277,580,151,353,107,302,10,26,21,55,34,87,791,2044
Louth,2ae19629-195e-13a3-e055-000000000001,"Castlebellingham, Louth",202,616,282,596,94,227,68,168,10,36,16,35,31,90,703,1768
Louth,2ae19629-1968-13a3-e055-000000000001,"Castlering, Louth",151,572,151,391,20,48,2,6,0,0,8,16,19,57,351,1090
Louth,21a09083-a130-47d2-8690-23338d5ecf18,"Castletown (North), Louth",286,992,372,862,139,395,247,689,90,243,17,33,65,180,1216,3394
Louth,feb68bba-797f-474c-9db5-429e7a70c68c,"Castletown (South), Louth",128,446,133,344,25,58,16,45,0,0,3,4,11,39,316,936
Louth,2ae19629-1972-13a3-e055-000000000001,"Clogher, Louth",514,1835,368,881,97,316,95,304,4,10,22,36,24,74,1124,3456
Louth,2ae19629-1973-13a3-e055-000000000001,"Clonkeen, Louth",108,410,97,244,8,20,0,0,0,0,10,21,9,21,232,716
Louth,2ae19629-197d-13a3-e055-000000000001,"Collon, Louth",269,929,223,567,56,144,45,134,16,56,7,13,15,37,631,1880
Louth,2ae19629-197e-13a3-e055-000000000001,"Creggan Upper, Louth",106,398,153,380,13,32,0,0,0,0,10,29,16,32,298,871
Louth,2ae19629-18c7-13a3-e055-000000000001,"Darver, Louth",95,334,103,263,11,26,2,5,0,0,3,6,7,17,221,651
Louth,2ae19629-18c9-13a3-e055-000000000001,"Dromin, Louth",87,337,106,289,9,21,0,0,0,0,6,18,8,19,216,684
Louth,2ae19629-18d6-13a3-e055-000000000001,"Dromiskin, Louth",353,1213,312,784,56,151,41,123,3,6,15,35,19,57,799,2369
Louth,2ae19629-18d7-13a3-e055-000000000001,"Drumcar, Louth",166,597,229,574,41,100,14,25,1,2,12,24,23,76,486,1398
Louth,2ae19629-18e1-13a3-e055-000000000001,"Drummullagh, Louth",155,542,199,465,77,199,33,91,1,3,10,22,51,157,526,1479
Louth,2ae19629-1936-13a3-e055-000000000001,"Dundalk No. 1 Urban, Louth",184,495,379,723,288,688,89,183,15,20,33,86,75,157,1063,2352
Louth,2ae19629-1937-13a3-e055-000000000001,"Dundalk No. 2 Urban, Louth",70,185,164,326,191,485,44,88,8,14,12,35,57,129,546,1262
Louth,2ae19629-18e3-13a3-e055-000000000001,"Dundalk No. 3 Urban, Louth",127,343,235,430,295,658,41,85,3,7,25,45,42,89,768,1657
Louth,2ae19629-1938-13a3-e055-000000000001,"Dundalk No. 4 Urban, Louth",703,2170,918,1917,574,1463,199,542,118,264,31,55,115,268,2658,6679
Louth,f0b72184-af6a-4a08-9f38-8033428dfcf7,"Dundalk Rural (North), Louth",593,1870,661,1402,371,1058,540,1538,127,343,24,59,152,401,2468,6671
Louth,f26b950c-de46-4c46-b4be-21b2c886958f,"Dundalk Rural (South), Louth",1531,4975,1262,2837,976,3104,772,2347,169,513,54,133,148,383,4912,14292
Louth,2ae19629-18e4-13a3-e055-000000000001,"Dunleer, Louth",424,1494,354,875,110,307,136,442,18,49,8,8,36,109,1086,3284
Louth,2ae19629-18ed-13a3-e055-000000000001,"Dysart, Louth",163,590,127,378,20,60,0,0,0,0,5,6,8,22,323,1056
Louth,2ae19629-18c8-13a3-e055-000000000001,"Fair Gate, Louth",845,2540,1493,2971,1225,3154,406,1069,55,135,58,105,242,583,4324,10557
Louth,2ae19629-18ee-13a3-e055-000000000001,"Faughart, Louth",131,476,158,413,13,31,1,4,0,0,6,16,50,135,359,1075
Louth,2ae19629-18ef-13a3-e055-000000000001,"Greenore, Louth",163,612,187,471,39,83,7,18,1,1,12,28,20,62,429,1275
Louth,2ae19629-18f9-13a3-e055-000000000001,"Haggardstown, Louth",1316,4254,1126,2517,309,788,310,1033,85,266,35,64,111,311,3292,9233
Louth,2ae19629-18fa-13a3-e055-000000000001,"Jenkinstown, Louth",157,633,193,503,36,107,3,5,0,0,7,12,19,61,415,1321
Louth,2ae19629-1905-13a3-e055-000000000001,"Killanny, Louth",123,487,117,308,16,40,2,4,0,0,8,15,23,67,289,921
Louth,2ae19629-1906-13a3-e055-000000000001,"Louth, Louth",205,717,229,550,49,127,58,150,2,7,7,19,23,71,573,1641
Louth,2ae19629-1907-13a3-e055-000000000001,"Mansfieldstown, Louth",154,579,83,206,18,48,7,23,0,0,9,15,7,16,278,887
Louth,2ae19629-1912-13a3-e055-000000000001,"Monasterboice, Louth",194,744,245,606,19,40,0,0,0,0,15,30,15,40,488,1460
Louth,2ae19629-1913-13a3-e055-000000000001,"Mullary, Louth",267,1079,247,683,17,56,7,18,1,2,4,14,15,44,558,1896
Louth,2ae19629-191c-13a3-e055-000000000001,"Rathcor, Louth",166,679,213,581,31,84,2,2,9,10,13,26,26,98,460,1480
Louth,2ae19629-191d-13a3-e055-000000000001,"Ravensdale, Louth",113,423,184,457,23,55,2,8,0,0,7,10,33,82,362,1035
Louth,2ae19629-1935-13a3-e055-000000000001,"St. Lawrence Gate, Louth",445,1410,619,1335,341,1026,64,166,10,21,21,47,76,183,1576,4188
Louth,2ae19629-1939-13a3-e055-000000000001,"St. Mary's (Part), Louth",854,2850,597,1453,287,953,391,1122,100,271,9,17,53,158,2291,6824
Louth,2ae19629-192a-13a3-e055-000000000001,"St. Peter's, Louth",1492,5185,906,2308,375,1282,436,1416,132,382,20,43,126,396,3487,11012
Louth,2ae19629-192b-13a3-e055-000000000001,"Stabannan, Louth",87,322,100,286,4,12,1,2,0,0,6,25,16,37,214,684
Louth,2ae19629-192c-13a3-e055-000000000001,"Tallanstown, Louth",136,475,164,407,24,58,36,90,1,3,7,17,12,20,380,1070
Louth,2ae19629-1934-13a3-e055-000000000001,"Termonfeckin, Louth",534,1896,489,1296,95,273,85,307,2,8,26,59,39,106,1270,3945
Louth,2ae19629-191e-13a3-e055-000000000001,"West Gate, Louth",626,1900,907,1965,411,1114,368,982,63,188,24,41,131,318,2530,6508
Meath East,2ae19629-1819-13a3-e055-000000000001,"Ardagh, Meath",72,267,137,336,5,9,2,11,0,0,9,11,18,49,243,683
Meath West,2ae19629-181a-13a3-e055-000000000001,"Ardbraccan, Meath",295,1127,364,965,46,122,7,14,1,2,13,33,26,75,752,2338
Meath East,2ae19629-1824-13a3-e055-000000000001,"Ardcath, Meath",231,853,355,945,59,136,23,61,2,2,11,28,36,109,717,2134
Meath East,2ae19629-1825-13a3-e055-000000000001,"Ardmulchan, Meath",133,507,184,481,21,63,0,0,1,1,8,17,20,70,367,1139
Meath West,2ae19629-182f-13a3-e055-000000000001,"Ardnamullan, Meath",121,427,119,305,13,36,24,51,0,0,4,8,21,58,302,885
Meath West,2ae19629-1830-13a3-e055-000000000001,"Baile Átha Buí, An Mhí",282,913,344,789,204,532,125,383,5,14,16,45,30,72,1006,2748
Meath West,2ae19629-1831-13a3-e055-000000000001,"Ballinlough, Meath",24,99,33,89,7,23,0,0,0,0,4,10,1,2,69,223
Meath West,2ae19629-183a-13a3-e055-000000000001,"Ballyboggan, Meath",61,234,81,224,15,32,1,2,0,0,3,4,10,24,171,520
Meath West,2ae19629-183b-13a3-e055-000000000001,"Ballyconnell, Meath",92,346,141,369,15,39,1,4,0,0,2,6,18,59,269,823
Meath West,2ae19629-183c-13a3-e055-000000000001,"Balrathboyne, Meath",74,274,95,237,9,29,26,82,0,0,3,9,2,5,209,636
Meath West,2ae19629-183d-13a3-e055-000000000001,"Bective, Meath",150,575,172,421,21,74,9,26,0,0,9,19,22,61,383,1176
Meath West,2ae19629-1847-13a3-e055-000000000001,"Boherboy, Meath",38,145,62,151,3,9,0,0,0,0,1,1,6,25,110,331
Meath West,2ae19629-1848-13a3-e055-000000000001,"Burry, Meath",36,140,44,118,5,14,1,3,0,0,5,7,0,0,91,282
Meath East,2ae19629-1849-13a3-e055-000000000001,"Carrickleck, Meath",47,170,95,237,6,14,1,3,0,0,2,4,8,23,159,451
Meath West,2ae19629-184a-13a3-e055-000000000001,"Castlejordan, Meath",47,164,72,204,13,38,5,9,0,0,2,6,9,18,148,439
Meath West,2ae19629-1852-13a3-e055-000000000001,"Castlekeeran, Meath",50,191,77,199,7,18,22,72,0,0,9,20,3,10,168,510
Meath West,2ae19629-1853-13a3-e055-000000000001,"Castlerickard, Meath",358,1326,208,502,60,197,20,79,8,34,10,32,30,95,694,2265
Meath East,2ae19629-1854-13a3-e055-000000000001,"Castletown, Meath",119,464,170,426,22,74,10,29,1,3,5,12,12,23,339,1031
Meath East,2ae19629-18be-13a3-e055-000000000001,"Ceanannas Mór Rural, Meath",627,2103,588,1341,277,870,107,359,8,29,21,52,70,218,1698,4972
Meath East,2ae19629-18bf-13a3-e055-000000000001,"Ceanannas Mór Urban, Meath",149,474,267,516,236,502,183,457,33,78,15,21,44,96,927,2144
Meath West,2ae19629-185f-13a3-e055-000000000001,"Cloghbrack, Meath",64,239,95,255,6,18,4,5,0,0,2,3,5,13,176,533
Meath West,2ae19629-1860-13a3-e055-000000000001,"Clonmacduff, Meath",64,260,75,192,10,32,1,1,0,0,8,17,1,2,159,504
Meath West,2ae19629-1861-13a3-e055-000000000001,"Crossakeel, Meath",80,276,68,172,22,53,10,19,1,1,3,5,13,40,197,566
Meath West,2ae19629-186b-13a3-e055-000000000001,"Crosskeys, Meath",45,163,68,156,8,28,1,5,0,0,2,7,6,16,130,375
Meath East,2ae19629-186c-13a3-e055-000000000001,"Cruicetown, Meath",53,201,66,175,11,24,1,1,0,0,1,1,7,17,139,419
Meath East,2ae19629-186d-13a3-e055-000000000001,"Culmullin, Meath",161,659,181,490,17,47,2,9,1,3,4,9,11,23,377,1240
Meath East,2ae19629-186e-13a3-e055-000000000001,"Donaghmore, Meath",2083,7182,1275,3177,740,2355,249,789,105,334,31,66,114,325,4597,14228
Meath East,2ae19629-1878-13a3-e055-000000000001,"Domhnach Phádraig, An Mhí",273,1062,268,727,28,79,10,30,0,0,18,56,22,62,619,2016
Meath East,2ae19629-1879-13a3-e055-000000000001,"Drumcondra, Meath",147,514,245,616,32,68,33,81,0,0,15,40,19,51,491,1370
Meath East,2ae19629-1882-13a3-e055-000000000001,"Duleek, Meath",892,3163,517,1224,204,660,248,734,26,91,22,53,93,299,2002,6224
Meath East,2ae19629-1883-13a3-e055-000000000001,"Dunboyne, Meath",1358,4845,1221,3246,503,1644,146,449,32,81,48,99,124,344,3432,10708
Meath East,2ae19629-188f-13a3-e055-000000000001,"Dunshaughlin, Meath",1370,4557,922,2335,308,871,139,391,30,79,23,60,110,293,2902,8586
Meath West,2ae19629-1890-13a3-e055-000000000001,"Gallow, Meath",139,526,141,385,21,63,1,4,0,0,8,27,21,57,331,1062
Meath West,2ae19629-189c-13a3-e055-000000000001,"Galtrim, Meath",87,337,127,347,18,58,3,9,0,0,11,32,4,13,250,796
Meath West,2ae19629-189d-13a3-e055-000000000001,"Girley, Meath",60,217,69,178,7,21,3,6,0,0,11,24,2,3,152,449
Meath East,2ae19629-18a6-13a3-e055-000000000001,"Grangegeeth, Meath",74,281,119,346,14,39,3,11,1,1,3,5,10,20,224,703
Meath West,2ae19629-18a7-13a3-e055-000000000001,"Grennanstown, Meath",142,554,201,495,39,131,4,7,4,16,9,22,18,53,417,1278
Meath West,2ae19629-18b2-13a3-e055-000000000001,"Hill Of Down, Meath",66,247,96,267,13,40,0,0,0,0,2,2,14,33,191,589
Meath West,2ae19629-18b3-13a3-e055-000000000001,"Innfield, Meath",726,2650,412,1061,195,596,94,266,10,31,8,15,66,192,1511,4811
Meath East,2ae19629-18bd-13a3-e055-000000000001,"Julianstown, Meath",1519,5335,1102,2587,421,1104,209,601,41,141,244,709,197,556,3733,11033
Meath East,2ae19629-1811-13a3-e055-000000000001,"Kentstown, Meath",330,1221,253,674,52,176,15,38,0,0,13,19,31,84,694,2212
Meath East,2ae19629-1812-13a3-e055-000000000001,"Kilbrew, Meath",674,2344,311,799,161,526,33,110,5,18,15,24,47,132,1246,3953
Meath West,2ae19629-1813-13a3-e055-000000000001,"Cill Bhríde, An Mhí",86,334,80,212,6,14,1,4,0,0,2,6,2,2,177,572
Meath West,2ae19629-1832-13a3-e055-000000000001,"Kilcooly, Meath",56,208,59,164,10,31,1,1,1,2,3,5,1,2,131,413
Meath West,2ae19629-1833-13a3-e055-000000000001,"Kildalkey, Meath",215,802,161,413,24,46,10,35,1,1,5,14,19,63,435,1374
Meath West,2ae19629-1834-13a3-e055-000000000001,"Killaconnigan, Meath",321,1086,209,513,119,313,102,321,3,8,4,11,19,62,777,2314
Meath West,2ae19629-183e-13a3-e055-000000000001,"Killallon, Meath",38,132,59,141,6,11,0,0,0,0,4,7,7,16,114,307
Meath East,2ae19629-183f-13a3-e055-000000000001,"Killary, Meath",151,557,245,586,30,72,5,10,1,1,15,32,18,39,465,1297
Meath West,2ae19629-184b-13a3-e055-000000000001,"Killeagh, Meath",38,136,82,213,15,41,4,9,0,0,5,6,6,13,150,418
Meath East,2ae19629-184c-13a3-e055-000000000001,"Killeen, Meath",142,564,213,530,23,75,14,53,0,0,5,14,19,49,416,1285
Meath West,2ae19629-1855-13a3-e055-000000000001,"Killyon, Meath",68,246,98,272,7,18,1,2,0,0,11,18,11,37,196,593
Meath East,2ae19629-1856-13a3-e055-000000000001,"Kilmainham, Meath",88,342,136,308,28,53,24,65,9,11,10,18,12,30,307,827
Meath West,2ae19629-1862-13a3-e055-000000000001,"Kilmessan, Meath",253,885,227,554,74,217,25,70,2,8,9,18,40,98,630,1850
Meath East,2ae19629-1863-13a3-e055-000000000001,"Kilmore, Meath",233,944,289,793,36,112,0,0,1,4,9,25,14,47,582,1925
Meath West,2ae19629-186f-13a3-e055-000000000001,"Kilskeer, Meath",48,197,66,164,17,47,0,0,0,0,7,12,6,18,144,438
Meath West,2ae19629-1870-13a3-e055-000000000001,"Knocklough, Meath",19,71,40,102,8,21,1,2,0,0,4,10,1,2,73,208
Meath West,2ae19629-1871-13a3-e055-000000000001,"Laracor, Meath",83,346,103,281,8,21,0,0,0,0,10,24,7,18,211,690
Meath West,2ae19629-187a-13a3-e055-000000000001,"Loughan, Meath",53,205,85,207,10,37,3,9,0,0,3,4,4,12,158,474
Meath East,2ae19629-187b-13a3-e055-000000000001,"Maperath, Meath",57,206,98,243,10,28,1,4,0,0,4,9,3,8,173,498
Meath West,2ae19629-187c-13a3-e055-000000000001,"Martry, Meath",105,432,118,301,11,33,1,3,0,0,7,13,3,10,245,792
Meath East,2ae19629-1884-13a3-e055-000000000001,"Mellifont, Meath",58,210,104,260,24,66,1,1,0,0,4,10,6,15,197,562
Meath East,2ae19629-1885-13a3-e055-000000000001,"Moybolgue, Meath",32,116,52,149,1,3,0,0,0,0,2,3,1,5,88,276
Meath West,2ae19629-1886-13a3-e055-000000000001,"Moylagh, Meath",50,161,86,181,14,34,2,5,0,0,5,10,8,23,165,414
Meath East,2ae19629-1891-13a3-e055-000000000001,"Moynalty, Meath",62,221,119,307,16,41,18,34,1,6,12,25,5,8,233,642
Meath West,2ae19629-1892-13a3-e055-000000000001,"Navan Rural, Meath",4447,15366,2617,6082,1546,4991,1156,3653,225,750,86,222,281,842,10358,31906
Meath West,2ae19629-1893-13a3-e055-000000000001,"Navan Urban, Meath",255,724,414,810,708,1705,114,238,25,44,32,61,49,144,1597,3726
Meath East,2ae19629-1894-13a3-e055-000000000001,"Newcastle, Meath",59,223,78,187,5,12,0,0,0,0,4,7,8,23,154,452
Meath East,2ae19629-189e-13a3-e055-000000000001,"Newtown, Meath",154,539,94,253,44,134,28,72,1,3,6,10,8,21,335,1032
Meath East,2ae19629-189f-13a3-e055-000000000001,"Nobber, Meath",72,262,114,284,35,100,44,122,3,6,9,17,15,42,292,833
Meath West,2ae19629-18a8-13a3-e055-000000000001,"Oldcastle, Meath",206,704,356,826,161,419,132,335,7,7,15,28,19,49,896,2368
Meath East,2ae19629-18a9-13a3-e055-000000000001,"Painestown, Meath",142,550,231,596,20,69,2,5,0,0,4,6,11,27,410,1253
Meath East,2ae19629-18aa-13a3-e055-000000000001,"Posseckstown, Meath",20,74,38,94,5,10,3,5,0,0,1,1,3,13,70,197
Meath West,2ae19629-18b4-13a3-e055-000000000001,"Rahinstown, Meath",63,227,89,252,7,10,2,3,0,0,4,11,4,15,169,518
Meath East,2ae19629-18b5-13a3-e055-000000000001,"Rathfeigh, Meath",145,528,147,423,20,57,2,3,0,0,7,10,15,44,336,1065
Meath East,2ae19629-18b6-13a3-e055-000000000001,"Rathkenny, Meath",103,372,110,268,5,15,4,11,0,0,4,14,7,16,233,696
Meath West,2ae19629-18c1-13a3-e055-000000000001,"Rathmolyon, Meath",214,798,231,606,35,99,21,73,4,23,7,13,21,69,533,1681
Meath West,2ae19629-18c0-13a3-e055-000000000001,"An Ráth Mhór, An Mhí",139,532,158,441,21,60,3,13,3,7,6,9,14,45,344,1107
Meath East,2ae19629-1814-13a3-e055-000000000001,"Ratoath, Meath",1950,7247,963,2596,387,1168,123,361,22,66,32,73,160,500,3637,12011
Meath East,2ae19629-1815-13a3-e055-000000000001,"Rodanstown, Meath",300,1026,228,628,28,82,14,46,0,0,16,44,19,59,605,1885
Meath East,2ae19629-181b-13a3-e055-000000000001,"Skreen, Meath",210,784,251,668,49,129,10,23,1,5,13,29,22,66,556,1704
Meath East,2ae19629-181c-13a3-e055-000000000001,"Slane, Meath",256,889,256,581,96,250,50,124,1,2,8,13,17,36,684,1895
Louth,2ae19629-1826-13a3-e055-000000000001,"St. Mary's, Meath",2919,9846,1291,3061,627,1887,212,719,102,338,32,72,152,426,5335,16349
Meath East,2ae19629-1827-13a3-e055-000000000001,"Stackallan, Meath",94,346,105,270,14,35,1,2,0,0,9,24,7,15,230,692
Meath East,2ae19629-1828-13a3-e055-000000000001,"Staholmog, Meath",44,179,74,196,16,39,1,3,0,0,4,9,1,3,140,429
Meath East,2ae19629-1829-13a3-e055-000000000001,"Stamullin, Meath",968,3406,424,1072,144,420,25,81,4,18,23,49,63,186,1651,5232
Meath West,2ae19629-181d-13a3-e055-000000000001,"Stonefield, Meath",31,112,45,110,4,9,0,0,0,0,1,1,7,11,88,243
Meath West,2ae19629-181e-13a3-e055-000000000001,"Summerhill, Meath",157,550,169,429,73,176,83,255,1,1,8,18,12,32,503,1461
Meath East,2ae19629-181f-13a3-e055-000000000001,"Tara, Meath",145,541,213,578,31,88,1,5,0,0,12,25,30,78,432,1315
Meath West,2ae19629-182a-13a3-e055-000000000001,"Tailtin, An Mhí",122,457,170,408,24,65,2,4,0,0,8,19,10,34,336,987
Meath West,2ae19629-182b-13a3-e055-000000000001,"Trim Rural, Meath",1166,4060,1012,2441,410,1183,300,874,39,122,22,52,110,289,3059,9021
Meath West,2ae19629-182c-13a3-e055-000000000001,"Trim Urban, Meath",105,305,214,419,191,431,36,63,10,17,11,22,22,39,589,1296
Meath East,2ae19629-1835-13a3-e055-000000000001,"Trohanny, Meath",36,127,70,183,2,3,2,4,0,0,4,11,4,13,118,341
Offaly,2ae19629-1ada-13a3-e055-000000000001,"Aghancon, Offaly",43,145,84,192,11,22,2,8,0,0,2,6,1,5,143,378
Offaly,2ae19629-1adc-13a3-e055-000000000001,"Ballincor, Offaly",22,87,34,84,3,5,0,0,0,0,2,5,2,8,63,189
Offaly,2ae19629-1add-13a3-e055-000000000001,"Ballyburly, Offaly",176,628,190,453,38,115,32,98,1,3,9,15,31,88,477,1400
Offaly,2ae19629-1ae8-13a3-e055-000000000001,"Ballycommon, Offaly",88,345,97,255,12,29,1,3,0,0,6,16,4,15,208,663
Offaly,2ae19629-1ae9-13a3-e055-000000000001,"Ballycumber, Offaly",67,248,136,345,13,28,22,62,0,0,9,13,14,28,261,724
Offaly,2ae19629-1aea-13a3-e055-000000000001,"Ballymacwilliam, Offaly",97,353,93,241,7,26,0,0,0,0,6,11,8,23,211,654
Offaly,2ae19629-1aeb-13a3-e055-000000000001,"Ballyshear, Offaly",54,214,64,157,3,6,1,1,1,3,4,6,4,13,131,400
Offaly,2ae19629-1af5-13a3-e055-000000000001,"Banagher, Offaly",169,577,320,768,136,395,100,255,9,18,19,35,48,104,801,2152
Offaly,2ae19629-1af6-13a3-e055-000000000001,"Barna, Offaly",13,51,35,88,6,16,2,4,0,0,1,2,5,11,62,172
Offaly,2ae19629-1af7-13a3-e055-000000000001,"Bawn, Offaly",35,130,68,191,7,15,1,2,0,0,0,0,5,21,116,359
Offaly,2ae19629-1a3f-13a3-e055-000000000001,"Birr Rural, Offaly",133,453,205,470,41,102,48,136,11,33,14,36,23,63,475,1293
Offaly,2ae19629-1a40-13a3-e055-000000000001,"Birr Urban, Offaly",319,961,602,1253,436,1063,294,869,64,166,25,55,51,109,1791,4476
Offaly,2ae19629-1a41-13a3-e055-000000000001,"Bracknagh, Offaly",135,500,180,455,12,36,6,17,1,3,3,8,42,137,379,1156
Offaly,2ae19629-1a42-13a3-e055-000000000001,"Broughal, Offaly",11,41,32,73,1,3,0,0,0,0,1,1,1,5,46,123
Offaly,2ae19629-1a4e-13a3-e055-000000000001,"Cangort, Offaly",25,94,36,96,5,6,1,3,0,0,4,6,0,0,71,205
Offaly,2ae19629-1a4f-13a3-e055-000000000001,"Cappancur, Offaly",191,726,276,707,21,63,16,35,30,81,16,39,16,39,566,1690
Offaly,2ae19629-1a50-13a3-e055-000000000001,"Clara, Offaly",439,1460,595,1377,159,437,194,581,24,82,23,57,46,125,1480,4119
Offaly,2ae19629-1a51-13a3-e055-000000000001,"Cloghan, Offaly",104,325,164,398,34,99,52,160,0,0,7,16,13,45,374,1043
Offaly,2ae19629-1a5c-13a3-e055-000000000001,"Clonbulloge, Offaly",81,298,115,316,14,52,22,58,0,0,6,13,33,90,271,827
Offaly,2ae19629-1a5d-13a3-e055-000000000001,"Clonmacnoise, Offaly",31,116,73,189,6,15,0,0,0,0,4,9,10,19,124,348
Offaly,2ae19629-1a5e-13a3-e055-000000000001,"Clonmore, Offaly",68,251,65,161,6,19,1,1,0,0,2,5,22,70,164,507
Offaly,2ae19629-1a5f-13a3-e055-000000000001,"Clonygowan, Offaly",124,453,78,193,9,29,10,24,1,1,3,4,4,12,229,716
Offaly,2ae19629-1a68-13a3-e055-000000000001,"Croghan, Offaly",73,287,91,242,5,14,2,3,0,0,3,8,5,15,179,569
Offaly,2ae19629-1a69-13a3-e055-000000000001,"Cullenwaine, Offaly",93,313,133,338,27,72,12,27,1,5,6,19,6,14,278,788
Offaly,2ae19629-1a6a-13a3-e055-000000000001,"Daingean, Offaly",186,663,218,543,40,116,67,210,6,19,15,26,17,50,549,1627
Offaly,2ae19629-1a73-13a3-e055-000000000001,"Derrinboy, Offaly",38,144,52,136,10,27,0,0,0,0,6,17,2,2,108,326
Offaly,2ae19629-1a74-13a3-e055-000000000001,"Derryad, Offaly",25,85,50,147,3,12,2,8,0,0,2,2,4,13,86,267
Offaly,2ae19629-1a75-13a3-e055-000000000001,"Derrycooly, Offaly",34,137,45,122,1,2,0,0,0,0,3,10,5,15,88,286
Offaly,2ae19629-1a76-13a3-e055-000000000001,"Doon, Offaly",63,237,96,253,10,25,0,0,1,2,5,9,5,15,180,541
Offaly,2ae19629-1a81-13a3-e055-000000000001,"Dromoyle, Offaly",29,120,64,192,8,33,0,0,0,0,1,2,9,25,111,372
Offaly,2ae19629-1a82-13a3-e055-000000000001,"Drumcullen, Offaly",59,251,64,145,7,15,2,7,0,0,6,9,8,23,146,450
Offaly,2ae19629-1a83-13a3-e055-000000000001,"Dunkerrin, Offaly",34,125,67,174,11,28,2,6,0,0,4,9,11,36,129,378
Offaly,2ae19629-1a8e-13a3-e055-000000000001,"Durrow, Offaly",81,333,144,391,13,45,2,3,0,0,4,11,9,27,253,810
Offaly,2ae19629-1a8f-13a3-e055-000000000001,"Edenderry Rural, Offaly",92,353,135,359,10,25,2,7,0,0,2,3,47,143,288,890
Offaly,2ae19629-1a90-13a3-e055-000000000001,"Edenderry Urban, Offaly",833,2853,672,1560,504,1645,311,923,71,203,27,44,127,369,2545,7597
Offaly,2ae19629-1a91-13a3-e055-000000000001,"Eglish, Offaly",10,37,35,91,5,9,0,0,0,0,3,4,3,7,56,148
Offaly,67112637-b544-4b5c-b9fa-02e36d6f26b7,"Esker/Ballaghassaan, Offaly",62,220,93,232,7,16,0,0,0,0,4,8,6,15,172,491
Offaly,2ae19629-1a9a-13a3-e055-000000000001,"Ettagh, Offaly",54,218,98,262,11,33,0,0,0,0,1,1,5,9,169,523
Offaly,2ae19629-1a9b-13a3-e055-000000000001,"Ferbane, Offaly",118,413,265,614,57,147,9,32,0,0,15,35,18,37,482,1278
Offaly,2ae19629-1aa4-13a3-e055-000000000001,"Gallen, Offaly",55,173,94,216,11,28,28,84,1,5,3,6,9,22,201,534
Offaly,2ae19629-1aa5-13a3-e055-000000000001,"Geashill, Offaly",223,766,248,644,37,102,25,87,2,7,10,18,12,30,557,1654
Offaly,2ae19629-1aa6-13a3-e055-000000000001,"Gorteen, Offaly, 187043",30,123,59,152,6,10,1,4,0,0,3,3,0,0,99,292
Offaly,2ae19629-1aae-13a3-e055-000000000001,"Gorteen, Offaly, 187044",50,184,51,135,6,18,5,12,0,0,0,0,7,21,119,370
Offaly,2ae19629-1aaf-13a3-e055-000000000001,"Hammerlane, Offaly",61,217,122,322,10,21,1,3,0,0,5,9,5,17,204,589
Offaly,2ae19629-1ab0-13a3-e055-000000000001,"Hinds, Offaly",46,164,69,166,4,9,1,1,0,0,4,6,5,13,129,359
Offaly,2ae19629-1ab1-13a3-e055-000000000001,"Huntston, Offaly",46,177,71,174,5,17,1,3,0,0,4,6,9,22,136,399
Offaly,2ae19629-1ab9-13a3-e055-000000000001,"Kilclonfert, Offaly",55,219,65,186,6,13,0,0,0,0,3,4,5,20,134,442
Offaly,2ae19629-1aba-13a3-e055-000000000001,"Kilcolman, Offaly",53,192,73,180,6,13,0,0,0,0,5,13,3,9,140,407
Offaly,2ae19629-1abb-13a3-e055-000000000001,"Kilcormac, Offaly",135,445,251,554,45,123,75,260,6,31,19,47,13,29,544,1489
Offaly,2ae19629-1ac6-13a3-e055-000000000001,"Kilcumreragh, Offaly",54,190,105,297,14,40,0,0,0,0,8,19,4,11,185,557
Offaly,2ae19629-1ac7-13a3-e055-000000000001,"Killeigh, Offaly",153,579,226,594,26,76,10,28,0,0,12,28,11,29,438,1334
Offaly,2ae19629-1ac8-13a3-e055-000000000001,"Killooly, Offaly",32,124,51,132,3,7,0,0,1,5,3,3,1,4,91,275
Offaly,2ae19629-1ad1-13a3-e055-000000000001,"Killoughy, Offaly",90,340,115,302,16,51,5,10,17,24,6,7,12,37,261,771
Offaly,2ae19629-1ad2-13a3-e055-000000000001,"Killyon, Offaly",31,127,51,118,5,14,0,0,0,0,2,2,6,14,95,275
Offaly,2ae19629-1ad3-13a3-e055-000000000001,"Kinnitty, Offaly",48,167,99,236,32,76,11,39,1,3,5,10,11,29,207,560
Offaly,2ae19629-1ad4-13a3-e055-000000000001,"Knockbarron, Offaly",26,110,38,99,6,14,0,0,0,0,0,0,0,0,70,223
Offaly,2ae19629-1ade-13a3-e055-000000000001,"Knockdrin, Offaly",22,88,25,73,6,16,0,0,0,0,0,0,6,19,59,196
Offaly,2ae19629-1adf-13a3-e055-000000000001,"Lea, Offaly",32,111,74,182,1,1,0,0,0,0,4,15,14,50,125,359
Offaly,2ae19629-1ae0-13a3-e055-000000000001,"Letter, Offaly",14,62,35,92,3,7,0,0,0,0,3,9,0,0,55,170
Offaly,2ae19629-1ae1-13a3-e055-000000000001,"Lumcloon, Offaly",29,97,74,168,17,32,11,34,0,0,4,5,8,16,143,352
Offaly,2ae19629-1aec-13a3-e055-000000000001,"Lusmagh, Offaly",68,241,99,238,12,41,1,6,0,0,6,9,6,18,192,553
Offaly,2ae19629-1aed-13a3-e055-000000000001,"Monasteroris, Offaly",106,377,153,392,11,43,2,7,1,4,11,31,12,28,296,882
Offaly,2ae19629-1aee-13a3-e055-000000000001,"Mountbriscoe, Offaly",31,132,40,108,1,2,0,0,0,0,2,2,4,12,78,256
Offaly,2ae19629-1af8-13a3-e055-000000000001,"Mounterin, Offaly",32,124,48,113,2,5,1,2,0,0,1,1,3,7,87,252
Offaly,2ae19629-1af9-13a3-e055-000000000001,"Mountheaton, Offaly",66,244,88,219,9,23,0,0,0,0,7,17,9,27,179,530
Offaly,2ae19629-1afa-13a3-e055-000000000001,"Moyclare, Offaly",63,230,137,346,9,22,3,4,0,0,5,8,10,26,227,636
Offaly,2ae19629-1afb-13a3-e055-000000000001,"O'dempsey, Offaly",22,83,21,53,4,9,0,0,0,0,1,4,2,4,50,153
Offaly,2ae19629-1a43-13a3-e055-000000000001,"Portarlington North, Offaly",280,983,351,827,130,373,61,194,4,13,12,30,31,96,869,2516
Offaly,2ae19629-1a44-13a3-e055-000000000001,"Rahan, Offaly",83,295,120,341,15,41,5,14,0,0,8,20,10,35,241,746
Offaly,2ae19629-1a45-13a3-e055-000000000001,"Raheenakeeran, Offaly",52,150,77,177,8,24,9,31,1,1,0,0,11,35,158,418
Offaly,2ae19629-1a46-13a3-e055-000000000001,"Rathfeston, Offaly",60,229,69,188,7,22,0,0,2,6,6,17,3,7,147,469
Offaly,2ae19629-1a52-13a3-e055-000000000001,"Rathrobin, Offaly",52,199,78,200,7,20,5,17,2,7,4,9,3,10,151,462
Offaly,2ae19629-1a53-13a3-e055-000000000001,"Roscomroe, Offaly",17,65,29,81,2,6,1,4,0,0,0,0,1,2,50,158
Offaly,2ae19629-1a54-13a3-e055-000000000001,"Screggan, Offaly",174,669,245,633,24,65,15,56,0,0,12,26,8,17,478,1466
Offaly,2ae19629-1a60-13a3-e055-000000000001,"Seirkieran, Offaly",51,178,89,264,8,26,0,0,0,0,6,13,8,25,162,506
Offaly,2ae19629-1a61-13a3-e055-000000000001,"Shannonbridge, Offaly",18,58,81,161,4,6,6,19,1,5,4,4,8,16,122,269
Offaly,2ae19629-1a62-13a3-e055-000000000001,"Shannonharbour, Offaly",38,134,68,170,7,16,0,0,0,0,7,18,7,14,127,352
Offaly,2ae19629-1a6b-13a3-e055-000000000001,"Shinrone, Offaly",105,335,160,361,58,132,46,129,1,1,6,13,13,43,389,1014
Offaly,2ae19629-1a6c-13a3-e055-000000000001,"Silverbrook, Offaly",97,380,121,334,24,61,1,5,0,0,8,12,12,31,263,823
Offaly,2ae19629-1a6d-13a3-e055-000000000001,"Srah, Offaly",69,253,138,321,4,16,21,74,0,0,8,22,8,23,248,709
Offaly,2ae19629-1a77-13a3-e055-000000000001,"Templeharry, Offaly",23,74,44,90,4,15,1,8,0,0,7,12,7,15,86,214
Offaly,2ae19629-1a78-13a3-e055-000000000001,"Tinamuck, Offaly",34,127,49,128,2,3,1,6,0,0,2,3,5,16,93,283
Offaly,2ae19629-1a79-13a3-e055-000000000001,"Tinnycross, Offaly",55,207,79,207,5,15,0,0,0,0,6,13,7,19,152,461
Offaly,2ae19629-1a7a-13a3-e055-000000000001,"Tulla, Offaly",11,48,20,48,1,2,0,0,0,0,2,7,2,3,36,108
Offaly,2ae19629-1a84-13a3-e055-000000000001,"Tullamore Rural, Offaly",483,1509,266,626,308,1022,58,224,9,39,11,22,49,134,1184,3576
Offaly,2ae19629-1a85-13a3-e055-000000000001,"Tullamore Urban, Offaly",915,2757,1411,3044,1118,2855,584,1733,129,371,45,90,181,433,4383,11283
Longford-Westmeath,2ae19629-1bc1-13a3-e055-000000000001,"Ardnaglew, Westmeath",38,151,53,144,8,25,0,0,0,0,0,0,2,5,101,325
Longford-Westmeath,2ae19629-1bca-13a3-e055-000000000001,"Ardnagragh, Westmeath",49,193,84,237,9,37,2,8,0,0,1,3,7,18,152,496
Longford-Westmeath,2ae19629-1bcc-13a3-e055-000000000001,"Athlone East Rural, Westmeath",581,1799,878,1958,813,2400,302,933,8,27,28,57,123,344,2733,7518
Longford-Westmeath,2ae19629-1bcb-13a3-e055-000000000001,"Athlone East Urban, Westmeath",231,597,611,1166,787,1820,144,386,33,97,41,86,135,318,1982,4470
Longford-Westmeath,2ae19629-1bcd-13a3-e055-000000000001,"Athlone West Urban, Westmeath",204,530,403,771,477,1094,238,627,14,29,35,55,90,219,1461,3325
Longford-Westmeath,2ae19629-1bce-13a3-e055-000000000001,"Auburn, Westmeath",103,370,129,312,24,66,1,2,0,0,3,3,17,39,277,792
Longford-Westmeath,2ae19629-1bda-13a3-e055-000000000001,"Ballinalack, Westmeath",47,158,72,172,13,31,7,16,0,0,3,13,6,14,148,404
Longford-Westmeath,2ae19629-1bdb-13a3-e055-000000000001,"Ballinlough, Westmeath",25,79,29,72,4,9,0,0,0,0,1,1,5,16,64,177
Longford-Westmeath,2ae19629-1aff-13a3-e055-000000000001,"Ballybroder, Westmeath",18,73,52,157,4,18,0,0,0,0,1,3,1,1,76,252
Longford-Westmeath,2ae19629-1b00-13a3-e055-000000000001,"Ballyhealy, Westmeath",39,136,59,150,5,12,1,2,0,0,0,0,12,39,116,339
Longford-Westmeath,2ae19629-1b01-13a3-e055-000000000001,"Ballykilmore, Westmeath",89,330,128,314,27,63,13,38,1,3,8,16,12,26,278,790
Longford-Westmeath,2ae19629-1b02-13a3-e055-000000000001,"Ballymore, Westmeath",91,322,99,229,22,68,36,85,0,0,6,13,9,22,263,739
Longford-Westmeath,2ae19629-1bdc-13a3-e055-000000000001,"Ballymorin, Westmeath",50,180,56,154,8,17,2,5,0,0,3,5,7,20,126,381
Longford-Westmeath,2ae19629-1b24-13a3-e055-000000000001,"Ballynagore, Westmeath",72,252,101,232,17,59,0,0,0,0,4,8,6,11,200,562
Longford-Westmeath,2ae19629-1b25-13a3-e055-000000000001,"Ballynaskeagh, Westmeath",40,151,50,138,4,8,0,0,0,0,2,5,3,6,99,308
Longford-Westmeath,2ae19629-1b26-13a3-e055-000000000001,"Bellanalack, Westmeath",79,270,94,233,14,30,4,20,0,0,2,4,8,30,201,587
Longford-Westmeath,2ae19629-1b27-13a3-e055-000000000001,"Belvidere, Westmeath",67,246,161,383,27,57,2,2,0,0,2,5,9,24,268,717
Longford-Westmeath,2ae19629-1b31-13a3-e055-000000000001,"Boherquill, Westmeath",21,87,29,66,6,23,0,0,0,0,1,2,4,8,61,186
Longford-Westmeath,2ae19629-1b32-13a3-e055-000000000001,"Bracklin, Westmeath",33,117,43,121,4,11,0,0,1,5,3,7,6,13,90,274
Longford-Westmeath,2ae19629-1b33-13a3-e055-000000000001,"Carn, Westmeath",89,335,159,407,13,41,0,0,0,0,6,11,10,28,277,822
Longford-Westmeath,2ae19629-1b34-13a3-e055-000000000001,"Carrick, Westmeath",40,142,66,170,8,19,1,2,0,0,2,4,4,9,121,346
Longford-Westmeath,2ae19629-1b40-13a3-e055-000000000001,"Castle, Westmeath",158,534,155,342,70,162,8,29,0,0,4,5,16,37,411,1109
Longford-Westmeath,2ae19629-1b41-13a3-e055-000000000001,"Castledaly, Westmeath",93,349,124,322,18,42,5,17,0,0,5,7,16,46,261,783
Longford-Westmeath,2ae19629-1b42-13a3-e055-000000000001,"Castlelost, Westmeath",220,780,237,579,40,130,60,163,6,15,10,19,20,51,593,1737
Longford-Westmeath,2ae19629-1b4c-13a3-e055-000000000001,"Castletown, Westmeath",101,396,123,296,14,42,17,47,0,0,5,12,16,42,276,835
Longford-Westmeath,2ae19629-1b4d-13a3-e055-000000000001,"Churchtown, Westmeath",50,205,51,125,7,21,1,1,0,0,4,7,6,15,119,374
Longford-Westmeath,2ae19629-1b57-13a3-e055-000000000001,"Cloghan, Westmeath",52,205,56,154,4,8,1,2,0,0,3,7,2,6,118,382
Longford-Westmeath,2ae19629-1b58-13a3-e055-000000000001,"Clonarney, Westmeath",72,269,73,186,16,48,2,10,0,0,6,11,4,16,173,540
Longford-Westmeath,2ae19629-1b59-13a3-e055-000000000001,"Clonfad, Westmeath",67,245,110,261,17,53,17,44,0,0,4,6,9,24,224,633
Longford-Westmeath,2ae19629-1b64-13a3-e055-000000000001,"Clonlost, Westmeath",57,194,81,185,6,18,0,0,0,0,4,7,15,51,163,455
Longford-Westmeath,2ae19629-1b65-13a3-e055-000000000001,"Collinstown, Westmeath",82,265,87,195,28,78,13,35,2,6,2,5,14,31,228,615
Longford-Westmeath,2ae19629-1b66-13a3-e055-000000000001,"Coole, Westmeath",33,107,56,118,6,13,3,12,0,0,0,0,0,0,98,250
Longford-Westmeath,2ae19629-1b67-13a3-e055-000000000001,"Coolure, Westmeath",33,109,63,154,28,69,0,0,1,4,5,14,2,3,132,353
Longford-Westmeath,2ae19629-1b71-13a3-e055-000000000001,"Copperalley, Westmeath",34,113,63,131,6,13,2,5,0,0,0,0,7,18,112,280
Longford-Westmeath,2ae19629-1b72-13a3-e055-000000000001,"Delvin, Westmeath",122,454,138,320,59,191,36,104,3,11,6,19,16,44,380,1143
Longford-Westmeath,2ae19629-1b73-13a3-e055-000000000001,"Derrymore, Westmeath",33,111,46,106,5,18,2,9,0,0,0,0,8,18,94,262
Longford-Westmeath,2ae19629-1b74-13a3-e055-000000000001,"Doonis, Westmeath",30,104,52,134,4,10,0,0,1,2,4,8,3,6,94,264
Longford-Westmeath,2ae19629-1b83-13a3-e055-000000000001,"Drumraney, Westmeath",31,102,48,132,5,14,0,0,0,0,1,2,4,11,89,261
Longford-Westmeath,2ae19629-1b84-13a3-e055-000000000001,"Dysart, Westmeath",17,63,61,176,4,10,0,0,0,0,3,3,7,21,92,273
Longford-Westmeath,2ae19629-1b85-13a3-e055-000000000001,"Emper, Westmeath",25,86,42,101,5,7,5,9,0,0,3,9,1,6,81,218
Longford-Westmeath,2ae19629-1b86-13a3-e055-000000000001,"Enniscoffey, Westmeath",61,234,71,172,10,32,0,0,0,0,4,4,1,1,147,443
Longford-Westmeath,2ae19629-1b97-13a3-e055-000000000001,"Faughalstown, Westmeath",37,135,50,129,4,14,0,0,0,0,1,1,6,18,98,297
Longford-Westmeath,2ae19629-1b98-13a3-e055-000000000001,"Finnea, Westmeath",24,82,56,116,7,11,11,31,0,0,1,1,2,5,101,246
Longford-Westmeath,2ae19629-1b99-13a3-e055-000000000001,"Fore East, Westmeath",47,163,78,176,10,27,1,3,0,0,4,14,15,35,155,418
Longford-Westmeath,2ae19629-1bb0-13a3-e055-000000000001,"Fore West, Westmeath",48,170,69,170,15,34,1,1,0,0,3,8,10,25,146,408
Longford-Westmeath,2ae19629-1bb1-13a3-e055-000000000001,"Gaybrook, Westmeath",53,208,67,203,7,20,1,1,0,0,4,15,1,2,133,449
Longford-Westmeath,2ae19629-1bb2-13a3-e055-000000000001,"Glassan, Westmeath",97,353,160,416,30,62,1,3,0,0,4,10,8,16,300,860
Longford-Westmeath,2ae19629-1bc2-13a3-e055-000000000001,"Glenlough, Westmeath",24,77,33,66,2,4,1,1,2,10,5,13,2,6,69,177
Longford-Westmeath,2ae19629-1bc3-13a3-e055-000000000001,"Glore, Westmeath",27,95,31,72,2,4,1,2,1,2,3,4,2,6,67,185
Longford-Westmeath,2ae19629-1bc4-13a3-e055-000000000001,"Greenpark, Westmeath",32,115,52,139,11,33,1,2,0,0,1,2,1,1,98,292
Longford-Westmeath,2ae19629-1bcf-13a3-e055-000000000001,"Griffinstown, Westmeath",72,257,84,232,10,39,1,3,1,4,6,11,18,61,192,607
Longford-Westmeath,2ae19629-1bd0-13a3-e055-000000000001,"Heathstown, Westmeath",100,354,128,339,10,32,0,0,0,0,2,8,14,34,254,767
Longford-Westmeath,2ae19629-1bd1-13a3-e055-000000000001,"Hilltown, Westmeath",28,99,59,124,11,29,0,0,0,0,3,8,3,10,104,270
Longford-Westmeath,2ae19629-1bdd-13a3-e055-000000000001,"Hopestown, Westmeath",62,235,107,275,11,26,0,0,0,0,5,9,6,19,191,564
Longford-Westmeath,2ae19629-1bde-13a3-e055-000000000001,"Huntingdon, Westmeath",57,212,74,188,8,29,0,0,0,0,3,8,8,20,150,457
Longford-Westmeath,2ae19629-1bdf-13a3-e055-000000000001,"Jamestown, Westmeath",20,67,26,69,4,10,2,8,0,0,3,5,3,11,58,170
Longford-Westmeath,2ae19629-1b03-13a3-e055-000000000001,"Kilbeggan, Westmeath",179,581,208,477,138,432,90,248,10,27,11,18,48,112,684,1895
Longford-Westmeath,2ae19629-1b04-13a3-e055-000000000001,"Kilbixy, Westmeath",45,168,100,225,28,72,51,128,1,4,4,9,9,20,238,626
Longford-Westmeath,2ae19629-1b05-13a3-e055-000000000001,"Kilcumny, Westmeath",18,66,45,99,16,40,1,2,0,0,2,5,5,9,87,221
Longford-Westmeath,2ae19629-1b0b-13a3-e055-000000000001,"Kilcumreragh, Westmeath",46,167,75,191,11,26,0,0,0,0,3,4,4,8,139,396
Longford-Westmeath,2ae19629-1b0c-13a3-e055-000000000001,"Killare, Westmeath",41,153,64,168,8,30,0,0,0,0,2,3,8,14,123,368
Longford-Westmeath,2ae19629-1b0d-13a3-e055-000000000001,"Killinure, Westmeath",48,173,67,184,12,29,1,1,0,0,7,14,2,2,137,403
Longford-Westmeath,2ae19629-1b18-13a3-e055-000000000001,"Killua, Westmeath",150,529,149,367,36,104,27,82,1,5,6,16,14,36,383,1139
Longford-Westmeath,2ae19629-1b19-13a3-e055-000000000001,"Killucan, Westmeath",263,886,219,549,91,246,51,144,6,22,21,49,27,89,678,1985
Longford-Westmeath,2ae19629-1b1a-13a3-e055-000000000001,"Killulagh, Westmeath",69,257,76,183,6,21,3,8,0,0,5,14,7,20,166,503
Longford-Westmeath,2ae19629-1b0e-13a3-e055-000000000001,"Kilpatrick, Westmeath",35,125,39,95,4,12,0,0,0,0,2,4,4,9,84,245
Longford-Westmeath,2ae19629-1b0f-13a3-e055-000000000001,"Kinnegad, Westmeath",415,1401,266,669,205,628,86,270,13,45,8,16,44,140,1037,3169
Longford-Westmeath,2ae19629-1b10-13a3-e055-000000000001,"Kinturk, Westmeath",144,447,219,448,103,261,83,269,5,17,1,1,30,68,585,1511
Longford-Westmeath,2ae19629-1b11-13a3-e055-000000000001,"Knockarrow, Westmeath",13,48,28,60,5,14,0,0,0,0,1,1,2,4,49,127
Longford-Westmeath,2ae19629-1b1b-13a3-e055-000000000001,"Knockdrin, Westmeath",85,321,94,234,10,27,1,4,0,0,4,8,6,13,200,607
Longford-Westmeath,2ae19629-1b1c-13a3-e055-000000000001,"Lackan, Westmeath",17,77,13,33,1,1,0,0,0,0,1,7,1,2,33,120
Longford-Westmeath,2ae19629-1b1d-13a3-e055-000000000001,"Lauree, Westmeath",26,103,37,91,6,16,0,0,0,0,2,3,2,10,73,223
Longford-Westmeath,2ae19629-1b28-13a3-e055-000000000001,"Middleton, Westmeath",45,172,63,177,1,1,0,0,0,0,2,3,14,45,125,398
Longford-Westmeath,2ae19629-1bd2-13a3-e055-000000000001,"Milltown, Westmeath",32,125,45,116,10,37,13,42,0,0,2,2,2,2,104,324
Longford-Westmeath,2ae19629-1b29-13a3-e055-000000000001,"Moate, Westmeath",369,1192,412,927,258,688,137,334,14,38,16,33,103,276,1309,3488
Longford-Westmeath,2ae19629-1b2a-13a3-e055-000000000001,"Mount Temple, Westmeath",102,406,101,260,20,55,1,2,0,0,5,14,8,16,237,753
Longford-Westmeath,2ae19629-1b35-13a3-e055-000000000001,"Moydrum, Westmeath",346,1250,448,1083,133,427,45,129,23,78,17,40,50,153,1062,3160
Longford-Westmeath,2ae19629-1b36-13a3-e055-000000000001,"Muckanagh, Westmeath",24,82,37,101,1,2,0,0,0,0,1,2,3,4,66,191
Longford-Westmeath,2ae19629-1b9e-13a3-e055-000000000001,"Mullingar North Urban, Westmeath",394,1182,574,1169,619,1543,476,1374,45,104,24,47,126,313,2258,5732
Longford-Westmeath,2ae19629-1b37-13a3-e055-000000000001,"Mullingar Rural, Westmeath",1455,4804,1124,2608,776,2444,293,1060,46,175,43,94,120,354,3857,11539
Longford-Westmeath,2ae19629-1b43-13a3-e055-000000000001,"Mullingar South Urban, Westmeath",458,1381,675,1372,647,1589,96,233,23,57,20,38,77,195,1996,4865
Longford-Westmeath,2ae19629-1b44-13a3-e055-000000000001,"Multyfarnham, Westmeath",77,255,87,193,34,74,12,31,0,0,7,12,11,28,228,593
Longford-Westmeath,2ae19629-1b45-13a3-e055-000000000001,"Newtown, Westmeath",31,123,43,110,3,10,0,0,0,0,2,6,2,3,81,252
Longford-Westmeath,2ae19629-1b46-13a3-e055-000000000001,"Noughaval, Westmeath",51,202,65,181,2,9,2,4,0,0,2,5,8,28,130,429
Longford-Westmeath,2ae19629-1b4e-13a3-e055-000000000001,"Owel, Westmeath",46,173,104,247,9,18,1,1,0,0,4,10,10,23,174,472
Longford-Westmeath,2ae19629-1b4f-13a3-e055-000000000001,"Piercetown, Westmeath",13,44,25,64,0,0,1,4,0,0,2,3,6,13,47,128
Longford-Westmeath,2ae19629-1b50-13a3-e055-000000000001,"Portloman, Westmeath",32,118,74,194,5,7,0,0,0,0,2,2,7,16,120,337
Longford-Westmeath,2ae19629-1b51-13a3-e055-000000000001,"Raharney, Westmeath",64,232,84,215,13,40,17,38,0,0,2,4,2,3,182,532
Longford-Westmeath,2ae19629-1b5a-13a3-e055-000000000001,"Rahugh, Westmeath",26,91,73,186,7,15,2,4,0,0,2,4,1,1,111,301
Longford-Westmeath,2ae19629-1b5b-13a3-e055-000000000001,"Rathconrath, Westmeath",57,211,60,154,4,7,1,1,0,0,3,6,11,28,136,407
Longford-Westmeath,2ae19629-1b5c-13a3-e055-000000000001,"Rathowen, Westmeath",36,114,55,135,22,69,12,32,0,0,4,7,13,28,142,385
Longford-Westmeath,2ae19629-1b5d-13a3-e055-000000000001,"Riverdale, Westmeath",61,234,80,225,2,8,0,0,0,0,10,44,5,12,158,523
Longford-Westmeath,2ae19629-1b68-13a3-e055-000000000001,"Rosmead, Westmeath",37,138,58,150,4,13,1,1,0,0,3,4,3,9,106,315
Longford-Westmeath,2ae19629-1b69-13a3-e055-000000000001,"Russellstown, Westmeath",77,300,74,197,9,24,0,0,0,0,5,10,2,7,167,538
Longford-Westmeath,2ae19629-1b6a-13a3-e055-000000000001,"Skeagh, Westmeath",29,109,54,122,7,15,1,4,0,0,2,3,3,6,96,259
Longford-Westmeath,2ae19629-1b6b-13a3-e055-000000000001,"Sonna, Westmeath",41,148,60,148,6,18,8,30,0,0,2,2,6,17,123,363
Longford-Westmeath,2ae19629-1b75-13a3-e055-000000000001,"Stonehall, Westmeath",29,110,33,72,6,20,0,0,0,0,3,13,9,21,80,236
Longford-Westmeath,2ae19629-1b76-13a3-e055-000000000001,"Streamstown, Westmeath",53,190,72,181,5,14,0,0,0,0,4,11,5,13,139,409
Longford-Westmeath,2ae19629-1b77-13a3-e055-000000000001,"Street, Westmeath",27,83,66,148,9,24,3,8,0,0,4,7,0,0,109,270
Longford-Westmeath,2ae19629-1b87-13a3-e055-000000000001,"Taghmon, Westmeath",48,184,80,211,6,19,3,6,0,0,0,0,11,31,148,451
Longford-Westmeath,2ae19629-1b88-13a3-e055-000000000001,"Templepatrick, Westmeath",17,57,44,108,6,13,7,12,0,0,1,3,2,5,77,198
Longford-Westmeath,2ae19629-1b89-13a3-e055-000000000001,"Tubbrit, Westmeath",91,334,128,317,16,37,1,3,0,0,8,17,3,8,247,716
Longford-Westmeath,2ae19629-1b9a-13a3-e055-000000000001,"Tullaghan, Westmeath",52,204,77,196,2,8,1,4,0,0,2,5,4,9,138,426
Longford-Westmeath,2ae19629-1b9b-13a3-e055-000000000001,"Umma, Westmeath",40,134,52,130,4,14,1,1,0,0,1,2,6,18,104,299
Longford-Westmeath,2ae19629-1b9c-13a3-e055-000000000001,"Winetown, Westmeath",16,57,30,84,2,3,0,0,0,0,2,6,0,0,50,150
Longford-Westmeath,2ae19629-1b9d-13a3-e055-000000000001,"Woodland, Westmeath",38,136,52,131,6,14,0,0,0,0,3,5,6,13,105,299
Wexford,2ae19629-1bb3-13a3-e055-000000000001,"Adamstown, Wexford",55,177,90,241,24,51,39,116,13,58,4,10,7,18,232,671
Wicklow-Wexford,2ae19629-1bb4-13a3-e055-000000000001,"Ardamine, Wexford",560,1764,510,1122,305,816,109,349,5,14,32,66,76,177,1597,4308
Wexford,2ae19629-1bc5-13a3-e055-000000000001,"Ardcavan, Wexford",374,1253,487,1101,114,299,88,217,3,9,19,45,36,106,1121,3030
Wexford,2ae19629-1bc6-13a3-e055-000000000001,"Ardcolm, Wexford",100,362,186,434,43,106,4,9,0,0,10,25,22,50,365,986
Wexford,2ae19629-1bd3-13a3-e055-000000000001,"Artramon, Wexford",62,233,149,352,23,64,7,21,8,28,7,14,5,13,261,725
Wexford,2ae19629-1bd4-13a3-e055-000000000001,"Aughwilliam, Wexford",69,234,107,289,11,33,1,1,0,0,10,22,5,13,203,592
Wicklow-Wexford,2ae19629-1bd5-13a3-e055-000000000001,"Ballindaggan, Wexford",85,314,134,346,23,60,18,46,0,0,12,21,15,38,287,825
Wicklow-Wexford,2ae19629-1e4d-13a3-e055-000000000001,"Balloughter, Wexford",58,207,104,277,10,30,2,5,0,0,8,22,4,16,186,557
Wexford,2ae19629-1be0-13a3-e055-000000000001,"Ballyanne, Wexford",80,320,146,349,14,50,21,47,0,0,8,15,6,19,275,800
Wicklow-Wexford,2ae19629-1be1-13a3-e055-000000000001,"Ballybeg, Wexford",69,266,97,266,17,64,0,0,0,0,7,10,8,27,198,633
Wicklow-Wexford,2ae19629-1be2-13a3-e055-000000000001,"Ballycanew, Wexford",156,524,174,430,50,128,34,85,1,5,14,24,13,29,442,1225
Wicklow-Wexford,2ae19629-1b06-13a3-e055-000000000001,"Ballycarney, Wexford",57,223,75,212,8,22,2,5,0,0,1,3,13,40,156,505
Wicklow-Wexford,2ae19629-1b07-13a3-e055-000000000001,"Ballyellis, Wexford",59,214,79,201,4,15,1,2,0,0,2,3,3,7,148,442
Wicklow-Wexford,2ae19629-1b08-13a3-e055-000000000001,"Ballygarrett, Wexford",91,348,174,446,21,56,5,16,0,0,15,33,14,33,320,932
Wexford,2ae19629-1b12-13a3-e055-000000000001,"Ballyhack, Wexford",108,370,303,658,56,144,21,56,1,1,23,51,20,55,532,1335
Wexford,2ae19629-1b13-13a3-e055-000000000001,"Ballyhoge, Wexford",171,590,200,507,28,85,48,118,0,0,13,25,5,10,465,1335
Wexford,2ae19629-1b14-13a3-e055-000000000001,"Ballyhuskard, Wexford",228,804,265,662,37,97,21,64,1,3,10,26,23,53,585,1709
Wicklow-Wexford,2ae19629-1e40-13a3-e055-000000000001,"Ballylarkin, Wexford",104,404,148,378,27,66,0,0,0,0,10,19,17,54,306,921
Wexford,2ae19629-1e41-13a3-e055-000000000001,"Ballymitty, Wexford",76,268,95,219,14,35,5,17,0,0,7,9,7,23,204,571
Wicklow-Wexford,2ae19629-1e4b-13a3-e055-000000000001,"Ballymore, Wexford",67,249,85,223,6,22,1,2,0,0,3,5,6,24,168,525
Wicklow-Wexford,2ae19629-1e4c-13a3-e055-000000000001,"Ballynestragh, Wexford",193,763,175,490,17,51,1,4,0,0,9,26,23,60,418,1394
Wexford,2ae19629-1e56-13a3-e055-000000000001,"Ballyvaldon, Wexford",78,276,160,418,22,62,2,2,0,0,9,17,11,34,282,809
Wexford,2ae19629-1e57-13a3-e055-000000000001,"Bannow, Wexford",86,289,235,577,48,129,56,152,2,5,17,48,35,106,479,1306
Wexford,2ae19629-1e58-13a3-e055-000000000001,"Barrack Village, Wexford",8,30,21,58,3,12,1,3,0,0,1,1,0,0,34,104
Wexford,2ae19629-1e62-13a3-e055-000000000001,"Barronstown, Wexford",79,283,115,284,5,14,6,21,0,0,5,14,7,17,217,633
Wexford,2ae19629-1e63-13a3-e055-000000000001,"Bolaboy, Wexford",131,450,165,397,33,87,43,114,1,1,4,11,63,195,440,1255
Wexford,2ae19629-1e64-13a3-e055-000000000001,"Bree, Wexford",199,741,235,590,26,75,15,43,0,0,11,24,20,60,506,1533
Wexford,2ae19629-1e6e-13a3-e055-000000000001,"Bridgetown, Wexford",110,397,157,401,16,52,9,36,2,4,7,23,20,59,321,972
Wicklow-Wexford,2ae19629-1e6f-13a3-e055-000000000001,"Cahore, Wexford",57,203,103,243,19,44,1,1,0,0,8,22,5,11,193,524
Wexford,2ae19629-1e70-13a3-e055-000000000001,"Carnagh, Wexford",56,189,111,290,9,26,5,15,0,0,8,19,6,11,195,550
Wexford,2ae19629-1e7a-13a3-e055-000000000001,"Carrick, Wexford",216,775,327,822,48,139,3,6,0,0,15,42,18,45,627,1829
Wexford,2ae19629-1e7b-13a3-e055-000000000001,"Carrickbyrne, Wexford",48,161,121,335,18,62,4,14,0,0,6,14,5,20,202,606
Wexford,2ae19629-1e7c-13a3-e055-000000000001,"Castle Ellis, Wexford",136,492,224,549,41,111,13,30,0,0,8,22,26,76,448,1280
Wexford,2ae19629-1e87-13a3-e055-000000000001,"Castle Talbot, Wexford",86,312,188,452,47,120,9,27,1,1,9,21,13,33,353,966
Wexford,2ae19629-1e86-13a3-e055-000000000001,"Castleboro, Wexford",112,409,177,455,11,23,7,24,1,5,10,26,18,45,336,987
Wicklow-Wexford,2ae19629-1e7f-13a3-e055-000000000001,"Castledockrell, Wexford",61,204,78,211,7,26,9,24,0,0,4,7,14,40,173,512
Wexford,2ae19629-1e88-13a3-e055-000000000001,"Clongeen, Wexford",89,295,163,380,40,110,38,113,1,4,8,19,14,33,353,954
Wexford,2ae19629-1e89-13a3-e055-000000000001,"Clonleigh, Wexford",49,191,82,221,7,22,5,15,0,0,2,3,5,12,150,464
Wexford,2ae19629-1e93-13a3-e055-000000000001,"Clonroche, Wexford",91,311,227,580,36,108,66,220,1,2,15,32,24,68,460,1321
Wicklow-Wexford,2ae19629-1e94-13a3-e055-000000000001,"Coolgreany, Wexford",137,486,188,473,28,77,18,44,1,6,9,18,33,83,414,1187
Wicklow-Wexford,2ae19629-1e9d-13a3-e055-000000000001,"Courtown, Wexford",253,864,519,1219,144,382,33,103,4,14,25,63,44,111,1022,2756
Wexford,2ae19629-1e9e-13a3-e055-000000000001,"Drinagh, Wexford",113,388,210,513,17,46,40,113,1,2,8,17,13,35,402,1114
Wexford,2ae19629-1ea9-13a3-e055-000000000001,"Duncormick, Wexford",69,226,109,261,23,63,18,45,0,0,10,29,7,15,236,639
Wexford,2ae19629-1eaa-13a3-e055-000000000001,"Dunmain, Wexford",37,143,47,112,15,44,4,15,0,0,2,5,5,11,110,330
Wexford,2ae19629-1eab-13a3-e055-000000000001,"Edermine, Wexford",182,622,262,666,30,103,30,84,2,4,11,23,16,53,533,1555
Wexford,2ae19629-1eb7-13a3-e055-000000000001,"Enniscorthy Rural, Wexford",867,2805,1273,2778,737,1981,694,2024,196,617,67,170,169,453,4003,10828
Wexford,2ae19629-1eb8-13a3-e055-000000000001,"Enniscorthy Urban, Wexford",117,303,450,853,296,653,131,288,60,118,31,49,37,81,1122,2345
Wicklow-Wexford,2ae19629-1eb9-13a3-e055-000000000001,"Ferns, Wexford",115,355,216,491,98,251,106,304,22,69,14,32,34,109,605,1611
Wexford,2ae19629-1eba-13a3-e055-000000000001,"Fethard, Wexford",85,281,187,424,32,76,41,101,1,4,16,35,23,53,385,974
Wicklow-Wexford,2ae19629-1ec5-13a3-e055-000000000001,"Ford, Wexford",66,194,119,273,42,103,12,35,1,2,8,18,9,22,257,647
Wexford,2ae19629-1ec6-13a3-e055-000000000001,"Forth, Wexford",91,309,143,391,21,69,11,33,0,0,5,11,14,35,285,848
Wexford,2ae19629-1ec7-13a3-e055-000000000001,"Glynn, Wexford",81,290,88,242,15,42,1,5,0,0,6,12,12,34,203,625
Wicklow-Wexford,2ae19629-1ed5-13a3-e055-000000000001,"Gorey Rural, Wexford",944,3082,759,1748,497,1567,381,1167,118,331,44,99,66,194,2809,8188
Wicklow-Wexford,2ae19629-1ed6-13a3-e055-000000000001,"Gorey Urban, Wexford",350,1081,577,1141,416,1064,103,229,55,104,27,50,41,88,1569,3757
Wexford,2ae19629-1ed7-13a3-e055-000000000001,"Harperstown, Wexford",69,267,87,221,13,37,0,0,0,0,3,9,6,18,178,552
Wexford,2ae19629-1ee3-13a3-e055-000000000001,"Harristown, Wexford",59,192,100,272,11,25,4,7,17,19,7,20,10,18,208,553
Wexford,2ae19629-1ee4-13a3-e055-000000000001,"Horetown, Wexford",55,179,106,304,23,57,6,21,0,0,7,18,16,39,213,618
Wicklow-Wexford,2ae19629-1ee5-13a3-e055-000000000001,"Huntingtown, Wexford",48,177,55,156,3,6,0,0,0,0,6,12,9,20,121,371
Wexford,2ae19629-1e2b-13a3-e055-000000000001,"Inch, Wexford",69,237,97,253,16,52,6,12,0,0,7,13,7,26,202,593
Wicklow-Wexford,2ae19629-1e2c-13a3-e055-000000000001,"Kilbora, Wexford",46,143,77,237,9,37,1,2,0,0,4,11,5,14,142,444
Wexford,2ae19629-1e2d-13a3-e055-000000000001,"Kilbride, Wexford",41,146,56,132,12,35,2,5,0,0,2,4,4,11,117,333
Wicklow-Wexford,2ae19629-1e2e-13a3-e055-000000000001,"Kilcomb, Wexford",111,396,189,503,34,111,26,70,1,8,9,21,6,19,376,1128
Wicklow-Wexford,2ae19629-1e39-13a3-e055-000000000001,"Kilcormick, Wexford",91,336,124,319,11,33,1,2,1,3,6,18,7,22,241,733
Wexford,2ae19629-1e3a-13a3-e055-000000000001,"Kilcowan, Wexford",59,192,109,274,7,14,3,6,8,8,5,8,9,21,200,523
Wexford,2ae19629-1e3b-13a3-e055-000000000001,"Kilgarvan, Wexford",42,169,77,203,8,25,0,0,0,0,9,25,6,26,142,448
Wicklow-Wexford,2ae19629-1e42-13a3-e055-000000000001,"Kilgorman, Wexford",105,392,137,355,25,84,1,3,0,0,7,14,16,53,291,901
Wexford,2ae19629-1e43-13a3-e055-000000000001,"Killag, Wexford",53,187,90,247,13,37,0,0,0,0,4,8,13,27,173,506
Wexford,2ae19629-1e4e-13a3-e055-000000000001,"Killann, Wexford",111,360,206,507,22,65,15,44,1,2,11,23,18,55,384,1056
Wicklow-Wexford,2ae19629-1e4f-13a3-e055-000000000001,"Killenagh, Wexford",76,284,117,301,16,39,1,1,0,0,6,13,3,7,219,645
Wexford,2ae19629-1e59-13a3-e055-000000000001,"Killesk, Wexford",83,276,159,370,22,64,4,11,1,2,12,21,9,19,290,763
Wicklow-Wexford,2ae19629-1e5a-13a3-e055-000000000001,"Killincooly, Wexford",68,217,99,245,34,94,20,55,1,7,8,14,10,35,240,667
Wexford,2ae19629-1e65-13a3-e055-000000000001,"Killinick, Wexford",95,330,194,448,26,75,0,0,0,0,8,14,15,33,338,900
Wexford,2ae19629-1e66-13a3-e055-000000000001,"Killoughrum, Wexford",81,297,133,339,11,29,12,44,0,0,4,10,14,40,255,759
Wexford,2ae19629-1e71-13a3-e055-000000000001,"Killurin, Wexford",97,358,133,353,9,27,0,0,0,0,6,20,5,17,250,775
Wexford,2ae19629-1e72-13a3-e055-000000000001,"Kilmallock, Wexford",213,767,192,501,50,137,20,60,1,1,13,34,20,57,509,1557
Wexford,2ae19629-1e73-13a3-e055-000000000001,"Kilmokea, Wexford",66,237,137,342,26,72,65,179,1,1,7,9,4,10,306,850
Wexford,2ae19629-1e74-13a3-e055-000000000001,"Kilmore, Wexford",188,637,404,971,166,428,74,220,5,19,32,83,40,105,909,2463
Wicklow-Wexford,2ae19629-1e7d-13a3-e055-000000000001,"Kilnahue, Wexford",56,206,82,224,7,20,1,4,0,0,5,16,6,14,157,484
Wexford,2ae19629-1e7e-13a3-e055-000000000001,"Kilpatrick, Wexford",73,266,155,376,15,40,2,5,0,0,7,13,8,16,260,716
Wicklow-Wexford,2ae19629-1e80-13a3-e055-000000000001,"Kilrush, Wexford",52,176,93,220,7,21,2,8,0,0,4,6,16,51,174,482
Wexford,2ae19629-1e8a-13a3-e055-000000000001,"Kilscoran, Wexford",124,418,186,422,36,99,17,43,5,14,3,5,13,19,384,1020
Wexford,2ae19629-1e8b-13a3-e055-000000000001,"Kiltealy, Wexford",53,189,87,216,15,29,2,4,0,0,14,27,17,40,188,505
Wexford,2ae19629-1e8c-13a3-e055-000000000001,"Lady's Island, Wexford",70,226,127,285,25,55,6,14,1,1,7,16,8,15,244,612
Wicklow-Wexford,2ae19629-1e95-13a3-e055-000000000001,"Limerick, Wexford",137,525,153,401,26,81,3,6,3,5,9,24,9,26,340,1068
Wexford,2ae19629-1e96-13a3-e055-000000000001,"Marshalstown, Wexford",123,436,194,501,10,33,27,66,0,0,8,16,25,64,387,1116
Wexford,2ae19629-1e97-13a3-e055-000000000001,"Mayglass, Wexford",77,295,96,242,6,24,3,7,0,0,5,16,8,27,195,611
Wicklow-Wexford,2ae19629-1e9f-13a3-e055-000000000001,"Monamolin, Wexford",110,365,132,349,26,77,14,42,1,2,12,20,8,17,303,872
Wicklow-Wexford,2ae19629-1ea0-13a3-e055-000000000001,"Monaseed, Wexford",86,349,111,298,7,26,2,7,0,0,4,8,14,36,224,724
Wicklow-Wexford,2ae19629-1ea1-13a3-e055-000000000001,"Moyacomb, Wexford",43,155,91,228,19,49,0,0,0,0,3,9,10,25,166,466
Wexford,2ae19629-1ea2-13a3-e055-000000000001,"New Ross Rural, Wexford",343,1056,406,924,388,1130,250,764,21,63,24,51,41,144,1473,4132
Wexford,2ae19629-1eac-13a3-e055-000000000001,"New Ross Urban, Wexford",241,665,616,1174,398,889,369,848,65,116,30,66,77,143,1796,3901
Wexford,2ae19629-1ead-13a3-e055-000000000001,"Newbawn, Wexford",50,171,121,297,11,37,13,33,0,0,9,18,7,21,211,577
Wexford,2ae19629-1eae-13a3-e055-000000000001,"Newcastle, Wexford",66,228,92,228,9,32,6,23,0,0,3,13,3,8,179,532
Wicklow-Wexford,2ae19629-1eaf-13a3-e055-000000000001,"Newtownbarry, Wexford",181,591,344,808,185,464,123,354,9,28,24,49,46,106,912,2400
Wexford,2ae19629-1ebb-13a3-e055-000000000001,"Old Ross, Wexford",58,215,64,170,13,44,3,6,1,4,4,6,6,19,149,464
Wexford,2ae19629-1eb0-13a3-e055-000000000001,"Oldcourt, Wexford",70,276,138,368,14,42,0,0,0,0,8,17,6,18,236,721
Wexford,2ae19629-1ebc-13a3-e055-000000000001,"Rathaspick, Wexford",217,757,338,865,38,113,10,26,0,0,6,10,16,55,625,1826
Wexford,2ae19629-1ebd-13a3-e055-000000000001,"Rathroe, Wexford",103,347,188,451,25,67,6,13,7,10,4,11,12,34,345,933
Wexford,2ae19629-1ec8-13a3-e055-000000000001,"Rochestown, Wexford",31,105,45,143,4,11,0,0,0,0,2,4,1,3,83,266
Wexford,2ae19629-1ec9-13a3-e055-000000000001,"Rosbercon Urban, Wexford",34,82,59,118,181,354,36,84,8,22,5,7,12,25,335,692
Wicklow-Wexford,2ae19629-1eca-13a3-e055-000000000001,"Rossard, Wexford",56,211,87,230,12,41,2,6,0,0,6,13,8,21,171,522
Wexford,2ae19629-1ecb-13a3-e055-000000000001,"Rosslare, Wexford",165,525,377,783,102,284,109,290,4,8,20,44,23,43,800,1977
Wicklow-Wexford,2ae19629-1ecc-13a3-e055-000000000001,"Rossminoge, Wexford",82,302,98,265,17,61,1,3,0,0,7,15,12,32,217,678
Wexford,2ae19629-1ecd-13a3-e055-000000000001,"St. Helen's, Wexford",275,825,438,866,151,396,93,255,3,9,19,39,20,40,999,2430
Wicklow-Wexford,2ae19629-1ed8-13a3-e055-000000000001,"St. Mary's, Wexford",90,333,120,305,25,74,2,6,1,2,5,11,19,58,262,789
Wexford,2ae19629-1ed9-13a3-e055-000000000001,"Tacumshin, Wexford",62,203,106,239,19,38,1,3,0,0,6,11,9,17,203,511
Wexford,2ae19629-1eda-13a3-e055-000000000001,"Taghmon, Wexford",79,267,153,360,56,157,90,261,2,6,10,17,49,118,439,1186
Wexford,2ae19629-1ee6-13a3-e055-000000000001,"Templeludigan, Wexford",59,235,80,213,6,12,2,8,0,0,3,4,6,26,156,498
Wexford,2ae19629-1ee7-13a3-e055-000000000001,"Templetown, Wexford",56,187,146,360,24,61,1,2,0,0,18,61,15,55,260,726
Wicklow-Wexford,2ae19629-1ee8-13a3-e055-000000000001,"The Harrow, Wexford",62,217,82,225,13,34,6,14,1,1,5,6,7,19,176,516
Wexford,2ae19629-1ee9-13a3-e055-000000000001,"The Leap, Wexford",108,369,182,465,17,55,24,78,0,0,8,26,12,34,351,1027
Wicklow-Wexford,2ae19629-1e2f-13a3-e055-000000000001,"Tinnacross, Wexford",125,472,162,387,11,32,28,75,0,0,7,15,15,54,348,1035
Wexford,2ae19629-1e30-13a3-e055-000000000001,"Tintern, Wexford",171,606,307,722,53,134,49,133,0,0,21,51,27,89,628,1735
Wicklow-Wexford,2ae19629-1e3c-13a3-e055-000000000001,"Tombrack, Wexford",91,338,135,333,14,42,6,18,0,0,6,13,36,105,288,849
Wexford,2ae19629-1e3d-13a3-e055-000000000001,"Tomhaggard, Wexford",48,168,115,275,13,38,9,22,1,3,6,17,11,28,203,551
Wicklow-Wexford,2ae19629-1e44-13a3-e055-000000000001,"Wells, Wexford",83,323,145,388,33,95,0,0,0,0,14,28,17,47,292,881
Wexford,2ae19629-1e46-13a3-e055-000000000001,"Wexford No. 1 Urban, Wexford",90,250,291,511,289,577,88,137,55,95,16,32,20,38,849,1640
Wexford,2ae19629-1e5d-13a3-e055-000000000001,"Wexford No. 2 Urban, Wexford",299,821,752,1476,386,866,275,635,33,89,32,64,41,124,1818,4075
Wexford,2ae19629-1e5c-13a3-e055-000000000001,"Wexford No. 3 Urban, Wexford",55,146,171,306,287,551,84,150,12,21,10,21,22,37,641,1232
Wexford,2ae19629-1e45-13a3-e055-000000000001,"Wexford Rural, Wexford",1495,4620,1751,3695,961,2668,697,2103,91,270,51,100,140,357,5186,13813
Wexford,2ae19629-1e50-13a3-e055-000000000001,"Whitechurch, Wexford, 247119",73,263,83,199,9,38,1,2,0,0,2,2,13,39,181,543
Wexford,2ae19629-1e51-13a3-e055-000000000001,"Whitechurch, Wexford, 247120",76,291,126,328,9,24,2,2,0,0,7,16,7,17,227,678
Wexford,2ae19629-1e52-13a3-e055-000000000001,"Whitemoor, Wexford",51,198,126,355,12,34,3,11,1,4,2,7,4,11,199,620
Wicklow-Wexford,2ae19629-1e5b-13a3-e055-000000000001,"Wingfield, Wexford",126,479,150,417,19,59,4,11,0,0,5,21,20,57,324,1044
Wicklow-Wexford,2ae19629-1e5e-13a3-e055-000000000001,"Aghowle, Wicklow",29,96,39,99,5,15,4,14,0,0,3,5,8,25,88,254
Wicklow,2ae19629-1e67-13a3-e055-000000000001,"Altidore, Wicklow",50,180,63,147,13,41,1,1,0,0,4,9,4,7,135,385
Wicklow-Wexford,2ae19629-1e69-13a3-e055-000000000001,"Arklow No. 1 Urban, Wicklow",1176,3874,1321,2848,697,1792,486,1370,37,140,48,92,130,330,3895,10446
Wicklow-Wexford,2ae19629-1ee1-13a3-e055-000000000001,"Arklow No. 2 Urban, Wicklow",313,1015,353,784,243,611,128,350,38,92,13,25,39,98,1127,2975
Wicklow-Wexford,2ae19629-1e68-13a3-e055-000000000001,"Arklow Rural, Wicklow",167,579,205,486,58,162,20,74,3,8,12,25,21,66,486,1400
Wicklow-Wexford,2ae19629-1e6a-13a3-e055-000000000001,"Aughrim, Wicklow",205,706,247,576,76,242,102,273,1,4,12,20,11,35,654,1856
Wicklow-Wexford,2ae19629-1e6b-13a3-e055-000000000001,"Ballinaclash, Wicklow",75,272,107,279,17,61,18,47,0,0,7,17,13,30,237,706
Wicklow-Wexford,2ae19629-1e75-13a3-e055-000000000001,"Ballinacor, Wicklow",39,163,54,154,15,31,0,0,0,0,5,11,5,8,118,367
Wicklow-Wexford,2ae19629-1e76-13a3-e055-000000000001,"Ballinderry, Wicklow",54,196,85,218,23,59,3,8,0,0,5,9,4,13,174,503
Wicklow-Wexford,2ae19629-1e77-13a3-e055-000000000001,"Ballingate, Wicklow",45,152,90,240,6,12,2,3,0,0,2,6,5,15,150,428
Wicklow-Wexford,2ae19629-1e81-13a3-e055-000000000001,"Ballinglen, Wicklow",23,93,41,106,4,10,4,7,0,0,2,3,6,15,80,234
Wicklow,2ae19629-1e82-13a3-e055-000000000001,"Ballinguile, Wicklow",18,60,22,72,4,8,0,0,0,0,1,2,4,9,49,151
Wicklow-Wexford,2ae19629-1e83-13a3-e055-000000000001,"Ballyarthur, Wicklow",144,516,144,363,33,86,46,117,0,0,5,9,24,66,396,1157
Wicklow-Wexford,2ae19629-1e8d-13a3-e055-000000000001,"Ballybeg, Wicklow",21,69,41,122,0,0,0,0,0,0,2,2,6,13,70,206
Wicklow,2ae19629-1e8e-13a3-e055-000000000001,"Ballycullen, Wicklow",32,109,56,126,30,67,0,0,0,0,3,8,4,8,125,318
Wicklow,2ae19629-1e8f-13a3-e055-000000000001,"Baltinglass, Wicklow",287,927,364,873,151,385,166,515,29,76,18,31,60,154,1075,2961
Wicklow,2ae19629-1e98-13a3-e055-000000000001,"Blessington, Wicklow",558,1915,540,1295,265,756,161,458,10,30,23,53,50,147,1607,4654
Wicklow,2ae19629-1ee2-13a3-e055-000000000001,"Bray No. 1, Wicklow",162,443,201,476,178,492,180,363,18,48,9,27,16,46,764,1895
Wicklow,2ae19629-1eed-13a3-e055-000000000001,"Bray No. 2, Wicklow",627,2137,955,2085,700,1559,104,153,4,8,26,57,78,189,2494,6188
Wicklow,2ae19629-1e99-13a3-e055-000000000001,"Bray No. 3, Wicklow",676,2259,1203,2689,413,1114,97,248,22,30,33,74,89,219,2533,6633
Wicklow,2ae19629-1ea3-13a3-e055-000000000001,"Brockagh, Wicklow",62,227,116,278,39,100,25,54,2,3,9,19,3,5,256,686
Wicklow,2ae19629-1ea4-13a3-e055-000000000001,"Burgage, Wicklow",295,1134,200,522,108,379,7,30,3,13,17,50,26,68,656,2196
Wicklow,2ae19629-1eb1-13a3-e055-000000000001,"Calary, Wicklow",51,193,47,116,15,46,0,0,0,0,3,7,5,16,121,378
Wicklow-Wexford,2ae19629-1eb2-13a3-e055-000000000001,"Carnew, Wicklow",148,507,277,655,79,200,135,377,19,30,17,33,28,69,703,1871
Wicklow-Wexford,2ae19629-1eb3-13a3-e055-000000000001,"Coolattin, Wicklow",24,86,59,139,9,25,0,0,0,0,5,14,1,3,98,267
Wicklow,2ae19629-1ebe-13a3-e055-000000000001,"Coolballintaggart, Wicklow",53,197,86,204,4,10,17,57,0,0,4,7,10,29,174,504
Wicklow-Wexford,2ae19629-1ebf-13a3-e055-000000000001,"Coolboy, Wicklow",91,317,95,244,4,14,8,21,0,0,6,8,6,12,210,616
Wicklow-Wexford,2ae19629-1ec0-13a3-e055-000000000001,"Cronebane, Wicklow",58,181,90,231,5,10,12,27,1,1,3,6,19,57,188,513
Wicklow-Wexford,2ae19629-1ece-13a3-e055-000000000001,"Cronelea, Wicklow",19,70,41,86,6,17,1,5,0,0,2,3,1,3,70,184
Wicklow,2ae19629-1ecf-13a3-e055-000000000001,"Delgany, Wicklow",1187,4319,849,2003,216,609,191,513,19,43,25,49,64,163,2551,7699
Wicklow,2ae19629-1ed0-13a3-e055-000000000001,"Donaghmore, Wicklow",43,178,76,213,19,51,2,5,0,0,3,5,2,5,145,457
Wicklow,2ae19629-1ed1-13a3-e055-000000000001,"Donard, Wicklow",56,219,87,190,26,68,16,50,2,8,14,31,2,6,203,572
Wicklow-Wexford,2ae19629-1edb-13a3-e055-000000000001,"Dunganstown East, Wicklow",86,325,151,370,41,94,0,0,0,0,6,15,17,49,301,853
Wicklow-Wexford,2ae19629-1edc-13a3-e055-000000000001,"Dunganstown South, Wicklow",102,351,140,371,26,73,29,82,0,0,15,40,6,13,318,930
Wicklow-Wexford,2ae19629-1eea-13a3-e055-000000000001,"Dunganstown West, Wicklow",58,196,86,208,16,39,4,8,0,0,11,25,4,11,179,487
Wicklow,2ae19629-1eeb-13a3-e055-000000000001,"Dunlavin, Wicklow",137,489,197,508,61,160,73,216,28,111,7,18,23,51,526,1553
Wicklow,2ae19629-1eec-13a3-e055-000000000001,"Eadestown, Wicklow",17,64,44,119,4,15,1,2,0,0,2,4,5,15,73,219
Wicklow-Wexford,2ae19629-1e31-13a3-e055-000000000001,"Ennereilly, Wicklow",46,176,72,183,27,60,2,3,0,0,4,6,9,21,160,449
Wicklow,2ae19629-1e32-13a3-e055-000000000001,"Enniskerry, Wicklow",310,1143,433,1144,100,266,58,170,2,5,27,84,40,105,970,2917
Wicklow,2ae19629-1e3e-13a3-e055-000000000001,"Glendalough, Wicklow",32,102,61,165,7,15,0,0,0,0,7,15,2,3,109,300
Wicklow,2ae19629-1e3f-13a3-e055-000000000001,"Glenealy, Wicklow",351,1213,388,934,121,323,91,271,0,0,22,45,30,85,1003,2871
Wicklow,2ae19629-1e47-13a3-e055-000000000001,"Greystones, Wicklow",921,3284,1351,3040,407,1073,71,193,7,17,43,97,107,277,2907,7981
Wicklow,2ae19629-1e48-13a3-e055-000000000001,"Hartstown, Wicklow",33,117,51,121,5,12,0,0,0,0,3,8,3,11,95,269
Wicklow,2ae19629-1e49-13a3-e055-000000000001,"Hollywood, Wicklow",90,334,130,368,33,93,1,3,0,0,5,8,12,28,271,834
Wicklow,2ae19629-1e4a-13a3-e055-000000000001,"Humewood, Wicklow",39,124,69,149,10,40,12,28,0,0,2,2,2,10,134,353
Wicklow,2ae19629-1e53-13a3-e055-000000000001,"Imael North, Wicklow",27,99,42,111,12,34,3,9,0,0,3,6,6,11,93,270
Wicklow,2ae19629-1e54-13a3-e055-000000000001,"Imael South, Wicklow",26,83,60,165,7,19,2,5,0,0,0,0,2,5,97,277
Wicklow-Wexford,2ae19629-1e55-13a3-e055-000000000001,"Kilballyowen, Wicklow",55,204,65,158,6,17,2,4,0,0,5,14,3,9,136,406
Wicklow,2ae19629-1e5f-13a3-e055-000000000001,"Kilbride, Wicklow, 257046",108,414,184,459,37,124,1,4,0,0,13,30,23,68,366,1099
Wicklow-Wexford,2ae19629-1e60-13a3-e055-000000000001,"Kilbride, Wicklow, 257047",85,307,161,368,33,61,3,4,0,0,7,18,10,22,299,780
Wicklow,2ae19629-1e61-13a3-e055-000000000001,"Kilcoole, Wicklow",1967,6631,956,2205,674,1923,265,758,40,130,36,73,166,449,4104,12169
Wicklow-Wexford,2ae19629-1e6c-13a3-e055-000000000001,"Killinure, Wicklow",37,147,67,144,10,31,5,9,0,0,4,11,5,14,128,356
Wicklow,2ae19629-1e6d-13a3-e055-000000000001,"Killiskey, Wicklow",231,750,206,495,46,115,27,86,13,42,31,88,16,51,570,1627
Wicklow,2ae19629-1e78-13a3-e055-000000000001,"Kilmacanoge, Wicklow",1767,6155,1771,4373,533,1616,622,1901,51,146,40,93,193,529,4977,14813
Wicklow-Wexford,2ae19629-1e79-13a3-e055-000000000001,"Kilpipe, Wicklow",50,173,79,214,17,40,1,1,0,0,5,12,7,13,159,453
Wicklow,2ae19629-1e84-13a3-e055-000000000001,"Knockrath, Wicklow",26,92,35,96,7,21,8,16,0,0,5,7,3,8,84,240
Wicklow,2ae19629-1e85-13a3-e055-000000000001,"Lackan, Wicklow",106,389,124,316,39,99,2,6,1,1,10,22,8,23,290,856
Wicklow,2ae19629-1e90-13a3-e055-000000000001,"Lugglass, Wicklow",14,52,32,107,2,6,1,4,1,2,2,2,3,10,55,183
Wicklow-Wexford,2ae19629-1e91-13a3-e055-000000000001,"Money, Wicklow",17,59,35,96,1,3,1,3,0,0,1,2,1,3,56,166
Wicklow,2ae19629-1e92-13a3-e055-000000000001,"Moneystown, Wicklow",50,175,56,142,7,23,0,0,0,0,2,5,1,1,116,346
Wicklow,2ae19629-1e9a-13a3-e055-000000000001,"Newcastle Lower, Wicklow",271,968,327,848,87,219,71,223,2,9,17,50,22,57,797,2374
Wicklow,2ae19629-1e9b-13a3-e055-000000000001,"Newcastle Upper, Wicklow",731,2532,519,1214,116,327,111,328,34,93,21,53,85,230,1617,4777
Wicklow,2ae19629-1e9c-13a3-e055-000000000001,"Oldtown, Wicklow",79,296,113,291,20,47,2,6,0,0,10,33,3,6,227,679
Wicklow-Wexford,2ae19629-1ea5-13a3-e055-000000000001,"Ovoca, Wicklow",73,242,110,250,16,36,38,99,2,3,8,15,12,29,259,674
Wicklow,2ae19629-1ea6-13a3-e055-000000000001,"Powerscourt, Wicklow",85,312,137,388,26,73,1,1,0,0,9,28,23,67,281,869
Wicklow-Wexford,2ae19629-1ea7-13a3-e055-000000000001,"Rath, Wicklow",26,100,58,140,9,21,0,0,0,0,5,6,7,20,105,287
Wicklow,2ae19629-1ea8-13a3-e055-000000000001,"Rathdangan, Wicklow",39,150,86,224,5,16,2,3,0,0,5,13,14,42,151,448
Wicklow-Wexford,2ae19629-1eb4-13a3-e055-000000000001,"Rathdrum, Wicklow",416,1371,326,768,131,312,169,468,18,60,18,42,27,71,1105,3092
Wicklow,2ae19629-1eee-13a3-e055-000000000001,"Rathmichael (Bray), Wicklow",183,566,167,392,49,133,366,1167,15,50,6,14,15,43,801,2365
Wicklow,2ae19629-1eb5-13a3-e055-000000000001,"Rathsallagh, Wicklow",26,104,54,153,6,16,1,2,0,0,4,13,4,6,95,294
Wicklow-Wexford,2ae19629-1eb6-13a3-e055-000000000001,"Shillelagh, Wicklow",74,253,94,228,23,51,27,75,1,5,6,15,8,18,233,645
Wicklow,2ae19629-1ec1-13a3-e055-000000000001,"Stratford, Wicklow",62,209,73,157,12,35,18,45,1,2,3,6,6,16,175,470
Wicklow,2ae19629-1ec2-13a3-e055-000000000001,"Talbotstown, Wicklow",49,198,73,194,13,25,2,5,0,0,7,13,10,28,154,463
Wicklow,2ae19629-1ec3-13a3-e055-000000000001,"The Grange, Wicklow",45,157,78,208,20,41,10,27,0,0,5,12,5,15,163,460
Wicklow-Wexford,2ae19629-1ec4-13a3-e055-000000000001,"Tinahely, Wicklow",168,570,258,586,51,130,84,262,3,8,21,37,28,64,613,1657
Wicklow,2ae19629-1ed2-13a3-e055-000000000001,"Tober, Wicklow",51,196,84,241,12,30,0,0,0,0,6,16,6,21,159,504
Wicklow,2ae19629-1ed3-13a3-e055-000000000001,"Togher, Wicklow, 257073",40,151,64,167,11,29,1,2,0,0,3,7,10,30,129,386
Wicklow,2ae19629-1ed4-13a3-e055-000000000001,"Togher, Wicklow, 257074",182,679,149,371,53,124,83,252,3,9,4,6,14,39,488,1480
Wicklow,2ae19629-1edd-13a3-e055-000000000001,"Trooperstown, Wicklow",49,183,55,134,5,14,0,0,0,0,4,8,1,3,114,342
Wicklow,2ae19629-1ede-13a3-e055-000000000001,"Tuckmill, Wicklow",37,151,52,127,10,24,0,0,0,0,3,3,2,10,104,315
Wicklow,2ae19629-1edf-13a3-e055-000000000001,"Wicklow Rural, Wicklow",1505,5232,882,2138,346,938,337,1064,142,474,46,96,70,193,3328,10135
Wicklow,2ae19629-1ee0-13a3-e055-000000000001,"Wicklow Urban, Wicklow",657,2092,1090,2380,420,1024,426,1164,29,69,49,93,82,202,2753,7024
Clare,2ae19629-1fb1-13a3-e055-000000000001,"Abbey, Clare",44,151,133,287,14,26,0,0,0,0,8,13,13,43,212,520
Clare,2ae19629-1fba-13a3-e055-000000000001,"Annagh, Clare",46,144,121,294,8,20,0,0,0,0,5,8,22,54,202,520
Clare,2ae19629-1fbb-13a3-e055-000000000001,"Ayle, Clare",21,74,48,97,16,53,15,34,0,0,3,12,38,109,141,379
Clare,2ae19629-1fbc-13a3-e055-000000000001,"Ballagh, Clare",25,80,46,88,6,14,0,0,0,0,1,5,3,5,81,192
Clare,2ae19629-1fc3-13a3-e055-000000000001,"Ballyblood, Clare",16,61,26,68,6,19,0,0,0,0,1,5,1,1,50,154
Clare,2ae19629-1fc4-13a3-e055-000000000001,"Ballycannan, Clare",128,422,130,325,15,45,29,89,0,0,4,7,14,51,320,939
Clare,2ae19629-1fc5-13a3-e055-000000000001,"Ballyea, Clare",92,325,139,329,23,48,17,34,12,18,5,6,6,16,294,776
Clare,dbab8c3d-d659-4fa5-ad92-f90a6bf64249,"Ballyeighter/Glenroe, Clare",23,82,44,113,4,9,0,0,0,0,2,2,6,12,79,218
Clare,2ae19629-1fd0-13a3-e055-000000000001,"Ballyglass, Clare",829,2819,856,2031,219,684,42,125,2,8,26,58,86,249,2060,5974
Clare,2ae19629-1fd1-13a3-e055-000000000001,"Ballynacally, Clare",12,49,56,136,1,5,14,31,1,2,0,0,2,11,86,234
Clare,2ae19629-1fd9-13a3-e055-000000000001,"Ballynahinch, Clare",17,66,50,113,4,8,0,0,0,0,4,5,17,60,92,252
Clare,2ae19629-1fda-13a3-e055-000000000001,"Ballysteen, Clare",45,129,95,214,14,25,0,0,0,0,4,10,4,8,162,386
Clare,2ae19629-1fdb-13a3-e055-000000000001,"Ballyvaskin, Clare",40,144,102,245,10,22,0,0,0,0,3,8,5,12,160,431
Clare,2ae19629-1fe3-13a3-e055-000000000001,"Boherglass, Clare",41,132,48,115,5,11,2,4,0,0,0,0,10,27,106,289
Clare,2ae19629-1fe4-13a3-e055-000000000001,"Boston, Clare",34,120,74,168,14,38,0,0,0,0,5,11,11,18,138,355
Clare,2ae19629-1fe5-13a3-e055-000000000001,"Caher, Clare",25,79,50,125,3,7,2,2,0,0,0,0,4,12,84,225
Clare,2ae19629-1fed-13a3-e055-000000000001,"Caherhurly, Clare",21,82,35,96,3,7,0,0,0,0,2,6,10,24,71,215
Clare,2ae19629-1fef-13a3-e055-000000000001,"Cahermurphy, Clare",21,79,62,123,8,20,1,1,0,0,2,2,1,1,95,226
Clare,d2d757ef-f2c3-4a10-b5f8-f976c6c78335,"Cahermurphy/Corlea, Clare",12,37,47,92,5,8,1,4,0,0,4,8,12,20,81,169
Clare,2ae19629-1ff7-13a3-e055-000000000001,"Cappaghabaun, Clare",10,44,17,42,3,8,0,0,0,0,0,0,42,114,72,208
Clare,2ae19629-1ff8-13a3-e055-000000000001,"Cappavilla, Clare",31,122,63,158,145,406,14,30,11,26,3,10,19,33,286,785
Clare,2ae19629-1ff9-13a3-e055-000000000001,"Carran, Clare",6,23,24,57,4,14,0,0,0,0,6,8,0,0,40,102
Clare,2ae19629-2003-13a3-e055-000000000001,"Carrowbaun, Clare",16,54,18,39,18,50,0,0,0,0,0,0,5,15,57,158
Clare,2ae19629-2004-13a3-e055-000000000001,"Castlecrine, Clare",63,240,73,195,15,39,0,0,1,3,1,1,5,13,158,491
Clare,2ae19629-2005-13a3-e055-000000000001,"Castletown, Clare",7,32,18,37,0,0,0,0,0,0,1,1,0,0,26,70
Clare,2ae19629-2006-13a3-e055-000000000001,"Clareabbey, Clare",493,1538,526,1198,140,344,134,377,2,3,14,26,22,72,1331,3558
Clare,2ae19629-200e-13a3-e055-000000000001,"Clenagh, Clare",1146,3756,1423,3055,834,2121,388,1085,107,329,45,96,97,240,4040,10682
Clare,2ae19629-200f-13a3-e055-000000000001,"Cloghaun, Clare",18,57,41,100,7,14,2,3,0,0,1,4,4,10,73,188
Clare,2ae19629-2018-13a3-e055-000000000001,"Cloghera, Clare",70,268,100,284,6,27,1,2,0,0,8,15,4,6,189,602
Clare,2ae19629-2019-13a3-e055-000000000001,"Clondagad, Clare",97,378,114,288,6,19,1,5,0,0,6,10,3,6,227,706
Clare,2ae19629-2021-13a3-e055-000000000001,"Cloonadrum, Clare",46,161,99,226,16,44,11,33,0,0,6,13,4,7,182,484
Clare,2ae19629-2022-13a3-e055-000000000001,"Cloonanaha, Clare",20,61,70,160,4,8,1,1,0,0,3,7,5,11,103,248
Clare,2ae19629-2029-13a3-e055-000000000001,"Clooncoorha, Clare",33,136,88,218,8,23,0,0,0,0,2,2,4,10,135,389
Clare,2ae19629-202a-13a3-e055-000000000001,"Clooney, Clare, 037034",21,71,64,149,4,10,0,0,0,0,1,4,3,14,93,248
Clare,2ae19629-2037-13a3-e055-000000000001,"Clooney, Clare, 037035",64,244,94,250,11,27,0,0,0,0,5,9,5,17,179,547
Clare,2ae19629-2038-13a3-e055-000000000001,"Cloontra, Clare",48,195,31,89,2,6,0,0,0,0,3,5,4,15,88,310
Clare,2ae19629-1f9d-13a3-e055-000000000001,"Cloonusker, Clare",12,49,25,66,7,16,0,0,0,0,0,0,50,150,94,281
Clare,2ae19629-1f9e-13a3-e055-000000000001,"Coolmeen, Clare",19,74,61,157,4,12,1,1,0,0,4,9,2,10,91,263
Clare,2ae19629-1f9f-13a3-e055-000000000001,"Coolreagh, Clare",12,30,27,70,6,16,0,0,0,0,3,4,31,94,79,214
Clare,2ae19629-1fa8-13a3-e055-000000000001,"Cooraclare, Clare",42,169,119,287,9,24,6,10,0,0,9,13,3,6,188,509
Clare,2ae19629-1fb2-13a3-e055-000000000001,"Corrofin, Clare",141,477,233,495,81,213,52,123,0,0,10,16,18,36,535,1360
Clare,2ae19629-1fb3-13a3-e055-000000000001,"Cratloe, Clare",157,582,259,634,28,77,0,0,0,0,8,20,31,62,483,1375
Clare,2ae19629-1fbd-13a3-e055-000000000001,"Creegh, Clare",36,125,96,222,18,53,1,8,0,0,3,4,5,7,159,419
Clare,2ae19629-1fbe-13a3-e055-000000000001,"Crusheen, Clare",180,556,143,369,34,111,5,10,4,14,4,9,9,17,379,1086
Clare,2ae19629-1fc6-13a3-e055-000000000001,"Dangan, Clare",30,112,51,109,5,18,0,0,0,0,1,1,1,4,88,244
Clare,2ae19629-1fc7-13a3-e055-000000000001,"Derreen, Clare",9,24,33,61,4,10,0,0,0,0,2,3,6,16,54,114
Clare,2ae19629-1fc8-13a3-e055-000000000001,"Derrynagittagh, Clare",10,34,37,80,2,3,0,0,0,0,3,7,9,22,61,146
Clare,2ae19629-1fd2-13a3-e055-000000000001,"Doonbeg, Clare",53,171,157,336,34,84,14,51,0,0,7,11,12,38,277,691
Clare,2ae19629-1fd3-13a3-e055-000000000001,"Doora, Clare",289,972,307,837,72,198,3,9,1,1,9,23,22,67,703,2107
Clare,2ae19629-1fdc-13a3-e055-000000000001,"Drumcreehy, Clare",38,115,84,164,38,97,13,23,0,0,3,5,7,14,183,418
Clare,2ae19629-1fdd-13a3-e055-000000000001,"Drumellihy, Clare",40,146,106,233,13,45,0,0,0,0,5,7,10,23,174,454
Clare,2ae19629-1fe6-13a3-e055-000000000001,"Drumline, Clare",82,320,163,379,50,136,1,3,0,0,4,7,8,18,308,863
Clare,2ae19629-1fe7-13a3-e055-000000000001,"Drummaan, Clare",63,229,128,290,20,50,17,35,2,3,12,21,8,14,250,642
Clare,2ae19629-1ff0-13a3-e055-000000000001,"Dysert, Clare",36,122,69,172,7,17,0,0,0,0,2,2,9,20,123,333
Clare,2ae19629-1ff1-13a3-e055-000000000001,"Einagh, Clare",31,118,71,167,2,3,2,4,0,0,5,7,5,14,116,313
Clare,2ae19629-2034-13a3-e055-000000000001,"Ennis No. 1 Urban, Clare",102,260,296,595,117,291,93,299,5,10,14,33,33,82,660,1570
Clare,2ae19629-1ffb-13a3-e055-000000000001,"Ennis No. 2 Urban, Clare",82,227,200,366,306,611,242,549,58,106,15,22,88,174,991,2055
Clare,2ae19629-2035-13a3-e055-000000000001,"Ennis No. 3 Urban, Clare",6,20,37,61,39,88,3,8,1,1,2,2,4,8,92,188
Clare,2ae19629-2036-13a3-e055-000000000001,"Ennis No. 4 Urban, Clare",88,213,270,481,146,346,87,161,8,17,10,18,31,80,640,1316
Clare,2ae19629-1ffa-13a3-e055-000000000001,"Ennis Rural, Clare",2130,6422,2330,5080,1503,4383,522,1620,154,400,88,180,279,692,7006,18777
Clare,2ae19629-1ffc-13a3-e055-000000000001,"Ennistimon, Clare",187,557,370,767,177,410,113,314,12,35,26,36,41,102,926,2221
Clare,2ae19629-2007-13a3-e055-000000000001,"Fahymore, Clare",48,156,67,175,6,20,1,6,0,0,3,3,3,6,128,366
Clare,2ae19629-2008-13a3-e055-000000000001,"Feakle, Clare",22,75,56,119,7,24,1,3,0,0,2,2,78,228,166,451
Clare,2ae19629-2010-13a3-e055-000000000001,"Formoyle, Clare",18,66,46,119,10,21,1,2,0,0,5,10,3,9,83,227
Clare,2ae19629-2011-13a3-e055-000000000001,"Furroor, Clare",26,100,61,147,11,32,0,0,0,0,2,3,1,3,101,285
Clare,2ae19629-201a-13a3-e055-000000000001,"Glendree, Clare",23,79,39,81,8,25,0,0,0,0,2,2,2,4,74,191
Clare,2ae19629-201b-13a3-e055-000000000001,"Gleninagh, Clare",13,57,36,72,5,7,0,0,0,0,3,6,3,8,60,150
Clare,2ae19629-2023-13a3-e055-000000000001,"Glenmore, Clare",36,139,78,199,13,29,0,0,0,0,1,7,3,8,131,382
Clare,474c0dcb-9782-425a-b173-468d6e8de86e,"Inishcaltra South/Inishcaltra North, Clare",27,95,61,147,8,24,1,3,1,3,6,15,34,87,138,374
Clare,2ae19629-202d-13a3-e055-000000000001,"Kilballyowen, Clare",22,79,64,128,3,11,6,25,0,0,3,4,3,10,101,257
Clare,2ae19629-202e-13a3-e055-000000000001,"Kilchreest, Clare",62,224,80,197,10,26,0,0,0,0,1,1,4,8,157,456
Clare,2ae19629-202f-13a3-e055-000000000001,"Kilcloher, Clare",68,260,146,412,6,17,5,15,0,0,5,8,8,15,238,727
Clare,2ae19629-2039-13a3-e055-000000000001,"Kilfearagh, Clare",20,64,79,170,9,21,27,77,0,0,2,5,10,29,147,366
Clare,2ae19629-203a-13a3-e055-000000000001,"Kilfenora, Clare",36,118,88,194,12,31,20,41,0,0,3,6,6,11,165,401
Clare,2ae19629-1fa0-13a3-e055-000000000001,"Kilfiddane, Clare",36,134,80,191,8,20,0,0,0,0,3,3,3,6,130,354
Clare,2ae19629-1fa1-13a3-e055-000000000001,"Kilkee, Clare",58,150,230,416,70,122,76,164,23,32,18,33,19,35,494,952
Clare,2ae19629-1fa2-13a3-e055-000000000001,"Kilkishen, Clare",134,444,170,399,32,88,22,61,1,2,8,20,6,15,373,1029
Clare,2ae19629-1faa-13a3-e055-000000000001,"Killadysert, Clare",100,362,176,381,45,107,37,67,2,5,8,15,11,20,379,957
Clare,2ae19629-1fab-13a3-e055-000000000001,"Killaloe, Clare",207,669,345,775,185,387,108,311,2,5,14,24,23,58,884,2229
Clare,2ae19629-1fac-13a3-e055-000000000001,"Killanena, Clare",22,76,64,151,6,20,0,0,0,0,2,7,5,16,99,270
Clare,2ae19629-1fb4-13a3-e055-000000000001,"Killanniv, Clare",105,384,124,313,20,52,3,8,20,25,10,16,7,23,289,821
Clare,2ae19629-1fb5-13a3-e055-000000000001,"Killard, Clare",21,59,70,136,17,48,3,10,0,0,1,1,9,26,121,280
Clare,2ae19629-1fb6-13a3-e055-000000000001,"Killaspuglonane, Clare",38,141,60,117,8,27,0,0,0,0,5,10,6,16,117,311
Clare,2ae19629-1fbf-13a3-e055-000000000001,"Killeely, Clare",83,315,134,352,50,135,0,0,2,7,5,8,15,34,289,851
Clare,2ae19629-1fc0-13a3-e055-000000000001,"Killilagh, Clare",53,180,130,311,34,86,0,0,0,0,11,30,14,31,242,638
Clare,2ae19629-1fc9-13a3-e055-000000000001,"Killimer, Clare",31,107,114,263,17,51,3,6,0,0,5,5,5,10,175,442
Clare,2ae19629-1fca-13a3-e055-000000000001,"Killinaboy, Clare",43,138,73,178,8,13,0,0,0,0,3,3,5,14,132,346
Clare,2ae19629-1fcb-13a3-e055-000000000001,"Killofin, Clare",33,124,70,135,10,29,6,10,0,0,8,12,0,0,127,310
Clare,2ae19629-1fcc-13a3-e055-000000000001,"Killokennedy, Clare",18,64,31,81,2,2,0,0,0,0,1,2,2,7,54,156
Clare,2ae19629-1fd4-13a3-e055-000000000001,"Killone, Clare",74,285,111,304,10,24,0,0,0,0,8,15,8,24,211,652
Clare,2ae19629-1fd5-13a3-e055-000000000001,"Killuran, Clare",49,175,89,199,14,41,1,2,0,0,5,10,10,23,168,450
Clare,2ae19629-1fde-13a3-e055-000000000001,"Kilmihil, Clare",61,192,121,264,42,120,26,86,7,7,12,23,8,15,277,707
Clare,2ae19629-1fdf-13a3-e055-000000000001,"Kilmurry, Clare, 037094",26,98,60,141,7,12,2,3,0,0,1,3,7,16,103,273
Clare,2ae19629-1fe8-13a3-e055-000000000001,"Kilmurry, Clare, 037095",60,202,187,398,37,83,31,81,1,3,11,24,6,22,333,813
Clare,2ae19629-1fe9-13a3-e055-000000000001,"Kilnamona, Clare",110,418,178,461,15,40,0,0,0,0,11,26,4,12,318,957
Clare,2ae19629-1ff2-13a3-e055-000000000001,"Kilraghtis, Clare",76,291,83,223,10,33,0,0,0,0,3,8,13,34,185,589
Clare,2ae19629-1ff3-13a3-e055-000000000001,"Kilrush Rural, Clare",85,298,132,292,28,87,2,5,2,5,12,24,14,27,275,738
Clare,2ae19629-1ff4-13a3-e055-000000000001,"Kilrush Urban, Clare",163,496,468,912,217,509,183,478,32,65,17,40,50,114,1130,2614
Clare,2ae19629-1ffd-13a3-e055-000000000001,"Kilseily, Clare",116,425,116,304,13,33,14,36,0,0,3,4,8,21,270,823
Clare,2ae19629-1ffe-13a3-e055-000000000001,"Kilshanny, Clare",13,38,37,79,6,12,0,0,0,0,1,2,2,6,59,137
Clare,2ae19629-2009-13a3-e055-000000000001,"Kiltannon, Clare",29,101,29,90,5,14,0,0,0,0,2,3,1,6,66,214
Clare,2ae19629-200a-13a3-e055-000000000001,"Kiltenanlea, Clare",287,1044,277,679,35,111,40,123,4,15,6,16,11,23,660,2011
Clare,2ae19629-200b-13a3-e055-000000000001,"Kiltoraght, Clare",14,60,41,86,7,18,1,2,0,0,6,15,4,9,73,190
Clare,2ae19629-2012-13a3-e055-000000000001,"Kinturk, Clare",43,134,68,148,4,10,3,10,0,0,1,4,3,9,122,315
Clare,2ae19629-2013-13a3-e055-000000000001,"Knock, Clare",20,63,52,131,5,11,3,11,0,0,3,4,7,15,90,235
Clare,2ae19629-201c-13a3-e055-000000000001,"Knocknaboley, Clare",32,114,68,170,2,6,0,0,0,0,10,18,0,0,112,308
Clare,2ae19629-201d-13a3-e055-000000000001,"Knocknagore, Clare",15,55,53,141,1,2,1,2,0,0,4,8,0,0,74,208
Clare,2ae19629-201e-13a3-e055-000000000001,"Kyle, Clare",55,163,48,112,9,33,0,0,0,0,5,13,5,15,122,336
Clare,2ae19629-2025-13a3-e055-000000000001,"Lackareagh, Clare",17,54,23,61,3,7,0,0,0,0,1,2,2,7,46,131
Clare,2ae19629-2026-13a3-e055-000000000001,"Liscannor, Clare",43,128,89,184,25,59,2,2,0,0,6,18,4,11,169,402
Clare,2ae19629-2030-13a3-e055-000000000001,"Liscasey, Clare",61,222,117,301,15,36,0,0,3,3,7,22,1,4,204,588
Clare,2ae19629-2031-13a3-e055-000000000001,"Lisdoonvarna, Clare",37,119,138,274,33,97,43,119,3,11,23,67,25,61,302,748
Clare,2ae19629-203b-13a3-e055-000000000001,"Lisheen, Clare",84,319,113,289,13,41,1,1,0,0,7,11,4,9,222,670
Clare,2ae19629-203c-13a3-e055-000000000001,"Loughea, Clare",21,66,28,69,5,12,0,0,0,0,2,4,2,6,58,157
Clare,2ae19629-1fa3-13a3-e055-000000000001,"Lurraga, Clare",24,77,61,131,6,12,0,0,0,0,3,6,4,10,98,236
Clare,2ae19629-1fa4-13a3-e055-000000000001,"Magherareagh, Clare",25,99,73,182,4,16,0,0,0,0,2,2,11,27,115,326
Clare,2ae19629-1fad-13a3-e055-000000000001,"Milltown Malbay, Clare",130,400,317,681,107,228,82,186,0,0,28,53,39,87,703,1635
Clare,2ae19629-1fae-13a3-e055-000000000001,"Mount Elva, Clare",5,16,26,64,2,6,0,0,0,0,2,5,2,5,37,96
Clare,2ae19629-1fb7-13a3-e055-000000000001,"Mountievers, Clare",183,658,200,559,53,129,7,25,2,5,6,13,19,38,470,1427
Clare,2ae19629-1fb8-13a3-e055-000000000001,"Mountshannon, Clare",42,117,90,204,39,84,1,2,5,12,7,14,12,28,196,461
Clare,ee73a85e-7ac6-4aa6-82d2-09c321be7258,"Moveen/Tullig, Clare",18,66,39,85,5,14,0,0,0,0,1,2,5,11,68,178
Clare,2ae19629-1fc1-13a3-e055-000000000001,"Moy, Clare",78,252,161,366,29,66,2,4,0,0,13,20,19,46,302,754
Clare,2ae19629-1fc2-13a3-e055-000000000001,"Moyarta, Clare",12,35,61,128,9,28,8,20,0,0,3,12,5,7,98,230
Clare,2ae19629-1fcd-13a3-e055-000000000001,"Muckanagh, Clare",43,157,62,143,13,41,0,0,0,0,2,6,6,16,126,363
Clare,2ae19629-1fce-13a3-e055-000000000001,"Mullagh, Clare",15,49,53,113,7,9,0,0,0,0,3,5,6,13,84,189
Clare,2ae19629-1fd6-13a3-e055-000000000001,"Newgrove, Clare",35,125,51,136,5,10,0,0,0,0,0,0,6,14,97,285
Clare,2ae19629-1fd7-13a3-e055-000000000001,"Newmarket, Clare",183,589,298,648,107,242,77,215,30,92,21,45,23,60,739,1891
Clare,2ae19629-1fd8-13a3-e055-000000000001,"Noughaval, Clare",9,37,25,66,1,1,0,0,0,0,1,5,1,1,37,110
Clare,2ae19629-1fe0-13a3-e055-000000000001,"O'briensbridge, Clare",89,303,108,273,22,47,6,20,0,0,3,7,15,33,243,683
Clare,2ae19629-1fe1-13a3-e055-000000000001,"Ogonnelloe, Clare",90,360,139,336,20,58,0,0,0,0,2,3,17,48,268,805
Clare,2ae19629-1fe2-13a3-e055-000000000001,"Oughtmama, Clare",11,44,35,79,3,9,0,0,0,0,3,4,6,14,58,150
Clare,2ae19629-1fea-13a3-e055-000000000001,"Querrin, Clare",23,87,47,97,7,15,1,4,0,0,2,3,2,6,82,212
Clare,2ae19629-1feb-13a3-e055-000000000001,"Quin, Clare",226,777,184,434,83,226,20,51,0,0,6,10,14,35,533,1533
Clare,2ae19629-1fec-13a3-e055-000000000001,"Rahona, Clare",18,64,75,164,8,12,15,43,5,9,9,19,6,19,136,330
Clare,2ae19629-1ff5-13a3-e055-000000000001,"Rath, Clare",28,101,59,132,11,19,0,0,0,0,2,3,5,12,105,267
Clare,2ae19629-1ff6-13a3-e055-000000000001,"Rathborney, Clare",4,11,13,27,7,12,0,0,0,0,2,3,1,1,27,54
Clare,2ae19629-1fff-13a3-e055-000000000001,"Rathclooney, Clare",11,36,31,79,5,12,0,0,0,0,1,1,3,5,51,133
Clare,2ae19629-2000-13a3-e055-000000000001,"Rinealon, Clare",27,100,44,95,2,2,0,0,0,0,2,6,1,2,76,205
Clare,2ae19629-2001-13a3-e055-000000000001,"Rossroe, Clare",88,324,125,362,12,31,0,0,0,0,2,2,5,15,232,734
Clare,2ae19629-2002-13a3-e055-000000000001,"Ruan, Clare",95,356,124,281,17,50,19,40,0,0,5,14,16,33,276,774
Clare,2ae19629-200c-13a3-e055-000000000001,"Scarriff, Clare",100,330,213,474,58,143,50,102,1,4,5,10,145,361,572,1424
Clare,2ae19629-200d-13a3-e055-000000000001,"Sixmilebridge, Clare",376,1286,328,763,132,381,91,291,29,116,15,37,21,54,992,2928
Clare,2ae19629-2014-13a3-e055-000000000001,"Smithstown, Clare",17,52,32,65,6,19,2,9,0,0,1,2,2,6,60,153
Clare,2ae19629-2015-13a3-e055-000000000001,"Spancelhill, Clare",85,307,137,361,13,28,0,0,0,0,4,6,7,22,246,724
Clare,2ae19629-2016-13a3-e055-000000000001,"St. Martin's, Clare",10,28,24,58,2,4,0,0,0,0,2,4,2,3,40,97
Clare,2ae19629-2017-13a3-e055-000000000001,"Templemaley, Clare",155,562,230,645,20,57,0,0,1,3,12,24,13,35,431,1326
Clare,2ae19629-201f-13a3-e055-000000000001,"Toberbreeda, Clare",26,91,31,81,2,3,0,0,0,0,2,3,4,10,65,188
Clare,2ae19629-2020-13a3-e055-000000000001,"Tomfinlough, Clare",76,279,135,345,12,33,0,0,0,0,6,11,4,8,233,676
Clare,2ae19629-2027-13a3-e055-000000000001,"Tulla, Clare",143,490,183,415,55,150,18,35,13,13,14,27,11,27,437,1157
Clare,2ae19629-2032-13a3-e055-000000000001,"Tullycreen, Clare",12,50,35,79,1,1,4,18,0,0,1,2,1,2,54,152
Clare,2ae19629-2033-13a3-e055-000000000001,"Urlan, Clare",125,417,144,344,68,150,3,5,4,8,7,14,7,21,358,959
Cork North-Central,2ae19749-1f5b-13a3-e055-300000000001,"Ballincollig, Cork City",2359,7668,2399,5658,1107,3233,497,1524,133,314,67,150,158,448,6720,18995
Cork South-Central,2ae19629-214b-13a3-e055-000000000001,"Ballinlough A, Cork City",105,314,160,295,79,202,5,10,0,0,5,10,4,8,358,839
Cork South-Central,2ae19629-214c-13a3-e055-000000000001,"Ballinlough B, Cork City",197,738,373,806,77,199,6,31,25,26,10,20,16,36,704,1856
Cork South-Central,2ae19629-214d-13a3-e055-000000000001,"Ballinlough C, Cork City",173,552,349,750,101,252,8,31,8,8,17,33,20,44,676,1670
Cork South-Central,316a25a0-f7b6-4d01-b188-5efd7bd804c5,"Ballygarvan/Lehenagh, Cork City",570,1829,399,1001,125,377,125,433,21,80,13,26,58,178,1311,3924
Cork South-Central,2ae19629-214e-13a3-e055-000000000001,"Ballyphehane A, Cork City",56,205,121,249,27,62,54,126,5,14,6,13,6,17,275,686
Cork South-Central,2ae19629-2157-13a3-e055-000000000001,"Ballyphehane B, Cork City",82,270,150,336,16,42,66,172,3,5,3,6,7,24,327,855
Cork South-Central,2ae19629-2158-13a3-e055-000000000001,"Bishopstown A, Cork City",71,223,153,319,354,914,23,61,45,102,6,13,108,223,760,1855
Cork South-Central,2ae19629-2159-13a3-e055-000000000001,"Bishopstown B, Cork City",115,376,278,590,198,524,111,303,26,39,8,19,21,43,757,1894
Cork South-Central,2ae19629-215a-13a3-e055-000000000001,"Bishopstown C, Cork City",334,1220,791,1688,274,874,111,272,4,11,29,63,65,167,1608,4295
Cork South-Central,2ae19629-215c-13a3-e055-000000000001,"Bishopstown D, Cork City",119,427,386,776,97,255,0,0,1,2,16,36,12,26,631,1522
Cork South-Central,2ae19629-215b-13a3-e055-000000000001,"Bishopstown E, Cork City",170,522,564,1114,404,1285,14,64,5,12,36,91,43,109,1236,3197
Cork South-Central,2ae19629-1efc-13a3-e055-000000000001,"Bishopstown, Cork City",36,98,41,97,27,83,8,20,18,30,1,1,3,8,134,337
Cork North-Central,2ae19629-215d-13a3-e055-000000000001,"Blackpool A, Cork City",29,76,64,124,56,138,103,261,42,76,3,6,24,52,321,733
Cork North-Central,2ae19629-215e-13a3-e055-000000000001,"Blackpool B, Cork City",70,165,159,322,485,1139,269,507,15,33,3,8,83,202,1084,2376
Cork North-Central,2ae19789-1f5b-13a3-e055-700000000001,"Blarney, Cork City",638,2186,701,1647,294,792,121,329,15,41,13,32,60,149,1842,5176
Cork South-Central,2ae19629-215f-13a3-e055-000000000001,"Browningstown, Cork City",122,469,243,503,24,62,1,2,0,0,6,11,11,28,407,1075
Cork North-Central,2ae19629-1f5b-13a3-e055-200000000001,"Caherlag, Cork City",732,2465,325,873,156,471,124,386,49,152,14,39,30,89,1430,4475
Cork South-Central,591bceee-1721-4c8d-865f-1e0bd869b6ad,"Carrigaline/Monkstown Rural/Douglas, Cork City",2460,7995,2893,6788,1774,4652,405,1342,113,288,98,208,276,714,8019,21987
Cork North-Central,2ae19849-1f5b-13a3-e055-140000000001,"Carrigrohanebeg, Cork City",90,296,207,488,37,81,7,27,13,59,6,16,6,18,366,985
Cork South-Central,2ae19629-2160-13a3-e055-000000000001,"Centre A, Cork City",10,22,10,17,230,470,7,17,4,5,3,3,90,156,354,690
Cork South-Central,2ae19629-2161-13a3-e055-000000000001,"Centre B, Cork City",26,59,45,94,656,1421,158,257,80,149,6,7,107,251,1078,2238
Cork North-Central,2ae19629-2162-13a3-e055-000000000001,"Churchfield, Cork City",117,361,205,470,27,66,178,455,16,27,11,18,64,158,618,1555
Cork South-Central,2ae19629-2163-13a3-e055-000000000001,"City Hall A, Cork City",32,76,83,140,337,759,19,30,18,27,1,4,27,76,517,1112
Cork South-Central,2ae19629-2164-13a3-e055-000000000001,"City Hall B, Cork City",92,230,187,365,226,516,8,23,2,4,11,17,37,94,563,1249
Cork North-Central,2ae19629-2165-13a3-e055-000000000001,"Commons, Cork City",66,205,121,272,133,359,43,121,13,22,5,9,42,130,423,1118
Cork South-Central,7c85cece-22eb-4ebb-8d1f-9c0f734eaea8,"Douglas/Lehenagh, Cork City",822,2729,954,2449,504,1579,78,305,7,29,15,34,69,211,2449,7336
Cork South-Central,2ae19629-2166-13a3-e055-000000000001,"Evergreen, Cork City",75,151,154,291,331,762,28,37,22,35,15,39,32,76,657,1391
Cork North-Central,2ae19629-2167-13a3-e055-000000000001,"Fair Hill A, Cork City",61,181,107,210,23,68,66,157,1,2,2,9,34,89,294,716
Cork North-Central,2ae19629-2172-13a3-e055-000000000001,"Fair Hill B, Cork City",64,187,144,283,11,28,101,200,26,26,7,12,12,20,365,756
Cork North-Central,2ae19629-2173-13a3-e055-000000000001,"Fair Hill C, Cork City",268,850,537,1314,58,161,348,982,6,17,5,7,45,136,1267,3467
Cork North-Central,2ae19629-2174-13a3-e055-000000000001,"Farranferris A, Cork City",101,278,170,328,265,619,296,670,24,52,7,10,53,120,916,2077
Cork North-Central,2ae19629-2175-13a3-e055-000000000001,"Farranferris B, Cork City",66,195,120,231,27,77,116,344,3,8,2,2,19,43,353,900
Cork North-Central,2ae19629-2176-13a3-e055-000000000001,"Farranferris C, Cork City",40,129,93,175,18,44,92,279,38,137,2,3,19,48,302,815
Cork South-Central,2ae19629-2178-13a3-e055-000000000001,"Gillabbey A, Cork City",44,119,80,167,571,1549,85,186,11,35,18,28,69,151,878,2235
Cork South-Central,2ae19629-2179-13a3-e055-000000000001,"Gillabbey B, Cork City",26,62,95,161,239,750,109,126,3,4,4,6,9,20,485,1129
Cork South-Central,2ae19629-217a-13a3-e055-000000000001,"Gillabbey C, Cork City",28,116,88,179,428,1158,31,92,30,72,9,21,61,133,675,1771
Cork South-Central,2ae19629-217b-13a3-e055-000000000001,"Glasheen A, Cork City",50,163,105,207,111,345,2,4,2,6,11,19,28,49,309,793
Cork South-Central,2ae19629-217c-13a3-e055-000000000001,"Glasheen B, Cork City",32,96,91,196,141,493,2,2,10,18,6,12,23,56,305,873
Cork South-Central,2ae19629-217d-13a3-e055-000000000001,"Glasheen C, Cork City",194,610,550,1109,176,500,152,367,21,32,18,32,40,79,1151,2729
Cork South-Central,2ae19629-217e-13a3-e055-000000000001,"Greenmount, Cork City",111,330,300,678,232,676,124,360,17,33,10,21,30,54,824,2152
Cork North-Central,2ae19629-217f-13a3-e055-000000000001,"Gurranebraher A, Cork City",58,184,109,223,27,71,80,199,3,13,4,8,15,39,296,737
Cork North-Central,2ae19629-2180-13a3-e055-000000000001,"Gurranebraher B, Cork City",42,104,78,152,54,133,125,222,1,3,6,6,22,54,328,674
Cork North-Central,2ae19629-2181-13a3-e055-000000000001,"Gurranebraher C, Cork City",50,129,97,203,153,315,187,358,6,7,4,6,39,90,536,1108
Cork North-Central,2ae19629-2177-13a3-e055-000000000001,"Gurranebraher D, Cork City",84,258,167,362,38,117,60,148,5,18,4,5,15,36,373,944
Cork North-Central,2ae19629-2182-13a3-e055-000000000001,"Gurranebraher E, Cork City",88,225,183,379,36,98,135,299,2,7,5,7,41,77,490,1092
Cork South-Central,2ae19809-1f5b-13a3-e055-900000000001,"Inishkenny, Cork City",307,1006,507,1171,751,2322,67,257,7,24,24,44,42,115,1705,4939
Cork North-Central,2ae19629-2183-13a3-e055-000000000001,"Knocknaheeny, Cork City",139,426,186,421,76,224,850,2570,60,119,2,3,69,207,1382,3970
Cork South-Central,2ae19629-2184-13a3-e055-000000000001,"Knockrea A, Cork City",145,467,169,393,157,391,73,188,23,49,12,23,21,52,600,1563
Cork South-Central,2ae19629-218c-13a3-e055-000000000001,"Knockrea B, Cork City",135,479,167,439,81,170,3,13,3,4,6,14,19,40,414,1159
Cork South-Central,2ae19629-218d-13a3-e055-000000000001,"Mahon A, Cork City",526,1625,635,1420,370,935,386,991,61,150,16,22,65,184,2059,5327
Cork South-Central,2ae19629-218e-13a3-e055-000000000001,"Mahon B, Cork City",407,1280,385,875,387,907,588,1751,51,163,12,18,36,98,1866,5092
Cork South-Central,2ae19629-218f-13a3-e055-000000000001,"Mahon C, Cork City",313,1111,717,1552,185,486,10,31,1,2,14,35,36,86,1276,3303
Cork South-Central,2ae19629-2190-13a3-e055-000000000001,"Mardyke, Cork City",26,79,40,76,203,539,14,31,3,10,9,17,38,135,333,887
Cork North-Central,2ae19769-1f5b-13a3-e055-500000000001,"Matehy, Cork City",195,736,301,738,70,181,9,30,1,2,5,11,35,97,616,1795
Cork North-Central,2ae19629-2191-13a3-e055-000000000001,"Mayfield, Cork City",87,255,234,495,75,192,713,1842,12,34,7,12,10,30,1138,2860
Cork North-Central,2ae19629-2192-13a3-e055-000000000001,"Montenotte A, Cork City",165,489,295,621,214,447,45,63,1,1,10,20,31,78,761,1719
Cork North-Central,2ae19629-2193-13a3-e055-000000000001,"Montenotte B, Cork City",215,668,498,1026,79,219,70,170,40,63,22,46,21,53,945,2245
Cork North-West,2ae19819-1f5b-13a3-e055-110000000001,"Ovens, Cork City",329,1115,94,247,139,373,9,32,0,0,4,5,12,31,587,1803
Cork South-Central,2ae19629-2194-13a3-e055-000000000001,"Pouladuff A, Cork City",84,237,161,329,26,77,42,94,0,0,9,19,1,3,323,759
Cork South-Central,2ae19629-2195-13a3-e055-000000000001,"Pouladuff B, Cork City",159,481,290,630,41,104,164,412,3,7,9,16,12,27,678,1677
Cork North-Central,2ae19779-1f5b-13a3-e055-600000000001,"Rathcooney, Cork City",1179,4179,964,2397,337,905,262,792,24,67,27,57,97,276,2890,8673
Cork North-Central,2ae19629-1f5b-13a3-e055-100000000001,"Riverstown, Cork City",567,1946,453,1234,179,541,27,75,9,27,11,25,29,69,1275,3917
Cork North-Central,2ae19629-2196-13a3-e055-000000000001,"Shanakiel, Cork City",357,1064,336,725,329,766,306,897,40,79,11,17,73,241,1452,3789
Cork North-Central,2ae19629-2197-13a3-e055-000000000001,"Shandon A, Cork City",56,120,119,196,631,1418,84,151,11,22,12,21,95,189,1008,2117
Cork North-Central,2ae19629-2198-13a3-e055-000000000001,"Shandon B, Cork City",28,67,58,88,318,754,87,159,8,12,7,15,122,242,628,1337
Cork South-Central,2ae19629-2199-13a3-e055-000000000001,"South Gate A, Cork City",49,93,58,112,771,1717,85,157,82,128,9,15,117,254,1171,2476
Cork South-Central,2ae19629-219a-13a3-e055-000000000001,"South Gate B, Cork City",41,78,82,125,252,633,42,85,6,11,9,14,50,130,482,1076
Cork North-Central,6b896afd-b53d-4ebc-bd6e-0154e333b3af,"St. Mary's (East), Cork City",297,1002,270,798,55,154,52,187,2,8,3,16,24,79,703,2244
Cork North-Central,2ae19629-21cb-13a3-e055-000000000001,"St. Mary's (West), Cork City",407,1429,370,951,94,254,280,1052,51,182,13,31,41,116,1256,4015
Cork North-Central,2ae19629-21a6-13a3-e055-000000000001,"St. Patrick's A, Cork City",47,145,81,188,508,983,33,39,9,13,6,9,80,197,764,1574
Cork North-Central,2ae19629-21a7-13a3-e055-000000000001,"St. Patrick's B, Cork City",52,164,96,201,317,589,33,61,14,20,8,19,57,113,577,1167
Cork North-Central,2ae19629-21a8-13a3-e055-000000000001,"St. Patrick's C, Cork City",82,193,116,207,153,387,16,31,1,1,6,8,24,56,398,883
Cork North-Central,2ae19629-21a9-13a3-e055-000000000001,"Sunday's Well A, Cork City",71,219,104,192,97,217,5,12,4,5,6,9,29,65,316,719
Cork North-Central,2ae19629-21aa-13a3-e055-000000000001,"Sunday's Well B, Cork City",40,95,83,155,263,600,26,44,6,14,9,19,30,59,457,986
Cork North-Central,2ae19629-21ab-13a3-e055-000000000001,"The Glen A, Cork City",148,459,152,304,61,181,370,1102,15,44,6,8,59,143,811,2241
Cork North-Central,2ae19629-21ac-13a3-e055-000000000001,"The Glen B, Cork City",279,924,716,1623,129,399,150,450,11,35,13,33,35,90,1333,3554
Cork South-Central,2ae19629-21ad-13a3-e055-000000000001,"The Lough, Cork City",81,212,235,496,259,716,41,95,4,4,17,27,36,88,673,1638
Cork North-Central,2ae19629-21ae-13a3-e055-000000000001,"Tivoli A, Cork City",110,363,182,417,344,649,13,17,33,43,8,12,57,133,747,1634
Cork North-Central,2ae19629-21af-13a3-e055-000000000001,"Tivoli B, Cork City",323,969,456,993,119,337,78,234,25,105,7,9,26,67,1034,2714
Cork South-Central,2ae19629-21b0-13a3-e055-000000000001,"Togher A, Cork City",140,434,284,582,58,155,337,1003,20,35,8,14,35,102,882,2325
Cork South-Central,2ae19629-21b1-13a3-e055-000000000001,"Togher B, Cork City",69,185,152,327,17,43,41,100,3,8,9,18,3,8,294,689
Cork South-Central,2ae19629-21b2-13a3-e055-000000000001,"Tramore A, Cork City",38,113,80,181,93,204,32,73,31,61,5,11,3,7,282,650
Cork South-Central,2ae19629-21b3-13a3-e055-000000000001,"Tramore B, Cork City",125,439,234,467,44,121,0,0,1,4,6,12,6,14,416,1057
Cork South-Central,2ae19629-21b4-13a3-e055-000000000001,"Tramore C, Cork City",260,783,423,881,293,778,163,434,27,76,14,21,12,36,1192,3009
Cork South-Central,2ae19629-21b5-13a3-e055-000000000001,"Turner's Cross A, Cork City",73,181,128,223,135,321,5,13,2,5,7,8,22,51,372,802
Cork South-Central,2ae19629-21b6-13a3-e055-000000000001,"Turner's Cross B, Cork City",137,384,254,526,88,237,32,49,1,4,11,20,25,50,548,1270
Cork South-Central,2ae19629-21b7-13a3-e055-000000000001,"Turner's Cross C, Cork City",71,176,125,255,42,113,70,194,2,8,6,13,3,5,319,764
Cork South-Central,2ae19629-21c0-13a3-e055-000000000001,"Turner's Cross D, Cork City",47,149,112,236,24,64,14,15,2,3,7,16,7,18,213,501
Cork North-Central,2ae19759-1f5b-13a3-e055-400000000001,"Whitechurch, Cork City",204,685,109,320,46,137,1,1,2,8,7,15,11,25,380,1191
Cork South-West,2ae19629-203d-13a3-e055-000000000001,"Abbeymahon, Cork County",72,281,127,330,23,79,0,0,0,0,14,21,8,23,244,734
Cork South-West,2ae19629-203e-13a3-e055-000000000001,"Adrigole, Cork County",41,146,139,280,9,20,0,0,0,0,7,12,8,18,204,476
Cork South-West,2ae19629-203f-13a3-e055-000000000001,"Aghadown North, Cork County",22,84,75,192,6,17,1,1,2,2,5,10,4,6,115,312
Cork South-West,2ae19629-2040-13a3-e055-000000000001,"Aghadown South, Cork County",46,145,145,334,22,50,1,3,1,2,10,15,26,64,251,613
Cork East,2ae19629-2041-13a3-e055-000000000001,"Aghern, Cork County",32,113,38,107,5,12,1,3,0,0,4,9,3,7,83,251
Cork North-West,2ae19629-1f9a-13a3-e055-000000000001,"Aghinagh, Cork County",58,230,91,239,13,33,0,0,1,2,2,3,3,6,168,513
Cork North-West,2ae19629-1f9b-13a3-e055-000000000001,"Aglish, Cork County",167,673,262,708,27,65,1,1,0,0,9,24,15,53,481,1524
Cork South-West,2ae19629-1f9c-13a3-e055-000000000001,"Ahil, Cork County",23,92,55,133,6,15,0,0,0,0,0,0,7,28,91,268
Cork North-West,2ae19629-1fa5-13a3-e055-000000000001,"Allow, Cork County",63,214,97,230,11,34,6,17,0,0,5,7,9,31,191,533
Cork East,2ae19629-1fa6-13a3-e055-000000000001,"Ardagh, Cork County",106,392,111,282,11,31,0,0,0,0,8,12,7,16,243,733
Cork South-West,2ae19629-1fa7-13a3-e055-000000000001,"Ardfield, Cork County",91,347,148,363,28,74,0,0,0,0,8,19,12,28,287,831
Cork North-West,2ae19629-1f0b-13a3-e055-000000000001,"Ardskeagh, Cork County",59,229,85,211,12,34,1,3,0,0,3,8,10,24,170,509
Cork South-West,2ae19629-1f0c-13a3-e055-000000000001,"Argideen, Cork County",48,169,68,161,8,19,1,3,0,0,4,5,10,25,139,382
Cork North-West,2ae19629-1f0d-13a3-e055-000000000001,"Aultagh, Cork County",37,133,69,200,8,13,0,0,0,0,6,18,8,20,128,384
Cork South-West,2ae19629-1f17-13a3-e055-000000000001,"Ballinadee, Cork County",76,290,80,214,28,63,0,0,0,0,4,9,8,24,196,600
Cork North-Central,2ae19629-1f18-13a3-e055-000000000001,"Ballincollig, Cork County",144,591,240,714,14,37,0,0,0,0,14,34,11,39,423,1415
Cork South-West,2ae19629-1f19-13a3-e055-000000000001,"Ballingurteen, Cork County",74,288,126,332,19,57,0,0,0,0,9,12,21,60,249,749
Cork South-West,2ae19629-1f21-13a3-e055-000000000001,"Ballinspittle, Cork County",91,347,96,240,36,80,14,32,1,1,11,23,4,7,253,730
Cork East,2ae19629-1f22-13a3-e055-000000000001,"Ballintemple, Cork County",66,244,108,250,9,25,0,0,0,0,7,19,10,30,200,568
Cork East,2ae19629-1f23-13a3-e055-000000000001,"Ballyarthur, Cork County",30,104,69,186,5,15,1,6,0,0,5,7,2,7,112,325
Cork South-West,2ae19629-1f2b-13a3-e055-000000000001,"Ballybane, Cork County",17,51,90,185,13,26,0,0,0,0,3,3,7,11,130,276
Cork North-West,2ae19629-1f2c-13a3-e055-000000000001,"Ballyclogh, Cork County",91,325,143,414,9,21,2,6,1,3,3,9,7,26,256,804
Cork East,2ae19629-1f2d-13a3-e055-000000000001,"Ballycottin, Cork County",199,685,345,769,88,229,13,24,13,40,14,32,23,63,695,1842
Cork South-West,2ae19629-1f36-13a3-e055-000000000001,"Ballydehob, Cork County",63,206,227,508,60,126,23,39,0,0,13,25,16,29,402,933
Cork South-West,2ae19629-1f37-13a3-e055-000000000001,"Ballyfeard, Cork County",51,181,66,174,9,26,0,0,0,0,7,16,4,14,137,411
Cork South-West,2ae19629-1f38-13a3-e055-000000000001,"Ballyfoyle, Cork County",51,202,56,149,18,37,0,0,0,0,2,2,6,12,133,402
Cork South-Central,2ae19629-1f39-13a3-e055-000000000001,"Ballygarvan, Cork County",263,1020,262,659,57,140,7,25,2,7,8,17,10,31,609,1899
Cork North-West,2ae19629-1f43-13a3-e055-000000000001,"Ballygroman, Cork County",280,971,215,545,73,224,4,16,0,0,3,6,19,46,594,1808
Cork North-West,2ae19629-1f44-13a3-e055-000000000001,"Ballyhoolahan, Cork County",25,92,66,172,5,14,0,0,0,0,3,6,3,11,102,295
Cork East,2ae19629-1f45-13a3-e055-000000000001,"Ballyhooly, Cork County",139,459,117,276,50,136,34,104,9,11,10,14,2,8,361,1008
Cork South-West,2ae19629-1f46-13a3-e055-000000000001,"Ballymackean, Cork County",35,135,73,186,21,53,1,6,0,0,5,9,2,4,137,393
Cork South-West,2ae19629-1f4f-13a3-e055-000000000001,"Ballymartle, Cork County",167,583,180,533,68,189,11,48,1,3,13,28,10,32,450,1416
Cork South-West,2ae19629-1f50-13a3-e055-000000000001,"Ballymodan, Cork County",438,1452,665,1539,236,732,239,740,7,21,26,59,29,77,1640,4620
Cork South-West,2ae19629-1f57-13a3-e055-000000000001,"Ballymoney, Cork County",74,256,136,348,54,133,28,68,0,0,5,13,25,64,322,882
Cork North-West,2ae19629-1f58-13a3-e055-000000000001,"Ballymurphy, Cork County",134,503,130,382,27,56,3,9,0,0,6,9,7,20,307,979
Cork North-Central,2ae19629-1f59-13a3-e055-000000000001,"Ballynaglogh, Cork County",50,195,73,192,8,19,0,0,0,0,3,8,2,4,136,418
Cork North-Central,2ae19629-1f66-13a3-e055-000000000001,"Ballynamona, Cork County",128,478,176,465,24,61,1,1,0,0,7,14,14,44,350,1063
Cork East,2ae19629-1f67-13a3-e055-000000000001,"Ballynoe, Cork County",83,310,113,296,25,63,15,36,0,0,7,12,14,45,257,762
Cork East,2ae19629-1f71-13a3-e055-000000000001,"Ballyspillane, Cork County",37,149,68,175,6,12,0,0,1,7,6,12,3,5,121,360
Cork South-West,2ae19629-214a-13a3-e055-000000000001,"Bandon, Cork County",147,397,253,501,393,946,69,154,39,56,13,27,58,137,972,2218
Cork North-West,2ae19629-1f72-13a3-e055-000000000001,"Banteer, Cork County",72,237,141,328,31,82,36,78,0,0,4,5,9,28,293,758
Cork South-West,2ae19629-1f74-13a3-e055-000000000001,"Bantry Urban, Cork County",178,598,490,938,390,869,202,472,21,39,38,62,25,45,1344,3023
Cork North-West,2ae19629-1f80-13a3-e055-000000000001,"Barleyhill, Cork County",39,140,109,291,9,27,6,11,1,1,7,19,22,52,193,541
Cork North-West,2ae19629-1f81-13a3-e055-000000000001,"Barnacurra, Cork County",28,97,47,121,3,7,3,5,1,3,1,2,4,10,87,245
Cork South-West,2ae19629-1f89-13a3-e055-000000000001,"Baurleigh, Cork County",59,234,46,112,9,23,3,14,0,0,1,2,5,11,123,396
Cork North-West,2ae19629-1f8a-13a3-e055-000000000001,"Bawncross, Cork County",15,46,45,118,8,18,3,8,0,0,4,11,60,154,135,355
Cork North-West,2ae19629-1f92-13a3-e055-000000000001,"Béal Átha an Ghaorthaidh (Dún Mánmhaí), Corcaigh",6,23,48,133,4,14,0,0,0,0,4,4,1,1,63,175
Cork North-West,2ae19629-1f93-13a3-e055-000000000001,"Béal Átha an Ghaorthaidh (Maigh Chromtha), Corcaigh",50,174,118,277,22,58,7,22,3,3,11,29,5,11,216,574
Cork North-West,2ae19629-1ef9-13a3-e055-000000000001,"Bealock, Cork County",25,91,56,144,7,19,1,2,0,0,7,11,2,6,98,273
Cork South-West,2ae19629-1efa-13a3-e055-000000000001,"Bear, Cork County",14,35,57,125,10,24,3,5,0,0,6,9,3,9,93,207
Cork North-West,2ae19629-1efb-13a3-e055-000000000001,"Bengour, Cork County",41,149,55,146,4,10,0,0,0,0,3,8,3,7,106,320
Cork North-Central,2ae19629-1f05-13a3-e055-000000000001,"Blackpool, Cork County",121,477,166,486,29,70,0,0,0,0,10,21,17,49,343,1103
Cork North-Central,2ae19629-1f06-13a3-e055-000000000001,"Blarney, Cork County",63,250,116,335,18,47,1,1,1,5,4,5,3,9,206,652
Cork North-West,2ae19629-1f0e-13a3-e055-000000000001,"Boherboy, Cork County",85,244,146,302,36,97,27,68,2,6,6,18,2,6,304,741
Cork South-West,2ae19629-1f0f-13a3-e055-000000000001,"Boulteen, Cork County",81,305,119,310,19,54,2,8,0,0,7,12,5,15,233,704
Cork South-West,2ae19629-1f10-13a3-e055-000000000001,"Bredagh, Cork County",53,189,136,302,45,110,16,45,0,0,11,20,7,9,268,675
Cork North-West,2ae19629-1f1a-13a3-e055-000000000001,"Brinny, Cork County",65,265,128,323,23,47,1,3,0,0,9,20,5,19,231,677
Cork South-West,2ae19629-1f1b-13a3-e055-000000000001,"Butlerstown, Cork County",42,173,88,229,10,28,0,0,1,3,5,7,3,8,149,448
Cork North-West,2ae19629-1f1c-13a3-e055-000000000001,"Buttevant, Cork County",202,653,318,713,90,197,91,203,12,31,13,31,32,86,758,1914
Cork South-West,2ae19629-1f24-13a3-e055-000000000001,"Caheragh, Cork County",17,60,77,199,6,13,0,0,0,0,5,14,5,11,110,297
Cork North-West,2ae19629-1f25-13a3-e055-000000000001,"Caherbarnagh, Cork County",53,184,119,296,10,19,1,1,0,0,6,14,8,22,197,536
Cork North-West,2ae19629-1f2e-13a3-e055-000000000001,"Caherduggan, Cork County",82,285,108,240,25,63,1,3,0,0,7,15,5,12,228,618
Cork North-Central,2ae19629-1f2f-13a3-e055-000000000001,"Caherlag, Cork County",440,1596,607,1452,150,390,22,58,2,12,19,49,22,47,1262,3604
Cork South-West,2ae19629-1f30-13a3-e055-000000000001,"Cahermore, Cork County",37,131,74,165,15,41,5,23,1,2,4,6,14,36,150,404
Cork North-West,2ae19629-1f3a-13a3-e055-000000000001,"Ceann Droma, Corcaigh",41,143,61,150,8,17,1,2,0,0,4,6,8,23,123,341
Cork North-West,2ae19629-1f3b-13a3-e055-000000000001,"Cannaway, Cork County",107,408,86,250,6,20,3,7,0,0,7,13,10,29,219,727
Cork South-West,2ae19629-1f3c-13a3-e055-000000000001,"Cléire, Corcaigh",14,45,84,180,20,41,5,8,0,0,8,20,5,7,136,301
Cork East,2ae19629-1f3d-13a3-e055-000000000001,"Carrig, Cork County, 047069",27,105,55,120,2,3,0,0,0,0,1,1,2,6,87,235
Cork North-Central,2ae19629-1f47-13a3-e055-000000000001,"Carrig, Cork County, 047070",21,82,22,54,5,13,0,0,0,0,2,5,2,3,52,157
Cork South-Central,2ae19629-1f48-13a3-e055-000000000001,"Carrigaline, Cork County, 047071",454,1608,363,841,115,291,130,361,9,9,14,33,25,68,1110,3211
Cork South-Central,2ae19629-1f49-13a3-e055-000000000001,"Carrigaline, Cork County, 047072",1991,6718,1511,3625,615,1797,160,542,70,269,48,103,100,266,4495,13320
Cork South-West,2ae19629-1f51-13a3-e055-000000000001,"Carrigbaun, Cork County",26,84,98,219,14,30,2,3,0,0,2,2,4,9,146,347
Cork North-West,2ae19629-1f52-13a3-e055-000000000001,"Carrigboy, Cork County",52,183,86,262,10,31,0,0,0,0,6,11,20,50,174,537
Cork North-Central,2ae19629-1f5a-13a3-e055-000000000001,"Carrignavar, Cork County",155,594,210,577,32,85,2,5,0,0,5,9,18,58,422,1328
Cork North-Central,2ae19629-1f5b-13a3-e055-000000000001,"Carrigrohanebeg, Cork County",74,281,120,283,13,31,1,6,0,0,1,1,12,36,221,638
Cork East,2ae19629-1f68-13a3-e055-000000000001,"Carrigtohill, Cork County",1192,4023,725,1867,471,1351,178,556,37,87,60,127,83,237,2746,8248
Cork South-West,2ae19629-1f69-13a3-e055-000000000001,"Cashel, Cork County",48,186,80,196,11,36,1,4,0,0,3,10,2,7,145,439
Cork East,2ae19629-1f6a-13a3-e055-000000000001,"Castle Hyde, Cork County",80,297,142,376,23,64,0,0,0,0,16,39,8,18,269,794
Cork East,2ae19629-1f75-13a3-e055-000000000001,"Castlecooke, Cork County",24,99,40,114,3,11,0,0,0,0,2,5,1,2,70,231
Cork North-West,2ae19629-1f76-13a3-e055-000000000001,"Castlecor, Cork County",62,189,86,206,14,54,2,8,0,0,1,2,6,20,171,479
Cork South-West,2ae19629-1f77-13a3-e055-000000000001,"Castlehaven North, Cork County",54,190,181,432,41,97,3,9,1,4,13,29,21,60,314,821
Cork South-West,2ae19629-1f78-13a3-e055-000000000001,"Castlehaven South, Cork County",54,191,104,253,30,72,1,4,1,4,2,5,1,5,193,534
Cork East,2ae19629-1f79-13a3-e055-000000000001,"Castlelyons, Cork County",132,467,189,444,36,131,28,94,5,13,8,14,15,50,413,1213
Cork North-West,2ae19629-1f82-13a3-e055-000000000001,"Castlemagner, Cork County",122,399,81,163,27,85,10,38,0,0,7,11,10,31,257,727
Cork East,2ae19629-1f83-13a3-e055-000000000001,"Castlemartyr, Cork County",97,384,186,465,32,70,1,2,1,1,7,14,20,54,344,990
Cork North-West,2ae19629-1f8b-13a3-e055-000000000001,"Castletown, Cork County",67,233,68,165,14,43,3,5,1,3,4,6,13,37,170,492
Cork East,2ae19629-1f84-13a3-e055-000000000001,"Castletownroche, Cork County",87,264,178,409,47,110,42,110,2,8,8,14,8,20,372,935
Cork South-West,2ae19629-1f8c-13a3-e055-000000000001,"Castleventry, Cork County",33,106,45,138,7,13,0,0,0,0,4,9,5,17,94,283
Cork North-West,2ae19629-1f94-13a3-e055-000000000001,"Churchtown, Cork County",145,508,146,340,83,201,31,96,4,17,4,6,13,29,426,1197
Cork North-West,2ae19629-1f95-13a3-e055-000000000001,"Claonráth, Corcaigh",19,55,48,134,8,15,1,1,0,0,4,6,0,0,80,211
Cork East,2ae19629-1ef3-13a3-e055-000000000001,"Clenor, Cork County",49,183,61,156,8,16,1,4,0,0,3,6,5,12,127,377
Cork South-West,2ae19629-1ef4-13a3-e055-000000000001,"Cloghdonnell, Cork County",27,95,94,219,15,42,0,0,0,0,4,9,4,10,144,375
Cork South-West,2ae19629-1f11-13a3-e055-000000000001,"Clonakilty Rural, Cork County",246,846,286,739,92,260,34,140,1,2,24,56,25,63,708,2106
Cork South-West,2ae19629-1f12-13a3-e055-000000000001,"Clonakilty Urban, Cork County",271,838,557,1171,476,1131,260,667,25,48,32,63,47,121,1668,4039
Cork North-West,2ae19629-1f13-13a3-e055-000000000001,"Clondrohid, Cork County",82,294,180,443,22,53,12,33,1,4,8,18,18,55,323,900
Cork North-West,2ae19629-1f1d-13a3-e055-000000000001,"Clonfert East, Cork County",36,125,78,184,8,21,6,13,0,0,5,5,3,7,136,355
Cork North-West,2ae19629-1f1e-13a3-e055-000000000001,"Clonfert West, Cork County",9,27,41,92,4,12,2,9,0,0,2,3,5,10,63,153
Cork North-West,2ae19629-1f26-13a3-e055-000000000001,"Clonmeen, Cork County",30,95,60,157,12,33,0,0,0,0,3,7,3,8,108,300
Cork North-West,2ae19629-1f27-13a3-e055-000000000001,"Clonmoyle, Cork County",73,260,99,259,13,39,5,12,0,0,6,14,8,26,204,610
Cork East,2ae19629-1f28-13a3-e055-000000000001,"Clonmult, Cork County",25,103,36,107,2,12,0,0,0,0,1,1,0,0,64,223
Cork East,2ae19629-1f31-13a3-e055-000000000001,"Clonpriest, Cork County",114,408,182,462,65,161,1,3,0,0,15,32,21,58,398,1124
Cork South-West,2ae19629-1f32-13a3-e055-000000000001,"Cloonkeen, Cork County",24,95,85,234,16,33,0,0,0,0,3,4,11,27,139,393
Cork East,2ae19629-1f3e-13a3-e055-000000000001,"Cloyne, Cork County",601,2121,527,1263,246,640,103,312,65,206,30,52,65,166,1637,4760
Cork East,2ae19629-1f3f-13a3-e055-000000000001,"Cobh Rural, Cork County",1317,4321,800,1872,400,1129,274,940,50,182,41,90,68,180,2950,8714
Cork East,2ae19629-1f40-13a3-e055-000000000001,"Cobh Urban, Cork County",807,2447,1086,2342,555,1096,229,631,19,35,53,92,83,218,2832,6861
Cork South-West,2ae19629-1f4a-13a3-e055-000000000001,"Coolagh, Cork County",9,27,60,129,10,25,0,0,0,0,8,14,6,14,93,209
Cork North-West,2ae19629-1f4b-13a3-e055-000000000001,"Coolclogh, Cork County",49,179,73,185,3,11,0,0,0,0,8,15,6,15,139,405
Cork South-West,2ae19629-1f4c-13a3-e055-000000000001,"Coolcraheen, Cork County",69,261,124,321,35,90,2,4,0,0,8,16,6,13,244,705
Cork East,2ae19629-1f53-13a3-e055-000000000001,"Coole, Cork County",141,508,171,437,43,117,12,41,0,0,13,33,25,68,405,1204
Cork South-West,2ae19629-1f54-13a3-e055-000000000001,"Coolmain, Cork County",46,170,89,226,11,31,1,2,0,0,5,8,6,16,158,453
Cork North-West,2ae19629-1f5c-13a3-e055-000000000001,"Coolmountain, Cork County",32,123,81,206,13,29,2,10,0,0,13,23,13,46,154,437
Cork North-West,2ae19629-1f5d-13a3-e055-000000000001,"Coomlogane, Cork County",74,271,207,472,52,129,20,39,29,29,11,20,7,16,400,976
Cork East,2ae19629-1f5e-13a3-e055-000000000001,"Corkbeg, Cork County",329,1157,303,709,95,284,54,177,2,9,17,44,69,197,869,2577
Cork South-West,2ae19629-1f5f-13a3-e055-000000000001,"Coulagh, Cork County",50,143,141,299,29,62,10,22,0,0,12,23,7,10,249,559
Cork South-West,2ae19629-1f6b-13a3-e055-000000000001,"Courtmacsherry, Cork County",70,240,139,314,75,173,31,88,0,0,17,34,13,42,345,891
Cork North-West,2ae19629-1f6c-13a3-e055-000000000001,"Crinnaloo, Cork County",15,58,51,134,3,9,0,0,0,0,2,7,2,4,73,212
Cork South-West,2ae19629-1f6d-13a3-e055-000000000001,"Crookhaven, Cork County",12,31,67,138,3,7,0,0,0,0,4,8,7,14,93,198
Cork South-West,2ae19629-1f6e-13a3-e055-000000000001,"Cullen, Cork County, 047120",61,237,83,250,21,56,1,1,0,0,5,11,7,20,178,575
Cork North-West,2ae19629-1f7a-13a3-e055-000000000001,"Cullen, Cork County, 047121",49,170,88,200,15,32,11,24,1,6,3,4,5,11,172,447
Cork East,2ae19629-1f7b-13a3-e055-000000000001,"Curraglass, Cork County",46,174,78,205,6,10,0,0,0,0,6,12,8,19,144,420
Cork South-West,2ae19629-1f7c-13a3-e055-000000000001,"Curryglass, Cork County",43,148,104,200,14,35,0,0,0,0,9,20,6,12,176,415
Cork East,2ae19629-1f7d-13a3-e055-000000000001,"Dangan, Cork County",36,133,37,109,3,8,0,0,0,0,3,4,6,16,85,270
Cork North-West,2ae19629-1f85-13a3-e055-000000000001,"Derragh, Cork County",22,68,52,133,4,14,0,0,1,4,3,6,2,4,84,229
Cork South-West,2ae19629-1f86-13a3-e055-000000000001,"Derry, Cork County",50,178,105,241,21,52,0,0,0,0,10,20,8,24,194,515
Cork North-West,2ae19629-1f8e-13a3-e055-000000000001,"Doire Fhínín, Corcaigh",20,87,53,139,5,9,0,0,0,0,0,0,7,17,85,252
Cork East,2ae19629-1f8f-13a3-e055-000000000001,"Derryvillane, Cork County",43,161,117,291,14,41,4,18,0,0,4,8,7,18,189,537
Cork North-West,2ae19629-1f96-13a3-e055-000000000001,"Doneraile, Cork County",139,482,249,540,78,213,90,228,11,26,9,20,16,47,592,1556
Cork North-West,2ae19629-1f97-13a3-e055-000000000001,"Doonasleen, Cork County",40,140,107,250,8,16,0,0,0,0,4,5,2,7,161,418
Cork South-West,2ae19629-1ef5-13a3-e055-000000000001,"Douce, Cork County",21,77,64,148,8,12,1,1,0,0,2,4,5,13,101,255
Cork South-Central,2ae19629-1ef6-13a3-e055-000000000001,"Douglas, Cork County",16,66,21,66,9,25,0,0,0,0,0,0,1,4,47,161
Cork South-West,2ae19629-1efd-13a3-e055-000000000001,"Drinagh, Cork County, 047133",28,110,83,220,15,35,0,0,0,0,7,18,3,7,136,390
Cork South-West,2ae19629-1efe-13a3-e055-000000000001,"Drinagh, Cork County, 047134",20,76,62,143,4,15,0,0,0,0,5,21,1,3,92,258
Cork North-West,2ae19629-1eff-13a3-e055-000000000001,"Dripsey, Cork County",173,674,257,700,23,63,36,112,1,3,12,28,16,40,518,1620
Cork North-West,2ae19629-1f07-13a3-e055-000000000001,"Drishane, Cork County",163,510,302,692,140,362,51,155,2,4,12,26,29,74,699,1823
Cork South-West,2ae19629-1f00-13a3-e055-000000000001,"Dromdaleague North, Cork County",22,91,47,120,8,26,4,9,0,0,6,14,15,40,102,300
Cork South-West,2ae19629-1f08-13a3-e055-000000000001,"Dromdaleague South, Cork County",45,152,105,286,32,78,15,31,0,0,5,7,15,37,217,591
Cork North-West,2ae19629-1f01-13a3-e055-000000000001,"Dromina, Cork County",61,218,109,249,13,36,17,56,8,14,8,20,12,35,228,628
Cork North-West,2ae19629-1f02-13a3-e055-000000000001,"Dromore, Cork County",421,1558,327,836,117,307,37,114,1,3,13,28,35,112,951,2958
Cork South-West,2ae19629-1f09-13a3-e055-000000000001,"Dunbeacon, Cork County",11,27,50,120,9,19,0,0,0,0,3,5,7,16,80,187
Cork South-West,2ae19629-1f0a-13a3-e055-000000000001,"Dunderrow, Cork County",223,839,239,664,68,166,2,5,2,7,6,21,17,58,557,1760
Cork East,2ae19629-1f14-13a3-e055-000000000001,"Dungourney, Cork County",102,412,85,245,20,53,5,7,12,38,4,11,10,29,238,795
Cork South-West,2ae19629-1f15-13a3-e055-000000000001,"Dunmanus, Cork County",19,65,63,140,7,21,0,0,0,0,4,7,6,20,99,253
Cork South-West,2ae19629-1f16-13a3-e055-000000000001,"Dunmanway North, Cork County",91,319,198,461,76,166,41,113,3,4,12,22,75,185,496,1270
Cork South-West,2ae19629-1f1f-13a3-e055-000000000001,"Dunmanway South, Cork County",137,512,255,562,74,178,61,150,11,24,10,20,38,98,586,1544
Cork South-West,2ae19629-1f20-13a3-e055-000000000001,"Durrus East, Cork County",24,89,67,169,6,16,1,2,0,0,2,3,5,7,105,286
Cork South-West,2ae19629-1f29-13a3-e055-000000000001,"Durrus West, Cork County",51,143,156,341,34,91,25,73,8,14,10,15,10,24,294,701
Cork East,2ae19629-1f2a-13a3-e055-000000000001,"Farahy, Cork County",56,189,84,215,9,33,1,2,0,0,4,6,3,10,157,455
Cork South-West,2ae19629-1f33-13a3-e055-000000000001,"Farranbrien, Cork County",56,213,97,244,17,32,5,12,0,0,8,12,10,22,193,535
Cork East,2ae19629-1f34-13a3-e055-000000000001,"Fermoy Rural, Cork County",433,1461,590,1320,305,918,312,904,45,119,30,52,45,117,1760,4891
Cork East,2ae19629-1f35-13a3-e055-000000000001,"Fermoy Urban, Cork County",140,406,351,683,418,1089,118,229,12,18,20,47,49,106,1108,2578
Cork North-Central,2ae19629-1f41-13a3-e055-000000000001,"Firmount, Cork County",120,443,93,248,11,27,0,0,1,1,3,3,7,19,235,741
Cork South-West,2ae19629-1f42-13a3-e055-000000000001,"Garranes, Cork County",31,127,82,215,18,46,0,0,0,0,3,7,7,22,141,417
Cork North-West,2ae19629-1f4d-13a3-e055-000000000001,"Garrown, Cork County",35,134,53,139,4,6,0,0,0,0,5,8,9,24,106,311
Cork East,2ae19629-1f4e-13a3-e055-000000000001,"Garryvoe, Cork County",80,276,120,344,19,41,0,0,1,2,9,22,7,26,236,711
Cork South-West,2ae19629-1f55-13a3-e055-000000000001,"Glanlough, Cork County",15,60,59,120,6,11,1,1,0,0,4,11,5,12,90,215
Cork East,2ae19629-1f56-13a3-e055-000000000001,"Glanworth East, Cork County",44,145,81,235,7,19,3,13,0,0,5,12,14,39,154,463
Cork East,2ae19629-1f60-13a3-e055-000000000001,"Glanworth West, Cork County",138,487,175,431,39,89,45,115,5,18,11,22,2,3,415,1165
Cork South-West,2ae19629-1f61-13a3-e055-000000000001,"Glengarriff, Cork County",101,357,234,535,67,178,1,5,0,0,18,42,21,56,442,1173
Cork North-West,2ae19629-1f62-13a3-e055-000000000001,"Glenlara, Cork County",50,177,83,209,3,14,2,5,0,0,2,3,6,19,146,427
Cork North-Central,2ae19629-1f63-13a3-e055-000000000001,"Glenville, Cork County",111,435,80,212,15,41,1,6,0,0,4,10,8,22,219,726
Cork South-West,2ae19629-1f64-13a3-e055-000000000001,"Goleen, Cork County",7,25,57,123,13,29,12,21,2,2,4,7,6,10,101,217
Cork North-West,2ae19629-1f65-13a3-e055-000000000001,"Gortmore, Cork County",24,90,44,115,3,5,0,0,0,0,3,3,2,5,76,218
Cork South-West,2ae19629-1f6f-13a3-e055-000000000001,"Gortnascreeny, Cork County",48,196,110,270,24,61,1,1,1,3,3,3,5,10,192,544
Cork East,2ae19629-1f70-13a3-e055-000000000001,"Gortnaskehy, Cork County",29,128,63,168,2,6,0,0,0,0,4,6,8,25,106,333
Cork North-West,2ae19629-1f7e-13a3-e055-000000000001,"Gort na Tiobratan, Corcaigh",42,155,90,246,21,46,2,2,2,2,10,17,6,8,173,476
Cork East,2ae19629-1f7f-13a3-e055-000000000001,"Gortroe, Cork County",103,386,132,338,8,18,9,30,1,4,8,11,12,30,273,817
Cork North-West,2ae19629-1f87-13a3-e055-000000000001,"Gowlane, Cork County",179,691,179,478,58,144,0,0,0,0,8,11,12,23,436,1347
Cork North-West,2ae19629-1f88-13a3-e055-000000000001,"Greenane, Cork County",162,537,238,508,86,233,28,60,6,25,10,19,25,59,555,1441
Cork North-Central,2ae19629-1f90-13a3-e055-000000000001,"Greenfort, Cork County",100,376,137,382,7,18,1,2,0,0,6,15,5,21,256,814
Cork North-West,2ae19629-1f91-13a3-e055-000000000001,"Greenville, Cork County",40,166,45,107,5,13,0,0,0,0,0,0,9,25,99,311
Cork East,2ae19629-1f98-13a3-e055-000000000001,"Ightermurragh, Cork County",486,1519,297,680,138,375,83,263,26,67,22,42,31,86,1083,3032
Cork North-West,2ae19629-1f99-13a3-e055-000000000001,"Imphrick, Cork County",46,155,63,168,14,38,0,0,0,0,4,8,7,16,134,385
Cork East,2ae19629-1ef7-13a3-e055-000000000001,"Inch, Cork County",77,289,83,202,24,73,1,1,1,4,3,4,18,47,207,620
Cork North-West,2ae19629-1ef8-13a3-e055-000000000001,"Inchigeelagh, Cork County",68,210,105,260,30,73,10,24,3,4,3,4,8,13,227,588
Cork South-West,2ae19629-1f03-13a3-e055-000000000001,"Inishannon, Cork County",251,889,319,819,93,240,24,68,4,14,14,30,12,35,717,2095
Cork South-Central,2ae19629-1f04-13a3-e055-000000000001,"Inishkenny, Cork County",123,503,175,489,20,73,0,0,0,0,10,19,3,10,331,1094
Cork North-West,2ae19629-211e-13a3-e055-000000000001,"Kanturk, Cork County",193,611,324,647,159,397,134,384,34,73,28,48,37,94,909,2254
Cork North-West,2ae19629-211f-13a3-e055-000000000001,"Keale, Cork County",39,143,64,172,3,9,2,7,0,0,6,14,7,15,121,360
Cork South-West,2ae19629-2126-13a3-e055-000000000001,"Kealkill, Cork County",55,208,104,264,21,49,15,39,0,0,6,15,6,18,207,593
Cork North-West,2ae19629-2127-13a3-e055-000000000001,"Kilberrihert, Cork County",91,360,113,307,35,100,4,9,2,2,12,24,5,11,262,813
Cork North-West,2ae19629-2128-13a3-e055-000000000001,"Kilbonane, Cork County",173,685,184,527,31,88,2,5,0,0,10,15,15,41,415,1361
Cork North-West,2ae19629-2132-13a3-e055-000000000001,"Kilbrin, Cork County",47,157,57,151,7,15,8,21,0,0,3,6,10,24,132,374
Cork South-West,2ae19629-2133-13a3-e055-000000000001,"Kilbrittain, Cork County",66,244,93,237,29,74,21,53,0,0,7,9,7,23,223,640
Cork South-West,2ae19629-213c-13a3-e055-000000000001,"Kilbrogan, Cork County",349,1196,331,776,108,321,110,402,34,117,17,31,23,75,972,2918
Cork South-West,2ae19629-213d-13a3-e055-000000000001,"Kilcaskan, Cork County",68,211,209,445,57,115,2,4,0,0,11,19,24,56,371,850
Cork South-West,2ae19629-213e-13a3-e055-000000000001,"Kilcatherine, Cork County",56,196,217,492,24,44,6,9,0,0,7,16,12,30,322,787
Cork South-West,2ae19629-213f-13a3-e055-000000000001,"Kilcoe, Cork County",30,111,112,267,20,35,0,0,0,0,6,16,10,24,178,453
Cork East,2ae19629-2140-13a3-e055-000000000001,"Kilcor, Cork County",53,182,74,180,5,8,0,0,0,0,6,14,14,36,152,420
Cork North-West,2ae19629-2141-13a3-e055-000000000001,"Kilcorney, Cork County",34,111,67,159,4,10,11,33,6,7,1,1,2,5,125,326
Cork East,2ae19629-214f-13a3-e055-000000000001,"Kilcronat, Cork County",26,100,37,108,0,0,0,0,0,0,2,3,0,0,65,211
Cork North-West,2ae19629-2150-13a3-e055-000000000001,"Kilcullen, Cork County",104,402,146,385,21,66,0,0,0,0,7,14,7,14,285,881
Cork East,2ae19629-2151-13a3-e055-000000000001,"Kilcummer, Cork County",29,108,54,128,13,38,0,0,0,0,5,7,2,7,103,288
Cork North-Central,2ae19629-2168-13a3-e055-000000000001,"Kildinan, Cork County",88,348,105,307,4,9,0,0,0,0,2,5,9,22,208,691
Cork East,2ae19629-2169-13a3-e055-000000000001,"Kildorrery, Cork County",108,375,115,252,39,117,13,31,7,7,5,8,8,17,295,807
Cork South-West,2ae19629-2185-13a3-e055-000000000001,"Kilfaughnabeg, Cork County",33,129,110,258,38,94,27,69,0,0,5,7,19,49,232,606
Cork East,2ae19629-2186-13a3-e055-000000000001,"Kilgullane, Cork County",19,70,32,82,4,10,0,0,0,0,1,2,0,0,56,164
Cork South-West,2ae19629-219b-13a3-e055-000000000001,"Kilkerranmore, Cork County",51,191,109,262,21,54,4,11,0,0,6,9,4,14,195,541
Cork South-West,2ae19629-219c-13a3-e055-000000000001,"Killaconenagh, Cork County",101,322,310,681,172,400,63,136,6,9,12,25,19,45,683,1618
Cork East,2ae19629-219d-13a3-e055-000000000001,"Killathy, Cork County",32,129,80,229,16,38,0,0,0,0,6,13,8,18,142,427
Cork East,2ae19629-219e-13a3-e055-000000000001,"Killeagh, Cork County, 047202",207,748,187,442,49,137,36,123,12,39,12,16,33,90,536,1595
Cork North-Central,2ae19629-21b8-13a3-e055-000000000001,"Killeagh, Cork County, 047203",83,318,106,323,10,24,1,3,0,0,5,7,6,19,211,694
Cork South-West,2ae19629-21b9-13a3-e055-000000000001,"Killeenleagh, Cork County",34,138,76,186,16,40,1,1,0,0,1,1,4,6,132,372
Cork East,2ae19629-21c4-13a3-e055-000000000001,"Kilmacdonogh, Cork County",119,404,186,475,27,70,12,30,0,0,11,22,13,38,368,1039
Cork North-West,2ae19629-21c5-13a3-e055-000000000001,"Kilmaclenine, Cork County",80,252,141,349,20,47,14,38,0,0,5,13,5,15,265,714
Cork South-West,2ae19629-21d2-13a3-e055-000000000001,"Kilmaloda East, Cork County",45,183,54,141,19,29,1,3,0,0,1,1,7,23,127,380
Cork South-West,2ae19629-21d3-13a3-e055-000000000001,"Kilmaloda West, Cork County",22,85,40,104,8,15,1,1,0,0,1,3,1,1,73,209
Cork North-West,2ae19629-21d4-13a3-e055-000000000001,"Kilmeen, Cork County",30,116,67,147,2,11,8,29,2,6,3,3,6,22,118,334
Cork South-West,2ae19629-21dd-13a3-e055-000000000001,"Kilmonoge, Cork County",217,785,112,283,47,136,16,41,0,0,10,18,13,35,415,1298
Cork South-West,2ae19629-21de-13a3-e055-000000000001,"Kilmoylerane, Cork County",37,151,51,142,10,32,0,0,0,0,4,10,1,8,103,343
Cork South-West,2ae19629-21df-13a3-e055-000000000001,"Kilnagross, Cork County",68,254,108,246,24,55,2,5,0,0,6,9,7,23,215,592
Cork South-West,2ae19629-21e0-13a3-e055-000000000001,"Kilnamanagh, Cork County",22,84,110,229,11,24,0,0,1,2,2,6,7,17,153,362
Cork North-West,2ae19629-21e7-13a3-e055-000000000001,"Cill na Martra, Corcaigh",65,240,137,383,21,55,0,0,5,7,8,22,12,30,248,737
Cork South-Central,2ae19629-21e8-13a3-e055-000000000001,"Kilpatrick, Cork County",70,264,73,198,22,54,2,4,1,2,7,18,6,18,181,558
Cork East,2ae19629-21e9-13a3-e055-000000000001,"Kilphelan, Cork County",54,202,112,278,10,32,4,13,0,0,6,17,5,12,191,554
Cork North-West,2ae19629-21f0-13a3-e055-000000000001,"Kilshannig, Cork County",131,486,186,462,27,63,19,53,1,1,10,18,24,69,398,1152
Cork East,2ae19629-21f1-13a3-e055-000000000001,"Kilworth, Cork County",233,808,240,578,86,248,25,65,10,14,11,17,29,83,634,1813
Cork North-West,2ae19629-2109-13a3-e055-000000000001,"Kinneigh, Cork County",50,177,75,208,5,9,0,0,0,0,10,16,13,35,153,445
Cork South-West,2ae19629-210a-13a3-e055-000000000001,"Kinsale Rural, Cork County",617,2228,731,1830,319,849,80,232,20,49,27,39,47,117,1841,5344
Cork South-West,2ae19629-210b-13a3-e055-000000000001,"Kinsale Urban, Cork County",194,584,352,691,327,725,88,229,19,25,26,46,33,84,1039,2384
Cork South-West,2ae19629-2114-13a3-e055-000000000001,"Kinure, Cork County",43,157,67,181,13,28,0,0,0,0,6,8,5,18,134,392
Cork North-Central,2ae19629-2115-13a3-e055-000000000001,"Knockantota, Cork County",181,661,94,265,29,80,11,30,1,4,8,14,11,25,335,1079
Cork North-West,2ae19629-2120-13a3-e055-000000000001,"Knockatooan, Cork County",29,105,82,190,4,8,1,3,0,0,1,3,6,17,123,326
Cork North-West,2ae19629-2121-13a3-e055-000000000001,"Knockavilly, Cork County",57,250,69,194,8,20,1,5,0,0,6,13,4,16,145,498
Cork East,2ae19629-2129-13a3-e055-000000000001,"Knockmourne, Cork County",169,617,185,447,56,160,25,59,16,17,4,6,26,75,481,1381
Cork North-West,2ae19629-212a-13a3-e055-000000000001,"Knocknagree, Cork County",53,198,151,306,25,58,8,15,0,0,7,12,13,25,257,614
Cork East,2ae19629-212b-13a3-e055-000000000001,"Knockraha, Cork County",288,1060,175,468,53,161,6,24,0,0,4,10,12,49,538,1772
Cork South-West,2ae19629-212c-13a3-e055-000000000001,"Knockroe, Cork County",98,366,116,303,26,65,0,0,3,10,5,6,6,25,254,775
Cork South-West,2ae19629-2134-13a3-e055-000000000001,"Knocks, Cork County",26,91,63,171,7,27,1,2,0,0,4,10,10,36,111,337
Cork South-West,2ae19629-2135-13a3-e055-000000000001,"Knockskagh, Cork County",46,143,126,308,25,57,3,6,1,3,12,20,8,22,221,559
Cork North-West,2ae19629-2142-13a3-e055-000000000001,"Knocktemple, Cork County",49,183,82,182,14,41,22,64,7,10,6,18,5,19,185,517
Cork South-West,2ae19629-2143-13a3-e055-000000000001,"Laherne, Cork County",67,241,86,230,19,59,11,35,3,7,4,10,3,11,193,593
Cork South-West,2ae19629-2152-13a3-e055-000000000001,"Leighmoney, Cork County",102,396,105,298,29,80,0,0,0,0,5,9,17,39,258,822
Cork East,2ae19629-2153-13a3-e055-000000000001,"Leitrim, Cork County",49,190,64,190,2,3,0,0,0,0,0,0,4,7,119,390
Cork North-West,2ae19629-2154-13a3-e055-000000000001,"Liscarroll, Cork County",55,205,124,286,22,60,15,34,8,13,6,11,4,15,234,624
Cork South-Central,2ae19629-216a-13a3-e055-000000000001,"Liscleary, Cork County",731,2660,557,1454,147,442,83,264,57,189,11,21,34,112,1620,5142
Cork East,2ae19629-216b-13a3-e055-000000000001,"Lisgoold, Cork County",162,595,144,357,15,47,5,16,0,0,5,9,10,33,341,1057
Cork South-West,2ae19629-216c-13a3-e055-000000000001,"Lowertown, Cork County",19,59,61,148,13,26,2,3,0,0,3,6,3,8,101,250
Cork North-West,2ae19629-216d-13a3-e055-000000000001,"Macloneigh, Cork County",98,354,167,393,25,58,1,3,0,0,7,16,18,48,316,872
Cork North-West,2ae19629-216e-13a3-e055-000000000001,"Macroom Urban, Cork County",409,1323,564,1193,334,915,224,565,34,77,25,40,49,102,1639,4215
Cork North-West,2ae19629-2187-13a3-e055-000000000001,"Magourney, Cork County",133,455,206,486,51,127,23,58,1,1,10,17,5,17,429,1161
Cork North-Central,2ae19629-2149-13a3-e055-000000000001,"Mallow North Urban, Cork County",600,1966,644,1433,614,1677,275,736,81,205,33,63,76,199,2323,6279
Cork North-Central,2ae19629-2188-13a3-e055-000000000001,"Mallow Rural, Cork County",516,1705,507,1208,237,727,307,1053,57,225,18,30,40,118,1682,5066
Cork North-Central,2ae19629-2189-13a3-e055-000000000001,"Mallow South Urban, Cork County",198,602,547,1175,188,481,166,396,7,17,34,58,69,175,1209,2904
Cork North-West,2ae19629-219f-13a3-e055-000000000001,"Manch, Cork County",53,203,108,308,11,22,1,7,0,0,4,7,18,47,195,594
Cork East,2ae19629-21a0-13a3-e055-000000000001,"Marshalstown, Cork County",52,195,71,173,10,20,3,7,0,0,4,7,2,4,142,406
Cork North-West,2ae19629-21a1-13a3-e055-000000000001,"Mashanaglass, Cork County",41,168,101,291,8,20,0,0,0,0,2,2,10,24,162,505
Cork North-Central,2ae19629-21ba-13a3-e055-000000000001,"Matehy, Cork County",212,772,209,559,37,72,0,0,0,0,12,24,14,52,484,1479
Cork South-West,2ae19629-21bb-13a3-e055-000000000001,"Mealagh, Cork County",38,123,86,217,13,26,0,0,0,0,4,9,4,15,145,390
Cork North-West,2ae19629-21c6-13a3-e055-000000000001,"Meens, Cork County",35,127,113,281,4,15,5,11,4,4,7,13,8,17,176,468
Cork East,2ae19629-21c7-13a3-e055-000000000001,"Midleton Rural, Cork County",1261,4275,982,2395,591,1719,307,1062,104,327,30,65,94,258,3369,10101
Cork East,2ae19629-21c8-13a3-e055-000000000001,"Midleton Urban, Cork County",235,661,516,1049,534,1298,184,439,55,113,22,43,34,76,1580,3679
Cork South-West,2ae19629-21d5-13a3-e055-000000000001,"Milane, Cork County",10,41,44,115,5,10,0,0,0,0,2,3,5,11,66,180
Cork North-West,2ae19629-21d6-13a3-e055-000000000001,"Milford, Cork County",68,245,126,312,19,41,19,55,5,9,3,10,8,18,248,690
Cork North-West,2ae19629-21d7-13a3-e055-000000000001,"Milltown, Cork County",52,186,78,189,4,13,1,2,0,0,4,10,15,40,154,440
Cork East,2ae19629-21e1-13a3-e055-000000000001,"Mitchelstown, Cork County",420,1373,881,1990,328,835,242,633,44,80,63,116,53,121,2031,5148
Cork East,2ae19629-21e2-13a3-e055-000000000001,"Mogeely, Cork County",119,427,76,206,24,58,18,47,1,3,4,12,9,26,251,779
Cork East,2ae19629-21ea-13a3-e055-000000000001,"Monanimy, Cork County",113,412,130,302,29,79,8,30,0,0,5,5,11,29,296,857
Cork South-Central,2ae19629-21eb-13a3-e055-000000000001,"Monkstown Rural, Cork County",157,510,139,346,65,171,27,108,23,61,8,18,10,33,429,1247
Cork South-Central,2ae19629-2122-13a3-e055-000000000001,"Monkstown Urban, Cork County",675,2271,760,1734,337,829,120,359,6,19,33,69,56,131,1987,5412
Cork North-West,2ae19629-21f2-13a3-e055-000000000001,"Mountrivers, Cork County",90,331,132,316,11,30,11,22,0,0,1,1,13,33,258,733
Cork North-West,2ae19629-21f3-13a3-e055-000000000001,"Moviddy, Cork County",203,743,221,593,37,92,28,72,0,0,12,19,15,42,516,1561
Cork North-West,2ae19629-210c-13a3-e055-000000000001,"Murragh, Cork County",63,265,81,242,10,26,1,2,0,0,7,9,2,4,164,548
Cork South-West,2ae19629-210d-13a3-e055-000000000001,"Myross, Cork County",65,226,159,351,52,115,13,31,1,3,15,30,16,45,321,801
Cork North-West,2ae19629-210e-13a3-e055-000000000001,"Nad, Cork County",13,40,18,47,2,3,0,0,0,0,3,5,2,6,38,101
Cork North-West,2ae19629-210f-13a3-e055-000000000001,"Newmarket, Cork County",126,439,343,749,63,135,49,87,19,27,20,45,26,52,646,1534
Cork North-West,2ae19629-2116-13a3-e055-000000000001,"Newtown, Cork County",111,379,148,382,26,70,17,39,7,17,9,16,27,73,345,976
Cork South-West,2ae19629-2117-13a3-e055-000000000001,"Nohaval, Cork County",45,160,47,123,11,26,0,0,0,0,4,13,6,15,113,337
Cork North-West,2ae19629-2118-13a3-e055-000000000001,"Ovens, Cork County",111,407,199,551,27,69,0,0,1,2,5,12,9,22,352,1063
Cork North-West,2ae19629-2123-13a3-e055-000000000001,"Rahalisk, Cork County",73,264,106,270,20,56,2,3,0,0,6,6,6,16,213,615
Cork North-Central,2ae19629-212d-13a3-e055-000000000001,"Rahan, Cork County",131,457,160,401,13,26,0,0,0,0,3,12,13,33,320,929
Cork South-West,2ae19629-212e-13a3-e055-000000000001,"Rathbarry, Cork County",62,211,104,237,33,72,0,0,0,0,7,11,13,40,219,571
Cork South-West,2ae19629-212f-13a3-e055-000000000001,"Rathclarin, Cork County",76,291,119,334,23,56,0,0,0,0,4,7,12,32,234,720
Cork North-West,2ae19629-2136-13a3-e055-000000000001,"Rathcool, Cork County",60,194,97,246,19,65,6,13,0,0,6,14,11,30,199,562
Cork North-Central,2ae19629-2137-13a3-e055-000000000001,"Rathcooney, Cork County",39,150,73,206,4,8,1,1,0,0,2,3,4,12,123,380
Cork East,2ae19629-2138-13a3-e055-000000000001,"Rathcormack, Cork County",404,1408,229,550,140,365,55,184,12,41,14,31,29,82,883,2661
Cork North-West,2ae19629-1f8d-13a3-e055-000000000001,"Rathluirc, Cork County",319,971,615,1312,455,1273,184,518,80,158,24,46,54,122,1731,4400
Cork North-Central,2ae19629-2145-13a3-e055-000000000001,"Riverstown, Cork County",94,353,138,379,20,46,0,0,0,0,8,10,14,32,274,820
Cork North-West,2ae19629-2146-13a3-e055-000000000001,"Roskeen, Cork County",46,178,88,233,16,42,4,17,1,2,3,6,8,21,166,499
Cork North-West,2ae19629-2155-13a3-e055-000000000001,"Rosnalee, Cork County",44,128,81,197,8,20,2,4,0,0,4,10,7,18,146,377
Cork South-West,2ae19629-2156-13a3-e055-000000000001,"Rosscarbery, Cork County",110,369,199,451,70,153,23,74,16,17,10,17,14,37,442,1118
Cork South-West,2ae19629-216f-13a3-e055-000000000001,"Rossmore, Cork County",29,112,68,175,12,28,6,25,0,0,10,15,6,12,131,367
Cork East,2ae19629-2170-13a3-e055-000000000001,"Rostellan, Cork County",184,687,190,460,47,137,4,17,2,8,14,24,18,57,459,1390
Cork North-West,2ae19629-2171-13a3-e055-000000000001,"Rowls, Cork County",18,54,36,82,1,5,3,6,0,0,2,4,4,11,64,162
Cork South-West,2ae19629-218a-13a3-e055-000000000001,"Scart, Cork County",24,108,77,189,9,24,0,0,0,0,1,4,3,9,114,334
Cork South-West,2ae19629-218b-13a3-e055-000000000001,"Seefin, Cork County",17,47,79,188,17,38,20,44,0,0,3,5,4,8,140,330
Cork East,2ae19629-21a2-13a3-e055-000000000001,"Shanballymore, Cork County",68,249,118,266,20,66,15,48,0,0,8,13,5,14,234,656
Cork South-West,2ae19629-21a3-13a3-e055-000000000001,"Sheepshead, Cork County",8,30,63,140,6,6,2,4,0,0,1,1,2,7,82,188
Cork South-West,2ae19629-21a4-13a3-e055-000000000001,"Shreelane, Cork County",42,175,66,183,15,29,1,2,0,0,5,12,11,30,140,431
Cork North-West,2ae19629-21a5-13a3-e055-000000000001,"Skagh, Cork County",43,158,79,205,13,29,4,5,0,0,4,9,6,18,149,424
Cork East,2ae19629-21bc-13a3-e055-000000000001,"Skahanagh, Cork County",20,75,40,85,3,8,1,1,0,0,1,1,0,0,65,170
Cork South-West,2ae19629-21bd-13a3-e055-000000000001,"Skibbereen Rural, Cork County",108,409,283,706,50,95,0,0,1,3,14,26,22,59,478,1298
Cork South-West,2ae19629-21be-13a3-e055-000000000001,"Skibbereen Urban, Cork County",174,534,384,755,400,852,235,698,35,61,35,66,42,86,1305,3052
Cork South-West,2ae19629-21bf-13a3-e055-000000000001,"Skull, Cork County",62,229,234,476,89,179,25,55,4,9,22,48,16,39,452,1035
Cork North-West,2ae19629-21c9-13a3-e055-000000000001,"An Sliabh Riabhach, Corcaigh",83,286,181,405,53,134,32,94,6,12,9,20,7,25,371,976
Cork North-West,2ae19629-21ca-13a3-e055-000000000001,"Springfort, Cork County",49,171,112,270,15,47,25,97,2,7,1,3,22,47,226,642
Cork North-West,2ae19629-21d8-13a3-e055-000000000001,"Streamhill, Cork County",18,60,20,39,3,8,0,0,0,0,0,0,0,0,41,107
Cork North-West,2ae19629-21d9-13a3-e055-000000000001,"Teadies, Cork County",103,326,163,384,47,135,8,16,13,15,10,22,26,75,370,973
Cork North-West,2ae19629-21e3-13a3-e055-000000000001,"Teerelton, Cork County",72,279,105,281,26,59,1,1,0,0,6,10,7,14,217,644
Cork East,2ae19629-21e4-13a3-e055-000000000001,"Templebodan, Cork County",85,314,87,251,14,43,0,0,1,5,3,13,11,33,201,659
Cork South-Central,2ae19629-21ec-13a3-e055-000000000001,"Templebreedy, Cork County",616,2054,672,1467,223,528,61,174,1,1,57,132,42,120,1672,4476
Cork North-West,2ae19629-21ed-13a3-e055-000000000001,"Templemartin, Cork County",94,365,119,360,22,68,0,0,0,0,13,24,12,29,260,846
Cork North-West,2ae19629-21f4-13a3-e055-000000000001,"Templemary, Cork County",44,161,70,150,3,8,0,0,0,0,4,7,8,21,129,347
Cork South-West,2ae19629-21f5-13a3-e055-000000000001,"Templemichael, Cork County",82,327,128,368,19,55,0,0,0,0,7,15,6,18,242,783
Cork East,2ae19629-21f6-13a3-e055-000000000001,"Templemolaga, Cork County",46,161,66,145,1,2,3,12,0,0,5,6,1,3,122,329
Cork East,2ae19629-2110-13a3-e055-000000000001,"Templenacarriga, Cork County",72,281,104,273,9,21,0,0,0,0,7,9,12,35,204,619
Cork South-West,2ae19629-2111-13a3-e055-000000000001,"Templeomalus, Cork County",67,263,161,404,22,63,0,0,0,0,13,35,5,14,268,779
Cork South-West,2ae19629-2119-13a3-e055-000000000001,"Timoleague, Cork County",53,199,110,263,45,139,23,53,0,0,10,19,7,25,248,698
Cork North-West,2ae19629-211a-13a3-e055-000000000001,"Tincoora, Cork County",66,231,65,164,14,40,21,54,0,0,4,4,9,25,179,518
Cork South-West,2ae19629-211b-13a3-e055-000000000001,"Toormore, Cork County",10,31,67,142,5,12,0,0,0,0,4,7,3,8,89,200
Cork South-West,2ae19629-211c-13a3-e055-000000000001,"Tullagh, Cork County",68,206,164,382,50,109,34,54,1,3,12,32,5,8,334,794
Cork North-West,2ae19629-211d-13a3-e055-000000000001,"Tullylease, Cork County",46,159,85,187,10,24,8,14,1,1,4,4,8,25,162,414
Cork North-West,2ae19629-2124-13a3-e055-000000000001,"Na hUláin, Corcaigh",61,227,117,317,25,61,1,4,0,0,7,12,12,32,223,653
Cork East,2ae19629-2125-13a3-e055-000000000001,"Wallstown, Cork County",31,114,49,133,4,10,0,0,0,0,5,10,0,0,89,267
Cork North-West,2ae19629-2130-13a3-e055-000000000001,"Warrenscourt, Cork County",97,344,149,362,13,33,4,11,0,0,5,13,12,28,280,791
Cork North-Central,2ae19629-2131-13a3-e055-000000000001,"Watergrasshill, Cork County",357,1200,167,417,65,186,27,78,2,5,8,13,14,50,640,1949
Cork South-West,6a372d28-f5c8-4acc-b237-4f7bb4a9ad53,"Whiddy/Bantry Rural, Cork County",95,328,251,617,42,116,6,14,0,0,12,26,28,62,434,1163
Cork North-Central,2ae19629-213a-13a3-e055-000000000001,"Whitechurch, Cork County",253,985,289,817,49,144,0,0,0,0,15,28,31,87,637,2061
Cork North-West,2ae19629-2108-13a3-e055-000000000001,"Williamstown, Cork County",53,181,88,209,19,55,17,27,4,4,7,17,6,16,194,509
Cork South-West,2ae19629-213b-13a3-e055-000000000001,"Woodfort, Cork County",34,141,83,211,9,17,0,0,0,0,8,16,8,15,142,400
Cork East,2ae19629-2147-13a3-e055-000000000001,"Youghal Rural, Cork County",144,499,197,449,70,215,18,56,4,12,7,15,46,130,486,1376
Cork East,2ae19629-2148-13a3-e055-000000000001,"Youghal Urban, Cork County",697,2193,1038,2154,613,1369,438,1170,104,216,41,74,191,429,3122,7605
Kerry,2ae19629-2387-13a3-e055-000000000001,"Abbeydorney, Kerry",136,446,194,463,40,97,53,141,1,2,11,21,22,58,457,1228
Kerry,2ae19629-2388-13a3-e055-000000000001,"Aghadoe, Kerry",88,326,154,369,45,115,2,6,0,0,7,13,13,33,309,862
Kerry,2ae19629-2390-13a3-e055-000000000001,"Aglish, Kerry",58,217,86,228,23,53,1,2,0,0,2,6,11,26,181,532
Kerry,2ae19629-2391-13a3-e055-000000000001,"Arabela, Kerry",138,502,273,697,17,49,5,11,0,0,17,36,16,37,466,1332
Kerry,2ae19629-2392-13a3-e055-000000000001,"Ardagh, Kerry",62,226,161,343,16,49,16,45,0,0,7,11,5,13,267,687
Kerry,2ae19629-2393-13a3-e055-000000000001,"Ardea, Kerry",15,41,57,119,8,20,1,1,0,0,4,11,0,0,85,192
Kerry,2ae19629-239d-13a3-e055-000000000001,"Ardfert, Kerry",83,304,163,342,34,79,106,268,11,29,10,23,17,41,424,1086
Kerry,2ae19629-239e-13a3-e055-000000000001,"Astee, Kerry",41,140,126,299,6,17,4,15,0,0,5,6,4,10,186,487
Kerry,2ae19629-239f-13a3-e055-000000000001,"Na Beathacha, Ciarraí",17,60,46,99,6,12,1,2,0,0,2,6,4,11,76,190
Kerry,2ae19629-23ac-13a3-e055-000000000001,"Ballincloher, Kerry",50,179,106,256,6,13,3,6,0,0,3,9,2,4,170,467
Kerry,2ae19629-23ad-13a3-e055-000000000001,"Baile an Sceilg, Ciarraí",27,93,100,209,20,40,4,9,0,0,9,14,12,40,172,405
Kerry,2ae19629-23ae-13a3-e055-000000000001,"Ballinvoher, Kerry",48,154,110,287,16,40,24,41,12,28,7,17,7,20,224,587
Kerry,2ae19629-23af-13a3-e055-000000000001,"An Baile Breac, Ciarraí",7,21,22,47,8,19,1,2,0,0,3,4,0,0,41,93
Kerry,2ae19629-22d3-13a3-e055-000000000001,"Ballyconry, Kerry",50,177,90,219,9,25,2,7,0,0,2,7,8,14,161,449
Kerry,2ae19629-22d4-13a3-e055-000000000001,"Ballyduff, Kerry, 077015",77,275,177,374,25,62,33,84,3,6,8,17,10,22,333,840
Kerry,2ae19629-22d5-13a3-e055-000000000001,"An Baile Dubh, Ciarraí, 077016",8,31,35,75,5,9,1,2,0,0,2,4,4,13,55,134
Kerry,2ae19629-22e2-13a3-e055-000000000001,"Ballyegan, Kerry, 077017",42,175,70,170,12,23,0,0,0,0,3,9,2,9,129,386
Kerry,2ae19629-22e3-13a3-e055-000000000001,"Ballyegan, Kerry, 077018",6,23,25,57,3,9,1,3,0,0,0,0,0,0,35,92
Kerry,2ae19629-22e4-13a3-e055-000000000001,"Ballyhar, Kerry",18,63,45,116,9,20,0,0,0,0,1,3,1,1,74,203
Kerry,2ae19629-22ee-13a3-e055-000000000001,"Ballyheige, Kerry",123,435,309,682,38,99,55,116,4,10,17,32,23,74,569,1448
Kerry,2ae19629-22ef-13a3-e055-000000000001,"Ballyhorgan, Kerry",53,189,89,211,12,36,3,4,1,6,3,6,4,12,165,464
Kerry,2ae19629-22fd-13a3-e055-000000000001,"Ballynacourty, Kerry",24,77,76,177,12,27,0,0,0,0,4,8,2,4,118,293
Kerry,2ae19629-22fe-13a3-e055-000000000001,"Ballynahaglish, Kerry",183,650,338,779,34,108,28,68,0,0,10,17,24,69,617,1691
Kerry,2ae19629-230d-13a3-e055-000000000001,"Ballynorig, Kerry",61,230,116,264,6,15,4,13,2,9,3,6,4,14,196,551
Kerry,2ae19629-230e-13a3-e055-000000000001,"Ballyseedy, Kerry",183,606,257,656,96,308,63,193,6,27,12,21,21,59,638,1870
Kerry,2ae19629-230f-13a3-e055-000000000001,"Banawn, Kerry",27,103,49,116,7,18,1,1,0,0,1,1,7,22,92,261
Kerry,2ae19629-231b-13a3-e055-000000000001,"Banna, Kerry",80,266,152,368,40,115,4,14,2,3,3,3,7,19,288,788
Kerry,2ae19629-231c-13a3-e055-000000000001,"Baurtregaum, Kerry",34,112,94,201,2,8,3,12,0,0,4,8,6,16,143,357
Kerry,2ae19629-231d-13a3-e055-000000000001,"Beal, Kerry",10,25,42,98,2,4,1,3,0,0,2,10,1,2,58,142
Kerry,2ae19629-2329-13a3-e055-000000000001,"Blennerville, Kerry",64,231,149,375,22,39,17,39,0,0,11,17,13,29,276,730
Kerry,2ae19629-232a-13a3-e055-000000000001,"Boolteens, Kerry",52,200,91,229,14,30,2,4,0,0,10,19,6,15,175,497
Kerry,2ae19629-2336-13a3-e055-000000000001,"Cé Bhréanainn, Ciarraí",10,32,41,81,5,17,1,4,0,0,2,5,7,21,66,160
Kerry,2ae19629-2337-13a3-e055-000000000001,"Brewsterfield, Kerry",115,414,131,316,25,65,3,9,1,2,2,7,4,17,281,830
Kerry,2ae19629-2342-13a3-e055-000000000001,"Brosna, Kerry",62,190,179,410,28,69,17,33,0,0,9,14,10,19,305,735
Kerry,2ae19629-2343-13a3-e055-000000000001,"Caher, Kerry",126,401,429,844,106,243,81,173,17,21,10,17,49,100,818,1799
Kerry,2ae19629-2344-13a3-e055-000000000001,"Cathair Dónall, Ciarraí",22,63,85,159,11,27,2,3,0,0,9,20,8,19,137,291
Kerry,2ae19629-2353-13a3-e055-000000000001,"Cappagh, Kerry",53,187,75,171,7,11,2,8,0,0,6,9,5,13,148,399
Kerry,2ae19629-2363-13a3-e055-000000000001,"Caragh, Kerry",94,319,210,517,38,91,7,22,0,0,14,30,9,17,372,996
Kerry,2ae19629-2362-13a3-e055-000000000001,"Carker, Kerry",42,147,98,252,3,10,0,0,0,0,5,6,9,27,157,442
Kerry,2ae19629-2364-13a3-e055-000000000001,"Carrig, Kerry",21,77,95,202,13,22,18,39,0,0,6,10,4,11,157,361
Kerry,2ae19629-2365-13a3-e055-000000000001,"Castlecove, Kerry",16,55,97,206,13,43,3,7,0,0,4,7,8,13,141,331
Kerry,2ae19629-2366-13a3-e055-000000000001,"Castlegregory, Kerry",78,270,220,492,63,155,5,10,1,1,19,35,17,53,403,1016
Kerry,2ae19629-2378-13a3-e055-000000000001,"Castleisland, Kerry",267,833,602,1338,197,491,143,333,18,55,37,79,86,199,1350,3328
Kerry,2ae19629-2379-13a3-e055-000000000001,"Castlequin, Kerry",59,193,137,321,9,26,4,11,0,0,4,9,12,28,225,588
Kerry,2ae19629-237a-13a3-e055-000000000001,"Causeway, Kerry",46,161,139,318,22,60,30,48,2,6,11,20,8,14,258,627
Kerry,2ae19629-2389-13a3-e055-000000000001,"Churchtown, Kerry",39,139,90,224,13,32,0,0,0,0,6,12,26,83,174,490
Kerry,2ae19629-238a-13a3-e055-000000000001,"An Clochán, Ciarraí",16,66,68,149,6,14,3,3,0,0,4,8,6,17,103,257
Kerry,2ae19629-2394-13a3-e055-000000000001,"Clogherbrien, Kerry",172,619,327,786,28,69,1,5,1,1,12,23,19,43,560,1546
Kerry,2ae19629-2396-13a3-e055-000000000001,"Cloontubbrid, Kerry",35,106,65,160,3,6,2,7,0,0,5,19,4,8,114,306
Kerry,2ae19629-23a0-13a3-e055-000000000001,"Clydagh, Kerry",8,29,29,64,6,17,0,0,0,0,4,4,2,7,49,121
Kerry,2ae19629-23a1-13a3-e055-000000000001,"Coolies, Kerry",110,410,122,309,48,133,4,15,0,0,8,14,7,22,299,903
Kerry,2ae19629-23a2-13a3-e055-000000000001,"Coom, Kerry",225,788,426,1067,48,139,25,50,0,0,16,42,9,25,749,2111
Kerry,2ae19629-23b0-13a3-e055-000000000001,"Cordal, Kerry",27,98,69,158,6,12,1,2,0,0,2,4,4,10,109,284
Kerry,2ae19629-23b1-13a3-e055-000000000001,"Crinny, Kerry",30,111,73,174,5,13,1,4,0,0,1,1,2,3,112,306
Kerry,2ae19629-22c7-13a3-e055-000000000001,"Curraghbeg, Kerry",10,32,48,117,3,4,2,3,0,0,4,10,1,4,68,170
Kerry,2ae19629-22c8-13a3-e055-000000000001,"Curraghmore, Kerry",40,157,76,182,10,27,0,0,0,0,3,9,5,12,134,387
Kerry,2ae19629-22c9-13a3-e055-000000000001,"Currans, Kerry",24,89,62,140,11,28,2,4,0,0,2,6,5,10,106,277
Kerry,2ae19629-22ca-13a3-e055-000000000001,"Doire Fhíonáin, Ciarraí",18,62,49,87,7,13,1,1,0,0,3,6,3,7,81,176
Kerry,2ae19629-22cb-13a3-e055-000000000001,"Dawros, Kerry",55,207,136,298,14,34,1,2,0,0,11,25,8,20,225,586
Kerry,2ae19629-22cc-13a3-e055-000000000001,"Deelis, Kerry",32,112,77,179,19,48,3,9,0,0,5,9,8,18,144,375
Kerry,2ae19629-22d6-13a3-e055-000000000001,"Derreen, Kerry",17,66,50,127,1,3,1,3,0,0,0,0,1,2,70,201
Kerry,842865f1-99a8-46b1-8460-28a9e20b0d17,"Doire Ianna/An Chluain, Ciarraí",13,54,63,137,5,23,4,11,0,0,2,7,7,16,94,248
Kerry,2ae19629-22d8-13a3-e055-000000000001,"Dingle, Kerry",66,171,223,458,148,303,89,186,20,57,21,46,13,27,580,1248
Kerry,2ae19629-22d9-13a3-e055-000000000001,"Doocarrig, Kerry",69,279,129,338,8,21,3,11,0,0,8,16,8,19,225,684
Kerry,2ae19629-2218-13a3-e055-000000000001,"Doon, Kerry",85,308,134,322,14,40,3,12,0,0,3,9,2,4,241,695
Kerry,2ae19629-2219-13a3-e055-000000000001,"Dromin, Kerry",98,356,159,385,28,78,1,2,0,0,10,17,6,20,302,858
Kerry,2ae19629-221a-13a3-e055-000000000001,"Drommartin, Kerry",56,213,102,266,8,15,9,19,0,0,4,8,5,16,184,537
Kerry,2ae19629-2224-13a3-e055-000000000001,"Dromore, Kerry",22,82,76,178,14,36,0,0,0,0,1,1,7,17,120,314
Kerry,2ae19629-2225-13a3-e055-000000000001,"Duagh, Kerry",47,162,106,244,24,63,9,17,0,0,3,5,5,14,194,505
Kerry,2ae19629-222e-13a3-e055-000000000001,"Dunloe, Kerry",89,292,148,360,36,96,1,1,0,0,5,12,45,107,324,868
Kerry,2ae19629-222f-13a3-e055-000000000001,"Dún Chaoin, Ciarraí",24,81,40,88,6,17,2,3,0,0,2,6,8,17,82,212
Kerry,2ae19629-2230-13a3-e055-000000000001,"Dún Urlann, Ciarraí",29,94,126,264,22,46,16,42,1,1,8,11,2,6,204,464
Kerry,2ae19629-2231-13a3-e055-000000000001,"An tImleach, Ciarraí",72,249,213,481,28,65,40,92,1,4,7,11,20,47,381,949
Kerry,2ae19629-2232-13a3-e055-000000000001,"Ennismore, Kerry",61,197,128,286,7,18,12,28,0,0,4,6,8,15,220,550
Kerry,2ae19629-2233-13a3-e055-000000000001,"Flesk, Kerry",49,170,85,203,10,24,1,2,0,0,4,4,7,20,156,423
Kerry,2ae19629-2234-13a3-e055-000000000001,"Glanbehy, Kerry",84,299,255,572,57,137,26,56,0,0,25,51,16,41,463,1156
Kerry,2ae19629-2235-13a3-e055-000000000001,"Glanlee, Kerry",15,57,44,105,2,5,1,1,0,0,1,1,8,25,71,194
Kerry,2ae19629-2241-13a3-e055-000000000001,"Glanlough, Kerry",6,21,39,104,7,21,0,0,0,0,0,0,6,14,58,160
Kerry,2ae19629-2242-13a3-e055-000000000001,"Glanmore, Kerry",17,58,64,123,3,6,7,29,0,0,3,3,4,7,98,226
Kerry,2ae19629-2243-13a3-e055-000000000001,"Glinn, Kerry",143,503,338,804,77,191,44,99,2,6,18,32,20,43,642,1678
Kerry,2ae19629-2244-13a3-e055-000000000001,"Gneeves, Kerry",39,136,90,200,7,24,4,10,0,0,5,9,3,5,148,384
Kerry,2ae19629-224f-13a3-e055-000000000001,"Greenane, Kerry",14,48,53,118,9,25,1,1,0,0,5,11,6,15,88,218
Kerry,2ae19629-2250-13a3-e055-000000000001,"Gullane, Kerry",29,95,62,147,9,19,3,6,0,0,1,4,8,18,112,289
Kerry,2ae19629-2251-13a3-e055-000000000001,"Gunsborough, Kerry",45,151,83,184,8,20,0,0,0,0,2,3,6,18,144,376
Kerry,2ae19629-225d-13a3-e055-000000000001,"Headfort, Kerry",114,385,123,318,35,103,14,44,46,163,6,11,13,35,351,1059
Kerry,2ae19629-225e-13a3-e055-000000000001,"Inch, Kerry",9,24,39,86,10,15,1,4,0,0,2,4,6,11,67,144
Kerry,2ae19629-225f-13a3-e055-000000000001,"Kenmare, Kerry",221,692,503,1010,313,781,162,413,43,90,35,73,39,102,1316,3161
Kerry,2ae19629-2260-13a3-e055-000000000001,"Kerryhead, Kerry",54,200,145,364,6,17,5,14,0,0,7,10,7,19,224,624
Kerry,2ae19629-226c-13a3-e055-000000000001,"Kilbonane, Kerry",72,254,117,287,26,53,4,15,1,2,8,20,2,5,230,636
Kerry,2ae19629-226d-13a3-e055-000000000001,"Kilcummin, Kerry",289,1039,354,891,68,202,18,48,3,8,16,36,25,78,773,2302
Kerry,2ae19629-226e-13a3-e055-000000000001,"Kilfeighny, Kerry",116,410,193,443,23,62,11,17,0,0,13,34,13,33,369,999
Kerry,2ae19629-226f-13a3-e055-000000000001,"Kilfelim, Kerry",23,88,53,133,3,6,0,0,0,0,5,15,3,4,87,246
Kerry,2ae19629-227a-13a3-e055-000000000001,"Kilflyn, Kerry",35,126,59,128,2,5,1,2,0,0,3,3,2,3,102,267
Kerry,2ae19629-227b-13a3-e055-000000000001,"Kilgarrylander, Kerry",76,283,151,343,11,27,7,18,1,2,5,11,8,17,259,701
Kerry,2ae19629-227c-13a3-e055-000000000001,"Kilgarvan, Kerry",70,239,148,345,43,101,23,40,0,0,10,15,15,42,309,782
Kerry,2ae19629-2285-13a3-e055-000000000001,"Kilgobban, Kerry",23,90,69,160,15,22,0,0,0,0,3,3,5,12,115,287
Kerry,2ae19629-2286-13a3-e055-000000000001,"Kilgobnet, Kerry",87,310,190,484,19,59,8,24,0,0,9,10,12,37,325,924
Kerry,2ae19629-2287-13a3-e055-000000000001,"Killahan, Kerry",40,166,84,175,6,18,3,6,0,0,6,11,7,16,146,392
Kerry,2ae19629-2288-13a3-e055-000000000001,"Killarney Rural, Kerry",662,2322,983,2372,327,953,286,823,31,102,37,71,103,293,2429,6936
Kerry,2ae19629-2293-13a3-e055-000000000001,"Killarney Urban, Kerry",536,1615,1265,2592,1257,3336,248,574,113,173,84,180,106,264,3609,8734
Kerry,2ae19629-2294-13a3-e055-000000000001,"Killeentierna, Kerry",100,337,189,453,13,29,10,29,0,0,13,21,4,11,329,880
Kerry,2ae19629-2295-13a3-e055-000000000001,"Killehenny, Kerry",150,436,413,810,77,179,137,352,43,100,34,59,40,72,894,2008
Kerry,2ae19629-229f-13a3-e055-000000000001,"Killinane, Kerry",29,94,79,158,4,11,0,0,0,0,3,11,6,15,121,289
Kerry,2ae19629-22a0-13a3-e055-000000000001,"Killorglin, Kerry",409,1322,776,1724,328,777,207,542,14,37,51,113,40,90,1825,4605
Kerry,2ae19629-22a1-13a3-e055-000000000001,"Killury, Kerry",36,129,112,289,8,22,6,19,0,0,9,15,9,24,180,498
Kerry,2ae19629-22aa-13a3-e055-000000000001,"Cill Maoilchéadair, Ciarraí",42,127,139,295,6,11,6,9,0,0,8,17,10,16,211,475
Kerry,2ae19629-22ab-13a3-e055-000000000001,"Kilmeany, Kerry",75,260,148,377,11,28,11,27,0,0,3,3,21,54,269,749
Kerry,2ae19629-22b6-13a3-e055-000000000001,"Kilmurry, Kerry",24,92,81,188,2,3,6,11,0,0,5,9,2,4,120,307
Kerry,2ae19629-22b7-13a3-e055-000000000001,"Kilnanare, Kerry",123,427,194,504,4,11,16,44,0,0,9,27,16,43,362,1056
Kerry,2ae19629-22b8-13a3-e055-000000000001,"Cill Chuáin, Ciarraí",30,101,122,250,16,38,4,7,1,1,11,22,1,1,185,420
Kerry,2ae19629-2201-13a3-e055-000000000001,"Kilshenane, Kerry",15,53,61,123,7,13,6,18,0,0,2,6,5,16,96,229
Kerry,2ae19629-2202-13a3-e055-000000000001,"Kiltallagh, Kerry",65,216,117,251,18,45,5,13,0,0,3,4,12,33,220,562
Kerry,2ae19629-2203-13a3-e055-000000000001,"Kiltomy, Kerry",45,150,92,213,6,12,9,24,0,0,6,14,5,14,163,427
Kerry,2ae19629-220f-13a3-e055-000000000001,"Cinn Aird, Ciarraí",31,104,89,190,8,17,0,0,0,0,7,19,0,0,135,330
Kerry,2ae19629-2210-13a3-e055-000000000001,"Knockglass, Kerry",32,107,66,168,17,34,3,5,0,0,4,10,6,12,128,336
Kerry,2ae19629-221b-13a3-e055-000000000001,"Knocknagashel, Kerry",52,174,180,425,14,36,21,48,0,0,15,27,7,19,289,729
Kerry,2ae19629-221c-13a3-e055-000000000001,"Knocknahoe, Kerry",34,115,57,138,12,31,1,6,0,0,4,12,2,6,110,308
Kerry,2ae19629-2226-13a3-e055-000000000001,"Lack, Kerry",15,54,75,174,9,19,0,0,0,0,7,13,5,10,111,270
Kerry,2ae19629-2227-13a3-e055-000000000001,"Lackabaun, Kerry",35,111,104,256,5,11,3,8,2,5,5,20,10,26,164,437
Kerry,2ae19629-2236-13a3-e055-000000000001,"Lahard, Kerry",79,314,145,357,25,50,3,9,0,0,6,13,5,17,263,760
Kerry,2ae19629-2237-13a3-e055-000000000001,"Leitrim, Kerry",43,162,133,350,7,18,1,3,0,0,8,19,1,4,193,556
Kerry,2ae19629-2238-13a3-e055-000000000001,"Lickeen, Kerry",6,25,30,68,1,6,0,0,0,0,0,0,0,0,37,99
Kerry,2ae19629-2245-13a3-e055-000000000001,"Lislaughtin, Kerry",48,148,148,327,21,54,5,12,0,0,6,12,2,3,230,556
Kerry,2ae19629-2246-13a3-e055-000000000001,"Lisselton, Kerry",42,155,77,163,4,13,0,0,1,4,1,2,3,10,128,347
Kerry,2ae19629-2247-13a3-e055-000000000001,"Listowel Rural, Kerry",160,498,355,812,66,190,22,57,0,0,14,28,18,52,635,1637
Kerry,2ae19629-2252-13a3-e055-000000000001,"Listowel Urban, Kerry",302,852,725,1420,337,773,353,844,33,72,37,66,52,121,1839,4148
Kerry,2ae19629-2253-13a3-e055-000000000001,"Lixnaw, Kerry",131,418,147,343,45,120,86,223,1,4,7,17,5,19,422,1144
Kerry,2ae19629-2254-13a3-e055-000000000001,"Loughbrin, Kerry",15,52,32,68,2,3,3,9,0,0,1,1,1,1,54,134
Kerry,2ae19629-2255-13a3-e055-000000000001,"Loch Luíoch, Ciarraí",22,85,92,181,15,34,2,11,0,0,3,7,4,5,138,323
Kerry,2ae19629-2256-13a3-e055-000000000001,"Márthain, Ciarraí",25,86,61,119,13,27,2,6,0,0,5,10,3,5,109,253
Kerry,f2b35649-c96c-4cf5-b8ab-60770f0291a9,"Máistir Gaoithe/Ceannúigh, Ciarraí",18,68,58,129,4,6,4,7,0,0,1,3,5,10,90,223
Kerry,2ae19629-2262-13a3-e055-000000000001,"Maum, Kerry",31,91,63,147,5,9,4,14,0,0,2,2,1,1,106,264
Kerry,2ae19629-2263-13a3-e055-000000000001,"Millbrook, Kerry",44,161,111,287,6,19,5,15,0,0,2,4,2,4,170,490
Kerry,2ae19629-2270-13a3-e055-000000000001,"Milltown, Kerry",250,812,311,745,147,420,102,313,1,5,18,28,29,76,858,2399
Kerry,2ae19629-2271-13a3-e055-000000000001,"An Mhin Aird, Ciarraí",35,123,83,186,17,51,17,52,0,0,5,15,3,6,160,433
Kerry,2ae19629-2272-13a3-e055-000000000001,"Molahiffe, Kerry",222,747,250,600,70,188,36,120,2,4,21,42,10,28,611,1729
Kerry,2ae19629-227d-13a3-e055-000000000001,"Mount Eagle, Kerry",16,58,44,106,0,0,3,4,0,0,2,3,1,3,66,174
Kerry,2ae19629-227e-13a3-e055-000000000001,"Moynsha, Kerry",56,199,113,270,6,15,1,3,0,0,5,9,2,3,183,499
Kerry,2ae19629-2289-13a3-e055-000000000001,"Muckross, Kerry",45,160,109,302,51,154,2,7,0,0,15,24,7,24,229,671
Kerry,2ae19629-228a-13a3-e055-000000000001,"Newtownsandes, Kerry",101,346,240,510,48,131,32,74,0,0,9,17,21,59,451,1137
Kerry,2ae19629-228b-13a3-e055-000000000001,"Nohaval, Kerry",47,162,77,199,8,19,2,4,0,0,3,4,4,7,141,395
Kerry,2ae19629-2296-13a3-e055-000000000001,"O'brennan, Kerry",65,235,88,239,10,27,2,2,0,0,3,9,9,28,177,540
Kerry,2ae19629-2297-13a3-e055-000000000001,"Portmagee, Kerry",29,103,80,174,13,28,18,35,0,0,3,5,8,20,151,365
Kerry,2ae19629-22a2-13a3-e055-000000000001,"Ratass, Kerry",121,424,228,520,30,81,1,3,0,0,9,11,13,24,402,1063
Kerry,2ae19629-22a3-13a3-e055-000000000001,"Rathea, Kerry",40,139,107,240,5,14,5,13,0,0,7,13,2,3,166,422
Kerry,2ae19629-22ac-13a3-e055-000000000001,"Rathmore, Kerry",154,534,333,785,113,302,67,165,27,38,28,69,13,34,735,1927
Kerry,2ae19629-22ad-13a3-e055-000000000001,"Reen, Kerry",16,57,38,77,9,22,0,0,0,0,3,5,3,11,69,172
Kerry,2ae19629-22ae-13a3-e055-000000000001,"Rockfield, Kerry",47,175,69,196,11,32,3,5,0,0,5,13,4,12,139,433
Kerry,2ae19629-22b9-13a3-e055-000000000001,"Scartaglin, Kerry",75,279,135,342,17,44,1,4,0,0,7,17,8,15,243,701
Kerry,2ae19629-22ba-13a3-e055-000000000001,"Shronowen, Kerry",14,59,64,145,4,6,1,1,0,0,4,9,5,8,92,228
Kerry,2ae19629-22bb-13a3-e055-000000000001,"Sneem, Kerry",29,95,124,260,37,100,34,67,4,5,20,34,24,43,272,604
Kerry,2ae19629-22bc-13a3-e055-000000000001,"Toghroinn Fhíonáin, Ciarraí",13,47,35,81,5,13,2,5,1,2,3,10,2,9,61,167
Kerry,2ae19629-22bd-13a3-e055-000000000001,"An Sráidbhaile, Ciarraí",17,64,53,140,7,19,0,0,0,0,2,2,7,14,86,239
Kerry,2ae19629-22be-13a3-e055-000000000001,"Tahilla, Kerry",10,43,61,125,7,19,0,0,0,0,8,15,4,6,90,208
Kerry,2ae19629-21f9-13a3-e055-000000000001,"Tarbert, Kerry",57,186,198,414,16,47,26,60,3,3,10,21,9,12,319,743
Kerry,2ae19629-21fa-13a3-e055-000000000001,"Tarmon, Kerry",54,186,110,253,7,15,1,1,1,4,5,15,6,17,184,491
Kerry,2ae19629-221d-13a3-e055-000000000001,"Trian Iarthach, Ciarraí, 077159",31,93,81,159,3,8,4,6,0,0,0,0,8,24,127,290
Kerry,2ae19629-221e-13a3-e055-000000000001,"Tralee Rural, Kerry",1573,4934,2529,5285,1501,4257,1015,2852,112,366,100,229,260,648,7090,18571
Kerry,2ae19629-221f-13a3-e055-000000000001,"Tralee Urban, Kerry",189,474,667,1154,979,2043,466,925,101,142,44,86,311,682,2757,5506
Kerry,2ae19629-2228-13a3-e055-000000000001,"Trienearagh, Kerry",40,138,107,281,6,18,5,11,0,0,6,13,5,22,169,483
Kerry,2ae19629-2229-13a3-e055-000000000001,"Tubrid, Kerry",92,325,172,427,14,52,4,9,0,0,3,4,14,52,299,869
Kerry,2ae19629-222a-13a3-e055-000000000001,"Urlee, Kerry",31,110,94,217,13,28,3,10,0,0,4,10,3,8,148,383
Kerry,2ae19629-2239-13a3-e055-000000000001,"Valencia, Kerry",56,181,134,278,28,71,20,51,0,0,13,29,12,33,263,643
Kerry,2ae19629-223a-13a3-e055-000000000001,"Ceann Trá, Ciarraí",36,115,110,228,17,30,0,0,0,0,3,6,12,35,178,414
Limerick City,2ae19629-17cc-13a3-e055-000000000001,"Abbey A, Limerick",515,1713,710,1564,269,799,47,139,13,44,24,45,149,312,1727,4616
Limerick City,2ae19629-17cd-13a3-e055-000000000001,"Abbey B, Limerick",320,1038,198,465,277,804,62,184,14,47,8,12,101,259,980,2809
Limerick City,2ae19629-17ce-13a3-e055-000000000001,"Abbey C, Limerick",14,39,28,48,99,271,31,71,41,56,10,11,52,163,275,659
Limerick City,2ae19629-17cf-13a3-e055-000000000001,"Abbey D, Limerick",88,230,255,555,89,243,80,179,21,39,13,26,73,149,619,1421
Limerick City,2ae19629-17dd-13a3-e055-000000000001,"Ballinacurra A, Limerick",214,623,291,571,325,890,16,58,2,5,7,13,79,179,934,2339
Limerick City,2ae19629-17de-13a3-e055-000000000001,"Ballinacurra B, Limerick",102,302,321,665,48,131,51,168,2,5,15,34,21,48,560,1353
Limerick City,2ae19629-17df-13a3-e055-000000000001,"Ballynanty, Limerick",89,263,365,857,60,195,505,1490,36,116,12,29,43,97,1110,3047
Limerick City,2ae19629-17e0-13a3-e055-000000000001,"Castle A, Limerick",107,320,221,422,85,236,14,39,3,14,12,21,7,16,449,1068
Limerick City,2ae19629-17e1-13a3-e055-000000000001,"Castle B, Limerick",32,90,89,182,71,175,3,6,0,0,5,6,42,100,242,559
Limerick City,2ae19629-17e2-13a3-e055-000000000001,"Castle C, Limerick",80,259,206,426,195,473,4,21,3,10,13,26,45,113,546,1328
Limerick City,2ae19629-17e3-13a3-e055-000000000001,"Castle D, Limerick",204,677,459,975,94,226,4,9,0,0,8,12,26,64,795,1963
Limerick City,2ae19629-17e4-13a3-e055-000000000001,"Coolraine, Limerick",195,603,408,781,70,197,14,40,1,2,7,18,11,30,706,1671
Limerick City,2ae19629-17e5-13a3-e055-000000000001,"Custom House, Limerick",2,4,4,5,176,422,89,175,23,40,1,1,99,239,394,886
Limerick City,2ae19629-17e6-13a3-e055-000000000001,"Dock A, Limerick",38,75,62,124,783,1922,77,165,53,88,8,19,186,502,1207,2895
Limerick City,2ae19629-17e7-13a3-e055-000000000001,"Dock B, Limerick",41,101,72,129,269,667,60,113,29,32,6,15,94,200,571,1257
Limerick City,2ae19629-17e8-13a3-e055-000000000001,"Dock C, Limerick",87,238,138,242,132,337,79,146,5,11,8,17,32,81,481,1072
Limerick City,2ae19629-17e9-13a3-e055-000000000001,"Dock D, Limerick",49,182,77,158,123,321,9,21,4,13,5,9,0,0,267,704
Limerick City,2ae19629-17ea-13a3-e055-000000000001,"Farranshone, Limerick",104,309,176,366,51,149,25,46,0,0,4,7,24,59,384,936
Limerick City,2ae19629-17eb-13a3-e055-000000000001,"Galvone A, Limerick",139,444,224,498,39,107,102,263,5,7,6,12,31,80,546,1411
Limerick City,2ae19629-17ec-13a3-e055-000000000001,"Galvone B, Limerick",6,19,72,171,8,31,133,401,6,22,3,7,21,54,249,705
Limerick City,2ae19629-17ed-13a3-e055-000000000001,"Glentworth A, Limerick",23,68,75,137,79,179,29,70,22,38,6,13,50,131,284,636
Limerick City,2ae19629-17f4-13a3-e055-000000000001,"Glentworth B, Limerick",119,364,258,554,29,62,68,156,3,9,7,12,35,76,519,1233
Limerick City,2ae19629-17f5-13a3-e055-000000000001,"Glentworth C, Limerick",27,74,91,213,18,53,51,126,3,9,5,13,29,71,224,559
Limerick City,2ae19629-17f6-13a3-e055-000000000001,"John's A, Limerick",12,20,117,268,12,28,137,386,8,22,4,8,9,24,299,756
Limerick City,2ae19629-17f7-13a3-e055-000000000001,"John's B, Limerick",38,93,105,218,75,165,85,224,17,24,5,9,140,279,465,1012
Limerick City,2ae19629-17f8-13a3-e055-000000000001,"John's C, Limerick",11,26,40,76,87,222,30,58,1,1,1,4,42,96,212,483
Limerick City,2ae19629-17f9-13a3-e055-000000000001,"Killeely A, Limerick",88,271,191,408,36,97,197,488,32,79,9,25,15,38,568,1406
Limerick City,2ae19629-17fa-13a3-e055-000000000001,"Killeely B, Limerick",58,164,108,228,54,120,105,228,4,5,5,12,47,130,381,887
Limerick City,2ae19629-17c0-13a3-e055-000000000001,"Limerick North Rural, Limerick",651,2000,995,2103,633,1668,225,773,74,263,42,113,167,367,2787,7287
Limerick City,2ae19629-17fb-13a3-e055-000000000001,"Market, Limerick",55,138,90,180,477,1301,111,230,37,66,25,85,104,258,899,2258
Limerick City,2ae19629-17fc-13a3-e055-000000000001,"Prospect A, Limerick",46,99,124,232,73,181,147,330,18,47,10,18,89,183,507,1090
Limerick City,2ae19629-17fd-13a3-e055-000000000001,"Prospect B, Limerick",43,119,93,175,38,125,66,184,1,4,6,9,19,41,266,657
Limerick City,2ae19629-17fe-13a3-e055-000000000001,"Rathbane, Limerick",81,247,236,498,33,105,255,727,29,81,5,9,37,82,676,1749
Limerick City,2ae19629-17ff-13a3-e055-000000000001,"Shannon A, Limerick",5,15,10,14,398,872,20,45,11,20,1,3,82,169,527,1138
Limerick City,2ae19629-1800-13a3-e055-000000000001,"Shannon B, Limerick",12,23,13,26,336,665,44,61,7,12,5,8,181,339,598,1134
Limerick City,2ae19629-1801-13a3-e055-000000000001,"Singland A, Limerick",140,406,266,573,54,156,129,361,11,32,10,18,47,123,657,1669
Limerick City,2ae19629-1802-13a3-e055-000000000001,"Singland B, Limerick",445,1447,552,1293,110,341,80,243,13,42,13,32,138,344,1351,3742
Limerick City,2ae19629-1803-13a3-e055-000000000001,"St. Laurence, Limerick",63,169,159,323,27,59,21,73,11,26,7,13,25,65,313,728
Limerick County,2ae19629-1757-13a3-e055-000000000001,"Abbeyfeale, Limerick",212,639,419,882,203,510,168,462,26,54,22,46,27,48,1077,2641
Limerick County,2ae19629-1758-13a3-e055-000000000001,"Abbeyville, Limerick",42,161,53,130,4,10,1,1,0,0,3,8,34,102,137,412
Limerick City,2ae19629-1759-13a3-e055-000000000001,"Abington, Limerick",166,618,151,386,41,138,23,68,1,4,5,8,46,141,433,1363
Limerick County,2ae19629-175a-13a3-e055-000000000001,"Adare North, Limerick",77,276,98,260,23,64,0,0,0,0,7,17,5,9,210,626
Limerick County,2ae19629-175b-13a3-e055-000000000001,"Adare South, Limerick",159,564,351,815,123,322,34,82,20,23,18,38,24,80,729,1924
Limerick County,2ae19629-175c-13a3-e055-000000000001,"Anglesborough, Limerick",29,100,84,186,14,34,0,0,0,0,0,0,5,15,132,335
Limerick County,2ae19629-175d-13a3-e055-000000000001,"Ardagh, Limerick",92,339,217,528,27,77,17,34,8,9,13,27,8,28,382,1042
Limerick County,2ae19629-175e-13a3-e055-000000000001,"Ardpatrick, Limerick",33,106,96,231,5,10,0,0,0,0,5,13,5,14,144,374
Limerick County,2ae19629-174e-13a3-e055-000000000001,"Askeaton East, Limerick",44,132,116,273,21,59,37,145,3,11,3,4,5,8,229,632
Limerick County,2ae19629-174f-13a3-e055-000000000001,"Askeaton West, Limerick",108,363,173,434,76,199,41,105,11,25,11,28,14,26,434,1180
Limerick County,2ae19629-1750-13a3-e055-000000000001,"Athlacca, Limerick",37,143,78,190,7,16,2,2,15,16,4,8,13,31,156,406
Limerick County,2ae19629-1751-13a3-e055-000000000001,"Aughinish, Limerick",27,99,41,105,5,9,1,4,0,0,1,2,3,4,78,223
Limerick County,2ae19629-1752-13a3-e055-000000000001,"Ballingarry, Limerick",112,384,161,364,41,122,33,67,8,9,7,17,7,12,369,975
Limerick County,2ae19629-1753-13a3-e055-000000000001,"Ballintober, Limerick",29,109,77,214,5,14,4,11,0,0,6,10,9,29,130,387
Limerick County,2ae19629-175f-13a3-e055-000000000001,"Ballyagran, Limerick",55,162,101,239,18,52,12,21,0,0,8,11,4,9,198,494
Limerick County,2ae19629-1760-13a3-e055-000000000001,"Ballyallinan, Limerick",34,124,90,231,14,34,2,12,0,0,7,13,2,4,149,418
Limerick City,2ae19629-1767-13a3-e055-000000000001,"Ballybricken, Limerick",236,899,265,676,34,96,4,7,0,0,10,17,97,271,646,1966
Limerick City,2ae19629-1768-13a3-e055-000000000001,"Ballycummin, Limerick",2264,7015,2035,4544,1814,5684,222,746,101,336,63,123,220,598,6719,19046
Limerick County,2ae19629-1769-13a3-e055-000000000001,"Ballygrennan, Limerick",32,120,61,146,6,14,0,0,0,0,4,6,5,11,108,297
Limerick County,2ae19629-176a-13a3-e055-000000000001,"Ballylanders, Limerick",56,193,117,271,33,92,30,64,14,20,4,5,1,2,255,647
Limerick County,2ae19629-176b-13a3-e055-000000000001,"Ballymacshaneboy, Limerick",58,196,102,225,9,23,2,4,1,4,6,9,4,9,182,470
Limerick County,2ae19629-176c-13a3-e055-000000000001,"Ballynabanoge, Limerick",33,121,57,146,7,20,10,34,0,0,3,10,4,7,114,338
Limerick County,2ae19629-176d-13a3-e055-000000000001,"Ballynacarriga, Limerick",123,447,143,380,33,105,1,4,0,0,3,6,7,14,310,956
Limerick County,2ae19629-176f-13a3-e055-000000000001,"Ballynoe West, Limerick",39,153,63,156,4,6,0,0,2,6,5,10,4,11,117,342
Limerick County,2ae19629-176e-13a3-e055-000000000001,"Ballynoe, Limerick",62,206,99,251,4,9,1,2,2,5,7,13,3,7,178,493
Limerick City,2ae19629-1770-13a3-e055-000000000001,"Ballysimon, Limerick",1635,5441,1268,3053,1737,5059,140,472,61,180,59,125,665,1732,5565,16062
Limerick City,2ae19629-1771-13a3-e055-000000000001,"Ballyvarra, Limerick",465,1674,588,1612,260,777,19,82,8,23,29,85,102,291,1471,4544
Limerick County,2ae19629-1772-13a3-e055-000000000001,"Bilboa, Limerick",48,180,90,219,2,3,1,1,0,0,4,6,2,5,147,414
Limerick County,2ae19629-1773-13a3-e055-000000000001,"Boola, Limerick",16,58,30,74,2,3,0,0,0,0,0,0,1,3,49,138
Limerick County,2ae19629-1774-13a3-e055-000000000001,"Broadford, Limerick",98,386,183,447,18,47,14,32,12,18,6,12,18,40,349,982
Limerick County,2ae19629-1761-13a3-e055-000000000001,"Bruff, Limerick",135,443,245,582,73,188,54,126,6,14,10,17,16,42,539,1412
Limerick County,2ae19629-1762-13a3-e055-000000000001,"Bruree, Limerick",113,403,159,350,49,142,30,73,15,37,10,16,29,99,405,1120
Limerick County,2ae19629-1763-13a3-e055-000000000001,"Bulgaden, Limerick",42,137,65,167,6,18,2,6,0,0,2,3,4,9,121,340
Limerick County,2ae19629-1764-13a3-e055-000000000001,"Caher, Limerick",44,157,77,181,4,16,1,7,0,0,2,4,7,27,135,392
Limerick City,2ae19629-1765-13a3-e055-000000000001,"Caherconlish East, Limerick",58,222,99,256,11,28,1,4,0,0,5,8,12,45,186,563
Limerick City,2ae19629-1766-13a3-e055-000000000001,"Caherconlish West, Limerick",275,937,247,606,109,321,75,220,7,37,15,27,46,137,774,2285
Limerick County,2ae19629-177c-13a3-e055-000000000001,"Cahercorney, Limerick",104,385,121,292,24,65,0,0,0,0,3,6,7,23,259,771
Limerick County,2ae19629-177d-13a3-e055-000000000001,"Caherelly, Limerick",56,229,44,128,6,15,2,5,0,0,3,3,6,16,117,396
Limerick County,2ae19629-177e-13a3-e055-000000000001,"Cappamore, Limerick",146,538,237,548,47,120,61,163,3,8,11,23,11,23,516,1423
Limerick County,2ae19629-177f-13a3-e055-000000000001,"Carrig, Limerick",77,292,115,305,9,23,1,9,0,0,7,17,2,6,211,652
Limerick City,2ae19629-1780-13a3-e055-000000000001,"Castleconnell, Limerick",407,1385,515,1174,194,553,85,200,14,23,22,52,60,186,1297,3573
Limerick County,2ae19629-1781-13a3-e055-000000000001,"Castletown, Limerick, 127042",35,125,75,196,13,34,1,2,1,4,4,8,8,26,137,395
Limerick County,2ae19629-1782-13a3-e055-000000000001,"Castletown, Limerick, 127043",47,145,101,252,15,39,0,0,0,0,4,10,7,14,174,460
Limerick County,2ae19629-1783-13a3-e055-000000000001,"Clarina, Limerick",259,937,327,789,64,176,5,6,11,17,18,28,13,34,697,1987
Limerick County,2ae19629-1784-13a3-e055-000000000001,"Cleanglass, Limerick",22,73,66,163,1,1,2,6,0,0,4,7,6,13,101,263
Limerick County,2ae19629-1785-13a3-e055-000000000001,"Cloncagh, Limerick",38,159,60,159,5,16,1,5,0,0,2,2,3,10,109,351
Limerick City,2ae19629-1786-13a3-e055-000000000001,"Clonkeen, Limerick",161,545,110,262,50,145,6,34,1,3,2,3,27,76,357,1068
Limerick County,2ae19629-1787-13a3-e055-000000000001,"Colmanswell, Limerick",51,191,127,288,7,21,3,5,1,3,5,14,8,14,202,536
Limerick County,2ae19629-1788-13a3-e055-000000000001,"Coolrus, Limerick",47,168,90,232,4,11,1,3,1,1,5,14,4,14,152,443
Limerick County,2ae19629-1789-13a3-e055-000000000001,"Craggs, Limerick",24,86,59,158,7,17,0,0,0,0,1,1,1,2,92,264
Limerick County,2ae19629-1775-13a3-e055-000000000001,"Crean, Limerick",40,149,65,173,5,12,1,4,0,0,3,9,40,122,154,469
Limerick County,2ae19629-1776-13a3-e055-000000000001,"Crecora, Limerick",55,201,81,217,10,38,0,0,0,0,6,11,2,4,154,471
Limerick County,2ae19629-1777-13a3-e055-000000000001,"Croagh, Limerick",89,331,119,317,25,94,0,0,0,0,7,16,8,22,248,780
Limerick County,2ae19629-1778-13a3-e055-000000000001,"Croom, Limerick",148,487,222,531,57,167,75,237,24,46,19,41,125,349,670,1858
Limerick County,2ae19629-1779-13a3-e055-000000000001,"Cullane, Limerick",40,140,81,224,7,22,1,1,0,0,7,10,5,11,141,408
Limerick County,2ae19629-177a-13a3-e055-000000000001,"Danganbeg, Limerick",51,192,82,182,8,22,1,6,0,0,6,10,7,20,155,432
Limerick County,2ae19629-177b-13a3-e055-000000000001,"Darragh, Limerick",47,163,64,158,5,13,3,12,0,0,3,4,8,17,130,367
Limerick County,2ae19629-178a-13a3-e055-000000000001,"Doon South, Limerick",129,468,239,566,44,125,42,111,13,13,22,39,16,29,505,1351
Limerick County,2ae19629-178b-13a3-e055-000000000001,"Doon West, Limerick",38,132,47,113,4,6,0,0,0,0,3,5,3,8,95,264
Limerick County,2ae19629-1792-13a3-e055-000000000001,"Dromard, Limerick",105,386,165,458,18,53,1,3,0,0,5,9,6,18,300,927
Limerick County,2ae19629-1793-13a3-e055-000000000001,"Dromcolliher, Limerick",65,206,195,479,42,91,19,46,37,57,7,13,9,14,374,906
Limerick County,2ae19629-1794-13a3-e055-000000000001,"Dromin, Limerick",60,217,100,273,12,33,2,7,0,0,8,17,14,46,196,593
Limerick County,2ae19629-1795-13a3-e055-000000000001,"Dromtrasna, Limerick",100,347,198,499,16,45,1,1,0,0,11,15,10,35,336,942
Limerick County,2ae19629-1796-13a3-e055-000000000001,"Dunmoylan East, Limerick",64,226,90,219,5,10,1,4,0,0,11,21,8,31,179,511
Limerick County,2ae19629-1798-13a3-e055-000000000001,"Dunnaman, Limerick",74,281,135,352,19,48,0,0,1,3,2,2,6,23,237,709
Limerick County,2ae19629-1799-13a3-e055-000000000001,"Duntryleague, Limerick",37,122,73,156,8,19,1,3,1,2,5,8,6,14,131,324
Limerick County,2ae19629-179a-13a3-e055-000000000001,"Emlygrennan, Limerick",110,396,149,355,18,52,4,15,0,0,15,29,4,9,300,856
Limerick County,2ae19629-179b-13a3-e055-000000000001,"Fedamore, Limerick",138,517,191,488,23,71,25,83,6,24,7,13,57,159,447,1355
Limerick County,2ae19629-179c-13a3-e055-000000000001,"Feenagh, Limerick",26,83,72,162,10,29,2,7,16,57,4,9,0,0,130,347
Limerick County,2ae19629-179d-13a3-e055-000000000001,"Fleanmore, Limerick",20,73,51,134,4,13,1,2,0,0,3,7,5,10,84,239
Limerick County,2ae19629-179e-13a3-e055-000000000001,"Galbally, Limerick",47,143,116,289,21,55,23,69,4,9,10,25,1,3,222,593
Limerick County,2ae19629-178c-13a3-e055-000000000001,"Garrane, Limerick",37,139,61,157,0,0,1,2,0,0,4,7,5,12,108,317
Limerick County,2ae19629-178d-13a3-e055-000000000001,"Garryduff, Limerick",26,87,64,136,7,15,1,3,0,0,4,7,5,12,107,260
Limerick County,2ae19629-178e-13a3-e055-000000000001,"Glenagower, Limerick",41,139,120,302,11,22,14,30,3,3,6,22,6,25,201,543
Limerick County,2ae19629-178f-13a3-e055-000000000001,"Glenbrohane, Limerick",58,189,98,208,11,29,2,4,0,0,7,12,7,23,183,465
Limerick County,2ae19629-1790-13a3-e055-000000000001,"Glengort, Limerick",61,210,156,374,10,30,12,28,1,5,9,26,14,42,263,715
Limerick County,2ae19629-1791-13a3-e055-000000000001,"Glensharrold, Limerick",38,138,93,208,5,14,28,71,0,0,2,4,2,7,168,442
Limerick City,2ae19629-17a6-13a3-e055-000000000001,"Glenstal, Limerick",139,464,155,374,40,117,21,58,6,6,8,16,14,36,383,1071
Limerick County,2ae19629-17a7-13a3-e055-000000000001,"Glin, Limerick",95,334,253,560,72,176,21,50,13,16,16,30,19,34,489,1200
Limerick County,2ae19629-17a8-13a3-e055-000000000001,"Grange, Limerick",70,269,103,239,9,24,0,0,0,0,6,10,5,14,193,556
Limerick County,2ae19629-17a9-13a3-e055-000000000001,"Grean, Limerick",147,539,279,681,36,107,42,114,2,6,11,27,14,34,531,1508
Limerick County,2ae19629-17aa-13a3-e055-000000000001,"Griston, Limerick",43,143,63,153,2,4,0,0,0,0,5,8,3,8,116,316
Limerick County,2ae19629-17ab-13a3-e055-000000000001,"Hospital, Limerick",145,482,221,518,48,125,42,110,23,31,9,17,6,19,494,1302
Limerick County,2ae19629-17ac-13a3-e055-000000000001,"Iveruss, Limerick",47,181,72,161,4,9,0,0,0,0,2,4,0,0,125,355
Limerick County,2ae19629-17ad-13a3-e055-000000000001,"Kilbeheny, Limerick",30,109,55,135,10,18,1,4,0,0,2,3,1,3,99,272
Limerick County,2ae19629-17ae-13a3-e055-000000000001,"Kilcornan, Limerick",119,450,134,335,13,32,0,0,0,0,2,2,9,28,277,847
Limerick County,2ae19629-17af-13a3-e055-000000000001,"Kildimo, Limerick",89,338,117,281,13,31,0,0,0,0,6,20,10,24,235,694
Limerick County,2ae19629-17b0-13a3-e055-000000000001,"Kilfergus, Limerick",42,138,111,235,9,27,4,5,1,2,5,7,5,19,177,433
Limerick County,2ae19629-179f-13a3-e055-000000000001,"Kilfinnane, Limerick",104,317,202,443,64,152,69,169,4,4,15,25,16,35,474,1145
Limerick County,2ae19629-17a0-13a3-e055-000000000001,"Kilfinny, Limerick",37,145,50,126,5,15,0,0,0,0,5,10,6,19,103,315
Limerick County,2ae19629-17a1-13a3-e055-000000000001,"Kilflyn, Limerick",21,81,51,112,5,17,4,7,0,0,2,6,3,4,86,227
Limerick County,2ae19629-17a2-13a3-e055-000000000001,"Kilglass, Limerick",34,119,70,163,6,15,1,1,0,0,1,2,7,18,119,318
Limerick County,2ae19629-17a3-13a3-e055-000000000001,"Kilmallock, Limerick",205,676,351,730,132,344,128,310,4,6,30,62,97,195,947,2323
Limerick County,2ae19629-17a4-13a3-e055-000000000001,"Kilmeedy, Limerick",35,139,67,165,5,12,3,9,12,34,5,10,6,9,133,378
Limerick County,2ae19629-17a5-13a3-e055-000000000001,"Kilmoylan, Limerick",37,120,109,244,3,5,2,6,0,0,6,12,7,16,164,403
Limerick County,2ae19629-17b1-13a3-e055-000000000001,"Kilmurry, Limerick",119,441,165,413,6,11,0,0,0,0,5,8,8,28,303,901
Limerick County,2ae19629-17b2-13a3-e055-000000000001,"Kilpeacon, Limerick",73,281,102,248,7,15,0,0,0,0,4,8,5,12,191,564
Limerick County,2ae19629-17ba-13a3-e055-000000000001,"Kilscannell, Limerick",52,183,110,294,13,30,2,3,0,0,3,5,5,22,185,537
Limerick County,2ae19629-17bb-13a3-e055-000000000001,"Kilteely, Limerick",69,251,90,237,11,29,24,57,17,21,6,17,4,6,221,618
Limerick County,2ae19629-17bc-13a3-e055-000000000001,"Knockaderry, Limerick",52,203,95,267,12,31,1,6,0,0,9,18,7,14,176,539
Limerick County,2ae19629-17bd-13a3-e055-000000000001,"Knockainy, Limerick",91,320,145,366,23,62,3,9,0,0,12,22,4,13,278,792
Limerick County,2ae19629-17be-13a3-e055-000000000001,"Knocklong, Limerick",104,362,170,401,18,48,22,57,10,14,13,29,10,21,347,932
Limerick County,2ae19629-17bf-13a3-e055-000000000001,"Knocknascrow, Limerick",25,107,40,106,6,16,1,3,0,0,3,7,1,5,76,244
Limerick City,2ae19629-17c1-13a3-e055-000000000001,"Limerick South Rural, Limerick",345,1125,132,319,49,137,32,112,19,62,4,13,133,415,714,2183
Limerick County,2ae19629-17c2-13a3-e055-000000000001,"Lismakeery, Limerick",62,216,93,221,3,10,1,1,0,0,1,1,4,14,164,463
Limerick County,2ae19629-17c3-13a3-e055-000000000001,"Loghill, Limerick",55,179,131,288,14,34,29,85,2,5,13,21,8,18,252,630
Limerick County,2ae19629-17c4-13a3-e055-000000000001,"Mahoonagh, Limerick",56,196,105,272,12,39,7,22,2,7,3,4,2,6,187,546
Limerick County,fbd773f9-3255-4b44-ade1-02facf2621f8,"Mohernagh/Dunmoylan West, Limerick",11,39,58,147,2,3,0,0,0,0,2,5,1,1,74,195
Limerick County,2ae19629-17c6-13a3-e055-000000000001,"Monagay, Limerick",150,531,217,528,29,75,15,47,0,0,16,40,17,43,444,1264
Limerick County,2ae19629-17c7-13a3-e055-000000000001,"Mountcollins, Limerick",35,118,130,267,11,21,23,51,0,0,11,19,10,17,220,493
Limerick County,2ae19629-17b3-13a3-e055-000000000001,"Mountplummer, Limerick",38,154,66,185,8,22,0,0,0,0,7,12,5,11,124,384
Limerick County,2ae19629-17b4-13a3-e055-000000000001,"Nantinan, Limerick",84,292,141,368,6,18,3,6,0,0,7,16,13,38,254,738
Limerick County,2ae19629-17b5-13a3-e055-000000000001,"Newcastle Rural, Limerick",243,770,331,780,229,664,10,38,17,56,11,28,34,99,875,2435
Limerick County,2ae19629-17b6-13a3-e055-000000000001,"Newcastle Urban, Limerick",458,1356,605,1219,637,1758,247,707,68,122,34,57,62,153,2111,5372
Limerick County,2ae19629-17b7-13a3-e055-000000000001,"Oola, Limerick",109,397,231,508,49,132,17,34,0,0,10,26,10,19,426,1116
Limerick County,2ae19629-17b8-13a3-e055-000000000001,"Pallaskenry, Limerick",119,434,175,427,36,104,41,91,4,15,7,9,9,27,391,1107
Limerick County,2ae19629-17b9-13a3-e055-000000000001,"Particles, Limerick",29,110,40,82,7,16,1,4,0,0,5,8,2,5,84,225
Limerick County,2ae19629-17d0-13a3-e055-000000000001,"Patrickswell, Limerick",132,489,285,643,44,133,45,129,2,9,12,30,22,58,542,1491
Limerick County,2ae19629-17d1-13a3-e055-000000000001,"Port, Limerick",45,164,124,277,15,31,3,11,1,4,2,4,3,13,193,504
Limerick County,2ae19629-17d2-13a3-e055-000000000001,"Rathkeale Rural, Limerick",17,64,81,206,6,20,1,3,0,0,1,1,7,21,113,315
Limerick County,2ae19629-17d3-13a3-e055-000000000001,"Rathkeale Urban, Limerick",56,198,227,536,66,150,126,361,8,9,8,16,34,80,525,1350
Limerick County,2ae19629-17d4-13a3-e055-000000000001,"Rathmore, Limerick",26,105,59,161,4,8,3,12,0,0,4,8,4,12,100,306
Limerick County,2ae19629-17d5-13a3-e055-000000000001,"Rathronan, Limerick",80,273,204,490,24,82,23,53,4,4,15,23,10,19,360,944
Limerick County,2ae19629-17d6-13a3-e055-000000000001,"Riddlestown, Limerick",82,305,105,263,7,15,1,1,0,0,3,12,2,4,200,600
Limerick County,2ae19629-17d7-13a3-e055-000000000001,"Riversdale, Limerick",28,100,52,134,13,34,0,0,0,0,2,2,2,5,97,275
Limerick County,2ae19629-17d8-13a3-e055-000000000001,"Rockhill, Limerick",31,111,74,187,9,23,1,5,0,0,6,8,3,6,124,340
Limerick County,2ae19629-17d9-13a3-e055-000000000001,"Rooskagh, Limerick",29,105,68,160,2,3,1,1,0,0,4,8,1,2,105,279
Limerick City,2ae19629-17da-13a3-e055-000000000001,"Roxborough, Limerick",155,598,326,847,22,66,1,1,0,0,12,23,25,71,541,1606
Limerick County,2ae19629-17db-13a3-e055-000000000001,"Shanagolden, Limerick",94,298,195,409,38,85,30,67,0,0,8,12,5,8,370,879
Limerick County,2ae19629-17dc-13a3-e055-000000000001,"Shanid, Limerick",65,241,118,250,14,35,1,4,0,0,2,5,7,16,207,551
Limerick County,2ae19629-17c8-13a3-e055-000000000001,"Templebredon, Limerick",65,230,112,313,10,30,1,3,0,0,6,15,3,6,197,597
Limerick County,2ae19629-17c9-13a3-e055-000000000001,"Templeglentan, Limerick",99,357,196,488,15,34,18,39,1,2,9,17,12,37,350,974
Limerick County,2ae19629-17ca-13a3-e055-000000000001,"Tobernea, Limerick",72,269,137,351,10,25,2,5,0,0,7,22,8,20,236,692
Limerick County,2ae19629-17cb-13a3-e055-000000000001,"Uregare, Limerick",76,295,119,291,9,25,3,5,0,0,10,23,5,15,222,654
Tipperary North,2ae19629-19fd-13a3-e055-000000000001,"Abington, Tipperary",73,254,101,251,8,20,19,45,0,0,2,2,27,64,230,636
Tipperary North,2ae19629-19fe-13a3-e055-000000000001,"Aghnameadle, Tipperary",30,136,58,170,3,6,1,3,0,0,3,7,7,22,102,344
Tipperary North,2ae19629-19ff-13a3-e055-000000000001,"Aglishcloghane, Tipperary",29,88,59,127,6,21,4,10,0,0,4,7,5,10,107,263
Tipperary North,2ae19629-1a0c-13a3-e055-000000000001,"Ardcrony, Tipperary",55,201,95,240,7,16,12,37,2,4,5,8,13,43,189,549
Tipperary North,2ae19629-1a21-13a3-e055-000000000001,"Ballina, Tipperary",437,1494,400,1035,167,475,63,193,3,5,18,36,70,176,1158,3414
Tipperary North,2ae19629-1a2b-13a3-e055-000000000001,"Ballingarry, Tipperary, 217011",49,166,120,298,13,23,11,24,0,0,10,27,11,28,214,566
Tipperary North,2ae19629-1a2d-13a3-e055-000000000001,"Ballycahill, Tipperary",45,162,88,214,9,23,1,4,0,0,4,4,6,13,153,420
Tipperary North,2ae19629-198d-13a3-e055-000000000001,"Ballygibbon, Tipperary",81,305,120,289,14,30,0,0,0,0,10,20,11,25,236,669
Tipperary North,2ae19629-1998-13a3-e055-000000000001,"Ballylusky, Tipperary",52,196,53,123,3,10,2,7,0,0,3,4,10,31,123,371
Tipperary North,2ae19629-1999-13a3-e055-000000000001,"Ballymackey, Tipperary",78,267,104,263,10,28,3,6,0,0,4,5,8,24,207,593
Tipperary South,2ae19629-1bf8-13a3-e055-000000000001,"Ballymurreen, Tipperary",18,58,54,141,2,5,2,2,0,0,3,9,5,13,84,228
Tipperary North,2ae19629-1bf9-13a3-e055-000000000001,"Ballynaclogh, Tipperary",85,310,155,384,17,39,3,9,1,2,6,9,5,15,272,768
Tipperary North,2ae19629-1c10-13a3-e055-000000000001,"Birdhill, Tipperary",82,320,133,345,20,47,1,4,0,0,6,13,8,17,250,746
Tipperary North,2ae19629-1c11-13a3-e055-000000000001,"Borrisnafarney, Tipperary",34,145,52,145,1,2,1,2,0,0,0,0,9,22,97,316
Tipperary North,2ae19629-1c1a-13a3-e055-000000000001,"Borrisnoe, Tipperary",19,81,20,49,0,0,0,0,0,0,1,2,0,0,40,132
Tipperary North,2ae19629-1c1b-13a3-e055-000000000001,"Borrisokane, Tipperary",112,379,217,474,63,150,105,278,2,7,22,74,33,94,554,1456
Tipperary North,2ae19629-1c1c-13a3-e055-000000000001,"Borrisoleigh, Tipperary",122,392,216,507,52,139,55,126,2,3,15,31,25,59,487,1257
Tipperary North,2ae19629-1c25-13a3-e055-000000000001,"Bourney East, Tipperary",35,127,56,133,7,13,1,2,0,0,5,16,7,14,111,305
Tipperary North,2ae19629-1c26-13a3-e055-000000000001,"Bourney West, Tipperary",37,148,90,221,7,18,8,21,0,0,2,3,2,7,146,418
Tipperary North,2ae19629-1c30-13a3-e055-000000000001,"Burgesbeg, Tipperary",44,173,89,247,9,25,1,3,0,0,1,1,17,43,161,492
Tipperary North,2ae19629-1c47-13a3-e055-000000000001,"Carrig, Tipperary",18,67,45,105,4,13,0,0,0,0,2,2,1,6,70,193
Tipperary North,2ae19629-1c48-13a3-e055-000000000001,"Carrigatogher, Tipperary",68,260,138,350,18,51,0,0,0,0,1,1,15,42,240,704
Tipperary North,2ae19629-1c55-13a3-e055-000000000001,"Castletown, Tipperary",170,576,261,620,55,142,47,124,0,0,16,38,9,35,558,1535
Tipperary North,2ae19629-1c68-13a3-e055-000000000001,"Cloghjordan, Tipperary",117,368,202,434,66,180,50,124,1,5,9,19,16,43,461,1173
Tipperary North,2ae19629-1c69-13a3-e055-000000000001,"Cloghprior, Tipperary",39,130,55,159,4,12,1,2,0,0,5,19,2,3,106,325
Tipperary North,2ae19629-1c6a-13a3-e055-000000000001,"Clohaskin, Tipperary",25,99,50,120,5,11,1,1,0,0,2,3,5,16,88,250
Tipperary North,2ae19629-1bf2-13a3-e055-000000000001,"Derrycastle, Tipperary",52,177,86,244,5,13,0,0,0,0,2,3,25,60,170,497
Tipperary North,2ae19629-1bfc-13a3-e055-000000000001,"Dolla, Tipperary",20,66,39,102,4,13,0,0,0,0,3,3,12,29,78,213
Tipperary North,2ae19629-1c06-13a3-e055-000000000001,"Drom, Tipperary",142,512,204,551,24,82,5,12,0,0,11,18,14,39,400,1214
Tipperary North,2ae19629-1c14-13a3-e055-000000000001,"Finnoe, Tipperary",18,69,40,111,4,11,3,7,0,0,3,5,2,4,70,207
Tipperary North,2ae19629-1c1d-13a3-e055-000000000001,"Foilnaman, Tipperary",38,130,64,177,3,11,2,2,9,19,2,3,7,24,125,366
Tipperary North,2ae19629-1c33-13a3-e055-000000000001,"Glenkeen, Tipperary",58,211,93,224,4,12,1,2,0,0,1,1,8,24,165,474
Tipperary North,2ae19629-1c3f-13a3-e055-000000000001,"Gortkelly, Tipperary",62,242,108,274,8,29,2,10,1,2,3,4,14,37,198,598
Tipperary North,2ae19629-1c41-13a3-e055-000000000001,"Graigue, Tipperary, 217084",31,116,49,118,7,22,8,14,1,3,0,0,3,7,99,280
Tipperary North,2ae19629-1c56-13a3-e055-000000000001,"Holycross, Tipperary",162,578,276,688,27,61,14,42,33,36,13,21,5,10,530,1436
Tipperary North,2ae19629-1c57-13a3-e055-000000000001,"Inch, Tipperary",31,113,89,211,7,17,9,29,0,0,3,9,9,23,148,402
Tipperary North,2ae19629-1c60-13a3-e055-000000000001,"Kilbarron, Tipperary",56,165,148,351,19,51,5,11,0,0,3,6,15,36,246,620
Tipperary North,2ae19629-1c6b-13a3-e055-000000000001,"Kilcomenty, Tipperary",95,344,125,342,19,49,1,2,0,0,4,8,3,8,247,753
Tipperary North,2ae19629-1c82-13a3-e055-000000000001,"Kilkeary, Tipperary",84,288,119,320,12,30,0,0,0,0,8,16,7,16,230,670
Tipperary North,2ae19629-1c85-13a3-e055-000000000001,"Killavinoge, Tipperary",58,214,69,190,12,37,5,15,0,0,2,2,5,17,151,475
Tipperary North,2ae19629-1c8f-13a3-e055-000000000001,"Killea, Tipperary",41,145,67,169,6,13,2,3,0,0,1,2,14,37,131,369
Tipperary North,2ae19629-1be9-13a3-e055-000000000001,"Killoscully, Tipperary",68,259,76,189,12,28,0,0,0,0,2,3,12,32,170,511
Tipperary North,2ae19629-1bea-13a3-e055-000000000001,"Kilmore, Tipperary",66,235,125,326,12,26,35,88,0,0,4,6,17,35,259,716
Tipperary North,2ae19629-1bfe-13a3-e055-000000000001,"Kilnaneave, Tipperary",46,168,105,264,3,8,6,13,0,0,7,10,5,10,172,473
Tipperary North,2ae19629-1bff-13a3-e055-000000000001,"Kilnarath, Tipperary",37,144,74,194,6,14,2,2,0,0,5,8,5,10,129,372
Tipperary North,2ae19629-1c0a-13a3-e055-000000000001,"Kilrush, Tipperary",68,266,99,245,6,18,1,2,0,0,4,9,6,22,184,562
Tipperary North,2ae19629-1c20-13a3-e055-000000000001,"Knigh, Tipperary",74,281,153,387,29,80,9,21,0,0,8,18,5,16,278,803
Tipperary North,92a3af93-8212-46b6-9978-852f51bdf3c6,"Lackagh/Greenhall, Tipperary",55,201,64,157,9,28,1,3,0,0,2,4,11,31,142,424
Tipperary North,2ae19629-1c2c-13a3-e055-000000000001,"Latteragh, Tipperary",58,209,133,291,14,31,50,110,0,0,6,10,14,34,275,685
Tipperary North,2ae19629-1c37-13a3-e055-000000000001,"Littleton, Tipperary",83,281,196,490,21,52,50,163,0,0,4,16,22,59,376,1061
Tipperary North,2ae19629-1c42-13a3-e055-000000000001,"Longfordpass, Tipperary",36,130,58,160,6,17,0,0,0,0,2,3,4,9,106,319
Tipperary North,2ae19629-1c43-13a3-e055-000000000001,"Lorrha East, Tipperary",14,51,68,157,4,10,16,48,1,2,7,14,7,20,117,302
Tipperary North,2ae19629-1c44-13a3-e055-000000000001,"Lorrha West, Tipperary",28,104,76,181,10,24,1,2,0,0,3,4,5,9,123,324
Tipperary North,2ae19629-1c4b-13a3-e055-000000000001,"Loughmore, Tipperary",65,249,134,333,7,18,5,15,0,0,8,14,11,30,230,659
Tipperary North,2ae19629-1c4d-13a3-e055-000000000001,"Mertonhall, Tipperary",16,67,35,88,4,11,1,5,0,0,4,6,6,17,66,194
Tipperary North,2ae19629-1c59-13a3-e055-000000000001,"Monsea, Tipperary",77,276,137,333,20,53,1,2,0,0,4,9,13,33,252,706
Tipperary North,2ae19629-1c62-13a3-e055-000000000001,"Moyaliff, Tipperary",41,143,83,198,5,17,2,7,5,10,5,9,10,31,151,415
Tipperary North,2ae19629-1c63-13a3-e055-000000000001,"Moycarky, Tipperary",48,177,108,275,8,26,6,19,0,0,4,8,13,31,187,536
Tipperary North,2ae19629-1c64-13a3-e055-000000000001,"Moyne, Tipperary",59,221,89,234,13,34,4,6,5,10,11,22,2,3,183,530
Tipperary North,2ae19629-1c51-13a3-e055-000000000001,"Nenagh East Urban, Tipperary",276,861,353,708,382,1045,170,459,101,244,14,30,29,78,1325,3425
Tipperary North,2ae19629-1c6f-13a3-e055-000000000001,"Nenagh Rural, Tipperary",227,790,380,930,41,126,9,39,1,3,14,26,19,58,691,1972
Tipperary North,2ae19629-1c70-13a3-e055-000000000001,"Nenagh West Urban, Tipperary",555,1595,743,1505,608,1713,279,720,101,163,28,59,75,162,2389,5917
Tipperary North,2ae19629-1c7a-13a3-e055-000000000001,"Newport, Tipperary",470,1669,300,700,120,321,112,315,1,4,12,19,42,100,1057,3128
Tipperary North,2ae19629-1c93-13a3-e055-000000000001,"Rahelty, Tipperary",84,328,136,355,10,25,2,9,1,3,7,18,13,43,253,781
Tipperary North,2ae19629-1c94-13a3-e055-000000000001,"Rathcabban, Tipperary",30,116,52,123,8,31,10,28,0,0,6,14,3,7,109,319
Tipperary North,2ae19629-1bec-13a3-e055-000000000001,"Rathnaveoge, Tipperary",30,108,47,111,3,6,0,0,0,0,3,7,5,10,88,242
Tipperary North,2ae19629-1bed-13a3-e055-000000000001,"Redwood, Tipperary",13,42,30,64,2,9,1,3,0,0,1,3,2,4,49,125
Tipperary North,2ae19629-1bf5-13a3-e055-000000000001,"Riverstown, Tipperary",69,256,110,256,18,52,8,22,1,2,4,10,4,12,214,610
Tipperary North,2ae19629-1bf7-13a3-e055-000000000001,"Roscrea, Tipperary",560,1806,843,1829,470,1330,366,1056,50,154,49,99,92,248,2430,6522
Tipperary North,2ae19629-1c02-13a3-e055-000000000001,"Templederry, Tipperary",11,30,35,71,2,5,0,0,0,0,1,1,3,10,52,117
Tipperary North,2ae19629-1c0b-13a3-e055-000000000001,"Templemore, Tipperary",131,376,324,657,150,356,171,481,16,34,9,14,28,70,829,1988
Tipperary North,2ae19629-1c0d-13a3-e055-000000000001,"Templetouhy, Tipperary",74,279,179,384,16,40,31,83,3,4,6,11,11,21,320,822
Tipperary North,2ae19629-1c0e-13a3-e055-000000000001,"Terryglass, Tipperary",68,211,115,270,18,38,0,0,0,0,6,13,13,34,220,566
Tipperary North,2ae19629-1c18-13a3-e055-000000000001,"Thurles Rural, Tipperary",268,867,402,981,118,353,17,61,1,2,12,27,32,78,850,2369
Tipperary North,2ae19629-1c19-13a3-e055-000000000001,"Thurles Urban, Tipperary",525,1484,1094,2092,611,1480,460,1205,84,175,60,101,90,189,2924,6726
Tipperary North,2ae19629-1c21-13a3-e055-000000000001,"Timoney, Tipperary",51,184,71,179,4,10,1,3,0,0,4,9,5,15,136,400
Tipperary North,2ae19629-1c3a-13a3-e055-000000000001,"Two-Mile-Borris, Tipperary",91,317,123,334,16,48,19,56,0,0,7,19,17,51,273,825
Tipperary North,2ae19629-1c45-13a3-e055-000000000001,"Upperchurch, Tipperary",33,116,66,157,6,18,2,2,3,3,2,2,3,7,115,305
Tipperary North,2ae19629-1c46-13a3-e055-000000000001,"Uskane, Tipperary",23,88,53,139,0,0,1,3,0,0,2,4,6,17,85,251
Tipperary North,2ae19629-1c4e-13a3-e055-000000000001,"Youghalarra, Tipperary",125,448,162,398,27,80,1,4,2,6,6,14,22,61,345,1011
Tipperary South,2ae19629-1a0b-13a3-e055-000000000001,"Anner, Tipperary",45,159,70,190,5,14,2,5,0,0,6,14,6,17,134,399
Tipperary South,2ae19629-1a14-13a3-e055-000000000001,"Ardfinnan, Tipperary",154,509,197,432,36,92,40,92,0,0,8,15,18,41,453,1181
Tipperary South,2ae19629-1a15-13a3-e055-000000000001,"Ardmayle, Tipperary",76,260,105,271,13,30,26,78,0,0,11,19,8,12,239,670
Tipperary South,2ae19629-1a20-13a3-e055-000000000001,"Ardsallagh, Tipperary",49,183,81,194,18,54,0,0,1,2,6,15,12,35,167,483
Tipperary South,2ae19629-1a22-13a3-e055-000000000001,"Ballingarry, Tipperary, 217010",65,242,149,369,12,30,28,86,0,0,8,21,8,21,270,769
Tipperary South,2ae19629-1a2c-13a3-e055-000000000001,"Ballybacon, Tipperary",55,222,86,217,11,23,0,0,0,0,5,7,7,25,164,494
Tipperary South,2ae19629-1a37-13a3-e055-000000000001,"Ballycarron, Tipperary",51,195,53,125,11,28,0,0,0,0,2,2,0,0,117,350
Tipperary South,2ae19629-1a38-13a3-e055-000000000001,"Ballyclerahan, Tipperary",162,551,132,331,40,105,14,36,4,8,4,5,11,32,367,1068
Tipperary South,2ae19629-198e-13a3-e055-000000000001,"Ballygriffin, Tipperary",27,100,53,135,3,8,1,3,1,2,1,2,7,19,93,269
Tipperary South,2ae19629-198f-13a3-e055-000000000001,"Ballykisteen, Tipperary",83,283,148,335,67,161,11,33,8,18,9,16,16,33,342,879
Tipperary South,2ae19629-1bfa-13a3-e055-000000000001,"Ballyphilip, Tipperary",44,153,77,196,7,13,6,15,0,0,7,10,3,11,144,398
Tipperary South,2ae19629-1c03-13a3-e055-000000000001,"Ballyporeen, Tipperary",89,326,193,453,22,55,34,69,0,0,5,14,19,48,362,965
Tipperary South,2ae19629-1c04-13a3-e055-000000000001,"Ballysheehan, Tipperary",54,222,92,214,12,30,0,0,0,0,3,7,13,33,174,506
Tipperary South,2ae19629-1c0f-13a3-e055-000000000001,"Bansha, Tipperary",77,262,174,400,38,96,27,64,0,0,9,20,11,25,336,867
Tipperary South,2ae19629-1c27-13a3-e055-000000000001,"Bruis, Tipperary",40,141,57,145,12,34,0,0,0,0,5,9,2,2,116,331
Tipperary North,2ae19629-1c2f-13a3-e055-000000000001,"Buolick, Tipperary",65,215,114,283,13,33,50,130,1,2,5,10,10,27,258,700
Tipperary South,2ae19629-1c31-13a3-e055-000000000001,"Burncourt, Tipperary",52,185,92,227,14,37,13,18,0,0,4,9,2,2,177,478
Tipperary South,2ae19629-1c32-13a3-e055-000000000001,"Caher, Tipperary",72,243,235,516,130,330,17,26,0,0,10,17,19,38,483,1170
Tipperary North,2ae19629-1c3b-13a3-e055-000000000001,"Cappagh, Tipperary",122,445,154,329,36,107,39,77,0,0,12,28,7,19,370,1005
Tipperary South,2ae19629-1c3c-13a3-e055-000000000001,"Carrick-On-Suir Rural, Tipperary",58,218,100,246,12,36,2,5,0,0,2,3,8,18,182,526
Tipperary South,2ae19629-1c3d-13a3-e055-000000000001,"Carrick-On-Suir Urban, Tipperary",374,1160,595,1234,301,723,314,762,84,189,55,155,85,201,1808,4424
Tipperary South,2ae19629-1c3e-13a3-e055-000000000001,"Carrickbeg Urban, Tipperary",142,483,244,489,97,233,92,211,8,12,11,23,14,24,608,1475
Tipperary South,2ae19629-1c53-13a3-e055-000000000001,"Cashel Rural, Tipperary",270,931,339,804,208,678,87,310,57,103,17,34,52,167,1030,3027
Tipperary South,2ae19629-1c54-13a3-e055-000000000001,"Cashel Urban, Tipperary",144,429,308,597,284,727,171,415,40,115,14,24,78,168,1039,2475
Tipperary South,2ae19629-1c5d-13a3-e055-000000000001,"Clogheen, Tipperary",80,271,192,423,47,124,42,94,0,0,14,25,33,77,408,1014
Tipperary North,2ae19629-1c5e-13a3-e055-000000000001,"Clogher, Tipperary",29,110,47,110,4,10,0,0,0,0,2,5,3,5,85,240
Tipperary South,2ae19629-1c75-13a3-e055-000000000001,"Clonbeg, Tipperary",84,288,155,354,31,76,13,25,0,0,10,16,4,11,297,770
Tipperary South,2ae19629-1c76-13a3-e055-000000000001,"Cloneen, Tipperary",62,237,72,192,11,30,12,33,0,0,6,10,2,4,165,506
Tipperary South,2ae19629-1c50-13a3-e055-000000000001,"Clonmel East Urban, Tipperary",290,903,673,1354,500,1180,137,269,65,162,17,28,118,226,1800,4122
Tipperary South,2ae19629-1c7f-13a3-e055-000000000001,"Clonmel Rural, Tipperary",686,2243,663,1632,370,1112,177,517,33,86,11,18,70,196,2010,5804
Tipperary South,2ae19629-1c80-13a3-e055-000000000001,"Clonmel West Urban, Tipperary",374,1066,954,1910,435,1064,406,979,51,64,43,80,135,309,2398,5472
Tipperary North,2ae19629-1c81-13a3-e055-000000000001,"Clonoulty East, Tipperary",53,181,95,222,19,54,10,29,4,4,8,22,2,7,191,519
Tipperary North,2ae19629-1c8d-13a3-e055-000000000001,"Clonoulty West, Tipperary",74,281,145,345,6,21,6,26,0,0,11,24,5,13,247,710
Tipperary South,2ae19629-1c8e-13a3-e055-000000000001,"Colman, Tipperary",56,211,69,177,13,24,1,4,0,0,10,19,6,23,155,458
Tipperary South,2ae19629-1be6-13a3-e055-000000000001,"Coolagarranroe, Tipperary",72,264,120,307,7,20,2,6,0,0,5,10,8,16,214,623
Tipperary South,2ae19629-1be7-13a3-e055-000000000001,"Cooleagh, Tipperary",62,220,104,247,10,38,18,46,0,0,8,20,7,18,209,589
Tipperary South,2ae19629-1be8-13a3-e055-000000000001,"Crohane, Tipperary",26,98,56,146,6,15,2,7,0,0,2,6,5,11,97,283
Tipperary South,2ae19629-1bf0-13a3-e055-000000000001,"Cullen, Tipperary",29,104,53,120,10,23,6,20,0,0,4,4,8,20,110,291
Tipperary North,2ae19629-1bf1-13a3-e055-000000000001,"Curraheen, Tipperary",28,111,63,148,5,10,0,0,4,4,1,1,3,11,104,285
Tipperary South,2ae19629-1bfb-13a3-e055-000000000001,"Derrygrath, Tipperary",82,321,136,337,14,33,2,10,0,0,6,8,4,10,244,719
Tipperary North,2ae19629-1bfd-13a3-e055-000000000001,"Donohill, Tipperary",61,213,138,330,13,36,7,24,4,9,12,25,6,15,241,652
Tipperary South,2ae19629-1c05-13a3-e055-000000000001,"Drangan, Tipperary",64,240,122,301,9,28,24,77,0,0,7,14,9,25,235,685
Tipperary South,2ae19629-1c07-13a3-e055-000000000001,"Drumwood, Tipperary",76,279,91,242,15,47,2,10,0,0,7,19,6,19,197,616
Tipperary South,2ae19629-1c08-13a3-e055-000000000001,"Emly, Tipperary",61,193,125,290,25,62,28,92,2,8,8,15,8,19,257,679
Tipperary South,2ae19629-1c12-13a3-e055-000000000001,"Farranrory, Tipperary",38,139,86,215,3,4,27,65,0,0,2,6,6,19,162,448
Tipperary North,2ae19629-1c13-13a3-e055-000000000001,"Fennor, Tipperary",57,209,111,277,15,48,2,5,0,0,10,22,5,10,200,571
Tipperary South,2ae19629-1c4f-13a3-e055-000000000001,"Fethard, Tipperary",65,174,172,353,71,157,97,223,7,22,11,23,15,34,438,986
Tipperary North,2ae19629-1c1e-13a3-e055-000000000001,"Gaile, Tipperary",87,291,114,266,30,87,14,50,0,0,6,14,9,17,260,725
Tipperary South,2ae19629-1c28-13a3-e055-000000000001,"Garrangibbon, Tipperary",52,168,129,346,25,63,20,45,1,5,8,17,11,24,246,668
Tipperary North,2ae19629-1c29-13a3-e055-000000000001,"Glengar, Tipperary",21,80,55,136,5,13,3,4,0,0,5,9,3,9,92,251
Tipperary South,2ae19629-1c34-13a3-e055-000000000001,"Golden, Tipperary",86,297,144,340,25,91,29,76,0,0,8,17,21,51,313,872
Tipperary South,2ae19629-1c40-13a3-e055-000000000001,"Graigue, Tipperary, 217083",13,52,28,82,4,6,0,0,0,0,1,2,2,13,48,155
Tipperary South,2ae19629-1c49-13a3-e055-000000000001,"Graystown, Tipperary",41,139,90,204,3,10,8,36,0,0,2,7,10,32,154,428
Tipperary South,2ae19629-1c5f-13a3-e055-000000000001,"Inishlounaght, Tipperary",359,1217,563,1304,188,544,64,188,5,14,17,33,44,102,1240,3402
Tipperary South,2ae19629-1c61-13a3-e055-000000000001,"Kilcash, Tipperary",100,362,129,312,26,62,11,37,0,0,15,32,7,17,288,822
Tipperary South,2ae19629-1c6c-13a3-e055-000000000001,"Kilcommon, Tipperary",148,513,351,769,132,396,123,310,15,40,13,25,95,241,877,2294
Tipperary North,2ae19629-1c6d-13a3-e055-000000000001,"Kilcooly, Tipperary",38,146,56,146,2,3,1,2,0,0,2,2,5,15,104,314
Tipperary South,2ae19629-1c77-13a3-e055-000000000001,"Kilcoran, Tipperary",74,278,97,255,9,20,1,5,0,0,5,9,4,8,190,575
Tipperary South,2ae19629-1c78-13a3-e055-000000000001,"Kilfeakle, Tipperary",47,157,93,247,19,55,5,8,0,0,3,6,8,15,175,488
Tipperary South,2ae19629-1c83-13a3-e055-000000000001,"Killadriffe, Tipperary",55,190,111,275,14,44,3,13,0,0,4,7,6,9,193,538
Tipperary South,2ae19629-1c15-13a3-e055-000000000001,"Killaloan/Kilsheelan, Tipperary",157,528,243,572,67,165,49,115,12,37,17,32,11,21,556,1470
Tipperary South,2ae19629-1c90-13a3-e055-000000000001,"Killeenasteena, Tipperary",63,229,139,358,10,22,2,3,0,0,6,12,6,17,226,641
Tipperary South,2ae19629-1c91-13a3-e055-000000000001,"Killenaule, Tipperary",82,282,217,503,23,60,84,210,30,77,12,16,36,85,484,1233
Tipperary South,2ae19629-1bf3-13a3-e055-000000000001,"Kilmucklin, Tipperary",70,261,97,249,7,18,9,28,1,4,4,8,6,14,194,582
Tipperary South,2ae19629-1bf4-13a3-e055-000000000001,"Kilmurry, Tipperary",53,171,58,138,2,5,9,21,0,0,7,17,4,8,133,360
Tipperary South,2ae19629-1c09-13a3-e055-000000000001,"Kilpatrick, Tipperary",98,353,174,404,60,145,21,63,0,0,12,29,10,25,375,1019
Tipperary South,2ae19629-1c16-13a3-e055-000000000001,"Kiltinan, Tipperary",32,103,54,132,11,16,3,5,0,0,7,14,9,21,116,291
Tipperary South,2ae19629-1c1f-13a3-e055-000000000001,"Kilvemnon, Tipperary",53,187,84,202,10,26,2,6,0,0,3,7,3,13,155,441
Tipperary South,2ae19629-1c2a-13a3-e055-000000000001,"Knockgraffon, Tipperary",91,316,142,344,15,51,11,32,0,0,8,14,4,15,271,772
Tipperary South,2ae19629-1c35-13a3-e055-000000000001,"Lattin, Tipperary",54,191,99,242,12,31,15,30,1,3,6,14,9,19,196,530
Tipperary South,2ae19629-1c36-13a3-e055-000000000001,"Lisronagh, Tipperary",115,384,119,308,17,46,47,131,0,0,5,13,10,23,313,905
Tipperary South,2ae19629-1c4c-13a3-e055-000000000001,"Magorban, Tipperary",88,315,90,243,34,70,4,11,1,2,15,34,9,24,241,699
Tipperary South,2ae19629-1c58-13a3-e055-000000000001,"Modeshil, Tipperary",42,170,69,163,8,24,1,3,0,0,8,18,2,5,130,383
Tipperary South,2ae19629-1c5a-13a3-e055-000000000001,"Mortlestown, Tipperary",171,591,170,423,123,394,65,200,4,10,11,19,23,59,567,1696
Tipperary South,2ae19629-1c6e-13a3-e055-000000000001,"Mullinahone, Tipperary",87,309,131,306,38,101,56,138,4,9,5,12,7,14,328,889
Tipperary South,2ae19629-1c71-13a3-e055-000000000001,"New Birmingham, Tipperary",39,134,75,167,8,18,32,85,0,0,5,12,12,28,171,444
Tipperary South,2ae19629-1c79-13a3-e055-000000000001,"Newcastle, Tipperary",77,264,103,270,25,64,32,79,14,16,4,10,7,20,262,723
Tipperary South,2ae19629-1c86-13a3-e055-000000000001,"Newtown, Tipperary",36,122,76,159,15,37,14,40,0,0,5,14,12,33,158,405
Tipperary South,2ae19629-1c87-13a3-e055-000000000001,"Nodstown, Tipperary",78,293,93,236,14,39,2,3,0,0,9,20,13,29,209,620
Tipperary South,2ae19629-1c88-13a3-e055-000000000001,"Oughterleague, Tipperary",54,215,95,220,11,35,15,41,0,0,9,18,5,16,189,545
Tipperary South,2ae19629-1c89-13a3-e055-000000000001,"Peppardstown, Tipperary",128,427,210,475,61,157,75,236,16,44,32,70,12,35,534,1444
Tipperary South,2ae19629-1c92-13a3-e055-000000000001,"Poyntstown, Tipperary",13,38,38,85,0,0,6,14,0,0,1,1,7,17,65,155
Tipperary South,2ae19629-1beb-13a3-e055-000000000001,"Rathlynin, Tipperary",46,164,57,177,8,29,4,5,0,0,6,13,4,5,125,393
Tipperary South,2ae19629-1bf6-13a3-e055-000000000001,"Rodus, Tipperary",26,88,58,155,6,18,1,1,0,0,2,5,4,8,97,275
Tipperary South,2ae19629-1c00-13a3-e055-000000000001,"Shronell, Tipperary",39,131,76,196,7,18,3,3,0,0,6,9,3,5,134,362
Tipperary South,2ae19629-1c01-13a3-e055-000000000001,"Solloghodbeg, Tipperary",29,112,51,109,3,9,0,0,0,0,3,7,4,9,90,246
Tipperary South,2ae19629-1c0c-13a3-e055-000000000001,"Templeneiry, Tipperary",44,159,93,231,13,42,6,12,0,0,1,1,5,19,162,464
Tipperary South,2ae19629-1c17-13a3-e055-000000000001,"Thomastown, Tipperary",38,138,77,190,12,25,6,13,0,0,2,6,11,27,146,399
Tipperary South,2ae19629-1c22-13a3-e055-000000000001,"Tipperary East Urban, Tipperary",144,409,359,697,185,422,291,754,25,45,18,30,58,106,1080,2463
Tipperary South,2ae19629-1c23-13a3-e055-000000000001,"Tipperary Rural, Tipperary",186,631,378,900,132,340,70,196,3,8,16,24,27,60,812,2159
Tipperary South,2ae19629-1c24-13a3-e055-000000000001,"Tipperary West Urban, Tipperary",162,482,327,600,226,526,100,249,36,87,22,45,20,34,893,2023
Tipperary South,2ae19629-1c2d-13a3-e055-000000000001,"Tubbrid, Tipperary",82,299,104,245,8,23,8,25,0,0,5,7,17,48,224,647
Tipperary South,2ae19629-1c2e-13a3-e055-000000000001,"Tullaghmelan, Tipperary",119,424,162,406,48,115,29,70,22,55,9,16,10,17,399,1103
Tipperary South,2ae19629-1c38-13a3-e055-000000000001,"Tullaghorton, Tipperary",35,118,58,139,6,15,1,5,1,1,2,4,5,14,108,296
Tipperary South,2ae19629-1c39-13a3-e055-000000000001,"Tullamain, Tipperary",70,254,104,233,38,122,11,25,10,27,9,22,8,20,250,703
Waterford,2ae19629-1b7e-13a3-e055-000000000001,"Ballybeg North, Waterford",168,513,190,409,107,321,514,1446,17,54,9,24,35,92,1040,2859
Waterford,52b67420-9925-451f-8d49-872af209226e,"Ballybeg South/Ballynaneashagh, Waterford",21,84,38,83,4,15,7,35,2,8,1,2,11,38,84,265
Waterford,2ae19629-1b80-13a3-e055-000000000001,"Ballybricken, Waterford",5,6,20,43,32,65,8,15,2,2,2,4,16,36,85,171
Waterford,2ae19629-1b81-13a3-e055-000000000001,"Ballymaclode, Waterford",137,493,233,549,37,117,3,8,1,5,4,9,15,42,430,1223
Waterford,2ae19629-1b82-13a3-e055-000000000001,"Ballynakill, Waterford, 228005",193,662,333,706,114,295,8,25,2,7,10,16,16,40,676,1751
Waterford,2ae19629-1b8e-13a3-e055-000000000001,"Ballytruckle, Waterford",820,2662,442,1033,214,647,399,1166,264,751,37,88,88,239,2264,6586
Waterford,2ae19629-1b8f-13a3-e055-000000000001,"Bilberry, Waterford",40,133,80,139,162,348,40,76,7,14,6,11,63,164,398,885
Waterford,2ae19629-1b90-13a3-e055-000000000001,"Centre A, Waterford",16,33,44,77,183,397,47,97,12,23,1,2,74,153,377,782
Waterford,2ae19629-1b91-13a3-e055-000000000001,"Centre B, Waterford",2,3,31,44,71,161,31,56,2,2,1,1,10,21,148,288
Waterford,2ae19629-1b92-13a3-e055-000000000001,"Cleaboy, Waterford",309,1017,423,943,131,377,77,213,4,11,7,18,23,63,974,2642
Waterford,2ae19629-1b93-13a3-e055-000000000001,"Custom House A, Waterford",7,17,21,32,105,191,30,52,18,27,2,7,5,8,188,334
Waterford,2ae19629-1b94-13a3-e055-000000000001,"Custom House B, Waterford",3,5,2,3,99,164,20,43,15,15,2,2,16,35,157,267
Waterford,2ae19629-1b95-13a3-e055-000000000001,"Farranshoneen, Waterford",775,2538,850,1873,396,1221,67,234,28,87,23,40,42,102,2181,6095
Waterford,2ae19629-1b96-13a3-e055-000000000001,"Ferrybank, Waterford",80,238,198,349,54,123,45,109,8,18,9,14,11,18,405,869
Waterford,2ae19629-1ba2-13a3-e055-000000000001,"Gracedieu, Waterford",160,525,90,211,142,375,230,663,34,105,4,11,73,215,733,2105
Waterford,2ae19629-1bc0-13a3-e055-000000000001,"Grange North, Waterford",73,208,150,282,44,120,82,207,4,8,8,11,27,51,388,887
Waterford,2ae19629-1ba3-13a3-e055-000000000001,"Grange South, Waterford",330,1040,242,557,160,462,332,928,13,30,11,19,52,130,1140,3166
Waterford,2ae19629-1ba4-13a3-e055-000000000001,"Grange Upper, Waterford",267,887,263,554,248,773,83,219,7,24,8,12,33,80,909,2549
Waterford,2ae19629-1ba5-13a3-e055-000000000001,"Kilbarry, Waterford, 228019",328,994,68,172,285,853,114,390,40,105,4,4,85,230,924,2748
Waterford,2ae19629-1ba6-13a3-e055-000000000001,"Kingsmeadow, Waterford",70,183,186,345,138,286,64,149,74,114,5,5,53,111,590,1193
Waterford,2ae19629-1ba7-13a3-e055-000000000001,"Larchville, Waterford",44,138,107,207,46,118,188,442,5,11,4,6,30,80,424,1002
Waterford,2ae19629-1ba8-13a3-e055-000000000001,"Lisduggan, Waterford",52,141,188,337,40,129,134,356,9,15,1,3,11,19,435,1000
Waterford,2ae19629-1ba9-13a3-e055-000000000001,"Military Road, Waterford",84,199,171,328,56,127,57,108,32,42,5,10,17,34,422,848
Waterford,2ae19629-1baa-13a3-e055-000000000001,"Morrisson's Avenue East, Waterford",43,100,87,151,103,246,51,100,10,17,3,8,14,31,311,653
Waterford,2ae19629-1bab-13a3-e055-000000000001,"Morrisson's Avenue West, Waterford",26,75,56,108,11,27,26,60,1,4,4,7,4,9,128,290
Waterford,2ae19629-1bac-13a3-e055-000000000001,"Morrisson's Road, Waterford",34,69,82,136,51,102,102,167,4,8,5,7,10,25,288,514
Waterford,2ae19629-1bad-13a3-e055-000000000001,"Mount Sion, Waterford",29,67,69,130,212,536,133,254,23,29,3,6,49,96,518,1118
Waterford,2ae19629-1bae-13a3-e055-000000000001,"Newport's Square, Waterford",33,70,73,141,58,127,85,173,7,17,3,3,11,19,270,550
Waterford,2ae19629-1baf-13a3-e055-000000000001,"Newtown, Waterford, 228029",87,262,235,443,57,115,14,19,10,15,11,32,9,21,423,907
Waterford,2ae19629-1bb8-13a3-e055-000000000001,"Park, Waterford",50,138,109,219,429,879,52,109,11,17,8,10,66,126,725,1498
Waterford,2ae19629-1bb9-13a3-e055-000000000001,"Poleberry, Waterford",56,155,153,280,380,759,97,154,49,62,11,17,58,101,804,1528
Waterford,2ae19629-1bba-13a3-e055-000000000001,"Roanmore, Waterford",55,155,115,224,33,67,130,310,2,4,5,9,14,23,354,792
Waterford,2ae19629-1bbb-13a3-e055-000000000001,"Shortcourse, Waterford",13,30,28,53,77,161,46,64,8,11,4,4,17,32,193,355
Waterford,2ae19629-1bbc-13a3-e055-000000000001,"Slievekeale, Waterford",53,132,154,278,46,101,61,138,9,10,4,6,14,28,341,693
Waterford,2ae19629-1bbd-13a3-e055-000000000001,"The Glen, Waterford",15,37,31,62,279,621,40,91,13,25,4,9,39,100,421,945
Waterford,2ae19629-1bbe-13a3-e055-000000000001,"Ticor North, Waterford",196,649,459,1002,107,345,13,55,3,9,6,10,22,52,806,2122
Waterford,2ae19629-1bbf-13a3-e055-000000000001,"Ticor South, Waterford",28,89,99,192,39,137,3,16,0,0,2,9,6,12,177,455
Waterford,2ae19629-1c52-13a3-e055-000000000001,"Annestown, Waterford",142,506,128,316,17,46,3,10,0,0,5,17,12,26,307,921
Waterford,2ae19629-1c5b-13a3-e055-000000000001,"Aird Mhór, Port Láirge, 227002",29,117,39,104,6,10,1,3,0,0,1,1,5,15,81,250
Waterford,2ae19629-1c5c-13a3-e055-000000000001,"Ardmore, Waterford, 227003",55,184,161,366,36,92,29,80,0,0,10,14,6,20,297,756
Waterford,2ae19629-1c65-13a3-e055-000000000001,"Ballyduff, Waterford",38,128,60,162,12,25,0,0,0,0,5,10,4,11,119,336
Waterford,2ae19629-1c66-13a3-e055-000000000001,"Ballydurn, Waterford",24,88,34,95,4,11,0,0,0,0,4,8,2,3,68,205
Waterford,2ae19629-1c67-13a3-e055-000000000001,"Ballyhane, Waterford",47,160,105,252,11,27,1,5,0,0,5,14,8,20,177,478
Waterford,2ae19629-1c72-13a3-e055-000000000001,"Ballyheeny, Waterford",52,191,115,279,14,39,14,47,12,31,3,5,2,5,212,597
Waterford,2ae19629-1c73-13a3-e055-000000000001,"Ballyin, Waterford",59,227,103,238,11,34,1,1,0,0,9,16,8,13,191,529
Waterford,2ae19629-1c74-13a3-e055-000000000001,"Ballylaneen, Waterford",34,112,59,138,1,2,2,3,0,0,1,1,0,0,97,256
Waterford,2ae19629-1c7b-13a3-e055-000000000001,"Ballymacarbry, Waterford",55,216,97,262,16,41,8,31,0,0,4,6,5,20,185,576
Waterford,2ae19629-1c7c-13a3-e055-000000000001,"Baile Mhac Airt, Port Láirge",45,165,68,163,7,18,12,31,0,0,4,9,5,14,141,400
Waterford,2ae19629-1c7d-13a3-e055-000000000001,"Ballynakill, Waterford, 227012",36,137,73,192,1,5,0,0,0,0,4,6,5,15,119,355
Waterford,2ae19629-1c7e-13a3-e055-000000000001,"Ballynamult, Waterford",25,92,32,84,6,11,0,0,0,0,3,5,3,7,69,199
Waterford,2ae19629-1c8a-13a3-e055-000000000001,"Ballysaggartmore, Waterford",35,122,66,185,6,16,1,4,0,0,4,6,10,23,122,356
Waterford,2ae19629-1c8b-13a3-e055-000000000001,"Bohadoon, Waterford",34,125,62,165,4,13,0,0,0,0,5,14,3,11,108,328
Waterford,2ae19629-1c8c-13a3-e055-000000000001,"Cappagh, Waterford",43,149,80,212,12,32,0,0,1,2,2,8,4,6,142,409
Waterford,2ae19629-1c95-13a3-e055-000000000001,"Cappoquin, Waterford",112,353,236,510,93,209,69,141,2,9,22,38,22,42,556,1302
Waterford,2ae19629-1c96-13a3-e055-000000000001,"Carrickbeg Rural, Waterford",53,195,97,224,9,26,0,0,0,0,7,9,3,6,169,460
Waterford,2ae19629-1c97-13a3-e055-000000000001,"Carrigcastle, Waterford",27,99,63,153,6,13,0,0,0,0,3,3,3,10,102,278
Waterford,2ae19629-1be3-13a3-e055-000000000001,"Carriglea, Waterford",67,238,110,267,14,32,1,2,0,0,6,14,4,8,202,561
Waterford,2ae19629-1be4-13a3-e055-000000000001,"Castlerichard, Waterford",49,169,107,276,11,22,0,0,0,0,4,5,6,16,177,488
Waterford,2ae19629-1be5-13a3-e055-000000000001,"Clashmore, Waterford",48,170,94,209,18,44,3,4,0,0,8,20,5,14,176,461
Waterford,2ae19629-1bee-13a3-e055-000000000001,"Clonea, Waterford, 227023",34,125,88,211,5,13,15,44,0,0,5,10,7,20,154,423
Waterford,2ae19629-1bef-13a3-e055-000000000001,"Clonea, Waterford, 227024",314,1100,320,796,108,287,53,146,3,12,18,43,23,63,839,2447
Waterford,2ae19629-1b1e-13a3-e055-000000000001,"Colligan, Waterford",77,275,141,356,13,41,2,6,0,0,9,20,16,42,258,740
Waterford,2ae19629-1b1f-13a3-e055-000000000001,"Comeragh, Waterford",60,212,92,217,10,20,28,69,0,0,3,3,4,8,197,529
Waterford,2ae19629-1b20-13a3-e055-000000000001,"Coumaraglin, Waterford",31,109,52,129,4,8,0,0,0,0,1,2,6,18,94,266
Waterford,2ae19629-1b2b-13a3-e055-000000000001,"Dromana, Waterford",98,330,133,311,32,88,10,30,0,0,3,7,22,53,298,819
Waterford,2ae19629-1b2c-13a3-e055-000000000001,"Dromore, Waterford",27,115,47,110,7,18,1,2,0,0,0,0,4,14,86,259
Waterford,2ae19629-1b2d-13a3-e055-000000000001,"Drumcannon, Waterford",50,200,75,193,6,13,0,0,0,0,1,2,10,24,142,432
Waterford,2ae19629-1b38-13a3-e055-000000000001,"Drumroe, Waterford",21,78,70,151,9,26,0,0,0,0,3,4,1,1,104,260
Waterford,2ae19629-1b39-13a3-e055-000000000001,"Dungarvan No. 1 Urban, Waterford",286,855,638,1240,409,959,543,1352,50,102,43,95,95,235,2064,4838
Waterford,2ae19629-1b3a-13a3-e055-000000000001,"Dungarvan No. 2 Urban, Waterford",457,1477,666,1401,208,549,101,266,4,7,10,25,29,74,1475,3799
Waterford,2ae19629-1b3b-13a3-e055-000000000001,"Dungarvan Rural, Waterford",246,821,248,620,140,390,30,80,7,18,8,20,18,49,697,1998
Waterford,2ae19629-1b3c-13a3-e055-000000000001,"Dunhill, Waterford",41,149,44,118,2,3,0,0,0,0,1,2,4,7,92,279
Waterford,2ae19629-1b47-13a3-e055-000000000001,"Faithlegg, Waterford",231,814,396,928,65,164,36,101,3,9,15,39,18,45,764,2100
Waterford,2ae19629-1b48-13a3-e055-000000000001,"Fenoagh, Waterford",29,107,35,99,0,0,1,2,0,0,2,3,9,28,76,239
Waterford,2ae19629-1b49-13a3-e055-000000000001,"Fews, Waterford",55,205,57,135,2,6,1,5,0,0,1,1,3,4,119,356
Waterford,2ae19629-1b52-13a3-e055-000000000001,"Fox's Castle, Waterford",67,249,95,226,9,15,0,0,0,0,3,4,5,5,179,499
Waterford,2ae19629-1b53-13a3-e055-000000000001,"Gardenmorris, Waterford",50,176,78,205,4,10,9,23,0,0,6,8,8,19,155,441
Waterford,2ae19629-1b54-13a3-e055-000000000001,"Georgestown, Waterford",37,135,34,87,2,7,0,0,0,0,1,1,2,4,76,234
Waterford,2ae19629-1b5e-13a3-e055-000000000001,"Glen, Waterford",46,164,87,220,15,45,1,1,0,0,13,19,4,12,166,461
Waterford,2ae19629-1b5f-13a3-e055-000000000001,"Glenwilliam, Waterford",25,98,36,94,1,2,1,2,0,0,4,5,0,0,67,201
Waterford,2ae19629-1b60-13a3-e055-000000000001,"Gortnapeaky, Waterford",20,92,44,91,4,9,7,18,1,5,1,6,0,0,77,221
Waterford,2ae19629-1b6c-13a3-e055-000000000001,"Graignagower, Waterford",51,193,93,221,18,51,8,17,8,8,6,13,10,31,194,534
Waterford,2ae19629-1b6d-13a3-e055-000000000001,"Grallagh, Waterford",31,116,37,102,2,3,2,5,0,0,4,6,6,12,82,244
Waterford,2ae19629-1b6e-13a3-e055-000000000001,"Grange, Waterford",36,160,58,149,4,6,13,34,0,0,8,17,6,20,125,386
Waterford,2ae19629-1b78-13a3-e055-000000000001,"Gurteen, Waterford",38,146,79,199,11,30,1,1,0,0,3,10,2,3,134,389
Waterford,2ae19629-1b79-13a3-e055-000000000001,"Islandikane, Waterford",391,1392,434,1088,38,112,17,57,0,0,10,22,25,65,915,2736
Waterford,2ae19629-1b7a-13a3-e055-000000000001,"Keereen, Waterford",23,80,39,95,11,24,7,16,0,0,3,4,8,24,91,243
Waterford,2ae19629-1b7b-13a3-e055-000000000001,"Kilbarry, Waterford, 227051",38,151,25,62,4,14,0,0,0,0,1,4,6,18,74,249
Waterford,2ae19629-1b7c-13a3-e055-000000000001,"Kilbarrymeaden, Waterford",51,187,52,126,9,22,31,88,11,31,1,1,7,15,162,470
Waterford,2ae19629-1b8a-13a3-e055-000000000001,"Kilcockan, Waterford",26,94,56,129,3,7,2,4,0,0,2,4,3,3,92,241
Waterford,2ae19629-1b8b-13a3-e055-000000000001,"Killea, Waterford",152,516,308,679,113,264,29,79,0,0,19,46,13,31,634,1615
Waterford,2ae19629-1b8c-13a3-e055-000000000001,"Killoteran, Waterford",54,174,122,292,10,23,1,2,0,0,5,11,25,73,217,575
Waterford,2ae19629-1b9f-13a3-e055-000000000001,"Kilmacleague, Waterford",46,173,79,211,5,11,0,0,0,0,2,5,1,6,133,406
Waterford,2ae19629-1ba0-13a3-e055-000000000001,"Kilmacomma, Waterford",51,167,85,201,14,35,8,23,1,3,6,15,6,12,171,456
Waterford,2ae19629-1ba1-13a3-e055-000000000001,"Kilmacthomas, Waterford",126,437,207,475,76,173,88,231,11,25,10,14,18,42,536,1397
Waterford,2ae19629-1bb5-13a3-e055-000000000001,"Kilmeadan, Waterford, 227059",79,270,172,413,17,38,4,9,0,0,8,11,16,36,296,777
Waterford,2ae19629-1bb6-13a3-e055-000000000001,"Kilmeadan, Waterford, 227060",86,299,99,288,24,56,57,165,1,3,4,9,6,17,277,837
Waterford,2ae19629-1bb7-13a3-e055-000000000001,"Kilronan, Waterford",32,119,33,87,5,15,1,7,1,2,1,1,0,0,73,231
Waterford,2ae19629-1bc7-13a3-e055-000000000001,"Kilwatermoy East, Waterford",10,30,29,82,5,13,0,0,0,0,7,8,0,0,51,133
Waterford,2ae19629-1bc8-13a3-e055-000000000001,"Kilwatermoy West, Waterford",23,96,41,106,4,7,2,6,0,0,5,16,2,8,77,239
Waterford,2ae19629-1bc9-13a3-e055-000000000001,"Kinsalebeg, Waterford",70,234,113,265,19,56,9,22,0,0,7,21,9,20,227,618
Waterford,2ae19629-1bd6-13a3-e055-000000000001,"Knockaunbrandaun, Waterford",28,103,34,82,3,9,1,2,0,0,2,2,2,4,70,202
Waterford,2ae19629-1bd7-13a3-e055-000000000001,"Knockmahon, Waterford",40,145,85,198,12,32,1,2,0,0,5,7,12,30,155,414
Waterford,2ae19629-1bd8-13a3-e055-000000000001,"Lismore Rural, Waterford",122,392,197,451,41,119,65,167,5,20,8,18,18,56,456,1223
Waterford,2ae19629-1b63-13a3-e055-000000000001,"Lismore Urban, Waterford",67,208,154,321,65,154,32,57,4,6,17,34,5,11,344,791
Waterford,2ae19629-1bd9-13a3-e055-000000000001,"Mocollop, Waterford",27,93,50,127,4,7,0,0,1,1,1,1,2,4,85,233
Waterford,2ae19629-1b09-13a3-e055-000000000001,"Modelligo, Waterford, 227069",38,149,68,158,9,31,0,0,0,0,2,2,2,3,119,343
Waterford,2ae19629-1b0a-13a3-e055-000000000001,"Modelligo, Waterford, 227070",38,145,71,186,3,4,0,0,0,0,3,5,2,9,117,349
Waterford,2ae19629-1b15-13a3-e055-000000000001,"Mothel, Waterford",56,195,86,226,6,11,3,6,0,0,6,11,2,7,159,456
Waterford,2ae19629-1b16-13a3-e055-000000000001,"Mountkennedy, Waterford",52,191,87,227,8,21,0,0,0,0,5,10,6,15,158,464
Waterford,2ae19629-1b17-13a3-e055-000000000001,"Mountstuart, Waterford",8,31,17,45,0,0,0,0,0,0,0,0,3,12,28,88
Waterford,2ae19629-1b21-13a3-e055-000000000001,"Newcastle, Waterford",81,317,73,181,6,24,0,0,0,0,3,5,8,25,171,552
Waterford,2ae19629-1b22-13a3-e055-000000000001,"Newtown, Waterford, 227075",59,214,89,235,8,20,1,1,0,0,6,9,11,28,174,507
Waterford,2ae19629-1b23-13a3-e055-000000000001,"Pembrokestown, Waterford",64,234,97,241,6,16,0,0,0,0,2,4,14,40,183,535
Waterford,2ae19629-1b2e-13a3-e055-000000000001,"Portlaw, Waterford",214,701,232,488,94,246,66,182,0,0,10,15,13,25,629,1657
Waterford,2ae19629-1b2f-13a3-e055-000000000001,"Rathgormuck, Waterford",22,88,43,122,5,15,0,0,0,0,6,15,1,6,77,246
Waterford,2ae19629-1b30-13a3-e055-000000000001,"Rathmoylan, Waterford",136,462,198,487,42,132,43,108,3,9,10,19,12,29,444,1246
Waterford,2ae19629-1b3d-13a3-e055-000000000001,"Reisk, Waterford",182,627,197,491,30,82,11,32,2,5,8,20,20,51,450,1308
Waterford,2ae19629-1b3e-13a3-e055-000000000001,"An Rinn, Port Láirge",167,644,240,574,39,107,22,59,1,4,13,30,25,63,507,1481
Waterford,2ae19629-1b3f-13a3-e055-000000000001,"Ross, Waterford",33,122,52,146,5,13,1,1,0,0,3,4,6,25,100,311
Waterford,2ae19629-1b4a-13a3-e055-000000000001,"Seskinan, Waterford",51,181,98,227,5,12,13,35,0,0,4,10,4,9,175,474
Waterford,2ae19629-1b4b-13a3-e055-000000000001,"St. Mary's, Waterford",80,307,165,363,11,28,5,10,0,0,6,13,3,5,270,726
Waterford,2ae19629-1b55-13a3-e055-000000000001,"Stradbally, Waterford",104,353,160,351,37,102,26,66,3,7,5,12,5,13,340,904
Waterford,2ae19629-1b56-13a3-e055-000000000001,"Tallow, Waterford",106,342,244,542,91,229,49,134,2,9,18,34,14,29,524,1319
Waterford,2ae19629-1b61-13a3-e055-000000000001,"Templemichael, Waterford",48,180,87,211,12,29,4,16,0,0,3,7,5,13,159,456
Waterford,2ae19629-1b62-13a3-e055-000000000001,"Tinnasaggart, Waterford",14,44,18,42,2,3,0,0,0,0,1,1,2,7,37,97
Waterford,2ae19629-1b6f-13a3-e055-000000000001,"Tramore, Waterford",1138,3748,1452,3142,519,1236,364,1025,88,212,43,82,149,387,3753,9832
Waterford,2ae19629-1b70-13a3-e055-000000000001,"Whitechurch, Waterford",25,93,38,102,6,15,1,2,0,0,3,4,3,8,76,224
Waterford,2ae19629-1b7d-13a3-e055-000000000001,"Woodstown, Waterford",75,262,129,304,14,38,0,0,0,0,8,19,8,23,234,646
Galway West,2ae19629-235a-13a3-e055-000000000001,"Ballybaan, Galway City",1254,3570,590,1347,1669,4721,821,2479,210,569,17,39,272,719,4833,13444
Galway West,2ae19629-235b-13a3-e055-000000000001,"Baile an Bhriotaigh, Cathair na Gaillimhe",85,228,83,203,154,397,9,17,1,3,4,10,18,33,354,891
Galway West,2ae19629-235c-13a3-e055-000000000001,"Bearna, Cathair na Gaillimhe",1890,5842,1708,3820,1491,4427,492,1476,186,436,69,153,207,527,6043,16681
Galway West,2ae19629-235d-13a3-e055-000000000001,"An Caisleán Gearr, Cathair na Gaillimhe",246,680,304,633,692,1795,241,673,103,286,14,26,52,144,1652,4237
Galway West,2ae19629-235e-13a3-e055-000000000001,"Claddagh, Galway City",164,454,454,910,414,978,18,39,4,9,42,130,79,174,1175,2694
Galway West,2ae19629-235f-13a3-e055-000000000001,"Dangan, Galway City",171,459,471,1023,599,1886,172,473,29,81,19,39,122,290,1583,4251
Galway West,2ae19629-2360-13a3-e055-000000000001,"Eyre Square, Galway City",59,120,210,390,888,2356,42,94,19,36,16,34,158,373,1392,3403
Galway West,2ae19629-2361-13a3-e055-000000000001,"Cnoc na Cathrach, Cathair na Gaillimhe",109,366,266,562,208,438,1,3,2,3,8,17,16,43,610,1432
Galway West,2ae19629-236f-13a3-e055-000000000001,"Lough Atalia, Galway City",70,229,180,344,91,250,1,2,1,3,7,17,19,38,369,883
Galway West,2ae19629-2370-13a3-e055-000000000001,"Mionlach, Cathair na Gaillimhe",284,859,566,1280,872,2511,134,428,60,151,27,66,51,117,1994,5412
Galway West,2ae19629-2371-13a3-e055-000000000001,"Mervue, Galway City",161,461,374,776,178,527,90,310,28,82,11,21,23,50,865,2227
Galway West,2ae19629-2372-13a3-e055-000000000001,"Murroogh, Galway City",164,463,309,701,522,1438,26,101,24,92,45,56,51,118,1141,2969
Galway West,2ae19629-2373-13a3-e055-000000000001,"An Caisleán Nua, Cathair na Gaillimhe",64,194,316,679,211,721,126,302,12,38,7,17,38,107,774,2058
Galway West,2ae19629-2374-13a3-e055-000000000001,"Oileán Altanach, Cathair na Gaillimhe",73,210,159,326,358,823,12,18,21,28,18,27,111,276,752,1708
Galway West,2ae19629-2375-13a3-e055-000000000001,"Rahoon, Galway City",322,979,305,780,324,988,152,444,64,156,10,18,60,168,1237,3533
Galway West,2ae19629-2376-13a3-e055-000000000001,"Renmore, Galway City",104,363,288,595,103,297,20,22,1,1,10,17,22,51,548,1346
Galway West,2ae19629-2377-13a3-e055-000000000001,"Rockbarton, Galway City",122,442,326,708,96,244,0,0,3,6,19,52,31,96,597,1548
Galway West,2ae19629-2382-13a3-e055-000000000001,"Salthill, Galway City",210,646,471,981,576,1284,20,58,4,7,49,130,144,315,1474,3421
Galway West,2ae19629-2383-13a3-e055-000000000001,"Shantalla, Galway City",85,235,223,471,146,391,46,85,3,4,13,27,78,209,594,1422
Galway West,2ae19629-2384-13a3-e055-000000000001,"Toghroinn San Niocláis, Cathair na Gaillimhe",76,163,188,353,691,1685,67,135,11,26,27,54,125,324,1185,2740
Galway West,2ae19629-2385-13a3-e055-000000000001,"Taylors Hill, Galway City",180,650,322,732,381,1089,89,265,12,32,17,44,78,281,1079,3093
Galway West,2ae19629-2386-13a3-e055-000000000001,"Wellpark, Galway City",70,178,143,308,234,687,136,180,9,13,8,21,21,61,621,1448
Galway East,2ae19629-20ff-13a3-e055-000000000001,"Abbey East, Galway County",74,257,111,289,10,32,2,7,0,0,6,13,11,30,214,628
Galway East,2ae19629-2100-13a3-e055-000000000001,"Abbey West, Galway County",130,454,109,260,30,101,5,17,0,0,4,16,10,36,288,884
Galway East,2ae19629-2101-13a3-e055-000000000001,"Abbeygormacan, Galway County",55,209,84,189,2,7,5,15,0,0,7,12,9,29,162,461
Galway East,2ae19629-2102-13a3-e055-000000000001,"Abbeyville, Galway County",26,90,59,151,7,24,1,1,0,0,6,6,3,7,102,279
Galway East,2ae19629-2046-13a3-e055-000000000001,"Addergoole, Galway County",70,249,117,270,9,26,7,18,0,0,6,12,7,13,216,588
Roscommon-Galway,2ae19629-2047-13a3-e055-000000000001,"Ahascragh, Galway County",60,220,116,275,15,43,7,23,0,0,6,10,15,39,219,610
Galway East,2ae19629-204d-13a3-e055-000000000001,"Aille, Galway County",41,141,80,215,7,24,1,1,0,0,6,11,10,28,145,420
Galway East,2ae19629-204e-13a3-e055-000000000001,"Annagh, Galway County",42,158,83,205,4,8,0,0,1,1,2,2,4,12,136,386
Galway East,2ae19629-204f-13a3-e055-000000000001,"Eanach Dhúin, Gaillimh, 067009",242,878,304,782,72,193,2,7,0,0,17,33,40,105,677,1998
Galway East,2ae19629-2059-13a3-e055-000000000001,"Annaghdown, Galway County, 067010",177,656,225,587,37,96,3,13,1,1,4,5,39,106,486,1464
Galway East,2ae19629-205a-13a3-e055-000000000001,"Ardamullivan, Galway County",73,268,125,329,23,63,0,0,0,0,4,6,20,59,245,725
Galway East,2ae19629-205b-13a3-e055-000000000001,"Ardrahan, Galway County",70,260,73,182,21,53,24,38,0,0,3,3,10,31,201,567
Galway East,2ae19629-2050-13a3-e055-000000000001,"Athenry, Galway County",769,2425,567,1262,472,1345,136,388,24,47,27,65,73,198,2068,5730
Galway East,2ae19629-2051-13a3-e055-000000000001,"Aughrim, Galway County, 067014",189,701,189,460,30,92,0,0,0,0,15,30,13,39,436,1322
Galway East,2ae19629-2052-13a3-e055-000000000001,"Aughrim, Galway County, 067015",46,165,115,299,9,25,1,3,2,2,10,22,14,43,197,559
Roscommon-Galway,2ae19629-205c-13a3-e055-000000000001,"Ballinasloe Rural, Galway County",65,213,122,296,12,35,1,2,0,0,4,8,6,15,210,569
Roscommon-Galway,2ae19629-205d-13a3-e055-000000000001,"Ballinasloe Urban, Galway County",488,1525,864,1868,712,2137,328,903,36,118,41,81,140,351,2609,6983
Roscommon-Galway,2ae19629-205e-13a3-e055-000000000001,"Ballinastack, Galway County",41,138,72,159,9,26,1,3,0,0,5,10,1,2,129,338
Galway East,2ae19629-205f-13a3-e055-000000000001,"Ballinderry, Galway County",95,342,77,205,14,32,0,0,0,0,2,2,6,17,194,598
Galway East,2ae19629-2068-13a3-e055-000000000001,"Ballinduff, Galway County",83,308,129,338,15,44,0,0,0,0,4,14,10,27,241,731
Galway West,2ae19629-2069-13a3-e055-000000000001,"Baile an Teampaill, Gaillimh",184,610,246,646,107,284,7,19,1,4,9,22,11,33,565,1618
Galway East,2ae19629-2074-13a3-e055-000000000001,"Ballycahalan, Galway County",23,87,46,98,2,4,3,8,0,0,2,5,6,17,82,219
Galway East,2ae19629-2075-13a3-e055-000000000001,"Ballyglass, Galway County",12,46,45,109,4,14,0,0,0,0,3,4,2,4,66,177
Galway East,2ae19629-2076-13a3-e055-000000000001,"Ballymacward, Galway County",36,133,67,165,4,11,0,0,0,0,5,9,1,3,113,321
Roscommon-Galway,2ae19629-207e-13a3-e055-000000000001,"Ballymoe, Galway County",26,89,89,206,9,33,4,9,7,22,3,5,13,32,151,396
Galway West,2ae19629-207f-13a3-e055-000000000001,"Ballynacourty, Galway County",140,527,228,571,40,104,2,6,0,0,6,14,11,36,427,1258
Galway East,2ae19629-2080-13a3-e055-000000000001,"Ballynagar, Galway County",20,72,47,119,5,13,1,1,0,0,4,6,4,10,81,221
Galway East,2ae19629-208b-13a3-e055-000000000001,"Ballynakill, Galway County, 067028",72,296,122,279,12,26,5,10,0,0,9,23,4,6,224,640
Galway West,2ae19629-208c-13a3-e055-000000000001,"Ballynakill, Galway County, 067029",33,101,98,239,38,86,11,14,6,8,13,28,5,10,204,486
Roscommon-Galway,2ae19629-208d-13a3-e055-000000000001,"Ballynakill, Galway County, 067030",51,175,98,214,7,21,0,0,0,0,1,1,11,25,168,436
Galway East,2ae19629-208e-13a3-e055-000000000001,"Ballynapark, Galway County",150,571,150,422,13,33,3,15,0,0,1,1,18,42,335,1084
Galway West,2ae19629-2098-13a3-e055-000000000001,"Bearna, Gaillimh",475,1789,577,1480,166,415,7,16,4,9,26,55,31,98,1286,3862
Galway East,2ae19629-2099-13a3-e055-000000000001,"Beagh, Galway County",103,396,133,320,16,33,0,0,0,0,4,6,18,32,274,787
Galway East,2ae19629-20a3-13a3-e055-000000000001,"Beaghmore, Galway County",45,150,64,153,16,60,2,7,0,0,3,10,6,22,136,402
Galway East,2ae19629-20a4-13a3-e055-000000000001,"Belclare, Galway County",93,333,154,388,13,36,3,4,0,0,4,11,11,29,278,801
Galway East,2ae19629-20a5-13a3-e055-000000000001,"Belleville, Galway County",87,326,104,267,13,36,3,6,0,0,5,15,10,26,222,676
Galway West,2ae19629-20a6-13a3-e055-000000000001,"Binn an Choire, Gaillimh",8,21,30,67,10,33,1,3,0,0,4,8,2,6,55,138
Roscommon-Galway,2ae19629-20a7-13a3-e055-000000000001,"Boyounagh, Galway County",16,66,57,162,3,10,1,1,0,0,6,9,4,6,87,254
Galway East,2ae19629-20af-13a3-e055-000000000001,"Bracklagh, Galway County",61,222,97,243,8,25,0,0,0,0,2,3,3,9,171,502
Galway East,2ae19629-20b0-13a3-e055-000000000001,"Bullaun, Galway County",54,205,43,99,4,11,0,0,1,4,5,11,5,10,112,340
Galway West,2ae19629-20b1-13a3-e055-000000000001,"Bunowen, Galway County",28,101,104,221,7,16,8,18,0,0,6,13,11,25,164,394
Galway East,2ae19629-20b2-13a3-e055-000000000001,"Cahermore, Galway County",85,320,76,193,24,69,1,3,0,0,2,5,9,29,197,619
Galway East,2ae19629-20bd-13a3-e055-000000000001,"Caltra, Galway County",47,165,79,178,7,19,2,3,0,0,4,6,5,6,144,377
Galway West,2ae19629-20be-13a3-e055-000000000001,"Camas, Gaillimh",21,73,80,197,8,25,6,16,0,0,7,12,3,5,125,328
Galway East,2ae19629-20bf-13a3-e055-000000000001,"Cappalusk, Galway County",60,214,69,174,5,12,0,0,0,0,3,6,7,18,144,424
Galway East,2ae19629-20c0-13a3-e055-000000000001,"Cappard, Galway County",11,47,23,59,1,2,0,0,0,0,2,2,5,7,42,117
Galway West,2ae19629-20cb-13a3-e055-000000000001,"An Carn Mór, Gaillimh",305,1063,393,1061,134,363,35,117,16,53,13,29,56,141,952,2827
Galway West,2ae19629-20cc-13a3-e055-000000000001,"Ceathrú an Bhrúnaigh, Gaillimh",104,413,145,371,32,65,1,5,0,0,7,13,7,17,296,884
Galway East,2ae19629-20cd-13a3-e055-000000000001,"Carrownagur, Galway County",37,141,87,213,5,15,2,5,0,0,5,10,7,23,143,407
Galway East,2ae19629-20d6-13a3-e055-000000000001,"Carrowrevagh, Galway County",55,224,86,221,7,19,1,1,0,0,3,5,10,20,162,490
Galway East,2ae19629-20d7-13a3-e055-000000000001,"Castleblakeney, Galway County",69,256,96,230,11,23,5,17,0,0,6,9,10,24,197,559
Galway East,2ae19629-20d8-13a3-e055-000000000001,"Castleboy, Galway County",81,283,103,246,11,33,1,2,0,0,4,5,3,5,203,574
Roscommon-Galway,2ae19629-20e0-13a3-e055-000000000001,"Castleffrench, Galway County",62,246,93,219,8,21,1,1,0,0,4,4,7,18,175,509
Galway East,2ae19629-20e1-13a3-e055-000000000001,"Castletaylor, Galway County",99,376,71,216,28,71,0,0,0,0,9,18,8,24,215,705
Galway West,2ae19629-20e2-13a3-e055-000000000001,"Baile Chláir, Gaillimh",256,923,293,753,142,399,25,68,16,53,11,25,30,59,773,2280
Galway East,2ae19629-20f2-13a3-e055-000000000001,"Claretuam, Galway County",141,522,214,527,20,53,4,6,1,5,5,9,9,21,394,1143
Galway West,2ae19629-20f3-13a3-e055-000000000001,"Clarinbridge, Galway County",605,2024,509,1285,265,688,19,52,6,18,18,35,36,103,1458,4205
Galway West,2ae19629-20f4-13a3-e055-000000000001,"Cleggan, Galway County",23,74,64,154,14,42,2,2,0,0,7,29,2,4,112,305
Galway West,2ae19629-20f5-13a3-e055-000000000001,"Clifden, Galway County",119,392,348,756,167,421,77,178,36,48,26,58,23,48,796,1901
Galway East,2ae19629-2103-13a3-e055-000000000001,"Clonbern, Galway County",33,114,79,210,9,33,5,14,0,0,2,6,5,14,133,391
Galway East,2ae19629-2104-13a3-e055-000000000001,"Clonbrock, Galway County",78,300,105,236,8,21,3,12,0,0,4,10,10,24,208,603
Galway East,2ae19629-2105-13a3-e055-000000000001,"Clonfert, Galway County",46,170,90,221,8,27,1,6,0,0,6,11,4,10,155,445
Galway East,2ae19629-2048-13a3-e055-000000000001,"Clontuskert, Galway County",17,55,60,133,4,11,3,7,0,0,3,5,3,7,90,218
Galway West,2ae19629-2049-13a3-e055-000000000001,"An Fhairche, Gaillimh",82,296,215,493,60,145,9,13,4,5,9,25,9,30,388,1007
Galway East,2ae19629-204a-13a3-e055-000000000001,"Cloonkeen, Galway County, 067065",35,137,69,159,8,24,1,2,0,0,7,14,5,15,125,351
Galway East,2ae19629-2053-13a3-e055-000000000001,"Cloonkeen, Galway County, 067066",64,256,71,185,12,24,0,0,0,0,2,3,8,22,157,490
Galway East,2ae19629-2054-13a3-e055-000000000001,"Cloonkeen, Galway County, 067067",31,136,90,222,2,3,3,7,9,18,2,3,7,17,144,406
Galway East,2ae19629-2055-13a3-e055-000000000001,"Colmanstown, Galway County",25,76,28,50,0,0,0,0,0,0,0,0,3,11,56,137
Galway West,e4432984-fa1f-40d8-92f5-5c934939c606,"Conga/An Ros, Gaillimh",56,186,153,342,14,39,7,10,0,0,9,21,6,15,245,613
Galway East,2ae19629-22e5-13a3-e055-000000000001,"Cooloo, Galway County",59,227,124,301,9,28,2,2,0,0,5,12,2,11,201,581
Galway East,2ae19629-22e7-13a3-e055-000000000001,"Craughwell, Galway County",304,1064,248,666,89,274,6,22,0,0,13,20,26,71,686,2117
Roscommon-Galway,2ae19629-22f0-13a3-e055-000000000001,"Creggs, Galway County",35,111,82,182,10,30,1,4,2,4,6,8,3,5,139,344
Galway West,2ae19629-2300-13a3-e055-000000000001,"Crump Island, Galway County",10,30,42,108,1,2,3,5,0,0,5,11,3,8,64,164
Galway West,2ae19629-22f1-13a3-e055-000000000001,"An Crompán, Gaillimh",207,742,491,1224,108,256,64,152,3,3,35,57,49,118,957,2552
Galway East,2ae19629-22f2-13a3-e055-000000000001,"Cummer, Galway County",164,597,132,377,22,80,12,32,1,3,7,13,15,40,353,1142
Galway West,2ae19629-22f3-13a3-e055-000000000001,"An Chorr, Gaillimh",12,39,41,90,10,21,0,0,0,0,3,5,0,0,66,155
Galway East,2ae19629-22ff-13a3-e055-000000000001,"Curraghmore, Galway County",20,74,37,95,2,5,0,0,0,0,1,5,6,20,66,199
Galway East,2ae19629-2301-13a3-e055-000000000001,"Deerpark, Galway County",191,721,195,518,29,78,2,3,0,0,12,24,17,55,446,1399
Galway East,2ae19629-2302-13a3-e055-000000000001,"Derrew, Galway County",13,54,38,108,3,8,1,4,0,0,0,0,4,11,59,185
Galway East,2ae19629-2304-13a3-e055-000000000001,"Derryglassaun, Galway County",123,457,161,378,26,90,0,0,0,0,7,16,15,43,332,984
Galway East,2ae19629-2310-13a3-e055-000000000001,"Derrylaur, Galway County",9,34,25,46,2,4,4,4,0,0,0,0,4,13,44,101
Galway West,268c20e2-7574-4e64-ac7a-9383e368fcb7,"Derrylea/Derrycunlagh, Galway County",30,90,73,166,16,40,2,6,0,0,4,8,3,6,128,316
Galway East,2ae19629-2312-13a3-e055-000000000001,"Donaghpatrick, Galway County",75,250,110,275,11,37,0,0,0,0,7,15,7,12,210,589
Galway East,2ae19629-2313-13a3-e055-000000000001,"Doonbally, Galway County",79,304,99,247,8,31,2,4,0,0,4,11,18,47,210,644
Galway West,2ae19629-2314-13a3-e055-000000000001,"Doonloughan, Galway County",2,6,24,54,5,13,0,0,0,0,2,4,5,12,38,89
Galway East,2ae19629-231e-13a3-e055-000000000001,"Doorus, Galway County",119,458,134,344,20,46,0,0,1,6,5,12,10,30,289,896
Galway East,2ae19629-231f-13a3-e055-000000000001,"Drumacoo, Galway County",176,635,233,598,72,184,2,2,0,0,7,18,20,54,510,1491
Galway East,2ae19629-2320-13a3-e055-000000000001,"Drumkeary, Galway County",77,272,101,246,17,35,6,11,1,2,4,8,11,32,217,606
Galway East,2ae19629-2321-13a3-e055-000000000001,"Drummin, Galway County",33,126,93,209,13,24,1,1,0,0,7,13,4,7,151,380
Galway East,2ae19629-2322-13a3-e055-000000000001,"Dunmore North, Galway County",55,199,140,357,7,11,2,2,0,0,3,8,14,23,221,600
Galway East,2ae19629-232b-13a3-e055-000000000001,"Dunmore South, Galway County",76,274,162,353,76,195,10,22,10,15,7,14,10,18,351,891
Galway West,2ae19629-232c-13a3-e055-000000000001,"Errislannan, Galway County",10,34,59,141,9,24,1,6,0,0,4,9,1,3,84,217
Galway East,2ae19629-232d-13a3-e055-000000000001,"Eyrecourt, Galway County",33,111,101,221,15,38,24,53,0,0,6,11,10,23,189,457
Galway East,2ae19629-232e-13a3-e055-000000000001,"Foxhall, Galway County",84,308,128,298,9,30,1,1,0,0,7,14,10,31,239,682
Galway West,2ae19629-2338-13a3-e055-000000000001,"Na Forbacha, Gaillimh",179,657,222,584,95,217,4,11,0,0,12,19,21,55,533,1543
Galway West,2ae19629-2339-13a3-e055-000000000001,"Galway Rural, Galway County",15,55,24,63,2,3,0,0,0,0,0,0,3,10,44,131
Galway East,2ae19629-233a-13a3-e055-000000000001,"Glennamaddy, Galway County",73,248,177,373,54,160,31,104,8,9,8,9,11,18,362,921
Galway East,2ae19629-2345-13a3-e055-000000000001,"Gort, Galway County",273,774,319,652,384,1190,81,214,12,25,14,28,92,245,1175,3128
Galway West,2ae19629-2346-13a3-e055-000000000001,"Garmna, Gaillimh",87,294,312,746,23,58,27,59,3,7,22,53,34,91,508,1308
Galway East,2ae19629-2347-13a3-e055-000000000001,"Graigabbey, Galway County",65,255,56,145,11,25,1,2,0,0,1,1,1,1,135,429
Galway East,2ae19629-2348-13a3-e055-000000000001,"Grange, Galway County",98,370,133,375,9,21,2,3,1,4,6,15,7,23,256,811
Galway East,2ae19629-2354-13a3-e055-000000000001,"Greethill, Galway County",145,558,131,338,29,91,0,0,0,0,5,12,15,50,325,1049
Galway East,2ae19629-2355-13a3-e055-000000000001,"Headford, Galway County",226,742,275,635,115,278,33,110,0,0,15,22,30,76,694,1863
Galway East,2ae19629-2356-13a3-e055-000000000001,"Hillsbrook, Galway County",81,302,118,310,14,28,2,4,0,0,3,11,17,48,235,703
Galway West,2ae19629-2367-13a3-e055-000000000001,"An Uillinn, Gaillimh",9,29,24,57,3,11,0,0,0,0,3,6,0,0,39,103
Galway West,2ae19629-2368-13a3-e055-000000000001,"Inishbofin, Galway County",13,32,37,88,12,24,5,15,0,0,5,10,7,15,79,184
Galway West,2ae19629-2369-13a3-e055-000000000001,"Árainn, Gaillimh",50,165,319,735,58,123,4,9,1,2,32,57,38,104,502,1195
Roscommon-Galway,2ae19629-236a-13a3-e055-000000000001,"Island, Galway County",17,55,67,154,4,6,1,6,0,0,1,1,7,23,97,245
Roscommon-Galway,2ae19629-237b-13a3-e055-000000000001,"Kellysgrove, Galway County",30,113,77,209,7,24,3,14,0,0,6,13,6,19,129,392
Galway East,2ae19629-237c-13a3-e055-000000000001,"Kilbeacanty, Galway County",36,149,62,159,10,25,1,1,0,0,6,13,6,14,121,361
Galway East,2ae19629-237d-13a3-e055-000000000001,"Kilbennan, Galway County",48,166,69,162,5,12,1,2,0,0,3,6,4,9,130,357
Galway East,2ae19629-238b-13a3-e055-000000000001,"Kilchreest, Galway County",31,112,65,163,10,28,0,0,0,0,2,3,3,10,111,316
Galway East,2ae19629-238c-13a3-e055-000000000001,"Kilconickny, Galway County",99,383,96,243,12,33,0,0,0,0,3,7,5,10,215,676
Galway East,2ae19629-2397-13a3-e055-000000000001,"Kilconierin, Galway County",114,419,89,221,14,38,1,6,0,0,9,22,11,34,238,740
Galway East,2ae19629-2398-13a3-e055-000000000001,"Kilconnell, Galway County",67,252,124,293,6,15,8,18,0,0,5,9,14,37,224,624
Galway East,2ae19629-2399-13a3-e055-000000000001,"Kilcoona, Galway County",87,330,103,263,11,29,2,6,0,0,4,11,8,25,215,664
Roscommon-Galway,2ae19629-23a3-13a3-e055-000000000001,"Kilcroan, Galway County",53,182,110,248,34,94,8,32,0,0,11,21,8,15,224,592
Galway West,2ae19629-23a4-13a3-e055-000000000001,"Cill Chuimín, Gaillimh, 067121",18,71,28,67,7,15,0,0,0,0,3,8,3,4,59,165
Galway West,2ae19629-23a5-13a3-e055-000000000001,"Cill Chuimín, Gaillimh, 067122",102,360,274,707,47,113,16,36,12,15,22,43,43,121,516,1395
Galway East,2ae19629-23a6-13a3-e055-000000000001,"Killaan, Galway County",46,181,129,330,11,29,3,6,0,0,7,17,4,5,200,568
Galway East,2ae19629-23a7-13a3-e055-000000000001,"Killallaghtan, Galway County",57,207,95,231,4,9,5,10,0,0,7,14,10,39,178,510
Galway West,2ae19629-23a8-13a3-e055-000000000001,"Cill Aithnín, Gaillimh",114,424,216,510,54,110,3,6,0,0,14,23,14,31,415,1104
Galway East,2ae19629-22cd-13a3-e055-000000000001,"Killeany, Galway County",66,243,109,265,22,59,3,8,0,0,5,12,13,33,218,620
Galway East,2ae19629-22ce-13a3-e055-000000000001,"Killeely, Galway County",270,1045,228,635,43,129,2,6,0,0,10,20,17,60,570,1895
Galway East,2ae19629-22cf-13a3-e055-000000000001,"Killeen, Galway County",91,349,125,317,8,16,4,13,0,0,3,8,14,38,245,741
Galway East,2ae19629-22da-13a3-e055-000000000001,"Killeenavarra, Galway County",120,451,114,298,31,77,0,0,0,0,4,6,11,25,280,857
Galway East,2ae19629-22db-13a3-e055-000000000001,"Killererin, Galway County",99,352,138,342,15,38,1,4,0,0,5,10,13,38,271,784
Roscommon-Galway,2ae19629-22e8-13a3-e055-000000000001,"Killeroran, Galway County",130,431,231,493,88,219,41,112,2,3,17,32,2,3,511,1293
Galway East,2ae19629-22e9-13a3-e055-000000000001,"Killian, Galway County",41,135,75,168,9,23,2,5,0,0,5,7,7,20,139,358
Galway East,2ae19629-22ea-13a3-e055-000000000001,"Killimor, Galway County, 067133",66,209,121,308,28,73,22,44,1,1,9,14,9,15,256,664
Galway East,2ae19629-22f4-13a3-e055-000000000001,"Killimor, Galway County, 067134",50,166,68,149,14,34,0,0,0,0,3,9,6,22,141,380
Galway East,2ae19629-22f5-13a3-e055-000000000001,"Killinny, Galway County",55,207,88,225,8,23,4,6,0,0,3,5,8,23,166,489
Galway East,2ae19629-22f6-13a3-e055-000000000001,"Killogilleen, Galway County",144,557,121,321,14,36,0,0,1,2,4,4,24,72,308,992
Galway East,2ae19629-22f7-13a3-e055-000000000001,"Killoran, Galway County",32,116,57,151,1,2,1,3,0,0,0,0,3,10,94,282
Galway East,2ae19629-2305-13a3-e055-000000000001,"Killower, Galway County",123,448,145,407,14,39,1,8,0,0,6,11,13,30,302,943
Roscommon-Galway,2ae19629-2306-13a3-e055-000000000001,"Killure, Galway County",77,269,123,300,13,49,6,39,2,11,4,8,9,19,234,695
Galway East,2ae19629-2315-13a3-e055-000000000001,"Killursa, Galway County",155,567,176,386,40,116,3,9,0,0,11,28,11,34,396,1140
Galway East,2ae19629-2316-13a3-e055-000000000001,"Kilmacshane, Galway County",30,102,43,107,5,15,1,2,0,0,2,7,3,7,84,240
Galway East,2ae19629-2317-13a3-e055-000000000001,"Kilmalinoge, Galway County",18,64,55,118,8,26,0,0,0,0,1,5,4,8,86,221
Galway East,2ae19629-2323-13a3-e055-000000000001,"Kilmeen, Galway County",74,260,128,328,7,15,4,17,0,0,5,10,12,43,230,673
Galway East,2ae19629-2324-13a3-e055-000000000001,"Kilmoylan, Galway County",159,621,167,441,20,56,0,0,1,3,8,18,17,46,372,1185
Galway East,2ae19629-2325-13a3-e055-000000000001,"Kilquain, Galway County",29,111,58,150,3,7,1,1,1,3,4,7,11,26,107,305
Galway East,2ae19629-232f-13a3-e055-000000000001,"Kilreekill, Galway County",44,157,67,172,3,7,2,4,0,0,3,8,10,37,129,385
Galway East,2ae19629-2330-13a3-e055-000000000001,"Kilshanvy, Galway County",41,152,85,229,10,27,3,4,0,0,4,13,2,4,145,429
Galway East,2ae19629-2331-13a3-e055-000000000001,"Kiltartan, Galway County",101,392,132,329,16,40,0,0,0,0,12,25,27,68,288,854
Galway East,2ae19629-233b-13a3-e055-000000000001,"Kilteskill, Galway County",55,197,61,163,10,22,0,0,0,0,2,3,3,15,131,400
Galway East,2ae19629-233c-13a3-e055-000000000001,"Kilthomas, Galway County",11,34,22,48,4,9,1,2,0,0,1,1,2,7,41,101
Galway East,2ae19629-233d-13a3-e055-000000000001,"Kiltormer, Galway County",52,188,104,256,15,47,4,10,0,0,8,15,5,15,188,531
Galway East,2ae19629-2349-13a3-e055-000000000001,"Kiltullagh, Galway County, 067152",105,398,118,310,24,74,2,6,1,2,1,3,13,31,264,824
Galway East,2ae19629-234a-13a3-e055-000000000001,"Kiltullagh, Galway County, 067153",23,83,44,110,4,10,1,1,0,0,2,5,5,6,79,215
Galway East,2ae19629-234b-13a3-e055-000000000001,"Kinvarra, Galway County",192,705,234,567,71,174,22,40,0,0,11,16,22,64,552,1566
Galway West,2ae19629-234c-13a3-e055-000000000001,"An Cnoc Buí, Gaillimh",55,200,184,390,19,50,24,64,0,0,14,30,21,54,317,788
Roscommon-Galway,2ae19629-234d-13a3-e055-000000000001,"Kylemore, Galway County",10,34,44,102,0,0,0,0,0,0,1,2,4,6,59,144
Galway West,2ae19629-234e-13a3-e055-000000000001,"Leacach Beag, Gaillimh",247,894,195,521,50,124,4,10,0,0,13,36,23,46,532,1631
Galway East,2ae19629-2357-13a3-e055-000000000001,"Lackalea, Galway County",57,231,54,165,2,8,0,0,0,0,1,2,5,24,119,430
Galway East,2ae19629-2358-13a3-e055-000000000001,"Laurencetown, Galway County",21,82,82,210,5,13,17,42,3,5,3,10,10,35,141,397
Galway East,2ae19629-2359-13a3-e055-000000000001,"Leitrim, Galway County",75,303,77,200,12,31,3,4,0,0,8,17,4,10,179,565
Galway West,2ae19629-236b-13a3-e055-000000000001,"Leitir Breacáin, Gaillimh",9,29,46,97,18,40,2,3,0,0,7,19,3,7,85,195
Galway West,2ae19629-236c-13a3-e055-000000000001,"Letterfore, Galway County",22,80,64,132,13,41,1,1,0,0,4,14,3,6,107,274
Galway West,2ae19629-236d-13a3-e055-000000000001,"Leitir Móir, Gaillimh",59,233,197,459,27,73,11,31,0,0,19,37,17,38,330,871
Galway East,2ae19629-236e-13a3-e055-000000000001,"Levally, Galway County",54,209,86,199,5,23,0,0,0,0,1,2,2,4,148,437
Galway West,2ae19629-237e-13a3-e055-000000000001,"Liscananaun, Galway County",196,714,220,590,67,186,2,3,0,0,14,29,19,51,518,1573
Galway West,2ae19629-237f-13a3-e055-000000000001,"Lisín an Bhealaigh, Gaillimh",125,476,162,459,28,87,1,3,0,0,2,4,21,56,339,1085
Roscommon-Galway,2ae19629-2380-13a3-e055-000000000001,"Lismanny, Galway County",27,108,48,129,3,9,0,0,0,0,4,4,6,15,88,265
Galway East,c62169df-44fc-4bf1-98eb-40998a29132a,"Loughatorick/Coos/Marblehill, Galway County",38,110,129,310,9,24,2,3,0,0,11,21,16,40,205,508
Galway East,2ae19629-238d-13a3-e055-000000000001,"Loughrea Rural, Galway County",84,322,175,475,16,38,3,13,0,0,5,10,24,67,307,925
Galway East,2ae19629-238e-13a3-e055-000000000001,"Loughrea Urban, Galway County",605,1736,618,1180,742,1922,284,762,32,83,38,75,188,453,2507,6211
Galway East,2ae19629-239a-13a3-e055-000000000001,"Meelick, Galway County",27,114,54,142,8,18,0,0,0,0,6,12,2,8,97,294
Galway East,2ae19629-239b-13a3-e055-000000000001,"Milltown, Galway County",90,298,136,312,23,52,4,10,3,3,7,10,2,7,265,692
Galway East,2ae19629-239c-13a3-e055-000000000001,"Moat, Galway County",12,36,35,90,3,7,2,9,0,0,2,2,1,4,55,148
Galway East,2ae19629-23a9-13a3-e055-000000000001,"Monivea, Galway County",117,405,120,293,14,41,5,21,0,0,5,7,11,29,272,796
Galway East,2ae19629-23aa-13a3-e055-000000000001,"Mount Bellew, Galway County",223,734,317,760,106,308,16,48,1,5,14,34,23,52,700,1941
Galway East,2ae19629-23ab-13a3-e055-000000000001,"Mountain, Galway County",41,147,60,147,2,3,0,0,0,0,3,5,0,0,106,302
Galway East,2ae19629-22d0-13a3-e055-000000000001,"Mounthazel, Galway County",67,250,105,243,10,26,3,6,0,0,5,10,4,10,194,545
Galway West,2ae19629-22d1-13a3-e055-000000000001,"Maigh Cuilinn, Gaillimh",291,1043,333,884,136,367,38,93,3,7,2,3,34,98,837,2495
Galway East,2ae19629-22d2-13a3-e055-000000000001,"Moyne, Galway County",80,310,138,353,8,13,3,11,0,0,6,12,4,8,239,707
Galway East,2ae19629-22dc-13a3-e055-000000000001,"Moyode, Galway County",46,170,40,97,4,11,0,0,0,0,0,0,10,22,100,300
Galway West,2ae19629-22dd-13a3-e055-000000000001,"Maíros, Gaillimh",26,87,84,180,8,24,7,15,0,0,9,20,5,11,139,337
Galway East,2ae19629-22de-13a3-e055-000000000001,"Oatfield, Galway County",44,163,92,243,4,8,3,8,0,0,0,0,6,12,149,434
Galway West,2ae19629-22df-13a3-e055-000000000001,"Oranmore, Galway County",584,1904,510,1161,477,1263,36,74,21,29,25,50,52,133,1705,4614
Galway West,2ae19629-22e0-13a3-e055-000000000001,"Oughterard, Galway County",291,968,467,1119,174,419,43,107,2,8,23,50,40,101,1040,2772
Galway West,2ae19629-22e1-13a3-e055-000000000001,"Abhainn Ghabhla, Gaillimh",19,64,74,167,8,25,3,3,0,0,5,6,5,14,114,279
Galway East,2ae19629-22eb-13a3-e055-000000000001,"Pallas, Galway County",32,115,77,203,12,29,4,25,1,3,6,16,8,18,140,409
Galway East,2ae19629-22ec-13a3-e055-000000000001,"Portumna, Galway County",204,683,380,817,227,529,70,189,15,46,22,44,43,108,961,2416
Galway East,2ae19629-22ed-13a3-e055-000000000001,"Raford, Galway County",96,347,78,210,26,49,1,2,0,0,6,9,10,31,217,648
Galway East,2ae19629-22f8-13a3-e055-000000000001,"Rahasane, Galway County",50,183,59,145,6,19,0,0,0,0,2,6,3,6,120,359
Galway East,2ae19629-22f9-13a3-e055-000000000001,"Raheen, Galway County",52,186,113,263,12,36,3,8,0,0,8,21,6,14,194,528
Galway West,2ae19629-22fa-13a3-e055-000000000001,"Rinvyle, Galway County",92,332,234,567,67,167,12,25,0,0,18,38,22,49,445,1178
Galway West,2ae19629-22fc-13a3-e055-000000000001,"Cloch na Rón, Gaillimh",16,52,102,229,22,53,23,39,2,5,10,25,11,26,186,429
Galway East,2ae19629-2307-13a3-e055-000000000001,"Ryehill, Galway County",141,532,92,252,17,52,4,8,0,0,7,17,9,26,270,887
Galway East,2ae19629-2308-13a3-e055-000000000001,"Scregg, Galway County",26,103,49,137,1,2,0,0,0,0,3,5,3,8,82,255
Galway West,2ae19629-2309-13a3-e055-000000000001,"Sailearna, Gaillimh, 067197",147,523,283,710,65,160,7,11,7,10,19,43,16,52,544,1509
Galway East,2ae19629-230a-13a3-e055-000000000001,"Shankill, Galway County",30,110,70,176,8,20,7,16,7,10,5,11,4,9,131,352
Galway West,2ae19629-230b-13a3-e055-000000000001,"Sillerna, Galway County",23,80,123,249,15,26,9,27,0,0,5,12,12,32,187,426
Galway West,2ae19629-230c-13a3-e055-000000000001,"Scainimh, Gaillimh",38,151,126,300,17,33,31,71,2,5,10,18,9,21,233,599
Galway East,2ae19629-2318-13a3-e055-000000000001,"Skehanagh, Galway County",76,278,78,193,20,49,1,1,0,0,5,10,3,6,183,537
Galway West,2ae19629-2319-13a3-e055-000000000001,"Sliabh an Aonaigh, Gaillimh",81,306,147,360,19,48,0,0,0,0,9,17,24,74,280,805
Galway West,2ae19629-231a-13a3-e055-000000000001,"An Spidéal, Gaillimh",169,602,219,549,98,231,12,31,12,35,16,35,90,239,616,1722
Galway East,2ae19629-2326-13a3-e055-000000000001,"Stradbally, Galway County",172,634,162,440,34,90,1,4,1,5,4,4,13,32,387,1209
Roscommon-Galway,2ae19629-2327-13a3-e055-000000000001,"Taghboy, Galway County",21,78,47,123,4,18,0,0,0,0,1,2,3,8,76,229
Galway East,2ae19629-2328-13a3-e055-000000000001,"Templetogher, Galway County",32,108,101,249,4,14,4,20,0,0,5,8,3,10,149,409
Galway East,2ae19629-2332-13a3-e055-000000000001,"Tiaquin, Galway County",132,492,86,223,21,63,1,1,0,0,6,9,2,8,248,796
Galway East,2ae19629-2333-13a3-e055-000000000001,"Tiranascragh, Galway County",15,50,38,99,3,11,0,0,0,0,2,4,7,15,65,179
Galway East,2ae19629-2334-13a3-e055-000000000001,"Toberadosh, Galway County",37,147,85,191,5,15,2,9,0,0,1,2,10,31,140,395
Roscommon-Galway,2ae19629-2335-13a3-e055-000000000001,"Toberroe, Galway County",30,103,73,174,2,5,5,13,0,0,4,10,6,15,120,320
Galway East,2ae19629-233e-13a3-e055-000000000001,"Tuam Rural, Galway County",793,2371,646,1482,516,1668,172,536,68,119,31,81,112,273,2338,6530
Galway East,2ae19629-233f-13a3-e055-000000000001,"Tuam Urban, Galway County",295,847,490,927,500,1230,180,459,73,114,41,88,80,192,1659,3857
Galway West,2ae19629-2340-13a3-e055-000000000001,"Tulaigh Mhic Aodháin, Gaillimh",277,999,289,732,112,316,7,16,0,0,17,38,53,136,755,2237
Galway West,2ae19629-2341-13a3-e055-000000000001,"An Turlach, Gaillimh",35,134,111,235,21,58,32,64,0,0,11,22,6,15,216,528
Galway East,2ae19629-234f-13a3-e055-000000000001,"Tynagh, Galway County",44,171,80,195,10,24,21,54,0,0,7,12,7,22,169,478
Galway East,2ae19629-2350-13a3-e055-000000000001,"Woodford, Galway County",48,151,86,195,24,55,22,35,0,0,5,13,8,19,193,468
Galway West,2ae19629-2351-13a3-e055-000000000001,"Wormhole, Galway County",326,1258,384,993,85,253,4,7,0,0,17,35,28,85,844,2631
Sligo-Leitrim,2ae19629-1708-13a3-e055-000000000001,"Aghacashel, Leitrim",9,29,18,42,1,1,0,0,0,0,0,0,2,10,30,82
Sligo-Leitrim,b166391f-eb14-47de-a3eb-9c2516e63687,"Aghanlish/Aghalateeve, Leitrim",20,68,58,138,8,20,1,1,0,0,2,2,3,4,92,233
Sligo-Leitrim,2ae19629-170b-13a3-e055-000000000001,"Aghavas, Leitrim",31,109,71,153,7,11,8,19,0,0,3,5,6,21,126,318
Sligo-Leitrim,2ae19629-170d-13a3-e055-000000000001,"Annaduff, Leitrim",31,110,43,112,8,22,1,1,0,0,4,6,2,7,89,258
Sligo-Leitrim,23519126-bd85-4c40-a1e2-26c5d2b7e51c,"Arigna/Drumkeeran/Killarga, Leitrim",36,129,134,305,18,48,47,80,17,17,4,12,10,20,266,611
Sligo-Leitrim,2ae19629-16fb-13a3-e055-000000000001,"Ballaghameehan, Leitrim",17,56,43,102,5,7,3,5,0,0,4,8,5,11,77,189
Sligo-Leitrim,2ae19629-16fc-13a3-e055-000000000001,"Ballinamore, Leitrim",110,356,224,474,101,237,29,63,7,15,34,110,11,26,516,1281
Sligo-Leitrim,2ae19629-16fd-13a3-e055-000000000001,"Barnameenagh, Leitrim",13,41,36,90,7,18,1,6,0,0,0,0,1,1,58,156
Sligo-Leitrim,2ae19629-16fe-13a3-e055-000000000001,"Beihy, Leitrim",43,162,75,154,5,11,0,0,0,0,5,11,1,2,129,340
Sligo-Leitrim,2ae19629-170e-13a3-e055-000000000001,"Belhavel, Leitrim",28,103,61,123,8,19,18,31,0,0,7,12,0,0,122,288
Sligo-Leitrim,2ae19629-170f-13a3-e055-000000000001,"Breandrum, Leitrim",28,105,65,133,4,10,3,14,0,0,1,2,5,11,106,275
Sligo-Leitrim,2ae19629-1717-13a3-e055-000000000001,"Bunnybeg, Leitrim",8,34,46,113,0,0,1,1,0,0,1,2,2,2,58,152
Sligo-Leitrim,2ae19629-1718-13a3-e055-000000000001,"Carrick-On-Shannon, Leitrim",383,1281,535,1084,515,1219,177,491,7,27,33,65,68,173,1718,4340
Sligo-Leitrim,2ae19629-1719-13a3-e055-000000000001,"Carrigallen East, Leitrim",26,78,67,141,19,55,7,7,2,2,6,8,3,7,130,298
Sligo-Leitrim,2ae19629-171a-13a3-e055-000000000001,"Carrigallen West, Leitrim",45,164,93,235,49,139,23,63,0,0,5,8,3,7,218,616
Sligo-Leitrim,2ae19629-171b-13a3-e055-000000000001,"Cashel, Leitrim",21,76,39,84,7,22,0,0,0,0,3,5,3,4,73,191
Sligo-Leitrim,2ae19629-171c-13a3-e055-000000000001,"Castlefore, Leitrim",21,79,57,137,7,15,1,1,0,0,2,7,1,6,89,245
Sligo-Leitrim,2ae19629-171d-13a3-e055-000000000001,"Cattan, Leitrim",30,109,49,106,10,26,1,1,0,0,6,8,5,15,101,265
Sligo-Leitrim,2ae19629-171e-13a3-e055-000000000001,"Cloonclare, Leitrim",11,33,36,83,2,4,12,20,0,0,4,8,2,5,67,153
Sligo-Leitrim,2ae19629-171f-13a3-e055-000000000001,"Cloone, Leitrim",32,122,78,171,10,24,13,31,0,0,11,27,3,8,147,383
Sligo-Leitrim,2ae19629-1720-13a3-e055-000000000001,"Cloonlogher, Leitrim",30,106,69,138,12,22,3,13,0,0,2,9,3,7,119,295
Sligo-Leitrim,2ae19629-1721-13a3-e055-000000000001,"Cloverhill, Leitrim",25,81,78,167,13,44,5,13,0,0,3,8,4,12,128,325
Sligo-Leitrim,2ae19629-1722-13a3-e055-000000000001,"Corrala, Leitrim",21,79,48,123,2,5,8,23,0,0,5,9,2,4,86,243
Sligo-Leitrim,2ae19629-1723-13a3-e055-000000000001,"Corriga, Leitrim",8,30,48,104,4,16,3,6,0,0,2,3,2,3,67,162
Sligo-Leitrim,2ae19629-1724-13a3-e055-000000000001,"Drumahaire, Leitrim",203,675,254,554,93,240,42,96,1,5,16,27,30,64,639,1661
Sligo-Leitrim,2ae19629-1710-13a3-e055-000000000001,"Drumard, Leitrim",19,67,51,118,5,15,1,1,0,0,1,3,6,21,83,225
Sligo-Leitrim,2ae19629-172d-13a3-e055-000000000001,"Drumdoo, Leitrim",26,99,77,177,4,12,0,0,0,0,7,14,2,5,116,307
Sligo-Leitrim,2ae19629-1712-13a3-e055-000000000001,"Drumod, Leitrim",116,399,146,325,85,202,9,23,0,0,9,20,11,24,376,993
Sligo-Leitrim,2ae19629-1714-13a3-e055-000000000001,"Drumreilly North, Leitrim",9,31,50,121,5,12,1,3,0,0,2,2,0,0,67,169
Sligo-Leitrim,2ae19629-1715-13a3-e055-000000000001,"Drumreilly South, Leitrim",19,49,36,77,5,11,2,3,0,0,2,9,2,4,66,153
Sligo-Leitrim,2ae19629-1716-13a3-e055-000000000001,"Drumreilly West/Drumreilly East, Leitrim",16,45,46,106,1,3,0,0,0,0,4,6,3,8,70,168
Sligo-Leitrim,2ae19629-172b-13a3-e055-000000000001,"Drumshanbo, Leitrim",138,467,256,546,94,258,70,169,10,20,20,46,31,83,619,1589
Sligo-Leitrim,2ae19629-172c-13a3-e055-000000000001,"Drumsna, Leitrim",91,296,143,324,21,55,4,8,0,0,9,15,15,41,283,739
Sligo-Leitrim,2ae19629-172e-13a3-e055-000000000001,"Fenagh, Leitrim",47,165,82,187,10,22,0,0,0,0,2,4,1,1,142,379
Sligo-Leitrim,2ae19629-172f-13a3-e055-000000000001,"Garadice, Leitrim",38,147,118,273,31,80,25,46,20,21,2,5,2,4,236,576
Sligo-Leitrim,2ae19629-1730-13a3-e055-000000000001,"Garvagh, Leitrim",12,37,39,71,2,2,3,8,0,0,0,0,1,1,57,119
Sligo-Leitrim,2ae19629-1731-13a3-e055-000000000001,"Glenade, Leitrim",18,53,33,88,3,7,3,3,0,0,1,1,3,8,61,160
Sligo-Leitrim,2ae19629-1732-13a3-e055-000000000001,"Glenaniff, Leitrim",22,77,37,75,1,1,2,4,0,0,4,8,4,12,70,177
Sligo-Leitrim,2ae19629-1733-13a3-e055-000000000001,"Glenboy, Leitrim",28,94,48,113,5,7,0,0,0,0,5,9,2,8,88,231
Sligo-Leitrim,2ae19629-1734-13a3-e055-000000000001,"Glencar, Leitrim",22,70,54,140,10,29,10,27,0,0,2,5,3,11,101,282
Sligo-Leitrim,2ae19629-1735-13a3-e055-000000000001,"Glenfarn, Leitrim",14,62,37,85,2,3,1,3,0,0,0,0,2,7,56,160
Sligo-Leitrim,2ae19629-1736-13a3-e055-000000000001,"Gortermone, Leitrim",24,87,74,184,2,3,1,2,0,0,1,3,4,14,106,293
Sligo-Leitrim,2ae19629-1737-13a3-e055-000000000001,"Gortnagullion, Leitrim",42,131,54,129,6,19,0,0,0,0,2,2,10,29,114,310
Sligo-Leitrim,2ae19629-1725-13a3-e055-000000000001,"Gowel, Leitrim",41,156,70,162,6,11,1,1,0,0,2,2,12,29,132,361
Sligo-Leitrim,a74249fa-0039-4f59-ad83-53fe986ff7bf,"Greaghglass/Stralongford, Leitrim",31,135,73,177,7,21,14,19,0,0,4,8,4,13,133,373
Sligo-Leitrim,2ae19629-1727-13a3-e055-000000000001,"Gubacreeny, Leitrim",100,309,113,245,51,133,33,82,3,5,7,13,9,19,316,806
Sligo-Leitrim,2ae19629-1728-13a3-e055-000000000001,"Keeldra, Leitrim",13,41,52,119,2,7,2,4,0,0,2,5,4,15,75,191
Sligo-Leitrim,2ae19629-1729-13a3-e055-000000000001,"Keshcarrigan, Leitrim",58,189,90,218,28,69,23,48,2,10,7,19,18,57,226,610
Sligo-Leitrim,2ae19629-172a-13a3-e055-000000000001,"Killanummery, Leitrim",45,150,81,192,3,8,2,8,0,0,2,5,4,8,137,371
Sligo-Leitrim,2ae19629-1739-13a3-e055-000000000001,"Killygar, Leitrim",11,39,36,75,1,1,0,0,1,4,2,5,2,5,53,129
Sligo-Leitrim,2ae19629-173a-13a3-e055-000000000001,"Kiltubbrid, Leitrim",24,86,34,78,1,2,0,0,0,0,1,1,3,9,63,176
Sligo-Leitrim,2ae19629-1742-13a3-e055-000000000001,"Kiltyclogher, Leitrim",13,55,61,98,12,44,18,35,0,0,3,5,7,16,114,253
Sligo-Leitrim,2ae19629-1743-13a3-e055-000000000001,"Kinlough, Leitrim",109,381,143,317,77,185,38,104,7,19,13,23,8,20,395,1049
Sligo-Leitrim,2ae19629-1744-13a3-e055-000000000001,"Leitrim, Leitrim",171,605,210,464,87,216,2,7,0,0,6,8,24,70,500,1370
Sligo-Leitrim,2ae19629-1745-13a3-e055-000000000001,"Lisgillock, Leitrim",21,84,49,107,3,8,0,0,0,0,4,8,0,0,77,207
Sligo-Leitrim,2ae19629-1746-13a3-e055-000000000001,"Lurganboy, Leitrim",46,168,95,226,14,38,2,4,0,0,6,9,6,12,169,457
Sligo-Leitrim,2ae19629-1747-13a3-e055-000000000001,"Mahanagh, Leitrim",30,109,60,161,6,22,3,11,0,0,1,1,9,31,109,335
Sligo-Leitrim,2ae19629-1748-13a3-e055-000000000001,"Manorhamilton, Leitrim",180,541,305,635,184,447,97,203,34,94,32,73,21,45,853,2038
Sligo-Leitrim,2ae19629-1749-13a3-e055-000000000001,"Melvin/Aghavoghil, Leitrim",11,37,65,150,9,21,13,23,0,0,1,1,3,3,102,235
Sligo-Leitrim,2ae19629-174a-13a3-e055-000000000001,"Moher, Leitrim",28,81,52,114,4,10,0,0,0,0,3,6,1,3,88,214
Sligo-Leitrim,2ae19629-174b-13a3-e055-000000000001,"Mohill, Leitrim",85,297,241,499,72,180,105,231,2,2,22,39,19,51,546,1299
Sligo-Leitrim,2ae19629-174c-13a3-e055-000000000001,"Munakill, Leitrim",15,57,38,84,4,11,2,7,0,0,2,13,4,10,65,182
Sligo-Leitrim,2ae19629-174d-13a3-e055-000000000001,"Newtowngore, Leitrim",29,96,58,128,23,59,0,0,0,0,2,2,5,8,117,293
Sligo-Leitrim,2ae19629-173b-13a3-e055-000000000001,"Oughteragh, Leitrim",16,43,27,49,0,0,3,5,0,0,0,0,0,0,46,97
Sligo-Leitrim,2ae19629-173c-13a3-e055-000000000001,"Rinn, Leitrim",42,124,74,167,48,105,1,3,0,0,6,14,12,36,183,449
Sligo-Leitrim,2ae19629-173d-13a3-e055-000000000001,"Riverstown, Leitrim",21,79,56,125,6,16,0,0,0,0,7,10,4,9,94,239
Sligo-Leitrim,2ae19629-173e-13a3-e055-000000000001,"Roosky, Leitrim",85,279,128,277,59,150,12,55,0,0,5,9,20,60,309,830
Sligo-Leitrim,2ae19629-173f-13a3-e055-000000000001,"Rowan, Leitrim",27,105,62,138,5,11,2,3,0,0,5,9,5,10,106,276
Sligo-Leitrim,2ae19629-1740-13a3-e055-000000000001,"Sramore, Leitrim",55,213,71,151,11,28,0,0,0,0,2,5,3,10,142,407
Sligo-Leitrim,2ae19629-1741-13a3-e055-000000000001,"St. Patrick's, Leitrim",10,36,37,74,4,11,2,6,0,0,1,2,2,4,56,133
Sligo-Leitrim,2ae19629-1755-13a3-e055-000000000001,"Tullaghan, Leitrim",84,248,127,267,64,131,8,13,5,19,9,17,21,47,318,742
Sligo-Leitrim,2ae19629-1756-13a3-e055-000000000001,"Yugan, Leitrim",16,54,62,126,4,13,14,27,1,3,3,3,3,8,103,234
Mayo,2ae19629-193a-13a3-e055-000000000001,"Acaill, Maigh Eo",54,196,233,484,16,34,15,28,0,0,22,33,3,6,343,781
Mayo,2ae19629-1944-13a3-e055-000000000001,"Addergoole, Mayo",103,359,172,384,41,103,5,13,0,0,10,19,8,24,339,902
Mayo,2ae19629-1945-13a3-e055-000000000001,"Aghagower North, Mayo",136,512,162,390,19,53,14,34,1,5,7,20,15,49,354,1063
Mayo,2ae19629-1951-13a3-e055-000000000001,"Aghagower South, Mayo",7,18,29,67,3,8,4,9,0,0,3,7,2,4,48,113
Mayo,2ae19629-1952-13a3-e055-000000000001,"Aghamore, Mayo",60,219,133,294,21,63,5,9,9,12,7,13,4,8,239,618
Mayo,2ae19629-1953-13a3-e055-000000000001,"Aillemore, Mayo",30,109,96,208,17,30,1,2,0,0,5,9,2,4,151,362
Mayo,2ae19629-1954-13a3-e055-000000000001,"An Geata Mór Theas, Mayo",59,226,213,513,19,58,14,42,0,0,9,19,13,35,327,893
Mayo,2ae19629-1955-13a3-e055-000000000001,"An Geata Mór Thuaidh, Mayo",108,391,213,460,22,69,27,53,0,0,3,3,10,30,383,1006
Mayo,2ae19629-195f-13a3-e055-000000000001,"Ardagh, Mayo",29,108,87,216,9,28,0,0,0,0,3,10,3,7,131,369
Mayo,2ae19629-1960-13a3-e055-000000000001,"Ardnaree North, Mayo",103,373,200,488,12,29,5,21,1,4,7,12,8,21,336,948
Mayo,2ae19629-1961-13a3-e055-000000000001,"Ardnaree South Rural, Mayo",434,1478,419,918,169,508,18,54,2,10,14,26,31,90,1087,3084
Mayo,2ae19629-18bc-13a3-e055-000000000001,"Ardnaree South Urban, Mayo",173,499,353,695,205,436,183,550,47,135,14,26,15,31,990,2372
Mayo,2ae19629-196a-13a3-e055-000000000001,"Attymass East, Mayo",36,138,76,180,10,16,5,14,9,16,7,8,3,5,146,377
Mayo,2ae19629-196b-13a3-e055-000000000001,"Attymass West, Mayo",32,107,58,117,10,31,0,0,0,0,1,1,4,10,105,266
Mayo,2ae19629-1974-13a3-e055-000000000001,"Balla, Mayo",214,707,279,627,83,227,22,45,1,5,10,16,21,47,630,1674
Mayo,2ae19629-1975-13a3-e055-000000000001,"Ballina Rural, Mayo",340,1150,483,1148,182,564,32,130,5,21,26,46,22,63,1090,3122
Mayo,2ae19629-1976-13a3-e055-000000000001,"Ballina Urban, Mayo",289,791,698,1334,535,1221,180,534,50,152,28,44,34,74,1814,4150
Mayo,2ae19629-197f-13a3-e055-000000000001,"Ballinafad, Mayo",68,261,122,296,11,31,3,6,2,2,6,17,7,22,219,635
Mayo,2ae19629-1980-13a3-e055-000000000001,"Ballinamore, Mayo",24,96,78,178,4,11,3,7,0,0,5,13,2,4,116,309
Mayo,2ae19629-1981-13a3-e055-000000000001,"Baile an Chalaidh, Maigh Eo",19,59,56,124,9,20,0,0,0,0,5,12,7,20,96,235
Mayo,2ae19629-18ca-13a3-e055-000000000001,"Ballindine, Mayo",104,326,166,381,43,117,14,28,0,0,7,17,10,32,344,901
Mayo,2ae19629-18cb-13a3-e055-000000000001,"Ballinrobe, Mayo",379,1246,503,1138,385,1069,112,302,17,26,16,41,104,252,1516,4074
Mayo,2ae19629-18cc-13a3-e055-000000000001,"Ballycastle, Mayo",39,126,143,328,17,45,23,37,16,22,8,15,9,19,255,592
Mayo,2ae19629-18cd-13a3-e055-000000000001,"Ballycroy North, Mayo",17,54,72,166,7,21,4,13,0,0,5,9,4,8,109,271
Mayo,2ae19629-18ce-13a3-e055-000000000001,"Ballycroy South, Mayo",20,74,81,182,3,7,12,33,1,1,3,7,5,14,125,318
Mayo,2ae19629-18d8-13a3-e055-000000000001,"Ballyhaunis, Mayo",224,776,380,858,359,1184,101,241,14,32,58,176,82,231,1218,3498
Mayo,2ae19629-18d9-13a3-e055-000000000001,"Ballyhean, Mayo",79,313,113,284,7,19,1,3,0,0,5,10,7,24,212,653
Mayo,2ae19629-18e5-13a3-e055-000000000001,"Ballyhowly, Mayo",43,141,108,257,19,50,2,2,0,0,4,10,6,13,182,473
Mayo,2ae19629-18e6-13a3-e055-000000000001,"Ballynagoraher, Mayo",33,113,87,210,4,8,0,0,0,0,2,3,4,9,130,343
Mayo,2ae19629-18f0-13a3-e055-000000000001,"Baile Óbha, Maigh Eo",21,82,47,112,7,21,2,4,0,0,1,1,5,19,83,239
Mayo,2ae19629-18f1-13a3-e055-000000000001,"Ballysakeery, Mayo",63,223,122,306,11,33,9,24,0,0,5,8,11,31,221,625
Mayo,2ae19629-18fb-13a3-e055-000000000001,"Bangor, Mayo",47,148,95,222,17,44,28,48,0,0,4,10,9,24,200,496
Mayo,2ae19629-18fc-13a3-e055-000000000001,"Barr Rúscaí, Maigh Eo",7,16,29,69,0,0,2,2,0,0,1,1,4,7,43,95
Mayo,2ae19629-1908-13a3-e055-000000000001,"Bekan, Mayo",84,303,161,352,17,53,2,10,0,0,8,20,7,20,279,758
Mayo,2ae19629-1909-13a3-e055-000000000001,"Béal Deirg Mór, Maigh Eo",7,26,39,90,3,7,3,7,0,0,4,7,2,3,58,140
Mayo,2ae19629-190a-13a3-e055-000000000001,"Bellavary, Mayo",114,398,225,550,15,41,15,37,1,1,12,22,16,50,398,1099
Mayo,2ae19629-190b-13a3-e055-000000000001,"Béal an Mhuirthead, Maigh Eo",163,569,361,799,174,431,53,103,13,18,22,45,19,54,805,2019
Mayo,2ae19629-190c-13a3-e055-000000000001,"Bohola, Mayo",40,127,59,122,18,51,1,3,0,0,4,8,5,11,127,322
Mayo,2ae19629-1914-13a3-e055-000000000001,"Brackloon, Mayo",62,231,139,336,10,35,11,28,0,0,8,21,5,13,235,664
Mayo,2ae19629-1915-13a3-e055-000000000001,"Breaghwy, Mayo",215,786,287,702,60,178,4,9,1,4,7,15,34,97,608,1791
Mayo,2ae19629-192d-13a3-e055-000000000001,"Burren, Mayo",45,180,68,158,3,10,1,2,0,0,3,4,9,25,129,379
Mayo,2ae19629-192e-13a3-e055-000000000001,"Burriscarra, Mayo",43,156,97,226,15,42,1,4,0,0,6,14,4,14,166,456
Mayo,2ae19629-193b-13a3-e055-000000000001,"Callow, Mayo",32,135,104,220,15,40,2,9,0,0,8,14,8,19,169,437
Mayo,2ae19629-193c-13a3-e055-000000000001,"An Cheapaigh Dhuibh, Maigh Eo",30,118,82,201,9,19,10,13,1,1,2,3,4,9,138,364
Mayo,2ae19629-1946-13a3-e055-000000000001,"Caraun, Mayo",51,163,72,153,5,14,0,0,0,0,5,8,5,15,138,353
Mayo,2ae19629-1947-13a3-e055-000000000001,"Carrowmore, Mayo",87,323,187,456,18,56,7,20,0,0,11,21,13,30,323,906
Mayo,2ae19629-1948-13a3-e055-000000000001,"Castlebar Rural, Mayo",917,2838,1043,2371,668,1858,200,575,22,36,38,87,99,243,2987,8008
Mayo,2ae19629-1949-13a3-e055-000000000001,"Castlebar Urban, Mayo",333,858,885,1709,1051,2516,218,481,54,99,49,97,140,284,2730,6044
Mayo,2ae19629-194a-13a3-e055-000000000001,"Clare Island, Mayo",8,39,43,104,4,12,8,11,1,1,6,16,1,6,71,189
Mayo,2ae19629-1956-13a3-e055-000000000001,"Claremorris, Mayo",422,1308,547,1169,546,1462,116,311,50,86,22,48,83,198,1786,4582
Mayo,2ae19629-1957-13a3-e055-000000000001,"Clogher, Mayo, 157052",76,288,112,258,7,20,1,4,0,0,6,14,11,33,213,617
Mayo,2ae19629-1958-13a3-e055-000000000001,"Clogher, Mayo, 157053",103,380,180,450,26,70,2,6,0,0,5,8,10,33,326,947
Mayo,2ae19629-1962-13a3-e055-000000000001,"Cloghermore, Mayo",12,42,35,85,6,15,2,4,0,0,3,8,5,13,63,167
Mayo,2ae19629-1963-13a3-e055-000000000001,"Cloonkeen, Mayo",95,350,170,369,13,30,3,10,0,0,5,12,8,17,294,788
Mayo,2ae19629-1964-13a3-e055-000000000001,"Cloonmore, Mayo",30,87,138,281,8,26,4,7,3,3,4,8,8,14,195,426
Mayo,2ae19629-1965-13a3-e055-000000000001,"Cong, Mayo",94,346,166,398,41,108,1,2,0,0,11,15,12,21,325,890
Mayo,2ae19629-196c-13a3-e055-000000000001,"Coolnaha, Mayo",52,202,108,256,11,34,0,0,1,4,6,15,0,0,178,511
Mayo,2ae19629-196d-13a3-e055-000000000001,"Coonard, Mayo",33,114,67,147,8,19,1,2,0,0,2,2,9,21,120,305
Mayo,2ae19629-196e-13a3-e055-000000000001,"Corraun, Mayo",54,195,178,401,13,35,20,38,0,0,7,14,6,16,278,699
Mayo,2ae19629-196f-13a3-e055-000000000001,"Course, Mayo",51,189,97,220,8,28,0,0,1,1,5,9,4,13,166,460
Mayo,2ae19629-1977-13a3-e055-000000000001,"Croaghmoyle, Mayo",16,58,44,100,1,1,0,0,0,0,2,5,3,8,66,172
Mayo,2ae19629-1978-13a3-e055-000000000001,"Croaghpatrick, Mayo",63,236,132,321,41,89,0,0,1,2,5,13,17,46,259,707
Mayo,2ae19629-1979-13a3-e055-000000000001,"Crossboyne, Mayo",82,295,101,242,11,25,0,0,3,11,6,7,12,27,215,607
Mayo,2ae19629-197a-13a3-e055-000000000001,"Crossmolina North, Mayo",115,374,218,470,58,155,30,59,4,7,13,24,7,15,445,1104
Mayo,2ae19629-1982-13a3-e055-000000000001,"Crossmolina South, Mayo",85,305,196,418,39,93,6,10,0,0,16,25,7,16,349,867
Mayo,2ae19629-1983-13a3-e055-000000000001,"Cuildoo, Mayo",31,105,93,193,6,14,7,32,0,0,7,14,2,4,146,362
Mayo,2ae19629-18cf-13a3-e055-000000000001,"Culnacleha, Mayo",38,148,110,276,14,33,0,0,8,11,10,16,4,9,184,493
Mayo,2ae19629-18d0-13a3-e055-000000000001,"Dalgan, Mayo",145,506,219,489,34,93,6,14,0,0,7,22,26,57,437,1181
Mayo,2ae19629-18d1-13a3-e055-000000000001,"Deel, Mayo",37,137,119,300,3,6,6,18,0,0,9,20,4,16,178,497
Mayo,2ae19629-18d2-13a3-e055-000000000001,"Derry, Mayo",16,54,53,120,1,4,3,5,0,0,2,5,2,4,77,192
Mayo,2ae19629-18d3-13a3-e055-000000000001,"Derryloughan, Mayo",89,321,132,299,30,68,1,3,0,0,11,25,16,46,279,762
Mayo,2ae19629-18da-13a3-e055-000000000001,"Doocastle, Mayo",26,117,102,198,6,15,3,8,1,2,5,8,10,21,153,369
Mayo,2ae19629-18db-13a3-e055-000000000001,"Dumha Éige, Maigh Eo",21,71,153,337,21,43,23,56,1,1,15,22,10,30,244,560
Mayo,2ae19629-18dc-13a3-e055-000000000001,"Drummin, Mayo",14,37,44,96,3,11,5,12,0,0,3,10,5,11,74,177
Mayo,2ae19629-18e7-13a3-e055-000000000001,"Emlagh, Mayo",27,99,81,175,9,22,1,1,0,0,5,17,7,15,130,329
Mayo,2ae19629-18e8-13a3-e055-000000000001,"Erriff, Mayo",6,21,28,74,1,2,0,0,0,0,1,4,6,12,42,113
Mayo,2ae19629-18e9-13a3-e055-000000000001,"Fortland, Mayo",67,271,109,258,5,11,1,4,0,0,4,7,5,12,191,563
Mayo,2ae19629-18f2-13a3-e055-000000000001,"Garrymore, Mayo",53,209,94,212,12,24,2,3,0,0,4,4,12,30,177,482
Mayo,2ae19629-18f3-13a3-e055-000000000001,"Gleann na Muaidhe, Maigh Eo",6,21,57,132,4,11,9,16,0,0,2,5,4,13,82,198
Mayo,2ae19629-18f4-13a3-e055-000000000001,"Gleann Chaisil, Maigh Eo",44,164,117,264,13,30,6,13,0,0,7,12,7,17,194,500
Mayo,2ae19629-18fe-13a3-e055-000000000001,"Glenhest, Mayo",23,75,60,126,9,19,6,16,0,0,6,16,0,0,104,252
Mayo,2ae19629-18ff-13a3-e055-000000000001,"Guala Mhór, Maigh Eo",9,33,37,83,3,10,0,0,0,0,3,3,1,2,53,131
Mayo,2ae19629-190d-13a3-e055-000000000001,"Hollymount, Mayo",98,372,160,361,24,59,7,24,0,0,6,10,7,15,302,841
Mayo,2ae19629-190e-13a3-e055-000000000001,"Houndswood, Mayo",72,252,144,312,26,67,1,1,0,0,9,20,3,7,255,659
Mayo,2ae19629-1916-13a3-e055-000000000001,"Islandeady, Mayo",137,490,199,466,18,58,5,15,0,0,8,17,12,28,379,1074
Mayo,2ae19629-1917-13a3-e055-000000000001,"Kilbeagh, Mayo",95,315,218,493,67,164,20,31,15,15,11,20,8,26,434,1064
Mayo,2ae19629-1921-13a3-e055-000000000001,"Kilcolman, Mayo",50,190,96,229,6,14,0,0,0,0,3,8,4,10,159,451
Mayo,2ae19629-1922-13a3-e055-000000000001,"Kilcommon, Mayo",74,261,149,355,10,29,2,3,0,0,9,18,13,29,257,695
Mayo,2ae19629-1923-13a3-e055-000000000001,"Kilfian East, Mayo",21,87,56,130,1,1,3,8,0,0,3,5,4,6,88,237
Mayo,2ae19629-1924-13a3-e055-000000000001,"Kilfian South, Mayo",19,89,50,110,4,13,9,17,0,0,5,7,5,12,92,248
Mayo,2ae19629-192f-13a3-e055-000000000001,"Kilfian West, Mayo",5,14,29,60,4,11,3,6,0,0,5,10,4,6,50,107
Mayo,2ae19629-1930-13a3-e055-000000000001,"Kilgarvan, Mayo",83,311,180,405,26,67,12,27,0,0,8,13,13,39,322,862
Mayo,2ae19629-193d-13a3-e055-000000000001,"Kilgeever, Mayo",5,12,30,77,4,6,0,0,0,0,2,4,1,1,42,100
Mayo,2ae19629-193e-13a3-e055-000000000001,"Kilkelly, Mayo",79,256,220,483,33,94,26,76,0,0,7,21,16,37,381,967
Mayo,2ae19629-193f-13a3-e055-000000000001,"Killala, Mayo",122,400,264,598,40,107,53,115,0,0,12,27,19,58,510,1305
Mayo,2ae19629-194b-13a3-e055-000000000001,"Killavally, Mayo",71,245,86,218,6,17,9,21,0,0,1,1,8,26,181,528
Mayo,2ae19629-194c-13a3-e055-000000000001,"Killedan, Mayo",81,282,159,344,13,27,2,4,0,0,11,23,4,12,270,692
Mayo,2ae19629-1959-13a3-e055-000000000001,"Kilmaclasser, Mayo",84,303,111,294,17,45,4,17,0,0,6,19,5,18,227,696
Mayo,2ae19629-195a-13a3-e055-000000000001,"Kilmaine, Mayo",92,340,201,494,22,55,28,69,0,0,14,26,18,28,375,1012
Mayo,2ae19629-195b-13a3-e055-000000000001,"Kilmeena, Mayo",183,636,290,728,32,88,13,36,0,0,17,41,22,57,557,1586
Mayo,2ae19629-1966-13a3-e055-000000000001,"Kilmovee, Mayo",68,232,166,360,11,35,4,6,7,11,4,5,5,16,265,665
Mayo,2ae19629-1967-13a3-e055-000000000001,"Kilsallagh, Mayo",66,218,104,239,28,69,2,2,0,0,7,9,9,26,216,563
Mayo,2ae19629-1970-13a3-e055-000000000001,"Kiltamagh, Mayo",161,475,313,626,133,326,27,49,17,27,17,36,21,49,689,1588
Mayo,2ae19629-1971-13a3-e055-000000000001,"Kilvine, Mayo",67,227,144,336,12,36,6,12,6,7,8,11,17,45,260,674
Mayo,2ae19629-197b-13a3-e055-000000000001,"Knappagh, Mayo",101,359,139,337,34,76,7,22,1,2,3,9,14,39,299,844
Mayo,2ae19629-197c-13a3-e055-000000000001,"Knock North, Mayo",60,190,190,390,139,328,8,17,1,3,14,32,10,23,422,983
Mayo,2ae19629-1984-13a3-e055-000000000001,"Knock South, Mayo",61,184,187,366,41,84,14,36,3,3,6,10,9,23,321,706
Mayo,2ae19629-1985-13a3-e055-000000000001,"Cnoc an Daimh, Maigh Eo",20,73,78,182,2,8,11,21,0,0,7,18,8,12,126,314
Mayo,2ae19629-1986-13a3-e055-000000000001,"Cnoc na Lobhar, Maigh Eo",51,174,188,434,19,60,21,60,1,5,8,17,5,12,293,762
Mayo,2ae19629-18c5-13a3-e055-000000000001,"Lackan North, Mayo",18,60,94,187,9,19,4,9,5,5,3,3,5,12,138,295
Mayo,2ae19629-18c6-13a3-e055-000000000001,"Lackan South, Mayo",38,135,116,262,14,35,4,10,0,0,7,13,2,4,181,459
Mayo,2ae19629-18d4-13a3-e055-000000000001,"Letterbrick, Mayo",5,19,34,77,1,3,2,2,0,0,3,4,3,5,48,110
Mayo,2ae19629-18d5-13a3-e055-000000000001,"Loughanboy, Mayo",28,85,86,189,5,13,0,0,0,0,3,6,9,26,131,319
Mayo,2ae19629-182d-13a3-e055-000000000001,"Louisburgh, Mayo",109,373,192,394,79,191,25,51,6,9,11,19,24,64,446,1101
Mayo,2ae19629-182e-13a3-e055-000000000001,"Manulla, Mayo",124,464,173,425,24,62,3,6,0,0,10,16,15,37,349,1010
Mayo,2ae19629-1838-13a3-e055-000000000001,"Mayo, Mayo",46,163,100,227,8,17,1,1,0,0,6,11,7,18,168,437
Mayo,2ae19629-1839-13a3-e055-000000000001,"Meelick, Mayo",57,189,123,260,19,40,4,11,0,0,2,10,3,8,208,518
Mayo,2ae19629-1844-13a3-e055-000000000001,"Mount Falcon, Mayo",135,494,263,639,30,80,8,28,1,4,14,30,9,26,460,1301
Mayo,2ae19629-1845-13a3-e055-000000000001,"Moing na Bó, Maigh Eo",18,61,68,145,4,10,8,19,0,0,5,5,5,10,108,250
Mayo,2ae19629-1846-13a3-e055-000000000001,"Na Monga, Maigh Eo",19,67,52,121,6,12,6,13,0,0,5,7,3,7,91,227
Mayo,2ae19629-1850-13a3-e055-000000000001,"Murneen, Mayo",38,135,94,202,11,23,1,1,0,0,1,3,4,8,149,372
Mayo,2ae19629-1851-13a3-e055-000000000001,"Neale, Mayo",92,359,163,409,22,66,4,5,0,0,3,4,13,35,297,878
Mayo,2ae19629-185b-13a3-e055-000000000001,"Newbrook, Mayo",63,221,118,281,13,32,0,0,0,0,3,6,4,11,201,551
Mayo,2ae19629-185c-13a3-e055-000000000001,"Newport East, Mayo",118,419,217,512,96,223,41,84,15,16,8,21,20,50,515,1325
Mayo,2ae19629-185d-13a3-e055-000000000001,"Newport West, Mayo",64,223,147,334,39,102,5,11,14,14,11,19,10,27,290,730
Mayo,2ae19629-185e-13a3-e055-000000000001,"Abhainn Bhrain, Maigh Eo",11,37,69,135,5,10,3,7,0,0,6,11,3,9,97,209
Mayo,7d09d455-0fac-4a81-a63b-1b8dbe0d62b1,"Owennadornaun/Bundorragha, Mayo",10,37,29,70,6,17,0,0,0,0,3,6,1,3,49,133
Mayo,2ae19629-1868-13a3-e055-000000000001,"Pontoon, Mayo",62,229,92,231,10,26,2,3,0,0,1,1,13,25,180,515
Mayo,2ae19629-1869-13a3-e055-000000000001,"Partraí, Maigh Eo",67,230,129,298,13,33,1,5,0,0,3,3,6,18,219,587
Mayo,2ae19629-186a-13a3-e055-000000000001,"Cnoc na Ráithe, Maigh Eo",58,210,165,348,16,52,23,48,1,2,8,14,13,26,284,700
Mayo,2ae19629-1875-13a3-e055-000000000001,"Rathoma, Mayo",22,77,49,122,5,10,0,0,0,0,1,1,8,24,85,234
Mayo,2ae19629-1876-13a3-e055-000000000001,"Roslee, Mayo",47,181,74,193,11,19,6,16,9,16,1,1,5,16,153,442
Mayo,2ae19629-1877-13a3-e055-000000000001,"Sallymount, Mayo",45,191,106,270,3,10,2,6,0,0,6,17,9,21,171,515
Mayo,396b71f0-9c69-422b-84df-e2ec984a6b49,"Sheskin/Bunaveela/Glenco, Mayo",3,13,60,129,1,1,0,0,0,0,3,7,3,9,70,159
Mayo,2ae19629-1881-13a3-e055-000000000001,"Shrule, Mayo",148,525,206,530,35,95,2,8,0,0,7,20,21,53,419,1231
Mayo,2ae19629-188b-13a3-e055-000000000001,"Slievemahanagh, Mayo",60,240,83,227,11,36,7,14,0,0,2,5,5,12,168,534
Mayo,2ae19629-188c-13a3-e055-000000000001,"Slievemore, Mayo",64,183,286,625,14,21,11,26,12,13,24,39,8,14,419,921
Mayo,2ae19629-188d-13a3-e055-000000000001,"Sonnagh, Mayo",104,337,239,518,56,149,31,92,1,4,18,31,4,10,453,1141
Mayo,2ae19629-188e-13a3-e055-000000000001,"Sraheen, Mayo",130,453,255,523,51,119,13,31,2,2,16,29,15,24,482,1181
Mayo,2ae19629-1898-13a3-e055-000000000001,"Srahmore, Mayo",18,57,32,68,4,12,0,0,0,0,1,2,6,17,61,156
Mayo,2ae19629-1899-13a3-e055-000000000001,"Strade, Mayo",60,217,141,324,10,27,4,8,0,0,6,10,16,55,237,641
Mayo,2ae19629-189a-13a3-e055-000000000001,"Swineford, Mayo",211,684,570,1219,116,297,92,214,22,26,20,44,29,76,1060,2560
Mayo,2ae19629-189b-13a3-e055-000000000001,"Tagheen, Mayo",14,57,40,90,3,14,1,2,0,0,3,4,7,22,68,189
Mayo,2ae19629-18a3-13a3-e055-000000000001,"Tamhnaigh na Graí, Maigh Eo",40,153,78,173,9,17,2,7,0,0,1,1,5,13,135,364
Mayo,2ae19629-18a4-13a3-e055-000000000001,"Toocananagh, Mayo",46,176,85,191,23,59,9,30,0,0,5,5,2,5,170,466
Mayo,2ae19629-18a5-13a3-e055-000000000001,"Toomore, Mayo",166,530,318,655,99,213,52,121,21,33,18,30,33,73,707,1655
Mayo,2ae19629-18af-13a3-e055-000000000001,"Tumgesh, Mayo",28,120,89,191,6,18,2,7,0,0,4,5,5,12,134,353
Mayo,2ae19629-18b0-13a3-e055-000000000001,"Turlough, Mayo",190,647,277,694,24,46,4,13,1,1,5,14,29,87,530,1502
Mayo,2ae19629-18b1-13a3-e055-000000000001,"Urlaur, Mayo",42,122,157,324,16,44,0,0,0,0,5,10,4,11,224,511
Mayo,2ae19629-18ba-13a3-e055-000000000001,"Westport Rural, Mayo",210,717,313,759,59,173,2,7,1,6,9,16,24,71,618,1749
Mayo,2ae19629-18bb-13a3-e055-000000000001,"Westport Urban, Mayo",436,1274,741,1519,755,1772,204,454,30,57,43,99,76,163,2285,5338
Roscommon-Galway,2ae19629-1a86-13a3-e055-000000000001,"Aghafin, Roscommon",9,56,38,74,0,0,0,0,0,0,3,5,2,4,52,139
Roscommon-Galway,2ae19629-1a92-13a3-e055-000000000001,"Annaghmore, Roscommon",30,104,87,185,2,4,2,2,0,0,2,2,1,4,124,301
Roscommon-Galway,2ae19629-1a93-13a3-e055-000000000001,"Artagh North, Roscommon",74,246,221,524,17,51,5,8,0,0,11,20,6,11,334,860
Roscommon-Galway,2ae19629-1a9c-13a3-e055-000000000001,"Artagh South, Roscommon",40,140,116,268,5,16,5,14,0,0,5,14,4,10,175,462
Roscommon-Galway,2ae19629-1a9d-13a3-e055-000000000001,"Athleague East, Roscommon",65,234,94,231,13,29,2,3,0,0,8,11,2,5,184,513
Roscommon-Galway,2ae19629-1aa7-13a3-e055-000000000001,"Athleague West, Roscommon",55,202,107,197,42,111,30,70,2,4,0,0,9,24,245,608
Roscommon-Galway,2ae19629-1aa8-13a3-e055-000000000001,"Athlone West Rural, Roscommon",687,2171,412,1027,435,1269,194,594,13,32,14,36,73,178,1828,5307
Roscommon-Galway,2ae19629-1aa9-13a3-e055-000000000001,"Aughrim East, Roscommon",22,78,49,112,8,21,0,0,0,0,3,7,4,19,86,237
Roscommon-Galway,2ae19629-1ab2-13a3-e055-000000000001,"Aughrim West, Roscommon",18,65,47,107,4,8,0,0,0,0,2,3,2,2,73,185
Roscommon-Galway,2ae19629-1ab3-13a3-e055-000000000001,"Ballaghaderreen, Roscommon",174,565,512,1105,322,898,111,305,27,39,27,60,44,129,1217,3101
Roscommon-Galway,2ae19629-1abc-13a3-e055-000000000001,"Ballinlough, Roscommon",115,366,231,486,56,148,27,58,4,8,13,28,18,54,464,1148
Roscommon-Galway,2ae19629-1abd-13a3-e055-000000000001,"Ballintober, Roscommon",79,261,167,390,38,115,8,20,0,0,8,15,17,48,317,849
Roscommon-Galway,2ae19629-1ac9-13a3-e055-000000000001,"Ballydangan, Roscommon",89,326,131,345,16,48,1,2,0,0,5,11,18,53,260,785
Roscommon-Galway,2ae19629-1aca-13a3-e055-000000000001,"Ballyfarnan, Roscommon",22,76,57,102,3,9,26,59,0,0,0,0,6,15,114,261
Roscommon-Galway,2ae19629-1acb-13a3-e055-000000000001,"Ballyformoyle, Roscommon",19,58,40,83,6,18,1,1,1,1,2,3,3,7,72,171
Roscommon-Galway,2ae19629-1ad5-13a3-e055-000000000001,"Ballygarden, Roscommon",25,88,46,105,2,7,0,0,0,0,4,10,4,10,81,220
Roscommon-Galway,2ae19629-1ad6-13a3-e055-000000000001,"Ballynamona, Roscommon",51,191,102,260,16,50,3,10,0,0,2,3,3,14,177,528
Roscommon-Galway,2ae19629-1ad7-13a3-e055-000000000001,"Baslick, Roscommon",10,37,40,95,1,2,3,9,0,0,0,0,1,1,55,144
Roscommon-Galway,2ae19629-1ae2-13a3-e055-000000000001,"Bellanagare, Roscommon",60,193,165,365,20,50,5,13,9,14,5,6,15,52,279,693
Roscommon-Galway,2ae19629-1ae3-13a3-e055-000000000001,"Boyle Rural, Roscommon",149,491,304,635,122,367,26,108,3,8,11,21,25,73,640,1703
Roscommon-Galway,2ae19629-1ae4-13a3-e055-000000000001,"Boyle Urban, Roscommon",92,276,275,500,123,301,165,342,2,2,14,27,33,63,704,1511
Roscommon-Galway,2ae19629-1ae5-13a3-e055-000000000001,"Breedoge, Roscommon",27,95,64,144,3,10,0,0,0,0,1,1,2,3,97,253
Roscommon-Galway,2ae19629-1aef-13a3-e055-000000000001,"Buckill, Roscommon",32,104,94,213,8,15,2,3,0,0,4,10,7,11,147,356
Roscommon-Galway,2ae19629-1af0-13a3-e055-000000000001,"Bumlin, Roscommon",65,230,106,239,17,40,3,13,1,1,0,0,3,10,195,533
Roscommon-Galway,2ae19629-1af1-13a3-e055-000000000001,"Caltragh, Roscommon",39,156,44,112,1,1,2,4,0,0,1,1,4,10,91,284
Roscommon-Galway,2ae19629-1afc-13a3-e055-000000000001,"Cams, Roscommon",52,183,84,222,17,37,0,0,0,0,3,4,8,25,164,471
Roscommon-Galway,2ae19629-1afd-13a3-e055-000000000001,"Carnagh, Roscommon",117,436,127,331,15,37,0,0,0,0,3,3,15,43,277,850
Roscommon-Galway,2ae19629-1afe-13a3-e055-000000000001,"Carrowduff, Roscommon",20,62,47,110,7,23,0,0,0,0,2,3,4,16,80,214
Roscommon-Galway,2ae19629-1a39-13a3-e055-000000000001,"Carrowreagh, Roscommon",70,264,103,253,6,15,2,2,0,0,3,4,2,2,186,540
Roscommon-Galway,2ae19629-1a3a-13a3-e055-000000000001,"Castleplunket, Roscommon",56,213,110,246,7,20,17,45,0,0,5,11,12,29,207,564
Roscommon-Galway,2ae19629-1a3b-13a3-e055-000000000001,"Castlereagh, Roscommon",192,633,514,1025,237,572,127,276,18,47,23,42,129,340,1240,2935
Roscommon-Galway,2ae19629-1a47-13a3-e055-000000000001,"Castlesampson, Roscommon",40,151,88,220,4,13,1,1,0,0,3,13,2,4,138,402
Roscommon-Galway,2ae19629-1a48-13a3-e055-000000000001,"Castleteheen, Roscommon",29,108,90,190,2,4,1,2,0,0,2,3,6,16,130,323
Roscommon-Galway,2ae19629-1a49-13a3-e055-000000000001,"Cloonburren, Roscommon",20,73,47,142,0,0,0,0,0,0,3,4,5,9,75,228
Roscommon-Galway,2ae19629-1a4a-13a3-e055-000000000001,"Cloonfinlough, Roscommon",22,72,45,85,3,9,0,0,0,0,3,3,4,8,77,177
Roscommon-Galway,2ae19629-19a1-13a3-e055-000000000001,"Cloonfower, Roscommon",41,155,82,168,8,17,2,4,0,0,3,9,1,1,137,354
Roscommon-Galway,2ae19629-19a2-13a3-e055-000000000001,"Cloonown, Roscommon",34,120,50,133,5,10,1,1,1,3,3,6,1,2,95,275
Roscommon-Galway,2ae19629-19a3-13a3-e055-000000000001,"Cloonteen, Roscommon",32,111,68,139,12,30,1,1,0,0,3,4,6,13,122,298
Roscommon-Galway,2ae19629-19ae-13a3-e055-000000000001,"Cloontuskert, Roscommon",135,422,204,413,99,242,51,128,0,0,8,14,15,27,512,1246
Roscommon-Galway,2ae19629-19af-13a3-e055-000000000001,"Cloonygormican, Roscommon",50,177,86,203,10,24,3,4,0,0,3,3,13,36,165,447
Roscommon-Galway,2ae19629-19b0-13a3-e055-000000000001,"Cloonyquin, Roscommon",21,80,57,136,5,9,1,3,0,0,5,13,6,16,95,257
Roscommon-Galway,2ae19629-19ba-13a3-e055-000000000001,"Coolougher, Roscommon",50,164,125,287,8,23,2,4,0,0,4,5,6,21,195,504
Roscommon-Galway,2ae19629-19bb-13a3-e055-000000000001,"Crannagh, Roscommon",140,538,226,602,15,46,1,1,0,0,6,11,9,25,397,1223
Roscommon-Galway,2ae19629-19c6-13a3-e055-000000000001,"Creagh, Roscommon",103,369,217,521,26,59,2,5,1,2,4,5,14,46,367,1007
Roscommon-Galway,2ae19629-19c7-13a3-e055-000000000001,"Creeve, Roscommon, 197046",19,61,30,65,1,1,1,1,0,0,1,2,2,7,54,137
Roscommon-Galway,2ae19629-19c8-13a3-e055-000000000001,"Creeve, Roscommon, 197047",17,52,34,83,5,8,1,2,0,0,3,5,1,2,61,152
Roscommon-Galway,2ae19629-19d1-13a3-e055-000000000001,"Cregga, Roscommon",15,60,42,101,1,2,0,0,0,0,0,0,1,1,59,164
Roscommon-Galway,2ae19629-19d2-13a3-e055-000000000001,"Croghan, Roscommon",58,187,87,212,4,9,0,0,1,2,1,2,1,3,152,415
Roscommon-Galway,2ae19629-19d3-13a3-e055-000000000001,"Crossna, Roscommon",20,59,45,107,6,12,0,0,0,0,4,7,7,24,82,209
Roscommon-Galway,2ae19629-19dc-13a3-e055-000000000001,"Culliagh, Roscommon",24,85,42,99,5,9,1,1,0,0,2,2,2,6,76,202
Roscommon-Galway,2ae19629-19dd-13a3-e055-000000000001,"Danesfort, Roscommon",90,273,132,275,122,327,16,51,1,3,6,9,11,26,378,964
Roscommon-Galway,2ae19629-19de-13a3-e055-000000000001,"Drumdaff, Roscommon",59,214,100,203,11,27,1,1,1,2,7,16,4,10,183,473
Roscommon-Galway,2ae19629-19df-13a3-e055-000000000001,"Drumlosh, Roscommon",40,139,65,173,10,31,1,1,0,0,1,3,4,11,121,358
Roscommon-Galway,2ae19629-19e7-13a3-e055-000000000001,"Dunamon, Roscommon",36,126,75,188,4,13,0,0,0,0,2,5,5,9,122,341
Roscommon-Galway,2ae19629-19e8-13a3-e055-000000000001,"Dysart, Roscommon",32,104,56,112,5,12,0,0,0,0,1,1,2,4,96,233
Roscommon-Galway,2ae19629-19f3-13a3-e055-000000000001,"Edmondstown, Roscommon",40,139,118,264,7,22,2,12,0,0,5,9,6,14,178,460
Roscommon-Galway,2ae19629-19f4-13a3-e055-000000000001,"Elia, Roscommon",14,40,28,68,4,14,2,6,0,0,1,2,3,7,52,137
Roscommon-Galway,2ae19629-19f5-13a3-e055-000000000001,"Elphin, Roscommon",65,204,154,309,76,200,44,115,1,2,8,19,23,46,371,895
Roscommon-Galway,2ae19629-1a00-13a3-e055-000000000001,"Estersnow, Roscommon",12,38,20,41,5,12,0,0,0,0,1,3,1,4,39,98
Roscommon-Galway,2ae19629-1a01-13a3-e055-000000000001,"Fairymount, Roscommon",39,137,83,170,4,7,1,4,1,1,4,8,2,2,134,329
Roscommon-Galway,2ae19629-1a02-13a3-e055-000000000001,"Frenchpark, Roscommon",72,241,198,449,54,170,37,97,3,5,9,15,17,42,390,1019
Roscommon-Galway,2ae19629-1a03-13a3-e055-000000000001,"Fuerty, Roscommon",85,293,159,398,15,40,2,3,1,3,5,13,16,42,283,792
Roscommon-Galway,2ae19629-1a0d-13a3-e055-000000000001,"Keadew, Roscommon",36,122,94,224,26,63,23,41,0,0,4,6,5,13,188,469
Roscommon-Galway,2ae19629-1a0e-13a3-e055-000000000001,"Kilbride North, Roscommon",55,191,88,198,6,16,1,3,0,0,3,4,4,8,157,420
Roscommon-Galway,2ae19629-1a0f-13a3-e055-000000000001,"Kilbride South, Roscommon",50,168,66,164,11,33,2,2,5,5,2,3,8,21,144,396
Roscommon-Galway,2ae19629-1a16-13a3-e055-000000000001,"Kilbryan, Roscommon",44,157,75,170,9,27,0,0,0,0,5,9,11,31,144,394
Roscommon-Galway,2ae19629-1a17-13a3-e055-000000000001,"Kilcar, Roscommon",45,165,69,170,12,23,1,1,0,0,2,5,6,17,135,381
Roscommon-Galway,2ae19629-1a23-13a3-e055-000000000001,"Kilgefin, Roscommon",23,94,79,189,3,7,2,3,0,0,5,9,7,11,119,313
Roscommon-Galway,2ae19629-1a24-13a3-e055-000000000001,"Kilglass North, Roscommon",56,190,113,236,10,18,2,10,0,0,9,15,9,25,199,494
Roscommon-Galway,2ae19629-1a25-13a3-e055-000000000001,"Kilglass South, Roscommon",47,153,75,172,8,26,0,0,0,0,3,3,3,5,136,359
Roscommon-Galway,2ae19629-1a2e-13a3-e055-000000000001,"Killavackan, Roscommon",26,89,54,122,5,14,1,1,0,0,2,2,1,3,89,231
Roscommon-Galway,2ae19629-1a2f-13a3-e055-000000000001,"Killukin, Roscommon, 197074",39,132,49,129,7,21,1,1,0,0,1,1,2,8,99,292
Roscommon-Galway,2ae19629-1a30-13a3-e055-000000000001,"Killukin, Roscommon, 197075",19,57,49,113,2,4,2,5,0,0,2,3,1,1,75,183
Roscommon-Galway,2ae19629-1a31-13a3-e055-000000000001,"Killummod, Roscommon",16,56,27,48,4,6,1,1,1,1,0,0,5,15,54,127
Roscommon-Galway,2ae19629-1990-13a3-e055-000000000001,"Kilmacumsy/Kilcolagh, Roscommon",76,244,88,170,18,44,5,8,1,1,3,3,3,3,194,473
Roscommon-Galway,2ae19629-1991-13a3-e055-000000000001,"Kilmore, Roscommon",16,69,47,92,2,5,0,0,0,0,1,1,3,6,69,173
Roscommon-Galway,2ae19629-1992-13a3-e055-000000000001,"Kilteevan, Roscommon",74,263,86,223,14,34,1,2,0,0,3,4,6,13,184,539
Roscommon-Galway,2ae19629-199a-13a3-e055-000000000001,"Kiltoom, Roscommon",183,671,286,725,31,93,4,16,1,1,11,19,17,49,533,1574
Roscommon-Galway,2ae19629-199b-13a3-e055-000000000001,"Kiltullagh, Roscommon",116,407,259,594,39,107,24,39,1,5,8,15,11,30,458,1197
Roscommon-Galway,2ae19629-199c-13a3-e055-000000000001,"Lackan, Roscommon",44,158,71,196,6,18,1,3,0,0,0,0,4,11,126,386
Roscommon-Galway,2ae19629-19a4-13a3-e055-000000000001,"Lecarrow, Roscommon",46,153,65,153,2,3,0,0,0,0,7,14,3,8,123,331
Roscommon-Galway,869b3460-81b8-43ea-b965-9e0df9601878,"Lisgarve/Mantua, Roscommon",19,66,53,125,2,2,1,3,1,2,1,1,5,13,82,212
Roscommon-Galway,2ae19629-19a6-13a3-e055-000000000001,"Lismaha, Roscommon",43,149,81,173,7,24,0,0,0,0,9,19,3,7,143,372
Roscommon-Galway,2ae19629-19a7-13a3-e055-000000000001,"Lissonuffy, Roscommon",17,67,40,82,2,4,1,1,0,0,2,5,2,5,64,164
Roscommon-Galway,922546d5-3ff0-4121-bfc2-ddab853e004a,"Lough Allen/Altagowlan, Roscommon",30,92,77,163,6,11,13,26,0,0,2,2,2,4,130,298
Roscommon-Galway,2ae19629-19b2-13a3-e055-000000000001,"Loughglinn, Roscommon",67,210,177,393,33,80,25,37,0,0,8,15,18,39,328,774
Roscommon-Galway,2ae19629-19bc-13a3-e055-000000000001,"Moore, Roscommon",30,118,72,164,5,24,1,2,0,0,2,5,3,8,113,321
Roscommon-Galway,2ae19629-19bd-13a3-e055-000000000001,"Mote, Roscommon",137,520,157,358,32,89,2,6,0,0,4,9,13,34,345,1016
Roscommon-Galway,2ae19629-19be-13a3-e055-000000000001,"Oakport, Roscommon",61,196,84,190,47,123,0,0,1,5,1,3,4,13,198,530
Roscommon-Galway,2ae19629-19bf-13a3-e055-000000000001,"Ogulla, Roscommon",46,137,69,149,31,83,5,13,0,0,2,3,8,23,161,408
Roscommon-Galway,2ae19629-19c9-13a3-e055-000000000001,"Rockhill, Roscommon",57,215,70,166,6,17,1,4,0,0,3,3,10,24,147,429
Roscommon-Galway,2ae19629-19ca-13a3-e055-000000000001,"Rockingham, Roscommon",30,99,85,205,11,22,2,3,1,1,2,2,3,10,134,342
Roscommon-Galway,2ae19629-19cb-13a3-e055-000000000001,"Roosky, Roscommon",83,262,120,262,76,222,13,30,0,0,4,4,5,11,301,791
Roscommon-Galway,2ae19629-19d4-13a3-e055-000000000001,"Roscommon Rural, Roscommon",491,1691,752,1746,371,1170,160,482,13,40,36,78,58,147,1881,5354
Roscommon-Galway,2ae19629-19d5-13a3-e055-000000000001,"Roscommon Urban, Roscommon",59,143,239,448,331,959,129,296,14,31,15,25,30,65,817,1967
Roscommon-Galway,2ae19629-19d6-13a3-e055-000000000001,"Rosmoylan, Roscommon",12,43,46,108,1,5,0,0,0,0,4,8,5,8,68,172
Roscommon-Galway,2ae19629-19d7-13a3-e055-000000000001,"Rossmore, Roscommon",12,48,37,92,1,1,0,0,0,0,1,1,7,28,58,170
Roscommon-Galway,2ae19629-19e0-13a3-e055-000000000001,"Rushfield, Roscommon",40,141,97,243,7,20,1,1,0,0,3,4,3,9,151,418
Roscommon-Galway,2ae19629-19e1-13a3-e055-000000000001,"Scregg, Roscommon",84,274,84,201,16,42,2,8,0,0,2,7,13,37,201,569
Roscommon-Galway,2ae19629-19e2-13a3-e055-000000000001,"Strokestown, Roscommon",98,297,229,446,92,206,76,199,12,25,11,21,11,20,529,1214
Roscommon-Galway,2ae19629-19e9-13a3-e055-000000000001,"Taghboy, Roscommon",51,182,72,188,15,55,22,69,0,0,7,16,10,28,177,538
Roscommon-Galway,2ae19629-19ea-13a3-e055-000000000001,"Taghmaconnell, Roscommon",32,129,59,147,8,19,0,0,0,0,1,1,6,15,106,311
Roscommon-Galway,2ae19629-19eb-13a3-e055-000000000001,"Termonbarry, Roscommon",108,326,132,302,106,286,1,5,0,0,7,12,6,17,360,948
Roscommon-Galway,2ae19629-19ec-13a3-e055-000000000001,"Thomastown, Roscommon",92,354,144,377,12,28,3,9,0,0,5,7,7,21,263,796
Roscommon-Galway,2ae19629-19f6-13a3-e055-000000000001,"Tivannagh, Roscommon",31,115,67,141,2,3,0,0,0,0,3,3,0,0,103,262
Roscommon-Galway,2ae19629-19f7-13a3-e055-000000000001,"Tulsk, Roscommon",29,116,59,134,8,32,9,24,8,18,1,2,1,5,115,331
Roscommon-Galway,2ae19629-19f8-13a3-e055-000000000001,"Tumna North, Roscommon",16,51,44,90,3,8,0,0,0,0,2,5,6,10,71,164
Roscommon-Galway,2ae19629-1a04-13a3-e055-000000000001,"Tumna South, Roscommon",25,78,48,91,9,26,3,9,0,0,2,3,2,5,89,212
Roscommon-Galway,2ae19629-1a05-13a3-e055-000000000001,"Turrock, Roscommon",30,114,74,187,3,10,1,5,0,0,2,2,3,6,113,324
Sligo-Leitrim,2ae19629-1a06-13a3-e055-000000000001,"Achonry East, Sligo",33,118,109,258,15,27,8,20,9,22,10,20,8,13,192,478
Sligo-Leitrim,2ae19629-1a07-13a3-e055-000000000001,"Achonry West, Sligo",80,280,179,402,31,71,3,10,1,2,12,18,3,8,309,791
Sligo-Leitrim,2ae19629-1a10-13a3-e055-000000000001,"Aclare, Sligo",18,59,69,140,2,4,6,6,0,0,2,6,7,22,104,237
Sligo-Leitrim,2ae19629-1a11-13a3-e055-000000000001,"Aghanagh, Sligo",42,154,75,175,7,16,9,20,7,16,1,2,2,11,143,394
Sligo-Leitrim,2ae19629-1a19-13a3-e055-000000000001,"Annagh, Sligo",25,80,38,91,9,22,0,0,0,0,2,3,0,0,74,196
Sligo-Leitrim,2ae19629-1a1a-13a3-e055-000000000001,"Aughris, Sligo",18,68,42,79,3,7,1,3,1,1,1,1,5,11,71,170
Sligo-Leitrim,2ae19629-1a1b-13a3-e055-000000000001,"Ballintogher East, Sligo",78,262,98,245,25,56,26,73,0,0,3,4,10,28,240,668
Sligo-Leitrim,2ae19629-1a26-13a3-e055-000000000001,"Ballintogher West, Sligo",54,188,73,194,6,14,1,3,0,0,3,5,11,31,148,435
Sligo-Leitrim,2ae19629-1a27-13a3-e055-000000000001,"Ballymote, Sligo",228,706,351,752,161,415,102,244,29,31,28,51,27,64,926,2263
Sligo-Leitrim,2ae19629-1a28-13a3-e055-000000000001,"Ballynakill, Sligo",63,224,82,192,9,22,1,4,0,0,1,1,6,17,162,460
Sligo-Leitrim,2ae19629-1a32-13a3-e055-000000000001,"Ballynashee, Sligo",43,154,58,127,15,48,26,42,0,0,2,3,4,10,148,384
Sligo-Leitrim,2ae19629-1a33-13a3-e055-000000000001,"Ballysadare East, Sligo",209,608,211,422,51,124,69,190,0,0,5,8,23,58,568,1410
Sligo-Leitrim,2ae19629-1a34-13a3-e055-000000000001,"Ballysadare West, Sligo",39,143,71,169,8,20,3,9,0,0,5,9,5,12,131,362
Sligo-Leitrim,2ae19629-1987-13a3-e055-000000000001,"Banada, Sligo",50,192,142,312,9,24,10,26,8,9,6,15,12,30,237,608
Sligo-Leitrim,2ae19629-19b5-13a3-e055-000000000001,"Branchfield/Carrownaskeagh, Sligo",15,57,38,88,2,4,3,6,0,0,3,4,1,1,62,160
Sligo-Leitrim,2ae19629-1989-13a3-e055-000000000001,"Breencorragh, Sligo",6,24,30,66,2,3,1,4,0,0,1,2,7,18,47,117
Sligo-Leitrim,2ae19629-198a-13a3-e055-000000000001,"Bricklieve, Sligo",28,89,45,96,2,2,2,3,0,0,1,5,7,20,85,215
Sligo-Leitrim,2ae19629-19a8-13a3-e055-000000000001,"Buncrowey, Sligo",15,55,68,142,3,5,24,62,0,0,6,10,7,17,123,291
Sligo-Leitrim,2ae19629-19a9-13a3-e055-000000000001,"Calry, Sligo",189,663,370,858,63,129,3,5,0,0,9,20,17,34,651,1709
Sligo-Leitrim,2ae19629-19aa-13a3-e055-000000000001,"Carney, Sligo",80,303,138,321,9,22,2,5,1,3,5,16,10,25,245,695
Sligo-Leitrim,2ae19629-19b4-13a3-e055-000000000001,"Carrickbanagher, Sligo",66,265,142,359,15,43,4,6,0,0,4,9,10,26,241,708
Sligo-Leitrim,2ae19629-19b6-13a3-e055-000000000001,"Cartron, Sligo",21,73,34,72,1,2,3,6,0,0,3,3,1,2,63,158
Sligo-Leitrim,2ae19629-19c0-13a3-e055-000000000001,"Castleconor East, Sligo",20,93,52,121,1,1,3,6,1,1,3,3,2,9,82,234
Sligo-Leitrim,2ae19629-19c1-13a3-e055-000000000001,"Castleconor West, Sligo",122,484,211,483,26,65,2,5,0,0,8,12,8,17,377,1066
Sligo-Leitrim,2ae19629-19cc-13a3-e055-000000000001,"Cliffony North, Sligo",108,324,188,425,48,98,17,43,2,3,12,21,18,45,393,959
Sligo-Leitrim,2ae19629-19cd-13a3-e055-000000000001,"Cliffony South, Sligo",61,223,117,268,15,35,1,6,0,0,4,10,18,46,216,588
Sligo-Leitrim,2ae19629-19ce-13a3-e055-000000000001,"Cloonacool, Sligo",20,71,67,158,7,19,11,25,0,0,1,2,11,28,117,303
Sligo-Leitrim,2ae19629-19d8-13a3-e055-000000000001,"Cloonoghill, Sligo",32,114,63,144,6,17,11,23,0,0,2,2,5,17,119,317
Sligo-Leitrim,2ae19629-19d9-13a3-e055-000000000001,"Collooney, Sligo",360,1123,311,643,315,753,139,436,19,53,21,51,41,116,1206,3175
Sligo-Leitrim,2ae19629-19e3-13a3-e055-000000000001,"Coolaney, Sligo",266,872,142,314,76,200,59,171,0,0,6,12,8,26,557,1595
Sligo-Leitrim,2ae19629-19e4-13a3-e055-000000000001,"Coolavin, Sligo",42,135,100,230,11,31,7,14,0,0,10,19,11,25,181,454
Sligo-Leitrim,2ae19629-19ed-13a3-e055-000000000001,"Cuilmore, Sligo",63,220,122,240,22,52,7,16,0,0,4,7,8,16,226,551
Sligo-Leitrim,2ae19629-19ee-13a3-e055-000000000001,"Dromard East, Sligo",13,44,47,96,6,15,2,6,0,0,4,12,4,13,76,186
Sligo-Leitrim,2ae19629-19ef-13a3-e055-000000000001,"Dromard West, Sligo",27,97,31,89,2,3,0,0,0,0,3,6,2,12,65,207
Sligo-Leitrim,2ae19629-19f9-13a3-e055-000000000001,"Dromore, Sligo",51,170,98,194,21,61,17,57,0,0,6,14,12,30,205,526
Sligo-Leitrim,2ae19629-19fa-13a3-e055-000000000001,"Drumcliff East, Sligo",82,289,183,399,24,47,0,0,0,0,7,19,3,9,299,763
Sligo-Leitrim,2ae19629-1a08-13a3-e055-000000000001,"Drumcliff West, Sligo",166,590,398,855,59,151,15,34,1,2,23,45,11,21,673,1698
Sligo-Leitrim,2ae19629-1a09-13a3-e055-000000000001,"Drumcolumb, Sligo",27,91,63,148,7,13,4,10,0,0,1,2,3,8,105,272
Sligo-Leitrim,2ae19629-1a0a-13a3-e055-000000000001,"Drumfin, Sligo",51,175,80,177,3,7,4,14,1,8,3,10,8,21,150,412
Sligo-Leitrim,2ae19629-1a12-13a3-e055-000000000001,"Drumrat, Sligo",57,190,97,225,11,24,20,60,5,6,4,6,8,16,202,527
Sligo-Leitrim,2ae19629-1a13-13a3-e055-000000000001,"Easky East, Sligo",48,163,124,297,16,32,35,87,10,10,5,12,15,39,253,640
Sligo-Leitrim,2ae19629-1a1c-13a3-e055-000000000001,"Easky West, Sligo",67,222,156,320,19,41,11,22,0,0,11,28,6,13,270,646
Sligo-Leitrim,2ae19629-1a1d-13a3-e055-000000000001,"Glencar, Sligo",19,70,49,127,12,38,0,0,1,2,3,9,5,9,89,255
Sligo-Leitrim,2ae19629-1a1e-13a3-e055-000000000001,"Glendarragh, Sligo",24,100,42,104,3,7,0,0,0,0,1,1,8,23,78,235
Sligo-Leitrim,2ae19629-1a1f-13a3-e055-000000000001,"Kilfree, Sligo",50,152,104,224,31,68,31,58,0,0,6,16,8,17,230,535
Sligo-Leitrim,2ae19629-1a29-13a3-e055-000000000001,"Kilglass, Sligo",158,549,299,578,131,310,57,123,16,31,21,37,13,29,695,1657
Sligo-Leitrim,2ae19629-1a2a-13a3-e055-000000000001,"Killadoon, Sligo",24,85,63,167,4,4,1,3,0,0,3,4,4,7,99,270
Sligo-Leitrim,2ae19629-1a35-13a3-e055-000000000001,"Killaraght, Sligo",50,166,101,234,8,20,5,9,0,0,2,2,8,23,174,454
Sligo-Leitrim,2ae19629-1a36-13a3-e055-000000000001,"Kilmacowen, Sligo",273,982,439,998,39,114,20,68,0,0,17,37,42,115,830,2314
Sligo-Leitrim,2ae19629-198b-13a3-e055-000000000001,"Kilmacteige, Sligo",22,76,52,122,5,18,2,6,0,0,1,4,1,2,83,228
Sligo-Leitrim,2ae19629-198c-13a3-e055-000000000001,"Kilmactranny, Sligo",28,104,88,199,5,10,0,0,0,0,4,15,8,22,133,350
Sligo-Leitrim,2ae19629-1993-13a3-e055-000000000001,"Kilshalvy, Sligo",29,114,68,152,6,13,4,9,0,0,5,7,3,11,115,306
Sligo-Leitrim,2ae19629-1994-13a3-e055-000000000001,"Kilturra, Sligo",24,97,40,98,4,7,4,11,0,0,1,3,3,5,76,221
Sligo-Leitrim,2ae19629-199d-13a3-e055-000000000001,"Knockaree, Sligo",472,1541,627,1386,238,614,101,284,2,7,28,49,53,120,1521,4001
Sligo-Leitrim,2ae19629-199e-13a3-e055-000000000001,"Lakeview, Sligo",59,200,88,210,19,53,3,12,10,27,1,1,5,8,185,511
Sligo-Leitrim,2ae19629-1995-13a3-e055-000000000001,"Leitrim, Sligo",34,133,84,207,4,12,4,14,0,0,2,3,4,9,132,378
Sligo-Leitrim,2ae19629-1996-13a3-e055-000000000001,"Lisconny, Sligo",47,163,63,148,7,17,1,1,0,0,2,2,5,13,125,344
Sligo-Leitrim,2ae19629-1997-13a3-e055-000000000001,"Lissadill East, Sligo",107,383,127,329,50,129,8,16,1,2,7,10,6,17,306,886
Sligo-Leitrim,2ae19629-199f-13a3-e055-000000000001,"Lissadill North, Sligo",170,671,209,517,50,145,57,147,2,6,12,23,16,43,516,1552
Sligo-Leitrim,2ae19629-19a0-13a3-e055-000000000001,"Lissadill West, Sligo",73,270,112,249,27,56,12,14,0,0,8,11,13,34,245,634
Sligo-Leitrim,759f966a-c2c8-4bea-a71d-5e9c2d452553,"Loughil, Sligo",8,29,17,36,2,6,0,0,0,0,2,2,1,3,30,76
Sligo-Leitrim,2ae19629-19ad-13a3-e055-000000000001,"Owenmore, Sligo",9,33,30,57,4,5,1,6,0,0,0,0,1,1,45,102
Sligo-Leitrim,2ae19629-19b7-13a3-e055-000000000001,"Rathmacurkey, Sligo",70,257,123,293,9,20,8,18,1,2,2,3,4,9,217,602
Sligo-Leitrim,2ae19629-19b8-13a3-e055-000000000001,"Riverstown, Sligo",83,291,122,257,36,110,24,54,0,0,12,21,6,16,283,749
Sligo-Leitrim,2ae19629-19b9-13a3-e055-000000000001,"Rossinver East, Sligo",22,86,32,75,1,1,1,1,0,0,5,8,6,17,67,188
Sligo-Leitrim,2ae19629-19c2-13a3-e055-000000000001,"Rossinver West, Sligo",25,95,41,115,5,10,1,2,0,0,3,8,4,15,79,245
Sligo-Leitrim,2ae19629-19c3-13a3-e055-000000000001,"Shancough, Sligo",14,49,32,77,1,4,0,0,0,0,1,1,1,2,49,133
Sligo-Leitrim,2ae19629-19c4-13a3-e055-000000000001,"Skreen, Sligo",22,78,34,69,3,10,1,3,0,0,2,2,3,4,65,166
Sligo-Leitrim,2ae19629-19fc-13a3-e055-000000000001,"Sligo East, Sligo",341,949,747,1435,488,1098,334,800,49,111,24,43,90,206,2073,4642
Sligo-Leitrim,2ae19629-19fb-13a3-e055-000000000001,"Sligo North, Sligo",199,543,432,863,921,2070,411,971,75,169,32,67,170,360,2240,5043
Sligo-Leitrim,2ae19629-19c5-13a3-e055-000000000001,"Sligo West, Sligo",652,1896,1072,2073,860,2093,416,1064,98,179,49,92,129,286,3276,7683
Sligo-Leitrim,2ae19629-19cf-13a3-e055-000000000001,"Streamstown, Sligo",22,77,59,144,7,19,2,3,0,0,3,6,5,9,98,258
Sligo-Leitrim,2ae19629-19d0-13a3-e055-000000000001,"Temple, Sligo",43,161,60,153,14,39,14,35,0,0,0,0,1,4,132,392
Sligo-Leitrim,2ae19629-19da-13a3-e055-000000000001,"Templeboy North, Sligo",26,86,57,153,7,19,3,10,0,0,4,9,12,27,109,304
Sligo-Leitrim,2ae19629-19db-13a3-e055-000000000001,"Templeboy South/Mullagheruse, Sligo",19,75,58,144,2,9,5,8,0,0,1,1,7,19,92,256
Sligo-Leitrim,2ae19629-19e5-13a3-e055-000000000001,"Templevanny, Sligo",25,88,46,107,5,14,1,2,0,0,1,1,10,29,88,241
Sligo-Leitrim,2ae19629-19e6-13a3-e055-000000000001,"Tobercurry, Sligo",277,917,403,880,259,692,144,324,33,58,17,33,55,146,1188,3050
Sligo-Leitrim,2ae19629-19f0-13a3-e055-000000000001,"Toberpatrick East, Sligo",20,66,50,125,7,17,2,5,0,0,3,9,5,9,87,231
Sligo-Leitrim,2ae19629-19f1-13a3-e055-000000000001,"Toberpatrick West, Sligo",30,102,62,162,7,12,9,19,0,0,3,9,4,11,115,315
Sligo-Leitrim,2ae19629-19f2-13a3-e055-000000000001,"Toomour, Sligo",21,74,52,110,4,11,8,11,0,0,3,3,6,14,94,223
Cavan-Monaghan,2ae19629-1e0f-13a3-e055-000000000001,"Ardue, Cavan",99,352,122,270,32,80,5,16,0,0,5,12,14,49,277,779
Cavan-Monaghan,2ae19629-1e1a-13a3-e055-000000000001,"Arvagh, Cavan",99,328,174,406,68,162,19,40,1,1,10,16,13,36,384,989
Cavan-Monaghan,2ae19629-1e1b-13a3-e055-000000000001,"Ashfield, Cavan",40,154,79,198,6,23,0,0,0,0,3,9,7,23,135,407
Cavan-Monaghan,2ae19629-1c98-13a3-e055-000000000001,"Bailieborough, Cavan",430,1495,557,1298,213,573,126,353,3,10,30,58,187,472,1546,4259
Cavan-Monaghan,2ae19629-1c99-13a3-e055-000000000001,"Ballintemple, Cavan",39,145,83,230,10,32,3,7,1,3,2,2,8,20,146,439
Cavan-Monaghan,2ae19629-1cd8-13a3-e055-000000000001,"Ballyconnell, Cavan",119,397,233,537,246,610,66,179,2,2,8,13,30,82,704,1820
Cavan-Monaghan,2ae19629-1cd9-13a3-e055-000000000001,"Ballyhaise, Cavan",116,411,179,413,68,159,39,138,2,5,5,11,3,4,412,1141
Cavan-Monaghan,2ae19629-1cf1-13a3-e055-000000000001,"Ballyjamesduff, Cavan",354,1275,330,764,316,1036,126,343,7,22,17,45,37,105,1187,3590
Cavan-Monaghan,2ae19629-1cf2-13a3-e055-000000000001,"Ballymachugh, Cavan",66,245,159,427,22,79,6,19,1,1,12,32,7,22,273,825
Cavan-Monaghan,2ae19629-1d13-13a3-e055-000000000001,"Ballymagauran, Cavan",21,61,62,156,7,18,2,6,0,0,3,3,0,0,95,244
Cavan-Monaghan,2ae19629-1d14-13a3-e055-000000000001,"Bawnboy, Cavan",63,221,123,279,28,84,6,6,0,0,5,6,4,14,229,610
Cavan-Monaghan,2ae19629-1d32-13a3-e055-000000000001,"Bellananagh, Cavan",141,479,210,493,96,299,96,284,1,2,4,12,31,80,579,1649
Cavan-Monaghan,2ae19629-1d33-13a3-e055-000000000001,"Belturbet, Cavan",109,317,244,491,222,533,142,306,40,53,15,30,22,44,794,1774
Cavan-Monaghan,2ae19629-1d51-13a3-e055-000000000001,"Bilberry, Cavan",18,70,39,82,8,19,1,1,0,0,4,13,4,11,74,196
Cavan-Monaghan,2ae19629-1d52-13a3-e055-000000000001,"Bruce Hall, Cavan",28,106,41,99,2,4,0,0,0,0,2,2,2,2,75,213
Cavan-Monaghan,2ae19629-1d53-13a3-e055-000000000001,"Butler's Bridge, Cavan",52,179,92,217,25,65,12,22,0,0,5,10,5,12,191,505
Cavan-Monaghan,2ae19629-1d54-13a3-e055-000000000001,"Canningstown, Cavan",62,221,126,292,4,15,0,0,0,0,5,8,6,12,203,548
Cavan-Monaghan,2ae19629-1d72-13a3-e055-000000000001,"Carn, Cavan",23,74,47,112,3,5,3,6,0,0,1,2,4,16,81,215
Cavan-Monaghan,2ae19629-1d73-13a3-e055-000000000001,"Carnagarve, Cavan",81,278,108,247,12,38,2,4,0,0,11,18,9,40,223,625
Cavan-Monaghan,2ae19629-1d74-13a3-e055-000000000001,"Carrafin, Cavan",47,167,76,205,6,17,3,6,0,0,6,12,8,20,146,427
Cavan-Monaghan,2ae19629-1d8f-13a3-e055-000000000001,"Castlerahan, Cavan",120,428,156,394,19,57,0,0,0,0,4,8,11,29,310,916
Cavan-Monaghan,2ae19629-1d90-13a3-e055-000000000001,"Castlesaunderson, Cavan",33,125,55,131,8,22,0,0,0,0,4,13,5,13,105,304
Cavan-Monaghan,2ae19629-1da9-13a3-e055-000000000001,"Cavan Rural, Cavan",868,2841,805,1762,844,2558,233,731,47,105,40,75,93,275,2930,8347
Cavan-Monaghan,2ae19629-1daa-13a3-e055-000000000001,"Cavan Urban, Cavan",175,497,363,710,517,1326,430,1070,30,73,12,17,54,124,1581,3817
Cavan-Monaghan,2ae19629-1dab-13a3-e055-000000000001,"Clonervy, Cavan",120,493,142,368,16,52,3,9,0,0,3,8,5,12,289,942
Cavan-Monaghan,2ae19629-1dac-13a3-e055-000000000001,"Cootehill Rural, Cavan",114,399,207,499,50,137,19,48,0,0,9,25,12,31,411,1139
Cavan-Monaghan,2ae19629-1dbf-13a3-e055-000000000001,"Cootehill Urban, Cavan",143,426,242,475,186,417,141,324,3,8,13,20,13,26,741,1696
Cavan-Monaghan,2ae19629-1dc0-13a3-e055-000000000001,"Corr, Cavan",36,139,54,129,5,17,0,0,0,0,3,3,1,3,99,291
Cavan-Monaghan,2ae19629-1dc1-13a3-e055-000000000001,"Corraneary, Cavan",47,162,109,269,4,6,0,0,0,0,7,11,2,5,169,453
Cavan-Monaghan,2ae19629-1dd9-13a3-e055-000000000001,"Crossbane, Cavan",94,347,106,266,10,34,1,1,0,0,4,13,8,25,223,686
Cavan-Monaghan,2ae19629-1dda-13a3-e055-000000000001,"Crossdoney, Cavan",63,244,106,275,26,69,2,5,1,2,4,11,5,10,207,616
Cavan-Monaghan,2ae19629-1df9-13a3-e055-000000000001,"Crosskeys, Cavan",83,310,124,321,10,18,9,21,0,0,8,12,10,31,244,713
Cavan-Monaghan,2ae19629-1dfa-13a3-e055-000000000001,"Cuttragh, Cavan",42,184,70,204,11,27,0,0,0,0,7,20,9,24,139,459
Cavan-Monaghan,2ae19629-1dfb-13a3-e055-000000000001,"Denn, Cavan",83,296,117,297,16,54,3,8,0,0,4,6,22,58,245,719
Cavan-Monaghan,2ae19629-1e10-13a3-e055-000000000001,"Derrin, Cavan",51,200,86,216,11,33,1,6,0,0,2,4,5,10,156,469
Cavan-Monaghan,2ae19629-1e11-13a3-e055-000000000001,"Derrylahan, Cavan",5,18,29,67,0,0,2,3,0,0,1,3,3,7,40,98
Cavan-Monaghan,2ae19629-1e1c-13a3-e055-000000000001,"Diamond, Cavan",18,54,32,75,4,11,1,3,0,0,1,2,2,4,58,149
Cavan-Monaghan,2ae19629-1e1d-13a3-e055-000000000001,"Doogary, Cavan",17,55,26,60,5,6,0,0,0,0,3,7,2,4,53,132
Cavan-Monaghan,2ae19629-1e1e-13a3-e055-000000000001,"Dowra, Cavan",12,41,39,70,7,19,5,12,4,7,1,3,4,9,72,161
Cavan-Monaghan,2ae19629-1c9a-13a3-e055-000000000001,"Drumanespick, Cavan",55,232,87,223,7,22,1,5,0,0,3,12,3,8,156,502
Cavan-Monaghan,2ae19629-1c9b-13a3-e055-000000000001,"Drumcarban, Cavan",84,315,120,280,9,24,2,2,0,0,4,5,6,10,225,636
Cavan-Monaghan,2ae19629-1ca9-13a3-e055-000000000001,"Drumcarn, Cavan",68,250,101,236,7,18,4,6,0,0,3,5,6,8,189,523
Cavan-Monaghan,2ae19629-1caa-13a3-e055-000000000001,"Drumlumman, Cavan",69,290,100,287,15,42,3,4,0,0,7,14,10,35,204,672
Cavan-Monaghan,2ae19629-1cab-13a3-e055-000000000001,"Drung, Cavan",47,184,101,280,5,12,2,4,0,0,6,11,23,57,184,548
Cavan-Monaghan,f91caa0f-0c2d-4ce7-a5b0-7a5ac354cb4f,"Dunmakeever/Benbrack/Derrynananta, Cavan",8,25,71,168,3,12,4,9,0,0,2,2,2,3,90,219
Cavan-Monaghan,2ae19629-1cba-13a3-e055-000000000001,"Enniskeen, Cavan",63,239,65,180,5,12,1,3,0,0,3,5,14,46,151,485
Cavan-Monaghan,2ae19629-1cbb-13a3-e055-000000000001,"Eskey, Cavan",19,84,36,96,7,15,3,7,0,0,3,3,6,17,74,222
Cavan-Monaghan,2ae19629-1cac-13a3-e055-000000000001,"Graddum, Cavan",71,262,102,241,14,41,1,2,1,1,9,24,8,16,206,587
Cavan-Monaghan,2ae19629-1cad-13a3-e055-000000000001,"Grilly, Cavan",45,162,93,222,16,42,2,3,0,0,2,12,6,18,164,459
Cavan-Monaghan,2ae19629-1cbc-13a3-e055-000000000001,"Kilbride, Cavan",117,430,168,427,26,62,1,1,0,0,12,22,14,28,338,970
Cavan-Monaghan,2ae19629-1cbd-13a3-e055-000000000001,"Kilcogy, Cavan",40,166,88,232,10,27,3,10,0,0,6,11,4,7,151,453
Cavan-Monaghan,2ae19629-1cda-13a3-e055-000000000001,"Kilconny, Cavan",68,248,104,255,36,96,5,15,1,2,4,11,4,12,222,639
Cavan-Monaghan,2ae19629-1cdb-13a3-e055-000000000001,"Kilgolagh, Cavan",41,150,58,141,4,11,4,7,0,0,7,11,5,10,119,330
Cavan-Monaghan,2ae19629-1cdc-13a3-e055-000000000001,"Kill, Cavan",42,154,61,153,10,40,1,2,0,0,4,13,10,31,128,393
Cavan-Monaghan,2ae19629-1cf3-13a3-e055-000000000001,"Killashandra, Cavan",92,315,216,472,46,114,45,88,6,8,16,33,17,38,438,1068
Cavan-Monaghan,06698531-f7f7-4058-a15f-7d455ef0dd94,"Killinagh/Teebane, Cavan",14,57,20,57,4,14,3,4,1,5,2,3,5,8,49,148
Cavan-Monaghan,2ae19629-1cf5-13a3-e055-000000000001,"Killinkere, Cavan",58,203,92,248,9,37,2,3,0,0,5,13,4,15,170,519
Cavan-Monaghan,2ae19629-1d15-13a3-e055-000000000001,"Killykeen, Cavan",74,271,109,255,12,51,4,16,1,3,4,7,11,25,215,628
Cavan-Monaghan,2ae19629-1d16-13a3-e055-000000000001,"Kilnaleck, Cavan",140,491,154,343,82,257,38,79,6,6,7,13,13,26,440,1215
Cavan-Monaghan,2ae19629-1d35-13a3-e055-000000000001,"Kinawley, Cavan",12,45,25,60,3,9,0,0,0,0,1,1,1,1,42,116
Cavan-Monaghan,2ae19629-1d36-13a3-e055-000000000001,"Kingscourt, Cavan",361,1269,392,911,212,636,142,382,13,52,29,62,78,221,1227,3533
Cavan-Monaghan,2ae19629-1d55-13a3-e055-000000000001,"Knappagh, Cavan",50,199,92,248,4,15,2,2,0,0,6,11,5,10,159,485
Cavan-Monaghan,2ae19629-1d56-13a3-e055-000000000001,"Larah North, Cavan",53,210,87,202,7,18,1,2,0,0,6,15,7,28,161,475
Cavan-Monaghan,2ae19629-1d75-13a3-e055-000000000001,"Larah South, Cavan",57,219,92,239,8,22,4,10,0,0,6,8,5,12,172,510
Cavan-Monaghan,2ae19629-1d76-13a3-e055-000000000001,"Lisagoan, Cavan",48,186,68,185,12,32,0,0,0,0,3,7,5,12,136,422
Cavan-Monaghan,2ae19629-1d77-13a3-e055-000000000001,"Lissanover, Cavan",34,134,59,134,2,6,1,2,0,0,6,9,3,6,105,291
Cavan-Monaghan,2ae19629-1d91-13a3-e055-000000000001,"Loughdawan, Cavan",39,148,68,149,5,14,2,2,0,0,4,6,8,19,126,338
Cavan-Monaghan,2ae19629-1d92-13a3-e055-000000000001,"Lurgan, Cavan",81,310,83,214,26,43,2,4,6,7,6,7,7,18,211,603
Cavan-Monaghan,2ae19629-1d93-13a3-e055-000000000001,"Milltown, Cavan",40,144,81,185,14,37,0,0,1,5,3,5,9,18,148,394
Cavan-Monaghan,2ae19629-1dad-13a3-e055-000000000001,"Moynehall, Cavan",207,747,260,645,89,271,12,47,1,7,9,14,14,35,592,1766
Cavan-Monaghan,2ae19629-1dae-13a3-e055-000000000001,"Mullagh, Cavan",331,1182,269,663,102,283,67,231,23,55,13,34,36,100,841,2548
Cavan-Monaghan,2ae19629-1dc2-13a3-e055-000000000001,"Munterconnaught, Cavan",156,573,177,470,26,85,5,15,1,2,13,20,9,25,387,1190
Cavan-Monaghan,2ae19629-1c9d-13a3-e055-000000000001,"Pedara Vohers/Tircahan, Cavan",19,81,51,100,3,12,1,2,0,0,1,2,0,0,75,197
Cavan-Monaghan,2ae19629-1dc4-13a3-e055-000000000001,"Rakenny, Cavan",30,126,96,229,10,20,2,3,9,16,6,7,17,38,170,439
Cavan-Monaghan,2ae19629-1ddb-13a3-e055-000000000001,"Redhill, Cavan",60,228,79,201,11,23,5,9,0,0,9,20,2,4,166,485
Cavan-Monaghan,2ae19629-1ddc-13a3-e055-000000000001,"Scrabby, Cavan",64,235,113,268,30,88,10,27,9,9,4,6,14,34,244,667
Cavan-Monaghan,2ae19629-1ddd-13a3-e055-000000000001,"Shercock, Cavan",113,384,182,467,103,250,34,70,1,1,15,32,22,59,470,1263
Cavan-Monaghan,2ae19629-1dfc-13a3-e055-000000000001,"Skeagh, Cavan",40,170,90,234,5,20,1,8,0,0,4,9,2,6,142,447
Cavan-Monaghan,2ae19629-1dfd-13a3-e055-000000000001,"Springfield, Cavan",15,41,49,119,3,4,0,0,0,0,0,0,5,8,72,172
Cavan-Monaghan,2ae19629-1e13-13a3-e055-000000000001,"Stradone, Cavan",101,393,121,312,23,57,4,6,1,2,14,34,28,68,292,872
Cavan-Monaghan,2ae19629-1e14-13a3-e055-000000000001,"Swanlinbar, Cavan",35,113,74,162,21,43,17,40,4,5,4,11,8,12,163,386
Cavan-Monaghan,2ae19629-1e1f-13a3-e055-000000000001,"Taghart, Cavan",64,267,104,254,11,41,4,19,0,0,2,3,27,81,212,665
Cavan-Monaghan,2ae19629-1e21-13a3-e055-000000000001,"Templeport, Cavan",21,71,70,165,1,1,10,19,0,0,4,10,5,14,111,280
Cavan-Monaghan,2ae19629-1c9c-13a3-e055-000000000001,"Termon, Cavan",78,288,90,221,6,22,6,13,0,0,4,10,10,28,194,582
Cavan-Monaghan,2ae19629-1c9e-13a3-e055-000000000001,"Tuam, Cavan",23,73,67,137,18,51,19,30,0,0,4,9,12,18,143,318
Cavan-Monaghan,2ae19629-1cae-13a3-e055-000000000001,"Tullyvin East, Cavan",66,255,82,218,13,34,0,0,0,0,4,6,6,19,171,532
Cavan-Monaghan,2ae19629-1caf-13a3-e055-000000000001,"Tullyvin West, Cavan",39,159,53,142,4,15,0,0,0,0,6,20,0,0,102,336
Cavan-Monaghan,2ae19629-1faf-13a3-e055-000000000001,"Virginia, Cavan",524,1872,610,1453,354,974,135,365,16,61,28,57,64,164,1731,4946
Cavan-Monaghan,2ae19629-1fb0-13a3-e055-000000000001,"Waterloo, Cavan",77,292,153,404,18,45,2,2,0,0,12,20,10,25,272,788
Donegal,2ae19629-21c1-13a3-e055-000000000001,"Allt na Péiste, Dún na nGall",31,117,90,237,6,19,5,17,0,0,9,15,1,2,142,407
Donegal,2ae19629-21c2-13a3-e055-000000000001,"Anagaire, Dún na nGall",156,547,514,1183,46,125,53,124,2,6,34,68,92,245,897,2298
Donegal,2ae19629-21c3-13a3-e055-000000000001,"Árainn Mhór, Dún na nGall",21,63,163,321,2,5,10,23,0,0,8,15,16,43,220,470
Donegal,2ae19629-21cc-13a3-e055-000000000001,"Ard an Rátha, Dún na nGall",82,276,239,508,76,212,56,137,26,31,15,34,14,35,508,1233
Donegal,2ae19629-21cd-13a3-e055-000000000001,"Ardmalin, Donegal",40,158,143,364,20,58,4,17,0,0,16,32,14,35,237,664
Donegal,2ae19629-21ce-13a3-e055-000000000001,"Ards, Donegal",56,199,164,375,23,52,2,4,0,0,12,26,11,33,268,689
Sligo-Leitrim,2ae19629-21cf-13a3-e055-000000000001,"Ballintra, Donegal, 057007",84,303,129,269,29,101,14,35,0,0,10,22,13,35,279,765
Sligo-Leitrim,2ae19629-21d0-13a3-e055-000000000001,"Ballintra, Donegal, 057008",53,162,160,375,29,80,12,21,0,0,9,21,23,58,286,717
Donegal,2ae19629-21da-13a3-e055-000000000001,"Ballyarr, Donegal",77,278,110,289,30,70,6,14,0,0,5,13,10,32,238,696
Donegal,2ae19629-21d1-13a3-e055-000000000001,"Ballyliffin, Donegal",97,397,302,821,54,148,5,12,0,0,24,53,10,31,492,1462
Donegal,2ae19629-21db-13a3-e055-000000000001,"Ballymacool, Donegal",312,964,260,654,200,547,128,442,8,29,13,37,40,105,961,2778
Sligo-Leitrim,2ae19629-21e5-13a3-e055-000000000001,"Ballyshannon Rural, Donegal",181,639,303,702,38,94,59,188,10,33,17,42,13,37,621,1735
Sligo-Leitrim,2ae19629-21dc-13a3-e055-000000000001,"Ballyshannon Urban, Donegal",136,404,341,668,176,363,73,151,9,12,26,49,25,47,786,1694
Donegal,2ae19629-21e6-13a3-e055-000000000001,"An Bhinn Bhán, Dún na nGall",13,39,43,117,3,4,0,0,0,0,4,10,0,0,63,170
Donegal,2ae19629-21ee-13a3-e055-000000000001,"Birdstown, Donegal",149,521,181,452,51,162,16,46,2,5,7,22,31,98,437,1306
Donegal,2ae19629-21ef-13a3-e055-000000000001,"Bonnyglen, Donegal",53,187,68,147,8,25,3,5,0,0,7,14,3,5,142,383
Donegal,2ae19629-21f7-13a3-e055-000000000001,"Buncrana Rural, Donegal",397,1436,554,1359,217,631,146,442,13,31,24,61,34,105,1385,4065
Donegal,2ae19629-21f8-13a3-e055-000000000001,"Buncrana Urban, Donegal",187,645,596,1299,271,646,188,451,12,19,39,70,37,78,1330,3208
Sligo-Leitrim,2ae19629-2106-13a3-e055-000000000001,"Bundoran Rural, Donegal",131,450,193,442,61,191,3,10,0,0,4,16,14,46,406,1155
Sligo-Leitrim,2ae19629-2107-13a3-e055-000000000001,"Bundoran Urban, Donegal",116,323,262,493,210,466,120,293,28,77,21,40,25,47,782,1739
Donegal,2ae19629-2112-13a3-e055-000000000001,"Burt, Donegal",138,454,233,560,46,116,39,99,3,7,15,26,20,60,494,1322
Donegal,2ae19629-2113-13a3-e055-000000000001,"Carndonagh, Donegal",181,640,423,1027,203,512,77,229,4,8,32,65,22,51,942,2532
Donegal,2ae19629-2060-13a3-e055-000000000001,"Carraig Airt, Dún na nGall",59,207,182,415,31,88,38,107,8,24,13,34,22,54,353,929
Sligo-Leitrim,2ae19629-2061-13a3-e055-000000000001,"Carrickboy, Donegal",38,118,91,207,12,38,0,0,0,0,9,11,5,10,155,384
Donegal,2ae19629-206a-13a3-e055-000000000001,"An Cheathrú Chaol, Dún na nGall",58,217,168,418,18,60,44,92,4,6,7,10,26,67,325,870
Donegal,2ae19629-206b-13a3-e055-000000000001,"Carthage, Donegal",67,278,190,462,8,23,24,80,0,0,14,29,17,45,320,917
Donegal,2ae19629-206c-13a3-e055-000000000001,"Castlecary, Donegal",64,249,139,334,20,59,2,5,0,0,8,12,10,40,243,699
Donegal,2ae19629-2077-13a3-e055-000000000001,"Castlefinn, Donegal",111,368,205,461,67,160,64,169,5,11,19,45,16,40,487,1254
Donegal,2ae19629-2078-13a3-e055-000000000001,"Castleforward, Donegal",174,619,151,396,44,126,37,113,1,5,14,40,21,61,442,1360
Donegal,2ae19629-2081-13a3-e055-000000000001,"Castlewray, Donegal",459,1543,622,1430,168,490,40,125,5,19,15,31,27,73,1336,3711
Sligo-Leitrim,2ae19629-2082-13a3-e055-000000000001,"Cavangarden, Donegal",50,205,77,193,5,16,1,2,0,0,8,11,11,37,152,464
Donegal,2ae19629-2083-13a3-e055-000000000001,"Mín an Lábáin, Dún na nGall",46,185,60,135,20,52,6,14,0,0,3,4,6,21,141,411
Sligo-Leitrim,2ae19629-208f-13a3-e055-000000000001,"Cliff, Donegal",40,122,46,108,5,15,1,4,0,0,2,4,1,1,95,254
Donegal,2ae19629-2090-13a3-e055-000000000001,"An Clochán, Dún na nGall",86,338,180,453,18,44,9,27,0,0,15,39,8,29,316,930
Donegal,2ae19629-2091-13a3-e055-000000000001,"Cloghard, Donegal",61,230,141,333,5,10,5,11,0,0,13,21,8,21,233,626
Donegal,2ae19629-2092-13a3-e055-000000000001,"Clogher, Donegal",124,494,159,369,15,42,2,6,0,0,8,12,3,14,311,937
Donegal,2ae19629-209a-13a3-e055-000000000001,"Clonleigh North, Donegal",154,522,251,606,35,88,35,85,1,1,6,13,37,102,519,1417
Donegal,2ae19629-209b-13a3-e055-000000000001,"Clonleigh South, Donegal",191,587,329,724,126,305,125,372,33,63,13,22,35,91,852,2164
Donegal,2ae19629-20a8-13a3-e055-000000000001,"Convoy, Donegal",262,862,383,907,100,273,106,257,17,40,24,43,31,86,923,2468
Donegal,2ae19629-20a9-13a3-e055-000000000001,"Corkermore, Donegal",34,123,75,180,3,4,2,4,0,0,2,5,2,9,118,325
Donegal,2ae19629-20b3-13a3-e055-000000000001,"Corravaddy, Donegal",228,811,170,422,128,334,30,68,8,13,6,10,31,98,601,1756
Donegal,2ae19629-20b4-13a3-e055-000000000001,"Creamhghort, Dún na nGall",59,214,140,305,11,29,10,22,0,0,4,5,12,29,236,604
Donegal,2ae19629-20b5-13a3-e055-000000000001,"Críoch na Sméar, Dún na nGall",27,98,68,180,1,2,4,7,0,0,3,6,5,12,108,305
Donegal,2ae19629-20c1-13a3-e055-000000000001,"An Craoslach, Dún na nGall",56,165,147,335,35,83,56,116,8,8,16,43,11,27,329,777
Donegal,2ae19629-20c2-13a3-e055-000000000001,"Na Croisbhealaí, Dún na nGall",124,412,453,997,70,152,90,217,10,15,33,64,80,192,860,2049
Donegal,2ae19629-20c3-13a3-e055-000000000001,"Cró Bheithe, Dún na nGall",8,35,39,89,1,5,6,13,0,0,3,8,7,19,64,169
Donegal,2ae19629-20c4-13a3-e055-000000000001,"Cró Chaorach, Dún na nGall",5,20,32,66,1,3,4,8,0,0,3,13,2,9,47,119
Donegal,2ae19629-20ce-13a3-e055-000000000001,"Crownarad, Donegal",36,126,75,178,10,26,1,2,0,0,4,6,5,17,131,355
Donegal,2ae19629-20cf-13a3-e055-000000000001,"Culdaff, Donegal",74,258,192,481,38,118,29,71,1,3,15,38,17,48,366,1017
Donegal,2ae19629-20d0-13a3-e055-000000000001,"Dawros, Donegal",42,136,183,400,28,66,7,18,0,0,14,22,14,45,288,687
Donegal,2ae19629-20d1-13a3-e055-000000000001,"Desertegny, Donegal",63,230,160,443,14,43,1,7,0,0,9,26,4,8,251,757
Donegal,2ae19629-20d9-13a3-e055-000000000001,"Caisleán na dTuath, Dún na nGall",20,85,57,146,2,7,5,7,0,0,4,10,10,28,98,283
Donegal,2ae19629-20da-13a3-e055-000000000001,"Donegal, Donegal",364,1170,717,1533,273,682,141,371,6,14,30,63,84,191,1615,4024
Donegal,2ae19629-20db-13a3-e055-000000000001,"An Dúchoraidh, Dún na nGall",1,4,12,26,3,5,18,31,0,0,2,3,4,11,40,80
Donegal,2ae19629-20e3-13a3-e055-000000000001,"Dooish, Donegal",134,453,185,435,48,129,15,46,13,43,11,28,18,42,424,1176
Donegal,2ae19629-20e4-13a3-e055-000000000001,"Dunaff, Donegal",58,224,158,394,16,46,2,3,0,0,7,18,7,19,248,704
Donegal,2ae19629-20e5-13a3-e055-000000000001,"Dún Fionnachaidh, Dún na nGall",70,248,206,504,37,77,26,56,0,0,15,40,20,48,374,973
Donegal,2ae19629-20e6-13a3-e055-000000000001,"An Clochán Liath, Dún na nGall",131,440,348,763,109,214,107,250,37,70,26,62,39,92,797,1891
Donegal,2ae19629-20e7-13a3-e055-000000000001,"Dunkineely, Donegal",69,235,181,416,24,47,55,137,2,3,12,20,8,22,351,880
Donegal,2ae19629-20e8-13a3-e055-000000000001,"Dún Lúiche, Dún na nGall",51,183,172,390,14,40,6,12,0,0,11,22,17,42,271,689
Donegal,2ae19629-20e9-13a3-e055-000000000001,"Eanymore, Donegal",49,164,113,249,23,59,22,49,0,0,8,8,8,17,223,546
Donegal,2ae19629-20f6-13a3-e055-000000000001,"Edenacarnan, Donegal",221,810,167,477,145,393,17,67,1,2,11,21,22,65,584,1835
Donegal,2ae19629-20f7-13a3-e055-000000000001,"Fahan, Donegal",147,559,283,699,56,137,3,8,1,1,11,22,44,109,545,1535
Donegal,2ae19629-20f8-13a3-e055-000000000001,"Fánaid Thuaidh, Dún na nGall",43,159,135,295,7,21,6,14,2,2,10,29,5,5,208,525
Donegal,2ae19629-20f9-13a3-e055-000000000001,"Fánaid Thiar, Dún na nGall",18,73,115,267,1,4,6,17,0,0,7,14,5,15,152,390
Donegal,2ae19629-20fa-13a3-e055-000000000001,"Feddyglass, Donegal",55,193,89,214,11,30,1,1,0,0,6,14,1,2,163,454
Donegal,2ae19629-204b-13a3-e055-000000000001,"Figart, Donegal",127,442,156,387,55,180,11,39,1,2,10,23,23,79,383,1152
Donegal,2ae19629-204c-13a3-e055-000000000001,"Baile na Finne, Dún na nGall",18,73,62,163,3,11,14,37,0,0,5,12,2,7,104,303
Donegal,2ae19629-2057-13a3-e055-000000000001,"Gartán, Dún na nGall",14,56,36,89,4,16,1,2,0,0,5,12,10,25,70,200
Donegal,2ae19629-2058-13a3-e055-000000000001,"Glen, Donegal",10,33,70,144,9,30,3,6,0,0,4,8,12,36,108,257
Donegal,2ae19629-2062-13a3-e055-000000000001,"Glenalla, Donegal",61,237,92,212,10,31,1,2,0,0,2,6,9,27,175,515
Donegal,2ae19629-206d-13a3-e055-000000000001,"Gleneely, Donegal, 057073",75,275,158,426,21,52,18,47,0,0,7,19,10,22,289,841
Donegal,2ae19629-206e-13a3-e055-000000000001,"Gleneely, Donegal, 057074",197,731,279,729,28,80,16,53,1,3,14,31,19,58,554,1685
Donegal,2ae19629-2079-13a3-e055-000000000001,"Gleneganon, Donegal",66,263,159,439,15,43,0,0,0,0,6,14,13,37,259,796
Donegal,2ae19629-206f-13a3-e055-000000000001,"Gleann Gheis, Dún na nGall",63,236,146,338,16,43,22,39,1,1,7,11,6,21,261,689
Donegal,2ae19629-2070-13a3-e055-000000000001,"Gleann Léithín, Dún na nGall",17,62,26,59,2,7,4,11,0,0,2,3,6,11,57,153
Donegal,2ae19629-207a-13a3-e055-000000000001,"Na Gleannta, Dún na nGall",114,417,313,671,56,157,68,170,13,14,16,33,12,23,592,1485
Donegal,2ae19629-207b-13a3-e055-000000000001,"Glentogher, Donegal",71,273,165,406,75,181,90,209,29,61,10,29,5,15,445,1174
Donegal,2ae19629-2084-13a3-e055-000000000001,"Goland, Donegal",41,137,75,195,4,21,0,0,0,0,0,0,3,9,123,362
Donegal,2ae19629-2085-13a3-e055-000000000001,"Gort an Choirce, Dún na nGall",109,366,416,982,44,105,40,95,1,1,24,43,28,61,662,1653
Donegal,2ae19629-2086-13a3-e055-000000000001,"Gortnavern, Donegal",160,583,183,477,38,92,18,46,11,31,7,10,25,82,442,1321
Donegal,2ae19629-2087-13a3-e055-000000000001,"An Ghrafaidh, Dún na nGall",8,29,46,94,4,14,4,9,0,0,1,1,1,2,64,149
Donegal,2ae19629-2088-13a3-e055-000000000001,"Greencastle, Donegal",108,370,209,488,54,155,15,50,0,0,12,36,18,44,416,1143
Donegal,2ae19629-2093-13a3-e055-000000000001,"Grianfort, Dún na nGall",23,75,82,181,7,19,2,3,0,0,11,29,9,23,134,330
Donegal,2ae19629-2094-13a3-e055-000000000001,"Grousehall, Donegal",6,25,17,38,2,5,6,14,0,0,0,0,0,0,31,82
Donegal,2ae19629-209c-13a3-e055-000000000001,"Haugh, Donegal",23,88,45,121,2,5,2,7,0,0,1,4,3,9,76,234
Donegal,2ae19629-209d-13a3-e055-000000000001,"Illies, Donegal",100,388,157,414,20,56,2,4,0,0,10,27,15,61,304,950
Donegal,2ae19629-209e-13a3-e055-000000000001,"Inch Island, Donegal",40,148,75,180,6,16,7,17,0,0,6,15,6,17,140,393
Donegal,2ae19629-20aa-13a3-e055-000000000001,"Inis Caoil, Dún na nGall",3,7,24,61,0,0,1,2,0,0,6,9,2,5,36,84
Donegal,2ae19629-20ab-13a3-e055-000000000001,"Inver, Donegal",92,320,159,369,22,53,6,12,0,0,12,28,4,8,295,790
Donegal,2ae19629-20ac-13a3-e055-000000000001,"Cill Charthaigh, Dún na nGall",61,208,144,314,24,63,4,7,4,4,11,21,12,32,260,649
Donegal,2ae19629-20b6-13a3-e055-000000000001,"Kilderry, Donegal",287,922,281,659,92,244,34,91,12,13,8,15,69,170,783,2114
Donegal,2ae19629-20b7-13a3-e055-000000000001,"Cill Ghabhlaigh, Dún na nGall",32,115,93,198,8,17,7,12,0,0,8,15,4,9,152,366
Donegal,2ae19629-20b8-13a3-e055-000000000001,"Killea, Donegal",249,776,273,643,74,173,38,77,1,1,14,20,27,66,676,1756
Donegal,2ae19629-20b9-13a3-e055-000000000001,"Killybegs, Donegal",211,753,436,940,101,240,77,174,4,6,19,40,31,77,879,2230
Donegal,2ae19629-20ba-13a3-e055-000000000001,"Killygarvan, Donegal",12,47,30,66,2,4,0,0,0,0,1,3,0,0,45,120
Donegal,2ae19629-20c5-13a3-e055-000000000001,"Killygordon, Donegal",104,372,209,490,63,126,60,126,2,3,10,17,0,0,448,1134
Donegal,2ae19629-20c6-13a3-e055-000000000001,"Killymasny, Donegal",68,276,82,201,8,17,1,2,0,0,3,6,4,12,166,514
Donegal,2ae19629-20c7-13a3-e055-000000000001,"Kilmacrenan, Donegal",123,475,193,492,66,185,90,222,19,42,5,15,39,91,535,1522
Donegal,2ae19629-20d2-13a3-e055-000000000001,"Kincraigy, Donegal",107,448,181,463,11,24,6,16,1,2,13,31,16,47,335,1031
Donegal,2ae19629-20d3-13a3-e055-000000000001,"Knock, Donegal",240,836,242,576,127,361,20,69,0,0,8,18,28,72,665,1932
Donegal,2ae19629-20dc-13a3-e055-000000000001,"Cnoc Colbha, Dún na nGall",22,78,63,140,5,20,4,4,0,0,7,17,11,22,112,281
Donegal,2ae19629-20dd-13a3-e055-000000000001,"Laghy, Donegal",70,229,144,330,27,68,14,38,1,1,9,17,24,63,289,746
Donegal,2ae19629-20ea-13a3-e055-000000000001,"An Leargaidh Mhór, Dún na nGall",52,173,122,263,12,30,12,25,0,0,8,18,10,18,216,527
Donegal,2ae19629-20eb-13a3-e055-000000000001,"Letterkenny Rural, Donegal",849,2523,1227,2627,1430,3779,678,1969,40,108,109,321,160,469,4493,11796
Donegal,2ae19629-20ec-13a3-e055-000000000001,"Letterkenny Urban, Donegal",56,130,226,407,618,1309,119,261,50,69,23,48,65,147,1157,2371
Donegal,2ae19629-20fb-13a3-e055-000000000001,"Leitir Mhic an Bhaird, Dún na nGall",69,247,173,336,13,39,24,47,0,0,13,24,9,19,301,712
Donegal,2ae19629-20fc-13a3-e055-000000000001,"Lettermore, Donegal",32,109,71,196,8,25,1,4,0,0,4,9,10,26,126,369
Donegal,2ae19629-20fd-13a3-e055-000000000001,"Loch Iascaigh, Dún na nGall",14,51,41,95,6,18,0,0,0,0,1,6,4,13,66,183
Donegal,2ae19629-20fe-13a3-e055-000000000001,"Loch Caol, Dún na nGall",31,121,52,154,3,8,5,12,0,0,3,5,12,35,106,335
Donegal,2ae19629-2042-13a3-e055-000000000001,"Maas, Donegal",29,111,58,128,11,25,0,0,0,0,3,5,3,5,104,274
Donegal,2ae19629-2043-13a3-e055-000000000001,"Magheraboy, Donegal",168,678,300,823,19,47,7,18,0,0,8,19,25,73,527,1658
Donegal,2ae19629-2044-13a3-e055-000000000001,"Machaire Chlochair, Dún na nGall",176,616,649,1466,109,269,77,195,8,10,44,83,61,153,1124,2792
Donegal,2ae19629-2045-13a3-e055-000000000001,"An Machaire, Dún na nGall",69,264,173,372,11,35,15,35,1,2,10,17,11,32,290,757
Donegal,2ae19629-2064-13a3-e055-000000000001,"Malin, Donegal",44,177,130,320,34,80,28,82,9,11,6,14,21,56,272,740
Donegal,2ae19629-2065-13a3-e055-000000000001,"Málainn Bhig, Dún na nGall",27,101,82,175,9,17,17,37,0,0,11,22,5,12,151,364
Donegal,2ae19629-2066-13a3-e055-000000000001,"Manorcunningham, Donegal",140,455,164,390,61,162,81,253,2,6,10,19,15,40,473,1325
Donegal,2ae19629-2067-13a3-e055-000000000001,"Mín an Chladaigh, Dún na nGall",91,338,327,790,32,76,12,31,3,10,24,56,34,95,523,1396
Donegal,2ae19629-2071-13a3-e055-000000000001,"Mín Charraigeach, Dún na nGall",16,60,27,71,1,3,2,3,0,0,1,1,0,0,47,138
Donegal,2ae19629-2072-13a3-e055-000000000001,"Millford, Donegal",139,474,276,644,72,199,79,214,6,14,8,18,26,78,606,1641
Donegal,2ae19629-2073-13a3-e055-000000000001,"Mintiaghs, Donegal",76,321,178,502,9,26,1,1,1,6,10,29,6,14,281,899
Donegal,2ae19629-207c-13a3-e055-000000000001,"Moville, Donegal",176,595,452,1010,148,335,105,231,21,25,17,31,36,81,955,2308
Donegal,2ae19629-207d-13a3-e055-000000000001,"Maol Mosóg, Dún na nGall",24,79,46,106,6,16,5,18,0,0,6,12,2,4,89,235
Donegal,2ae19629-2089-13a3-e055-000000000001,"Newtown Cunningham, Donegal",95,332,141,354,29,63,65,229,24,30,5,6,11,33,370,1047
Donegal,2ae19629-208a-13a3-e055-000000000001,"Pettigoe, Donegal",32,93,95,191,17,32,15,26,0,0,8,15,3,12,170,369
Donegal,2ae19629-2095-13a3-e055-000000000001,"Raphoe, Donegal",93,323,238,557,92,245,97,228,25,59,20,31,25,71,590,1514
Donegal,2ae19629-2096-13a3-e055-000000000001,"Rathmelton, Donegal",222,750,409,974,129,321,96,244,3,9,29,61,47,113,935,2472
Donegal,2ae19629-2097-13a3-e055-000000000001,"Rathmullan, Donegal",61,210,194,441,34,83,31,86,7,20,12,28,18,42,357,910
Donegal,2ae19629-209f-13a3-e055-000000000001,"Redcastle, Donegal",89,345,164,417,28,77,4,10,0,0,15,39,11,42,311,930
Donegal,2ae19629-20a0-13a3-e055-000000000001,"Ros Goill, Dún na nGall",62,213,174,396,23,62,23,52,0,0,23,49,12,23,317,795
Donegal,2ae19629-20a1-13a3-e055-000000000001,"Rosnakill, Donegal",20,71,56,139,3,8,12,29,0,0,3,5,5,14,99,266
Donegal,2ae19629-20a2-13a3-e055-000000000001,"Inis Mhic an Doirn, Dún na nGall",131,439,353,728,48,111,49,104,1,2,21,37,31,64,634,1485
Donegal,2ae19629-20ad-13a3-e055-000000000001,"Suí Corr, Dún na nGall",13,47,20,41,1,3,1,2,0,0,1,1,0,0,36,94
Donegal,2ae19629-20ae-13a3-e055-000000000001,"St. Johnstown, Donegal",138,456,211,487,68,177,71,153,3,5,15,33,29,67,535,1378
Donegal,2ae19629-20bb-13a3-e055-000000000001,"Straid, Donegal",72,284,277,758,38,100,29,62,3,3,15,34,18,37,452,1278
Donegal,2ae19629-20bc-13a3-e055-000000000001,"Stranorlar, Donegal",391,1280,673,1507,318,750,296,779,19,36,34,61,55,135,1786,4548
Donegal,2ae19629-20c8-13a3-e055-000000000001,"Tantallon, Donegal",182,658,338,766,63,153,43,89,0,0,23,45,16,48,665,1759
Donegal,2ae19629-20c9-13a3-e055-000000000001,"Tawnawully, Donegal",42,149,64,158,10,27,1,2,0,0,3,6,2,4,122,346
Donegal,2ae19629-20ca-13a3-e055-000000000001,"Templecarn, Donegal",9,26,27,57,5,12,2,4,0,0,2,2,1,3,46,104
Donegal,2ae19629-20d4-13a3-e055-000000000001,"Templedouglas, Donegal",138,537,160,431,26,75,3,6,0,0,6,14,13,34,346,1097
Donegal,2ae19629-20d5-13a3-e055-000000000001,"An Tearmann, Dún na nGall",53,195,90,234,15,52,2,4,0,0,8,18,21,67,189,570
Donegal,2ae19629-20de-13a3-e055-000000000001,"Three Trees, Donegal",86,295,125,304,15,39,3,6,0,0,3,5,21,52,253,701
Donegal,2ae19629-20df-13a3-e055-000000000001,"Tieveskeelta, Donegal",14,52,24,57,6,16,0,0,0,0,1,2,4,8,49,135
Donegal,2ae19629-20ed-13a3-e055-000000000001,"Treantaghmucklagh, Donegal",95,368,135,340,10,35,8,17,0,0,7,17,24,66,279,843
Donegal,2ae19629-20ee-13a3-e055-000000000001,"Tullynaught, Donegal",70,279,109,295,11,26,2,10,0,0,6,19,8,24,206,653
Donegal,2ae19629-20ef-13a3-e055-000000000001,"Turmone, Donegal",32,115,71,165,6,13,2,3,0,0,3,10,5,10,119,316
Donegal,2ae19629-20f0-13a3-e055-000000000001,"Urney West, Donegal",88,305,96,238,13,44,11,23,1,1,4,4,4,18,217,633
Donegal,2ae19629-2063-13a3-e055-000000000001,"West Donegal, Donegal",54,193,147,323,20,56,27,75,0,0,19,51,6,15,273,713
Donegal,2ae19629-20f1-13a3-e055-000000000001,"Whitecastle, Donegal",98,343,192,490,27,65,7,29,0,0,9,22,3,13,336,962
Cavan-Monaghan,2ae19629-1a63-13a3-e055-000000000001,"Aghabog, Monaghan",42,152,55,136,2,6,1,3,0,0,4,6,3,9,107,312
Cavan-Monaghan,2ae19629-1a64-13a3-e055-000000000001,"Anketell Grove, Monaghan",156,610,178,479,34,118,7,17,0,0,15,36,10,27,400,1287
Cavan-Monaghan,2ae19629-1a65-13a3-e055-000000000001,"Annayalla, Monaghan",59,223,115,280,19,53,0,0,1,2,3,4,6,10,203,572
Cavan-Monaghan,2ae19629-1a6e-13a3-e055-000000000001,"Anny, Monaghan",39,149,73,187,5,15,1,3,0,0,3,12,3,12,124,378
Cavan-Monaghan,2ae19629-1a6f-13a3-e055-000000000001,"Ballybay Rural, Monaghan",134,433,225,522,119,355,73,204,1,1,16,32,11,21,579,1568
Cavan-Monaghan,2ae19629-1a70-13a3-e055-000000000001,"Ballybay Urban, Monaghan",11,25,49,92,81,173,17,18,0,0,6,10,2,6,166,324
Cavan-Monaghan,2ae19629-1a7b-13a3-e055-000000000001,"Ballymackney, Monaghan",95,356,187,492,11,31,5,12,1,5,9,20,26,64,334,980
Cavan-Monaghan,2ae19629-1a7c-13a3-e055-000000000001,"Bellanode, Monaghan",139,491,264,597,53,144,13,25,2,4,14,29,10,31,495,1321
Cavan-Monaghan,2ae19629-1a7d-13a3-e055-000000000001,"Bellatrain, Monaghan",29,133,45,116,5,14,0,0,0,0,1,1,1,2,81,266
Cavan-Monaghan,2ae19629-1a88-13a3-e055-000000000001,"Bocks, Monaghan",109,427,94,257,13,31,4,11,12,17,7,23,6,27,245,793
Cavan-Monaghan,2ae19629-1a89-13a3-e055-000000000001,"Bragan, Monaghan",34,140,56,141,10,31,1,5,0,0,3,3,0,0,104,320
Cavan-Monaghan,2ae19629-1a8a-13a3-e055-000000000001,"Broomfield, Monaghan",95,393,121,325,24,57,1,1,0,0,6,13,14,34,261,823
Cavan-Monaghan,2ae19629-1a94-13a3-e055-000000000001,"Caddagh, Monaghan",71,288,90,218,9,26,2,6,1,5,5,8,1,1,179,552
Cavan-Monaghan,2ae19629-1a95-13a3-e055-000000000001,"Carrickaslane, Monaghan",90,328,95,253,31,77,9,30,0,0,4,10,7,16,236,714
Cavan-Monaghan,2ae19629-1a96-13a3-e055-000000000001,"Carrickatee, Monaghan",37,158,64,186,2,7,1,1,0,0,9,26,5,6,118,384
Cavan-Monaghan,2ae19629-1a9e-13a3-e055-000000000001,"Carrickmacross Rural, Monaghan",418,1435,504,1128,260,837,194,530,68,167,19,36,55,154,1518,4287
Cavan-Monaghan,2ae19629-1a9f-13a3-e055-000000000001,"Carrickmacross Urban, Monaghan",139,391,280,514,302,808,155,408,25,78,13,17,38,99,952,2315
Cavan-Monaghan,2ae19629-1aaa-13a3-e055-000000000001,"Castleblayney Rural, Monaghan",365,1229,505,1126,240,658,236,674,38,90,21,36,43,94,1448,3907
Cavan-Monaghan,2ae19629-1aa0-13a3-e055-000000000001,"Castleblayney Urban, Monaghan",36,109,127,236,202,425,48,105,16,23,15,36,21,36,465,970
Cavan-Monaghan,2ae19629-1aab-13a3-e055-000000000001,"Castleshane, Monaghan",128,495,155,370,27,96,5,8,0,0,7,14,9,27,331,1010
Cavan-Monaghan,2ae19629-1ab4-13a3-e055-000000000001,"Church Hill, Monaghan",78,306,107,247,25,76,29,91,1,3,12,22,9,19,261,764
Cavan-Monaghan,2ae19629-1ab6-13a3-e055-000000000001,"Clones Rural, Monaghan",154,560,282,630,66,183,73,158,8,12,9,27,10,34,602,1604
Cavan-Monaghan,2ae19629-1abe-13a3-e055-000000000001,"Clones Urban, Monaghan",51,135,168,314,170,480,62,150,0,0,13,19,5,18,469,1116
Cavan-Monaghan,2ae19629-1ab5-13a3-e055-000000000001,"Clones, Monaghan",57,220,94,219,8,24,2,10,0,0,10,19,7,20,178,512
Cavan-Monaghan,2ae19629-1abf-13a3-e055-000000000001,"Clontibret, Monaghan",77,313,145,370,24,68,0,0,0,0,8,20,5,16,259,787
Cavan-Monaghan,2ae19629-1ac0-13a3-e055-000000000001,"Cormeen, Monaghan",54,223,89,229,18,51,2,7,0,0,3,3,5,13,171,526
Cavan-Monaghan,2ae19629-1ac1-13a3-e055-000000000001,"Corracharra, Monaghan",35,149,50,128,4,5,9,20,1,5,2,4,3,10,104,321
Cavan-Monaghan,2ae19629-1acc-13a3-e055-000000000001,"Creeve, Monaghan",75,296,124,320,12,28,5,20,0,0,7,9,5,17,228,690
Cavan-Monaghan,2ae19629-1acd-13a3-e055-000000000001,"Cremartin, Monaghan",137,514,188,468,47,143,23,60,0,0,11,23,7,24,413,1232
Cavan-Monaghan,2ae19629-1ace-13a3-e055-000000000001,"Crossalare, Monaghan",80,333,113,289,17,38,12,19,6,7,3,10,8,19,239,715
Cavan-Monaghan,2ae19629-1ad8-13a3-e055-000000000001,"Currin, Monaghan",71,244,111,267,41,133,14,43,2,10,8,12,7,23,254,732
Cavan-Monaghan,2ae19629-1ad9-13a3-e055-000000000001,"Dawsongrove, Monaghan",71,257,120,292,15,53,40,107,4,12,8,16,1,2,259,739
Cavan-Monaghan,2ae19629-1ae6-13a3-e055-000000000001,"Derrygorry, Monaghan",21,73,53,138,8,27,3,7,9,22,4,8,3,7,101,282
Cavan-Monaghan,2ae19629-1ae7-13a3-e055-000000000001,"Donaghmoyne, Monaghan",79,319,122,314,6,20,1,5,0,0,8,24,13,42,229,724
Cavan-Monaghan,2ae19629-1af2-13a3-e055-000000000001,"Drum, Monaghan",26,94,35,79,1,1,0,0,0,0,3,4,2,2,67,180
Cavan-Monaghan,2ae19629-1af3-13a3-e055-000000000001,"Drumboory, Monaghan",62,266,86,222,7,20,2,11,0,0,5,16,14,39,176,574
Cavan-Monaghan,2ae19629-1af4-13a3-e055-000000000001,"Drumcarrow, Monaghan",72,271,69,191,10,18,0,0,1,1,4,12,6,22,162,515
Cavan-Monaghan,2ae19629-1a3c-13a3-e055-000000000001,"Drumgurra, Monaghan",103,388,101,252,20,64,0,0,0,0,3,8,15,31,242,743
Cavan-Monaghan,2ae19629-1a3d-13a3-e055-000000000001,"Drumhillagh, Monaghan",93,365,117,302,8,25,1,5,0,0,9,15,4,17,232,729
Cavan-Monaghan,2ae19629-1a3e-13a3-e055-000000000001,"Drummully, Monaghan",15,63,21,47,6,18,0,0,0,0,2,3,0,0,44,131
Cavan-Monaghan,2ae19629-1a4b-13a3-e055-000000000001,"Drumsnat, Monaghan",111,401,160,352,50,151,53,140,1,5,12,21,5,13,392,1083
Cavan-Monaghan,2ae19629-1a4c-13a3-e055-000000000001,"Emyvale, Monaghan",115,390,170,395,64,179,64,130,0,0,13,18,19,49,445,1161
Cavan-Monaghan,2ae19629-1a4d-13a3-e055-000000000001,"Enagh, Monaghan, 177043",51,206,100,240,18,64,0,0,0,0,5,9,7,19,181,538
Cavan-Monaghan,2ae19629-1a5a-13a3-e055-000000000001,"Enagh, Monaghan, 177044",83,321,116,288,9,25,8,19,0,0,6,8,12,24,234,685
Cavan-Monaghan,2ae19629-1a5b-13a3-e055-000000000001,"Figullar, Monaghan",58,241,64,188,36,100,0,0,0,0,8,24,4,14,170,567
Cavan-Monaghan,2ae19629-1a66-13a3-e055-000000000001,"Glaslough, Monaghan",93,307,145,342,42,116,25,59,2,5,8,17,10,31,325,877
Cavan-Monaghan,2ae19629-1a67-13a3-e055-000000000001,"Greagh, Monaghan",58,205,92,237,8,16,1,2,1,2,3,4,6,14,169,480
Cavan-Monaghan,2ae19629-1a71-13a3-e055-000000000001,"Inishkeen, Monaghan",133,517,186,471,41,109,24,38,0,0,18,30,4,7,406,1172
Cavan-Monaghan,2ae19629-1a72-13a3-e055-000000000001,"Killeevan, Monaghan",35,132,76,168,4,9,0,0,0,0,3,3,6,11,124,323
Cavan-Monaghan,2ae19629-1a7e-13a3-e055-000000000001,"Killylough, Monaghan",73,283,109,277,5,22,1,1,0,0,7,18,6,12,201,613
Cavan-Monaghan,2ae19629-1a7f-13a3-e055-000000000001,"Killynenagh, Monaghan",22,85,36,98,5,17,1,4,0,0,5,9,1,3,70,216
Cavan-Monaghan,2ae19629-1a80-13a3-e055-000000000001,"Kilmore, Monaghan",45,181,122,278,8,27,0,0,0,0,8,17,3,4,186,507
Cavan-Monaghan,2ae19629-1a8b-13a3-e055-000000000001,"Kilmurry, Monaghan",77,301,98,275,6,16,2,5,5,6,4,9,13,38,205,650
Cavan-Monaghan,2ae19629-1a8c-13a3-e055-000000000001,"Kiltybegs, Monaghan",95,373,110,295,8,27,1,1,0,0,11,17,1,3,226,716
Cavan-Monaghan,2ae19629-1a8d-13a3-e055-000000000001,"Laragh, Monaghan",52,220,119,291,10,21,2,13,0,0,4,5,10,33,197,583
Cavan-Monaghan,2ae19629-1a97-13a3-e055-000000000001,"Lisnaveane, Monaghan",42,158,87,229,8,17,0,0,0,0,9,26,1,1,147,431
Cavan-Monaghan,2ae19629-1a98-13a3-e055-000000000001,"Lough Fea, Monaghan",76,294,115,286,17,45,1,4,0,0,9,20,14,40,232,689
Cavan-Monaghan,2ae19629-1aa1-13a3-e055-000000000001,"Monaghan Rural, Monaghan",569,1742,802,1670,477,1525,337,1020,9,32,32,69,89,210,2315,6268
Cavan-Monaghan,2ae19629-1aa2-13a3-e055-000000000001,"Monaghan Urban, Monaghan",96,252,223,410,454,1087,103,207,13,13,8,15,51,95,948,2079
Cavan-Monaghan,2ae19629-1aa3-13a3-e055-000000000001,"Mullyash, Monaghan",37,135,81,217,4,10,0,0,0,0,4,7,6,17,132,386
Cavan-Monaghan,2ae19629-1aac-13a3-e055-000000000001,"Newbliss, Monaghan",100,385,140,334,32,78,39,89,0,0,3,10,7,19,321,915
Cavan-Monaghan,2ae19629-1aad-13a3-e055-000000000001,"Rackwallace, Monaghan",108,442,172,430,16,48,0,0,0,0,9,27,9,31,314,978
Cavan-Monaghan,2ae19629-1ab7-13a3-e055-000000000001,"Raferagh, Monaghan",50,189,89,211,5,7,1,1,0,0,7,23,5,11,157,442
Cavan-Monaghan,2ae19629-1ab8-13a3-e055-000000000001,"Scotstown, Monaghan",130,504,190,514,35,93,16,37,3,6,15,40,11,32,400,1226
Cavan-Monaghan,2ae19629-1ac2-13a3-e055-000000000001,"Shanmullagh, Monaghan",29,104,44,107,5,14,0,0,0,0,2,5,6,16,86,246
Cavan-Monaghan,2ae19629-1ac3-13a3-e055-000000000001,"Sheskin, Monaghan",90,326,100,248,10,16,17,48,0,0,9,21,4,13,230,672
Cavan-Monaghan,2ae19629-1ac4-13a3-e055-000000000001,"St. Tierney, Monaghan",35,128,82,226,10,20,4,7,0,0,5,8,4,9,140,398
Cavan-Monaghan,2ae19629-1ac5-13a3-e055-000000000001,"Tedavnet, Monaghan",103,395,179,436,28,93,5,28,1,6,12,29,5,15,333,1002
Cavan-Monaghan,2ae19629-1acf-13a3-e055-000000000001,"Tehallan, Monaghan",117,443,134,335,30,88,8,21,0,0,10,20,7,17,306,924
Cavan-Monaghan,2ae19629-1ad0-13a3-e055-000000000001,"Tullycorbet, Monaghan",65,247,141,366,13,40,0,0,0,0,6,12,2,5,227,670
