NEW CONSTITUENCY,ED_GUID,GEOGDESC,At work,Looking for first regular job,Short term unemployed,Long term unemployed,Student,Looking after home/family,Retired,Unable to work due to permanent sickness or disability,Other,Total
Carlow-Kilkenny,2ae19629-1836-13a3-e055-000000000001,"Agha, Carlow",211,0,0,5,39,20,38,12,0,325
Carlow-Kilkenny,2ae19629-1837-13a3-e055-000000000001,"Ballinacarrig, Carlow",509,6,18,17,93,58,156,42,3,902
Carlow-Kilkenny,2ae19629-1840-13a3-e055-000000000001,"Ballintemple, Carlow",284,1,5,11,48,40,62,27,2,480
Carlow-Kilkenny,2ae19629-1841-13a3-e055-000000000001,"Ballon, Carlow",347,2,8,20,75,42,84,36,4,618
Carlow-Kilkenny,2ae19629-1842-13a3-e055-000000000001,"Ballyellin, Carlow",199,1,10,10,41,39,55,14,0,369
Carlow-Kilkenny,2ae19629-1843-13a3-e055-000000000001,"Ballymoon, Carlow",168,0,1,3,28,25,37,12,4,278
Carlow-Kilkenny,2ae19629-184d-13a3-e055-000000000001,"Ballymurphy, Carlow",132,1,1,3,22,18,28,11,2,218
Carlow-Kilkenny,2ae19629-184e-13a3-e055-000000000001,"Borris, Carlow",416,8,15,31,62,74,233,50,2,891
Carlow-Kilkenny,2ae19629-184f-13a3-e055-000000000001,"Burton Hall, Carlow",244,2,2,6,49,17,55,22,0,397
Carlow-Kilkenny,2ae19629-1857-13a3-e055-000000000001,"Carlow Rural, Carlow",6793,156,226,486,1665,942,1709,763,53,12793
Carlow-Kilkenny,2ae19629-1858-13a3-e055-000000000001,"Carlow Urban, Carlow",2021,69,120,218,527,269,716,407,26,4373
Carlow-Kilkenny,2ae19629-1859-13a3-e055-000000000001,"Clogrenan, Carlow",553,10,10,14,99,47,136,32,2,903
Carlow-Kilkenny,2ae19629-185a-13a3-e055-000000000001,"Clonegall, Carlow",491,2,8,17,81,83,155,41,1,879
Carlow-Kilkenny,2ae19629-1864-13a3-e055-000000000001,"Clonmore, Carlow",269,1,6,7,49,31,77,13,2,455
Carlow-Kilkenny,2ae19629-1865-13a3-e055-000000000001,"Coonogue, Carlow",107,2,2,4,16,13,26,5,0,175
Carlow-Kilkenny,2ae19629-1866-13a3-e055-000000000001,"Corries, Carlow",244,2,1,8,52,40,78,22,1,448
Carlow-Kilkenny,2ae19629-1872-13a3-e055-000000000001,"Cranemore, Carlow",552,4,20,29,95,54,157,27,2,940
Carlow-Kilkenny,2ae19629-1873-13a3-e055-000000000001,"Fennagh, Carlow",372,3,12,12,57,52,89,42,0,639
Carlow-Kilkenny,2ae19629-1874-13a3-e055-000000000001,"Garryhill, Carlow",284,1,8,14,60,42,80,26,3,518
Carlow-Kilkenny,2ae19629-187d-13a3-e055-000000000001,"Glynn, Carlow",182,1,4,7,29,21,49,11,1,305
Carlow-Kilkenny,2ae19629-1a59-13a3-e055-000000000001,"Graigue Urban, Carlow",665,12,29,67,157,112,239,118,7,1406
Carlow-Kilkenny,2ae19629-187e-13a3-e055-000000000001,"Grangeford, Carlow",269,2,9,6,50,32,88,16,11,483
Carlow-Kilkenny,2ae19629-187f-13a3-e055-000000000001,"Hacketstown, Carlow",521,8,13,37,95,78,144,54,8,958
Carlow-Kilkenny,2ae19629-1887-13a3-e055-000000000001,"Haroldstown, Carlow",150,2,2,5,24,24,30,16,0,253
Carlow-Kilkenny,2ae19629-1888-13a3-e055-000000000001,"Johnstown, Carlow",259,2,2,7,70,41,100,14,2,497
Carlow-Kilkenny,2ae19629-1889-13a3-e055-000000000001,"Kellistown, Carlow",456,5,8,7,93,72,135,47,1,824
Carlow-Kilkenny,2ae19629-188a-13a3-e055-000000000001,"Kilbride, Carlow",215,2,4,6,37,27,64,15,3,373
Carlow-Kilkenny,2ae19629-1895-13a3-e055-000000000001,"Killedmond, Carlow",219,3,7,12,31,31,53,10,0,366
Carlow-Kilkenny,2ae19629-1896-13a3-e055-000000000001,"Killerrig, Carlow",191,0,4,3,54,19,41,10,1,323
Carlow-Kilkenny,2ae19629-1897-13a3-e055-000000000001,"Kineagh, Carlow",193,1,3,4,31,23,35,17,0,307
Carlow-Kilkenny,2ae19629-18a0-13a3-e055-000000000001,"Kyle, Carlow",163,0,3,3,37,29,51,5,0,291
Carlow-Kilkenny,2ae19629-18a1-13a3-e055-000000000001,"Leighlinbridge, Carlow",785,6,27,42,153,80,219,72,7,1391
Carlow-Kilkenny,2ae19629-18a2-13a3-e055-000000000001,"Marley, Carlow",194,0,1,8,38,33,36,11,1,322
Carlow-Kilkenny,2ae19629-18ab-13a3-e055-000000000001,"Muinebeag Rural, Carlow",322,3,1,14,53,44,100,33,1,571
Carlow-Kilkenny,2ae19629-18ac-13a3-e055-000000000001,"Muinebeag Urban, Carlow",1137,23,44,76,208,252,424,183,10,2357
Carlow-Kilkenny,2ae19629-18ad-13a3-e055-000000000001,"Myshall, Carlow",259,3,6,13,50,46,64,20,3,464
Carlow-Kilkenny,2ae19629-18ae-13a3-e055-000000000001,"Nurney, Carlow",406,5,11,22,85,76,107,30,4,746
Carlow-Kilkenny,2ae19629-18b7-13a3-e055-000000000001,"Oldleighlin, Carlow",267,2,4,7,60,47,57,17,5,466
Carlow-Kilkenny,2ae19629-18b8-13a3-e055-000000000001,"Rahill, Carlow",373,2,2,12,59,57,91,27,1,624
Carlow-Kilkenny,2ae19629-18b9-13a3-e055-000000000001,"Rathanna, Carlow",71,1,0,1,9,9,19,2,0,112
Carlow-Kilkenny,2ae19629-18c2-13a3-e055-000000000001,"Rathornan, Carlow",174,3,5,8,45,26,90,21,1,373
Carlow-Kilkenny,2ae19629-18c3-13a3-e055-000000000001,"Rathrush, Carlow",535,7,13,12,135,59,98,35,1,895
Carlow-Kilkenny,2ae19629-18c4-13a3-e055-000000000001,"Rathvilly, Carlow",379,5,12,31,67,72,94,49,4,713
Carlow-Kilkenny,2ae19629-1816-13a3-e055-000000000001,"Ridge, Carlow",140,0,2,3,39,20,24,16,1,245
Carlow-Kilkenny,2ae19629-1817-13a3-e055-000000000001,"Shangarry, Carlow",271,4,6,7,53,32,58,14,2,447
Carlow-Kilkenny,2ae19629-1818-13a3-e055-000000000001,"Sliguff, Carlow",256,1,4,11,53,34,73,17,1,450
Carlow-Kilkenny,2ae19629-1820-13a3-e055-000000000001,"Tankardstown, Carlow",225,3,3,3,38,31,53,19,1,376
Carlow-Kilkenny,2ae19629-1821-13a3-e055-000000000001,"Templepeter, Carlow",226,1,5,6,54,26,60,12,2,392
Carlow-Kilkenny,2ae19629-1822-13a3-e055-000000000001,"Tiknock, Carlow",156,1,2,6,31,17,57,12,1,283
Carlow-Kilkenny,2ae19629-1823-13a3-e055-000000000001,"Tinnahinch, Carlow",285,1,4,17,61,45,123,27,2,565
Carlow-Kilkenny,2ae19629-1a55-13a3-e055-000000000001,"Tullow Rural, Carlow",461,1,12,17,56,61,161,35,5,809
Carlow-Kilkenny,2ae19629-1a56-13a3-e055-000000000001,"Tullow Urban, Carlow",1765,42,78,130,313,273,424,281,11,3317
Carlow-Kilkenny,2ae19629-1a57-13a3-e055-000000000001,"Tullowbeg, Carlow",278,6,5,24,44,42,68,21,0,488
Carlow-Kilkenny,2ae19629-1a58-13a3-e055-000000000001,"Williamstown, Carlow",148,0,2,11,29,15,49,9,0,263
Dublin Central,2ae19629-1ceb-13a3-e055-000000000001,"Arran Quay A, Dublin City",1054,15,34,49,214,35,147,60,6,1614
Dublin Central,2ae19629-1cec-13a3-e055-000000000001,"Arran Quay B, Dublin City",2980,70,157,156,1107,150,242,194,25,5081
Dublin Central,2ae19629-1ced-13a3-e055-000000000001,"Arran Quay C, Dublin City",2949,59,137,123,450,149,185,161,25,4238
Dublin Central,2ae19629-1cee-13a3-e055-000000000001,"Arran Quay D, Dublin City",1717,26,56,125,355,114,313,141,60,2907
Dublin Central,2ae19629-1cef-13a3-e055-000000000001,"Arran Quay E, Dublin City",1996,25,59,78,238,120,365,132,11,3024
Dublin West,2ae19629-1cf0-13a3-e055-000000000001,"Ashtown A, Dublin City",6738,50,168,186,898,443,1170,295,43,9991
Dublin West,2ae19629-1d03-13a3-e055-000000000001,"Ashtown B, Dublin City",1356,6,25,26,188,100,492,130,15,2338
Dublin Bay North,2ae19629-1d04-13a3-e055-000000000001,"Ayrfield, Dublin City",2593,35,87,139,456,284,946,338,24,4902
Dublin Central,2ae19629-1d05-13a3-e055-000000000001,"Ballybough A, Dublin City",1974,47,108,151,349,183,394,254,28,3488
Dublin Central,2ae19629-1d06-13a3-e055-000000000001,"Ballybough B, Dublin City",2422,57,102,149,417,121,297,177,21,3763
Dublin North-West,2ae19629-1d08-13a3-e055-000000000001,"Ballygall A, Dublin City",1749,31,59,115,233,183,385,179,9,2943
Dublin North-West,2ae19629-1d09-13a3-e055-000000000001,"Ballygall B, Dublin City",787,7,15,34,160,69,477,92,7,1648
Dublin North-West,2ae19629-1d07-13a3-e055-000000000001,"Ballygall C, Dublin City",1542,10,36,52,289,173,810,127,10,3049
Dublin North-West,2ae19629-1d0a-13a3-e055-000000000001,"Ballygall D, Dublin City",1169,12,27,38,177,121,443,103,11,2101
Dublin North-West,2ae19629-1d0b-13a3-e055-000000000001,"Ballymun A, Dublin City",2629,66,128,226,500,265,323,233,28,4398
Dublin North-West,2ae19629-1d0c-13a3-e055-000000000001,"Ballymun B, Dublin City",1678,76,109,307,449,228,428,277,27,3579
Dublin North-West,2ae19629-1d0d-13a3-e055-000000000001,"Ballymun C, Dublin City",2554,61,150,320,535,313,610,354,36,4933
Dublin North-West,2ae19629-1d0e-13a3-e055-000000000001,"Ballymun D, Dublin City",1081,26,67,153,214,133,268,166,12,2120
Dublin North-West,2ae19629-1d0f-13a3-e055-000000000001,"Ballymun E, Dublin City",751,9,16,21,152,87,318,41,7,1402
Dublin North-West,2ae19629-1d10-13a3-e055-000000000001,"Ballymun F, Dublin City",1072,6,19,31,162,137,486,70,14,1997
Dublin North-West,2ae19629-1d11-13a3-e055-000000000001,"Beaumont A, Dublin City",1212,8,29,42,181,141,552,63,7,2235
Dublin North-West,2ae19629-1d12-13a3-e055-000000000001,"Beaumont B, Dublin City",2165,30,75,97,326,217,1368,141,17,4436
Dublin Bay North,2ae19629-1d21-13a3-e055-000000000001,"Beaumont C, Dublin City",1597,17,41,64,240,162,595,111,10,2837
Dublin Bay North,2ae19629-1d22-13a3-e055-000000000001,"Beaumont D, Dublin City",977,10,19,24,166,101,458,49,2,1806
Dublin Bay North,2ae19629-1d23-13a3-e055-000000000001,"Beaumont E, Dublin City",869,2,19,26,132,107,427,50,8,1640
Dublin North-West,2ae19629-1d24-13a3-e055-000000000001,"Beaumont F, Dublin City",1840,21,40,50,329,189,617,94,17,3197
Dublin Central,2ae19629-1d25-13a3-e055-000000000001,"Botanic A, Dublin City",1699,17,40,47,301,121,564,83,7,2879
Dublin Central,2ae19629-1d26-13a3-e055-000000000001,"Botanic B, Dublin City",2029,20,37,35,348,114,463,58,9,3113
Dublin Central,2ae19629-1d27-13a3-e055-000000000001,"Botanic C, Dublin City",1332,10,52,43,269,64,259,41,6,2076
Dublin Central,2ae19629-1d28-13a3-e055-000000000001,"Cabra East A, Dublin City",3389,38,89,110,484,173,742,164,20,5209
Dublin Central,2ae19629-1d29-13a3-e055-000000000001,"Cabra East B, Dublin City",1889,26,70,109,257,166,480,160,6,3163
Dublin Central,2ae19629-1d2a-13a3-e055-000000000001,"Cabra East C, Dublin City",2414,40,89,103,350,132,444,167,15,3754
Dublin Central,2ae19629-1d2b-13a3-e055-000000000001,"Cabra West A, Dublin City",573,18,19,50,96,90,286,92,8,1232
Dublin Central,2ae19629-1d2c-13a3-e055-000000000001,"Cabra West B, Dublin City",1173,20,40,85,170,125,482,151,18,2264
Dublin Central,2ae19629-1d2d-13a3-e055-000000000001,"Cabra West C, Dublin City",1356,28,40,78,255,130,423,135,16,2461
Dublin Central,2ae19629-1d2e-13a3-e055-000000000001,"Cabra West D, Dublin City",1392,16,44,74,189,129,434,137,9,2424
Dublin South-Central,2ae19629-1d31-13a3-e055-000000000001,"Carna, Dublin City",1244,22,41,120,196,162,399,221,12,2417
Dublin South-Central,2ae19629-1d2f-13a3-e055-000000000001,"Chapelizod, Dublin City",1877,12,50,62,194,114,505,112,11,2937
Dublin South-Central,2ae19629-1d30-13a3-e055-000000000001,"Cherry Orchard A, Dublin City",1346,76,100,178,312,166,107,270,296,2851
Dublin South-Central,2ae19629-1d42-13a3-e055-000000000001,"Cherry Orchard C, Dublin City",2038,64,120,215,375,307,316,290,24,3749
Dublin Bay North,2ae19629-1d43-13a3-e055-000000000001,"Clontarf East A, Dublin City",1581,15,32,39,333,179,622,127,17,2945
Dublin Bay North,2ae19629-1d44-13a3-e055-000000000001,"Clontarf East B, Dublin City",3431,28,75,81,604,310,1195,117,19,5860
Dublin Bay North,2ae19629-1d45-13a3-e055-000000000001,"Clontarf East C, Dublin City",1396,6,36,43,383,127,665,57,10,2723
Dublin Bay North,2ae19629-1d46-13a3-e055-000000000001,"Clontarf East D, Dublin City",1334,10,24,21,275,127,498,61,6,2356
Dublin Bay North,2ae19629-1d47-13a3-e055-000000000001,"Clontarf East E, Dublin City",806,6,16,14,164,58,329,45,4,1442
Dublin Bay North,2ae19629-1d48-13a3-e055-000000000001,"Clontarf West A, Dublin City",1817,21,56,60,341,156,571,110,6,3138
Dublin Bay North,2ae19629-1d49-13a3-e055-000000000001,"Clontarf West B, Dublin City",1170,15,27,65,124,108,370,148,17,2044
Dublin Bay North,2ae19629-1d4a-13a3-e055-000000000001,"Clontarf West C, Dublin City",2226,26,63,48,315,152,538,81,17,3466
Dublin Bay North,2ae19629-1d4b-13a3-e055-000000000001,"Clontarf West D, Dublin City",1460,16,32,41,245,69,278,51,9,2201
Dublin Bay North,2ae19629-1d4c-13a3-e055-000000000001,"Clontarf West E, Dublin City",1274,11,26,28,182,83,388,48,7,2047
Dublin South-Central,2ae19629-1d4d-13a3-e055-000000000001,"Crumlin A, Dublin City",1782,42,63,114,225,170,511,170,13,3090
Dublin South-Central,2ae19629-1d4e-13a3-e055-000000000001,"Crumlin B, Dublin City",1409,22,47,105,227,131,489,150,9,2589
Dublin South-Central,2ae19629-1d4f-13a3-e055-000000000001,"Crumlin C, Dublin City",1191,14,38,67,158,109,315,102,7,2001
Dublin South-Central,2ae19629-1d50-13a3-e055-000000000001,"Crumlin D, Dublin City",2038,25,63,108,269,204,574,215,20,3516
Dublin South-Central,2ae19629-1d62-13a3-e055-000000000001,"Crumlin E, Dublin City",1346,27,42,88,191,150,394,163,10,2411
Dublin South-Central,2ae19629-1d63-13a3-e055-000000000001,"Crumlin F, Dublin City",1554,17,27,57,197,180,414,109,21,2576
Dublin South-Central,2ae19629-1d64-13a3-e055-000000000001,"Decies, Dublin City",1152,13,47,101,178,146,416,197,12,2262
Dublin Central,2ae19629-1d65-13a3-e055-000000000001,"Drumcondra South A, Dublin City",3357,37,73,95,511,169,606,159,15,5022
Dublin Central,2ae19629-1d66-13a3-e055-000000000001,"Drumcondra South B, Dublin City",1109,17,26,54,131,61,186,66,5,1655
Dublin Central,2ae19629-1d67-13a3-e055-000000000001,"Drumcondra South C, Dublin City",1665,10,40,43,328,123,525,44,13,2791
Dublin South-Central,2ae19629-1d68-13a3-e055-000000000001,"Drumfinn, Dublin City",1545,15,62,107,242,185,511,259,26,2952
Dublin Bay North,2ae19629-1d69-13a3-e055-000000000001,"Edenmore, Dublin City",1166,31,66,68,161,147,594,166,16,2415
Dublin North-West,2ae19629-1d6a-13a3-e055-000000000001,"Finglas North A, Dublin City",1402,24,72,176,222,181,397,208,17,2699
Dublin North-West,2ae19629-1d6b-13a3-e055-000000000001,"Finglas North B, Dublin City",1251,25,42,113,195,174,424,189,14,2427
Dublin North-West,2ae19629-1d6c-13a3-e055-000000000001,"Finglas North C, Dublin City",1782,16,37,74,258,162,514,150,12,3005
Dublin North-West,2ae19629-1d6d-13a3-e055-000000000001,"Finglas South A, Dublin City",1260,26,49,112,219,140,354,165,19,2344
Dublin North-West,2ae19629-1d6e-13a3-e055-000000000001,"Finglas South B, Dublin City",1884,30,83,166,363,253,479,236,18,3512
Dublin North-West,2ae19629-1d6f-13a3-e055-000000000001,"Finglas South C, Dublin City",1074,23,58,104,196,144,332,159,17,2107
Dublin North-West,2ae19629-1d70-13a3-e055-000000000001,"Finglas South D, Dublin City",1106,20,41,82,203,127,334,132,16,2061
Dublin Bay North,2ae19629-1d71-13a3-e055-000000000001,"Grace Park, Dublin City",3037,19,74,87,592,243,1117,184,16,5369
Dublin Bay North,2ae19629-1d7f-13a3-e055-000000000001,"Grange A, Dublin City",6455,77,185,229,1025,564,831,353,51,9770
Dublin Bay North,2ae19629-1d80-13a3-e055-000000000001,"Grange B, Dublin City",3979,39,96,174,462,335,437,215,21,5758
Dublin Bay North,2ae19629-1d81-13a3-e055-000000000001,"Grange C, Dublin City",1271,24,51,77,202,160,669,128,11,2593
Dublin Bay North,2ae19629-1d82-13a3-e055-000000000001,"Grange D, Dublin City",1730,23,53,94,290,231,737,188,16,3362
Dublin Bay North,2ae19629-1d83-13a3-e055-000000000001,"Grange E, Dublin City",1085,20,39,54,203,143,537,102,13,2196
Dublin Bay North,2ae19629-1d84-13a3-e055-000000000001,"Harmonstown A, Dublin City",1268,10,41,51,188,153,571,129,10,2421
Dublin Bay North,2ae19629-1d85-13a3-e055-000000000001,"Harmonstown B, Dublin City",1377,15,25,86,246,146,344,117,9,2365
Dublin South-Central,2ae19629-1d86-13a3-e055-000000000001,"Inchicore A, Dublin City",1383,20,34,58,185,82,349,92,10,2213
Dublin South-Central,2ae19629-1d87-13a3-e055-000000000001,"Inchicore B, Dublin City",1059,20,59,101,248,151,295,135,13,2081
Dublin Central,2ae19629-1d88-13a3-e055-000000000001,"Inns Quay A, Dublin City",1716,28,70,102,256,126,599,160,752,3809
Dublin Central,2ae19629-1d89-13a3-e055-000000000001,"Inns Quay B, Dublin City",2472,57,109,105,761,165,333,145,18,4165
Dublin Central,2ae19629-1d8a-13a3-e055-000000000001,"Inns Quay C, Dublin City",1523,37,60,86,587,88,247,129,18,2775
Dublin South-Central,2ae19629-1d8b-13a3-e055-000000000001,"Kilmainham A, Dublin City",1297,18,63,79,152,108,417,151,12,2297
Dublin South-Central,2ae19629-1d8c-13a3-e055-000000000001,"Kilmainham B, Dublin City",1634,18,61,49,152,69,225,69,10,2287
Dublin South-Central,2ae19629-1d8d-13a3-e055-000000000001,"Kilmainham C, Dublin City",2691,46,85,134,386,187,464,222,22,4237
Dublin North-West,2ae19629-1d97-13a3-e055-000000000001,"Kilmore A, Dublin City",1919,22,63,80,288,168,254,136,16,2946
Dublin Bay North,2ae19629-1d98-13a3-e055-000000000001,"Kilmore B, Dublin City",1047,24,47,123,181,139,375,178,19,2133
Dublin Bay North,2ae19629-1d8e-13a3-e055-000000000001,"Kilmore C, Dublin City",577,23,25,72,116,87,149,127,12,1188
Dublin Bay North,2ae19629-1d96-13a3-e055-000000000001,"Kilmore D, Dublin City",852,21,25,57,173,125,464,116,14,1847
Dublin South-Central,2ae19629-1d99-13a3-e055-000000000001,"Kimmage A, Dublin City",846,18,27,67,130,99,269,118,14,1588
Dublin South-Central,2ae19629-1d9a-13a3-e055-000000000001,"Kimmage B, Dublin City",1704,26,59,112,196,193,521,205,14,3030
Dublin South-Central,2ae19629-1d9b-13a3-e055-000000000001,"Kimmage C, Dublin City",2129,30,57,67,248,118,460,157,14,3280
Dublin South-Central,2ae19629-1d9c-13a3-e055-000000000001,"Kimmage D, Dublin City",1309,16,36,59,136,128,342,121,8,2155
Dublin South-Central,2ae19629-1d9d-13a3-e055-000000000001,"Kimmage E, Dublin City",1657,32,54,104,243,151,500,210,15,2966
Dublin South-Central,2ae19629-1d9e-13a3-e055-000000000001,"Kylemore, Dublin City",1105,26,40,83,172,162,342,181,11,2122
Dublin Bay South,2ae19629-1d9f-13a3-e055-000000000001,"Mansion House A, Dublin City",2104,47,108,157,670,161,277,203,18,3745
Dublin Bay South,2ae19629-1da0-13a3-e055-000000000001,"Mansion House B, Dublin City",635,5,16,13,89,36,87,24,7,912
Dublin South-Central,2ae19629-1da1-13a3-e055-000000000001,"Merchants Quay A, Dublin City",1474,34,88,112,205,98,136,156,31,2334
Dublin South-Central,2ae19629-1da2-13a3-e055-000000000001,"Merchants Quay B, Dublin City",2408,56,99,113,654,139,238,118,17,3842
Dublin South-Central,2ae19629-1da3-13a3-e055-000000000001,"Merchants Quay C, Dublin City",1935,36,73,92,749,121,234,179,12,3431
Dublin South-Central,2ae19629-1da4-13a3-e055-000000000001,"Merchants Quay D, Dublin City",1258,15,23,46,540,58,277,56,8,2281
Dublin South-Central,2ae19629-1da5-13a3-e055-000000000001,"Merchants Quay E, Dublin City",1286,12,45,33,710,68,202,68,5,2429
Dublin South-Central,2ae19629-1da6-13a3-e055-000000000001,"Merchants Quay F, Dublin City",1265,24,52,53,225,85,148,90,16,1958
Dublin Central,2ae19629-1da7-13a3-e055-000000000001,"Mountjoy A, Dublin City",3244,169,233,286,1108,294,294,326,67,6021
Dublin Central,2ae19629-1da8-13a3-e055-000000000001,"Mountjoy B, Dublin City",2538,78,134,142,698,158,151,182,19,4100
Dublin Central,2ae19629-1db2-13a3-e055-000000000001,"North City, Dublin City",3815,73,182,210,672,266,339,177,42,5776
Dublin Central,2ae19629-1db3-13a3-e055-000000000001,"North Dock A, Dublin City",842,9,35,36,89,37,167,39,8,1262
Dublin Central,2ae19629-1db4-13a3-e055-000000000001,"North Dock B, Dublin City",5899,117,207,212,1250,277,486,259,32,8739
Dublin Central,2ae19629-1db5-13a3-e055-000000000001,"North Dock C, Dublin City",2362,52,89,133,507,152,247,204,24,3770
Dublin Bay South,2ae19629-1db6-13a3-e055-000000000001,"Pembroke East A, Dublin City",2736,42,79,142,349,203,503,245,19,4318
Dublin Bay South,2ae19629-1db7-13a3-e055-000000000001,"Pembroke East B, Dublin City",1935,16,42,36,368,161,575,53,4,3190
Dublin Bay South,2ae19629-1db8-13a3-e055-000000000001,"Pembroke East C, Dublin City",2071,14,43,39,342,170,780,46,9,3514
Dublin Bay South,2ae19629-1db9-13a3-e055-000000000001,"Pembroke East D, Dublin City",2408,41,62,65,575,261,1142,175,19,4748
Dublin Bay South,2ae19629-1dba-13a3-e055-000000000001,"Pembroke East E, Dublin City",2099,24,61,52,345,211,484,38,21,3335
Dublin Bay South,2ae19629-1dbb-13a3-e055-000000000001,"Pembroke West A, Dublin City",3177,22,79,80,381,158,483,59,17,4456
Dublin Bay South,2ae19629-1dbc-13a3-e055-000000000001,"Pembroke West B, Dublin City",1923,14,42,38,303,135,298,35,14,2802
Dublin Bay South,2ae19629-1dbd-13a3-e055-000000000001,"Pembroke West C, Dublin City",2701,30,58,61,361,145,495,53,18,3922
Dublin West,2ae19629-1dbe-13a3-e055-000000000001,"Phoenix Park, Dublin City",847,5,33,40,89,36,195,100,28,1373
Dublin Bay North,2ae19629-1dcc-13a3-e055-000000000001,"Priorswood A, Dublin City",736,9,26,48,111,85,219,71,2,1307
Dublin Bay North,2ae19629-1dcd-13a3-e055-000000000001,"Priorswood B, Dublin City",1016,43,91,139,214,199,271,184,19,2176
Dublin Bay North,2ae19629-1dca-13a3-e055-000000000001,"Priorswood C, Dublin City",2103,69,86,206,387,270,318,331,23,3793
Dublin Bay North,2ae19629-1dcb-13a3-e055-000000000001,"Priorswood D, Dublin City",1122,31,58,110,184,160,306,177,13,2161
Dublin Bay North,2ae19629-1dce-13a3-e055-000000000001,"Priorswood E, Dublin City",1275,24,31,71,211,161,405,139,8,2325
Dublin Bay North,2ae19629-1dcf-13a3-e055-000000000001,"Raheny-Foxfield, Dublin City",1030,20,25,47,258,148,516,84,11,2139
Dublin Bay North,2ae19629-1dd0-13a3-e055-000000000001,"Raheny-Greendale, Dublin City",978,16,34,64,155,145,394,97,12,1895
Dublin Bay North,2ae19629-1dd1-13a3-e055-000000000001,"Raheny-St. Assam, Dublin City",1853,11,28,37,308,210,737,66,9,3259
Dublin Bay South,2ae19629-1dd2-13a3-e055-000000000001,"Rathfarnham, Dublin City",2485,24,70,58,1223,221,803,165,19,5068
Dublin Bay South,2ae19629-1dd3-13a3-e055-000000000001,"Rathmines East A, Dublin City",2862,27,93,79,450,165,622,115,26,4439
Dublin Bay South,2ae19629-1dd4-13a3-e055-000000000001,"Rathmines East B, Dublin City",3238,28,67,65,538,213,639,65,13,4866
Dublin Bay South,2ae19629-1dd5-13a3-e055-000000000001,"Rathmines East C, Dublin City",1650,17,35,29,388,167,575,39,9,2909
Dublin Bay South,2ae19629-1dd6-13a3-e055-000000000001,"Rathmines East D, Dublin City",1574,11,48,33,285,89,270,27,11,2348
Dublin Bay South,2ae19629-1dd7-13a3-e055-000000000001,"Rathmines West A, Dublin City",4137,42,118,129,444,151,490,140,23,5674
Dublin Bay South,2ae19629-1dd8-13a3-e055-000000000001,"Rathmines West B, Dublin City",2471,32,77,78,334,109,248,81,20,3450
Dublin Bay South,2ae19629-1de6-13a3-e055-000000000001,"Rathmines West C, Dublin City",1585,22,32,45,413,93,267,37,6,2500
Dublin Bay South,2ae19629-1de7-13a3-e055-000000000001,"Rathmines West D, Dublin City",1811,22,57,62,316,124,314,82,11,2799
Dublin Bay South,2ae19629-1de8-13a3-e055-000000000001,"Rathmines West E, Dublin City",2180,16,52,46,342,108,368,45,47,3204
Dublin Bay South,2ae19629-1de9-13a3-e055-000000000001,"Rathmines West F, Dublin City",1773,21,52,68,296,91,278,37,11,2627
Dublin Central,2ae19629-1dea-13a3-e055-000000000001,"Rotunda A, Dublin City",3392,106,191,181,703,281,403,230,44,5531
Dublin Central,2ae19629-1deb-13a3-e055-000000000001,"Rotunda B, Dublin City",2026,31,125,116,237,172,242,176,17,3142
Dublin Bay South,2ae19629-1dec-13a3-e055-000000000001,"Royal Exchange A, Dublin City",2676,60,138,130,818,144,286,180,27,4459
Dublin Bay South,2ae19629-1ded-13a3-e055-000000000001,"Royal Exchange B, Dublin City",888,19,46,91,273,70,147,115,5,1654
Dublin Bay South,2ae19629-1dee-13a3-e055-000000000001,"Saint Kevin's, Dublin City",3391,51,122,152,417,140,409,148,40,4870
Dublin Bay South,2ae19629-1def-13a3-e055-000000000001,"South Dock, Dublin City",5250,78,156,201,726,254,483,171,40,7359
Dublin Bay South,2ae19629-1df0-13a3-e055-000000000001,"Terenure A, Dublin City",2189,14,42,59,277,123,509,64,10,3287
Dublin Bay South,2ae19629-1df1-13a3-e055-000000000001,"Terenure B, Dublin City",1969,12,41,55,314,112,536,77,13,3129
Dublin Bay South,2ae19629-1df2-13a3-e055-000000000001,"Terenure C, Dublin City",835,3,12,15,212,81,376,15,6,1555
Dublin Bay South,2ae19629-1df3-13a3-e055-000000000001,"Terenure D, Dublin City",330,4,4,2,93,53,149,8,2,645
Dublin South-Central,2ae19629-1df4-13a3-e055-000000000001,"Ushers A, Dublin City",3627,34,103,99,337,120,220,170,21,4731
Dublin South-Central,2ae19629-1df5-13a3-e055-000000000001,"Ushers B, Dublin City",1031,17,47,55,397,60,80,81,4,1772
Dublin South-Central,2ae19629-1df6-13a3-e055-000000000001,"Ushers C, Dublin City",2146,49,90,151,283,182,283,246,20,3450
Dublin South-Central,2ae19629-1df7-13a3-e055-000000000001,"Ushers D, Dublin City",1316,26,46,58,211,90,208,94,18,2067
Dublin South-Central,2ae19629-1df8-13a3-e055-000000000001,"Ushers E, Dublin City",924,17,39,64,132,74,241,83,7,1581
Dublin South-Central,2ae19629-1e05-13a3-e055-000000000001,"Ushers F, Dublin City",1771,23,68,80,215,91,685,179,20,3132
Dublin South-Central,2ae19629-1e06-13a3-e055-000000000001,"Walkinstown A, Dublin City",1452,15,49,69,205,148,355,144,8,2445
Dublin South-Central,2ae19629-1e07-13a3-e055-000000000001,"Walkinstown B, Dublin City",1003,5,26,37,128,106,310,71,8,1694
Dublin South-Central,2ae19629-1e08-13a3-e055-000000000001,"Walkinstown C, Dublin City",1199,11,20,38,178,96,407,104,12,2065
Dublin North-West,2ae19629-1e09-13a3-e055-000000000001,"Whitehall A, Dublin City",1268,11,21,24,520,136,657,55,12,2704
Dublin North-West,2ae19629-1e0a-13a3-e055-000000000001,"Whitehall B, Dublin City",2127,19,56,88,404,184,664,116,17,3675
Dublin North-West,2ae19629-1e0b-13a3-e055-000000000001,"Whitehall C, Dublin City",1537,12,46,55,270,110,387,82,18,2517
Dublin North-West,2ae19629-1e0c-13a3-e055-000000000001,"Whitehall D, Dublin City",1490,15,43,60,237,108,661,89,18,2721
Dublin Bay South,2ae19629-1e0d-13a3-e055-000000000001,"Wood Quay A, Dublin City",1265,30,68,143,170,101,377,207,16,2377
Dublin Bay South,2ae19629-1e0e-13a3-e055-000000000001,"Wood Quay B, Dublin City",2374,32,96,91,331,110,403,93,15,3545
Dublin South-West,2ae19629-1e23-13a3-e055-000000000001,"Ballinascorney, South Dublin",402,8,8,24,79,49,80,26,11,687
Dublin South-West,2ae19629-1e2a-13a3-e055-000000000001,"Ballyboden, South Dublin",2410,17,54,50,503,240,863,111,10,4258
Dublin South-West,2ae19629-1ce0-13a3-e055-000000000001,"Bohernabreena, South Dublin",2620,22,80,128,518,261,477,225,24,4355
Dublin Mid-West,2ae19629-1d02-13a3-e055-000000000001,"Clondalkin Village, South Dublin",4403,49,134,174,685,448,1001,340,45,7279
Dublin South-West,2ae19629-1cfc-13a3-e055-000000000001,"Clondalkin-Ballymount, South Dublin",1177,14,49,37,182,103,253,79,11,1905
Dublin Mid-West,2ae19629-1cfd-13a3-e055-000000000001,"Clondalkin-Cappaghmore, South Dublin",975,33,52,106,282,152,205,157,15,1977
Dublin Mid-West,2ae19629-1cfe-13a3-e055-000000000001,"Clondalkin-Dunawley, South Dublin",4854,100,201,397,984,681,1052,583,71,8923
Dublin Mid-West,2ae19629-1cff-13a3-e055-000000000001,"Clondalkin-Monastery, South Dublin",5502,89,184,265,855,566,1246,400,58,9165
Dublin Mid-West,2ae19629-1d00-13a3-e055-000000000001,"Clondalkin-Moorfield, South Dublin",2933,79,131,259,579,440,676,394,51,5542
Dublin Mid-West,2ae19629-1d01-13a3-e055-000000000001,"Clondalkin-Rowlagh, South Dublin",1608,56,95,159,303,284,541,248,23,3317
Dublin South-West,2ae19629-1d5f-13a3-e055-000000000001,"Edmondstown, South Dublin",2635,25,87,110,505,273,632,301,33,4601
Dublin South-West,2ae19629-1d60-13a3-e055-000000000001,"Firhouse Village, South Dublin",5859,64,153,212,1214,578,1100,255,35,9470
Dublin South-West,2ae19629-1d61-13a3-e055-000000000001,"Firhouse-Ballycullen, South Dublin",5384,46,98,146,1016,453,745,120,30,8038
Dublin South-West,2ae19629-1d78-13a3-e055-000000000001,"Firhouse-Knocklyon, South Dublin",1437,9,32,27,251,185,906,46,11,2904
Dublin Mid-West,2ae19629-1dc8-13a3-e055-000000000001,"Lucan Heights, South Dublin",2176,25,58,83,430,247,1053,155,19,4246
Dublin Mid-West,2ae19629-1dc7-13a3-e055-000000000001,"Lucan-Esker, South Dublin",17039,238,428,570,3975,1475,1218,756,128,25827
Dublin Mid-West,2ae19629-1dde-13a3-e055-000000000001,"Lucan-St. Helens, South Dublin",8160,112,233,249,1315,816,1398,336,56,12675
Dublin Mid-West,2ae19629-1de2-13a3-e055-000000000001,"Newcastle, South Dublin",2549,36,64,85,376,255,525,175,28,4093
Dublin Mid-West,2ae19629-1de3-13a3-e055-000000000001,"Palmerston Village, South Dublin",1643,11,51,49,289,173,762,158,15,3151
Dublin Mid-West,2ae19629-1de4-13a3-e055-000000000001,"Palmerston West, South Dublin",3085,76,119,231,679,375,931,525,36,6057
Dublin Mid-West,2ae19629-1dff-13a3-e055-000000000001,"Rathcoole, South Dublin",3093,24,80,81,370,287,814,130,21,4900
Dublin South-West,2ae19629-1e04-13a3-e055-000000000001,"Rathfarnham Village, South Dublin",1546,13,27,27,285,133,564,39,7,2641
Dublin South-West,2ae19629-1e00-13a3-e055-000000000001,"Rathfarnham-Ballyroan, South Dublin",1139,11,22,18,234,137,568,40,6,2175
Dublin South-West,2ae19629-1e01-13a3-e055-000000000001,"Rathfarnham-Butterfield, South Dublin",1378,6,32,33,346,184,709,41,11,2740
Dublin South-West,2ae19629-1e02-13a3-e055-000000000001,"Rathfarnham-Hermitage, South Dublin",1994,18,49,33,445,196,809,54,10,3608
Dublin South-West,2ae19629-1e03-13a3-e055-000000000001,"Rathfarnham-St. Enda's, South Dublin",1754,14,34,64,357,171,793,80,8,3275
Dublin Mid-West,2ae19629-1e16-13a3-e055-000000000001,"Saggart, South Dublin",2856,44,104,117,382,268,375,154,25,4325
Dublin South-West,2ae19629-1cb3-13a3-e055-000000000001,"Tallaght-Avonbeg, South Dublin",636,15,24,51,104,96,261,114,5,1306
Dublin South-West,2ae19629-1cb4-13a3-e055-000000000001,"Tallaght-Belgard, South Dublin",702,7,17,42,89,87,373,54,2,1373
Dublin Mid-West,2ae19629-1cb5-13a3-e055-000000000001,"Tallaght-Fettercairn, South Dublin",4806,164,230,393,1024,666,614,529,71,8497
Dublin South-West,2ae19629-1cb6-13a3-e055-000000000001,"Tallaght-Glenview, South Dublin",1032,13,35,60,123,119,270,79,12,1743
Dublin South-West,2ae19629-1cb7-13a3-e055-000000000001,"Tallaght-Jobstown, South Dublin",7791,279,382,634,1791,1004,736,719,91,13427
Dublin South-West,2ae19629-1cb8-13a3-e055-000000000001,"Tallaght-Killinardan, South Dublin",1478,65,101,215,314,258,504,276,22,3233
Dublin South-West,2ae19629-1cca-13a3-e055-000000000001,"Tallaght-Kilnamanagh, South Dublin",1949,15,47,82,284,218,890,143,18,3646
Dublin South-West,2ae19629-1ccb-13a3-e055-000000000001,"Tallaght-Kiltipper, South Dublin",4200,87,171,292,859,477,619,415,41,7161
Dublin South-West,2ae19629-1ccc-13a3-e055-000000000001,"Tallaght-Kingswood, South Dublin",1836,39,54,82,306,226,653,158,21,3375
Dublin South-West,2ae19629-1ccd-13a3-e055-000000000001,"Tallaght-Millbrook, South Dublin",1401,20,33,76,210,179,737,120,18,2794
Dublin South-West,2ae19629-1cce-13a3-e055-000000000001,"Tallaght-Oldbawn, South Dublin",1957,26,54,84,279,225,897,162,14,3698
Dublin South-West,2ae19629-1ccf-13a3-e055-000000000001,"Tallaght-Springfield, South Dublin",5139,113,226,326,687,657,1425,403,102,9078
Dublin South-West,2ae19629-1cd0-13a3-e055-000000000001,"Tallaght-Tymon, South Dublin",2038,41,66,139,341,307,983,296,18,4229
Dublin South-West,2ae19629-1cd6-13a3-e055-000000000001,"Templeogue Village, South Dublin",1077,10,20,28,187,97,366,22,11,1818
Dublin South-West,2ae19629-1cd1-13a3-e055-000000000001,"Templeogue-Cypress, South Dublin",1144,10,14,14,223,161,645,90,12,2313
Dublin South-West,2ae19629-1cd2-13a3-e055-000000000001,"Templeogue-Kimmage Manor, South Dublin",2326,26,44,42,469,237,768,73,14,3999
Dublin South-West,2ae19629-1cd3-13a3-e055-000000000001,"Templeogue-Limekiln, South Dublin",1765,13,42,68,316,192,767,86,7,3256
Dublin South-West,2ae19629-1cd4-13a3-e055-000000000001,"Templeogue-Orwell, South Dublin",745,3,9,11,133,126,589,46,3,1665
Dublin South-West,2ae19629-1cd5-13a3-e055-000000000001,"Templeogue-Osprey, South Dublin",987,2,24,23,152,113,573,59,4,1937
Dublin South-West,2ae19629-1cd7-13a3-e055-000000000001,"Terenure-Cherryfield, South Dublin",1094,6,23,41,137,107,387,61,12,1868
Dublin South-West,2ae19629-1ce6-13a3-e055-000000000001,"Terenure-Greentrees, South Dublin",1402,10,28,38,221,118,562,71,7,2457
Dublin South-West,2ae19629-1ce7-13a3-e055-000000000001,"Terenure-St. James, South Dublin",995,5,25,38,134,169,647,53,13,2079
Dublin Fingal West,2ae19629-1eef-13a3-e055-000000000001,"Airport, Fingal",3423,69,162,106,398,181,347,177,84,4947
Dublin Fingal West,2ae19629-1ef0-13a3-e055-000000000001,"Balbriggan Rural, Fingal",8380,206,317,476,2056,1051,869,624,81,14060
Dublin Fingal West,2ae19629-1ef1-13a3-e055-000000000001,"Balbriggan Urban, Fingal",3465,67,131,182,692,468,1085,386,33,6509
Dublin Bay North,2ae19629-1ef2-13a3-e055-000000000001,"Baldoyle, Fingal",3830,35,102,125,659,397,1157,282,34,6621
Dublin Bay North,2ae19629-1e22-13a3-e055-000000000001,"Balgriffin, Fingal",2233,115,199,95,404,214,274,82,91,3707
Dublin Fingal West,2ae19629-1e33-13a3-e055-000000000001,"Ballyboghil, Fingal",698,9,23,23,149,95,190,33,2,1222
Dublin Fingal West,2ae19629-1e35-13a3-e055-000000000001,"Balscadden, Fingal",362,3,4,13,64,43,79,21,3,592
Dublin West,2ae19629-1cc5-13a3-e055-000000000001,"Blanchardstown-Abbotstown, Fingal",3188,79,111,177,462,266,571,192,35,5081
Dublin West,2ae19629-1cc6-13a3-e055-000000000001,"Blanchardstown-Blakestown, Fingal",21213,342,701,804,4270,2131,2245,1178,198,33082
Dublin West,2ae19629-1cc7-13a3-e055-000000000001,"Blanchardstown-Coolmine, Fingal",5030,123,223,350,993,605,1071,532,55,8982
Dublin West,2ae19629-1cc8-13a3-e055-000000000001,"Blanchardstown-Corduff, Fingal",1574,22,67,126,326,211,584,183,13,3106
Dublin West,2ae19629-1cc9-13a3-e055-000000000001,"Blanchardstown-Delwood, Fingal",2265,37,83,91,349,261,924,141,19,4170
Dublin West,2ae19629-1cdd-13a3-e055-000000000001,"Blanchardstown-Mulhuddart, Fingal",1942,44,86,126,476,209,158,188,26,3255
Dublin West,2ae19629-1cde-13a3-e055-000000000001,"Blanchardstown-Roselawn, Fingal",644,2,12,30,84,95,493,41,3,1404
Dublin West,2ae19629-1cdf-13a3-e055-000000000001,"Blanchardstown-Tyrrelstown, Fingal",1228,69,98,135,515,204,101,200,22,2572
Dublin West,2ae19629-1ce5-13a3-e055-000000000001,"Castleknock-Knockmaroon, Fingal",10292,111,226,245,1926,938,2247,360,62,16407
Dublin West,2ae19629-1cf6-13a3-e055-000000000001,"Castleknock-Park, Fingal",3036,56,82,53,443,339,931,90,39,5069
Dublin Fingal West,2ae19629-1d17-13a3-e055-000000000001,"Clonmethan, Fingal",430,2,6,17,75,48,84,53,5,720
Dublin Fingal East,2ae19629-1d38-13a3-e055-000000000001,"Donabate, Fingal",5725,64,164,184,1214,500,899,317,29,9096
Dublin Fingal West,2ae19629-1d39-13a3-e055-000000000001,"Dubber, Fingal",4654,73,171,228,791,376,338,235,38,6904
Dublin Fingal West,2ae19629-1d7d-13a3-e055-000000000001,"Garristown, Fingal",831,10,24,19,187,110,192,39,13,1425
Dublin Fingal West,2ae19629-1d94-13a3-e055-000000000001,"Hollywood, Fingal",744,8,15,18,129,89,129,29,3,1164
Dublin Fingal West,2ae19629-1d95-13a3-e055-000000000001,"Holmpatrick, Fingal",1759,18,44,35,338,242,774,77,16,3303
Dublin Bay North,2ae19629-1daf-13a3-e055-000000000001,"Howth, Fingal",3415,34,77,93,818,600,1770,151,37,6995
Dublin Fingal West,2ae19629-1dc5-13a3-e055-000000000001,"Kilsallaghan, Fingal",1083,15,33,36,195,145,377,99,13,1996
Dublin Fingal East,2ae19629-1dc6-13a3-e055-000000000001,"Kinsaley, Fingal",5760,73,144,188,787,509,694,322,37,8514
Dublin West,2ae19629-1dc9-13a3-e055-000000000001,"Lucan North, Fingal",788,4,10,18,223,75,209,18,11,1356
Dublin Fingal West,2ae19629-1ddf-13a3-e055-000000000001,"Lusk, Fingal",4973,37,127,198,1048,561,742,314,41,8041
Dublin Fingal East,2ae19629-1de0-13a3-e055-000000000001,"Malahide East, Fingal",3809,22,98,85,733,494,1370,105,28,6744
Dublin Fingal East,2ae19629-1de1-13a3-e055-000000000001,"Malahide West, Fingal",2641,16,47,58,541,350,1192,88,20,4953
Dublin Fingal East,2ae19629-1de5-13a3-e055-000000000001,"Portmarnock North, Fingal",1535,5,33,28,260,250,1084,67,11,3273
Dublin Fingal East,2ae19629-1dfe-13a3-e055-000000000001,"Portmarnock South, Fingal",2235,14,52,50,255,239,747,89,19,3700
Dublin Fingal West,2ae19629-1e15-13a3-e055-000000000001,"Rush, Fingal",5095,66,153,176,1115,605,1065,301,52,8628
Dublin Fingal West,2ae19629-1c9f-13a3-e055-000000000001,"Skerries, Fingal",3905,29,120,129,859,464,1207,230,30,6973
Dublin Bay North,2ae19629-1ca6-13a3-e055-000000000001,"Sutton, Fingal",2423,21,46,74,481,288,1348,103,12,4796
Dublin Fingal East,2ae19629-1cb2-13a3-e055-000000000001,"Swords Village, Fingal",1334,19,39,62,152,140,474,83,21,2324
Dublin Fingal East,2ae19629-1ca8-13a3-e055-000000000001,"Swords-Forrest, Fingal",8358,77,168,271,1161,625,1300,369,57,12386
Dublin Fingal East,2ae19629-1ca7-13a3-e055-000000000001,"Swords-Glasmore, Fingal",3851,44,102,150,695,377,882,273,23,6397
Dublin Fingal East,2ae19629-1cb0-13a3-e055-000000000001,"Swords-Lissenhall, Fingal",5942,77,167,254,972,521,780,301,57,9071
Dublin Fingal East,2ae19629-1cb1-13a3-e055-000000000001,"Swords-Seatown, Fingal",3769,55,93,126,716,343,665,141,14,5922
Dublin West,2ae19629-1ce8-13a3-e055-000000000001,"The Ward, Fingal",6297,123,203,270,1336,613,366,239,55,9502
Dublin Fingal West,2ae19629-1cea-13a3-e055-000000000001,"Turnapin, Fingal",904,4,31,33,150,72,205,82,8,1489
Dublin Rathdown,2ae19629-1e25-13a3-e055-000000000001,"Ballinteer-Broadford, Dún Laoghaire-Rathdown",1046,6,27,45,163,119,611,47,3,2067
Dublin Rathdown,2ae19629-1e26-13a3-e055-000000000001,"Ballinteer-Ludford, Dún Laoghaire-Rathdown",855,5,11,27,164,112,509,32,5,1720
Dublin Rathdown,2ae19629-1e27-13a3-e055-000000000001,"Ballinteer-Marley, Dún Laoghaire-Rathdown",919,4,10,19,199,104,548,37,9,1849
Dublin Rathdown,2ae19629-1e28-13a3-e055-000000000001,"Ballinteer-Meadowbroads, Dún Laoghaire-Rathdown",685,7,18,12,129,85,414,27,8,1385
Dublin Rathdown,2ae19629-1e29-13a3-e055-000000000001,"Ballinteer-Meadowmount, Dún Laoghaire-Rathdown",773,9,19,38,156,108,342,76,8,1529
Dublin Rathdown,2ae19629-1e24-13a3-e055-000000000001,"Ballinteer-Woodpark, Dún Laoghaire-Rathdown",2416,22,48,60,496,243,974,87,15,4361
Dún Laoghaire,2ae19629-1e34-13a3-e055-000000000001,"Ballybrack, Dún Laoghaire-Rathdown",1146,13,32,41,270,175,621,85,17,2400
Dún Laoghaire,2ae19629-1e38-13a3-e055-000000000001,"Blackrock-Booterstown, Dún Laoghaire-Rathdown",1839,19,33,31,458,126,463,27,18,3014
Dún Laoghaire,2ae19629-1cbe-13a3-e055-000000000001,"Blackrock-Carysfort, Dún Laoghaire-Rathdown",2874,24,77,50,742,300,905,142,59,5173
Dún Laoghaire,2ae19629-1cbf-13a3-e055-000000000001,"Blackrock-Central, Dún Laoghaire-Rathdown",1648,19,29,28,552,207,586,34,21,3124
Dún Laoghaire,2ae19629-1cc0-13a3-e055-000000000001,"Blackrock-Glenomena, Dún Laoghaire-Rathdown",862,9,20,19,370,95,258,22,1,1656
Dún Laoghaire,2ae19629-1e36-13a3-e055-000000000001,"Blackrock-Monkstown, Dún Laoghaire-Rathdown",1634,17,29,39,308,162,580,33,13,2815
Dún Laoghaire,2ae19629-1cc1-13a3-e055-000000000001,"Blackrock-Newpark, Dún Laoghaire-Rathdown",883,5,26,25,224,120,583,44,6,1916
Dún Laoghaire,2ae19629-1e37-13a3-e055-000000000001,"Blackrock-Seapoint, Dún Laoghaire-Rathdown",695,8,25,18,177,82,232,17,3,1257
Dún Laoghaire,2ae19629-1cc2-13a3-e055-000000000001,"Blackrock-Stradbrook, Dún Laoghaire-Rathdown",1222,12,27,39,238,122,407,61,17,2145
Dún Laoghaire,2ae19629-1cc3-13a3-e055-000000000001,"Blackrock-Templehill, Dún Laoghaire-Rathdown",1301,16,47,42,266,165,401,73,10,2321
Dún Laoghaire,2ae19629-1cc4-13a3-e055-000000000001,"Blackrock-Williamstown, Dún Laoghaire-Rathdown",1317,11,30,31,332,142,518,41,11,2433
Dún Laoghaire,2ae19629-1ce1-13a3-e055-000000000001,"Cabinteely-Granitefield, Dún Laoghaire-Rathdown",1208,16,24,35,282,146,490,49,6,2256
Dún Laoghaire,2ae19629-1ce2-13a3-e055-000000000001,"Cabinteely-Kilbogget, Dún Laoghaire-Rathdown",1084,24,37,61,236,167,497,107,12,2225
Dún Laoghaire,2ae19629-1ce3-13a3-e055-000000000001,"Cabinteely-Loughlinstown, Dún Laoghaire-Rathdown",2903,37,72,87,453,278,280,50,10,4170
Dún Laoghaire,2ae19629-1ce4-13a3-e055-000000000001,"Cabinteely-Pottery, Dún Laoghaire-Rathdown",2252,18,48,64,511,280,916,160,20,4269
Dublin Rathdown,2ae19629-1cf7-13a3-e055-000000000001,"Churchtown-Castle, Dún Laoghaire-Rathdown",924,11,22,36,136,94,260,50,9,1542
Dublin Rathdown,2ae19629-1cf8-13a3-e055-000000000001,"Churchtown-Landscape, Dún Laoghaire-Rathdown",655,2,13,12,165,85,216,11,2,1161
Dublin Rathdown,2ae19629-1cf9-13a3-e055-000000000001,"Churchtown-Nutgrove, Dún Laoghaire-Rathdown",1470,15,40,83,220,172,500,125,6,2631
Dublin Rathdown,2ae19629-1cfa-13a3-e055-000000000001,"Churchtown-Orwell, Dún Laoghaire-Rathdown",814,9,20,15,193,122,375,40,5,1593
Dublin Rathdown,2ae19629-1cfb-13a3-e055-000000000001,"Churchtown-Woodlawn, Dún Laoghaire-Rathdown",702,5,14,11,166,75,247,19,5,1244
Dublin Rathdown,2ae19629-1d19-13a3-e055-000000000001,"Clonskeagh-Belfield, Dún Laoghaire-Rathdown",553,19,30,20,2624,53,219,17,8,3543
Dublin Rathdown,2ae19629-1d1a-13a3-e055-000000000001,"Clonskeagh-Farranboley, Dún Laoghaire-Rathdown",804,12,20,39,175,76,279,62,13,1480
Dublin Rathdown,2ae19629-1d18-13a3-e055-000000000001,"Clonskeagh-Milltown, Dún Laoghaire-Rathdown",1058,3,14,16,354,111,275,19,4,1854
Dublin Rathdown,2ae19629-1d1b-13a3-e055-000000000001,"Clonskeagh-Roebuck, Dún Laoghaire-Rathdown",1534,16,36,34,462,194,408,60,11,2755
Dublin Rathdown,2ae19629-1d1c-13a3-e055-000000000001,"Clonskeagh-Windy Arbour, Dún Laoghaire-Rathdown",1381,12,28,35,394,117,345,139,15,2466
Dún Laoghaire,2ae19629-1d1d-13a3-e055-000000000001,"Dalkey Hill, Dún Laoghaire-Rathdown",605,3,18,15,132,96,427,28,15,1339
Dún Laoghaire,2ae19629-1d1e-13a3-e055-000000000001,"Dalkey Upper, Dún Laoghaire-Rathdown",853,8,15,9,237,148,443,21,11,1745
Dún Laoghaire,2ae19629-1d1f-13a3-e055-000000000001,"Dalkey-Avondale, Dún Laoghaire-Rathdown",585,6,11,15,149,76,358,15,4,1219
Dún Laoghaire,2ae19629-1d20-13a3-e055-000000000001,"Dalkey-Bullock, Dún Laoghaire-Rathdown",704,3,17,12,166,112,496,25,6,1541
Dún Laoghaire,2ae19629-1d37-13a3-e055-000000000001,"Dalkey-Coliemore, Dún Laoghaire-Rathdown",522,4,24,15,119,101,358,31,14,1188
Dublin Rathdown,2ae19629-1d5a-13a3-e055-000000000001,"Dundrum-Balally, Dún Laoghaire-Rathdown",4500,69,116,145,726,429,1050,193,38,7266
Dublin Rathdown,2ae19629-1d5b-13a3-e055-000000000001,"Dundrum-Kilmacud, Dún Laoghaire-Rathdown",1769,19,39,42,367,182,370,61,14,2863
Dublin Rathdown,2ae19629-1d5c-13a3-e055-000000000001,"Dundrum-Sandyford, Dún Laoghaire-Rathdown",3986,70,100,119,594,339,1013,112,23,6356
Dublin Rathdown,2ae19629-1d5d-13a3-e055-000000000001,"Dundrum-Sweetmount, Dún Laoghaire-Rathdown",1357,21,37,34,259,122,397,29,9,2265
Dublin Rathdown,2ae19629-1d5e-13a3-e055-000000000001,"Dundrum-Taney, Dún Laoghaire-Rathdown",1191,17,25,41,310,163,419,65,15,2246
Dún Laoghaire,2ae19629-1d3a-13a3-e055-000000000001,"Dún Laoghaire-East Central, Dún Laoghaire-Rathdown",1278,19,41,37,211,120,407,33,23,2169
Dún Laoghaire,2ae19629-1d3b-13a3-e055-000000000001,"Dún Laoghaire-Glasthule, Dún Laoghaire-Rathdown",1234,23,39,38,265,136,608,107,10,2460
Dún Laoghaire,2ae19629-1d3c-13a3-e055-000000000001,"Dún Laoghaire-Glenageary, Dún Laoghaire-Rathdown",2311,31,68,61,370,267,383,63,23,3577
Dún Laoghaire,2ae19629-1d3d-13a3-e055-000000000001,"Dún Laoghaire-Monkstown Farm, Dún Laoghaire-Rathdown",1144,26,30,49,183,83,283,83,8,1889
Dún Laoghaire,2ae19629-1d3e-13a3-e055-000000000001,"Dún Laoghaire-Mount Town, Dún Laoghaire-Rathdown",795,15,34,82,166,110,183,86,13,1484
Dún Laoghaire,2ae19629-1d3f-13a3-e055-000000000001,"Dún Laoghaire-Sallynoggin East, Dún Laoghaire-Rathdown",1196,15,35,51,269,149,544,119,11,2389
Dún Laoghaire,2ae19629-1d40-13a3-e055-000000000001,"Dún Laoghaire-Sallynoggin South, Dún Laoghaire-Rathdown",610,8,10,40,98,74,301,71,7,1219
Dún Laoghaire,2ae19629-1d41-13a3-e055-000000000001,"Dún Laoghaire-Sallynoggin West, Dún Laoghaire-Rathdown",2162,31,49,84,324,241,358,133,18,3400
Dún Laoghaire,2ae19629-1d57-13a3-e055-000000000001,"Dún Laoghaire-Salthill, Dún Laoghaire-Rathdown",890,11,20,29,130,79,277,34,7,1477
Dún Laoghaire,2ae19629-1d58-13a3-e055-000000000001,"Dún Laoghaire-Sandycove, Dún Laoghaire-Rathdown",1512,15,31,39,384,209,808,66,11,3075
Dún Laoghaire,2ae19629-1d59-13a3-e055-000000000001,"Dún Laoghaire-West Central, Dún Laoghaire-Rathdown",1316,20,39,59,177,93,523,102,16,2345
Dún Laoghaire,2ae19629-1d79-13a3-e055-000000000001,"Foxrock-Beechpark, Dún Laoghaire-Rathdown",711,6,15,10,230,113,344,16,3,1448
Dublin Rathdown,2ae19629-1d7a-13a3-e055-000000000001,"Foxrock-Carrickmines, Dún Laoghaire-Rathdown",2640,14,50,45,688,481,1119,97,25,5159
Dún Laoghaire,2ae19629-1d7b-13a3-e055-000000000001,"Foxrock-Deansgrange, Dún Laoghaire-Rathdown",1035,7,22,25,285,159,466,24,4,2027
Dublin Rathdown,2ae19629-1d7c-13a3-e055-000000000001,"Foxrock-Torquay, Dún Laoghaire-Rathdown",675,4,16,9,161,130,265,13,8,1281
Dublin Rathdown,2ae19629-1d7e-13a3-e055-000000000001,"Glencullen, Dún Laoghaire-Rathdown",12097,133,266,359,2401,1075,1328,386,63,18108
Dún Laoghaire,2ae19629-1db0-13a3-e055-000000000001,"Killiney North, Dún Laoghaire-Rathdown",1424,12,28,28,336,240,669,43,13,2793
Dún Laoghaire,2ae19629-1db1-13a3-e055-000000000001,"Killiney South, Dún Laoghaire-Rathdown",2818,49,94,198,503,382,908,280,29,5261
Dún Laoghaire,2ae19629-1e17-13a3-e055-000000000001,"Shankill-Rathmichael, Dún Laoghaire-Rathdown",2689,34,79,92,591,366,632,189,37,4709
Dún Laoghaire,94b26e15-6ed2-44c2-a0b0-207c369a2da8,"Shankill-Rathsallagh, Dún Laoghaire-Rathdown",1361,25,49,76,279,188,634,142,19,2773
Dún Laoghaire,2ae19629-1e19-13a3-e055-000000000001,"Shankill-Shanganagh, Dún Laoghaire-Rathdown",2575,27,63,83,495,252,795,125,18,4433
Dublin Rathdown,2ae19629-1ca0-13a3-e055-000000000001,"Stillorgan-Deerpark, Dún Laoghaire-Rathdown",1197,4,21,20,411,147,621,37,11,2469
Dublin Rathdown,2ae19629-1ca1-13a3-e055-000000000001,"Stillorgan-Kilmacud, Dún Laoghaire-Rathdown",1920,15,40,34,439,220,712,59,18,3457
Dublin Rathdown,2ae19629-1ca2-13a3-e055-000000000001,"Stillorgan-Leopardstown, Dún Laoghaire-Rathdown",1395,19,31,31,278,152,462,51,15,2434
Dublin Rathdown,2ae19629-1ca3-13a3-e055-000000000001,"Stillorgan-Merville, Dún Laoghaire-Rathdown",1531,12,34,34,396,175,452,45,10,2689
Dublin Rathdown,2ae19629-1ca4-13a3-e055-000000000001,"Stillorgan-Mount Merrion, Dún Laoghaire-Rathdown",999,11,21,22,317,155,418,25,10,1978
Dún Laoghaire,2ae19629-1ca5-13a3-e055-000000000001,"Stillorgan-Priory, Dún Laoghaire-Rathdown",1092,12,29,26,259,117,316,34,18,1903
Dublin Rathdown,2ae19629-1ce9-13a3-e055-000000000001,"Tibradden, Dún Laoghaire-Rathdown",412,0,13,12,76,47,78,128,3,769
Kildare South,2ae19629-229d-13a3-e055-000000000001,"Athy East Urban, Kildare",1701,59,73,112,320,292,584,213,26,3380
Kildare South,2ae19629-223b-13a3-e055-000000000001,"Athy Rural, Kildare",1821,62,97,147,395,306,369,195,30,3422
Kildare South,2ae19629-223c-13a3-e055-000000000001,"Athy West Urban, Kildare",1092,38,72,142,249,225,360,212,44,2434
Kildare South,2ae19629-223d-13a3-e055-000000000001,"Ballaghmoon, Kildare",111,0,2,4,21,10,21,9,3,181
Kildare South,2ae19629-2248-13a3-e055-000000000001,"Ballitore, Kildare",536,10,29,28,117,86,114,50,4,974
Kildare South,2ae19629-2249-13a3-e055-000000000001,"Ballybrackan, Kildare",283,1,5,12,31,45,85,44,2,508
Kildare South,2ae19629-224a-13a3-e055-000000000001,"Ballymore Eustace, Kildare",728,6,25,25,135,91,268,41,7,1326
Kildare North,2ae19629-224b-13a3-e055-000000000001,"Ballynadrumny, Kildare",262,3,4,14,50,36,79,22,1,471
Kildare South,2ae19629-2257-13a3-e055-000000000001,"Ballysax East, Kildare",922,10,22,50,144,136,262,89,10,1645
Kildare South,2ae19629-2258-13a3-e055-000000000001,"Ballysax West, Kildare",521,7,17,23,95,73,211,49,7,1003
Kildare South,2ae19629-2259-13a3-e055-000000000001,"Ballyshannon, Kildare",848,9,22,25,210,126,160,57,3,1460
Kildare North,2ae19629-2264-13a3-e055-000000000001,"Balraheen, Kildare",938,10,19,31,497,118,277,34,8,1932
Kildare South,2ae19629-2265-13a3-e055-000000000001,"Belan, Kildare",143,1,3,5,29,14,34,12,1,242
Kildare South,2ae19629-2266-13a3-e055-000000000001,"Bert, Kildare",82,0,2,4,9,12,28,4,1,142
Kildare North,2ae19629-2267-13a3-e055-000000000001,"Bodenstown, Kildare",2469,27,43,94,593,251,385,140,28,4030
Kildare South,2ae19629-2273-13a3-e055-000000000001,"Burtown, Kildare",191,1,5,4,29,31,60,6,2,329
Kildare North,2ae19629-2274-13a3-e055-000000000001,"Cadamstown, Kildare",704,5,18,19,168,75,196,37,5,1227
Kildare South,2ae19629-2275-13a3-e055-000000000001,"Carbury, Kildare",972,23,30,66,187,184,230,92,12,1796
Kildare South,2ae19629-227f-13a3-e055-000000000001,"Carnalway, Kildare",976,9,13,24,226,106,208,63,15,1640
Kildare North,2ae19629-2280-13a3-e055-000000000001,"Carragh, Kildare",888,2,19,25,248,101,147,34,7,1471
Kildare South,2ae19629-2281-13a3-e055-000000000001,"Carrick, Kildare",140,2,3,4,35,20,15,15,2,236
Kildare South,2ae19629-228c-13a3-e055-000000000001,"Carrigeen, Kildare",284,2,8,10,64,41,87,22,5,523
Kildare South,2ae19629-228d-13a3-e055-000000000001,"Castledermot, Kildare",823,15,28,37,142,134,194,64,11,1448
Kildare North,2ae19629-228e-13a3-e055-000000000001,"Celbridge, Kildare",7786,91,200,229,1553,774,1667,519,70,12889
Kildare South,2ae19629-2298-13a3-e055-000000000001,"Churchtown, Kildare",236,4,1,18,50,40,72,20,5,446
Kildare North,2ae19629-2299-13a3-e055-000000000001,"Clane, Kildare",4408,52,109,132,736,407,775,241,45,6905
Kildare North,2ae19629-229a-13a3-e055-000000000001,"Cloncurry, Kildare, 087026",808,1,14,30,198,69,165,24,7,1316
Kildare South,2ae19629-22a4-13a3-e055-000000000001,"Cloncurry, Kildare, 087027",232,3,6,1,45,24,42,14,4,371
Kildare North,2ae19629-22a5-13a3-e055-000000000001,"Donadea, Kildare",406,4,9,8,100,40,105,17,3,692
Kildare North,2ae19629-22a6-13a3-e055-000000000001,"Donaghcumper, Kildare",3132,30,60,102,592,310,694,138,29,5087
Kildare North,2ae19629-22af-13a3-e055-000000000001,"Donore, Kildare",438,0,9,10,79,55,86,19,6,702
Kildare North,2ae19629-22b0-13a3-e055-000000000001,"Downings, Kildare",1377,22,38,51,286,183,341,92,13,2403
Kildare South,2ae19629-22b1-13a3-e055-000000000001,"Drehid, Kildare",126,1,1,2,22,23,31,4,2,212
Kildare South,2ae19629-22b2-13a3-e055-000000000001,"Droichead Nua (Newbridge) Rural, Kildare",1282,17,24,39,334,132,263,62,10,2163
Kildare South,2ae19629-22bf-13a3-e055-000000000001,"Droichead Nua (Newbridge) Urban, Kildare",3578,85,139,243,535,471,1021,401,50,6523
Kildare North,2ae19629-22c0-13a3-e055-000000000001,"Dunfierth, Kildare",371,3,3,9,64,44,87,52,3,636
Kildare South,2ae19629-22c1-13a3-e055-000000000001,"Dunmanoge, Kildare",213,2,3,8,32,33,70,19,2,382
Kildare South,2ae19629-22c2-13a3-e055-000000000001,"Dunmurry, Kildare",230,3,5,2,36,30,51,43,2,402
Kildare South,2ae19629-22c3-13a3-e055-000000000001,"Feighcullen, Kildare",282,1,7,11,55,36,111,16,3,522
Kildare South,2ae19629-21fb-13a3-e055-000000000001,"Fontstown, Kildare",215,0,4,4,35,26,47,22,4,357
Kildare South,2ae19629-21fc-13a3-e055-000000000001,"Gilltown, Kildare",485,1,8,18,104,59,133,23,4,835
Kildare South,2ae19629-21fd-13a3-e055-000000000001,"Graney, Kildare",365,0,6,14,58,43,102,19,8,615
Kildare South,2ae19629-2204-13a3-e055-000000000001,"Grangemellon, Kildare",250,6,7,16,60,47,89,37,3,515
Kildare South,2ae19629-2205-13a3-e055-000000000001,"Harristown, Kildare",231,7,4,6,37,33,51,24,3,396
Kildare South,2ae19629-2206-13a3-e055-000000000001,"Inchaquire, Kildare",109,0,2,3,16,14,30,3,1,178
Kildare South,2ae19629-2207-13a3-e055-000000000001,"Johnstown, Kildare",85,1,2,3,15,13,25,8,2,154
Kildare South,2ae19629-2211-13a3-e055-000000000001,"Kilberry, Kildare",216,3,3,17,48,54,94,41,4,480
Kildare North,2ae19629-2212-13a3-e055-000000000001,"Kilcock, Kildare",4325,67,97,141,728,372,705,163,32,6630
Kildare South,2ae19629-2213-13a3-e055-000000000001,"Kilcullen, Kildare",1721,22,49,52,289,196,340,113,17,2799
Kildare South,2ae19629-2208-13a3-e055-000000000001,"Kildangan, Kildare",333,4,12,3,81,54,66,23,3,579
Kildare South,2ae19629-2209-13a3-e055-000000000001,"Kildare, Kildare",5172,113,173,277,962,680,1039,496,73,8985
Kildare South,2ae19629-220a-13a3-e055-000000000001,"Kilkea, Kildare",200,2,5,10,40,37,58,14,1,367
Kildare North,2ae19629-2214-13a3-e055-000000000001,"Kill, Kildare",2637,27,75,99,500,291,549,147,20,4345
Kildare North,2ae19629-2215-13a3-e055-000000000001,"Killashee, Kildare",227,1,6,4,27,21,46,4,3,339
Kildare South,2ae19629-2216-13a3-e055-000000000001,"Killinthomas, Kildare",180,3,3,7,37,25,41,8,2,306
Kildare South,2ae19629-2217-13a3-e055-000000000001,"Kilmeage North, Kildare",1240,13,30,56,206,199,225,111,11,2091
Kildare South,2ae19629-2220-13a3-e055-000000000001,"Kilmeage South, Kildare",980,23,35,32,206,152,184,91,17,1720
Kildare South,2ae19629-2221-13a3-e055-000000000001,"Kilpatrick, Kildare",395,6,4,26,64,84,108,40,4,731
Kildare South,2ae19629-2222-13a3-e055-000000000001,"Kilrainy, Kildare",346,6,6,7,81,47,91,17,1,602
Kildare South,2ae19629-2223-13a3-e055-000000000001,"Kilrush, Kildare",333,7,9,11,77,45,69,16,0,567
Kildare North,2ae19629-222b-13a3-e055-000000000001,"Kilteel, Kildare",298,0,6,4,64,42,93,10,3,520
Kildare South,2ae19629-222c-13a3-e055-000000000001,"Lackagh, Kildare",389,3,11,18,85,38,85,45,2,676
Kildare North,2ae19629-222d-13a3-e055-000000000001,"Ladytown, Kildare",483,1,9,7,131,54,110,12,2,809
Kildare North,2ae19629-223e-13a3-e055-000000000001,"Leixlip, Kildare",7869,92,192,245,1374,781,2482,434,57,13526
Kildare South,2ae19629-223f-13a3-e055-000000000001,"Lullymore, Kildare",95,0,1,4,17,9,23,9,1,159
Kildare North,2ae19629-2240-13a3-e055-000000000001,"Maynooth, Kildare",9051,92,213,210,2779,754,1559,321,51,15030
Kildare South,2ae19629-224c-13a3-e055-000000000001,"Monasterevin, Kildare",2704,52,91,121,392,334,541,258,35,4528
Kildare South,2ae19629-224d-13a3-e055-000000000001,"Moone, Kildare",234,3,9,11,41,36,57,6,6,403
Kildare South,2ae19629-224e-13a3-e055-000000000001,"Morristownbiller, Kildare",7347,136,221,302,1478,845,1520,536,85,12470
Kildare North,2ae19629-225a-13a3-e055-000000000001,"Naas Rural, Kildare",1661,9,45,51,232,197,192,50,14,2451
Kildare North,2ae19629-225b-13a3-e055-000000000001,"Naas Urban, Kildare",12865,143,297,407,2179,1337,2575,635,216,20654
Kildare South,2ae19629-225c-13a3-e055-000000000001,"Narraghmore, Kildare",405,0,4,21,95,49,73,21,3,671
Kildare North,2ae19629-2268-13a3-e055-000000000001,"Newtown, Kildare",481,3,5,8,97,56,80,22,1,753
Kildare South,2ae19629-2269-13a3-e055-000000000001,"Nurney, Kildare",531,4,17,28,109,84,85,54,12,924
Kildare South,2ae19629-226a-13a3-e055-000000000001,"Oldconnell, Kildare",462,6,10,16,96,76,135,31,6,838
Kildare North,2ae19629-226b-13a3-e055-000000000001,"Oughterard, Kildare",401,5,9,10,73,47,117,16,5,683
Kildare South,2ae19629-2276-13a3-e055-000000000001,"Pollardstown, Kildare",180,1,2,6,31,26,37,9,0,292
Kildare South,2ae19629-2277-13a3-e055-000000000001,"Quinsborough, Kildare",81,0,0,2,10,10,17,6,1,127
Kildare South,2ae19629-2278-13a3-e055-000000000001,"Rathangan, Kildare",1417,17,52,65,188,189,262,121,18,2329
Kildare South,2ae19629-2279-13a3-e055-000000000001,"Rathernan, Kildare",333,6,8,12,51,32,77,17,4,540
Kildare North,2ae19629-2282-13a3-e055-000000000001,"Rathmore, Kildare",578,5,10,16,142,67,144,9,2,973
Kildare South,2ae19629-2283-13a3-e055-000000000001,"Robertstown, Kildare",966,19,32,50,184,172,256,122,6,1807
Kildare South,2ae19629-2284-13a3-e055-000000000001,"Skerries, Kildare",272,10,10,25,76,57,70,28,7,555
Kildare North,2ae19629-228f-13a3-e055-000000000001,"Straffan, Kildare",1158,3,18,30,181,129,265,56,10,1850
Kildare South,2ae19629-2290-13a3-e055-000000000001,"Thomastown, Kildare",449,7,12,16,101,58,77,28,6,754
Kildare North,2ae19629-2291-13a3-e055-000000000001,"Timahoe North, Kildare",565,7,13,13,108,81,145,51,6,989
Kildare South,2ae19629-2292-13a3-e055-000000000001,"Timahoe South, Kildare",367,11,7,23,72,55,69,26,1,631
Kildare South,2ae19629-229b-13a3-e055-000000000001,"Usk, Kildare",245,4,8,10,50,28,88,19,2,454
Kildare South,2ae19629-229c-13a3-e055-000000000001,"Windmill Cross, Kildare",557,8,18,25,108,75,103,40,5,939
Carlow-Kilkenny,2ae19629-229e-13a3-e055-000000000001,"Aghaviller, Kilkenny",210,2,3,10,36,31,62,11,3,368
Carlow-Kilkenny,2ae19629-22a7-13a3-e055-000000000001,"Aglish, Kilkenny",430,1,7,17,88,70,156,33,4,806
Carlow-Kilkenny,2ae19629-22a8-13a3-e055-000000000001,"Attanagh, Kilkenny",199,2,1,5,34,25,40,6,3,315
Tipperary North,2ae19629-22a9-13a3-e055-000000000001,"Balleen, Kilkenny",234,7,4,3,40,22,67,8,1,386
Carlow-Kilkenny,2ae19629-22b3-13a3-e055-000000000001,"Ballinamara, Kilkenny",197,0,2,2,37,18,33,12,1,302
Carlow-Kilkenny,2ae19629-22b4-13a3-e055-000000000001,"Ballincrea, Kilkenny",150,2,6,8,30,22,35,14,1,268
Tipperary North,2ae19629-22b5-13a3-e055-000000000001,"Ballybeagh, Kilkenny",155,1,1,0,34,17,38,10,1,257
Carlow-Kilkenny,2ae19629-22c4-13a3-e055-000000000001,"Ballycallan, Kilkenny",214,1,2,8,43,29,59,13,4,373
Carlow-Kilkenny,2ae19629-22c5-13a3-e055-000000000001,"Ballyconra, Kilkenny",123,0,5,2,20,18,27,3,1,199
Carlow-Kilkenny,2ae19629-22c6-13a3-e055-000000000001,"Ballyhale, Kilkenny",189,2,4,5,28,22,62,14,2,328
Carlow-Kilkenny,2ae19629-21fe-13a3-e055-000000000001,"Ballyragget, Kilkenny",678,5,15,25,99,87,285,69,20,1283
Carlow-Kilkenny,2ae19629-21ff-13a3-e055-000000000001,"Ballyvool, Kilkenny",101,1,1,1,21,13,28,6,3,175
Tipperary North,2ae19629-2200-13a3-e055-000000000001,"Baunmore, Kilkenny",58,3,1,5,5,13,13,5,0,103
Carlow-Kilkenny,2ae19629-220b-13a3-e055-000000000001,"Bennettsbridge, Kilkenny",462,5,11,30,97,75,196,34,4,914
Carlow-Kilkenny,2ae19629-220c-13a3-e055-000000000001,"Boolyglass, Kilkenny",59,1,2,0,9,15,22,9,2,119
Carlow-Kilkenny,2ae19629-220d-13a3-e055-000000000001,"Bramblestown, Kilkenny",135,0,3,2,41,14,17,3,0,215
Carlow-Kilkenny,2ae19629-220e-13a3-e055-000000000001,"Brownsford, Kilkenny",64,1,1,2,10,13,15,3,3,112
Carlow-Kilkenny,2ae19629-23b8-13a3-e055-000000000001,"Burnchurch, Kilkenny",266,1,3,6,81,25,77,15,2,476
Carlow-Kilkenny,2ae19629-23b9-13a3-e055-000000000001,"Callan Rural, Kilkenny",853,8,18,36,164,91,261,49,6,1486
Carlow-Kilkenny,2ae19629-23ba-13a3-e055-000000000001,"Callan Urban, Kilkenny",793,13,40,56,131,98,243,120,22,1516
Carlow-Kilkenny,2ae19629-23bb-13a3-e055-000000000001,"Castlebanny, Kilkenny",81,3,2,5,12,4,14,2,1,124
Carlow-Kilkenny,2ae19629-23bf-13a3-e055-000000000001,"Castlecomer, Kilkenny",1017,13,24,67,179,122,407,135,29,1993
Carlow-Kilkenny,2ae19629-23c0-13a3-e055-000000000001,"Castlegannon, Kilkenny",76,0,0,1,9,11,13,5,0,115
Carlow-Kilkenny,2ae19629-23c1-13a3-e055-000000000001,"Clara, Kilkenny",362,3,6,10,48,31,112,15,6,593
Carlow-Kilkenny,2ae19629-23c5-13a3-e055-000000000001,"Clogh, Kilkenny",586,8,13,19,92,94,183,74,8,1077
Carlow-Kilkenny,2ae19629-23c6-13a3-e055-000000000001,"Clogharinka, Kilkenny",125,0,3,3,20,16,22,6,1,196
Tipperary North,2ae19629-23cb-13a3-e055-000000000001,"Clomantagh, Kilkenny",149,1,6,4,22,22,39,10,0,253
Carlow-Kilkenny,2ae19629-23cc-13a3-e055-000000000001,"Coolaghmore, Kilkenny",190,2,3,3,42,35,44,31,4,354
Carlow-Kilkenny,2ae19629-23cd-13a3-e055-000000000001,"Coolcraheen, Kilkenny",265,5,3,1,50,29,78,5,2,438
Carlow-Kilkenny,2ae19629-23d2-13a3-e055-000000000001,"Coolhill, Kilkenny",132,3,3,3,32,19,32,7,0,231
Carlow-Kilkenny,2ae19629-23d3-13a3-e055-000000000001,"Danesfort, Kilkenny",218,1,6,1,36,25,77,11,3,378
Carlow-Kilkenny,2ae19629-23d4-13a3-e055-000000000001,"Dunbell, Kilkenny",237,8,6,5,31,35,96,19,2,439
Carlow-Kilkenny,2ae19629-23d5-13a3-e055-000000000001,"Dunkitt, Kilkenny",482,7,6,17,87,63,158,34,1,855
Carlow-Kilkenny,2ae19629-23d9-13a3-e055-000000000001,"Dunmore, Kilkenny",317,4,5,7,55,39,93,9,3,532
Carlow-Kilkenny,2ae19629-23da-13a3-e055-000000000001,"Dunnamaggan, Kilkenny",203,1,5,3,42,27,48,12,2,343
Carlow-Kilkenny,2ae19629-23db-13a3-e055-000000000001,"Dysartmoon, Kilkenny",115,0,3,3,17,18,41,8,2,207
Carlow-Kilkenny,2ae19629-23df-13a3-e055-000000000001,"Earlstown, Kilkenny",117,1,1,3,23,15,26,14,2,202
Carlow-Kilkenny,2ae19629-23e0-13a3-e055-000000000001,"Ennisnag, Kilkenny",246,1,9,4,51,41,58,14,1,425
Carlow-Kilkenny,2ae19629-23e1-13a3-e055-000000000001,"Famma, Kilkenny",161,1,6,4,22,15,51,5,3,268
Carlow-Kilkenny,2ae19629-23e6-13a3-e055-000000000001,"Farnoge, Kilkenny",145,1,3,2,32,23,45,7,0,258
Carlow-Kilkenny,2ae19629-23e7-13a3-e055-000000000001,"Fiddown, Kilkenny",481,5,11,27,91,58,133,32,3,841
Carlow-Kilkenny,2ae19629-23e8-13a3-e055-000000000001,"Freaghana, Kilkenny",114,2,3,3,24,25,25,6,0,202
Tipperary North,2ae19629-23ec-13a3-e055-000000000001,"Freshford, Kilkenny",384,4,10,30,66,62,198,47,5,806
Tipperary North,2ae19629-23ed-13a3-e055-000000000001,"Galmoy, Kilkenny",164,1,2,2,30,23,48,11,1,282
Tipperary North,2ae19629-23f0-13a3-e055-000000000001,"Glashare, Kilkenny",155,2,1,4,29,20,37,7,1,256
Carlow-Kilkenny,2ae19629-23f1-13a3-e055-000000000001,"Goresbridge, Kilkenny",233,5,15,10,30,32,84,43,2,454
Carlow-Kilkenny,2ae19629-23f2-13a3-e055-000000000001,"Gowran, Kilkenny",706,6,16,28,153,81,193,51,14,1248
Carlow-Kilkenny,2ae19629-23f6-13a3-e055-000000000001,"Graiguenamanagh, Kilkenny",764,12,23,47,147,124,295,96,7,1515
Carlow-Kilkenny,2ae19629-23f7-13a3-e055-000000000001,"Grange, Kilkenny",414,3,11,6,73,40,169,14,1,731
Carlow-Kilkenny,2ae19629-23f8-13a3-e055-000000000001,"Inistioge, Kilkenny",392,7,11,21,62,46,159,25,4,727
Carlow-Kilkenny,2ae19629-23fc-13a3-e055-000000000001,"Jerpoint Church, Kilkenny",391,5,15,17,76,69,127,35,8,743
Carlow-Kilkenny,2ae19629-23fd-13a3-e055-000000000001,"Jerpoint West, Kilkenny",127,2,3,4,50,18,20,3,1,228
Tipperary North,2ae19629-23fe-13a3-e055-000000000001,"Johnstown, Kilkenny",349,4,11,22,72,58,176,33,6,731
Carlow-Kilkenny,2ae19629-2402-13a3-e055-000000000001,"Kells, Kilkenny",318,3,7,12,75,35,64,27,3,544
Carlow-Kilkenny,2ae19629-2403-13a3-e055-000000000001,"Kilbeacon, Kilkenny",90,1,1,5,21,5,27,3,1,154
Carlow-Kilkenny,2ae19629-2404-13a3-e055-000000000001,"Kilbride, Kilkenny",173,3,4,4,51,30,38,10,1,314
Carlow-Kilkenny,2ae19629-2408-13a3-e055-000000000001,"Kilcolumb, Kilkenny",289,2,7,8,56,26,87,21,0,496
Carlow-Kilkenny,2ae19629-2409-13a3-e055-000000000001,"Kilculliheen, Kilkenny",2625,44,83,127,429,254,515,290,28,4395
Carlow-Kilkenny,2ae19629-240a-13a3-e055-000000000001,"Kilfane, Kilkenny",117,2,2,5,26,21,38,7,2,220
Carlow-Kilkenny,2ae19629-240b-13a3-e055-000000000001,"Kilkeasy, Kilkenny",198,0,2,4,34,20,30,8,2,298
Carlow-Kilkenny,2ae19629-240c-13a3-e055-000000000001,"Kilkenny No. 1 Urban, Kilkenny",2522,51,107,180,329,308,846,363,37,4743
Carlow-Kilkenny,2ae19629-240d-13a3-e055-000000000001,"Kilkenny No. 2 Urban, Kilkenny",1884,30,76,127,215,195,701,200,32,3460
Carlow-Kilkenny,2ae19629-23b2-13a3-e055-000000000001,"Kilkenny Rural, Kilkenny",8128,150,229,446,1613,839,2422,759,111,14697
Carlow-Kilkenny,2ae19629-23b3-13a3-e055-000000000001,"Kilkieran, Kilkenny",327,2,5,4,99,38,61,15,5,556
Carlow-Kilkenny,2ae19629-23b5-13a3-e055-000000000001,"Killahy, Kilkenny",310,4,7,13,59,42,118,25,3,581
Carlow-Kilkenny,2ae19629-23b6-13a3-e055-000000000001,"Killamery, Kilkenny",98,1,2,6,21,15,40,8,2,193
Carlow-Kilkenny,2ae19629-23b7-13a3-e055-000000000001,"Kilmacar, Kilkenny",224,5,2,1,46,30,58,18,0,384
Carlow-Kilkenny,2ae19629-23bc-13a3-e055-000000000001,"Kilmaganny, Kilkenny",292,4,11,17,52,47,118,25,7,573
Carlow-Kilkenny,2ae19629-23bd-13a3-e055-000000000001,"Kilmakevoge, Kilkenny",212,2,7,8,41,24,54,13,1,362
Carlow-Kilkenny,2ae19629-23be-13a3-e055-000000000001,"Kilmanagh, Kilkenny",251,0,5,8,49,27,76,17,2,435
Carlow-Kilkenny,2ae19629-23c2-13a3-e055-000000000001,"Kiltorcan, Kilkenny",82,0,0,0,21,11,14,3,0,131
Carlow-Kilkenny,2ae19629-23c3-13a3-e055-000000000001,"Knocktopher, Kilkenny",258,2,6,8,50,22,61,15,4,426
Tipperary North,2ae19629-23c4-13a3-e055-000000000001,"Lisdowney, Kilkenny",137,1,2,2,14,11,24,5,1,197
Carlow-Kilkenny,2ae19629-23c7-13a3-e055-000000000001,"Listerlin, Kilkenny",184,0,4,5,28,27,49,7,4,308
Carlow-Kilkenny,2ae19629-23c8-13a3-e055-000000000001,"Mallardstown, Kilkenny",92,1,0,5,5,19,30,21,2,175
Carlow-Kilkenny,2ae19629-23c9-13a3-e055-000000000001,"Moneenroe, Kilkenny",568,14,17,28,103,79,189,64,10,1072
Carlow-Kilkenny,2ae19629-23ca-13a3-e055-000000000001,"Mothell, Kilkenny",235,2,4,11,47,40,48,15,5,407
Carlow-Kilkenny,2ae19629-23ce-13a3-e055-000000000001,"Muckalee, Kilkenny, 097078",92,1,0,1,23,6,14,2,0,139
Carlow-Kilkenny,2ae19629-23cf-13a3-e055-000000000001,"Muckalee, Kilkenny, 097079",267,2,5,5,53,32,67,17,4,452
Carlow-Kilkenny,2ae19629-23d0-13a3-e055-000000000001,"Odagh, Kilkenny",232,1,5,10,32,22,64,16,2,384
Carlow-Kilkenny,2ae19629-23d1-13a3-e055-000000000001,"Outrath, Kilkenny",344,1,15,11,68,36,128,28,3,634
Carlow-Kilkenny,2ae19629-23d6-13a3-e055-000000000001,"Paulstown, Kilkenny",502,2,13,20,126,52,93,22,6,836
Carlow-Kilkenny,2ae19629-23d7-13a3-e055-000000000001,"Pilltown, Kilkenny",819,15,22,36,189,132,271,71,6,1561
Carlow-Kilkenny,2ae19629-23d8-13a3-e055-000000000001,"Pleberstown, Kilkenny",90,2,0,3,24,18,18,2,1,158
Carlow-Kilkenny,2ae19629-23dc-13a3-e055-000000000001,"Pollrone, Kilkenny",584,11,15,45,98,96,222,77,8,1156
Carlow-Kilkenny,2ae19629-23dd-13a3-e055-000000000001,"Portnascully, Kilkenny",496,5,17,20,94,68,172,37,5,914
Carlow-Kilkenny,2ae19629-23de-13a3-e055-000000000001,"Powerstown, Kilkenny",233,0,8,13,41,29,73,18,2,417
Carlow-Kilkenny,2ae19629-23e2-13a3-e055-000000000001,"Rathbeagh, Kilkenny",139,1,0,2,32,14,36,6,1,231
Carlow-Kilkenny,2ae19629-23e3-13a3-e055-000000000001,"Rathcoole, Kilkenny",281,3,1,1,56,29,57,12,3,443
Tipperary North,2ae19629-23e4-13a3-e055-000000000001,"Rathealy, Kilkenny",92,1,3,2,20,14,16,15,1,164
Carlow-Kilkenny,2ae19629-23e5-13a3-e055-000000000001,"Rathpatrick, Kilkenny",496,5,30,24,93,70,194,39,3,954
Carlow-Kilkenny,2ae19629-23e9-13a3-e055-000000000001,"Rosbercon Rural, Kilkenny",284,11,16,25,65,42,93,24,4,564
Carlow-Kilkenny,2ae19629-23ea-13a3-e055-000000000001,"Rossinan, Kilkenny",365,3,8,15,84,42,92,39,3,651
Carlow-Kilkenny,2ae19629-23eb-13a3-e055-000000000001,"Scotsborough, Kilkenny",86,3,1,2,14,9,19,5,0,139
Carlow-Kilkenny,2ae19629-23ee-13a3-e055-000000000001,"Shanbogh, Kilkenny",227,1,7,6,46,32,78,15,3,415
Carlow-Kilkenny,2ae19629-23ef-13a3-e055-000000000001,"Shankill, Kilkenny",418,3,9,23,68,51,94,27,7,700
Carlow-Kilkenny,2ae19629-23f3-13a3-e055-000000000001,"St. Canice, Kilkenny",281,3,5,5,63,29,95,16,0,497
Carlow-Kilkenny,2ae19629-23f4-13a3-e055-000000000001,"Stonyford, Kilkenny",359,1,10,8,62,38,93,18,7,596
Carlow-Kilkenny,2ae19629-23f5-13a3-e055-000000000001,"Templeorum, Kilkenny",227,3,6,7,39,28,58,9,1,378
Carlow-Kilkenny,2ae19629-23f9-13a3-e055-000000000001,"The Rower, Kilkenny",368,4,6,10,81,59,116,22,3,669
Carlow-Kilkenny,2ae19629-23fa-13a3-e055-000000000001,"Thomastown, Kilkenny",1057,11,30,54,190,116,273,109,15,1855
Carlow-Kilkenny,2ae19629-23fb-13a3-e055-000000000001,"Tiscoffin, Kilkenny",248,4,2,7,44,26,39,13,4,387
Carlow-Kilkenny,2ae19629-23ff-13a3-e055-000000000001,"Tubbrid, Kilkenny",193,3,5,2,49,28,76,14,2,372
Tipperary North,2ae19629-2400-13a3-e055-000000000001,"Tubbridbrittain, Kilkenny",141,0,4,3,32,28,39,6,1,254
Carlow-Kilkenny,2ae19629-2401-13a3-e055-000000000001,"Tullaghanbrogue, Kilkenny",265,2,10,6,52,18,57,15,4,429
Carlow-Kilkenny,2ae19629-2405-13a3-e055-000000000001,"Tullaherin, Kilkenny",121,1,1,1,19,11,30,3,0,187
Carlow-Kilkenny,2ae19629-2406-13a3-e055-000000000001,"Tullahought, Kilkenny",99,2,4,2,15,19,33,5,2,181
Tipperary North,2ae19629-2407-13a3-e055-000000000001,"Tullaroan, Kilkenny",163,1,0,5,28,14,32,6,1,250
Carlow-Kilkenny,2ae19629-240e-13a3-e055-000000000001,"Ullard, Kilkenny",142,2,2,5,30,28,35,16,1,261
Carlow-Kilkenny,2ae19629-240f-13a3-e055-000000000001,"Ullid, Kilkenny",472,6,15,12,75,59,180,51,5,875
Tipperary North,2ae19629-2410-13a3-e055-000000000001,"Urlingford, Kilkenny",546,11,28,62,108,93,205,65,12,1130
Carlow-Kilkenny,2ae19629-2411-13a3-e055-000000000001,"Whitechurch, Kilkenny",210,0,4,5,40,27,67,13,2,368
Carlow-Kilkenny,2ae19629-23b4-13a3-e055-000000000001,"Woolengrange, Kilkenny",175,3,1,4,35,15,49,13,3,298
Laois,2ae19629-16a8-13a3-e055-000000000001,"Abbeyleix, Laois",1229,16,50,48,257,192,477,114,19,2402
Laois,2ae19629-16a9-13a3-e055-000000000001,"Aghmacart, Laois",169,1,4,0,35,22,43,8,5,287
Laois,2ae19629-16aa-13a3-e055-000000000001,"Arderin, Laois",125,1,5,7,18,18,24,10,2,210
Laois,2ae19629-16ab-13a3-e055-000000000001,"Ardough, Laois",186,0,4,3,22,20,44,10,2,291
Laois,2ae19629-16ac-13a3-e055-000000000001,"Arless, Laois",176,0,1,4,57,32,41,18,2,331
Laois,2ae19629-16ad-13a3-e055-000000000001,"Ballickmoyler, Laois",388,3,14,11,67,54,99,33,4,673
Laois,2ae19629-16ae-13a3-e055-000000000001,"Ballinakill, Laois",357,2,8,10,62,63,119,32,4,657
Laois,2ae19629-16a1-13a3-e055-000000000001,"Ballyadams, Laois",195,1,2,5,60,23,49,13,0,348
Laois,2ae19629-16a2-13a3-e055-000000000001,"Ballybrittas, Laois",718,6,24,18,114,89,140,46,12,1167
Laois,2ae19629-16a3-13a3-e055-000000000001,"Ballybrophy, Laois",102,0,2,2,22,13,22,10,1,174
Laois,2ae19629-16a4-13a3-e055-000000000001,"Ballycarroll, Laois",180,4,5,6,32,21,46,9,4,307
Laois,2ae19629-16a5-13a3-e055-000000000001,"Ballyfin, Laois",327,2,2,7,62,45,81,16,2,544
Laois,2ae19629-16a6-13a3-e055-000000000001,"Ballylehane, Laois",90,1,3,4,13,17,23,10,1,162
Laois,2ae19629-16a7-13a3-e055-000000000001,"Ballylynan, Laois",671,11,20,31,145,91,142,55,9,1175
Laois,2ae19629-16af-13a3-e055-000000000001,"Ballyroan, Laois",520,6,11,16,108,63,128,37,4,893
Laois,2ae19629-16b0-13a3-e055-000000000001,"Barrowhouse, Laois",230,1,4,6,46,31,67,19,2,406
Laois,2ae19629-16b1-13a3-e055-000000000001,"Blandsfort, Laois",161,1,1,3,25,22,45,4,1,263
Laois,2ae19629-16b2-13a3-e055-000000000001,"Borris, Laois",773,24,29,58,151,103,108,82,12,1340
Laois,2ae19629-16ba-13a3-e055-000000000001,"Borris-In-Ossory, Laois",416,4,16,26,68,66,123,51,5,775
Laois,2ae19629-16bc-13a3-e055-000000000001,"Caher, Laois",58,1,0,1,7,4,12,3,0,86
Laois,60df415c-3e8d-4147-9d5f-2524194c8d6c,"Capard/Brisha, Laois",165,1,1,4,25,22,34,8,1,261
Laois,2ae19629-16be-13a3-e055-000000000001,"Cappalough, Laois",170,2,6,2,35,23,39,10,1,288
Laois,2ae19629-16bf-13a3-e055-000000000001,"Cardtown, Laois",91,1,1,2,12,10,16,4,1,138
Laois,2ae19629-16c0-13a3-e055-000000000001,"Castlecuffe, Laois",195,2,2,6,37,26,47,10,6,331
Laois,2ae19629-16c1-13a3-e055-000000000001,"Castletown, Laois",342,5,7,15,71,56,112,27,6,641
Laois,2ae19629-16c2-13a3-e055-000000000001,"Clash, Laois",157,1,1,2,35,39,38,10,2,285
Laois,2ae19629-16c3-13a3-e055-000000000001,"Clonaslee, Laois",413,12,11,16,89,63,129,39,3,775
Laois,2ae19629-16c4-13a3-e055-000000000001,"Clondarrig, Laois",1257,28,36,57,194,148,124,74,17,1935
Laois,2ae19629-16c5-13a3-e055-000000000001,"Clonin, Laois",119,1,1,6,15,22,23,6,2,195
Laois,2ae19629-16c6-13a3-e055-000000000001,"Clonkeen, Laois",336,2,7,12,57,36,85,24,3,562
Laois,2ae19629-16c7-13a3-e055-000000000001,"Clonmore, Laois",81,2,1,6,14,15,39,15,2,175
Laois,2ae19629-16c8-13a3-e055-000000000001,"Colt, Laois",82,0,2,4,17,14,33,10,1,163
Laois,2ae19629-16c9-13a3-e055-000000000001,"Coolrain, Laois",150,1,5,4,24,29,38,12,4,267
Laois,2ae19629-16ca-13a3-e055-000000000001,"Cuffsborough, Laois",163,1,7,5,26,23,38,7,1,271
Laois,2ae19629-16b3-13a3-e055-000000000001,"Cullahill, Laois",167,0,6,2,44,20,42,8,4,293
Laois,2ae19629-16b4-13a3-e055-000000000001,"Cullenagh, Laois",71,0,1,1,15,5,19,4,2,118
Laois,2ae19629-16b5-13a3-e055-000000000001,"Curraclone, Laois",117,0,2,0,25,17,33,11,5,210
Laois,2ae19629-16b6-13a3-e055-000000000001,"Dangans, Laois",571,19,19,65,160,122,74,80,4,1114
Laois,2ae19629-16b7-13a3-e055-000000000001,"Donaghmore, Laois",120,4,2,6,22,20,34,14,3,225
Laois,2ae19629-16b8-13a3-e055-000000000001,"Donore, Laois",211,0,6,10,45,33,64,20,3,392
Laois,2ae19629-16b9-13a3-e055-000000000001,"Doonane, Laois",325,11,9,27,59,69,101,34,2,637
Laois,2ae19629-16d1-13a3-e055-000000000001,"Dunmore, Laois",131,2,0,3,33,15,36,6,0,226
Laois,2ae19629-16d2-13a3-e055-000000000001,"Durrow, Laois",609,8,15,26,104,91,189,42,5,1089
Laois,2ae19629-16d3-13a3-e055-000000000001,"Dysartgallen, Laois",126,1,2,1,32,17,33,6,1,219
Laois,2ae19629-16d4-13a3-e055-000000000001,"Emo, Laois",554,16,27,27,131,85,145,47,38,1070
Laois,2ae19629-16d5-13a3-e055-000000000001,"Errill, Laois",190,2,5,16,40,23,45,17,1,339
Laois,2ae19629-16d6-13a3-e055-000000000001,"Farnans, Laois",91,1,3,4,16,15,27,5,2,164
Laois,2ae19629-16d7-13a3-e055-000000000001,"Fossy, Laois",82,0,4,1,15,13,21,4,0,140
Laois,2ae19629-16d8-13a3-e055-000000000001,"Garrymore, Laois",118,0,1,3,39,12,17,12,0,202
Laois,2ae19629-16da-13a3-e055-000000000001,"Graigue Rural, Laois",2399,45,69,106,519,299,390,204,38,4069
Laois,2ae19629-16d9-13a3-e055-000000000001,"Graigue, Laois",101,0,1,12,21,26,41,11,1,214
Laois,2ae19629-16db-13a3-e055-000000000001,"Grantstown, Laois",188,1,3,1,39,16,45,13,1,307
Laois,2ae19629-16dc-13a3-e055-000000000001,"Jamestown, Laois",238,4,5,5,39,27,69,13,1,401
Laois,2ae19629-16dd-13a3-e055-000000000001,"Kilcoke, Laois",77,0,1,2,12,9,21,1,0,123
Laois,2ae19629-16de-13a3-e055-000000000001,"Kilcolmanbane, Laois",283,2,5,5,76,42,83,17,1,514
Laois,2ae19629-16df-13a3-e055-000000000001,"Kildellig, Laois",165,0,4,2,30,18,14,7,2,242
Laois,2ae19629-16cb-13a3-e055-000000000001,"Killabban, Laois",223,1,1,6,30,23,47,18,3,352
Laois,2ae19629-16cc-13a3-e055-000000000001,"Killermogh, Laois",155,2,3,9,26,23,66,9,4,297
Laois,2ae19629-16cd-13a3-e055-000000000001,"Kilmullen, Laois",291,3,12,2,46,32,62,21,2,471
Laois,2ae19629-16ce-13a3-e055-000000000001,"Kilmurry, Laois",144,0,3,3,31,17,28,7,2,235
Laois,2ae19629-16cf-13a3-e055-000000000001,"Kilnaseer, Laois",150,0,1,4,29,19,46,7,1,257
Laois,2ae19629-16e0-13a3-e055-000000000001,"Kyle South, Laois",133,2,1,0,28,25,49,6,2,246
Laois,2ae19629-16d0-13a3-e055-000000000001,"Kyle, Laois",113,0,3,3,17,7,44,7,1,195
Laois,2ae19629-16e1-13a3-e055-000000000001,"Lacka, Laois",165,0,2,1,16,20,29,9,2,244
Laois,2ae19629-16e2-13a3-e055-000000000001,"Luggacurren, Laois",162,0,2,5,32,19,40,11,2,273
Laois,2ae19629-16e9-13a3-e055-000000000001,"Marymount, Laois",68,0,3,1,6,12,13,2,2,107
Laois,2ae19629-16ea-13a3-e055-000000000001,"Meelick, Laois",181,4,3,6,36,27,55,16,3,331
Laois,2ae19629-16eb-13a3-e055-000000000001,"Moneenalassa, Laois",75,0,1,5,14,8,11,6,1,121
Laois,2ae19629-16ec-13a3-e055-000000000001,"Moneymore, Laois",73,0,1,6,10,5,15,3,0,113
Laois,2ae19629-16ed-13a3-e055-000000000001,"Mountmellick Rural, Laois",533,6,8,9,82,59,164,46,9,916
Laois,2ae19629-16ee-13a3-e055-000000000001,"Mountmellick Urban, Laois",1289,41,47,80,217,230,433,215,15,2567
Laois,2ae19629-16ef-13a3-e055-000000000001,"Mountrath, Laois",1055,32,52,96,187,183,288,154,19,2066
Laois,2ae19629-16f0-13a3-e055-000000000001,"Moyanna, Laois",196,2,3,1,34,17,51,4,0,308
Laois,2ae19629-16f1-13a3-e055-000000000001,"Nealstown, Laois",46,0,0,0,9,5,13,5,1,79
Laois,2ae19629-16f2-13a3-e055-000000000001,"Newtown, Laois",147,2,4,12,26,23,42,10,2,268
Laois,2ae19629-16f3-13a3-e055-000000000001,"O'moresforest, Laois",223,2,3,7,44,40,71,18,2,410
Laois,2ae19629-16f4-13a3-e055-000000000001,"Portarlington South, Laois",3320,63,108,184,674,460,656,419,45,5929
Laois,2ae19629-16f5-13a3-e055-000000000001,"Portlaoighise Rural, Laois",7344,198,298,469,1482,987,1454,764,324,13320
Laois,2ae19629-16f6-13a3-e055-000000000001,"Portlaoighise Urban, Laois",1620,58,82,156,247,248,520,199,42,3172
Laois,2ae19629-16f7-13a3-e055-000000000001,"Raheen, Laois",235,0,2,6,47,27,35,18,0,370
Laois,2ae19629-16f8-13a3-e055-000000000001,"Rathaspick, Laois",133,4,4,2,21,18,24,9,4,219
Laois,2ae19629-16f9-13a3-e055-000000000001,"Rathdowney, Laois",562,13,12,44,91,92,182,74,6,1076
Laois,2ae19629-16e3-13a3-e055-000000000001,"Rathsaran, Laois",271,3,5,8,37,38,86,16,2,466
Laois,2ae19629-16e4-13a3-e055-000000000001,"Rearymore, Laois",146,1,4,0,24,24,34,8,1,242
Laois,2ae19629-16e5-13a3-e055-000000000001,"Rosenallis, Laois",204,1,0,5,41,43,48,7,0,349
Laois,2ae19629-16e6-13a3-e055-000000000001,"Rossmore, Laois",209,0,3,5,48,31,69,11,2,378
Laois,2ae19629-16e7-13a3-e055-000000000001,"Sallyford, Laois",282,3,4,6,65,31,70,16,2,479
Laois,2ae19629-16e8-13a3-e055-000000000001,"Shaen, Laois",435,3,5,15,78,56,154,29,4,779
Laois,2ae19629-16ff-13a3-e055-000000000001,"Shrule, Laois",146,0,1,5,29,19,33,10,2,245
Laois,2ae19629-1700-13a3-e055-000000000001,"Stradbally, Laois",781,14,21,52,154,131,311,111,19,1594
Laois,2ae19629-1701-13a3-e055-000000000001,"Tankardstown, Laois",153,3,3,3,51,26,52,17,0,308
Laois,2ae19629-1702-13a3-e055-000000000001,"Timahoe, Laois",324,3,3,7,47,39,50,17,4,494
Laois,2ae19629-1703-13a3-e055-000000000001,"Timogue, Laois",167,1,2,3,30,29,51,7,0,290
Laois,2ae19629-1704-13a3-e055-000000000001,"Tinnahinch, Laois",66,0,6,3,15,13,27,11,0,141
Laois,2ae19629-1705-13a3-e055-000000000001,"Trumra, Laois",116,1,0,4,21,19,40,8,2,211
Laois,2ae19629-1706-13a3-e055-000000000001,"Turra, Laois",182,1,2,4,24,25,44,15,3,300
Laois,2ae19629-1707-13a3-e055-000000000001,"Vicarstown, Laois",90,0,1,1,19,11,27,14,2,165
Longford-Westmeath,2ae19629-1804-13a3-e055-000000000001,"Abbeylara, Longford",154,1,5,8,22,19,58,12,2,281
Longford-Westmeath,2ae19629-1805-13a3-e055-000000000001,"Aghaboy, Longford",289,3,16,13,58,32,97,31,5,544
Longford-Westmeath,2ae19629-1806-13a3-e055-000000000001,"Agharra, Longford",199,3,6,4,53,26,68,28,1,388
Longford-Westmeath,2ae19629-1807-13a3-e055-000000000001,"Ardagh East, Longford",329,8,7,7,47,38,113,21,1,571
Longford-Westmeath,2ae19629-1808-13a3-e055-000000000001,"Ardagh West, Longford",248,1,7,12,52,26,52,13,4,415
Longford-Westmeath,2ae19629-1809-13a3-e055-000000000001,"Ballinalee, Longford",279,6,7,17,44,34,101,28,3,519
Longford-Westmeath,2ae19629-180a-13a3-e055-000000000001,"Ballinamuck East, Longford",257,6,6,14,54,45,74,20,2,478
Longford-Westmeath,2ae19629-180b-13a3-e055-000000000001,"Ballinamuck West, Longford",214,4,10,9,37,41,89,22,2,428
Longford-Westmeath,2ae19629-180c-13a3-e055-000000000001,"Ballymahon, Longford",1274,29,46,81,243,163,379,144,26,2385
Longford-Westmeath,2ae19629-180d-13a3-e055-000000000001,"Ballymuigh, Longford",98,1,3,9,20,16,50,10,2,209
Longford-Westmeath,2ae19629-180e-13a3-e055-000000000001,"Breanrisk, Longford",382,6,12,14,77,60,95,50,5,701
Longford-Westmeath,2ae19629-180f-13a3-e055-000000000001,"Bunlahy, Longford",86,1,4,4,13,12,29,11,2,162
Longford-Westmeath,2ae19629-1810-13a3-e055-000000000001,"Caldragh, Longford",1155,32,49,46,215,125,313,105,20,2060
Longford-Westmeath,2ae19629-17ee-13a3-e055-000000000001,"Cashel East, Longford",114,1,3,2,23,17,46,20,6,232
Longford-Westmeath,2ae19629-17ef-13a3-e055-000000000001,"Cashel West, Longford",274,2,4,17,46,35,114,24,3,519
Longford-Westmeath,2ae19629-17f0-13a3-e055-000000000001,"Cloondara, Longford",306,7,11,14,75,30,125,26,4,598
Longford-Westmeath,2ae19629-17f1-13a3-e055-000000000001,"Cloonee, Longford",350,2,8,17,71,33,99,28,2,610
Longford-Westmeath,2ae19629-17f2-13a3-e055-000000000001,"Columbkille, Longford",276,1,6,10,47,33,99,16,2,490
Longford-Westmeath,2ae19629-17f3-13a3-e055-000000000001,"Coolamber, Longford",177,0,1,5,40,22,37,18,3,303
Longford-Westmeath,2ae19629-18dd-13a3-e055-000000000001,"Corboy, Longford",192,1,2,16,34,20,75,13,2,355
Longford-Westmeath,2ae19629-18de-13a3-e055-000000000001,"Creevy, Longford",154,0,5,5,26,25,47,9,1,272
Longford-Westmeath,2ae19629-18df-13a3-e055-000000000001,"Crosagstown, Longford",120,1,6,3,23,12,40,11,0,216
Longford-Westmeath,2ae19629-18e0-13a3-e055-000000000001,"Currygrane, Longford",68,2,2,2,11,9,16,3,2,115
Longford-Westmeath,2ae19629-18ea-13a3-e055-000000000001,"Dalystown, Longford",74,1,5,4,18,10,27,8,2,149
Longford-Westmeath,2ae19629-18eb-13a3-e055-000000000001,"Doory, Longford",214,1,1,7,36,26,44,19,3,351
Longford-Westmeath,2ae19629-18ec-13a3-e055-000000000001,"Drumgort, Longford",190,1,3,8,44,39,74,18,4,381
Longford-Westmeath,2ae19629-18f5-13a3-e055-000000000001,"Drumlish, Longford",719,5,18,44,110,101,176,80,16,1269
Longford-Westmeath,2ae19629-18f6-13a3-e055-000000000001,"Drummeel, Longford",56,0,0,2,7,11,21,6,0,103
Longford-Westmeath,51c9d4b9-75dd-4621-9ef7-f06ff3f5e11d,"Firry/Newgrove, Longford",85,3,1,4,14,9,35,15,0,166
Longford-Westmeath,2ae19629-1900-13a3-e055-000000000001,"Forgney, Longford",1568,20,67,51,307,144,180,80,11,2428
Longford-Westmeath,2ae19629-1901-13a3-e055-000000000001,"Foxhall, Longford",242,7,5,13,37,47,84,42,3,480
Longford-Westmeath,2ae19629-1902-13a3-e055-000000000001,"Gelshagh, Longford",177,1,2,8,37,23,35,9,3,295
Longford-Westmeath,2ae19629-1903-13a3-e055-000000000001,"Granard Rural, Longford",151,2,3,9,30,14,29,9,2,249
Longford-Westmeath,2ae19629-1904-13a3-e055-000000000001,"Granard Urban, Longford",520,14,20,36,100,83,168,48,8,997
Longford-Westmeath,2ae19629-190f-13a3-e055-000000000001,"Kilcommock, Longford",465,8,11,33,96,86,115,55,6,875
Longford-Westmeath,2ae19629-1910-13a3-e055-000000000001,"Kilglass, Longford",321,2,13,18,71,49,104,31,3,612
Longford-Westmeath,2ae19629-1911-13a3-e055-000000000001,"Killashee, Longford",216,2,7,6,42,25,56,25,5,384
Longford-Westmeath,2ae19629-1918-13a3-e055-000000000001,"Killoe, Longford",135,0,5,3,29,10,54,13,2,251
Longford-Westmeath,2ae19629-1919-13a3-e055-000000000001,"Knockanbaun, Longford",79,1,2,3,12,9,18,10,0,134
Longford-Westmeath,2ae19629-191a-13a3-e055-000000000001,"Ledwithstown, Longford",173,6,5,3,31,14,55,21,0,308
Longford-Westmeath,2ae19629-191b-13a3-e055-000000000001,"Lislea, Longford",55,1,3,2,10,15,17,9,0,112
Longford-Westmeath,2ae19629-1925-13a3-e055-000000000001,"Longford No. 1 Urban, Longford",1364,88,126,206,269,278,475,330,45,3181
Longford-Westmeath,2ae19629-1926-13a3-e055-000000000001,"Longford No. 2 Urban, Longford",499,8,14,29,62,64,151,59,10,896
Longford-Westmeath,2ae19629-1927-13a3-e055-000000000001,"Longford Rural, Longford",2121,85,110,182,504,331,786,280,58,4457
Longford-Westmeath,2ae19629-18f7-13a3-e055-000000000001,"Meathas Truim, Longford",1034,35,52,70,197,134,271,123,20,1936
Longford-Westmeath,2ae19629-1928-13a3-e055-000000000001,"Milltown, Longford",151,0,7,11,33,17,49,14,4,286
Longford-Westmeath,2ae19629-1929-13a3-e055-000000000001,"Moatfarrell, Longford",103,0,2,2,25,6,27,6,0,171
Longford-Westmeath,2ae19629-1931-13a3-e055-000000000001,"Mountdavis, Longford",111,5,3,2,21,9,38,1,3,193
Longford-Westmeath,2ae19629-1932-13a3-e055-000000000001,"Moydow, Longford",359,3,6,11,70,47,90,14,4,604
Longford-Westmeath,2ae19629-1933-13a3-e055-000000000001,"Moyne, Longford",133,2,1,3,24,23,57,9,6,258
Longford-Westmeath,2ae19629-1940-13a3-e055-000000000001,"Mullanalaghta, Longford",149,1,2,2,21,22,37,14,3,251
Longford-Westmeath,2ae19629-1942-13a3-e055-000000000001,"Newtown Forbes, Longford",417,8,15,19,89,55,156,52,2,813
Longford-Westmeath,2ae19629-1943-13a3-e055-000000000001,"Rathcline, Longford",716,10,18,40,140,88,258,70,11,1351
Longford-Westmeath,2ae19629-194d-13a3-e055-000000000001,"Sonnagh, Longford",103,3,5,8,20,22,50,14,6,231
Louth,2ae19629-194e-13a3-e055-000000000001,"Ardee Rural, Louth",1362,13,27,41,303,182,410,89,15,2442
Louth,2ae19629-194f-13a3-e055-000000000001,"Ardee Urban, Louth",2240,62,89,158,417,350,694,289,28,4327
Louth,2ae19629-1950-13a3-e055-000000000001,"Ballymascanlan, Louth",933,9,22,41,202,124,425,64,17,1837
Louth,2ae19629-195c-13a3-e055-000000000001,"Barronstown, Louth",335,4,7,15,80,45,110,23,3,622
Louth,2ae19629-195d-13a3-e055-000000000001,"Carlingford, Louth",898,13,29,61,168,135,355,74,18,1751
Louth,2ae19629-195e-13a3-e055-000000000001,"Castlebellingham, Louth",821,4,31,49,112,81,342,95,12,1547
Louth,2ae19629-1968-13a3-e055-000000000001,"Castlering, Louth",505,4,9,14,98,66,119,30,5,850
Louth,21a09083-a130-47d2-8690-23338d5ecf18,"Castletown (North), Louth",1242,49,69,137,356,237,485,219,13,2807
Louth,feb68bba-797f-474c-9db5-429e7a70c68c,"Castletown (South), Louth",401,4,20,22,69,46,139,24,1,726
Louth,2ae19629-1972-13a3-e055-000000000001,"Clogher, Louth",1544,19,43,70,320,197,306,113,19,2631
Louth,2ae19629-1973-13a3-e055-000000000001,"Clonkeen, Louth",338,4,8,10,59,50,63,18,5,555
Louth,2ae19629-197d-13a3-e055-000000000001,"Collon, Louth",851,6,17,29,174,104,197,60,6,1444
Louth,2ae19629-197e-13a3-e055-000000000001,"Creggan Upper, Louth",339,6,8,22,70,71,126,24,0,666
Louth,2ae19629-18c7-13a3-e055-000000000001,"Darver, Louth",315,2,5,9,59,40,71,15,3,519
Louth,2ae19629-18c9-13a3-e055-000000000001,"Dromin, Louth",330,0,9,8,68,38,73,21,1,548
Louth,2ae19629-18d6-13a3-e055-000000000001,"Dromiskin, Louth",1071,11,31,61,188,115,272,97,14,1860
Louth,2ae19629-18d7-13a3-e055-000000000001,"Drumcar, Louth",625,2,11,25,138,68,222,63,5,1159
Louth,2ae19629-18e1-13a3-e055-000000000001,"Drummullagh, Louth",646,11,26,53,144,84,181,50,13,1208
Louth,2ae19629-1936-13a3-e055-000000000001,"Dundalk No. 1 Urban, Louth",956,32,65,97,162,138,413,141,21,2025
Louth,2ae19629-1937-13a3-e055-000000000001,"Dundalk No. 2 Urban, Louth",527,16,39,54,78,66,200,73,9,1062
Louth,2ae19629-18e3-13a3-e055-000000000001,"Dundalk No. 3 Urban, Louth",773,29,27,76,190,70,247,73,17,1502
Louth,2ae19629-1938-13a3-e055-000000000001,"Dundalk No. 4 Urban, Louth",2848,58,129,272,519,341,927,284,44,5422
Louth,f0b72184-af6a-4a08-9f38-8033428dfcf7,"Dundalk Rural (North), Louth",2549,81,134,294,587,429,769,351,41,5235
Louth,f26b950c-de46-4c46-b4be-21b2c886958f,"Dundalk Rural (South), Louth",5623,221,295,467,1560,803,1412,567,97,11045
Louth,2ae19629-18e4-13a3-e055-000000000001,"Dunleer, Louth",1394,38,52,79,277,190,298,158,17,2503
Louth,2ae19629-18ed-13a3-e055-000000000001,"Dysart, Louth",490,8,6,19,115,60,85,29,3,815
Louth,2ae19629-18c8-13a3-e055-000000000001,"Fair Gate, Louth",4569,125,215,381,728,636,1860,606,57,9177
Louth,2ae19629-18ee-13a3-e055-000000000001,"Faughart, Louth",470,8,17,25,86,57,159,44,7,873
Louth,2ae19629-18ef-13a3-e055-000000000001,"Greenore, Louth",537,4,11,17,128,92,151,35,2,977
Louth,2ae19629-18f9-13a3-e055-000000000001,"Haggardstown, Louth",3993,49,110,161,755,500,1189,274,52,7083
Louth,2ae19629-18fa-13a3-e055-000000000001,"Jenkinstown, Louth",550,10,14,15,149,86,167,20,7,1018
Louth,2ae19629-1905-13a3-e055-000000000001,"Killanny, Louth",399,6,7,13,90,51,106,30,3,705
Louth,2ae19629-1906-13a3-e055-000000000001,"Louth, Louth",718,14,13,28,147,102,193,71,7,1293
Louth,2ae19629-1907-13a3-e055-000000000001,"Mansfieldstown, Louth",413,2,9,13,75,46,81,26,7,672
Louth,2ae19629-1912-13a3-e055-000000000001,"Monasterboice, Louth",664,6,13,11,131,64,204,44,6,1143
Louth,2ae19629-1913-13a3-e055-000000000001,"Mullary, Louth",861,9,22,10,242,103,175,60,8,1490
Louth,2ae19629-191c-13a3-e055-000000000001,"Rathcor, Louth",655,10,13,27,138,89,177,55,4,1168
Louth,2ae19629-191d-13a3-e055-000000000001,"Ravensdale, Louth",470,8,8,15,101,61,177,32,3,875
Louth,2ae19629-1935-13a3-e055-000000000001,"St. Lawrence Gate, Louth",1868,29,66,104,297,223,627,180,12,3406
Louth,2ae19629-1939-13a3-e055-000000000001,"St. Mary's (Part), Louth",2960,76,105,210,721,346,553,294,40,5305
Louth,2ae19629-192a-13a3-e055-000000000001,"St. Peter's, Louth",4772,85,140,271,1210,569,877,389,41,8354
Louth,2ae19629-192b-13a3-e055-000000000001,"Stabannan, Louth",308,2,8,5,76,40,77,11,3,530
Louth,2ae19629-192c-13a3-e055-000000000001,"Tallanstown, Louth",476,10,10,22,76,68,136,41,8,847
Louth,2ae19629-1934-13a3-e055-000000000001,"Termonfeckin, Louth",1766,24,43,56,424,234,445,130,25,3147
Louth,2ae19629-191e-13a3-e055-000000000001,"West Gate, Louth",2735,82,125,253,496,391,950,354,52,5438
Meath East,2ae19629-1819-13a3-e055-000000000001,"Ardagh, Meath",300,5,8,13,37,40,107,20,4,534
Meath West,2ae19629-181a-13a3-e055-000000000001,"Ardbraccan, Meath",1056,10,21,23,199,147,323,54,9,1842
Meath East,2ae19629-1824-13a3-e055-000000000001,"Ardcath, Meath",956,15,22,37,145,147,289,77,13,1701
Meath East,2ae19629-1825-13a3-e055-000000000001,"Ardmulchan, Meath",550,3,2,15,102,64,146,17,3,902
Meath West,2ae19629-182f-13a3-e055-000000000001,"Ardnamullan, Meath",401,6,10,16,62,66,88,62,4,715
Meath West,2ae19629-1830-13a3-e055-000000000001,"Baile Átha Buí, An Mhí",1227,17,52,57,207,176,340,116,11,2203
Meath West,2ae19629-1831-13a3-e055-000000000001,"Ballinlough, Meath",108,1,3,4,28,13,13,2,2,174
Meath West,2ae19629-183a-13a3-e055-000000000001,"Ballyboggan, Meath",252,1,6,8,49,38,96,13,3,466
Meath West,2ae19629-183b-13a3-e055-000000000001,"Ballyconnell, Meath",390,0,11,13,52,50,101,15,2,634
Meath West,2ae19629-183c-13a3-e055-000000000001,"Balrathboyne, Meath",276,3,6,16,46,41,74,12,5,479
Meath West,2ae19629-183d-13a3-e055-000000000001,"Bective, Meath",560,8,11,13,114,68,148,26,7,955
Meath West,2ae19629-1847-13a3-e055-000000000001,"Boherboy, Meath",145,0,2,8,24,21,49,8,1,258
Meath West,2ae19629-1848-13a3-e055-000000000001,"Burry, Meath",142,1,5,4,31,17,33,3,0,236
Meath East,2ae19629-1849-13a3-e055-000000000001,"Carrickleck, Meath",204,2,5,8,33,29,75,16,4,376
Meath West,2ae19629-184a-13a3-e055-000000000001,"Castlejordan, Meath",189,6,5,8,42,30,50,27,3,360
Meath West,2ae19629-1852-13a3-e055-000000000001,"Castlekeeran, Meath",224,1,10,17,44,28,54,15,1,394
Meath West,2ae19629-1853-13a3-e055-000000000001,"Castlerickard, Meath",1040,7,24,37,209,115,170,52,9,1663
Meath East,2ae19629-1854-13a3-e055-000000000001,"Castletown, Meath",454,10,14,23,90,68,125,33,5,822
Meath East,2ae19629-18be-13a3-e055-000000000001,"Ceanannas Mór Rural, Meath",2163,43,53,108,387,296,632,160,22,3864
Meath East,2ae19629-18bf-13a3-e055-000000000001,"Ceanannas Mór Urban, Meath",828,28,46,108,163,141,333,153,20,1820
Meath West,2ae19629-185f-13a3-e055-000000000001,"Cloghbrack, Meath",239,2,5,11,47,41,78,17,1,441
Meath West,2ae19629-1860-13a3-e055-000000000001,"Clonmacduff, Meath",241,2,6,4,53,27,61,19,5,418
Meath West,2ae19629-1861-13a3-e055-000000000001,"Crossakeel, Meath",256,2,9,14,50,34,59,18,2,444
Meath West,2ae19629-186b-13a3-e055-000000000001,"Crosskeys, Meath",163,1,6,5,30,24,41,13,4,287
Meath East,2ae19629-186c-13a3-e055-000000000001,"Cruicetown, Meath",208,3,7,5,31,27,37,10,6,334
Meath East,2ae19629-186d-13a3-e055-000000000001,"Culmullin, Meath",573,1,16,2,90,81,187,31,5,986
Meath East,2ae19629-186e-13a3-e055-000000000001,"Donaghmore, Meath",6821,83,187,228,1062,674,1244,334,62,10695
Meath East,2ae19629-1878-13a3-e055-000000000001,"Domhnach Phádraig, An Mhí",922,10,12,25,207,124,217,45,10,1572
Meath East,2ae19629-1879-13a3-e055-000000000001,"Drumcondra, Meath",612,10,16,28,112,80,211,50,6,1125
Meath East,2ae19629-1882-13a3-e055-000000000001,"Duleek, Meath",2763,42,98,138,548,389,486,238,26,4728
Meath East,2ae19629-1883-13a3-e055-000000000001,"Dunboyne, Meath",5181,47,135,111,1099,546,1105,217,53,8494
Meath East,2ae19629-188f-13a3-e055-000000000001,"Dunshaughlin, Meath",4190,36,115,111,665,398,878,169,32,6594
Meath West,2ae19629-1890-13a3-e055-000000000001,"Gallow, Meath",516,3,13,7,88,60,127,24,4,842
Meath West,2ae19629-189c-13a3-e055-000000000001,"Galtrim, Meath",368,3,5,8,81,47,89,14,3,618
Meath West,2ae19629-189d-13a3-e055-000000000001,"Girley, Meath",211,0,6,7,40,22,49,13,0,348
Meath East,2ae19629-18a6-13a3-e055-000000000001,"Grangegeeth, Meath",331,5,5,6,59,44,71,23,2,546
Meath West,2ae19629-18a7-13a3-e055-000000000001,"Grennanstown, Meath",583,12,7,25,108,70,164,39,5,1013
Meath West,2ae19629-18b2-13a3-e055-000000000001,"Hill Of Down, Meath",264,2,4,11,39,39,70,19,1,449
Meath West,2ae19629-18b3-13a3-e055-000000000001,"Innfield, Meath",2265,32,42,63,439,249,364,119,25,3598
Meath East,2ae19629-18bd-13a3-e055-000000000001,"Julianstown, Meath",4820,130,191,255,1124,691,1247,382,93,8933
Meath East,2ae19629-1811-13a3-e055-000000000001,"Kentstown, Meath",1016,19,36,39,222,122,220,61,14,1749
Meath East,2ae19629-1812-13a3-e055-000000000001,"Kilbrew, Meath",1929,13,39,58,283,206,331,84,22,2965
Meath West,2ae19629-1813-13a3-e055-000000000001,"Cill Bhríde, An Mhí",264,1,7,1,57,29,59,6,4,428
Meath West,2ae19629-1832-13a3-e055-000000000001,"Kilcooly, Meath",180,1,5,8,43,27,36,14,2,316
Meath West,2ae19629-1833-13a3-e055-000000000001,"Kildalkey, Meath",600,7,14,23,134,96,118,30,9,1031
Meath West,2ae19629-1834-13a3-e055-000000000001,"Killaconnigan, Meath",1022,17,29,76,172,162,156,85,14,1733
Meath West,2ae19629-183e-13a3-e055-000000000001,"Killallon, Meath",148,0,4,7,25,22,37,7,3,253
Meath East,2ae19629-183f-13a3-e055-000000000001,"Killary, Meath",597,4,9,18,88,80,185,36,5,1022
Meath West,2ae19629-184b-13a3-e055-000000000001,"Killeagh, Meath",189,0,2,5,35,27,58,19,1,336
Meath East,2ae19629-184c-13a3-e055-000000000001,"Killeen, Meath",575,5,11,13,100,69,199,26,4,1002
Meath West,2ae19629-1855-13a3-e055-000000000001,"Killyon, Meath",289,2,7,9,57,32,61,19,4,480
Meath East,2ae19629-1856-13a3-e055-000000000001,"Kilmainham, Meath",330,5,9,21,63,49,158,30,3,668
Meath West,2ae19629-1862-13a3-e055-000000000001,"Kilmessan, Meath",874,11,14,22,140,104,201,45,9,1420
Meath East,2ae19629-1863-13a3-e055-000000000001,"Kilmore, Meath",853,5,9,15,151,113,244,43,10,1443
Meath West,2ae19629-186f-13a3-e055-000000000001,"Kilskeer, Meath",201,3,1,2,50,33,57,8,3,358
Meath West,2ae19629-1870-13a3-e055-000000000001,"Knocklough, Meath",93,0,1,9,20,18,26,6,0,173
Meath West,2ae19629-1871-13a3-e055-000000000001,"Laracor, Meath",311,2,6,9,60,41,79,17,4,529
Meath West,2ae19629-187a-13a3-e055-000000000001,"Loughan, Meath",210,4,7,10,44,32,61,13,1,382
Meath East,2ae19629-187b-13a3-e055-000000000001,"Maperath, Meath",223,0,6,10,35,46,79,13,1,413
Meath West,2ae19629-187c-13a3-e055-000000000001,"Martry, Meath",359,3,4,8,67,43,101,14,2,601
Meath East,2ae19629-1884-13a3-e055-000000000001,"Mellifont, Meath",265,2,5,5,52,43,87,18,3,480
Meath East,2ae19629-1885-13a3-e055-000000000001,"Moybolgue, Meath",136,1,2,5,26,10,27,7,2,216
Meath West,2ae19629-1886-13a3-e055-000000000001,"Moylagh, Meath",200,1,11,2,24,43,55,13,0,349
Meath East,2ae19629-1891-13a3-e055-000000000001,"Moynalty, Meath",283,3,4,21,53,44,88,20,3,519
Meath West,2ae19629-1892-13a3-e055-000000000001,"Navan Rural, Meath",14164,271,470,792,2995,1750,2664,1059,180,24345
Meath West,2ae19629-1893-13a3-e055-000000000001,"Navan Urban, Meath",1771,36,75,159,182,231,463,188,20,3125
Meath East,2ae19629-1894-13a3-e055-000000000001,"Newcastle, Meath",220,2,5,4,30,33,49,11,1,355
Meath East,2ae19629-189e-13a3-e055-000000000001,"Newtown, Meath",478,6,14,12,82,62,63,37,5,759
Meath East,2ae19629-189f-13a3-e055-000000000001,"Nobber, Meath",339,7,9,21,63,58,96,37,2,632
Meath West,2ae19629-18a8-13a3-e055-000000000001,"Oldcastle, Meath",1005,19,31,55,186,178,301,110,5,1890
Meath East,2ae19629-18a9-13a3-e055-000000000001,"Painestown, Meath",596,7,10,14,109,85,171,32,3,1027
Meath East,2ae19629-18aa-13a3-e055-000000000001,"Posseckstown, Meath",95,1,2,4,17,16,20,7,1,163
Meath West,2ae19629-18b4-13a3-e055-000000000001,"Rahinstown, Meath",248,4,3,9,42,28,75,9,2,420
Meath East,2ae19629-18b5-13a3-e055-000000000001,"Rathfeigh, Meath",515,3,10,11,96,79,139,25,1,879
Meath East,2ae19629-18b6-13a3-e055-000000000001,"Rathkenny, Meath",323,2,9,9,45,44,74,23,4,533
Meath West,2ae19629-18c1-13a3-e055-000000000001,"Rathmolyon, Meath",746,5,23,27,142,106,173,47,8,1277
Meath West,2ae19629-18c0-13a3-e055-000000000001,"An Ráth Mhór, An Mhí",488,5,13,19,106,67,122,15,4,839
Meath East,2ae19629-1814-13a3-e055-000000000001,"Ratoath, Meath",5768,68,130,173,1407,525,818,193,50,9132
Meath East,2ae19629-1815-13a3-e055-000000000001,"Rodanstown, Meath",923,7,12,10,131,105,207,19,4,1418
Meath East,2ae19629-181b-13a3-e055-000000000001,"Skreen, Meath",781,8,13,13,145,93,243,31,10,1337
Meath East,2ae19629-181c-13a3-e055-000000000001,"Slane, Meath",863,13,29,50,151,122,241,58,6,1533
Louth,2ae19629-1826-13a3-e055-000000000001,"St. Mary's, Meath",7763,111,198,236,1385,762,1327,387,69,12238
Meath East,2ae19629-1827-13a3-e055-000000000001,"Stackallan, Meath",357,1,7,16,65,60,81,19,3,609
Meath East,2ae19629-1828-13a3-e055-000000000001,"Staholmog, Meath",190,5,6,3,33,40,36,19,0,332
Meath East,2ae19629-1829-13a3-e055-000000000001,"Stamullin, Meath",2595,20,49,74,527,208,463,171,15,4122
Meath West,2ae19629-181d-13a3-e055-000000000001,"Stonefield, Meath",109,0,2,7,24,20,33,4,1,200
Meath West,2ae19629-181e-13a3-e055-000000000001,"Summerhill, Meath",668,10,23,33,120,86,167,43,7,1157
Meath East,2ae19629-181f-13a3-e055-000000000001,"Tara, Meath",616,8,9,17,99,84,253,32,20,1138
Meath West,2ae19629-182a-13a3-e055-000000000001,"Tailtin, An Mhí",449,4,11,14,80,58,130,31,4,781
Meath West,2ae19629-182b-13a3-e055-000000000001,"Trim Rural, Meath",4177,40,113,164,784,495,993,343,56,7165
Meath West,2ae19629-182c-13a3-e055-000000000001,"Trim Urban, Meath",651,8,32,47,79,71,236,50,7,1181
Meath East,2ae19629-1835-13a3-e055-000000000001,"Trohanny, Meath",152,0,2,9,26,24,49,16,0,278
Offaly,2ae19629-1ada-13a3-e055-000000000001,"Aghancon, Offaly",174,0,4,4,14,35,65,14,1,311
Offaly,2ae19629-1adc-13a3-e055-000000000001,"Ballincor, Offaly",89,0,4,0,17,15,17,12,1,155
Offaly,2ae19629-1add-13a3-e055-000000000001,"Ballyburly, Offaly",581,12,17,31,119,110,161,83,6,1120
Offaly,2ae19629-1ae8-13a3-e055-000000000001,"Ballycommon, Offaly",325,1,10,7,46,31,63,22,0,505
Offaly,2ae19629-1ae9-13a3-e055-000000000001,"Ballycumber, Offaly",312,2,4,10,58,40,125,33,8,592
Offaly,2ae19629-1aea-13a3-e055-000000000001,"Ballymacwilliam, Offaly",285,1,6,14,71,52,73,25,5,532
Offaly,2ae19629-1aeb-13a3-e055-000000000001,"Ballyshear, Offaly",176,0,4,16,31,23,41,23,2,316
Offaly,2ae19629-1af5-13a3-e055-000000000001,"Banagher, Offaly",897,33,40,52,183,148,353,113,10,1829
Offaly,2ae19629-1af6-13a3-e055-000000000001,"Barna, Offaly",77,0,0,4,16,10,21,7,1,136
Offaly,2ae19629-1af7-13a3-e055-000000000001,"Bawn, Offaly",157,3,4,6,41,27,37,16,2,293
Offaly,2ae19629-1a3f-13a3-e055-000000000001,"Birr Rural, Offaly",533,11,18,44,94,97,160,82,8,1047
Offaly,2ae19629-1a40-13a3-e055-000000000001,"Birr Urban, Offaly",1833,62,84,174,350,297,689,283,59,3831
Offaly,2ae19629-1a41-13a3-e055-000000000001,"Bracknagh, Offaly",518,3,12,10,106,73,139,50,4,915
Offaly,2ae19629-1a42-13a3-e055-000000000001,"Broughal, Offaly",55,0,3,1,10,6,21,1,0,97
Offaly,2ae19629-1a4e-13a3-e055-000000000001,"Cangort, Offaly",81,0,2,3,18,17,29,7,0,157
Offaly,2ae19629-1a4f-13a3-e055-000000000001,"Cappancur, Offaly",752,6,21,29,159,80,194,71,5,1317
Offaly,2ae19629-1a50-13a3-e055-000000000001,"Clara, Offaly",1643,48,53,101,317,274,649,252,29,3366
Offaly,2ae19629-1a51-13a3-e055-000000000001,"Cloghan, Offaly",440,10,10,38,67,86,113,49,12,825
Offaly,2ae19629-1a5c-13a3-e055-000000000001,"Clonbulloge, Offaly",362,6,10,25,68,59,91,32,6,659
Offaly,2ae19629-1a5d-13a3-e055-000000000001,"Clonmacnoise, Offaly",148,1,5,6,28,25,51,8,1,273
Offaly,2ae19629-1a5e-13a3-e055-000000000001,"Clonmore, Offaly",218,0,10,9,37,38,57,15,3,387
Offaly,2ae19629-1a5f-13a3-e055-000000000001,"Clonygowan, Offaly",325,3,16,7,69,47,58,16,5,546
Offaly,2ae19629-1a68-13a3-e055-000000000001,"Croghan, Offaly",249,1,4,8,54,34,81,25,4,460
Offaly,2ae19629-1a69-13a3-e055-000000000001,"Cullenwaine, Offaly",350,1,9,14,44,55,102,29,5,609
Offaly,2ae19629-1a6a-13a3-e055-000000000001,"Daingean, Offaly",679,13,36,35,108,109,170,75,16,1241
Offaly,2ae19629-1a73-13a3-e055-000000000001,"Derrinboy, Offaly",150,1,1,7,23,22,48,8,1,261
Offaly,2ae19629-1a74-13a3-e055-000000000001,"Derryad, Offaly",131,3,4,3,24,18,26,13,2,224
Offaly,2ae19629-1a75-13a3-e055-000000000001,"Derrycooly, Offaly",138,0,2,5,23,29,30,7,3,237
Offaly,2ae19629-1a76-13a3-e055-000000000001,"Doon, Offaly",263,2,5,3,36,23,66,15,3,416
Offaly,2ae19629-1a81-13a3-e055-000000000001,"Dromoyle, Offaly",162,2,5,3,37,22,26,10,2,269
Offaly,2ae19629-1a82-13a3-e055-000000000001,"Drumcullen, Offaly",197,3,4,3,38,30,43,3,5,326
Offaly,2ae19629-1a83-13a3-e055-000000000001,"Dunkerrin, Offaly",184,0,2,2,37,26,46,14,0,311
Offaly,2ae19629-1a8e-13a3-e055-000000000001,"Durrow, Offaly",375,4,2,7,81,38,104,13,4,628
Offaly,2ae19629-1a8f-13a3-e055-000000000001,"Edenderry Rural, Offaly",415,1,12,16,94,53,111,30,3,735
Offaly,2ae19629-1a90-13a3-e055-000000000001,"Edenderry Urban, Offaly",3190,69,147,239,649,500,652,435,38,5919
Offaly,2ae19629-1a91-13a3-e055-000000000001,"Eglish, Offaly",71,0,2,1,8,12,20,14,1,129
Offaly,67112637-b544-4b5c-b9fa-02e36d6f26b7,"Esker/Ballaghassaan, Offaly",222,0,4,2,39,32,76,14,1,390
Offaly,2ae19629-1a9a-13a3-e055-000000000001,"Ettagh, Offaly",246,2,4,4,44,34,58,14,2,408
Offaly,2ae19629-1a9b-13a3-e055-000000000001,"Ferbane, Offaly",519,8,14,31,96,103,214,46,9,1040
Offaly,2ae19629-1aa4-13a3-e055-000000000001,"Gallen, Offaly",182,7,7,22,49,49,136,44,7,503
Offaly,2ae19629-1aa5-13a3-e055-000000000001,"Geashill, Offaly",774,6,12,25,154,97,177,54,9,1308
Offaly,2ae19629-1aa6-13a3-e055-000000000001,"Gorteen, Offaly, 187043",129,0,4,3,24,23,39,12,1,235
Offaly,2ae19629-1aae-13a3-e055-000000000001,"Gorteen, Offaly, 187044",182,1,4,1,36,15,43,8,1,291
Offaly,2ae19629-1aaf-13a3-e055-000000000001,"Hammerlane, Offaly",271,1,5,4,49,37,87,21,2,477
Offaly,2ae19629-1ab0-13a3-e055-000000000001,"Hinds, Offaly",167,2,8,9,16,24,57,9,1,293
Offaly,2ae19629-1ab1-13a3-e055-000000000001,"Huntston, Offaly",156,1,3,6,36,28,55,17,4,306
Offaly,2ae19629-1ab9-13a3-e055-000000000001,"Kilclonfert, Offaly",194,5,4,1,40,25,41,11,0,321
Offaly,2ae19629-1aba-13a3-e055-000000000001,"Kilcolman, Offaly",203,2,4,6,32,22,43,6,0,318
Offaly,2ae19629-1abb-13a3-e055-000000000001,"Kilcormac, Offaly",567,21,25,48,94,124,203,71,10,1163
Offaly,2ae19629-1ac6-13a3-e055-000000000001,"Kilcumreragh, Offaly",262,3,4,8,45,28,64,10,2,426
Offaly,2ae19629-1ac7-13a3-e055-000000000001,"Killeigh, Offaly",593,10,14,15,130,86,153,50,7,1058
Offaly,2ae19629-1ac8-13a3-e055-000000000001,"Killooly, Offaly",132,1,0,3,26,12,34,7,1,216
Offaly,2ae19629-1ad1-13a3-e055-000000000001,"Killoughy, Offaly",349,2,2,13,54,42,99,33,4,598
Offaly,2ae19629-1ad2-13a3-e055-000000000001,"Killyon, Offaly",135,0,2,1,18,16,36,9,2,219
Offaly,2ae19629-1ad3-13a3-e055-000000000001,"Kinnitty, Offaly",247,2,9,18,37,45,71,23,3,455
Offaly,2ae19629-1ad4-13a3-e055-000000000001,"Knockbarron, Offaly",88,1,2,2,20,20,19,4,0,156
Offaly,2ae19629-1ade-13a3-e055-000000000001,"Knockdrin, Offaly",73,0,4,11,27,8,23,5,4,155
Offaly,2ae19629-1adf-13a3-e055-000000000001,"Lea, Offaly",153,1,0,3,31,30,49,24,3,294
Offaly,2ae19629-1ae0-13a3-e055-000000000001,"Letter, Offaly",62,0,1,1,16,9,30,9,0,128
Offaly,2ae19629-1ae1-13a3-e055-000000000001,"Lumcloon, Offaly",153,5,3,7,25,23,61,27,2,306
Offaly,2ae19629-1aec-13a3-e055-000000000001,"Lusmagh, Offaly",257,0,8,5,45,38,71,23,1,448
Offaly,2ae19629-1aed-13a3-e055-000000000001,"Monasteroris, Offaly",399,5,12,11,102,46,134,32,3,744
Offaly,2ae19629-1aee-13a3-e055-000000000001,"Mountbriscoe, Offaly",116,2,3,2,24,17,34,10,3,211
Offaly,2ae19629-1af8-13a3-e055-000000000001,"Mounterin, Offaly",122,0,3,5,22,19,37,7,0,215
Offaly,2ae19629-1af9-13a3-e055-000000000001,"Mountheaton, Offaly",239,0,3,5,161,33,68,13,2,524
Offaly,2ae19629-1afa-13a3-e055-000000000001,"Moyclare, Offaly",250,3,8,10,49,40,119,21,6,506
Offaly,2ae19629-1afb-13a3-e055-000000000001,"O'dempsey, Offaly",76,0,1,1,19,7,11,8,0,123
Offaly,2ae19629-1a43-13a3-e055-000000000001,"Portarlington North, Offaly",1014,15,43,67,207,177,314,180,17,2034
Offaly,2ae19629-1a44-13a3-e055-000000000001,"Rahan, Offaly",346,5,4,14,67,44,80,30,0,590
Offaly,2ae19629-1a45-13a3-e055-000000000001,"Raheenakeeran, Offaly",177,3,6,6,26,35,56,30,1,340
Offaly,2ae19629-1a46-13a3-e055-000000000001,"Rathfeston, Offaly",209,5,2,6,44,38,48,19,1,372
Offaly,2ae19629-1a52-13a3-e055-000000000001,"Rathrobin, Offaly",205,1,1,11,49,34,46,15,1,363
Offaly,2ae19629-1a53-13a3-e055-000000000001,"Roscomroe, Offaly",62,1,1,2,27,20,13,3,2,131
Offaly,2ae19629-1a54-13a3-e055-000000000001,"Screggan, Offaly",651,9,17,18,146,79,236,42,4,1202
Offaly,2ae19629-1a60-13a3-e055-000000000001,"Seirkieran, Offaly",253,4,0,9,33,36,57,15,0,407
Offaly,2ae19629-1a61-13a3-e055-000000000001,"Shannonbridge, Offaly",100,0,4,4,13,26,69,11,4,231
Offaly,2ae19629-1a62-13a3-e055-000000000001,"Shannonharbour, Offaly",163,2,7,5,38,18,50,14,5,302
Offaly,2ae19629-1a6b-13a3-e055-000000000001,"Shinrone, Offaly",383,9,8,32,76,57,210,55,10,840
Offaly,2ae19629-1a6c-13a3-e055-000000000001,"Silverbrook, Offaly",387,0,3,10,80,42,94,22,2,640
Offaly,2ae19629-1a6d-13a3-e055-000000000001,"Srah, Offaly",272,6,9,19,46,61,111,49,6,579
Offaly,2ae19629-1a77-13a3-e055-000000000001,"Templeharry, Offaly",96,0,5,2,16,17,31,2,1,170
Offaly,2ae19629-1a78-13a3-e055-000000000001,"Tinamuck, Offaly",124,3,3,3,33,17,38,14,1,236
Offaly,2ae19629-1a79-13a3-e055-000000000001,"Tinnycross, Offaly",205,3,0,6,45,24,67,13,4,367
Offaly,2ae19629-1a7a-13a3-e055-000000000001,"Tulla, Offaly",46,0,2,1,13,12,13,0,1,88
Offaly,2ae19629-1a84-13a3-e055-000000000001,"Tullamore Rural, Offaly",1712,30,54,55,276,175,239,88,17,2646
Offaly,2ae19629-1a85-13a3-e055-000000000001,"Tullamore Urban, Offaly",4790,155,218,381,839,694,1723,749,87,9636
Longford-Westmeath,2ae19629-1bc1-13a3-e055-000000000001,"Ardnaglew, Westmeath",152,0,1,2,37,19,38,3,1,253
Longford-Westmeath,2ae19629-1bca-13a3-e055-000000000001,"Ardnagragh, Westmeath",223,3,5,3,40,32,75,9,2,392
Longford-Westmeath,2ae19629-1bcc-13a3-e055-000000000001,"Athlone East Rural, Westmeath",3340,110,138,223,872,402,932,322,67,6406
Longford-Westmeath,2ae19629-1bcb-13a3-e055-000000000001,"Athlone East Urban, Westmeath",2073,51,94,161,321,274,715,301,35,4025
Longford-Westmeath,2ae19629-1bcd-13a3-e055-000000000001,"Athlone West Urban, Westmeath",1429,33,59,183,206,185,498,228,28,2849
Longford-Westmeath,2ae19629-1bce-13a3-e055-000000000001,"Auburn, Westmeath",384,7,7,10,73,32,104,15,4,636
Longford-Westmeath,2ae19629-1bda-13a3-e055-000000000001,"Ballinalack, Westmeath",178,1,5,8,97,26,53,15,3,386
Longford-Westmeath,2ae19629-1bdb-13a3-e055-000000000001,"Ballinlough, Westmeath",93,5,3,2,14,3,24,4,2,150
Longford-Westmeath,2ae19629-1aff-13a3-e055-000000000001,"Ballybroder, Westmeath",118,1,2,4,26,23,18,3,1,196
Longford-Westmeath,2ae19629-1b00-13a3-e055-000000000001,"Ballyhealy, Westmeath",157,2,3,8,30,23,37,15,2,277
Longford-Westmeath,2ae19629-1b01-13a3-e055-000000000001,"Ballykilmore, Westmeath",325,6,8,11,64,60,120,18,3,615
Longford-Westmeath,2ae19629-1b02-13a3-e055-000000000001,"Ballymore, Westmeath",310,4,18,17,48,46,80,30,3,556
Longford-Westmeath,2ae19629-1bdc-13a3-e055-000000000001,"Ballymorin, Westmeath",181,0,3,4,30,19,51,12,3,303
Longford-Westmeath,2ae19629-1b24-13a3-e055-000000000001,"Ballynagore, Westmeath",244,3,3,9,40,41,76,21,1,438
Longford-Westmeath,2ae19629-1b25-13a3-e055-000000000001,"Ballynaskeagh, Westmeath",123,2,3,4,42,19,42,8,4,247
Longford-Westmeath,2ae19629-1b26-13a3-e055-000000000001,"Bellanalack, Westmeath",288,2,5,8,52,28,69,11,3,466
Longford-Westmeath,2ae19629-1b27-13a3-e055-000000000001,"Belvidere, Westmeath",339,3,7,8,48,53,192,24,3,677
Longford-Westmeath,2ae19629-1b31-13a3-e055-000000000001,"Boherquill, Westmeath",67,0,2,3,25,11,25,3,1,137
Longford-Westmeath,2ae19629-1b32-13a3-e055-000000000001,"Bracklin, Westmeath",136,0,0,5,21,19,31,12,0,224
Longford-Westmeath,2ae19629-1b33-13a3-e055-000000000001,"Carn, Westmeath",394,5,6,10,74,52,96,26,4,667
Longford-Westmeath,2ae19629-1b34-13a3-e055-000000000001,"Carrick, Westmeath",159,1,5,8,29,20,54,8,1,285
Longford-Westmeath,2ae19629-1b40-13a3-e055-000000000001,"Castle, Westmeath",530,3,9,9,80,55,161,30,4,881
Longford-Westmeath,2ae19629-1b41-13a3-e055-000000000001,"Castledaly, Westmeath",356,3,5,8,66,46,86,24,7,601
Longford-Westmeath,2ae19629-1b42-13a3-e055-000000000001,"Castlelost, Westmeath",716,13,19,38,162,111,218,88,15,1380
Longford-Westmeath,2ae19629-1b4c-13a3-e055-000000000001,"Castletown, Westmeath",360,4,8,15,72,49,125,13,4,650
Longford-Westmeath,2ae19629-1b4d-13a3-e055-000000000001,"Churchtown, Westmeath",167,3,5,0,46,17,30,5,3,276
Longford-Westmeath,2ae19629-1b57-13a3-e055-000000000001,"Cloghan, Westmeath",190,2,2,8,39,18,30,9,2,300
Longford-Westmeath,2ae19629-1b58-13a3-e055-000000000001,"Clonarney, Westmeath",243,4,10,8,38,28,49,25,7,412
Longford-Westmeath,2ae19629-1b59-13a3-e055-000000000001,"Clonfad, Westmeath",285,2,5,13,64,27,164,27,3,590
Longford-Westmeath,2ae19629-1b64-13a3-e055-000000000001,"Clonlost, Westmeath",237,2,7,10,40,18,55,17,5,391
Longford-Westmeath,2ae19629-1b65-13a3-e055-000000000001,"Collinstown, Westmeath",265,4,9,16,37,24,74,31,3,463
Longford-Westmeath,2ae19629-1b66-13a3-e055-000000000001,"Coole, Westmeath",113,0,4,3,19,21,41,9,2,212
Longford-Westmeath,2ae19629-1b67-13a3-e055-000000000001,"Coolure, Westmeath",147,2,7,12,14,22,50,17,1,272
Longford-Westmeath,2ae19629-1b71-13a3-e055-000000000001,"Copperalley, Westmeath",124,0,3,6,12,15,46,7,4,217
Longford-Westmeath,2ae19629-1b72-13a3-e055-000000000001,"Delvin, Westmeath",455,9,23,26,109,83,125,45,5,880
Longford-Westmeath,2ae19629-1b73-13a3-e055-000000000001,"Derrymore, Westmeath",118,2,1,2,31,20,32,5,1,212
Longford-Westmeath,2ae19629-1b74-13a3-e055-000000000001,"Doonis, Westmeath",116,0,2,2,35,12,42,4,0,213
Longford-Westmeath,2ae19629-1b83-13a3-e055-000000000001,"Drumraney, Westmeath",137,0,1,3,24,13,29,8,1,216
Longford-Westmeath,2ae19629-1b84-13a3-e055-000000000001,"Dysart, Westmeath",122,0,5,9,34,10,46,6,2,234
Longford-Westmeath,2ae19629-1b85-13a3-e055-000000000001,"Emper, Westmeath",106,0,1,8,12,17,21,6,2,173
Longford-Westmeath,2ae19629-1b86-13a3-e055-000000000001,"Enniscoffey, Westmeath",198,2,4,6,46,27,48,13,0,344
Longford-Westmeath,2ae19629-1b97-13a3-e055-000000000001,"Faughalstown, Westmeath",139,2,0,5,23,22,37,8,0,236
Longford-Westmeath,2ae19629-1b98-13a3-e055-000000000001,"Finnea, Westmeath",126,2,1,6,17,15,34,13,1,215
Longford-Westmeath,2ae19629-1b99-13a3-e055-000000000001,"Fore East, Westmeath",196,0,8,5,37,26,60,16,4,352
Longford-Westmeath,2ae19629-1bb0-13a3-e055-000000000001,"Fore West, Westmeath",196,4,5,10,43,18,43,10,2,331
Longford-Westmeath,2ae19629-1bb1-13a3-e055-000000000001,"Gaybrook, Westmeath",219,1,3,4,38,17,38,5,0,325
Longford-Westmeath,2ae19629-1bb2-13a3-e055-000000000001,"Glassan, Westmeath",422,3,6,8,69,56,158,21,3,746
Longford-Westmeath,2ae19629-1bc2-13a3-e055-000000000001,"Glenlough, Westmeath",77,0,5,5,13,12,22,10,1,145
Longford-Westmeath,2ae19629-1bc3-13a3-e055-000000000001,"Glore, Westmeath",83,1,3,3,16,13,24,7,1,151
Longford-Westmeath,2ae19629-1bc4-13a3-e055-000000000001,"Greenpark, Westmeath",125,1,4,0,23,20,43,12,0,228
Longford-Westmeath,2ae19629-1bcf-13a3-e055-000000000001,"Griffinstown, Westmeath",303,1,3,8,68,31,50,22,1,487
Longford-Westmeath,2ae19629-1bd0-13a3-e055-000000000001,"Heathstown, Westmeath",360,1,5,12,66,43,92,16,4,599
Longford-Westmeath,2ae19629-1bd1-13a3-e055-000000000001,"Hilltown, Westmeath",122,0,0,9,24,22,33,6,2,218
Longford-Westmeath,2ae19629-1bdd-13a3-e055-000000000001,"Hopestown, Westmeath",269,2,3,5,60,24,95,20,1,479
Longford-Westmeath,2ae19629-1bde-13a3-e055-000000000001,"Huntingdon, Westmeath",205,2,3,6,42,19,59,11,2,349
Longford-Westmeath,2ae19629-1bdf-13a3-e055-000000000001,"Jamestown, Westmeath",79,2,1,2,16,10,18,7,0,135
Longford-Westmeath,2ae19629-1b03-13a3-e055-000000000001,"Kilbeggan, Westmeath",837,15,32,40,155,118,193,85,13,1488
Longford-Westmeath,2ae19629-1b04-13a3-e055-000000000001,"Kilbixy, Westmeath",255,4,9,23,54,45,81,31,3,505
Longford-Westmeath,2ae19629-1b05-13a3-e055-000000000001,"Kilcumny, Westmeath",91,2,2,7,11,18,36,10,3,180
Longford-Westmeath,2ae19629-1b0b-13a3-e055-000000000001,"Kilcumreragh, Westmeath",185,1,4,3,37,22,53,22,0,327
Longford-Westmeath,2ae19629-1b0c-13a3-e055-000000000001,"Killare, Westmeath",179,2,3,5,39,23,43,10,1,305
Longford-Westmeath,2ae19629-1b0d-13a3-e055-000000000001,"Killinure, Westmeath",245,0,7,5,41,20,50,13,1,382
Longford-Westmeath,2ae19629-1b18-13a3-e055-000000000001,"Killua, Westmeath",532,6,15,14,102,65,132,33,5,904
Longford-Westmeath,2ae19629-1b19-13a3-e055-000000000001,"Killucan, Westmeath",907,15,28,39,162,94,246,94,8,1593
Longford-Westmeath,2ae19629-1b1a-13a3-e055-000000000001,"Killulagh, Westmeath",218,6,6,5,44,27,54,17,3,380
Longford-Westmeath,2ae19629-1b0e-13a3-e055-000000000001,"Kilpatrick, Westmeath",116,1,0,4,23,11,24,2,3,184
Longford-Westmeath,2ae19629-1b0f-13a3-e055-000000000001,"Kinnegad, Westmeath",1487,25,52,76,315,196,195,143,19,2508
Longford-Westmeath,2ae19629-1b10-13a3-e055-000000000001,"Kinturk, Westmeath",543,13,27,51,119,117,229,84,14,1197
Longford-Westmeath,2ae19629-1b11-13a3-e055-000000000001,"Knockarrow, Westmeath",55,1,0,1,7,11,10,7,1,93
Longford-Westmeath,2ae19629-1b1b-13a3-e055-000000000001,"Knockdrin, Westmeath",274,4,8,10,51,31,86,17,1,482
Longford-Westmeath,2ae19629-1b1c-13a3-e055-000000000001,"Lackan, Westmeath",42,0,1,2,9,13,8,2,0,77
Longford-Westmeath,2ae19629-1b1d-13a3-e055-000000000001,"Lauree, Westmeath",98,2,3,5,14,20,22,6,1,171
Longford-Westmeath,2ae19629-1b28-13a3-e055-000000000001,"Middleton, Westmeath",172,4,4,2,22,15,63,12,1,295
Longford-Westmeath,2ae19629-1bd2-13a3-e055-000000000001,"Milltown, Westmeath",127,6,8,4,29,27,39,18,1,259
Longford-Westmeath,2ae19629-1b29-13a3-e055-000000000001,"Moate, Westmeath",1522,22,52,100,252,176,481,150,21,2776
Longford-Westmeath,2ae19629-1b2a-13a3-e055-000000000001,"Mount Temple, Westmeath",357,4,7,9,70,27,83,14,1,572
Longford-Westmeath,2ae19629-1b35-13a3-e055-000000000001,"Moydrum, Westmeath",1393,22,34,42,263,163,426,85,10,2438
Longford-Westmeath,2ae19629-1b36-13a3-e055-000000000001,"Muckanagh, Westmeath",89,0,2,0,17,10,22,8,0,148
Longford-Westmeath,2ae19629-1b9e-13a3-e055-000000000001,"Mullingar North Urban, Westmeath",2181,86,128,307,395,364,750,351,52,4614
Longford-Westmeath,2ae19629-1b37-13a3-e055-000000000001,"Mullingar Rural, Westmeath",5078,109,156,304,1022,583,1111,441,66,8870
Longford-Westmeath,2ae19629-1b43-13a3-e055-000000000001,"Mullingar South Urban, Westmeath",2200,50,78,123,287,293,728,194,25,3978
Longford-Westmeath,2ae19629-1b44-13a3-e055-000000000001,"Multyfarnham, Westmeath",288,4,3,10,40,42,119,25,7,538
Longford-Westmeath,2ae19629-1b45-13a3-e055-000000000001,"Newtown, Westmeath",119,1,2,3,19,19,31,10,0,204
Longford-Westmeath,2ae19629-1b46-13a3-e055-000000000001,"Noughaval, Westmeath",194,0,2,1,41,17,51,14,1,321
Longford-Westmeath,2ae19629-1b4e-13a3-e055-000000000001,"Owel, Westmeath",215,3,5,4,31,36,79,13,2,388
Longford-Westmeath,2ae19629-1b4f-13a3-e055-000000000001,"Piercetown, Westmeath",65,0,0,1,13,11,14,3,0,107
Longford-Westmeath,2ae19629-1b50-13a3-e055-000000000001,"Portloman, Westmeath",145,3,1,6,28,15,61,12,2,273
Longford-Westmeath,2ae19629-1b51-13a3-e055-000000000001,"Raharney, Westmeath",213,3,5,13,65,34,63,27,4,427
Longford-Westmeath,2ae19629-1b5a-13a3-e055-000000000001,"Rahugh, Westmeath",149,0,4,3,18,21,56,10,1,262
Longford-Westmeath,2ae19629-1b5b-13a3-e055-000000000001,"Rathconrath, Westmeath",180,1,3,8,40,24,48,17,1,322
Longford-Westmeath,2ae19629-1b5c-13a3-e055-000000000001,"Rathowen, Westmeath",160,3,8,17,28,29,47,18,3,313
Longford-Westmeath,2ae19629-1b5d-13a3-e055-000000000001,"Riverdale, Westmeath",250,2,4,9,61,23,43,20,1,413
Longford-Westmeath,2ae19629-1b68-13a3-e055-000000000001,"Rosmead, Westmeath",149,4,3,5,31,18,40,17,2,269
Longford-Westmeath,2ae19629-1b69-13a3-e055-000000000001,"Russellstown, Westmeath",259,7,6,4,39,27,63,12,0,417
Longford-Westmeath,2ae19629-1b6a-13a3-e055-000000000001,"Skeagh, Westmeath",122,1,2,1,30,8,33,10,4,211
Longford-Westmeath,2ae19629-1b6b-13a3-e055-000000000001,"Sonna, Westmeath",154,2,7,14,25,24,35,8,4,273
Longford-Westmeath,2ae19629-1b75-13a3-e055-000000000001,"Stonehall, Westmeath",90,0,4,3,24,15,35,12,0,183
Longford-Westmeath,2ae19629-1b76-13a3-e055-000000000001,"Streamstown, Westmeath",219,17,12,7,47,32,57,17,10,418
Longford-Westmeath,2ae19629-1b77-13a3-e055-000000000001,"Street, Westmeath",117,5,2,5,13,23,52,11,0,228
Longford-Westmeath,2ae19629-1b87-13a3-e055-000000000001,"Taghmon, Westmeath",203,2,4,9,49,25,48,13,4,357
Longford-Westmeath,2ae19629-1b88-13a3-e055-000000000001,"Templepatrick, Westmeath",87,1,2,4,15,16,35,4,2,166
Longford-Westmeath,2ae19629-1b89-13a3-e055-000000000001,"Tubbrit, Westmeath",345,5,5,6,70,36,97,22,3,589
Longford-Westmeath,2ae19629-1b9a-13a3-e055-000000000001,"Tullaghan, Westmeath",196,3,4,0,47,11,70,8,2,341
Longford-Westmeath,2ae19629-1b9b-13a3-e055-000000000001,"Umma, Westmeath",154,0,2,4,25,12,40,4,2,243
Longford-Westmeath,2ae19629-1b9c-13a3-e055-000000000001,"Winetown, Westmeath",67,1,0,2,14,8,21,1,1,115
Longford-Westmeath,2ae19629-1b9d-13a3-e055-000000000001,"Woodland, Westmeath",135,2,3,5,22,19,47,7,0,240
Wexford,2ae19629-1bb3-13a3-e055-000000000001,"Adamstown, Wexford",267,11,11,20,55,49,68,25,4,510
Wicklow-Wexford,2ae19629-1bb4-13a3-e055-000000000001,"Ardamine, Wexford",1721,37,95,149,328,281,587,247,24,3469
Wexford,2ae19629-1bc5-13a3-e055-000000000001,"Ardcavan, Wexford",1345,17,35,48,260,148,469,110,8,2440
Wexford,2ae19629-1bc6-13a3-e055-000000000001,"Ardcolm, Wexford",396,4,15,18,78,65,189,29,4,798
Wexford,2ae19629-1bd3-13a3-e055-000000000001,"Artramon, Wexford",322,2,9,15,65,45,192,28,2,680
Wexford,2ae19629-1bd4-13a3-e055-000000000001,"Aughwilliam, Wexford",275,3,8,6,42,27,71,16,1,449
Wicklow-Wexford,2ae19629-1bd5-13a3-e055-000000000001,"Ballindaggan, Wexford",332,6,9,15,73,60,109,29,3,636
Wicklow-Wexford,2ae19629-1e4d-13a3-e055-000000000001,"Balloughter, Wexford",263,4,4,9,33,39,68,15,2,437
Wexford,2ae19629-1be0-13a3-e055-000000000001,"Ballyanne, Wexford",338,2,8,15,82,60,98,23,5,631
Wicklow-Wexford,2ae19629-1be1-13a3-e055-000000000001,"Ballybeg, Wexford",251,5,7,12,61,42,84,25,3,490
Wicklow-Wexford,2ae19629-1be2-13a3-e055-000000000001,"Ballycanew, Wexford",568,7,14,24,71,75,148,58,1,966
Wicklow-Wexford,2ae19629-1b06-13a3-e055-000000000001,"Ballycarney, Wexford",222,2,2,8,52,33,65,15,2,401
Wicklow-Wexford,2ae19629-1b07-13a3-e055-000000000001,"Ballyellis, Wexford",189,0,2,9,25,37,52,19,5,338
Wicklow-Wexford,2ae19629-1b08-13a3-e055-000000000001,"Ballygarrett, Wexford",393,3,16,14,73,68,109,43,12,731
Wexford,2ae19629-1b12-13a3-e055-000000000001,"Ballyhack, Wexford",548,2,19,25,96,98,281,58,12,1139
Wexford,2ae19629-1b13-13a3-e055-000000000001,"Ballyhoge, Wexford",586,6,16,29,112,95,171,44,6,1065
Wexford,2ae19629-1b14-13a3-e055-000000000001,"Ballyhuskard, Wexford",768,9,20,33,134,106,209,52,10,1341
Wicklow-Wexford,2ae19629-1e40-13a3-e055-000000000001,"Ballylarkin, Wexford",413,5,12,13,92,75,130,23,4,767
Wexford,2ae19629-1e41-13a3-e055-000000000001,"Ballymitty, Wexford",250,4,5,12,55,42,80,24,3,475
Wicklow-Wexford,2ae19629-1e4b-13a3-e055-000000000001,"Ballymore, Wexford",226,2,7,12,50,37,61,14,2,411
Wicklow-Wexford,2ae19629-1e4c-13a3-e055-000000000001,"Ballynestragh, Wexford",587,5,12,18,129,97,137,36,5,1026
Wexford,2ae19629-1e56-13a3-e055-000000000001,"Ballyvaldon, Wexford",365,2,7,12,73,47,127,31,4,668
Wexford,2ae19629-1e57-13a3-e055-000000000001,"Bannow, Wexford",542,8,19,30,106,99,191,64,6,1065
Wexford,2ae19629-1e58-13a3-e055-000000000001,"Barrack Village, Wexford",45,0,0,2,8,8,15,6,0,84
Wexford,2ae19629-1e62-13a3-e055-000000000001,"Barronstown, Wexford",272,5,6,10,46,48,95,19,2,503
Wexford,2ae19629-1e63-13a3-e055-000000000001,"Bolaboy, Wexford",518,3,19,37,100,70,158,64,5,974
Wexford,2ae19629-1e64-13a3-e055-000000000001,"Bree, Wexford",663,6,13,21,118,82,205,54,4,1166
Wexford,2ae19629-1e6e-13a3-e055-000000000001,"Bridgetown, Wexford",420,5,13,12,94,51,128,29,5,757
Wicklow-Wexford,2ae19629-1e6f-13a3-e055-000000000001,"Cahore, Wexford",210,2,5,1,44,21,95,13,5,396
Wexford,2ae19629-1e70-13a3-e055-000000000001,"Carnagh, Wexford",240,2,3,7,44,39,85,17,4,441
Wexford,2ae19629-1e7a-13a3-e055-000000000001,"Carrick, Wexford",849,9,19,21,161,86,287,48,8,1488
Wexford,2ae19629-1e7b-13a3-e055-000000000001,"Carrickbyrne, Wexford",277,4,3,17,32,47,85,24,2,491
Wexford,2ae19629-1e7c-13a3-e055-000000000001,"Castle Ellis, Wexford",576,9,10,16,107,73,188,43,15,1037
Wexford,2ae19629-1e87-13a3-e055-000000000001,"Castle Talbot, Wexford",407,10,9,20,61,56,181,27,5,776
Wexford,2ae19629-1e86-13a3-e055-000000000001,"Castleboro, Wexford",420,4,10,16,70,64,135,28,3,750
Wicklow-Wexford,2ae19629-1e7f-13a3-e055-000000000001,"Castledockrell, Wexford",228,4,6,7,34,32,57,22,3,393
Wexford,2ae19629-1e88-13a3-e055-000000000001,"Clongeen, Wexford",428,2,8,25,64,65,145,46,6,789
Wexford,2ae19629-1e89-13a3-e055-000000000001,"Clonleigh, Wexford",199,3,11,14,43,24,65,9,2,370
Wexford,2ae19629-1e93-13a3-e055-000000000001,"Clonroche, Wexford",527,9,18,44,97,108,162,64,7,1036
Wicklow-Wexford,2ae19629-1e94-13a3-e055-000000000001,"Coolgreany, Wexford",539,5,19,14,84,79,167,38,5,950
Wicklow-Wexford,2ae19629-1e9d-13a3-e055-000000000001,"Courtown, Wexford",1313,18,51,57,202,198,518,127,23,2507
Wexford,2ae19629-1e9e-13a3-e055-000000000001,"Drinagh, Wexford",453,13,11,23,99,63,207,68,5,942
Wexford,2ae19629-1ea9-13a3-e055-000000000001,"Duncormick, Wexford",278,1,9,16,37,36,96,26,6,505
Wexford,2ae19629-1eaa-13a3-e055-000000000001,"Dunmain, Wexford",147,1,6,3,25,17,44,7,1,251
Wexford,2ae19629-1eab-13a3-e055-000000000001,"Edermine, Wexford",641,8,15,37,146,84,263,82,10,1286
Wexford,2ae19629-1eb7-13a3-e055-000000000001,"Enniscorthy Rural, Wexford",4213,114,210,436,741,788,1318,664,77,8561
Wexford,2ae19629-1eb8-13a3-e055-000000000001,"Enniscorthy Urban, Wexford",1014,38,91,120,127,195,493,195,32,2305
Wicklow-Wexford,2ae19629-1eb9-13a3-e055-000000000001,"Ferns, Wexford",639,19,26,53,116,127,208,80,19,1287
Wexford,2ae19629-1eba-13a3-e055-000000000001,"Fethard, Wexford",445,7,13,20,79,64,157,32,6,823
Wicklow-Wexford,2ae19629-1ec5-13a3-e055-000000000001,"Ford, Wexford",317,3,13,19,42,52,87,36,2,571
Wexford,2ae19629-1ec6-13a3-e055-000000000001,"Forth, Wexford",396,5,8,13,74,52,138,38,4,728
Wexford,2ae19629-1ec7-13a3-e055-000000000001,"Glynn, Wexford",265,2,10,10,69,29,75,22,5,487
Wicklow-Wexford,2ae19629-1ed5-13a3-e055-000000000001,"Gorey Rural, Wexford",3456,78,137,233,687,536,782,336,36,6281
Wicklow-Wexford,2ae19629-1ed6-13a3-e055-000000000001,"Gorey Urban, Wexford",1593,34,73,103,262,252,611,198,25,3151
Wexford,2ae19629-1ed7-13a3-e055-000000000001,"Harperstown, Wexford",258,2,8,14,51,25,67,27,3,455
Wexford,2ae19629-1ee3-13a3-e055-000000000001,"Harristown, Wexford",236,2,2,5,40,42,101,29,1,458
Wexford,2ae19629-1ee4-13a3-e055-000000000001,"Horetown, Wexford",302,6,9,5,53,26,81,21,2,505
Wicklow-Wexford,2ae19629-1ee5-13a3-e055-000000000001,"Huntingtown, Wexford",161,2,2,6,41,18,36,12,0,278
Wexford,2ae19629-1e2b-13a3-e055-000000000001,"Inch, Wexford",254,2,10,13,54,42,70,23,1,469
Wicklow-Wexford,2ae19629-1e2c-13a3-e055-000000000001,"Kilbora, Wexford",207,5,4,7,38,25,56,9,0,351
Wexford,2ae19629-1e2d-13a3-e055-000000000001,"Kilbride, Wexford",168,0,1,4,26,15,40,8,4,266
Wicklow-Wexford,2ae19629-1e2e-13a3-e055-000000000001,"Kilcomb, Wexford",521,7,14,27,110,89,133,58,6,965
Wicklow-Wexford,2ae19629-1e39-13a3-e055-000000000001,"Kilcormick, Wexford",300,1,5,14,71,64,74,33,3,565
Wexford,2ae19629-1e3a-13a3-e055-000000000001,"Kilcowan, Wexford",242,2,7,8,40,41,75,31,4,450
Wexford,2ae19629-1e3b-13a3-e055-000000000001,"Kilgarvan, Wexford",179,4,3,4,48,29,46,10,1,324
Wicklow-Wexford,2ae19629-1e42-13a3-e055-000000000001,"Kilgorman, Wexford",399,5,11,16,82,61,99,24,4,701
Wexford,2ae19629-1e43-13a3-e055-000000000001,"Killag, Wexford",230,2,12,14,46,34,60,13,2,413
Wexford,2ae19629-1e4e-13a3-e055-000000000001,"Killann, Wexford",485,2,8,11,70,76,155,32,12,851
Wicklow-Wexford,2ae19629-1e4f-13a3-e055-000000000001,"Killenagh, Wexford",261,2,6,14,52,56,86,27,3,507
Wexford,2ae19629-1e59-13a3-e055-000000000001,"Killesk, Wexford",334,5,9,12,50,51,122,27,7,617
Wicklow-Wexford,2ae19629-1e5a-13a3-e055-000000000001,"Killincooly, Wexford",264,2,5,18,49,57,71,37,8,511
Wexford,2ae19629-1e65-13a3-e055-000000000001,"Killinick, Wexford",411,13,27,16,73,54,145,42,4,785
Wexford,2ae19629-1e66-13a3-e055-000000000001,"Killoughrum, Wexford",404,6,11,20,67,61,110,35,5,719
Wexford,2ae19629-1e71-13a3-e055-000000000001,"Killurin, Wexford",360,5,5,10,76,43,73,23,2,597
Wexford,2ae19629-1e72-13a3-e055-000000000001,"Kilmallock, Wexford",700,5,11,35,140,86,158,63,5,1203
Wexford,2ae19629-1e73-13a3-e055-000000000001,"Kilmokea, Wexford",326,3,17,32,76,56,172,48,4,734
Wexford,2ae19629-1e74-13a3-e055-000000000001,"Kilmore, Wexford",1037,16,43,72,160,151,399,93,16,1987
Wicklow-Wexford,2ae19629-1e7d-13a3-e055-000000000001,"Kilnahue, Wexford",229,3,7,4,31,25,69,10,1,379
Wexford,2ae19629-1e7e-13a3-e055-000000000001,"Kilpatrick, Wexford",365,2,6,11,59,41,139,32,4,659
Wicklow-Wexford,2ae19629-1e80-13a3-e055-000000000001,"Kilrush, Wexford",226,2,7,7,42,35,66,18,4,407
Wexford,2ae19629-1e8a-13a3-e055-000000000001,"Kilscoran, Wexford",471,3,16,17,73,63,183,42,7,875
Wexford,2ae19629-1e8b-13a3-e055-000000000001,"Kiltealy, Wexford",220,2,8,8,39,38,72,26,5,418
Wexford,2ae19629-1e8c-13a3-e055-000000000001,"Lady's Island, Wexford",290,2,4,7,34,41,119,32,2,531
Wicklow-Wexford,2ae19629-1e95-13a3-e055-000000000001,"Limerick, Wexford",471,3,4,21,87,61,100,21,6,774
Wexford,2ae19629-1e96-13a3-e055-000000000001,"Marshalstown, Wexford",524,7,9,23,98,48,162,37,4,912
Wexford,2ae19629-1e97-13a3-e055-000000000001,"Mayglass, Wexford",245,2,6,13,37,37,84,23,2,449
Wicklow-Wexford,2ae19629-1e9f-13a3-e055-000000000001,"Monamolin, Wexford",397,3,12,14,77,61,94,29,7,694
Wicklow-Wexford,2ae19629-1ea0-13a3-e055-000000000001,"Monaseed, Wexford",319,3,4,8,66,56,85,18,1,560
Wicklow-Wexford,2ae19629-1ea1-13a3-e055-000000000001,"Moyacomb, Wexford",220,2,5,4,31,26,76,14,1,379
Wexford,2ae19629-1ea2-13a3-e055-000000000001,"New Ross Rural, Wexford",1703,44,70,164,369,236,451,171,24,3232
Wexford,2ae19629-1eac-13a3-e055-000000000001,"New Ross Urban, Wexford",1497,41,93,201,234,226,767,278,26,3363
Wexford,2ae19629-1ead-13a3-e055-000000000001,"Newbawn, Wexford",276,2,9,8,44,34,78,26,5,482
Wexford,2ae19629-1eae-13a3-e055-000000000001,"Newcastle, Wexford",252,1,3,6,40,29,68,25,5,429
Wicklow-Wexford,2ae19629-1eaf-13a3-e055-000000000001,"Newtownbarry, Wexford",1000,29,35,84,157,181,372,121,18,1997
Wexford,2ae19629-1ebb-13a3-e055-000000000001,"Old Ross, Wexford",227,6,3,8,36,26,51,8,7,372
Wexford,2ae19629-1eb0-13a3-e055-000000000001,"Oldcourt, Wexford",331,2,5,17,87,45,90,15,6,598
Wexford,2ae19629-1ebc-13a3-e055-000000000001,"Rathaspick, Wexford",815,5,20,29,167,111,265,73,5,1490
Wexford,2ae19629-1ebd-13a3-e055-000000000001,"Rathroe, Wexford",394,3,11,27,55,58,149,41,6,744
Wexford,2ae19629-1ec8-13a3-e055-000000000001,"Rochestown, Wexford",120,3,1,3,29,16,25,2,1,200
Wexford,2ae19629-1ec9-13a3-e055-000000000001,"Rosbercon Urban, Wexford",333,9,18,32,49,42,79,31,4,597
Wicklow-Wexford,2ae19629-1eca-13a3-e055-000000000001,"Rossard, Wexford",230,1,4,3,39,31,63,21,4,396
Wexford,2ae19629-1ecb-13a3-e055-000000000001,"Rosslare, Wexford",866,15,24,35,146,114,503,94,13,1810
Wicklow-Wexford,2ae19629-1ecc-13a3-e055-000000000001,"Rossminoge, Wexford",334,3,5,9,70,43,50,13,4,531
Wexford,2ae19629-1ecd-13a3-e055-000000000001,"St. Helen's, Wexford",1099,18,33,53,156,145,492,133,15,2144
Wicklow-Wexford,2ae19629-1ed8-13a3-e055-000000000001,"St. Mary's, Wexford",358,3,14,12,76,48,92,23,4,630
Wexford,2ae19629-1ed9-13a3-e055-000000000001,"Tacumshin, Wexford",228,4,5,8,43,34,88,19,3,432
Wexford,2ae19629-1eda-13a3-e055-000000000001,"Taghmon, Wexford",439,19,24,48,88,92,144,84,11,949
Wexford,2ae19629-1ee6-13a3-e055-000000000001,"Templeludigan, Wexford",217,0,4,2,46,29,56,15,4,373
Wexford,2ae19629-1ee7-13a3-e055-000000000001,"Templetown, Wexford",325,18,44,9,95,50,120,19,8,688
Wicklow-Wexford,2ae19629-1ee8-13a3-e055-000000000001,"The Harrow, Wexford",236,3,1,9,33,39,63,22,9,415
Wexford,2ae19629-1ee9-13a3-e055-000000000001,"The Leap, Wexford",452,3,8,15,94,78,147,39,6,842
Wicklow-Wexford,2ae19629-1e2f-13a3-e055-000000000001,"Tinnacross, Wexford",473,2,12,18,74,70,129,29,3,810
Wexford,2ae19629-1e30-13a3-e055-000000000001,"Tintern, Wexford",727,4,27,28,124,117,258,91,8,1384
Wicklow-Wexford,2ae19629-1e3c-13a3-e055-000000000001,"Tombrack, Wexford",361,4,8,15,72,56,105,38,3,662
Wexford,2ae19629-1e3d-13a3-e055-000000000001,"Tomhaggard, Wexford",262,4,9,7,43,33,91,21,1,471
Wicklow-Wexford,2ae19629-1e44-13a3-e055-000000000001,"Wells, Wexford",398,4,10,12,79,57,107,38,5,710
Wexford,2ae19629-1e46-13a3-e055-000000000001,"Wexford No. 1 Urban, Wexford",703,10,32,57,75,66,398,145,16,1502
Wexford,2ae19629-1e5d-13a3-e055-000000000001,"Wexford No. 2 Urban, Wexford",1755,31,79,192,228,239,801,310,35,3670
Wexford,2ae19629-1e5c-13a3-e055-000000000001,"Wexford No. 3 Urban, Wexford",626,10,34,46,76,61,225,104,8,1190
Wexford,2ae19629-1e45-13a3-e055-000000000001,"Wexford Rural, Wexford",6016,131,210,332,977,809,2046,660,92,11273
Wexford,2ae19629-1e50-13a3-e055-000000000001,"Whitechurch, Wexford, 247119",235,3,9,18,51,29,59,17,5,426
Wexford,2ae19629-1e51-13a3-e055-000000000001,"Whitechurch, Wexford, 247120",294,5,9,12,69,46,88,20,3,546
Wexford,2ae19629-1e52-13a3-e055-000000000001,"Whitemoor, Wexford",263,2,2,9,66,41,87,19,3,492
Wicklow-Wexford,2ae19629-1e5b-13a3-e055-000000000001,"Wingfield, Wexford",469,3,18,16,112,69,103,28,2,820
Wicklow-Wexford,2ae19629-1e5e-13a3-e055-000000000001,"Aghowle, Wicklow",120,3,2,7,18,12,30,11,2,205
Wicklow,2ae19629-1e67-13a3-e055-000000000001,"Altidore, Wicklow",173,1,3,8,28,30,49,4,4,300
Wicklow-Wexford,2ae19629-1e69-13a3-e055-000000000001,"Arklow No. 1 Urban, Wicklow",4233,90,175,297,851,731,1215,602,53,8247
Wicklow-Wexford,2ae19629-1ee1-13a3-e055-000000000001,"Arklow No. 2 Urban, Wicklow",1278,12,48,89,225,194,372,155,18,2391
Wicklow-Wexford,2ae19629-1e68-13a3-e055-000000000001,"Arklow Rural, Wicklow",630,7,12,30,114,88,158,70,4,1113
Wicklow-Wexford,2ae19629-1e6a-13a3-e055-000000000001,"Aughrim, Wicklow",816,5,30,45,194,135,254,73,12,1564
Wicklow-Wexford,2ae19629-1e6b-13a3-e055-000000000001,"Ballinaclash, Wicklow",298,3,7,13,57,47,95,19,7,546
Wicklow-Wexford,2ae19629-1e75-13a3-e055-000000000001,"Ballinacor, Wicklow",160,2,4,6,35,24,45,6,1,283
Wicklow-Wexford,2ae19629-1e76-13a3-e055-000000000001,"Ballinderry, Wicklow",241,2,7,7,38,28,58,13,4,398
Wicklow-Wexford,2ae19629-1e77-13a3-e055-000000000001,"Ballingate, Wicklow",187,5,7,9,27,32,52,21,0,340
Wicklow-Wexford,2ae19629-1e81-13a3-e055-000000000001,"Ballinglen, Wicklow",122,2,3,1,16,14,25,6,0,189
Wicklow,2ae19629-1e82-13a3-e055-000000000001,"Ballinguile, Wicklow",77,2,1,1,18,11,14,3,0,127
Wicklow-Wexford,2ae19629-1e83-13a3-e055-000000000001,"Ballyarthur, Wicklow",499,6,11,29,112,66,158,33,2,916
Wicklow-Wexford,2ae19629-1e8d-13a3-e055-000000000001,"Ballybeg, Wicklow",109,0,0,5,17,14,25,8,1,179
Wicklow,2ae19629-1e8e-13a3-e055-000000000001,"Ballycullen, Wicklow",141,2,14,8,24,29,46,9,7,280
Wicklow,2ae19629-1e8f-13a3-e055-000000000001,"Baltinglass, Wicklow",1278,36,50,80,257,201,367,156,15,2440
Wicklow,2ae19629-1e98-13a3-e055-000000000001,"Blessington, Wicklow",2088,19,51,101,410,274,518,130,30,3621
Wicklow,2ae19629-1ee2-13a3-e055-000000000001,"Bray No. 1, Wicklow",829,18,30,56,121,100,229,134,9,1526
Wicklow,2ae19629-1eed-13a3-e055-000000000001,"Bray No. 2, Wicklow",3095,59,111,128,549,344,1211,231,77,5805
Wicklow,2ae19629-1e99-13a3-e055-000000000001,"Bray No. 3, Wicklow",2926,28,77,118,497,376,1284,214,19,5539
Wicklow,2ae19629-1ea3-13a3-e055-000000000001,"Brockagh, Wicklow",372,12,20,18,60,44,90,14,5,635
Wicklow,2ae19629-1ea4-13a3-e055-000000000001,"Burgage, Wicklow",1001,10,35,18,203,125,199,51,43,1685
Wicklow,2ae19629-1eb1-13a3-e055-000000000001,"Calary, Wicklow",174,2,1,5,25,20,48,0,3,278
Wicklow-Wexford,2ae19629-1eb2-13a3-e055-000000000001,"Carnew, Wicklow",740,20,29,60,141,139,249,101,13,1492
Wicklow-Wexford,2ae19629-1eb3-13a3-e055-000000000001,"Coolattin, Wicklow",125,3,3,4,17,9,45,20,3,229
Wicklow,2ae19629-1ebe-13a3-e055-000000000001,"Coolballintaggart, Wicklow",212,1,5,12,43,38,72,24,4,411
Wicklow-Wexford,2ae19629-1ebf-13a3-e055-000000000001,"Coolboy, Wicklow",258,1,4,19,57,43,77,21,4,484
Wicklow-Wexford,2ae19629-1ec0-13a3-e055-000000000001,"Cronebane, Wicklow",225,4,6,9,47,33,88,34,2,448
Wicklow-Wexford,2ae19629-1ece-13a3-e055-000000000001,"Cronelea, Wicklow",83,0,2,3,12,17,34,3,0,154
Wicklow,2ae19629-1ecf-13a3-e055-000000000001,"Delgany, Wicklow",3385,28,76,93,679,426,866,167,26,5746
Wicklow,2ae19629-1ed0-13a3-e055-000000000001,"Donaghmore, Wicklow",212,4,5,5,32,33,49,10,3,353
Wicklow,2ae19629-1ed1-13a3-e055-000000000001,"Donard, Wicklow",246,1,9,7,54,34,81,21,2,455
Wicklow-Wexford,2ae19629-1edb-13a3-e055-000000000001,"Dunganstown East, Wicklow",390,2,11,17,68,49,186,25,8,756
Wicklow-Wexford,2ae19629-1edc-13a3-e055-000000000001,"Dunganstown South, Wicklow",420,9,19,19,94,62,106,42,2,773
Wicklow-Wexford,2ae19629-1eea-13a3-e055-000000000001,"Dunganstown West, Wicklow",246,3,6,6,39,29,60,9,4,402
Wicklow,2ae19629-1eeb-13a3-e055-000000000001,"Dunlavin, Wicklow",616,11,20,31,120,118,228,67,15,1226
Wicklow,2ae19629-1eec-13a3-e055-000000000001,"Eadestown, Wicklow",100,1,1,6,22,19,21,0,0,170
Wicklow-Wexford,2ae19629-1e31-13a3-e055-000000000001,"Ennereilly, Wicklow",221,1,4,8,37,28,59,17,2,377
Wicklow,2ae19629-1e32-13a3-e055-000000000001,"Enniskerry, Wicklow",1470,14,43,51,298,199,441,77,18,2611
Wicklow,2ae19629-1e3e-13a3-e055-000000000001,"Glendalough, Wicklow",148,2,8,1,27,18,47,3,1,255
Wicklow,2ae19629-1e3f-13a3-e055-000000000001,"Glenealy, Wicklow",1302,17,40,59,258,163,366,96,16,2317
Wicklow,2ae19629-1e47-13a3-e055-000000000001,"Greystones, Wicklow",3481,35,82,82,821,493,1465,158,38,6655
Wicklow,2ae19629-1e48-13a3-e055-000000000001,"Hartstown, Wicklow",143,1,2,1,22,16,26,4,2,217
Wicklow,2ae19629-1e49-13a3-e055-000000000001,"Hollywood, Wicklow",385,1,5,16,71,60,91,22,4,655
Wicklow,2ae19629-1e4a-13a3-e055-000000000001,"Humewood, Wicklow",167,0,4,5,24,31,42,10,2,285
Wicklow,2ae19629-1e53-13a3-e055-000000000001,"Imael North, Wicklow",134,0,1,1,18,12,31,2,1,200
Wicklow,2ae19629-1e54-13a3-e055-000000000001,"Imael South, Wicklow",139,1,2,2,10,19,40,7,1,221
Wicklow-Wexford,2ae19629-1e55-13a3-e055-000000000001,"Kilballyowen, Wicklow",154,3,5,3,27,31,54,11,2,290
Wicklow,2ae19629-1e5f-13a3-e055-000000000001,"Kilbride, Wicklow, 257046",506,5,18,15,83,66,166,21,5,885
Wicklow-Wexford,2ae19629-1e60-13a3-e055-000000000001,"Kilbride, Wicklow, 257047",318,8,11,38,55,56,200,45,43,774
Wicklow,2ae19629-1e61-13a3-e055-000000000001,"Kilcoole, Wicklow",5755,47,164,178,994,582,1063,252,44,9079
Wicklow-Wexford,2ae19629-1e6c-13a3-e055-000000000001,"Killinure, Wicklow",158,0,5,8,36,26,50,17,4,304
Wicklow,2ae19629-1e6d-13a3-e055-000000000001,"Killiskey, Wicklow",734,11,22,31,128,108,199,20,13,1266
Wicklow,2ae19629-1e78-13a3-e055-000000000001,"Kilmacanoge, Wicklow",6898,99,207,325,1444,822,1788,493,75,12151
Wicklow-Wexford,2ae19629-1e79-13a3-e055-000000000001,"Kilpipe, Wicklow",228,4,2,4,34,27,44,19,2,364
Wicklow,2ae19629-1e84-13a3-e055-000000000001,"Knockrath, Wicklow",123,0,4,7,24,10,32,4,0,204
Wicklow,2ae19629-1e85-13a3-e055-000000000001,"Lackan, Wicklow",403,3,9,12,61,58,100,16,1,663
Wicklow,2ae19629-1e90-13a3-e055-000000000001,"Lugglass, Wicklow",91,1,3,5,22,12,15,4,1,154
Wicklow-Wexford,2ae19629-1e91-13a3-e055-000000000001,"Money, Wicklow",67,0,3,4,7,14,27,4,2,128
Wicklow,2ae19629-1e92-13a3-e055-000000000001,"Moneystown, Wicklow",160,0,0,3,28,24,38,7,2,262
Wicklow,2ae19629-1e9a-13a3-e055-000000000001,"Newcastle Lower, Wicklow",1129,8,24,39,220,134,333,89,13,1989
Wicklow,2ae19629-1e9b-13a3-e055-000000000001,"Newcastle Upper, Wicklow",2236,22,49,101,356,257,509,117,28,3675
Wicklow,2ae19629-1e9c-13a3-e055-000000000001,"Oldtown, Wicklow",289,2,12,13,44,44,81,19,2,506
Wicklow-Wexford,2ae19629-1ea5-13a3-e055-000000000001,"Ovoca, Wicklow",305,12,14,23,52,50,127,30,6,619
Wicklow,2ae19629-1ea6-13a3-e055-000000000001,"Powerscourt, Wicklow",433,4,9,9,89,60,118,17,4,743
Wicklow-Wexford,2ae19629-1ea7-13a3-e055-000000000001,"Rath, Wicklow",138,1,4,4,21,14,29,15,2,228
Wicklow,2ae19629-1ea8-13a3-e055-000000000001,"Rathdangan, Wicklow",203,2,1,7,37,23,102,12,1,388
Wicklow-Wexford,2ae19629-1eb4-13a3-e055-000000000001,"Rathdrum, Wicklow",1383,28,51,73,224,188,377,132,15,2471
Wicklow,2ae19629-1eee-13a3-e055-000000000001,"Rathmichael (Bray), Wicklow",925,26,41,117,188,189,250,157,16,1909
Wicklow,2ae19629-1eb5-13a3-e055-000000000001,"Rathsallagh, Wicklow",122,1,2,0,25,27,37,11,1,226
Wicklow-Wexford,2ae19629-1eb6-13a3-e055-000000000001,"Shillelagh, Wicklow",269,3,8,17,50,50,71,26,5,499
Wicklow,2ae19629-1ec1-13a3-e055-000000000001,"Stratford, Wicklow",218,1,6,12,21,35,50,17,2,362
Wicklow,2ae19629-1ec2-13a3-e055-000000000001,"Talbotstown, Wicklow",208,2,6,5,27,37,50,15,2,352
Wicklow,2ae19629-1ec3-13a3-e055-000000000001,"The Grange, Wicklow",226,2,13,11,26,29,51,15,4,377
Wicklow-Wexford,2ae19629-1ec4-13a3-e055-000000000001,"Tinahely, Wicklow",670,8,19,40,133,119,220,68,10,1287
Wicklow,2ae19629-1ed2-13a3-e055-000000000001,"Tober, Wicklow",216,2,3,7,57,45,52,12,5,399
Wicklow,2ae19629-1ed3-13a3-e055-000000000001,"Togher, Wicklow, 257073",169,1,3,9,33,31,40,14,2,302
Wicklow,2ae19629-1ed4-13a3-e055-000000000001,"Togher, Wicklow, 257074",679,6,28,36,129,74,131,35,5,1123
Wicklow,2ae19629-1edd-13a3-e055-000000000001,"Trooperstown, Wicklow",172,2,3,2,35,27,38,4,1,284
Wicklow,2ae19629-1ede-13a3-e055-000000000001,"Tuckmill, Wicklow",137,2,3,5,33,18,29,7,0,234
Wicklow,2ae19629-1edf-13a3-e055-000000000001,"Wicklow Rural, Wicklow",4521,75,126,220,946,556,884,288,44,7660
Wicklow,2ae19629-1ee0-13a3-e055-000000000001,"Wicklow Urban, Wicklow",3033,78,151,234,552,397,1125,316,55,5941
Clare,2ae19629-1fb1-13a3-e055-000000000001,"Abbey, Clare",226,1,6,10,47,32,116,17,1,456
Clare,2ae19629-1fba-13a3-e055-000000000001,"Annagh, Clare",228,2,8,11,35,33,87,15,3,422
Clare,2ae19629-1fbb-13a3-e055-000000000001,"Ayle, Clare",162,2,7,10,31,18,51,14,1,296
Clare,2ae19629-1fbc-13a3-e055-000000000001,"Ballagh, Clare",99,1,1,2,10,8,34,4,1,160
Clare,2ae19629-1fc3-13a3-e055-000000000001,"Ballyblood, Clare",75,0,5,1,9,4,21,4,1,120
Clare,2ae19629-1fc4-13a3-e055-000000000001,"Ballycannan, Clare",442,20,20,32,97,61,111,64,16,863
Clare,2ae19629-1fc5-13a3-e055-000000000001,"Ballyea, Clare",334,3,9,13,59,43,122,25,2,610
Clare,dbab8c3d-d659-4fa5-ad92-f90a6bf64249,"Ballyeighter/Glenroe, Clare",95,0,0,4,22,14,34,6,0,175
Clare,2ae19629-1fd0-13a3-e055-000000000001,"Ballyglass, Clare",2664,29,72,94,627,278,889,217,21,4891
Clare,2ae19629-1fd1-13a3-e055-000000000001,"Ballynacally, Clare",98,1,2,4,22,15,43,8,2,195
Clare,2ae19629-1fd9-13a3-e055-000000000001,"Ballynahinch, Clare",119,1,2,5,21,10,45,4,0,207
Clare,2ae19629-1fda-13a3-e055-000000000001,"Ballysteen, Clare",188,2,4,6,24,22,72,16,5,339
Clare,2ae19629-1fdb-13a3-e055-000000000001,"Ballyvaskin, Clare",197,2,7,3,31,24,57,12,6,339
Clare,2ae19629-1fe3-13a3-e055-000000000001,"Boherglass, Clare",133,1,5,3,31,14,36,9,0,232
Clare,2ae19629-1fe4-13a3-e055-000000000001,"Boston, Clare",180,1,5,9,27,19,46,6,2,295
Clare,2ae19629-1fe5-13a3-e055-000000000001,"Caher, Clare",104,4,3,4,18,12,28,13,3,189
Clare,2ae19629-1fed-13a3-e055-000000000001,"Caherhurly, Clare",99,0,1,3,28,10,24,5,1,171
Clare,2ae19629-1fef-13a3-e055-000000000001,"Cahermurphy, Clare",103,0,1,6,15,12,35,6,1,179
Clare,d2d757ef-f2c3-4a10-b5f8-f976c6c78335,"Cahermurphy/Corlea, Clare",92,2,4,5,12,11,31,4,3,164
Clare,2ae19629-1ff7-13a3-e055-000000000001,"Cappaghabaun, Clare",104,1,7,3,18,6,29,7,1,176
Clare,2ae19629-1ff8-13a3-e055-000000000001,"Cappavilla, Clare",173,10,11,8,764,13,66,11,2,1058
Clare,2ae19629-1ff9-13a3-e055-000000000001,"Carran, Clare",43,0,3,1,47,7,19,2,2,124
Clare,2ae19629-2003-13a3-e055-000000000001,"Carrowbaun, Clare",71,2,3,1,18,8,15,1,4,123
Clare,2ae19629-2004-13a3-e055-000000000001,"Castlecrine, Clare",245,3,5,4,43,24,43,15,2,384
Clare,2ae19629-2005-13a3-e055-000000000001,"Castletown, Clare",29,0,1,0,10,9,6,1,0,56
Clare,2ae19629-2006-13a3-e055-000000000001,"Clareabbey, Clare",1569,23,36,75,287,169,471,133,19,2782
Clare,2ae19629-200e-13a3-e055-000000000001,"Clenagh, Clare",4864,79,169,232,926,561,1368,447,53,8699
Clare,2ae19629-200f-13a3-e055-000000000001,"Cloghaun, Clare",91,0,3,1,18,10,38,5,0,166
Clare,2ae19629-2018-13a3-e055-000000000001,"Cloghera, Clare",274,1,2,6,77,34,80,9,2,485
Clare,2ae19629-2019-13a3-e055-000000000001,"Clondagad, Clare",309,3,1,7,74,34,96,11,5,540
Clare,2ae19629-2021-13a3-e055-000000000001,"Cloonadrum, Clare",180,7,7,11,43,37,87,15,5,392
Clare,2ae19629-2022-13a3-e055-000000000001,"Cloonanaha, Clare",124,0,0,2,22,18,47,6,0,219
Clare,2ae19629-2029-13a3-e055-000000000001,"Clooncoorha, Clare",163,2,5,6,36,18,58,12,1,301
Clare,2ae19629-202a-13a3-e055-000000000001,"Clooney, Clare, 037034",111,2,4,2,23,19,40,4,0,205
Clare,2ae19629-2037-13a3-e055-000000000001,"Clooney, Clare, 037035",256,4,1,4,63,22,56,9,6,421
Clare,2ae19629-2038-13a3-e055-000000000001,"Cloontra, Clare",132,1,2,2,37,18,21,5,1,219
Clare,2ae19629-1f9d-13a3-e055-000000000001,"Cloonusker, Clare",124,1,2,7,39,17,42,11,2,245
Clare,2ae19629-1f9e-13a3-e055-000000000001,"Coolmeen, Clare",127,1,2,1,4,17,47,7,1,207
Clare,2ae19629-1f9f-13a3-e055-000000000001,"Coolreagh, Clare",91,0,4,5,21,8,37,14,0,180
Clare,2ae19629-1fa8-13a3-e055-000000000001,"Cooraclare, Clare",234,2,3,10,51,22,92,15,1,430
Clare,2ae19629-1fb2-13a3-e055-000000000001,"Corrofin, Clare",572,5,21,24,111,72,225,48,8,1086
Clare,2ae19629-1fb3-13a3-e055-000000000001,"Cratloe, Clare",650,8,12,12,129,78,264,22,2,1177
Clare,2ae19629-1fbd-13a3-e055-000000000001,"Creegh, Clare",199,1,2,5,44,24,73,14,4,366
Clare,2ae19629-1fbe-13a3-e055-000000000001,"Crusheen, Clare",525,4,14,12,80,53,86,21,4,799
Clare,2ae19629-1fc6-13a3-e055-000000000001,"Dangan, Clare",107,4,2,2,24,16,33,2,1,191
Clare,2ae19629-1fc7-13a3-e055-000000000001,"Derreen, Clare",57,1,0,2,6,7,27,3,1,104
Clare,2ae19629-1fc8-13a3-e055-000000000001,"Derrynagittagh, Clare",74,1,3,4,11,7,25,6,0,131
Clare,2ae19629-1fd2-13a3-e055-000000000001,"Doonbeg, Clare",350,6,15,15,48,45,142,21,10,652
Clare,2ae19629-1fd3-13a3-e055-000000000001,"Doora, Clare",1015,11,19,22,204,102,251,32,15,1671
Clare,2ae19629-1fdc-13a3-e055-000000000001,"Drumcreehy, Clare",236,4,7,7,58,17,97,10,3,439
Clare,2ae19629-1fdd-13a3-e055-000000000001,"Drumellihy, Clare",174,5,2,6,36,32,82,15,6,358
Clare,2ae19629-1fe6-13a3-e055-000000000001,"Drumline, Clare",372,3,6,12,148,36,168,14,4,763
Clare,2ae19629-1fe7-13a3-e055-000000000001,"Drummaan, Clare",267,5,9,12,44,35,107,26,1,506
Clare,2ae19629-1ff0-13a3-e055-000000000001,"Dysert, Clare",148,2,4,5,30,20,55,12,3,279
Clare,2ae19629-1ff1-13a3-e055-000000000001,"Einagh, Clare",137,2,2,3,31,20,58,12,4,269
Clare,2ae19629-2034-13a3-e055-000000000001,"Ennis No. 1 Urban, Clare",634,17,29,57,121,77,280,105,16,1336
Clare,2ae19629-1ffb-13a3-e055-000000000001,"Ennis No. 2 Urban, Clare",857,33,49,107,139,114,291,164,13,1767
Clare,2ae19629-2035-13a3-e055-000000000001,"Ennis No. 3 Urban, Clare",89,1,5,8,9,8,45,7,2,174
Clare,2ae19629-2036-13a3-e055-000000000001,"Ennis No. 4 Urban, Clare",663,7,24,54,78,69,342,78,15,1330
Clare,2ae19629-1ffa-13a3-e055-000000000001,"Ennis Rural, Clare",8682,139,280,391,1663,935,2337,674,133,15234
Clare,2ae19629-1ffc-13a3-e055-000000000001,"Ennistimon, Clare",1067,13,37,66,198,141,452,88,18,2080
Clare,2ae19629-2007-13a3-e055-000000000001,"Fahymore, Clare",170,1,2,1,34,20,49,19,1,297
Clare,2ae19629-2008-13a3-e055-000000000001,"Feakle, Clare",216,1,7,4,46,20,72,14,1,381
Clare,2ae19629-2010-13a3-e055-000000000001,"Formoyle, Clare",98,2,3,1,18,17,31,7,1,178
Clare,2ae19629-2011-13a3-e055-000000000001,"Furroor, Clare",121,2,2,5,22,18,50,6,1,227
Clare,2ae19629-201a-13a3-e055-000000000001,"Glendree, Clare",89,2,4,3,15,6,24,8,3,154
Clare,2ae19629-201b-13a3-e055-000000000001,"Gleninagh, Clare",69,1,0,4,12,8,28,2,0,124
Clare,2ae19629-2023-13a3-e055-000000000001,"Glenmore, Clare",158,0,5,8,26,26,58,16,5,302
Clare,474c0dcb-9782-425a-b173-468d6e8de86e,"Inishcaltra South/Inishcaltra North, Clare",153,5,5,9,31,18,73,11,3,308
Clare,2ae19629-202d-13a3-e055-000000000001,"Kilballyowen, Clare",111,1,3,5,20,14,42,13,2,211
Clare,2ae19629-202e-13a3-e055-000000000001,"Kilchreest, Clare",220,1,2,4,36,26,61,12,1,363
Clare,2ae19629-202f-13a3-e055-000000000001,"Kilcloher, Clare",348,0,3,11,95,37,94,12,3,603
Clare,2ae19629-2039-13a3-e055-000000000001,"Kilfearagh, Clare",130,1,6,16,27,26,80,19,5,310
Clare,2ae19629-203a-13a3-e055-000000000001,"Kilfenora, Clare",177,2,8,5,39,30,62,11,0,334
Clare,2ae19629-1fa0-13a3-e055-000000000001,"Kilfiddane, Clare",171,0,4,1,24,27,45,10,2,284
Clare,2ae19629-1fa1-13a3-e055-000000000001,"Kilkee, Clare",419,8,28,53,70,87,290,71,8,1034
Clare,2ae19629-1fa2-13a3-e055-000000000001,"Kilkishen, Clare",467,9,20,31,70,54,122,27,2,802
Clare,2ae19629-1faa-13a3-e055-000000000001,"Killadysert, Clare",449,5,5,16,78,55,133,39,3,783
Clare,2ae19629-1fab-13a3-e055-000000000001,"Killaloe, Clare",960,10,40,45,167,123,354,128,15,1842
Clare,2ae19629-1fac-13a3-e055-000000000001,"Killanena, Clare",112,1,1,4,23,18,49,10,2,220
Clare,2ae19629-1fb4-13a3-e055-000000000001,"Killanniv, Clare",375,4,6,11,85,36,117,25,4,663
Clare,2ae19629-1fb5-13a3-e055-000000000001,"Killard, Clare",110,3,8,7,23,25,64,9,0,249
Clare,2ae19629-1fb6-13a3-e055-000000000001,"Killaspuglonane, Clare",153,0,5,6,27,18,33,9,0,251
Clare,2ae19629-1fbf-13a3-e055-000000000001,"Killeely, Clare",380,4,9,11,82,42,152,27,27,734
Clare,2ae19629-1fc0-13a3-e055-000000000001,"Killilagh, Clare",403,4,12,11,47,51,117,16,5,666
Clare,2ae19629-1fc9-13a3-e055-000000000001,"Killimer, Clare",186,1,3,10,45,24,72,19,3,363
Clare,2ae19629-1fca-13a3-e055-000000000001,"Killinaboy, Clare",175,2,5,3,33,19,39,11,4,291
Clare,2ae19629-1fcb-13a3-e055-000000000001,"Killofin, Clare",129,1,3,8,18,21,66,6,4,256
Clare,2ae19629-1fcc-13a3-e055-000000000001,"Killokennedy, Clare",70,0,0,2,14,13,19,1,2,121
Clare,2ae19629-1fd4-13a3-e055-000000000001,"Killone, Clare",294,3,6,9,65,26,78,11,1,493
Clare,2ae19629-1fd5-13a3-e055-000000000001,"Killuran, Clare",211,2,11,6,32,24,53,10,3,352
Clare,2ae19629-1fde-13a3-e055-000000000001,"Kilmihil, Clare",288,13,10,18,45,47,103,32,2,558
Clare,2ae19629-1fdf-13a3-e055-000000000001,"Kilmurry, Clare, 037094",120,0,3,3,23,15,50,11,4,229
Clare,2ae19629-1fe8-13a3-e055-000000000001,"Kilmurry, Clare, 037095",358,3,10,21,56,45,139,39,9,680
Clare,2ae19629-1fe9-13a3-e055-000000000001,"Kilnamona, Clare",457,2,9,9,92,51,115,13,6,754
Clare,2ae19629-1ff2-13a3-e055-000000000001,"Kilraghtis, Clare",265,3,3,4,72,21,69,6,3,446
Clare,2ae19629-1ff3-13a3-e055-000000000001,"Kilrush Rural, Clare",330,3,5,17,59,33,118,34,2,601
Clare,2ae19629-1ff4-13a3-e055-000000000001,"Kilrush Urban, Clare",907,50,60,111,145,168,557,251,26,2275
Clare,2ae19629-1ffd-13a3-e055-000000000001,"Kilseily, Clare",387,4,9,12,87,39,86,20,4,648
Clare,2ae19629-1ffe-13a3-e055-000000000001,"Kilshanny, Clare",55,0,1,1,10,6,36,2,1,112
Clare,2ae19629-2009-13a3-e055-000000000001,"Kiltannon, Clare",101,2,2,4,25,7,21,6,0,168
Clare,2ae19629-200a-13a3-e055-000000000001,"Kiltenanlea, Clare",861,11,15,25,234,92,240,68,11,1557
Clare,2ae19629-200b-13a3-e055-000000000001,"Kiltoraght, Clare",83,2,4,6,13,7,32,1,3,151
Clare,2ae19629-2012-13a3-e055-000000000001,"Kinturk, Clare",128,0,4,7,17,16,63,7,1,243
Clare,2ae19629-2013-13a3-e055-000000000001,"Knock, Clare",92,1,5,4,18,19,44,12,1,196
Clare,2ae19629-201c-13a3-e055-000000000001,"Knocknaboley, Clare",118,2,3,6,29,26,48,12,3,247
Clare,2ae19629-201d-13a3-e055-000000000001,"Knocknagore, Clare",85,1,1,3,13,22,37,9,3,174
Clare,2ae19629-201e-13a3-e055-000000000001,"Kyle, Clare",161,1,1,3,33,17,36,10,1,263
Clare,2ae19629-2025-13a3-e055-000000000001,"Lackareagh, Clare",58,0,2,2,13,8,10,6,2,101
Clare,2ae19629-2026-13a3-e055-000000000001,"Liscannor, Clare",201,2,3,7,13,19,114,3,4,366
Clare,2ae19629-2030-13a3-e055-000000000001,"Liscasey, Clare",261,1,0,6,49,24,88,13,4,446
Clare,2ae19629-2031-13a3-e055-000000000001,"Lisdoonvarna, Clare",550,19,33,38,111,89,134,45,12,1031
Clare,2ae19629-203b-13a3-e055-000000000001,"Lisheen, Clare",311,3,3,4,66,20,86,18,1,512
Clare,2ae19629-203c-13a3-e055-000000000001,"Loughea, Clare",76,0,1,4,16,9,22,4,1,133
Clare,2ae19629-1fa3-13a3-e055-000000000001,"Lurraga, Clare",125,4,4,12,21,21,34,15,1,237
Clare,2ae19629-1fa4-13a3-e055-000000000001,"Magherareagh, Clare",155,1,4,3,27,15,44,8,1,258
Clare,2ae19629-1fad-13a3-e055-000000000001,"Milltown Malbay, Clare",774,8,28,46,107,92,337,77,7,1476
Clare,2ae19629-1fae-13a3-e055-000000000001,"Mount Elva, Clare",36,0,1,3,5,11,18,2,0,76
Clare,2ae19629-1fb7-13a3-e055-000000000001,"Mountievers, Clare",673,5,11,21,140,50,145,38,2,1085
Clare,2ae19629-1fb8-13a3-e055-000000000001,"Mountshannon, Clare",220,3,7,13,40,9,75,19,6,392
Clare,ee73a85e-7ac6-4aa6-82d2-09c321be7258,"Moveen/Tullig, Clare",89,4,2,3,15,10,27,2,0,152
Clare,2ae19629-1fc1-13a3-e055-000000000001,"Moy, Clare",327,2,16,10,69,39,150,20,4,637
Clare,2ae19629-1fc2-13a3-e055-000000000001,"Moyarta, Clare",86,4,5,8,19,16,52,10,0,200
Clare,2ae19629-1fcd-13a3-e055-000000000001,"Muckanagh, Clare",181,0,1,7,34,13,42,9,1,288
Clare,2ae19629-1fce-13a3-e055-000000000001,"Mullagh, Clare",79,1,6,4,12,12,49,7,0,170
Clare,2ae19629-1fd6-13a3-e055-000000000001,"Newgrove, Clare",131,0,4,2,27,12,42,6,1,225
Clare,2ae19629-1fd7-13a3-e055-000000000001,"Newmarket, Clare",1000,24,25,41,122,110,291,78,12,1703
Clare,2ae19629-1fd8-13a3-e055-000000000001,"Noughaval, Clare",47,2,0,0,14,6,17,4,0,90
Clare,2ae19629-1fe0-13a3-e055-000000000001,"O'briensbridge, Clare",298,4,8,10,62,28,104,12,8,534
Clare,2ae19629-1fe1-13a3-e055-000000000001,"Ogonnelloe, Clare",337,3,5,14,93,37,105,12,8,614
Clare,2ae19629-1fe2-13a3-e055-000000000001,"Oughtmama, Clare",68,0,1,1,6,10,33,4,0,123
Clare,2ae19629-1fea-13a3-e055-000000000001,"Querrin, Clare",94,2,3,5,13,13,37,7,0,174
Clare,2ae19629-1feb-13a3-e055-000000000001,"Quin, Clare",745,7,16,19,162,45,134,30,5,1163
Clare,2ae19629-1fec-13a3-e055-000000000001,"Rahona, Clare",118,2,11,11,30,29,62,15,2,280
Clare,2ae19629-1ff5-13a3-e055-000000000001,"Rath, Clare",124,1,1,4,24,14,44,5,2,219
Clare,2ae19629-1ff6-13a3-e055-000000000001,"Rathborney, Clare",62,2,1,0,6,1,21,0,2,95
Clare,2ae19629-1fff-13a3-e055-000000000001,"Rathclooney, Clare",74,0,2,2,10,9,15,5,3,120
Clare,2ae19629-2000-13a3-e055-000000000001,"Rinealon, Clare",86,1,2,1,19,15,28,9,0,161
Clare,2ae19629-2001-13a3-e055-000000000001,"Rossroe, Clare",338,3,3,9,107,37,77,15,3,592
Clare,2ae19629-2002-13a3-e055-000000000001,"Ruan, Clare",334,2,10,6,67,52,106,24,4,605
Clare,2ae19629-200c-13a3-e055-000000000001,"Scarriff, Clare",628,5,25,29,132,65,261,53,5,1203
Clare,2ae19629-200d-13a3-e055-000000000001,"Sixmilebridge, Clare",1257,15,39,67,267,150,262,104,11,2172
Clare,2ae19629-2014-13a3-e055-000000000001,"Smithstown, Clare",65,1,3,4,10,16,21,7,2,129
Clare,2ae19629-2015-13a3-e055-000000000001,"Spancelhill, Clare",329,2,5,10,77,46,109,10,1,589
Clare,2ae19629-2016-13a3-e055-000000000001,"St. Martin's, Clare",49,1,2,1,5,8,12,4,0,82
Clare,2ae19629-2017-13a3-e055-000000000001,"Templemaley, Clare",571,3,7,16,145,71,175,24,4,1016
Clare,2ae19629-201f-13a3-e055-000000000001,"Toberbreeda, Clare",95,0,1,2,20,9,11,2,0,140
Clare,2ae19629-2020-13a3-e055-000000000001,"Tomfinlough, Clare",303,3,8,7,83,44,88,12,3,551
Clare,2ae19629-2027-13a3-e055-000000000001,"Tulla, Clare",513,5,11,20,101,49,163,26,3,891
Clare,2ae19629-2032-13a3-e055-000000000001,"Tullycreen, Clare",67,2,0,0,7,7,32,2,0,117
Clare,2ae19629-2033-13a3-e055-000000000001,"Urlan, Clare",462,6,13,10,66,46,239,21,4,867
Cork North-Central,2ae19749-1f5b-13a3-e055-300000000001,"Ballincollig, Cork City",9024,87,182,246,1570,945,2313,602,79,15048
Cork South-Central,2ae19629-214b-13a3-e055-000000000001,"Ballinlough A, Cork City",404,3,11,20,72,40,152,25,3,730
Cork South-Central,2ae19629-214c-13a3-e055-000000000001,"Ballinlough B, Cork City",816,4,11,12,160,102,355,37,8,1505
Cork South-Central,2ae19629-214d-13a3-e055-000000000001,"Ballinlough C, Cork City",797,12,12,16,128,86,305,63,2,1421
Cork South-Central,316a25a0-f7b6-4d01-b188-5efd7bd804c5,"Ballygarvan/Lehenagh, Cork City",1949,19,61,62,366,233,337,165,26,3218
Cork South-Central,2ae19629-214e-13a3-e055-000000000001,"Ballyphehane A, Cork City",282,5,10,18,49,44,121,41,2,572
Cork South-Central,2ae19629-2157-13a3-e055-000000000001,"Ballyphehane B, Cork City",340,3,9,27,61,70,137,67,6,720
Cork South-Central,2ae19629-2158-13a3-e055-000000000001,"Bishopstown A, Cork City",680,16,33,31,945,61,217,71,18,2072
Cork South-Central,2ae19629-2159-13a3-e055-000000000001,"Bishopstown B, Cork City",711,16,18,35,533,92,350,59,8,1822
Cork South-Central,2ae19629-215a-13a3-e055-000000000001,"Bishopstown C, Cork City",1901,18,39,64,559,289,1288,123,21,4302
Cork South-Central,2ae19629-215c-13a3-e055-000000000001,"Bishopstown D, Cork City",584,5,16,19,158,86,411,28,5,1312
Cork South-Central,2ae19629-215b-13a3-e055-000000000001,"Bishopstown E, Cork City",1532,24,28,36,289,187,535,123,22,2776
Cork South-Central,2ae19629-1efc-13a3-e055-000000000001,"Bishopstown, Cork City",145,3,4,5,37,17,98,47,2,358
Cork North-Central,2ae19629-215d-13a3-e055-000000000001,"Blackpool A, Cork City",316,14,18,24,62,39,99,77,2,651
Cork North-Central,2ae19629-215e-13a3-e055-000000000001,"Blackpool B, Cork City",1301,32,57,68,191,90,232,124,9,2104
Cork North-Central,2ae19789-1f5b-13a3-e055-700000000001,"Blarney, Cork City",2430,20,50,74,421,260,682,184,22,4143
Cork South-Central,2ae19629-215f-13a3-e055-000000000001,"Browningstown, Cork City",446,4,9,10,97,60,218,17,4,865
Cork North-Central,2ae19629-1f5b-13a3-e055-200000000001,"Caherlag, Cork City",2190,19,36,74,485,203,255,117,10,3389
Cork South-Central,591bceee-1721-4c8d-865f-1e0bd869b6ad,"Carrigaline/Monkstown Rural/Douglas, Cork City",10838,112,208,264,2073,1167,2533,549,70,17814
Cork North-Central,2ae19849-1f5b-13a3-e055-140000000001,"Carrigrohanebeg, Cork City",409,1,4,7,84,57,211,34,3,810
Cork South-Central,2ae19629-2160-13a3-e055-000000000001,"Centre A, Cork City",707,11,29,37,97,40,80,27,27,1055
Cork South-Central,2ae19629-2161-13a3-e055-000000000001,"Centre B, Cork City",1372,26,57,80,203,100,232,121,18,2209
Cork North-Central,2ae19629-2162-13a3-e055-000000000001,"Churchfield, Cork City",611,16,25,50,107,78,252,171,14,1324
Cork South-Central,2ae19629-2163-13a3-e055-000000000001,"City Hall A, Cork City",791,6,24,26,75,25,99,58,6,1110
Cork South-Central,2ae19629-2164-13a3-e055-000000000001,"City Hall B, Cork City",746,4,18,23,81,51,139,40,11,1113
Cork North-Central,2ae19629-2165-13a3-e055-000000000001,"Commons, Cork City",483,7,28,35,89,74,121,62,5,904
Cork South-Central,7c85cece-22eb-4ebb-8d1f-9c0f734eaea8,"Douglas/Lehenagh, Cork City",3824,59,93,81,846,394,719,209,21,6246
Cork South-Central,2ae19629-2166-13a3-e055-000000000001,"Evergreen, Cork City",843,14,36,37,102,49,154,69,5,1309
Cork North-Central,2ae19629-2167-13a3-e055-000000000001,"Fair Hill A, Cork City",286,7,13,34,57,37,110,64,4,612
Cork North-Central,2ae19629-2172-13a3-e055-000000000001,"Fair Hill B, Cork City",259,0,6,34,38,55,186,84,5,667
Cork North-Central,2ae19629-2173-13a3-e055-000000000001,"Fair Hill C, Cork City",1348,27,55,136,236,260,521,346,27,2956
Cork North-Central,2ae19629-2174-13a3-e055-000000000001,"Farranferris A, Cork City",857,37,52,75,151,113,235,173,24,1717
Cork North-Central,2ae19629-2175-13a3-e055-000000000001,"Farranferris B, Cork City",333,6,12,42,60,53,126,88,8,728
Cork North-Central,2ae19629-2176-13a3-e055-000000000001,"Farranferris C, Cork City",258,5,20,29,50,82,123,65,7,639
Cork South-Central,2ae19629-2178-13a3-e055-000000000001,"Gillabbey A, Cork City",1087,19,46,44,882,68,158,80,7,2391
Cork South-Central,2ae19629-2179-13a3-e055-000000000001,"Gillabbey B, Cork City",423,3,18,13,435,19,155,45,5,1116
Cork South-Central,2ae19629-217a-13a3-e055-000000000001,"Gillabbey C, Cork City",607,21,25,9,1056,55,205,24,8,2010
Cork South-Central,2ae19629-217b-13a3-e055-000000000001,"Glasheen A, Cork City",383,5,7,7,136,26,109,16,2,691
Cork South-Central,2ae19629-217c-13a3-e055-000000000001,"Glasheen B, Cork City",344,4,7,6,302,15,79,14,2,773
Cork South-Central,2ae19629-217d-13a3-e055-000000000001,"Glasheen C, Cork City",1116,18,29,66,294,184,540,146,16,2409
Cork South-Central,2ae19629-217e-13a3-e055-000000000001,"Greenmount, Cork City",1057,21,41,42,210,92,244,131,26,1864
Cork North-Central,2ae19629-217f-13a3-e055-000000000001,"Gurranebraher A, Cork City",277,0,12,15,53,48,119,76,6,606
Cork North-Central,2ae19629-2180-13a3-e055-000000000001,"Gurranebraher B, Cork City",255,5,15,28,44,48,130,41,2,568
Cork North-Central,2ae19629-2181-13a3-e055-000000000001,"Gurranebraher C, Cork City",503,5,28,45,68,54,155,125,5,988
Cork North-Central,2ae19629-2177-13a3-e055-000000000001,"Gurranebraher D, Cork City",380,9,11,23,72,63,155,64,4,781
Cork North-Central,2ae19629-2182-13a3-e055-000000000001,"Gurranebraher E, Cork City",419,9,26,43,75,62,204,102,6,946
Cork South-Central,2ae19809-1f5b-13a3-e055-900000000001,"Inishkenny, Cork City",2550,34,53,87,423,236,398,148,31,3960
Cork North-Central,2ae19629-2183-13a3-e055-000000000001,"Knocknaheeny, Cork City",1458,51,81,172,357,221,479,441,23,3283
Cork South-Central,2ae19629-2184-13a3-e055-000000000001,"Knockrea A, Cork City",763,6,23,24,138,83,191,51,16,1295
Cork South-Central,2ae19629-218c-13a3-e055-000000000001,"Knockrea B, Cork City",571,7,18,15,131,47,156,31,3,979
Cork South-Central,2ae19629-218d-13a3-e055-000000000001,"Mahon A, Cork City",2403,30,78,126,472,282,728,335,37,4491
Cork South-Central,2ae19629-218e-13a3-e055-000000000001,"Mahon B, Cork City",2277,48,68,146,441,332,480,338,32,4162
Cork South-Central,2ae19629-218f-13a3-e055-000000000001,"Mahon C, Cork City",1457,10,25,38,286,169,721,75,17,2798
Cork South-Central,2ae19629-2190-13a3-e055-000000000001,"Mardyke, Cork City",494,20,33,25,271,35,49,43,7,977
Cork North-Central,2ae19769-1f5b-13a3-e055-500000000001,"Matehy, Cork City",810,9,17,20,208,83,270,44,3,1464
Cork North-Central,2ae19629-2191-13a3-e055-000000000001,"Mayfield, Cork City",904,47,55,130,225,231,403,309,21,2325
Cork North-Central,2ae19629-2192-13a3-e055-000000000001,"Montenotte A, Cork City",847,9,22,27,119,76,319,65,7,1491
Cork North-Central,2ae19629-2193-13a3-e055-000000000001,"Montenotte B, Cork City",933,12,29,46,174,146,598,153,18,2109
Cork North-West,2ae19819-1f5b-13a3-e055-110000000001,"Ovens, Cork City",928,1,17,9,144,62,60,22,5,1248
Cork South-Central,2ae19629-2194-13a3-e055-000000000001,"Pouladuff A, Cork City",344,4,2,18,45,54,146,46,4,663
Cork South-Central,2ae19629-2195-13a3-e055-000000000001,"Pouladuff B, Cork City",723,9,19,46,101,102,238,164,11,1413
Cork North-Central,2ae19779-1f5b-13a3-e055-600000000001,"Rathcooney, Cork City",4021,48,92,135,786,490,940,317,32,6861
Cork North-Central,2ae19629-1f5b-13a3-e055-100000000001,"Riverstown, Cork City",1903,20,33,50,461,178,302,161,13,3121
Cork North-Central,2ae19629-2196-13a3-e055-000000000001,"Shanakiel, Cork City",1750,29,58,107,335,198,408,215,29,3129
Cork North-Central,2ae19629-2197-13a3-e055-000000000001,"Shandon A, Cork City",1276,26,50,69,114,78,166,121,14,1914
Cork North-Central,2ae19629-2198-13a3-e055-000000000001,"Shandon B, Cork City",814,27,53,39,127,70,97,67,15,1309
Cork South-Central,2ae19629-2199-13a3-e055-000000000001,"South Gate A, Cork City",1534,31,64,66,421,82,100,85,14,2397
Cork South-Central,2ae19629-219a-13a3-e055-000000000001,"South Gate B, Cork City",618,10,19,37,140,38,78,54,2,996
Cork North-Central,6b896afd-b53d-4ebc-bd6e-0154e333b3af,"St. Mary's (East), Cork City",1081,7,29,41,269,136,139,125,10,1837
Cork North-Central,2ae19629-21cb-13a3-e055-000000000001,"St. Mary's (West), Cork City",1668,36,41,81,372,248,363,250,20,3079
Cork North-Central,2ae19629-21a6-13a3-e055-000000000001,"St. Patrick's A, Cork City",1243,16,48,52,149,57,116,64,10,1755
Cork North-Central,2ae19629-21a7-13a3-e055-000000000001,"St. Patrick's B, Cork City",838,43,54,33,158,35,93,42,13,1309
Cork North-Central,2ae19629-21a8-13a3-e055-000000000001,"St. Patrick's C, Cork City",487,11,17,22,63,28,122,34,9,793
Cork North-Central,2ae19629-21a9-13a3-e055-000000000001,"Sunday's Well A, Cork City",375,6,5,11,61,35,115,26,21,655
Cork North-Central,2ae19629-21aa-13a3-e055-000000000001,"Sunday's Well B, Cork City",566,17,24,24,135,35,78,41,6,926
Cork North-Central,2ae19629-21ab-13a3-e055-000000000001,"The Glen A, Cork City",968,39,65,96,236,142,292,230,25,2093
Cork North-Central,2ae19629-21ac-13a3-e055-000000000001,"The Glen B, Cork City",1458,29,44,88,299,245,738,215,9,3125
Cork South-Central,2ae19629-21ad-13a3-e055-000000000001,"The Lough, Cork City",766,5,26,35,287,79,209,77,10,1494
Cork North-Central,2ae19629-21ae-13a3-e055-000000000001,"Tivoli A, Cork City",923,18,39,38,149,69,192,104,8,1540
Cork North-Central,2ae19629-21af-13a3-e055-000000000001,"Tivoli B, Cork City",1207,11,32,39,185,164,464,129,17,2248
Cork South-Central,2ae19629-21b0-13a3-e055-000000000001,"Togher A, Cork City",896,21,40,63,177,179,337,191,16,1920
Cork South-Central,2ae19629-21b1-13a3-e055-000000000001,"Togher B, Cork City",303,3,10,20,26,42,124,67,6,601
Cork South-Central,2ae19629-21b2-13a3-e055-000000000001,"Tramore A, Cork City",337,3,8,12,55,34,145,58,12,664
Cork South-Central,2ae19629-21b3-13a3-e055-000000000001,"Tramore B, Cork City",449,1,5,8,92,58,218,22,5,858
Cork South-Central,2ae19629-21b4-13a3-e055-000000000001,"Tramore C, Cork City",1425,19,42,63,230,156,414,153,16,2518
Cork South-Central,2ae19629-21b5-13a3-e055-000000000001,"Turner's Cross A, Cork City",440,4,14,11,59,27,133,25,4,717
Cork South-Central,2ae19629-21b6-13a3-e055-000000000001,"Turner's Cross B, Cork City",624,8,8,22,84,60,216,68,3,1093
Cork South-Central,2ae19629-21b7-13a3-e055-000000000001,"Turner's Cross C, Cork City",344,5,9,20,50,42,116,49,3,638
Cork South-Central,2ae19629-21c0-13a3-e055-000000000001,"Turner's Cross D, Cork City",228,3,7,8,39,30,93,23,2,433
Cork North-Central,2ae19759-1f5b-13a3-e055-400000000001,"Whitechurch, Cork City",581,2,5,14,86,75,84,40,7,894
Cork South-West,2ae19629-203d-13a3-e055-000000000001,"Abbeymahon, Cork County",349,1,6,1,69,52,96,16,3,593
Cork South-West,2ae19629-203e-13a3-e055-000000000001,"Adrigole, Cork County",196,1,4,7,41,25,122,26,6,428
Cork South-West,2ae19629-203f-13a3-e055-000000000001,"Aghadown North, Cork County",138,0,2,4,32,22,49,12,3,262
Cork South-West,2ae19629-2040-13a3-e055-000000000001,"Aghadown South, Cork County",278,2,8,5,44,44,113,26,1,521
Cork East,2ae19629-2041-13a3-e055-000000000001,"Aghern, Cork County",120,0,1,7,22,15,25,4,1,195
Cork North-West,2ae19629-1f9a-13a3-e055-000000000001,"Aghinagh, Cork County",245,1,1,2,51,24,63,10,3,400
Cork North-West,2ae19629-1f9b-13a3-e055-000000000001,"Aglish, Cork County",679,6,14,13,160,83,212,22,8,1197
Cork South-West,2ae19629-1f9c-13a3-e055-000000000001,"Ahil, Cork County",107,1,6,3,24,21,39,8,3,212
Cork North-West,2ae19629-1fa5-13a3-e055-000000000001,"Allow, Cork County",253,1,4,5,34,29,67,20,0,413
Cork East,2ae19629-1fa6-13a3-e055-000000000001,"Ardagh, Cork County",343,0,4,8,52,55,78,24,4,568
Cork South-West,2ae19629-1fa7-13a3-e055-000000000001,"Ardfield, Cork County",389,0,8,5,69,36,134,9,4,654
Cork North-West,2ae19629-1f0b-13a3-e055-000000000001,"Ardskeagh, Cork County",211,1,4,5,42,29,72,14,5,383
Cork South-West,2ae19629-1f0c-13a3-e055-000000000001,"Argideen, Cork County",190,2,2,6,38,22,46,5,1,312
Cork North-West,2ae19629-1f0d-13a3-e055-000000000001,"Aultagh, Cork County",169,1,5,4,37,23,42,9,3,293
Cork South-West,2ae19629-1f17-13a3-e055-000000000001,"Ballinadee, Cork County",285,1,5,4,55,33,56,10,0,449
Cork North-Central,2ae19629-1f18-13a3-e055-000000000001,"Ballincollig, Cork County",641,1,5,5,168,63,196,22,11,1112
Cork South-West,2ae19629-1f19-13a3-e055-000000000001,"Ballingurteen, Cork County",327,2,3,8,74,48,96,18,7,583
Cork South-West,2ae19629-1f21-13a3-e055-000000000001,"Ballinspittle, Cork County",316,1,3,8,68,46,85,14,3,544
Cork East,2ae19629-1f22-13a3-e055-000000000001,"Ballintemple, Cork County",260,1,3,2,39,47,128,18,2,500
Cork East,2ae19629-1f23-13a3-e055-000000000001,"Ballyarthur, Cork County",138,0,4,4,32,18,44,5,2,247
Cork South-West,2ae19629-1f2b-13a3-e055-000000000001,"Ballybane, Cork County",130,0,3,4,20,21,60,15,4,257
Cork North-West,2ae19629-1f2c-13a3-e055-000000000001,"Ballyclogh, Cork County",364,2,2,5,82,44,93,28,2,622
Cork East,2ae19629-1f2d-13a3-e055-000000000001,"Ballycottin, Cork County",945,9,18,26,136,113,288,58,12,1605
Cork South-West,2ae19629-1f36-13a3-e055-000000000001,"Ballydehob, Cork County",390,8,15,13,58,60,197,41,8,790
Cork South-West,2ae19629-1f37-13a3-e055-000000000001,"Ballyfeard, Cork County",196,1,2,1,42,24,44,6,2,318
Cork South-West,2ae19629-1f38-13a3-e055-000000000001,"Ballyfoyle, Cork County",180,0,5,6,34,24,37,6,3,295
Cork South-Central,2ae19629-1f39-13a3-e055-000000000001,"Ballygarvan, Cork County",828,7,11,22,196,112,266,44,9,1495
Cork North-West,2ae19629-1f43-13a3-e055-000000000001,"Ballygroman, Cork County",868,3,13,12,146,77,163,31,5,1318
Cork North-West,2ae19629-1f44-13a3-e055-000000000001,"Ballyhoolahan, Cork County",134,2,4,3,25,18,46,3,1,236
Cork East,2ae19629-1f45-13a3-e055-000000000001,"Ballyhooly, Cork County",448,2,4,8,86,73,97,32,3,753
Cork South-West,2ae19629-1f46-13a3-e055-000000000001,"Ballymackean, Cork County",165,1,4,4,17,37,57,9,0,294
Cork South-West,2ae19629-1f4f-13a3-e055-000000000001,"Ballymartle, Cork County",690,3,5,10,155,78,109,27,6,1083
Cork South-West,2ae19629-1f50-13a3-e055-000000000001,"Ballymodan, Cork County",1983,32,60,96,461,289,567,206,34,3728
Cork South-West,2ae19629-1f57-13a3-e055-000000000001,"Ballymoney, Cork County",407,3,5,19,75,52,121,33,4,719
Cork North-West,2ae19629-1f58-13a3-e055-000000000001,"Ballymurphy, Cork County",479,2,7,4,115,52,84,40,2,785
Cork North-Central,2ae19629-1f59-13a3-e055-000000000001,"Ballynaglogh, Cork County",207,1,3,4,48,22,39,16,2,342
Cork North-Central,2ae19629-1f66-13a3-e055-000000000001,"Ballynamona, Cork County",465,2,9,8,113,61,118,20,8,804
Cork East,2ae19629-1f67-13a3-e055-000000000001,"Ballynoe, Cork County",344,4,12,15,73,49,71,21,4,593
Cork East,2ae19629-1f71-13a3-e055-000000000001,"Ballyspillane, Cork County",156,2,4,9,39,18,42,10,1,281
Cork South-West,2ae19629-214a-13a3-e055-000000000001,"Bandon, Cork County",1070,38,39,67,101,140,275,132,19,1881
Cork North-West,2ae19629-1f72-13a3-e055-000000000001,"Banteer, Cork County",320,3,13,13,43,52,114,46,3,607
Cork South-West,2ae19629-1f74-13a3-e055-000000000001,"Bantry Urban, Cork County",1362,21,44,80,191,184,624,187,46,2739
Cork North-West,2ae19629-1f80-13a3-e055-000000000001,"Barleyhill, Cork County",239,1,6,6,54,36,82,32,2,458
Cork North-West,2ae19629-1f81-13a3-e055-000000000001,"Barnacurra, Cork County",112,2,0,2,23,14,27,7,0,187
Cork South-West,2ae19629-1f89-13a3-e055-000000000001,"Baurleigh, Cork County",185,0,2,4,52,18,34,7,0,302
Cork North-West,2ae19629-1f8a-13a3-e055-000000000001,"Bawncross, Cork County",168,0,7,3,36,12,61,15,1,303
Cork North-West,2ae19629-1f92-13a3-e055-000000000001,"Béal Átha an Ghaorthaidh (Dún Mánmhaí), Corcaigh",108,2,0,3,18,8,27,3,0,169
Cork North-West,2ae19629-1f93-13a3-e055-000000000001,"Béal Átha an Ghaorthaidh (Maigh Chromtha), Corcaigh",253,3,5,12,34,39,75,22,6,449
Cork North-West,2ae19629-1ef9-13a3-e055-000000000001,"Bealock, Cork County",123,2,2,3,24,22,41,9,3,229
Cork South-West,2ae19629-1efa-13a3-e055-000000000001,"Bear, Cork County",83,2,3,0,20,13,57,6,1,185
Cork North-West,2ae19629-1efb-13a3-e055-000000000001,"Bengour, Cork County",151,0,4,1,28,19,42,7,0,252
Cork North-Central,2ae19629-1f05-13a3-e055-000000000001,"Blackpool, Cork County",509,3,12,10,137,59,116,22,5,873
Cork North-Central,2ae19629-1f06-13a3-e055-000000000001,"Blarney, Cork County",320,0,9,8,79,47,78,18,0,559
Cork North-West,2ae19629-1f0e-13a3-e055-000000000001,"Boherboy, Cork County",348,3,6,5,40,60,105,30,2,599
Cork South-West,2ae19629-1f0f-13a3-e055-000000000001,"Boulteen, Cork County",316,0,12,3,82,51,64,18,2,548
Cork South-West,2ae19629-1f10-13a3-e055-000000000001,"Bredagh, Cork County",300,7,8,17,51,46,86,28,5,548
Cork North-West,2ae19629-1f1a-13a3-e055-000000000001,"Brinny, Cork County",309,4,2,4,70,37,90,16,2,534
Cork South-West,2ae19629-1f1b-13a3-e055-000000000001,"Butlerstown, Cork County",210,6,1,3,38,32,65,8,2,365
Cork North-West,2ae19629-1f1c-13a3-e055-000000000001,"Buttevant, Cork County",848,32,27,45,156,110,261,92,12,1583
Cork South-West,2ae19629-1f24-13a3-e055-000000000001,"Caheragh, Cork County",133,0,3,3,27,24,45,12,1,248
Cork North-West,2ae19629-1f25-13a3-e055-000000000001,"Caherbarnagh, Cork County",277,1,4,4,35,33,77,14,1,446
Cork North-West,2ae19629-1f2e-13a3-e055-000000000001,"Caherduggan, Cork County",311,2,5,5,43,27,86,12,0,491
Cork North-Central,2ae19629-1f2f-13a3-e055-000000000001,"Caherlag, Cork County",1625,6,32,35,314,231,552,101,11,2907
Cork South-West,2ae19629-1f30-13a3-e055-000000000001,"Cahermore, Cork County",167,4,4,6,30,33,63,17,7,331
Cork North-West,2ae19629-1f3a-13a3-e055-000000000001,"Ceann Droma, Corcaigh",152,0,3,2,30,27,40,10,0,264
Cork North-West,2ae19629-1f3b-13a3-e055-000000000001,"Cannaway, Cork County",311,3,7,7,70,45,76,11,2,532
Cork South-West,2ae19629-1f3c-13a3-e055-000000000001,"Cléire, Corcaigh",151,1,5,4,15,22,63,7,3,271
Cork East,2ae19629-1f3d-13a3-e055-000000000001,"Carrig, Cork County, 047069",92,2,0,3,17,21,38,4,2,179
Cork North-Central,2ae19629-1f47-13a3-e055-000000000001,"Carrig, Cork County, 047070",75,0,1,1,18,7,17,7,0,126
Cork South-Central,2ae19629-1f48-13a3-e055-000000000001,"Carrigaline, Cork County, 047071",1436,8,32,48,207,168,315,95,16,2325
Cork South-Central,2ae19629-1f49-13a3-e055-000000000001,"Carrigaline, Cork County, 047072",6232,69,122,161,1304,727,1221,396,48,10280
Cork South-West,2ae19629-1f51-13a3-e055-000000000001,"Carrigbaun, Cork County",154,0,2,2,26,27,74,11,3,299
Cork North-West,2ae19629-1f52-13a3-e055-000000000001,"Carrigboy, Cork County",235,1,6,12,72,34,50,19,2,431
Cork North-Central,2ae19629-1f5a-13a3-e055-000000000001,"Carrignavar, Cork County",601,2,10,17,127,77,166,37,0,1037
Cork North-Central,2ae19629-1f5b-13a3-e055-000000000001,"Carrigrohanebeg, Cork County",288,4,2,3,54,34,106,16,1,508
Cork East,2ae19629-1f68-13a3-e055-000000000001,"Carrigtohill, Cork County",3798,33,78,93,644,427,615,219,39,5946
Cork South-West,2ae19629-1f69-13a3-e055-000000000001,"Cashel, Cork County",210,0,4,5,53,24,44,12,1,353
Cork East,2ae19629-1f6a-13a3-e055-000000000001,"Castle Hyde, Cork County",368,2,5,7,82,42,170,32,2,710
Cork East,2ae19629-1f75-13a3-e055-000000000001,"Castlecooke, Cork County",104,0,1,4,13,17,19,8,0,166
Cork North-West,2ae19629-1f76-13a3-e055-000000000001,"Castlecor, Cork County",208,3,3,6,33,28,53,19,2,355
Cork South-West,2ae19629-1f77-13a3-e055-000000000001,"Castlehaven North, Cork County",360,2,9,6,67,51,147,21,5,668
Cork South-West,2ae19629-1f78-13a3-e055-000000000001,"Castlehaven South, Cork County",215,3,6,3,53,37,96,11,7,431
Cork East,2ae19629-1f79-13a3-e055-000000000001,"Castlelyons, Cork County",556,6,17,8,92,85,133,35,1,933
Cork North-West,2ae19629-1f82-13a3-e055-000000000001,"Castlemagner, Cork County",332,1,8,5,46,46,59,30,0,527
Cork East,2ae19629-1f83-13a3-e055-000000000001,"Castlemartyr, Cork County",497,3,8,12,115,67,139,28,5,874
Cork North-West,2ae19629-1f8b-13a3-e055-000000000001,"Castletown, Cork County",242,3,4,6,36,23,55,15,3,387
Cork East,2ae19629-1f84-13a3-e055-000000000001,"Castletownroche, Cork County",378,3,9,19,61,57,161,42,12,742
Cork South-West,2ae19629-1f8c-13a3-e055-000000000001,"Castleventry, Cork County",158,0,2,2,22,14,23,7,0,228
Cork North-West,2ae19629-1f94-13a3-e055-000000000001,"Churchtown, Cork County",539,9,10,18,102,70,165,56,30,999
Cork North-West,2ae19629-1f95-13a3-e055-000000000001,"Claonráth, Corcaigh",109,0,3,2,16,9,27,2,1,169
Cork East,2ae19629-1ef3-13a3-e055-000000000001,"Clenor, Cork County",172,5,0,6,28,29,40,7,3,290
Cork South-West,2ae19629-1ef4-13a3-e055-000000000001,"Cloghdonnell, Cork County",186,1,4,5,27,24,57,13,3,320
Cork South-West,2ae19629-1f11-13a3-e055-000000000001,"Clonakilty Rural, Cork County",1017,9,17,27,164,117,294,45,13,1703
Cork South-West,2ae19629-1f12-13a3-e055-000000000001,"Clonakilty Urban, Cork County",1992,30,58,84,346,220,652,251,21,3654
Cork North-West,2ae19629-1f13-13a3-e055-000000000001,"Clondrohid, Cork County",433,8,5,15,67,55,129,22,2,736
Cork North-West,2ae19629-1f1d-13a3-e055-000000000001,"Clonfert East, Cork County",144,0,1,8,25,29,66,15,2,290
Cork North-West,2ae19629-1f1e-13a3-e055-000000000001,"Clonfert West, Cork County",60,0,4,3,9,5,38,8,3,130
Cork North-West,2ae19629-1f26-13a3-e055-000000000001,"Clonmeen, Cork County",144,1,2,1,17,16,41,4,1,227
Cork North-West,2ae19629-1f27-13a3-e055-000000000001,"Clonmoyle, Cork County",267,1,4,5,50,39,72,14,2,454
Cork East,2ae19629-1f28-13a3-e055-000000000001,"Clonmult, Cork County",103,0,1,0,14,14,22,6,0,160
Cork East,2ae19629-1f31-13a3-e055-000000000001,"Clonpriest, Cork County",540,5,11,14,97,57,190,59,7,980
Cork South-West,2ae19629-1f32-13a3-e055-000000000001,"Cloonkeen, Cork County",186,4,0,4,26,22,67,8,1,318
Cork East,2ae19629-1f3e-13a3-e055-000000000001,"Cloyne, Cork County",2146,23,50,75,445,276,448,146,14,3623
Cork East,2ae19629-1f3f-13a3-e055-000000000001,"Cobh Rural, Cork County",4201,51,99,158,828,507,707,337,59,6947
Cork East,2ae19629-1f40-13a3-e055-000000000001,"Cobh Urban, Cork County",3082,44,110,134,572,428,1094,376,40,5880
Cork South-West,2ae19629-1f4a-13a3-e055-000000000001,"Coolagh, Cork County",74,1,6,4,17,22,52,5,1,182
Cork North-West,2ae19629-1f4b-13a3-e055-000000000001,"Coolclogh, Cork County",192,0,2,3,34,28,41,12,0,312
Cork South-West,2ae19629-1f4c-13a3-e055-000000000001,"Coolcraheen, Cork County",328,5,7,7,66,48,81,15,7,564
Cork East,2ae19629-1f53-13a3-e055-000000000001,"Coole, Cork County",526,3,18,18,107,73,121,33,4,903
Cork South-West,2ae19629-1f54-13a3-e055-000000000001,"Coolmain, Cork County",216,0,3,3,35,30,60,15,3,365
Cork North-West,2ae19629-1f5c-13a3-e055-000000000001,"Coolmountain, Cork County",178,2,5,12,34,32,60,22,1,346
Cork North-West,2ae19629-1f5d-13a3-e055-000000000001,"Coomlogane, Cork County",431,6,3,16,58,52,191,53,3,813
Cork East,2ae19629-1f5e-13a3-e055-000000000001,"Corkbeg, Cork County",1237,10,22,44,262,146,295,69,17,2102
Cork South-West,2ae19629-1f5f-13a3-e055-000000000001,"Coulagh, Cork County",265,2,9,10,35,31,113,32,4,501
Cork South-West,2ae19629-1f6b-13a3-e055-000000000001,"Courtmacsherry, Cork County",398,3,8,8,66,63,145,29,4,724
Cork North-West,2ae19629-1f6c-13a3-e055-000000000001,"Crinnaloo, Cork County",93,1,3,2,13,17,27,4,0,160
Cork South-West,2ae19629-1f6d-13a3-e055-000000000001,"Crookhaven, Cork County",98,0,1,5,14,13,58,4,1,194
Cork South-West,2ae19629-1f6e-13a3-e055-000000000001,"Cullen, Cork County, 047120",287,1,2,0,65,31,57,11,1,455
Cork North-West,2ae19629-1f7a-13a3-e055-000000000001,"Cullen, Cork County, 047121",192,1,4,6,26,27,80,22,0,358
Cork East,2ae19629-1f7b-13a3-e055-000000000001,"Curraglass, Cork County",191,2,4,5,32,25,66,11,1,337
Cork South-West,2ae19629-1f7c-13a3-e055-000000000001,"Curryglass, Cork County",196,2,3,4,30,19,85,12,3,354
Cork East,2ae19629-1f7d-13a3-e055-000000000001,"Dangan, Cork County",127,1,1,1,29,15,21,11,2,208
Cork North-West,2ae19629-1f85-13a3-e055-000000000001,"Derragh, Cork County",91,0,1,3,29,12,49,3,0,188
Cork South-West,2ae19629-1f86-13a3-e055-000000000001,"Derry, Cork County",242,4,3,10,45,35,72,12,4,427
Cork North-West,2ae19629-1f8e-13a3-e055-000000000001,"Doire Fhínín, Corcaigh",118,1,2,1,20,13,35,3,1,194
Cork East,2ae19629-1f8f-13a3-e055-000000000001,"Derryvillane, Cork County",224,3,4,5,44,44,80,21,2,427
Cork North-West,2ae19629-1f96-13a3-e055-000000000001,"Doneraile, Cork County",616,8,21,36,111,106,232,96,11,1237
Cork North-West,2ae19629-1f97-13a3-e055-000000000001,"Doonasleen, Cork County",193,0,5,4,47,31,101,17,3,401
Cork South-West,2ae19629-1ef5-13a3-e055-000000000001,"Douce, Cork County",100,2,5,6,7,21,44,8,1,194
Cork South-Central,2ae19629-1ef6-13a3-e055-000000000001,"Douglas, Cork County",77,0,2,0,17,9,15,1,0,121
Cork South-West,2ae19629-1efd-13a3-e055-000000000001,"Drinagh, Cork County, 047133",159,1,0,7,32,27,66,11,1,304
Cork South-West,2ae19629-1efe-13a3-e055-000000000001,"Drinagh, Cork County, 047134",117,1,1,3,16,21,35,15,2,211
Cork North-West,2ae19629-1eff-13a3-e055-000000000001,"Dripsey, Cork County",737,11,11,19,191,90,196,30,6,1291
Cork North-West,2ae19629-1f07-13a3-e055-000000000001,"Drishane, Cork County",916,29,25,31,173,115,229,63,22,1603
Cork South-West,2ae19629-1f00-13a3-e055-000000000001,"Dromdaleague North, Cork County",138,2,1,7,33,21,39,12,1,254
Cork South-West,2ae19629-1f08-13a3-e055-000000000001,"Dromdaleague South, Cork County",268,3,3,7,49,49,131,24,2,536
Cork North-West,2ae19629-1f01-13a3-e055-000000000001,"Dromina, Cork County",259,5,6,8,54,38,80,39,8,497
Cork North-West,2ae19629-1f02-13a3-e055-000000000001,"Dromore, Cork County",1314,6,26,61,272,139,370,82,12,2282
Cork South-West,2ae19629-1f09-13a3-e055-000000000001,"Dunbeacon, Cork County",99,1,1,2,15,10,30,8,0,166
Cork South-West,2ae19629-1f0a-13a3-e055-000000000001,"Dunderrow, Cork County",820,3,14,15,173,89,197,31,8,1350
Cork East,2ae19629-1f14-13a3-e055-000000000001,"Dungourney, Cork County",346,3,6,6,91,42,98,15,1,608
Cork South-West,2ae19629-1f15-13a3-e055-000000000001,"Dunmanus, Cork County",113,2,0,1,15,22,47,7,2,209
Cork South-West,2ae19629-1f16-13a3-e055-000000000001,"Dunmanway North, Cork County",546,7,20,28,81,80,179,65,12,1018
Cork South-West,2ae19629-1f1f-13a3-e055-000000000001,"Dunmanway South, Cork County",647,9,13,26,146,86,211,81,7,1226
Cork South-West,2ae19629-1f20-13a3-e055-000000000001,"Durrus East, Cork County",110,0,0,9,24,15,61,10,2,231
Cork South-West,2ae19629-1f29-13a3-e055-000000000001,"Durrus West, Cork County",278,3,8,7,56,47,136,33,6,574
Cork East,2ae19629-1f2a-13a3-e055-000000000001,"Farahy, Cork County",213,1,7,7,39,32,96,16,3,414
Cork South-West,2ae19629-1f33-13a3-e055-000000000001,"Farranbrien, Cork County",246,1,2,5,64,38,61,16,5,438
Cork East,2ae19629-1f34-13a3-e055-000000000001,"Fermoy Rural, Cork County",2038,33,72,111,440,338,593,282,39,3946
Cork East,2ae19629-1f35-13a3-e055-000000000001,"Fermoy Urban, Cork County",1160,22,48,74,188,153,380,141,17,2183
Cork North-Central,2ae19629-1f41-13a3-e055-000000000001,"Firmount, Cork County",388,0,4,5,60,41,52,18,3,571
Cork South-West,2ae19629-1f42-13a3-e055-000000000001,"Garranes, Cork County",184,2,6,4,34,27,49,9,1,316
Cork North-West,2ae19629-1f4d-13a3-e055-000000000001,"Garrown, Cork County",131,1,3,4,25,29,36,14,2,245
Cork East,2ae19629-1f4e-13a3-e055-000000000001,"Garryvoe, Cork County",334,4,0,7,61,44,78,24,8,560
Cork South-West,2ae19629-1f55-13a3-e055-000000000001,"Glanlough, Cork County",86,0,4,6,11,12,61,4,2,186
Cork East,2ae19629-1f56-13a3-e055-000000000001,"Glanworth East, Cork County",221,1,1,8,43,25,67,9,0,375
Cork East,2ae19629-1f60-13a3-e055-000000000001,"Glanworth West, Cork County",510,9,17,21,94,70,140,50,1,912
Cork South-West,2ae19629-1f61-13a3-e055-000000000001,"Glengarriff, Cork County",506,3,21,11,80,83,198,28,13,943
Cork North-West,2ae19629-1f62-13a3-e055-000000000001,"Glenlara, Cork County",218,1,0,5,34,24,45,8,5,340
Cork North-Central,2ae19629-1f63-13a3-e055-000000000001,"Glenville, Cork County",322,0,3,6,85,34,52,10,2,514
Cork South-West,2ae19629-1f64-13a3-e055-000000000001,"Goleen, Cork County",101,0,2,2,19,17,46,4,1,192
Cork North-West,2ae19629-1f65-13a3-e055-000000000001,"Gortmore, Cork County",95,0,1,4,24,8,34,10,2,178
Cork South-West,2ae19629-1f6f-13a3-e055-000000000001,"Gortnascreeny, Cork County",223,0,5,4,34,40,80,21,3,410
Cork East,2ae19629-1f70-13a3-e055-000000000001,"Gortnaskehy, Cork County",133,2,4,6,29,26,46,11,2,259
Cork North-West,2ae19629-1f7e-13a3-e055-000000000001,"Gort na Tiobratan, Corcaigh",229,1,2,5,38,20,67,7,3,372
Cork East,2ae19629-1f7f-13a3-e055-000000000001,"Gortroe, Cork County",366,1,6,7,86,57,84,20,5,632
Cork North-West,2ae19629-1f87-13a3-e055-000000000001,"Gowlane, Cork County",639,4,5,10,116,78,116,35,2,1005
Cork North-West,2ae19629-1f88-13a3-e055-000000000001,"Greenane, Cork County",620,10,16,27,119,62,220,73,6,1153
Cork North-Central,2ae19629-1f90-13a3-e055-000000000001,"Greenfort, Cork County",374,4,8,11,83,51,79,24,5,639
Cork North-West,2ae19629-1f91-13a3-e055-000000000001,"Greenville, Cork County",148,0,2,4,20,19,27,5,1,226
Cork East,2ae19629-1f98-13a3-e055-000000000001,"Ightermurragh, Cork County",1467,11,29,53,238,147,248,83,12,2288
Cork North-West,2ae19629-1f99-13a3-e055-000000000001,"Imphrick, Cork County",182,1,3,10,36,20,42,11,1,306
Cork East,2ae19629-1ef7-13a3-e055-000000000001,"Inch, Cork County",289,5,8,9,60,42,61,15,1,490
Cork North-West,2ae19629-1ef8-13a3-e055-000000000001,"Inchigeelagh, Cork County",274,2,4,4,44,30,78,24,7,467
Cork South-West,2ae19629-1f03-13a3-e055-000000000001,"Inishannon, Cork County",1038,7,8,14,173,90,240,41,4,1615
Cork South-Central,2ae19629-1f04-13a3-e055-000000000001,"Inishkenny, Cork County",476,3,5,5,135,51,153,14,6,848
Cork North-West,2ae19629-211e-13a3-e055-000000000001,"Kanturk, Cork County",981,13,32,47,163,117,322,116,11,1802
Cork North-West,2ae19629-211f-13a3-e055-000000000001,"Keale, Cork County",160,3,4,2,32,23,43,17,2,286
Cork South-West,2ae19629-2126-13a3-e055-000000000001,"Kealkill, Cork County",249,2,4,4,44,34,74,18,2,431
Cork North-West,2ae19629-2127-13a3-e055-000000000001,"Kilberrihert, Cork County",358,2,6,5,67,59,76,24,1,598
Cork North-West,2ae19629-2128-13a3-e055-000000000001,"Kilbonane, Cork County",643,5,7,14,165,74,110,19,6,1043
Cork North-West,2ae19629-2132-13a3-e055-000000000001,"Kilbrin, Cork County",169,4,7,6,36,16,36,10,3,287
Cork South-West,2ae19629-2133-13a3-e055-000000000001,"Kilbrittain, Cork County",296,1,10,9,61,37,73,26,2,515
Cork South-West,2ae19629-213c-13a3-e055-000000000001,"Kilbrogan, Cork County",1246,16,25,38,257,166,289,84,9,2130
Cork South-West,2ae19629-213d-13a3-e055-000000000001,"Kilcaskan, Cork County",391,2,13,16,34,64,205,31,8,764
Cork South-West,2ae19629-213e-13a3-e055-000000000001,"Kilcatherine, Cork County",304,2,15,8,50,52,197,23,3,654
Cork South-West,2ae19629-213f-13a3-e055-000000000001,"Kilcoe, Cork County",197,2,2,2,39,38,81,16,4,381
Cork East,2ae19629-2140-13a3-e055-000000000001,"Kilcor, Cork County",181,1,3,5,36,28,62,9,0,325
Cork North-West,2ae19629-2141-13a3-e055-000000000001,"Kilcorney, Cork County",141,2,4,5,25,19,57,17,1,271
Cork East,2ae19629-214f-13a3-e055-000000000001,"Kilcronat, Cork County",97,1,1,3,17,15,19,5,3,161
Cork North-West,2ae19629-2150-13a3-e055-000000000001,"Kilcullen, Cork County",413,4,5,11,90,50,82,19,4,678
Cork East,2ae19629-2151-13a3-e055-000000000001,"Kilcummer, Cork County",126,0,4,1,27,16,34,13,1,222
Cork North-Central,2ae19629-2168-13a3-e055-000000000001,"Kildinan, Cork County",342,2,5,2,49,46,57,11,1,515
Cork East,2ae19629-2169-13a3-e055-000000000001,"Kildorrery, Cork County",381,2,12,7,56,35,76,23,2,594
Cork South-West,2ae19629-2185-13a3-e055-000000000001,"Kilfaughnabeg, Cork County",239,5,4,13,36,43,120,15,4,479
Cork East,2ae19629-2186-13a3-e055-000000000001,"Kilgullane, Cork County",73,2,2,1,11,13,13,5,1,121
Cork South-West,2ae19629-219b-13a3-e055-000000000001,"Kilkerranmore, Cork County",240,2,4,8,40,36,71,16,4,421
Cork South-West,2ae19629-219c-13a3-e055-000000000001,"Killaconenagh, Cork County",718,11,20,23,111,82,284,61,13,1323
Cork East,2ae19629-219d-13a3-e055-000000000001,"Killathy, Cork County",208,0,1,7,34,29,49,8,2,338
Cork East,2ae19629-219e-13a3-e055-000000000001,"Killeagh, Cork County, 047202",706,10,12,20,140,101,155,51,7,1202
Cork North-Central,2ae19629-21b8-13a3-e055-000000000001,"Killeagh, Cork County, 047203",325,3,6,5,72,44,71,20,5,551
Cork South-West,2ae19629-21b9-13a3-e055-000000000001,"Killeenleagh, Cork County",148,1,2,4,43,36,57,8,2,301
Cork East,2ae19629-21c4-13a3-e055-000000000001,"Kilmacdonogh, Cork County",482,3,12,13,106,63,122,34,2,837
Cork North-West,2ae19629-21c5-13a3-e055-000000000001,"Kilmaclenine, Cork County",336,1,6,9,66,48,85,32,4,587
Cork South-West,2ae19629-21d2-13a3-e055-000000000001,"Kilmaloda East, Cork County",183,0,4,5,44,16,41,7,0,300
Cork South-West,2ae19629-21d3-13a3-e055-000000000001,"Kilmaloda West, Cork County",103,1,2,4,25,11,20,3,5,174
Cork North-West,2ae19629-21d4-13a3-e055-000000000001,"Kilmeen, Cork County",137,1,6,5,38,21,44,22,0,274
Cork South-West,2ae19629-21dd-13a3-e055-000000000001,"Kilmonoge, Cork County",606,1,9,7,152,62,92,80,4,1013
Cork South-West,2ae19629-21de-13a3-e055-000000000001,"Kilmoylerane, Cork County",159,0,2,5,32,24,28,11,1,262
Cork South-West,2ae19629-21df-13a3-e055-000000000001,"Kilnagross, Cork County",290,3,4,4,39,25,77,16,3,461
Cork South-West,2ae19629-21e0-13a3-e055-000000000001,"Kilnamanagh, Cork County",152,0,4,3,25,31,73,17,6,311
Cork North-West,2ae19629-21e7-13a3-e055-000000000001,"Cill na Martra, Corcaigh",354,1,4,8,68,48,70,24,6,583
Cork South-Central,2ae19629-21e8-13a3-e055-000000000001,"Kilpatrick, Cork County",243,2,3,14,51,49,55,5,2,424
Cork East,2ae19629-21e9-13a3-e055-000000000001,"Kilphelan, Cork County",250,0,11,5,51,37,68,19,2,443
Cork North-West,2ae19629-21f0-13a3-e055-000000000001,"Kilshannig, Cork County",506,4,7,13,131,82,127,41,2,913
Cork East,2ae19629-21f1-13a3-e055-000000000001,"Kilworth, Cork County",813,9,10,28,155,98,211,40,10,1374
Cork North-West,2ae19629-2109-13a3-e055-000000000001,"Kinneigh, Cork County",199,0,2,6,28,37,47,18,3,340
Cork South-West,2ae19629-210a-13a3-e055-000000000001,"Kinsale Rural, Cork County",2387,15,59,54,516,305,805,127,56,4324
Cork South-West,2ae19629-210b-13a3-e055-000000000001,"Kinsale Urban, Cork County",1220,13,32,36,179,139,451,92,10,2172
Cork South-West,2ae19629-2114-13a3-e055-000000000001,"Kinure, Cork County",187,0,4,4,35,22,49,4,1,306
Cork North-Central,2ae19629-2115-13a3-e055-000000000001,"Knockantota, Cork County",513,6,8,9,114,50,59,30,4,793
Cork North-West,2ae19629-2120-13a3-e055-000000000001,"Knockatooan, Cork County",146,3,3,5,19,24,60,7,2,269
Cork North-West,2ae19629-2121-13a3-e055-000000000001,"Knockavilly, Cork County",223,1,3,3,55,29,44,5,1,364
Cork East,2ae19629-2129-13a3-e055-000000000001,"Knockmourne, Cork County",627,7,17,16,95,66,187,48,8,1071
Cork North-West,2ae19629-212a-13a3-e055-000000000001,"Knocknagree, Cork County",261,3,4,3,27,42,116,28,2,486
Cork East,2ae19629-212b-13a3-e055-000000000001,"Knockraha, Cork County",827,1,19,20,162,70,111,40,6,1256
Cork South-West,2ae19629-212c-13a3-e055-000000000001,"Knockroe, Cork County",346,1,5,4,74,47,82,17,2,578
Cork South-West,2ae19629-2134-13a3-e055-000000000001,"Knocks, Cork County",158,2,4,3,31,23,32,10,0,263
Cork South-West,2ae19629-2135-13a3-e055-000000000001,"Knockskagh, Cork County",254,2,4,7,35,37,109,16,1,465
Cork North-West,2ae19629-2142-13a3-e055-000000000001,"Knocktemple, Cork County",201,2,9,9,36,30,74,15,0,376
Cork South-West,2ae19629-2143-13a3-e055-000000000001,"Laherne, Cork County",282,4,2,6,46,34,59,11,3,447
Cork South-West,2ae19629-2152-13a3-e055-000000000001,"Leighmoney, Cork County",388,2,5,6,92,48,63,8,3,615
Cork East,2ae19629-2153-13a3-e055-000000000001,"Leitrim, Cork County",182,0,1,1,39,9,48,11,0,291
Cork North-West,2ae19629-2154-13a3-e055-000000000001,"Liscarroll, Cork County",289,2,9,14,36,34,101,23,3,511
Cork South-Central,2ae19629-216a-13a3-e055-000000000001,"Liscleary, Cork County",2361,32,42,45,597,278,466,127,19,3967
Cork East,2ae19629-216b-13a3-e055-000000000001,"Lisgoold, Cork County",489,1,12,15,94,50,141,40,9,851
Cork South-West,2ae19629-216c-13a3-e055-000000000001,"Lowertown, Cork County",110,2,4,4,25,11,52,8,0,216
Cork North-West,2ae19629-216d-13a3-e055-000000000001,"Macloneigh, Cork County",419,1,10,11,64,38,150,23,17,733
Cork North-West,2ae19629-216e-13a3-e055-000000000001,"Macroom Urban, Cork County",1966,34,39,92,371,231,486,208,31,3458
Cork North-West,2ae19629-2187-13a3-e055-000000000001,"Magourney, Cork County",544,4,8,10,96,59,149,37,8,915
Cork North-Central,2ae19629-2149-13a3-e055-000000000001,"Mallow North Urban, Cork County",2682,55,82,119,554,346,771,405,35,5049
Cork North-Central,2ae19629-2188-13a3-e055-000000000001,"Mallow Rural, Cork County",2093,44,50,99,500,294,449,229,29,3787
Cork North-Central,2ae19629-2189-13a3-e055-000000000001,"Mallow South Urban, Cork County",1149,24,38,76,220,187,574,172,22,2462
Cork North-West,2ae19629-219f-13a3-e055-000000000001,"Manch, Cork County",274,3,3,10,68,34,70,15,3,480
Cork East,2ae19629-21a0-13a3-e055-000000000001,"Marshalstown, Cork County",187,0,2,6,28,31,51,18,0,323
Cork North-West,2ae19629-21a1-13a3-e055-000000000001,"Mashanaglass, Cork County",228,2,2,5,60,31,62,15,4,409
Cork North-Central,2ae19629-21ba-13a3-e055-000000000001,"Matehy, Cork County",738,2,6,16,146,83,143,22,10,1166
Cork South-West,2ae19629-21bb-13a3-e055-000000000001,"Mealagh, Cork County",166,0,10,4,48,17,65,17,2,329
Cork North-West,2ae19629-21c6-13a3-e055-000000000001,"Meens, Cork County",210,2,5,3,25,24,86,15,3,373
Cork East,2ae19629-21c7-13a3-e055-000000000001,"Midleton Rural, Cork County",4585,40,92,167,985,519,842,271,38,7539
Cork East,2ae19629-21c8-13a3-e055-000000000001,"Midleton Urban, Cork County",1766,25,56,100,292,181,543,213,29,3205
Cork South-West,2ae19629-21d5-13a3-e055-000000000001,"Milane, Cork County",78,1,2,1,14,24,30,4,1,155
Cork North-West,2ae19629-21d6-13a3-e055-000000000001,"Milford, Cork County",315,1,9,14,54,36,97,30,2,558
Cork North-West,2ae19629-21d7-13a3-e055-000000000001,"Milltown, Cork County",200,1,3,2,25,32,73,12,4,352
Cork East,2ae19629-21e1-13a3-e055-000000000001,"Mitchelstown, Cork County",2229,42,76,127,380,357,790,234,34,4269
Cork East,2ae19629-21e2-13a3-e055-000000000001,"Mogeely, Cork County",325,5,9,19,54,55,69,21,2,559
Cork East,2ae19629-21ea-13a3-e055-000000000001,"Monanimy, Cork County",357,3,10,9,69,70,99,28,2,647
Cork South-Central,2ae19629-21eb-13a3-e055-000000000001,"Monkstown Rural, Cork County",588,3,13,13,148,74,116,39,5,999
Cork South-Central,2ae19629-2122-13a3-e055-000000000001,"Monkstown Urban, Cork County",2429,31,65,113,472,344,629,173,36,4292
Cork North-West,2ae19629-21f2-13a3-e055-000000000001,"Mountrivers, Cork County",331,1,6,14,63,44,90,16,5,570
Cork North-West,2ae19629-21f3-13a3-e055-000000000001,"Moviddy, Cork County",723,4,7,22,141,75,181,60,5,1218
Cork North-West,2ae19629-210c-13a3-e055-000000000001,"Murragh, Cork County",249,1,6,4,60,29,42,12,3,406
Cork South-West,2ae19629-210d-13a3-e055-000000000001,"Myross, Cork County",347,4,6,13,67,53,153,23,4,670
Cork North-West,2ae19629-210e-13a3-e055-000000000001,"Nad, Cork County",53,0,2,2,1,6,10,2,0,76
Cork North-West,2ae19629-210f-13a3-e055-000000000001,"Newmarket, Cork County",671,7,17,29,108,94,327,44,12,1309
Cork North-West,2ae19629-2116-13a3-e055-000000000001,"Newtown, Cork County",446,4,9,12,89,46,133,43,4,786
Cork South-West,2ae19629-2117-13a3-e055-000000000001,"Nohaval, Cork County",173,1,3,0,37,14,27,7,1,263
Cork North-West,2ae19629-2118-13a3-e055-000000000001,"Ovens, Cork County",487,4,3,12,94,53,162,22,6,843
Cork North-West,2ae19629-2123-13a3-e055-000000000001,"Rahalisk, Cork County",285,6,2,11,55,36,57,10,6,468
Cork North-Central,2ae19629-212d-13a3-e055-000000000001,"Rahan, Cork County",426,1,4,6,95,46,127,28,4,737
Cork South-West,2ae19629-212e-13a3-e055-000000000001,"Rathbarry, Cork County",254,1,2,4,40,36,91,18,4,450
Cork South-West,2ae19629-212f-13a3-e055-000000000001,"Rathclarin, Cork County",325,4,5,4,84,40,93,15,4,574
Cork North-West,2ae19629-2136-13a3-e055-000000000001,"Rathcool, Cork County",268,2,4,9,55,39,64,14,2,457
Cork North-Central,2ae19629-2137-13a3-e055-000000000001,"Rathcooney, Cork County",165,3,0,2,22,26,56,17,2,293
Cork East,2ae19629-2138-13a3-e055-000000000001,"Rathcormack, Cork County",1224,12,27,31,210,168,154,82,15,1923
Cork North-West,2ae19629-1f8d-13a3-e055-000000000001,"Rathluirc, Cork County",1760,41,67,93,311,278,646,283,27,3506
Cork North-Central,2ae19629-2145-13a3-e055-000000000001,"Riverstown, Cork County",378,1,6,5,66,49,121,30,2,658
Cork North-West,2ae19629-2146-13a3-e055-000000000001,"Roskeen, Cork County",230,2,4,5,51,31,57,19,5,404
Cork North-West,2ae19629-2155-13a3-e055-000000000001,"Rosnalee, Cork County",203,3,6,7,22,20,51,15,2,329
Cork South-West,2ae19629-2156-13a3-e055-000000000001,"Rosscarbery, Cork County",505,2,10,13,91,57,222,44,8,952
Cork South-West,2ae19629-216f-13a3-e055-000000000001,"Rossmore, Cork County",158,1,1,2,46,29,51,9,4,301
Cork East,2ae19629-2170-13a3-e055-000000000001,"Rostellan, Cork County",593,9,14,19,125,84,150,29,6,1029
Cork North-West,2ae19629-2171-13a3-e055-000000000001,"Rowls, Cork County",65,0,1,2,15,17,32,10,1,143
Cork South-West,2ae19629-218a-13a3-e055-000000000001,"Scart, Cork County",146,0,2,3,40,15,51,13,0,270
Cork South-West,2ae19629-218b-13a3-e055-000000000001,"Seefin, Cork County",135,0,3,4,13,24,95,11,4,289
Cork East,2ae19629-21a2-13a3-e055-000000000001,"Shanballymore, Cork County",283,1,7,8,65,31,112,27,2,536
Cork South-West,2ae19629-21a3-13a3-e055-000000000001,"Sheepshead, Cork County",72,0,2,0,11,12,61,7,0,165
Cork South-West,2ae19629-21a4-13a3-e055-000000000001,"Shreelane, Cork County",204,1,3,4,31,23,54,11,2,333
Cork North-West,2ae19629-21a5-13a3-e055-000000000001,"Skagh, Cork County",212,1,3,5,36,30,59,13,2,361
Cork East,2ae19629-21bc-13a3-e055-000000000001,"Skahanagh, Cork County",75,0,0,1,11,15,30,5,0,137
Cork South-West,2ae19629-21bd-13a3-e055-000000000001,"Skibbereen Rural, Cork County",545,7,10,13,100,86,305,56,11,1133
Cork South-West,2ae19629-21be-13a3-e055-000000000001,"Skibbereen Urban, Cork County",1290,23,43,96,195,160,425,157,27,2416
Cork South-West,2ae19629-21bf-13a3-e055-000000000001,"Skull, Cork County",478,0,12,21,94,63,247,45,8,968
Cork North-West,2ae19629-21c9-13a3-e055-000000000001,"An Sliabh Riabhach, Corcaigh",453,3,9,18,67,57,124,27,6,764
Cork North-West,2ae19629-21ca-13a3-e055-000000000001,"Springfort, Cork County",260,6,11,14,59,44,98,23,2,517
Cork North-West,2ae19629-21d8-13a3-e055-000000000001,"Streamhill, Cork County",45,0,0,1,6,7,14,10,3,86
Cork North-West,2ae19629-21d9-13a3-e055-000000000001,"Teadies, Cork County",454,2,7,7,76,59,151,43,5,804
Cork North-West,2ae19629-21e3-13a3-e055-000000000001,"Teerelton, Cork County",285,2,4,1,72,44,84,12,1,505
Cork East,2ae19629-21e4-13a3-e055-000000000001,"Templebodan, Cork County",286,2,1,7,64,45,113,20,3,541
Cork South-Central,2ae19629-21ec-13a3-e055-000000000001,"Templebreedy, Cork County",2054,13,37,56,426,223,641,113,22,3585
Cork North-West,2ae19629-21ed-13a3-e055-000000000001,"Templemartin, Cork County",408,1,1,4,97,49,76,22,5,663
Cork North-West,2ae19629-21f4-13a3-e055-000000000001,"Templemary, Cork County",173,2,4,2,31,11,50,10,2,285
Cork South-West,2ae19629-21f5-13a3-e055-000000000001,"Templemichael, Cork County",371,2,1,4,77,54,74,17,2,602
Cork East,2ae19629-21f6-13a3-e055-000000000001,"Templemolaga, Cork County",157,0,3,1,17,29,45,6,0,258
Cork East,2ae19629-2110-13a3-e055-000000000001,"Templenacarriga, Cork County",312,2,7,7,67,33,72,9,1,510
Cork South-West,2ae19629-2111-13a3-e055-000000000001,"Templeomalus, Cork County",360,2,11,9,68,37,120,31,2,640
Cork South-West,2ae19629-2119-13a3-e055-000000000001,"Timoleague, Cork County",324,2,3,7,62,46,108,23,4,579
Cork North-West,2ae19629-211a-13a3-e055-000000000001,"Tincoora, Cork County",238,1,6,15,52,35,42,10,3,402
Cork South-West,2ae19629-211b-13a3-e055-000000000001,"Toormore, Cork County",87,0,3,4,9,15,55,9,2,184
Cork South-West,2ae19629-211c-13a3-e055-000000000001,"Tullagh, Cork County",400,3,13,13,63,40,164,13,8,717
Cork North-West,2ae19629-211d-13a3-e055-000000000001,"Tullylease, Cork County",194,1,2,7,21,29,64,11,4,333
Cork North-West,2ae19629-2124-13a3-e055-000000000001,"Na hUláin, Corcaigh",292,0,2,6,46,40,87,15,2,490
Cork East,2ae19629-2125-13a3-e055-000000000001,"Wallstown, Cork County",121,2,4,4,26,14,33,6,2,212
Cork North-West,2ae19629-2130-13a3-e055-000000000001,"Warrenscourt, Cork County",368,5,6,4,73,46,105,19,3,629
Cork North-Central,2ae19629-2131-13a3-e055-000000000001,"Watergrasshill, Cork County",981,2,11,22,141,89,103,46,5,1400
Cork South-West,6a372d28-f5c8-4acc-b237-4f7bb4a9ad53,"Whiddy/Bantry Rural, Cork County",511,1,14,10,94,73,210,29,7,949
Cork North-Central,2ae19629-213a-13a3-e055-000000000001,"Whitechurch, Cork County",941,8,10,24,211,123,221,44,8,1590
Cork North-West,2ae19629-2108-13a3-e055-000000000001,"Williamstown, Cork County",244,0,1,1,38,34,69,15,1,403
Cork South-West,2ae19629-213b-13a3-e055-000000000001,"Woodfort, Cork County",185,2,3,4,28,23,61,9,2,317
Cork East,2ae19629-2147-13a3-e055-000000000001,"Youghal Rural, Cork County",612,8,16,19,113,76,193,53,3,1093
Cork East,2ae19629-2148-13a3-e055-000000000001,"Youghal Urban, Cork County",3073,55,92,200,610,467,1232,484,58,6271
Kerry,2ae19629-2387-13a3-e055-000000000001,"Abbeydorney, Kerry",558,5,19,30,88,64,175,44,3,986
Kerry,2ae19629-2388-13a3-e055-000000000001,"Aghadoe, Kerry",431,4,6,13,77,45,110,17,2,705
Kerry,2ae19629-2390-13a3-e055-000000000001,"Aglish, Kerry",243,5,7,4,41,21,63,18,1,403
Kerry,2ae19629-2391-13a3-e055-000000000001,"Arabela, Kerry",594,31,124,29,162,89,221,33,5,1288
Kerry,2ae19629-2392-13a3-e055-000000000001,"Ardagh, Kerry",278,5,9,27,54,55,101,32,4,565
Kerry,2ae19629-2393-13a3-e055-000000000001,"Ardea, Kerry",65,2,2,1,6,16,62,5,1,160
Kerry,2ae19629-239d-13a3-e055-000000000001,"Ardfert, Kerry",436,8,13,43,92,69,163,49,7,880
Kerry,2ae19629-239e-13a3-e055-000000000001,"Astee, Kerry",219,1,4,5,36,18,98,20,3,404
Kerry,2ae19629-239f-13a3-e055-000000000001,"Na Beathacha, Ciarraí",99,0,4,1,8,9,29,9,2,161
Kerry,2ae19629-23ac-13a3-e055-000000000001,"Ballincloher, Kerry",198,0,6,7,39,34,81,16,1,382
Kerry,2ae19629-23ad-13a3-e055-000000000001,"Baile an Sceilg, Ciarraí",151,2,8,11,31,28,110,24,2,367
Kerry,2ae19629-23ae-13a3-e055-000000000001,"Ballinvoher, Kerry",287,4,10,8,47,33,81,17,3,490
Kerry,2ae19629-23af-13a3-e055-000000000001,"An Baile Breac, Ciarraí",45,2,4,2,2,8,26,2,0,91
Kerry,2ae19629-22d3-13a3-e055-000000000001,"Ballyconry, Kerry",183,3,6,7,29,30,93,13,4,368
Kerry,2ae19629-22d4-13a3-e055-000000000001,"Ballyduff, Kerry, 077015",311,6,5,16,63,57,175,51,6,690
Kerry,2ae19629-22d5-13a3-e055-000000000001,"An Baile Dubh, Ciarraí, 077016",52,0,1,3,8,9,34,4,1,112
Kerry,2ae19629-22e2-13a3-e055-000000000001,"Ballyegan, Kerry, 077017",167,1,1,6,41,15,52,6,1,290
Kerry,2ae19629-22e3-13a3-e055-000000000001,"Ballyegan, Kerry, 077018",40,0,2,0,12,8,17,4,1,84
Kerry,2ae19629-22e4-13a3-e055-000000000001,"Ballyhar, Kerry",95,1,2,1,18,8,30,3,0,158
Kerry,2ae19629-22ee-13a3-e055-000000000001,"Ballyheige, Kerry",565,5,19,40,99,118,255,65,13,1179
Kerry,2ae19629-22ef-13a3-e055-000000000001,"Ballyhorgan, Kerry",200,1,5,6,40,22,59,15,2,350
Kerry,2ae19629-22fd-13a3-e055-000000000001,"Ballynacourty, Kerry",146,0,1,8,17,17,51,5,1,246
Kerry,2ae19629-22fe-13a3-e055-000000000001,"Ballynahaglish, Kerry",726,4,14,17,158,102,288,39,12,1360
Kerry,2ae19629-230d-13a3-e055-000000000001,"Ballynorig, Kerry",232,1,6,10,39,29,88,20,1,426
Kerry,2ae19629-230e-13a3-e055-000000000001,"Ballyseedy, Kerry",821,21,20,53,199,109,220,139,15,1597
Kerry,2ae19629-230f-13a3-e055-000000000001,"Banawn, Kerry",116,1,2,4,15,22,33,6,1,200
Kerry,2ae19629-231b-13a3-e055-000000000001,"Banna, Kerry",356,1,7,19,58,54,112,22,6,635
Kerry,2ae19629-231c-13a3-e055-000000000001,"Baurtregaum, Kerry",146,1,4,6,25,21,90,13,3,309
Kerry,2ae19629-231d-13a3-e055-000000000001,"Beal, Kerry",67,0,1,2,13,11,30,4,2,130
Kerry,2ae19629-2329-13a3-e055-000000000001,"Blennerville, Kerry",326,3,15,12,72,33,135,23,3,622
Kerry,2ae19629-232a-13a3-e055-000000000001,"Boolteens, Kerry",223,1,5,5,42,39,61,19,4,399
Kerry,2ae19629-2336-13a3-e055-000000000001,"Cé Bhréanainn, Ciarraí",61,0,5,1,15,10,38,3,0,133
Kerry,2ae19629-2337-13a3-e055-000000000001,"Brewsterfield, Kerry",410,3,6,4,70,42,81,25,3,644
Kerry,2ae19629-2342-13a3-e055-000000000001,"Brosna, Kerry",315,0,13,10,62,37,146,32,6,621
Kerry,2ae19629-2343-13a3-e055-000000000001,"Caher, Kerry",814,43,90,28,164,87,435,68,21,1750
Kerry,2ae19629-2344-13a3-e055-000000000001,"Cathair Dónall, Ciarraí",131,2,12,4,16,16,90,4,1,276
Kerry,2ae19629-2353-13a3-e055-000000000001,"Cappagh, Kerry",189,1,4,4,32,24,58,10,0,322
Kerry,2ae19629-2363-13a3-e055-000000000001,"Caragh, Kerry",448,2,5,10,75,60,152,45,12,809
Kerry,2ae19629-2362-13a3-e055-000000000001,"Carker, Kerry",198,1,1,5,45,28,71,15,4,368
Kerry,2ae19629-2364-13a3-e055-000000000001,"Carrig, Kerry",150,3,8,7,30,27,71,15,4,315
Kerry,2ae19629-2365-13a3-e055-000000000001,"Castlecove, Kerry",134,1,4,5,19,23,100,10,0,296
Kerry,2ae19629-2366-13a3-e055-000000000001,"Castlegregory, Kerry",426,4,15,18,89,70,192,28,8,850
Kerry,2ae19629-2378-13a3-e055-000000000001,"Castleisland, Kerry",1493,32,42,76,250,180,570,172,14,2829
Kerry,2ae19629-2379-13a3-e055-000000000001,"Castlequin, Kerry",266,3,7,7,34,33,110,12,5,477
Kerry,2ae19629-237a-13a3-e055-000000000001,"Causeway, Kerry",278,4,7,16,38,38,119,29,2,531
Kerry,2ae19629-2389-13a3-e055-000000000001,"Churchtown, Kerry",235,3,6,5,69,26,69,16,2,431
Kerry,2ae19629-238a-13a3-e055-000000000001,"An Clochán, Ciarraí",109,0,2,4,24,13,59,5,2,218
Kerry,2ae19629-2394-13a3-e055-000000000001,"Clogherbrien, Kerry",662,6,10,31,147,97,297,50,6,1306
Kerry,2ae19629-2396-13a3-e055-000000000001,"Cloontubbrid, Kerry",118,1,4,9,34,18,40,11,1,236
Kerry,2ae19629-23a0-13a3-e055-000000000001,"Clydagh, Kerry",59,1,0,1,10,8,19,3,0,101
Kerry,2ae19629-23a1-13a3-e055-000000000001,"Coolies, Kerry",453,5,10,7,86,38,87,17,4,707
Kerry,2ae19629-23a2-13a3-e055-000000000001,"Coom, Kerry",993,6,17,25,156,127,300,68,7,1699
Kerry,2ae19629-23b0-13a3-e055-000000000001,"Cordal, Kerry",131,1,3,4,14,14,51,7,1,226
Kerry,2ae19629-23b1-13a3-e055-000000000001,"Crinny, Kerry",152,0,1,4,25,16,44,16,1,259
Kerry,2ae19629-22c7-13a3-e055-000000000001,"Curraghbeg, Kerry",93,0,3,6,13,16,25,6,1,163
Kerry,2ae19629-22c8-13a3-e055-000000000001,"Curraghmore, Kerry",176,2,2,3,32,20,49,6,3,293
Kerry,2ae19629-22c9-13a3-e055-000000000001,"Currans, Kerry",113,3,2,5,21,16,51,7,0,218
Kerry,2ae19629-22ca-13a3-e055-000000000001,"Doire Fhíonáin, Ciarraí",88,1,1,0,10,15,45,4,1,165
Kerry,2ae19629-22cb-13a3-e055-000000000001,"Dawros, Kerry",243,2,9,4,38,38,152,14,5,505
Kerry,2ae19629-22cc-13a3-e055-000000000001,"Deelis, Kerry",162,5,3,6,21,27,56,5,2,287
Kerry,2ae19629-22d6-13a3-e055-000000000001,"Derreen, Kerry",91,4,2,1,14,14,24,8,2,160
Kerry,842865f1-99a8-46b1-8460-28a9e20b0d17,"Doire Ianna/An Chluain, Ciarraí",75,1,4,8,21,24,56,10,2,201
Kerry,2ae19629-22d8-13a3-e055-000000000001,"Dingle, Kerry",829,7,42,24,135,80,276,83,8,1484
Kerry,2ae19629-22d9-13a3-e055-000000000001,"Doocarrig, Kerry",316,1,7,7,70,42,72,19,3,537
Kerry,2ae19629-2218-13a3-e055-000000000001,"Doon, Kerry",310,4,5,9,70,28,103,23,3,555
Kerry,2ae19629-2219-13a3-e055-000000000001,"Dromin, Kerry",398,4,9,6,88,43,104,16,7,675
Kerry,2ae19629-221a-13a3-e055-000000000001,"Drommartin, Kerry",222,2,12,10,43,34,79,19,6,427
Kerry,2ae19629-2224-13a3-e055-000000000001,"Dromore, Kerry",134,2,2,2,19,20,70,8,5,262
Kerry,2ae19629-2225-13a3-e055-000000000001,"Duagh, Kerry",205,2,5,13,43,32,91,32,5,428
Kerry,2ae19629-222e-13a3-e055-000000000001,"Dunloe, Kerry",395,6,14,7,82,37,164,13,5,723
Kerry,2ae19629-222f-13a3-e055-000000000001,"Dún Chaoin, Ciarraí",78,2,3,3,13,14,45,5,0,163
Kerry,2ae19629-2230-13a3-e055-000000000001,"Dún Urlann, Ciarraí",220,4,11,10,26,16,98,13,6,404
Kerry,2ae19629-2231-13a3-e055-000000000001,"An tImleach, Ciarraí",386,2,27,8,66,48,205,30,7,779
Kerry,2ae19629-2232-13a3-e055-000000000001,"Ennismore, Kerry",208,6,8,13,55,40,102,37,3,472
Kerry,2ae19629-2233-13a3-e055-000000000001,"Flesk, Kerry",201,0,3,5,47,23,54,12,4,349
Kerry,2ae19629-2234-13a3-e055-000000000001,"Glanbehy, Kerry",488,19,29,23,107,89,224,48,12,1039
Kerry,2ae19629-2235-13a3-e055-000000000001,"Glanlee, Kerry",80,3,4,3,23,11,34,3,2,163
Kerry,2ae19629-2241-13a3-e055-000000000001,"Glanlough, Kerry",64,0,4,4,9,15,27,7,1,131
Kerry,2ae19629-2242-13a3-e055-000000000001,"Glanmore, Kerry",89,1,9,4,22,18,63,11,1,218
Kerry,2ae19629-2243-13a3-e055-000000000001,"Glinn, Kerry",790,10,29,30,189,71,286,52,9,1466
Kerry,2ae19629-2244-13a3-e055-000000000001,"Gneeves, Kerry",174,1,2,6,38,26,50,16,1,314
Kerry,2ae19629-224f-13a3-e055-000000000001,"Greenane, Kerry",101,0,5,1,21,14,47,5,3,197
Kerry,2ae19629-2250-13a3-e055-000000000001,"Gullane, Kerry",135,1,5,3,13,19,37,17,3,233
Kerry,2ae19629-2251-13a3-e055-000000000001,"Gunsborough, Kerry",155,1,2,8,26,28,57,13,5,295
Kerry,2ae19629-225d-13a3-e055-000000000001,"Headfort, Kerry",496,5,5,17,70,54,89,22,6,764
Kerry,2ae19629-225e-13a3-e055-000000000001,"Inch, Kerry",88,1,2,1,9,8,35,3,0,147
Kerry,2ae19629-225f-13a3-e055-000000000001,"Kenmare, Kerry",1518,25,61,66,245,180,578,140,28,2841
Kerry,2ae19629-2260-13a3-e055-000000000001,"Kerryhead, Kerry",268,3,7,17,56,44,108,17,5,525
Kerry,2ae19629-226c-13a3-e055-000000000001,"Kilbonane, Kerry",303,5,8,4,57,36,84,15,0,512
Kerry,2ae19629-226d-13a3-e055-000000000001,"Kilcummin, Kerry",1052,9,18,30,199,97,318,79,11,1813
Kerry,2ae19629-226e-13a3-e055-000000000001,"Kilfeighny, Kerry",433,1,6,12,76,63,133,43,2,769
Kerry,2ae19629-226f-13a3-e055-000000000001,"Kilfelim, Kerry",106,2,3,0,22,9,39,11,1,193
Kerry,2ae19629-227a-13a3-e055-000000000001,"Kilflyn, Kerry",99,0,3,9,21,14,52,10,2,210
Kerry,2ae19629-227b-13a3-e055-000000000001,"Kilgarrylander, Kerry",316,3,3,9,38,46,103,26,2,546
Kerry,2ae19629-227c-13a3-e055-000000000001,"Kilgarvan, Kerry",393,3,5,10,51,49,111,16,2,640
Kerry,2ae19629-2285-13a3-e055-000000000001,"Kilgobban, Kerry",114,1,6,5,18,22,56,13,1,236
Kerry,2ae19629-2286-13a3-e055-000000000001,"Kilgobnet, Kerry",392,3,13,11,72,78,126,82,6,783
Kerry,2ae19629-2287-13a3-e055-000000000001,"Killahan, Kerry",148,3,0,8,27,27,69,15,3,300
Kerry,2ae19629-2288-13a3-e055-000000000001,"Killarney Rural, Kerry",3571,68,144,123,645,420,900,278,38,6187
Kerry,2ae19629-2293-13a3-e055-000000000001,"Killarney Urban, Kerry",5000,120,206,205,600,475,1732,437,74,8849
Kerry,2ae19629-2294-13a3-e055-000000000001,"Killeentierna, Kerry",415,2,12,11,72,53,126,26,2,719
Kerry,2ae19629-2295-13a3-e055-000000000001,"Killehenny, Kerry",811,9,43,58,129,112,424,123,12,1721
Kerry,2ae19629-229f-13a3-e055-000000000001,"Killinane, Kerry",120,1,3,8,14,21,66,11,1,245
Kerry,2ae19629-22a0-13a3-e055-000000000001,"Killorglin, Kerry",2018,28,77,93,346,245,742,207,35,3791
Kerry,2ae19629-22a1-13a3-e055-000000000001,"Killury, Kerry",214,3,2,12,44,42,70,18,1,406
Kerry,2ae19629-22aa-13a3-e055-000000000001,"Cill Maoilchéadair, Ciarraí",229,1,9,9,33,24,117,17,2,441
Kerry,2ae19629-22ab-13a3-e055-000000000001,"Kilmeany, Kerry",315,5,3,15,83,44,120,33,5,623
Kerry,2ae19629-22b6-13a3-e055-000000000001,"Kilmurry, Kerry",148,2,3,8,18,14,48,10,2,253
Kerry,2ae19629-22b7-13a3-e055-000000000001,"Kilnanare, Kerry",458,9,16,17,103,61,135,31,4,834
Kerry,2ae19629-22b8-13a3-e055-000000000001,"Cill Chuáin, Ciarraí",171,1,8,15,33,21,88,17,6,360
Kerry,2ae19629-2201-13a3-e055-000000000001,"Kilshenane, Kerry",92,1,1,5,15,17,54,16,4,205
Kerry,2ae19629-2202-13a3-e055-000000000001,"Kiltallagh, Kerry",241,6,7,6,54,37,84,16,2,453
Kerry,2ae19629-2203-13a3-e055-000000000001,"Kiltomy, Kerry",161,1,1,9,33,34,69,23,2,333
Kerry,2ae19629-220f-13a3-e055-000000000001,"Cinn Aird, Ciarraí",169,0,2,6,19,24,37,16,0,273
Kerry,2ae19629-2210-13a3-e055-000000000001,"Knockglass, Kerry",158,2,3,10,25,18,100,8,3,327
Kerry,2ae19629-221b-13a3-e055-000000000001,"Knocknagashel, Kerry",321,2,10,13,50,42,126,37,4,605
Kerry,2ae19629-221c-13a3-e055-000000000001,"Knocknahoe, Kerry",164,3,3,2,29,15,30,10,0,256
Kerry,2ae19629-2226-13a3-e055-000000000001,"Lack, Kerry",136,2,2,4,21,11,57,9,2,244
Kerry,2ae19629-2227-13a3-e055-000000000001,"Lackabaun, Kerry",210,2,4,5,32,25,67,15,2,362
Kerry,2ae19629-2236-13a3-e055-000000000001,"Lahard, Kerry",345,2,3,9,69,33,116,18,2,597
Kerry,2ae19629-2237-13a3-e055-000000000001,"Leitrim, Kerry",260,0,2,7,42,33,72,22,7,445
Kerry,2ae19629-2238-13a3-e055-000000000001,"Lickeen, Kerry",42,2,0,3,6,13,13,5,0,84
Kerry,2ae19629-2245-13a3-e055-000000000001,"Lislaughtin, Kerry",214,1,6,7,45,45,124,31,3,476
Kerry,2ae19629-2246-13a3-e055-000000000001,"Lisselton, Kerry",154,0,3,2,38,22,64,13,0,296
Kerry,2ae19629-2247-13a3-e055-000000000001,"Listowel Rural, Kerry",658,3,14,36,136,102,271,104,12,1336
Kerry,2ae19629-2252-13a3-e055-000000000001,"Listowel Urban, Kerry",1557,37,74,163,284,256,824,270,14,3479
Kerry,2ae19629-2253-13a3-e055-000000000001,"Lixnaw, Kerry",482,8,14,24,101,79,110,46,10,874
Kerry,2ae19629-2254-13a3-e055-000000000001,"Loughbrin, Kerry",68,0,0,0,14,11,28,3,0,124
Kerry,2ae19629-2255-13a3-e055-000000000001,"Loch Luíoch, Ciarraí",143,0,8,2,27,19,79,10,2,290
Kerry,2ae19629-2256-13a3-e055-000000000001,"Márthain, Ciarraí",107,1,5,2,17,16,51,10,5,214
Kerry,f2b35649-c96c-4cf5-b8ab-60770f0291a9,"Máistir Gaoithe/Ceannúigh, Ciarraí",98,1,2,2,21,14,47,6,3,194
Kerry,2ae19629-2262-13a3-e055-000000000001,"Maum, Kerry",128,0,2,6,20,14,39,16,2,227
Kerry,2ae19629-2263-13a3-e055-000000000001,"Millbrook, Kerry",219,0,3,11,29,29,63,16,1,371
Kerry,2ae19629-2270-13a3-e055-000000000001,"Milltown, Kerry",1058,11,36,50,178,123,286,84,17,1843
Kerry,2ae19629-2271-13a3-e055-000000000001,"An Mhin Aird, Ciarraí",208,0,7,8,20,23,64,13,1,344
Kerry,2ae19629-2272-13a3-e055-000000000001,"Molahiffe, Kerry",785,4,15,27,154,83,176,60,9,1313
Kerry,2ae19629-227d-13a3-e055-000000000001,"Mount Eagle, Kerry",67,0,4,3,16,11,36,9,0,146
Kerry,2ae19629-227e-13a3-e055-000000000001,"Moynsha, Kerry",222,4,7,8,25,30,83,16,2,397
Kerry,2ae19629-2289-13a3-e055-000000000001,"Muckross, Kerry",429,3,17,9,54,42,127,21,2,704
Kerry,2ae19629-228a-13a3-e055-000000000001,"Newtownsandes, Kerry",466,4,13,25,73,103,177,50,6,917
Kerry,2ae19629-228b-13a3-e055-000000000001,"Nohaval, Kerry",186,3,4,6,37,20,49,11,1,317
Kerry,2ae19629-2296-13a3-e055-000000000001,"O'brennan, Kerry",250,3,4,11,55,30,61,15,1,430
Kerry,2ae19629-2297-13a3-e055-000000000001,"Portmagee, Kerry",156,4,7,7,29,20,66,10,2,301
Kerry,2ae19629-22a2-13a3-e055-000000000001,"Ratass, Kerry",484,4,14,12,137,57,185,27,0,920
Kerry,2ae19629-22a3-13a3-e055-000000000001,"Rathea, Kerry",160,1,6,10,41,32,87,13,5,355
Kerry,2ae19629-22ac-13a3-e055-000000000001,"Rathmore, Kerry",976,7,18,24,119,100,245,77,8,1574
Kerry,2ae19629-22ad-13a3-e055-000000000001,"Reen, Kerry",83,1,2,3,7,8,33,3,0,140
Kerry,2ae19629-22ae-13a3-e055-000000000001,"Rockfield, Kerry",182,1,5,5,37,27,50,12,5,324
Kerry,2ae19629-22b9-13a3-e055-000000000001,"Scartaglin, Kerry",326,2,8,6,51,34,93,20,6,546
Kerry,2ae19629-22ba-13a3-e055-000000000001,"Shronowen, Kerry",91,2,2,1,17,19,47,11,3,193
Kerry,2ae19629-22bb-13a3-e055-000000000001,"Sneem, Kerry",389,16,16,8,44,52,165,20,7,717
Kerry,2ae19629-22bc-13a3-e055-000000000001,"Toghroinn Fhíonáin, Ciarraí",75,1,3,2,12,13,30,3,1,140
Kerry,2ae19629-22bd-13a3-e055-000000000001,"An Sráidbhaile, Ciarraí",107,1,1,4,11,15,40,3,2,184
Kerry,2ae19629-22be-13a3-e055-000000000001,"Tahilla, Kerry",107,0,0,4,9,20,62,3,1,206
Kerry,2ae19629-21f9-13a3-e055-000000000001,"Tarbert, Kerry",280,2,11,17,43,54,190,28,7,632
Kerry,2ae19629-21fa-13a3-e055-000000000001,"Tarmon, Kerry",197,2,3,6,42,36,101,17,4,408
Kerry,2ae19629-221d-13a3-e055-000000000001,"Trian Iarthach, Ciarraí, 077159",136,3,2,6,16,19,65,10,0,257
Kerry,2ae19629-221e-13a3-e055-000000000001,"Tralee Rural, Kerry",7623,209,330,531,1870,1062,2619,959,123,15326
Kerry,2ae19629-221f-13a3-e055-000000000001,"Tralee Urban, Kerry",2372,103,144,281,435,323,999,509,63,5229
Kerry,2ae19629-2228-13a3-e055-000000000001,"Trienearagh, Kerry",196,1,3,14,49,27,73,22,6,391
Kerry,2ae19629-2229-13a3-e055-000000000001,"Tubrid, Kerry",362,5,8,19,73,57,135,29,5,693
Kerry,2ae19629-222a-13a3-e055-000000000001,"Urlee, Kerry",152,3,4,4,26,30,72,16,4,311
Kerry,2ae19629-2239-13a3-e055-000000000001,"Valencia, Kerry",290,7,15,9,44,31,114,48,3,561
Kerry,2ae19629-223a-13a3-e055-000000000001,"Ceann Trá, Ciarraí",187,1,9,6,23,26,93,11,7,363
Limerick City,2ae19629-17cc-13a3-e055-000000000001,"Abbey A, Limerick",1980,24,74,82,468,242,754,218,15,3857
Limerick City,2ae19629-17cd-13a3-e055-000000000001,"Abbey B, Limerick",1276,18,74,72,360,141,173,135,6,2255
Limerick City,2ae19629-17ce-13a3-e055-000000000001,"Abbey C, Limerick",266,14,16,33,75,32,70,54,3,563
Limerick City,2ae19629-17cf-13a3-e055-000000000001,"Abbey D, Limerick",520,10,36,54,120,90,281,146,10,1267
Limerick City,2ae19629-17dd-13a3-e055-000000000001,"Ballinacurra A, Limerick",1176,7,27,43,299,105,258,61,6,1982
Limerick City,2ae19629-17de-13a3-e055-000000000001,"Ballinacurra B, Limerick",494,8,19,51,87,92,316,100,11,1178
Limerick City,2ae19629-17df-13a3-e055-000000000001,"Ballynanty, Limerick",840,50,64,144,249,254,434,317,25,2377
Limerick City,2ae19629-17e0-13a3-e055-000000000001,"Castle A, Limerick",479,9,16,20,99,58,201,52,4,938
Limerick City,2ae19629-17e1-13a3-e055-000000000001,"Castle B, Limerick",282,7,5,17,47,17,98,14,0,487
Limerick City,2ae19629-17e2-13a3-e055-000000000001,"Castle C, Limerick",711,7,27,17,122,61,235,42,4,1226
Limerick City,2ae19629-17e3-13a3-e055-000000000001,"Castle D, Limerick",829,5,20,27,280,108,446,31,4,1750
Limerick City,2ae19629-17e4-13a3-e055-000000000001,"Coolraine, Limerick",695,6,23,24,128,81,403,56,7,1423
Limerick City,2ae19629-17e5-13a3-e055-000000000001,"Custom House, Limerick",473,7,25,35,65,39,61,67,5,777
Limerick City,2ae19629-17e6-13a3-e055-000000000001,"Dock A, Limerick",1475,56,74,127,288,154,134,170,24,2502
Limerick City,2ae19629-17e7-13a3-e055-000000000001,"Dock B, Limerick",632,5,31,47,109,37,124,83,2,1070
Limerick City,2ae19629-17e8-13a3-e055-000000000001,"Dock C, Limerick",521,14,23,42,99,41,189,63,5,997
Limerick City,2ae19629-17e9-13a3-e055-000000000001,"Dock D, Limerick",320,12,10,11,161,26,87,33,7,667
Limerick City,2ae19629-17ea-13a3-e055-000000000001,"Farranshone, Limerick",422,10,8,7,74,46,255,51,8,881
Limerick City,2ae19629-17eb-13a3-e055-000000000001,"Galvone A, Limerick",514,12,16,55,103,83,238,162,12,1195
Limerick City,2ae19629-17ec-13a3-e055-000000000001,"Galvone B, Limerick",172,9,15,40,52,60,86,114,8,556
Limerick City,2ae19629-17ed-13a3-e055-000000000001,"Glentworth A, Limerick",248,1,12,39,63,38,81,65,2,549
Limerick City,2ae19629-17f4-13a3-e055-000000000001,"Glentworth B, Limerick",448,7,22,36,86,80,247,109,4,1039
Limerick City,2ae19629-17f5-13a3-e055-000000000001,"Glentworth C, Limerick",177,11,10,27,37,37,76,65,4,444
Limerick City,2ae19629-17f6-13a3-e055-000000000001,"John's A, Limerick",160,14,13,54,43,77,102,114,3,580
Limerick City,2ae19629-17f7-13a3-e055-000000000001,"John's B, Limerick",389,12,28,59,77,55,199,110,3,932
Limerick City,2ae19629-17f8-13a3-e055-000000000001,"John's C, Limerick",243,5,20,20,41,23,72,26,2,452
Limerick City,2ae19629-17f9-13a3-e055-000000000001,"Killeely A, Limerick",404,20,27,83,104,113,209,183,12,1155
Limerick City,2ae19629-17fa-13a3-e055-000000000001,"Killeely B, Limerick",325,8,30,47,61,57,155,82,2,767
Limerick City,2ae19629-17c0-13a3-e055-000000000001,"Limerick North Rural, Limerick",2957,85,99,153,937,426,1020,328,40,6045
Limerick City,2ae19629-17fb-13a3-e055-000000000001,"Market, Limerick",1122,42,55,76,220,108,152,105,9,1889
Limerick City,2ae19629-17fc-13a3-e055-000000000001,"Prospect A, Limerick",308,13,29,48,181,68,150,112,11,920
Limerick City,2ae19629-17fd-13a3-e055-000000000001,"Prospect B, Limerick",191,13,9,42,50,45,83,74,4,511
Limerick City,2ae19629-17fe-13a3-e055-000000000001,"Rathbane, Limerick",528,32,42,87,124,131,273,180,35,1432
Limerick City,2ae19629-17ff-13a3-e055-000000000001,"Shannon A, Limerick",749,17,32,33,114,45,65,28,6,1089
Limerick City,2ae19629-1800-13a3-e055-000000000001,"Shannon B, Limerick",637,40,34,93,121,49,78,74,7,1133
Limerick City,2ae19629-1801-13a3-e055-000000000001,"Singland A, Limerick",587,14,38,91,149,89,207,189,8,1372
Limerick City,2ae19629-1802-13a3-e055-000000000001,"Singland B, Limerick",1695,17,50,82,351,202,508,253,6,3164
Limerick City,2ae19629-1803-13a3-e055-000000000001,"St. Laurence, Limerick",275,5,45,189,44,52,161,93,12,876
Limerick County,2ae19629-1757-13a3-e055-000000000001,"Abbeyfeale, Limerick",1013,39,44,81,199,201,408,148,9,2142
Limerick County,2ae19629-1758-13a3-e055-000000000001,"Abbeyville, Limerick",168,3,4,4,44,18,79,19,0,339
Limerick City,2ae19629-1759-13a3-e055-000000000001,"Abington, Limerick",617,3,7,21,147,78,110,35,3,1021
Limerick County,2ae19629-175a-13a3-e055-000000000001,"Adare North, Limerick",290,1,8,2,62,32,79,9,1,484
Limerick County,2ae19629-175b-13a3-e055-000000000001,"Adare South, Limerick",1066,6,21,24,168,104,371,54,2,1816
Limerick County,2ae19629-175c-13a3-e055-000000000001,"Anglesborough, Limerick",154,0,1,5,27,19,60,15,0,281
Limerick County,2ae19629-175d-13a3-e055-000000000001,"Ardagh, Limerick",458,2,11,19,102,56,163,34,5,850
Limerick County,2ae19629-175e-13a3-e055-000000000001,"Ardpatrick, Limerick",165,2,3,6,29,27,70,14,0,316
Limerick County,2ae19629-174e-13a3-e055-000000000001,"Askeaton East, Limerick",214,10,8,23,52,50,85,44,3,489
Limerick County,2ae19629-174f-13a3-e055-000000000001,"Askeaton West, Limerick",465,6,16,29,110,68,195,85,12,986
Limerick County,2ae19629-1750-13a3-e055-000000000001,"Athlacca, Limerick",183,1,5,6,34,19,61,17,0,326
Limerick County,2ae19629-1751-13a3-e055-000000000001,"Aughinish, Limerick",135,4,2,3,23,13,19,15,1,215
Limerick County,2ae19629-1752-13a3-e055-000000000001,"Ballingarry, Limerick",466,1,8,16,78,44,97,40,3,753
Limerick County,2ae19629-1753-13a3-e055-000000000001,"Ballintober, Limerick",168,2,3,6,21,27,58,14,2,301
Limerick County,2ae19629-175f-13a3-e055-000000000001,"Ballyagran, Limerick",219,0,5,7,31,28,110,27,0,427
Limerick County,2ae19629-1760-13a3-e055-000000000001,"Ballyallinan, Limerick",212,2,5,2,39,18,53,18,1,350
Limerick City,2ae19629-1767-13a3-e055-000000000001,"Ballybricken, Limerick",884,2,21,20,230,94,246,56,6,1559
Limerick City,2ae19629-1768-13a3-e055-000000000001,"Ballycummin, Limerick",9352,100,202,294,1755,870,2075,627,70,15345
Limerick County,2ae19629-1769-13a3-e055-000000000001,"Ballygrennan, Limerick",138,0,1,4,19,16,42,14,0,234
Limerick County,2ae19629-176a-13a3-e055-000000000001,"Ballylanders, Limerick",271,3,5,10,55,38,100,43,3,528
Limerick County,2ae19629-176b-13a3-e055-000000000001,"Ballymacshaneboy, Limerick",228,2,2,3,55,20,67,18,0,395
Limerick County,2ae19629-176c-13a3-e055-000000000001,"Ballynabanoge, Limerick",135,1,3,6,33,17,54,15,1,265
Limerick County,2ae19629-176d-13a3-e055-000000000001,"Ballynacarriga, Limerick",435,4,3,12,78,40,117,28,2,719
Limerick County,2ae19629-176f-13a3-e055-000000000001,"Ballynoe West, Limerick",146,1,4,8,41,19,43,11,1,274
Limerick County,2ae19629-176e-13a3-e055-000000000001,"Ballynoe, Limerick",235,5,2,3,35,29,66,22,1,398
Limerick City,2ae19629-1770-13a3-e055-000000000001,"Ballysimon, Limerick",7294,92,228,179,3306,545,1592,362,43,13641
Limerick City,2ae19629-1771-13a3-e055-000000000001,"Ballyvarra, Limerick",2016,20,48,55,643,179,496,197,13,3667
Limerick County,2ae19629-1772-13a3-e055-000000000001,"Bilboa, Limerick",181,5,3,11,28,25,64,13,1,331
Limerick County,2ae19629-1773-13a3-e055-000000000001,"Boola, Limerick",73,1,0,2,10,9,17,3,0,115
Limerick County,2ae19629-1774-13a3-e055-000000000001,"Broadford, Limerick",445,2,9,9,93,39,148,38,3,786
Limerick County,2ae19629-1761-13a3-e055-000000000001,"Bruff, Limerick",612,5,20,23,111,71,245,93,8,1188
Limerick County,2ae19629-1762-13a3-e055-000000000001,"Bruree, Limerick",534,4,38,38,102,65,190,77,19,1067
Limerick County,2ae19629-1763-13a3-e055-000000000001,"Bulgaden, Limerick",144,0,4,4,40,15,49,15,0,271
Limerick County,2ae19629-1764-13a3-e055-000000000001,"Caher, Limerick",168,2,3,6,38,27,54,15,3,316
Limerick City,2ae19629-1765-13a3-e055-000000000001,"Caherconlish East, Limerick",267,2,4,9,48,25,69,15,1,440
Limerick City,2ae19629-1766-13a3-e055-000000000001,"Caherconlish West, Limerick",958,13,23,38,186,140,284,96,16,1754
Limerick County,2ae19629-177c-13a3-e055-000000000001,"Cahercorney, Limerick",351,0,6,8,81,33,89,20,1,589
Limerick County,2ae19629-177d-13a3-e055-000000000001,"Caherelly, Limerick",174,1,4,5,54,17,36,19,1,311
Limerick County,2ae19629-177e-13a3-e055-000000000001,"Cappamore, Limerick",611,7,7,32,110,79,225,82,4,1157
Limerick County,2ae19629-177f-13a3-e055-000000000001,"Carrig, Limerick",269,4,4,7,61,47,106,15,1,514
Limerick City,2ae19629-1780-13a3-e055-000000000001,"Castleconnell, Limerick",1584,24,49,54,339,179,475,118,12,2834
Limerick County,2ae19629-1781-13a3-e055-000000000001,"Castletown, Limerick, 127042",194,1,4,3,32,25,49,10,0,318
Limerick County,2ae19629-1782-13a3-e055-000000000001,"Castletown, Limerick, 127043",231,1,9,6,50,24,51,13,1,386
Limerick County,2ae19629-1783-13a3-e055-000000000001,"Clarina, Limerick",924,3,14,15,172,94,320,52,2,1596
Limerick County,2ae19629-1784-13a3-e055-000000000001,"Cleanglass, Limerick",117,0,4,2,26,15,58,6,1,229
Limerick County,2ae19629-1785-13a3-e055-000000000001,"Cloncagh, Limerick",155,0,3,3,30,17,42,3,0,253
Limerick City,2ae19629-1786-13a3-e055-000000000001,"Clonkeen, Limerick",503,6,8,12,89,38,90,25,1,772
Limerick County,2ae19629-1787-13a3-e055-000000000001,"Colmanswell, Limerick",253,0,1,4,39,33,91,20,4,445
Limerick County,2ae19629-1788-13a3-e055-000000000001,"Coolrus, Limerick",219,1,4,6,36,23,69,26,2,386
Limerick County,2ae19629-1789-13a3-e055-000000000001,"Craggs, Limerick",121,0,0,1,27,12,49,4,1,215
Limerick County,2ae19629-1775-13a3-e055-000000000001,"Crean, Limerick",225,1,2,7,46,30,70,10,0,391
Limerick County,2ae19629-1776-13a3-e055-000000000001,"Crecora, Limerick",212,1,3,1,36,29,64,14,0,360
Limerick County,2ae19629-1777-13a3-e055-000000000001,"Croagh, Limerick",372,2,4,10,60,31,148,18,1,646
Limerick County,2ae19629-1778-13a3-e055-000000000001,"Croom, Limerick",823,11,22,35,144,100,322,114,3,1574
Limerick County,2ae19629-1779-13a3-e055-000000000001,"Cullane, Limerick",191,1,1,3,28,25,57,9,1,316
Limerick County,2ae19629-177a-13a3-e055-000000000001,"Danganbeg, Limerick",192,4,4,3,25,21,66,15,2,332
Limerick County,2ae19629-177b-13a3-e055-000000000001,"Darragh, Limerick",197,1,2,5,15,15,52,9,2,298
Limerick County,2ae19629-178a-13a3-e055-000000000001,"Doon South, Limerick",591,10,14,21,100,71,190,77,0,1074
Limerick County,2ae19629-178b-13a3-e055-000000000001,"Doon West, Limerick",119,2,3,1,17,20,41,5,1,209
Limerick County,2ae19629-1792-13a3-e055-000000000001,"Dromard, Limerick",442,2,5,8,99,40,87,32,2,717
Limerick County,2ae19629-1793-13a3-e055-000000000001,"Dromcolliher, Limerick",410,3,16,13,67,44,171,44,4,772
Limerick County,2ae19629-1794-13a3-e055-000000000001,"Dromin, Limerick",264,3,7,2,51,30,77,26,3,463
Limerick County,2ae19629-1795-13a3-e055-000000000001,"Dromtrasna, Limerick",422,4,5,13,86,45,150,42,2,769
Limerick County,2ae19629-1796-13a3-e055-000000000001,"Dunmoylan East, Limerick",242,0,5,3,50,22,69,19,2,412
Limerick County,2ae19629-1798-13a3-e055-000000000001,"Dunnaman, Limerick",332,1,5,5,75,41,85,18,2,564
Limerick County,2ae19629-1799-13a3-e055-000000000001,"Duntryleague, Limerick",153,2,3,3,30,19,54,9,0,273
Limerick County,2ae19629-179a-13a3-e055-000000000001,"Emlygrennan, Limerick",362,3,4,9,65,43,118,37,2,643
Limerick County,2ae19629-179b-13a3-e055-000000000001,"Fedamore, Limerick",566,8,15,23,134,73,183,49,4,1055
Limerick County,2ae19629-179c-13a3-e055-000000000001,"Feenagh, Limerick",153,0,2,4,19,22,56,15,0,271
Limerick County,2ae19629-179d-13a3-e055-000000000001,"Fleanmore, Limerick",100,2,4,3,23,15,37,7,0,191
Limerick County,2ae19629-179e-13a3-e055-000000000001,"Galbally, Limerick",226,0,12,13,53,39,98,35,2,478
Limerick County,2ae19629-178c-13a3-e055-000000000001,"Garrane, Limerick",138,3,1,1,32,23,59,6,1,264
Limerick County,2ae19629-178d-13a3-e055-000000000001,"Garryduff, Limerick",115,3,3,3,21,14,60,7,3,229
Limerick County,2ae19629-178e-13a3-e055-000000000001,"Glenagower, Limerick",236,2,2,8,45,35,84,26,3,441
Limerick County,2ae19629-178f-13a3-e055-000000000001,"Glenbrohane, Limerick",215,2,2,9,44,28,53,24,0,377
Limerick County,2ae19629-1790-13a3-e055-000000000001,"Glengort, Limerick",331,1,8,6,45,48,109,24,3,575
Limerick County,2ae19629-1791-13a3-e055-000000000001,"Glensharrold, Limerick",182,3,4,10,19,37,82,32,2,371
Limerick City,2ae19629-17a6-13a3-e055-000000000001,"Glenstal, Limerick",485,8,13,20,202,47,143,41,5,964
Limerick County,2ae19629-17a7-13a3-e055-000000000001,"Glin, Limerick",532,5,9,16,73,59,255,45,4,998
Limerick County,2ae19629-17a8-13a3-e055-000000000001,"Grange, Limerick",252,2,5,3,46,22,84,15,2,431
Limerick County,2ae19629-17a9-13a3-e055-000000000001,"Grean, Limerick",591,6,12,35,130,89,292,77,6,1238
Limerick County,2ae19629-17aa-13a3-e055-000000000001,"Griston, Limerick",149,2,1,4,24,22,37,10,1,250
Limerick County,2ae19629-17ab-13a3-e055-000000000001,"Hospital, Limerick",541,7,17,22,104,67,219,52,3,1032
Limerick County,2ae19629-17ac-13a3-e055-000000000001,"Iveruss, Limerick",162,2,2,0,18,14,58,16,0,272
Limerick County,2ae19629-17ad-13a3-e055-000000000001,"Kilbeheny, Limerick",129,0,0,1,22,15,41,12,1,221
Limerick County,2ae19629-17ae-13a3-e055-000000000001,"Kilcornan, Limerick",380,1,4,7,82,47,86,23,1,631
Limerick County,2ae19629-17af-13a3-e055-000000000001,"Kildimo, Limerick",320,2,6,6,69,30,92,19,1,545
Limerick County,2ae19629-17b0-13a3-e055-000000000001,"Kilfergus, Limerick",174,2,4,7,18,29,115,24,0,373
Limerick County,2ae19629-179f-13a3-e055-000000000001,"Kilfinnane, Limerick",494,4,9,23,98,77,166,54,7,932
Limerick County,2ae19629-17a0-13a3-e055-000000000001,"Kilfinny, Limerick",158,0,0,4,19,12,33,5,0,231
Limerick County,2ae19629-17a1-13a3-e055-000000000001,"Kilflyn, Limerick",110,0,2,2,12,14,31,8,0,179
Limerick County,2ae19629-17a2-13a3-e055-000000000001,"Kilglass, Limerick",142,0,3,4,20,20,54,9,1,253
Limerick County,2ae19629-17a3-13a3-e055-000000000001,"Kilmallock, Limerick",949,14,30,65,163,139,445,134,21,1960
Limerick County,2ae19629-17a4-13a3-e055-000000000001,"Kilmeedy, Limerick",160,2,2,5,33,13,57,10,2,284
Limerick County,2ae19629-17a5-13a3-e055-000000000001,"Kilmoylan, Limerick",178,1,1,9,19,31,81,20,1,341
Limerick County,2ae19629-17b1-13a3-e055-000000000001,"Kilmurry, Limerick",419,4,7,12,88,39,126,33,6,734
Limerick County,2ae19629-17b2-13a3-e055-000000000001,"Kilpeacon, Limerick",249,3,4,4,51,36,80,7,1,435
Limerick County,2ae19629-17ba-13a3-e055-000000000001,"Kilscannell, Limerick",255,17,28,8,62,21,89,15,0,495
Limerick County,2ae19629-17bb-13a3-e055-000000000001,"Kilteely, Limerick",281,6,6,12,52,31,82,29,1,500
Limerick County,2ae19629-17bc-13a3-e055-000000000001,"Knockaderry, Limerick",249,1,5,4,52,24,66,30,0,431
Limerick County,2ae19629-17bd-13a3-e055-000000000001,"Knockainy, Limerick",349,3,4,6,71,48,112,31,2,626
Limerick County,2ae19629-17be-13a3-e055-000000000001,"Knocklong, Limerick",392,0,8,12,78,65,151,47,8,761
Limerick County,2ae19629-17bf-13a3-e055-000000000001,"Knocknascrow, Limerick",102,1,1,5,17,22,19,4,0,171
Limerick City,2ae19629-17c1-13a3-e055-000000000001,"Limerick South Rural, Limerick",1025,10,29,49,210,83,168,129,9,1712
Limerick County,2ae19629-17c2-13a3-e055-000000000001,"Lismakeery, Limerick",220,2,2,6,37,26,62,17,1,373
Limerick County,2ae19629-17c3-13a3-e055-000000000001,"Loghill, Limerick",284,4,15,15,63,39,105,31,2,558
Limerick County,2ae19629-17c4-13a3-e055-000000000001,"Mahoonagh, Limerick",218,4,12,9,46,31,81,24,0,425
Limerick County,fbd773f9-3255-4b44-ade1-02facf2621f8,"Mohernagh/Dunmoylan West, Limerick",93,0,2,1,16,11,33,12,0,168
Limerick County,2ae19629-17c6-13a3-e055-000000000001,"Monagay, Limerick",554,6,9,18,101,67,174,40,3,972
Limerick County,2ae19629-17c7-13a3-e055-000000000001,"Mountcollins, Limerick",204,2,4,12,24,24,113,26,1,410
Limerick County,2ae19629-17b3-13a3-e055-000000000001,"Mountplummer, Limerick",170,0,3,1,31,25,44,7,2,283
Limerick County,2ae19629-17b4-13a3-e055-000000000001,"Nantinan, Limerick",339,2,9,7,65,42,111,19,3,597
Limerick County,2ae19629-17b5-13a3-e055-000000000001,"Newcastle Rural, Limerick",1154,7,25,31,181,123,286,116,11,1934
Limerick County,2ae19629-17b6-13a3-e055-000000000001,"Newcastle Urban, Limerick",2324,32,93,151,377,326,801,305,25,4434
Limerick County,2ae19629-17b7-13a3-e055-000000000001,"Oola, Limerick",480,4,7,29,102,56,197,39,2,916
Limerick County,2ae19629-17b8-13a3-e055-000000000001,"Pallaskenry, Limerick",472,6,7,23,125,66,145,45,2,891
Limerick County,2ae19629-17b9-13a3-e055-000000000001,"Particles, Limerick",108,2,2,4,28,13,21,6,1,185
Limerick County,2ae19629-17d0-13a3-e055-000000000001,"Patrickswell, Limerick",607,7,21,28,134,103,249,63,4,1216
Limerick County,2ae19629-17d1-13a3-e055-000000000001,"Port, Limerick",223,2,4,6,37,38,88,24,0,422
Limerick County,2ae19629-17d2-13a3-e055-000000000001,"Rathkeale Rural, Limerick",133,2,2,2,17,19,71,11,2,259
Limerick County,2ae19629-17d3-13a3-e055-000000000001,"Rathkeale Urban, Limerick",446,19,30,47,72,167,218,134,11,1144
Limerick County,2ae19629-17d4-13a3-e055-000000000001,"Rathmore, Limerick",145,2,5,7,27,19,34,6,0,245
Limerick County,2ae19629-17d5-13a3-e055-000000000001,"Rathronan, Limerick",369,5,16,10,62,74,167,56,4,763
Limerick County,2ae19629-17d6-13a3-e055-000000000001,"Riddlestown, Limerick",276,2,9,5,48,27,76,27,3,473
Limerick County,2ae19629-17d7-13a3-e055-000000000001,"Riversdale, Limerick",124,0,3,5,20,16,35,15,0,218
Limerick County,2ae19629-17d8-13a3-e055-000000000001,"Rockhill, Limerick",145,1,0,2,29,14,57,18,0,266
Limerick County,2ae19629-17d9-13a3-e055-000000000001,"Rooskagh, Limerick",131,0,2,6,22,19,50,11,0,241
Limerick City,2ae19629-17da-13a3-e055-000000000001,"Roxborough, Limerick",680,3,12,10,149,87,313,38,2,1294
Limerick County,2ae19629-17db-13a3-e055-000000000001,"Shanagolden, Limerick",385,6,10,16,68,69,184,54,4,796
Limerick County,2ae19629-17dc-13a3-e055-000000000001,"Shanid, Limerick",234,2,9,5,50,29,93,13,2,437
Limerick County,2ae19629-17c8-13a3-e055-000000000001,"Templebredon, Limerick",265,2,6,4,56,44,68,22,1,468
Limerick County,2ae19629-17c9-13a3-e055-000000000001,"Templeglentan, Limerick",480,5,11,19,74,64,148,34,7,842
Limerick County,2ae19629-17ca-13a3-e055-000000000001,"Tobernea, Limerick",299,1,8,4,68,45,102,27,4,558
Limerick County,2ae19629-17cb-13a3-e055-000000000001,"Uregare, Limerick",288,3,4,7,62,29,96,28,1,518
Tipperary North,2ae19629-19fd-13a3-e055-000000000001,"Abington, Tipperary",301,3,7,19,59,36,78,18,1,522
Tipperary North,2ae19629-19fe-13a3-e055-000000000001,"Aghnameadle, Tipperary",162,1,2,4,27,16,35,11,2,260
Tipperary North,2ae19629-19ff-13a3-e055-000000000001,"Aglishcloghane, Tipperary",118,0,7,6,23,21,42,9,0,226
Tipperary North,2ae19629-1a0c-13a3-e055-000000000001,"Ardcrony, Tipperary",298,4,5,6,54,27,79,16,6,495
Tipperary North,2ae19629-1a21-13a3-e055-000000000001,"Ballina, Tipperary",1588,12,33,40,367,143,368,66,9,2626
Tipperary North,2ae19629-1a2b-13a3-e055-000000000001,"Ballingarry, Tipperary, 217011",241,2,11,12,52,39,91,30,2,480
Tipperary North,2ae19629-1a2d-13a3-e055-000000000001,"Ballycahill, Tipperary",200,0,0,4,44,28,53,13,1,343
Tipperary North,2ae19629-198d-13a3-e055-000000000001,"Ballygibbon, Tipperary",328,3,3,12,52,33,91,16,2,540
Tipperary North,2ae19629-1998-13a3-e055-000000000001,"Ballylusky, Tipperary",184,1,2,4,31,16,36,5,1,280
Tipperary North,2ae19629-1999-13a3-e055-000000000001,"Ballymackey, Tipperary",274,0,4,4,53,27,63,22,1,448
Tipperary South,2ae19629-1bf8-13a3-e055-000000000001,"Ballymurreen, Tipperary",101,2,4,7,18,11,38,12,1,194
Tipperary North,2ae19629-1bf9-13a3-e055-000000000001,"Ballynaclogh, Tipperary",335,5,9,7,57,38,115,26,4,596
Tipperary North,2ae19629-1c10-13a3-e055-000000000001,"Birdhill, Tipperary",341,3,5,9,89,40,92,22,4,605
Tipperary North,2ae19629-1c11-13a3-e055-000000000001,"Borrisnafarney, Tipperary",157,2,5,1,26,11,32,13,0,247
Tipperary North,2ae19629-1c1a-13a3-e055-000000000001,"Borrisnoe, Tipperary",72,0,0,1,7,10,5,2,0,97
Tipperary North,2ae19629-1c1b-13a3-e055-000000000001,"Borrisokane, Tipperary",545,11,22,38,107,106,223,70,14,1136
Tipperary North,2ae19629-1c1c-13a3-e055-000000000001,"Borrisoleigh, Tipperary",580,2,16,20,98,66,177,47,3,1009
Tipperary North,2ae19629-1c25-13a3-e055-000000000001,"Bourney East, Tipperary",169,1,2,3,26,23,30,6,0,260
Tipperary North,2ae19629-1c26-13a3-e055-000000000001,"Bourney West, Tipperary",192,3,4,5,19,22,63,8,0,316
Tipperary North,2ae19629-1c30-13a3-e055-000000000001,"Burgesbeg, Tipperary",196,2,3,7,54,29,68,9,1,369
Tipperary North,2ae19629-1c47-13a3-e055-000000000001,"Carrig, Tipperary",96,1,0,0,9,9,27,3,1,146
Tipperary North,2ae19629-1c48-13a3-e055-000000000001,"Carrigatogher, Tipperary",331,0,4,14,78,19,136,24,2,608
Tipperary North,2ae19629-1c55-13a3-e055-000000000001,"Castletown, Tipperary",687,6,18,28,142,69,206,49,7,1212
Tipperary North,2ae19629-1c68-13a3-e055-000000000001,"Cloghjordan, Tipperary",513,5,14,16,93,54,180,46,16,937
Tipperary North,2ae19629-1c69-13a3-e055-000000000001,"Cloghprior, Tipperary",156,2,3,4,34,20,30,7,3,259
Tipperary North,2ae19629-1c6a-13a3-e055-000000000001,"Clohaskin, Tipperary",114,1,6,4,17,16,36,7,2,203
Tipperary North,2ae19629-1bf2-13a3-e055-000000000001,"Derrycastle, Tipperary",217,3,6,4,52,21,87,15,0,405
Tipperary North,2ae19629-1bfc-13a3-e055-000000000001,"Dolla, Tipperary",111,1,3,1,16,7,21,11,0,171
Tipperary North,2ae19629-1c06-13a3-e055-000000000001,"Drom, Tipperary",566,4,13,16,132,50,161,24,4,970
Tipperary North,2ae19629-1c14-13a3-e055-000000000001,"Finnoe, Tipperary",91,0,2,2,23,12,32,6,0,168
Tipperary North,2ae19629-1c1d-13a3-e055-000000000001,"Foilnaman, Tipperary",170,1,4,7,23,22,43,15,2,287
Tipperary North,2ae19629-1c33-13a3-e055-000000000001,"Glenkeen, Tipperary",224,0,0,3,35,21,64,16,2,365
Tipperary North,2ae19629-1c3f-13a3-e055-000000000001,"Gortkelly, Tipperary",279,2,4,8,51,33,71,16,2,466
Tipperary North,2ae19629-1c41-13a3-e055-000000000001,"Graigue, Tipperary, 217084",127,1,5,9,23,20,50,9,0,244
Tipperary North,2ae19629-1c56-13a3-e055-000000000001,"Holycross, Tipperary",651,3,6,10,108,77,247,45,2,1149
Tipperary North,2ae19629-1c57-13a3-e055-000000000001,"Inch, Tipperary",179,0,6,10,29,27,68,20,1,340
Tipperary North,2ae19629-1c60-13a3-e055-000000000001,"Kilbarron, Tipperary",307,1,9,6,37,43,121,8,3,535
Tipperary North,2ae19629-1c6b-13a3-e055-000000000001,"Kilcomenty, Tipperary",335,2,4,8,93,24,100,24,1,591
Tipperary North,2ae19629-1c82-13a3-e055-000000000001,"Kilkeary, Tipperary",321,1,6,8,68,30,79,23,1,537
Tipperary North,2ae19629-1c85-13a3-e055-000000000001,"Killavinoge, Tipperary",211,2,0,12,56,30,49,14,1,375
Tipperary North,2ae19629-1c8f-13a3-e055-000000000001,"Killea, Tipperary",181,0,1,2,38,27,35,16,2,302
Tipperary North,2ae19629-1be9-13a3-e055-000000000001,"Killoscully, Tipperary",225,0,3,6,57,22,65,14,1,393
Tipperary North,2ae19629-1bea-13a3-e055-000000000001,"Kilmore, Tipperary",310,5,9,17,66,39,97,29,5,577
Tipperary North,2ae19629-1bfe-13a3-e055-000000000001,"Kilnaneave, Tipperary",213,2,2,3,51,23,80,15,3,392
Tipperary North,2ae19629-1bff-13a3-e055-000000000001,"Kilnarath, Tipperary",161,0,3,5,40,14,53,16,1,293
Tipperary North,2ae19629-1c0a-13a3-e055-000000000001,"Kilrush, Tipperary",269,2,1,6,50,28,56,16,1,429
Tipperary North,2ae19629-1c20-13a3-e055-000000000001,"Knigh, Tipperary",356,6,8,15,82,29,117,31,6,650
Tipperary North,92a3af93-8212-46b6-9978-852f51bdf3c6,"Lackagh/Greenhall, Tipperary",209,0,6,6,32,19,38,12,1,323
Tipperary North,2ae19629-1c2c-13a3-e055-000000000001,"Latteragh, Tipperary",280,3,5,13,63,28,112,44,6,554
Tipperary North,2ae19629-1c37-13a3-e055-000000000001,"Littleton, Tipperary",402,11,13,40,96,68,169,43,5,847
Tipperary North,2ae19629-1c42-13a3-e055-000000000001,"Longfordpass, Tipperary",154,2,5,1,34,28,31,10,2,267
Tipperary North,2ae19629-1c43-13a3-e055-000000000001,"Lorrha East, Tipperary",115,1,5,5,24,21,66,15,3,255
Tipperary North,2ae19629-1c44-13a3-e055-000000000001,"Lorrha West, Tipperary",141,1,4,9,23,22,60,10,3,273
Tipperary North,2ae19629-1c4b-13a3-e055-000000000001,"Loughmore, Tipperary",327,3,7,9,58,33,86,14,1,538
Tipperary North,2ae19629-1c4d-13a3-e055-000000000001,"Mertonhall, Tipperary",81,0,1,2,16,11,39,3,0,153
Tipperary North,2ae19629-1c59-13a3-e055-000000000001,"Monsea, Tipperary",298,5,6,10,68,31,122,15,5,560
Tipperary North,2ae19629-1c62-13a3-e055-000000000001,"Moyaliff, Tipperary",181,3,2,0,41,31,57,12,0,327
Tipperary North,2ae19629-1c63-13a3-e055-000000000001,"Moycarky, Tipperary",217,2,4,11,48,36,92,21,1,432
Tipperary North,2ae19629-1c64-13a3-e055-000000000001,"Moyne, Tipperary",241,0,5,7,44,26,73,15,0,411
Tipperary North,2ae19629-1c51-13a3-e055-000000000001,"Nenagh East Urban, Tipperary",1557,32,74,70,296,188,365,162,9,2753
Tipperary North,2ae19629-1c6f-13a3-e055-000000000001,"Nenagh Rural, Tipperary",870,2,16,15,168,92,356,63,7,1589
Tipperary North,2ae19629-1c70-13a3-e055-000000000001,"Nenagh West Urban, Tipperary",2613,37,84,147,416,323,840,301,23,4784
Tipperary North,2ae19629-1c7a-13a3-e055-000000000001,"Newport, Tipperary",1382,15,30,44,318,128,311,125,5,2358
Tipperary North,2ae19629-1c93-13a3-e055-000000000001,"Rahelty, Tipperary",328,3,8,8,97,42,103,29,0,618
Tipperary North,2ae19629-1c94-13a3-e055-000000000001,"Rathcabban, Tipperary",118,1,1,4,32,20,42,14,1,233
Tipperary North,2ae19629-1bec-13a3-e055-000000000001,"Rathnaveoge, Tipperary",123,1,0,3,20,17,53,6,1,224
Tipperary North,2ae19629-1bed-13a3-e055-000000000001,"Redwood, Tipperary",61,0,2,1,10,6,18,8,2,108
Tipperary North,2ae19629-1bf5-13a3-e055-000000000001,"Riverstown, Tipperary",274,0,5,5,71,40,83,15,2,495
Tipperary North,2ae19629-1bf7-13a3-e055-000000000001,"Roscrea, Tipperary",2711,54,118,195,488,397,862,392,23,5240
Tipperary North,2ae19629-1c02-13a3-e055-000000000001,"Templederry, Tipperary",54,0,1,5,8,8,21,6,1,104
Tipperary North,2ae19629-1c0b-13a3-e055-000000000001,"Templemore, Tipperary",805,17,16,43,138,123,337,115,7,1601
Tipperary North,2ae19629-1c0d-13a3-e055-000000000001,"Templetouhy, Tipperary",354,4,10,14,57,54,142,43,1,679
Tipperary North,2ae19629-1c0e-13a3-e055-000000000001,"Terryglass, Tipperary",280,2,5,7,34,25,99,14,4,470
Tipperary North,2ae19629-1c18-13a3-e055-000000000001,"Thurles Rural, Tipperary",1131,8,17,37,202,107,329,53,7,1891
Tipperary North,2ae19629-1c19-13a3-e055-000000000001,"Thurles Urban, Tipperary",2808,63,103,200,564,443,1264,390,29,5864
Tipperary North,2ae19629-1c21-13a3-e055-000000000001,"Timoney, Tipperary",201,2,5,11,24,21,44,11,0,319
Tipperary North,2ae19629-1c3a-13a3-e055-000000000001,"Two-Mile-Borris, Tipperary",395,6,10,13,83,34,103,30,1,675
Tipperary North,2ae19629-1c45-13a3-e055-000000000001,"Upperchurch, Tipperary",149,1,3,2,29,11,50,7,0,252
Tipperary North,2ae19629-1c46-13a3-e055-000000000001,"Uskane, Tipperary",115,0,2,2,22,16,43,4,0,204
Tipperary North,2ae19629-1c4e-13a3-e055-000000000001,"Youghalarra, Tipperary",482,2,8,13,75,42,143,29,3,797
Tipperary South,2ae19629-1a0b-13a3-e055-000000000001,"Anner, Tipperary",197,0,4,3,43,26,39,11,2,325
Tipperary South,2ae19629-1a14-13a3-e055-000000000001,"Ardfinnan, Tipperary",534,9,5,17,85,78,154,47,4,933
Tipperary South,2ae19629-1a15-13a3-e055-000000000001,"Ardmayle, Tipperary",293,5,5,10,60,42,96,18,0,529
Tipperary South,2ae19629-1a20-13a3-e055-000000000001,"Ardsallagh, Tipperary",227,2,1,2,43,32,55,12,4,378
Tipperary South,2ae19629-1a22-13a3-e055-000000000001,"Ballingarry, Tipperary, 217010",283,5,5,23,63,58,123,45,4,609
Tipperary South,2ae19629-1a2c-13a3-e055-000000000001,"Ballybacon, Tipperary",224,0,8,1,42,32,65,14,4,390
Tipperary South,2ae19629-1a37-13a3-e055-000000000001,"Ballycarron, Tipperary",164,1,3,2,38,16,38,6,4,272
Tipperary South,2ae19629-1a38-13a3-e055-000000000001,"Ballyclerahan, Tipperary",563,2,6,8,93,50,74,32,7,835
Tipperary South,2ae19629-198e-13a3-e055-000000000001,"Ballygriffin, Tipperary",110,1,6,3,17,17,48,7,2,211
Tipperary South,2ae19629-198f-13a3-e055-000000000001,"Ballykisteen, Tipperary",417,5,6,13,62,53,125,27,6,714
Tipperary South,2ae19629-1bfa-13a3-e055-000000000001,"Ballyphilip, Tipperary",173,2,5,9,39,25,59,23,4,339
Tipperary South,2ae19629-1c03-13a3-e055-000000000001,"Ballyporeen, Tipperary",418,2,9,8,76,70,145,42,1,771
Tipperary South,2ae19629-1c04-13a3-e055-000000000001,"Ballysheehan, Tipperary",233,1,3,2,48,26,76,37,2,428
Tipperary South,2ae19629-1c0f-13a3-e055-000000000001,"Bansha, Tipperary",355,5,8,18,68,54,140,51,3,702
Tipperary South,2ae19629-1c27-13a3-e055-000000000001,"Bruis, Tipperary",159,0,1,3,35,16,46,8,1,269
Tipperary North,2ae19629-1c2f-13a3-e055-000000000001,"Buolick, Tipperary",310,8,10,16,42,43,79,39,3,550
Tipperary South,2ae19629-1c31-13a3-e055-000000000001,"Burncourt, Tipperary",205,0,2,3,38,27,67,24,0,366
Tipperary South,2ae19629-1c32-13a3-e055-000000000001,"Caher, Tipperary",576,3,10,18,73,61,254,46,5,1046
Tipperary North,2ae19629-1c3b-13a3-e055-000000000001,"Cappagh, Tipperary",421,1,12,17,76,58,134,31,3,753
Tipperary South,2ae19629-1c3c-13a3-e055-000000000001,"Carrick-On-Suir Rural, Tipperary",234,1,5,6,42,31,89,21,1,430
Tipperary South,2ae19629-1c3d-13a3-e055-000000000001,"Carrick-On-Suir Urban, Tipperary",1628,55,72,169,328,291,776,372,19,3710
Tipperary South,2ae19629-1c3e-13a3-e055-000000000001,"Carrickbeg Urban, Tipperary",633,10,17,41,126,72,230,81,4,1214
Tipperary South,2ae19629-1c53-13a3-e055-000000000001,"Cashel Rural, Tipperary",1302,14,24,63,238,163,314,141,28,2287
Tipperary South,2ae19629-1c54-13a3-e055-000000000001,"Cashel Urban, Tipperary",1128,21,40,84,166,152,398,179,11,2179
Tipperary South,2ae19629-1c5d-13a3-e055-000000000001,"Clogheen, Tipperary",429,6,13,24,57,64,179,49,9,830
Tipperary North,2ae19629-1c5e-13a3-e055-000000000001,"Clogher, Tipperary",114,0,1,6,25,13,27,5,0,191
Tipperary South,2ae19629-1c75-13a3-e055-000000000001,"Clonbeg, Tipperary",340,3,10,13,56,43,106,41,3,615
Tipperary South,2ae19629-1c76-13a3-e055-000000000001,"Cloneen, Tipperary",214,0,2,2,46,33,61,15,3,376
Tipperary South,2ae19629-1c50-13a3-e055-000000000001,"Clonmel East Urban, Tipperary",1914,26,60,79,298,204,689,223,24,3517
Tipperary South,2ae19629-1c7f-13a3-e055-000000000001,"Clonmel Rural, Tipperary",2696,35,60,101,452,271,548,233,24,4420
Tipperary South,2ae19629-1c80-13a3-e055-000000000001,"Clonmel West Urban, Tipperary",2173,38,85,181,358,335,1333,455,26,4984
Tipperary North,2ae19629-1c81-13a3-e055-000000000001,"Clonoulty East, Tipperary",239,1,6,10,41,36,84,19,0,436
Tipperary North,2ae19629-1c8d-13a3-e055-000000000001,"Clonoulty West, Tipperary",320,3,6,8,48,46,88,35,2,556
Tipperary South,2ae19629-1c8e-13a3-e055-000000000001,"Colman, Tipperary",225,3,6,9,36,15,72,9,2,377
Tipperary South,2ae19629-1be6-13a3-e055-000000000001,"Coolagarranroe, Tipperary",270,0,5,5,45,39,89,23,2,478
Tipperary South,2ae19629-1be7-13a3-e055-000000000001,"Cooleagh, Tipperary",270,4,4,5,56,42,68,13,2,464
Tipperary South,2ae19629-1be8-13a3-e055-000000000001,"Crohane, Tipperary",118,1,1,6,29,22,37,4,0,218
Tipperary South,2ae19629-1bf0-13a3-e055-000000000001,"Cullen, Tipperary",115,0,6,7,29,11,45,11,1,225
Tipperary North,2ae19629-1bf1-13a3-e055-000000000001,"Curraheen, Tipperary",132,1,0,5,23,21,41,11,0,234
Tipperary South,2ae19629-1bfb-13a3-e055-000000000001,"Derrygrath, Tipperary",324,0,2,6,61,42,89,23,3,550
Tipperary North,2ae19629-1bfd-13a3-e055-000000000001,"Donohill, Tipperary",287,4,3,10,47,36,114,21,3,525
Tipperary South,2ae19629-1c05-13a3-e055-000000000001,"Drangan, Tipperary",291,2,9,8,64,47,84,35,2,542
Tipperary South,2ae19629-1c07-13a3-e055-000000000001,"Drumwood, Tipperary",277,2,6,9,59,30,71,22,1,477
Tipperary South,2ae19629-1c08-13a3-e055-000000000001,"Emly, Tipperary",283,10,3,20,52,39,103,36,3,549
Tipperary South,2ae19629-1c12-13a3-e055-000000000001,"Farranrory, Tipperary",176,4,5,14,35,40,63,29,1,367
Tipperary North,2ae19629-1c13-13a3-e055-000000000001,"Fennor, Tipperary",260,5,5,15,43,36,86,11,1,462
Tipperary South,2ae19629-1c4f-13a3-e055-000000000001,"Fethard, Tipperary",405,12,22,25,54,68,148,79,11,824
Tipperary North,2ae19629-1c1e-13a3-e055-000000000001,"Gaile, Tipperary",342,2,9,14,43,43,131,20,6,610
Tipperary South,2ae19629-1c28-13a3-e055-000000000001,"Garrangibbon, Tipperary",303,3,6,11,48,44,74,47,5,541
Tipperary North,2ae19629-1c29-13a3-e055-000000000001,"Glengar, Tipperary",116,3,1,5,28,18,27,10,1,209
Tipperary South,2ae19629-1c34-13a3-e055-000000000001,"Golden, Tipperary",422,3,13,12,78,41,126,31,5,731
Tipperary South,2ae19629-1c40-13a3-e055-000000000001,"Graigue, Tipperary, 217083",73,0,1,2,15,10,21,1,1,124
Tipperary South,2ae19629-1c49-13a3-e055-000000000001,"Graystown, Tipperary",176,3,9,14,41,33,70,12,4,362
Tipperary South,2ae19629-1c5f-13a3-e055-000000000001,"Inishlounaght, Tipperary",1559,17,37,40,273,163,546,158,9,2802
Tipperary South,2ae19629-1c61-13a3-e055-000000000001,"Kilcash, Tipperary",371,3,8,12,83,39,102,27,2,647
Tipperary South,2ae19629-1c6c-13a3-e055-000000000001,"Kilcommon, Tipperary",983,19,50,55,156,141,336,137,14,1891
Tipperary North,2ae19629-1c6d-13a3-e055-000000000001,"Kilcooly, Tipperary",137,2,2,1,33,24,40,13,1,253
Tipperary South,2ae19629-1c77-13a3-e055-000000000001,"Kilcoran, Tipperary",274,0,5,8,56,37,54,8,4,446
Tipperary South,2ae19629-1c78-13a3-e055-000000000001,"Kilfeakle, Tipperary",227,4,3,8,46,35,72,17,0,412
Tipperary South,2ae19629-1c83-13a3-e055-000000000001,"Killadriffe, Tipperary",265,1,3,10,35,29,90,16,1,450
Tipperary South,2ae19629-1c15-13a3-e055-000000000001,"Killaloan/Kilsheelan, Tipperary",647,7,13,26,123,92,202,61,5,1176
Tipperary South,2ae19629-1c90-13a3-e055-000000000001,"Killeenasteena, Tipperary",302,4,3,3,63,32,101,24,2,534
Tipperary South,2ae19629-1c91-13a3-e055-000000000001,"Killenaule, Tipperary",497,12,16,32,90,84,211,66,4,1012
Tipperary South,2ae19629-1bf3-13a3-e055-000000000001,"Kilmucklin, Tipperary",257,4,7,10,63,24,72,18,5,460
Tipperary South,2ae19629-1bf4-13a3-e055-000000000001,"Kilmurry, Tipperary",168,1,2,13,29,30,39,9,0,291
Tipperary South,2ae19629-1c09-13a3-e055-000000000001,"Kilpatrick, Tipperary",467,6,12,10,70,58,131,45,3,802
Tipperary South,2ae19629-1c16-13a3-e055-000000000001,"Kiltinan, Tipperary",142,1,2,4,30,19,49,8,0,255
Tipperary South,2ae19629-1c1f-13a3-e055-000000000001,"Kilvemnon, Tipperary",197,2,5,9,36,29,55,32,2,367
Tipperary South,2ae19629-1c2a-13a3-e055-000000000001,"Knockgraffon, Tipperary",353,3,2,12,67,47,84,27,8,603
Tipperary South,2ae19629-1c35-13a3-e055-000000000001,"Lattin, Tipperary",242,1,2,9,47,28,73,27,0,429
Tipperary South,2ae19629-1c36-13a3-e055-000000000001,"Lisronagh, Tipperary",443,2,4,7,80,42,85,38,3,704
Tipperary South,2ae19629-1c4c-13a3-e055-000000000001,"Magorban, Tipperary",330,2,10,7,66,33,86,32,1,567
Tipperary South,2ae19629-1c58-13a3-e055-000000000001,"Modeshil, Tipperary",187,0,3,2,31,25,43,11,2,304
Tipperary South,2ae19629-1c5a-13a3-e055-000000000001,"Mortlestown, Tipperary",797,11,23,28,151,86,124,68,7,1295
Tipperary South,2ae19629-1c6e-13a3-e055-000000000001,"Mullinahone, Tipperary",330,5,9,29,72,64,142,56,10,717
Tipperary South,2ae19629-1c71-13a3-e055-000000000001,"New Birmingham, Tipperary",172,2,9,8,31,43,70,25,3,363
Tipperary South,2ae19629-1c79-13a3-e055-000000000001,"Newcastle, Tipperary",301,6,3,16,60,47,94,24,0,551
Tipperary South,2ae19629-1c86-13a3-e055-000000000001,"Newtown, Tipperary",168,1,9,7,41,26,55,20,2,329
Tipperary South,2ae19629-1c87-13a3-e055-000000000001,"Nodstown, Tipperary",289,1,7,7,45,32,63,27,1,472
Tipperary South,2ae19629-1c88-13a3-e055-000000000001,"Oughterleague, Tipperary",250,4,4,7,51,25,108,27,1,477
Tipperary South,2ae19629-1c89-13a3-e055-000000000001,"Peppardstown, Tipperary",634,5,11,31,107,108,172,61,4,1133
Tipperary South,2ae19629-1c92-13a3-e055-000000000001,"Poyntstown, Tipperary",75,3,1,3,8,14,26,12,0,142
Tipperary South,2ae19629-1beb-13a3-e055-000000000001,"Rathlynin, Tipperary",166,1,4,5,45,20,44,16,1,302
Tipperary South,2ae19629-1bf6-13a3-e055-000000000001,"Rodus, Tipperary",119,1,0,1,23,14,42,12,1,213
Tipperary South,2ae19629-1c00-13a3-e055-000000000001,"Shronell, Tipperary",170,0,2,3,38,22,78,10,2,325
Tipperary South,2ae19629-1c01-13a3-e055-000000000001,"Solloghodbeg, Tipperary",93,0,3,7,26,17,34,10,2,192
Tipperary South,2ae19629-1c0c-13a3-e055-000000000001,"Templeneiry, Tipperary",219,1,10,5,34,21,58,20,4,372
Tipperary South,2ae19629-1c17-13a3-e055-000000000001,"Thomastown, Tipperary",182,0,5,6,25,22,56,21,0,317
Tipperary South,2ae19629-1c22-13a3-e055-000000000001,"Tipperary East Urban, Tipperary",865,27,37,107,146,177,430,235,25,2049
Tipperary South,2ae19629-1c23-13a3-e055-000000000001,"Tipperary Rural, Tipperary",935,19,49,49,200,124,307,87,12,1782
Tipperary South,2ae19629-1c24-13a3-e055-000000000001,"Tipperary West Urban, Tipperary",816,15,26,74,139,97,334,158,9,1668
Tipperary South,2ae19629-1c2d-13a3-e055-000000000001,"Tubbrid, Tipperary",300,3,8,4,42,28,101,21,5,512
Tipperary South,2ae19629-1c2e-13a3-e055-000000000001,"Tullaghmelan, Tipperary",488,9,16,25,97,71,132,42,1,881
Tipperary South,2ae19629-1c38-13a3-e055-000000000001,"Tullaghorton, Tipperary",132,2,3,4,24,24,43,11,0,243
Tipperary South,2ae19629-1c39-13a3-e055-000000000001,"Tullamain, Tipperary",327,4,7,11,76,41,90,27,1,584
Waterford,2ae19629-1b7e-13a3-e055-000000000001,"Ballybeg North, Waterford",1001,26,64,152,270,145,354,158,7,2177
Waterford,52b67420-9925-451f-8d49-872af209226e,"Ballybeg South/Ballynaneashagh, Waterford",123,2,2,6,26,29,43,13,0,244
Waterford,2ae19629-1b80-13a3-e055-000000000001,"Ballybricken, Waterford",80,1,6,7,7,6,32,9,1,149
Waterford,2ae19629-1b81-13a3-e055-000000000001,"Ballymaclode, Waterford",547,6,18,10,114,66,279,30,4,1074
Waterford,2ae19629-1b82-13a3-e055-000000000001,"Ballynakill, Waterford, 228005",909,14,25,30,176,106,639,55,5,1959
Waterford,2ae19629-1b8e-13a3-e055-000000000001,"Ballytruckle, Waterford",2936,66,112,218,647,297,421,334,20,5051
Waterford,2ae19629-1b8f-13a3-e055-000000000001,"Bilberry, Waterford",491,11,36,47,60,47,108,31,3,834
Waterford,2ae19629-1b90-13a3-e055-000000000001,"Centre A, Waterford",412,10,33,37,90,45,94,45,3,769
Waterford,2ae19629-1b91-13a3-e055-000000000001,"Centre B, Waterford",124,4,9,19,25,11,36,22,0,250
Waterford,2ae19629-1b92-13a3-e055-000000000001,"Cleaboy, Waterford",1244,11,24,45,220,123,388,120,1,2176
Waterford,2ae19629-1b93-13a3-e055-000000000001,"Custom House A, Waterford",176,4,18,12,23,9,53,29,1,325
Waterford,2ae19629-1b94-13a3-e055-000000000001,"Custom House B, Waterford",151,13,8,19,22,8,37,19,35,312
Waterford,2ae19629-1b95-13a3-e055-000000000001,"Farranshoneen, Waterford",2907,24,60,90,557,260,723,136,22,4779
Waterford,2ae19629-1b96-13a3-e055-000000000001,"Ferrybank, Waterford",367,3,13,25,46,46,197,45,1,743
Waterford,2ae19629-1ba2-13a3-e055-000000000001,"Gracedieu, Waterford",855,24,38,68,239,97,103,84,5,1513
Waterford,2ae19629-1bc0-13a3-e055-000000000001,"Grange North, Waterford",374,7,8,38,66,43,171,59,4,770
Waterford,2ae19629-1ba3-13a3-e055-000000000001,"Grange South, Waterford",1321,42,54,109,285,149,312,142,8,2422
Waterford,2ae19629-1ba4-13a3-e055-000000000001,"Grange Upper, Waterford",1143,16,28,47,206,140,288,60,9,1937
Waterford,2ae19629-1ba5-13a3-e055-000000000001,"Kilbarry, Waterford, 228019",1259,30,51,73,321,127,78,69,9,2017
Waterford,2ae19629-1ba6-13a3-e055-000000000001,"Kingsmeadow, Waterford",425,8,36,47,225,73,280,66,5,1165
Waterford,2ae19629-1ba7-13a3-e055-000000000001,"Larchville, Waterford",312,13,23,51,109,65,205,88,10,876
Waterford,2ae19629-1ba8-13a3-e055-000000000001,"Lisduggan, Waterford",346,5,17,50,67,71,220,64,6,846
Waterford,2ae19629-1ba9-13a3-e055-000000000001,"Military Road, Waterford",337,6,20,31,50,39,167,82,5,737
Waterford,2ae19629-1baa-13a3-e055-000000000001,"Morrisson's Avenue East, Waterford",286,7,19,28,49,37,100,33,2,561
Waterford,2ae19629-1bab-13a3-e055-000000000001,"Morrisson's Avenue West, Waterford",109,2,5,10,25,20,56,24,4,255
Waterford,2ae19629-1bac-13a3-e055-000000000001,"Morrisson's Road, Waterford",199,4,7,25,30,25,125,42,3,460
Waterford,2ae19629-1bad-13a3-e055-000000000001,"Mount Sion, Waterford",471,25,33,72,98,74,127,83,6,989
Waterford,2ae19629-1bae-13a3-e055-000000000001,"Newport's Square, Waterford",219,7,12,29,43,28,93,57,5,493
Waterford,2ae19629-1baf-13a3-e055-000000000001,"Newtown, Waterford, 228029",396,2,10,14,120,40,304,26,1,913
Waterford,2ae19629-1bb8-13a3-e055-000000000001,"Park, Waterford",849,16,52,60,118,63,174,61,5,1398
Waterford,2ae19629-1bb9-13a3-e055-000000000001,"Poleberry, Waterford",692,10,37,55,306,52,216,85,4,1457
Waterford,2ae19629-1bba-13a3-e055-000000000001,"Roanmore, Waterford",294,9,14,32,59,53,142,69,3,675
Waterford,2ae19629-1bbb-13a3-e055-000000000001,"Shortcourse, Waterford",149,3,14,34,22,18,50,26,1,317
Waterford,2ae19629-1bbc-13a3-e055-000000000001,"Slievekeale, Waterford",265,8,15,23,32,44,164,46,3,600
Waterford,2ae19629-1bbd-13a3-e055-000000000001,"The Glen, Waterford",484,18,36,50,74,77,66,45,6,856
Waterford,2ae19629-1bbe-13a3-e055-000000000001,"Ticor North, Waterford",867,10,35,40,193,128,480,89,4,1846
Waterford,2ae19629-1bbf-13a3-e055-000000000001,"Ticor South, Waterford",158,0,7,8,61,32,122,15,0,403
Waterford,2ae19629-1c52-13a3-e055-000000000001,"Annestown, Waterford",426,2,4,8,80,45,114,24,3,706
Waterford,2ae19629-1c5b-13a3-e055-000000000001,"Aird Mhór, Port Láirge, 227002",109,1,2,4,31,8,26,13,1,195
Waterford,2ae19629-1c5c-13a3-e055-000000000001,"Ardmore, Waterford, 227003",348,1,10,14,56,52,151,33,5,670
Waterford,2ae19629-1c65-13a3-e055-000000000001,"Ballyduff, Waterford",165,2,2,4,22,25,39,11,0,270
Waterford,2ae19629-1c66-13a3-e055-000000000001,"Ballydurn, Waterford",107,0,2,1,14,12,21,5,1,163
Waterford,2ae19629-1c67-13a3-e055-000000000001,"Ballyhane, Waterford",214,2,7,6,42,19,79,22,2,393
Waterford,2ae19629-1c72-13a3-e055-000000000001,"Ballyheeny, Waterford",245,1,8,13,54,38,99,18,2,478
Waterford,2ae19629-1c73-13a3-e055-000000000001,"Ballyin, Waterford",243,0,5,10,45,33,75,20,1,432
Waterford,2ae19629-1c74-13a3-e055-000000000001,"Ballylaneen, Waterford",125,1,2,2,21,21,41,11,0,224
Waterford,2ae19629-1c7b-13a3-e055-000000000001,"Ballymacarbry, Waterford",259,6,8,5,51,30,49,21,3,432
Waterford,2ae19629-1c7c-13a3-e055-000000000001,"Baile Mhac Airt, Port Láirge",164,0,6,11,33,25,50,12,1,302
Waterford,2ae19629-1c7d-13a3-e055-000000000001,"Ballynakill, Waterford, 227012",154,1,1,3,25,16,121,28,1,350
Waterford,2ae19629-1c7e-13a3-e055-000000000001,"Ballynamult, Waterford",96,1,1,4,16,12,27,9,0,166
Waterford,2ae19629-1c8a-13a3-e055-000000000001,"Ballysaggartmore, Waterford",181,2,6,3,32,19,42,15,0,300
Waterford,2ae19629-1c8b-13a3-e055-000000000001,"Bohadoon, Waterford",143,0,2,2,23,19,57,8,1,255
Waterford,2ae19629-1c8c-13a3-e055-000000000001,"Cappagh, Waterford",195,0,4,3,41,20,68,12,1,344
Waterford,2ae19629-1c95-13a3-e055-000000000001,"Cappoquin, Waterford",576,8,12,35,91,83,218,60,4,1087
Waterford,2ae19629-1c96-13a3-e055-000000000001,"Carrickbeg Rural, Waterford",199,1,1,5,46,29,92,16,3,392
Waterford,2ae19629-1c97-13a3-e055-000000000001,"Carrigcastle, Waterford",129,1,3,1,15,24,37,10,2,222
Waterford,2ae19629-1be3-13a3-e055-000000000001,"Carriglea, Waterford",256,1,6,6,40,23,89,41,1,463
Waterford,2ae19629-1be4-13a3-e055-000000000001,"Castlerichard, Waterford",236,0,2,4,54,37,80,9,4,426
Waterford,2ae19629-1be5-13a3-e055-000000000001,"Clashmore, Waterford",215,2,5,4,28,29,78,13,5,379
Waterford,2ae19629-1bee-13a3-e055-000000000001,"Clonea, Waterford, 227023",198,1,2,10,38,16,58,18,1,342
Waterford,2ae19629-1bef-13a3-e055-000000000001,"Clonea, Waterford, 227024",1111,9,25,27,212,127,271,78,6,1866
Waterford,2ae19629-1b1e-13a3-e055-000000000001,"Colligan, Waterford",293,3,6,3,70,41,119,25,3,563
Waterford,2ae19629-1b1f-13a3-e055-000000000001,"Comeragh, Waterford",240,2,6,10,40,38,72,20,2,430
Waterford,2ae19629-1b20-13a3-e055-000000000001,"Coumaraglin, Waterford",131,1,3,1,17,16,39,6,0,214
Waterford,2ae19629-1b2b-13a3-e055-000000000001,"Dromana, Waterford",361,4,9,16,61,52,111,30,5,649
Waterford,2ae19629-1b2c-13a3-e055-000000000001,"Dromore, Waterford",111,1,1,1,18,13,35,11,1,192
Waterford,2ae19629-1b2d-13a3-e055-000000000001,"Drumcannon, Waterford",177,1,2,8,33,27,68,15,1,332
Waterford,2ae19629-1b38-13a3-e055-000000000001,"Drumroe, Waterford",117,2,2,3,11,13,55,7,3,213
Waterford,2ae19629-1b39-13a3-e055-000000000001,"Dungarvan No. 1 Urban, Waterford",1956,60,113,163,374,295,825,412,37,4235
Waterford,2ae19629-1b3a-13a3-e055-000000000001,"Dungarvan No. 2 Urban, Waterford",1665,16,20,62,284,166,680,138,16,3047
Waterford,2ae19629-1b3b-13a3-e055-000000000001,"Dungarvan Rural, Waterford",911,8,22,51,169,102,300,76,10,1649
Waterford,2ae19629-1b3c-13a3-e055-000000000001,"Dunhill, Waterford",120,0,3,5,23,14,41,10,1,217
Waterford,2ae19629-1b47-13a3-e055-000000000001,"Faithlegg, Waterford",937,10,25,26,210,106,369,62,9,1754
Waterford,2ae19629-1b48-13a3-e055-000000000001,"Fenoagh, Waterford",106,0,2,1,21,17,35,7,0,189
Waterford,2ae19629-1b49-13a3-e055-000000000001,"Fews, Waterford",167,1,7,5,30,21,43,7,2,283
Waterford,2ae19629-1b52-13a3-e055-000000000001,"Fox's Castle, Waterford",230,2,6,6,28,27,69,16,1,385
Waterford,2ae19629-1b53-13a3-e055-000000000001,"Gardenmorris, Waterford",184,1,4,7,33,29,56,20,2,336
Waterford,2ae19629-1b54-13a3-e055-000000000001,"Georgestown, Waterford",107,0,1,2,17,13,31,6,2,179
Waterford,2ae19629-1b5e-13a3-e055-000000000001,"Glen, Waterford",235,0,1,7,36,28,55,10,1,373
Waterford,2ae19629-1b5f-13a3-e055-000000000001,"Glenwilliam, Waterford",90,0,3,0,22,14,22,5,1,157
Waterford,2ae19629-1b60-13a3-e055-000000000001,"Gortnapeaky, Waterford",82,1,2,3,16,18,34,5,0,161
Waterford,2ae19629-1b6c-13a3-e055-000000000001,"Graignagower, Waterford",251,0,3,7,37,36,72,20,1,427
Waterford,2ae19629-1b6d-13a3-e055-000000000001,"Grallagh, Waterford",107,1,2,3,26,14,27,6,0,186
Waterford,2ae19629-1b6e-13a3-e055-000000000001,"Grange, Waterford",165,0,4,7,28,22,42,16,2,286
Waterford,2ae19629-1b78-13a3-e055-000000000001,"Gurteen, Waterford",171,0,5,3,28,19,64,14,1,305
Waterford,2ae19629-1b79-13a3-e055-000000000001,"Islandikane, Waterford",1219,10,24,20,246,134,391,60,7,2111
Waterford,2ae19629-1b7a-13a3-e055-000000000001,"Keereen, Waterford",118,0,5,3,20,22,26,7,0,201
Waterford,2ae19629-1b7b-13a3-e055-000000000001,"Kilbarry, Waterford, 227051",113,3,2,2,44,10,15,5,1,195
Waterford,2ae19629-1b7c-13a3-e055-000000000001,"Kilbarrymeaden, Waterford",183,5,11,20,50,36,33,23,1,362
Waterford,2ae19629-1b8a-13a3-e055-000000000001,"Kilcockan, Waterford",101,0,2,4,10,15,36,10,1,179
Waterford,2ae19629-1b8b-13a3-e055-000000000001,"Killea, Waterford",754,9,20,28,133,102,247,45,7,1345
Waterford,2ae19629-1b8c-13a3-e055-000000000001,"Killoteran, Waterford",261,0,6,6,42,38,148,19,1,521
Waterford,2ae19629-1b9f-13a3-e055-000000000001,"Kilmacleague, Waterford",190,0,2,6,48,22,50,10,0,328
Waterford,2ae19629-1ba0-13a3-e055-000000000001,"Kilmacomma, Waterford",203,1,2,5,36,31,85,23,2,388
Waterford,2ae19629-1ba1-13a3-e055-000000000001,"Kilmacthomas, Waterford",602,8,24,37,121,95,187,69,6,1149
Waterford,2ae19629-1bb5-13a3-e055-000000000001,"Kilmeadan, Waterford, 227059",341,1,6,12,75,40,154,32,2,663
Waterford,2ae19629-1bb6-13a3-e055-000000000001,"Kilmeadan, Waterford, 227060",387,6,9,18,66,53,75,36,0,650
Waterford,2ae19629-1bb7-13a3-e055-000000000001,"Kilronan, Waterford",107,2,3,3,30,11,27,5,1,189
Waterford,2ae19629-1bc7-13a3-e055-000000000001,"Kilwatermoy East, Waterford",61,0,1,1,9,10,23,3,0,108
Waterford,2ae19629-1bc8-13a3-e055-000000000001,"Kilwatermoy West, Waterford",94,1,1,5,21,15,31,10,0,178
Waterford,2ae19629-1bc9-13a3-e055-000000000001,"Kinsalebeg, Waterford",278,0,5,7,30,34,97,29,1,481
Waterford,2ae19629-1bd6-13a3-e055-000000000001,"Knockaunbrandaun, Waterford",93,0,2,2,9,13,37,7,3,166
Waterford,2ae19629-1bd7-13a3-e055-000000000001,"Knockmahon, Waterford",170,3,1,5,25,27,77,17,2,327
Waterford,2ae19629-1bd8-13a3-e055-000000000001,"Lismore Rural, Waterford",546,9,11,15,103,81,180,45,2,992
Waterford,2ae19629-1b63-13a3-e055-000000000001,"Lismore Urban, Waterford",350,4,9,14,39,57,122,41,7,643
Waterford,2ae19629-1bd9-13a3-e055-000000000001,"Mocollop, Waterford",107,0,0,4,20,16,38,6,2,193
Waterford,2ae19629-1b09-13a3-e055-000000000001,"Modelligo, Waterford, 227069",158,1,2,3,36,15,48,4,0,267
Waterford,2ae19629-1b0a-13a3-e055-000000000001,"Modelligo, Waterford, 227070",156,1,3,4,48,19,44,11,1,287
Waterford,2ae19629-1b15-13a3-e055-000000000001,"Mothel, Waterford",221,2,4,2,46,31,62,13,1,382
Waterford,2ae19629-1b16-13a3-e055-000000000001,"Mountkennedy, Waterford",223,4,5,6,49,21,60,19,2,389
Waterford,2ae19629-1b17-13a3-e055-000000000001,"Mountstuart, Waterford",37,0,1,4,12,9,7,2,0,72
Waterford,2ae19629-1b21-13a3-e055-000000000001,"Newcastle, Waterford",247,0,2,5,64,31,60,17,2,428
Waterford,2ae19629-1b22-13a3-e055-000000000001,"Newtown, Waterford, 227075",230,2,5,7,42,35,61,11,4,397
Waterford,2ae19629-1b23-13a3-e055-000000000001,"Pembrokestown, Waterford",254,2,3,4,51,26,79,7,3,429
Waterford,2ae19629-1b2e-13a3-e055-000000000001,"Portlaw, Waterford",720,9,20,37,134,106,207,62,2,1297
Waterford,2ae19629-1b2f-13a3-e055-000000000001,"Rathgormuck, Waterford",89,1,2,4,11,15,34,6,11,173
Waterford,2ae19629-1b30-13a3-e055-000000000001,"Rathmoylan, Waterford",554,5,23,14,107,67,175,39,14,998
Waterford,2ae19629-1b3d-13a3-e055-000000000001,"Reisk, Waterford",606,4,14,16,101,65,177,43,2,1028
Waterford,2ae19629-1b3e-13a3-e055-000000000001,"An Rinn, Port Láirge",685,7,13,14,132,67,184,36,3,1141
Waterford,2ae19629-1b3f-13a3-e055-000000000001,"Ross, Waterford",140,1,3,1,28,20,44,6,2,245
Waterford,2ae19629-1b4a-13a3-e055-000000000001,"Seskinan, Waterford",216,2,6,11,23,18,82,15,2,375
Waterford,2ae19629-1b4b-13a3-e055-000000000001,"St. Mary's, Waterford",315,2,5,10,56,47,155,20,1,611
Waterford,2ae19629-1b55-13a3-e055-000000000001,"Stradbally, Waterford",378,2,10,13,73,57,162,24,3,722
Waterford,2ae19629-1b56-13a3-e055-000000000001,"Tallow, Waterford",539,13,28,37,100,102,188,65,7,1079
Waterford,2ae19629-1b61-13a3-e055-000000000001,"Templemichael, Waterford",217,4,4,4,41,25,56,21,2,374
Waterford,2ae19629-1b62-13a3-e055-000000000001,"Tinnasaggart, Waterford",47,0,0,1,9,2,13,2,0,74
Waterford,2ae19629-1b6f-13a3-e055-000000000001,"Tramore, Waterford",4344,87,122,221,959,473,1459,369,44,8078
Waterford,2ae19629-1b70-13a3-e055-000000000001,"Whitechurch, Waterford",108,0,1,3,19,19,30,3,0,183
Waterford,2ae19629-1b7d-13a3-e055-000000000001,"Woodstown, Waterford",282,3,8,6,66,34,117,16,3,535
Galway West,2ae19629-235a-13a3-e055-000000000001,"Ballybaan, Galway City",6449,118,244,392,1502,526,744,611,80,10666
Galway West,2ae19629-235b-13a3-e055-000000000001,"Baile an Bhriotaigh, Cathair na Gaillimhe",560,4,7,20,113,26,63,23,3,819
Galway West,2ae19629-235c-13a3-e055-000000000001,"Bearna, Cathair na Gaillimhe",7879,108,242,300,1770,682,1496,487,80,13044
Galway West,2ae19629-235d-13a3-e055-000000000001,"An Caisleán Gearr, Cathair na Gaillimhe",2177,46,83,107,453,189,329,223,30,3637
Galway West,2ae19629-235e-13a3-e055-000000000001,"Claddagh, Galway City",1338,22,55,66,293,103,483,76,25,2461
Galway West,2ae19629-235f-13a3-e055-000000000001,"Dangan, Galway City",1602,50,73,82,1487,132,536,168,15,4145
Galway West,2ae19629-2360-13a3-e055-000000000001,"Eyre Square, Galway City",2632,53,127,113,673,127,359,131,41,4256
Galway West,2ae19629-2361-13a3-e055-000000000001,"Cnoc na Cathrach, Cathair na Gaillimhe",680,8,15,26,110,85,311,36,16,1287
Galway West,2ae19629-236f-13a3-e055-000000000001,"Lough Atalia, Galway City",399,3,10,21,62,33,208,32,2,770
Galway West,2ae19629-2370-13a3-e055-000000000001,"Mionlach, Cathair na Gaillimhe",2314,34,79,123,1237,188,570,169,25,4739
Galway West,2ae19629-2371-13a3-e055-000000000001,"Mervue, Galway City",984,15,42,57,228,110,333,112,17,1898
Galway West,2ae19629-2372-13a3-e055-000000000001,"Murroogh, Galway City",1482,25,44,64,315,118,312,65,18,2443
Galway West,2ae19629-2373-13a3-e055-000000000001,"An Caisleán Nua, Cathair na Gaillimhe",718,24,33,55,353,107,420,89,18,1817
Galway West,2ae19629-2374-13a3-e055-000000000001,"Oileán Altanach, Cathair na Gaillimhe",895,9,32,37,251,68,225,41,6,1564
Galway West,2ae19629-2375-13a3-e055-000000000001,"Rahoon, Galway City",1657,27,59,86,356,151,320,135,10,2801
Galway West,2ae19629-2376-13a3-e055-000000000001,"Renmore, Galway City",633,6,19,19,103,78,348,46,8,1260
Galway West,2ae19629-2377-13a3-e055-000000000001,"Rockbarton, Galway City",734,7,23,18,181,104,467,38,4,1576
Galway West,2ae19629-2382-13a3-e055-000000000001,"Salthill, Galway City",1790,42,68,65,420,117,544,75,20,3141
Galway West,2ae19629-2383-13a3-e055-000000000001,"Shantalla, Galway City",718,15,32,36,228,95,566,140,15,1845
Galway West,2ae19629-2384-13a3-e055-000000000001,"Toghroinn San Niocláis, Cathair na Gaillimhe",1735,39,80,72,541,92,271,93,31,2954
Galway West,2ae19629-2385-13a3-e055-000000000001,"Taylors Hill, Galway City",1245,36,45,76,587,119,378,96,17,2599
Galway West,2ae19629-2386-13a3-e055-000000000001,"Wellpark, Galway City",997,21,35,49,170,77,203,92,16,1660
Galway East,2ae19629-20ff-13a3-e055-000000000001,"Abbey East, Galway County",292,1,10,6,40,48,99,21,9,526
Galway East,2ae19629-2100-13a3-e055-000000000001,"Abbey West, Galway County",426,1,9,5,58,46,87,17,2,651
Galway East,2ae19629-2101-13a3-e055-000000000001,"Abbeygormacan, Galway County",218,0,2,7,35,21,59,8,1,351
Galway East,2ae19629-2102-13a3-e055-000000000001,"Abbeyville, Galway County",120,1,3,3,30,12,46,10,2,227
Galway East,2ae19629-2046-13a3-e055-000000000001,"Addergoole, Galway County",241,3,7,10,47,50,95,16,4,473
Roscommon-Galway,2ae19629-2047-13a3-e055-000000000001,"Ahascragh, Galway County",268,5,10,17,46,41,81,21,5,494
Galway East,2ae19629-204d-13a3-e055-000000000001,"Aille, Galway County",208,3,2,2,32,24,75,7,2,355
Galway East,2ae19629-204e-13a3-e055-000000000001,"Annagh, Galway County",174,1,3,7,31,25,52,13,0,306
Galway East,2ae19629-204f-13a3-e055-000000000001,"Eanach Dhúin, Gaillimh, 067009",937,6,29,23,198,101,252,52,8,1606
Galway East,2ae19629-2059-13a3-e055-000000000001,"Annaghdown, Galway County, 067010",673,3,13,23,146,82,150,44,8,1142
Galway East,2ae19629-205a-13a3-e055-000000000001,"Ardamullivan, Galway County",331,3,10,8,57,34,90,22,4,559
Galway East,2ae19629-205b-13a3-e055-000000000001,"Ardrahan, Galway County",259,0,7,13,58,28,112,15,2,494
Galway East,2ae19629-2050-13a3-e055-000000000001,"Athenry, Galway County",2663,27,62,112,509,245,545,172,27,4362
Galway East,2ae19629-2051-13a3-e055-000000000001,"Aughrim, Galway County, 067014",633,2,16,16,128,56,125,36,5,1017
Galway East,2ae19629-2052-13a3-e055-000000000001,"Aughrim, Galway County, 067015",243,2,6,11,57,29,94,40,3,485
Roscommon-Galway,2ae19629-205c-13a3-e055-000000000001,"Ballinasloe Rural, Galway County",252,3,7,7,47,36,89,20,1,462
Roscommon-Galway,2ae19629-205d-13a3-e055-000000000001,"Ballinasloe Urban, Galway County",2639,87,118,272,532,453,1154,452,55,5762
Roscommon-Galway,2ae19629-205e-13a3-e055-000000000001,"Ballinastack, Galway County",142,2,6,6,28,22,57,11,1,275
Galway East,2ae19629-205f-13a3-e055-000000000001,"Ballinderry, Galway County",295,1,7,9,47,26,54,12,1,452
Galway East,2ae19629-2068-13a3-e055-000000000001,"Ballinduff, Galway County",322,2,13,12,82,38,91,12,2,574
Galway West,2ae19629-2069-13a3-e055-000000000001,"Baile an Teampaill, Gaillimh",838,8,17,21,128,72,171,41,4,1300
Galway East,2ae19629-2074-13a3-e055-000000000001,"Ballycahalan, Galway County",92,2,3,5,17,13,38,9,1,180
Galway East,2ae19629-2075-13a3-e055-000000000001,"Ballyglass, Galway County",78,0,1,2,10,17,28,7,0,143
Galway East,2ae19629-2076-13a3-e055-000000000001,"Ballymacward, Galway County",135,2,3,4,25,27,41,13,2,252
Roscommon-Galway,2ae19629-207e-13a3-e055-000000000001,"Ballymoe, Galway County",178,1,3,5,29,26,75,14,0,331
Galway West,2ae19629-207f-13a3-e055-000000000001,"Ballynacourty, Galway County",573,2,7,8,106,61,211,14,3,985
Galway East,2ae19629-2080-13a3-e055-000000000001,"Ballynagar, Galway County",89,0,2,1,25,13,34,11,3,178
Galway East,2ae19629-208b-13a3-e055-000000000001,"Ballynakill, Galway County, 067028",261,3,12,7,39,45,102,15,3,487
Galway West,2ae19629-208c-13a3-e055-000000000001,"Ballynakill, Galway County, 067029",222,2,11,15,80,12,87,22,9,460
Roscommon-Galway,2ae19629-208d-13a3-e055-000000000001,"Ballynakill, Galway County, 067030",203,0,4,6,28,30,63,17,1,352
Galway East,2ae19629-208e-13a3-e055-000000000001,"Ballynapark, Galway County",503,6,16,8,107,43,137,33,5,858
Galway West,2ae19629-2098-13a3-e055-000000000001,"Bearna, Gaillimh",1731,10,37,37,454,177,538,55,13,3052
Galway East,2ae19629-2099-13a3-e055-000000000001,"Beagh, Galway County",357,2,3,9,73,33,96,27,6,606
Galway East,2ae19629-20a3-13a3-e055-000000000001,"Beaghmore, Galway County",179,0,3,5,38,21,49,11,0,306
Galway East,2ae19629-20a4-13a3-e055-000000000001,"Belclare, Galway County",367,3,9,14,82,41,112,18,5,651
Galway East,2ae19629-20a5-13a3-e055-000000000001,"Belleville, Galway County",315,1,5,8,47,36,67,15,3,497
Galway West,2ae19629-20a6-13a3-e055-000000000001,"Binn an Choire, Gaillimh",112,0,4,3,12,11,45,2,0,189
Roscommon-Galway,2ae19629-20a7-13a3-e055-000000000001,"Boyounagh, Galway County",94,1,5,5,21,27,46,8,3,210
Galway East,2ae19629-20af-13a3-e055-000000000001,"Bracklagh, Galway County",227,1,5,7,47,31,62,12,1,393
Galway East,2ae19629-20b0-13a3-e055-000000000001,"Bullaun, Galway County",163,1,4,3,25,14,31,8,1,250
Galway West,2ae19629-20b1-13a3-e055-000000000001,"Bunowen, Galway County",145,1,5,5,35,30,102,19,6,348
Galway East,2ae19629-20b2-13a3-e055-000000000001,"Cahermore, Galway County",280,1,4,8,59,28,54,10,3,447
Galway East,2ae19629-20bd-13a3-e055-000000000001,"Caltra, Galway County",157,3,1,4,45,17,81,9,1,318
Galway West,2ae19629-20be-13a3-e055-000000000001,"Camas, Gaillimh",133,2,4,5,16,30,76,15,3,284
Galway East,2ae19629-20bf-13a3-e055-000000000001,"Cappalusk, Galway County",205,2,1,4,37,26,48,7,2,332
Galway East,2ae19629-20c0-13a3-e055-000000000001,"Cappard, Galway County",61,0,4,0,4,6,12,4,3,94
Galway West,2ae19629-20cb-13a3-e055-000000000001,"An Carn Mór, Gaillimh",1384,11,34,35,261,119,274,64,7,2189
Galway West,2ae19629-20cc-13a3-e055-000000000001,"Ceathrú an Bhrúnaigh, Gaillimh",408,3,13,24,83,63,129,44,5,772
Galway East,2ae19629-20cd-13a3-e055-000000000001,"Carrownagur, Galway County",182,3,3,5,47,24,65,10,3,342
Galway East,2ae19629-20d6-13a3-e055-000000000001,"Carrowrevagh, Galway County",206,1,5,6,38,33,69,16,4,378
Galway East,2ae19629-20d7-13a3-e055-000000000001,"Castleblakeney, Galway County",221,1,5,5,52,35,89,24,1,433
Galway East,2ae19629-20d8-13a3-e055-000000000001,"Castleboy, Galway County",264,1,6,8,56,41,58,21,1,456
Roscommon-Galway,2ae19629-20e0-13a3-e055-000000000001,"Castleffrench, Galway County",201,6,4,6,57,36,78,25,2,415
Galway East,2ae19629-20e1-13a3-e055-000000000001,"Castletaylor, Galway County",340,2,5,2,74,29,48,15,5,520
Galway West,2ae19629-20e2-13a3-e055-000000000001,"Baile Chláir, Gaillimh",1112,12,28,32,203,103,229,99,7,1825
Galway East,2ae19629-20f2-13a3-e055-000000000001,"Claretuam, Galway County",528,2,8,14,109,66,153,34,2,916
Galway West,2ae19629-20f3-13a3-e055-000000000001,"Clarinbridge, Galway County",2087,15,30,40,349,147,400,79,18,3165
Galway West,2ae19629-20f4-13a3-e055-000000000001,"Cleggan, Galway County",105,1,8,8,27,23,66,7,2,247
Galway West,2ae19629-20f5-13a3-e055-000000000001,"Clifden, Galway County",857,11,30,48,133,105,425,104,13,1726
Galway East,2ae19629-2103-13a3-e055-000000000001,"Clonbern, Galway County",189,5,3,5,34,24,53,10,0,323
Galway East,2ae19629-2104-13a3-e055-000000000001,"Clonbrock, Galway County",269,3,7,6,48,43,67,17,3,463
Galway East,2ae19629-2105-13a3-e055-000000000001,"Clonfert, Galway County",186,2,10,5,37,35,74,20,1,370
Galway East,2ae19629-2048-13a3-e055-000000000001,"Clontuskert, Galway County",93,1,3,4,12,16,46,10,1,186
Galway West,2ae19629-2049-13a3-e055-000000000001,"An Fhairche, Gaillimh",551,6,16,23,134,71,210,40,4,1055
Galway East,2ae19629-204a-13a3-e055-000000000001,"Cloonkeen, Galway County, 067065",146,2,3,3,21,25,51,15,1,267
Galway East,2ae19629-2053-13a3-e055-000000000001,"Cloonkeen, Galway County, 067066",229,1,1,5,47,17,54,14,0,368
Galway East,2ae19629-2054-13a3-e055-000000000001,"Cloonkeen, Galway County, 067067",185,2,4,8,34,22,140,10,2,407
Galway East,2ae19629-2055-13a3-e055-000000000001,"Colmanstown, Galway County",68,0,0,2,12,8,16,4,0,110
Galway West,e4432984-fa1f-40d8-92f5-5c934939c606,"Conga/An Ros, Gaillimh",244,3,5,9,46,53,135,20,2,517
Galway East,2ae19629-22e5-13a3-e055-000000000001,"Cooloo, Galway County",280,4,4,3,56,26,69,14,2,458
Galway East,2ae19629-22e7-13a3-e055-000000000001,"Craughwell, Galway County",1047,7,16,24,212,80,154,52,14,1606
Roscommon-Galway,2ae19629-22f0-13a3-e055-000000000001,"Creggs, Galway County",137,3,4,8,28,24,70,17,0,291
Galway West,2ae19629-2300-13a3-e055-000000000001,"Crump Island, Galway County",101,2,3,7,85,9,37,3,0,247
Galway West,2ae19629-22f1-13a3-e055-000000000001,"An Crompán, Gaillimh",984,43,44,76,228,138,444,138,34,2129
Galway East,2ae19629-22f2-13a3-e055-000000000001,"Cummer, Galway County",536,4,10,16,117,39,138,27,6,893
Galway West,2ae19629-22f3-13a3-e055-000000000001,"An Chorr, Gaillimh",59,2,2,3,3,9,35,10,1,124
Galway East,2ae19629-22ff-13a3-e055-000000000001,"Curraghmore, Galway County",73,1,1,2,25,16,29,6,0,153
Galway East,2ae19629-2301-13a3-e055-000000000001,"Deerpark, Galway County",638,10,16,32,116,81,143,39,5,1080
Galway East,2ae19629-2302-13a3-e055-000000000001,"Derrew, Galway County",82,1,2,4,14,13,24,4,0,144
Galway East,2ae19629-2304-13a3-e055-000000000001,"Derryglassaun, Galway County",438,3,6,10,93,58,112,26,5,751
Galway East,2ae19629-2310-13a3-e055-000000000001,"Derrylaur, Galway County",42,0,4,3,7,5,19,2,0,82
Galway West,268c20e2-7574-4e64-ac7a-9383e368fcb7,"Derrylea/Derrycunlagh, Galway County",146,0,6,8,26,18,53,12,1,270
Galway East,2ae19629-2312-13a3-e055-000000000001,"Donaghpatrick, Galway County",274,2,4,9,52,31,77,17,3,469
Galway East,2ae19629-2313-13a3-e055-000000000001,"Doonbally, Galway County",278,3,4,3,63,36,71,18,1,477
Galway West,2ae19629-2314-13a3-e055-000000000001,"Doonloughan, Galway County",33,0,2,2,9,5,26,3,1,81
Galway East,2ae19629-231e-13a3-e055-000000000001,"Doorus, Galway County",415,4,10,6,87,38,94,13,2,669
Galway East,2ae19629-231f-13a3-e055-000000000001,"Drumacoo, Galway County",692,4,11,22,151,73,195,66,7,1221
Galway East,2ae19629-2320-13a3-e055-000000000001,"Drumkeary, Galway County",299,0,7,11,41,32,93,16,5,504
Galway East,2ae19629-2321-13a3-e055-000000000001,"Drummin, Galway County",183,0,6,11,31,17,60,8,3,319
Galway East,2ae19629-2322-13a3-e055-000000000001,"Dunmore North, Galway County",247,3,4,13,42,55,100,19,3,486
Galway East,2ae19629-232b-13a3-e055-000000000001,"Dunmore South, Galway County",366,7,11,11,72,44,160,21,9,701
Galway West,2ae19629-232c-13a3-e055-000000000001,"Errislannan, Galway County",74,2,2,10,15,17,54,14,1,189
Galway East,2ae19629-232d-13a3-e055-000000000001,"Eyrecourt, Galway County",196,3,4,13,32,34,89,19,3,393
Galway East,2ae19629-232e-13a3-e055-000000000001,"Foxhall, Galway County",295,2,5,8,53,38,102,26,2,531
Galway West,2ae19629-2338-13a3-e055-000000000001,"Na Forbacha, Gaillimh",763,6,17,23,135,80,216,47,9,1296
Galway West,2ae19629-2339-13a3-e055-000000000001,"Galway Rural, Galway County",112,2,0,4,16,5,45,3,0,187
Galway East,2ae19629-233a-13a3-e055-000000000001,"Glennamaddy, Galway County",399,6,13,15,67,62,148,28,1,739
Galway East,2ae19629-2345-13a3-e055-000000000001,"Gort, Galway County",1421,27,53,95,234,176,353,135,21,2515
Galway West,2ae19629-2346-13a3-e055-000000000001,"Garmna, Gaillimh",473,11,28,57,119,88,250,71,20,1117
Galway East,2ae19629-2347-13a3-e055-000000000001,"Graigabbey, Galway County",193,1,4,1,43,21,38,13,1,315
Galway East,2ae19629-2348-13a3-e055-000000000001,"Grange, Galway County",362,4,3,13,73,50,93,30,4,632
Galway East,2ae19629-2354-13a3-e055-000000000001,"Greethill, Galway County",466,4,6,6,115,49,141,27,5,819
Galway East,2ae19629-2355-13a3-e055-000000000001,"Headford, Galway County",832,7,29,41,155,99,239,59,12,1473
Galway East,2ae19629-2356-13a3-e055-000000000001,"Hillsbrook, Galway County",318,3,6,7,63,43,96,21,4,561
Galway West,2ae19629-2367-13a3-e055-000000000001,"An Uillinn, Gaillimh",49,0,0,0,8,5,17,4,0,83
Galway West,2ae19629-2368-13a3-e055-000000000001,"Inishbofin, Galway County",88,2,9,6,9,8,31,6,2,161
Galway West,2ae19629-2369-13a3-e055-000000000001,"Árainn, Gaillimh",556,7,33,45,112,76,236,54,14,1133
Roscommon-Galway,2ae19629-236a-13a3-e055-000000000001,"Island, Galway County",103,3,3,3,15,20,45,16,4,212
Roscommon-Galway,2ae19629-237b-13a3-e055-000000000001,"Kellysgrove, Galway County",186,3,2,9,37,18,58,13,0,326
Galway East,2ae19629-237c-13a3-e055-000000000001,"Kilbeacanty, Galway County",174,1,1,7,27,16,41,7,2,276
Galway East,2ae19629-237d-13a3-e055-000000000001,"Kilbennan, Galway County",152,2,3,9,35,25,57,10,3,296
Galway East,2ae19629-238b-13a3-e055-000000000001,"Kilchreest, Galway County",149,1,2,3,34,21,43,8,1,262
Galway East,2ae19629-238c-13a3-e055-000000000001,"Kilconickny, Galway County",309,1,5,6,80,36,74,20,2,533
Galway East,2ae19629-2397-13a3-e055-000000000001,"Kilconierin, Galway County",342,1,10,2,53,33,58,13,4,516
Galway East,2ae19629-2398-13a3-e055-000000000001,"Kilconnell, Galway County",267,6,4,5,57,49,97,33,22,540
Galway East,2ae19629-2399-13a3-e055-000000000001,"Kilcoona, Galway County",295,2,5,3,66,37,73,18,3,502
Roscommon-Galway,2ae19629-23a3-13a3-e055-000000000001,"Kilcroan, Galway County",276,6,4,6,35,42,81,14,5,469
Galway West,2ae19629-23a4-13a3-e055-000000000001,"Cill Chuimín, Gaillimh, 067121",68,2,1,3,16,14,29,6,0,139
Galway West,2ae19629-23a5-13a3-e055-000000000001,"Cill Chuimín, Gaillimh, 067122",611,4,19,38,107,71,244,70,8,1172
Galway East,2ae19629-23a6-13a3-e055-000000000001,"Killaan, Galway County",231,3,2,11,37,44,111,16,1,456
Galway East,2ae19629-23a7-13a3-e055-000000000001,"Killallaghtan, Galway County",232,0,4,10,32,32,66,19,0,395
Galway West,2ae19629-23a8-13a3-e055-000000000001,"Cill Aithnín, Gaillimh",476,3,16,23,94,45,217,18,9,901
Galway East,2ae19629-22cd-13a3-e055-000000000001,"Killeany, Galway County",299,3,3,6,55,28,75,19,3,491
Galway East,2ae19629-22ce-13a3-e055-000000000001,"Killeely, Galway County",897,6,16,12,180,73,150,73,10,1417
Galway East,2ae19629-22cf-13a3-e055-000000000001,"Killeen, Galway County",324,3,3,5,74,42,99,27,2,579
Galway East,2ae19629-22da-13a3-e055-000000000001,"Killeenavarra, Galway County",421,2,8,3,80,38,109,24,1,686
Galway East,2ae19629-22db-13a3-e055-000000000001,"Killererin, Galway County",384,1,9,5,62,41,100,30,4,636
Roscommon-Galway,2ae19629-22e8-13a3-e055-000000000001,"Killeroran, Galway County",569,9,17,38,100,77,213,48,4,1075
Galway East,2ae19629-22e9-13a3-e055-000000000001,"Killian, Galway County",158,4,8,6,24,23,59,11,1,294
Galway East,2ae19629-22ea-13a3-e055-000000000001,"Killimor, Galway County, 067133",301,3,9,16,48,36,106,58,3,580
Galway East,2ae19629-22f4-13a3-e055-000000000001,"Killimor, Galway County, 067134",183,3,5,6,29,19,44,7,4,300
Galway East,2ae19629-22f5-13a3-e055-000000000001,"Killinny, Galway County",238,6,4,3,34,31,60,14,2,392
Galway East,2ae19629-22f6-13a3-e055-000000000001,"Killogilleen, Galway County",453,3,12,7,95,45,79,18,1,713
Galway East,2ae19629-22f7-13a3-e055-000000000001,"Killoran, Galway County",131,3,4,3,25,10,38,14,1,229
Galway East,2ae19629-2305-13a3-e055-000000000001,"Killower, Galway County",426,1,8,12,93,47,85,40,2,714
Roscommon-Galway,2ae19629-2306-13a3-e055-000000000001,"Killure, Galway County",302,7,10,31,54,47,118,27,6,602
Galway East,2ae19629-2315-13a3-e055-000000000001,"Killursa, Galway County",509,4,8,12,112,70,132,29,4,880
Galway East,2ae19629-2316-13a3-e055-000000000001,"Kilmacshane, Galway County",109,2,2,3,21,15,25,5,1,183
Galway East,2ae19629-2317-13a3-e055-000000000001,"Kilmalinoge, Galway County",100,3,1,2,24,19,39,6,0,194
Galway East,2ae19629-2323-13a3-e055-000000000001,"Kilmeen, Galway County",323,4,8,7,59,47,77,24,5,554
Galway East,2ae19629-2324-13a3-e055-000000000001,"Kilmoylan, Galway County",538,1,12,21,117,53,128,28,3,901
Galway East,2ae19629-2325-13a3-e055-000000000001,"Kilquain, Galway County",144,0,1,3,19,30,41,6,2,246
Galway East,2ae19629-232f-13a3-e055-000000000001,"Kilreekill, Galway County",176,2,1,5,25,21,46,10,0,286
Galway East,2ae19629-2330-13a3-e055-000000000001,"Kilshanvy, Galway County",206,0,3,6,21,25,59,9,3,332
Galway East,2ae19629-2331-13a3-e055-000000000001,"Kiltartan, Galway County",377,1,3,15,79,47,118,20,1,661
Galway East,2ae19629-233b-13a3-e055-000000000001,"Kilteskill, Galway County",206,3,3,6,48,11,29,9,4,319
Galway East,2ae19629-233c-13a3-e055-000000000001,"Kilthomas, Galway County",55,1,0,0,5,4,9,4,0,78
Galway East,2ae19629-233d-13a3-e055-000000000001,"Kiltormer, Galway County",240,5,3,12,28,32,93,14,1,428
Galway East,2ae19629-2349-13a3-e055-000000000001,"Kiltullagh, Galway County, 067152",383,2,6,8,87,32,91,28,4,641
Galway East,2ae19629-234a-13a3-e055-000000000001,"Kiltullagh, Galway County, 067153",88,1,0,0,13,14,39,3,1,159
Galway East,2ae19629-234b-13a3-e055-000000000001,"Kinvarra, Galway County",714,5,12,16,154,68,190,38,4,1201
Galway West,2ae19629-234c-13a3-e055-000000000001,"An Cnoc Buí, Gaillimh",289,17,16,28,76,64,176,58,8,732
Roscommon-Galway,2ae19629-234d-13a3-e055-000000000001,"Kylemore, Galway County",57,1,1,1,9,17,28,7,0,121
Galway West,2ae19629-234e-13a3-e055-000000000001,"Leacach Beag, Gaillimh",781,4,18,8,135,73,169,29,7,1224
Galway East,2ae19629-2357-13a3-e055-000000000001,"Lackalea, Galway County",179,2,0,3,52,25,28,11,1,301
Galway East,2ae19629-2358-13a3-e055-000000000001,"Laurencetown, Galway County",160,1,7,8,23,22,65,15,2,303
Galway East,2ae19629-2359-13a3-e055-000000000001,"Leitrim, Galway County",260,1,8,6,64,23,51,12,4,429
Galway West,2ae19629-236b-13a3-e055-000000000001,"Leitir Breacáin, Gaillimh",128,0,6,2,13,15,57,9,2,232
Galway West,2ae19629-236c-13a3-e055-000000000001,"Letterfore, Galway County",124,2,3,3,19,15,52,10,1,229
Galway West,2ae19629-236d-13a3-e055-000000000001,"Leitir Móir, Gaillimh",309,3,8,35,68,71,174,53,11,732
Galway East,2ae19629-236e-13a3-e055-000000000001,"Levally, Galway County",190,1,1,5,44,18,57,7,1,324
Galway West,2ae19629-237e-13a3-e055-000000000001,"Liscananaun, Galway County",741,7,12,22,139,87,199,39,4,1250
Galway West,2ae19629-237f-13a3-e055-000000000001,"Lisín an Bhealaigh, Gaillimh",520,6,8,11,136,47,92,21,2,843
Roscommon-Galway,2ae19629-2380-13a3-e055-000000000001,"Lismanny, Galway County",116,2,1,2,20,19,36,9,2,207
Galway East,c62169df-44fc-4bf1-98eb-40998a29132a,"Loughatorick/Coos/Marblehill, Galway County",225,1,3,10,44,38,92,24,4,441
Galway East,2ae19629-238d-13a3-e055-000000000001,"Loughrea Rural, Galway County",416,1,7,10,108,35,134,32,4,747
Galway East,2ae19629-238e-13a3-e055-000000000001,"Loughrea Urban, Galway County",2823,48,83,153,448,331,730,289,51,4956
Galway East,2ae19629-239a-13a3-e055-000000000001,"Meelick, Galway County",121,3,2,2,35,20,38,4,2,227
Galway East,2ae19629-239b-13a3-e055-000000000001,"Milltown, Galway County",312,0,6,14,46,43,109,21,4,555
Galway East,2ae19629-239c-13a3-e055-000000000001,"Moat, Galway County",80,0,0,3,20,8,19,2,1,133
Galway East,2ae19629-23a9-13a3-e055-000000000001,"Monivea, Galway County",364,3,5,9,73,36,98,17,10,615
Galway East,2ae19629-23aa-13a3-e055-000000000001,"Mount Bellew, Galway County",928,4,14,28,170,84,273,67,8,1576
Galway East,2ae19629-23ab-13a3-e055-000000000001,"Mountain, Galway County",141,1,2,2,27,19,38,5,1,236
Galway East,2ae19629-22d0-13a3-e055-000000000001,"Mounthazel, Galway County",251,2,5,8,59,33,63,14,4,439
Galway West,2ae19629-22d1-13a3-e055-000000000001,"Maigh Cuilinn, Gaillimh",1167,11,23,30,243,108,275,42,8,1907
Galway East,2ae19629-22d2-13a3-e055-000000000001,"Moyne, Galway County",313,5,5,11,57,43,105,19,2,560
Galway East,2ae19629-22dc-13a3-e055-000000000001,"Moyode, Galway County",131,2,5,2,27,15,38,6,0,226
Galway West,2ae19629-22dd-13a3-e055-000000000001,"Maíros, Gaillimh",144,2,2,6,17,22,73,11,5,282
Galway East,2ae19629-22de-13a3-e055-000000000001,"Oatfield, Galway County",202,3,6,10,44,17,68,13,3,366
Galway West,2ae19629-22df-13a3-e055-000000000001,"Oranmore, Galway County",2412,29,55,81,357,145,543,93,13,3728
Galway West,2ae19629-22e0-13a3-e055-000000000001,"Oughterard, Galway County",1214,7,45,53,238,137,451,115,20,2280
Galway West,2ae19629-22e1-13a3-e055-000000000001,"Abhainn Ghabhla, Gaillimh",106,3,6,12,18,25,67,16,4,257
Galway East,2ae19629-22eb-13a3-e055-000000000001,"Pallas, Galway County",175,3,2,7,44,35,54,7,1,328
Galway East,2ae19629-22ec-13a3-e055-000000000001,"Portumna, Galway County",983,18,53,52,192,130,445,123,11,2007
Galway East,2ae19629-22ed-13a3-e055-000000000001,"Raford, Galway County",312,2,5,4,63,23,50,13,1,473
Galway East,2ae19629-22f8-13a3-e055-000000000001,"Rahasane, Galway County",181,2,6,6,35,16,38,4,0,288
Galway East,2ae19629-22f9-13a3-e055-000000000001,"Raheen, Galway County",224,2,9,8,42,32,88,14,1,420
Galway West,2ae19629-22fa-13a3-e055-000000000001,"Rinvyle, Galway County",530,5,20,27,122,64,215,27,10,1020
Galway West,2ae19629-22fc-13a3-e055-000000000001,"Cloch na Rón, Gaillimh",166,4,6,17,23,33,109,12,3,373
Galway East,2ae19629-2307-13a3-e055-000000000001,"Ryehill, Galway County",427,1,5,12,80,39,59,16,1,640
Galway East,2ae19629-2308-13a3-e055-000000000001,"Scregg, Galway County",114,0,1,4,20,20,26,3,2,190
Galway West,2ae19629-2309-13a3-e055-000000000001,"Sailearna, Gaillimh, 067197",687,8,30,34,103,67,233,54,12,1228
Galway East,2ae19629-230a-13a3-e055-000000000001,"Shankill, Galway County",149,1,1,3,26,28,53,19,0,280
Galway West,2ae19629-230b-13a3-e055-000000000001,"Sillerna, Galway County",173,0,8,24,26,27,118,25,7,408
Galway West,2ae19629-230c-13a3-e055-000000000001,"Scainimh, Gaillimh",208,2,15,28,45,43,134,33,8,516
Galway East,2ae19629-2318-13a3-e055-000000000001,"Skehanagh, Galway County",257,4,5,10,44,28,54,17,1,420
Galway West,2ae19629-2319-13a3-e055-000000000001,"Sliabh an Aonaigh, Gaillimh",356,1,9,18,87,37,113,26,2,649
Galway West,2ae19629-231a-13a3-e055-000000000001,"An Spidéal, Gaillimh",809,4,38,34,156,87,294,43,6,1471
Galway East,2ae19629-2326-13a3-e055-000000000001,"Stradbally, Galway County",574,1,7,11,143,58,120,23,6,943
Roscommon-Galway,2ae19629-2327-13a3-e055-000000000001,"Taghboy, Galway County",109,2,4,0,17,12,34,6,0,184
Galway East,2ae19629-2328-13a3-e055-000000000001,"Templetogher, Galway County",190,0,2,4,16,30,62,15,3,322
Galway East,2ae19629-2332-13a3-e055-000000000001,"Tiaquin, Galway County",370,2,7,8,83,31,69,18,4,592
Galway East,2ae19629-2333-13a3-e055-000000000001,"Tiranascragh, Galway County",82,1,4,3,20,12,23,6,2,153
Galway East,2ae19629-2334-13a3-e055-000000000001,"Toberadosh, Galway County",174,2,2,3,41,22,67,12,4,327
Roscommon-Galway,2ae19629-2335-13a3-e055-000000000001,"Toberroe, Galway County",142,2,4,6,21,15,60,9,2,261
Galway East,2ae19629-233e-13a3-e055-000000000001,"Tuam Rural, Galway County",2772,47,83,223,542,346,597,297,46,4953
Galway East,2ae19629-233f-13a3-e055-000000000001,"Tuam Urban, Galway County",1515,53,72,152,244,225,649,255,26,3191
Galway West,2ae19629-2340-13a3-e055-000000000001,"Tulaigh Mhic Aodháin, Gaillimh",1065,9,21,41,209,83,321,59,11,1819
Galway West,2ae19629-2341-13a3-e055-000000000001,"An Turlach, Gaillimh",195,5,9,11,38,45,106,37,8,454
Galway East,2ae19629-234f-13a3-e055-000000000001,"Tynagh, Galway County",193,2,5,5,50,34,62,15,6,372
Galway East,2ae19629-2350-13a3-e055-000000000001,"Woodford, Galway County",213,3,4,10,28,25,87,25,1,396
Galway West,2ae19629-2351-13a3-e055-000000000001,"Wormhole, Galway County",1191,9,36,30,294,106,273,73,14,2026
Sligo-Leitrim,2ae19629-1708-13a3-e055-000000000001,"Aghacashel, Leitrim",28,0,4,0,7,4,16,4,0,63
Sligo-Leitrim,b166391f-eb14-47de-a3eb-9c2516e63687,"Aghanlish/Aghalateeve, Leitrim",95,0,2,5,21,11,49,8,2,193
Sligo-Leitrim,2ae19629-170b-13a3-e055-000000000001,"Aghavas, Leitrim",133,1,7,4,35,20,59,12,1,272
Sligo-Leitrim,2ae19629-170d-13a3-e055-000000000001,"Annaduff, Leitrim",120,1,3,5,15,11,33,2,1,191
Sligo-Leitrim,23519126-bd85-4c40-a1e2-26c5d2b7e51c,"Arigna/Drumkeeran/Killarga, Leitrim",234,5,8,16,67,32,123,38,8,531
Sligo-Leitrim,2ae19629-16fb-13a3-e055-000000000001,"Ballaghameehan, Leitrim",90,2,4,3,10,8,48,5,0,170
Sligo-Leitrim,2ae19629-16fc-13a3-e055-000000000001,"Ballinamore, Leitrim",505,15,11,36,116,59,204,58,9,1013
Sligo-Leitrim,2ae19629-16fd-13a3-e055-000000000001,"Barnameenagh, Leitrim",67,1,2,5,12,15,23,5,1,131
Sligo-Leitrim,2ae19629-16fe-13a3-e055-000000000001,"Beihy, Leitrim",133,4,4,4,31,15,77,12,3,283
Sligo-Leitrim,2ae19629-170e-13a3-e055-000000000001,"Belhavel, Leitrim",111,0,1,9,14,12,61,18,2,228
Sligo-Leitrim,2ae19629-170f-13a3-e055-000000000001,"Breandrum, Leitrim",132,0,1,8,21,12,36,12,0,222
Sligo-Leitrim,2ae19629-1717-13a3-e055-000000000001,"Bunnybeg, Leitrim",63,0,0,1,11,10,28,3,1,117
Sligo-Leitrim,2ae19629-1718-13a3-e055-000000000001,"Carrick-On-Shannon, Leitrim",1898,35,67,137,320,185,572,186,29,3429
Sligo-Leitrim,2ae19629-1719-13a3-e055-000000000001,"Carrigallen East, Leitrim",126,2,6,9,22,21,47,16,0,249
Sligo-Leitrim,2ae19629-171a-13a3-e055-000000000001,"Carrigallen West, Leitrim",246,4,8,21,56,45,72,31,3,486
Sligo-Leitrim,2ae19629-171b-13a3-e055-000000000001,"Cashel, Leitrim",83,1,1,2,13,11,33,3,0,147
Sligo-Leitrim,2ae19629-171c-13a3-e055-000000000001,"Castlefore, Leitrim",108,2,1,9,19,16,39,6,0,200
Sligo-Leitrim,2ae19629-171d-13a3-e055-000000000001,"Cattan, Leitrim",111,0,0,7,27,15,40,16,3,219
Sligo-Leitrim,2ae19629-171e-13a3-e055-000000000001,"Cloonclare, Leitrim",70,4,1,3,11,10,27,7,1,134
Sligo-Leitrim,2ae19629-171f-13a3-e055-000000000001,"Cloone, Leitrim",149,1,4,4,33,25,70,17,6,309
Sligo-Leitrim,2ae19629-1720-13a3-e055-000000000001,"Cloonlogher, Leitrim",135,0,2,10,25,13,55,13,2,255
Sligo-Leitrim,2ae19629-1721-13a3-e055-000000000001,"Cloverhill, Leitrim",138,5,3,6,25,22,53,21,0,273
Sligo-Leitrim,2ae19629-1722-13a3-e055-000000000001,"Corrala, Leitrim",108,5,4,7,29,16,22,13,2,206
Sligo-Leitrim,2ae19629-1723-13a3-e055-000000000001,"Corriga, Leitrim",71,0,5,3,7,11,27,8,2,134
Sligo-Leitrim,2ae19629-1724-13a3-e055-000000000001,"Drumahaire, Leitrim",742,11,24,28,133,59,297,42,5,1341
Sligo-Leitrim,2ae19629-1710-13a3-e055-000000000001,"Drumard, Leitrim",119,0,4,4,9,12,33,7,1,189
Sligo-Leitrim,2ae19629-172d-13a3-e055-000000000001,"Drumdoo, Leitrim",143,1,1,5,19,23,86,19,2,299
Sligo-Leitrim,2ae19629-1712-13a3-e055-000000000001,"Drumod, Leitrim",424,7,17,15,55,46,152,27,5,748
Sligo-Leitrim,2ae19629-1714-13a3-e055-000000000001,"Drumreilly North, Leitrim",74,0,1,1,11,15,38,5,0,145
Sligo-Leitrim,2ae19629-1715-13a3-e055-000000000001,"Drumreilly South, Leitrim",60,0,1,3,16,8,31,9,1,129
Sligo-Leitrim,2ae19629-1716-13a3-e055-000000000001,"Drumreilly West/Drumreilly East, Leitrim",72,1,2,6,8,13,39,1,0,142
Sligo-Leitrim,2ae19629-172b-13a3-e055-000000000001,"Drumshanbo, Leitrim",677,18,27,26,117,82,223,77,29,1276
Sligo-Leitrim,2ae19629-172c-13a3-e055-000000000001,"Drumsna, Leitrim",331,6,6,9,47,24,127,29,6,585
Sligo-Leitrim,2ae19629-172e-13a3-e055-000000000001,"Fenagh, Leitrim",149,1,2,5,36,20,87,6,3,309
Sligo-Leitrim,2ae19629-172f-13a3-e055-000000000001,"Garadice, Leitrim",243,3,5,14,30,39,103,29,3,469
Sligo-Leitrim,2ae19629-1730-13a3-e055-000000000001,"Garvagh, Leitrim",44,0,2,2,12,9,31,7,1,108
Sligo-Leitrim,2ae19629-1731-13a3-e055-000000000001,"Glenade, Leitrim",73,1,2,2,10,7,17,7,2,121
Sligo-Leitrim,2ae19629-1732-13a3-e055-000000000001,"Glenaniff, Leitrim",74,1,2,5,14,9,39,6,0,150
Sligo-Leitrim,2ae19629-1733-13a3-e055-000000000001,"Glenboy, Leitrim",132,3,3,5,25,12,20,2,0,202
Sligo-Leitrim,2ae19629-1734-13a3-e055-000000000001,"Glencar, Leitrim",135,1,3,3,23,9,47,6,1,228
Sligo-Leitrim,2ae19629-1735-13a3-e055-000000000001,"Glenfarn, Leitrim",61,0,2,2,13,9,24,6,0,117
Sligo-Leitrim,2ae19629-1736-13a3-e055-000000000001,"Gortermone, Leitrim",137,2,1,2,25,23,50,10,0,250
Sligo-Leitrim,2ae19629-1737-13a3-e055-000000000001,"Gortnagullion, Leitrim",142,3,3,9,23,14,47,11,2,254
Sligo-Leitrim,2ae19629-1725-13a3-e055-000000000001,"Gowel, Leitrim",154,3,6,5,41,14,52,9,3,287
Sligo-Leitrim,a74249fa-0039-4f59-ad83-53fe986ff7bf,"Greaghglass/Stralongford, Leitrim",150,1,2,5,29,25,49,29,3,293
Sligo-Leitrim,2ae19629-1727-13a3-e055-000000000001,"Gubacreeny, Leitrim",323,7,10,27,59,46,119,26,4,621
Sligo-Leitrim,2ae19629-1728-13a3-e055-000000000001,"Keeldra, Leitrim",90,1,5,6,12,12,32,6,0,164
Sligo-Leitrim,2ae19629-1729-13a3-e055-000000000001,"Keshcarrigan, Leitrim",248,5,12,10,56,32,75,34,4,476
Sligo-Leitrim,2ae19629-172a-13a3-e055-000000000001,"Killanummery, Leitrim",166,1,4,8,31,21,61,15,2,309
Sligo-Leitrim,2ae19629-1739-13a3-e055-000000000001,"Killygar, Leitrim",55,0,4,2,4,15,19,5,0,104
Sligo-Leitrim,2ae19629-173a-13a3-e055-000000000001,"Kiltubbrid, Leitrim",73,0,3,7,17,6,31,5,0,142
Sligo-Leitrim,2ae19629-1742-13a3-e055-000000000001,"Kiltyclogher, Leitrim",81,3,8,5,18,16,60,9,3,203
Sligo-Leitrim,2ae19629-1743-13a3-e055-000000000001,"Kinlough, Leitrim",419,10,16,19,111,57,126,36,6,800
Sligo-Leitrim,2ae19629-1744-13a3-e055-000000000001,"Leitrim, Leitrim",615,7,19,13,112,55,187,28,12,1048
Sligo-Leitrim,2ae19629-1745-13a3-e055-000000000001,"Lisgillock, Leitrim",93,1,1,6,16,7,36,9,1,170
Sligo-Leitrim,2ae19629-1746-13a3-e055-000000000001,"Lurganboy, Leitrim",210,3,1,4,51,11,71,12,1,364
Sligo-Leitrim,2ae19629-1747-13a3-e055-000000000001,"Mahanagh, Leitrim",127,3,3,14,39,14,46,14,2,262
Sligo-Leitrim,2ae19629-1748-13a3-e055-000000000001,"Manorhamilton, Leitrim",838,14,44,64,160,90,346,101,14,1671
Sligo-Leitrim,2ae19629-1749-13a3-e055-000000000001,"Melvin/Aghavoghil, Leitrim",87,1,3,8,18,13,50,8,3,191
Sligo-Leitrim,2ae19629-174a-13a3-e055-000000000001,"Moher, Leitrim",103,0,3,6,15,16,31,5,1,180
Sligo-Leitrim,2ae19629-174b-13a3-e055-000000000001,"Mohill, Leitrim",478,13,14,48,96,69,279,68,7,1072
Sligo-Leitrim,2ae19629-174c-13a3-e055-000000000001,"Munakill, Leitrim",79,1,3,1,21,9,34,3,2,153
Sligo-Leitrim,2ae19629-174d-13a3-e055-000000000001,"Newtowngore, Leitrim",131,2,3,1,24,21,31,17,3,233
Sligo-Leitrim,2ae19629-173b-13a3-e055-000000000001,"Oughteragh, Leitrim",44,0,0,5,7,6,21,1,2,86
Sligo-Leitrim,2ae19629-173c-13a3-e055-000000000001,"Rinn, Leitrim",239,3,10,12,29,22,56,18,2,391
Sligo-Leitrim,2ae19629-173d-13a3-e055-000000000001,"Riverstown, Leitrim",100,3,3,7,18,19,40,10,2,202
Sligo-Leitrim,2ae19629-173e-13a3-e055-000000000001,"Roosky, Leitrim",355,6,10,14,58,43,120,28,2,636
Sligo-Leitrim,2ae19629-173f-13a3-e055-000000000001,"Rowan, Leitrim",101,2,2,6,21,20,47,13,2,214
Sligo-Leitrim,2ae19629-1740-13a3-e055-000000000001,"Sramore, Leitrim",180,1,4,4,35,22,59,6,2,313
Sligo-Leitrim,2ae19629-1741-13a3-e055-000000000001,"St. Patrick's, Leitrim",50,0,2,4,6,7,38,5,1,113
Sligo-Leitrim,2ae19629-1755-13a3-e055-000000000001,"Tullaghan, Leitrim",334,3,12,27,60,26,121,32,3,618
Sligo-Leitrim,2ae19629-1756-13a3-e055-000000000001,"Yugan, Leitrim",107,1,5,4,12,14,46,15,1,205
Mayo,2ae19629-193a-13a3-e055-000000000001,"Acaill, Maigh Eo",263,1,11,18,52,55,248,41,8,697
Mayo,2ae19629-1944-13a3-e055-000000000001,"Addergoole, Mayo",414,6,13,9,68,46,141,28,3,728
Mayo,2ae19629-1945-13a3-e055-000000000001,"Aghagower North, Mayo",487,2,15,16,103,58,112,21,7,821
Mayo,2ae19629-1951-13a3-e055-000000000001,"Aghagower South, Mayo",52,1,0,4,2,11,17,10,1,98
Mayo,2ae19629-1952-13a3-e055-000000000001,"Aghamore, Mayo",277,2,7,8,52,36,120,45,3,550
Mayo,2ae19629-1953-13a3-e055-000000000001,"Aillemore, Mayo",151,0,6,7,22,36,67,11,9,309
Mayo,2ae19629-1954-13a3-e055-000000000001,"An Geata Mór Theas, Mayo",311,8,17,29,68,76,153,37,14,713
Mayo,2ae19629-1955-13a3-e055-000000000001,"An Geata Mór Thuaidh, Mayo",397,5,10,18,77,68,171,39,6,791
Mayo,2ae19629-195f-13a3-e055-000000000001,"Ardagh, Mayo",162,2,2,4,36,23,51,10,0,290
Mayo,2ae19629-1960-13a3-e055-000000000001,"Ardnaree North, Mayo",390,3,8,6,115,46,175,39,7,789
Mayo,2ae19629-1961-13a3-e055-000000000001,"Ardnaree South Rural, Mayo",1388,14,35,52,251,135,367,82,11,2335
Mayo,2ae19629-18bc-13a3-e055-000000000001,"Ardnaree South Urban, Mayo",807,50,57,171,156,148,434,153,21,1997
Mayo,2ae19629-196a-13a3-e055-000000000001,"Attymass East, Mayo",168,2,4,5,31,31,62,18,2,323
Mayo,2ae19629-196b-13a3-e055-000000000001,"Attymass West, Mayo",116,3,0,6,19,15,55,9,2,225
Mayo,2ae19629-1974-13a3-e055-000000000001,"Balla, Mayo",755,6,13,29,126,77,233,61,7,1307
Mayo,2ae19629-1975-13a3-e055-000000000001,"Ballina Rural, Mayo",1289,29,46,81,286,179,430,115,12,2467
Mayo,2ae19629-1976-13a3-e055-000000000001,"Ballina Urban, Mayo",1499,78,91,197,219,273,768,275,30,3430
Mayo,2ae19629-197f-13a3-e055-000000000001,"Ballinafad, Mayo",267,2,5,11,80,35,92,10,3,505
Mayo,2ae19629-1980-13a3-e055-000000000001,"Ballinamore, Mayo",132,0,0,4,32,20,74,28,2,292
Mayo,2ae19629-1981-13a3-e055-000000000001,"Baile an Chalaidh, Maigh Eo",99,0,3,0,17,14,53,5,1,192
Mayo,2ae19629-18ca-13a3-e055-000000000001,"Ballindine, Mayo",396,8,11,11,73,41,164,31,6,741
Mayo,2ae19629-18cb-13a3-e055-000000000001,"Ballinrobe, Mayo",1769,31,57,103,318,215,517,163,17,3190
Mayo,2ae19629-18cc-13a3-e055-000000000001,"Ballycastle, Mayo",213,6,7,20,52,46,127,29,7,507
Mayo,2ae19629-18cd-13a3-e055-000000000001,"Ballycroy North, Mayo",107,0,6,9,26,19,65,13,1,246
Mayo,2ae19629-18ce-13a3-e055-000000000001,"Ballycroy South, Mayo",131,5,2,8,25,24,57,21,3,276
Mayo,2ae19629-18d8-13a3-e055-000000000001,"Ballyhaunis, Mayo",1345,57,64,89,293,255,392,149,42,2686
Mayo,2ae19629-18d9-13a3-e055-000000000001,"Ballyhean, Mayo",294,2,3,6,51,23,103,21,1,504
Mayo,2ae19629-18e5-13a3-e055-000000000001,"Ballyhowly, Mayo",225,4,4,6,45,23,87,13,2,409
Mayo,2ae19629-18e6-13a3-e055-000000000001,"Ballynagoraher, Mayo",161,1,2,4,19,25,64,7,1,284
Mayo,2ae19629-18f0-13a3-e055-000000000001,"Baile Óbha, Maigh Eo",105,0,3,1,17,11,35,13,1,186
Mayo,2ae19629-18f1-13a3-e055-000000000001,"Ballysakeery, Mayo",281,3,8,12,41,37,92,22,7,503
Mayo,2ae19629-18fb-13a3-e055-000000000001,"Bangor, Mayo",213,3,9,18,31,31,83,29,4,421
Mayo,2ae19629-18fc-13a3-e055-000000000001,"Barr Rúscaí, Maigh Eo",34,0,0,0,6,11,23,10,3,87
Mayo,2ae19629-1908-13a3-e055-000000000001,"Bekan, Mayo",316,2,7,12,62,45,125,38,6,613
Mayo,2ae19629-1909-13a3-e055-000000000001,"Béal Deirg Mór, Maigh Eo",54,1,2,6,5,14,38,16,1,137
Mayo,2ae19629-190a-13a3-e055-000000000001,"Bellavary, Mayo",457,2,8,20,89,52,188,43,6,865
Mayo,2ae19629-190b-13a3-e055-000000000001,"Béal an Mhuirthead, Maigh Eo",830,10,38,48,154,126,414,111,17,1748
Mayo,2ae19629-190c-13a3-e055-000000000001,"Bohola, Mayo",142,0,6,4,35,19,40,15,1,262
Mayo,2ae19629-1914-13a3-e055-000000000001,"Brackloon, Mayo",272,1,7,17,61,28,122,21,3,532
Mayo,2ae19629-1915-13a3-e055-000000000001,"Breaghwy, Mayo",871,8,23,28,200,94,274,45,2,1545
Mayo,2ae19629-192d-13a3-e055-000000000001,"Burren, Mayo",174,1,2,3,22,13,50,11,1,277
Mayo,2ae19629-192e-13a3-e055-000000000001,"Burriscarra, Mayo",196,3,1,10,28,30,75,14,3,360
Mayo,2ae19629-193b-13a3-e055-000000000001,"Callow, Mayo",181,0,5,4,29,30,74,19,5,347
Mayo,2ae19629-193c-13a3-e055-000000000001,"An Cheapaigh Dhuibh, Maigh Eo",152,2,4,9,38,21,71,9,2,308
Mayo,2ae19629-1946-13a3-e055-000000000001,"Caraun, Mayo",169,2,4,5,24,14,56,8,0,282
Mayo,2ae19629-1947-13a3-e055-000000000001,"Carrowmore, Mayo",405,4,11,15,75,51,126,32,7,726
Mayo,2ae19629-1948-13a3-e055-000000000001,"Castlebar Rural, Mayo",3727,54,102,156,674,344,870,269,40,6236
Mayo,2ae19629-1949-13a3-e055-000000000001,"Castlebar Urban, Mayo",2682,84,100,254,537,307,1271,332,43,5610
Mayo,2ae19629-194a-13a3-e055-000000000001,"Clare Island, Mayo",84,0,3,2,19,11,38,2,1,160
Mayo,2ae19629-1956-13a3-e055-000000000001,"Claremorris, Mayo",2219,33,65,105,346,200,598,193,25,3784
Mayo,2ae19629-1957-13a3-e055-000000000001,"Clogher, Mayo, 157052",250,2,4,8,64,44,84,23,3,482
Mayo,2ae19629-1958-13a3-e055-000000000001,"Clogher, Mayo, 157053",450,9,13,18,69,45,129,22,3,758
Mayo,2ae19629-1962-13a3-e055-000000000001,"Cloghermore, Mayo",69,0,1,2,16,7,35,5,0,135
Mayo,2ae19629-1963-13a3-e055-000000000001,"Cloonkeen, Mayo",338,2,12,7,53,34,143,23,2,614
Mayo,2ae19629-1964-13a3-e055-000000000001,"Cloonmore, Mayo",172,1,6,14,18,22,127,22,1,383
Mayo,2ae19629-1965-13a3-e055-000000000001,"Cong, Mayo",451,2,15,7,91,47,152,24,9,798
Mayo,2ae19629-196c-13a3-e055-000000000001,"Coolnaha, Mayo",214,4,3,4,36,30,92,18,1,402
Mayo,2ae19629-196d-13a3-e055-000000000001,"Coonard, Mayo",135,0,5,5,26,14,60,5,2,252
Mayo,2ae19629-196e-13a3-e055-000000000001,"Corraun, Mayo",272,2,7,11,34,48,190,26,6,596
Mayo,2ae19629-196f-13a3-e055-000000000001,"Course, Mayo",169,5,5,13,42,26,89,17,6,372
Mayo,2ae19629-1977-13a3-e055-000000000001,"Croaghmoyle, Mayo",80,1,1,3,10,8,46,5,0,154
Mayo,2ae19629-1978-13a3-e055-000000000001,"Croaghpatrick, Mayo",311,3,6,8,61,43,110,12,2,556
Mayo,2ae19629-1979-13a3-e055-000000000001,"Crossboyne, Mayo",296,3,2,5,64,27,74,10,2,483
Mayo,2ae19629-197a-13a3-e055-000000000001,"Crossmolina North, Mayo",486,2,16,29,73,67,161,47,6,887
Mayo,2ae19629-1982-13a3-e055-000000000001,"Crossmolina South, Mayo",386,2,5,8,67,40,172,28,5,713
Mayo,2ae19629-1983-13a3-e055-000000000001,"Cuildoo, Mayo",128,3,7,14,32,21,89,15,5,314
Mayo,2ae19629-18cf-13a3-e055-000000000001,"Culnacleha, Mayo",213,1,3,7,36,16,100,16,7,399
Mayo,2ae19629-18d0-13a3-e055-000000000001,"Dalgan, Mayo",516,2,15,17,94,67,178,44,8,941
Mayo,2ae19629-18d1-13a3-e055-000000000001,"Deel, Mayo",225,2,3,8,35,21,84,18,4,400
Mayo,2ae19629-18d2-13a3-e055-000000000001,"Derry, Mayo",88,0,2,6,8,13,37,9,1,164
Mayo,2ae19629-18d3-13a3-e055-000000000001,"Derryloughan, Mayo",337,3,4,13,64,44,134,20,5,624
Mayo,2ae19629-18da-13a3-e055-000000000001,"Doocastle, Mayo",156,6,4,5,22,30,81,15,2,321
Mayo,2ae19629-18db-13a3-e055-000000000001,"Dumha Éige, Maigh Eo",187,5,9,14,40,42,181,41,2,521
Mayo,2ae19629-18dc-13a3-e055-000000000001,"Drummin, Mayo",86,1,2,1,12,11,25,12,1,151
Mayo,2ae19629-18e7-13a3-e055-000000000001,"Emlagh, Mayo",138,1,3,5,27,22,59,14,1,270
Mayo,2ae19629-18e8-13a3-e055-000000000001,"Erriff, Mayo",52,0,2,3,7,6,16,1,3,90
Mayo,2ae19629-18e9-13a3-e055-000000000001,"Fortland, Mayo",244,2,6,7,52,38,72,14,5,440
Mayo,2ae19629-18f2-13a3-e055-000000000001,"Garrymore, Mayo",216,1,5,4,33,24,72,20,0,375
Mayo,2ae19629-18f3-13a3-e055-000000000001,"Gleann na Muaidhe, Maigh Eo",86,0,5,6,18,17,41,11,4,188
Mayo,2ae19629-18f4-13a3-e055-000000000001,"Gleann Chaisil, Maigh Eo",196,2,9,15,45,25,91,25,4,412
Mayo,2ae19629-18fe-13a3-e055-000000000001,"Glenhest, Mayo",114,0,6,3,13,12,55,8,0,211
Mayo,2ae19629-18ff-13a3-e055-000000000001,"Guala Mhór, Maigh Eo",52,0,4,2,4,15,31,4,0,112
Mayo,2ae19629-190d-13a3-e055-000000000001,"Hollymount, Mayo",374,6,4,15,72,48,114,56,1,690
Mayo,2ae19629-190e-13a3-e055-000000000001,"Houndswood, Mayo",306,2,6,14,43,39,105,18,7,540
Mayo,2ae19629-1916-13a3-e055-000000000001,"Islandeady, Mayo",480,2,10,17,101,35,189,31,6,871
Mayo,2ae19629-1917-13a3-e055-000000000001,"Kilbeagh, Mayo",450,13,7,27,86,51,201,41,3,879
Mayo,2ae19629-1921-13a3-e055-000000000001,"Kilcolman, Mayo",221,2,6,3,36,25,78,7,3,381
Mayo,2ae19629-1922-13a3-e055-000000000001,"Kilcommon, Mayo",320,3,2,7,53,51,92,21,1,550
Mayo,2ae19629-1923-13a3-e055-000000000001,"Kilfian East, Mayo",102,1,1,1,27,14,41,7,1,195
Mayo,2ae19629-1924-13a3-e055-000000000001,"Kilfian South, Mayo",109,4,2,2,20,19,36,6,1,199
Mayo,2ae19629-192f-13a3-e055-000000000001,"Kilfian West, Mayo",41,0,3,6,4,9,25,7,2,97
Mayo,2ae19629-1930-13a3-e055-000000000001,"Kilgarvan, Mayo",372,5,7,22,51,61,140,23,7,688
Mayo,2ae19629-193d-13a3-e055-000000000001,"Kilgeever, Mayo",46,0,1,2,6,9,15,6,2,87
Mayo,2ae19629-193e-13a3-e055-000000000001,"Kilkelly, Mayo",377,8,19,32,71,61,168,47,5,788
Mayo,2ae19629-193f-13a3-e055-000000000001,"Killala, Mayo",550,15,16,35,103,67,219,56,12,1073
Mayo,2ae19629-194b-13a3-e055-000000000001,"Killavally, Mayo",234,0,2,8,53,21,75,20,1,414
Mayo,2ae19629-194c-13a3-e055-000000000001,"Killedan, Mayo",293,2,5,15,59,41,106,41,8,570
Mayo,2ae19629-1959-13a3-e055-000000000001,"Kilmaclasser, Mayo",298,1,12,12,56,46,81,21,2,529
Mayo,2ae19629-195a-13a3-e055-000000000001,"Kilmaine, Mayo",425,2,17,27,90,75,147,41,8,832
Mayo,2ae19629-195b-13a3-e055-000000000001,"Kilmeena, Mayo",721,1,17,27,164,79,253,40,15,1317
Mayo,2ae19629-1966-13a3-e055-000000000001,"Kilmovee, Mayo",281,8,8,20,60,31,108,32,8,556
Mayo,2ae19629-1967-13a3-e055-000000000001,"Kilsallagh, Mayo",256,2,5,5,48,39,91,19,2,467
Mayo,2ae19629-1970-13a3-e055-000000000001,"Kiltamagh, Mayo",693,6,33,42,112,81,279,73,11,1330
Mayo,2ae19629-1971-13a3-e055-000000000001,"Kilvine, Mayo",286,2,12,10,60,40,100,21,3,534
Mayo,2ae19629-197b-13a3-e055-000000000001,"Knappagh, Mayo",356,7,7,14,77,54,105,17,3,640
Mayo,2ae19629-197c-13a3-e055-000000000001,"Knock North, Mayo",364,8,10,24,67,48,243,42,14,820
Mayo,2ae19629-1984-13a3-e055-000000000001,"Knock South, Mayo",315,4,7,7,37,44,237,32,6,689
Mayo,2ae19629-1985-13a3-e055-000000000001,"Cnoc an Daimh, Maigh Eo",99,1,4,8,27,26,69,25,6,265
Mayo,2ae19629-1986-13a3-e055-000000000001,"Cnoc na Lobhar, Maigh Eo",264,10,17,19,52,84,114,55,13,628
Mayo,2ae19629-18c5-13a3-e055-000000000001,"Lackan North, Mayo",141,2,2,9,17,13,71,17,6,278
Mayo,2ae19629-18c6-13a3-e055-000000000001,"Lackan South, Mayo",190,1,5,9,32,38,84,20,2,381
Mayo,2ae19629-18d4-13a3-e055-000000000001,"Letterbrick, Mayo",51,2,3,2,5,11,24,4,0,102
Mayo,2ae19629-18d5-13a3-e055-000000000001,"Loughanboy, Mayo",143,2,4,5,20,24,71,11,2,282
Mayo,2ae19629-182d-13a3-e055-000000000001,"Louisburgh, Mayo",434,4,16,16,94,69,222,31,5,891
Mayo,2ae19629-182e-13a3-e055-000000000001,"Manulla, Mayo",436,4,12,8,118,38,147,40,5,808
Mayo,2ae19629-1838-13a3-e055-000000000001,"Mayo, Mayo",201,0,4,4,32,15,84,12,2,354
Mayo,2ae19629-1839-13a3-e055-000000000001,"Meelick, Mayo",218,1,7,7,44,29,109,22,6,443
Mayo,2ae19629-1844-13a3-e055-000000000001,"Mount Falcon, Mayo",559,7,11,23,119,60,228,31,7,1045
Mayo,2ae19629-1845-13a3-e055-000000000001,"Moing na Bó, Maigh Eo",90,2,4,5,16,20,57,8,3,205
Mayo,2ae19629-1846-13a3-e055-000000000001,"Na Monga, Maigh Eo",79,2,5,6,14,17,42,17,2,184
Mayo,2ae19629-1850-13a3-e055-000000000001,"Murneen, Mayo",174,1,2,6,37,19,72,9,4,324
Mayo,2ae19629-1851-13a3-e055-000000000001,"Neale, Mayo",384,3,5,10,75,47,130,24,6,684
Mayo,2ae19629-185b-13a3-e055-000000000001,"Newbrook, Mayo",248,1,4,10,47,27,99,11,2,449
Mayo,2ae19629-185c-13a3-e055-000000000001,"Newport East, Mayo",565,12,19,25,88,52,225,49,10,1045
Mayo,2ae19629-185d-13a3-e055-000000000001,"Newport West, Mayo",336,1,10,10,68,44,185,23,4,681
Mayo,2ae19629-185e-13a3-e055-000000000001,"Abhainn Bhrain, Maigh Eo",91,0,0,5,12,14,56,8,1,187
Mayo,7d09d455-0fac-4a81-a63b-1b8dbe0d62b1,"Owennadornaun/Bundorragha, Mayo",87,2,5,3,15,10,10,1,1,134
Mayo,2ae19629-1868-13a3-e055-000000000001,"Pontoon, Mayo",209,2,3,11,44,34,81,15,3,402
Mayo,2ae19629-1869-13a3-e055-000000000001,"Partraí, Maigh Eo",258,0,5,6,44,22,117,14,6,472
Mayo,2ae19629-186a-13a3-e055-000000000001,"Cnoc na Ráithe, Maigh Eo",226,5,14,20,61,62,142,41,8,579
Mayo,2ae19629-1875-13a3-e055-000000000001,"Rathoma, Mayo",115,1,1,6,21,15,35,7,3,204
Mayo,2ae19629-1876-13a3-e055-000000000001,"Roslee, Mayo",193,3,5,5,45,19,61,15,2,348
Mayo,2ae19629-1877-13a3-e055-000000000001,"Sallymount, Mayo",210,5,5,12,38,25,84,14,3,396
Mayo,396b71f0-9c69-422b-84df-e2ec984a6b49,"Sheskin/Bunaveela/Glenco, Mayo",57,2,1,5,7,12,52,4,2,142
Mayo,2ae19629-1881-13a3-e055-000000000001,"Shrule, Mayo",576,8,3,14,132,79,137,36,4,989
Mayo,2ae19629-188b-13a3-e055-000000000001,"Slievemahanagh, Mayo",238,1,3,8,39,27,57,13,3,389
Mayo,2ae19629-188c-13a3-e055-000000000001,"Slievemore, Mayo",331,3,18,25,62,67,314,42,11,873
Mayo,2ae19629-188d-13a3-e055-000000000001,"Sonnagh, Mayo",477,5,18,34,85,56,238,115,7,1035
Mayo,2ae19629-188e-13a3-e055-000000000001,"Sraheen, Mayo",477,13,16,27,95,52,237,48,7,972
Mayo,2ae19629-1898-13a3-e055-000000000001,"Srahmore, Mayo",70,2,0,2,10,9,23,7,1,124
Mayo,2ae19629-1899-13a3-e055-000000000001,"Strade, Mayo",258,4,2,16,65,38,117,23,6,529
Mayo,2ae19629-189a-13a3-e055-000000000001,"Swineford, Mayo",1001,21,40,78,180,129,531,135,7,2122
Mayo,2ae19629-189b-13a3-e055-000000000001,"Tagheen, Mayo",81,0,3,0,20,12,40,6,0,162
Mayo,2ae19629-18a3-13a3-e055-000000000001,"Tamhnaigh na Graí, Maigh Eo",168,1,2,4,19,19,55,14,8,290
Mayo,2ae19629-18a4-13a3-e055-000000000001,"Toocananagh, Mayo",181,2,3,12,53,17,84,17,1,370
Mayo,2ae19629-18a5-13a3-e055-000000000001,"Toomore, Mayo",688,10,21,45,120,89,374,66,18,1431
Mayo,2ae19629-18af-13a3-e055-000000000001,"Tumgesh, Mayo",126,3,7,7,29,25,68,14,1,280
Mayo,2ae19629-18b0-13a3-e055-000000000001,"Turlough, Mayo",708,5,17,12,151,57,243,45,4,1242
Mayo,2ae19629-18b1-13a3-e055-000000000001,"Urlaur, Mayo",218,1,12,11,24,38,99,26,3,432
Mayo,2ae19629-18ba-13a3-e055-000000000001,"Westport Rural, Mayo",771,7,19,28,166,93,307,31,5,1427
Mayo,2ae19629-18bb-13a3-e055-000000000001,"Westport Urban, Mayo",2895,31,84,117,352,221,1139,207,37,5083
Roscommon-Galway,2ae19629-1a86-13a3-e055-000000000001,"Aghafin, Roscommon",50,0,2,3,9,8,33,2,1,108
Roscommon-Galway,2ae19629-1a92-13a3-e055-000000000001,"Annaghmore, Roscommon",136,1,5,3,23,13,67,11,1,260
Roscommon-Galway,2ae19629-1a93-13a3-e055-000000000001,"Artagh North, Roscommon",329,7,18,19,70,57,136,46,8,690
Roscommon-Galway,2ae19629-1a9c-13a3-e055-000000000001,"Artagh South, Roscommon",205,2,4,7,34,30,79,17,4,382
Roscommon-Galway,2ae19629-1a9d-13a3-e055-000000000001,"Athleague East, Roscommon",232,2,2,5,53,23,80,11,2,410
Roscommon-Galway,2ae19629-1aa7-13a3-e055-000000000001,"Athleague West, Roscommon",267,4,7,13,46,42,88,26,1,494
Roscommon-Galway,2ae19629-1aa8-13a3-e055-000000000001,"Athlone West Rural, Roscommon",2452,33,78,110,454,246,384,188,22,3967
Roscommon-Galway,2ae19629-1aa9-13a3-e055-000000000001,"Aughrim East, Roscommon",114,0,3,5,16,11,41,2,0,192
Roscommon-Galway,2ae19629-1ab2-13a3-e055-000000000001,"Aughrim West, Roscommon",76,1,1,2,17,8,37,2,2,146
Roscommon-Galway,2ae19629-1ab3-13a3-e055-000000000001,"Ballaghaderreen, Roscommon",1056,67,59,124,255,260,501,184,23,2529
Roscommon-Galway,2ae19629-1abc-13a3-e055-000000000001,"Ballinlough, Roscommon",455,9,17,21,78,70,225,54,6,935
Roscommon-Galway,2ae19629-1abd-13a3-e055-000000000001,"Ballintober, Roscommon",379,5,10,10,62,47,134,41,2,690
Roscommon-Galway,2ae19629-1ac9-13a3-e055-000000000001,"Ballydangan, Roscommon",359,4,7,11,82,44,96,17,5,625
Roscommon-Galway,2ae19629-1aca-13a3-e055-000000000001,"Ballyfarnan, Roscommon",107,0,0,6,12,22,42,20,2,211
Roscommon-Galway,2ae19629-1acb-13a3-e055-000000000001,"Ballyformoyle, Roscommon",82,0,2,1,11,10,38,4,1,149
Roscommon-Galway,2ae19629-1ad5-13a3-e055-000000000001,"Ballygarden, Roscommon",86,1,4,4,16,18,38,13,1,181
Roscommon-Galway,2ae19629-1ad6-13a3-e055-000000000001,"Ballynamona, Roscommon",227,2,5,6,41,44,94,13,2,434
Roscommon-Galway,2ae19629-1ad7-13a3-e055-000000000001,"Baslick, Roscommon",62,1,1,4,10,11,26,6,2,123
Roscommon-Galway,2ae19629-1ae2-13a3-e055-000000000001,"Bellanagare, Roscommon",265,6,10,14,58,40,133,29,4,559
Roscommon-Galway,2ae19629-1ae3-13a3-e055-000000000001,"Boyle Rural, Roscommon",668,9,21,37,134,116,259,141,8,1393
Roscommon-Galway,2ae19629-1ae4-13a3-e055-000000000001,"Boyle Urban, Roscommon",510,14,36,59,87,109,380,126,16,1337
Roscommon-Galway,2ae19629-1ae5-13a3-e055-000000000001,"Breedoge, Roscommon",115,0,2,4,12,15,45,10,2,205
Roscommon-Galway,2ae19629-1aef-13a3-e055-000000000001,"Buckill, Roscommon",141,2,4,10,25,28,72,19,4,305
Roscommon-Galway,2ae19629-1af0-13a3-e055-000000000001,"Bumlin, Roscommon",204,3,4,11,49,35,80,22,3,411
Roscommon-Galway,2ae19629-1af1-13a3-e055-000000000001,"Caltragh, Roscommon",114,0,0,2,34,22,38,6,1,217
Roscommon-Galway,2ae19629-1afc-13a3-e055-000000000001,"Cams, Roscommon",232,1,5,8,43,26,102,12,4,433
Roscommon-Galway,2ae19629-1afd-13a3-e055-000000000001,"Carnagh, Roscommon",424,1,8,10,85,36,80,17,2,663
Roscommon-Galway,2ae19629-1afe-13a3-e055-000000000001,"Carrowduff, Roscommon",102,1,3,3,18,15,27,6,1,176
Roscommon-Galway,2ae19629-1a39-13a3-e055-000000000001,"Carrowreagh, Roscommon",258,2,2,6,44,28,71,10,3,424
Roscommon-Galway,2ae19629-1a3a-13a3-e055-000000000001,"Castleplunket, Roscommon",219,1,7,11,51,47,70,31,3,440
Roscommon-Galway,2ae19629-1a3b-13a3-e055-000000000001,"Castlereagh, Roscommon",1256,25,60,108,233,165,575,217,95,2734
Roscommon-Galway,2ae19629-1a47-13a3-e055-000000000001,"Castlesampson, Roscommon",172,1,8,2,30,30,56,16,4,319
Roscommon-Galway,2ae19629-1a48-13a3-e055-000000000001,"Castleteheen, Roscommon",152,2,2,1,26,22,57,11,2,275
Roscommon-Galway,2ae19629-1a49-13a3-e055-000000000001,"Cloonburren, Roscommon",111,1,1,2,25,15,28,9,1,193
Roscommon-Galway,2ae19629-1a4a-13a3-e055-000000000001,"Cloonfinlough, Roscommon",70,0,2,1,16,9,38,14,0,150
Roscommon-Galway,2ae19629-19a1-13a3-e055-000000000001,"Cloonfower, Roscommon",132,4,7,8,23,26,71,20,2,293
Roscommon-Galway,2ae19629-19a2-13a3-e055-000000000001,"Cloonown, Roscommon",126,2,2,3,27,12,37,9,0,218
Roscommon-Galway,2ae19629-19a3-13a3-e055-000000000001,"Cloonteen, Roscommon",132,1,3,3,23,17,66,10,4,259
Roscommon-Galway,2ae19629-19ae-13a3-e055-000000000001,"Cloontuskert, Roscommon",567,12,17,17,101,60,230,62,7,1073
Roscommon-Galway,2ae19629-19af-13a3-e055-000000000001,"Cloonygormican, Roscommon",199,2,2,10,30,29,70,15,1,358
Roscommon-Galway,2ae19629-19b0-13a3-e055-000000000001,"Cloonyquin, Roscommon",115,2,2,6,23,11,48,6,4,217
Roscommon-Galway,2ae19629-19ba-13a3-e055-000000000001,"Coolougher, Roscommon",222,0,5,10,43,30,92,20,8,430
Roscommon-Galway,2ae19629-19bb-13a3-e055-000000000001,"Crannagh, Roscommon",571,1,8,16,140,67,161,30,5,999
Roscommon-Galway,2ae19629-19c6-13a3-e055-000000000001,"Creagh, Roscommon",444,5,6,11,97,55,195,37,6,856
Roscommon-Galway,2ae19629-19c7-13a3-e055-000000000001,"Creeve, Roscommon, 197046",67,0,2,2,6,5,21,5,1,109
Roscommon-Galway,2ae19629-19c8-13a3-e055-000000000001,"Creeve, Roscommon, 197047",70,0,1,4,18,6,29,6,1,135
Roscommon-Galway,2ae19629-19d1-13a3-e055-000000000001,"Cregga, Roscommon",84,0,0,4,13,7,21,4,0,133
Roscommon-Galway,2ae19629-19d2-13a3-e055-000000000001,"Croghan, Roscommon",191,6,3,2,35,15,56,10,0,318
Roscommon-Galway,2ae19629-19d3-13a3-e055-000000000001,"Crossna, Roscommon",98,0,4,1,13,12,37,6,0,171
Roscommon-Galway,2ae19629-19dc-13a3-e055-000000000001,"Culliagh, Roscommon",96,0,2,2,17,8,37,11,1,174
Roscommon-Galway,2ae19629-19dd-13a3-e055-000000000001,"Danesfort, Roscommon",459,9,10,18,73,41,129,31,2,772
Roscommon-Galway,2ae19629-19de-13a3-e055-000000000001,"Drumdaff, Roscommon",205,1,4,7,34,25,82,16,4,378
Roscommon-Galway,2ae19629-19df-13a3-e055-000000000001,"Drumlosh, Roscommon",160,2,1,5,36,21,48,8,0,281
Roscommon-Galway,2ae19629-19e7-13a3-e055-000000000001,"Dunamon, Roscommon",155,3,3,4,25,17,51,7,0,265
Roscommon-Galway,2ae19629-19e8-13a3-e055-000000000001,"Dysart, Roscommon",112,1,2,4,18,14,31,5,0,187
Roscommon-Galway,2ae19629-19f3-13a3-e055-000000000001,"Edmondstown, Roscommon",177,2,4,12,35,35,85,21,3,374
Roscommon-Galway,2ae19629-19f4-13a3-e055-000000000001,"Elia, Roscommon",56,0,2,3,12,16,19,1,0,109
Roscommon-Galway,2ae19629-19f5-13a3-e055-000000000001,"Elphin, Roscommon",353,5,17,28,72,53,122,51,5,706
Roscommon-Galway,2ae19629-1a00-13a3-e055-000000000001,"Estersnow, Roscommon",42,1,2,5,5,8,12,2,0,77
Roscommon-Galway,2ae19629-1a01-13a3-e055-000000000001,"Fairymount, Roscommon",148,4,3,6,16,18,64,14,4,277
Roscommon-Galway,2ae19629-1a02-13a3-e055-000000000001,"Frenchpark, Roscommon",370,8,15,27,75,84,160,59,7,805
Roscommon-Galway,2ae19629-1a03-13a3-e055-000000000001,"Fuerty, Roscommon",362,3,4,9,78,45,113,14,3,631
Roscommon-Galway,2ae19629-1a0d-13a3-e055-000000000001,"Keadew, Roscommon",269,5,10,14,31,23,99,19,3,473
Roscommon-Galway,2ae19629-1a0e-13a3-e055-000000000001,"Kilbride North, Roscommon",184,0,2,5,37,22,73,14,2,339
Roscommon-Galway,2ae19629-1a0f-13a3-e055-000000000001,"Kilbride South, Roscommon",196,1,4,2,37,11,56,5,0,312
Roscommon-Galway,2ae19629-1a16-13a3-e055-000000000001,"Kilbryan, Roscommon",167,0,6,2,34,19,57,14,4,303
Roscommon-Galway,2ae19629-1a17-13a3-e055-000000000001,"Kilcar, Roscommon",188,0,5,3,26,21,41,18,3,305
Roscommon-Galway,2ae19629-1a23-13a3-e055-000000000001,"Kilgefin, Roscommon",134,4,2,1,26,21,51,12,0,251
Roscommon-Galway,2ae19629-1a24-13a3-e055-000000000001,"Kilglass North, Roscommon",206,4,7,9,25,35,97,22,7,412
Roscommon-Galway,2ae19629-1a25-13a3-e055-000000000001,"Kilglass South, Roscommon",170,2,4,3,28,28,45,11,0,291
Roscommon-Galway,2ae19629-1a2e-13a3-e055-000000000001,"Killavackan, Roscommon",101,0,2,4,16,12,45,3,1,184
Roscommon-Galway,2ae19629-1a2f-13a3-e055-000000000001,"Killukin, Roscommon, 197074",132,2,1,0,31,19,35,8,0,228
Roscommon-Galway,2ae19629-1a30-13a3-e055-000000000001,"Killukin, Roscommon, 197075",79,0,2,2,18,10,41,6,3,161
Roscommon-Galway,2ae19629-1a31-13a3-e055-000000000001,"Killummod, Roscommon",51,1,2,3,10,13,19,1,1,101
Roscommon-Galway,2ae19629-1990-13a3-e055-000000000001,"Kilmacumsy/Kilcolagh, Roscommon",209,2,7,14,40,19,85,7,4,387
Roscommon-Galway,2ae19629-1991-13a3-e055-000000000001,"Kilmore, Roscommon",77,1,2,1,9,6,42,6,2,146
Roscommon-Galway,2ae19629-1992-13a3-e055-000000000001,"Kilteevan, Roscommon",262,1,6,5,52,21,69,22,5,443
Roscommon-Galway,2ae19629-199a-13a3-e055-000000000001,"Kiltoom, Roscommon",780,8,18,20,173,76,272,35,20,1402
Roscommon-Galway,2ae19629-199b-13a3-e055-000000000001,"Kiltullagh, Roscommon",468,4,14,25,97,71,193,52,8,932
Roscommon-Galway,2ae19629-199c-13a3-e055-000000000001,"Lackan, Roscommon",175,0,3,3,54,16,43,6,2,302
Roscommon-Galway,2ae19629-19a4-13a3-e055-000000000001,"Lecarrow, Roscommon",159,1,3,6,33,15,44,10,0,271
Roscommon-Galway,869b3460-81b8-43ea-b965-9e0df9601878,"Lisgarve/Mantua, Roscommon",88,0,2,9,22,10,34,12,3,180
Roscommon-Galway,2ae19629-19a6-13a3-e055-000000000001,"Lismaha, Roscommon",171,0,3,3,36,21,61,11,6,312
Roscommon-Galway,2ae19629-19a7-13a3-e055-000000000001,"Lissonuffy, Roscommon",71,0,4,6,12,8,32,7,3,143
Roscommon-Galway,922546d5-3ff0-4121-bfc2-ddab853e004a,"Lough Allen/Altagowlan, Roscommon",125,1,6,8,20,20,55,24,2,261
Roscommon-Galway,2ae19629-19b2-13a3-e055-000000000001,"Loughglinn, Roscommon",316,5,8,27,60,37,150,44,8,655
Roscommon-Galway,2ae19629-19bc-13a3-e055-000000000001,"Moore, Roscommon",124,1,1,10,29,16,54,13,3,251
Roscommon-Galway,2ae19629-19bd-13a3-e055-000000000001,"Mote, Roscommon",423,5,3,4,98,50,139,25,6,753
Roscommon-Galway,2ae19629-19be-13a3-e055-000000000001,"Oakport, Roscommon",229,2,5,7,39,25,67,10,3,387
Roscommon-Galway,2ae19629-19bf-13a3-e055-000000000001,"Ogulla, Roscommon",179,0,6,10,25,29,49,20,2,320
Roscommon-Galway,2ae19629-19c9-13a3-e055-000000000001,"Rockhill, Roscommon",195,1,3,9,39,21,58,11,1,338
Roscommon-Galway,2ae19629-19ca-13a3-e055-000000000001,"Rockingham, Roscommon",153,1,3,4,23,24,58,15,3,284
Roscommon-Galway,2ae19629-19cb-13a3-e055-000000000001,"Roosky, Roscommon",333,5,10,13,53,52,152,31,5,654
Roscommon-Galway,2ae19629-19d4-13a3-e055-000000000001,"Roscommon Rural, Roscommon",2219,49,63,100,463,313,791,253,20,4271
Roscommon-Galway,2ae19629-19d5-13a3-e055-000000000001,"Roscommon Urban, Roscommon",780,48,31,60,123,147,272,113,10,1584
Roscommon-Galway,2ae19629-19d6-13a3-e055-000000000001,"Rosmoylan, Roscommon",65,12,11,3,15,12,48,10,2,178
Roscommon-Galway,2ae19629-19d7-13a3-e055-000000000001,"Rossmore, Roscommon",71,0,3,1,14,11,32,4,1,137
Roscommon-Galway,2ae19629-19e0-13a3-e055-000000000001,"Rushfield, Roscommon",205,1,2,8,34,16,53,9,0,328
Roscommon-Galway,2ae19629-19e1-13a3-e055-000000000001,"Scregg, Roscommon",255,4,3,13,47,19,70,12,3,426
Roscommon-Galway,2ae19629-19e2-13a3-e055-000000000001,"Strokestown, Roscommon",463,11,10,34,74,89,219,83,15,998
Roscommon-Galway,2ae19629-19e9-13a3-e055-000000000001,"Taghboy, Roscommon",207,2,4,16,35,44,54,30,5,397
Roscommon-Galway,2ae19629-19ea-13a3-e055-000000000001,"Taghmaconnell, Roscommon",137,1,0,2,31,24,37,5,3,240
Roscommon-Galway,2ae19629-19eb-13a3-e055-000000000001,"Termonbarry, Roscommon",464,1,11,19,72,52,116,32,1,768
Roscommon-Galway,2ae19629-19ec-13a3-e055-000000000001,"Thomastown, Roscommon",358,3,7,14,69,41,108,26,2,628
Roscommon-Galway,2ae19629-19f6-13a3-e055-000000000001,"Tivannagh, Roscommon",131,1,1,2,20,9,50,7,2,223
Roscommon-Galway,2ae19629-19f7-13a3-e055-000000000001,"Tulsk, Roscommon",136,2,6,4,26,16,47,16,2,255
Roscommon-Galway,2ae19629-19f8-13a3-e055-000000000001,"Tumna North, Roscommon",68,0,3,5,13,9,41,2,3,144
Roscommon-Galway,2ae19629-1a04-13a3-e055-000000000001,"Tumna South, Roscommon",85,0,2,5,19,9,47,3,0,170
Roscommon-Galway,2ae19629-1a05-13a3-e055-000000000001,"Turrock, Roscommon",153,1,2,4,33,19,46,5,2,265
Sligo-Leitrim,2ae19629-1a06-13a3-e055-000000000001,"Achonry East, Sligo",205,5,3,10,33,23,76,33,0,388
Sligo-Leitrim,2ae19629-1a07-13a3-e055-000000000001,"Achonry West, Sligo",328,0,6,18,66,33,155,29,5,640
Sligo-Leitrim,2ae19629-1a10-13a3-e055-000000000001,"Aclare, Sligo",98,0,2,7,19,14,63,5,0,208
Sligo-Leitrim,2ae19629-1a11-13a3-e055-000000000001,"Aghanagh, Sligo",154,3,6,1,33,25,58,13,0,293
Sligo-Leitrim,2ae19629-1a19-13a3-e055-000000000001,"Annagh, Sligo",88,1,1,3,19,8,30,10,0,160
Sligo-Leitrim,2ae19629-1a1a-13a3-e055-000000000001,"Aughris, Sligo",76,2,2,3,10,8,29,4,0,134
Sligo-Leitrim,2ae19629-1a1b-13a3-e055-000000000001,"Ballintogher East, Sligo",325,5,5,9,63,17,71,24,2,521
Sligo-Leitrim,2ae19629-1a26-13a3-e055-000000000001,"Ballintogher West, Sligo",214,1,8,7,35,10,75,17,2,369
Sligo-Leitrim,2ae19629-1a27-13a3-e055-000000000001,"Ballymote, Sligo",938,18,32,44,153,101,370,95,4,1755
Sligo-Leitrim,2ae19629-1a28-13a3-e055-000000000001,"Ballynakill, Sligo",230,2,1,11,39,12,51,23,1,370
Sligo-Leitrim,2ae19629-1a32-13a3-e055-000000000001,"Ballynashee, Sligo",179,0,8,4,40,12,45,19,0,307
Sligo-Leitrim,2ae19629-1a33-13a3-e055-000000000001,"Ballysadare East, Sligo",670,6,13,27,95,44,212,45,0,1112
Sligo-Leitrim,2ae19629-1a34-13a3-e055-000000000001,"Ballysadare West, Sligo",177,0,4,1,28,17,62,10,0,299
Sligo-Leitrim,2ae19629-1987-13a3-e055-000000000001,"Banada, Sligo",234,3,11,8,49,30,133,29,2,499
Sligo-Leitrim,2ae19629-19b5-13a3-e055-000000000001,"Branchfield/Carrownaskeagh, Sligo",71,0,1,3,13,11,32,2,0,133
Sligo-Leitrim,2ae19629-1989-13a3-e055-000000000001,"Breencorragh, Sligo",52,0,0,3,5,7,25,8,1,101
Sligo-Leitrim,2ae19629-198a-13a3-e055-000000000001,"Bricklieve, Sligo",93,1,0,5,20,11,46,2,0,178
Sligo-Leitrim,2ae19629-19a8-13a3-e055-000000000001,"Buncrowey, Sligo",115,0,8,8,28,20,47,26,2,254
Sligo-Leitrim,2ae19629-19a9-13a3-e055-000000000001,"Calry, Sligo",759,2,14,22,254,49,382,37,3,1522
Sligo-Leitrim,2ae19629-19aa-13a3-e055-000000000001,"Carney, Sligo",280,3,11,9,64,26,149,24,0,566
Sligo-Leitrim,2ae19629-19b4-13a3-e055-000000000001,"Carrickbanagher, Sligo",331,3,9,6,69,21,105,24,4,572
Sligo-Leitrim,2ae19629-19b6-13a3-e055-000000000001,"Cartron, Sligo",71,0,2,2,10,8,25,5,0,123
Sligo-Leitrim,2ae19629-19c0-13a3-e055-000000000001,"Castleconor East, Sligo",104,0,1,5,16,21,33,4,1,185
Sligo-Leitrim,2ae19629-19c1-13a3-e055-000000000001,"Castleconor West, Sligo",483,5,12,12,103,50,175,21,1,862
Sligo-Leitrim,2ae19629-19cc-13a3-e055-000000000001,"Cliffony North, Sligo",425,1,12,13,68,45,206,40,4,814
Sligo-Leitrim,2ae19629-19cd-13a3-e055-000000000001,"Cliffony South, Sligo",275,0,10,16,40,26,104,15,1,487
Sligo-Leitrim,2ae19629-19ce-13a3-e055-000000000001,"Cloonacool, Sligo",134,1,1,8,28,9,52,11,2,246
Sligo-Leitrim,2ae19629-19d8-13a3-e055-000000000001,"Cloonoghill, Sligo",128,1,5,9,20,11,54,11,0,239
Sligo-Leitrim,2ae19629-19d9-13a3-e055-000000000001,"Collooney, Sligo",1504,18,39,64,268,133,289,103,4,2422
Sligo-Leitrim,2ae19629-19e3-13a3-e055-000000000001,"Coolaney, Sligo",714,5,15,39,113,63,114,44,5,1112
Sligo-Leitrim,2ae19629-19e4-13a3-e055-000000000001,"Coolavin, Sligo",207,1,5,10,48,23,79,16,1,390
Sligo-Leitrim,2ae19629-19ed-13a3-e055-000000000001,"Cuilmore, Sligo",233,0,5,8,43,26,118,14,2,449
Sligo-Leitrim,2ae19629-19ee-13a3-e055-000000000001,"Dromard East, Sligo",84,1,1,5,9,10,30,4,1,145
Sligo-Leitrim,2ae19629-19ef-13a3-e055-000000000001,"Dromard West, Sligo",97,0,1,2,18,7,27,6,1,159
Sligo-Leitrim,2ae19629-19f9-13a3-e055-000000000001,"Dromore, Sligo",225,0,10,16,56,23,74,19,2,425
Sligo-Leitrim,2ae19629-19fa-13a3-e055-000000000001,"Drumcliff East, Sligo",330,1,6,11,58,24,203,8,0,641
Sligo-Leitrim,2ae19629-1a08-13a3-e055-000000000001,"Drumcliff West, Sligo",752,11,15,18,151,92,423,39,2,1503
Sligo-Leitrim,2ae19629-1a09-13a3-e055-000000000001,"Drumcolumb, Sligo",132,0,6,10,31,14,39,7,0,239
Sligo-Leitrim,2ae19629-1a0a-13a3-e055-000000000001,"Drumfin, Sligo",202,3,5,6,32,11,52,17,1,329
Sligo-Leitrim,2ae19629-1a12-13a3-e055-000000000001,"Drumrat, Sligo",215,4,8,9,58,25,97,21,2,439
Sligo-Leitrim,2ae19629-1a13-13a3-e055-000000000001,"Easky East, Sligo",234,5,7,14,57,41,109,38,7,512
Sligo-Leitrim,2ae19629-1a1c-13a3-e055-000000000001,"Easky West, Sligo",306,3,10,20,37,31,119,28,2,556
Sligo-Leitrim,2ae19629-1a1d-13a3-e055-000000000001,"Glencar, Sligo",121,0,2,2,26,11,36,3,0,201
Sligo-Leitrim,2ae19629-1a1e-13a3-e055-000000000001,"Glendarragh, Sligo",95,0,0,2,15,16,39,7,1,175
Sligo-Leitrim,2ae19629-1a1f-13a3-e055-000000000001,"Kilfree, Sligo",231,3,6,12,33,27,92,25,2,431
Sligo-Leitrim,2ae19629-1a29-13a3-e055-000000000001,"Kilglass, Sligo",695,12,28,37,107,80,367,85,5,1416
Sligo-Leitrim,2ae19629-1a2a-13a3-e055-000000000001,"Killadoon, Sligo",122,2,1,6,29,8,59,8,3,238
Sligo-Leitrim,2ae19629-1a35-13a3-e055-000000000001,"Killaraght, Sligo",203,0,3,10,22,30,69,20,1,358
Sligo-Leitrim,2ae19629-1a36-13a3-e055-000000000001,"Kilmacowen, Sligo",1038,5,18,33,203,78,427,79,9,1890
Sligo-Leitrim,2ae19629-198b-13a3-e055-000000000001,"Kilmacteige, Sligo",106,4,1,3,18,11,42,7,0,192
Sligo-Leitrim,2ae19629-198c-13a3-e055-000000000001,"Kilmactranny, Sligo",178,2,3,3,35,11,52,11,0,295
Sligo-Leitrim,2ae19629-1993-13a3-e055-000000000001,"Kilshalvy, Sligo",119,0,3,6,16,12,63,12,2,233
Sligo-Leitrim,2ae19629-1994-13a3-e055-000000000001,"Kilturra, Sligo",99,0,2,1,24,11,38,7,1,183
Sligo-Leitrim,2ae19629-199d-13a3-e055-000000000001,"Knockaree, Sligo",1914,7,48,58,335,136,647,109,16,3270
Sligo-Leitrim,2ae19629-199e-13a3-e055-000000000001,"Lakeview, Sligo",214,1,10,7,41,20,81,16,2,392
Sligo-Leitrim,2ae19629-1995-13a3-e055-000000000001,"Leitrim, Sligo",147,1,5,10,37,24,58,16,3,301
Sligo-Leitrim,2ae19629-1996-13a3-e055-000000000001,"Lisconny, Sligo",178,3,3,3,41,13,40,33,3,317
Sligo-Leitrim,2ae19629-1997-13a3-e055-000000000001,"Lissadill East, Sligo",399,3,7,9,84,20,107,26,1,656
Sligo-Leitrim,2ae19629-199f-13a3-e055-000000000001,"Lissadill North, Sligo",661,4,11,29,162,64,197,55,1,1184
Sligo-Leitrim,2ae19629-19a0-13a3-e055-000000000001,"Lissadill West, Sligo",298,1,5,14,41,32,92,22,4,509
Sligo-Leitrim,759f966a-c2c8-4bea-a71d-5e9c2d452553,"Loughil, Sligo",32,0,2,0,3,5,16,1,0,59
Sligo-Leitrim,2ae19629-19ad-13a3-e055-000000000001,"Owenmore, Sligo",38,0,4,0,9,4,26,6,0,87
Sligo-Leitrim,2ae19629-19b7-13a3-e055-000000000001,"Rathmacurkey, Sligo",240,1,11,15,60,47,85,18,1,478
Sligo-Leitrim,2ae19629-19b8-13a3-e055-000000000001,"Riverstown, Sligo",321,3,10,11,74,31,112,28,3,593
Sligo-Leitrim,2ae19629-19b9-13a3-e055-000000000001,"Rossinver East, Sligo",88,1,1,3,11,5,35,7,1,152
Sligo-Leitrim,2ae19629-19c2-13a3-e055-000000000001,"Rossinver West, Sligo",115,2,2,1,28,11,26,7,1,193
Sligo-Leitrim,2ae19629-19c3-13a3-e055-000000000001,"Shancough, Sligo",68,0,1,4,12,4,20,2,0,111
Sligo-Leitrim,2ae19629-19c4-13a3-e055-000000000001,"Skreen, Sligo",68,0,0,1,10,13,37,5,1,135
Sligo-Leitrim,2ae19629-19fc-13a3-e055-000000000001,"Sligo East, Sligo",2187,48,99,194,328,198,805,315,24,4198
Sligo-Leitrim,2ae19629-19fb-13a3-e055-000000000001,"Sligo North, Sligo",2200,62,103,172,1244,247,920,332,32,5312
Sligo-Leitrim,2ae19629-19c5-13a3-e055-000000000001,"Sligo West, Sligo",3472,60,138,203,571,301,1273,336,20,6374
Sligo-Leitrim,2ae19629-19cf-13a3-e055-000000000001,"Streamstown, Sligo",119,1,8,3,31,9,43,5,0,219
Sligo-Leitrim,2ae19629-19d0-13a3-e055-000000000001,"Temple, Sligo",175,2,9,5,33,14,45,13,0,296
Sligo-Leitrim,2ae19629-19da-13a3-e055-000000000001,"Templeboy North, Sligo",140,0,3,4,34,20,45,9,1,256
Sligo-Leitrim,2ae19629-19db-13a3-e055-000000000001,"Templeboy South/Mullagheruse, Sligo",107,0,3,3,12,20,47,7,0,199
Sligo-Leitrim,2ae19629-19e5-13a3-e055-000000000001,"Templevanny, Sligo",104,0,6,1,20,7,45,8,2,193
Sligo-Leitrim,2ae19629-19e6-13a3-e055-000000000001,"Tobercurry, Sligo",1233,27,50,102,274,127,415,188,10,2426
Sligo-Leitrim,2ae19629-19f0-13a3-e055-000000000001,"Toberpatrick East, Sligo",115,0,5,2,20,12,41,8,1,204
Sligo-Leitrim,2ae19629-19f1-13a3-e055-000000000001,"Toberpatrick West, Sligo",146,3,5,2,32,15,52,6,0,261
Sligo-Leitrim,2ae19629-19f2-13a3-e055-000000000001,"Toomour, Sligo",102,1,5,2,18,9,33,9,1,180
Cavan-Monaghan,2ae19629-1e0f-13a3-e055-000000000001,"Ardue, Cavan",384,9,11,19,69,48,125,34,4,703
Cavan-Monaghan,2ae19629-1e1a-13a3-e055-000000000001,"Arvagh, Cavan",436,5,11,16,84,58,138,26,6,780
Cavan-Monaghan,2ae19629-1e1b-13a3-e055-000000000001,"Ashfield, Cavan",171,2,5,5,35,21,69,7,2,317
Cavan-Monaghan,2ae19629-1c98-13a3-e055-000000000001,"Bailieborough, Cavan",1817,36,66,121,299,239,556,178,21,3333
Cavan-Monaghan,2ae19629-1c99-13a3-e055-000000000001,"Ballintemple, Cavan",202,3,6,1,39,25,58,14,4,352
Cavan-Monaghan,2ae19629-1cd8-13a3-e055-000000000001,"Ballyconnell, Cavan",819,18,28,60,129,89,228,67,16,1454
Cavan-Monaghan,2ae19629-1cd9-13a3-e055-000000000001,"Ballyhaise, Cavan",472,9,12,27,94,62,152,45,20,893
Cavan-Monaghan,2ae19629-1cf1-13a3-e055-000000000001,"Ballyjamesduff, Cavan",1576,46,51,79,330,230,292,151,23,2778
Cavan-Monaghan,2ae19629-1cf2-13a3-e055-000000000001,"Ballymachugh, Cavan",389,3,10,22,80,61,102,20,2,689
Cavan-Monaghan,2ae19629-1d13-13a3-e055-000000000001,"Ballymagauran, Cavan",121,2,3,3,16,17,37,9,0,208
Cavan-Monaghan,2ae19629-1d14-13a3-e055-000000000001,"Bawnboy, Cavan",271,1,10,17,50,30,98,21,3,501
Cavan-Monaghan,2ae19629-1d32-13a3-e055-000000000001,"Bellananagh, Cavan",714,13,22,52,127,98,166,52,11,1255
Cavan-Monaghan,2ae19629-1d33-13a3-e055-000000000001,"Belturbet, Cavan",657,25,39,92,99,111,280,111,13,1427
Cavan-Monaghan,2ae19629-1d51-13a3-e055-000000000001,"Bilberry, Cavan",93,2,4,2,15,9,34,7,0,166
Cavan-Monaghan,2ae19629-1d52-13a3-e055-000000000001,"Bruce Hall, Cavan",89,1,1,2,17,17,28,5,0,160
Cavan-Monaghan,2ae19629-1d53-13a3-e055-000000000001,"Butler's Bridge, Cavan",233,2,4,9,39,30,61,16,3,397
Cavan-Monaghan,2ae19629-1d54-13a3-e055-000000000001,"Canningstown, Cavan",259,2,7,10,41,34,79,17,1,450
Cavan-Monaghan,2ae19629-1d72-13a3-e055-000000000001,"Carn, Cavan",107,0,5,4,12,17,32,5,1,183
Cavan-Monaghan,2ae19629-1d73-13a3-e055-000000000001,"Carnagarve, Cavan",278,3,6,15,47,43,80,31,3,506
Cavan-Monaghan,2ae19629-1d74-13a3-e055-000000000001,"Carrafin, Cavan",199,2,4,8,37,21,59,12,3,345
Cavan-Monaghan,2ae19629-1d8f-13a3-e055-000000000001,"Castlerahan, Cavan",418,6,15,8,77,70,104,22,5,725
Cavan-Monaghan,2ae19629-1d90-13a3-e055-000000000001,"Castlesaunderson, Cavan",135,1,3,3,23,21,43,12,4,245
Cavan-Monaghan,2ae19629-1da9-13a3-e055-000000000001,"Cavan Rural, Cavan",3708,102,110,201,636,438,984,290,45,6514
Cavan-Monaghan,2ae19629-1daa-13a3-e055-000000000001,"Cavan Urban, Cavan",1354,71,99,216,271,255,481,298,28,3073
Cavan-Monaghan,2ae19629-1dab-13a3-e055-000000000001,"Clonervy, Cavan",445,4,5,15,80,46,102,27,2,726
Cavan-Monaghan,2ae19629-1dac-13a3-e055-000000000001,"Cootehill Rural, Cavan",491,8,15,19,80,66,148,48,3,878
Cavan-Monaghan,2ae19629-1dbf-13a3-e055-000000000001,"Cootehill Urban, Cavan",730,19,29,48,82,105,242,105,8,1368
Cavan-Monaghan,2ae19629-1dc0-13a3-e055-000000000001,"Corr, Cavan",114,3,3,4,19,16,50,11,2,222
Cavan-Monaghan,2ae19629-1dc1-13a3-e055-000000000001,"Corraneary, Cavan",216,3,3,4,31,26,72,15,1,371
Cavan-Monaghan,2ae19629-1dd9-13a3-e055-000000000001,"Crossbane, Cavan",316,5,10,14,44,36,74,21,3,523
Cavan-Monaghan,2ae19629-1dda-13a3-e055-000000000001,"Crossdoney, Cavan",282,4,7,8,53,31,83,20,4,492
Cavan-Monaghan,2ae19629-1df9-13a3-e055-000000000001,"Crosskeys, Cavan",345,4,5,7,58,53,82,22,7,583
Cavan-Monaghan,2ae19629-1dfa-13a3-e055-000000000001,"Cuttragh, Cavan",205,2,8,3,41,23,52,8,1,343
Cavan-Monaghan,2ae19629-1dfb-13a3-e055-000000000001,"Denn, Cavan",319,4,4,14,63,48,95,21,6,574
Cavan-Monaghan,2ae19629-1e10-13a3-e055-000000000001,"Derrin, Cavan",203,1,3,6,43,32,66,12,1,367
Cavan-Monaghan,2ae19629-1e11-13a3-e055-000000000001,"Derrylahan, Cavan",34,1,7,3,11,5,21,6,1,89
Cavan-Monaghan,2ae19629-1e1c-13a3-e055-000000000001,"Diamond, Cavan",70,0,2,3,7,8,28,8,1,127
Cavan-Monaghan,2ae19629-1e1d-13a3-e055-000000000001,"Doogary, Cavan",58,1,2,3,10,10,24,7,1,116
Cavan-Monaghan,2ae19629-1e1e-13a3-e055-000000000001,"Dowra, Cavan",64,2,6,5,11,9,31,12,0,140
Cavan-Monaghan,2ae19629-1c9a-13a3-e055-000000000001,"Drumanespick, Cavan",214,2,3,10,48,29,53,11,1,371
Cavan-Monaghan,2ae19629-1c9b-13a3-e055-000000000001,"Drumcarban, Cavan",255,2,8,12,62,37,101,13,4,494
Cavan-Monaghan,2ae19629-1ca9-13a3-e055-000000000001,"Drumcarn, Cavan",240,3,2,7,34,30,81,18,3,418
Cavan-Monaghan,2ae19629-1caa-13a3-e055-000000000001,"Drumlumman, Cavan",290,3,10,9,53,41,74,17,4,501
Cavan-Monaghan,2ae19629-1cab-13a3-e055-000000000001,"Drung, Cavan",238,1,11,7,44,34,84,18,2,439
Cavan-Monaghan,f91caa0f-0c2d-4ce7-a5b0-7a5ac354cb4f,"Dunmakeever/Benbrack/Derrynananta, Cavan",91,1,0,5,14,22,40,10,2,185
Cavan-Monaghan,2ae19629-1cba-13a3-e055-000000000001,"Enniskeen, Cavan",227,1,4,4,35,34,47,11,3,366
Cavan-Monaghan,2ae19629-1cbb-13a3-e055-000000000001,"Eskey, Cavan",111,9,8,20,24,13,30,12,52,279
Cavan-Monaghan,2ae19629-1cac-13a3-e055-000000000001,"Graddum, Cavan",260,1,12,9,52,44,61,24,5,468
Cavan-Monaghan,2ae19629-1cad-13a3-e055-000000000001,"Grilly, Cavan",200,3,2,4,39,38,107,13,2,408
Cavan-Monaghan,2ae19629-1cbc-13a3-e055-000000000001,"Kilbride, Cavan",421,6,3,22,95,75,137,29,6,794
Cavan-Monaghan,2ae19629-1cbd-13a3-e055-000000000001,"Kilcogy, Cavan",187,4,10,4,43,26,59,15,3,351
Cavan-Monaghan,2ae19629-1cda-13a3-e055-000000000001,"Kilconny, Cavan",292,2,9,12,62,34,64,23,4,502
Cavan-Monaghan,2ae19629-1cdb-13a3-e055-000000000001,"Kilgolagh, Cavan",151,1,5,13,24,19,42,12,2,269
Cavan-Monaghan,2ae19629-1cdc-13a3-e055-000000000001,"Kill, Cavan",168,0,2,4,44,32,48,12,3,313
Cavan-Monaghan,2ae19629-1cf3-13a3-e055-000000000001,"Killashandra, Cavan",454,13,19,25,81,64,194,53,9,912
Cavan-Monaghan,06698531-f7f7-4058-a15f-7d455ef0dd94,"Killinagh/Teebane, Cavan",59,1,7,3,13,5,22,4,0,114
Cavan-Monaghan,2ae19629-1cf5-13a3-e055-000000000001,"Killinkere, Cavan",228,1,7,6,54,35,56,17,2,406
Cavan-Monaghan,2ae19629-1d15-13a3-e055-000000000001,"Killykeen, Cavan",270,4,5,16,69,43,99,13,1,520
Cavan-Monaghan,2ae19629-1d16-13a3-e055-000000000001,"Kilnaleck, Cavan",542,9,21,32,97,73,133,36,2,945
Cavan-Monaghan,2ae19629-1d35-13a3-e055-000000000001,"Kinawley, Cavan",50,0,0,2,7,3,25,2,0,89
Cavan-Monaghan,2ae19629-1d36-13a3-e055-000000000001,"Kingscourt, Cavan",1603,25,40,89,327,209,342,123,25,2783
Cavan-Monaghan,2ae19629-1d55-13a3-e055-000000000001,"Knappagh, Cavan",215,1,2,6,40,28,59,18,3,372
Cavan-Monaghan,2ae19629-1d56-13a3-e055-000000000001,"Larah North, Cavan",234,0,6,0,50,26,57,11,3,387
Cavan-Monaghan,2ae19629-1d75-13a3-e055-000000000001,"Larah South, Cavan",229,2,3,13,36,33,58,12,4,390
Cavan-Monaghan,2ae19629-1d76-13a3-e055-000000000001,"Lisagoan, Cavan",186,2,8,5,33,25,44,13,3,319
Cavan-Monaghan,2ae19629-1d77-13a3-e055-000000000001,"Lissanover, Cavan",125,1,1,2,32,12,45,10,2,230
Cavan-Monaghan,2ae19629-1d91-13a3-e055-000000000001,"Loughdawan, Cavan",152,2,3,3,25,19,55,7,0,266
Cavan-Monaghan,2ae19629-1d92-13a3-e055-000000000001,"Lurgan, Cavan",265,2,4,7,53,30,108,23,0,492
Cavan-Monaghan,2ae19629-1d93-13a3-e055-000000000001,"Milltown, Cavan",164,5,6,7,37,18,77,14,0,328
Cavan-Monaghan,2ae19629-1dad-13a3-e055-000000000001,"Moynehall, Cavan",803,13,19,22,158,104,212,53,2,1386
Cavan-Monaghan,2ae19629-1dae-13a3-e055-000000000001,"Mullagh, Cavan",1066,15,36,55,264,160,229,89,10,1924
Cavan-Monaghan,2ae19629-1dc2-13a3-e055-000000000001,"Munterconnaught, Cavan",528,4,11,21,127,69,121,31,6,918
Cavan-Monaghan,2ae19629-1c9d-13a3-e055-000000000001,"Pedara Vohers/Tircahan, Cavan",64,1,8,6,13,13,44,9,0,158
Cavan-Monaghan,2ae19629-1dc4-13a3-e055-000000000001,"Rakenny, Cavan",199,1,8,11,26,24,71,21,2,363
Cavan-Monaghan,2ae19629-1ddb-13a3-e055-000000000001,"Redhill, Cavan",196,3,4,9,24,32,70,16,4,358
Cavan-Monaghan,2ae19629-1ddc-13a3-e055-000000000001,"Scrabby, Cavan",321,3,10,11,65,40,80,16,0,546
Cavan-Monaghan,2ae19629-1ddd-13a3-e055-000000000001,"Shercock, Cavan",628,2,15,28,77,78,127,39,5,999
Cavan-Monaghan,2ae19629-1dfc-13a3-e055-000000000001,"Skeagh, Cavan",196,0,4,7,47,25,55,10,7,351
Cavan-Monaghan,2ae19629-1dfd-13a3-e055-000000000001,"Springfield, Cavan",74,1,2,4,10,10,41,9,1,152
Cavan-Monaghan,2ae19629-1e13-13a3-e055-000000000001,"Stradone, Cavan",384,3,8,10,70,50,109,14,5,653
Cavan-Monaghan,2ae19629-1e14-13a3-e055-000000000001,"Swanlinbar, Cavan",164,2,6,11,20,20,80,12,0,315
Cavan-Monaghan,2ae19629-1e1f-13a3-e055-000000000001,"Taghart, Cavan",297,5,10,15,45,39,74,17,3,505
Cavan-Monaghan,2ae19629-1e21-13a3-e055-000000000001,"Templeport, Cavan",114,1,5,8,12,21,55,13,4,233
Cavan-Monaghan,2ae19629-1c9c-13a3-e055-000000000001,"Termon, Cavan",259,0,12,10,44,44,61,17,2,449
Cavan-Monaghan,2ae19629-1c9e-13a3-e055-000000000001,"Tuam, Cavan",157,2,6,9,17,20,67,11,1,290
Cavan-Monaghan,2ae19629-1cae-13a3-e055-000000000001,"Tullyvin East, Cavan",230,1,2,8,36,30,73,12,2,394
Cavan-Monaghan,2ae19629-1caf-13a3-e055-000000000001,"Tullyvin West, Cavan",160,2,1,2,18,20,35,10,2,250
Cavan-Monaghan,2ae19629-1faf-13a3-e055-000000000001,"Virginia, Cavan",2243,29,81,99,450,298,593,169,42,4004
Cavan-Monaghan,2ae19629-1fb0-13a3-e055-000000000001,"Waterloo, Cavan",352,5,10,7,76,46,92,28,4,620
Donegal,2ae19629-21c1-13a3-e055-000000000001,"Allt na Péiste, Dún na nGall",180,3,6,7,41,27,59,7,3,333
Donegal,2ae19629-21c2-13a3-e055-000000000001,"Anagaire, Dún na nGall",872,15,25,61,173,133,468,113,7,1867
Donegal,2ae19629-21c3-13a3-e055-000000000001,"Árainn Mhór, Dún na nGall",135,4,7,34,35,42,142,24,2,425
Donegal,2ae19629-21cc-13a3-e055-000000000001,"Ard an Rátha, Dún na nGall",531,4,27,19,128,60,239,46,4,1058
Donegal,2ae19629-21cd-13a3-e055-000000000001,"Ardmalin, Donegal",248,2,4,27,61,46,118,20,3,529
Donegal,2ae19629-21ce-13a3-e055-000000000001,"Ards, Donegal",330,4,7,13,59,34,201,31,1,680
Sligo-Leitrim,2ae19629-21cf-13a3-e055-000000000001,"Ballintra, Donegal, 057007",330,6,5,20,48,47,103,28,5,592
Sligo-Leitrim,2ae19629-21d0-13a3-e055-000000000001,"Ballintra, Donegal, 057008",315,6,12,19,60,48,125,24,6,615
Donegal,2ae19629-21da-13a3-e055-000000000001,"Ballyarr, Donegal",317,3,6,14,61,29,140,17,2,589
Donegal,2ae19629-21d1-13a3-e055-000000000001,"Ballyliffin, Donegal",578,11,18,34,143,101,243,44,5,1177
Donegal,2ae19629-21db-13a3-e055-000000000001,"Ballymacool, Donegal",1265,24,45,64,243,121,221,78,9,2070
Sligo-Leitrim,2ae19629-21e5-13a3-e055-000000000001,"Ballyshannon Rural, Donegal",728,6,15,29,137,89,281,59,5,1349
Sligo-Leitrim,2ae19629-21dc-13a3-e055-000000000001,"Ballyshannon Urban, Donegal",637,20,40,58,118,102,392,105,3,1475
Donegal,2ae19629-21e6-13a3-e055-000000000001,"An Bhinn Bhán, Dún na nGall",67,0,1,1,8,12,41,8,1,139
Donegal,2ae19629-21ee-13a3-e055-000000000001,"Birdstown, Donegal",560,8,25,36,106,67,140,42,6,990
Donegal,2ae19629-21ef-13a3-e055-000000000001,"Bonnyglen, Donegal",165,0,8,3,35,19,73,11,0,314
Donegal,2ae19629-21f7-13a3-e055-000000000001,"Buncrana Rural, Donegal",1614,25,54,111,362,268,410,162,13,3019
Donegal,2ae19629-21f8-13a3-e055-000000000001,"Buncrana Urban, Donegal",1265,25,52,123,245,189,583,197,14,2693
Sligo-Leitrim,2ae19629-2106-13a3-e055-000000000001,"Bundoran Rural, Donegal",588,8,25,28,84,39,135,33,4,944
Sligo-Leitrim,2ae19629-2107-13a3-e055-000000000001,"Bundoran Urban, Donegal",798,28,60,61,161,115,371,121,10,1725
Donegal,2ae19629-2112-13a3-e055-000000000001,"Burt, Donegal",581,11,24,32,116,75,199,46,8,1092
Donegal,2ae19629-2113-13a3-e055-000000000001,"Carndonagh, Donegal",946,22,46,77,221,163,342,99,6,1922
Donegal,2ae19629-2060-13a3-e055-000000000001,"Carraig Airt, Dún na nGall",342,11,15,34,73,65,178,51,6,775
Sligo-Leitrim,2ae19629-2061-13a3-e055-000000000001,"Carrickboy, Donegal",192,3,2,8,25,22,64,12,0,328
Donegal,2ae19629-206a-13a3-e055-000000000001,"An Cheathrú Chaol, Dún na nGall",364,3,5,35,60,58,150,41,4,720
Donegal,2ae19629-206b-13a3-e055-000000000001,"Carthage, Donegal",330,8,11,40,82,80,141,39,2,733
Donegal,2ae19629-206c-13a3-e055-000000000001,"Castlecary, Donegal",273,2,9,14,78,40,124,13,2,555
Donegal,2ae19629-2077-13a3-e055-000000000001,"Castlefinn, Donegal",460,14,15,53,101,91,183,74,8,999
Donegal,2ae19629-2078-13a3-e055-000000000001,"Castleforward, Donegal",576,10,15,35,119,75,138,47,8,1023
Donegal,2ae19629-2081-13a3-e055-000000000001,"Castlewray, Donegal",1648,14,39,39,359,134,579,105,15,2932
Sligo-Leitrim,2ae19629-2082-13a3-e055-000000000001,"Cavangarden, Donegal",179,1,5,10,48,23,62,20,1,349
Donegal,2ae19629-2083-13a3-e055-000000000001,"Mín an Lábáin, Dún na nGall",154,1,4,3,49,16,55,14,1,297
Sligo-Leitrim,2ae19629-208f-13a3-e055-000000000001,"Cliff, Donegal",112,0,2,8,23,14,28,7,1,195
Donegal,2ae19629-2090-13a3-e055-000000000001,"An Clochán, Dún na nGall",391,3,11,19,95,57,141,31,1,749
Donegal,2ae19629-2091-13a3-e055-000000000001,"Cloghard, Donegal",246,4,4,25,58,37,116,29,3,522
Donegal,2ae19629-2092-13a3-e055-000000000001,"Clogher, Donegal",409,2,9,18,97,44,109,23,1,712
Donegal,2ae19629-209a-13a3-e055-000000000001,"Clonleigh North, Donegal",530,9,16,59,122,118,225,74,9,1162
Donegal,2ae19629-209b-13a3-e055-000000000001,"Clonleigh South, Donegal",752,40,50,96,123,158,331,150,10,1710
Donegal,2ae19629-20a8-13a3-e055-000000000001,"Convoy, Donegal",1058,26,44,81,174,136,359,164,8,2050
Donegal,2ae19629-20a9-13a3-e055-000000000001,"Corkermore, Donegal",148,3,4,4,20,21,64,12,0,276
Donegal,2ae19629-20b3-13a3-e055-000000000001,"Corravaddy, Donegal",837,7,20,36,171,75,125,31,8,1310
Donegal,2ae19629-20b4-13a3-e055-000000000001,"Creamhghort, Dún na nGall",240,2,7,8,56,31,132,26,3,505
Donegal,2ae19629-20b5-13a3-e055-000000000001,"Críoch na Sméar, Dún na nGall",132,1,3,5,23,18,56,10,2,250
Donegal,2ae19629-20c1-13a3-e055-000000000001,"An Craoslach, Dún na nGall",305,2,18,27,46,34,148,52,5,637
Donegal,2ae19629-20c2-13a3-e055-000000000001,"Na Croisbhealaí, Dún na nGall",775,20,34,72,144,126,429,134,12,1746
Donegal,2ae19629-20c3-13a3-e055-000000000001,"Cró Bheithe, Dún na nGall",64,1,3,9,7,10,29,9,2,134
Donegal,2ae19629-20c4-13a3-e055-000000000001,"Cró Chaorach, Dún na nGall",52,0,2,2,6,5,18,6,1,92
Donegal,2ae19629-20ce-13a3-e055-000000000001,"Crownarad, Donegal",133,2,4,3,30,25,78,11,2,288
Donegal,2ae19629-20cf-13a3-e055-000000000001,"Culdaff, Donegal",397,7,17,23,72,74,156,41,5,792
Donegal,2ae19629-20d0-13a3-e055-000000000001,"Dawros, Donegal",304,1,11,5,43,52,172,20,3,611
Donegal,2ae19629-20d1-13a3-e055-000000000001,"Desertegny, Donegal",272,4,8,13,73,67,108,28,2,575
Donegal,2ae19629-20d9-13a3-e055-000000000001,"Caisleán na dTuath, Dún na nGall",119,0,3,2,16,17,43,4,1,205
Donegal,2ae19629-20da-13a3-e055-000000000001,"Donegal, Donegal",1825,15,59,95,275,160,794,162,13,3398
Donegal,2ae19629-20db-13a3-e055-000000000001,"An Dúchoraidh, Dún na nGall",31,1,3,2,8,1,19,7,1,73
Donegal,2ae19629-20e3-13a3-e055-000000000001,"Dooish, Donegal",509,8,13,20,106,57,163,43,0,919
Donegal,2ae19629-20e4-13a3-e055-000000000001,"Dunaff, Donegal",254,7,11,12,58,55,133,28,3,561
Donegal,2ae19629-20e5-13a3-e055-000000000001,"Dún Fionnachaidh, Dún na nGall",408,3,10,23,71,47,195,63,7,827
Donegal,2ae19629-20e6-13a3-e055-000000000001,"An Clochán Liath, Dún na nGall",719,11,29,64,142,97,379,141,9,1591
Donegal,2ae19629-20e7-13a3-e055-000000000001,"Dunkineely, Donegal",365,4,14,14,76,52,171,39,4,739
Donegal,2ae19629-20e8-13a3-e055-000000000001,"Dún Lúiche, Dún na nGall",287,6,9,25,47,40,126,31,8,579
Donegal,2ae19629-20e9-13a3-e055-000000000001,"Eanymore, Donegal",230,1,7,19,38,33,100,17,3,448
Donegal,2ae19629-20f6-13a3-e055-000000000001,"Edenacarnan, Donegal",872,8,30,19,152,82,89,56,2,1310
Donegal,2ae19629-20f7-13a3-e055-000000000001,"Fahan, Donegal",662,10,25,31,138,88,347,41,4,1346
Donegal,2ae19629-20f8-13a3-e055-000000000001,"Fánaid Thuaidh, Dún na nGall",230,0,6,8,46,25,122,24,5,466
Donegal,2ae19629-20f9-13a3-e055-000000000001,"Fánaid Thiar, Dún na nGall",150,2,4,16,37,23,85,14,5,336
Donegal,2ae19629-20fa-13a3-e055-000000000001,"Feddyglass, Donegal",199,3,3,13,35,25,56,18,1,353
Donegal,2ae19629-204b-13a3-e055-000000000001,"Figart, Donegal",479,9,9,23,76,64,130,50,8,848
Donegal,2ae19629-204c-13a3-e055-000000000001,"Baile na Finne, Dún na nGall",122,0,5,9,31,22,50,8,0,247
Donegal,2ae19629-2057-13a3-e055-000000000001,"Gartán, Dún na nGall",78,1,3,6,18,12,34,5,0,157
Donegal,2ae19629-2058-13a3-e055-000000000001,"Glen, Donegal",98,1,6,8,20,15,63,7,1,219
Donegal,2ae19629-2062-13a3-e055-000000000001,"Glenalla, Donegal",216,1,6,9,44,30,70,11,1,388
Donegal,2ae19629-206d-13a3-e055-000000000001,"Gleneely, Donegal, 057073",345,8,19,19,52,81,90,32,2,648
Donegal,2ae19629-206e-13a3-e055-000000000001,"Gleneely, Donegal, 057074",691,12,22,32,168,99,216,75,9,1324
Donegal,2ae19629-2079-13a3-e055-000000000001,"Gleneganon, Donegal",301,2,9,16,73,57,108,23,2,591
Donegal,2ae19629-206f-13a3-e055-000000000001,"Gleann Gheis, Dún na nGall",300,1,10,10,50,43,130,20,2,566
Donegal,2ae19629-2070-13a3-e055-000000000001,"Gleann Léithín, Dún na nGall",55,2,1,8,20,12,28,7,0,133
Donegal,2ae19629-207a-13a3-e055-000000000001,"Na Gleannta, Dún na nGall",571,8,16,34,121,77,303,64,5,1199
Donegal,2ae19629-207b-13a3-e055-000000000001,"Glentogher, Donegal",427,9,22,47,106,89,179,105,1,985
Donegal,2ae19629-2084-13a3-e055-000000000001,"Goland, Donegal",149,2,1,6,43,20,49,21,2,293
Donegal,2ae19629-2085-13a3-e055-000000000001,"Gort an Choirce, Dún na nGall",590,14,27,63,101,119,343,95,12,1364
Donegal,2ae19629-2086-13a3-e055-000000000001,"Gortnavern, Donegal",589,2,12,23,121,52,162,34,3,998
Donegal,2ae19629-2087-13a3-e055-000000000001,"An Ghrafaidh, Dún na nGall",55,3,4,6,13,14,33,6,0,134
Donegal,2ae19629-2088-13a3-e055-000000000001,"Greencastle, Donegal",460,6,11,20,72,71,196,23,3,862
Donegal,2ae19629-2093-13a3-e055-000000000001,"Grianfort, Dún na nGall",143,0,2,11,21,23,79,11,1,291
Donegal,2ae19629-2094-13a3-e055-000000000001,"Grousehall, Donegal",32,0,2,2,7,10,12,1,1,67
Donegal,2ae19629-209c-13a3-e055-000000000001,"Haugh, Donegal",107,0,1,4,18,9,33,10,1,183
Donegal,2ae19629-209d-13a3-e055-000000000001,"Illies, Donegal",396,3,12,19,82,86,99,20,5,722
Donegal,2ae19629-209e-13a3-e055-000000000001,"Inch Island, Donegal",157,1,7,10,32,32,63,17,2,321
Donegal,2ae19629-20aa-13a3-e055-000000000001,"Inis Caoil, Dún na nGall",25,0,2,3,7,13,15,11,0,76
Donegal,2ae19629-20ab-13a3-e055-000000000001,"Inver, Donegal",355,0,8,8,59,40,124,30,8,632
Donegal,2ae19629-20ac-13a3-e055-000000000001,"Cill Charthaigh, Dún na nGall",288,3,16,9,50,33,135,21,2,557
Donegal,2ae19629-20b6-13a3-e055-000000000001,"Kilderry, Donegal",1004,9,21,55,182,111,251,66,5,1704
Donegal,2ae19629-20b7-13a3-e055-000000000001,"Cill Ghabhlaigh, Dún na nGall",140,3,6,10,16,19,93,11,2,300
Donegal,2ae19629-20b8-13a3-e055-000000000001,"Killea, Donegal",781,22,31,54,147,95,210,66,4,1410
Donegal,2ae19629-20b9-13a3-e055-000000000001,"Killybegs, Donegal",958,8,46,37,184,124,445,103,12,1917
Donegal,2ae19629-20ba-13a3-e055-000000000001,"Killygarvan, Donegal",52,0,0,4,4,4,22,4,0,90
Donegal,2ae19629-20c5-13a3-e055-000000000001,"Killygordon, Donegal",454,6,18,40,89,71,170,62,2,912
Donegal,2ae19629-20c6-13a3-e055-000000000001,"Killymasny, Donegal",213,2,7,10,53,21,70,16,2,394
Donegal,2ae19629-20c7-13a3-e055-000000000001,"Kilmacrenan, Donegal",576,12,16,29,150,90,165,104,7,1149
Donegal,2ae19629-20d2-13a3-e055-000000000001,"Kincraigy, Donegal",426,5,11,25,95,64,123,36,4,789
Donegal,2ae19629-20d3-13a3-e055-000000000001,"Knock, Donegal",859,10,25,39,159,83,204,70,5,1454
Donegal,2ae19629-20dc-13a3-e055-000000000001,"Cnoc Colbha, Dún na nGall",118,3,2,5,25,14,52,7,0,226
Donegal,2ae19629-20dd-13a3-e055-000000000001,"Laghy, Donegal",330,3,12,18,42,35,177,32,9,658
Donegal,2ae19629-20ea-13a3-e055-000000000001,"An Leargaidh Mhór, Dún na nGall",217,1,10,13,38,28,116,21,2,446
Donegal,2ae19629-20eb-13a3-e055-000000000001,"Letterkenny Rural, Donegal",5083,142,187,359,1158,605,1428,597,36,9595
Donegal,2ae19629-20ec-13a3-e055-000000000001,"Letterkenny Urban, Donegal",1089,40,98,155,257,130,274,148,26,2217
Donegal,2ae19629-20fb-13a3-e055-000000000001,"Leitir Mhic an Bhaird, Dún na nGall",250,2,17,33,38,38,170,43,2,593
Donegal,2ae19629-20fc-13a3-e055-000000000001,"Lettermore, Donegal",160,1,5,9,32,22,55,11,2,297
Donegal,2ae19629-20fd-13a3-e055-000000000001,"Loch Iascaigh, Dún na nGall",171,0,3,7,25,13,77,11,0,307
Donegal,2ae19629-20fe-13a3-e055-000000000001,"Loch Caol, Dún na nGall",144,1,3,10,27,14,42,8,0,249
Donegal,2ae19629-2042-13a3-e055-000000000001,"Maas, Donegal",121,0,8,7,24,17,50,5,1,233
Donegal,2ae19629-2043-13a3-e055-000000000001,"Magheraboy, Donegal",717,7,16,49,188,76,257,69,8,1387
Donegal,2ae19629-2044-13a3-e055-000000000001,"Machaire Chlochair, Dún na nGall",1113,18,48,100,221,127,593,127,14,2361
Donegal,2ae19629-2045-13a3-e055-000000000001,"An Machaire, Dún na nGall",273,4,8,19,60,56,158,28,5,611
Donegal,2ae19629-2064-13a3-e055-000000000001,"Malin, Donegal",271,11,15,8,69,66,134,25,11,610
Donegal,2ae19629-2065-13a3-e055-000000000001,"Málainn Bhig, Dún na nGall",150,1,7,7,22,16,83,18,0,304
Donegal,2ae19629-2066-13a3-e055-000000000001,"Manorcunningham, Donegal",518,8,20,51,107,83,128,63,3,981
Donegal,2ae19629-2067-13a3-e055-000000000001,"Mín an Chladaigh, Dún na nGall",505,15,27,60,111,85,247,62,14,1126
Donegal,2ae19629-2071-13a3-e055-000000000001,"Mín Charraigeach, Dún na nGall",55,2,1,3,7,12,19,3,0,102
Donegal,2ae19629-2072-13a3-e055-000000000001,"Millford, Donegal",656,18,26,50,128,76,275,61,4,1294
Donegal,2ae19629-2073-13a3-e055-000000000001,"Mintiaghs, Donegal",337,3,17,20,81,67,113,34,3,675
Donegal,2ae19629-207c-13a3-e055-000000000001,"Moville, Donegal",909,19,23,55,164,133,441,105,5,1854
Donegal,2ae19629-207d-13a3-e055-000000000001,"Maol Mosóg, Dún na nGall",97,0,5,4,15,12,41,12,0,186
Donegal,2ae19629-2089-13a3-e055-000000000001,"Newtown Cunningham, Donegal",385,8,12,36,95,78,127,57,7,805
Donegal,2ae19629-208a-13a3-e055-000000000001,"Pettigoe, Donegal",141,5,6,4,28,37,80,10,3,314
Donegal,2ae19629-2095-13a3-e055-000000000001,"Raphoe, Donegal",523,18,28,65,112,105,231,115,10,1207
Donegal,2ae19629-2096-13a3-e055-000000000001,"Rathmelton, Donegal",1119,12,31,74,206,131,371,91,10,2045
Donegal,2ae19629-2097-13a3-e055-000000000001,"Rathmullan, Donegal",413,6,15,20,41,51,206,26,4,782
Donegal,2ae19629-209f-13a3-e055-000000000001,"Redcastle, Donegal",408,3,11,19,88,59,141,26,0,755
Donegal,2ae19629-20a0-13a3-e055-000000000001,"Ros Goill, Dún na nGall",366,7,12,18,51,36,175,31,2,698
Donegal,2ae19629-20a1-13a3-e055-000000000001,"Rosnakill, Donegal",119,0,5,5,21,19,39,7,3,218
Donegal,2ae19629-20a2-13a3-e055-000000000001,"Inis Mhic an Doirn, Dún na nGall",501,11,33,38,117,94,387,72,6,1259
Donegal,2ae19629-20ad-13a3-e055-000000000001,"Suí Corr, Dún na nGall",40,1,1,3,4,6,20,0,0,75
Donegal,2ae19629-20ae-13a3-e055-000000000001,"St. Johnstown, Donegal",558,15,26,52,99,103,174,88,4,1119
Donegal,2ae19629-20bb-13a3-e055-000000000001,"Straid, Donegal",470,7,20,29,111,104,238,53,4,1036
Donegal,2ae19629-20bc-13a3-e055-000000000001,"Stranorlar, Donegal",1783,77,81,131,344,288,724,272,19,3719
Donegal,2ae19629-20c8-13a3-e055-000000000001,"Tantallon, Donegal",747,6,23,40,135,94,269,60,4,1378
Donegal,2ae19629-20c9-13a3-e055-000000000001,"Tawnawully, Donegal",150,0,6,3,32,15,63,9,1,279
Donegal,2ae19629-20ca-13a3-e055-000000000001,"Templecarn, Donegal",53,0,1,2,10,5,17,5,0,93
Donegal,2ae19629-20d4-13a3-e055-000000000001,"Templedouglas, Donegal",475,5,8,15,102,51,108,38,7,809
Donegal,2ae19629-20d5-13a3-e055-000000000001,"An Tearmann, Dún na nGall",283,0,7,8,61,18,60,10,1,448
Donegal,2ae19629-20de-13a3-e055-000000000001,"Three Trees, Donegal",313,3,9,23,60,46,104,22,0,580
Donegal,2ae19629-20df-13a3-e055-000000000001,"Tieveskeelta, Donegal",59,0,1,1,6,6,22,6,0,101
Donegal,2ae19629-20ed-13a3-e055-000000000001,"Treantaghmucklagh, Donegal",336,5,11,18,56,54,130,29,4,643
Donegal,2ae19629-20ee-13a3-e055-000000000001,"Tullynaught, Donegal",283,3,5,10,62,33,91,20,0,507
Donegal,2ae19629-20ef-13a3-e055-000000000001,"Turmone, Donegal",125,0,3,3,24,20,63,12,2,252
Donegal,2ae19629-20f0-13a3-e055-000000000001,"Urney West, Donegal",249,9,8,10,64,36,88,23,0,487
Donegal,2ae19629-2063-13a3-e055-000000000001,"West Donegal, Donegal",292,3,7,13,68,39,153,25,3,603
Donegal,2ae19629-20f1-13a3-e055-000000000001,"Whitecastle, Donegal",425,2,17,15,87,66,129,26,2,769
Cavan-Monaghan,2ae19629-1a63-13a3-e055-000000000001,"Aghabog, Monaghan",145,1,3,3,33,17,40,14,1,257
Cavan-Monaghan,2ae19629-1a64-13a3-e055-000000000001,"Anketell Grove, Monaghan",598,5,10,20,105,57,130,28,3,956
Cavan-Monaghan,2ae19629-1a65-13a3-e055-000000000001,"Annayalla, Monaghan",271,1,10,8,49,28,83,13,0,463
Cavan-Monaghan,2ae19629-1a6e-13a3-e055-000000000001,"Anny, Monaghan",158,5,6,5,31,18,50,25,0,298
Cavan-Monaghan,2ae19629-1a6f-13a3-e055-000000000001,"Ballybay Rural, Monaghan",666,6,23,32,112,81,230,65,11,1226
Cavan-Monaghan,2ae19629-1a70-13a3-e055-000000000001,"Ballybay Urban, Monaghan",153,5,3,15,18,14,42,14,0,264
Cavan-Monaghan,2ae19629-1a7b-13a3-e055-000000000001,"Ballymackney, Monaghan",450,4,12,18,108,75,135,22,8,832
Cavan-Monaghan,2ae19629-1a7c-13a3-e055-000000000001,"Bellanode, Monaghan",640,27,19,19,129,75,253,62,12,1236
Cavan-Monaghan,2ae19629-1a7d-13a3-e055-000000000001,"Bellatrain, Monaghan",114,4,3,7,33,18,30,3,0,212
Cavan-Monaghan,2ae19629-1a88-13a3-e055-000000000001,"Bocks, Monaghan",356,5,8,7,62,45,68,22,3,576
Cavan-Monaghan,2ae19629-1a89-13a3-e055-000000000001,"Bragan, Monaghan",152,0,3,3,21,15,37,9,3,243
Cavan-Monaghan,2ae19629-1a8a-13a3-e055-000000000001,"Broomfield, Monaghan",403,3,9,9,100,43,81,20,3,671
Cavan-Monaghan,2ae19629-1a94-13a3-e055-000000000001,"Caddagh, Monaghan",244,3,3,6,44,32,76,13,0,421
Cavan-Monaghan,2ae19629-1a95-13a3-e055-000000000001,"Carrickaslane, Monaghan",313,0,6,13,49,44,68,22,3,518
Cavan-Monaghan,2ae19629-1a96-13a3-e055-000000000001,"Carrickatee, Monaghan",161,1,2,1,32,25,34,12,2,270
Cavan-Monaghan,2ae19629-1a9e-13a3-e055-000000000001,"Carrickmacross Rural, Monaghan",1845,36,67,85,410,240,451,148,17,3299
Cavan-Monaghan,2ae19629-1a9f-13a3-e055-000000000001,"Carrickmacross Urban, Monaghan",970,20,49,88,171,144,302,88,13,1845
Cavan-Monaghan,2ae19629-1aaa-13a3-e055-000000000001,"Castleblayney Rural, Monaghan",1626,33,59,108,293,200,580,164,19,3082
Cavan-Monaghan,2ae19629-1aa0-13a3-e055-000000000001,"Castleblayney Urban, Monaghan",445,10,30,36,60,56,152,63,6,858
Cavan-Monaghan,2ae19629-1aab-13a3-e055-000000000001,"Castleshane, Monaghan",435,3,5,19,91,57,125,17,3,755
Cavan-Monaghan,2ae19629-1ab4-13a3-e055-000000000001,"Church Hill, Monaghan",323,6,10,13,62,51,71,23,5,564
Cavan-Monaghan,2ae19629-1ab6-13a3-e055-000000000001,"Clones Rural, Monaghan",609,6,27,24,101,101,291,82,8,1249
Cavan-Monaghan,2ae19629-1abe-13a3-e055-000000000001,"Clones Urban, Monaghan",467,10,21,29,82,82,147,67,3,908
Cavan-Monaghan,2ae19629-1ab5-13a3-e055-000000000001,"Clones, Monaghan",247,4,5,4,35,31,62,14,3,405
Cavan-Monaghan,2ae19629-1abf-13a3-e055-000000000001,"Clontibret, Monaghan",332,7,7,8,60,55,116,14,4,603
Cavan-Monaghan,2ae19629-1ac0-13a3-e055-000000000001,"Cormeen, Monaghan",222,1,5,9,36,28,74,15,2,392
Cavan-Monaghan,2ae19629-1ac1-13a3-e055-000000000001,"Corracharra, Monaghan",138,0,6,6,40,17,36,9,3,255
Cavan-Monaghan,2ae19629-1acc-13a3-e055-000000000001,"Creeve, Monaghan",299,2,12,14,53,39,80,18,3,520
Cavan-Monaghan,2ae19629-1acd-13a3-e055-000000000001,"Cremartin, Monaghan",555,5,11,21,114,83,119,46,6,960
Cavan-Monaghan,2ae19629-1ace-13a3-e055-000000000001,"Crossalare, Monaghan",291,5,8,16,56,45,151,71,1,644
Cavan-Monaghan,2ae19629-1ad8-13a3-e055-000000000001,"Currin, Monaghan",304,2,8,11,55,41,96,23,4,544
Cavan-Monaghan,2ae19629-1ad9-13a3-e055-000000000001,"Dawsongrove, Monaghan",326,4,3,19,67,37,87,35,4,582
Cavan-Monaghan,2ae19629-1ae6-13a3-e055-000000000001,"Derrygorry, Monaghan",142,0,4,7,12,16,38,10,1,230
Cavan-Monaghan,2ae19629-1ae7-13a3-e055-000000000001,"Donaghmoyne, Monaghan",326,2,5,6,63,35,80,16,5,538
Cavan-Monaghan,2ae19629-1af2-13a3-e055-000000000001,"Drum, Monaghan",81,1,4,4,21,13,28,8,0,160
Cavan-Monaghan,2ae19629-1af3-13a3-e055-000000000001,"Drumboory, Monaghan",260,1,10,7,39,36,55,9,4,421
Cavan-Monaghan,2ae19629-1af4-13a3-e055-000000000001,"Drumcarrow, Monaghan",227,1,7,11,42,34,38,5,1,366
Cavan-Monaghan,2ae19629-1a3c-13a3-e055-000000000001,"Drumgurra, Monaghan",342,1,4,7,65,55,62,19,0,555
Cavan-Monaghan,2ae19629-1a3d-13a3-e055-000000000001,"Drumhillagh, Monaghan",309,2,6,7,58,58,79,20,1,540
Cavan-Monaghan,2ae19629-1a3e-13a3-e055-000000000001,"Drummully, Monaghan",68,1,2,1,11,7,13,4,0,107
Cavan-Monaghan,2ae19629-1a4b-13a3-e055-000000000001,"Drumsnat, Monaghan",452,7,10,24,81,69,125,42,2,812
Cavan-Monaghan,2ae19629-1a4c-13a3-e055-000000000001,"Emyvale, Monaghan",566,9,17,27,95,46,154,32,4,950
Cavan-Monaghan,2ae19629-1a4d-13a3-e055-000000000001,"Enagh, Monaghan, 177043",254,0,5,7,31,30,78,14,3,422
Cavan-Monaghan,2ae19629-1a5a-13a3-e055-000000000001,"Enagh, Monaghan, 177044",400,10,46,12,65,40,85,27,6,691
Cavan-Monaghan,2ae19629-1a5b-13a3-e055-000000000001,"Figullar, Monaghan",262,1,4,11,53,24,40,15,3,413
Cavan-Monaghan,2ae19629-1a66-13a3-e055-000000000001,"Glaslough, Monaghan",481,5,15,20,56,43,117,24,2,763
Cavan-Monaghan,2ae19629-1a67-13a3-e055-000000000001,"Greagh, Monaghan",226,0,2,11,27,23,65,13,1,368
Cavan-Monaghan,2ae19629-1a71-13a3-e055-000000000001,"Inishkeen, Monaghan",481,3,13,15,91,69,161,48,8,889
Cavan-Monaghan,2ae19629-1a72-13a3-e055-000000000001,"Killeevan, Monaghan",154,2,3,3,24,27,50,15,0,278
Cavan-Monaghan,2ae19629-1a7e-13a3-e055-000000000001,"Killylough, Monaghan",271,6,5,12,44,33,74,9,3,457
Cavan-Monaghan,2ae19629-1a7f-13a3-e055-000000000001,"Killynenagh, Monaghan",104,3,1,1,16,9,25,7,1,167
Cavan-Monaghan,2ae19629-1a80-13a3-e055-000000000001,"Kilmore, Monaghan",222,3,1,6,52,29,94,9,2,418
Cavan-Monaghan,2ae19629-1a8b-13a3-e055-000000000001,"Kilmurry, Monaghan",287,4,2,10,64,43,72,20,2,504
Cavan-Monaghan,2ae19629-1a8c-13a3-e055-000000000001,"Kiltybegs, Monaghan",317,2,2,6,54,53,82,14,2,532
Cavan-Monaghan,2ae19629-1a8d-13a3-e055-000000000001,"Laragh, Monaghan",240,0,2,5,63,43,74,18,3,448
Cavan-Monaghan,2ae19629-1a97-13a3-e055-000000000001,"Lisnaveane, Monaghan",205,4,2,8,46,24,53,9,1,352
Cavan-Monaghan,2ae19629-1a98-13a3-e055-000000000001,"Lough Fea, Monaghan",315,2,10,14,63,36,80,15,4,539
Cavan-Monaghan,2ae19629-1aa1-13a3-e055-000000000001,"Monaghan Rural, Monaghan",2760,61,113,156,528,329,931,239,33,5150
Cavan-Monaghan,2ae19629-1aa2-13a3-e055-000000000001,"Monaghan Urban, Monaghan",1059,17,46,65,127,121,327,134,17,1913
Cavan-Monaghan,2ae19629-1aa3-13a3-e055-000000000001,"Mullyash, Monaghan",177,3,2,4,26,29,38,13,2,294
Cavan-Monaghan,2ae19629-1aac-13a3-e055-000000000001,"Newbliss, Monaghan",385,4,15,17,65,62,101,35,7,691
Cavan-Monaghan,2ae19629-1aad-13a3-e055-000000000001,"Rackwallace, Monaghan",441,6,7,8,90,51,115,23,6,747
Cavan-Monaghan,2ae19629-1ab7-13a3-e055-000000000001,"Raferagh, Monaghan",210,1,1,7,27,23,60,16,3,348
Cavan-Monaghan,2ae19629-1ab8-13a3-e055-000000000001,"Scotstown, Monaghan",553,7,15,25,119,64,127,41,2,953
Cavan-Monaghan,2ae19629-1ac2-13a3-e055-000000000001,"Shanmullagh, Monaghan",108,0,1,2,15,17,37,7,0,187
Cavan-Monaghan,2ae19629-1ac3-13a3-e055-000000000001,"Sheskin, Monaghan",279,5,5,11,61,49,75,30,2,517
Cavan-Monaghan,2ae19629-1ac4-13a3-e055-000000000001,"St. Tierney, Monaghan",213,3,2,8,29,18,45,6,3,327
Cavan-Monaghan,2ae19629-1ac5-13a3-e055-000000000001,"Tedavnet, Monaghan",444,6,6,17,77,37,153,15,7,762
Cavan-Monaghan,2ae19629-1acf-13a3-e055-000000000001,"Tehallan, Monaghan",399,6,7,15,97,50,118,19,2,713
Cavan-Monaghan,2ae19629-1ad0-13a3-e055-000000000001,"Tullycorbet, Monaghan",293,6,6,3,65,48,86,16,5,528
