NEW CONSTITUENCY,ED_GUID,GEOGDESC,No formal education,Primary education,Lower secondary,Upper secondary,Technical or vocational qualification,Advanced certificate/Completed apprenticeship,Higher certificate,Ordinary bachelor degree or national diploma,"Honours bachelor degree, professional qualification or both",Postgraduate diploma or degree,Doctorate(Ph.D) or higher,Not stated,Total
Carlow-Kilkenny,2ae19629-1836-13a3-e055-000000000001,"Agha, Carlow",3,17,39,37,27,24,17,19,51,29,1,13,277
Carlow-Kilkenny,2ae19629-1837-13a3-e055-000000000001,"Ballinacarrig, Carlow",6,54,95,123,60,50,67,74,134,92,6,13,774
Carlow-Kilkenny,2ae19629-1840-13a3-e055-000000000001,"Ballintemple, Carlow",11,27,72,67,36,29,30,27,53,39,3,23,417
Carlow-Kilkenny,2ae19629-1841-13a3-e055-000000000001,"Ballon, Carlow",8,36,64,82,39,37,30,44,43,44,3,69,499
Carlow-Kilkenny,2ae19629-1842-13a3-e055-000000000001,"Ballyellin, Carlow",4,28,52,55,32,24,19,22,35,18,1,13,303
Carlow-Kilkenny,2ae19629-1843-13a3-e055-000000000001,"Ballymoon, Carlow",9,25,32,39,18,25,26,18,27,20,0,3,242
Carlow-Kilkenny,2ae19629-184d-13a3-e055-000000000001,"Ballymurphy, Carlow",6,19,39,35,12,13,17,10,22,13,3,1,190
Carlow-Kilkenny,2ae19629-184e-13a3-e055-000000000001,"Borris, Carlow",15,61,135,150,66,68,48,46,54,54,4,76,777
Carlow-Kilkenny,2ae19629-184f-13a3-e055-000000000001,"Burton Hall, Carlow",2,23,47,62,27,32,24,27,58,38,2,2,344
Carlow-Kilkenny,2ae19629-1857-13a3-e055-000000000001,"Carlow Rural, Carlow",166,646,1442,1820,980,597,604,755,1251,917,95,665,9938
Carlow-Kilkenny,2ae19629-1858-13a3-e055-000000000001,"Carlow Urban, Carlow",102,332,535,580,308,171,164,199,320,241,34,409,3395
Carlow-Kilkenny,2ae19629-1859-13a3-e055-000000000001,"Clogrenan, Carlow",23,58,141,136,64,47,52,57,87,65,2,17,749
Carlow-Kilkenny,2ae19629-185a-13a3-e055-000000000001,"Clonegall, Carlow",17,91,144,124,53,57,41,46,87,56,3,43,762
Carlow-Kilkenny,2ae19629-1864-13a3-e055-000000000001,"Clonmore, Carlow",10,39,63,50,42,45,24,17,44,24,4,18,380
Carlow-Kilkenny,2ae19629-1865-13a3-e055-000000000001,"Coonogue, Carlow",5,23,25,16,13,6,10,4,17,17,3,8,147
Carlow-Kilkenny,2ae19629-1866-13a3-e055-000000000001,"Corries, Carlow",3,43,60,69,30,35,24,23,52,26,1,6,372
Carlow-Kilkenny,2ae19629-1872-13a3-e055-000000000001,"Cranemore, Carlow",12,74,116,140,62,70,36,49,90,65,2,78,794
Carlow-Kilkenny,2ae19629-1873-13a3-e055-000000000001,"Fennagh, Carlow",10,51,104,87,44,31,36,41,75,42,1,29,551
Carlow-Kilkenny,2ae19629-1874-13a3-e055-000000000001,"Garryhill, Carlow",3,47,84,80,52,33,23,23,52,38,2,8,445
Carlow-Kilkenny,2ae19629-187d-13a3-e055-000000000001,"Glynn, Carlow",2,27,50,48,16,22,21,14,38,20,2,1,261
Carlow-Kilkenny,2ae19629-1a59-13a3-e055-000000000001,"Graigue Urban, Carlow",34,113,190,200,95,51,59,53,83,51,5,208,1142
Carlow-Kilkenny,2ae19629-187e-13a3-e055-000000000001,"Grangeford, Carlow",10,27,52,72,24,43,22,29,46,33,3,45,406
Carlow-Kilkenny,2ae19629-187f-13a3-e055-000000000001,"Hacketstown, Carlow",22,83,167,156,91,56,32,44,61,29,3,49,793
Carlow-Kilkenny,2ae19629-1887-13a3-e055-000000000001,"Haroldstown, Carlow",6,22,34,42,16,21,16,18,19,7,3,7,211
Carlow-Kilkenny,2ae19629-1888-13a3-e055-000000000001,"Johnstown, Carlow",8,33,66,61,37,27,33,26,59,49,1,18,418
Carlow-Kilkenny,2ae19629-1889-13a3-e055-000000000001,"Kellistown, Carlow",11,53,116,129,50,46,46,65,97,68,0,18,699
Carlow-Kilkenny,2ae19629-188a-13a3-e055-000000000001,"Kilbride, Carlow",8,26,48,49,25,22,18,22,38,30,4,29,319
Carlow-Kilkenny,2ae19629-1895-13a3-e055-000000000001,"Killedmond, Carlow",7,24,61,50,27,17,22,26,48,31,2,3,318
Carlow-Kilkenny,2ae19629-1896-13a3-e055-000000000001,"Killerrig, Carlow",1,16,35,54,16,26,19,17,38,35,5,2,264
Carlow-Kilkenny,2ae19629-1897-13a3-e055-000000000001,"Kineagh, Carlow",6,29,42,39,23,28,17,14,30,15,5,14,262
Carlow-Kilkenny,2ae19629-18a0-13a3-e055-000000000001,"Kyle, Carlow",1,31,41,34,26,25,23,9,34,18,2,3,247
Carlow-Kilkenny,2ae19629-18a1-13a3-e055-000000000001,"Leighlinbridge, Carlow",14,118,184,215,104,81,81,108,138,99,5,28,1175
Carlow-Kilkenny,2ae19629-18a2-13a3-e055-000000000001,"Marley, Carlow",1,27,51,39,20,25,25,20,30,26,1,7,272
Carlow-Kilkenny,2ae19629-18ab-13a3-e055-000000000001,"Muinebeag Rural, Carlow",12,47,74,91,36,37,26,42,53,63,2,7,490
Carlow-Kilkenny,2ae19629-18ac-13a3-e055-000000000001,"Muinebeag Urban, Carlow",57,268,404,410,218,96,100,107,139,88,11,62,1960
Carlow-Kilkenny,2ae19629-18ad-13a3-e055-000000000001,"Myshall, Carlow",5,49,70,71,35,37,23,19,46,22,2,10,389
Carlow-Kilkenny,2ae19629-18ae-13a3-e055-000000000001,"Nurney, Carlow",8,66,95,126,36,42,35,26,95,55,9,25,618
Carlow-Kilkenny,2ae19629-18b7-13a3-e055-000000000001,"Oldleighlin, Carlow",7,37,65,69,31,25,27,30,42,49,6,4,392
Carlow-Kilkenny,2ae19629-18b8-13a3-e055-000000000001,"Rahill, Carlow",11,53,92,95,58,45,39,31,51,44,2,14,535
Carlow-Kilkenny,2ae19629-18b9-13a3-e055-000000000001,"Rathanna, Carlow",5,10,17,18,9,8,5,8,14,7,0,0,101
Carlow-Kilkenny,2ae19629-18c2-13a3-e055-000000000001,"Rathornan, Carlow",5,46,61,68,15,17,22,25,31,13,2,8,313
Carlow-Kilkenny,2ae19629-18c3-13a3-e055-000000000001,"Rathrush, Carlow",10,48,94,123,65,61,65,47,98,57,3,52,723
Carlow-Kilkenny,2ae19629-18c4-13a3-e055-000000000001,"Rathvilly, Carlow",24,73,113,131,59,41,34,33,43,24,4,28,607
Carlow-Kilkenny,2ae19629-1816-13a3-e055-000000000001,"Ridge, Carlow",4,29,23,36,14,17,23,13,18,9,0,10,196
Carlow-Kilkenny,2ae19629-1817-13a3-e055-000000000001,"Shangarry, Carlow",7,36,60,59,25,32,26,27,40,38,0,24,374
Carlow-Kilkenny,2ae19629-1818-13a3-e055-000000000001,"Sliguff, Carlow",5,30,69,81,32,33,19,31,48,25,1,7,381
Carlow-Kilkenny,2ae19629-1820-13a3-e055-000000000001,"Tankardstown, Carlow",8,25,42,63,24,23,23,25,36,35,3,23,330
Carlow-Kilkenny,2ae19629-1821-13a3-e055-000000000001,"Templepeter, Carlow",6,23,63,52,23,22,23,31,37,33,2,8,323
Carlow-Kilkenny,2ae19629-1822-13a3-e055-000000000001,"Tiknock, Carlow",3,23,53,44,16,14,13,23,26,14,0,5,234
Carlow-Kilkenny,2ae19629-1823-13a3-e055-000000000001,"Tinnahinch, Carlow",9,39,108,73,33,41,38,35,59,31,1,12,479
Carlow-Kilkenny,2ae19629-1a55-13a3-e055-000000000001,"Tullow Rural, Carlow",9,45,87,109,65,45,44,59,90,68,7,67,695
Carlow-Kilkenny,2ae19629-1a56-13a3-e055-000000000001,"Tullow Urban, Carlow",83,229,473,565,353,163,157,118,174,113,4,249,2681
Carlow-Kilkenny,2ae19629-1a57-13a3-e055-000000000001,"Tullowbeg, Carlow",13,28,64,79,54,26,28,26,46,22,1,32,419
Carlow-Kilkenny,2ae19629-1a58-13a3-e055-000000000001,"Williamstown, Carlow",3,20,33,36,10,11,12,27,39,18,1,20,230
Dublin Central,2ae19629-1ceb-13a3-e055-000000000001,"Arran Quay A, Dublin City",27,59,86,121,74,25,42,95,236,185,23,253,1226
Dublin Central,2ae19629-1cec-13a3-e055-000000000001,"Arran Quay B, Dublin City",58,98,152,281,134,78,109,264,572,518,54,1189,3507
Dublin Central,2ae19629-1ced-13a3-e055-000000000001,"Arran Quay C, Dublin City",63,106,149,332,125,86,113,250,620,625,64,721,3254
Dublin Central,2ae19629-1cee-13a3-e055-000000000001,"Arran Quay D, Dublin City",78,178,177,280,79,61,77,132,332,402,45,447,2288
Dublin Central,2ae19629-1cef-13a3-e055-000000000001,"Arran Quay E, Dublin City",60,168,189,284,103,65,80,148,502,567,78,313,2557
Dublin West,2ae19629-1cf0-13a3-e055-000000000001,"Ashtown A, Dublin City",111,395,686,1247,456,328,404,691,1672,1656,148,403,8197
Dublin West,2ae19629-1d03-13a3-e055-000000000001,"Ashtown B, Dublin City",62,115,163,296,122,80,91,159,357,380,44,132,2001
Dublin Bay North,2ae19629-1d04-13a3-e055-000000000001,"Ayrfield, Dublin City",96,466,744,886,363,244,214,243,347,251,16,258,4128
Dublin Central,2ae19629-1d05-13a3-e055-000000000001,"Ballybough A, Dublin City",98,320,355,457,163,80,113,141,309,250,34,447,2767
Dublin Central,2ae19629-1d06-13a3-e055-000000000001,"Ballybough B, Dublin City",85,158,197,377,163,79,113,252,471,408,40,443,2786
Dublin North-West,2ae19629-1d08-13a3-e055-000000000001,"Ballygall A, Dublin City",83,283,409,433,218,120,100,153,239,157,17,218,2430
Dublin North-West,2ae19629-1d09-13a3-e055-000000000001,"Ballygall B, Dublin City",30,142,217,259,119,53,51,78,151,115,8,183,1406
Dublin North-West,2ae19629-1d07-13a3-e055-000000000001,"Ballygall C, Dublin City",72,280,297,479,203,94,109,173,378,375,49,100,2609
Dublin North-West,2ae19629-1d0a-13a3-e055-000000000001,"Ballygall D, Dublin City",40,222,253,306,144,86,90,107,237,223,27,60,1795
Dublin North-West,2ae19629-1d0b-13a3-e055-000000000001,"Ballymun A, Dublin City",128,296,457,583,292,147,160,197,318,202,10,514,3304
Dublin North-West,2ae19629-1d0c-13a3-e055-000000000001,"Ballymun B, Dublin City",133,407,539,572,175,79,78,85,88,77,3,549,2785
Dublin North-West,2ae19629-1d0d-13a3-e055-000000000001,"Ballymun C, Dublin City",173,505,750,858,300,121,151,147,219,146,19,668,4057
Dublin North-West,2ae19629-1d0e-13a3-e055-000000000001,"Ballymun D, Dublin City",80,227,235,323,167,41,53,56,59,42,3,457,1743
Dublin North-West,2ae19629-1d0f-13a3-e055-000000000001,"Ballymun E, Dublin City",19,64,135,237,82,43,67,109,212,161,19,38,1186
Dublin North-West,2ae19629-1d10-13a3-e055-000000000001,"Ballymun F, Dublin City",27,184,255,361,162,111,95,105,210,155,15,55,1735
Dublin North-West,2ae19629-1d11-13a3-e055-000000000001,"Beaumont A, Dublin City",28,224,258,331,149,124,98,168,245,236,23,54,1938
Dublin North-West,2ae19629-1d12-13a3-e055-000000000001,"Beaumont B, Dublin City",57,338,416,517,235,166,144,217,435,295,28,921,3769
Dublin Bay North,2ae19629-1d21-13a3-e055-000000000001,"Beaumont C, Dublin City",50,248,309,456,184,127,131,195,313,255,17,102,2387
Dublin Bay North,2ae19629-1d22-13a3-e055-000000000001,"Beaumont D, Dublin City",24,134,199,333,109,84,80,121,247,162,11,31,1535
Dublin Bay North,2ae19629-1d23-13a3-e055-000000000001,"Beaumont E, Dublin City",14,142,209,249,108,60,48,94,251,229,17,28,1449
Dublin North-West,2ae19629-1d24-13a3-e055-000000000001,"Beaumont F, Dublin City",25,222,299,472,202,120,136,231,463,383,37,84,2674
Dublin Central,2ae19629-1d25-13a3-e055-000000000001,"Botanic A, Dublin City",15,133,159,333,135,67,96,185,453,531,69,228,2404
Dublin Central,2ae19629-1d26-13a3-e055-000000000001,"Botanic B, Dublin City",18,61,124,314,102,77,120,210,595,679,90,167,2557
Dublin Central,2ae19629-1d27-13a3-e055-000000000001,"Botanic C, Dublin City",14,35,77,170,60,33,68,108,382,360,49,306,1662
Dublin Central,2ae19629-1d28-13a3-e055-000000000001,"Cabra East A, Dublin City",73,185,267,510,222,111,183,348,775,841,109,627,4251
Dublin Central,2ae19629-1d29-13a3-e055-000000000001,"Cabra East B, Dublin City",58,356,378,478,174,100,103,148,318,325,27,204,2669
Dublin Central,2ae19629-1d2a-13a3-e055-000000000001,"Cabra East C, Dublin City",72,233,261,385,151,84,101,204,496,510,63,477,3037
Dublin Central,2ae19629-1d2b-13a3-e055-000000000001,"Cabra West A, Dublin City",42,221,233,210,66,34,55,41,67,54,3,30,1056
Dublin Central,2ae19629-1d2c-13a3-e055-000000000001,"Cabra West B, Dublin City",117,372,354,367,113,62,74,93,124,107,14,132,1929
Dublin Central,2ae19629-1d2d-13a3-e055-000000000001,"Cabra West C, Dublin City",77,341,314,352,115,80,93,99,189,194,20,131,2005
Dublin Central,2ae19629-1d2e-13a3-e055-000000000001,"Cabra West D, Dublin City",75,210,277,330,130,86,94,119,253,290,40,98,2002
Dublin South-Central,2ae19629-1d31-13a3-e055-000000000001,"Carna, Dublin City",89,422,454,398,179,95,103,69,82,50,3,135,2079
Dublin South-Central,2ae19629-1d2f-13a3-e055-000000000001,"Chapelizod, Dublin City",30,143,177,283,124,85,99,190,463,472,71,372,2509
Dublin South-Central,2ae19629-1d30-13a3-e055-000000000001,"Cherry Orchard A, Dublin City",97,162,349,377,132,75,93,65,67,58,4,643,2122
Dublin South-Central,2ae19629-1d42-13a3-e055-000000000001,"Cherry Orchard C, Dublin City",150,392,588,556,246,114,117,124,162,145,11,282,2887
Dublin Bay North,2ae19629-1d43-13a3-e055-000000000001,"Clontarf East A, Dublin City",53,185,303,416,136,109,144,211,419,434,56,45,2511
Dublin Bay North,2ae19629-1d44-13a3-e055-000000000001,"Clontarf East B, Dublin City",40,140,361,678,213,155,246,495,1100,1209,181,180,4998
Dublin Bay North,2ae19629-1d45-13a3-e055-000000000001,"Clontarf East C, Dublin City",13,61,132,342,112,64,109,187,507,553,67,71,2218
Dublin Bay North,2ae19629-1d46-13a3-e055-000000000001,"Clontarf East D, Dublin City",10,37,103,256,91,47,98,189,457,544,72,91,1995
Dublin Bay North,2ae19629-1d47-13a3-e055-000000000001,"Clontarf East E, Dublin City",10,25,83,184,58,48,55,117,252,290,30,73,1225
Dublin Bay North,2ae19629-1d48-13a3-e055-000000000001,"Clontarf West A, Dublin City",23,160,294,415,169,96,137,257,477,446,54,69,2597
Dublin Bay North,2ae19629-1d49-13a3-e055-000000000001,"Clontarf West B, Dublin City",73,269,256,302,131,73,91,102,230,193,15,56,1791
Dublin Bay North,2ae19629-1d4a-13a3-e055-000000000001,"Clontarf West C, Dublin City",19,63,115,357,124,65,96,259,649,730,88,343,2908
Dublin Bay North,2ae19629-1d4b-13a3-e055-000000000001,"Clontarf West D, Dublin City",15,88,152,269,104,60,97,157,337,346,40,84,1749
Dublin Bay North,2ae19629-1d4c-13a3-e055-000000000001,"Clontarf West E, Dublin City",17,133,166,260,96,67,85,138,363,361,42,44,1772
Dublin South-Central,2ae19629-1d4d-13a3-e055-000000000001,"Crumlin A, Dublin City",88,370,468,542,209,128,126,127,264,198,21,81,2622
Dublin South-Central,2ae19629-1d4e-13a3-e055-000000000001,"Crumlin B, Dublin City",87,344,297,376,163,101,90,139,203,213,26,154,2193
Dublin South-Central,2ae19629-1d4f-13a3-e055-000000000001,"Crumlin C, Dublin City",60,228,240,243,99,55,53,115,201,218,20,153,1685
Dublin South-Central,2ae19629-1d50-13a3-e055-000000000001,"Crumlin D, Dublin City",121,405,438,451,203,116,134,183,353,327,36,203,2970
Dublin South-Central,2ae19629-1d62-13a3-e055-000000000001,"Crumlin E, Dublin City",59,348,349,418,178,82,82,93,192,140,8,129,2078
Dublin South-Central,2ae19629-1d63-13a3-e055-000000000001,"Crumlin F, Dublin City",54,190,294,381,172,113,105,163,298,211,14,162,2157
Dublin South-Central,2ae19629-1d64-13a3-e055-000000000001,"Decies, Dublin City",105,388,358,364,152,71,91,70,92,59,9,175,1934
Dublin Central,2ae19629-1d65-13a3-e055-000000000001,"Drumcondra South A, Dublin City",66,119,225,480,196,135,176,334,965,956,114,265,4031
Dublin Central,2ae19629-1d66-13a3-e055-000000000001,"Drumcondra South B, Dublin City",35,105,99,131,51,31,54,113,294,266,32,141,1352
Dublin Central,2ae19629-1d67-13a3-e055-000000000001,"Drumcondra South C, Dublin City",24,116,165,286,98,55,103,226,513,548,84,106,2324
Dublin South-Central,2ae19629-1d68-13a3-e055-000000000001,"Drumfinn, Dublin City",134,461,473,528,194,127,139,90,131,76,5,154,2512
Dublin Bay North,2ae19629-1d69-13a3-e055-000000000001,"Edenmore, Dublin City",75,257,397,381,166,103,92,97,162,106,11,227,2074
Dublin North-West,2ae19629-1d6a-13a3-e055-000000000001,"Finglas North A, Dublin City",120,388,502,463,155,106,94,69,106,56,1,218,2278
Dublin North-West,2ae19629-1d6b-13a3-e055-000000000001,"Finglas North B, Dublin City",123,287,428,473,146,104,70,79,106,50,3,158,2027
Dublin North-West,2ae19629-1d6c-13a3-e055-000000000001,"Finglas North C, Dublin City",72,271,391,512,200,158,134,171,274,198,13,156,2550
Dublin North-West,2ae19629-1d6d-13a3-e055-000000000001,"Finglas South A, Dublin City",89,274,436,407,156,99,102,66,78,65,4,165,1941
Dublin North-West,2ae19629-1d6e-13a3-e055-000000000001,"Finglas South B, Dublin City",137,424,494,580,245,121,114,110,179,125,10,272,2811
Dublin North-West,2ae19629-1d6f-13a3-e055-000000000001,"Finglas South C, Dublin City",115,304,385,385,127,64,42,43,49,22,1,215,1752
Dublin North-West,2ae19629-1d70-13a3-e055-000000000001,"Finglas South D, Dublin City",75,268,344,322,154,67,43,60,58,36,3,292,1722
Dublin Bay North,2ae19629-1d71-13a3-e055-000000000001,"Grace Park, Dublin City",47,339,430,690,256,158,202,389,859,835,76,180,4461
Dublin Bay North,2ae19629-1d7f-13a3-e055-000000000001,"Grange A, Dublin City",149,430,1027,1554,638,454,473,632,1068,830,50,502,7807
Dublin Bay North,2ae19629-1d80-13a3-e055-000000000001,"Grange B, Dublin City",83,224,470,821,380,238,293,399,690,642,47,339,4626
Dublin Bay North,2ae19629-1d81-13a3-e055-000000000001,"Grange C, Dublin City",64,434,434,455,187,126,93,101,146,98,6,100,2244
Dublin Bay North,2ae19629-1d82-13a3-e055-000000000001,"Grange D, Dublin City",95,316,469,568,212,131,141,196,363,270,24,86,2871
Dublin Bay North,2ae19629-1d83-13a3-e055-000000000001,"Grange E, Dublin City",40,256,344,361,164,105,77,129,184,143,10,71,1884
Dublin Bay North,2ae19629-1d84-13a3-e055-000000000001,"Harmonstown A, Dublin City",38,277,378,397,166,112,97,124,232,180,24,73,2098
Dublin Bay North,2ae19629-1d85-13a3-e055-000000000001,"Harmonstown B, Dublin City",62,195,354,380,135,88,88,126,253,218,30,56,1985
Dublin South-Central,2ae19629-1d86-13a3-e055-000000000001,"Inchicore A, Dublin City",38,175,181,215,106,67,79,124,282,273,30,298,1868
Dublin South-Central,2ae19629-1d87-13a3-e055-000000000001,"Inchicore B, Dublin City",63,195,272,289,132,57,52,61,104,60,3,363,1651
Dublin Central,2ae19629-1d88-13a3-e055-000000000001,"Inns Quay A, Dublin City",52,373,454,341,126,59,70,203,357,331,32,751,3149
Dublin Central,2ae19629-1d89-13a3-e055-000000000001,"Inns Quay B, Dublin City",41,113,119,304,149,65,95,222,404,349,42,1066,2969
Dublin Central,2ae19629-1d8a-13a3-e055-000000000001,"Inns Quay C, Dublin City",70,181,195,233,95,56,80,147,220,239,16,320,1852
Dublin South-Central,2ae19629-1d8b-13a3-e055-000000000001,"Kilmainham A, Dublin City",73,316,337,304,147,94,77,82,160,122,9,279,2000
Dublin South-Central,2ae19629-1d8c-13a3-e055-000000000001,"Kilmainham B, Dublin City",24,98,98,159,92,32,66,187,384,491,56,252,1939
Dublin South-Central,2ae19629-1d8d-13a3-e055-000000000001,"Kilmainham C, Dublin City",88,261,361,482,197,135,153,239,552,580,54,247,3349
Dublin North-West,2ae19629-1d97-13a3-e055-000000000001,"Kilmore A, Dublin City",55,197,368,545,188,168,123,163,263,177,15,119,2381
Dublin Bay North,2ae19629-1d98-13a3-e055-000000000001,"Kilmore B, Dublin City",102,303,432,355,158,56,72,70,97,47,2,98,1792
Dublin Bay North,2ae19629-1d8e-13a3-e055-000000000001,"Kilmore C, Dublin City",54,149,274,197,65,49,42,35,36,18,3,76,998
Dublin Bay North,2ae19629-1d96-13a3-e055-000000000001,"Kilmore D, Dublin City",55,259,267,308,133,92,68,90,113,67,6,109,1567
Dublin South-Central,2ae19629-1d99-13a3-e055-000000000001,"Kimmage A, Dublin City",55,205,260,253,91,60,61,65,111,98,9,73,1341
Dublin South-Central,2ae19629-1d9a-13a3-e055-000000000001,"Kimmage B, Dublin City",108,424,506,452,196,105,125,123,223,215,28,110,2615
Dublin South-Central,2ae19629-1d9b-13a3-e055-000000000001,"Kimmage C, Dublin City",71,181,167,254,98,57,91,257,632,612,57,272,2749
Dublin South-Central,2ae19629-1d9c-13a3-e055-000000000001,"Kimmage D, Dublin City",45,217,265,276,113,64,72,118,263,272,26,156,1887
Dublin South-Central,2ae19629-1d9d-13a3-e055-000000000001,"Kimmage E, Dublin City",93,285,339,371,161,100,109,176,340,346,33,128,2481
Dublin South-Central,2ae19629-1d9e-13a3-e055-000000000001,"Kylemore, Dublin City",113,325,371,339,131,79,82,66,103,34,4,132,1779
Dublin Bay South,2ae19629-1d9f-13a3-e055-000000000001,"Mansion House A, Dublin City",91,223,281,329,104,71,74,167,353,430,58,483,2664
Dublin Bay South,2ae19629-1da0-13a3-e055-000000000001,"Mansion House B, Dublin City",1,2,12,36,18,11,20,99,149,177,32,197,754
Dublin South-Central,2ae19629-1da1-13a3-e055-000000000001,"Merchants Quay A, Dublin City",61,110,169,231,76,42,54,114,188,207,20,594,1866
Dublin South-Central,2ae19629-1da2-13a3-e055-000000000001,"Merchants Quay B, Dublin City",58,142,137,275,129,73,103,210,482,471,50,578,2708
Dublin South-Central,2ae19629-1da3-13a3-e055-000000000001,"Merchants Quay C, Dublin City",62,193,200,308,145,66,71,180,351,360,32,366,2334
Dublin South-Central,2ae19629-1da4-13a3-e055-000000000001,"Merchants Quay D, Dublin City",32,117,114,163,59,48,52,139,316,424,56,97,1617
Dublin South-Central,2ae19629-1da5-13a3-e055-000000000001,"Merchants Quay E, Dublin City",20,49,75,157,49,37,39,124,284,332,36,340,1542
Dublin South-Central,2ae19629-1da6-13a3-e055-000000000001,"Merchants Quay F, Dublin City",32,76,91,206,62,38,45,155,266,297,27,189,1484
Dublin Central,2ae19629-1da7-13a3-e055-000000000001,"Mountjoy A, Dublin City",171,247,359,478,243,92,138,256,329,466,46,1246,4071
Dublin Central,2ae19629-1da8-13a3-e055-000000000001,"Mountjoy B, Dublin City",51,145,195,434,187,119,134,270,372,311,20,603,2841
Dublin Central,2ae19629-1db2-13a3-e055-000000000001,"North City, Dublin City",82,110,199,338,193,87,136,405,453,605,58,1717,4383
Dublin Central,2ae19629-1db3-13a3-e055-000000000001,"North Dock A, Dublin City",7,82,99,117,70,25,64,65,180,191,15,159,1074
Dublin Central,2ae19629-1db4-13a3-e055-000000000001,"North Dock B, Dublin City",104,310,429,706,329,214,262,548,1125,1327,78,910,6342
Dublin Central,2ae19629-1db5-13a3-e055-000000000001,"North Dock C, Dublin City",109,264,247,334,98,71,100,196,369,576,59,308,2731
Dublin Bay South,2ae19629-1db6-13a3-e055-000000000001,"Pembroke East A, Dublin City",105,445,511,535,205,135,159,237,503,624,54,134,3647
Dublin Bay South,2ae19629-1db7-13a3-e055-000000000001,"Pembroke East B, Dublin City",12,82,124,245,90,62,96,261,618,829,108,147,2674
Dublin Bay South,2ae19629-1db8-13a3-e055-000000000001,"Pembroke East C, Dublin City",11,26,80,267,71,52,96,290,762,904,159,288,3006
Dublin Bay South,2ae19629-1db9-13a3-e055-000000000001,"Pembroke East D, Dublin City",67,165,216,373,143,74,139,337,770,847,137,496,3764
Dublin Bay South,2ae19629-1dba-13a3-e055-000000000001,"Pembroke East E, Dublin City",9,22,59,212,46,42,89,275,646,866,95,390,2751
Dublin Bay South,2ae19629-1dbb-13a3-e055-000000000001,"Pembroke West A, Dublin City",29,182,161,269,132,89,103,324,856,1163,111,268,3687
Dublin Bay South,2ae19629-1dbc-13a3-e055-000000000001,"Pembroke West B, Dublin City",17,23,48,143,38,42,64,237,586,770,82,251,2301
Dublin Bay South,2ae19629-1dbd-13a3-e055-000000000001,"Pembroke West C, Dublin City",13,33,44,197,64,62,95,313,760,942,184,514,3221
Dublin West,2ae19629-1dbe-13a3-e055-000000000001,"Phoenix Park, Dublin City",34,50,58,89,44,21,47,79,203,251,28,224,1128
Dublin Bay North,2ae19629-1dcc-13a3-e055-000000000001,"Priorswood A, Dublin City",32,146,272,238,82,71,41,44,75,32,1,75,1109
Dublin Bay North,2ae19629-1dcd-13a3-e055-000000000001,"Priorswood B, Dublin City",129,319,413,379,100,52,55,34,41,10,1,246,1779
Dublin Bay North,2ae19629-1dca-13a3-e055-000000000001,"Priorswood C, Dublin City",120,345,645,572,217,96,119,130,149,107,6,461,2967
Dublin Bay North,2ae19629-1dcb-13a3-e055-000000000001,"Priorswood D, Dublin City",87,279,437,390,154,67,77,60,85,56,3,72,1767
Dublin Bay North,2ae19629-1dce-13a3-e055-000000000001,"Priorswood E, Dublin City",79,282,440,459,171,116,96,87,106,66,4,68,1974
Dublin Bay North,2ae19629-1dcf-13a3-e055-000000000001,"Raheny-Foxfield, Dublin City",29,162,248,375,141,86,105,136,235,213,21,43,1794
Dublin Bay North,2ae19629-1dd0-13a3-e055-000000000001,"Raheny-Greendale, Dublin City",56,203,261,275,125,67,85,89,181,164,11,87,1604
Dublin Bay North,2ae19629-1dd1-13a3-e055-000000000001,"Raheny-St. Assam, Dublin City",21,123,256,490,138,84,117,267,599,619,59,33,2806
Dublin Bay South,2ae19629-1dd2-13a3-e055-000000000001,"Rathfarnham, Dublin City",18,74,133,364,115,78,147,346,874,1057,146,197,3549
Dublin Bay South,2ae19629-1dd3-13a3-e055-000000000001,"Rathmines East A, Dublin City",21,85,117,267,106,61,115,334,866,1121,141,411,3645
Dublin Bay South,2ae19629-1dd4-13a3-e055-000000000001,"Rathmines East B, Dublin City",17,43,88,268,105,64,133,313,1139,1383,180,277,4010
Dublin Bay South,2ae19629-1dd5-13a3-e055-000000000001,"Rathmines East C, Dublin City",7,11,75,199,72,43,72,208,612,767,103,222,2391
Dublin Bay South,2ae19629-1dd6-13a3-e055-000000000001,"Rathmines East D, Dublin City",10,20,42,136,55,46,54,171,474,630,74,222,1934
Dublin Bay South,2ae19629-1dd7-13a3-e055-000000000001,"Rathmines West A, Dublin City",45,134,158,370,180,90,166,369,967,1173,117,761,4530
Dublin Bay South,2ae19629-1dd8-13a3-e055-000000000001,"Rathmines West B, Dublin City",28,48,86,184,105,61,92,228,616,712,88,529,2777
Dublin Bay South,2ae19629-1de6-13a3-e055-000000000001,"Rathmines West C, Dublin City",6,13,57,148,55,41,56,168,488,564,68,225,1889
Dublin Bay South,2ae19629-1de7-13a3-e055-000000000001,"Rathmines West D, Dublin City",35,45,97,226,98,50,80,215,534,597,71,142,2190
Dublin Bay South,2ae19629-1de8-13a3-e055-000000000001,"Rathmines West E, Dublin City",11,39,63,215,102,64,121,249,606,796,81,227,2574
Dublin Bay South,2ae19629-1de9-13a3-e055-000000000001,"Rathmines West F, Dublin City",9,27,54,187,65,45,82,201,553,595,82,162,2062
Dublin Central,2ae19629-1dea-13a3-e055-000000000001,"Rotunda A, Dublin City",96,232,317,536,251,111,193,328,380,451,41,1126,4062
Dublin Central,2ae19629-1deb-13a3-e055-000000000001,"Rotunda B, Dublin City",35,93,113,149,95,51,76,163,209,263,21,1407,2675
Dublin Bay South,2ae19629-1dec-13a3-e055-000000000001,"Royal Exchange A, Dublin City",61,105,149,197,115,58,91,255,394,486,65,1252,3228
Dublin Bay South,2ae19629-1ded-13a3-e055-000000000001,"Royal Exchange B, Dublin City",53,73,105,150,49,29,36,89,103,125,31,389,1232
Dublin Bay South,2ae19629-1dee-13a3-e055-000000000001,"Saint Kevin's, Dublin City",43,97,184,288,111,77,130,350,711,869,101,1012,3973
Dublin Bay South,2ae19629-1def-13a3-e055-000000000001,"South Dock, Dublin City",60,191,257,434,160,99,158,523,1215,1754,167,731,5749
Dublin Bay South,2ae19629-1df0-13a3-e055-000000000001,"Terenure A, Dublin City",18,99,165,297,120,72,105,244,665,756,89,139,2769
Dublin Bay South,2ae19629-1df1-13a3-e055-000000000001,"Terenure B, Dublin City",42,138,160,322,110,76,113,235,602,664,79,106,2647
Dublin Bay South,2ae19629-1df2-13a3-e055-000000000001,"Terenure C, Dublin City",5,29,71,192,34,38,66,149,301,306,34,40,1265
Dublin Bay South,2ae19629-1df3-13a3-e055-000000000001,"Terenure D, Dublin City",1,5,29,69,22,17,26,52,144,123,35,9,532
Dublin South-Central,2ae19629-1df4-13a3-e055-000000000001,"Ushers A, Dublin City",29,74,111,276,127,83,127,350,972,985,93,538,3765
Dublin South-Central,2ae19629-1df5-13a3-e055-000000000001,"Ushers B, Dublin City",27,43,70,101,64,31,32,79,141,152,15,420,1175
Dublin South-Central,2ae19629-1df6-13a3-e055-000000000001,"Ushers C, Dublin City",89,244,313,396,181,89,97,212,295,326,27,458,2727
Dublin South-Central,2ae19629-1df7-13a3-e055-000000000001,"Ushers D, Dublin City",33,103,140,180,78,45,73,123,248,280,30,275,1608
Dublin South-Central,2ae19629-1df8-13a3-e055-000000000001,"Ushers E, Dublin City",42,114,154,200,86,40,55,68,150,166,14,199,1288
Dublin South-Central,2ae19629-1e05-13a3-e055-000000000001,"Ushers F, Dublin City",54,177,211,265,124,55,79,167,466,514,53,472,2637
Dublin South-Central,2ae19629-1e06-13a3-e055-000000000001,"Walkinstown A, Dublin City",46,217,257,274,165,76,90,145,191,168,16,407,2052
Dublin South-Central,2ae19629-1e07-13a3-e055-000000000001,"Walkinstown B, Dublin City",38,146,204,274,112,88,59,99,166,173,8,79,1446
Dublin South-Central,2ae19629-1e08-13a3-e055-000000000001,"Walkinstown C, Dublin City",47,191,238,282,129,99,88,112,212,168,14,194,1774
Dublin North-West,2ae19629-1e09-13a3-e055-000000000001,"Whitehall A, Dublin City",23,157,198,367,112,72,96,166,389,373,43,64,2060
Dublin North-West,2ae19629-1e0a-13a3-e055-000000000001,"Whitehall B, Dublin City",45,283,355,468,229,137,144,208,489,351,52,243,3004
Dublin North-West,2ae19629-1e0b-13a3-e055-000000000001,"Whitehall C, Dublin City",28,160,212,330,134,88,103,147,318,284,30,166,2000
Dublin North-West,2ae19629-1e0c-13a3-e055-000000000001,"Whitehall D, Dublin City",31,179,256,321,130,88,115,170,398,340,45,178,2251
Dublin Bay South,2ae19629-1e0d-13a3-e055-000000000001,"Wood Quay A, Dublin City",72,229,318,327,126,73,83,120,172,169,27,255,1971
Dublin Bay South,2ae19629-1e0e-13a3-e055-000000000001,"Wood Quay B, Dublin City",36,142,126,280,116,45,82,238,549,649,85,553,2901
Dublin South-West,2ae19629-1e23-13a3-e055-000000000001,"Ballinascorney, South Dublin",14,50,83,109,55,36,30,39,56,34,1,32,539
Dublin South-West,2ae19629-1e2a-13a3-e055-000000000001,"Ballyboden, South Dublin",38,111,265,666,205,166,235,400,737,635,55,56,3569
Dublin South-West,2ae19629-1ce0-13a3-e055-000000000001,"Bohernabreena, South Dublin",68,246,525,664,269,264,220,298,432,337,30,222,3575
Dublin Mid-West,2ae19629-1d02-13a3-e055-000000000001,"Clondalkin Village, South Dublin",116,447,969,1340,579,435,369,447,567,379,26,361,6035
Dublin South-West,2ae19629-1cfc-13a3-e055-000000000001,"Clondalkin-Ballymount, South Dublin",15,106,181,319,122,109,78,76,142,106,12,352,1618
Dublin Mid-West,2ae19629-1cfd-13a3-e055-000000000001,"Clondalkin-Cappaghmore, South Dublin",78,178,298,310,131,67,66,66,68,48,4,170,1484
Dublin Mid-West,2ae19629-1cfe-13a3-e055-000000000001,"Clondalkin-Dunawley, South Dublin",266,804,1351,1677,710,390,380,316,388,232,13,585,7112
Dublin Mid-West,2ae19629-1cff-13a3-e055-000000000001,"Clondalkin-Monastery, South Dublin",164,562,1000,1538,749,434,432,572,761,575,45,538,7370
Dublin Mid-West,2ae19629-1d00-13a3-e055-000000000001,"Clondalkin-Moorfield, South Dublin",227,590,864,970,342,238,205,173,243,129,7,437,4425
Dublin Mid-West,2ae19629-1d01-13a3-e055-000000000001,"Clondalkin-Rowlagh, South Dublin",163,544,591,570,197,107,100,97,78,33,0,241,2721
Dublin South-West,2ae19629-1d5f-13a3-e055-000000000001,"Edmondstown, South Dublin",100,256,516,684,248,179,189,326,543,540,46,182,3809
Dublin South-West,2ae19629-1d60-13a3-e055-000000000001,"Firhouse Village, South Dublin",102,293,788,1486,590,523,514,773,1298,927,65,270,7629
Dublin South-West,2ae19629-1d61-13a3-e055-000000000001,"Firhouse-Ballycullen, South Dublin",35,172,383,1015,390,303,383,643,1500,1362,97,182,6465
Dublin South-West,2ae19629-1d78-13a3-e055-000000000001,"Firhouse-Knocklyon, South Dublin",17,110,230,528,153,120,168,305,480,399,39,22,2571
Dublin Mid-West,2ae19629-1dc8-13a3-e055-000000000001,"Lucan Heights, South Dublin",56,232,457,661,248,181,209,293,565,493,48,129,3572
Dublin Mid-West,2ae19629-1dc7-13a3-e055-000000000001,"Lucan-Esker, South Dublin",312,590,1744,3537,1488,1048,1195,1926,3147,2556,186,1168,18897
Dublin Mid-West,2ae19629-1dde-13a3-e055-000000000001,"Lucan-St. Helens, South Dublin",149,398,805,1421,664,471,494,1006,1836,1703,119,575,9641
Dublin Mid-West,2ae19629-1de2-13a3-e055-000000000001,"Newcastle, South Dublin",78,217,357,594,288,228,195,329,451,327,24,240,3328
Dublin Mid-West,2ae19629-1de3-13a3-e055-000000000001,"Palmerston Village, South Dublin",43,272,437,513,274,171,143,181,274,276,21,114,2719
Dublin Mid-West,2ae19629-1de4-13a3-e055-000000000001,"Palmerston West, South Dublin",301,595,910,1006,368,247,223,265,411,334,27,292,4979
Dublin Mid-West,2ae19629-1dff-13a3-e055-000000000001,"Rathcoole, South Dublin",54,226,429,748,329,248,240,397,607,505,26,358,4167
Dublin South-West,2ae19629-1e04-13a3-e055-000000000001,"Rathfarnham Village, South Dublin",7,37,127,307,106,64,106,216,553,610,58,24,2215
Dublin South-West,2ae19629-1e00-13a3-e055-000000000001,"Rathfarnham-Ballyroan, South Dublin",12,75,147,327,83,72,93,172,418,394,41,40,1874
Dublin South-West,2ae19629-1e01-13a3-e055-000000000001,"Rathfarnham-Butterfield, South Dublin",15,59,174,405,112,78,130,234,504,499,46,35,2291
Dublin South-West,2ae19629-1e02-13a3-e055-000000000001,"Rathfarnham-Hermitage, South Dublin",25,67,161,496,133,91,153,353,683,707,87,46,3002
Dublin South-West,2ae19629-1e03-13a3-e055-000000000001,"Rathfarnham-St. Enda's, South Dublin",34,154,226,452,152,124,157,283,532,534,60,73,2781
Dublin Mid-West,2ae19629-1e16-13a3-e055-000000000001,"Saggart, South Dublin",67,150,320,503,238,153,162,310,470,421,41,451,3286
Dublin South-West,2ae19629-1cb3-13a3-e055-000000000001,"Tallaght-Avonbeg, South Dublin",46,228,253,235,103,47,46,40,57,20,2,48,1125
Dublin South-West,2ae19629-1cb4-13a3-e055-000000000001,"Tallaght-Belgard, South Dublin",22,153,192,238,97,76,60,70,123,75,7,59,1172
Dublin Mid-West,2ae19629-1cb5-13a3-e055-000000000001,"Tallaght-Fettercairn, South Dublin",245,505,979,1308,487,264,315,392,664,463,26,653,6301
Dublin South-West,2ae19629-1cb6-13a3-e055-000000000001,"Tallaght-Glenview, South Dublin",38,177,174,288,118,70,84,124,134,120,6,85,1418
Dublin South-West,2ae19629-1cb7-13a3-e055-000000000001,"Tallaght-Jobstown, South Dublin",318,685,1521,2315,1037,521,579,678,867,588,34,764,9907
Dublin South-West,2ae19629-1cb8-13a3-e055-000000000001,"Tallaght-Killinardan, South Dublin",136,472,563,615,218,92,78,52,73,36,2,293,2630
Dublin South-West,2ae19629-1cca-13a3-e055-000000000001,"Tallaght-Kilnamanagh, South Dublin",78,399,620,651,320,224,168,176,320,146,13,99,3214
Dublin South-West,2ae19629-1ccb-13a3-e055-000000000001,"Tallaght-Kiltipper, South Dublin",139,419,916,1320,505,374,322,370,447,331,27,454,5624
Dublin South-West,2ae19629-1ccc-13a3-e055-000000000001,"Tallaght-Kingswood, South Dublin",65,277,506,557,234,175,176,165,279,166,13,224,2837
Dublin South-West,2ae19629-1ccd-13a3-e055-000000000001,"Tallaght-Millbrook, South Dublin",57,446,443,449,231,158,112,155,173,96,6,103,2429
Dublin South-West,2ae19629-1cce-13a3-e055-000000000001,"Tallaght-Oldbawn, South Dublin",71,407,521,638,315,236,163,204,328,190,12,106,3191
Dublin South-West,2ae19629-1ccf-13a3-e055-000000000001,"Tallaght-Springfield, South Dublin",183,615,875,1184,672,361,340,492,735,456,17,1113,7043
Dublin South-West,2ae19629-1cd0-13a3-e055-000000000001,"Tallaght-Tymon, South Dublin",104,579,692,743,327,236,157,155,261,142,13,226,3635
Dublin South-West,2ae19629-1cd6-13a3-e055-000000000001,"Templeogue Village, South Dublin",8,48,109,208,66,47,82,157,369,371,40,42,1547
Dublin South-West,2ae19629-1cd1-13a3-e055-000000000001,"Templeogue-Cypress, South Dublin",56,85,195,334,94,86,117,212,399,346,39,27,1990
Dublin South-West,2ae19629-1cd2-13a3-e055-000000000001,"Templeogue-Kimmage Manor, South Dublin",21,90,185,451,147,97,184,351,764,924,90,90,3394
Dublin South-West,2ae19629-1cd3-13a3-e055-000000000001,"Templeogue-Limekiln, South Dublin",56,326,414,479,215,182,162,184,366,333,14,82,2813
Dublin South-West,2ae19629-1cd4-13a3-e055-000000000001,"Templeogue-Orwell, South Dublin",13,101,160,300,100,82,83,147,228,241,20,12,1487
Dublin South-West,2ae19629-1cd5-13a3-e055-000000000001,"Templeogue-Osprey, South Dublin",39,107,208,345,112,95,98,181,284,221,21,14,1725
Dublin South-West,2ae19629-1cd7-13a3-e055-000000000001,"Terenure-Cherryfield, South Dublin",28,174,213,275,120,97,98,120,241,191,13,58,1628
Dublin South-West,2ae19629-1ce6-13a3-e055-000000000001,"Terenure-Greentrees, South Dublin",29,186,232,374,127,101,110,172,381,337,31,64,2144
Dublin South-West,2ae19629-1ce7-13a3-e055-000000000001,"Terenure-St. James, South Dublin",49,381,292,287,172,129,72,111,172,136,10,55,1866
Dublin Fingal West,2ae19629-1eef-13a3-e055-000000000001,"Airport, Fingal",35,73,146,414,264,88,168,333,609,523,70,1152,3875
Dublin Fingal West,2ae19629-1ef0-13a3-e055-000000000001,"Balbriggan Rural, Fingal",222,445,1227,2112,1045,626,680,922,1165,938,48,655,10085
Dublin Fingal West,2ae19629-1ef1-13a3-e055-000000000001,"Balbriggan Urban, Fingal",178,434,816,1135,425,334,286,388,476,383,42,304,5201
Dublin Bay North,2ae19629-1ef2-13a3-e055-000000000001,"Baldoyle, Fingal",90,474,616,995,408,268,292,463,800,819,73,234,5532
Dublin Bay North,2ae19629-1e22-13a3-e055-000000000001,"Balgriffin, Fingal",57,80,178,410,199,120,146,267,493,429,28,384,2791
Dublin Fingal West,2ae19629-1e33-13a3-e055-000000000001,"Ballyboghil, Fingal",25,62,131,193,65,78,52,77,153,113,12,32,993
Dublin Fingal West,2ae19629-1e35-13a3-e055-000000000001,"Balscadden, Fingal",19,38,65,111,29,38,23,29,72,55,11,7,497
Dublin West,2ae19629-1cc5-13a3-e055-000000000001,"Blanchardstown-Abbotstown, Fingal",69,168,293,510,275,161,197,385,636,551,47,520,3812
Dublin West,2ae19629-1cc6-13a3-e055-000000000001,"Blanchardstown-Blakestown, Fingal",430,1098,2682,4880,2105,1399,1512,2197,3308,2774,212,1996,24593
Dublin West,2ae19629-1cc7-13a3-e055-000000000001,"Blanchardstown-Coolmine, Fingal",221,652,1032,1374,520,324,370,503,670,565,55,596,6882
Dublin West,2ae19629-1cc8-13a3-e055-000000000001,"Blanchardstown-Corduff, Fingal",88,374,498,564,215,119,117,82,160,89,6,230,2542
Dublin West,2ae19629-1cc9-13a3-e055-000000000001,"Blanchardstown-Delwood, Fingal",59,190,291,619,246,174,186,333,531,490,48,281,3448
Dublin West,2ae19629-1cdd-13a3-e055-000000000001,"Blanchardstown-Mulhuddart, Fingal",90,129,303,487,236,105,131,181,203,150,7,192,2214
Dublin West,2ae19629-1cde-13a3-e055-000000000001,"Blanchardstown-Roselawn, Fingal",29,87,179,256,85,57,61,120,187,163,17,32,1273
Dublin West,2ae19629-1cdf-13a3-e055-000000000001,"Blanchardstown-Tyrrelstown, Fingal",72,116,278,392,183,71,90,88,104,69,4,164,1631
Dublin West,2ae19629-1ce5-13a3-e055-000000000001,"Castleknock-Knockmaroon, Fingal",143,320,785,1998,709,534,736,1381,2779,2895,325,602,13207
Dublin West,2ae19629-1cf6-13a3-e055-000000000001,"Castleknock-Park, Fingal",32,95,224,604,160,101,212,442,962,1116,136,207,4291
Dublin Fingal West,2ae19629-1d17-13a3-e055-000000000001,"Clonmethan, Fingal",29,39,89,114,37,46,38,47,78,53,5,19,594
Dublin Fingal East,2ae19629-1d38-13a3-e055-000000000001,"Donabate, Fingal",130,244,646,1201,523,400,457,723,1273,1277,134,193,7201
Dublin Fingal West,2ae19629-1d39-13a3-e055-000000000001,"Dubber, Fingal",75,173,414,863,521,249,258,404,645,490,26,1064,5182
Dublin Fingal West,2ae19629-1d7d-13a3-e055-000000000001,"Garristown, Fingal",17,93,187,213,121,88,67,85,136,107,5,34,1153
Dublin Fingal West,2ae19629-1d94-13a3-e055-000000000001,"Hollywood, Fingal",20,68,162,193,69,65,60,79,127,102,5,35,985
Dublin Fingal West,2ae19629-1d95-13a3-e055-000000000001,"Holmpatrick, Fingal",39,131,274,534,160,148,168,278,514,420,48,115,2829
Dublin Bay North,2ae19629-1daf-13a3-e055-000000000001,"Howth, Fingal",74,220,472,1039,303,217,326,602,1221,1191,159,120,5944
Dublin Fingal West,2ae19629-1dc5-13a3-e055-000000000001,"Kilsallaghan, Fingal",33,156,268,326,130,100,78,113,170,137,14,188,1713
Dublin Fingal East,2ae19629-1dc6-13a3-e055-000000000001,"Kinsaley, Fingal",79,214,578,1195,467,415,481,664,1212,976,92,564,6937
Dublin West,2ae19629-1dc9-13a3-e055-000000000001,"Lucan North, Fingal",4,19,59,143,40,41,49,122,238,178,19,163,1075
Dublin Fingal West,2ae19629-1ddf-13a3-e055-000000000001,"Lusk, Fingal",142,338,753,1299,555,446,415,599,884,595,37,323,6386
Dublin Fingal East,2ae19629-1de0-13a3-e055-000000000001,"Malahide East, Fingal",41,156,419,918,260,231,294,622,1207,1193,108,222,5671
Dublin Fingal East,2ae19629-1de1-13a3-e055-000000000001,"Malahide West, Fingal",28,155,359,814,186,177,225,458,833,813,99,73,4220
Dublin Fingal East,2ae19629-1de5-13a3-e055-000000000001,"Portmarnock North, Fingal",29,103,287,625,179,165,195,341,479,436,40,53,2932
Dublin Fingal East,2ae19629-1dfe-13a3-e055-000000000001,"Portmarnock South, Fingal",29,137,309,513,182,131,178,270,643,680,63,111,3246
Dublin Fingal West,2ae19629-1e15-13a3-e055-000000000001,"Rush, Fingal",107,447,909,1473,624,441,469,582,867,602,38,310,6869
Dublin Fingal West,2ae19629-1c9f-13a3-e055-000000000001,"Skerries, Fingal",78,289,530,1092,383,322,324,606,1022,911,104,137,5798
Dublin Bay North,2ae19629-1ca6-13a3-e055-000000000001,"Sutton, Fingal",33,229,376,778,247,190,230,412,730,739,85,87,4136
Dublin Fingal East,2ae19629-1cb2-13a3-e055-000000000001,"Swords Village, Fingal",21,118,240,370,167,97,109,183,241,169,12,191,1918
Dublin Fingal East,2ae19629-1ca8-13a3-e055-000000000001,"Swords-Forrest, Fingal",119,376,1092,2146,862,626,641,981,1522,1163,69,458,10055
Dublin Fingal East,2ae19629-1ca7-13a3-e055-000000000001,"Swords-Glasmore, Fingal",118,364,807,1271,449,350,314,392,571,384,20,192,5232
Dublin Fingal East,2ae19629-1cb0-13a3-e055-000000000001,"Swords-Lissenhall, Fingal",95,286,698,1561,683,469,426,688,1000,771,61,400,7138
Dublin Fingal East,2ae19629-1cb1-13a3-e055-000000000001,"Swords-Seatown, Fingal",43,146,426,938,341,245,317,507,807,737,56,159,4722
Dublin West,2ae19629-1ce8-13a3-e055-000000000001,"The Ward, Fingal",103,173,502,1089,596,359,370,667,1020,853,47,809,6588
Dublin Fingal West,2ae19629-1cea-13a3-e055-000000000001,"Turnapin, Fingal",23,67,184,245,85,63,75,110,171,129,10,77,1239
Dublin Rathdown,2ae19629-1e25-13a3-e055-000000000001,"Ballinteer-Broadford, Dún Laoghaire-Rathdown",23,98,257,351,133,107,109,171,272,252,29,46,1848
Dublin Rathdown,2ae19629-1e26-13a3-e055-000000000001,"Ballinteer-Ludford, Dún Laoghaire-Rathdown",24,127,170,234,130,76,74,113,243,254,30,24,1499
Dublin Rathdown,2ae19629-1e27-13a3-e055-000000000001,"Ballinteer-Marley, Dún Laoghaire-Rathdown",4,52,136,318,97,68,87,180,307,319,40,5,1613
Dublin Rathdown,2ae19629-1e28-13a3-e055-000000000001,"Ballinteer-Meadowbroads, Dún Laoghaire-Rathdown",11,60,99,193,64,53,66,109,210,287,38,16,1206
Dublin Rathdown,2ae19629-1e29-13a3-e055-000000000001,"Ballinteer-Meadowmount, Dún Laoghaire-Rathdown",33,130,175,220,102,77,73,104,176,174,20,25,1309
Dublin Rathdown,2ae19629-1e24-13a3-e055-000000000001,"Ballinteer-Woodpark, Dún Laoghaire-Rathdown",31,127,270,594,224,148,179,409,776,743,66,79,3646
Dún Laoghaire,2ae19629-1e34-13a3-e055-000000000001,"Ballybrack, Dún Laoghaire-Rathdown",34,213,295,400,144,100,133,164,268,234,22,30,2037
Dún Laoghaire,2ae19629-1e38-13a3-e055-000000000001,"Blackrock-Booterstown, Dún Laoghaire-Rathdown",15,32,61,215,63,42,87,253,597,760,127,85,2337
Dún Laoghaire,2ae19629-1cbe-13a3-e055-000000000001,"Blackrock-Carysfort, Dún Laoghaire-Rathdown",18,70,180,506,174,106,193,441,949,1112,144,226,4119
Dún Laoghaire,2ae19629-1cbf-13a3-e055-000000000001,"Blackrock-Central, Dún Laoghaire-Rathdown",10,22,88,234,66,45,84,258,653,777,121,61,2419
Dún Laoghaire,2ae19629-1cc0-13a3-e055-000000000001,"Blackrock-Glenomena, Dún Laoghaire-Rathdown",5,4,29,149,36,13,46,122,289,375,49,80,1197
Dún Laoghaire,2ae19629-1e36-13a3-e055-000000000001,"Blackrock-Monkstown, Dún Laoghaire-Rathdown",9,21,94,289,85,58,77,234,578,775,91,58,2369
Dún Laoghaire,2ae19629-1cc1-13a3-e055-000000000001,"Blackrock-Newpark, Dún Laoghaire-Rathdown",12,50,101,210,78,54,77,168,324,354,59,137,1624
Dún Laoghaire,2ae19629-1e37-13a3-e055-000000000001,"Blackrock-Seapoint, Dún Laoghaire-Rathdown",3,7,16,118,22,21,46,118,259,322,51,35,1018
Dún Laoghaire,2ae19629-1cc2-13a3-e055-000000000001,"Blackrock-Stradbrook, Dún Laoghaire-Rathdown",34,109,181,295,88,70,78,164,310,385,44,55,1813
Dún Laoghaire,2ae19629-1cc3-13a3-e055-000000000001,"Blackrock-Templehill, Dún Laoghaire-Rathdown",19,65,121,211,92,63,71,185,423,524,78,77,1929
Dún Laoghaire,2ae19629-1cc4-13a3-e055-000000000001,"Blackrock-Williamstown, Dún Laoghaire-Rathdown",7,30,70,187,57,48,73,173,465,590,87,165,1952
Dún Laoghaire,2ae19629-1ce1-13a3-e055-000000000001,"Cabinteely-Granitefield, Dún Laoghaire-Rathdown",13,75,188,338,117,82,144,176,340,317,33,26,1849
Dún Laoghaire,2ae19629-1ce2-13a3-e055-000000000001,"Cabinteely-Kilbogget, Dún Laoghaire-Rathdown",76,266,264,325,132,97,99,156,225,214,19,27,1900
Dún Laoghaire,2ae19629-1ce3-13a3-e055-000000000001,"Cabinteely-Loughlinstown, Dún Laoghaire-Rathdown",20,48,144,380,183,111,201,377,746,824,85,114,3233
Dún Laoghaire,2ae19629-1ce4-13a3-e055-000000000001,"Cabinteely-Pottery, Dún Laoghaire-Rathdown",44,174,335,616,213,164,243,342,616,617,63,122,3549
Dublin Rathdown,2ae19629-1cf7-13a3-e055-000000000001,"Churchtown-Castle, Dún Laoghaire-Rathdown",29,56,109,169,58,40,55,113,285,323,48,26,1311
Dublin Rathdown,2ae19629-1cf8-13a3-e055-000000000001,"Churchtown-Landscape, Dún Laoghaire-Rathdown",4,19,45,142,43,29,38,107,256,233,31,13,960
Dublin Rathdown,2ae19629-1cf9-13a3-e055-000000000001,"Churchtown-Nutgrove, Dún Laoghaire-Rathdown",62,263,299,324,132,84,120,160,341,339,42,71,2237
Dublin Rathdown,2ae19629-1cfa-13a3-e055-000000000001,"Churchtown-Orwell, Dún Laoghaire-Rathdown",8,50,63,189,46,37,56,141,334,334,59,22,1339
Dublin Rathdown,2ae19629-1cfb-13a3-e055-000000000001,"Churchtown-Woodlawn, Dún Laoghaire-Rathdown",3,17,47,115,38,23,38,126,255,287,44,24,1017
Dublin Rathdown,2ae19629-1d19-13a3-e055-000000000001,"Clonskeagh-Belfield, Dún Laoghaire-Rathdown",4,6,24,75,15,12,27,65,152,202,30,217,829
Dublin Rathdown,2ae19629-1d1a-13a3-e055-000000000001,"Clonskeagh-Farranboley, Dún Laoghaire-Rathdown",27,111,121,148,74,46,40,84,188,271,34,71,1215
Dublin Rathdown,2ae19629-1d18-13a3-e055-000000000001,"Clonskeagh-Milltown, Dún Laoghaire-Rathdown",6,8,26,121,28,23,52,119,377,455,93,103,1411
Dublin Rathdown,2ae19629-1d1b-13a3-e055-000000000001,"Clonskeagh-Roebuck, Dún Laoghaire-Rathdown",4,32,78,280,66,42,67,213,508,613,89,133,2125
Dublin Rathdown,2ae19629-1d1c-13a3-e055-000000000001,"Clonskeagh-Windy Arbour, Dún Laoghaire-Rathdown",26,71,124,258,67,53,52,163,443,522,81,37,1897
Dún Laoghaire,2ae19629-1d1d-13a3-e055-000000000001,"Dalkey Hill, Dún Laoghaire-Rathdown",8,31,58,173,58,38,58,124,209,300,51,56,1164
Dún Laoghaire,2ae19629-1d1e-13a3-e055-000000000001,"Dalkey Upper, Dún Laoghaire-Rathdown",7,23,64,230,51,44,78,175,340,368,64,14,1458
Dún Laoghaire,2ae19629-1d1f-13a3-e055-000000000001,"Dalkey-Avondale, Dún Laoghaire-Rathdown",4,17,65,188,57,28,52,136,197,239,24,17,1024
Dún Laoghaire,2ae19629-1d20-13a3-e055-000000000001,"Dalkey-Bullock, Dún Laoghaire-Rathdown",13,48,82,193,64,48,70,146,254,327,53,30,1328
Dún Laoghaire,2ae19629-1d37-13a3-e055-000000000001,"Dalkey-Coliemore, Dún Laoghaire-Rathdown",15,42,75,151,53,33,57,104,201,242,30,34,1037
Dublin Rathdown,2ae19629-1d5a-13a3-e055-000000000001,"Dundrum-Balally, Dún Laoghaire-Rathdown",78,275,438,750,302,186,275,629,1114,1242,99,340,5728
Dublin Rathdown,2ae19629-1d5b-13a3-e055-000000000001,"Dundrum-Kilmacud, Dún Laoghaire-Rathdown",14,28,109,256,80,56,102,214,638,644,82,75,2298
Dublin Rathdown,2ae19629-1d5c-13a3-e055-000000000001,"Dundrum-Sandyford, Dún Laoghaire-Rathdown",36,164,324,738,279,199,249,522,1163,1228,122,202,5226
Dublin Rathdown,2ae19629-1d5d-13a3-e055-000000000001,"Dundrum-Sweetmount, Dún Laoghaire-Rathdown",11,49,89,190,98,45,77,198,454,513,54,46,1824
Dublin Rathdown,2ae19629-1d5e-13a3-e055-000000000001,"Dundrum-Taney, Dún Laoghaire-Rathdown",22,78,144,256,90,47,73,165,376,436,62,57,1806
Dún Laoghaire,2ae19629-1d3a-13a3-e055-000000000001,"Dún Laoghaire-East Central, Dún Laoghaire-Rathdown",14,27,69,225,96,37,89,188,395,455,71,110,1776
Dún Laoghaire,2ae19629-1d3b-13a3-e055-000000000001,"Dún Laoghaire-Glasthule, Dún Laoghaire-Rathdown",34,86,130,253,86,48,85,204,431,538,72,122,2089
Dún Laoghaire,2ae19629-1d3c-13a3-e055-000000000001,"Dún Laoghaire-Glenageary, Dún Laoghaire-Rathdown",16,30,68,262,102,54,124,336,686,952,101,84,2815
Dún Laoghaire,2ae19629-1d3d-13a3-e055-000000000001,"Dún Laoghaire-Monkstown Farm, Dún Laoghaire-Rathdown",49,124,186,222,117,73,69,129,218,269,41,66,1563
Dún Laoghaire,2ae19629-1d3e-13a3-e055-000000000001,"Dún Laoghaire-Mount Town, Dún Laoghaire-Rathdown",55,114,200,214,77,44,63,60,156,146,17,51,1197
Dún Laoghaire,2ae19629-1d3f-13a3-e055-000000000001,"Dún Laoghaire-Sallynoggin East, Dún Laoghaire-Rathdown",66,133,259,332,135,93,112,155,277,359,57,30,2008
Dún Laoghaire,2ae19629-1d40-13a3-e055-000000000001,"Dún Laoghaire-Sallynoggin South, Dún Laoghaire-Rathdown",34,99,176,177,85,75,55,79,108,129,9,18,1044
Dún Laoghaire,2ae19629-1d41-13a3-e055-000000000001,"Dún Laoghaire-Sallynoggin West, Dún Laoghaire-Rathdown",53,161,253,314,150,105,162,248,494,653,58,67,2718
Dún Laoghaire,2ae19629-1d57-13a3-e055-000000000001,"Dún Laoghaire-Salthill, Dún Laoghaire-Rathdown",9,36,55,138,55,33,44,146,274,368,72,18,1248
Dún Laoghaire,2ae19629-1d58-13a3-e055-000000000001,"Dún Laoghaire-Sandycove, Dún Laoghaire-Rathdown",23,67,82,396,107,95,116,267,573,711,112,52,2601
Dún Laoghaire,2ae19629-1d59-13a3-e055-000000000001,"Dún Laoghaire-West Central, Dún Laoghaire-Rathdown",28,119,175,233,107,54,87,203,327,502,61,137,2033
Dún Laoghaire,2ae19629-1d79-13a3-e055-000000000001,"Foxrock-Beechpark, Dún Laoghaire-Rathdown",2,20,53,187,40,51,53,139,259,314,31,20,1169
Dublin Rathdown,2ae19629-1d7a-13a3-e055-000000000001,"Foxrock-Carrickmines, Dún Laoghaire-Rathdown",18,68,223,747,162,129,235,448,929,1074,120,150,4303
Dún Laoghaire,2ae19629-1d7b-13a3-e055-000000000001,"Foxrock-Deansgrange, Dún Laoghaire-Rathdown",4,25,92,267,62,54,90,160,382,450,49,50,1685
Dublin Rathdown,2ae19629-1d7c-13a3-e055-000000000001,"Foxrock-Torquay, Dún Laoghaire-Rathdown",12,7,48,145,44,24,53,117,288,259,29,44,1070
Dublin Rathdown,2ae19629-1d7e-13a3-e055-000000000001,"Glencullen, Dún Laoghaire-Rathdown",136,310,848,1794,771,579,778,1485,3123,3418,292,613,14147
Dún Laoghaire,2ae19629-1db0-13a3-e055-000000000001,"Killiney North, Dún Laoghaire-Rathdown",26,57,137,350,95,67,123,281,537,576,84,42,2375
Dún Laoghaire,2ae19629-1db1-13a3-e055-000000000001,"Killiney South, Dún Laoghaire-Rathdown",129,409,727,833,309,211,241,292,576,483,59,165,4434
Dún Laoghaire,2ae19629-1e17-13a3-e055-000000000001,"Shankill-Rathmichael, Dún Laoghaire-Rathdown",50,173,390,672,263,168,263,372,717,624,72,100,3864
Dún Laoghaire,94b26e15-6ed2-44c2-a0b0-207c369a2da8,"Shankill-Rathsallagh, Dún Laoghaire-Rathdown",65,256,372,458,164,94,123,165,291,283,26,61,2358
Dún Laoghaire,2ae19629-1e19-13a3-e055-000000000001,"Shankill-Shanganagh, Dún Laoghaire-Rathdown",41,184,361,684,246,184,248,359,619,638,80,64,3708
Dublin Rathdown,2ae19629-1ca0-13a3-e055-000000000001,"Stillorgan-Deerpark, Dún Laoghaire-Rathdown",14,20,52,287,57,56,88,190,465,600,90,55,1974
Dublin Rathdown,2ae19629-1ca1-13a3-e055-000000000001,"Stillorgan-Kilmacud, Dún Laoghaire-Rathdown",13,67,184,423,158,96,149,265,614,731,112,77,2889
Dublin Rathdown,2ae19629-1ca2-13a3-e055-000000000001,"Stillorgan-Leopardstown, Dún Laoghaire-Rathdown",18,25,83,247,87,55,102,204,480,536,65,43,1945
Dublin Rathdown,2ae19629-1ca3-13a3-e055-000000000001,"Stillorgan-Merville, Dún Laoghaire-Rathdown",12,37,102,291,99,64,89,250,489,572,86,40,2131
Dublin Rathdown,2ae19629-1ca4-13a3-e055-000000000001,"Stillorgan-Mount Merrion, Dún Laoghaire-Rathdown",8,30,58,198,79,42,52,172,408,455,76,11,1589
Dún Laoghaire,2ae19629-1ca5-13a3-e055-000000000001,"Stillorgan-Priory, Dún Laoghaire-Rathdown",21,29,66,163,57,30,78,162,404,410,55,54,1529
Dublin Rathdown,2ae19629-1ce9-13a3-e055-000000000001,"Tibradden, Dún Laoghaire-Rathdown",5,67,58,126,18,27,25,47,116,115,13,36,653
Kildare South,2ae19629-229d-13a3-e055-000000000001,"Athy East Urban, Kildare",70,219,416,595,240,145,146,225,273,171,9,212,2721
Kildare South,2ae19629-223b-13a3-e055-000000000001,"Athy Rural, Kildare",69,168,402,581,273,176,179,227,267,186,17,130,2675
Kildare South,2ae19629-223c-13a3-e055-000000000001,"Athy West Urban, Kildare",79,230,363,443,198,101,96,100,97,52,6,188,1953
Kildare South,2ae19629-223d-13a3-e055-000000000001,"Ballaghmoon, Kildare",5,6,21,28,12,19,10,9,23,9,1,5,148
Kildare South,2ae19629-2248-13a3-e055-000000000001,"Ballitore, Kildare",20,68,148,173,54,46,52,47,79,39,4,62,792
Kildare South,2ae19629-2249-13a3-e055-000000000001,"Ballybrackan, Kildare",21,44,89,100,37,27,22,37,43,22,3,10,455
Kildare South,2ae19629-224a-13a3-e055-000000000001,"Ballymore Eustace, Kildare",24,76,160,206,86,81,72,112,145,117,17,47,1143
Kildare North,2ae19629-224b-13a3-e055-000000000001,"Ballynadrumny, Kildare",20,34,82,51,33,22,31,25,38,22,2,26,386
Kildare South,2ae19629-2257-13a3-e055-000000000001,"Ballysax East, Kildare",43,149,264,290,130,81,68,75,126,91,10,70,1397
Kildare South,2ae19629-2258-13a3-e055-000000000001,"Ballysax West, Kildare",29,105,138,166,60,35,47,55,100,65,5,55,860
Kildare South,2ae19629-2259-13a3-e055-000000000001,"Ballyshannon, Kildare",25,84,147,247,99,86,68,96,201,107,17,21,1198
Kildare North,2ae19629-2264-13a3-e055-000000000001,"Balraheen, Kildare",21,83,157,217,84,77,81,111,212,229,22,60,1354
Kildare South,2ae19629-2265-13a3-e055-000000000001,"Belan, Kildare",2,19,31,40,19,13,10,11,26,19,0,7,197
Kildare South,2ae19629-2266-13a3-e055-000000000001,"Bert, Kildare",3,15,25,22,14,9,6,4,11,5,2,9,125
Kildare North,2ae19629-2267-13a3-e055-000000000001,"Bodenstown, Kildare",44,123,329,495,212,192,216,309,578,483,38,102,3121
Kildare South,2ae19629-2273-13a3-e055-000000000001,"Burtown, Kildare",9,22,46,47,27,16,20,26,36,31,2,5,287
Kildare North,2ae19629-2274-13a3-e055-000000000001,"Cadamstown, Kildare",22,61,118,167,69,77,54,117,108,108,9,88,998
Kildare South,2ae19629-2275-13a3-e055-000000000001,"Carbury, Kildare",51,148,264,280,129,113,89,93,168,94,4,62,1495
Kildare South,2ae19629-227f-13a3-e055-000000000001,"Carnalway, Kildare",22,74,158,288,104,83,83,139,175,164,13,33,1336
Kildare North,2ae19629-2280-13a3-e055-000000000001,"Carragh, Kildare",21,36,142,214,74,83,71,117,190,154,9,47,1158
Kildare South,2ae19629-2281-13a3-e055-000000000001,"Carrick, Kildare",3,13,27,33,9,17,11,20,19,25,0,11,188
Kildare South,2ae19629-228c-13a3-e055-000000000001,"Carrigeen, Kildare",8,23,64,81,29,37,30,33,52,44,5,24,430
Kildare South,2ae19629-228d-13a3-e055-000000000001,"Castledermot, Kildare",39,88,211,244,98,80,82,76,117,82,5,95,1217
Kildare North,2ae19629-228e-13a3-e055-000000000001,"Celbridge, Kildare",203,478,1051,1938,785,628,612,1007,1742,1456,142,376,10418
Kildare South,2ae19629-2298-13a3-e055-000000000001,"Churchtown, Kildare",16,34,77,68,19,35,24,30,42,26,2,6,379
Kildare North,2ae19629-2299-13a3-e055-000000000001,"Clane, Kildare",67,233,627,984,434,337,393,572,926,766,47,274,5660
Kildare North,2ae19629-229a-13a3-e055-000000000001,"Cloncurry, Kildare, 087026",20,88,121,198,79,79,62,92,148,138,18,26,1069
Kildare South,2ae19629-22a4-13a3-e055-000000000001,"Cloncurry, Kildare, 087027",7,22,32,71,32,20,17,20,39,36,1,21,318
Kildare North,2ae19629-22a5-13a3-e055-000000000001,"Donadea, Kildare",9,27,59,107,41,52,36,49,87,71,11,20,569
Kildare North,2ae19629-22a6-13a3-e055-000000000001,"Donaghcumper, Kildare",72,152,329,710,304,251,247,425,752,659,64,143,4108
Kildare North,2ae19629-22af-13a3-e055-000000000001,"Donore, Kildare",4,26,81,118,37,60,35,50,91,56,6,20,584
Kildare North,2ae19629-22b0-13a3-e055-000000000001,"Downings, Kildare",47,127,260,389,180,150,117,158,239,177,19,103,1966
Kildare South,2ae19629-22b1-13a3-e055-000000000001,"Drehid, Kildare",3,19,22,42,18,7,10,17,23,15,0,3,179
Kildare South,2ae19629-22b2-13a3-e055-000000000001,"Droichead Nua (Newbridge) Rural, Kildare",32,61,174,318,129,98,106,184,284,290,15,39,1730
Kildare South,2ae19629-22bf-13a3-e055-000000000001,"Droichead Nua (Newbridge) Urban, Kildare",165,499,898,1084,441,242,295,386,506,420,26,373,5335
Kildare North,2ae19629-22c0-13a3-e055-000000000001,"Dunfierth, Kildare",35,57,61,99,40,36,31,42,74,52,8,6,541
Kildare South,2ae19629-22c1-13a3-e055-000000000001,"Dunmanoge, Kildare",1,42,64,53,21,28,28,27,38,29,1,7,339
Kildare South,2ae19629-22c2-13a3-e055-000000000001,"Dunmurry, Kildare",4,28,40,59,18,22,21,22,54,44,5,35,352
Kildare South,2ae19629-22c3-13a3-e055-000000000001,"Feighcullen, Kildare",15,49,58,87,26,26,24,35,69,42,3,15,449
Kildare South,2ae19629-21fb-13a3-e055-000000000001,"Fontstown, Kildare",3,18,52,65,21,21,19,26,48,28,3,2,306
Kildare South,2ae19629-21fc-13a3-e055-000000000001,"Gilltown, Kildare",10,47,95,142,36,38,56,59,113,75,7,13,691
Kildare South,2ae19629-21fd-13a3-e055-000000000001,"Graney, Kildare",13,26,87,106,58,43,31,44,67,37,2,14,528
Kildare South,2ae19629-2204-13a3-e055-000000000001,"Grangemellon, Kildare",16,33,96,79,38,31,31,26,43,28,3,12,436
Kildare South,2ae19629-2205-13a3-e055-000000000001,"Harristown, Kildare",10,30,51,76,31,23,25,30,26,17,0,13,332
Kildare South,2ae19629-2206-13a3-e055-000000000001,"Inchaquire, Kildare",4,10,28,26,15,14,10,13,17,14,0,5,156
Kildare South,2ae19629-2207-13a3-e055-000000000001,"Johnstown, Kildare",3,9,27,20,21,7,10,5,13,11,1,5,132
Kildare South,2ae19629-2211-13a3-e055-000000000001,"Kilberry, Kildare",29,58,99,82,29,17,17,20,28,18,2,10,409
Kildare North,2ae19629-2212-13a3-e055-000000000001,"Kilcock, Kildare",79,246,520,881,417,314,312,453,844,744,73,339,5222
Kildare South,2ae19629-2213-13a3-e055-000000000001,"Kilcullen, Kildare",54,157,315,425,206,145,157,213,310,260,22,78,2342
Kildare South,2ae19629-2208-13a3-e055-000000000001,"Kildangan, Kildare",11,22,64,79,41,33,35,40,63,61,6,14,469
Kildare South,2ae19629-2209-13a3-e055-000000000001,"Kildare, Kildare",212,536,1233,1457,592,413,396,544,695,523,37,478,7116
Kildare South,2ae19629-220a-13a3-e055-000000000001,"Kilkea, Kildare",10,27,44,52,16,23,23,27,38,35,6,9,310
Kildare North,2ae19629-2214-13a3-e055-000000000001,"Kill, Kildare",55,185,424,704,261,268,236,331,547,391,16,164,3582
Kildare North,2ae19629-2215-13a3-e055-000000000001,"Killashee, Kildare",7,9,27,30,18,17,15,31,61,62,7,14,298
Kildare South,2ae19629-2216-13a3-e055-000000000001,"Killinthomas, Kildare",6,15,25,55,18,22,18,21,46,21,1,10,258
Kildare South,2ae19629-2217-13a3-e055-000000000001,"Kilmeage North, Kildare",51,181,305,386,129,131,109,116,158,95,7,76,1744
Kildare South,2ae19629-2220-13a3-e055-000000000001,"Kilmeage South, Kildare",52,129,249,256,135,92,78,87,141,116,10,63,1408
Kildare South,2ae19629-2221-13a3-e055-000000000001,"Kilpatrick, Kildare",29,87,137,143,37,58,28,34,30,22,0,27,632
Kildare South,2ae19629-2222-13a3-e055-000000000001,"Kilrainy, Kildare",19,49,75,103,42,39,32,29,70,30,1,10,499
Kildare South,2ae19629-2223-13a3-e055-000000000001,"Kilrush, Kildare",8,31,74,115,28,38,22,43,54,44,1,18,476
Kildare North,2ae19629-222b-13a3-e055-000000000001,"Kilteel, Kildare",9,20,51,82,19,31,32,54,72,50,7,6,433
Kildare South,2ae19629-222c-13a3-e055-000000000001,"Lackagh, Kildare",26,34,74,122,27,46,33,40,78,55,7,23,565
Kildare North,2ae19629-222d-13a3-e055-000000000001,"Ladytown, Kildare",6,17,54,119,31,32,44,60,113,129,9,23,637
Kildare North,2ae19629-223e-13a3-e055-000000000001,"Leixlip, Kildare",150,580,1268,2003,806,654,706,1060,1891,1511,116,443,11188
Kildare South,2ae19629-223f-13a3-e055-000000000001,"Lullymore, Kildare",0,9,26,22,20,22,3,12,8,4,0,9,135
Kildare North,2ae19629-2240-13a3-e055-000000000001,"Maynooth, Kildare",106,331,613,1418,542,435,582,1031,2248,2384,446,887,11023
Kildare South,2ae19629-224c-13a3-e055-000000000001,"Monasterevin, Kildare",97,308,582,812,312,252,227,292,352,258,12,183,3687
Kildare South,2ae19629-224d-13a3-e055-000000000001,"Moone, Kildare",7,16,49,79,30,25,25,28,43,31,3,5,341
Kildare South,2ae19629-224e-13a3-e055-000000000001,"Morristownbiller, Kildare",183,553,1341,2075,874,609,617,850,1281,1038,53,376,9850
Kildare North,2ae19629-225a-13a3-e055-000000000001,"Naas Rural, Kildare",18,59,138,311,157,118,128,179,388,362,27,68,1953
Kildare North,2ae19629-225b-13a3-e055-000000000001,"Naas Urban, Kildare",228,639,1494,2747,1154,818,989,1650,3140,2744,205,787,16595
Kildare South,2ae19629-225c-13a3-e055-000000000001,"Narraghmore, Kildare",22,49,101,94,35,38,25,50,77,51,7,6,555
Kildare North,2ae19629-2268-13a3-e055-000000000001,"Newtown, Kildare",7,24,61,123,48,55,35,63,95,98,8,6,623
Kildare South,2ae19629-2269-13a3-e055-000000000001,"Nurney, Kildare",22,59,135,172,66,52,34,59,88,52,2,35,776
Kildare South,2ae19629-226a-13a3-e055-000000000001,"Oldconnell, Kildare",24,44,103,125,43,49,34,59,78,65,6,78,708
Kildare North,2ae19629-226b-13a3-e055-000000000001,"Oughterard, Kildare",3,38,64,107,44,46,42,46,93,62,11,24,580
Kildare South,2ae19629-2276-13a3-e055-000000000001,"Pollardstown, Kildare",4,12,29,42,18,21,20,18,41,31,1,13,250
Kildare South,2ae19629-2277-13a3-e055-000000000001,"Quinsborough, Kildare",1,5,19,19,8,6,4,14,11,16,1,8,112
Kildare South,2ae19629-2278-13a3-e055-000000000001,"Rathangan, Kildare",74,136,301,433,170,122,131,136,207,130,12,100,1952
Kildare South,2ae19629-2279-13a3-e055-000000000001,"Rathernan, Kildare",12,35,73,88,39,28,24,40,39,34,4,44,460
Kildare North,2ae19629-2282-13a3-e055-000000000001,"Rathmore, Kildare",14,20,83,154,52,52,57,67,143,134,12,13,801
Kildare South,2ae19629-2283-13a3-e055-000000000001,"Robertstown, Kildare",66,159,263,330,107,105,77,97,119,78,8,97,1506
Kildare South,2ae19629-2284-13a3-e055-000000000001,"Skerries, Kildare",23,36,79,101,33,41,22,35,39,34,0,7,450
Kildare North,2ae19629-228f-13a3-e055-000000000001,"Straffan, Kildare",19,75,133,256,91,84,92,159,298,263,36,55,1561
Kildare South,2ae19629-2290-13a3-e055-000000000001,"Thomastown, Kildare",7,44,77,132,53,55,28,50,76,59,3,32,616
Kildare North,2ae19629-2291-13a3-e055-000000000001,"Timahoe North, Kildare",20,81,119,175,50,67,57,69,91,78,8,16,831
Kildare South,2ae19629-2292-13a3-e055-000000000001,"Timahoe South, Kildare",12,27,83,103,42,49,41,32,56,36,4,27,512
Kildare South,2ae19629-229b-13a3-e055-000000000001,"Usk, Kildare",16,29,49,65,33,35,29,25,43,36,3,7,370
Kildare South,2ae19629-229c-13a3-e055-000000000001,"Windmill Cross, Kildare",23,77,118,196,73,54,52,56,48,34,3,26,760
Carlow-Kilkenny,2ae19629-229e-13a3-e055-000000000001,"Aghaviller, Kilkenny",12,17,78,48,18,28,14,23,43,40,2,2,325
Carlow-Kilkenny,2ae19629-22a7-13a3-e055-000000000001,"Aglish, Kilkenny",13,42,131,138,52,70,33,43,76,50,2,36,686
Carlow-Kilkenny,2ae19629-22a8-13a3-e055-000000000001,"Attanagh, Kilkenny",5,18,43,52,18,34,16,17,36,25,2,3,269
Tipperary North,2ae19629-22a9-13a3-e055-000000000001,"Balleen, Kilkenny",8,32,61,51,18,30,21,22,37,40,1,11,332
Carlow-Kilkenny,2ae19629-22b3-13a3-e055-000000000001,"Ballinamara, Kilkenny",2,10,44,40,19,29,25,18,44,19,0,1,251
Carlow-Kilkenny,2ae19629-22b4-13a3-e055-000000000001,"Ballincrea, Kilkenny",0,16,32,45,28,18,17,18,26,19,0,6,225
Tipperary North,2ae19629-22b5-13a3-e055-000000000001,"Ballybeagh, Kilkenny",7,13,29,38,18,21,13,11,31,21,0,11,213
Carlow-Kilkenny,2ae19629-22c4-13a3-e055-000000000001,"Ballycallan, Kilkenny",6,26,65,62,13,37,14,27,34,22,1,11,318
Carlow-Kilkenny,2ae19629-22c5-13a3-e055-000000000001,"Ballyconra, Kilkenny",1,20,23,33,11,16,11,10,26,16,1,1,169
Carlow-Kilkenny,2ae19629-22c6-13a3-e055-000000000001,"Ballyhale, Kilkenny",5,23,48,54,24,27,16,20,41,21,0,3,282
Carlow-Kilkenny,2ae19629-21fe-13a3-e055-000000000001,"Ballyragget, Kilkenny",37,110,215,215,69,72,48,78,92,63,4,100,1103
Carlow-Kilkenny,2ae19629-21ff-13a3-e055-000000000001,"Ballyvool, Kilkenny",2,11,32,19,14,7,12,14,23,12,2,0,148
Tipperary North,2ae19629-2200-13a3-e055-000000000001,"Baunmore, Kilkenny",5,9,16,24,8,4,4,4,13,7,2,0,96
Carlow-Kilkenny,2ae19629-220b-13a3-e055-000000000001,"Bennettsbridge, Kilkenny",19,62,150,147,49,55,40,65,115,61,8,19,790
Carlow-Kilkenny,2ae19629-220c-13a3-e055-000000000001,"Boolyglass, Kilkenny",1,10,24,19,5,7,8,9,9,9,0,3,104
Carlow-Kilkenny,2ae19629-220d-13a3-e055-000000000001,"Bramblestown, Kilkenny",2,7,16,28,12,14,11,18,31,21,2,4,166
Carlow-Kilkenny,2ae19629-220e-13a3-e055-000000000001,"Brownsford, Kilkenny",0,10,11,22,9,10,2,5,13,13,0,3,98
Carlow-Kilkenny,2ae19629-23b8-13a3-e055-000000000001,"Burnchurch, Kilkenny",2,22,48,70,19,25,24,48,65,48,2,14,387
Carlow-Kilkenny,2ae19629-23b9-13a3-e055-000000000001,"Callan Rural, Kilkenny",18,62,162,264,106,82,92,93,161,96,3,94,1233
Carlow-Kilkenny,2ae19629-23ba-13a3-e055-000000000001,"Callan Urban, Kilkenny",39,144,214,284,94,70,59,103,105,72,6,61,1251
Carlow-Kilkenny,2ae19629-23bb-13a3-e055-000000000001,"Castlebanny, Kilkenny",5,3,19,19,8,8,4,9,18,11,0,2,106
Carlow-Kilkenny,2ae19629-23bf-13a3-e055-000000000001,"Castlecomer, Kilkenny",50,198,283,340,129,136,96,109,179,102,6,73,1701
Carlow-Kilkenny,2ae19629-23c0-13a3-e055-000000000001,"Castlegannon, Kilkenny",1,7,16,13,7,10,6,9,17,11,1,2,100
Carlow-Kilkenny,2ae19629-23c1-13a3-e055-000000000001,"Clara, Kilkenny",14,25,68,96,39,41,32,38,87,64,3,15,522
Carlow-Kilkenny,2ae19629-23c5-13a3-e055-000000000001,"Clogh, Kilkenny",21,106,193,221,77,79,49,54,83,49,3,26,961
Carlow-Kilkenny,2ae19629-23c6-13a3-e055-000000000001,"Clogharinka, Kilkenny",4,9,30,31,10,28,15,10,17,13,0,1,168
Tipperary North,2ae19629-23cb-13a3-e055-000000000001,"Clomantagh, Kilkenny",6,17,41,40,19,11,13,17,29,17,0,12,222
Carlow-Kilkenny,2ae19629-23cc-13a3-e055-000000000001,"Coolaghmore, Kilkenny",21,17,43,51,28,35,25,22,30,18,3,7,300
Carlow-Kilkenny,2ae19629-23cd-13a3-e055-000000000001,"Coolcraheen, Kilkenny",9,20,44,67,37,30,21,39,58,39,1,8,373
Carlow-Kilkenny,2ae19629-23d2-13a3-e055-000000000001,"Coolhill, Kilkenny",2,16,34,33,12,16,13,12,30,19,0,1,188
Carlow-Kilkenny,2ae19629-23d3-13a3-e055-000000000001,"Danesfort, Kilkenny",2,15,48,64,21,20,28,30,54,42,0,6,330
Carlow-Kilkenny,2ae19629-23d4-13a3-e055-000000000001,"Dunbell, Kilkenny",9,28,78,68,24,20,18,28,57,50,0,16,396
Carlow-Kilkenny,2ae19629-23d5-13a3-e055-000000000001,"Dunkitt, Kilkenny",9,53,137,158,57,67,42,61,94,52,2,17,749
Carlow-Kilkenny,2ae19629-23d9-13a3-e055-000000000001,"Dunmore, Kilkenny",5,9,46,73,27,23,32,50,99,67,5,11,447
Carlow-Kilkenny,2ae19629-23da-13a3-e055-000000000001,"Dunnamaggan, Kilkenny",4,22,50,43,19,25,25,33,43,21,1,2,288
Carlow-Kilkenny,2ae19629-23db-13a3-e055-000000000001,"Dysartmoon, Kilkenny",5,13,37,41,13,15,12,11,23,12,0,7,189
Carlow-Kilkenny,2ae19629-23df-13a3-e055-000000000001,"Earlstown, Kilkenny",7,8,26,28,16,21,7,18,23,10,1,5,170
Carlow-Kilkenny,2ae19629-23e0-13a3-e055-000000000001,"Ennisnag, Kilkenny",3,8,42,72,24,36,29,32,57,54,1,4,362
Carlow-Kilkenny,2ae19629-23e1-13a3-e055-000000000001,"Famma, Kilkenny",4,15,18,35,18,23,18,22,46,29,4,5,237
Carlow-Kilkenny,2ae19629-23e6-13a3-e055-000000000001,"Farnoge, Kilkenny",6,20,41,31,10,23,12,9,34,19,4,2,211
Carlow-Kilkenny,2ae19629-23e7-13a3-e055-000000000001,"Fiddown, Kilkenny",25,33,115,147,50,60,52,48,81,61,1,35,708
Carlow-Kilkenny,2ae19629-23e8-13a3-e055-000000000001,"Freaghana, Kilkenny",0,12,30,26,15,16,12,15,29,11,0,5,171
Tipperary North,2ae19629-23ec-13a3-e055-000000000001,"Freshford, Kilkenny",21,87,153,124,66,53,30,41,65,38,3,34,715
Tipperary North,2ae19629-23ed-13a3-e055-000000000001,"Galmoy, Kilkenny",7,13,37,41,15,20,16,20,33,21,0,19,242
Tipperary North,2ae19629-23f0-13a3-e055-000000000001,"Glashare, Kilkenny",10,21,29,36,20,19,11,20,25,14,0,9,214
Carlow-Kilkenny,2ae19629-23f1-13a3-e055-000000000001,"Goresbridge, Kilkenny",11,49,73,81,26,32,24,26,24,23,3,27,399
Carlow-Kilkenny,2ae19629-23f2-13a3-e055-000000000001,"Gowran, Kilkenny",22,83,166,172,75,76,59,87,141,94,1,67,1043
Carlow-Kilkenny,2ae19629-23f6-13a3-e055-000000000001,"Graiguenamanagh, Kilkenny",50,143,218,246,119,84,79,65,123,73,6,92,1298
Carlow-Kilkenny,2ae19629-23f7-13a3-e055-000000000001,"Grange, Kilkenny",6,21,64,110,42,51,43,57,118,71,3,56,642
Carlow-Kilkenny,2ae19629-23f8-13a3-e055-000000000001,"Inistioge, Kilkenny",23,52,93,103,61,48,31,56,66,73,8,20,634
Carlow-Kilkenny,2ae19629-23fc-13a3-e055-000000000001,"Jerpoint Church, Kilkenny",19,56,107,126,55,46,41,46,73,53,3,13,638
Carlow-Kilkenny,2ae19629-23fd-13a3-e055-000000000001,"Jerpoint West, Kilkenny",3,11,24,31,14,18,17,19,11,21,0,2,171
Tipperary North,2ae19629-23fe-13a3-e055-000000000001,"Johnstown, Kilkenny",27,66,133,120,48,29,22,40,46,27,1,66,625
Carlow-Kilkenny,2ae19629-2402-13a3-e055-000000000001,"Kells, Kilkenny",6,19,62,79,29,41,24,29,73,70,3,9,444
Carlow-Kilkenny,2ae19629-2403-13a3-e055-000000000001,"Kilbeacon, Kilkenny",3,7,28,17,7,15,7,10,13,17,2,3,129
Carlow-Kilkenny,2ae19629-2404-13a3-e055-000000000001,"Kilbride, Kilkenny",4,20,42,39,24,24,14,25,33,20,1,5,251
Carlow-Kilkenny,2ae19629-2408-13a3-e055-000000000001,"Kilcolumb, Kilkenny",2,23,55,66,48,52,29,37,63,26,1,24,426
Carlow-Kilkenny,2ae19629-2409-13a3-e055-000000000001,"Kilculliheen, Kilkenny",104,169,458,745,367,239,222,281,441,293,13,249,3581
Carlow-Kilkenny,2ae19629-240a-13a3-e055-000000000001,"Kilfane, Kilkenny",2,15,26,23,23,15,17,16,24,20,1,1,183
Carlow-Kilkenny,2ae19629-240b-13a3-e055-000000000001,"Kilkeasy, Kilkenny",4,16,48,38,20,21,14,15,43,25,3,2,249
Carlow-Kilkenny,2ae19629-240c-13a3-e055-000000000001,"Kilkenny No. 1 Urban, Kilkenny",105,338,585,707,336,178,184,282,467,371,22,412,3987
Carlow-Kilkenny,2ae19629-240d-13a3-e055-000000000001,"Kilkenny No. 2 Urban, Kilkenny",70,228,347,538,227,155,175,252,425,314,28,178,2937
Carlow-Kilkenny,2ae19629-23b2-13a3-e055-000000000001,"Kilkenny Rural, Kilkenny",258,652,1514,2129,931,631,748,1091,1848,1476,102,579,11959
Carlow-Kilkenny,2ae19629-23b3-13a3-e055-000000000001,"Kilkieran, Kilkenny",4,12,69,78,31,47,28,41,64,48,7,8,437
Carlow-Kilkenny,2ae19629-23b5-13a3-e055-000000000001,"Killahy, Kilkenny",9,49,101,78,42,47,30,31,65,35,5,11,503
Carlow-Kilkenny,2ae19629-23b6-13a3-e055-000000000001,"Killamery, Kilkenny",1,19,29,25,12,12,12,10,27,9,0,6,162
Carlow-Kilkenny,2ae19629-23b7-13a3-e055-000000000001,"Kilmacar, Kilkenny",11,19,40,53,24,40,34,22,46,25,2,9,325
Carlow-Kilkenny,2ae19629-23bc-13a3-e055-000000000001,"Kilmaganny, Kilkenny",28,41,80,104,37,29,36,41,55,36,1,14,502
Carlow-Kilkenny,2ae19629-23bd-13a3-e055-000000000001,"Kilmakevoge, Kilkenny",4,12,49,64,30,19,18,24,51,27,4,13,315
Carlow-Kilkenny,2ae19629-23be-13a3-e055-000000000001,"Kilmanagh, Kilkenny",7,34,71,59,32,25,24,30,52,28,1,10,373
Carlow-Kilkenny,2ae19629-23c2-13a3-e055-000000000001,"Kiltorcan, Kilkenny",0,3,14,16,7,13,9,9,19,9,0,5,104
Carlow-Kilkenny,2ae19629-23c3-13a3-e055-000000000001,"Knocktopher, Kilkenny",6,26,71,52,22,29,32,20,42,50,2,5,357
Tipperary North,2ae19629-23c4-13a3-e055-000000000001,"Lisdowney, Kilkenny",5,10,26,34,11,18,9,14,28,18,0,6,179
Carlow-Kilkenny,2ae19629-23c7-13a3-e055-000000000001,"Listerlin, Kilkenny",11,18,40,41,25,28,15,15,37,30,1,9,270
Carlow-Kilkenny,2ae19629-23c8-13a3-e055-000000000001,"Mallardstown, Kilkenny",14,15,21,25,14,16,6,8,26,13,0,2,160
Carlow-Kilkenny,2ae19629-23c9-13a3-e055-000000000001,"Moneenroe, Kilkenny",29,106,186,152,96,80,56,46,100,59,3,20,933
Carlow-Kilkenny,2ae19629-23ca-13a3-e055-000000000001,"Mothell, Kilkenny",14,22,71,65,22,25,19,23,32,24,0,18,335
Carlow-Kilkenny,2ae19629-23ce-13a3-e055-000000000001,"Muckalee, Kilkenny, 097078",1,6,21,23,9,8,10,7,15,11,1,1,113
Carlow-Kilkenny,2ae19629-23cf-13a3-e055-000000000001,"Muckalee, Kilkenny, 097079",5,24,65,58,32,42,29,23,54,42,0,5,379
Carlow-Kilkenny,2ae19629-23d0-13a3-e055-000000000001,"Odagh, Kilkenny",8,12,56,73,19,27,25,24,60,27,4,4,339
Carlow-Kilkenny,2ae19629-23d1-13a3-e055-000000000001,"Outrath, Kilkenny",9,27,87,88,31,50,33,50,83,69,2,21,550
Carlow-Kilkenny,2ae19629-23d6-13a3-e055-000000000001,"Paulstown, Kilkenny",17,31,105,120,40,52,55,57,90,62,2,47,678
Carlow-Kilkenny,2ae19629-23d7-13a3-e055-000000000001,"Pilltown, Kilkenny",32,98,241,243,97,102,79,89,155,90,12,40,1278
Carlow-Kilkenny,2ae19629-23d8-13a3-e055-000000000001,"Pleberstown, Kilkenny",1,9,21,24,7,12,6,5,28,11,4,2,130
Carlow-Kilkenny,2ae19629-23dc-13a3-e055-000000000001,"Pollrone, Kilkenny",25,103,178,217,92,70,61,66,83,55,5,37,992
Carlow-Kilkenny,2ae19629-23dd-13a3-e055-000000000001,"Portnascully, Kilkenny",27,59,153,147,39,63,44,56,76,61,2,54,781
Carlow-Kilkenny,2ae19629-23de-13a3-e055-000000000001,"Powerstown, Kilkenny",11,43,56,60,24,27,19,24,45,27,0,25,361
Carlow-Kilkenny,2ae19629-23e2-13a3-e055-000000000001,"Rathbeagh, Kilkenny",1,10,29,34,12,20,19,13,25,15,0,10,188
Carlow-Kilkenny,2ae19629-23e3-13a3-e055-000000000001,"Rathcoole, Kilkenny",6,28,47,63,17,35,25,37,57,31,2,8,356
Tipperary North,2ae19629-23e4-13a3-e055-000000000001,"Rathealy, Kilkenny",1,14,28,16,12,17,4,12,15,11,1,4,135
Carlow-Kilkenny,2ae19629-23e5-13a3-e055-000000000001,"Rathpatrick, Kilkenny",12,55,148,177,71,80,54,41,78,59,4,42,821
Carlow-Kilkenny,2ae19629-23e9-13a3-e055-000000000001,"Rosbercon Rural, Kilkenny",15,35,61,94,42,34,27,26,40,26,2,45,447
Carlow-Kilkenny,2ae19629-23ea-13a3-e055-000000000001,"Rossinan, Kilkenny",11,27,105,118,33,49,27,37,64,47,6,18,542
Carlow-Kilkenny,2ae19629-23eb-13a3-e055-000000000001,"Scotsborough, Kilkenny",2,6,22,22,11,14,6,9,10,11,2,2,117
Carlow-Kilkenny,2ae19629-23ee-13a3-e055-000000000001,"Shanbogh, Kilkenny",9,27,55,66,25,32,24,25,53,20,1,10,347
Carlow-Kilkenny,2ae19629-23ef-13a3-e055-000000000001,"Shankill, Kilkenny",17,44,95,107,45,46,42,50,82,56,4,16,604
Carlow-Kilkenny,2ae19629-23f3-13a3-e055-000000000001,"St. Canice, Kilkenny",14,12,52,97,20,26,31,45,59,47,9,2,414
Carlow-Kilkenny,2ae19629-23f4-13a3-e055-000000000001,"Stonyford, Kilkenny",9,20,69,83,32,42,29,49,77,58,3,31,502
Carlow-Kilkenny,2ae19629-23f5-13a3-e055-000000000001,"Templeorum, Kilkenny",5,22,52,61,25,23,32,28,41,23,0,12,324
Carlow-Kilkenny,2ae19629-23f9-13a3-e055-000000000001,"The Rower, Kilkenny",10,38,90,102,38,52,33,57,94,42,4,9,569
Carlow-Kilkenny,2ae19629-23fa-13a3-e055-000000000001,"Thomastown, Kilkenny",37,93,217,298,153,112,100,128,185,151,7,63,1544
Carlow-Kilkenny,2ae19629-23fb-13a3-e055-000000000001,"Tiscoffin, Kilkenny",8,23,58,35,19,30,26,20,52,43,4,8,326
Carlow-Kilkenny,2ae19629-23ff-13a3-e055-000000000001,"Tubbrid, Kilkenny",10,23,53,47,30,29,19,21,43,25,4,7,311
Tipperary North,2ae19629-2400-13a3-e055-000000000001,"Tubbridbrittain, Kilkenny",8,20,36,44,19,21,12,14,22,14,1,3,214
Carlow-Kilkenny,2ae19629-2401-13a3-e055-000000000001,"Tullaghanbrogue, Kilkenny",1,18,53,64,25,34,19,20,68,44,3,12,361
Carlow-Kilkenny,2ae19629-2405-13a3-e055-000000000001,"Tullaherin, Kilkenny",3,4,18,33,18,14,8,13,29,18,1,4,163
Carlow-Kilkenny,2ae19629-2406-13a3-e055-000000000001,"Tullahought, Kilkenny",4,9,22,34,17,9,10,14,15,14,1,12,161
Tipperary North,2ae19629-2407-13a3-e055-000000000001,"Tullaroan, Kilkenny",2,15,32,41,8,28,10,24,26,15,1,9,211
Carlow-Kilkenny,2ae19629-240e-13a3-e055-000000000001,"Ullard, Kilkenny",3,19,30,43,21,13,11,17,26,11,0,18,212
Carlow-Kilkenny,2ae19629-240f-13a3-e055-000000000001,"Ullid, Kilkenny",23,60,166,133,63,49,40,58,105,62,3,7,769
Tipperary North,2ae19629-2410-13a3-e055-000000000001,"Urlingford, Kilkenny",38,99,187,163,88,61,45,52,62,26,1,86,908
Carlow-Kilkenny,2ae19629-2411-13a3-e055-000000000001,"Whitechurch, Kilkenny",10,27,55,58,22,26,22,23,43,24,1,6,317
Carlow-Kilkenny,2ae19629-23b4-13a3-e055-000000000001,"Woolengrange, Kilkenny",3,18,32,39,19,21,10,26,39,37,2,3,249
Laois,2ae19629-16a8-13a3-e055-000000000001,"Abbeyleix, Laois",58,173,301,405,180,120,115,168,275,166,11,74,2046
Laois,2ae19629-16a9-13a3-e055-000000000001,"Aghmacart, Laois",2,21,36,44,14,25,11,18,32,22,0,11,236
Laois,2ae19629-16aa-13a3-e055-000000000001,"Arderin, Laois",2,26,36,32,15,10,10,16,14,14,1,0,176
Laois,2ae19629-16ab-13a3-e055-000000000001,"Ardough, Laois",5,25,44,48,23,27,18,23,29,18,1,2,263
Laois,2ae19629-16ac-13a3-e055-000000000001,"Arless, Laois",6,14,39,48,21,16,13,23,27,25,2,25,259
Laois,2ae19629-16ad-13a3-e055-000000000001,"Ballickmoyler, Laois",16,39,92,85,34,38,48,41,89,53,1,31,567
Laois,2ae19629-16ae-13a3-e055-000000000001,"Ballinakill, Laois",13,53,101,118,47,44,20,38,72,50,1,16,573
Laois,2ae19629-16a1-13a3-e055-000000000001,"Ballyadams, Laois",10,21,33,42,23,22,23,26,38,32,1,4,275
Laois,2ae19629-16a2-13a3-e055-000000000001,"Ballybrittas, Laois",21,39,112,153,62,81,70,99,163,163,4,33,1000
Laois,2ae19629-16a3-13a3-e055-000000000001,"Ballybrophy, Laois",6,8,15,40,12,14,9,12,18,10,0,6,150
Laois,2ae19629-16a4-13a3-e055-000000000001,"Ballycarroll, Laois",7,30,38,57,21,22,13,11,33,26,0,3,261
Laois,2ae19629-16a5-13a3-e055-000000000001,"Ballyfin, Laois",5,48,66,78,31,35,31,38,66,55,5,7,465
Laois,2ae19629-16a6-13a3-e055-000000000001,"Ballylehane, Laois",5,10,25,27,6,6,9,14,17,14,0,9,142
Laois,2ae19629-16a7-13a3-e055-000000000001,"Ballylynan, Laois",21,74,173,220,90,76,53,69,108,55,4,26,969
Laois,2ae19629-16af-13a3-e055-000000000001,"Ballyroan, Laois",10,53,110,167,59,62,41,54,89,59,7,33,744
Laois,2ae19629-16b0-13a3-e055-000000000001,"Barrowhouse, Laois",10,22,54,80,32,36,17,31,38,22,2,6,350
Laois,2ae19629-16b1-13a3-e055-000000000001,"Blandsfort, Laois",1,27,36,45,17,15,17,25,30,13,0,3,229
Laois,2ae19629-16b2-13a3-e055-000000000001,"Borris, Laois",21,43,128,214,110,77,70,82,109,66,2,97,1019
Laois,2ae19629-16ba-13a3-e055-000000000001,"Borris-In-Ossory, Laois",10,68,127,167,48,36,36,35,58,38,2,26,651
Laois,2ae19629-16bc-13a3-e055-000000000001,"Caher, Laois",0,10,12,15,7,6,6,5,6,6,0,0,73
Laois,60df415c-3e8d-4147-9d5f-2524194c8d6c,"Capard/Brisha, Laois",8,29,25,48,17,20,10,18,22,19,1,5,222
Laois,2ae19629-16be-13a3-e055-000000000001,"Cappalough, Laois",6,23,27,50,13,21,12,15,44,21,0,9,241
Laois,2ae19629-16bf-13a3-e055-000000000001,"Cardtown, Laois",5,10,26,30,11,8,12,5,4,3,1,8,123
Laois,2ae19629-16c0-13a3-e055-000000000001,"Castlecuffe, Laois",6,32,53,52,26,22,19,21,25,19,0,4,279
Laois,2ae19629-16c1-13a3-e055-000000000001,"Castletown, Laois",25,40,86,110,39,27,34,46,62,36,3,10,518
Laois,2ae19629-16c2-13a3-e055-000000000001,"Clash, Laois",8,24,25,54,20,20,13,23,30,13,0,6,236
Laois,2ae19629-16c3-13a3-e055-000000000001,"Clonaslee, Laois",26,75,143,107,56,51,30,42,54,33,1,29,647
Laois,2ae19629-16c4-13a3-e055-000000000001,"Clondarrig, Laois",30,59,139,290,164,103,119,113,203,144,4,76,1444
Laois,2ae19629-16c5-13a3-e055-000000000001,"Clonin, Laois",5,16,25,39,19,19,10,8,28,3,0,3,175
Laois,2ae19629-16c6-13a3-e055-000000000001,"Clonkeen, Laois",13,28,91,87,40,34,30,38,74,33,2,5,475
Laois,2ae19629-16c7-13a3-e055-000000000001,"Clonmore, Laois",6,19,26,24,9,21,11,7,15,11,3,4,156
Laois,2ae19629-16c8-13a3-e055-000000000001,"Colt, Laois",2,21,20,49,11,6,6,3,15,6,0,1,140
Laois,2ae19629-16c9-13a3-e055-000000000001,"Coolrain, Laois",5,28,40,48,11,22,14,8,21,19,1,2,219
Laois,2ae19629-16ca-13a3-e055-000000000001,"Cuffsborough, Laois",6,18,26,55,16,17,18,19,31,21,1,5,233
Laois,2ae19629-16b3-13a3-e055-000000000001,"Cullahill, Laois",9,25,32,48,15,21,7,25,34,20,1,1,238
Laois,2ae19629-16b4-13a3-e055-000000000001,"Cullenagh, Laois",1,8,17,21,5,7,2,4,16,12,3,2,98
Laois,2ae19629-16b5-13a3-e055-000000000001,"Curraclone, Laois",2,17,32,28,15,16,12,12,30,15,2,1,182
Laois,2ae19629-16b6-13a3-e055-000000000001,"Dangans, Laois",37,55,151,212,76,66,35,50,59,38,2,42,823
Laois,2ae19629-16b7-13a3-e055-000000000001,"Donaghmore, Laois",8,14,31,42,21,9,13,20,19,6,0,5,188
Laois,2ae19629-16b8-13a3-e055-000000000001,"Donore, Laois",7,37,62,67,30,28,13,28,40,17,1,8,338
Laois,2ae19629-16b9-13a3-e055-000000000001,"Doonane, Laois",22,61,123,91,44,35,31,38,57,21,3,7,533
Laois,2ae19629-16d1-13a3-e055-000000000001,"Dunmore, Laois",3,21,24,30,14,14,16,12,29,19,1,7,190
Laois,2ae19629-16d2-13a3-e055-000000000001,"Durrow, Laois",11,71,141,200,81,66,67,70,85,62,3,75,932
Laois,2ae19629-16d3-13a3-e055-000000000001,"Dysartgallen, Laois",1,17,24,33,10,15,9,14,37,15,0,7,182
Laois,2ae19629-16d4-13a3-e055-000000000001,"Emo, Laois",21,65,113,163,77,69,55,67,96,87,4,52,869
Laois,2ae19629-16d5-13a3-e055-000000000001,"Errill, Laois",9,33,48,73,21,21,16,20,28,9,1,3,282
Laois,2ae19629-16d6-13a3-e055-000000000001,"Farnans, Laois",4,18,25,29,8,7,6,14,11,11,0,3,136
Laois,2ae19629-16d7-13a3-e055-000000000001,"Fossy, Laois",1,11,19,27,11,9,6,6,14,14,0,2,120
Laois,2ae19629-16d8-13a3-e055-000000000001,"Garrymore, Laois",4,9,23,29,11,17,9,22,13,10,1,5,153
Laois,2ae19629-16da-13a3-e055-000000000001,"Graigue Rural, Laois",66,141,442,622,331,264,217,217,382,245,21,257,3205
Laois,2ae19629-16d9-13a3-e055-000000000001,"Graigue, Laois",4,19,36,42,10,10,9,17,13,17,1,4,182
Laois,2ae19629-16db-13a3-e055-000000000001,"Grantstown, Laois",5,14,33,60,25,21,19,30,27,21,0,2,257
Laois,2ae19629-16dc-13a3-e055-000000000001,"Jamestown, Laois",3,21,50,42,39,28,20,40,46,39,5,17,350
Laois,2ae19629-16dd-13a3-e055-000000000001,"Kilcoke, Laois",2,9,20,20,12,9,4,7,16,8,1,0,108
Laois,2ae19629-16de-13a3-e055-000000000001,"Kilcolmanbane, Laois",9,28,78,80,33,41,21,34,47,43,2,7,423
Laois,2ae19629-16df-13a3-e055-000000000001,"Kildellig, Laois",2,15,25,46,22,22,12,9,27,9,0,11,200
Laois,2ae19629-16cb-13a3-e055-000000000001,"Killabban, Laois",2,26,48,63,20,31,20,23,34,25,2,11,305
Laois,2ae19629-16cc-13a3-e055-000000000001,"Killermogh, Laois",6,31,49,56,17,11,12,20,33,18,0,11,264
Laois,2ae19629-16cd-13a3-e055-000000000001,"Kilmullen, Laois",5,25,46,85,29,35,26,37,60,52,0,14,414
Laois,2ae19629-16ce-13a3-e055-000000000001,"Kilmurry, Laois",4,10,31,40,14,7,19,14,33,24,1,2,199
Laois,2ae19629-16cf-13a3-e055-000000000001,"Kilnaseer, Laois",7,32,31,33,19,16,17,16,26,17,3,2,219
Laois,2ae19629-16e0-13a3-e055-000000000001,"Kyle South, Laois",9,18,40,40,18,11,9,13,32,15,1,7,213
Laois,2ae19629-16d0-13a3-e055-000000000001,"Kyle, Laois",0,18,30,41,13,16,12,10,13,14,1,6,174
Laois,2ae19629-16e1-13a3-e055-000000000001,"Lacka, Laois",10,27,35,57,16,19,11,11,16,12,3,2,219
Laois,2ae19629-16e2-13a3-e055-000000000001,"Luggacurren, Laois",8,23,35,61,14,16,10,18,27,9,1,4,226
Laois,2ae19629-16e9-13a3-e055-000000000001,"Marymount, Laois",3,7,14,20,9,5,6,5,13,13,1,0,96
Laois,2ae19629-16ea-13a3-e055-000000000001,"Meelick, Laois",4,31,43,55,25,20,19,24,21,17,1,13,273
Laois,2ae19629-16eb-13a3-e055-000000000001,"Moneenalassa, Laois",1,18,15,20,8,8,5,12,12,5,1,0,105
Laois,2ae19629-16ec-13a3-e055-000000000001,"Moneymore, Laois",2,6,20,26,7,9,5,6,9,9,1,0,100
Laois,2ae19629-16ed-13a3-e055-000000000001,"Mountmellick Rural, Laois",19,71,127,167,74,63,46,68,89,62,3,17,806
Laois,2ae19629-16ee-13a3-e055-000000000001,"Mountmellick Urban, Laois",80,229,414,522,178,124,111,119,174,98,7,103,2159
Laois,2ae19629-16ef-13a3-e055-000000000001,"Mountrath, Laois",68,187,259,373,150,111,92,97,133,95,5,135,1705
Laois,2ae19629-16f0-13a3-e055-000000000001,"Moyanna, Laois",6,24,28,46,18,17,17,21,46,24,0,9,256
Laois,2ae19629-16f1-13a3-e055-000000000001,"Nealstown, Laois",2,10,18,14,4,5,2,3,7,2,1,0,68
Laois,2ae19629-16f2-13a3-e055-000000000001,"Newtown, Laois",4,24,46,34,29,14,19,16,12,18,1,11,228
Laois,2ae19629-16f3-13a3-e055-000000000001,"O'moresforest, Laois",6,32,55,66,25,18,17,38,47,26,1,5,336
Laois,2ae19629-16f4-13a3-e055-000000000001,"Portarlington South, Laois",140,313,716,1003,468,284,314,327,500,326,16,301,4708
Laois,2ae19629-16f5-13a3-e055-000000000001,"Portlaoighise Rural, Laois",264,544,1366,2164,906,551,574,826,1190,880,56,1077,10398
Laois,2ae19629-16f6-13a3-e055-000000000001,"Portlaoighise Urban, Laois",78,218,353,567,261,133,114,161,247,173,11,218,2534
Laois,2ae19629-16f7-13a3-e055-000000000001,"Raheen, Laois",2,25,46,69,27,21,26,21,35,29,0,8,309
Laois,2ae19629-16f8-13a3-e055-000000000001,"Rathaspick, Laois",4,17,30,39,11,20,5,15,36,8,3,0,188
Laois,2ae19629-16f9-13a3-e055-000000000001,"Rathdowney, Laois",36,99,187,246,82,46,45,39,66,37,2,32,917
Laois,2ae19629-16e3-13a3-e055-000000000001,"Rathsaran, Laois",5,40,58,119,25,35,20,27,50,16,1,8,404
Laois,2ae19629-16e4-13a3-e055-000000000001,"Rearymore, Laois",4,20,44,35,16,15,17,20,20,7,0,10,208
Laois,2ae19629-16e5-13a3-e055-000000000001,"Rosenallis, Laois",18,28,49,56,24,20,25,22,27,13,5,4,291
Laois,2ae19629-16e6-13a3-e055-000000000001,"Rossmore, Laois",5,24,37,43,15,27,23,25,59,42,5,10,315
Laois,2ae19629-16e7-13a3-e055-000000000001,"Sallyford, Laois",3,31,67,83,28,34,28,33,45,34,2,15,403
Laois,2ae19629-16e8-13a3-e055-000000000001,"Shaen, Laois",13,60,112,140,53,50,41,44,79,62,3,10,667
Laois,2ae19629-16ff-13a3-e055-000000000001,"Shrule, Laois",3,19,42,29,18,6,15,20,23,22,1,12,210
Laois,2ae19629-1700-13a3-e055-000000000001,"Stradbally, Laois",62,138,252,322,99,58,72,68,117,84,3,70,1345
Laois,2ae19629-1701-13a3-e055-000000000001,"Tankardstown, Laois",7,17,46,49,12,15,17,18,28,20,3,11,243
Laois,2ae19629-1702-13a3-e055-000000000001,"Timahoe, Laois",17,22,67,93,34,29,26,41,59,25,1,6,420
Laois,2ae19629-1703-13a3-e055-000000000001,"Timogue, Laois",3,28,40,46,16,17,15,17,35,23,1,4,245
Laois,2ae19629-1704-13a3-e055-000000000001,"Tinnahinch, Laois",3,14,22,22,11,10,4,10,10,11,0,7,124
Laois,2ae19629-1705-13a3-e055-000000000001,"Trumra, Laois",3,23,24,36,21,16,7,18,16,14,0,2,180
Laois,2ae19629-1706-13a3-e055-000000000001,"Turra, Laois",8,13,49,46,27,28,18,24,31,17,2,7,270
Laois,2ae19629-1707-13a3-e055-000000000001,"Vicarstown, Laois",9,13,26,22,11,12,4,13,13,14,0,3,140
Longford-Westmeath,2ae19629-1804-13a3-e055-000000000001,"Abbeylara, Longford",9,18,25,35,23,23,16,13,25,21,0,33,241
Longford-Westmeath,2ae19629-1805-13a3-e055-000000000001,"Aghaboy, Longford",19,42,84,98,35,34,29,22,43,31,2,17,456
Longford-Westmeath,2ae19629-1806-13a3-e055-000000000001,"Agharra, Longford",12,28,35,43,22,27,18,24,49,31,3,26,318
Longford-Westmeath,2ae19629-1807-13a3-e055-000000000001,"Ardagh East, Longford",17,45,79,80,33,32,27,42,54,48,2,42,501
Longford-Westmeath,2ae19629-1808-13a3-e055-000000000001,"Ardagh West, Longford",6,17,52,58,25,32,20,26,47,33,2,28,346
Longford-Westmeath,2ae19629-1809-13a3-e055-000000000001,"Ballinalee, Longford",10,44,68,86,36,26,22,42,42,30,1,38,445
Longford-Westmeath,2ae19629-180a-13a3-e055-000000000001,"Ballinamuck East, Longford",11,40,76,79,31,23,27,25,38,30,0,20,400
Longford-Westmeath,2ae19629-180b-13a3-e055-000000000001,"Ballinamuck West, Longford",14,35,76,72,32,23,19,22,25,17,0,34,369
Longford-Westmeath,2ae19629-180c-13a3-e055-000000000001,"Ballymahon, Longford",72,189,271,323,179,85,91,127,155,106,6,269,1873
Longford-Westmeath,2ae19629-180d-13a3-e055-000000000001,"Ballymuigh, Longford",16,31,21,28,12,5,13,12,9,8,3,12,170
Longford-Westmeath,2ae19629-180e-13a3-e055-000000000001,"Breanrisk, Longford",18,49,111,126,51,41,34,50,57,31,3,22,593
Longford-Westmeath,2ae19629-180f-13a3-e055-000000000001,"Bunlahy, Longford",2,15,24,31,10,9,10,9,14,8,0,10,142
Longford-Westmeath,2ae19629-1810-13a3-e055-000000000001,"Caldragh, Longford",49,103,212,314,131,98,136,162,221,172,16,66,1680
Longford-Westmeath,2ae19629-17ee-13a3-e055-000000000001,"Cashel East, Longford",11,24,33,46,12,8,10,17,13,12,0,12,198
Longford-Westmeath,2ae19629-17ef-13a3-e055-000000000001,"Cashel West, Longford",16,45,52,85,33,28,36,30,47,49,3,24,448
Longford-Westmeath,2ae19629-17f0-13a3-e055-000000000001,"Cloondara, Longford",8,38,77,115,50,32,29,33,45,35,1,32,495
Longford-Westmeath,2ae19629-17f1-13a3-e055-000000000001,"Cloonee, Longford",14,29,77,103,40,30,43,39,79,29,3,36,522
Longford-Westmeath,2ae19629-17f2-13a3-e055-000000000001,"Columbkille, Longford",18,62,80,70,32,22,27,40,34,21,1,17,424
Longford-Westmeath,2ae19629-17f3-13a3-e055-000000000001,"Coolamber, Longford",10,27,30,52,21,19,18,26,31,16,0,4,254
Longford-Westmeath,2ae19629-18dd-13a3-e055-000000000001,"Corboy, Longford",11,30,36,52,26,16,19,27,38,29,1,25,310
Longford-Westmeath,2ae19629-18de-13a3-e055-000000000001,"Creevy, Longford",4,24,38,45,19,15,17,18,30,19,1,4,234
Longford-Westmeath,2ae19629-18df-13a3-e055-000000000001,"Crosagstown, Longford",3,18,30,33,21,16,11,8,21,16,1,5,183
Longford-Westmeath,2ae19629-18e0-13a3-e055-000000000001,"Currygrane, Longford",6,7,15,22,12,6,4,4,15,4,1,3,99
Longford-Westmeath,2ae19629-18ea-13a3-e055-000000000001,"Dalystown, Longford",4,16,16,32,12,6,9,5,9,8,1,7,125
Longford-Westmeath,2ae19629-18eb-13a3-e055-000000000001,"Doory, Longford",10,32,45,61,26,22,24,21,38,16,2,7,304
Longford-Westmeath,2ae19629-18ec-13a3-e055-000000000001,"Drumgort, Longford",11,36,62,58,27,22,17,20,24,27,0,18,322
Longford-Westmeath,2ae19629-18f5-13a3-e055-000000000001,"Drumlish, Longford",25,76,170,242,109,90,67,56,97,65,3,58,1058
Longford-Westmeath,2ae19629-18f6-13a3-e055-000000000001,"Drummeel, Longford",6,13,13,20,9,3,7,4,10,3,0,5,93
Longford-Westmeath,51c9d4b9-75dd-4621-9ef7-f06ff3f5e11d,"Firry/Newgrove, Longford",12,12,24,23,15,10,6,8,10,8,1,11,140
Longford-Westmeath,2ae19629-1900-13a3-e055-000000000001,"Forgney, Longford",12,31,61,109,50,74,59,93,187,171,21,1214,2082
Longford-Westmeath,2ae19629-1901-13a3-e055-000000000001,"Foxhall, Longford",24,64,91,89,27,14,24,19,28,22,1,13,416
Longford-Westmeath,2ae19629-1902-13a3-e055-000000000001,"Gelshagh, Longford",13,20,42,46,20,17,20,17,29,18,1,4,247
Longford-Westmeath,2ae19629-1903-13a3-e055-000000000001,"Granard Rural, Longford",6,15,31,44,14,22,7,18,22,19,0,9,207
Longford-Westmeath,2ae19629-1904-13a3-e055-000000000001,"Granard Urban, Longford",44,96,101,143,76,36,37,37,34,23,2,152,781
Longford-Westmeath,2ae19629-190f-13a3-e055-000000000001,"Kilcommock, Longford",23,42,134,150,55,57,51,67,69,42,4,28,722
Longford-Westmeath,2ae19629-1910-13a3-e055-000000000001,"Kilglass, Longford",18,49,73,94,48,34,35,35,56,40,1,36,519
Longford-Westmeath,2ae19629-1911-13a3-e055-000000000001,"Killashee, Longford",11,29,44,44,36,20,19,16,32,21,2,45,319
Longford-Westmeath,2ae19629-1918-13a3-e055-000000000001,"Killoe, Longford",7,26,37,41,15,11,11,16,21,17,0,12,214
Longford-Westmeath,2ae19629-1919-13a3-e055-000000000001,"Knockanbaun, Longford",4,9,13,22,7,10,9,10,15,7,0,9,115
Longford-Westmeath,2ae19629-191a-13a3-e055-000000000001,"Ledwithstown, Longford",11,22,39,49,28,17,15,21,24,26,1,12,265
Longford-Westmeath,2ae19629-191b-13a3-e055-000000000001,"Lislea, Longford",12,10,19,24,8,8,3,3,6,1,1,4,99
Longford-Westmeath,2ae19629-1925-13a3-e055-000000000001,"Longford No. 1 Urban, Longford",161,309,372,422,279,94,94,105,108,73,7,362,2386
Longford-Westmeath,2ae19629-1926-13a3-e055-000000000001,"Longford No. 2 Urban, Longford",23,50,57,132,79,47,50,50,122,79,10,48,747
Longford-Westmeath,2ae19629-1927-13a3-e055-000000000001,"Longford Rural, Longford",128,333,497,710,366,145,208,227,269,169,16,394,3462
Longford-Westmeath,2ae19629-18f7-13a3-e055-000000000001,"Meathas Truim, Longford",47,152,227,302,151,65,83,101,93,59,6,210,1496
Longford-Westmeath,2ae19629-1928-13a3-e055-000000000001,"Milltown, Longford",6,25,41,43,16,17,15,21,23,14,0,16,237
Longford-Westmeath,2ae19629-1929-13a3-e055-000000000001,"Moatfarrell, Longford",4,13,13,30,15,14,7,12,12,12,0,9,141
Longford-Westmeath,2ae19629-1931-13a3-e055-000000000001,"Mountdavis, Longford",0,15,19,39,6,16,7,15,23,15,0,13,168
Longford-Westmeath,2ae19629-1932-13a3-e055-000000000001,"Moydow, Longford",17,31,88,114,51,32,31,34,64,37,2,8,509
Longford-Westmeath,2ae19629-1933-13a3-e055-000000000001,"Moyne, Longford",10,28,30,42,29,15,9,14,29,12,0,9,227
Longford-Westmeath,2ae19629-1940-13a3-e055-000000000001,"Mullanalaghta, Longford",7,29,35,42,16,10,16,13,38,11,0,6,223
Longford-Westmeath,2ae19629-1942-13a3-e055-000000000001,"Newtown Forbes, Longford",22,59,107,145,61,40,46,48,54,36,2,66,686
Longford-Westmeath,2ae19629-1943-13a3-e055-000000000001,"Rathcline, Longford",36,59,188,226,110,76,83,84,113,81,3,67,1126
Longford-Westmeath,2ae19629-194d-13a3-e055-000000000001,"Sonnagh, Longford",6,25,40,35,15,11,13,10,18,6,0,14,193
Louth,2ae19629-194e-13a3-e055-000000000001,"Ardee Rural, Louth",76,167,350,368,149,161,120,153,245,179,12,54,2034
Louth,2ae19629-194f-13a3-e055-000000000001,"Ardee Urban, Louth",160,343,606,692,309,186,192,225,343,168,19,310,3553
Louth,2ae19629-1950-13a3-e055-000000000001,"Ballymascanlan, Louth",45,92,233,287,139,109,93,140,217,164,7,60,1586
Louth,2ae19629-195c-13a3-e055-000000000001,"Barronstown, Louth",15,49,88,69,46,45,19,53,69,41,0,21,515
Louth,2ae19629-195d-13a3-e055-000000000001,"Carlingford, Louth",27,78,196,279,126,83,89,135,172,153,20,124,1482
Louth,2ae19629-195e-13a3-e055-000000000001,"Castlebellingham, Louth",54,151,241,207,113,68,58,108,140,106,6,100,1352
Louth,2ae19629-1968-13a3-e055-000000000001,"Castlering, Louth",10,52,114,139,62,51,37,67,98,71,5,26,732
Louth,21a09083-a130-47d2-8690-23338d5ecf18,"Castletown (North), Louth",117,246,439,462,172,92,101,138,175,89,10,197,2238
Louth,feb68bba-797f-474c-9db5-429e7a70c68c,"Castletown (South), Louth",18,58,78,107,40,49,50,50,89,58,4,15,616
Louth,2ae19629-1972-13a3-e055-000000000001,"Clogher, Louth",66,139,322,441,179,197,156,144,269,185,19,57,2174
Louth,2ae19629-1973-13a3-e055-000000000001,"Clonkeen, Louth",15,49,70,77,37,35,30,29,64,42,4,12,464
Louth,2ae19629-197d-13a3-e055-000000000001,"Collon, Louth",26,106,159,248,83,75,76,99,170,99,6,34,1181
Louth,2ae19629-197e-13a3-e055-000000000001,"Creggan Upper, Louth",25,51,140,90,48,36,20,41,61,30,1,16,559
Louth,2ae19629-18c7-13a3-e055-000000000001,"Darver, Louth",13,26,77,66,39,27,22,32,75,42,2,13,434
Louth,2ae19629-18c9-13a3-e055-000000000001,"Dromin, Louth",17,32,77,69,38,33,25,41,57,44,3,17,453
Louth,2ae19629-18d6-13a3-e055-000000000001,"Dromiskin, Louth",55,105,263,280,118,92,103,157,207,139,16,39,1574
Louth,2ae19629-18d7-13a3-e055-000000000001,"Drumcar, Louth",47,87,151,149,64,80,65,81,93,99,6,39,961
Louth,2ae19629-18e1-13a3-e055-000000000001,"Drummullagh, Louth",54,54,147,174,84,57,55,65,110,83,7,107,997
Louth,2ae19629-1936-13a3-e055-000000000001,"Dundalk No. 1 Urban, Louth",94,242,302,285,120,68,58,92,146,76,8,192,1683
Louth,2ae19629-1937-13a3-e055-000000000001,"Dundalk No. 2 Urban, Louth",36,131,148,124,47,25,28,54,65,26,2,181,867
Louth,2ae19629-18e3-13a3-e055-000000000001,"Dundalk No. 3 Urban, Louth",28,96,140,208,74,64,55,101,174,113,10,112,1175
Louth,2ae19629-1938-13a3-e055-000000000001,"Dundalk No. 4 Urban, Louth",125,388,730,978,350,209,250,361,503,301,17,285,4497
Louth,f0b72184-af6a-4a08-9f38-8033428dfcf7,"Dundalk Rural (North), Louth",191,459,689,802,318,173,194,250,390,261,18,440,4185
Louth,f26b950c-de46-4c46-b4be-21b2c886958f,"Dundalk Rural (South), Louth",255,670,1279,1629,711,421,501,685,1005,642,48,539,8385
Louth,2ae19629-18e4-13a3-e055-000000000001,"Dunleer, Louth",76,204,358,401,173,150,116,159,238,136,7,57,2075
Louth,2ae19629-18ed-13a3-e055-000000000001,"Dysart, Louth",19,39,110,118,49,46,45,73,82,69,5,16,671
Louth,2ae19629-18c8-13a3-e055-000000000001,"Fair Gate, Louth",252,941,1072,1291,650,369,367,543,661,431,32,920,7529
Louth,2ae19629-18ee-13a3-e055-000000000001,"Faughart, Louth",25,66,140,143,54,49,29,37,88,50,2,69,752
Louth,2ae19629-18ef-13a3-e055-000000000001,"Greenore, Louth",26,64,153,134,65,58,47,75,102,64,7,18,813
Louth,2ae19629-18f9-13a3-e055-000000000001,"Haggardstown, Louth",104,277,584,995,388,265,390,596,1100,872,65,274,5910
Louth,2ae19629-18fa-13a3-e055-000000000001,"Jenkinstown, Louth",19,33,137,152,69,59,59,87,100,92,4,33,844
Louth,2ae19629-1905-13a3-e055-000000000001,"Killanny, Louth",20,66,95,69,47,43,39,54,72,34,5,40,584
Louth,2ae19629-1906-13a3-e055-000000000001,"Louth, Louth",39,82,199,171,89,71,68,80,138,89,7,40,1073
Louth,2ae19629-1907-13a3-e055-000000000001,"Mansfieldstown, Louth",11,49,88,102,49,38,28,40,74,60,2,11,552
Louth,2ae19629-1912-13a3-e055-000000000001,"Monasterboice, Louth",24,65,145,173,71,67,62,93,131,127,7,14,979
Louth,2ae19629-1913-13a3-e055-000000000001,"Mullary, Louth",25,71,180,226,77,90,70,97,160,144,13,18,1171
Louth,2ae19629-191c-13a3-e055-000000000001,"Rathcor, Louth",25,65,208,198,77,81,46,72,121,62,6,31,992
Louth,2ae19629-191d-13a3-e055-000000000001,"Ravensdale, Louth",21,53,95,133,50,46,47,64,97,80,12,40,738
Louth,2ae19629-1935-13a3-e055-000000000001,"St. Lawrence Gate, Louth",89,288,382,531,254,140,134,226,317,259,30,197,2847
Louth,2ae19629-1939-13a3-e055-000000000001,"St. Mary's (Part), Louth",113,233,566,870,347,236,265,352,500,395,32,237,4146
Louth,2ae19629-192a-13a3-e055-000000000001,"St. Peter's, Louth",149,443,911,1255,639,418,380,557,748,485,28,307,6320
Louth,2ae19629-192b-13a3-e055-000000000001,"Stabannan, Louth",11,35,64,76,34,28,30,42,53,51,2,11,437
Louth,2ae19629-192c-13a3-e055-000000000001,"Tallanstown, Louth",42,100,134,132,43,45,43,40,71,46,3,23,722
Louth,2ae19629-1934-13a3-e055-000000000001,"Termonfeckin, Louth",60,170,317,461,193,172,176,243,355,308,28,76,2559
Louth,2ae19629-191e-13a3-e055-000000000001,"West Gate, Louth",221,658,722,825,371,218,226,259,345,231,18,385,4479
Meath East,2ae19629-1819-13a3-e055-000000000001,"Ardagh, Meath",18,52,95,91,24,39,31,33,44,19,3,28,477
Meath West,2ae19629-181a-13a3-e055-000000000001,"Ardbraccan, Meath",37,128,246,312,110,121,83,128,200,141,4,39,1549
Meath East,2ae19629-1824-13a3-e055-000000000001,"Ardcath, Meath",43,141,264,301,92,117,92,98,145,107,8,62,1470
Meath East,2ae19629-1825-13a3-e055-000000000001,"Ardmulchan, Meath",17,48,108,152,69,47,36,58,97,89,6,29,756
Meath West,2ae19629-182f-13a3-e055-000000000001,"Ardnamullan, Meath",21,73,98,122,34,41,35,36,68,44,2,39,613
Meath West,2ae19629-1830-13a3-e055-000000000001,"Baile Átha Buí, An Mhí",54,121,288,406,161,119,100,141,181,136,9,89,1805
Meath West,2ae19629-1831-13a3-e055-000000000001,"Ballinlough, Meath",0,9,25,33,8,8,12,8,15,10,0,2,130
Meath West,2ae19629-183a-13a3-e055-000000000001,"Ballyboggan, Meath",13,39,64,61,30,27,22,24,24,25,3,69,401
Meath West,2ae19629-183b-13a3-e055-000000000001,"Ballyconnell, Meath",14,37,97,79,51,48,35,42,77,46,6,29,561
Meath West,2ae19629-183c-13a3-e055-000000000001,"Balrathboyne, Meath",9,29,74,95,23,34,22,27,46,37,3,15,414
Meath West,2ae19629-183d-13a3-e055-000000000001,"Bective, Meath",16,52,119,147,58,49,43,70,96,94,8,43,795
Meath West,2ae19629-1847-13a3-e055-000000000001,"Boherboy, Meath",3,16,40,60,22,19,11,16,24,13,0,4,228
Meath West,2ae19629-1848-13a3-e055-000000000001,"Burry, Meath",4,14,34,39,21,10,14,16,23,15,1,4,195
Meath East,2ae19629-1849-13a3-e055-000000000001,"Carrickleck, Meath",13,36,70,60,29,26,13,24,27,18,0,8,324
Meath West,2ae19629-184a-13a3-e055-000000000001,"Castlejordan, Meath",10,41,54,56,31,29,12,17,21,20,0,12,303
Meath West,2ae19629-1852-13a3-e055-000000000001,"Castlekeeran, Meath",9,24,50,77,28,27,23,27,34,23,1,8,331
Meath West,2ae19629-1853-13a3-e055-000000000001,"Castlerickard, Meath",19,79,204,286,113,104,94,139,146,104,13,62,1363
Meath East,2ae19629-1854-13a3-e055-000000000001,"Castletown, Meath",24,62,133,145,50,53,42,53,63,44,4,18,691
Meath East,2ae19629-18be-13a3-e055-000000000001,"Ceanannas Mór Rural, Meath",71,233,487,691,285,185,202,241,345,262,24,159,3185
Meath East,2ae19629-18bf-13a3-e055-000000000001,"Ceanannas Mór Urban, Meath",63,162,281,355,141,50,66,84,97,94,7,90,1490
Meath West,2ae19629-185f-13a3-e055-000000000001,"Cloghbrack, Meath",7,40,68,77,32,35,13,17,45,28,2,12,376
Meath West,2ae19629-1860-13a3-e055-000000000001,"Clonmacduff, Meath",11,21,67,77,28,25,17,23,38,34,2,6,349
Meath West,2ae19629-1861-13a3-e055-000000000001,"Crossakeel, Meath",16,17,53,70,39,18,27,38,42,30,1,25,376
Meath West,2ae19629-186b-13a3-e055-000000000001,"Crosskeys, Meath",5,26,41,39,26,20,10,18,24,15,0,12,236
Meath East,2ae19629-186c-13a3-e055-000000000001,"Cruicetown, Meath",8,26,51,51,17,32,21,21,40,13,0,9,289
Meath East,2ae19629-186d-13a3-e055-000000000001,"Culmullin, Meath",14,34,94,152,60,63,46,75,141,115,11,28,833
Meath East,2ae19629-186e-13a3-e055-000000000001,"Donaghmore, Meath",125,435,983,1734,719,558,577,814,1276,912,67,319,8519
Meath East,2ae19629-1878-13a3-e055-000000000001,"Domhnach Phádraig, An Mhí",27,87,217,256,106,92,86,94,165,127,11,22,1290
Meath East,2ae19629-1879-13a3-e055-000000000001,"Drumcondra, Meath",47,94,176,159,66,86,50,68,105,53,5,48,957
Meath East,2ae19629-1882-13a3-e055-000000000001,"Duleek, Meath",102,361,667,852,307,256,226,230,313,226,16,260,3816
Meath East,2ae19629-1883-13a3-e055-000000000001,"Dunboyne, Meath",109,302,717,1218,474,381,458,691,1064,939,66,335,6754
Meath East,2ae19629-188f-13a3-e055-000000000001,"Dunshaughlin, Meath",79,219,530,914,382,316,362,583,971,839,60,199,5454
Meath West,2ae19629-1890-13a3-e055-000000000001,"Gallow, Meath",14,56,107,126,52,63,50,63,90,80,4,16,721
Meath West,2ae19629-189c-13a3-e055-000000000001,"Galtrim, Meath",11,29,73,97,26,44,26,56,66,63,9,7,507
Meath West,2ae19629-189d-13a3-e055-000000000001,"Girley, Meath",5,20,51,67,16,27,22,23,37,16,2,6,292
Meath East,2ae19629-18a6-13a3-e055-000000000001,"Grangegeeth, Meath",13,54,87,90,31,42,26,37,34,37,5,10,466
Meath West,2ae19629-18a7-13a3-e055-000000000001,"Grennanstown, Meath",24,59,136,178,72,69,46,69,108,71,1,25,858
Meath West,2ae19629-18b2-13a3-e055-000000000001,"Hill Of Down, Meath",13,46,63,80,23,37,23,18,37,33,2,19,394
Meath West,2ae19629-18b3-13a3-e055-000000000001,"Innfield, Meath",53,174,328,549,266,226,207,270,405,330,20,107,2935
Meath East,2ae19629-18bd-13a3-e055-000000000001,"Julianstown, Meath",148,468,871,1381,588,452,484,663,890,753,73,334,7105
Meath East,2ae19629-1811-13a3-e055-000000000001,"Kentstown, Meath",38,112,187,317,111,112,82,110,173,120,7,62,1431
Meath East,2ae19629-1812-13a3-e055-000000000001,"Kilbrew, Meath",40,103,246,468,226,184,158,238,331,234,20,125,2373
Meath West,2ae19629-1813-13a3-e055-000000000001,"Cill Bhríde, An Mhí",6,20,48,59,27,24,17,26,72,48,3,3,353
Meath West,2ae19629-1832-13a3-e055-000000000001,"Kilcooly, Meath",13,16,34,45,17,18,16,21,39,36,0,8,263
Meath West,2ae19629-1833-13a3-e055-000000000001,"Kildalkey, Meath",12,69,126,160,81,57,61,72,106,69,2,28,843
Meath West,2ae19629-1834-13a3-e055-000000000001,"Killaconnigan, Meath",33,108,285,334,157,112,69,88,115,65,6,72,1444
Meath West,2ae19629-183e-13a3-e055-000000000001,"Killallon, Meath",8,15,42,36,10,17,18,14,33,19,2,4,218
Meath East,2ae19629-183f-13a3-e055-000000000001,"Killary, Meath",32,96,157,165,58,64,52,70,99,56,3,33,885
Meath West,2ae19629-184b-13a3-e055-000000000001,"Killeagh, Meath",13,32,47,46,24,26,14,16,36,24,1,8,287
Meath East,2ae19629-184c-13a3-e055-000000000001,"Killeen, Meath",13,52,111,162,49,63,55,75,126,102,10,39,857
Meath West,2ae19629-1855-13a3-e055-000000000001,"Killyon, Meath",13,34,63,104,27,29,23,33,39,24,2,16,407
Meath East,2ae19629-1856-13a3-e055-000000000001,"Kilmainham, Meath",27,71,127,107,52,39,24,31,44,29,5,24,580
Meath West,2ae19629-1862-13a3-e055-000000000001,"Kilmessan, Meath",23,51,171,242,96,76,61,110,169,135,6,46,1186
Meath East,2ae19629-1863-13a3-e055-000000000001,"Kilmore, Meath",21,90,172,203,81,79,65,117,161,172,18,28,1207
Meath West,2ae19629-186f-13a3-e055-000000000001,"Kilskeer, Meath",5,24,54,57,27,27,12,24,31,25,2,5,293
Meath West,2ae19629-1870-13a3-e055-000000000001,"Knocklough, Meath",5,6,27,25,18,13,9,12,15,7,0,2,139
Meath West,2ae19629-1871-13a3-e055-000000000001,"Laracor, Meath",13,40,38,91,29,44,26,38,54,57,1,11,442
Meath West,2ae19629-187a-13a3-e055-000000000001,"Loughan, Meath",8,28,51,70,21,31,19,23,36,19,2,5,313
Meath East,2ae19629-187b-13a3-e055-000000000001,"Maperath, Meath",5,39,51,72,23,29,20,34,53,32,1,0,359
Meath West,2ae19629-187c-13a3-e055-000000000001,"Martry, Meath",6,42,83,114,41,43,31,33,58,52,4,4,511
Meath East,2ae19629-1884-13a3-e055-000000000001,"Mellifont, Meath",10,35,51,80,35,29,29,37,36,48,4,14,408
Meath East,2ae19629-1885-13a3-e055-000000000001,"Moybolgue, Meath",6,15,36,37,13,17,8,12,18,14,2,1,179
Meath West,2ae19629-1886-13a3-e055-000000000001,"Moylagh, Meath",17,31,65,43,21,21,18,19,41,24,1,6,307
Meath East,2ae19629-1891-13a3-e055-000000000001,"Moynalty, Meath",19,48,78,78,32,30,21,25,48,45,6,12,442
Meath West,2ae19629-1892-13a3-e055-000000000001,"Navan Rural, Meath",501,1178,2479,4013,1809,1153,1152,1601,2216,1644,122,888,18756
Meath West,2ae19629-1893-13a3-e055-000000000001,"Navan Urban, Meath",89,234,351,536,224,125,133,160,202,177,6,242,2479
Meath East,2ae19629-1894-13a3-e055-000000000001,"Newcastle, Meath",9,33,54,63,28,26,17,11,32,15,1,13,302
Meath East,2ae19629-189e-13a3-e055-000000000001,"Newtown, Meath",22,37,111,123,53,44,36,47,79,53,2,13,620
Meath East,2ae19629-189f-13a3-e055-000000000001,"Nobber, Meath",26,53,102,96,43,34,29,32,46,33,0,23,517
Meath West,2ae19629-18a8-13a3-e055-000000000001,"Oldcastle, Meath",62,162,261,355,157,114,89,101,120,70,7,41,1539
Meath East,2ae19629-18a9-13a3-e055-000000000001,"Painestown, Meath",22,71,140,153,80,69,67,67,107,76,4,18,874
Meath East,2ae19629-18aa-13a3-e055-000000000001,"Posseckstown, Meath",0,12,22,38,8,10,13,11,15,4,2,4,139
Meath West,2ae19629-18b4-13a3-e055-000000000001,"Rahinstown, Meath",7,38,57,65,21,33,23,31,48,25,0,9,357
Meath East,2ae19629-18b5-13a3-e055-000000000001,"Rathfeigh, Meath",27,51,105,107,56,60,36,49,129,89,11,23,743
Meath East,2ae19629-18b6-13a3-e055-000000000001,"Rathkenny, Meath",9,40,81,85,37,38,30,45,55,35,0,10,465
Meath West,2ae19629-18c1-13a3-e055-000000000001,"Rathmolyon, Meath",42,89,169,193,84,88,64,88,110,108,3,36,1074
Meath West,2ae19629-18c0-13a3-e055-000000000001,"An Ráth Mhór, An Mhí",16,50,115,131,47,50,44,54,91,82,6,17,703
Meath East,2ae19629-1814-13a3-e055-000000000001,"Ratoath, Meath",92,268,746,1422,576,441,499,691,1121,930,53,339,7178
Meath East,2ae19629-1815-13a3-e055-000000000001,"Rodanstown, Meath",22,64,98,192,67,78,64,109,265,192,18,33,1202
Meath East,2ae19629-181b-13a3-e055-000000000001,"Skreen, Meath",14,68,137,206,75,83,78,98,188,139,8,44,1138
Meath East,2ae19629-181c-13a3-e055-000000000001,"Slane, Meath",43,123,214,239,79,87,82,116,131,111,11,49,1285
Louth,2ae19629-1826-13a3-e055-000000000001,"St. Mary's, Meath",138,464,998,1821,802,607,667,1006,1555,1193,69,433,9753
Meath East,2ae19629-1827-13a3-e055-000000000001,"Stackallan, Meath",13,38,78,94,31,43,27,53,73,46,6,15,517
Meath East,2ae19629-1828-13a3-e055-000000000001,"Staholmog, Meath",8,19,50,61,31,26,21,12,28,19,0,7,282
Meath East,2ae19629-1829-13a3-e055-000000000001,"Stamullin, Meath",77,161,447,633,254,255,237,317,420,314,24,175,3314
Meath West,2ae19629-181d-13a3-e055-000000000001,"Stonefield, Meath",4,11,27,26,11,21,13,9,22,16,0,1,161
Meath West,2ae19629-181e-13a3-e055-000000000001,"Summerhill, Meath",33,80,147,217,65,74,47,72,98,85,13,22,953
Meath East,2ae19629-181f-13a3-e055-000000000001,"Tara, Meath",15,66,112,138,61,61,51,100,165,115,12,81,977
Meath West,2ae19629-182a-13a3-e055-000000000001,"Tailtin, An Mhí",16,56,103,147,40,38,39,44,101,59,5,22,670
Meath West,2ae19629-182b-13a3-e055-000000000001,"Trim Rural, Meath",154,400,804,1186,453,366,361,517,762,599,48,208,5858
Meath West,2ae19629-182c-13a3-e055-000000000001,"Trim Urban, Meath",27,106,155,203,109,52,55,63,101,65,5,52,993
Meath East,2ae19629-1835-13a3-e055-000000000001,"Trohanny, Meath",10,37,47,52,16,21,10,14,22,9,0,4,242
Offaly,2ae19629-1ada-13a3-e055-000000000001,"Aghancon, Offaly",8,41,60,43,21,19,19,22,27,25,1,2,288
Offaly,2ae19629-1adc-13a3-e055-000000000001,"Ballincor, Offaly",2,18,19,28,10,13,12,13,9,5,0,8,137
Offaly,2ae19629-1add-13a3-e055-000000000001,"Ballyburly, Offaly",33,78,202,182,83,92,46,56,74,46,2,42,936
Offaly,2ae19629-1ae8-13a3-e055-000000000001,"Ballycommon, Offaly",11,27,78,87,37,37,28,37,51,28,1,11,433
Offaly,2ae19629-1ae9-13a3-e055-000000000001,"Ballycumber, Offaly",15,60,95,94,28,44,31,32,45,33,2,20,499
Offaly,2ae19629-1aea-13a3-e055-000000000001,"Ballymacwilliam, Offaly",15,46,77,88,25,36,25,32,55,31,0,11,441
Offaly,2ae19629-1aeb-13a3-e055-000000000001,"Ballyshear, Offaly",12,30,53,56,36,23,11,7,32,14,0,5,279
Offaly,2ae19629-1af5-13a3-e055-000000000001,"Banagher, Offaly",50,116,269,338,116,109,71,99,122,94,7,132,1523
Offaly,2ae19629-1af6-13a3-e055-000000000001,"Barna, Offaly",1,10,22,21,10,11,4,7,12,9,2,7,116
Offaly,2ae19629-1af7-13a3-e055-000000000001,"Bawn, Offaly",10,21,39,54,15,21,19,12,25,11,0,9,236
Offaly,2ae19629-1a3f-13a3-e055-000000000001,"Birr Rural, Offaly",35,75,148,203,68,63,65,59,82,52,5,27,882
Offaly,2ae19629-1a40-13a3-e055-000000000001,"Birr Urban, Offaly",164,298,425,744,260,146,161,210,283,220,13,179,3103
Offaly,2ae19629-1a41-13a3-e055-000000000001,"Bracknagh, Offaly",21,73,138,152,53,53,35,43,78,41,6,59,752
Offaly,2ae19629-1a42-13a3-e055-000000000001,"Broughal, Offaly",4,5,14,15,9,6,4,6,7,6,1,1,78
Offaly,2ae19629-1a4e-13a3-e055-000000000001,"Cangort, Offaly",0,20,17,26,12,14,12,4,17,9,0,2,133
Offaly,2ae19629-1a4f-13a3-e055-000000000001,"Cappancur, Offaly",27,71,188,203,76,71,68,102,140,108,4,34,1092
Offaly,2ae19629-1a50-13a3-e055-000000000001,"Clara, Offaly",104,344,541,565,206,179,174,169,210,141,16,189,2838
Offaly,2ae19629-1a51-13a3-e055-000000000001,"Cloghan, Offaly",28,53,131,165,71,70,40,42,57,36,2,28,723
Offaly,2ae19629-1a5c-13a3-e055-000000000001,"Clonbulloge, Offaly",11,60,127,106,41,31,29,25,40,34,3,56,563
Offaly,2ae19629-1a5d-13a3-e055-000000000001,"Clonmacnoise, Offaly",6,33,43,37,18,18,18,17,25,13,1,8,237
Offaly,2ae19629-1a5e-13a3-e055-000000000001,"Clonmore, Offaly",4,39,55,56,25,25,19,30,36,17,1,24,331
Offaly,2ae19629-1a5f-13a3-e055-000000000001,"Clonygowan, Offaly",15,42,63,99,46,31,24,29,59,37,2,1,448
Offaly,2ae19629-1a68-13a3-e055-000000000001,"Croghan, Offaly",15,61,70,66,36,28,19,24,42,18,3,3,385
Offaly,2ae19629-1a69-13a3-e055-000000000001,"Cullenwaine, Offaly",14,39,101,115,38,46,33,43,53,28,0,24,534
Offaly,2ae19629-1a6a-13a3-e055-000000000001,"Daingean, Offaly",34,97,195,242,94,77,70,60,65,45,3,46,1028
Offaly,2ae19629-1a73-13a3-e055-000000000001,"Derrinboy, Offaly",4,20,43,31,13,17,16,18,33,26,2,4,227
Offaly,2ae19629-1a74-13a3-e055-000000000001,"Derryad, Offaly",4,13,35,25,19,18,16,9,29,15,0,10,193
Offaly,2ae19629-1a75-13a3-e055-000000000001,"Derrycooly, Offaly",6,17,29,42,15,21,15,12,21,12,0,10,200
Offaly,2ae19629-1a76-13a3-e055-000000000001,"Doon, Offaly",7,31,54,68,30,32,20,28,51,44,1,6,372
Offaly,2ae19629-1a81-13a3-e055-000000000001,"Dromoyle, Offaly",4,19,37,44,18,18,7,24,27,16,2,6,222
Offaly,2ae19629-1a82-13a3-e055-000000000001,"Drumcullen, Offaly",7,21,38,54,18,21,21,21,32,31,1,9,274
Offaly,2ae19629-1a83-13a3-e055-000000000001,"Dunkerrin, Offaly",11,24,40,49,22,19,14,9,42,16,3,9,258
Offaly,2ae19629-1a8e-13a3-e055-000000000001,"Durrow, Offaly",8,22,63,107,34,43,49,43,71,65,2,10,517
Offaly,2ae19629-1a8f-13a3-e055-000000000001,"Edenderry Rural, Offaly",6,49,102,127,36,54,28,42,67,56,3,46,616
Offaly,2ae19629-1a90-13a3-e055-000000000001,"Edenderry Urban, Offaly",151,488,841,1064,481,284,279,269,271,161,3,349,4641
Offaly,2ae19629-1a91-13a3-e055-000000000001,"Eglish, Offaly",11,8,15,15,9,11,8,7,20,5,2,8,119
Offaly,67112637-b544-4b5c-b9fa-02e36d6f26b7,"Esker/Ballaghassaan, Offaly",4,36,69,63,22,30,16,24,34,22,5,18,343
Offaly,2ae19629-1a9a-13a3-e055-000000000001,"Ettagh, Offaly",8,24,55,70,32,25,24,25,56,24,1,6,350
Offaly,2ae19629-1a9b-13a3-e055-000000000001,"Ferbane, Offaly",23,82,144,185,90,70,52,69,88,52,2,35,892
Offaly,2ae19629-1aa4-13a3-e055-000000000001,"Gallen, Offaly",24,68,91,65,30,34,22,19,30,17,0,22,422
Offaly,2ae19629-1aa5-13a3-e055-000000000001,"Geashill, Offaly",26,73,208,260,87,64,65,89,115,85,5,26,1103
Offaly,2ae19629-1aa6-13a3-e055-000000000001,"Gorteen, Offaly, 187043",14,21,31,42,18,15,15,14,19,17,0,1,207
Offaly,2ae19629-1aae-13a3-e055-000000000001,"Gorteen, Offaly, 187044",9,12,43,43,11,12,15,18,44,24,0,10,241
Offaly,2ae19629-1aaf-13a3-e055-000000000001,"Hammerlane, Offaly",4,27,78,96,38,27,22,25,42,34,0,11,404
Offaly,2ae19629-1ab0-13a3-e055-000000000001,"Hinds, Offaly",8,33,40,40,18,22,14,21,26,32,1,15,270
Offaly,2ae19629-1ab1-13a3-e055-000000000001,"Huntston, Offaly",9,24,34,46,21,32,16,20,25,21,0,12,260
Offaly,2ae19629-1ab9-13a3-e055-000000000001,"Kilclonfert, Offaly",3,13,62,45,17,33,24,22,19,23,0,5,266
Offaly,2ae19629-1aba-13a3-e055-000000000001,"Kilcolman, Offaly",9,18,39,57,26,21,15,24,33,24,0,10,276
Offaly,2ae19629-1abb-13a3-e055-000000000001,"Kilcormac, Offaly",48,106,198,216,67,80,60,60,78,42,7,37,999
Offaly,2ae19629-1ac6-13a3-e055-000000000001,"Kilcumreragh, Offaly",8,34,45,53,33,36,27,26,42,42,2,13,361
Offaly,2ae19629-1ac7-13a3-e055-000000000001,"Killeigh, Offaly",24,69,177,182,58,65,53,61,95,62,1,29,876
Offaly,2ae19629-1ac8-13a3-e055-000000000001,"Killooly, Offaly",1,19,32,37,4,24,19,14,22,12,1,2,187
Offaly,2ae19629-1ad1-13a3-e055-000000000001,"Killoughy, Offaly",6,46,63,101,47,51,29,45,62,43,0,28,521
Offaly,2ae19629-1ad2-13a3-e055-000000000001,"Killyon, Offaly",7,19,17,37,19,17,20,7,26,17,0,6,192
Offaly,2ae19629-1ad3-13a3-e055-000000000001,"Kinnitty, Offaly",18,37,73,63,22,27,25,34,42,33,1,19,394
Offaly,2ae19629-1ad4-13a3-e055-000000000001,"Knockbarron, Offaly",0,12,22,20,16,14,14,15,11,9,0,0,133
Offaly,2ae19629-1ade-13a3-e055-000000000001,"Knockdrin, Offaly",2,8,30,18,6,7,5,9,10,9,5,12,121
Offaly,2ae19629-1adf-13a3-e055-000000000001,"Lea, Offaly",12,34,43,62,20,14,20,22,10,9,0,9,255
Offaly,2ae19629-1ae0-13a3-e055-000000000001,"Letter, Offaly",5,11,22,15,7,10,6,10,8,11,0,1,106
Offaly,2ae19629-1ae1-13a3-e055-000000000001,"Lumcloon, Offaly",11,24,49,44,20,29,16,13,23,17,0,12,258
Offaly,2ae19629-1aec-13a3-e055-000000000001,"Lusmagh, Offaly",2,33,61,75,29,38,29,30,38,26,0,23,384
Offaly,2ae19629-1aed-13a3-e055-000000000001,"Monasteroris, Offaly",11,56,107,120,42,47,43,53,62,56,1,23,621
Offaly,2ae19629-1aee-13a3-e055-000000000001,"Mountbriscoe, Offaly",3,21,30,43,13,13,11,10,8,14,0,6,172
Offaly,2ae19629-1af8-13a3-e055-000000000001,"Mounterin, Offaly",0,19,21,43,9,19,17,8,22,20,0,8,186
Offaly,2ae19629-1af9-13a3-e055-000000000001,"Mountheaton, Offaly",8,32,72,63,28,23,20,23,36,29,1,15,350
Offaly,2ae19629-1afa-13a3-e055-000000000001,"Moyclare, Offaly",4,34,83,85,44,43,30,29,46,27,1,16,442
Offaly,2ae19629-1afb-13a3-e055-000000000001,"O'dempsey, Offaly",0,9,12,20,8,13,4,6,8,11,1,2,94
Offaly,2ae19629-1a43-13a3-e055-000000000001,"Portarlington North, Offaly",54,142,290,386,144,99,102,108,131,84,3,129,1672
Offaly,2ae19629-1a44-13a3-e055-000000000001,"Rahan, Offaly",14,32,80,105,29,53,22,57,43,44,2,12,493
Offaly,2ae19629-1a45-13a3-e055-000000000001,"Raheenakeeran, Offaly",10,30,61,60,17,18,24,15,20,9,0,36,300
Offaly,2ae19629-1a46-13a3-e055-000000000001,"Rathfeston, Offaly",8,32,57,73,14,22,19,32,29,16,1,4,307
Offaly,2ae19629-1a52-13a3-e055-000000000001,"Rathrobin, Offaly",13,20,53,66,25,21,19,22,28,19,1,7,294
Offaly,2ae19629-1a53-13a3-e055-000000000001,"Roscomroe, Offaly",4,10,20,18,10,7,4,1,14,3,3,1,95
Offaly,2ae19629-1a54-13a3-e055-000000000001,"Screggan, Offaly",18,51,143,212,49,58,61,89,132,107,7,68,995
Offaly,2ae19629-1a60-13a3-e055-000000000001,"Seirkieran, Offaly",8,34,55,66,25,33,33,27,49,19,0,10,359
Offaly,2ae19629-1a61-13a3-e055-000000000001,"Shannonbridge, Offaly",8,20,37,36,22,17,16,15,13,10,0,15,209
Offaly,2ae19629-1a62-13a3-e055-000000000001,"Shannonharbour, Offaly",7,20,47,45,13,25,23,24,21,18,2,10,255
Offaly,2ae19629-1a6b-13a3-e055-000000000001,"Shinrone, Offaly",26,82,113,158,57,39,31,39,60,25,1,85,716
Offaly,2ae19629-1a6c-13a3-e055-000000000001,"Silverbrook, Offaly",10,32,69,105,27,46,33,42,70,72,4,18,528
Offaly,2ae19629-1a6d-13a3-e055-000000000001,"Srah, Offaly",47,83,103,91,36,30,22,15,34,20,0,19,500
Offaly,2ae19629-1a77-13a3-e055-000000000001,"Templeharry, Offaly",3,13,21,25,11,15,6,7,21,15,1,7,145
Offaly,2ae19629-1a78-13a3-e055-000000000001,"Tinamuck, Offaly",6,20,29,39,16,18,18,18,15,13,1,4,197
Offaly,2ae19629-1a79-13a3-e055-000000000001,"Tinnycross, Offaly",8,24,52,53,23,25,9,27,50,27,4,5,307
Offaly,2ae19629-1a7a-13a3-e055-000000000001,"Tulla, Offaly",2,12,9,12,7,6,11,2,7,5,0,1,74
Offaly,2ae19629-1a84-13a3-e055-000000000001,"Tullamore Rural, Offaly",30,78,221,374,192,129,136,207,283,278,22,106,2056
Offaly,2ae19629-1a85-13a3-e055-000000000001,"Tullamore Urban, Offaly",341,630,1054,1616,614,363,409,512,794,660,55,758,7806
Longford-Westmeath,2ae19629-1bc1-13a3-e055-000000000001,"Ardnaglew, Westmeath",1,13,38,36,13,17,11,28,23,21,3,3,207
Longford-Westmeath,2ae19629-1bca-13a3-e055-000000000001,"Ardnagragh, Westmeath",7,27,69,63,29,20,16,23,31,30,2,12,329
Longford-Westmeath,2ae19629-1bcc-13a3-e055-000000000001,"Athlone East Rural, Westmeath",122,340,561,861,341,205,247,416,670,553,47,524,4887
Longford-Westmeath,2ae19629-1bcb-13a3-e055-000000000001,"Athlone East Urban, Westmeath",81,284,399,590,179,122,151,242,382,370,36,429,3265
Longford-Westmeath,2ae19629-1bcd-13a3-e055-000000000001,"Athlone West Urban, Westmeath",76,273,384,492,166,71,102,144,209,207,14,249,2387
Longford-Westmeath,2ae19629-1bce-13a3-e055-000000000001,"Auburn, Westmeath",5,38,61,104,30,46,36,46,82,62,5,19,534
Longford-Westmeath,2ae19629-1bda-13a3-e055-000000000001,"Ballinalack, Westmeath",10,21,41,53,22,18,26,27,25,29,1,7,280
Longford-Westmeath,2ae19629-1bdb-13a3-e055-000000000001,"Ballinlough, Westmeath",8,2,10,21,10,21,12,11,18,8,0,6,127
Longford-Westmeath,2ae19629-1aff-13a3-e055-000000000001,"Ballybroder, Westmeath",3,9,30,38,11,12,13,8,20,10,2,3,159
Longford-Westmeath,2ae19629-1b00-13a3-e055-000000000001,"Ballyhealy, Westmeath",14,21,42,57,17,15,8,12,19,6,0,19,230
Longford-Westmeath,2ae19629-1b01-13a3-e055-000000000001,"Ballykilmore, Westmeath",11,58,84,91,36,42,35,46,56,35,0,19,513
Longford-Westmeath,2ae19629-1b02-13a3-e055-000000000001,"Ballymore, Westmeath",17,41,79,119,31,29,28,38,50,25,1,15,473
Longford-Westmeath,2ae19629-1bdc-13a3-e055-000000000001,"Ballymorin, Westmeath",4,21,32,50,11,17,13,31,41,27,3,14,264
Longford-Westmeath,2ae19629-1b24-13a3-e055-000000000001,"Ballynagore, Westmeath",13,30,61,81,23,33,22,25,39,28,1,19,375
Longford-Westmeath,2ae19629-1b25-13a3-e055-000000000001,"Ballynaskeagh, Westmeath",5,12,34,34,23,14,14,15,25,13,2,3,194
Longford-Westmeath,2ae19629-1b26-13a3-e055-000000000001,"Bellanalack, Westmeath",6,26,62,76,27,30,27,33,51,42,4,16,400
Longford-Westmeath,2ae19629-1b27-13a3-e055-000000000001,"Belvidere, Westmeath",7,32,77,116,36,42,35,55,90,75,9,30,604
Longford-Westmeath,2ae19629-1b31-13a3-e055-000000000001,"Boherquill, Westmeath",3,7,10,25,12,14,9,9,8,6,1,7,111
Longford-Westmeath,2ae19629-1b32-13a3-e055-000000000001,"Bracklin, Westmeath",13,21,27,28,19,12,15,12,21,15,1,5,189
Longford-Westmeath,2ae19629-1b33-13a3-e055-000000000001,"Carn, Westmeath",9,35,99,140,42,44,24,38,73,56,2,11,573
Longford-Westmeath,2ae19629-1b34-13a3-e055-000000000001,"Carrick, Westmeath",4,19,46,44,14,21,17,25,30,28,1,2,251
Longford-Westmeath,2ae19629-1b40-13a3-e055-000000000001,"Castle, Westmeath",11,34,56,114,42,39,50,72,157,134,8,34,751
Longford-Westmeath,2ae19629-1b41-13a3-e055-000000000001,"Castledaly, Westmeath",15,39,83,86,37,37,35,43,59,57,1,24,516
Longford-Westmeath,2ae19629-1b42-13a3-e055-000000000001,"Castlelost, Westmeath",21,94,255,222,100,77,72,76,89,64,2,58,1130
Longford-Westmeath,2ae19629-1b4c-13a3-e055-000000000001,"Castletown, Westmeath",14,63,71,99,38,43,30,44,78,42,1,31,554
Longford-Westmeath,2ae19629-1b4d-13a3-e055-000000000001,"Churchtown, Westmeath",1,14,34,39,25,18,4,15,31,19,4,13,217
Longford-Westmeath,2ae19629-1b57-13a3-e055-000000000001,"Cloghan, Westmeath",5,13,49,60,15,28,21,17,22,17,2,4,253
Longford-Westmeath,2ae19629-1b58-13a3-e055-000000000001,"Clonarney, Westmeath",13,32,66,63,31,31,29,26,37,12,1,6,347
Longford-Westmeath,2ae19629-1b59-13a3-e055-000000000001,"Clonfad, Westmeath",19,36,59,71,26,24,27,24,79,40,5,94,504
Longford-Westmeath,2ae19629-1b64-13a3-e055-000000000001,"Clonlost, Westmeath",12,18,61,63,35,22,10,25,30,35,2,19,332
Longford-Westmeath,2ae19629-1b65-13a3-e055-000000000001,"Collinstown, Westmeath",11,24,69,73,21,37,27,37,45,40,0,15,399
Longford-Westmeath,2ae19629-1b66-13a3-e055-000000000001,"Coole, Westmeath",5,15,48,35,19,18,12,10,15,11,0,1,189
Longford-Westmeath,2ae19629-1b67-13a3-e055-000000000001,"Coolure, Westmeath",9,14,39,57,23,27,14,18,25,14,1,3,244
Longford-Westmeath,2ae19629-1b71-13a3-e055-000000000001,"Copperalley, Westmeath",7,21,39,32,26,18,8,14,16,5,0,10,196
Longford-Westmeath,2ae19629-1b72-13a3-e055-000000000001,"Delvin, Westmeath",29,59,95,151,60,56,56,59,62,42,1,32,702
Longford-Westmeath,2ae19629-1b73-13a3-e055-000000000001,"Derrymore, Westmeath",1,16,26,25,19,12,8,15,18,18,3,7,168
Longford-Westmeath,2ae19629-1b74-13a3-e055-000000000001,"Doonis, Westmeath",3,12,29,28,9,10,8,17,30,19,3,5,173
Longford-Westmeath,2ae19629-1b83-13a3-e055-000000000001,"Drumraney, Westmeath",5,21,22,39,10,12,4,14,36,12,0,8,183
Longford-Westmeath,2ae19629-1b84-13a3-e055-000000000001,"Dysart, Westmeath",3,14,32,30,10,14,9,17,24,18,1,17,189
Longford-Westmeath,2ae19629-1b85-13a3-e055-000000000001,"Emper, Westmeath",8,13,21,25,8,11,10,12,21,20,0,4,153
Longford-Westmeath,2ae19629-1b86-13a3-e055-000000000001,"Enniscoffey, Westmeath",7,21,45,45,21,27,15,30,47,25,3,4,290
Longford-Westmeath,2ae19629-1b97-13a3-e055-000000000001,"Faughalstown, Westmeath",6,7,40,43,13,24,10,17,21,12,0,7,200
Longford-Westmeath,2ae19629-1b98-13a3-e055-000000000001,"Finnea, Westmeath",9,27,34,45,9,9,9,10,17,5,0,12,186
Longford-Westmeath,2ae19629-1b99-13a3-e055-000000000001,"Fore East, Westmeath",9,37,47,55,18,32,12,24,31,19,1,15,300
Longford-Westmeath,2ae19629-1bb0-13a3-e055-000000000001,"Fore West, Westmeath",12,17,35,43,26,24,17,28,30,26,0,15,273
Longford-Westmeath,2ae19629-1bb1-13a3-e055-000000000001,"Gaybrook, Westmeath",3,10,41,43,23,22,16,21,50,35,0,6,270
Longford-Westmeath,2ae19629-1bb2-13a3-e055-000000000001,"Glassan, Westmeath",8,34,86,118,26,29,31,67,113,106,14,28,660
Longford-Westmeath,2ae19629-1bc2-13a3-e055-000000000001,"Glenlough, Westmeath",2,12,18,25,12,6,10,13,13,10,0,5,126
Longford-Westmeath,2ae19629-1bc3-13a3-e055-000000000001,"Glore, Westmeath",10,8,25,24,13,9,10,15,12,3,0,2,131
Longford-Westmeath,2ae19629-1bc4-13a3-e055-000000000001,"Greenpark, Westmeath",8,27,35,27,20,18,14,12,20,12,1,4,198
Longford-Westmeath,2ae19629-1bcf-13a3-e055-000000000001,"Griffinstown, Westmeath",8,31,54,64,24,42,33,36,53,38,2,16,401
Longford-Westmeath,2ae19629-1bd0-13a3-e055-000000000001,"Heathstown, Westmeath",6,37,87,85,20,37,36,45,88,61,3,13,518
Longford-Westmeath,2ae19629-1bd1-13a3-e055-000000000001,"Hilltown, Westmeath",8,12,32,43,9,17,12,9,16,11,2,10,181
Longford-Westmeath,2ae19629-1bdd-13a3-e055-000000000001,"Hopestown, Westmeath",12,21,48,76,24,30,23,43,63,56,2,8,406
Longford-Westmeath,2ae19629-1bde-13a3-e055-000000000001,"Huntingdon, Westmeath",6,15,49,50,26,22,18,20,49,30,0,11,296
Longford-Westmeath,2ae19629-1bdf-13a3-e055-000000000001,"Jamestown, Westmeath",2,12,12,22,12,9,4,8,16,10,0,9,116
Longford-Westmeath,2ae19629-1b03-13a3-e055-000000000001,"Kilbeggan, Westmeath",33,97,161,257,106,64,74,74,104,66,5,132,1173
Longford-Westmeath,2ae19629-1b04-13a3-e055-000000000001,"Kilbixy, Westmeath",25,50,78,74,26,25,21,18,33,25,4,33,412
Longford-Westmeath,2ae19629-1b05-13a3-e055-000000000001,"Kilcumny, Westmeath",6,16,32,33,15,5,8,11,14,11,1,11,163
Longford-Westmeath,2ae19629-1b0b-13a3-e055-000000000001,"Kilcumreragh, Westmeath",5,18,48,57,15,17,14,30,28,30,1,8,271
Longford-Westmeath,2ae19629-1b0c-13a3-e055-000000000001,"Killare, Westmeath",5,14,38,51,21,21,22,22,36,16,0,7,253
Longford-Westmeath,2ae19629-1b0d-13a3-e055-000000000001,"Killinure, Westmeath",6,20,30,48,23,19,23,31,67,53,0,9,329
Longford-Westmeath,2ae19629-1b18-13a3-e055-000000000001,"Killua, Westmeath",22,56,115,158,80,61,42,47,80,54,3,25,743
Longford-Westmeath,2ae19629-1b19-13a3-e055-000000000001,"Killucan, Westmeath",27,103,180,265,104,95,90,116,117,82,5,121,1305
Longford-Westmeath,2ae19629-1b1a-13a3-e055-000000000001,"Killulagh, Westmeath",10,20,60,67,25,21,21,21,38,22,2,7,314
Longford-Westmeath,2ae19629-1b0e-13a3-e055-000000000001,"Kilpatrick, Westmeath",4,8,23,26,6,14,13,16,20,13,1,8,152
Longford-Westmeath,2ae19629-1b0f-13a3-e055-000000000001,"Kinnegad, Westmeath",42,128,284,426,169,157,134,138,183,128,6,166,1961
Longford-Westmeath,2ae19629-1b10-13a3-e055-000000000001,"Kinturk, Westmeath",49,118,177,213,87,65,59,61,68,39,4,39,979
Longford-Westmeath,2ae19629-1b11-13a3-e055-000000000001,"Knockarrow, Westmeath",3,5,16,16,7,7,2,7,5,6,1,3,78
Longford-Westmeath,2ae19629-1b1b-13a3-e055-000000000001,"Knockdrin, Westmeath",10,19,59,75,37,27,25,39,55,36,3,23,408
Longford-Westmeath,2ae19629-1b1c-13a3-e055-000000000001,"Lackan, Westmeath",0,3,15,12,3,3,10,2,12,8,0,0,68
Longford-Westmeath,2ae19629-1b1d-13a3-e055-000000000001,"Lauree, Westmeath",8,11,26,30,6,11,2,14,14,16,2,5,145
Longford-Westmeath,2ae19629-1b28-13a3-e055-000000000001,"Middleton, Westmeath",11,25,34,43,17,17,16,23,32,29,0,19,266
Longford-Westmeath,2ae19629-1bd2-13a3-e055-000000000001,"Milltown, Westmeath",5,17,40,64,12,14,11,13,17,11,1,6,211
Longford-Westmeath,2ae19629-1b29-13a3-e055-000000000001,"Moate, Westmeath",70,140,298,416,160,151,146,211,266,217,16,255,2346
Longford-Westmeath,2ae19629-1b2a-13a3-e055-000000000001,"Mount Temple, Westmeath",7,26,60,84,33,29,24,43,77,59,5,25,472
Longford-Westmeath,2ae19629-1b35-13a3-e055-000000000001,"Moydrum, Westmeath",34,100,213,377,116,90,125,204,337,301,33,93,2023
Longford-Westmeath,2ae19629-1b36-13a3-e055-000000000001,"Muckanagh, Westmeath",1,11,14,27,6,13,6,6,27,6,2,7,126
Longford-Westmeath,2ae19629-1b9e-13a3-e055-000000000001,"Mullingar North Urban, Westmeath",150,384,586,730,325,154,176,241,268,173,21,489,3697
Longford-Westmeath,2ae19629-1b37-13a3-e055-000000000001,"Mullingar Rural, Westmeath",186,402,788,1405,655,368,484,580,928,675,57,518,7046
Longford-Westmeath,2ae19629-1b43-13a3-e055-000000000001,"Mullingar South Urban, Westmeath",104,199,354,606,287,160,208,280,451,378,26,276,3329
Longford-Westmeath,2ae19629-1b44-13a3-e055-000000000001,"Multyfarnham, Westmeath",13,48,57,71,35,23,30,46,69,44,8,21,465
Longford-Westmeath,2ae19629-1b45-13a3-e055-000000000001,"Newtown, Westmeath",1,16,30,31,15,9,9,21,25,19,1,2,179
Longford-Westmeath,2ae19629-1b46-13a3-e055-000000000001,"Noughaval, Westmeath",11,22,39,54,24,14,22,27,28,21,2,7,271
Longford-Westmeath,2ae19629-1b4e-13a3-e055-000000000001,"Owel, Westmeath",5,23,34,71,28,29,20,34,55,32,2,11,344
Longford-Westmeath,2ae19629-1b4f-13a3-e055-000000000001,"Piercetown, Westmeath",1,12,13,18,3,11,5,7,6,5,0,9,90
Longford-Westmeath,2ae19629-1b50-13a3-e055-000000000001,"Portloman, Westmeath",2,19,27,61,26,17,17,19,26,19,0,2,235
Longford-Westmeath,2ae19629-1b51-13a3-e055-000000000001,"Raharney, Westmeath",14,32,63,65,27,22,20,31,32,19,0,12,337
Longford-Westmeath,2ae19629-1b5a-13a3-e055-000000000001,"Rahugh, Westmeath",7,23,40,36,22,21,14,15,22,20,0,4,224
Longford-Westmeath,2ae19629-1b5b-13a3-e055-000000000001,"Rathconrath, Westmeath",7,21,40,60,25,18,16,18,27,22,1,20,275
Longford-Westmeath,2ae19629-1b5c-13a3-e055-000000000001,"Rathowen, Westmeath",10,31,42,60,28,21,17,22,23,8,0,7,269
Longford-Westmeath,2ae19629-1b5d-13a3-e055-000000000001,"Riverdale, Westmeath",5,34,58,52,32,25,24,33,39,28,5,4,339
Longford-Westmeath,2ae19629-1b68-13a3-e055-000000000001,"Rosmead, Westmeath",7,19,28,49,18,17,18,14,19,14,1,13,217
Longford-Westmeath,2ae19629-1b69-13a3-e055-000000000001,"Russellstown, Westmeath",5,14,62,82,25,29,27,26,43,42,2,5,362
Longford-Westmeath,2ae19629-1b6a-13a3-e055-000000000001,"Skeagh, Westmeath",4,13,24,42,17,13,11,10,20,8,0,7,169
Longford-Westmeath,2ae19629-1b6b-13a3-e055-000000000001,"Sonna, Westmeath",10,22,31,45,13,19,18,17,31,20,1,8,235
Longford-Westmeath,2ae19629-1b75-13a3-e055-000000000001,"Stonehall, Westmeath",3,7,21,27,19,8,12,14,17,13,1,10,152
Longford-Westmeath,2ae19629-1b76-13a3-e055-000000000001,"Streamstown, Westmeath",9,26,40,64,23,27,22,24,31,26,0,44,336
Longford-Westmeath,2ae19629-1b77-13a3-e055-000000000001,"Street, Westmeath",13,22,30,52,10,14,16,14,20,11,1,3,206
Longford-Westmeath,2ae19629-1b87-13a3-e055-000000000001,"Taghmon, Westmeath",7,15,58,43,23,26,23,19,35,24,1,21,295
Longford-Westmeath,2ae19629-1b88-13a3-e055-000000000001,"Templepatrick, Westmeath",2,17,33,31,10,4,8,13,11,10,2,2,143
Longford-Westmeath,2ae19629-1b89-13a3-e055-000000000001,"Tubbrit, Westmeath",6,35,96,120,40,32,39,33,52,40,3,5,501
Longford-Westmeath,2ae19629-1b9a-13a3-e055-000000000001,"Tullaghan, Westmeath",4,23,39,46,14,19,15,20,44,42,7,5,278
Longford-Westmeath,2ae19629-1b9b-13a3-e055-000000000001,"Umma, Westmeath",8,12,39,35,12,16,19,16,30,15,1,2,205
Longford-Westmeath,2ae19629-1b9c-13a3-e055-000000000001,"Winetown, Westmeath",1,10,14,29,10,6,5,2,11,8,0,3,99
Longford-Westmeath,2ae19629-1b9d-13a3-e055-000000000001,"Woodland, Westmeath",3,8,32,35,13,14,16,18,31,33,1,5,209
Wexford,2ae19629-1bb3-13a3-e055-000000000001,"Adamstown, Wexford",14,41,81,78,41,22,23,29,42,22,2,15,410
Wicklow-Wexford,2ae19629-1bb4-13a3-e055-000000000001,"Ardamine, Wexford",92,244,498,606,268,210,189,214,213,160,14,174,2882
Wexford,2ae19629-1bc5-13a3-e055-000000000001,"Ardcavan, Wexford",45,146,329,395,151,99,127,171,312,202,19,68,2064
Wexford,2ae19629-1bc6-13a3-e055-000000000001,"Ardcolm, Wexford",17,65,122,125,51,46,38,55,79,54,2,27,681
Wexford,2ae19629-1bd3-13a3-e055-000000000001,"Artramon, Wexford",25,37,93,75,40,28,26,49,63,56,9,88,589
Wexford,2ae19629-1bd4-13a3-e055-000000000001,"Aughwilliam, Wexford",5,27,67,78,38,38,20,23,42,41,7,12,398
Wicklow-Wexford,2ae19629-1bd5-13a3-e055-000000000001,"Ballindaggan, Wexford",15,51,103,109,35,50,31,32,48,31,1,26,532
Wicklow-Wexford,2ae19629-1e4d-13a3-e055-000000000001,"Balloughter, Wexford",12,30,59,82,36,27,19,37,41,32,1,6,382
Wexford,2ae19629-1be0-13a3-e055-000000000001,"Ballyanne, Wexford",15,54,88,91,37,58,30,32,58,37,2,18,520
Wicklow-Wexford,2ae19629-1be1-13a3-e055-000000000001,"Ballybeg, Wexford",16,39,69,68,32,48,24,24,42,32,1,14,409
Wicklow-Wexford,2ae19629-1be2-13a3-e055-000000000001,"Ballycanew, Wexford",35,89,164,194,70,46,47,65,74,39,0,22,845
Wicklow-Wexford,2ae19629-1b06-13a3-e055-000000000001,"Ballycarney, Wexford",7,26,56,68,19,24,20,30,30,26,1,29,336
Wicklow-Wexford,2ae19629-1b07-13a3-e055-000000000001,"Ballyellis, Wexford",11,28,49,55,21,22,14,21,36,27,1,11,296
Wicklow-Wexford,2ae19629-1b08-13a3-e055-000000000001,"Ballygarrett, Wexford",22,47,122,112,47,39,52,49,76,43,3,27,639
Wexford,2ae19629-1b12-13a3-e055-000000000001,"Ballyhack, Wexford",33,97,173,183,79,82,53,62,107,59,8,49,985
Wexford,2ae19629-1b13-13a3-e055-000000000001,"Ballyhoge, Wexford",25,106,191,177,73,77,44,59,101,50,3,8,914
Wexford,2ae19629-1b14-13a3-e055-000000000001,"Ballyhuskard, Wexford",38,108,191,246,82,96,76,66,134,84,0,22,1143
Wicklow-Wexford,2ae19629-1e40-13a3-e055-000000000001,"Ballylarkin, Wexford",11,49,101,118,45,36,41,54,83,51,1,55,645
Wexford,2ae19629-1e41-13a3-e055-000000000001,"Ballymitty, Wexford",19,57,63,79,34,28,15,24,38,28,4,16,405
Wicklow-Wexford,2ae19629-1e4b-13a3-e055-000000000001,"Ballymore, Wexford",18,25,48,71,32,25,33,18,40,20,4,10,344
Wicklow-Wexford,2ae19629-1e4c-13a3-e055-000000000001,"Ballynestragh, Wexford",10,51,115,171,54,55,53,86,134,93,9,31,862
Wexford,2ae19629-1e56-13a3-e055-000000000001,"Ballyvaldon, Wexford",11,50,95,126,46,48,43,43,44,48,4,14,572
Wexford,2ae19629-1e57-13a3-e055-000000000001,"Bannow, Wexford",35,101,155,164,54,61,43,53,108,55,7,71,907
Wexford,2ae19629-1e58-13a3-e055-000000000001,"Barrack Village, Wexford",2,4,14,17,4,7,7,3,5,4,0,3,70
Wexford,2ae19629-1e62-13a3-e055-000000000001,"Barronstown, Wexford",22,58,83,66,41,39,24,29,39,32,0,5,438
Wexford,2ae19629-1e63-13a3-e055-000000000001,"Bolaboy, Wexford",28,76,151,184,83,54,31,42,75,42,2,59,827
Wexford,2ae19629-1e64-13a3-e055-000000000001,"Bree, Wexford",28,95,125,182,67,71,57,72,136,100,6,35,974
Wexford,2ae19629-1e6e-13a3-e055-000000000001,"Bridgetown, Wexford",22,53,110,121,53,62,37,41,77,44,3,22,645
Wicklow-Wexford,2ae19629-1e6f-13a3-e055-000000000001,"Cahore, Wexford",8,18,54,66,26,32,32,27,37,32,1,6,339
Wexford,2ae19629-1e70-13a3-e055-000000000001,"Carnagh, Wexford",9,29,84,68,30,34,16,22,48,30,2,12,384
Wexford,2ae19629-1e7a-13a3-e055-000000000001,"Carrick, Wexford",14,74,170,242,79,73,77,132,190,164,20,28,1263
Wexford,2ae19629-1e7b-13a3-e055-000000000001,"Carrickbyrne, Wexford",9,46,82,90,37,41,24,18,50,31,0,10,438
Wexford,2ae19629-1e7c-13a3-e055-000000000001,"Castle Ellis, Wexford",20,72,157,154,70,62,56,66,115,72,6,41,891
Wexford,2ae19629-1e87-13a3-e055-000000000001,"Castle Talbot, Wexford",23,65,117,125,61,46,33,49,77,37,4,30,667
Wexford,2ae19629-1e86-13a3-e055-000000000001,"Castleboro, Wexford",21,60,112,148,46,43,35,57,62,43,0,25,652
Wicklow-Wexford,2ae19629-1e7f-13a3-e055-000000000001,"Castledockrell, Wexford",9,25,75,61,17,26,17,18,48,23,2,23,344
Wexford,2ae19629-1e88-13a3-e055-000000000001,"Clongeen, Wexford",23,81,143,147,51,34,35,32,85,33,7,23,694
Wexford,2ae19629-1e89-13a3-e055-000000000001,"Clonleigh, Wexford",11,34,33,75,24,30,17,15,35,19,0,11,304
Wexford,2ae19629-1e93-13a3-e055-000000000001,"Clonroche, Wexford",55,108,171,181,68,58,40,48,60,39,3,42,873
Wicklow-Wexford,2ae19629-1e94-13a3-e055-000000000001,"Coolgreany, Wexford",26,85,136,143,78,56,50,63,79,65,1,45,827
Wicklow-Wexford,2ae19629-1e9d-13a3-e055-000000000001,"Courtown, Wexford",72,138,267,428,179,119,121,208,307,257,11,87,2194
Wexford,2ae19629-1e9e-13a3-e055-000000000001,"Drinagh, Wexford",23,85,126,178,50,54,50,68,82,68,7,15,806
Wexford,2ae19629-1ea9-13a3-e055-000000000001,"Duncormick, Wexford",17,40,98,91,43,27,27,29,34,29,0,18,453
Wexford,2ae19629-1eaa-13a3-e055-000000000001,"Dunmain, Wexford",7,12,39,39,11,15,14,12,35,16,3,10,213
Wexford,2ae19629-1eab-13a3-e055-000000000001,"Edermine, Wexford",41,121,171,218,76,76,72,81,128,74,6,37,1101
Wexford,2ae19629-1eb7-13a3-e055-000000000001,"Enniscorthy Rural, Wexford",285,697,1204,1581,738,379,327,442,590,356,23,502,7124
Wexford,2ae19629-1eb8-13a3-e055-000000000001,"Enniscorthy Urban, Wexford",120,294,342,376,195,70,89,91,137,71,4,193,1982
Wicklow-Wexford,2ae19629-1eb9-13a3-e055-000000000001,"Ferns, Wexford",48,120,235,247,79,46,56,49,86,47,4,64,1081
Wexford,2ae19629-1eba-13a3-e055-000000000001,"Fethard, Wexford",32,56,112,131,67,44,37,45,68,46,5,55,698
Wicklow-Wexford,2ae19629-1ec5-13a3-e055-000000000001,"Ford, Wexford",15,34,68,108,42,46,32,31,54,49,2,22,503
Wexford,2ae19629-1ec6-13a3-e055-000000000001,"Forth, Wexford",21,64,107,128,44,41,36,53,64,50,1,14,623
Wexford,2ae19629-1ec7-13a3-e055-000000000001,"Glynn, Wexford",5,24,54,83,24,27,24,43,52,38,6,17,397
Wicklow-Wexford,2ae19629-1ed5-13a3-e055-000000000001,"Gorey Rural, Wexford",152,334,756,1159,521,293,306,376,581,366,31,192,5067
Wicklow-Wexford,2ae19629-1ed6-13a3-e055-000000000001,"Gorey Urban, Wexford",81,221,420,584,245,155,141,220,244,173,8,136,2628
Wexford,2ae19629-1ed7-13a3-e055-000000000001,"Harperstown, Wexford",9,26,68,95,23,24,21,34,46,25,7,12,390
Wexford,2ae19629-1ee3-13a3-e055-000000000001,"Harristown, Wexford",13,55,89,61,34,19,21,14,38,42,1,10,397
Wexford,2ae19629-1ee4-13a3-e055-000000000001,"Horetown, Wexford",9,39,67,84,47,33,20,24,57,21,0,25,426
Wicklow-Wexford,2ae19629-1ee5-13a3-e055-000000000001,"Huntingtown, Wexford",4,18,31,30,18,19,13,23,30,24,3,14,227
Wexford,2ae19629-1e2b-13a3-e055-000000000001,"Inch, Wexford",17,36,57,68,40,32,20,31,41,31,1,11,385
Wicklow-Wexford,2ae19629-1e2c-13a3-e055-000000000001,"Kilbora, Wexford",9,20,52,60,19,25,15,21,50,20,0,7,298
Wexford,2ae19629-1e2d-13a3-e055-000000000001,"Kilbride, Wexford",5,20,47,37,19,14,14,21,23,20,2,4,226
Wicklow-Wexford,2ae19629-1e2e-13a3-e055-000000000001,"Kilcomb, Wexford",28,89,142,174,71,58,52,49,84,42,1,15,805
Wicklow-Wexford,2ae19629-1e39-13a3-e055-000000000001,"Kilcormick, Wexford",15,43,79,76,45,30,31,36,56,37,1,14,463
Wexford,2ae19629-1e3a-13a3-e055-000000000001,"Kilcowan, Wexford",26,31,63,88,29,24,22,30,41,21,1,15,391
Wexford,2ae19629-1e3b-13a3-e055-000000000001,"Kilgarvan, Wexford",7,31,52,53,14,16,12,17,32,20,1,2,257
Wicklow-Wexford,2ae19629-1e42-13a3-e055-000000000001,"Kilgorman, Wexford",20,55,71,90,46,44,36,45,84,61,5,29,586
Wexford,2ae19629-1e43-13a3-e055-000000000001,"Killag, Wexford",6,36,60,71,26,26,25,20,37,27,2,14,350
Wexford,2ae19629-1e4e-13a3-e055-000000000001,"Killann, Wexford",20,83,109,157,51,58,38,45,87,49,5,38,740
Wicklow-Wexford,2ae19629-1e4f-13a3-e055-000000000001,"Killenagh, Wexford",15,50,72,87,43,27,22,41,44,28,4,7,440
Wexford,2ae19629-1e59-13a3-e055-000000000001,"Killesk, Wexford",19,46,100,105,50,47,27,34,52,42,6,14,542
Wicklow-Wexford,2ae19629-1e5a-13a3-e055-000000000001,"Killincooly, Wexford",13,30,83,89,47,17,28,35,36,27,3,25,433
Wexford,2ae19629-1e65-13a3-e055-000000000001,"Killinick, Wexford",9,44,113,136,38,67,36,54,85,49,5,32,668
Wexford,2ae19629-1e66-13a3-e055-000000000001,"Killoughrum, Wexford",10,54,104,122,35,56,33,33,74,64,4,28,617
Wexford,2ae19629-1e71-13a3-e055-000000000001,"Killurin, Wexford",12,39,80,111,35,24,28,49,65,39,3,10,495
Wexford,2ae19629-1e72-13a3-e055-000000000001,"Kilmallock, Wexford",26,79,185,209,81,72,64,72,123,71,1,29,1012
Wexford,2ae19629-1e73-13a3-e055-000000000001,"Kilmokea, Wexford",17,80,126,140,43,42,31,41,57,19,0,26,622
Wexford,2ae19629-1e74-13a3-e055-000000000001,"Kilmore, Wexford",55,191,338,346,133,90,95,110,167,86,5,89,1705
Wicklow-Wexford,2ae19629-1e7d-13a3-e055-000000000001,"Kilnahue, Wexford",10,45,51,54,22,20,25,25,53,27,0,6,338
Wexford,2ae19629-1e7e-13a3-e055-000000000001,"Kilpatrick, Wexford",13,31,94,96,38,30,35,63,93,76,4,11,584
Wicklow-Wexford,2ae19629-1e80-13a3-e055-000000000001,"Kilrush, Wexford",25,36,73,58,29,19,13,12,38,20,0,22,345
Wexford,2ae19629-1e8a-13a3-e055-000000000001,"Kilscoran, Wexford",23,67,133,164,47,47,40,55,75,46,5,64,766
Wexford,2ae19629-1e8b-13a3-e055-000000000001,"Kiltealy, Wexford",13,42,68,60,26,30,10,28,38,23,4,18,360
Wexford,2ae19629-1e8c-13a3-e055-000000000001,"Lady's Island, Wexford",29,45,88,78,36,43,34,29,36,31,3,23,475
Wicklow-Wexford,2ae19629-1e95-13a3-e055-000000000001,"Limerick, Wexford",19,43,102,118,57,46,47,38,102,70,4,7,653
Wexford,2ae19629-1e96-13a3-e055-000000000001,"Marshalstown, Wexford",21,64,123,170,64,58,49,61,84,51,2,33,780
Wexford,2ae19629-1e97-13a3-e055-000000000001,"Mayglass, Wexford",13,29,61,70,28,31,23,34,36,40,4,22,391
Wicklow-Wexford,2ae19629-1e9f-13a3-e055-000000000001,"Monamolin, Wexford",18,56,94,115,59,42,37,52,64,29,3,15,584
Wicklow-Wexford,2ae19629-1ea0-13a3-e055-000000000001,"Monaseed, Wexford",9,59,76,83,44,33,23,21,58,45,1,16,468
Wicklow-Wexford,2ae19629-1ea1-13a3-e055-000000000001,"Moyacomb, Wexford",11,30,53,49,21,28,22,23,40,29,4,17,327
Wexford,2ae19629-1ea2-13a3-e055-000000000001,"New Ross Rural, Wexford",61,169,339,546,295,177,170,180,279,140,5,207,2568
Wexford,2ae19629-1eac-13a3-e055-000000000001,"New Ross Urban, Wexford",117,360,516,616,289,147,127,146,175,106,1,233,2833
Wexford,2ae19629-1ead-13a3-e055-000000000001,"Newbawn, Wexford",10,52,75,75,29,35,30,22,41,25,1,15,410
Wexford,2ae19629-1eae-13a3-e055-000000000001,"Newcastle, Wexford",10,42,60,72,25,34,14,27,32,41,4,7,368
Wicklow-Wexford,2ae19629-1eaf-13a3-e055-000000000001,"Newtownbarry, Wexford",79,182,299,306,148,87,82,83,121,83,3,235,1708
Wexford,2ae19629-1ebb-13a3-e055-000000000001,"Old Ross, Wexford",5,24,49,48,25,21,25,25,47,32,0,8,309
Wexford,2ae19629-1eb0-13a3-e055-000000000001,"Oldcourt, Wexford",8,32,68,80,36,30,38,40,77,45,4,16,474
Wexford,2ae19629-1ebc-13a3-e055-000000000001,"Rathaspick, Wexford",26,91,227,256,94,78,73,113,151,115,8,29,1261
Wexford,2ae19629-1ebd-13a3-e055-000000000001,"Rathroe, Wexford",20,72,105,128,40,45,39,63,78,39,1,26,656
Wexford,2ae19629-1ec8-13a3-e055-000000000001,"Rochestown, Wexford",3,13,23,37,12,15,12,17,9,8,3,6,158
Wexford,2ae19629-1ec9-13a3-e055-000000000001,"Rosbercon Urban, Wexford",8,35,60,89,45,26,34,27,50,35,1,62,472
Wicklow-Wexford,2ae19629-1eca-13a3-e055-000000000001,"Rossard, Wexford",14,52,53,62,13,20,20,17,39,36,2,9,337
Wexford,2ae19629-1ecb-13a3-e055-000000000001,"Rosslare, Wexford",45,93,222,367,140,93,86,128,174,162,18,62,1590
Wicklow-Wexford,2ae19629-1ecc-13a3-e055-000000000001,"Rossminoge, Wexford",13,29,70,84,43,38,32,22,72,33,1,9,446
Wexford,2ae19629-1ecd-13a3-e055-000000000001,"St. Helen's, Wexford",80,140,272,435,188,104,118,132,143,92,3,157,1864
Wicklow-Wexford,2ae19629-1ed8-13a3-e055-000000000001,"St. Mary's, Wexford",10,44,90,94,46,52,23,35,73,32,1,28,528
Wexford,2ae19629-1ed9-13a3-e055-000000000001,"Tacumshin, Wexford",15,31,74,72,31,27,13,31,27,28,2,10,361
Wexford,2ae19629-1eda-13a3-e055-000000000001,"Taghmon, Wexford",42,122,128,173,65,35,39,30,43,22,1,90,790
Wexford,2ae19629-1ee6-13a3-e055-000000000001,"Templeludigan, Wexford",6,37,39,64,20,27,19,27,38,33,2,2,314
Wexford,2ae19629-1ee7-13a3-e055-000000000001,"Templetown, Wexford",12,39,52,97,53,36,43,39,68,49,5,15,508
Wicklow-Wexford,2ae19629-1ee8-13a3-e055-000000000001,"The Harrow, Wexford",14,35,68,81,32,24,25,21,38,15,3,6,362
Wexford,2ae19629-1ee9-13a3-e055-000000000001,"The Leap, Wexford",19,93,138,129,68,42,44,57,73,45,0,6,714
Wicklow-Wexford,2ae19629-1e2f-13a3-e055-000000000001,"Tinnacross, Wexford",20,54,133,150,46,39,44,46,93,39,2,30,696
Wexford,2ae19629-1e30-13a3-e055-000000000001,"Tintern, Wexford",34,140,210,223,90,97,65,81,140,77,3,43,1203
Wicklow-Wexford,2ae19629-1e3c-13a3-e055-000000000001,"Tombrack, Wexford",21,59,92,97,38,49,26,37,59,35,2,59,574
Wexford,2ae19629-1e3d-13a3-e055-000000000001,"Tomhaggard, Wexford",9,47,78,90,28,25,23,23,47,14,1,26,411
Wicklow-Wexford,2ae19629-1e44-13a3-e055-000000000001,"Wells, Wexford",22,49,110,120,54,34,37,38,74,37,2,26,603
Wexford,2ae19629-1e46-13a3-e055-000000000001,"Wexford No. 1 Urban, Wexford",48,129,243,266,103,54,62,104,135,127,11,51,1333
Wexford,2ae19629-1e5d-13a3-e055-000000000001,"Wexford No. 2 Urban, Wexford",124,366,704,678,271,136,135,158,275,146,12,158,3163
Wexford,2ae19629-1e5c-13a3-e055-000000000001,"Wexford No. 3 Urban, Wexford",21,70,154,228,85,51,58,79,130,83,4,71,1034
Wexford,2ae19629-1e45-13a3-e055-000000000001,"Wexford Rural, Wexford",287,755,1589,1961,823,445,477,669,1091,780,65,503,9445
Wexford,2ae19629-1e50-13a3-e055-000000000001,"Whitechurch, Wexford, 247119",9,39,67,70,30,28,21,22,39,20,1,15,361
Wexford,2ae19629-1e51-13a3-e055-000000000001,"Whitechurch, Wexford, 247120",3,36,65,79,43,42,36,36,59,40,5,3,447
Wexford,2ae19629-1e52-13a3-e055-000000000001,"Whitemoor, Wexford",12,42,68,85,32,35,25,31,41,29,1,2,403
Wicklow-Wexford,2ae19629-1e5b-13a3-e055-000000000001,"Wingfield, Wexford",22,66,111,131,64,42,51,47,71,43,6,21,675
Wicklow-Wexford,2ae19629-1e5e-13a3-e055-000000000001,"Aghowle, Wicklow",7,23,30,36,20,10,7,8,17,7,0,17,182
Wicklow,2ae19629-1e67-13a3-e055-000000000001,"Altidore, Wicklow",6,22,31,38,18,18,9,24,45,38,4,8,261
Wicklow-Wexford,2ae19629-1e69-13a3-e055-000000000001,"Arklow No. 1 Urban, Wicklow",203,603,1272,1457,677,422,386,476,570,322,18,384,6790
Wicklow-Wexford,2ae19629-1ee1-13a3-e055-000000000001,"Arklow No. 2 Urban, Wicklow",46,123,305,425,172,92,133,180,229,164,19,100,1988
Wicklow-Wexford,2ae19629-1e68-13a3-e055-000000000001,"Arklow Rural, Wicklow",37,76,125,181,81,90,65,74,112,73,6,23,943
Wicklow-Wexford,2ae19629-1e6a-13a3-e055-000000000001,"Aughrim, Wicklow",35,98,198,240,106,107,95,113,139,106,10,66,1313
Wicklow-Wexford,2ae19629-1e6b-13a3-e055-000000000001,"Ballinaclash, Wicklow",11,53,73,70,32,31,28,55,44,45,5,17,464
Wicklow-Wexford,2ae19629-1e75-13a3-e055-000000000001,"Ballinacor, Wicklow",3,18,26,37,23,30,16,31,32,20,1,0,237
Wicklow-Wexford,2ae19629-1e76-13a3-e055-000000000001,"Ballinderry, Wicklow",9,20,45,60,27,26,23,35,52,39,4,9,349
Wicklow-Wexford,2ae19629-1e77-13a3-e055-000000000001,"Ballingate, Wicklow",14,35,67,56,19,24,19,15,28,25,1,3,306
Wicklow-Wexford,2ae19629-1e81-13a3-e055-000000000001,"Ballinglen, Wicklow",2,23,26,25,17,16,10,8,16,5,1,15,164
Wicklow,2ae19629-1e82-13a3-e055-000000000001,"Ballinguile, Wicklow",1,6,12,12,5,12,6,8,19,14,1,4,100
Wicklow-Wexford,2ae19629-1e83-13a3-e055-000000000001,"Ballyarthur, Wicklow",17,60,110,143,59,60,50,75,86,75,9,33,777
Wicklow-Wexford,2ae19629-1e8d-13a3-e055-000000000001,"Ballybeg, Wicklow",6,9,29,26,7,9,8,9,29,16,0,9,157
Wicklow,2ae19629-1e8e-13a3-e055-000000000001,"Ballycullen, Wicklow",6,6,26,49,9,11,13,20,44,39,3,3,229
Wicklow,2ae19629-1e8f-13a3-e055-000000000001,"Baltinglass, Wicklow",56,194,339,398,157,121,126,137,178,120,8,159,1993
Wicklow,2ae19629-1e98-13a3-e055-000000000001,"Blessington, Wicklow",54,178,445,570,280,199,198,264,372,273,24,102,2959
Wicklow,2ae19629-1ee2-13a3-e055-000000000001,"Bray No. 1, Wicklow",67,143,170,178,108,60,64,96,137,135,13,79,1250
Wicklow,2ae19629-1eed-13a3-e055-000000000001,"Bray No. 2, Wicklow",75,210,386,723,367,205,272,485,807,806,100,429,4865
Wicklow,2ae19629-1e99-13a3-e055-000000000001,"Bray No. 3, Wicklow",115,359,594,825,400,244,255,403,642,572,67,207,4683
Wicklow,2ae19629-1ea3-13a3-e055-000000000001,"Brockagh, Wicklow",9,44,81,103,32,41,36,41,70,63,3,18,541
Wicklow,2ae19629-1ea4-13a3-e055-000000000001,"Burgage, Wicklow",26,76,143,297,133,109,87,139,167,135,14,44,1370
Wicklow,2ae19629-1eb1-13a3-e055-000000000001,"Calary, Wicklow",8,12,19,37,22,31,12,17,35,30,5,13,241
Wicklow-Wexford,2ae19629-1eb2-13a3-e055-000000000001,"Carnew, Wicklow",72,149,251,256,103,79,62,64,98,51,4,75,1264
Wicklow-Wexford,2ae19629-1eb3-13a3-e055-000000000001,"Coolattin, Wicklow",9,22,30,32,12,15,9,21,23,24,0,7,204
Wicklow,2ae19629-1ebe-13a3-e055-000000000001,"Coolballintaggart, Wicklow",12,35,74,65,33,32,9,34,24,11,3,14,346
Wicklow-Wexford,2ae19629-1ebf-13a3-e055-000000000001,"Coolboy, Wicklow",15,48,76,82,34,29,21,23,48,25,1,10,412
Wicklow-Wexford,2ae19629-1ec0-13a3-e055-000000000001,"Cronebane, Wicklow",22,49,68,65,21,19,17,21,39,30,3,21,375
Wicklow-Wexford,2ae19629-1ece-13a3-e055-000000000001,"Cronelea, Wicklow",6,16,34,25,7,7,7,11,7,10,2,3,135
Wicklow,2ae19629-1ecf-13a3-e055-000000000001,"Delgany, Wicklow",40,214,396,664,288,189,299,507,995,1000,109,116,4817
Wicklow,2ae19629-1ed0-13a3-e055-000000000001,"Donaghmore, Wicklow",5,31,45,59,35,22,21,22,37,21,2,8,308
Wicklow,2ae19629-1ed1-13a3-e055-000000000001,"Donard, Wicklow",9,29,62,95,22,28,20,29,49,33,6,6,388
Wicklow-Wexford,2ae19629-1edb-13a3-e055-000000000001,"Dunganstown East, Wicklow",15,23,51,112,50,30,55,90,95,105,10,29,665
Wicklow-Wexford,2ae19629-1edc-13a3-e055-000000000001,"Dunganstown South, Wicklow",16,36,97,114,55,54,43,54,95,58,3,15,640
Wicklow-Wexford,2ae19629-1eea-13a3-e055-000000000001,"Dunganstown West, Wicklow",13,14,37,45,21,27,31,33,65,41,7,16,350
Wicklow,2ae19629-1eeb-13a3-e055-000000000001,"Dunlavin, Wicklow",29,104,188,178,86,68,47,71,96,64,4,86,1021
Wicklow,2ae19629-1eec-13a3-e055-000000000001,"Eadestown, Wicklow",9,5,37,19,11,12,5,8,14,13,1,8,142
Wicklow-Wexford,2ae19629-1e31-13a3-e055-000000000001,"Ennereilly, Wicklow",7,24,37,50,29,23,20,30,44,38,4,18,324
Wicklow,2ae19629-1e32-13a3-e055-000000000001,"Enniskerry, Wicklow",36,101,181,331,119,100,148,192,395,395,48,127,2173
Wicklow,2ae19629-1e3e-13a3-e055-000000000001,"Glendalough, Wicklow",3,22,27,41,17,22,15,19,14,29,2,4,215
Wicklow,2ae19629-1e3f-13a3-e055-000000000001,"Glenealy, Wicklow",59,121,282,320,156,142,139,188,232,221,31,55,1946
Wicklow,2ae19629-1e47-13a3-e055-000000000001,"Greystones, Wicklow",35,164,382,855,305,229,361,601,1131,1111,132,254,5560
Wicklow,2ae19629-1e48-13a3-e055-000000000001,"Hartstown, Wicklow",0,17,30,34,14,20,12,14,28,18,0,4,191
Wicklow,2ae19629-1e49-13a3-e055-000000000001,"Hollywood, Wicklow",10,31,60,100,31,53,45,49,86,55,7,25,552
Wicklow,2ae19629-1e4a-13a3-e055-000000000001,"Humewood, Wicklow",17,21,42,46,18,22,15,14,22,17,1,7,242
Wicklow,2ae19629-1e53-13a3-e055-000000000001,"Imael North, Wicklow",2,10,23,29,12,16,17,10,22,21,1,5,168
Wicklow,2ae19629-1e54-13a3-e055-000000000001,"Imael South, Wicklow",7,30,38,31,16,20,12,8,10,13,1,8,194
Wicklow-Wexford,2ae19629-1e55-13a3-e055-000000000001,"Kilballyowen, Wicklow",5,21,42,46,16,21,17,25,21,18,3,5,240
Wicklow,2ae19629-1e5f-13a3-e055-000000000001,"Kilbride, Wicklow, 257046",14,43,97,144,51,54,47,63,114,92,14,24,757
Wicklow-Wexford,2ae19629-1e60-13a3-e055-000000000001,"Kilbride, Wicklow, 257047",38,54,99,111,56,42,36,65,85,46,5,39,676
Wicklow,2ae19629-1e61-13a3-e055-000000000001,"Kilcoole, Wicklow",118,278,660,1144,595,428,493,811,1286,1189,103,410,7515
Wicklow-Wexford,2ae19629-1e6c-13a3-e055-000000000001,"Killinure, Wicklow",14,32,49,39,17,16,14,22,30,14,2,10,259
Wicklow,2ae19629-1e6d-13a3-e055-000000000001,"Killiskey, Wicklow",30,34,85,178,60,66,63,120,214,169,25,36,1080
Wicklow,2ae19629-1e78-13a3-e055-000000000001,"Kilmacanoge, Wicklow",216,647,1302,1847,839,557,646,837,1344,1129,133,452,9949
Wicklow-Wexford,2ae19629-1e79-13a3-e055-000000000001,"Kilpipe, Wicklow",5,39,57,55,26,35,14,14,45,18,2,8,318
Wicklow,2ae19629-1e84-13a3-e055-000000000001,"Knockrath, Wicklow",5,15,29,28,8,17,10,16,15,17,2,9,171
Wicklow,2ae19629-1e85-13a3-e055-000000000001,"Lackan, Wicklow",12,44,66,80,38,56,32,33,111,78,10,13,573
Wicklow,2ae19629-1e90-13a3-e055-000000000001,"Lugglass, Wicklow",1,8,25,14,13,9,5,6,22,16,0,9,128
Wicklow-Wexford,2ae19629-1e91-13a3-e055-000000000001,"Money, Wicklow",2,13,19,22,3,4,5,8,15,18,1,5,115
Wicklow,2ae19629-1e92-13a3-e055-000000000001,"Moneystown, Wicklow",2,15,27,28,18,17,18,14,48,30,4,1,222
Wicklow,2ae19629-1e9a-13a3-e055-000000000001,"Newcastle Lower, Wicklow",37,121,204,321,133,93,97,171,220,199,27,55,1678
Wicklow,2ae19629-1e9b-13a3-e055-000000000001,"Newcastle Upper, Wicklow",66,194,397,580,262,202,211,312,400,318,27,112,3081
Wicklow,2ae19629-1e9c-13a3-e055-000000000001,"Oldtown, Wicklow",10,37,53,78,35,37,30,40,69,47,4,8,448
Wicklow-Wexford,2ae19629-1ea5-13a3-e055-000000000001,"Ovoca, Wicklow",27,50,96,95,35,31,27,42,44,38,8,32,525
Wicklow,2ae19629-1ea6-13a3-e055-000000000001,"Powerscourt, Wicklow",4,27,50,87,26,26,41,57,118,119,22,48,625
Wicklow-Wexford,2ae19629-1ea7-13a3-e055-000000000001,"Rath, Wicklow",14,14,40,26,18,7,14,15,18,22,0,11,199
Wicklow,2ae19629-1ea8-13a3-e055-000000000001,"Rathdangan, Wicklow",12,33,47,44,24,27,16,52,32,32,4,14,337
Wicklow-Wexford,2ae19629-1eb4-13a3-e055-000000000001,"Rathdrum, Wicklow",77,183,296,338,158,140,128,170,226,195,16,149,2076
Wicklow,2ae19629-1eee-13a3-e055-000000000001,"Rathmichael (Bray), Wicklow",80,242,365,323,112,76,75,49,93,70,13,56,1554
Wicklow,2ae19629-1eb5-13a3-e055-000000000001,"Rathsallagh, Wicklow",10,15,29,26,20,13,11,15,28,13,2,9,191
Wicklow-Wexford,2ae19629-1eb6-13a3-e055-000000000001,"Shillelagh, Wicklow",11,35,79,85,24,40,20,40,37,30,4,20,425
Wicklow,2ae19629-1ec1-13a3-e055-000000000001,"Stratford, Wicklow",12,23,43,63,29,26,19,35,43,21,1,10,325
Wicklow,2ae19629-1ec2-13a3-e055-000000000001,"Talbotstown, Wicklow",8,18,59,52,23,27,15,20,49,20,1,14,306
Wicklow,2ae19629-1ec3-13a3-e055-000000000001,"The Grange, Wicklow",4,25,53,50,32,26,18,21,51,41,2,8,331
Wicklow-Wexford,2ae19629-1ec4-13a3-e055-000000000001,"Tinahely, Wicklow",46,105,207,172,100,94,71,94,86,71,6,42,1094
Wicklow,2ae19629-1ed2-13a3-e055-000000000001,"Tober, Wicklow",2,20,50,47,26,31,20,31,48,34,4,11,324
Wicklow,2ae19629-1ed3-13a3-e055-000000000001,"Togher, Wicklow, 257073",7,21,45,56,12,20,9,15,29,17,3,22,256
Wicklow,2ae19629-1ed4-13a3-e055-000000000001,"Togher, Wicklow, 257074",37,61,132,169,78,68,64,75,107,94,9,34,928
Wicklow,2ae19629-1edd-13a3-e055-000000000001,"Trooperstown, Wicklow",3,27,24,46,19,15,12,22,29,30,8,4,239
Wicklow,2ae19629-1ede-13a3-e055-000000000001,"Tuckmill, Wicklow",2,17,32,34,12,26,18,16,21,7,1,3,189
Wicklow,2ae19629-1edf-13a3-e055-000000000001,"Wicklow Rural, Wicklow",149,290,740,1143,524,425,454,589,908,708,56,222,6208
Wicklow,2ae19629-1ee0-13a3-e055-000000000001,"Wicklow Urban, Wicklow",149,353,764,1020,449,279,309,395,579,425,41,187,4950
Clare,2ae19629-1fb1-13a3-e055-000000000001,"Abbey, Clare",10,32,28,76,22,22,22,38,55,56,11,25,397
Clare,2ae19629-1fba-13a3-e055-000000000001,"Annagh, Clare",9,40,56,58,38,25,23,24,40,27,4,31,375
Clare,2ae19629-1fbb-13a3-e055-000000000001,"Ayle, Clare",3,12,29,26,12,15,14,23,35,18,3,62,252
Clare,2ae19629-1fbc-13a3-e055-000000000001,"Ballagh, Clare",3,15,21,20,16,15,6,15,14,17,0,1,143
Clare,2ae19629-1fc3-13a3-e055-000000000001,"Ballyblood, Clare",2,7,8,15,10,9,9,9,13,20,0,3,105
Clare,2ae19629-1fc4-13a3-e055-000000000001,"Ballycannan, Clare",33,51,139,145,36,40,33,51,63,44,7,44,686
Clare,2ae19629-1fc5-13a3-e055-000000000001,"Ballyea, Clare",4,58,88,126,39,36,24,33,56,55,2,8,529
Clare,dbab8c3d-d659-4fa5-ad92-f90a6bf64249,"Ballyeighter/Glenroe, Clare",0,16,19,31,11,12,11,9,22,10,2,7,150
Clare,2ae19629-1fd0-13a3-e055-000000000001,"Ballyglass, Clare",44,201,495,819,334,248,257,354,560,400,43,207,3962
Clare,2ae19629-1fd1-13a3-e055-000000000001,"Ballynacally, Clare",7,20,22,36,14,15,9,11,18,16,0,4,172
Clare,2ae19629-1fd9-13a3-e055-000000000001,"Ballynahinch, Clare",2,14,23,33,9,8,14,11,24,11,0,28,177
Clare,2ae19629-1fda-13a3-e055-000000000001,"Ballysteen, Clare",10,25,40,73,15,11,19,23,40,36,1,11,304
Clare,2ae19629-1fdb-13a3-e055-000000000001,"Ballyvaskin, Clare",6,15,41,68,23,21,25,26,32,21,3,11,292
Clare,2ae19629-1fe3-13a3-e055-000000000001,"Boherglass, Clare",3,13,34,37,20,13,9,12,14,18,2,15,190
Clare,2ae19629-1fe4-13a3-e055-000000000001,"Boston, Clare",5,24,25,65,15,13,14,17,32,36,8,4,258
Clare,2ae19629-1fe5-13a3-e055-000000000001,"Caher, Clare",4,14,18,36,15,9,4,13,20,18,2,13,166
Clare,2ae19629-1fed-13a3-e055-000000000001,"Caherhurly, Clare",4,5,20,24,10,8,10,10,17,15,6,9,138
Clare,2ae19629-1fef-13a3-e055-000000000001,"Cahermurphy, Clare",2,16,27,30,13,8,12,13,25,8,0,1,155
Clare,d2d757ef-f2c3-4a10-b5f8-f976c6c78335,"Cahermurphy/Corlea, Clare",3,11,16,9,10,13,11,14,22,9,0,27,145
Clare,2ae19629-1ff7-13a3-e055-000000000001,"Cappaghabaun, Clare",0,6,9,19,10,11,10,9,14,12,0,56,156
Clare,2ae19629-1ff8-13a3-e055-000000000001,"Cappavilla, Clare",3,18,21,40,22,11,9,19,41,25,8,21,238
Clare,2ae19629-1ff9-13a3-e055-000000000001,"Carran, Clare",0,8,13,7,5,3,7,5,18,5,3,0,74
Clare,2ae19629-2003-13a3-e055-000000000001,"Carrowbaun, Clare",1,5,11,11,5,7,4,12,17,20,3,7,103
Clare,2ae19629-2004-13a3-e055-000000000001,"Castlecrine, Clare",5,17,40,60,30,21,31,24,51,34,3,5,321
Clare,2ae19629-2005-13a3-e055-000000000001,"Castletown, Clare",0,8,7,4,3,5,5,7,2,3,2,0,46
Clare,2ae19629-2006-13a3-e055-000000000001,"Clareabbey, Clare",43,155,326,450,172,161,143,195,376,256,21,39,2337
Clare,2ae19629-200e-13a3-e055-000000000001,"Clenagh, Clare",153,475,1018,1782,667,452,463,523,651,412,38,402,7036
Clare,2ae19629-200f-13a3-e055-000000000001,"Cloghaun, Clare",2,11,8,27,10,10,5,18,19,17,4,9,140
Clare,2ae19629-2018-13a3-e055-000000000001,"Cloghera, Clare",8,33,40,74,19,38,18,29,58,55,5,5,382
Clare,2ae19629-2019-13a3-e055-000000000001,"Clondagad, Clare",13,47,74,81,37,31,21,38,58,36,2,7,445
Clare,2ae19629-2021-13a3-e055-000000000001,"Cloonadrum, Clare",12,32,61,73,28,18,25,29,24,13,2,11,328
Clare,2ae19629-2022-13a3-e055-000000000001,"Cloonanaha, Clare",3,26,35,28,21,10,10,11,27,15,0,7,193
Clare,2ae19629-2029-13a3-e055-000000000001,"Clooncoorha, Clare",4,27,49,57,20,18,10,15,30,16,1,7,254
Clare,2ae19629-202a-13a3-e055-000000000001,"Clooney, Clare, 037034",8,17,33,31,12,14,15,7,13,18,0,5,173
Clare,2ae19629-2037-13a3-e055-000000000001,"Clooney, Clare, 037035",7,19,45,70,19,19,22,48,45,36,1,7,338
Clare,2ae19629-2038-13a3-e055-000000000001,"Cloontra, Clare",2,16,18,27,10,23,18,18,21,14,3,4,174
Clare,2ae19629-1f9d-13a3-e055-000000000001,"Cloonusker, Clare",3,13,21,16,12,13,12,11,13,11,0,77,202
Clare,2ae19629-1f9e-13a3-e055-000000000001,"Coolmeen, Clare",9,25,35,40,10,22,9,18,15,11,0,2,196
Clare,2ae19629-1f9f-13a3-e055-000000000001,"Coolreagh, Clare",4,9,13,18,18,16,6,8,6,12,1,47,158
Clare,2ae19629-1fa8-13a3-e055-000000000001,"Cooraclare, Clare",8,35,66,72,30,22,18,30,44,23,1,7,356
Clare,2ae19629-1fb2-13a3-e055-000000000001,"Corrofin, Clare",21,74,129,194,61,50,58,66,111,93,4,45,906
Clare,2ae19629-1fb3-13a3-e055-000000000001,"Cratloe, Clare",6,40,82,174,54,61,69,85,189,150,16,73,999
Clare,2ae19629-1fbd-13a3-e055-000000000001,"Creegh, Clare",7,27,42,68,28,30,19,18,33,20,1,10,303
Clare,2ae19629-1fbe-13a3-e055-000000000001,"Crusheen, Clare",7,27,62,139,57,52,44,63,118,96,8,14,687
Clare,2ae19629-1fc6-13a3-e055-000000000001,"Dangan, Clare",1,15,17,34,8,6,14,19,24,19,3,2,162
Clare,2ae19629-1fc7-13a3-e055-000000000001,"Derreen, Clare",2,19,14,8,7,4,7,6,12,13,0,4,96
Clare,2ae19629-1fc8-13a3-e055-000000000001,"Derrynagittagh, Clare",7,10,17,12,11,9,2,7,18,11,1,11,116
Clare,2ae19629-1fd2-13a3-e055-000000000001,"Doonbeg, Clare",21,49,77,139,43,38,25,57,54,39,5,31,578
Clare,2ae19629-1fd3-13a3-e055-000000000001,"Doora, Clare",19,53,149,227,97,117,85,130,251,202,16,34,1380
Clare,2ae19629-1fdc-13a3-e055-000000000001,"Drumcreehy, Clare",3,20,39,49,23,21,21,36,63,58,9,13,355
Clare,2ae19629-1fdd-13a3-e055-000000000001,"Drumellihy, Clare",6,40,46,60,19,34,19,28,24,20,0,8,304
Clare,2ae19629-1fe6-13a3-e055-000000000001,"Drumline, Clare",5,26,56,134,32,50,28,51,95,77,9,16,579
Clare,2ae19629-1fe7-13a3-e055-000000000001,"Drummaan, Clare",9,32,63,82,35,37,35,36,50,40,2,14,435
Clare,2ae19629-1ff0-13a3-e055-000000000001,"Dysert, Clare",8,12,51,56,14,18,13,13,25,16,2,12,240
Clare,2ae19629-1ff1-13a3-e055-000000000001,"Einagh, Clare",4,18,49,43,23,24,11,15,18,16,2,5,228
Clare,2ae19629-2034-13a3-e055-000000000001,"Ennis No. 1 Urban, Clare",51,118,205,238,78,43,49,73,84,80,4,91,1114
Clare,2ae19629-1ffb-13a3-e055-000000000001,"Ennis No. 2 Urban, Clare",53,137,223,331,120,80,77,77,78,45,1,222,1444
Clare,2ae19629-2035-13a3-e055-000000000001,"Ennis No. 3 Urban, Clare",0,9,14,32,12,7,6,17,10,17,0,22,146
Clare,2ae19629-2036-13a3-e055-000000000001,"Ennis No. 4 Urban, Clare",17,93,183,264,94,58,53,103,112,90,11,81,1159
Clare,2ae19629-1ffa-13a3-e055-000000000001,"Ennis Rural, Clare",191,625,1211,2359,1006,705,713,1144,1783,1577,122,897,12333
Clare,2ae19629-1ffc-13a3-e055-000000000001,"Ennistimon, Clare",49,90,227,359,127,95,90,142,248,187,19,130,1763
Clare,2ae19629-2007-13a3-e055-000000000001,"Fahymore, Clare",5,13,36,51,22,18,11,24,31,27,4,6,248
Clare,2ae19629-2008-13a3-e055-000000000001,"Feakle, Clare",4,25,29,43,22,15,13,12,28,25,5,100,321
Clare,2ae19629-2010-13a3-e055-000000000001,"Formoyle, Clare",6,24,33,22,14,8,10,11,9,8,0,7,152
Clare,2ae19629-2011-13a3-e055-000000000001,"Furroor, Clare",5,17,39,34,25,20,8,14,16,16,1,3,198
Clare,2ae19629-201a-13a3-e055-000000000001,"Glendree, Clare",1,10,10,18,9,6,6,23,21,18,2,6,130
Clare,2ae19629-201b-13a3-e055-000000000001,"Gleninagh, Clare",6,2,13,14,9,7,7,11,12,18,1,7,107
Clare,2ae19629-2023-13a3-e055-000000000001,"Glenmore, Clare",9,22,58,59,28,20,9,20,24,12,0,4,265
Clare,474c0dcb-9782-425a-b173-468d6e8de86e,"Inishcaltra South/Inishcaltra North, Clare",11,13,24,35,15,20,18,27,26,22,1,51,263
Clare,2ae19629-202d-13a3-e055-000000000001,"Kilballyowen, Clare",4,26,35,38,18,17,9,11,13,10,0,4,185
Clare,2ae19629-202e-13a3-e055-000000000001,"Kilchreest, Clare",6,28,56,71,22,26,19,15,37,25,2,7,314
Clare,2ae19629-202f-13a3-e055-000000000001,"Kilcloher, Clare",4,31,67,127,26,35,24,38,72,49,4,16,493
Clare,2ae19629-2039-13a3-e055-000000000001,"Kilfearagh, Clare",2,26,44,76,14,9,13,18,27,21,3,15,268
Clare,2ae19629-203a-13a3-e055-000000000001,"Kilfenora, Clare",8,22,43,47,27,14,17,22,35,29,1,8,273
Clare,2ae19629-1fa0-13a3-e055-000000000001,"Kilfiddane, Clare",6,25,44,48,23,23,15,18,24,16,1,4,247
Clare,2ae19629-1fa1-13a3-e055-000000000001,"Kilkee, Clare",29,95,128,183,46,38,40,64,66,52,4,173,918
Clare,2ae19629-1fa2-13a3-e055-000000000001,"Kilkishen, Clare",18,61,97,169,48,58,37,59,81,52,2,18,700
Clare,2ae19629-1faa-13a3-e055-000000000001,"Killadysert, Clare",18,72,117,133,74,57,38,37,67,40,1,16,670
Clare,2ae19629-1fab-13a3-e055-000000000001,"Killaloe, Clare",34,97,191,259,120,90,85,125,219,193,40,118,1571
Clare,2ae19629-1fac-13a3-e055-000000000001,"Killanena, Clare",8,31,33,25,9,11,10,11,20,13,1,15,187
Clare,2ae19629-1fb4-13a3-e055-000000000001,"Killanniv, Clare",14,32,84,116,46,42,43,41,60,52,5,15,550
Clare,2ae19629-1fb5-13a3-e055-000000000001,"Killard, Clare",7,17,31,48,13,21,11,18,21,17,2,13,219
Clare,2ae19629-1fb6-13a3-e055-000000000001,"Killaspuglonane, Clare",5,9,33,43,23,15,16,14,27,26,0,7,218
Clare,2ae19629-1fbf-13a3-e055-000000000001,"Killeely, Clare",4,28,61,92,32,37,37,44,110,82,2,77,606
Clare,2ae19629-1fc0-13a3-e055-000000000001,"Killilagh, Clare",5,49,78,107,35,52,31,50,64,69,4,40,584
Clare,2ae19629-1fc9-13a3-e055-000000000001,"Killimer, Clare",6,22,58,66,39,30,23,17,27,13,0,10,311
Clare,2ae19629-1fca-13a3-e055-000000000001,"Killinaboy, Clare",7,16,41,53,23,15,13,18,28,25,0,8,247
Clare,2ae19629-1fcb-13a3-e055-000000000001,"Killofin, Clare",10,38,37,44,16,17,14,14,13,15,1,4,223
Clare,2ae19629-1fcc-13a3-e055-000000000001,"Killokennedy, Clare",1,9,12,22,9,9,6,7,13,13,0,4,105
Clare,2ae19629-1fd4-13a3-e055-000000000001,"Killone, Clare",10,22,57,76,23,31,28,43,71,40,1,6,408
Clare,2ae19629-1fd5-13a3-e055-000000000001,"Killuran, Clare",4,30,39,72,20,25,14,17,42,27,1,13,304
Clare,2ae19629-1fde-13a3-e055-000000000001,"Kilmihil, Clare",14,47,99,107,52,31,24,30,43,22,4,16,489
Clare,2ae19629-1fdf-13a3-e055-000000000001,"Kilmurry, Clare, 037094",12,18,32,30,16,13,10,17,22,14,0,15,199
Clare,2ae19629-1fe8-13a3-e055-000000000001,"Kilmurry, Clare, 037095",27,46,89,126,51,46,35,49,52,49,2,19,591
Clare,2ae19629-1fe9-13a3-e055-000000000001,"Kilnamona, Clare",7,37,105,123,46,45,34,48,112,66,6,5,634
Clare,2ae19629-1ff2-13a3-e055-000000000001,"Kilraghtis, Clare",2,14,43,73,25,24,32,34,59,41,3,13,363
Clare,2ae19629-1ff3-13a3-e055-000000000001,"Kilrush Rural, Clare",15,22,71,99,51,46,42,40,42,52,2,25,507
Clare,2ae19629-1ff4-13a3-e055-000000000001,"Kilrush Urban, Clare",59,267,348,390,203,64,93,144,143,97,4,154,1966
Clare,2ae19629-1ffd-13a3-e055-000000000001,"Kilseily, Clare",10,34,57,104,43,49,45,45,68,53,6,17,531
Clare,2ae19629-1ffe-13a3-e055-000000000001,"Kilshanny, Clare",1,11,17,13,7,7,3,10,17,10,0,6,102
Clare,2ae19629-2009-13a3-e055-000000000001,"Kiltannon, Clare",2,7,13,34,10,7,6,17,16,19,1,1,133
Clare,2ae19629-200a-13a3-e055-000000000001,"Kiltenanlea, Clare",23,64,146,251,82,88,101,139,177,151,17,13,1252
Clare,2ae19629-200b-13a3-e055-000000000001,"Kiltoraght, Clare",3,14,20,21,7,7,7,19,14,15,1,4,132
Clare,2ae19629-2012-13a3-e055-000000000001,"Kinturk, Clare",0,21,30,50,24,20,7,19,23,10,0,11,215
Clare,2ae19629-2013-13a3-e055-000000000001,"Knock, Clare",7,8,32,37,16,10,10,10,15,14,0,12,171
Clare,2ae19629-201c-13a3-e055-000000000001,"Knocknaboley, Clare",2,35,37,40,21,16,6,13,21,11,2,2,206
Clare,2ae19629-201d-13a3-e055-000000000001,"Knocknagore, Clare",7,15,21,43,14,7,7,8,22,6,1,1,152
Clare,2ae19629-201e-13a3-e055-000000000001,"Kyle, Clare",10,10,22,40,14,19,10,23,35,27,3,12,225
Clare,2ae19629-2025-13a3-e055-000000000001,"Lackareagh, Clare",4,4,9,15,5,8,6,12,10,10,2,1,86
Clare,2ae19629-2026-13a3-e055-000000000001,"Liscannor, Clare",3,23,29,69,20,26,21,32,44,41,4,26,338
Clare,2ae19629-2030-13a3-e055-000000000001,"Liscasey, Clare",7,49,60,79,24,32,26,33,46,27,1,4,388
Clare,2ae19629-2031-13a3-e055-000000000001,"Lisdoonvarna, Clare",10,45,84,102,43,22,31,44,44,35,1,406,867
Clare,2ae19629-203b-13a3-e055-000000000001,"Lisheen, Clare",12,30,75,82,26,37,24,32,65,37,1,9,430
Clare,2ae19629-203c-13a3-e055-000000000001,"Loughea, Clare",3,7,20,22,6,10,5,7,9,9,2,8,108
Clare,2ae19629-1fa3-13a3-e055-000000000001,"Lurraga, Clare",6,12,29,20,16,14,14,24,23,16,0,38,212
Clare,2ae19629-1fa4-13a3-e055-000000000001,"Magherareagh, Clare",6,20,35,42,14,17,11,18,23,19,3,16,224
Clare,2ae19629-1fad-13a3-e055-000000000001,"Milltown Malbay, Clare",31,79,167,239,113,90,63,108,150,145,10,95,1290
Clare,2ae19629-1fae-13a3-e055-000000000001,"Mount Elva, Clare",1,8,16,14,0,3,4,5,10,7,0,1,69
Clare,2ae19629-1fb7-13a3-e055-000000000001,"Mountievers, Clare",13,51,104,144,78,80,56,92,122,105,18,13,876
Clare,2ae19629-1fb8-13a3-e055-000000000001,"Mountshannon, Clare",0,19,31,62,20,30,15,46,47,34,6,18,328
Clare,ee73a85e-7ac6-4aa6-82d2-09c321be7258,"Moveen/Tullig, Clare",5,17,17,28,15,8,10,8,13,7,1,6,135
Clare,2ae19629-1fc1-13a3-e055-000000000001,"Moy, Clare",6,47,65,104,42,30,37,57,65,63,6,25,547
Clare,2ae19629-1fc2-13a3-e055-000000000001,"Moyarta, Clare",8,19,36,47,7,8,9,11,12,14,1,6,178
Clare,2ae19629-1fcd-13a3-e055-000000000001,"Muckanagh, Clare",2,17,42,44,21,13,19,22,35,22,0,8,245
Clare,2ae19629-1fce-13a3-e055-000000000001,"Mullagh, Clare",3,22,22,26,19,16,8,7,9,4,1,12,149
Clare,2ae19629-1fd6-13a3-e055-000000000001,"Newgrove, Clare",3,16,28,30,18,12,13,21,24,21,1,6,193
Clare,2ae19629-1fd7-13a3-e055-000000000001,"Newmarket, Clare",33,111,196,324,133,84,71,115,151,102,12,114,1446
Clare,2ae19629-1fd8-13a3-e055-000000000001,"Noughaval, Clare",2,7,14,17,4,4,4,6,10,3,1,1,73
Clare,2ae19629-1fe0-13a3-e055-000000000001,"O'briensbridge, Clare",6,27,50,72,35,23,29,40,78,54,12,28,454
Clare,2ae19629-1fe1-13a3-e055-000000000001,"Ogonnelloe, Clare",6,19,44,56,33,42,33,52,84,91,14,32,506
Clare,2ae19629-1fe2-13a3-e055-000000000001,"Oughtmama, Clare",0,8,15,20,7,10,6,11,6,15,1,11,110
Clare,2ae19629-1fea-13a3-e055-000000000001,"Querrin, Clare",1,11,19,25,17,15,12,16,20,13,0,7,156
Clare,2ae19629-1feb-13a3-e055-000000000001,"Quin, Clare",8,30,110,153,75,59,68,99,168,129,24,34,957
Clare,2ae19629-1fec-13a3-e055-000000000001,"Rahona, Clare",10,28,28,57,19,17,11,18,11,14,3,18,234
Clare,2ae19629-1ff5-13a3-e055-000000000001,"Rath, Clare",7,22,29,30,13,13,13,18,24,11,0,5,185
Clare,2ae19629-1ff6-13a3-e055-000000000001,"Rathborney, Clare",0,2,6,11,7,6,6,12,9,14,4,5,82
Clare,2ae19629-1fff-13a3-e055-000000000001,"Rathclooney, Clare",3,5,6,27,7,9,4,17,14,11,0,3,106
Clare,2ae19629-2000-13a3-e055-000000000001,"Rinealon, Clare",8,20,20,25,9,24,3,8,16,6,0,1,140
Clare,2ae19629-2001-13a3-e055-000000000001,"Rossroe, Clare",1,27,42,71,29,49,23,67,80,66,7,4,466
Clare,2ae19629-2002-13a3-e055-000000000001,"Ruan, Clare",9,38,74,100,45,41,34,53,57,36,5,19,511
Clare,2ae19629-200c-13a3-e055-000000000001,"Scarriff, Clare",22,71,120,170,89,62,48,89,87,66,7,205,1036
Clare,2ae19629-200d-13a3-e055-000000000001,"Sixmilebridge, Clare",39,140,237,383,152,114,128,141,202,151,12,49,1748
Clare,2ae19629-2014-13a3-e055-000000000001,"Smithstown, Clare",2,6,20,24,8,9,7,9,15,11,1,3,115
Clare,2ae19629-2015-13a3-e055-000000000001,"Spancelhill, Clare",4,22,65,89,31,36,35,52,83,55,4,17,493
Clare,2ae19629-2016-13a3-e055-000000000001,"St. Martin's, Clare",1,8,9,11,8,4,2,4,12,9,1,1,70
Clare,2ae19629-2017-13a3-e055-000000000001,"Templemaley, Clare",19,42,97,150,54,55,68,70,146,98,11,25,835
Clare,2ae19629-201f-13a3-e055-000000000001,"Toberbreeda, Clare",4,6,18,21,5,13,10,7,16,9,0,1,110
Clare,2ae19629-2020-13a3-e055-000000000001,"Tomfinlough, Clare",7,19,50,92,29,30,22,52,75,68,5,2,451
Clare,2ae19629-2027-13a3-e055-000000000001,"Tulla, Clare",15,39,97,171,49,50,45,84,105,76,6,17,754
Clare,2ae19629-2032-13a3-e055-000000000001,"Tullycreen, Clare",8,5,17,22,7,4,5,10,15,6,0,7,106
Clare,2ae19629-2033-13a3-e055-000000000001,"Urlan, Clare",10,37,75,132,50,49,47,52,110,86,7,103,758
Cork North-Central,2ae19749-1f5b-13a3-e055-300000000001,"Ballincollig, Cork City",156,466,1345,2246,886,658,721,1172,2176,1925,244,384,12379
Cork South-Central,2ae19629-214b-13a3-e055-000000000001,"Ballinlough A, Cork City",2,20,54,125,37,31,35,61,103,108,19,14,609
Cork South-Central,2ae19629-214c-13a3-e055-000000000001,"Ballinlough B, Cork City",9,34,126,219,67,61,81,139,239,244,50,25,1294
Cork South-Central,2ae19629-214d-13a3-e055-000000000001,"Ballinlough C, Cork City",13,42,152,214,62,54,60,115,191,255,27,32,1217
Cork South-Central,316a25a0-f7b6-4d01-b188-5efd7bd804c5,"Ballygarvan/Lehenagh, Cork City",33,123,340,485,194,150,145,210,410,335,31,171,2627
Cork South-Central,2ae19629-214e-13a3-e055-000000000001,"Ballyphehane A, Cork City",10,76,124,103,33,27,20,22,35,30,4,19,503
Cork South-Central,2ae19629-2157-13a3-e055-000000000001,"Ballyphehane B, Cork City",14,79,163,120,50,37,37,32,36,33,4,22,627
Cork South-Central,2ae19629-2158-13a3-e055-000000000001,"Bishopstown A, Cork City",4,40,65,119,41,22,30,87,167,158,37,229,999
Cork South-Central,2ae19629-2159-13a3-e055-000000000001,"Bishopstown B, Cork City",22,118,150,193,62,45,51,95,176,160,27,62,1161
Cork South-Central,2ae19629-215a-13a3-e055-000000000001,"Bishopstown C, Cork City",43,196,276,502,141,109,136,317,615,554,106,516,3511
Cork South-Central,2ae19629-215c-13a3-e055-000000000001,"Bishopstown D, Cork City",8,26,82,221,62,37,58,128,217,197,24,30,1090
Cork South-Central,2ae19629-215b-13a3-e055-000000000001,"Bishopstown E, Cork City",44,96,242,293,136,81,102,212,494,349,48,143,2240
Cork South-Central,2ae19629-1efc-13a3-e055-000000000001,"Bishopstown, Cork City",6,26,40,51,15,10,9,16,48,47,7,25,300
Cork North-Central,2ae19629-215d-13a3-e055-000000000001,"Blackpool A, Cork City",15,75,95,117,38,20,12,21,34,16,2,88,533
Cork North-Central,2ae19629-215e-13a3-e055-000000000001,"Blackpool B, Cork City",37,111,165,202,129,59,73,130,221,216,17,277,1637
Cork North-Central,2ae19789-1f5b-13a3-e055-700000000001,"Blarney, Cork City",61,219,486,641,260,212,216,301,452,432,49,148,3477
Cork South-Central,2ae19629-215f-13a3-e055-000000000001,"Browningstown, Cork City",1,14,49,124,29,27,35,80,167,163,25,20,734
Cork North-Central,2ae19629-1f5b-13a3-e055-200000000001,"Caherlag, Cork City",41,78,257,513,190,191,180,265,474,396,38,74,2697
Cork South-Central,591bceee-1721-4c8d-865f-1e0bd869b6ad,"Carrigaline/Monkstown Rural/Douglas, Cork City",127,383,1171,2330,918,653,863,1465,3036,2714,337,660,14657
Cork North-Central,2ae19849-1f5b-13a3-e055-140000000001,"Carrigrohanebeg, Cork City",6,34,81,108,54,48,32,67,115,109,21,16,691
Cork South-Central,2ae19629-2160-13a3-e055-000000000001,"Centre A, Cork City",12,16,35,80,49,27,40,98,118,146,22,194,837
Cork South-Central,2ae19629-2161-13a3-e055-000000000001,"Centre B, Cork City",29,70,103,173,116,47,97,160,228,252,50,362,1687
Cork North-Central,2ae19629-2162-13a3-e055-000000000001,"Churchfield, Cork City",49,198,268,215,65,46,34,35,46,32,8,130,1126
Cork South-Central,2ae19629-2163-13a3-e055-000000000001,"City Hall A, Cork City",20,25,57,71,43,35,30,69,197,200,27,111,885
Cork South-Central,2ae19629-2164-13a3-e055-000000000001,"City Hall B, Cork City",7,45,88,104,43,32,52,72,185,201,32,83,944
Cork North-Central,2ae19629-2165-13a3-e055-000000000001,"Commons, Cork City",19,70,94,116,50,34,38,46,59,45,4,147,722
Cork South-Central,7c85cece-22eb-4ebb-8d1f-9c0f734eaea8,"Douglas/Lehenagh, Cork City",43,167,497,835,343,256,293,485,878,744,86,343,4970
Cork South-Central,2ae19629-2166-13a3-e055-000000000001,"Evergreen, Cork City",25,56,91,159,81,30,60,104,187,162,31,96,1082
Cork North-Central,2ae19629-2167-13a3-e055-000000000001,"Fair Hill A, Cork City",23,91,121,83,31,22,9,21,22,12,2,76,513
Cork North-Central,2ae19629-2172-13a3-e055-000000000001,"Fair Hill B, Cork City",23,129,161,113,31,22,15,26,24,13,1,37,595
Cork North-Central,2ae19629-2173-13a3-e055-000000000001,"Fair Hill C, Cork City",81,404,694,544,172,126,97,104,108,65,6,139,2540
Cork North-Central,2ae19629-2174-13a3-e055-000000000001,"Farranferris A, Cork City",44,177,242,273,122,54,58,66,127,91,7,130,1391
Cork North-Central,2ae19629-2175-13a3-e055-000000000001,"Farranferris B, Cork City",27,106,156,145,36,19,15,16,17,20,2,65,624
Cork North-Central,2ae19629-2176-13a3-e055-000000000001,"Farranferris C, Cork City",19,75,105,107,34,27,17,25,32,17,5,63,526
Cork South-Central,2ae19629-2178-13a3-e055-000000000001,"Gillabbey A, Cork City",14,47,77,163,69,33,63,123,180,223,47,214,1253
Cork South-Central,2ae19629-2179-13a3-e055-000000000001,"Gillabbey B, Cork City",22,53,57,78,32,22,25,50,113,75,23,45,595
Cork South-Central,2ae19629-217a-13a3-e055-000000000001,"Gillabbey C, Cork City",6,20,53,81,20,17,48,60,183,167,39,162,856
Cork South-Central,2ae19629-217b-13a3-e055-000000000001,"Glasheen A, Cork City",2,16,41,57,28,18,20,36,131,102,14,41,506
Cork South-Central,2ae19629-217c-13a3-e055-000000000001,"Glasheen B, Cork City",0,16,28,51,22,16,24,37,85,83,26,30,418
Cork South-Central,2ae19629-217d-13a3-e055-000000000001,"Glasheen C, Cork City",52,218,318,350,115,75,73,134,235,233,55,104,1962
Cork South-Central,2ae19629-217e-13a3-e055-000000000001,"Greenmount, Cork City",45,138,211,273,98,65,64,86,228,189,29,88,1514
Cork North-Central,2ae19629-217f-13a3-e055-000000000001,"Gurranebraher A, Cork City",20,100,109,114,39,21,16,17,34,17,2,34,523
Cork North-Central,2ae19629-2180-13a3-e055-000000000001,"Gurranebraher B, Cork City",15,68,91,79,30,16,18,18,31,38,9,65,478
Cork North-Central,2ae19629-2181-13a3-e055-000000000001,"Gurranebraher C, Cork City",34,101,157,136,32,29,45,43,55,61,8,109,810
Cork North-Central,2ae19629-2177-13a3-e055-000000000001,"Gurranebraher D, Cork City",27,116,149,145,48,19,25,32,40,22,4,38,665
Cork North-Central,2ae19629-2182-13a3-e055-000000000001,"Gurranebraher E, Cork City",30,147,208,180,55,25,19,24,54,21,4,56,823
Cork South-Central,2ae19809-1f5b-13a3-e055-900000000001,"Inishkenny, Cork City",41,92,274,514,242,141,170,295,641,476,59,126,3071
Cork North-Central,2ae19629-2183-13a3-e055-000000000001,"Knocknaheeny, Cork City",141,449,607,552,172,104,75,66,89,58,8,326,2647
Cork South-Central,2ae19629-2184-13a3-e055-000000000001,"Knockrea A, Cork City",8,28,57,150,53,44,51,138,249,224,32,31,1065
Cork South-Central,2ae19629-218c-13a3-e055-000000000001,"Knockrea B, Cork City",8,19,40,97,43,29,39,97,140,204,34,43,793
Cork South-Central,2ae19629-218d-13a3-e055-000000000001,"Mahon A, Cork City",90,244,504,645,240,171,177,296,571,527,52,216,3733
Cork South-Central,2ae19629-218e-13a3-e055-000000000001,"Mahon B, Cork City",89,191,592,659,240,154,164,244,436,359,50,175,3353
Cork South-Central,2ae19629-218f-13a3-e055-000000000001,"Mahon C, Cork City",10,117,243,417,145,98,110,206,415,465,55,117,2398
Cork South-Central,2ae19629-2190-13a3-e055-000000000001,"Mardyke, Cork City",11,9,32,64,29,18,27,44,107,121,17,103,582
Cork North-Central,2ae19769-1f5b-13a3-e055-500000000001,"Matehy, Cork City",10,60,145,211,86,72,75,109,180,165,16,66,1195
Cork North-Central,2ae19629-2191-13a3-e055-000000000001,"Mayfield, Cork City",72,287,508,445,158,60,94,78,89,81,6,67,1945
Cork North-Central,2ae19629-2192-13a3-e055-000000000001,"Montenotte A, Cork City",13,57,137,215,96,43,50,110,208,254,44,77,1304
Cork North-Central,2ae19629-2193-13a3-e055-000000000001,"Montenotte B, Cork City",77,146,306,334,120,87,73,129,204,188,22,142,1828
Cork North-West,2ae19819-1f5b-13a3-e055-110000000001,"Ovens, Cork City",8,14,54,130,58,54,56,104,254,230,33,19,1014
Cork South-Central,2ae19629-2194-13a3-e055-000000000001,"Pouladuff A, Cork City",17,80,145,114,38,30,23,35,62,41,7,4,596
Cork South-Central,2ae19629-2195-13a3-e055-000000000001,"Pouladuff B, Cork City",46,171,333,255,86,73,48,44,88,58,8,29,1239
Cork North-Central,2ae19779-1f5b-13a3-e055-600000000001,"Rathcooney, Cork City",111,280,837,1217,436,339,329,472,764,569,79,233,5666
Cork North-Central,2ae19629-1f5b-13a3-e055-100000000001,"Riverstown, Cork City",38,98,292,474,180,145,169,274,395,316,24,62,2467
Cork North-Central,2ae19629-2196-13a3-e055-000000000001,"Shanakiel, Cork City",61,214,411,532,170,104,107,169,283,221,64,223,2559
Cork North-Central,2ae19629-2197-13a3-e055-000000000001,"Shandon A, Cork City",32,72,107,159,98,73,76,151,193,227,24,291,1503
Cork North-Central,2ae19629-2198-13a3-e055-000000000001,"Shandon B, Cork City",10,36,76,107,62,30,43,81,118,111,13,325,1012
Cork South-Central,2ae19629-2199-13a3-e055-000000000001,"South Gate A, Cork City",20,31,76,160,97,53,87,127,297,283,48,355,1634
Cork South-Central,2ae19629-219a-13a3-e055-000000000001,"South Gate B, Cork City",10,48,75,75,38,32,40,66,112,98,15,141,750
Cork North-Central,6b896afd-b53d-4ebc-bd6e-0154e333b3af,"St. Mary's (East), Cork City",23,95,263,393,141,96,93,91,144,96,7,29,1471
Cork North-Central,2ae19629-21cb-13a3-e055-000000000001,"St. Mary's (West), Cork City",40,121,382,479,169,140,125,178,343,296,32,222,2527
Cork North-Central,2ae19629-21a6-13a3-e055-000000000001,"St. Patrick's A, Cork City",15,35,60,133,83,48,70,128,186,239,34,363,1394
Cork North-Central,2ae19629-21a7-13a3-e055-000000000001,"St. Patrick's B, Cork City",13,28,49,145,52,29,41,102,155,168,27,158,967
Cork North-Central,2ae19629-21a8-13a3-e055-000000000001,"St. Patrick's C, Cork City",8,21,66,80,28,23,45,49,98,122,21,99,660
Cork North-Central,2ae19629-21a9-13a3-e055-000000000001,"Sunday's Well A, Cork City",4,23,47,55,19,14,19,44,91,117,31,90,554
Cork North-Central,2ae19629-21aa-13a3-e055-000000000001,"Sunday's Well B, Cork City",6,25,45,75,29,28,36,53,125,113,26,101,662
Cork North-Central,2ae19629-21ab-13a3-e055-000000000001,"The Glen A, Cork City",61,205,305,328,111,45,66,67,85,56,5,363,1697
Cork North-Central,2ae19629-21ac-13a3-e055-000000000001,"The Glen B, Cork City",69,330,650,572,210,146,108,131,183,114,5,121,2639
Cork South-Central,2ae19629-21ad-13a3-e055-000000000001,"The Lough, Cork City",20,90,145,174,65,37,56,71,162,151,18,127,1116
Cork North-Central,2ae19629-21ae-13a3-e055-000000000001,"Tivoli A, Cork City",27,46,78,159,60,51,74,126,194,234,42,151,1242
Cork North-Central,2ae19629-21af-13a3-e055-000000000001,"Tivoli B, Cork City",41,189,353,442,148,112,80,113,202,156,17,49,1902
Cork South-Central,2ae19629-21b0-13a3-e055-000000000001,"Togher A, Cork City",58,210,363,371,115,73,73,67,90,64,5,111,1600
Cork South-Central,2ae19629-21b1-13a3-e055-000000000001,"Togher B, Cork City",15,78,109,102,44,15,36,27,48,39,4,12,529
Cork South-Central,2ae19629-21b2-13a3-e055-000000000001,"Tramore A, Cork City",9,32,57,72,29,31,26,34,91,96,7,62,546
Cork South-Central,2ae19629-21b3-13a3-e055-000000000001,"Tramore B, Cork City",3,19,53,112,39,33,42,86,140,171,24,11,733
Cork South-Central,2ae19629-21b4-13a3-e055-000000000001,"Tramore C, Cork City",17,105,358,396,136,106,116,174,326,318,35,41,2128
Cork South-Central,2ae19629-21b5-13a3-e055-000000000001,"Turner's Cross A, Cork City",8,38,74,83,32,33,33,58,112,93,10,40,614
Cork South-Central,2ae19629-21b6-13a3-e055-000000000001,"Turner's Cross B, Cork City",7,91,135,164,59,56,41,62,133,115,24,56,943
Cork South-Central,2ae19629-21b7-13a3-e055-000000000001,"Turner's Cross C, Cork City",15,51,112,99,37,24,30,32,67,59,13,18,557
Cork South-Central,2ae19629-21c0-13a3-e055-000000000001,"Turner's Cross D, Cork City",6,24,63,67,19,21,24,24,64,45,5,10,372
Cork North-Central,2ae19759-1f5b-13a3-e055-400000000001,"Whitechurch, Cork City",8,47,111,152,56,57,56,68,104,68,6,17,750
Cork South-West,2ae19629-203d-13a3-e055-000000000001,"Abbeymahon, Cork County",15,45,51,88,52,33,30,36,75,47,4,15,491
Cork South-West,2ae19629-203e-13a3-e055-000000000001,"Adrigole, Cork County",20,43,68,48,22,24,27,27,45,28,4,20,376
Cork South-West,2ae19629-203f-13a3-e055-000000000001,"Aghadown North, Cork County",5,14,41,40,31,13,12,18,26,21,0,3,224
Cork South-West,2ae19629-2040-13a3-e055-000000000001,"Aghadown South, Cork County",9,30,63,84,34,35,24,53,47,48,2,34,463
Cork East,2ae19629-2041-13a3-e055-000000000001,"Aghern, Cork County",5,14,25,27,14,16,9,16,20,11,1,3,161
Cork North-West,2ae19629-1f9a-13a3-e055-000000000001,"Aghinagh, Cork County",4,15,46,48,33,33,19,32,65,30,6,9,340
Cork North-West,2ae19629-1f9b-13a3-e055-000000000001,"Aglish, Cork County",10,32,146,179,65,69,63,111,144,130,20,29,998
Cork South-West,2ae19629-1f9c-13a3-e055-000000000001,"Ahil, Cork County",9,21,24,28,11,10,9,15,23,7,2,22,181
Cork North-West,2ae19629-1fa5-13a3-e055-000000000001,"Allow, Cork County",4,31,78,60,27,44,16,29,39,14,0,6,348
Cork East,2ae19629-1fa6-13a3-e055-000000000001,"Ardagh, Cork County",5,31,72,95,52,55,35,40,52,47,2,7,493
Cork South-West,2ae19629-1fa7-13a3-e055-000000000001,"Ardfield, Cork County",9,33,62,104,30,38,34,63,85,87,8,19,572
Cork North-West,2ae19629-1f0b-13a3-e055-000000000001,"Ardskeagh, Cork County",2,23,46,59,22,24,17,34,54,28,3,19,331
Cork South-West,2ae19629-1f0c-13a3-e055-000000000001,"Argideen, Cork County",4,18,40,29,24,22,17,22,48,21,0,15,260
Cork North-West,2ae19629-1f0d-13a3-e055-000000000001,"Aultagh, Cork County",2,21,39,55,28,20,16,18,22,19,2,5,247
Cork South-West,2ae19629-1f17-13a3-e055-000000000001,"Ballinadee, Cork County",9,17,53,49,39,35,37,30,58,33,1,14,375
Cork North-Central,2ae19629-1f18-13a3-e055-000000000001,"Ballincollig, Cork County",9,52,101,146,52,58,48,83,170,153,23,20,915
Cork South-West,2ae19629-1f19-13a3-e055-000000000001,"Ballingurteen, Cork County",16,28,66,101,36,35,35,44,55,38,1,31,486
Cork South-West,2ae19629-1f21-13a3-e055-000000000001,"Ballinspittle, Cork County",11,36,51,63,42,36,32,46,59,51,10,15,452
Cork East,2ae19629-1f22-13a3-e055-000000000001,"Ballintemple, Cork County",2,38,59,55,24,29,21,32,63,43,2,77,445
Cork East,2ae19629-1f23-13a3-e055-000000000001,"Ballyarthur, Cork County",6,23,30,27,21,25,20,10,25,16,2,3,208
Cork South-West,2ae19629-1f2b-13a3-e055-000000000001,"Ballybane, Cork County",5,19,27,24,24,21,6,23,31,30,6,11,227
Cork North-West,2ae19629-1f2c-13a3-e055-000000000001,"Ballyclogh, Cork County",13,30,68,96,34,48,30,39,81,64,10,17,530
Cork East,2ae19629-1f2d-13a3-e055-000000000001,"Ballycottin, Cork County",21,69,162,237,99,111,83,122,219,157,12,94,1386
Cork South-West,2ae19629-1f36-13a3-e055-000000000001,"Ballydehob, Cork County",21,54,103,105,64,53,37,59,97,73,15,24,705
Cork South-West,2ae19629-1f37-13a3-e055-000000000001,"Ballyfeard, Cork County",6,19,27,44,22,21,11,26,45,35,3,5,264
Cork South-West,2ae19629-1f38-13a3-e055-000000000001,"Ballyfoyle, Cork County",5,17,15,25,22,17,17,30,50,31,9,8,246
Cork South-Central,2ae19629-1f39-13a3-e055-000000000001,"Ballygarvan, Cork County",12,74,151,226,83,83,77,123,205,170,21,11,1236
Cork North-West,2ae19629-1f43-13a3-e055-000000000001,"Ballygroman, Cork County",10,33,113,170,85,67,63,99,220,191,19,27,1097
Cork North-West,2ae19629-1f44-13a3-e055-000000000001,"Ballyhoolahan, Cork County",4,16,31,52,14,10,7,13,31,19,2,2,201
Cork East,2ae19629-1f45-13a3-e055-000000000001,"Ballyhooly, Cork County",9,32,78,93,62,38,60,54,99,73,9,22,629
Cork South-West,2ae19629-1f46-13a3-e055-000000000001,"Ballymackean, Cork County",6,28,49,29,17,13,12,25,44,31,6,7,267
Cork South-West,2ae19629-1f4f-13a3-e055-000000000001,"Ballymartle, Cork County",10,41,93,131,70,61,58,93,164,112,14,20,867
Cork South-West,2ae19629-1f50-13a3-e055-000000000001,"Ballymodan, Cork County",75,213,457,606,306,169,170,218,368,263,22,119,2986
Cork South-West,2ae19629-1f57-13a3-e055-000000000001,"Ballymoney, Cork County",21,50,90,93,54,51,32,48,77,41,3,59,619
Cork North-West,2ae19629-1f58-13a3-e055-000000000001,"Ballymurphy, Cork County",29,28,79,100,36,50,39,72,108,69,5,15,630
Cork North-Central,2ae19629-1f59-13a3-e055-000000000001,"Ballynaglogh, Cork County",3,23,40,54,12,27,26,23,36,27,1,5,277
Cork North-Central,2ae19629-1f66-13a3-e055-000000000001,"Ballynamona, Cork County",7,40,101,110,54,54,42,66,99,76,2,15,666
Cork East,2ae19629-1f67-13a3-e055-000000000001,"Ballynoe, Cork County",9,42,58,78,49,43,24,47,72,49,4,18,493
Cork East,2ae19629-1f71-13a3-e055-000000000001,"Ballyspillane, Cork County",2,17,25,41,23,25,11,27,31,24,2,3,231
Cork South-West,2ae19629-214a-13a3-e055-000000000001,"Bandon, Cork County",53,111,234,315,180,100,85,100,122,88,11,147,1546
Cork North-West,2ae19629-1f72-13a3-e055-000000000001,"Banteer, Cork County",18,43,120,92,46,32,25,45,64,47,0,15,547
Cork South-West,2ae19629-1f74-13a3-e055-000000000001,"Bantry Urban, Cork County",47,188,393,462,226,117,97,184,213,161,9,211,2308
Cork North-West,2ae19629-1f80-13a3-e055-000000000001,"Barleyhill, Cork County",16,41,74,85,22,37,16,16,34,19,2,21,383
Cork North-West,2ae19629-1f81-13a3-e055-000000000001,"Barnacurra, Cork County",5,10,32,34,16,13,10,6,13,11,0,6,156
Cork South-West,2ae19629-1f89-13a3-e055-000000000001,"Baurleigh, Cork County",8,16,30,39,29,16,17,25,32,23,2,8,245
Cork North-West,2ae19629-1f8a-13a3-e055-000000000001,"Bawncross, Cork County",3,19,47,45,28,11,8,19,24,10,0,46,260
Cork North-West,2ae19629-1f92-13a3-e055-000000000001,"Béal Átha an Ghaorthaidh (Dún Mánmhaí), Corcaigh",8,13,19,25,12,5,9,9,16,17,3,6,142
Cork North-West,2ae19629-1f93-13a3-e055-000000000001,"Béal Átha an Ghaorthaidh (Maigh Chromtha), Corcaigh",16,30,82,60,32,37,18,34,48,32,0,12,401
Cork North-West,2ae19629-1ef9-13a3-e055-000000000001,"Bealock, Cork County",5,21,30,43,20,14,9,16,23,14,0,2,197
Cork South-West,2ae19629-1efa-13a3-e055-000000000001,"Bear, Cork County",5,19,20,30,9,12,10,13,18,20,0,3,159
Cork North-West,2ae19629-1efb-13a3-e055-000000000001,"Bengour, Cork County",5,13,25,42,14,17,15,19,30,25,0,6,211
Cork North-Central,2ae19629-1f05-13a3-e055-000000000001,"Blackpool, Cork County",4,35,113,146,59,57,37,51,109,79,8,19,717
Cork North-Central,2ae19629-1f06-13a3-e055-000000000001,"Blarney, Cork County",7,20,63,85,32,39,37,34,77,52,6,4,456
Cork North-West,2ae19629-1f0e-13a3-e055-000000000001,"Boherboy, Cork County",26,40,110,89,47,35,21,29,60,31,3,13,504
Cork South-West,2ae19629-1f0f-13a3-e055-000000000001,"Boulteen, Cork County",6,27,54,58,35,34,27,50,74,58,7,9,439
Cork South-West,2ae19629-1f10-13a3-e055-000000000001,"Bredagh, Cork County",18,32,78,89,44,34,33,26,60,35,4,23,476
Cork North-West,2ae19629-1f1a-13a3-e055-000000000001,"Brinny, Cork County",6,24,59,73,51,35,24,46,68,55,8,2,451
Cork South-West,2ae19629-1f1b-13a3-e055-000000000001,"Butlerstown, Cork County",8,25,35,57,32,24,12,35,54,24,5,2,313
Cork North-West,2ae19629-1f1c-13a3-e055-000000000001,"Buttevant, Cork County",37,109,243,260,121,84,76,91,151,96,11,45,1324
Cork South-West,2ae19629-1f24-13a3-e055-000000000001,"Caheragh, Cork County",10,34,35,48,19,15,10,9,16,11,0,5,212
Cork North-West,2ae19629-1f25-13a3-e055-000000000001,"Caherbarnagh, Cork County",7,31,82,67,38,35,18,31,57,29,0,6,401
Cork North-West,2ae19629-1f2e-13a3-e055-000000000001,"Caherduggan, Cork County",5,20,48,85,40,32,30,40,65,41,7,10,423
Cork North-Central,2ae19629-1f2f-13a3-e055-000000000001,"Caherlag, Cork County",29,143,294,461,181,132,131,228,392,382,29,42,2444
Cork South-West,2ae19629-1f30-13a3-e055-000000000001,"Cahermore, Cork County",6,23,50,44,32,18,24,21,35,21,0,19,293
Cork North-West,2ae19629-1f3a-13a3-e055-000000000001,"Ceann Droma, Corcaigh",4,11,35,45,24,14,12,12,30,22,3,10,222
Cork North-West,2ae19629-1f3b-13a3-e055-000000000001,"Cannaway, Cork County",7,22,55,64,38,41,23,38,86,56,5,8,443
Cork South-West,2ae19629-1f3c-13a3-e055-000000000001,"Cléire, Corcaigh",4,21,40,33,15,8,14,22,35,39,9,6,246
Cork East,2ae19629-1f3d-13a3-e055-000000000001,"Carrig, Cork County, 047069",1,18,20,37,11,10,8,8,19,13,3,9,157
Cork North-Central,2ae19629-1f47-13a3-e055-000000000001,"Carrig, Cork County, 047070",1,18,17,19,6,14,2,5,15,4,0,2,103
Cork South-Central,2ae19629-1f48-13a3-e055-000000000001,"Carrigaline, Cork County, 047071",34,118,223,336,140,122,135,175,308,295,29,46,1961
Cork South-Central,2ae19629-1f49-13a3-e055-000000000001,"Carrigaline, Cork County, 047072",82,278,904,1650,697,576,578,805,1286,1057,135,213,8261
Cork South-West,2ae19629-1f51-13a3-e055-000000000001,"Carrigbaun, Cork County",8,29,53,46,20,35,8,13,18,25,1,7,263
Cork North-West,2ae19629-1f52-13a3-e055-000000000001,"Carrigboy, Cork County",5,26,55,62,29,28,17,16,46,28,6,28,346
Cork North-Central,2ae19629-1f5a-13a3-e055-000000000001,"Carrignavar, Cork County",12,62,136,158,56,52,58,73,137,93,9,22,868
Cork North-Central,2ae19629-1f5b-13a3-e055-000000000001,"Carrigrohanebeg, Cork County",4,13,49,73,19,35,26,45,71,79,8,18,440
Cork East,2ae19629-1f68-13a3-e055-000000000001,"Carrigtohill, Cork County",64,185,480,919,396,351,310,478,742,633,55,144,4757
Cork South-West,2ae19629-1f69-13a3-e055-000000000001,"Cashel, Cork County",2,16,39,51,20,16,17,27,54,33,5,3,283
Cork East,2ae19629-1f6a-13a3-e055-000000000001,"Castle Hyde, Cork County",12,45,106,124,46,43,35,44,78,49,10,15,607
Cork East,2ae19629-1f75-13a3-e055-000000000001,"Castlecooke, Cork County",1,11,28,23,20,21,9,8,15,6,1,2,145
Cork North-West,2ae19629-1f76-13a3-e055-000000000001,"Castlecor, Cork County",2,21,54,72,28,22,22,27,33,22,3,3,309
Cork South-West,2ae19629-1f77-13a3-e055-000000000001,"Castlehaven North, Cork County",12,32,68,103,57,40,36,52,67,64,5,39,575
Cork South-West,2ae19629-1f78-13a3-e055-000000000001,"Castlehaven South, Cork County",3,29,47,56,36,27,22,44,49,41,13,4,371
Cork East,2ae19629-1f79-13a3-e055-000000000001,"Castlelyons, Cork County",13,45,115,144,62,56,45,72,109,77,11,46,795
Cork North-West,2ae19629-1f82-13a3-e055-000000000001,"Castlemagner, Cork County",6,21,73,81,43,43,29,35,59,33,2,23,448
Cork East,2ae19629-1f83-13a3-e055-000000000001,"Castlemartyr, Cork County",18,40,82,132,40,49,46,76,114,87,11,26,721
Cork North-West,2ae19629-1f8b-13a3-e055-000000000001,"Castletown, Cork County",6,22,50,65,22,24,19,27,49,39,2,16,341
Cork East,2ae19629-1f84-13a3-e055-000000000001,"Castletownroche, Cork County",25,105,110,117,68,40,27,39,48,34,2,19,634
Cork South-West,2ae19629-1f8c-13a3-e055-000000000001,"Castleventry, Cork County",5,16,20,35,12,19,12,11,29,23,3,11,196
Cork North-West,2ae19629-1f94-13a3-e055-000000000001,"Churchtown, Cork County",22,55,143,158,66,66,49,78,90,60,6,51,844
Cork North-West,2ae19629-1f95-13a3-e055-000000000001,"Claonráth, Corcaigh",2,12,30,19,6,18,10,10,16,22,2,4,151
Cork East,2ae19629-1ef3-13a3-e055-000000000001,"Clenor, Cork County",6,15,37,52,20,13,19,20,34,18,1,5,240
Cork South-West,2ae19629-1ef4-13a3-e055-000000000001,"Cloghdonnell, Cork County",4,21,55,51,19,30,14,21,34,20,1,11,281
Cork South-West,2ae19629-1f11-13a3-e055-000000000001,"Clonakilty Rural, Cork County",23,63,147,246,109,92,78,143,266,198,20,76,1461
Cork South-West,2ae19629-1f12-13a3-e055-000000000001,"Clonakilty Urban, Cork County",76,224,340,560,308,156,186,233,413,302,20,144,2962
Cork North-West,2ae19629-1f13-13a3-e055-000000000001,"Clondrohid, Cork County",14,47,112,117,60,64,41,41,68,46,3,17,630
Cork North-West,2ae19629-1f1d-13a3-e055-000000000001,"Clonfert East, Cork County",9,40,57,45,24,15,10,10,19,17,2,8,256
Cork North-West,2ae19629-1f1e-13a3-e055-000000000001,"Clonfert West, Cork County",8,22,16,21,6,8,3,8,15,7,0,4,118
Cork North-West,2ae19629-1f26-13a3-e055-000000000001,"Clonmeen, Cork County",3,12,24,35,13,25,12,20,25,22,1,7,199
Cork North-West,2ae19629-1f27-13a3-e055-000000000001,"Clonmoyle, Cork County",15,18,43,74,34,27,21,28,58,49,8,11,386
Cork East,2ae19629-1f28-13a3-e055-000000000001,"Clonmult, Cork County",2,13,19,31,8,9,11,15,20,16,1,0,145
Cork East,2ae19629-1f31-13a3-e055-000000000001,"Clonpriest, Cork County",19,63,112,125,83,74,53,59,86,67,6,84,831
Cork South-West,2ae19629-1f32-13a3-e055-000000000001,"Cloonkeen, Cork County",12,27,42,46,16,23,13,28,27,24,3,21,282
Cork East,2ae19629-1f3e-13a3-e055-000000000001,"Cloyne, Cork County",50,165,388,586,240,199,194,248,377,322,41,121,2931
Cork East,2ae19629-1f3f-13a3-e055-000000000001,"Cobh Rural, Cork County",78,233,793,1150,517,451,413,568,655,485,60,185,5588
Cork East,2ae19629-1f40-13a3-e055-000000000001,"Cobh Urban, Cork County",98,314,754,997,391,337,300,457,544,450,69,219,4930
Cork South-West,2ae19629-1f4a-13a3-e055-000000000001,"Coolagh, Cork County",5,20,19,26,12,7,7,15,25,18,1,4,159
Cork North-West,2ae19629-1f4b-13a3-e055-000000000001,"Coolclogh, Cork County",6,19,47,54,12,25,12,26,46,21,2,1,271
Cork South-West,2ae19629-1f4c-13a3-e055-000000000001,"Coolcraheen, Cork County",3,33,70,80,54,45,25,41,70,33,4,13,471
Cork East,2ae19629-1f53-13a3-e055-000000000001,"Coole, Cork County",16,47,101,138,78,60,47,63,91,63,10,29,743
Cork South-West,2ae19629-1f54-13a3-e055-000000000001,"Coolmain, Cork County",5,29,36,46,18,27,24,37,53,33,2,6,316
Cork North-West,2ae19629-1f5c-13a3-e055-000000000001,"Coolmountain, Cork County",7,22,55,55,25,22,24,16,28,15,0,29,298
Cork North-West,2ae19629-1f5d-13a3-e055-000000000001,"Coomlogane, Cork County",14,71,140,118,49,71,29,73,72,55,2,19,713
Cork East,2ae19629-1f5e-13a3-e055-000000000001,"Corkbeg, Cork County",26,67,173,331,156,139,118,148,236,187,11,150,1742
Cork South-West,2ae19629-1f5f-13a3-e055-000000000001,"Coulagh, Cork County",14,36,75,92,32,43,25,33,41,38,2,17,448
Cork South-West,2ae19629-1f6b-13a3-e055-000000000001,"Courtmacsherry, Cork County",10,32,70,105,41,45,45,69,93,78,6,33,627
Cork North-West,2ae19629-1f6c-13a3-e055-000000000001,"Crinnaloo, Cork County",5,22,25,33,9,10,6,4,19,6,0,3,142
Cork South-West,2ae19629-1f6d-13a3-e055-000000000001,"Crookhaven, Cork County",2,29,30,27,11,8,10,19,10,17,1,11,175
Cork South-West,2ae19629-1f6e-13a3-e055-000000000001,"Cullen, Cork County, 047120",4,15,44,63,29,24,26,37,68,43,7,7,367
Cork North-West,2ae19629-1f7a-13a3-e055-000000000001,"Cullen, Cork County, 047121",9,27,49,77,24,36,14,18,29,18,0,8,309
Cork East,2ae19629-1f7b-13a3-e055-000000000001,"Curraglass, Cork County",3,18,42,57,31,20,24,20,44,21,0,11,291
Cork South-West,2ae19629-1f7c-13a3-e055-000000000001,"Curryglass, Cork County",12,26,57,61,23,19,12,28,37,19,4,11,309
Cork East,2ae19629-1f7d-13a3-e055-000000000001,"Dangan, Cork County",1,20,24,31,6,12,9,16,25,22,1,3,170
Cork North-West,2ae19629-1f85-13a3-e055-000000000001,"Derragh, Cork County",2,11,27,21,14,13,10,17,16,14,1,3,149
Cork South-West,2ae19629-1f86-13a3-e055-000000000001,"Derry, Cork County",6,29,55,50,27,23,25,39,56,45,4,7,366
Cork North-West,2ae19629-1f8e-13a3-e055-000000000001,"Doire Fhínín, Corcaigh",4,18,31,26,16,13,14,9,18,12,0,8,169
Cork East,2ae19629-1f8f-13a3-e055-000000000001,"Derryvillane, Cork County",8,31,58,61,25,35,17,36,44,29,2,15,361
Cork North-West,2ae19629-1f96-13a3-e055-000000000001,"Doneraile, Cork County",20,77,179,235,105,76,56,94,85,65,4,35,1031
Cork North-West,2ae19629-1f97-13a3-e055-000000000001,"Doonasleen, Cork County",27,52,60,54,30,25,16,21,29,20,3,5,342
Cork South-West,2ae19629-1ef5-13a3-e055-000000000001,"Douce, Cork County",9,23,33,23,11,20,8,15,12,11,0,11,176
Cork South-Central,2ae19629-1ef6-13a3-e055-000000000001,"Douglas, Cork County",0,3,7,15,6,10,4,15,21,10,2,5,98
Cork South-West,2ae19629-1efd-13a3-e055-000000000001,"Drinagh, Cork County, 047133",8,26,47,50,16,20,15,23,32,16,1,10,264
Cork South-West,2ae19629-1efe-13a3-e055-000000000001,"Drinagh, Cork County, 047134",5,15,33,26,26,18,14,12,20,11,1,8,189
Cork North-West,2ae19629-1eff-13a3-e055-000000000001,"Dripsey, Cork County",26,52,119,170,92,96,65,78,177,131,10,26,1042
Cork North-West,2ae19629-1f07-13a3-e055-000000000001,"Drishane, Cork County",30,96,184,249,143,102,74,91,139,99,3,67,1277
Cork South-West,2ae19629-1f00-13a3-e055-000000000001,"Dromdaleague North, Cork County",11,27,30,29,17,18,14,8,18,7,3,23,205
Cork South-West,2ae19629-1f08-13a3-e055-000000000001,"Dromdaleague South, Cork County",8,46,75,69,34,39,24,29,48,19,5,66,462
Cork North-West,2ae19629-1f01-13a3-e055-000000000001,"Dromina, Cork County",16,30,66,86,34,44,23,33,32,19,1,37,421
Cork North-West,2ae19629-1f02-13a3-e055-000000000001,"Dromore, Cork County",33,159,269,383,167,155,132,135,209,143,11,93,1889
Cork South-West,2ae19629-1f09-13a3-e055-000000000001,"Dunbeacon, Cork County",5,8,32,19,12,11,9,7,14,18,2,9,146
Cork South-West,2ae19629-1f0a-13a3-e055-000000000001,"Dunderrow, Cork County",8,41,140,163,68,81,79,104,202,179,8,37,1110
Cork East,2ae19629-1f14-13a3-e055-000000000001,"Dungourney, Cork County",7,15,59,77,40,43,27,43,75,58,0,51,495
Cork South-West,2ae19629-1f15-13a3-e055-000000000001,"Dunmanus, Cork County",4,18,28,34,14,18,15,15,19,11,3,5,184
Cork South-West,2ae19629-1f16-13a3-e055-000000000001,"Dunmanway North, Cork County",29,70,130,159,91,55,42,66,80,48,7,118,895
Cork South-West,2ae19629-1f1f-13a3-e055-000000000001,"Dunmanway South, Cork County",34,93,172,217,106,67,37,87,87,62,7,66,1035
Cork South-West,2ae19629-1f20-13a3-e055-000000000001,"Durrus East, Cork County",3,15,25,34,14,18,14,14,25,25,4,8,199
Cork South-West,2ae19629-1f29-13a3-e055-000000000001,"Durrus West, Cork County",12,45,68,93,47,32,36,50,48,36,6,26,499
Cork East,2ae19629-1f2a-13a3-e055-000000000001,"Farahy, Cork County",9,44,51,73,29,28,21,24,38,19,3,19,358
Cork South-West,2ae19629-1f33-13a3-e055-000000000001,"Farranbrien, Cork County",4,30,55,45,17,30,31,41,51,43,2,11,360
Cork East,2ae19629-1f34-13a3-e055-000000000001,"Fermoy Rural, Cork County",88,236,469,675,314,164,173,216,318,257,47,179,3136
Cork East,2ae19629-1f35-13a3-e055-000000000001,"Fermoy Urban, Cork County",47,186,256,396,144,86,84,113,133,98,19,154,1716
Cork North-Central,2ae19629-1f41-13a3-e055-000000000001,"Firmount, Cork County",1,37,72,81,37,53,27,45,57,56,5,11,482
Cork South-West,2ae19629-1f42-13a3-e055-000000000001,"Garranes, Cork County",8,17,43,49,29,27,12,16,33,13,2,18,267
Cork North-West,2ae19629-1f4d-13a3-e055-000000000001,"Garrown, Cork County",7,26,34,35,15,20,5,10,23,20,3,11,209
Cork East,2ae19629-1f4e-13a3-e055-000000000001,"Garryvoe, Cork County",11,29,57,77,37,38,20,50,78,65,8,6,476
Cork South-West,2ae19629-1f55-13a3-e055-000000000001,"Glanlough, Cork County",1,16,25,18,11,11,15,16,17,21,8,12,171
Cork East,2ae19629-1f56-13a3-e055-000000000001,"Glanworth East, Cork County",6,21,38,51,29,30,19,30,43,30,4,15,316
Cork East,2ae19629-1f60-13a3-e055-000000000001,"Glanworth West, Cork County",24,85,133,139,47,52,44,76,85,66,4,16,771
Cork South-West,2ae19629-1f61-13a3-e055-000000000001,"Glengarriff, Cork County",9,57,111,152,60,55,62,71,111,81,12,36,817
Cork North-West,2ae19629-1f62-13a3-e055-000000000001,"Glenlara, Cork County",4,35,59,60,21,26,19,16,32,13,0,6,291
Cork North-Central,2ae19629-1f63-13a3-e055-000000000001,"Glenville, Cork County",5,37,38,82,29,34,26,33,63,44,7,9,407
Cork South-West,2ae19629-1f64-13a3-e055-000000000001,"Goleen, Cork County",7,15,20,34,16,6,11,15,14,13,3,11,165
Cork North-West,2ae19629-1f65-13a3-e055-000000000001,"Gortmore, Cork County",4,19,19,23,12,12,5,14,17,9,3,4,141
Cork South-West,2ae19629-1f6f-13a3-e055-000000000001,"Gortnascreeny, Cork County",9,30,60,52,38,35,23,26,39,26,5,16,359
Cork East,2ae19629-1f70-13a3-e055-000000000001,"Gortnaskehy, Cork County",5,27,34,44,15,13,10,17,27,19,2,7,220
Cork North-West,2ae19629-1f7e-13a3-e055-000000000001,"Gort na Tiobratan, Corcaigh",5,27,44,43,21,25,24,33,46,42,6,7,323
Cork East,2ae19629-1f7f-13a3-e055-000000000001,"Gortroe, Cork County",16,39,91,96,39,39,31,37,61,57,2,19,527
Cork North-West,2ae19629-1f87-13a3-e055-000000000001,"Gowlane, Cork County",16,43,131,176,69,82,64,78,92,75,9,10,845
Cork North-West,2ae19629-1f88-13a3-e055-000000000001,"Greenane, Cork County",21,100,143,193,102,51,60,70,99,67,4,50,960
Cork North-Central,2ae19629-1f90-13a3-e055-000000000001,"Greenfort, Cork County",6,29,66,94,49,39,35,39,90,63,6,14,530
Cork North-West,2ae19629-1f91-13a3-e055-000000000001,"Greenville, Cork County",4,8,24,22,17,23,13,19,22,19,3,18,192
Cork East,2ae19629-1f98-13a3-e055-000000000001,"Ightermurragh, Cork County",24,88,216,354,160,153,144,181,278,218,22,69,1907
Cork North-West,2ae19629-1f99-13a3-e055-000000000001,"Imphrick, Cork County",8,11,39,35,23,19,12,31,42,17,3,17,257
Cork East,2ae19629-1ef7-13a3-e055-000000000001,"Inch, Cork County",4,15,43,68,34,42,19,37,62,44,5,32,405
Cork North-West,2ae19629-1ef8-13a3-e055-000000000001,"Inchigeelagh, Cork County",10,28,68,84,23,31,20,38,51,36,0,13,402
Cork South-West,2ae19629-1f03-13a3-e055-000000000001,"Inishannon, Cork County",20,49,116,207,105,85,87,153,256,226,33,25,1362
Cork South-Central,2ae19629-1f04-13a3-e055-000000000001,"Inishkenny, Cork County",5,32,64,103,34,30,30,67,148,152,16,8,689
Cork North-West,2ae19629-211e-13a3-e055-000000000001,"Kanturk, Cork County",44,101,221,302,161,103,61,116,152,99,10,102,1472
Cork North-West,2ae19629-211f-13a3-e055-000000000001,"Keale, Cork County",4,19,38,49,14,26,11,19,33,18,1,16,248
Cork South-West,2ae19629-2126-13a3-e055-000000000001,"Kealkill, Cork County",18,42,66,76,25,27,25,23,30,22,4,7,365
Cork North-West,2ae19629-2127-13a3-e055-000000000001,"Kilberrihert, Cork County",12,34,70,95,40,45,32,29,70,50,3,17,497
Cork North-West,2ae19629-2128-13a3-e055-000000000001,"Kilbonane, Cork County",6,27,100,144,59,68,70,79,144,116,7,21,841
Cork North-West,2ae19629-2132-13a3-e055-000000000001,"Kilbrin, Cork County",4,17,34,49,17,30,13,25,26,15,1,7,238
Cork South-West,2ae19629-2133-13a3-e055-000000000001,"Kilbrittain, Cork County",6,31,61,67,28,24,21,33,89,45,12,13,430
Cork South-West,2ae19629-213c-13a3-e055-000000000001,"Kilbrogan, Cork County",28,82,192,334,185,116,107,155,257,191,25,48,1720
Cork South-West,2ae19629-213d-13a3-e055-000000000001,"Kilcaskan, Cork County",21,63,74,126,52,48,36,67,69,76,10,46,688
Cork South-West,2ae19629-213e-13a3-e055-000000000001,"Kilcatherine, Cork County",10,47,104,108,48,43,35,52,59,47,6,14,573
Cork South-West,2ae19629-213f-13a3-e055-000000000001,"Kilcoe, Cork County",6,23,51,44,26,27,21,31,56,32,6,11,334
Cork East,2ae19629-2140-13a3-e055-000000000001,"Kilcor, Cork County",4,19,50,48,23,20,15,18,36,26,8,13,280
Cork North-West,2ae19629-2141-13a3-e055-000000000001,"Kilcorney, Cork County",8,43,38,35,17,20,11,15,24,14,1,4,230
Cork East,2ae19629-214f-13a3-e055-000000000001,"Kilcronat, Cork County",2,11,20,23,13,11,10,16,11,16,0,1,134
Cork North-West,2ae19629-2150-13a3-e055-000000000001,"Kilcullen, Cork County",6,39,90,101,46,56,35,41,85,57,5,8,569
Cork East,2ae19629-2151-13a3-e055-000000000001,"Kilcummer, Cork County",5,19,36,29,15,9,6,14,23,18,2,5,181
Cork North-Central,2ae19629-2168-13a3-e055-000000000001,"Kildinan, Cork County",10,43,60,82,31,42,30,30,66,40,6,6,446
Cork East,2ae19629-2169-13a3-e055-000000000001,"Kildorrery, Cork County",13,29,57,92,40,53,30,54,94,42,4,9,517
Cork South-West,2ae19629-2185-13a3-e055-000000000001,"Kilfaughnabeg, Cork County",9,38,48,55,35,34,28,36,47,53,3,38,424
Cork East,2ae19629-2186-13a3-e055-000000000001,"Kilgullane, Cork County",2,9,11,19,7,14,9,6,11,9,1,0,98
Cork South-West,2ae19629-219b-13a3-e055-000000000001,"Kilkerranmore, Cork County",8,19,55,68,40,27,25,32,45,42,5,3,369
Cork South-West,2ae19629-219c-13a3-e055-000000000001,"Killaconenagh, Cork County",32,94,181,221,101,85,67,97,87,88,8,53,1114
Cork East,2ae19629-219d-13a3-e055-000000000001,"Killathy, Cork County",2,20,46,60,20,23,18,21,40,23,1,15,289
Cork East,2ae19629-219e-13a3-e055-000000000001,"Killeagh, Cork County, 047202",14,55,135,197,92,85,52,76,120,87,12,56,981
Cork North-Central,2ae19629-21b8-13a3-e055-000000000001,"Killeagh, Cork County, 047203",4,38,58,80,45,44,28,39,60,43,6,20,465
Cork South-West,2ae19629-21b9-13a3-e055-000000000001,"Killeenleagh, Cork County",9,28,37,44,19,21,12,23,20,22,1,7,243
Cork East,2ae19629-21c4-13a3-e055-000000000001,"Kilmacdonogh, Cork County",12,48,118,146,71,53,36,52,84,59,5,12,696
Cork North-West,2ae19629-21c5-13a3-e055-000000000001,"Kilmaclenine, Cork County",10,26,98,97,56,48,27,28,48,43,2,7,490
Cork South-West,2ae19629-21d2-13a3-e055-000000000001,"Kilmaloda East, Cork County",2,14,26,29,19,16,14,33,45,31,6,6,241
Cork South-West,2ae19629-21d3-13a3-e055-000000000001,"Kilmaloda West, Cork County",2,12,19,22,11,9,11,16,21,17,1,1,142
Cork North-West,2ae19629-21d4-13a3-e055-000000000001,"Kilmeen, Cork County",12,24,27,38,16,27,13,17,21,10,0,6,211
Cork South-West,2ae19629-21dd-13a3-e055-000000000001,"Kilmonoge, Cork County",12,36,53,107,71,37,65,87,118,135,13,85,819
Cork South-West,2ae19629-21de-13a3-e055-000000000001,"Kilmoylerane, Cork County",5,13,38,31,18,11,5,18,45,26,1,5,216
Cork South-West,2ae19629-21df-13a3-e055-000000000001,"Kilnagross, Cork County",4,22,67,75,39,24,25,38,53,36,4,11,398
Cork South-West,2ae19629-21e0-13a3-e055-000000000001,"Kilnamanagh, Cork County",8,26,51,44,20,23,15,18,26,25,3,11,270
Cork North-West,2ae19629-21e7-13a3-e055-000000000001,"Cill na Martra, Corcaigh",5,29,84,84,37,44,33,35,82,38,5,17,493
Cork South-Central,2ae19629-21e8-13a3-e055-000000000001,"Kilpatrick, Cork County",6,11,33,62,32,33,27,39,62,39,8,7,359
Cork East,2ae19629-21e9-13a3-e055-000000000001,"Kilphelan, Cork County",3,26,59,60,33,41,21,36,41,37,1,9,367
Cork North-West,2ae19629-21f0-13a3-e055-000000000001,"Kilshannig, Cork County",13,47,106,127,75,69,50,58,86,71,6,40,748
Cork East,2ae19629-21f1-13a3-e055-000000000001,"Kilworth, Cork County",9,61,152,213,69,91,71,101,179,116,28,53,1143
Cork North-West,2ae19629-2109-13a3-e055-000000000001,"Kinneigh, Cork County",6,41,61,58,23,17,14,24,32,17,2,8,303
Cork South-West,2ae19629-210a-13a3-e055-000000000001,"Kinsale Rural, Cork County",53,159,351,548,279,190,220,372,592,570,90,165,3589
Cork South-West,2ae19629-210b-13a3-e055-000000000001,"Kinsale Urban, Cork County",39,113,172,254,146,74,101,183,279,281,47,152,1841
Cork South-West,2ae19629-2114-13a3-e055-000000000001,"Kinure, Cork County",4,10,22,44,26,15,21,24,30,39,13,10,258
Cork North-Central,2ae19629-2115-13a3-e055-000000000001,"Knockantota, Cork County",8,27,92,133,52,56,41,68,84,60,11,14,646
Cork North-West,2ae19629-2120-13a3-e055-000000000001,"Knockatooan, Cork County",17,39,35,51,22,21,14,11,13,8,0,12,243
Cork North-West,2ae19629-2121-13a3-e055-000000000001,"Knockavilly, Cork County",3,17,38,46,23,25,22,24,49,42,4,7,300
Cork East,2ae19629-2129-13a3-e055-000000000001,"Knockmourne, Cork County",17,60,138,164,77,75,45,76,109,81,6,75,923
Cork North-West,2ae19629-212a-13a3-e055-000000000001,"Knocknagree, Cork County",19,47,95,70,41,35,23,32,35,28,2,10,437
Cork East,2ae19629-212b-13a3-e055-000000000001,"Knockraha, Cork County",16,52,98,170,99,89,60,113,167,146,14,8,1032
Cork South-West,2ae19629-212c-13a3-e055-000000000001,"Knockroe, Cork County",4,33,55,73,33,49,22,45,81,59,7,12,473
Cork South-West,2ae19629-2134-13a3-e055-000000000001,"Knocks, Cork County",6,12,31,35,21,16,15,20,27,18,2,19,222
Cork South-West,2ae19629-2135-13a3-e055-000000000001,"Knockskagh, Cork County",10,30,49,67,47,39,29,32,60,31,3,15,412
Cork North-West,2ae19629-2142-13a3-e055-000000000001,"Knocktemple, Cork County",12,25,67,64,36,31,15,13,27,16,2,18,326
Cork South-West,2ae19629-2143-13a3-e055-000000000001,"Laherne, Cork County",5,27,46,59,30,31,22,45,58,56,2,2,383
Cork South-West,2ae19629-2152-13a3-e055-000000000001,"Leighmoney, Cork County",6,17,49,82,34,50,40,49,75,60,6,29,497
Cork East,2ae19629-2153-13a3-e055-000000000001,"Leitrim, Cork County",4,16,26,36,16,18,11,20,47,28,6,12,240
Cork North-West,2ae19629-2154-13a3-e055-000000000001,"Liscarroll, Cork County",13,32,90,100,38,38,24,24,54,27,1,7,448
Cork South-Central,2ae19629-216a-13a3-e055-000000000001,"Liscleary, Cork County",29,95,320,615,234,209,186,323,550,448,49,57,3115
Cork East,2ae19629-216b-13a3-e055-000000000001,"Lisgoold, Cork County",13,45,93,115,55,62,52,59,115,75,13,26,723
Cork South-West,2ae19629-216c-13a3-e055-000000000001,"Lowertown, Cork County",4,25,24,29,10,10,9,16,22,26,5,6,186
Cork North-West,2ae19629-216d-13a3-e055-000000000001,"Macloneigh, Cork County",9,29,82,109,46,41,40,58,90,68,16,47,635
Cork North-West,2ae19629-216e-13a3-e055-000000000001,"Macroom Urban, Cork County",50,148,421,561,275,167,163,243,337,248,20,154,2787
Cork North-West,2ae19629-2187-13a3-e055-000000000001,"Magourney, Cork County",22,40,126,161,70,59,39,62,101,69,9,9,767
Cork North-Central,2ae19629-2149-13a3-e055-000000000001,"Mallow North Urban, Cork County",92,239,554,750,364,227,238,354,494,391,29,289,4021
Cork North-Central,2ae19629-2188-13a3-e055-000000000001,"Mallow Rural, Cork County",57,158,409,583,294,215,190,267,375,265,19,127,2959
Cork North-Central,2ae19629-2189-13a3-e055-000000000001,"Mallow South Urban, Cork County",63,240,378,382,196,133,97,143,178,117,11,172,2110
Cork North-West,2ae19629-219f-13a3-e055-000000000001,"Manch, Cork County",8,29,91,63,29,30,17,21,51,26,3,30,398
Cork East,2ae19629-21a0-13a3-e055-000000000001,"Marshalstown, Cork County",6,18,46,64,21,22,13,22,37,24,5,2,280
Cork North-West,2ae19629-21a1-13a3-e055-000000000001,"Mashanaglass, Cork County",8,19,46,56,24,25,24,29,53,40,3,13,340
Cork North-Central,2ae19629-21ba-13a3-e055-000000000001,"Matehy, Cork County",7,36,101,140,66,78,67,82,186,151,13,49,976
Cork South-West,2ae19629-21bb-13a3-e055-000000000001,"Mealagh, Cork County",7,18,33,54,30,19,12,29,32,19,2,8,263
Cork North-West,2ae19629-21c6-13a3-e055-000000000001,"Meens, Cork County",21,53,61,40,31,21,14,26,38,21,0,8,334
Cork East,2ae19629-21c7-13a3-e055-000000000001,"Midleton Rural, Cork County",94,237,636,1104,553,378,361,560,876,760,81,240,5880
Cork East,2ae19629-21c8-13a3-e055-000000000001,"Midleton Urban, Cork County",58,229,400,536,244,152,132,196,295,222,19,129,2612
Cork South-West,2ae19629-21d5-13a3-e055-000000000001,"Milane, Cork County",4,13,21,25,15,11,14,7,8,7,0,11,136
Cork North-West,2ae19629-21d6-13a3-e055-000000000001,"Milford, Cork County",18,48,74,91,34,41,29,42,49,30,1,20,477
Cork North-West,2ae19629-21d7-13a3-e055-000000000001,"Milltown, Cork County",8,23,45,62,28,22,19,20,34,24,2,27,314
Cork East,2ae19629-21e1-13a3-e055-000000000001,"Mitchelstown, Cork County",123,342,568,777,353,248,196,233,331,227,19,179,3596
Cork East,2ae19629-21e2-13a3-e055-000000000001,"Mogeely, Cork County",10,20,70,80,47,41,29,47,67,39,1,17,468
Cork East,2ae19629-21ea-13a3-e055-000000000001,"Monanimy, Cork County",18,40,89,112,54,45,35,46,59,38,7,10,553
Cork South-Central,2ae19629-21eb-13a3-e055-000000000001,"Monkstown Rural, Cork County",6,34,71,160,75,55,35,78,109,107,15,26,771
Cork South-Central,2ae19629-2122-13a3-e055-000000000001,"Monkstown Urban, Cork County",59,166,440,643,275,213,226,361,537,481,34,94,3529
Cork North-West,2ae19629-21f2-13a3-e055-000000000001,"Mountrivers, Cork County",12,44,86,79,40,43,36,36,57,32,3,14,482
Cork North-West,2ae19629-21f3-13a3-e055-000000000001,"Moviddy, Cork County",18,79,143,164,73,70,48,99,159,129,17,33,1032
Cork North-West,2ae19629-210c-13a3-e055-000000000001,"Murragh, Cork County",2,23,51,57,19,28,29,27,58,23,6,4,327
Cork South-West,2ae19629-210d-13a3-e055-000000000001,"Myross, Cork County",11,41,67,98,43,41,39,45,80,62,7,33,567
Cork North-West,2ae19629-210e-13a3-e055-000000000001,"Nad, Cork County",5,4,10,12,5,5,0,9,8,11,1,4,74
Cork North-West,2ae19629-210f-13a3-e055-000000000001,"Newmarket, Cork County",20,99,246,196,81,77,58,99,123,65,4,77,1145
Cork North-West,2ae19629-2116-13a3-e055-000000000001,"Newtown, Cork County",14,44,97,138,63,64,30,64,71,43,2,44,674
Cork South-West,2ae19629-2117-13a3-e055-000000000001,"Nohaval, Cork County",3,15,16,33,11,15,19,18,33,31,7,3,204
Cork North-West,2ae19629-2118-13a3-e055-000000000001,"Ovens, Cork County",9,33,81,125,45,49,40,66,145,99,10,14,716
Cork North-West,2ae19629-2123-13a3-e055-000000000001,"Rahalisk, Cork County",9,29,61,72,38,30,27,32,49,26,4,7,384
Cork North-Central,2ae19629-212d-13a3-e055-000000000001,"Rahan, Cork County",12,39,101,115,48,53,44,50,66,62,4,16,610
Cork South-West,2ae19629-212e-13a3-e055-000000000001,"Rathbarry, Cork County",6,26,41,61,33,29,28,36,53,51,5,17,386
Cork South-West,2ae19629-212f-13a3-e055-000000000001,"Rathclarin, Cork County",10,28,55,64,26,28,38,46,85,47,9,24,460
Cork North-West,2ae19629-2136-13a3-e055-000000000001,"Rathcool, Cork County",4,36,57,80,30,31,30,21,41,33,2,18,383
Cork North-Central,2ae19629-2137-13a3-e055-000000000001,"Rathcooney, Cork County",6,22,40,30,21,15,20,24,44,31,2,2,257
Cork East,2ae19629-2138-13a3-e055-000000000001,"Rathcormack, Cork County",27,70,206,354,144,124,109,113,220,139,13,50,1569
Cork North-West,2ae19629-1f8d-13a3-e055-000000000001,"Rathluirc, Cork County",100,258,433,640,283,183,157,210,217,153,10,175,2819
Cork North-Central,2ae19629-2145-13a3-e055-000000000001,"Riverstown, Cork County",13,27,61,100,41,40,36,57,97,73,7,17,569
Cork North-West,2ae19629-2146-13a3-e055-000000000001,"Roskeen, Cork County",4,22,57,65,31,31,20,32,35,26,4,3,330
Cork North-West,2ae19629-2155-13a3-e055-000000000001,"Rosnalee, Cork County",7,16,51,51,19,25,22,16,50,22,1,13,293
Cork South-West,2ae19629-2156-13a3-e055-000000000001,"Rosscarbery, Cork County",16,44,94,154,69,43,44,91,124,109,8,24,820
Cork South-West,2ae19629-216f-13a3-e055-000000000001,"Rossmore, Cork County",0,14,30,38,27,21,18,23,36,22,2,15,246
Cork East,2ae19629-2170-13a3-e055-000000000001,"Rostellan, Cork County",13,32,94,173,77,61,68,78,129,109,15,23,872
Cork North-West,2ae19629-2171-13a3-e055-000000000001,"Rowls, Cork County",3,28,28,17,13,6,5,7,6,2,0,6,121
Cork South-West,2ae19629-218a-13a3-e055-000000000001,"Scart, Cork County",8,22,53,37,17,21,14,14,26,8,0,6,226
Cork South-West,2ae19629-218b-13a3-e055-000000000001,"Seefin, Cork County",12,25,26,49,20,24,20,21,26,28,5,12,268
Cork East,2ae19629-21a2-13a3-e055-000000000001,"Shanballymore, Cork County",14,54,77,79,39,29,28,37,49,24,3,10,443
Cork South-West,2ae19629-21a3-13a3-e055-000000000001,"Sheepshead, Cork County",5,27,19,19,10,9,2,15,14,17,2,10,149
Cork South-West,2ae19629-21a4-13a3-e055-000000000001,"Shreelane, Cork County",8,22,43,51,25,19,23,23,31,20,0,20,285
Cork North-West,2ae19629-21a5-13a3-e055-000000000001,"Skagh, Cork County",10,32,60,52,21,23,22,23,51,19,0,5,318
Cork East,2ae19629-21bc-13a3-e055-000000000001,"Skahanagh, Cork County",10,10,13,15,6,10,10,9,13,14,3,3,116
Cork South-West,2ae19629-21bd-13a3-e055-000000000001,"Skibbereen Rural, Cork County",18,48,136,168,73,74,55,87,138,102,9,93,1001
Cork South-West,2ae19629-21be-13a3-e055-000000000001,"Skibbereen Urban, Cork County",62,122,315,409,250,110,136,137,180,132,12,139,2004
Cork South-West,2ae19629-21bf-13a3-e055-000000000001,"Skull, Cork County",15,80,105,146,62,53,45,78,122,93,11,28,838
Cork North-West,2ae19629-21c9-13a3-e055-000000000001,"An Sliabh Riabhach, Corcaigh",11,38,88,109,61,69,39,69,72,64,4,22,646
Cork North-West,2ae19629-21ca-13a3-e055-000000000001,"Springfort, Cork County",14,43,64,88,46,28,23,23,50,27,4,27,437
Cork North-West,2ae19629-21d8-13a3-e055-000000000001,"Streamhill, Cork County",2,7,7,21,7,7,7,4,7,7,0,0,76
Cork North-West,2ae19629-21d9-13a3-e055-000000000001,"Teadies, Cork County",21,44,94,116,54,50,51,57,88,63,8,52,698
Cork North-West,2ae19629-21e3-13a3-e055-000000000001,"Teerelton, Cork County",3,39,50,64,34,36,29,34,72,38,5,5,409
Cork East,2ae19629-21e4-13a3-e055-000000000001,"Templebodan, Cork County",10,33,58,79,29,31,20,40,58,46,5,48,457
Cork South-Central,2ae19629-21ec-13a3-e055-000000000001,"Templebreedy, Cork County",35,102,310,531,225,196,195,289,478,480,63,86,2990
Cork North-West,2ae19629-21ed-13a3-e055-000000000001,"Templemartin, Cork County",12,37,70,76,47,50,33,48,85,66,2,15,541
Cork North-West,2ae19629-21f4-13a3-e055-000000000001,"Templemary, Cork County",1,29,29,51,20,22,14,25,26,13,2,8,240
Cork South-West,2ae19629-21f5-13a3-e055-000000000001,"Templemichael, Cork County",4,19,70,98,41,40,33,35,87,57,9,6,499
Cork East,2ae19629-21f6-13a3-e055-000000000001,"Templemolaga, Cork County",4,25,42,43,10,25,12,15,39,15,2,3,235
Cork East,2ae19629-2110-13a3-e055-000000000001,"Templenacarriga, Cork County",1,29,48,73,40,41,34,39,60,42,7,10,424
Cork South-West,2ae19629-2111-13a3-e055-000000000001,"Templeomalus, Cork County",16,43,102,97,48,43,32,39,65,48,6,10,549
Cork South-West,2ae19629-2119-13a3-e055-000000000001,"Timoleague, Cork County",17,32,77,88,52,44,29,36,63,30,3,4,475
Cork North-West,2ae19629-211a-13a3-e055-000000000001,"Tincoora, Cork County",4,25,65,56,31,26,23,25,36,23,1,12,327
Cork South-West,2ae19629-211b-13a3-e055-000000000001,"Toormore, Cork County",4,13,25,29,7,8,11,12,25,17,4,10,165
Cork South-West,2ae19629-211c-13a3-e055-000000000001,"Tullagh, Cork County",9,25,70,104,46,37,43,64,109,85,8,15,615
Cork North-West,2ae19629-211d-13a3-e055-000000000001,"Tullylease, Cork County",8,45,65,53,15,25,14,16,30,18,3,13,305
Cork North-West,2ae19629-2124-13a3-e055-000000000001,"Na hUláin, Corcaigh",15,30,63,57,45,43,22,40,53,32,2,21,423
Cork East,2ae19629-2125-13a3-e055-000000000001,"Wallstown, Cork County",5,7,19,36,13,10,14,24,23,20,1,1,173
Cork North-West,2ae19629-2130-13a3-e055-000000000001,"Warrenscourt, Cork County",6,30,95,99,42,28,31,51,79,51,5,16,533
Cork North-Central,2ae19629-2131-13a3-e055-000000000001,"Watergrasshill, Cork County",13,44,134,200,85,104,83,115,204,150,15,28,1175
Cork South-West,6a372d28-f5c8-4acc-b237-4f7bb4a9ad53,"Whiddy/Bantry Rural, Cork County",19,47,100,170,81,61,35,85,117,70,10,34,829
Cork North-Central,2ae19629-213a-13a3-e055-000000000001,"Whitechurch, Cork County",13,81,158,241,117,101,87,118,197,159,14,35,1321
Cork North-West,2ae19629-2108-13a3-e055-000000000001,"Williamstown, Cork County",8,32,70,70,35,23,21,25,37,13,5,7,346
Cork South-West,2ae19629-213b-13a3-e055-000000000001,"Woodfort, Cork County",14,30,40,47,18,20,15,20,40,22,1,10,277
Cork East,2ae19629-2147-13a3-e055-000000000001,"Youghal Rural, Cork County",18,38,106,174,90,64,58,98,106,65,7,87,911
Cork East,2ae19629-2148-13a3-e055-000000000001,"Youghal Urban, Cork County",168,501,796,1015,551,315,281,372,472,314,30,379,5194
Kerry,2ae19629-2387-13a3-e055-000000000001,"Abbeydorney, Kerry",13,67,139,165,60,75,53,70,95,35,2,64,838
Kerry,2ae19629-2388-13a3-e055-000000000001,"Aghadoe, Kerry",10,26,80,97,47,39,49,71,95,67,3,14,598
Kerry,2ae19629-2390-13a3-e055-000000000001,"Aglish, Kerry",6,22,41,62,33,35,24,33,43,15,1,24,339
Kerry,2ae19629-2391-13a3-e055-000000000001,"Arabela, Kerry",15,58,165,186,68,67,60,103,115,93,8,10,948
Kerry,2ae19629-2392-13a3-e055-000000000001,"Ardagh, Kerry",22,74,95,106,33,39,24,32,34,23,1,15,498
Kerry,2ae19629-2393-13a3-e055-000000000001,"Ardea, Kerry",7,13,22,16,11,13,8,9,19,20,3,3,144
Kerry,2ae19629-239d-13a3-e055-000000000001,"Ardfert, Kerry",15,58,114,143,62,53,65,55,81,59,2,39,746
Kerry,2ae19629-239e-13a3-e055-000000000001,"Astee, Kerry",9,32,54,82,21,33,23,38,40,19,0,3,354
Kerry,2ae19629-239f-13a3-e055-000000000001,"Na Beathacha, Ciarraí",1,16,32,20,9,14,5,11,22,9,1,1,141
Kerry,2ae19629-23ac-13a3-e055-000000000001,"Ballincloher, Kerry",11,23,75,61,21,25,22,28,32,24,0,11,333
Kerry,2ae19629-23ad-13a3-e055-000000000001,"Baile an Sceilg, Ciarraí",8,29,55,52,25,22,15,32,45,24,2,13,322
Kerry,2ae19629-23ae-13a3-e055-000000000001,"Ballinvoher, Kerry",8,31,55,73,31,32,34,34,54,37,2,21,412
Kerry,2ae19629-23af-13a3-e055-000000000001,"An Baile Breac, Ciarraí",4,7,14,14,5,4,4,8,9,6,0,6,81
Kerry,2ae19629-22d3-13a3-e055-000000000001,"Ballyconry, Kerry",5,37,59,61,28,25,24,26,25,19,3,15,327
Kerry,2ae19629-22d4-13a3-e055-000000000001,"Ballyduff, Kerry, 077015",38,58,115,135,45,33,25,44,40,38,1,23,595
Kerry,2ae19629-22d5-13a3-e055-000000000001,"An Baile Dubh, Ciarraí, 077016",3,10,22,10,9,5,2,10,11,9,1,8,100
Kerry,2ae19629-22e2-13a3-e055-000000000001,"Ballyegan, Kerry, 077017",4,14,31,49,23,22,11,21,34,22,3,5,239
Kerry,2ae19629-22e3-13a3-e055-000000000001,"Ballyegan, Kerry, 077018",1,7,15,19,5,6,5,5,6,1,0,2,72
Kerry,2ae19629-22e4-13a3-e055-000000000001,"Ballyhar, Kerry",3,7,24,21,16,15,4,9,18,6,3,3,129
Kerry,2ae19629-22ee-13a3-e055-000000000001,"Ballyheige, Kerry",37,140,197,207,77,63,46,68,77,70,5,37,1024
Kerry,2ae19629-22ef-13a3-e055-000000000001,"Ballyhorgan, Kerry",19,16,40,56,18,38,26,22,30,21,2,10,298
Kerry,2ae19629-22fd-13a3-e055-000000000001,"Ballynacourty, Kerry",8,17,39,32,14,16,12,19,28,19,2,13,219
Kerry,2ae19629-22fe-13a3-e055-000000000001,"Ballynahaglish, Kerry",15,62,146,220,73,65,61,143,165,161,13,37,1161
Kerry,2ae19629-230d-13a3-e055-000000000001,"Ballynorig, Kerry",7,38,57,81,22,36,23,31,33,28,0,7,363
Kerry,2ae19629-230e-13a3-e055-000000000001,"Ballyseedy, Kerry",56,82,181,236,110,80,85,113,157,118,14,58,1290
Kerry,2ae19629-230f-13a3-e055-000000000001,"Banawn, Kerry",6,15,22,22,13,17,13,12,27,17,0,8,172
Kerry,2ae19629-231b-13a3-e055-000000000001,"Banna, Kerry",4,51,105,104,39,34,30,37,77,52,5,8,546
Kerry,2ae19629-231c-13a3-e055-000000000001,"Baurtregaum, Kerry",7,35,40,49,16,20,21,19,35,31,1,1,275
Kerry,2ae19629-231d-13a3-e055-000000000001,"Beal, Kerry",2,14,18,8,8,13,10,9,12,13,2,2,111
Kerry,2ae19629-2329-13a3-e055-000000000001,"Blennerville, Kerry",10,27,68,111,39,27,40,60,64,42,5,28,521
Kerry,2ae19629-232a-13a3-e055-000000000001,"Boolteens, Kerry",6,27,49,76,29,29,19,22,41,32,1,9,340
Kerry,2ae19629-2336-13a3-e055-000000000001,"Cé Bhréanainn, Ciarraí",7,9,7,22,5,7,9,14,11,13,0,13,117
Kerry,2ae19629-2337-13a3-e055-000000000001,"Brewsterfield, Kerry",8,36,60,134,39,45,47,53,77,44,1,8,552
Kerry,2ae19629-2342-13a3-e055-000000000001,"Brosna, Kerry",36,56,107,83,30,53,20,30,71,35,2,14,537
Kerry,2ae19629-2343-13a3-e055-000000000001,"Caher, Kerry",30,115,220,277,121,86,89,123,120,109,8,109,1407
Kerry,2ae19629-2344-13a3-e055-000000000001,"Cathair Dónall, Ciarraí",6,16,36,39,22,13,14,32,33,24,2,8,245
Kerry,2ae19629-2353-13a3-e055-000000000001,"Cappagh, Kerry",14,19,26,58,33,26,21,22,27,19,3,7,275
Kerry,2ae19629-2363-13a3-e055-000000000001,"Caragh, Kerry",25,62,112,118,52,49,45,67,82,57,8,17,694
Kerry,2ae19629-2362-13a3-e055-000000000001,"Carker, Kerry",12,52,62,61,23,23,12,16,24,12,0,14,311
Kerry,2ae19629-2364-13a3-e055-000000000001,"Carrig, Kerry",9,35,55,55,18,17,10,18,23,17,2,7,266
Kerry,2ae19629-2365-13a3-e055-000000000001,"Castlecove, Kerry",6,41,41,49,17,19,11,21,21,16,8,14,264
Kerry,2ae19629-2366-13a3-e055-000000000001,"Castlegregory, Kerry",14,76,79,148,48,51,46,58,99,69,7,25,720
Kerry,2ae19629-2378-13a3-e055-000000000001,"Castleisland, Kerry",61,222,411,501,227,153,145,189,229,136,8,131,2413
Kerry,2ae19629-2379-13a3-e055-000000000001,"Castlequin, Kerry",12,36,61,80,30,53,25,34,46,28,6,14,425
Kerry,2ae19629-237a-13a3-e055-000000000001,"Causeway, Kerry",8,52,91,89,47,27,33,38,41,30,3,13,472
Kerry,2ae19629-2389-13a3-e055-000000000001,"Churchtown, Kerry",0,28,49,65,29,27,22,30,40,37,0,19,346
Kerry,2ae19629-238a-13a3-e055-000000000001,"An Clochán, Ciarraí",1,12,21,29,7,13,12,20,35,23,2,11,186
Kerry,2ae19629-2394-13a3-e055-000000000001,"Clogherbrien, Kerry",9,59,134,210,72,63,72,111,207,147,12,21,1117
Kerry,2ae19629-2396-13a3-e055-000000000001,"Cloontubbrid, Kerry",10,16,24,34,17,15,16,18,17,18,2,7,194
Kerry,2ae19629-23a0-13a3-e055-000000000001,"Clydagh, Kerry",0,10,14,11,4,5,7,5,18,7,3,3,87
Kerry,2ae19629-23a1-13a3-e055-000000000001,"Coolies, Kerry",12,24,59,112,43,50,42,63,78,67,8,22,580
Kerry,2ae19629-23a2-13a3-e055-000000000001,"Coom, Kerry",51,168,299,286,114,100,63,101,155,77,4,29,1447
Kerry,2ae19629-23b0-13a3-e055-000000000001,"Cordal, Kerry",6,22,46,34,5,13,9,7,28,16,0,13,199
Kerry,2ae19629-23b1-13a3-e055-000000000001,"Crinny, Kerry",6,20,48,43,22,24,7,19,23,11,0,0,223
Kerry,2ae19629-22c7-13a3-e055-000000000001,"Curraghbeg, Kerry",4,16,30,21,17,11,4,10,10,11,0,9,143
Kerry,2ae19629-22c8-13a3-e055-000000000001,"Curraghmore, Kerry",10,23,37,44,16,17,9,20,34,25,0,15,250
Kerry,2ae19629-22c9-13a3-e055-000000000001,"Currans, Kerry",5,16,34,48,15,10,8,16,17,18,0,3,190
Kerry,2ae19629-22ca-13a3-e055-000000000001,"Doire Fhíonáin, Ciarraí",0,8,20,29,9,18,4,20,9,23,5,6,151
Kerry,2ae19629-22cb-13a3-e055-000000000001,"Dawros, Kerry",11,26,42,86,32,38,37,34,51,51,1,42,451
Kerry,2ae19629-22cc-13a3-e055-000000000001,"Deelis, Kerry",6,17,33,46,21,19,20,26,32,16,5,15,256
Kerry,2ae19629-22d6-13a3-e055-000000000001,"Derreen, Kerry",15,19,31,33,9,4,5,5,14,2,0,3,140
Kerry,842865f1-99a8-46b1-8460-28a9e20b0d17,"Doire Ianna/An Chluain, Ciarraí",8,39,31,32,16,8,9,8,9,9,1,5,175
Kerry,2ae19629-22d8-13a3-e055-000000000001,"Dingle, Kerry",27,70,129,270,95,73,70,158,153,142,21,51,1259
Kerry,2ae19629-22d9-13a3-e055-000000000001,"Doocarrig, Kerry",11,58,85,83,32,29,28,23,53,23,2,9,436
Kerry,2ae19629-2218-13a3-e055-000000000001,"Doon, Kerry",10,20,81,87,33,25,32,46,59,56,4,12,465
Kerry,2ae19629-2219-13a3-e055-000000000001,"Dromin, Kerry",5,34,88,110,31,52,31,50,81,58,4,9,553
Kerry,2ae19629-221a-13a3-e055-000000000001,"Drommartin, Kerry",11,38,85,73,32,29,32,29,26,13,0,5,373
Kerry,2ae19629-2224-13a3-e055-000000000001,"Dromore, Kerry",12,20,15,40,21,16,16,23,32,20,2,13,230
Kerry,2ae19629-2225-13a3-e055-000000000001,"Duagh, Kerry",4,31,78,82,18,28,25,23,37,23,2,15,366
Kerry,2ae19629-222e-13a3-e055-000000000001,"Dunloe, Kerry",9,45,86,88,41,43,46,38,90,67,6,54,613
Kerry,2ae19629-222f-13a3-e055-000000000001,"Dún Chaoin, Ciarraí",2,8,7,24,5,7,6,17,25,33,7,5,146
Kerry,2ae19629-2230-13a3-e055-000000000001,"Dún Urlann, Ciarraí",8,19,39,64,19,27,33,52,38,44,10,7,360
Kerry,2ae19629-2231-13a3-e055-000000000001,"An tImleach, Ciarraí",19,48,118,120,61,56,64,51,65,42,5,35,684
Kerry,2ae19629-2232-13a3-e055-000000000001,"Ennismore, Kerry",10,47,65,75,36,40,29,29,41,15,1,9,397
Kerry,2ae19629-2233-13a3-e055-000000000001,"Flesk, Kerry",4,29,44,48,21,24,25,26,47,20,2,4,294
Kerry,2ae19629-2234-13a3-e055-000000000001,"Glanbehy, Kerry",33,90,128,175,56,59,52,73,89,71,2,37,865
Kerry,2ae19629-2235-13a3-e055-000000000001,"Glanlee, Kerry",1,18,24,21,9,14,8,9,7,7,0,14,132
Kerry,2ae19629-2241-13a3-e055-000000000001,"Glanlough, Kerry",5,15,14,21,10,8,11,7,10,10,0,4,115
Kerry,2ae19629-2242-13a3-e055-000000000001,"Glanmore, Kerry",3,23,32,29,16,8,13,15,15,13,3,9,179
Kerry,2ae19629-2243-13a3-e055-000000000001,"Glinn, Kerry",9,49,157,261,100,82,88,146,162,125,10,38,1227
Kerry,2ae19629-2244-13a3-e055-000000000001,"Gneeves, Kerry",6,26,56,51,19,20,26,18,26,8,3,6,265
Kerry,2ae19629-224f-13a3-e055-000000000001,"Greenane, Kerry",6,8,24,23,13,9,10,27,20,15,3,8,166
Kerry,2ae19629-2250-13a3-e055-000000000001,"Gullane, Kerry",9,18,28,50,16,16,18,15,11,15,2,11,209
Kerry,2ae19629-2251-13a3-e055-000000000001,"Gunsborough, Kerry",5,27,52,53,23,16,18,25,21,15,3,4,262
Kerry,2ae19629-225d-13a3-e055-000000000001,"Headfort, Kerry",16,35,118,126,69,58,38,44,64,37,0,16,621
Kerry,2ae19629-225e-13a3-e055-000000000001,"Inch, Kerry",3,13,11,20,7,15,4,14,15,13,1,10,126
Kerry,2ae19629-225f-13a3-e055-000000000001,"Kenmare, Kerry",52,120,219,482,222,156,158,260,273,240,23,138,2343
Kerry,2ae19629-2260-13a3-e055-000000000001,"Kerryhead, Kerry",8,84,91,73,34,37,25,26,43,17,2,12,452
Kerry,2ae19629-226c-13a3-e055-000000000001,"Kilbonane, Kerry",5,31,74,90,44,39,24,37,50,41,3,4,442
Kerry,2ae19629-226d-13a3-e055-000000000001,"Kilcummin, Kerry",37,116,197,267,113,134,118,121,206,130,9,98,1546
Kerry,2ae19629-226e-13a3-e055-000000000001,"Kilfeighny, Kerry",9,78,97,134,52,44,37,49,82,53,6,19,660
Kerry,2ae19629-226f-13a3-e055-000000000001,"Kilfelim, Kerry",3,11,23,35,16,12,10,17,19,11,2,0,159
Kerry,2ae19629-227a-13a3-e055-000000000001,"Kilflyn, Kerry",6,26,27,27,16,17,11,12,10,17,2,12,183
Kerry,2ae19629-227b-13a3-e055-000000000001,"Kilgarrylander, Kerry",21,53,81,98,45,32,24,45,49,21,2,9,480
Kerry,2ae19629-227c-13a3-e055-000000000001,"Kilgarvan, Kerry",11,51,92,98,46,51,36,46,54,33,1,34,553
Kerry,2ae19629-2285-13a3-e055-000000000001,"Kilgobban, Kerry",0,22,33,38,21,25,5,13,23,19,1,11,211
Kerry,2ae19629-2286-13a3-e055-000000000001,"Kilgobnet, Kerry",37,85,101,102,36,46,50,60,75,58,5,18,673
Kerry,2ae19629-2287-13a3-e055-000000000001,"Killahan, Kerry",10,20,56,59,11,22,14,15,19,14,0,15,255
Kerry,2ae19629-2288-13a3-e055-000000000001,"Killarney Rural, Kerry",113,341,606,986,403,345,291,458,593,460,28,344,4968
Kerry,2ae19629-2293-13a3-e055-000000000001,"Killarney Urban, Kerry",153,518,850,1411,676,390,427,714,837,643,54,603,7276
Kerry,2ae19629-2294-13a3-e055-000000000001,"Killeentierna, Kerry",14,59,124,89,70,47,33,52,63,47,1,17,616
Kerry,2ae19629-2295-13a3-e055-000000000001,"Killehenny, Kerry",44,130,212,339,110,93,96,132,166,141,3,61,1527
Kerry,2ae19629-229f-13a3-e055-000000000001,"Killinane, Kerry",8,28,30,33,19,15,10,17,14,17,3,19,213
Kerry,2ae19629-22a0-13a3-e055-000000000001,"Killorglin, Kerry",90,287,483,660,275,213,209,268,376,243,18,98,3220
Kerry,2ae19629-22a1-13a3-e055-000000000001,"Killury, Kerry",16,39,77,60,25,29,18,25,33,22,1,3,348
Kerry,2ae19629-22aa-13a3-e055-000000000001,"Cill Maoilchéadair, Ciarraí",16,30,53,87,23,26,18,30,43,42,4,18,390
Kerry,2ae19629-22ab-13a3-e055-000000000001,"Kilmeany, Kerry",14,44,92,107,44,38,26,39,52,36,2,25,519
Kerry,2ae19629-22b6-13a3-e055-000000000001,"Kilmurry, Kerry",8,35,49,44,19,16,13,11,12,10,1,9,227
Kerry,2ae19629-22b7-13a3-e055-000000000001,"Kilnanare, Kerry",14,69,117,121,58,48,37,62,79,59,5,14,683
Kerry,2ae19629-22b8-13a3-e055-000000000001,"Cill Chuáin, Ciarraí",8,29,56,57,21,18,17,34,31,37,2,5,315
Kerry,2ae19629-2201-13a3-e055-000000000001,"Kilshenane, Kerry",5,38,41,26,16,8,8,9,10,12,1,6,180
Kerry,2ae19629-2202-13a3-e055-000000000001,"Kiltallagh, Kerry",6,38,66,67,34,29,21,26,43,23,2,26,381
Kerry,2ae19629-2203-13a3-e055-000000000001,"Kiltomy, Kerry",9,29,61,65,19,22,16,15,28,10,0,12,286
Kerry,2ae19629-220f-13a3-e055-000000000001,"Cinn Aird, Ciarraí",5,17,34,53,19,14,15,22,23,23,4,7,236
Kerry,2ae19629-2210-13a3-e055-000000000001,"Knockglass, Kerry",5,13,28,37,23,19,19,21,34,42,6,44,291
Kerry,2ae19629-221b-13a3-e055-000000000001,"Knocknagashel, Kerry",17,56,108,111,47,38,27,27,51,28,0,20,530
Kerry,2ae19629-221c-13a3-e055-000000000001,"Knocknahoe, Kerry",6,15,33,35,24,22,10,13,24,13,0,5,200
Kerry,2ae19629-2226-13a3-e055-000000000001,"Lack, Kerry",6,32,40,28,8,12,14,14,30,22,3,3,212
Kerry,2ae19629-2227-13a3-e055-000000000001,"Lackabaun, Kerry",13,34,41,66,28,27,21,27,23,21,4,9,314
Kerry,2ae19629-2236-13a3-e055-000000000001,"Lahard, Kerry",7,34,58,76,42,39,37,56,75,60,3,18,505
Kerry,2ae19629-2237-13a3-e055-000000000001,"Leitrim, Kerry",14,41,49,68,28,44,28,31,47,24,1,5,380
Kerry,2ae19629-2238-13a3-e055-000000000001,"Lickeen, Kerry",2,9,18,19,6,2,4,6,4,4,0,1,75
Kerry,2ae19629-2245-13a3-e055-000000000001,"Lislaughtin, Kerry",7,54,75,84,35,33,31,29,36,25,0,8,417
Kerry,2ae19629-2246-13a3-e055-000000000001,"Lisselton, Kerry",4,33,39,49,23,20,21,17,16,18,2,7,249
Kerry,2ae19629-2247-13a3-e055-000000000001,"Listowel Rural, Kerry",29,98,188,201,106,85,62,97,141,85,6,45,1143
Kerry,2ae19629-2252-13a3-e055-000000000001,"Listowel Urban, Kerry",103,233,494,597,252,191,194,255,301,205,13,138,2976
Kerry,2ae19629-2253-13a3-e055-000000000001,"Lixnaw, Kerry",20,43,138,149,74,57,52,54,62,40,2,34,725
Kerry,2ae19629-2254-13a3-e055-000000000001,"Loughbrin, Kerry",3,22,16,29,8,3,9,5,9,1,0,1,106
Kerry,2ae19629-2255-13a3-e055-000000000001,"Loch Luíoch, Ciarraí",5,15,36,46,24,12,26,24,29,17,1,9,244
Kerry,2ae19629-2256-13a3-e055-000000000001,"Márthain, Ciarraí",3,14,26,25,7,22,8,23,27,23,2,6,186
Kerry,f2b35649-c96c-4cf5-b8ab-60770f0291a9,"Máistir Gaoithe/Ceannúigh, Ciarraí",9,23,43,23,12,7,12,14,13,9,1,4,170
Kerry,2ae19629-2262-13a3-e055-000000000001,"Maum, Kerry",13,28,36,38,15,11,13,8,11,14,0,6,193
Kerry,2ae19629-2263-13a3-e055-000000000001,"Millbrook, Kerry",14,43,75,57,25,17,19,14,32,15,1,8,320
Kerry,2ae19629-2270-13a3-e055-000000000001,"Milltown, Kerry",31,101,239,285,126,129,103,142,189,121,4,82,1552
Kerry,2ae19629-2271-13a3-e055-000000000001,"An Mhin Aird, Ciarraí",3,30,48,69,22,19,21,20,36,31,4,13,316
Kerry,2ae19629-2272-13a3-e055-000000000001,"Molahiffe, Kerry",15,81,151,222,91,81,77,112,146,89,4,13,1082
Kerry,2ae19629-227d-13a3-e055-000000000001,"Mount Eagle, Kerry",4,18,24,15,11,13,7,5,13,11,0,3,124
Kerry,2ae19629-227e-13a3-e055-000000000001,"Moynsha, Kerry",12,38,59,82,27,26,23,31,42,13,2,8,363
Kerry,2ae19629-2289-13a3-e055-000000000001,"Muckross, Kerry",6,32,55,97,39,29,37,65,103,80,12,43,598
Kerry,2ae19629-228a-13a3-e055-000000000001,"Newtownsandes, Kerry",18,81,162,164,69,76,34,63,55,38,0,44,804
Kerry,2ae19629-228b-13a3-e055-000000000001,"Nohaval, Kerry",6,23,46,56,23,22,18,22,30,23,1,5,275
Kerry,2ae19629-2296-13a3-e055-000000000001,"O'brennan, Kerry",5,28,54,77,29,26,29,24,44,19,2,10,347
Kerry,2ae19629-2297-13a3-e055-000000000001,"Portmagee, Kerry",8,45,50,43,12,14,19,18,20,17,0,14,260
Kerry,2ae19629-22a2-13a3-e055-000000000001,"Ratass, Kerry",12,41,115,152,52,51,38,69,105,76,8,30,749
Kerry,2ae19629-22a3-13a3-e055-000000000001,"Rathea, Kerry",6,29,55,76,15,26,22,29,25,23,0,4,310
Kerry,2ae19629-22ac-13a3-e055-000000000001,"Rathmore, Kerry",32,112,213,267,149,96,76,100,147,88,4,43,1327
Kerry,2ae19629-22ad-13a3-e055-000000000001,"Reen, Kerry",2,11,9,25,8,9,8,15,17,12,2,6,124
Kerry,2ae19629-22ae-13a3-e055-000000000001,"Rockfield, Kerry",8,18,40,60,17,22,22,20,34,14,2,8,265
Kerry,2ae19629-22b9-13a3-e055-000000000001,"Scartaglin, Kerry",14,32,99,85,42,48,22,24,53,29,3,16,467
Kerry,2ae19629-22ba-13a3-e055-000000000001,"Shronowen, Kerry",7,30,33,27,11,10,10,15,16,8,0,3,170
Kerry,2ae19629-22bb-13a3-e055-000000000001,"Sneem, Kerry",19,42,60,109,60,42,40,46,60,56,7,60,601
Kerry,2ae19629-22bc-13a3-e055-000000000001,"Toghroinn Fhíonáin, Ciarraí",4,12,23,21,3,10,6,14,11,12,2,5,123
Kerry,2ae19629-22bd-13a3-e055-000000000001,"An Sráidbhaile, Ciarraí",3,12,16,21,7,9,19,10,34,25,0,9,165
Kerry,2ae19629-22be-13a3-e055-000000000001,"Tahilla, Kerry",7,13,21,38,21,10,15,14,19,16,4,10,188
Kerry,2ae19629-21f9-13a3-e055-000000000001,"Tarbert, Kerry",12,56,109,113,54,51,26,39,44,37,4,19,564
Kerry,2ae19629-21fa-13a3-e055-000000000001,"Tarmon, Kerry",17,34,39,76,25,39,23,23,43,21,2,7,349
Kerry,2ae19629-221d-13a3-e055-000000000001,"Trian Iarthach, Ciarraí, 077159",3,33,37,38,26,14,15,21,17,13,3,15,235
Kerry,2ae19629-221e-13a3-e055-000000000001,"Tralee Rural, Kerry",253,780,1501,2404,1040,650,765,1042,1438,1035,98,1149,12155
Kerry,2ae19629-221f-13a3-e055-000000000001,"Tralee Urban, Kerry",181,371,594,718,339,149,155,276,324,179,17,992,4295
Kerry,2ae19629-2228-13a3-e055-000000000001,"Trienearagh, Kerry",6,39,72,57,24,30,19,21,30,17,1,10,326
Kerry,2ae19629-2229-13a3-e055-000000000001,"Tubrid, Kerry",12,51,109,120,38,32,43,38,77,32,5,29,586
Kerry,2ae19629-222a-13a3-e055-000000000001,"Urlee, Kerry",6,36,37,59,27,28,10,24,23,25,1,3,279
Kerry,2ae19629-2239-13a3-e055-000000000001,"Valencia, Kerry",14,34,65,91,44,36,39,34,45,49,2,42,495
Kerry,2ae19629-223a-13a3-e055-000000000001,"Ceann Trá, Ciarraí",6,28,37,59,22,15,12,37,44,29,4,29,322
Limerick City,2ae19629-17cc-13a3-e055-000000000001,"Abbey A, Limerick",42,229,483,583,236,154,180,221,425,310,48,274,3185
Limerick City,2ae19629-17cd-13a3-e055-000000000001,"Abbey B, Limerick",25,95,199,365,158,91,107,114,208,121,22,171,1676
Limerick City,2ae19629-17ce-13a3-e055-000000000001,"Abbey C, Limerick",20,33,50,69,26,7,13,27,30,21,2,152,450
Limerick City,2ae19629-17cf-13a3-e055-000000000001,"Abbey D, Limerick",45,162,222,215,81,40,41,22,44,29,5,176,1082
Limerick City,2ae19629-17dd-13a3-e055-000000000001,"Ballinacurra A, Limerick",25,36,75,193,82,62,65,132,335,277,48,190,1520
Limerick City,2ae19629-17de-13a3-e055-000000000001,"Ballinacurra B, Limerick",27,135,214,200,74,45,50,71,82,69,10,45,1022
Limerick City,2ae19629-17df-13a3-e055-000000000001,"Ballynanty, Limerick",94,431,424,430,127,61,63,40,60,32,3,128,1893
Limerick City,2ae19629-17e0-13a3-e055-000000000001,"Castle A, Limerick",16,47,121,131,72,36,48,66,99,99,12,19,766
Limerick City,2ae19629-17e1-13a3-e055-000000000001,"Castle B, Limerick",2,12,32,68,13,15,21,37,74,47,11,66,398
Limerick City,2ae19629-17e2-13a3-e055-000000000001,"Castle C, Limerick",16,27,47,122,52,35,48,95,183,199,43,172,1039
Limerick City,2ae19629-17e3-13a3-e055-000000000001,"Castle D, Limerick",6,14,83,269,68,52,79,175,286,296,34,44,1406
Limerick City,2ae19629-17e4-13a3-e055-000000000001,"Coolraine, Limerick",9,71,171,276,87,69,65,93,199,144,23,25,1232
Limerick City,2ae19629-17e5-13a3-e055-000000000001,"Custom House, Limerick",19,33,46,64,63,14,21,27,39,27,4,282,639
Limerick City,2ae19629-17e6-13a3-e055-000000000001,"Dock A, Limerick",51,73,156,220,143,52,92,113,196,155,14,556,1821
Limerick City,2ae19629-17e7-13a3-e055-000000000001,"Dock B, Limerick",15,49,79,93,70,26,33,52,122,74,5,245,863
Limerick City,2ae19629-17e8-13a3-e055-000000000001,"Dock C, Limerick",25,50,95,118,48,15,44,62,115,118,22,93,805
Limerick City,2ae19629-17e9-13a3-e055-000000000001,"Dock D, Limerick",7,15,28,78,20,18,20,38,92,92,12,8,428
Limerick City,2ae19629-17ea-13a3-e055-000000000001,"Farranshone, Limerick",14,36,67,126,40,33,32,71,112,98,20,106,755
Limerick City,2ae19629-17eb-13a3-e055-000000000001,"Galvone A, Limerick",39,149,244,244,90,30,32,43,45,28,1,71,1016
Limerick City,2ae19629-17ec-13a3-e055-000000000001,"Galvone B, Limerick",34,91,89,91,25,14,9,11,8,1,0,60,433
Limerick City,2ae19629-17ed-13a3-e055-000000000001,"Glentworth A, Limerick",10,56,75,71,41,12,15,17,32,24,3,92,448
Limerick City,2ae19629-17f4-13a3-e055-000000000001,"Glentworth B, Limerick",30,136,196,227,72,55,26,40,49,15,1,59,906
Limerick City,2ae19629-17f5-13a3-e055-000000000001,"Glentworth C, Limerick",22,86,85,69,21,14,8,9,10,5,0,45,374
Limerick City,2ae19629-17f6-13a3-e055-000000000001,"John's A, Limerick",37,126,142,117,30,9,10,4,5,0,0,16,496
Limerick City,2ae19629-17f7-13a3-e055-000000000001,"John's B, Limerick",51,106,124,117,67,19,20,30,41,27,2,210,814
Limerick City,2ae19629-17f8-13a3-e055-000000000001,"John's C, Limerick",5,31,51,55,21,13,12,13,30,25,4,115,375
Limerick City,2ae19629-17f9-13a3-e055-000000000001,"Killeely A, Limerick",36,250,264,217,64,26,36,24,28,10,2,36,993
Limerick City,2ae19629-17fa-13a3-e055-000000000001,"Killeely B, Limerick",12,95,139,129,40,20,13,31,33,24,2,141,679
Limerick City,2ae19629-17c0-13a3-e055-000000000001,"Limerick North Rural, Limerick",75,266,685,1086,369,246,252,319,592,378,29,371,4668
Limerick City,2ae19629-17fb-13a3-e055-000000000001,"Market, Limerick",26,86,129,200,110,51,53,81,126,121,7,396,1386
Limerick City,2ae19629-17fc-13a3-e055-000000000001,"Prospect A, Limerick",33,111,121,118,47,15,17,30,27,12,2,158,691
Limerick City,2ae19629-17fd-13a3-e055-000000000001,"Prospect B, Limerick",13,86,99,83,29,11,12,11,14,19,2,33,412
Limerick City,2ae19629-17fe-13a3-e055-000000000001,"Rathbane, Limerick",68,200,268,260,71,44,44,26,31,12,1,142,1167
Limerick City,2ae19629-17ff-13a3-e055-000000000001,"Shannon A, Limerick",5,7,20,64,46,27,32,69,119,104,24,321,838
Limerick City,2ae19629-1800-13a3-e055-000000000001,"Shannon B, Limerick",40,51,62,90,46,23,33,47,84,67,10,335,888
Limerick City,2ae19629-1801-13a3-e055-000000000001,"Singland A, Limerick",35,173,300,261,90,46,38,38,51,28,3,93,1156
Limerick City,2ae19629-1802-13a3-e055-000000000001,"Singland B, Limerick",54,248,572,643,213,143,142,121,224,104,8,165,2637
Limerick City,2ae19629-1803-13a3-e055-000000000001,"St. Laurence, Limerick",25,135,232,150,52,33,29,27,48,24,4,33,792
Limerick County,2ae19629-1757-13a3-e055-000000000001,"Abbeyfeale, Limerick",74,226,338,374,136,121,100,128,155,97,6,61,1816
Limerick County,2ae19629-1758-13a3-e055-000000000001,"Abbeyville, Limerick",2,22,47,40,13,22,16,23,25,17,1,54,282
Limerick City,2ae19629-1759-13a3-e055-000000000001,"Abington, Limerick",9,37,111,161,57,69,66,65,106,72,11,64,828
Limerick County,2ae19629-175a-13a3-e055-000000000001,"Adare North, Limerick",6,17,49,78,22,31,28,44,64,57,2,7,405
Limerick County,2ae19629-175b-13a3-e055-000000000001,"Adare South, Limerick",15,69,168,244,92,93,105,133,236,258,24,98,1535
Limerick County,2ae19629-175c-13a3-e055-000000000001,"Anglesborough, Limerick",11,28,47,39,14,18,20,19,24,16,2,10,248
Limerick County,2ae19629-175d-13a3-e055-000000000001,"Ardagh, Limerick",19,74,125,155,62,59,41,51,72,39,2,21,720
Limerick County,2ae19629-175e-13a3-e055-000000000001,"Ardpatrick, Limerick",3,40,33,50,17,29,18,23,28,18,2,10,271
Limerick County,2ae19629-174e-13a3-e055-000000000001,"Askeaton East, Limerick",9,37,82,95,29,24,20,34,35,21,0,14,400
Limerick County,2ae19629-174f-13a3-e055-000000000001,"Askeaton West, Limerick",23,73,153,189,56,57,42,72,62,45,2,41,815
Limerick County,2ae19629-1750-13a3-e055-000000000001,"Athlacca, Limerick",7,28,56,50,20,25,18,24,24,18,0,16,286
Limerick County,2ae19629-1751-13a3-e055-000000000001,"Aughinish, Limerick",0,12,24,25,17,18,6,15,20,5,0,42,184
Limerick County,2ae19629-1752-13a3-e055-000000000001,"Ballingarry, Limerick",17,46,110,127,61,40,41,59,78,63,5,8,655
Limerick County,2ae19629-1753-13a3-e055-000000000001,"Ballintober, Limerick",8,29,47,63,13,23,14,18,27,17,0,7,266
Limerick County,2ae19629-175f-13a3-e055-000000000001,"Ballyagran, Limerick",9,38,77,77,34,24,17,25,40,19,1,13,374
Limerick County,2ae19629-1760-13a3-e055-000000000001,"Ballyallinan, Limerick",5,38,41,53,26,28,17,24,37,22,1,5,297
Limerick City,2ae19629-1767-13a3-e055-000000000001,"Ballybricken, Limerick",6,73,146,216,73,80,82,122,215,143,19,105,1280
Limerick City,2ae19629-1768-13a3-e055-000000000001,"Ballycummin, Limerick",123,476,1072,2007,832,590,768,1197,2293,1742,166,733,11999
Limerick County,2ae19629-1769-13a3-e055-000000000001,"Ballygrennan, Limerick",7,19,41,37,12,18,11,11,25,20,1,2,204
Limerick County,2ae19629-176a-13a3-e055-000000000001,"Ballylanders, Limerick",18,52,78,95,42,28,27,25,33,27,1,17,443
Limerick County,2ae19629-176b-13a3-e055-000000000001,"Ballymacshaneboy, Limerick",3,29,57,62,18,24,22,32,36,32,2,8,325
Limerick County,2ae19629-176c-13a3-e055-000000000001,"Ballynabanoge, Limerick",7,15,48,38,18,14,13,18,19,19,4,7,220
Limerick County,2ae19629-176d-13a3-e055-000000000001,"Ballynacarriga, Limerick",5,29,74,129,43,36,49,61,104,50,7,12,599
Limerick County,2ae19629-176f-13a3-e055-000000000001,"Ballynoe West, Limerick",3,28,45,42,21,16,13,15,21,12,0,4,220
Limerick County,2ae19629-176e-13a3-e055-000000000001,"Ballynoe, Limerick",4,23,71,65,22,27,19,26,55,29,4,4,349
Limerick City,2ae19629-1770-13a3-e055-000000000001,"Ballysimon, Limerick",101,224,528,1150,441,310,442,726,1897,1613,279,1727,9438
Limerick City,2ae19629-1771-13a3-e055-000000000001,"Ballyvarra, Limerick",82,132,264,411,173,157,161,238,535,420,85,169,2827
Limerick County,2ae19629-1772-13a3-e055-000000000001,"Bilboa, Limerick",6,36,52,51,25,26,14,14,35,23,1,9,292
Limerick County,2ae19629-1773-13a3-e055-000000000001,"Boola, Limerick",4,9,17,11,8,7,6,11,16,6,1,4,100
Limerick County,2ae19629-1774-13a3-e055-000000000001,"Broadford, Limerick",15,67,113,109,56,60,34,48,76,47,4,36,665
Limerick County,2ae19629-1761-13a3-e055-000000000001,"Bruff, Limerick",31,113,171,201,72,67,61,74,112,66,3,39,1010
Limerick County,2ae19629-1762-13a3-e055-000000000001,"Bruree, Limerick",37,60,160,228,55,51,45,56,83,49,4,70,898
Limerick County,2ae19629-1763-13a3-e055-000000000001,"Bulgaden, Limerick",6,22,29,48,18,17,18,14,26,15,0,10,223
Limerick County,2ae19629-1764-13a3-e055-000000000001,"Caher, Limerick",5,31,56,59,19,17,22,16,31,8,0,7,271
Limerick City,2ae19629-1765-13a3-e055-000000000001,"Caherconlish East, Limerick",6,21,58,61,21,30,28,25,64,45,3,12,374
Limerick City,2ae19629-1766-13a3-e055-000000000001,"Caherconlish West, Limerick",33,123,231,287,121,86,85,87,168,124,13,93,1451
Limerick County,2ae19629-177c-13a3-e055-000000000001,"Cahercorney, Limerick",12,30,63,87,33,35,40,44,77,40,5,13,479
Limerick County,2ae19629-177d-13a3-e055-000000000001,"Caherelly, Limerick",2,14,30,50,16,14,18,20,47,21,1,9,242
Limerick County,2ae19629-177e-13a3-e055-000000000001,"Cappamore, Limerick",33,108,178,192,86,76,64,67,105,63,8,14,994
Limerick County,2ae19629-177f-13a3-e055-000000000001,"Carrig, Limerick",5,33,71,79,40,31,28,29,64,49,3,7,439
Limerick City,2ae19629-1780-13a3-e055-000000000001,"Castleconnell, Limerick",39,133,292,407,155,140,130,225,326,349,40,106,2342
Limerick County,2ae19629-1781-13a3-e055-000000000001,"Castletown, Limerick, 127042",4,13,46,55,20,25,11,15,44,21,1,7,262
Limerick County,2ae19629-1782-13a3-e055-000000000001,"Castletown, Limerick, 127043",9,22,38,64,23,25,28,24,48,28,2,5,316
Limerick County,2ae19629-1783-13a3-e055-000000000001,"Clarina, Limerick",19,78,195,265,91,102,82,121,222,157,12,20,1364
Limerick County,2ae19629-1784-13a3-e055-000000000001,"Cleanglass, Limerick",12,34,37,39,17,13,8,12,13,5,0,8,198
Limerick County,2ae19629-1785-13a3-e055-000000000001,"Cloncagh, Limerick",2,20,27,37,20,25,12,19,27,17,2,4,212
Limerick City,2ae19629-1786-13a3-e055-000000000001,"Clonkeen, Limerick",9,14,76,112,48,49,47,51,75,101,8,38,628
Limerick County,2ae19629-1787-13a3-e055-000000000001,"Colmanswell, Limerick",8,27,66,84,42,39,20,27,33,33,2,9,390
Limerick County,2ae19629-1788-13a3-e055-000000000001,"Coolrus, Limerick",12,36,58,70,29,26,16,29,29,13,1,8,327
Limerick County,2ae19629-1789-13a3-e055-000000000001,"Craggs, Limerick",2,15,33,28,23,18,12,11,16,16,1,5,180
Limerick County,2ae19629-1775-13a3-e055-000000000001,"Crean, Limerick",5,22,30,66,23,29,17,21,42,29,0,49,333
Limerick County,2ae19629-1776-13a3-e055-000000000001,"Crecora, Limerick",5,12,29,66,19,13,34,31,57,31,3,10,310
Limerick County,2ae19629-1777-13a3-e055-000000000001,"Croagh, Limerick",4,36,67,78,33,46,39,52,82,53,2,73,565
Limerick County,2ae19629-1778-13a3-e055-000000000001,"Croom, Limerick",35,113,244,248,92,68,48,91,116,62,7,225,1349
Limerick County,2ae19629-1779-13a3-e055-000000000001,"Cullane, Limerick",8,34,54,49,26,21,15,19,23,21,1,4,275
Limerick County,2ae19629-177a-13a3-e055-000000000001,"Danganbeg, Limerick",12,28,44,55,14,32,26,25,32,16,2,5,291
Limerick County,2ae19629-177b-13a3-e055-000000000001,"Darragh, Limerick",5,20,46,48,22,26,18,23,33,15,0,12,268
Limerick County,2ae19629-178a-13a3-e055-000000000001,"Doon South, Limerick",28,53,166,233,66,72,47,77,112,56,0,18,928
Limerick County,2ae19629-178b-13a3-e055-000000000001,"Doon West, Limerick",2,15,27,42,16,17,17,14,16,16,0,3,185
Limerick County,2ae19629-1792-13a3-e055-000000000001,"Dromard, Limerick",5,33,82,104,39,49,40,43,96,72,9,12,584
Limerick County,2ae19629-1793-13a3-e055-000000000001,"Dromcolliher, Limerick",24,69,125,127,58,60,38,49,60,30,0,28,668
Limerick County,2ae19629-1794-13a3-e055-000000000001,"Dromin, Limerick",3,30,55,89,39,27,28,31,41,21,1,32,397
Limerick County,2ae19629-1795-13a3-e055-000000000001,"Dromtrasna, Limerick",14,72,106,142,43,58,39,51,64,50,4,14,657
Limerick County,2ae19629-1796-13a3-e055-000000000001,"Dunmoylan East, Limerick",7,24,69,60,41,31,19,27,28,21,2,19,348
Limerick County,2ae19629-1798-13a3-e055-000000000001,"Dunnaman, Limerick",2,27,62,97,25,31,29,37,72,62,7,18,469
Limerick County,2ae19629-1799-13a3-e055-000000000001,"Duntryleague, Limerick",7,20,33,34,17,23,14,28,27,23,0,7,233
Limerick County,2ae19629-179a-13a3-e055-000000000001,"Emlygrennan, Limerick",13,40,89,117,54,46,39,36,62,32,2,11,541
Limerick County,2ae19629-179b-13a3-e055-000000000001,"Fedamore, Limerick",21,78,132,150,60,67,41,51,79,64,3,99,845
Limerick County,2ae19629-179c-13a3-e055-000000000001,"Feenagh, Limerick",3,28,50,47,28,24,18,21,13,6,2,3,243
Limerick County,2ae19629-179d-13a3-e055-000000000001,"Fleanmore, Limerick",2,12,28,28,13,12,11,13,19,18,0,3,159
Limerick County,2ae19629-179e-13a3-e055-000000000001,"Galbally, Limerick",15,45,82,77,29,23,25,20,49,27,3,6,401
Limerick County,2ae19629-178c-13a3-e055-000000000001,"Garrane, Limerick",3,18,32,41,17,21,12,14,34,22,2,9,225
Limerick County,2ae19629-178d-13a3-e055-000000000001,"Garryduff, Limerick",7,19,21,32,17,12,19,25,23,13,1,11,200
Limerick County,2ae19629-178e-13a3-e055-000000000001,"Glenagower, Limerick",14,50,64,78,26,29,20,28,38,19,1,12,379
Limerick County,2ae19629-178f-13a3-e055-000000000001,"Glenbrohane, Limerick",4,23,52,62,28,33,16,32,30,19,4,8,311
Limerick County,2ae19629-1790-13a3-e055-000000000001,"Glengort, Limerick",11,72,90,113,38,28,24,27,46,38,1,14,502
Limerick County,2ae19629-1791-13a3-e055-000000000001,"Glensharrold, Limerick",20,52,69,69,22,24,19,21,21,9,1,11,338
Limerick City,2ae19629-17a6-13a3-e055-000000000001,"Glenstal, Limerick",16,38,107,149,40,53,33,68,102,90,17,20,733
Limerick County,2ae19629-17a7-13a3-e055-000000000001,"Glin, Limerick",25,76,128,168,64,71,51,73,91,83,7,25,862
Limerick County,2ae19629-17a8-13a3-e055-000000000001,"Grange, Limerick",3,29,57,66,30,33,17,40,54,33,4,3,369
Limerick County,2ae19629-17a9-13a3-e055-000000000001,"Grean, Limerick",26,112,209,232,68,71,58,59,107,95,6,19,1062
Limerick County,2ae19629-17aa-13a3-e055-000000000001,"Griston, Limerick",2,25,44,47,26,20,8,9,21,11,1,3,217
Limerick County,2ae19629-17ab-13a3-e055-000000000001,"Hospital, Limerick",20,68,169,175,96,92,51,62,79,58,5,20,895
Limerick County,2ae19629-17ac-13a3-e055-000000000001,"Iveruss, Limerick",2,22,41,59,18,26,12,19,29,18,0,1,247
Limerick County,2ae19629-17ad-13a3-e055-000000000001,"Kilbeheny, Limerick",3,19,40,35,19,20,7,12,23,9,1,3,191
Limerick County,2ae19629-17ae-13a3-e055-000000000001,"Kilcornan, Limerick",4,37,73,85,31,39,36,50,89,64,9,10,527
Limerick County,2ae19629-17af-13a3-e055-000000000001,"Kildimo, Limerick",5,19,64,77,33,39,24,43,84,49,5,14,456
Limerick County,2ae19629-17b0-13a3-e055-000000000001,"Kilfergus, Limerick",5,53,69,74,33,20,19,14,20,19,2,9,337
Limerick County,2ae19629-179f-13a3-e055-000000000001,"Kilfinnane, Limerick",16,65,140,150,87,57,49,50,68,60,1,42,785
Limerick County,2ae19629-17a0-13a3-e055-000000000001,"Kilfinny, Limerick",3,7,26,40,15,13,17,14,32,34,1,4,206
Limerick County,2ae19629-17a1-13a3-e055-000000000001,"Kilflyn, Limerick",4,8,25,34,10,11,14,15,24,12,0,5,162
Limerick County,2ae19629-17a2-13a3-e055-000000000001,"Kilglass, Limerick",6,21,35,49,15,23,14,12,21,15,0,11,222
Limerick County,2ae19629-17a3-13a3-e055-000000000001,"Kilmallock, Limerick",49,159,297,383,173,109,71,110,128,71,7,139,1696
Limerick County,2ae19629-17a4-13a3-e055-000000000001,"Kilmeedy, Limerick",3,29,38,52,23,25,16,21,17,19,0,5,248
Limerick County,2ae19629-17a5-13a3-e055-000000000001,"Kilmoylan, Limerick",9,61,58,61,20,28,11,14,32,5,0,7,306
Limerick County,2ae19629-17b1-13a3-e055-000000000001,"Kilmurry, Limerick",11,46,111,124,37,52,48,49,59,52,7,8,604
Limerick County,2ae19629-17b2-13a3-e055-000000000001,"Kilpeacon, Limerick",5,17,36,51,14,19,26,36,69,73,6,7,359
Limerick County,2ae19629-17ba-13a3-e055-000000000001,"Kilscannell, Limerick",6,31,54,58,33,35,28,38,57,29,4,7,380
Limerick County,2ae19629-17bb-13a3-e055-000000000001,"Kilteely, Limerick",11,47,90,75,32,33,24,30,38,28,4,12,424
Limerick County,2ae19629-17bc-13a3-e055-000000000001,"Knockaderry, Limerick",7,27,72,60,23,27,26,32,43,25,1,11,354
Limerick County,2ae19629-17bd-13a3-e055-000000000001,"Knockainy, Limerick",5,52,85,105,40,46,32,45,67,42,1,9,529
Limerick County,2ae19629-17be-13a3-e055-000000000001,"Knocklong, Limerick",14,49,140,131,49,62,43,42,59,42,2,13,646
Limerick County,2ae19629-17bf-13a3-e055-000000000001,"Knocknascrow, Limerick",2,17,23,23,16,17,8,10,15,14,0,2,147
Limerick City,2ae19629-17c1-13a3-e055-000000000001,"Limerick South Rural, Limerick",64,67,169,279,110,76,84,86,166,62,18,181,1362
Limerick County,2ae19629-17c2-13a3-e055-000000000001,"Lismakeery, Limerick",4,24,60,67,21,34,23,18,38,27,0,4,320
Limerick County,2ae19629-17c3-13a3-e055-000000000001,"Loghill, Limerick",10,50,75,100,41,31,29,32,46,37,1,21,473
Limerick County,2ae19629-17c4-13a3-e055-000000000001,"Mahoonagh, Limerick",6,37,88,69,18,30,20,30,39,14,2,5,358
Limerick County,fbd773f9-3255-4b44-ade1-02facf2621f8,"Mohernagh/Dunmoylan West, Limerick",0,13,36,27,11,14,10,12,11,9,0,2,145
Limerick County,2ae19629-17c6-13a3-e055-000000000001,"Monagay, Limerick",28,75,133,154,76,67,52,65,88,62,2,29,831
Limerick County,2ae19629-17c7-13a3-e055-000000000001,"Mountcollins, Limerick",16,58,69,61,31,18,26,22,36,25,2,3,367
Limerick County,2ae19629-17b3-13a3-e055-000000000001,"Mountplummer, Limerick",4,16,54,39,20,27,16,17,32,9,1,9,244
Limerick County,2ae19629-17b4-13a3-e055-000000000001,"Nantinan, Limerick",4,40,85,102,39,42,29,51,62,34,1,23,512
Limerick County,2ae19629-17b5-13a3-e055-000000000001,"Newcastle Rural, Limerick",32,110,229,283,130,105,115,145,214,146,8,98,1615
Limerick County,2ae19629-17b6-13a3-e055-000000000001,"Newcastle Urban, Limerick",98,341,584,741,346,214,166,299,308,211,10,251,3569
Limerick County,2ae19629-17b7-13a3-e055-000000000001,"Oola, Limerick",19,76,142,157,54,49,37,65,99,66,10,14,788
Limerick County,2ae19629-17b8-13a3-e055-000000000001,"Pallaskenry, Limerick",6,48,129,148,67,55,35,70,86,57,9,17,727
Limerick County,2ae19629-17b9-13a3-e055-000000000001,"Particles, Limerick",2,12,27,34,16,12,10,11,13,12,0,2,151
Limerick County,2ae19629-17d0-13a3-e055-000000000001,"Patrickswell, Limerick",23,105,191,221,87,56,50,70,117,66,4,18,1008
Limerick County,2ae19629-17d1-13a3-e055-000000000001,"Port, Limerick",8,40,71,93,32,17,27,21,32,19,0,9,369
Limerick County,2ae19629-17d2-13a3-e055-000000000001,"Rathkeale Rural, Limerick",2,21,43,50,15,21,13,19,23,12,0,12,231
Limerick County,2ae19629-17d3-13a3-e055-000000000001,"Rathkeale Urban, Limerick",144,195,190,193,49,38,45,31,47,23,0,75,1030
Limerick County,2ae19629-17d4-13a3-e055-000000000001,"Rathmore, Limerick",2,10,43,33,13,17,8,22,32,24,1,7,212
Limerick County,2ae19629-17d5-13a3-e055-000000000001,"Rathronan, Limerick",25,103,125,125,52,54,30,47,60,40,1,7,669
Limerick County,2ae19629-17d6-13a3-e055-000000000001,"Riddlestown, Limerick",15,30,72,83,28,29,28,31,52,28,1,5,402
Limerick County,2ae19629-17d7-13a3-e055-000000000001,"Riversdale, Limerick",2,28,34,29,9,21,9,19,23,12,2,3,191
Limerick County,2ae19629-17d8-13a3-e055-000000000001,"Rockhill, Limerick",6,16,38,43,21,13,13,19,27,19,1,8,224
Limerick County,2ae19629-17d9-13a3-e055-000000000001,"Rooskagh, Limerick",10,39,38,38,18,11,9,12,24,13,1,2,215
Limerick City,2ae19629-17da-13a3-e055-000000000001,"Roxborough, Limerick",8,59,103,178,74,49,67,109,195,202,25,22,1091
Limerick County,2ae19629-17db-13a3-e055-000000000001,"Shanagolden, Limerick",33,54,119,151,73,50,35,43,58,43,4,24,687
Limerick County,2ae19629-17dc-13a3-e055-000000000001,"Shanid, Limerick",7,28,55,73,28,37,29,38,33,22,3,11,364
Limerick County,2ae19629-17c8-13a3-e055-000000000001,"Templebredon, Limerick",12,46,55,75,23,29,26,21,55,38,3,12,395
Limerick County,2ae19629-17c9-13a3-e055-000000000001,"Templeglentan, Limerick",27,69,144,117,50,54,39,55,75,37,3,60,730
Limerick County,2ae19629-17ca-13a3-e055-000000000001,"Tobernea, Limerick",9,35,63,92,46,38,22,48,70,48,0,3,474
Limerick County,2ae19629-17cb-13a3-e055-000000000001,"Uregare, Limerick",11,46,70,85,35,40,34,31,55,22,3,4,436
Tipperary North,2ae19629-19fd-13a3-e055-000000000001,"Abington, Tipperary",23,31,62,71,29,43,28,32,54,21,5,38,437
Tipperary North,2ae19629-19fe-13a3-e055-000000000001,"Aghnameadle, Tipperary",0,18,30,40,17,20,19,15,34,16,0,6,215
Tipperary North,2ae19629-19ff-13a3-e055-000000000001,"Aglishcloghane, Tipperary",6,17,30,38,27,13,6,14,14,18,0,5,188
Tipperary North,2ae19629-1a0c-13a3-e055-000000000001,"Ardcrony, Tipperary",9,18,70,68,35,35,36,32,56,32,2,32,425
Tipperary North,2ae19629-1a21-13a3-e055-000000000001,"Ballina, Tipperary",19,87,181,313,104,127,149,185,353,397,93,119,2127
Tipperary North,2ae19629-1a2b-13a3-e055-000000000001,"Ballingarry, Tipperary, 217011",21,43,70,60,33,27,33,26,45,29,2,18,407
Tipperary North,2ae19629-1a2d-13a3-e055-000000000001,"Ballycahill, Tipperary",3,14,49,54,33,23,15,21,38,29,1,10,290
Tipperary North,2ae19629-198d-13a3-e055-000000000001,"Ballygibbon, Tipperary",13,42,60,99,44,32,23,28,48,47,4,19,459
Tipperary North,2ae19629-1998-13a3-e055-000000000001,"Ballylusky, Tipperary",5,12,40,58,18,22,14,17,25,24,4,3,242
Tipperary North,2ae19629-1999-13a3-e055-000000000001,"Ballymackey, Tipperary",5,39,55,73,32,37,16,32,50,28,0,12,379
Tipperary South,2ae19629-1bf8-13a3-e055-000000000001,"Ballymurreen, Tipperary",4,19,28,30,10,12,14,11,19,15,0,6,168
Tipperary North,2ae19629-1bf9-13a3-e055-000000000001,"Ballynaclogh, Tipperary",10,28,82,98,33,30,39,38,71,69,6,10,514
Tipperary North,2ae19629-1c10-13a3-e055-000000000001,"Birdhill, Tipperary",9,25,76,98,35,34,35,44,60,56,10,5,487
Tipperary North,2ae19629-1c11-13a3-e055-000000000001,"Borrisnafarney, Tipperary",8,17,38,49,14,10,12,19,20,17,1,10,215
Tipperary North,2ae19629-1c1a-13a3-e055-000000000001,"Borrisnoe, Tipperary",3,6,12,8,7,6,5,10,12,11,1,1,82
Tipperary North,2ae19629-1c1b-13a3-e055-000000000001,"Borrisokane, Tipperary",27,125,162,202,81,48,48,55,77,48,3,69,945
Tipperary North,2ae19629-1c1c-13a3-e055-000000000001,"Borrisoleigh, Tipperary",19,49,163,187,58,70,42,57,86,67,4,51,853
Tipperary North,2ae19629-1c25-13a3-e055-000000000001,"Bourney East, Tipperary",0,17,29,44,26,24,12,16,22,21,0,9,220
Tipperary North,2ae19629-1c26-13a3-e055-000000000001,"Bourney West, Tipperary",9,40,49,52,17,24,16,16,32,17,1,8,281
Tipperary North,2ae19629-1c30-13a3-e055-000000000001,"Burgesbeg, Tipperary",7,10,42,52,23,30,23,29,43,23,1,17,300
Tipperary North,2ae19629-1c47-13a3-e055-000000000001,"Carrig, Tipperary",2,12,22,28,10,13,7,7,14,13,1,2,131
Tipperary North,2ae19629-1c48-13a3-e055-000000000001,"Carrigatogher, Tipperary",13,26,95,111,37,38,30,32,69,47,4,8,510
Tipperary North,2ae19629-1c55-13a3-e055-000000000001,"Castletown, Tipperary",24,78,145,208,85,62,72,84,110,103,10,17,998
Tipperary North,2ae19629-1c68-13a3-e055-000000000001,"Cloghjordan, Tipperary",16,69,107,138,65,41,40,57,95,107,12,31,778
Tipperary North,2ae19629-1c69-13a3-e055-000000000001,"Cloghprior, Tipperary",4,16,25,45,22,19,14,11,31,15,3,6,211
Tipperary North,2ae19629-1c6a-13a3-e055-000000000001,"Clohaskin, Tipperary",4,10,20,38,22,11,7,10,29,16,2,8,177
Tipperary North,2ae19629-1bf2-13a3-e055-000000000001,"Derrycastle, Tipperary",6,20,39,48,16,28,16,25,50,49,11,38,346
Tipperary North,2ae19629-1bfc-13a3-e055-000000000001,"Dolla, Tipperary",7,12,19,35,13,11,14,7,15,6,0,10,149
Tipperary North,2ae19629-1c06-13a3-e055-000000000001,"Drom, Tipperary",12,38,125,170,51,69,60,64,112,70,4,26,801
Tipperary North,2ae19629-1c14-13a3-e055-000000000001,"Finnoe, Tipperary",5,16,20,16,10,14,7,7,16,17,0,7,135
Tipperary North,2ae19629-1c1d-13a3-e055-000000000001,"Foilnaman, Tipperary",6,24,48,45,28,21,10,14,26,19,1,11,253
Tipperary North,2ae19629-1c33-13a3-e055-000000000001,"Glenkeen, Tipperary",5,27,50,64,15,29,22,11,47,25,0,15,310
Tipperary North,2ae19629-1c3f-13a3-e055-000000000001,"Gortkelly, Tipperary",10,37,65,101,20,26,13,26,49,22,1,20,390
Tipperary North,2ae19629-1c41-13a3-e055-000000000001,"Graigue, Tipperary, 217084",13,29,33,46,13,10,7,15,26,10,0,10,212
Tipperary North,2ae19629-1c56-13a3-e055-000000000001,"Holycross, Tipperary",19,77,175,216,60,78,60,80,114,100,8,14,1001
Tipperary North,2ae19629-1c57-13a3-e055-000000000001,"Inch, Tipperary",13,20,60,62,15,22,16,15,38,21,1,15,298
Tipperary North,2ae19629-1c60-13a3-e055-000000000001,"Kilbarron, Tipperary",8,37,73,83,31,43,22,34,58,59,6,29,483
Tipperary North,2ae19629-1c6b-13a3-e055-000000000001,"Kilcomenty, Tipperary",5,25,60,84,39,54,34,50,50,47,8,4,460
Tipperary North,2ae19629-1c82-13a3-e055-000000000001,"Kilkeary, Tipperary",9,24,70,110,34,34,27,37,49,40,1,16,451
Tipperary North,2ae19629-1c85-13a3-e055-000000000001,"Killavinoge, Tipperary",4,30,59,67,26,22,20,19,31,17,0,4,299
Tipperary North,2ae19629-1c8f-13a3-e055-000000000001,"Killea, Tipperary",4,14,44,69,19,15,17,17,31,14,1,14,259
Tipperary North,2ae19629-1be9-13a3-e055-000000000001,"Killoscully, Tipperary",5,20,41,49,27,21,20,30,48,37,12,12,322
Tipperary North,2ae19629-1bea-13a3-e055-000000000001,"Kilmore, Tipperary",12,60,68,90,48,30,29,40,42,32,4,18,473
Tipperary North,2ae19629-1bfe-13a3-e055-000000000001,"Kilnaneave, Tipperary",7,40,43,61,26,36,21,21,31,18,6,7,317
Tipperary North,2ae19629-1bff-13a3-e055-000000000001,"Kilnarath, Tipperary",7,18,36,38,12,22,17,25,29,19,5,11,239
Tipperary North,2ae19629-1c0a-13a3-e055-000000000001,"Kilrush, Tipperary",5,18,49,75,33,18,24,28,55,31,1,13,350
Tipperary North,2ae19629-1c20-13a3-e055-000000000001,"Knigh, Tipperary",16,41,65,124,45,49,38,44,59,43,5,19,548
Tipperary North,92a3af93-8212-46b6-9978-852f51bdf3c6,"Lackagh/Greenhall, Tipperary",7,25,20,57,18,31,13,20,44,36,3,12,286
Tipperary North,2ae19629-1c2c-13a3-e055-000000000001,"Latteragh, Tipperary",18,60,92,92,39,32,22,23,38,31,3,24,474
Tipperary North,2ae19629-1c37-13a3-e055-000000000001,"Littleton, Tipperary",22,72,138,162,60,59,40,41,51,33,1,17,696
Tipperary North,2ae19629-1c42-13a3-e055-000000000001,"Longfordpass, Tipperary",6,18,44,58,16,20,13,11,21,14,1,2,224
Tipperary North,2ae19629-1c43-13a3-e055-000000000001,"Lorrha East, Tipperary",9,21,31,47,15,11,13,23,21,12,0,13,216
Tipperary North,2ae19629-1c44-13a3-e055-000000000001,"Lorrha West, Tipperary",7,35,39,51,18,6,17,20,31,15,1,3,243
Tipperary North,2ae19629-1c4b-13a3-e055-000000000001,"Loughmore, Tipperary",7,22,75,86,39,38,28,44,68,34,2,18,461
Tipperary North,2ae19629-1c4d-13a3-e055-000000000001,"Mertonhall, Tipperary",2,10,19,18,22,18,10,16,2,7,0,8,132
Tipperary North,2ae19629-1c59-13a3-e055-000000000001,"Monsea, Tipperary",11,27,62,80,24,38,27,47,78,58,3,16,471
Tipperary North,2ae19629-1c62-13a3-e055-000000000001,"Moyaliff, Tipperary",6,36,43,66,18,28,13,14,24,14,0,14,276
Tipperary North,2ae19629-1c63-13a3-e055-000000000001,"Moycarky, Tipperary",4,23,81,89,22,25,15,30,34,28,1,21,373
Tipperary North,2ae19629-1c64-13a3-e055-000000000001,"Moyne, Tipperary",7,39,56,67,25,19,27,29,50,29,3,0,351
Tipperary North,2ae19629-1c51-13a3-e055-000000000001,"Nenagh East Urban, Tipperary",62,152,292,486,236,126,152,165,207,135,10,130,2153
Tipperary North,2ae19629-1c6f-13a3-e055-000000000001,"Nenagh Rural, Tipperary",25,75,144,274,98,83,89,131,206,167,10,57,1359
Tipperary North,2ae19629-1c70-13a3-e055-000000000001,"Nenagh West Urban, Tipperary",89,303,506,853,379,206,221,279,424,308,26,247,3841
Tipperary North,2ae19629-1c7a-13a3-e055-000000000001,"Newport, Tipperary",34,114,272,364,154,96,124,163,281,183,27,63,1875
Tipperary North,2ae19629-1c93-13a3-e055-000000000001,"Rahelty, Tipperary",8,32,84,102,29,48,38,47,45,46,1,24,504
Tipperary North,2ae19629-1c94-13a3-e055-000000000001,"Rathcabban, Tipperary",9,18,36,36,16,14,11,15,24,7,3,3,192
Tipperary North,2ae19629-1bec-13a3-e055-000000000001,"Rathnaveoge, Tipperary",9,11,23,40,17,13,8,11,21,12,1,23,189
Tipperary North,2ae19629-1bed-13a3-e055-000000000001,"Redwood, Tipperary",7,10,17,20,4,7,5,3,14,8,0,2,97
Tipperary North,2ae19629-1bf5-13a3-e055-000000000001,"Riverstown, Tipperary",5,28,54,90,32,37,27,37,44,31,0,17,402
Tipperary North,2ae19629-1bf7-13a3-e055-000000000001,"Roscrea, Tipperary",176,465,755,960,490,278,211,227,277,185,15,243,4282
Tipperary North,2ae19629-1c02-13a3-e055-000000000001,"Templederry, Tipperary",4,9,14,22,5,11,2,4,9,5,0,3,88
Tipperary North,2ae19629-1c0b-13a3-e055-000000000001,"Templemore, Tipperary",41,108,251,347,112,72,74,88,138,69,6,50,1356
Tipperary North,2ae19629-1c0d-13a3-e055-000000000001,"Templetouhy, Tipperary",10,63,126,134,44,45,30,41,52,28,0,8,581
Tipperary North,2ae19629-1c0e-13a3-e055-000000000001,"Terryglass, Tipperary",5,33,36,75,26,30,30,32,72,56,5,18,418
Tipperary North,2ae19629-1c18-13a3-e055-000000000001,"Thurles Rural, Tipperary",25,70,204,356,102,99,95,160,253,148,8,65,1585
Tipperary North,2ae19629-1c19-13a3-e055-000000000001,"Thurles Urban, Tipperary",113,444,848,1141,374,266,259,311,485,308,20,320,4889
Tipperary North,2ae19629-1c21-13a3-e055-000000000001,"Timoney, Tipperary",7,33,62,56,25,22,15,16,30,14,0,2,282
Tipperary North,2ae19629-1c3a-13a3-e055-000000000001,"Two-Mile-Borris, Tipperary",11,34,95,135,33,41,35,33,65,37,7,29,555
Tipperary North,2ae19629-1c45-13a3-e055-000000000001,"Upperchurch, Tipperary",2,23,36,33,20,12,13,17,34,18,2,7,217
Tipperary North,2ae19629-1c46-13a3-e055-000000000001,"Uskane, Tipperary",0,15,34,33,14,13,10,12,24,15,2,5,177
Tipperary North,2ae19629-1c4e-13a3-e055-000000000001,"Youghalarra, Tipperary",18,35,90,135,44,55,35,49,112,85,4,39,701
Tipperary South,2ae19629-1a0b-13a3-e055-000000000001,"Anner, Tipperary",9,14,58,58,22,22,17,18,32,18,1,6,275
Tipperary South,2ae19629-1a14-13a3-e055-000000000001,"Ardfinnan, Tipperary",22,60,154,156,74,69,45,74,84,37,3,34,812
Tipperary South,2ae19629-1a15-13a3-e055-000000000001,"Ardmayle, Tipperary",12,36,77,93,34,26,28,23,58,32,2,16,437
Tipperary South,2ae19629-1a20-13a3-e055-000000000001,"Ardsallagh, Tipperary",5,27,49,79,14,18,20,16,28,33,2,24,315
Tipperary South,2ae19629-1a22-13a3-e055-000000000001,"Ballingarry, Tipperary, 217010",22,70,112,85,44,40,25,28,48,24,0,12,510
Tipperary South,2ae19629-1a2c-13a3-e055-000000000001,"Ballybacon, Tipperary",11,27,60,60,29,43,22,24,32,17,0,7,332
Tipperary South,2ae19629-1a37-13a3-e055-000000000001,"Ballycarron, Tipperary",9,9,19,55,16,19,14,25,24,16,1,8,215
Tipperary South,2ae19629-1a38-13a3-e055-000000000001,"Ballyclerahan, Tipperary",14,38,98,136,57,65,42,74,101,61,4,13,703
Tipperary South,2ae19629-198e-13a3-e055-000000000001,"Ballygriffin, Tipperary",6,20,32,28,20,19,8,10,16,16,0,10,185
Tipperary South,2ae19629-198f-13a3-e055-000000000001,"Ballykisteen, Tipperary",5,56,112,157,35,42,36,47,68,38,2,28,626
Tipperary South,2ae19629-1bfa-13a3-e055-000000000001,"Ballyphilip, Tipperary",14,27,52,58,24,31,16,16,25,13,1,8,285
Tipperary South,2ae19629-1c03-13a3-e055-000000000001,"Ballyporeen, Tipperary",11,81,98,137,54,58,27,45,75,42,5,30,663
Tipperary South,2ae19629-1c04-13a3-e055-000000000001,"Ballysheehan, Tipperary",6,24,60,58,17,31,15,31,54,39,2,26,363
Tipperary South,2ae19629-1c0f-13a3-e055-000000000001,"Bansha, Tipperary",12,52,126,153,48,33,32,32,63,40,5,13,609
Tipperary South,2ae19629-1c27-13a3-e055-000000000001,"Bruis, Tipperary",5,12,37,54,15,16,19,17,32,13,4,4,228
Tipperary North,2ae19629-1c2f-13a3-e055-000000000001,"Buolick, Tipperary",20,49,101,96,36,32,30,32,41,31,3,17,488
Tipperary South,2ae19629-1c31-13a3-e055-000000000001,"Burncourt, Tipperary",7,32,49,76,25,27,14,30,31,24,3,2,320
Tipperary South,2ae19629-1c32-13a3-e055-000000000001,"Caher, Tipperary",19,66,118,195,73,53,53,70,103,76,2,82,910
Tipperary North,2ae19629-1c3b-13a3-e055-000000000001,"Cappagh, Tipperary",23,51,109,125,62,51,31,62,55,42,4,15,630
Tipperary South,2ae19629-1c3c-13a3-e055-000000000001,"Carrick-On-Suir Rural, Tipperary",6,32,57,90,27,27,19,25,47,30,5,11,376
Tipperary South,2ae19629-1c3d-13a3-e055-000000000001,"Carrick-On-Suir Urban, Tipperary",138,358,669,655,273,170,135,129,182,98,4,277,3088
Tipperary South,2ae19629-1c3e-13a3-e055-000000000001,"Carrickbeg Urban, Tipperary",26,93,219,245,67,81,52,44,82,41,6,57,1013
Tipperary South,2ae19629-1c53-13a3-e055-000000000001,"Cashel Rural, Tipperary",63,120,240,393,169,122,101,138,211,145,12,112,1826
Tipperary South,2ae19629-1c54-13a3-e055-000000000001,"Cashel Urban, Tipperary",79,169,269,385,153,103,88,108,144,79,7,238,1822
Tipperary South,2ae19629-1c5d-13a3-e055-000000000001,"Clogheen, Tipperary",21,78,124,138,55,45,42,39,64,49,1,77,733
Tipperary North,2ae19629-1c5e-13a3-e055-000000000001,"Clogher, Tipperary",6,14,20,42,16,9,6,10,21,7,1,5,157
Tipperary South,2ae19629-1c75-13a3-e055-000000000001,"Clonbeg, Tipperary",10,48,85,97,39,32,39,61,59,54,4,12,540
Tipperary South,2ae19629-1c76-13a3-e055-000000000001,"Cloneen, Tipperary",3,20,66,65,23,28,27,24,33,18,2,3,312
Tipperary South,2ae19629-1c50-13a3-e055-000000000001,"Clonmel East Urban, Tipperary",68,217,386,564,285,148,148,218,328,260,19,306,2947
Tipperary South,2ae19629-1c7f-13a3-e055-000000000001,"Clonmel Rural, Tipperary",72,182,449,712,322,213,230,316,484,422,33,147,3582
Tipperary South,2ae19629-1c80-13a3-e055-000000000001,"Clonmel West Urban, Tipperary",132,563,806,866,361,161,189,220,304,148,16,483,4249
Tipperary North,2ae19629-1c81-13a3-e055-000000000001,"Clonoulty East, Tipperary",15,43,66,90,29,35,13,24,38,15,2,8,378
Tipperary North,2ae19629-1c8d-13a3-e055-000000000001,"Clonoulty West, Tipperary",11,55,84,113,40,49,28,20,47,22,3,10,482
Tipperary South,2ae19629-1c8e-13a3-e055-000000000001,"Colman, Tipperary",5,20,29,62,20,32,28,29,56,26,1,12,320
Tipperary South,2ae19629-1be6-13a3-e055-000000000001,"Coolagarranroe, Tipperary",10,36,63,83,35,30,29,40,40,33,3,18,420
Tipperary South,2ae19629-1be7-13a3-e055-000000000001,"Cooleagh, Tipperary",10,21,74,75,26,37,30,26,49,23,3,7,381
Tipperary South,2ae19629-1be8-13a3-e055-000000000001,"Crohane, Tipperary",7,12,36,33,12,19,13,13,16,9,0,7,177
Tipperary South,2ae19629-1bf0-13a3-e055-000000000001,"Cullen, Tipperary",4,16,33,39,13,11,11,13,18,14,0,13,185
Tipperary North,2ae19629-1bf1-13a3-e055-000000000001,"Curraheen, Tipperary",6,17,43,43,18,14,14,12,17,10,1,4,199
Tipperary South,2ae19629-1bfb-13a3-e055-000000000001,"Derrygrath, Tipperary",11,28,80,96,49,37,15,33,50,48,1,12,460
Tipperary North,2ae19629-1bfd-13a3-e055-000000000001,"Donohill, Tipperary",12,39,82,103,30,37,30,21,48,31,2,16,451
Tipperary South,2ae19629-1c05-13a3-e055-000000000001,"Drangan, Tipperary",17,29,93,112,25,37,32,30,37,27,4,19,462
Tipperary South,2ae19629-1c07-13a3-e055-000000000001,"Drumwood, Tipperary",8,28,60,80,26,33,31,40,53,30,1,10,400
Tipperary South,2ae19629-1c08-13a3-e055-000000000001,"Emly, Tipperary",22,49,87,114,31,30,25,27,50,24,0,5,464
Tipperary South,2ae19629-1c12-13a3-e055-000000000001,"Farranrory, Tipperary",8,56,83,53,34,13,16,16,22,8,0,8,317
Tipperary North,2ae19629-1c13-13a3-e055-000000000001,"Fennor, Tipperary",11,42,85,61,30,36,24,35,37,26,1,11,399
Tipperary South,2ae19629-1c4f-13a3-e055-000000000001,"Fethard, Tipperary",36,72,135,159,49,40,35,46,73,40,2,38,725
Tipperary North,2ae19629-1c1e-13a3-e055-000000000001,"Gaile, Tipperary",19,38,88,121,33,42,29,38,68,47,0,15,538
Tipperary South,2ae19629-1c28-13a3-e055-000000000001,"Garrangibbon, Tipperary",14,43,96,96,34,36,34,27,53,18,3,9,463
Tipperary North,2ae19629-1c29-13a3-e055-000000000001,"Glengar, Tipperary",1,16,27,36,10,12,11,13,27,15,0,6,174
Tipperary South,2ae19629-1c34-13a3-e055-000000000001,"Golden, Tipperary",18,48,124,137,55,45,31,31,55,29,6,44,623
Tipperary South,2ae19629-1c40-13a3-e055-000000000001,"Graigue, Tipperary, 217083",0,7,20,16,7,10,8,6,10,13,3,3,103
Tipperary South,2ae19629-1c49-13a3-e055-000000000001,"Graystown, Tipperary",12,29,48,61,18,19,17,15,33,25,2,19,298
Tipperary South,2ae19629-1c5f-13a3-e055-000000000001,"Inishlounaght, Tipperary",29,138,278,500,187,150,152,219,288,240,12,103,2296
Tipperary South,2ae19629-1c61-13a3-e055-000000000001,"Kilcash, Tipperary",11,30,88,105,37,49,29,47,68,47,9,11,531
Tipperary South,2ae19629-1c6c-13a3-e055-000000000001,"Kilcommon, Tipperary",43,150,278,333,148,113,75,82,101,58,5,226,1612
Tipperary North,2ae19629-1c6d-13a3-e055-000000000001,"Kilcooly, Tipperary",5,21,38,38,22,18,11,15,25,9,1,10,213
Tipperary South,2ae19629-1c77-13a3-e055-000000000001,"Kilcoran, Tipperary",6,28,53,80,26,33,21,30,42,29,9,7,364
Tipperary South,2ae19629-1c78-13a3-e055-000000000001,"Kilfeakle, Tipperary",15,32,48,69,28,20,15,31,50,31,3,6,348
Tipperary South,2ae19629-1c83-13a3-e055-000000000001,"Killadriffe, Tipperary",12,35,70,72,37,36,26,28,46,30,0,10,402
Tipperary South,2ae19629-1c15-13a3-e055-000000000001,"Killaloan/Kilsheelan, Tipperary",13,70,156,250,86,69,55,82,109,65,8,26,989
Tipperary South,2ae19629-1c90-13a3-e055-000000000001,"Killeenasteena, Tipperary",9,22,52,84,32,37,33,42,60,61,2,13,447
Tipperary South,2ae19629-1c91-13a3-e055-000000000001,"Killenaule, Tipperary",35,79,200,190,61,65,33,48,65,31,2,62,871
Tipperary South,2ae19629-1bf3-13a3-e055-000000000001,"Kilmucklin, Tipperary",10,14,65,87,28,20,27,32,50,28,1,20,382
Tipperary South,2ae19629-1bf4-13a3-e055-000000000001,"Kilmurry, Tipperary",9,13,43,57,13,16,15,24,32,17,2,4,245
Tipperary South,2ae19629-1c09-13a3-e055-000000000001,"Kilpatrick, Tipperary",16,53,124,143,43,63,36,65,77,37,3,28,688
Tipperary South,2ae19629-1c16-13a3-e055-000000000001,"Kiltinan, Tipperary",7,7,45,38,9,11,15,20,24,15,1,15,207
Tipperary South,2ae19629-1c1f-13a3-e055-000000000001,"Kilvemnon, Tipperary",7,27,61,61,21,30,20,23,37,25,0,4,316
Tipperary South,2ae19629-1c2a-13a3-e055-000000000001,"Knockgraffon, Tipperary",9,32,94,105,38,42,31,32,68,39,5,15,510
Tipperary South,2ae19629-1c35-13a3-e055-000000000001,"Lattin, Tipperary",10,21,67,69,16,22,29,23,62,25,1,16,361
Tipperary South,2ae19629-1c36-13a3-e055-000000000001,"Lisronagh, Tipperary",13,39,76,127,55,54,33,47,70,51,3,20,588
Tipperary South,2ae19629-1c4c-13a3-e055-000000000001,"Magorban, Tipperary",7,20,60,100,25,41,28,45,78,42,2,20,468
Tipperary South,2ae19629-1c58-13a3-e055-000000000001,"Modeshil, Tipperary",5,19,51,42,28,22,14,21,35,24,2,2,265
Tipperary South,2ae19629-1c5a-13a3-e055-000000000001,"Mortlestown, Tipperary",25,36,121,235,108,81,58,72,101,61,6,71,975
Tipperary South,2ae19629-1c6e-13a3-e055-000000000001,"Mullinahone, Tipperary",27,63,138,138,54,36,30,38,44,24,3,21,616
Tipperary South,2ae19629-1c71-13a3-e055-000000000001,"New Birmingham, Tipperary",9,38,71,55,24,20,16,23,28,8,2,22,316
Tipperary South,2ae19629-1c79-13a3-e055-000000000001,"Newcastle, Tipperary",17,36,87,109,33,39,35,31,48,20,2,13,470
Tipperary South,2ae19629-1c86-13a3-e055-000000000001,"Newtown, Tipperary",6,22,54,49,25,20,19,18,23,16,2,19,273
Tipperary South,2ae19629-1c87-13a3-e055-000000000001,"Nodstown, Tipperary",3,28,61,75,22,30,35,33,56,31,0,26,400
Tipperary South,2ae19629-1c88-13a3-e055-000000000001,"Oughterleague, Tipperary",10,59,75,86,20,14,29,28,32,37,1,11,402
Tipperary South,2ae19629-1c89-13a3-e055-000000000001,"Peppardstown, Tipperary",23,64,169,256,63,69,57,63,86,51,4,45,950
Tipperary South,2ae19629-1c92-13a3-e055-000000000001,"Poyntstown, Tipperary",4,8,27,28,10,10,7,6,13,9,0,3,125
Tipperary South,2ae19629-1beb-13a3-e055-000000000001,"Rathlynin, Tipperary",3,25,43,54,18,15,10,25,25,16,3,8,245
Tipperary South,2ae19629-1bf6-13a3-e055-000000000001,"Rodus, Tipperary",8,15,21,39,12,12,12,9,29,20,0,1,178
Tipperary South,2ae19629-1c00-13a3-e055-000000000001,"Shronell, Tipperary",7,19,45,55,12,23,15,25,20,15,2,30,268
Tipperary South,2ae19629-1c01-13a3-e055-000000000001,"Solloghodbeg, Tipperary",3,14,30,48,13,7,5,10,18,8,1,6,163
Tipperary South,2ae19629-1c0c-13a3-e055-000000000001,"Templeneiry, Tipperary",12,33,52,71,24,22,27,33,31,16,2,9,332
Tipperary South,2ae19629-1c17-13a3-e055-000000000001,"Thomastown, Tipperary",10,15,53,52,13,21,25,22,28,16,2,17,274
Tipperary South,2ae19629-1c22-13a3-e055-000000000001,"Tipperary East Urban, Tipperary",63,220,341,423,140,67,78,87,89,53,4,166,1731
Tipperary South,2ae19629-1c23-13a3-e055-000000000001,"Tipperary Rural, Tipperary",29,100,205,385,118,94,82,141,171,109,5,43,1482
Tipperary South,2ae19629-1c24-13a3-e055-000000000001,"Tipperary West Urban, Tipperary",32,106,269,347,111,55,81,88,97,64,5,87,1342
Tipperary South,2ae19629-1c2d-13a3-e055-000000000001,"Tubbrid, Tipperary",9,24,69,68,35,36,37,36,53,38,5,32,442
Tipperary South,2ae19629-1c2e-13a3-e055-000000000001,"Tullaghmelan, Tipperary",19,50,104,141,64,53,29,70,98,70,2,30,730
Tipperary South,2ae19629-1c38-13a3-e055-000000000001,"Tullaghorton, Tipperary",11,22,40,40,19,12,11,13,27,9,1,0,205
Tipperary South,2ae19629-1c39-13a3-e055-000000000001,"Tullamain, Tipperary",11,43,90,132,37,38,14,22,36,18,1,20,462
Waterford,2ae19629-1b7e-13a3-e055-000000000001,"Ballybeg North, Waterford",54,255,383,370,158,67,74,77,70,36,4,150,1698
Waterford,52b67420-9925-451f-8d49-872af209226e,"Ballybeg South/Ballynaneashagh, Waterford",10,15,23,21,16,11,13,16,23,27,2,25,202
Waterford,2ae19629-1b80-13a3-e055-000000000001,"Ballybricken, Waterford",3,9,20,21,7,6,5,7,7,6,0,35,126
Waterford,2ae19629-1b81-13a3-e055-000000000001,"Ballymaclode, Waterford",9,53,112,146,43,54,52,90,155,164,17,19,914
Waterford,2ae19629-1b82-13a3-e055-000000000001,"Ballynakill, Waterford, 228005",17,58,129,198,75,58,88,130,214,219,40,475,1701
Waterford,2ae19629-1b8e-13a3-e055-000000000001,"Ballytruckle, Waterford",67,270,747,941,355,231,229,238,416,184,14,292,3984
Waterford,2ae19629-1b8f-13a3-e055-000000000001,"Bilberry, Waterford",13,35,65,104,43,23,35,39,81,51,6,174,669
Waterford,2ae19629-1b90-13a3-e055-000000000001,"Centre A, Waterford",10,36,74,74,55,17,23,41,44,33,10,188,605
Waterford,2ae19629-1b91-13a3-e055-000000000001,"Centre B, Waterford",6,15,21,41,16,10,7,13,18,12,2,29,190
Waterford,2ae19629-1b92-13a3-e055-000000000001,"Cleaboy, Waterford",16,153,353,435,158,108,118,115,199,107,9,77,1848
Waterford,2ae19629-1b93-13a3-e055-000000000001,"Custom House A, Waterford",11,15,34,54,21,12,10,17,31,19,1,36,261
Waterford,2ae19629-1b94-13a3-e055-000000000001,"Custom House B, Waterford",4,9,22,28,21,6,12,13,26,23,1,74,239
Waterford,2ae19629-1b95-13a3-e055-000000000001,"Farranshoneen, Waterford",20,125,347,712,263,232,268,423,752,602,73,109,3926
Waterford,2ae19629-1b96-13a3-e055-000000000001,"Ferrybank, Waterford",12,76,124,118,57,34,42,43,73,34,0,26,639
Waterford,2ae19629-1ba2-13a3-e055-000000000001,"Gracedieu, Waterford",13,60,172,221,109,57,63,76,123,69,7,143,1113
Waterford,2ae19629-1bc0-13a3-e055-000000000001,"Grange North, Waterford",11,71,147,118,60,26,35,25,48,22,5,85,653
Waterford,2ae19629-1ba3-13a3-e055-000000000001,"Grange South, Waterford",38,146,312,362,172,107,113,137,236,161,21,134,1939
Waterford,2ae19629-1ba4-13a3-e055-000000000001,"Grange Upper, Waterford",15,70,150,273,101,91,79,139,303,202,23,89,1535
Waterford,2ae19629-1ba5-13a3-e055-000000000001,"Kilbarry, Waterford, 228019",19,49,117,244,142,97,92,83,208,103,10,297,1461
Waterford,2ae19629-1ba6-13a3-e055-000000000001,"Kingsmeadow, Waterford",22,126,163,157,58,40,30,38,63,37,1,118,853
Waterford,2ae19629-1ba7-13a3-e055-000000000001,"Larchville, Waterford",36,155,162,117,49,16,19,16,18,15,3,85,691
Waterford,2ae19629-1ba8-13a3-e055-000000000001,"Lisduggan, Waterford",24,143,211,120,47,20,24,31,37,16,2,46,721
Waterford,2ae19629-1ba9-13a3-e055-000000000001,"Military Road, Waterford",19,95,135,104,58,29,27,32,68,29,2,46,644
Waterford,2ae19629-1baa-13a3-e055-000000000001,"Morrisson's Avenue East, Waterford",15,73,73,76,37,25,25,14,41,27,7,50,463
Waterford,2ae19629-1bab-13a3-e055-000000000001,"Morrisson's Avenue West, Waterford",4,41,50,44,21,8,5,11,19,1,0,9,213
Waterford,2ae19629-1bac-13a3-e055-000000000001,"Morrisson's Road, Waterford",18,78,82,59,47,11,9,14,27,6,0,47,398
Waterford,2ae19629-1bad-13a3-e055-000000000001,"Mount Sion, Waterford",21,85,119,142,69,30,26,33,48,31,7,161,772
Waterford,2ae19629-1bae-13a3-e055-000000000001,"Newport's Square, Waterford",17,53,97,97,32,18,16,25,23,13,3,16,410
Waterford,2ae19629-1baf-13a3-e055-000000000001,"Newtown, Waterford, 228029",4,71,103,107,39,37,48,72,109,115,16,41,762
Waterford,2ae19629-1bb8-13a3-e055-000000000001,"Park, Waterford",9,40,90,164,75,44,57,85,179,118,24,222,1107
Waterford,2ae19629-1bb9-13a3-e055-000000000001,"Poleberry, Waterford",17,77,139,182,75,41,51,57,126,72,5,184,1026
Waterford,2ae19629-1bba-13a3-e055-000000000001,"Roanmore, Waterford",17,94,116,117,45,22,19,26,40,26,4,50,576
Waterford,2ae19629-1bbb-13a3-e055-000000000001,"Shortcourse, Waterford",7,27,57,53,16,7,12,10,22,14,0,43,268
Waterford,2ae19629-1bbc-13a3-e055-000000000001,"Slievekeale, Waterford",10,82,114,100,43,29,23,23,40,14,1,33,512
Waterford,2ae19629-1bbd-13a3-e055-000000000001,"The Glen, Waterford",7,30,73,113,61,27,24,36,51,28,2,194,646
Waterford,2ae19629-1bbe-13a3-e055-000000000001,"Ticor North, Waterford",23,215,319,367,133,87,88,78,125,64,6,66,1571
Waterford,2ae19629-1bbf-13a3-e055-000000000001,"Ticor South, Waterford",1,45,63,55,29,13,13,14,27,17,0,38,315
Waterford,2ae19629-1c52-13a3-e055-000000000001,"Annestown, Waterford",5,42,75,101,40,44,35,55,93,76,10,15,591
Waterford,2ae19629-1c5b-13a3-e055-000000000001,"Aird Mhór, Port Láirge, 227002",7,13,19,20,6,17,7,21,22,15,3,7,157
Waterford,2ae19629-1c5c-13a3-e055-000000000001,"Ardmore, Waterford, 227003",10,56,67,129,54,34,33,51,74,63,6,14,591
Waterford,2ae19629-1c65-13a3-e055-000000000001,"Ballyduff, Waterford",4,31,33,28,21,25,14,26,28,19,2,5,236
Waterford,2ae19629-1c66-13a3-e055-000000000001,"Ballydurn, Waterford",3,7,17,28,9,15,14,9,21,17,0,2,142
Waterford,2ae19629-1c67-13a3-e055-000000000001,"Ballyhane, Waterford",7,21,59,60,40,23,24,26,33,18,4,18,333
Waterford,2ae19629-1c72-13a3-e055-000000000001,"Ballyheeny, Waterford",8,30,65,73,45,39,26,32,43,31,5,8,405
Waterford,2ae19629-1c73-13a3-e055-000000000001,"Ballyin, Waterford",12,32,54,57,34,28,26,28,48,36,3,17,375
Waterford,2ae19629-1c74-13a3-e055-000000000001,"Ballylaneen, Waterford",7,18,29,34,15,13,12,26,23,15,2,2,196
Waterford,2ae19629-1c7b-13a3-e055-000000000001,"Ballymacarbry, Waterford",4,26,55,62,28,21,18,22,62,43,1,12,354
Waterford,2ae19629-1c7c-13a3-e055-000000000001,"Baile Mhac Airt, Port Láirge",4,29,37,38,18,19,16,20,35,26,2,12,256
Waterford,2ae19629-1c7d-13a3-e055-000000000001,"Ballynakill, Waterford, 227012",3,20,56,60,17,20,16,20,26,28,3,47,316
Waterford,2ae19629-1c7e-13a3-e055-000000000001,"Ballynamult, Waterford",1,10,21,32,17,12,9,10,14,10,1,8,145
Waterford,2ae19629-1c8a-13a3-e055-000000000001,"Ballysaggartmore, Waterford",12,32,40,44,16,24,20,17,22,15,0,10,252
Waterford,2ae19629-1c8b-13a3-e055-000000000001,"Bohadoon, Waterford",5,24,22,40,25,22,14,19,26,21,0,8,226
Waterford,2ae19629-1c8c-13a3-e055-000000000001,"Cappagh, Waterford",5,18,40,51,30,27,15,34,37,25,2,5,289
Waterford,2ae19629-1c95-13a3-e055-000000000001,"Cappoquin, Waterford",28,104,161,185,93,58,61,66,77,36,5,39,913
Waterford,2ae19629-1c96-13a3-e055-000000000001,"Carrickbeg Rural, Waterford",4,34,67,61,28,25,15,24,48,19,0,7,332
Waterford,2ae19629-1c97-13a3-e055-000000000001,"Carrigcastle, Waterford",12,19,28,39,12,12,13,20,20,15,0,9,199
Waterford,2ae19629-1be3-13a3-e055-000000000001,"Carriglea, Waterford",22,35,37,65,37,31,24,41,59,47,2,4,404
Waterford,2ae19629-1be4-13a3-e055-000000000001,"Castlerichard, Waterford",7,33,39,60,24,24,24,29,63,37,1,9,350
Waterford,2ae19629-1be5-13a3-e055-000000000001,"Clashmore, Waterford",6,32,54,76,30,24,19,26,44,20,5,5,341
Waterford,2ae19629-1bee-13a3-e055-000000000001,"Clonea, Waterford, 227023",12,36,57,58,24,25,12,19,29,12,1,9,294
Waterford,2ae19629-1bef-13a3-e055-000000000001,"Clonea, Waterford, 227024",19,89,176,240,146,136,82,135,273,207,16,30,1549
Waterford,2ae19629-1b1e-13a3-e055-000000000001,"Colligan, Waterford",10,20,71,94,39,36,25,54,59,52,4,14,478
Waterford,2ae19629-1b1f-13a3-e055-000000000001,"Comeragh, Waterford",7,30,81,80,29,24,17,28,37,26,4,5,368
Waterford,2ae19629-1b20-13a3-e055-000000000001,"Coumaraglin, Waterford",3,19,32,26,17,20,17,15,14,16,1,6,186
Waterford,2ae19629-1b2b-13a3-e055-000000000001,"Dromana, Waterford",9,46,83,128,45,45,34,39,54,37,2,40,562
Waterford,2ae19629-1b2c-13a3-e055-000000000001,"Dromore, Waterford",6,9,28,19,18,15,6,15,19,24,1,9,169
Waterford,2ae19629-1b2d-13a3-e055-000000000001,"Drumcannon, Waterford",12,16,34,56,18,28,21,19,35,33,3,7,282
Waterford,2ae19629-1b38-13a3-e055-000000000001,"Drumroe, Waterford",1,10,28,49,19,16,11,15,21,22,2,4,198
Waterford,2ae19629-1b39-13a3-e055-000000000001,"Dungarvan No. 1 Urban, Waterford",138,436,604,742,343,142,159,184,282,201,17,251,3499
Waterford,2ae19629-1b3a-13a3-e055-000000000001,"Dungarvan No. 2 Urban, Waterford",51,159,298,464,228,171,144,234,429,349,25,70,2622
Waterford,2ae19629-1b3b-13a3-e055-000000000001,"Dungarvan Rural, Waterford",44,76,149,239,147,96,95,97,200,131,9,87,1370
Waterford,2ae19629-1b3c-13a3-e055-000000000001,"Dunhill, Waterford",0,17,29,24,16,17,10,13,32,24,2,5,189
Waterford,2ae19629-1b47-13a3-e055-000000000001,"Faithlegg, Waterford",26,97,200,274,88,101,91,133,213,191,19,38,1471
Waterford,2ae19629-1b48-13a3-e055-000000000001,"Fenoagh, Waterford",5,6,29,36,19,17,5,7,17,9,1,12,163
Waterford,2ae19629-1b49-13a3-e055-000000000001,"Fews, Waterford",9,12,31,50,29,22,10,12,36,18,1,5,235
Waterford,2ae19629-1b52-13a3-e055-000000000001,"Fox's Castle, Waterford",7,30,62,58,26,28,19,30,39,31,1,12,343
Waterford,2ae19629-1b53-13a3-e055-000000000001,"Gardenmorris, Waterford",4,25,52,58,26,26,15,17,32,16,2,14,287
Waterford,2ae19629-1b54-13a3-e055-000000000001,"Georgestown, Waterford",4,11,24,28,12,17,3,16,20,13,0,2,150
Waterford,2ae19629-1b5e-13a3-e055-000000000001,"Glen, Waterford",6,21,49,62,25,33,19,32,44,22,2,6,321
Waterford,2ae19629-1b5f-13a3-e055-000000000001,"Glenwilliam, Waterford",5,12,6,31,13,12,3,14,16,15,1,1,129
Waterford,2ae19629-1b60-13a3-e055-000000000001,"Gortnapeaky, Waterford",2,18,25,32,11,10,4,7,8,14,0,2,133
Waterford,2ae19629-1b6c-13a3-e055-000000000001,"Graignagower, Waterford",16,35,45,71,30,38,17,38,39,25,2,11,367
Waterford,2ae19629-1b6d-13a3-e055-000000000001,"Grallagh, Waterford",2,14,23,22,11,22,5,16,22,11,1,5,154
Waterford,2ae19629-1b6e-13a3-e055-000000000001,"Grange, Waterford",7,24,30,47,24,20,15,14,23,22,4,9,239
Waterford,2ae19629-1b78-13a3-e055-000000000001,"Gurteen, Waterford",4,35,33,50,22,24,19,21,36,21,2,5,272
Waterford,2ae19629-1b79-13a3-e055-000000000001,"Islandikane, Waterford",21,66,176,303,88,101,125,175,356,296,30,38,1775
Waterford,2ae19629-1b7a-13a3-e055-000000000001,"Keereen, Waterford",3,12,35,30,22,16,12,8,9,9,2,12,170
Waterford,2ae19629-1b7b-13a3-e055-000000000001,"Kilbarry, Waterford, 227051",2,0,5,19,6,7,10,21,28,31,8,9,146
Waterford,2ae19629-1b7c-13a3-e055-000000000001,"Kilbarrymeaden, Waterford",8,26,54,67,31,15,17,15,14,16,1,13,277
Waterford,2ae19629-1b8a-13a3-e055-000000000001,"Kilcockan, Waterford",7,16,26,33,19,18,7,10,19,10,1,2,168
Waterford,2ae19629-1b8b-13a3-e055-000000000001,"Killea, Waterford",17,70,142,210,91,63,83,106,172,154,27,29,1164
Waterford,2ae19629-1b8c-13a3-e055-000000000001,"Killoteran, Waterford",12,37,84,64,38,20,23,37,47,40,8,53,463
Waterford,2ae19629-1b9f-13a3-e055-000000000001,"Kilmacleague, Waterford",5,12,47,70,15,23,14,20,43,15,3,5,272
Waterford,2ae19629-1ba0-13a3-e055-000000000001,"Kilmacomma, Waterford",9,32,52,49,22,21,26,28,38,38,4,6,325
Waterford,2ae19629-1ba1-13a3-e055-000000000001,"Kilmacthomas, Waterford",33,115,171,213,86,61,54,47,68,55,4,46,953
Waterford,2ae19629-1bb5-13a3-e055-000000000001,"Kilmeadan, Waterford, 227059",8,50,92,103,42,43,33,52,70,46,7,26,572
Waterford,2ae19629-1bb6-13a3-e055-000000000001,"Kilmeadan, Waterford, 227060",14,44,131,117,46,32,40,31,48,29,7,17,556
Waterford,2ae19629-1bb7-13a3-e055-000000000001,"Kilronan, Waterford",0,11,15,21,8,17,7,8,26,29,2,2,146
Waterford,2ae19629-1bc7-13a3-e055-000000000001,"Kilwatermoy East, Waterford",1,10,16,13,10,5,9,13,10,6,0,3,96
Waterford,2ae19629-1bc8-13a3-e055-000000000001,"Kilwatermoy West, Waterford",7,17,25,26,13,9,13,9,13,8,2,4,146
Waterford,2ae19629-1bc9-13a3-e055-000000000001,"Kinsalebeg, Waterford",14,38,62,87,41,31,21,32,50,38,2,10,426
Waterford,2ae19629-1bd6-13a3-e055-000000000001,"Knockaunbrandaun, Waterford",6,20,22,19,8,11,12,13,17,15,1,6,150
Waterford,2ae19629-1bd7-13a3-e055-000000000001,"Knockmahon, Waterford",12,31,40,51,24,29,18,24,33,19,4,12,297
Waterford,2ae19629-1bd8-13a3-e055-000000000001,"Lismore Rural, Waterford",21,65,123,161,67,64,54,62,86,74,11,44,832
Waterford,2ae19629-1b63-13a3-e055-000000000001,"Lismore Urban, Waterford",14,46,87,112,45,44,34,48,71,35,2,19,557
Waterford,2ae19629-1bd9-13a3-e055-000000000001,"Mocollop, Waterford",4,22,23,23,12,21,8,15,20,11,4,3,166
Waterford,2ae19629-1b09-13a3-e055-000000000001,"Modelligo, Waterford, 227069",4,16,36,46,18,13,11,28,21,17,2,11,223
Waterford,2ae19629-1b0a-13a3-e055-000000000001,"Modelligo, Waterford, 227070",3,21,33,30,33,17,12,28,25,23,0,8,233
Waterford,2ae19629-1b15-13a3-e055-000000000001,"Mothel, Waterford",3,33,60,60,17,25,19,25,43,25,1,10,321
Waterford,2ae19629-1b16-13a3-e055-000000000001,"Mountkennedy, Waterford",7,28,56,61,21,21,22,19,45,29,5,10,324
Waterford,2ae19629-1b17-13a3-e055-000000000001,"Mountstuart, Waterford",0,5,15,3,9,2,6,2,5,4,0,2,53
Waterford,2ae19629-1b21-13a3-e055-000000000001,"Newcastle, Waterford",8,18,46,70,20,36,24,39,48,40,1,6,356
Waterford,2ae19629-1b22-13a3-e055-000000000001,"Newtown, Waterford, 227075",10,40,54,66,27,25,23,21,41,15,3,14,339
Waterford,2ae19629-1b23-13a3-e055-000000000001,"Pembrokestown, Waterford",6,25,36,52,31,23,20,31,61,46,2,31,364
Waterford,2ae19629-1b2e-13a3-e055-000000000001,"Portlaw, Waterford",29,118,260,218,71,61,61,70,120,58,4,27,1097
Waterford,2ae19629-1b2f-13a3-e055-000000000001,"Rathgormuck, Waterford",4,18,27,25,12,10,16,7,21,9,0,8,157
Waterford,2ae19629-1b30-13a3-e055-000000000001,"Rathmoylan, Waterford",14,46,128,158,57,63,51,66,129,105,5,18,840
Waterford,2ae19629-1b3d-13a3-e055-000000000001,"Reisk, Waterford",12,72,115,147,71,79,60,52,134,98,14,38,892
Waterford,2ae19629-1b3e-13a3-e055-000000000001,"An Rinn, Port Láirge",11,58,111,170,82,72,62,78,129,129,11,39,952
Waterford,2ae19629-1b3f-13a3-e055-000000000001,"Ross, Waterford",5,15,34,33,11,19,9,19,33,19,0,8,205
Waterford,2ae19629-1b4a-13a3-e055-000000000001,"Seskinan, Waterford",12,33,55,59,38,23,33,19,33,18,0,6,329
Waterford,2ae19629-1b4b-13a3-e055-000000000001,"St. Mary's, Waterford",10,35,84,98,38,40,23,61,76,64,6,8,543
Waterford,2ae19629-1b55-13a3-e055-000000000001,"Stradbally, Waterford",15,34,107,100,45,40,54,45,89,68,3,20,620
Waterford,2ae19629-1b56-13a3-e055-000000000001,"Tallow, Waterford",20,115,192,197,81,52,42,64,64,41,2,43,913
Waterford,2ae19629-1b61-13a3-e055-000000000001,"Templemichael, Waterford",7,24,47,58,30,33,24,23,36,22,3,13,320
Waterford,2ae19629-1b62-13a3-e055-000000000001,"Tinnasaggart, Waterford",0,1,16,14,4,5,3,2,12,5,1,0,63
Waterford,2ae19629-1b6f-13a3-e055-000000000001,"Tramore, Waterford",152,398,889,1413,622,415,406,504,855,704,84,280,6722
Waterford,2ae19629-1b70-13a3-e055-000000000001,"Whitechurch, Waterford",2,9,26,33,11,19,8,5,32,10,0,3,158
Waterford,2ae19629-1b7d-13a3-e055-000000000001,"Woodstown, Waterford",9,24,55,70,34,27,25,44,68,69,15,14,454
Galway West,2ae19629-235a-13a3-e055-000000000001,"Ballybaan, Galway City",187,378,791,1280,680,313,408,650,1142,891,88,946,7754
Galway West,2ae19629-235b-13a3-e055-000000000001,"Baile an Bhriotaigh, Cathair na Gaillimhe",13,14,56,109,38,32,49,65,118,86,10,37,627
Galway West,2ae19629-235c-13a3-e055-000000000001,"Bearna, Cathair na Gaillimhe",109,227,634,1447,662,422,561,1072,1907,2148,383,594,10166
Galway West,2ae19629-235d-13a3-e055-000000000001,"An Caisleán Gearr, Cathair na Gaillimhe",56,113,255,497,273,145,163,230,436,364,26,201,2759
Galway West,2ae19629-235e-13a3-e055-000000000001,"Claddagh, Galway City",30,98,159,251,139,64,87,208,352,368,61,162,1979
Galway West,2ae19629-235f-13a3-e055-000000000001,"Dangan, Galway City",64,140,206,345,126,70,102,181,375,357,82,294,2342
Galway West,2ae19629-2360-13a3-e055-000000000001,"Eyre Square, Galway City",54,75,135,340,146,94,140,299,549,484,81,816,3213
Galway West,2ae19629-2361-13a3-e055-000000000001,"Cnoc na Cathrach, Cathair na Gaillimhe",9,23,50,161,48,34,61,124,224,276,67,32,1109
Galway West,2ae19629-236f-13a3-e055-000000000001,"Lough Atalia, Galway City",4,39,72,129,51,26,16,67,100,98,8,49,659
Galway West,2ae19629-2370-13a3-e055-000000000001,"Mionlach, Cathair na Gaillimhe",60,147,265,536,227,139,134,282,546,438,55,155,2984
Galway West,2ae19629-2371-13a3-e055-000000000001,"Mervue, Galway City",44,137,237,321,136,84,59,110,185,130,11,78,1532
Galway West,2ae19629-2372-13a3-e055-000000000001,"Murroogh, Galway City",20,49,124,297,154,84,106,204,361,298,41,127,1865
Galway West,2ae19629-2373-13a3-e055-000000000001,"An Caisleán Nua, Cathair na Gaillimhe",51,198,168,193,95,36,26,84,161,125,22,169,1328
Galway West,2ae19629-2374-13a3-e055-000000000001,"Oileán Altanach, Cathair na Gaillimhe",9,38,64,110,44,23,32,86,226,196,62,332,1222
Galway West,2ae19629-2375-13a3-e055-000000000001,"Rahoon, Galway City",35,87,182,306,156,93,119,179,333,409,98,190,2187
Galway West,2ae19629-2376-13a3-e055-000000000001,"Renmore, Galway City",16,65,114,238,78,30,44,91,154,184,23,56,1093
Galway West,2ae19629-2377-13a3-e055-000000000001,"Rockbarton, Galway City",13,32,86,156,65,43,67,152,205,339,75,89,1322
Galway West,2ae19629-2382-13a3-e055-000000000001,"Salthill, Galway City",23,57,104,289,122,63,118,291,428,555,118,300,2468
Galway West,2ae19629-2383-13a3-e055-000000000001,"Shantalla, Galway City",51,129,147,172,75,41,50,90,124,140,25,480,1524
Galway West,2ae19629-2384-13a3-e055-000000000001,"Toghroinn San Niocláis, Cathair na Gaillimhe",36,104,108,254,137,65,80,153,401,275,40,523,2176
Galway West,2ae19629-2385-13a3-e055-000000000001,"Taylors Hill, Galway City",19,72,122,219,92,50,73,157,303,374,76,241,1798
Galway West,2ae19629-2386-13a3-e055-000000000001,"Wellpark, Galway City",27,79,131,178,89,33,60,113,215,175,24,194,1318
Galway East,2ae19629-20ff-13a3-e055-000000000001,"Abbey East, Galway County",11,52,85,104,35,25,25,21,51,31,2,25,467
Galway East,2ae19629-2100-13a3-e055-000000000001,"Abbey West, Galway County",13,52,66,111,47,42,32,49,72,57,1,15,557
Galway East,2ae19629-2101-13a3-e055-000000000001,"Abbeygormacan, Galway County",8,29,34,60,22,21,25,17,38,32,2,12,300
Galway East,2ae19629-2102-13a3-e055-000000000001,"Abbeyville, Galway County",5,23,38,30,13,17,6,17,23,12,2,3,189
Galway East,2ae19629-2046-13a3-e055-000000000001,"Addergoole, Galway County",17,48,48,90,36,30,17,33,44,28,2,18,411
Roscommon-Galway,2ae19629-2047-13a3-e055-000000000001,"Ahascragh, Galway County",13,34,79,82,27,43,18,34,49,26,4,12,421
Galway East,2ae19629-204d-13a3-e055-000000000001,"Aille, Galway County",7,20,42,68,21,23,23,27,31,35,3,9,309
Galway East,2ae19629-204e-13a3-e055-000000000001,"Annagh, Galway County",6,28,47,60,24,20,19,9,26,16,3,7,265
Galway East,2ae19629-204f-13a3-e055-000000000001,"Eanach Dhúin, Gaillimh, 067009",17,85,194,259,94,103,59,105,184,151,32,55,1338
Galway East,2ae19629-2059-13a3-e055-000000000001,"Annaghdown, Galway County, 067010",22,91,124,181,63,57,51,78,133,84,11,43,938
Galway East,2ae19629-205a-13a3-e055-000000000001,"Ardamullivan, Galway County",12,32,83,77,42,29,24,39,61,52,9,29,489
Galway East,2ae19629-205b-13a3-e055-000000000001,"Ardrahan, Galway County",12,44,63,65,23,20,24,35,58,57,6,14,421
Galway East,2ae19629-2050-13a3-e055-000000000001,"Athenry, Galway County",74,175,350,625,258,191,210,326,527,489,51,176,3452
Galway East,2ae19629-2051-13a3-e055-000000000001,"Aughrim, Galway County, 067014",23,76,99,175,68,64,43,60,120,94,4,17,843
Galway East,2ae19629-2052-13a3-e055-000000000001,"Aughrim, Galway County, 067015",12,53,80,62,35,29,25,32,37,29,1,12,407
Roscommon-Galway,2ae19629-205c-13a3-e055-000000000001,"Ballinasloe Rural, Galway County",8,24,48,87,35,25,20,36,51,39,7,10,390
Roscommon-Galway,2ae19629-205d-13a3-e055-000000000001,"Ballinasloe Urban, Galway County",179,507,680,832,355,229,247,379,502,338,33,401,4682
Roscommon-Galway,2ae19629-205e-13a3-e055-000000000001,"Ballinastack, Galway County",12,22,40,52,22,19,13,22,26,8,0,1,237
Galway East,2ae19629-205f-13a3-e055-000000000001,"Ballinderry, Galway County",5,21,37,79,29,26,24,39,60,43,4,13,380
Galway East,2ae19629-2068-13a3-e055-000000000001,"Ballinduff, Galway County",3,41,58,76,45,26,22,40,60,71,8,22,472
Galway West,2ae19629-2069-13a3-e055-000000000001,"Baile an Teampaill, Gaillimh",19,58,114,182,72,72,67,111,191,160,20,16,1082
Galway East,2ae19629-2074-13a3-e055-000000000001,"Ballycahalan, Galway County",6,11,19,38,15,11,6,16,14,7,0,12,155
Galway East,2ae19629-2075-13a3-e055-000000000001,"Ballyglass, Galway County",3,17,26,24,6,7,4,10,14,13,1,1,126
Galway East,2ae19629-2076-13a3-e055-000000000001,"Ballymacward, Galway County",6,16,37,52,25,15,12,11,24,17,2,2,219
Roscommon-Galway,2ae19629-207e-13a3-e055-000000000001,"Ballymoe, Galway County",13,31,51,61,22,13,11,16,33,22,0,17,290
Galway West,2ae19629-207f-13a3-e055-000000000001,"Ballynacourty, Galway County",6,46,88,146,37,40,50,90,149,153,25,24,854
Galway East,2ae19629-2080-13a3-e055-000000000001,"Ballynagar, Galway County",5,18,24,33,11,9,8,8,16,12,1,4,149
Galway East,2ae19629-208b-13a3-e055-000000000001,"Ballynakill, Galway County, 067028",11,48,77,82,40,36,9,43,50,25,1,9,431
Galway West,2ae19629-208c-13a3-e055-000000000001,"Ballynakill, Galway County, 067029",11,42,43,63,31,10,30,35,37,30,5,22,359
Roscommon-Galway,2ae19629-208d-13a3-e055-000000000001,"Ballynakill, Galway County, 067030",5,40,44,58,17,36,18,27,22,21,1,15,304
Galway East,2ae19629-208e-13a3-e055-000000000001,"Ballynapark, Galway County",13,65,113,155,44,46,44,59,68,58,3,36,704
Galway West,2ae19629-2098-13a3-e055-000000000001,"Bearna, Gaillimh",26,70,164,331,141,103,139,248,488,577,119,74,2480
Galway East,2ae19629-2099-13a3-e055-000000000001,"Beagh, Galway County",16,43,68,102,45,33,24,36,65,61,5,15,513
Galway East,2ae19629-20a3-13a3-e055-000000000001,"Beaghmore, Galway County",9,24,43,49,15,16,22,11,32,19,4,9,253
Galway East,2ae19629-20a4-13a3-e055-000000000001,"Belclare, Galway County",15,60,81,122,46,46,30,51,47,28,3,16,545
Galway East,2ae19629-20a5-13a3-e055-000000000001,"Belleville, Galway County",9,42,55,82,29,24,26,32,58,54,2,13,426
Galway West,2ae19629-20a6-13a3-e055-000000000001,"Binn an Choire, Gaillimh",1,10,13,27,6,13,16,19,25,24,1,11,166
Roscommon-Galway,2ae19629-20a7-13a3-e055-000000000001,"Boyounagh, Galway County",6,35,33,29,15,17,10,10,16,5,0,7,183
Galway East,2ae19629-20af-13a3-e055-000000000001,"Bracklagh, Galway County",13,45,50,74,24,28,20,20,35,18,2,3,332
Galway East,2ae19629-20b0-13a3-e055-000000000001,"Bullaun, Galway County",0,15,26,32,16,19,14,19,37,30,2,8,218
Galway West,2ae19629-20b1-13a3-e055-000000000001,"Bunowen, Galway County",11,46,65,52,22,20,15,17,18,15,2,13,296
Galway East,2ae19629-20b2-13a3-e055-000000000001,"Cahermore, Galway County",8,25,50,60,35,19,31,36,49,49,5,8,375
Galway East,2ae19629-20bd-13a3-e055-000000000001,"Caltra, Galway County",6,24,29,51,17,22,22,23,35,23,3,10,265
Galway West,2ae19629-20be-13a3-e055-000000000001,"Camas, Gaillimh",22,43,24,53,15,20,11,13,18,19,0,11,249
Galway East,2ae19629-20bf-13a3-e055-000000000001,"Cappalusk, Galway County",3,30,35,59,14,25,24,25,33,25,1,9,283
Galway East,2ae19629-20c0-13a3-e055-000000000001,"Cappard, Galway County",6,6,13,14,6,2,6,7,9,8,1,5,83
Galway West,2ae19629-20cb-13a3-e055-000000000001,"An Carn Mór, Gaillimh",23,79,176,328,137,103,107,166,293,246,24,114,1796
Galway West,2ae19629-20cc-13a3-e055-000000000001,"Ceathrú an Bhrúnaigh, Gaillimh",15,83,104,100,39,44,36,56,76,77,4,13,647
Galway East,2ae19629-20cd-13a3-e055-000000000001,"Carrownagur, Galway County",8,32,44,66,26,16,19,20,29,18,0,6,284
Galway East,2ae19629-20d6-13a3-e055-000000000001,"Carrowrevagh, Galway County",7,34,32,68,32,21,18,22,35,34,2,15,320
Galway East,2ae19629-20d7-13a3-e055-000000000001,"Castleblakeney, Galway County",10,40,34,82,27,24,26,34,42,31,3,11,364
Galway East,2ae19629-20d8-13a3-e055-000000000001,"Castleboy, Galway County",7,32,54,94,20,23,25,34,58,26,6,7,386
Roscommon-Galway,2ae19629-20e0-13a3-e055-000000000001,"Castleffrench, Galway County",14,34,54,77,26,25,20,26,36,19,1,13,345
Galway East,2ae19629-20e1-13a3-e055-000000000001,"Castletaylor, Galway County",7,18,37,59,18,27,19,50,90,74,11,13,423
Galway West,2ae19629-20e2-13a3-e055-000000000001,"Baile Chláir, Gaillimh",36,101,163,254,117,83,86,138,229,206,18,59,1490
Galway East,2ae19629-20f2-13a3-e055-000000000001,"Claretuam, Galway County",11,57,107,171,59,53,37,60,90,92,7,21,765
Galway West,2ae19629-20f3-13a3-e055-000000000001,"Clarinbridge, Galway County",44,67,159,359,145,120,145,265,602,622,70,66,2664
Galway West,2ae19629-20f4-13a3-e055-000000000001,"Cleggan, Galway County",6,22,29,55,14,9,12,18,11,16,1,16,209
Galway West,2ae19629-20f5-13a3-e055-000000000001,"Clifden, Galway County",43,122,212,282,137,75,96,130,153,130,21,106,1507
Galway East,2ae19629-2103-13a3-e055-000000000001,"Clonbern, Galway County",8,27,49,66,28,19,10,13,24,19,1,8,272
Galway East,2ae19629-2104-13a3-e055-000000000001,"Clonbrock, Galway County",11,33,56,101,25,36,21,32,38,25,2,10,390
Galway East,2ae19629-2105-13a3-e055-000000000001,"Clonfert, Galway County",8,49,61,56,21,26,22,18,33,17,3,9,323
Galway East,2ae19629-2048-13a3-e055-000000000001,"Clontuskert, Galway County",6,23,25,33,15,9,9,15,16,12,0,9,172
Galway West,2ae19629-2049-13a3-e055-000000000001,"An Fhairche, Gaillimh",22,74,98,174,53,41,59,88,110,76,16,58,869
Galway East,2ae19629-204a-13a3-e055-000000000001,"Cloonkeen, Galway County, 067065",8,32,41,40,14,10,9,19,35,13,3,11,235
Galway East,2ae19629-2053-13a3-e055-000000000001,"Cloonkeen, Galway County, 067066",5,26,45,63,32,27,13,25,31,28,1,9,305
Galway East,2ae19629-2054-13a3-e055-000000000001,"Cloonkeen, Galway County, 067067",3,36,53,67,22,20,12,22,16,12,1,92,356
Galway East,2ae19629-2055-13a3-e055-000000000001,"Colmanstown, Galway County",3,7,15,14,9,5,4,11,15,11,0,3,97
Galway West,e4432984-fa1f-40d8-92f5-5c934939c606,"Conga/An Ros, Gaillimh",12,70,56,87,30,33,13,45,43,39,2,17,447
Galway East,2ae19629-22e5-13a3-e055-000000000001,"Cooloo, Galway County",13,33,63,70,33,37,29,31,36,34,1,1,381
Galway East,2ae19629-22e7-13a3-e055-000000000001,"Craughwell, Galway County",24,64,115,226,75,74,72,132,225,218,21,39,1285
Roscommon-Galway,2ae19629-22f0-13a3-e055-000000000001,"Creggs, Galway County",9,30,45,40,22,17,20,20,28,14,1,3,249
Galway West,2ae19629-2300-13a3-e055-000000000001,"Crump Island, Galway County",9,26,19,22,10,6,3,12,16,13,1,7,144
Galway West,2ae19629-22f1-13a3-e055-000000000001,"An Crompán, Gaillimh",103,263,228,259,128,80,73,143,189,173,13,80,1732
Galway East,2ae19629-22f2-13a3-e055-000000000001,"Cummer, Galway County",17,51,101,134,45,47,39,82,99,76,3,47,741
Galway West,2ae19629-22f3-13a3-e055-000000000001,"An Chorr, Gaillimh",7,15,16,18,9,7,9,8,12,9,1,5,116
Galway East,2ae19629-22ff-13a3-e055-000000000001,"Curraghmore, Galway County",2,22,29,15,12,9,4,3,17,8,0,4,125
Galway East,2ae19629-2301-13a3-e055-000000000001,"Deerpark, Galway County",21,86,135,192,57,77,45,69,112,64,9,44,911
Galway East,2ae19629-2302-13a3-e055-000000000001,"Derrew, Galway County",7,19,18,22,11,8,10,13,8,7,0,3,126
Galway East,2ae19629-2304-13a3-e055-000000000001,"Derryglassaun, Galway County",6,50,77,141,49,47,28,46,83,66,7,21,621
Galway East,2ae19629-2310-13a3-e055-000000000001,"Derrylaur, Galway County",4,10,12,10,10,6,5,4,7,5,0,1,74
Galway West,268c20e2-7574-4e64-ac7a-9383e368fcb7,"Derrylea/Derrycunlagh, Galway County",4,22,36,39,21,16,14,16,25,20,2,15,230
Galway East,2ae19629-2312-13a3-e055-000000000001,"Donaghpatrick, Galway County",5,44,60,90,32,24,22,24,50,31,2,17,401
Galway East,2ae19629-2313-13a3-e055-000000000001,"Doonbally, Galway County",9,25,54,83,31,35,29,31,45,30,0,27,399
Galway West,2ae19629-2314-13a3-e055-000000000001,"Doonloughan, Galway County",2,8,7,19,3,4,2,5,5,6,0,5,66
Galway East,2ae19629-231e-13a3-e055-000000000001,"Doorus, Galway County",11,31,33,75,24,37,32,60,108,109,26,8,554
Galway East,2ae19629-231f-13a3-e055-000000000001,"Drumacoo, Galway County",30,70,77,130,61,54,53,101,161,200,34,46,1017
Galway East,2ae19629-2320-13a3-e055-000000000001,"Drumkeary, Galway County",12,61,57,104,20,27,22,32,51,41,5,11,443
Galway East,2ae19629-2321-13a3-e055-000000000001,"Drummin, Galway County",0,29,42,59,28,31,17,26,30,10,2,6,280
Galway East,2ae19629-2322-13a3-e055-000000000001,"Dunmore North, Galway County",13,43,84,74,31,36,19,39,49,29,5,6,428
Galway East,2ae19629-232b-13a3-e055-000000000001,"Dunmore South, Galway County",11,45,73,121,57,45,44,56,75,37,3,24,591
Galway West,2ae19629-232c-13a3-e055-000000000001,"Errislannan, Galway County",3,34,19,33,9,9,10,13,12,13,7,8,170
Galway East,2ae19629-232d-13a3-e055-000000000001,"Eyrecourt, Galway County",10,37,56,74,33,29,19,24,24,21,1,17,345
Galway East,2ae19629-232e-13a3-e055-000000000001,"Foxhall, Galway County",10,45,66,103,27,40,30,32,58,33,2,13,459
Galway West,2ae19629-2338-13a3-e055-000000000001,"Na Forbacha, Gaillimh",8,35,108,148,74,67,68,124,174,211,36,40,1093
Galway West,2ae19629-2339-13a3-e055-000000000001,"Galway Rural, Galway County",3,4,11,22,8,5,9,24,19,36,11,8,160
Galway East,2ae19629-233a-13a3-e055-000000000001,"Glennamaddy, Galway County",25,57,106,139,58,40,31,40,64,36,2,25,623
Galway East,2ae19629-2345-13a3-e055-000000000001,"Gort, Galway County",64,156,259,398,168,95,88,155,174,139,9,312,2017
Galway West,2ae19629-2346-13a3-e055-000000000001,"Garmna, Gaillimh",91,192,157,132,60,45,34,43,49,46,4,61,914
Galway East,2ae19629-2347-13a3-e055-000000000001,"Graigabbey, Galway County",6,16,36,45,21,18,15,23,44,28,1,4,257
Galway East,2ae19629-2348-13a3-e055-000000000001,"Grange, Galway County",10,29,109,125,42,38,25,34,65,38,2,16,533
Galway East,2ae19629-2354-13a3-e055-000000000001,"Greethill, Galway County",19,46,79,81,51,45,49,59,117,105,13,11,675
Galway East,2ae19629-2355-13a3-e055-000000000001,"Headford, Galway County",21,81,136,239,105,85,63,112,169,144,15,59,1229
Galway East,2ae19629-2356-13a3-e055-000000000001,"Hillsbrook, Galway County",7,49,75,120,42,39,28,32,37,25,1,14,469
Galway West,2ae19629-2367-13a3-e055-000000000001,"An Uillinn, Gaillimh",4,20,7,10,5,7,3,10,3,3,0,1,73
Galway West,2ae19629-2368-13a3-e055-000000000001,"Inishbofin, Galway County",2,25,11,31,9,4,8,15,12,13,2,14,146
Galway West,2ae19629-2369-13a3-e055-000000000001,"Árainn, Gaillimh",34,121,142,166,63,45,54,74,87,102,9,65,962
Roscommon-Galway,2ae19629-236a-13a3-e055-000000000001,"Island, Galway County",12,20,39,29,16,16,10,10,20,9,1,8,190
Roscommon-Galway,2ae19629-237b-13a3-e055-000000000001,"Kellysgrove, Galway County",8,27,34,49,19,21,17,27,38,25,3,7,275
Galway East,2ae19629-237c-13a3-e055-000000000001,"Kilbeacanty, Galway County",1,18,30,46,10,16,17,22,22,28,4,13,227
Galway East,2ae19629-237d-13a3-e055-000000000001,"Kilbennan, Galway County",5,20,39,60,18,16,19,12,27,17,3,11,247
Galway East,2ae19629-238b-13a3-e055-000000000001,"Kilchreest, Galway County",5,22,31,47,22,14,13,17,24,18,0,9,222
Galway East,2ae19629-238c-13a3-e055-000000000001,"Kilconickny, Galway County",5,27,58,89,30,40,29,51,55,47,3,7,441
Galway East,2ae19629-2397-13a3-e055-000000000001,"Kilconierin, Galway County",5,22,38,82,36,27,31,48,67,71,3,12,442
Galway East,2ae19629-2398-13a3-e055-000000000001,"Kilconnell, Galway County",15,55,82,92,37,38,24,28,47,22,3,19,462
Galway East,2ae19629-2399-13a3-e055-000000000001,"Kilcoona, Galway County",13,34,49,90,26,22,28,42,54,40,3,6,407
Roscommon-Galway,2ae19629-23a3-13a3-e055-000000000001,"Kilcroan, Galway County",13,35,83,106,24,44,21,18,34,24,0,17,419
Galway West,2ae19629-23a4-13a3-e055-000000000001,"Cill Chuimín, Gaillimh, 067121",7,11,18,16,6,10,9,8,9,10,3,8,115
Galway West,2ae19629-23a5-13a3-e055-000000000001,"Cill Chuimín, Gaillimh, 067122",49,105,159,172,69,62,40,65,104,94,11,67,997
Galway East,2ae19629-23a6-13a3-e055-000000000001,"Killaan, Galway County",10,36,74,94,34,29,22,26,41,27,1,8,402
Galway East,2ae19629-23a7-13a3-e055-000000000001,"Killallaghtan, Galway County",10,36,63,69,22,34,20,21,41,21,1,8,346
Galway West,2ae19629-23a8-13a3-e055-000000000001,"Cill Aithnín, Gaillimh",14,56,85,115,52,43,45,76,121,130,13,19,769
Galway East,2ae19629-22cd-13a3-e055-000000000001,"Killeany, Galway County",4,24,50,76,30,29,29,40,68,40,14,21,425
Galway East,2ae19629-22ce-13a3-e055-000000000001,"Killeely, Galway County",19,75,107,188,81,78,63,112,205,208,21,23,1180
Galway East,2ae19629-22cf-13a3-e055-000000000001,"Killeen, Galway County",6,28,63,114,42,35,25,45,53,57,2,20,490
Galway East,2ae19629-22da-13a3-e055-000000000001,"Killeenavarra, Galway County",8,49,57,80,42,23,37,67,82,104,19,17,585
Galway East,2ae19629-22db-13a3-e055-000000000001,"Killererin, Galway County",7,38,89,117,47,49,40,46,57,44,2,11,547
Roscommon-Galway,2ae19629-22e8-13a3-e055-000000000001,"Killeroran, Galway County",20,85,140,217,76,59,48,69,116,68,3,10,911
Galway East,2ae19629-22e9-13a3-e055-000000000001,"Killian, Galway County",4,23,40,56,18,25,20,24,25,16,1,10,262
Galway East,2ae19629-22ea-13a3-e055-000000000001,"Killimor, Galway County, 067133",17,68,91,96,37,35,22,38,60,26,1,16,507
Galway East,2ae19629-22f4-13a3-e055-000000000001,"Killimor, Galway County, 067134",8,23,34,51,14,21,13,25,29,27,0,13,258
Galway East,2ae19629-22f5-13a3-e055-000000000001,"Killinny, Galway County",12,22,61,62,35,24,18,19,40,25,6,4,328
Galway East,2ae19629-22f6-13a3-e055-000000000001,"Killogilleen, Galway County",9,28,70,101,48,40,36,63,90,84,9,20,598
Galway East,2ae19629-22f7-13a3-e055-000000000001,"Killoran, Galway County",6,21,45,37,23,11,8,6,22,10,0,3,192
Galway East,2ae19629-2305-13a3-e055-000000000001,"Killower, Galway County",11,46,75,127,39,47,33,47,94,62,9,9,599
Roscommon-Galway,2ae19629-2306-13a3-e055-000000000001,"Killure, Galway County",13,75,75,112,37,34,24,33,46,43,1,20,513
Galway East,2ae19629-2315-13a3-e055-000000000001,"Killursa, Galway County",11,65,86,149,59,48,41,62,94,82,7,14,718
Galway East,2ae19629-2316-13a3-e055-000000000001,"Kilmacshane, Galway County",1,20,18,21,12,12,11,15,19,18,0,8,155
Galway East,2ae19629-2317-13a3-e055-000000000001,"Kilmalinoge, Galway County",2,19,29,36,9,10,12,17,17,7,0,11,169
Galway East,2ae19629-2323-13a3-e055-000000000001,"Kilmeen, Galway County",10,46,59,100,41,36,29,33,59,39,8,13,473
Galway East,2ae19629-2324-13a3-e055-000000000001,"Kilmoylan, Galway County",10,62,94,148,56,52,45,65,109,69,8,21,739
Galway East,2ae19629-2325-13a3-e055-000000000001,"Kilquain, Galway County",3,27,29,48,10,21,18,10,23,11,0,12,212
Galway East,2ae19629-232f-13a3-e055-000000000001,"Kilreekill, Galway County",1,19,32,47,15,24,9,32,41,19,1,4,244
Galway East,2ae19629-2330-13a3-e055-000000000001,"Kilshanvy, Galway County",5,31,33,76,30,31,13,17,25,21,2,8,292
Galway East,2ae19629-2331-13a3-e055-000000000001,"Kiltartan, Galway County",11,42,80,109,43,39,38,45,79,36,3,32,557
Galway East,2ae19629-233b-13a3-e055-000000000001,"Kilteskill, Galway County",2,8,32,52,22,15,19,19,52,40,2,3,266
Galway East,2ae19629-233c-13a3-e055-000000000001,"Kilthomas, Galway County",1,9,3,14,7,4,5,6,10,8,1,2,70
Galway East,2ae19629-233d-13a3-e055-000000000001,"Kiltormer, Galway County",10,42,58,85,36,36,23,17,45,34,0,7,393
Galway East,2ae19629-2349-13a3-e055-000000000001,"Kiltullagh, Galway County, 067152",5,29,50,92,44,33,38,51,94,66,6,24,532
Galway East,2ae19629-234a-13a3-e055-000000000001,"Kiltullagh, Galway County, 067153",6,19,22,37,14,11,8,9,6,7,0,3,142
Galway East,2ae19629-234b-13a3-e055-000000000001,"Kinvarra, Galway County",10,41,86,166,76,51,63,98,164,204,27,18,1004
Galway West,2ae19629-234c-13a3-e055-000000000001,"An Cnoc Buí, Gaillimh",34,80,92,108,37,34,32,50,47,45,7,30,596
Roscommon-Galway,2ae19629-234d-13a3-e055-000000000001,"Kylemore, Galway County",2,17,11,19,10,5,3,10,13,10,0,6,106
Galway West,2ae19629-234e-13a3-e055-000000000001,"Leacach Beag, Gaillimh",19,61,104,202,70,69,57,95,173,152,6,32,1040
Galway East,2ae19629-2357-13a3-e055-000000000001,"Lackalea, Galway County",2,10,27,39,13,23,21,22,35,33,4,7,236
Galway East,2ae19629-2358-13a3-e055-000000000001,"Laurencetown, Galway County",8,29,53,49,23,16,18,15,34,15,0,9,269
Galway East,2ae19629-2359-13a3-e055-000000000001,"Leitrim, Galway County",3,25,36,69,30,33,20,30,43,43,6,7,345
Galway West,2ae19629-236b-13a3-e055-000000000001,"Leitir Breacáin, Gaillimh",6,21,10,47,20,6,15,20,22,25,1,8,201
Galway West,2ae19629-236c-13a3-e055-000000000001,"Letterfore, Galway County",4,14,16,47,17,7,17,13,27,21,5,8,196
Galway West,2ae19629-236d-13a3-e055-000000000001,"Leitir Móir, Gaillimh",42,111,104,108,38,16,20,39,39,47,1,41,606
Galway East,2ae19629-236e-13a3-e055-000000000001,"Levally, Galway County",8,25,42,44,17,27,19,21,33,24,3,10,273
Galway West,2ae19629-237e-13a3-e055-000000000001,"Liscananaun, Galway County",13,88,111,188,75,64,53,111,169,143,22,19,1056
Galway West,2ae19629-237f-13a3-e055-000000000001,"Lisín an Bhealaigh, Gaillimh",14,45,80,134,40,43,36,63,93,80,12,25,665
Roscommon-Galway,2ae19629-2380-13a3-e055-000000000001,"Lismanny, Galway County",7,20,27,37,12,10,12,7,25,18,0,8,183
Galway East,c62169df-44fc-4bf1-98eb-40998a29132a,"Loughatorick/Coos/Marblehill, Galway County",15,68,62,72,16,20,17,22,42,22,5,18,379
Galway East,2ae19629-238d-13a3-e055-000000000001,"Loughrea Rural, Galway County",9,31,81,122,46,36,38,57,94,68,6,26,614
Galway East,2ae19629-238e-13a3-e055-000000000001,"Loughrea Urban, Galway County",90,286,458,779,327,206,244,338,449,388,27,411,4003
Galway East,2ae19629-239a-13a3-e055-000000000001,"Meelick, Galway County",3,16,30,47,12,16,9,12,16,13,2,10,186
Galway East,2ae19629-239b-13a3-e055-000000000001,"Milltown, Galway County",17,36,61,107,35,35,31,40,67,44,2,11,486
Galway East,2ae19629-239c-13a3-e055-000000000001,"Moat, Galway County",3,10,14,23,16,6,4,8,14,4,3,0,105
Galway East,2ae19629-23a9-13a3-e055-000000000001,"Monivea, Galway County",5,38,70,103,41,34,26,44,82,56,3,14,516
Galway East,2ae19629-23aa-13a3-e055-000000000001,"Mount Bellew, Galway County",21,79,136,266,106,103,85,148,184,160,9,33,1330
Galway East,2ae19629-23ab-13a3-e055-000000000001,"Mountain, Galway County",2,10,26,49,10,12,14,17,38,18,3,3,202
Galway East,2ae19629-22d0-13a3-e055-000000000001,"Mounthazel, Galway County",10,31,39,80,34,32,21,29,51,26,0,8,361
Galway West,2ae19629-22d1-13a3-e055-000000000001,"Maigh Cuilinn, Gaillimh",10,52,131,231,92,70,95,150,273,301,74,66,1545
Galway East,2ae19629-22d2-13a3-e055-000000000001,"Moyne, Galway County",14,63,73,101,31,32,34,27,60,40,1,4,480
Galway East,2ae19629-22dc-13a3-e055-000000000001,"Moyode, Galway County",4,11,23,26,11,11,9,25,27,26,2,10,185
Galway West,2ae19629-22dd-13a3-e055-000000000001,"Maíros, Gaillimh",6,43,30,43,15,18,14,17,30,19,2,9,246
Galway East,2ae19629-22de-13a3-e055-000000000001,"Oatfield, Galway County",8,36,41,56,19,14,19,26,41,30,2,10,302
Galway West,2ae19629-22df-13a3-e055-000000000001,"Oranmore, Galway County",35,111,206,450,227,148,162,297,661,569,65,156,3087
Galway West,2ae19629-22e0-13a3-e055-000000000001,"Oughterard, Galway County",58,131,196,343,150,113,106,197,252,251,52,95,1944
Galway West,2ae19629-22e1-13a3-e055-000000000001,"Abhainn Ghabhla, Gaillimh",18,38,30,38,8,13,13,13,12,15,0,17,215
Galway East,2ae19629-22eb-13a3-e055-000000000001,"Pallas, Galway County",6,29,38,64,18,22,14,19,30,16,1,11,268
Galway East,2ae19629-22ec-13a3-e055-000000000001,"Portumna, Galway County",44,169,231,324,162,96,95,157,171,139,10,96,1694
Galway East,2ae19629-22ed-13a3-e055-000000000001,"Raford, Galway County",5,20,43,65,21,32,23,35,82,45,3,16,390
Galway East,2ae19629-22f8-13a3-e055-000000000001,"Rahasane, Galway County",7,26,24,36,13,23,14,21,35,33,8,6,246
Galway East,2ae19629-22f9-13a3-e055-000000000001,"Raheen, Galway County",10,61,63,69,36,28,18,19,30,21,0,11,366
Galway West,2ae19629-22fa-13a3-e055-000000000001,"Rinvyle, Galway County",25,130,122,125,67,36,59,89,75,67,8,50,853
Galway West,2ae19629-22fc-13a3-e055-000000000001,"Cloch na Rón, Gaillimh",18,54,52,54,17,19,16,22,31,21,4,18,326
Galway East,2ae19629-2307-13a3-e055-000000000001,"Ryehill, Galway County",9,40,47,102,44,37,34,59,86,58,3,9,528
Galway East,2ae19629-2308-13a3-e055-000000000001,"Scregg, Galway County",6,13,26,31,12,25,6,13,14,13,0,1,160
Galway West,2ae19629-2309-13a3-e055-000000000001,"Sailearna, Gaillimh, 067197",43,79,128,180,85,49,60,85,135,150,21,37,1052
Galway East,2ae19629-230a-13a3-e055-000000000001,"Shankill, Galway County",16,28,33,53,23,16,13,15,29,7,0,8,241
Galway West,2ae19629-230b-13a3-e055-000000000001,"Sillerna, Galway County",10,56,63,68,29,14,17,25,33,21,5,24,365
Galway West,2ae19629-230c-13a3-e055-000000000001,"Scainimh, Gaillimh",34,68,72,88,33,19,15,33,36,22,3,20,443
Galway East,2ae19629-2318-13a3-e055-000000000001,"Skehanagh, Galway County",1,26,40,66,25,29,20,29,67,47,4,6,360
Galway West,2ae19629-2319-13a3-e055-000000000001,"Sliabh an Aonaigh, Gaillimh",14,33,71,78,39,22,28,32,71,86,19,36,529
Galway West,2ae19629-231a-13a3-e055-000000000001,"An Spidéal, Gaillimh",25,65,101,151,67,58,62,102,195,231,21,180,1258
Galway East,2ae19629-2326-13a3-e055-000000000001,"Stradbally, Galway County",8,34,73,146,63,43,53,85,117,114,7,15,758
Roscommon-Galway,2ae19629-2327-13a3-e055-000000000001,"Taghboy, Galway County",1,16,27,30,15,17,6,11,19,14,0,6,162
Galway East,2ae19629-2328-13a3-e055-000000000001,"Templetogher, Galway County",9,46,61,57,22,28,17,17,26,16,1,2,302
Galway East,2ae19629-2332-13a3-e055-000000000001,"Tiaquin, Galway County",11,35,57,71,34,32,34,47,83,65,7,4,480
Galway East,2ae19629-2333-13a3-e055-000000000001,"Tiranascragh, Galway County",2,6,25,32,8,9,5,12,11,11,1,1,123
Galway East,2ae19629-2334-13a3-e055-000000000001,"Toberadosh, Galway County",2,35,41,55,24,20,15,30,21,14,1,12,270
Roscommon-Galway,2ae19629-2335-13a3-e055-000000000001,"Toberroe, Galway County",5,38,35,47,15,17,18,17,15,12,0,9,228
Galway East,2ae19629-233e-13a3-e055-000000000001,"Tuam Rural, Galway County",89,224,475,825,363,227,230,337,469,351,21,265,3876
Galway East,2ae19629-233f-13a3-e055-000000000001,"Tuam Urban, Galway County",76,212,358,539,220,121,150,207,222,184,15,314,2618
Galway West,2ae19629-2340-13a3-e055-000000000001,"Tulaigh Mhic Aodháin, Gaillimh",26,79,118,206,98,64,84,145,210,300,57,124,1511
Galway West,2ae19629-2341-13a3-e055-000000000001,"An Turlach, Gaillimh",29,67,71,55,30,18,17,26,30,32,0,13,388
Galway East,2ae19629-234f-13a3-e055-000000000001,"Tynagh, Galway County",4,41,57,61,17,14,20,23,39,16,6,10,308
Galway East,2ae19629-2350-13a3-e055-000000000001,"Woodford, Galway County",17,35,61,83,27,19,19,26,32,21,3,6,349
Galway West,2ae19629-2351-13a3-e055-000000000001,"Wormhole, Galway County",29,113,201,250,124,101,102,138,237,248,56,44,1643
Sligo-Leitrim,2ae19629-1708-13a3-e055-000000000001,"Aghacashel, Leitrim",1,6,8,11,7,1,3,6,4,6,0,0,53
Sligo-Leitrim,b166391f-eb14-47de-a3eb-9c2516e63687,"Aghanlish/Aghalateeve, Leitrim",11,26,24,30,8,9,15,7,11,8,0,10,159
Sligo-Leitrim,2ae19629-170b-13a3-e055-000000000001,"Aghavas, Leitrim",16,24,34,47,23,19,10,19,21,13,0,4,230
Sligo-Leitrim,2ae19629-170d-13a3-e055-000000000001,"Annaduff, Leitrim",4,5,21,32,15,18,6,13,24,25,0,1,164
Sligo-Leitrim,23519126-bd85-4c40-a1e2-26c5d2b7e51c,"Arigna/Drumkeeran/Killarga, Leitrim",24,54,92,69,30,25,26,39,40,27,2,18,446
Sligo-Leitrim,2ae19629-16fb-13a3-e055-000000000001,"Ballaghameehan, Leitrim",7,23,21,19,11,17,6,13,18,8,1,13,157
Sligo-Leitrim,2ae19629-16fc-13a3-e055-000000000001,"Ballinamore, Leitrim",18,47,104,180,80,44,51,100,100,80,4,33,841
Sligo-Leitrim,2ae19629-16fd-13a3-e055-000000000001,"Barnameenagh, Leitrim",4,10,19,21,8,8,11,8,13,5,0,3,110
Sligo-Leitrim,2ae19629-16fe-13a3-e055-000000000001,"Beihy, Leitrim",13,20,43,48,13,16,16,22,18,18,0,19,246
Sligo-Leitrim,2ae19629-170e-13a3-e055-000000000001,"Belhavel, Leitrim",5,27,37,37,22,13,13,16,17,19,4,1,211
Sligo-Leitrim,2ae19629-170f-13a3-e055-000000000001,"Breandrum, Leitrim",1,10,47,29,19,16,7,14,27,13,1,4,188
Sligo-Leitrim,2ae19629-1717-13a3-e055-000000000001,"Bunnybeg, Leitrim",7,13,23,16,6,6,9,3,5,12,0,3,103
Sligo-Leitrim,2ae19629-1718-13a3-e055-000000000001,"Carrick-On-Shannon, Leitrim",79,153,287,534,274,151,194,231,331,284,17,250,2785
Sligo-Leitrim,2ae19629-1719-13a3-e055-000000000001,"Carrigallen East, Leitrim",10,24,49,37,23,16,14,12,20,9,1,5,220
Sligo-Leitrim,2ae19629-171a-13a3-e055-000000000001,"Carrigallen West, Leitrim",19,35,66,73,54,36,31,31,37,22,3,7,414
Sligo-Leitrim,2ae19629-171b-13a3-e055-000000000001,"Cashel, Leitrim",2,8,13,26,19,12,7,11,14,9,0,3,124
Sligo-Leitrim,2ae19629-171c-13a3-e055-000000000001,"Castlefore, Leitrim",4,13,26,30,20,14,15,14,18,16,0,2,172
Sligo-Leitrim,2ae19629-171d-13a3-e055-000000000001,"Cattan, Leitrim",13,9,30,32,22,7,11,8,31,15,1,5,184
Sligo-Leitrim,2ae19629-171e-13a3-e055-000000000001,"Cloonclare, Leitrim",11,12,24,16,11,2,4,6,12,7,1,8,114
Sligo-Leitrim,2ae19629-171f-13a3-e055-000000000001,"Cloone, Leitrim",6,30,48,48,15,31,15,21,25,13,2,7,261
Sligo-Leitrim,2ae19629-1720-13a3-e055-000000000001,"Cloonlogher, Leitrim",7,14,33,30,17,13,17,18,26,29,7,6,217
Sligo-Leitrim,2ae19629-1721-13a3-e055-000000000001,"Cloverhill, Leitrim",16,24,40,42,18,9,16,14,36,12,2,7,236
Sligo-Leitrim,2ae19629-1722-13a3-e055-000000000001,"Corrala, Leitrim",7,15,35,32,19,15,13,5,26,2,0,1,170
Sligo-Leitrim,2ae19629-1723-13a3-e055-000000000001,"Corriga, Leitrim",9,9,18,18,13,12,7,8,13,8,1,3,119
Sligo-Leitrim,2ae19629-1724-13a3-e055-000000000001,"Drumahaire, Leitrim",42,59,144,208,96,77,64,99,157,134,14,49,1143
Sligo-Leitrim,2ae19629-1710-13a3-e055-000000000001,"Drumard, Leitrim",5,10,31,30,18,12,14,16,17,15,0,7,175
Sligo-Leitrim,2ae19629-172d-13a3-e055-000000000001,"Drumdoo, Leitrim",8,45,38,51,20,25,11,24,29,16,2,3,272
Sligo-Leitrim,2ae19629-1712-13a3-e055-000000000001,"Drumod, Leitrim",11,39,88,102,43,45,38,67,92,72,2,52,651
Sligo-Leitrim,2ae19629-1714-13a3-e055-000000000001,"Drumreilly North, Leitrim",2,14,26,18,13,9,10,11,13,7,0,2,125
Sligo-Leitrim,2ae19629-1715-13a3-e055-000000000001,"Drumreilly South, Leitrim",4,17,19,18,11,8,10,7,6,5,0,6,111
Sligo-Leitrim,2ae19629-1716-13a3-e055-000000000001,"Drumreilly West/Drumreilly East, Leitrim",7,22,18,21,7,7,3,11,11,11,1,11,130
Sligo-Leitrim,2ae19629-172b-13a3-e055-000000000001,"Drumshanbo, Leitrim",37,87,150,177,114,69,73,103,98,78,1,90,1077
Sligo-Leitrim,2ae19629-172c-13a3-e055-000000000001,"Drumsna, Leitrim",12,35,61,94,39,31,27,50,70,55,4,28,506
Sligo-Leitrim,2ae19629-172e-13a3-e055-000000000001,"Fenagh, Leitrim",10,23,29,55,22,25,18,26,24,29,1,1,263
Sligo-Leitrim,2ae19629-172f-13a3-e055-000000000001,"Garadice, Leitrim",13,45,71,78,35,26,27,33,55,21,1,3,408
Sligo-Leitrim,2ae19629-1730-13a3-e055-000000000001,"Garvagh, Leitrim",8,9,18,14,7,5,6,9,8,7,2,1,94
Sligo-Leitrim,2ae19629-1731-13a3-e055-000000000001,"Glenade, Leitrim",2,9,16,19,9,5,10,11,9,13,1,2,106
Sligo-Leitrim,2ae19629-1732-13a3-e055-000000000001,"Glenaniff, Leitrim",7,17,25,22,12,5,8,6,10,7,6,6,131
Sligo-Leitrim,2ae19629-1733-13a3-e055-000000000001,"Glenboy, Leitrim",2,5,15,44,16,7,9,24,26,18,1,5,172
Sligo-Leitrim,2ae19629-1734-13a3-e055-000000000001,"Glencar, Leitrim",7,11,25,42,17,19,10,20,25,18,0,5,199
Sligo-Leitrim,2ae19629-1735-13a3-e055-000000000001,"Glenfarn, Leitrim",8,11,9,16,11,7,6,5,18,8,0,3,102
Sligo-Leitrim,2ae19629-1736-13a3-e055-000000000001,"Gortermone, Leitrim",3,23,36,54,13,23,14,12,25,8,0,5,216
Sligo-Leitrim,2ae19629-1737-13a3-e055-000000000001,"Gortnagullion, Leitrim",8,10,41,34,23,11,11,19,27,16,2,17,219
Sligo-Leitrim,2ae19629-1725-13a3-e055-000000000001,"Gowel, Leitrim",6,18,43,47,16,20,18,22,24,16,0,8,238
Sligo-Leitrim,a74249fa-0039-4f59-ad83-53fe986ff7bf,"Greaghglass/Stralongford, Leitrim",9,16,51,53,25,22,22,16,23,13,1,3,254
Sligo-Leitrim,2ae19629-1727-13a3-e055-000000000001,"Gubacreeny, Leitrim",17,45,93,100,39,32,30,44,68,46,5,13,532
Sligo-Leitrim,2ae19629-1728-13a3-e055-000000000001,"Keeldra, Leitrim",3,11,27,35,15,8,10,10,12,12,0,1,144
Sligo-Leitrim,2ae19629-1729-13a3-e055-000000000001,"Keshcarrigan, Leitrim",15,20,45,75,33,31,26,27,57,23,1,42,395
Sligo-Leitrim,2ae19629-172a-13a3-e055-000000000001,"Killanummery, Leitrim",10,16,65,44,23,17,10,16,31,21,3,7,263
Sligo-Leitrim,2ae19629-1739-13a3-e055-000000000001,"Killygar, Leitrim",9,11,14,19,11,9,8,5,5,4,0,0,95
Sligo-Leitrim,2ae19629-173a-13a3-e055-000000000001,"Kiltubbrid, Leitrim",3,6,21,23,5,11,11,12,12,12,1,0,117
Sligo-Leitrim,2ae19629-1742-13a3-e055-000000000001,"Kiltyclogher, Leitrim",12,26,18,21,20,14,9,15,17,6,0,22,180
Sligo-Leitrim,2ae19629-1743-13a3-e055-000000000001,"Kinlough, Leitrim",28,38,102,131,51,33,55,66,62,49,3,22,640
Sligo-Leitrim,2ae19629-1744-13a3-e055-000000000001,"Leitrim, Leitrim",18,40,84,146,64,63,54,98,139,128,5,38,877
Sligo-Leitrim,2ae19629-1745-13a3-e055-000000000001,"Lisgillock, Leitrim",8,17,23,23,12,10,6,17,19,11,0,2,148
Sligo-Leitrim,2ae19629-1746-13a3-e055-000000000001,"Lurganboy, Leitrim",6,25,42,68,25,15,19,27,33,35,0,6,301
Sligo-Leitrim,2ae19629-1747-13a3-e055-000000000001,"Mahanagh, Leitrim",10,15,42,33,17,23,14,16,16,11,1,15,213
Sligo-Leitrim,2ae19629-1748-13a3-e055-000000000001,"Manorhamilton, Leitrim",36,113,200,226,116,75,104,122,152,137,8,94,1383
Sligo-Leitrim,2ae19629-1749-13a3-e055-000000000001,"Melvin/Aghavoghil, Leitrim",14,12,21,26,12,9,17,18,18,12,1,5,165
Sligo-Leitrim,2ae19629-174a-13a3-e055-000000000001,"Moher, Leitrim",4,15,29,32,17,9,12,8,13,9,2,5,155
Sligo-Leitrim,2ae19629-174b-13a3-e055-000000000001,"Mohill, Leitrim",37,119,151,180,79,56,46,73,82,48,1,33,905
Sligo-Leitrim,2ae19629-174c-13a3-e055-000000000001,"Munakill, Leitrim",4,10,15,29,7,11,6,10,13,7,1,9,122
Sligo-Leitrim,2ae19629-174d-13a3-e055-000000000001,"Newtowngore, Leitrim",4,19,33,34,23,21,14,13,21,10,1,1,194
Sligo-Leitrim,2ae19629-173b-13a3-e055-000000000001,"Oughteragh, Leitrim",8,11,9,17,4,5,3,6,6,3,1,1,74
Sligo-Leitrim,2ae19629-173c-13a3-e055-000000000001,"Rinn, Leitrim",7,23,48,52,34,25,20,31,43,32,2,23,340
Sligo-Leitrim,2ae19629-173d-13a3-e055-000000000001,"Riverstown, Leitrim",5,17,32,24,20,13,7,13,21,10,1,13,176
Sligo-Leitrim,2ae19629-173e-13a3-e055-000000000001,"Roosky, Leitrim",14,27,79,95,45,44,25,56,78,41,2,35,541
Sligo-Leitrim,2ae19629-173f-13a3-e055-000000000001,"Rowan, Leitrim",10,16,29,35,10,14,11,13,17,18,0,7,180
Sligo-Leitrim,2ae19629-1740-13a3-e055-000000000001,"Sramore, Leitrim",1,30,36,36,21,18,8,18,38,43,6,9,264
Sligo-Leitrim,2ae19629-1741-13a3-e055-000000000001,"St. Patrick's, Leitrim",9,7,20,19,10,6,3,8,9,6,3,1,101
Sligo-Leitrim,2ae19629-1755-13a3-e055-000000000001,"Tullaghan, Leitrim",14,35,55,87,45,34,38,57,76,51,5,31,528
Sligo-Leitrim,2ae19629-1756-13a3-e055-000000000001,"Yugan, Leitrim",12,21,30,33,11,11,12,15,15,15,3,12,190
Mayo,2ae19629-193a-13a3-e055-000000000001,"Acaill, Maigh Eo",15,125,105,116,53,36,30,58,51,37,3,5,634
Mayo,2ae19629-1944-13a3-e055-000000000001,"Addergoole, Mayo",17,79,93,125,43,47,43,37,81,49,5,15,634
Mayo,2ae19629-1945-13a3-e055-000000000001,"Aghagower North, Mayo",15,40,95,156,57,38,38,66,85,63,4,16,673
Mayo,2ae19629-1951-13a3-e055-000000000001,"Aghagower South, Mayo",12,11,12,20,5,7,2,6,8,4,0,6,93
Mayo,2ae19629-1952-13a3-e055-000000000001,"Aghamore, Mayo",13,70,75,120,27,31,23,31,48,32,3,12,485
Mayo,2ae19629-1953-13a3-e055-000000000001,"Aillemore, Mayo",12,41,36,35,23,21,13,31,33,21,5,4,275
Mayo,2ae19629-1954-13a3-e055-000000000001,"An Geata Mór Theas, Mayo",43,101,127,111,32,32,25,39,60,26,1,23,620
Mayo,2ae19629-1955-13a3-e055-000000000001,"An Geata Mór Thuaidh, Mayo",35,89,123,128,65,46,23,41,64,33,1,22,670
Mayo,2ae19629-195f-13a3-e055-000000000001,"Ardagh, Mayo",5,27,39,63,17,14,15,19,23,10,0,5,237
Mayo,2ae19629-1960-13a3-e055-000000000001,"Ardnaree North, Mayo",17,47,82,145,43,34,49,60,72,74,5,16,644
Mayo,2ae19629-1961-13a3-e055-000000000001,"Ardnaree South Rural, Mayo",48,99,214,455,129,122,142,174,275,213,9,53,1933
Mayo,2ae19629-18bc-13a3-e055-000000000001,"Ardnaree South Urban, Mayo",96,189,309,462,126,67,61,88,133,73,5,52,1661
Mayo,2ae19629-196a-13a3-e055-000000000001,"Attymass East, Mayo",22,28,40,55,20,21,14,20,31,12,0,9,272
Mayo,2ae19629-196b-13a3-e055-000000000001,"Attymass West, Mayo",3,28,30,45,18,10,12,11,18,11,2,7,195
Mayo,2ae19629-1974-13a3-e055-000000000001,"Balla, Mayo",22,75,134,295,83,85,75,98,139,97,4,27,1134
Mayo,2ae19629-1975-13a3-e055-000000000001,"Ballina Rural, Mayo",55,150,300,504,143,136,96,182,253,147,5,39,2010
Mayo,2ae19629-1976-13a3-e055-000000000001,"Ballina Urban, Mayo",175,338,459,710,223,137,116,213,225,160,11,115,2882
Mayo,2ae19629-197f-13a3-e055-000000000001,"Ballinafad, Mayo",9,34,62,86,32,41,16,39,47,24,5,13,408
Mayo,2ae19629-1980-13a3-e055-000000000001,"Ballinamore, Mayo",13,36,41,49,20,16,11,21,25,15,1,6,254
Mayo,2ae19629-1981-13a3-e055-000000000001,"Baile an Chalaidh, Maigh Eo",16,28,25,23,8,10,5,18,14,12,0,6,165
Mayo,2ae19629-18ca-13a3-e055-000000000001,"Ballindine, Mayo",19,56,94,137,39,29,34,56,77,53,5,32,631
Mayo,2ae19629-18cb-13a3-e055-000000000001,"Ballinrobe, Mayo",57,163,274,539,232,165,152,174,279,218,14,293,2560
Mayo,2ae19629-18cc-13a3-e055-000000000001,"Ballycastle, Mayo",19,68,68,102,29,29,14,25,40,21,0,20,435
Mayo,2ae19629-18cd-13a3-e055-000000000001,"Ballycroy North, Mayo",18,54,34,35,8,2,15,10,16,11,1,6,210
Mayo,2ae19629-18ce-13a3-e055-000000000001,"Ballycroy South, Mayo",12,52,38,48,8,12,16,12,28,7,2,8,243
Mayo,2ae19629-18d8-13a3-e055-000000000001,"Ballyhaunis, Mayo",87,162,273,471,201,111,75,137,142,115,7,239,2020
Mayo,2ae19629-18d9-13a3-e055-000000000001,"Ballyhean, Mayo",17,37,67,66,30,37,23,46,59,33,1,10,426
Mayo,2ae19629-18e5-13a3-e055-000000000001,"Ballyhowly, Mayo",7,30,36,86,29,22,19,27,51,24,3,12,346
Mayo,2ae19629-18e6-13a3-e055-000000000001,"Ballynagoraher, Mayo",16,34,53,50,15,15,9,13,28,17,0,5,255
Mayo,2ae19629-18f0-13a3-e055-000000000001,"Baile Óbha, Maigh Eo",5,29,17,30,8,14,5,14,16,15,1,12,166
Mayo,2ae19629-18f1-13a3-e055-000000000001,"Ballysakeery, Mayo",11,54,65,95,33,26,28,35,37,36,1,15,436
Mayo,2ae19629-18fb-13a3-e055-000000000001,"Bangor, Mayo",20,60,62,86,30,16,16,16,35,14,1,13,369
Mayo,2ae19629-18fc-13a3-e055-000000000001,"Barr Rúscaí, Maigh Eo",2,16,19,12,4,5,3,4,6,3,0,5,79
Mayo,2ae19629-1908-13a3-e055-000000000001,"Bekan, Mayo",19,48,95,123,58,26,20,34,49,29,1,13,515
Mayo,2ae19629-1909-13a3-e055-000000000001,"Béal Deirg Mór, Maigh Eo",3,26,25,32,10,2,7,2,9,6,0,6,128
Mayo,2ae19629-190a-13a3-e055-000000000001,"Bellavary, Mayo",24,70,114,136,47,41,51,68,82,75,4,28,740
Mayo,2ae19629-190b-13a3-e055-000000000001,"Béal an Mhuirthead, Maigh Eo",45,197,238,335,112,87,66,106,139,82,4,70,1481
Mayo,2ae19629-190c-13a3-e055-000000000001,"Bohola, Mayo",12,15,33,56,16,12,7,17,32,13,2,6,221
Mayo,2ae19629-1914-13a3-e055-000000000001,"Brackloon, Mayo",22,58,65,99,43,28,27,28,40,24,2,19,455
Mayo,2ae19629-1915-13a3-e055-000000000001,"Breaghwy, Mayo",26,70,147,267,91,63,91,112,172,141,13,104,1297
Mayo,2ae19629-192d-13a3-e055-000000000001,"Burren, Mayo",6,20,42,47,23,25,17,13,27,14,3,12,249
Mayo,2ae19629-192e-13a3-e055-000000000001,"Burriscarra, Mayo",3,36,48,72,17,24,15,25,37,28,0,9,314
Mayo,2ae19629-193b-13a3-e055-000000000001,"Callow, Mayo",8,30,44,51,24,22,16,27,41,33,2,10,308
Mayo,2ae19629-193c-13a3-e055-000000000001,"An Cheapaigh Dhuibh, Maigh Eo",14,20,39,45,23,10,10,32,27,24,3,11,258
Mayo,2ae19629-1946-13a3-e055-000000000001,"Caraun, Mayo",4,33,38,63,12,14,11,18,25,17,4,5,244
Mayo,2ae19629-1947-13a3-e055-000000000001,"Carrowmore, Mayo",28,44,88,151,45,50,33,40,81,40,3,22,625
Mayo,2ae19629-1948-13a3-e055-000000000001,"Castlebar Rural, Mayo",109,217,580,1044,412,281,305,493,741,629,45,225,5081
Mayo,2ae19629-1949-13a3-e055-000000000001,"Castlebar Urban, Mayo",128,307,566,813,370,206,204,353,550,366,32,639,4534
Mayo,2ae19629-194a-13a3-e055-000000000001,"Clare Island, Mayo",5,31,16,22,7,6,3,7,17,9,3,5,131
Mayo,2ae19629-1956-13a3-e055-000000000001,"Claremorris, Mayo",66,183,382,727,228,154,170,257,378,260,14,264,3083
Mayo,2ae19629-1957-13a3-e055-000000000001,"Clogher, Mayo, 157052",4,38,73,95,31,23,25,35,36,29,2,10,401
Mayo,2ae19629-1958-13a3-e055-000000000001,"Clogher, Mayo, 157053",13,46,90,145,43,43,45,65,77,59,6,17,649
Mayo,2ae19629-1962-13a3-e055-000000000001,"Cloghermore, Mayo",5,6,16,31,9,10,4,6,15,6,0,9,117
Mayo,2ae19629-1963-13a3-e055-000000000001,"Cloonkeen, Mayo",13,33,84,106,51,31,24,54,77,44,5,18,540
Mayo,2ae19629-1964-13a3-e055-000000000001,"Cloonmore, Mayo",23,38,64,75,26,32,10,24,29,22,1,7,351
Mayo,2ae19629-1965-13a3-e055-000000000001,"Cong, Mayo",19,43,72,129,48,49,45,67,93,69,13,21,668
Mayo,2ae19629-196c-13a3-e055-000000000001,"Coolnaha, Mayo",8,37,41,74,32,37,21,29,39,27,2,3,350
Mayo,2ae19629-196d-13a3-e055-000000000001,"Coonard, Mayo",4,26,30,54,15,13,8,12,29,10,1,9,211
Mayo,2ae19629-196e-13a3-e055-000000000001,"Corraun, Mayo",14,90,81,92,49,43,29,46,57,40,0,11,552
Mayo,2ae19629-196f-13a3-e055-000000000001,"Course, Mayo",11,32,52,78,27,18,18,24,27,22,0,11,320
Mayo,2ae19629-1977-13a3-e055-000000000001,"Croaghmoyle, Mayo",1,15,26,21,13,6,11,13,14,15,2,5,142
Mayo,2ae19629-1978-13a3-e055-000000000001,"Croaghpatrick, Mayo",5,20,62,81,34,36,19,53,72,69,6,24,481
Mayo,2ae19629-1979-13a3-e055-000000000001,"Crossboyne, Mayo",3,25,47,99,20,28,19,41,47,45,3,15,392
Mayo,2ae19629-197a-13a3-e055-000000000001,"Crossmolina North, Mayo",28,73,107,156,67,57,49,65,82,59,1,18,762
Mayo,2ae19629-1982-13a3-e055-000000000001,"Crossmolina South, Mayo",19,58,86,117,51,58,35,62,59,58,1,16,620
Mayo,2ae19629-1983-13a3-e055-000000000001,"Cuildoo, Mayo",4,42,43,66,23,8,14,12,29,16,3,9,269
Mayo,2ae19629-18cf-13a3-e055-000000000001,"Culnacleha, Mayo",12,47,61,81,26,15,22,30,36,15,0,5,350
Mayo,2ae19629-18d0-13a3-e055-000000000001,"Dalgan, Mayo",28,75,128,169,61,46,47,58,91,50,8,42,803
Mayo,2ae19629-18d1-13a3-e055-000000000001,"Deel, Mayo",9,43,69,81,20,23,14,21,30,22,2,13,347
Mayo,2ae19629-18d2-13a3-e055-000000000001,"Derry, Mayo",6,24,24,31,10,14,6,12,13,5,1,6,152
Mayo,2ae19629-18d3-13a3-e055-000000000001,"Derryloughan, Mayo",17,46,66,102,38,34,35,46,61,57,13,29,544
Mayo,2ae19629-18da-13a3-e055-000000000001,"Doocastle, Mayo",15,40,55,41,19,24,11,20,32,14,1,13,285
Mayo,2ae19629-18db-13a3-e055-000000000001,"Dumha Éige, Maigh Eo",37,67,60,90,31,22,35,35,35,38,4,12,466
Mayo,2ae19629-18dc-13a3-e055-000000000001,"Drummin, Mayo",4,17,40,18,9,12,6,7,9,3,1,5,131
Mayo,2ae19629-18e7-13a3-e055-000000000001,"Emlagh, Mayo",9,24,28,38,21,14,5,16,33,20,3,24,235
Mayo,2ae19629-18e8-13a3-e055-000000000001,"Erriff, Mayo",0,15,7,14,9,3,7,3,10,5,2,5,80
Mayo,2ae19629-18e9-13a3-e055-000000000001,"Fortland, Mayo",20,34,54,67,31,30,22,28,49,22,0,15,372
Mayo,2ae19629-18f2-13a3-e055-000000000001,"Garrymore, Mayo",10,48,46,67,31,22,9,22,32,15,1,18,321
Mayo,2ae19629-18f3-13a3-e055-000000000001,"Gleann na Muaidhe, Maigh Eo",6,42,34,19,16,9,6,7,8,6,2,8,163
Mayo,2ae19629-18f4-13a3-e055-000000000001,"Gleann Chaisil, Maigh Eo",18,43,72,84,16,19,18,27,24,14,1,15,351
Mayo,2ae19629-18fe-13a3-e055-000000000001,"Glenhest, Mayo",15,24,28,38,11,9,11,13,17,8,2,5,181
Mayo,2ae19629-18ff-13a3-e055-000000000001,"Guala Mhór, Maigh Eo",2,20,17,20,3,7,7,1,10,3,1,7,98
Mayo,2ae19629-190d-13a3-e055-000000000001,"Hollymount, Mayo",25,50,87,128,45,29,23,47,73,38,3,38,586
Mayo,2ae19629-190e-13a3-e055-000000000001,"Houndswood, Mayo",10,55,66,97,18,32,36,36,48,62,4,14,478
Mayo,2ae19629-1916-13a3-e055-000000000001,"Islandeady, Mayo",28,56,129,130,58,44,28,71,102,63,2,27,738
Mayo,2ae19629-1917-13a3-e055-000000000001,"Kilbeagh, Mayo",30,70,105,128,65,53,58,60,99,47,3,21,739
Mayo,2ae19629-1921-13a3-e055-000000000001,"Kilcolman, Mayo",3,33,42,99,19,14,16,29,43,32,0,5,335
Mayo,2ae19629-1922-13a3-e055-000000000001,"Kilcommon, Mayo",10,52,71,127,30,36,25,32,51,26,6,12,478
Mayo,2ae19629-1923-13a3-e055-000000000001,"Kilfian East, Mayo",2,31,19,36,10,16,6,14,14,4,1,5,158
Mayo,2ae19629-1924-13a3-e055-000000000001,"Kilfian South, Mayo",4,29,25,32,14,13,7,10,19,10,2,5,170
Mayo,2ae19629-192f-13a3-e055-000000000001,"Kilfian West, Mayo",4,22,15,19,2,2,4,4,6,2,0,6,86
Mayo,2ae19629-1930-13a3-e055-000000000001,"Kilgarvan, Mayo",22,65,106,130,41,35,47,38,68,34,0,18,604
Mayo,2ae19629-193d-13a3-e055-000000000001,"Kilgeever, Mayo",0,10,15,20,7,8,1,2,5,3,0,6,77
Mayo,2ae19629-193e-13a3-e055-000000000001,"Kilkelly, Mayo",36,63,120,150,63,33,45,33,69,38,2,16,668
Mayo,2ae19629-193f-13a3-e055-000000000001,"Killala, Mayo",26,110,141,241,77,61,46,63,85,50,3,32,935
Mayo,2ae19629-194b-13a3-e055-000000000001,"Killavally, Mayo",9,32,57,65,29,23,21,28,43,31,0,9,347
Mayo,2ae19629-194c-13a3-e055-000000000001,"Killedan, Mayo",23,35,69,129,46,32,37,26,58,25,3,10,493
Mayo,2ae19629-1959-13a3-e055-000000000001,"Kilmaclasser, Mayo",12,42,78,79,39,27,33,36,54,32,4,9,445
Mayo,2ae19629-195a-13a3-e055-000000000001,"Kilmaine, Mayo",25,91,132,149,63,38,32,38,67,42,3,19,699
Mayo,2ae19629-195b-13a3-e055-000000000001,"Kilmeena, Mayo",20,69,134,221,75,65,76,119,143,149,17,31,1119
Mayo,2ae19629-1966-13a3-e055-000000000001,"Kilmovee, Mayo",16,50,88,95,53,25,23,27,46,29,0,14,466
Mayo,2ae19629-1967-13a3-e055-000000000001,"Kilsallagh, Mayo",12,33,51,77,29,25,20,34,53,50,2,10,396
Mayo,2ae19629-1970-13a3-e055-000000000001,"Kiltamagh, Mayo",44,88,146,241,100,64,68,84,146,104,6,44,1135
Mayo,2ae19629-1971-13a3-e055-000000000001,"Kilvine, Mayo",13,56,60,101,41,25,27,24,58,25,0,20,450
Mayo,2ae19629-197b-13a3-e055-000000000001,"Knappagh, Mayo",12,40,71,106,47,32,28,60,65,53,4,25,543
Mayo,2ae19629-197c-13a3-e055-000000000001,"Knock North, Mayo",16,84,76,154,53,50,32,53,64,57,6,28,673
Mayo,2ae19629-1984-13a3-e055-000000000001,"Knock South, Mayo",42,58,67,119,45,38,32,57,72,51,4,23,608
Mayo,2ae19629-1985-13a3-e055-000000000001,"Cnoc an Daimh, Maigh Eo",14,55,32,53,14,11,6,9,14,6,1,16,231
Mayo,2ae19629-1986-13a3-e055-000000000001,"Cnoc na Lobhar, Maigh Eo",56,120,112,107,29,21,18,26,37,10,0,14,550
Mayo,2ae19629-18c5-13a3-e055-000000000001,"Lackan North, Mayo",12,38,47,49,14,14,17,15,26,20,0,5,257
Mayo,2ae19629-18c6-13a3-e055-000000000001,"Lackan South, Mayo",15,44,47,88,25,22,13,19,39,22,1,3,338
Mayo,2ae19629-18d4-13a3-e055-000000000001,"Letterbrick, Mayo",11,26,16,15,7,9,2,5,3,0,0,1,95
Mayo,2ae19629-18d5-13a3-e055-000000000001,"Loughanboy, Mayo",6,25,50,51,24,22,8,16,31,14,1,8,256
Mayo,2ae19629-182d-13a3-e055-000000000001,"Louisburgh, Mayo",15,52,91,149,56,54,56,84,79,76,9,44,765
Mayo,2ae19629-182e-13a3-e055-000000000001,"Manulla, Mayo",8,41,103,151,57,36,46,61,71,54,7,24,659
Mayo,2ae19629-1838-13a3-e055-000000000001,"Mayo, Mayo",16,31,39,81,30,16,16,17,32,18,0,10,306
Mayo,2ae19629-1839-13a3-e055-000000000001,"Meelick, Mayo",16,37,47,83,27,28,26,33,44,29,1,5,376
Mayo,2ae19629-1844-13a3-e055-000000000001,"Mount Falcon, Mayo",23,115,136,243,58,41,41,68,84,54,1,21,885
Mayo,2ae19629-1845-13a3-e055-000000000001,"Moing na Bó, Maigh Eo",18,31,33,32,12,6,4,8,10,12,1,12,179
Mayo,2ae19629-1846-13a3-e055-000000000001,"Na Monga, Maigh Eo",15,33,32,22,7,15,3,8,13,5,0,13,166
Mayo,2ae19629-1850-13a3-e055-000000000001,"Murneen, Mayo",12,33,32,69,19,16,6,28,37,15,2,6,275
Mayo,2ae19629-1851-13a3-e055-000000000001,"Neale, Mayo",17,53,90,116,34,37,38,49,72,42,5,28,581
Mayo,2ae19629-185b-13a3-e055-000000000001,"Newbrook, Mayo",8,45,59,86,30,27,20,32,33,29,3,10,382
Mayo,2ae19629-185c-13a3-e055-000000000001,"Newport East, Mayo",28,76,119,170,76,63,63,84,103,75,7,32,896
Mayo,2ae19629-185d-13a3-e055-000000000001,"Newport West, Mayo",19,57,56,122,53,29,28,55,64,42,2,52,579
Mayo,2ae19629-185e-13a3-e055-000000000001,"Abhainn Bhrain, Maigh Eo",16,28,22,34,7,5,4,13,20,10,1,6,166
Mayo,7d09d455-0fac-4a81-a63b-1b8dbe0d62b1,"Owennadornaun/Bundorragha, Mayo",3,8,14,24,3,9,8,8,13,15,3,1,109
Mayo,2ae19629-1868-13a3-e055-000000000001,"Pontoon, Mayo",8,36,62,67,35,18,23,19,29,24,6,18,345
Mayo,2ae19629-1869-13a3-e055-000000000001,"Partraí, Maigh Eo",13,39,54,53,23,29,30,47,64,44,2,9,407
Mayo,2ae19629-186a-13a3-e055-000000000001,"Cnoc na Ráithe, Maigh Eo",27,104,97,89,32,27,22,24,27,26,2,19,496
Mayo,2ae19629-1875-13a3-e055-000000000001,"Rathoma, Mayo",8,19,28,35,16,9,11,9,19,11,0,7,172
Mayo,2ae19629-1876-13a3-e055-000000000001,"Roslee, Mayo",5,25,49,76,19,17,16,26,30,19,2,6,290
Mayo,2ae19629-1877-13a3-e055-000000000001,"Sallymount, Mayo",10,33,64,68,25,24,24,15,41,28,0,11,343
Mayo,396b71f0-9c69-422b-84df-e2ec984a6b49,"Sheskin/Bunaveela/Glenco, Mayo",8,37,30,20,9,6,4,2,4,5,0,2,127
Mayo,2ae19629-1881-13a3-e055-000000000001,"Shrule, Mayo",22,71,101,158,52,41,46,76,94,96,10,24,791
Mayo,2ae19629-188b-13a3-e055-000000000001,"Slievemahanagh, Mayo",16,41,43,61,22,26,17,34,42,27,1,7,337
Mayo,2ae19629-188c-13a3-e055-000000000001,"Slievemore, Mayo",42,112,107,135,63,53,46,69,72,61,5,14,779
Mayo,2ae19629-188d-13a3-e055-000000000001,"Sonnagh, Mayo",36,128,139,179,79,51,49,74,85,47,2,33,902
Mayo,2ae19629-188e-13a3-e055-000000000001,"Sraheen, Mayo",36,90,120,197,57,45,41,62,75,66,7,44,840
Mayo,2ae19629-1898-13a3-e055-000000000001,"Srahmore, Mayo",10,8,12,11,3,8,2,12,13,10,3,17,109
Mayo,2ae19629-1899-13a3-e055-000000000001,"Strade, Mayo",18,56,70,95,23,34,25,39,45,30,1,19,455
Mayo,2ae19629-189a-13a3-e055-000000000001,"Swineford, Mayo",106,177,286,412,139,98,84,155,162,147,6,73,1845
Mayo,2ae19629-189b-13a3-e055-000000000001,"Tagheen, Mayo",4,14,12,30,8,14,8,5,16,6,0,22,139
Mayo,2ae19629-18a3-13a3-e055-000000000001,"Tamhnaigh na Graí, Maigh Eo",6,35,40,47,12,22,20,22,24,24,1,6,259
Mayo,2ae19629-18a4-13a3-e055-000000000001,"Toocananagh, Mayo",11,21,46,79,19,12,14,23,30,30,1,5,291
Mayo,2ae19629-18a5-13a3-e055-000000000001,"Toomore, Mayo",55,105,161,269,100,60,65,115,148,93,9,65,1245
Mayo,2ae19629-18af-13a3-e055-000000000001,"Tumgesh, Mayo",13,31,41,63,12,12,10,15,28,8,0,9,242
Mayo,2ae19629-18b0-13a3-e055-000000000001,"Turlough, Mayo",23,68,137,208,76,65,50,89,177,111,8,40,1052
Mayo,2ae19629-18b1-13a3-e055-000000000001,"Urlaur, Mayo",24,50,69,82,33,20,28,28,38,25,3,5,405
Mayo,2ae19629-18ba-13a3-e055-000000000001,"Westport Rural, Mayo",15,67,126,239,64,71,72,102,216,179,10,35,1196
Mayo,2ae19629-18bb-13a3-e055-000000000001,"Westport Urban, Mayo",112,286,453,850,330,228,292,389,574,525,50,266,4355
Roscommon-Galway,2ae19629-1a86-13a3-e055-000000000001,"Aghafin, Roscommon",1,14,15,18,6,11,9,5,8,5,0,3,95
Roscommon-Galway,2ae19629-1a92-13a3-e055-000000000001,"Annaghmore, Roscommon",3,24,46,43,23,24,13,13,18,14,1,7,229
Roscommon-Galway,2ae19629-1a93-13a3-e055-000000000001,"Artagh North, Roscommon",35,55,119,102,45,44,44,40,50,35,4,18,591
Roscommon-Galway,2ae19629-1a9c-13a3-e055-000000000001,"Artagh South, Roscommon",11,47,54,75,34,26,20,21,31,14,0,8,341
Roscommon-Galway,2ae19629-1a9d-13a3-e055-000000000001,"Athleague East, Roscommon",12,30,62,69,22,27,20,23,43,28,0,6,342
Roscommon-Galway,2ae19629-1aa7-13a3-e055-000000000001,"Athleague West, Roscommon",19,33,67,98,26,20,29,37,50,21,2,10,412
Roscommon-Galway,2ae19629-1aa8-13a3-e055-000000000001,"Athlone West Rural, Roscommon",66,158,371,691,239,133,226,285,421,327,17,178,3112
Roscommon-Galway,2ae19629-1aa9-13a3-e055-000000000001,"Aughrim East, Roscommon",2,12,23,35,12,10,7,11,22,31,2,3,170
Roscommon-Galway,2ae19629-1ab2-13a3-e055-000000000001,"Aughrim West, Roscommon",0,12,18,27,12,9,7,10,18,3,1,4,121
Roscommon-Galway,2ae19629-1ab3-13a3-e055-000000000001,"Ballaghaderreen, Roscommon",115,192,356,439,201,96,110,139,156,105,11,122,2042
Roscommon-Galway,2ae19629-1abc-13a3-e055-000000000001,"Ballinlough, Roscommon",32,103,106,165,83,46,42,55,75,53,2,51,813
Roscommon-Galway,2ae19629-1abd-13a3-e055-000000000001,"Ballintober, Roscommon",17,50,110,97,41,49,22,45,81,38,3,34,587
Roscommon-Galway,2ae19629-1ac9-13a3-e055-000000000001,"Ballydangan, Roscommon",13,33,87,100,43,39,31,33,71,44,1,21,516
Roscommon-Galway,2ae19629-1aca-13a3-e055-000000000001,"Ballyfarnan, Roscommon",10,21,39,35,13,12,12,16,12,8,1,14,193
Roscommon-Galway,2ae19629-1acb-13a3-e055-000000000001,"Ballyformoyle, Roscommon",2,11,17,35,10,12,11,13,10,7,1,4,133
Roscommon-Galway,2ae19629-1ad5-13a3-e055-000000000001,"Ballygarden, Roscommon",6,18,22,26,11,10,10,16,15,11,2,7,154
Roscommon-Galway,2ae19629-1ad6-13a3-e055-000000000001,"Ballynamona, Roscommon",12,13,58,75,28,29,14,28,35,43,5,25,365
Roscommon-Galway,2ae19629-1ad7-13a3-e055-000000000001,"Baslick, Roscommon",1,15,12,29,7,8,7,8,7,4,2,5,105
Roscommon-Galway,2ae19629-1ae2-13a3-e055-000000000001,"Bellanagare, Roscommon",22,46,91,118,29,23,31,26,43,28,2,25,484
Roscommon-Galway,2ae19629-1ae3-13a3-e055-000000000001,"Boyle Rural, Roscommon",23,83,179,245,98,64,67,115,150,116,7,28,1175
Roscommon-Galway,2ae19629-1ae4-13a3-e055-000000000001,"Boyle Urban, Roscommon",53,131,194,228,113,47,58,79,87,71,9,90,1160
Roscommon-Galway,2ae19629-1ae5-13a3-e055-000000000001,"Breedoge, Roscommon",8,31,26,38,22,9,9,11,18,9,0,4,185
Roscommon-Galway,2ae19629-1aef-13a3-e055-000000000001,"Buckill, Roscommon",8,26,48,70,15,15,14,18,22,18,0,15,269
Roscommon-Galway,2ae19629-1af0-13a3-e055-000000000001,"Bumlin, Roscommon",14,31,57,66,16,30,27,34,36,18,2,10,341
Roscommon-Galway,2ae19629-1af1-13a3-e055-000000000001,"Caltragh, Roscommon",8,17,30,37,3,15,9,11,30,14,0,4,178
Roscommon-Galway,2ae19629-1afc-13a3-e055-000000000001,"Cams, Roscommon",8,35,57,82,31,24,15,30,49,26,0,11,368
Roscommon-Galway,2ae19629-1afd-13a3-e055-000000000001,"Carnagh, Roscommon",4,27,69,118,35,37,35,51,100,62,6,15,559
Roscommon-Galway,2ae19629-1afe-13a3-e055-000000000001,"Carrowduff, Roscommon",4,12,23,26,15,10,12,9,19,7,0,11,148
Roscommon-Galway,2ae19629-1a39-13a3-e055-000000000001,"Carrowreagh, Roscommon",5,37,66,72,27,26,28,26,36,40,2,2,367
Roscommon-Galway,2ae19629-1a3a-13a3-e055-000000000001,"Castleplunket, Roscommon",10,32,60,91,41,36,19,15,33,17,2,18,374
Roscommon-Galway,2ae19629-1a3b-13a3-e055-000000000001,"Castlereagh, Roscommon",72,206,323,487,212,92,88,158,166,117,5,388,2314
Roscommon-Galway,2ae19629-1a47-13a3-e055-000000000001,"Castlesampson, Roscommon",3,29,51,67,17,24,14,20,32,22,0,2,281
Roscommon-Galway,2ae19629-1a48-13a3-e055-000000000001,"Castleteheen, Roscommon",9,32,39,53,21,13,14,9,22,16,0,16,244
Roscommon-Galway,2ae19629-1a49-13a3-e055-000000000001,"Cloonburren, Roscommon",3,10,26,35,14,12,9,9,22,16,0,5,161
Roscommon-Galway,2ae19629-1a4a-13a3-e055-000000000001,"Cloonfinlough, Roscommon",3,15,20,33,7,10,11,7,12,9,0,0,127
Roscommon-Galway,2ae19629-19a1-13a3-e055-000000000001,"Cloonfower, Roscommon",15,31,53,60,18,16,10,12,24,18,0,1,258
Roscommon-Galway,2ae19629-19a2-13a3-e055-000000000001,"Cloonown, Roscommon",3,14,27,37,10,9,15,12,24,25,0,7,183
Roscommon-Galway,2ae19629-19a3-13a3-e055-000000000001,"Cloonteen, Roscommon",8,16,29,32,19,19,18,23,18,22,2,14,220
Roscommon-Galway,2ae19629-19ae-13a3-e055-000000000001,"Cloontuskert, Roscommon",21,51,141,195,86,60,57,78,83,61,5,61,899
Roscommon-Galway,2ae19629-19af-13a3-e055-000000000001,"Cloonygormican, Roscommon",11,33,54,53,30,29,27,11,39,18,2,15,322
Roscommon-Galway,2ae19629-19b0-13a3-e055-000000000001,"Cloonyquin, Roscommon",3,10,37,54,10,13,13,10,18,14,1,9,192
Roscommon-Galway,2ae19629-19ba-13a3-e055-000000000001,"Coolougher, Roscommon",16,44,63,90,37,21,16,17,33,15,0,13,365
Roscommon-Galway,2ae19629-19bb-13a3-e055-000000000001,"Crannagh, Roscommon",8,50,111,177,56,61,62,73,129,83,3,8,821
Roscommon-Galway,2ae19629-19c6-13a3-e055-000000000001,"Creagh, Roscommon",9,47,131,164,57,47,51,68,92,47,5,12,730
Roscommon-Galway,2ae19629-19c7-13a3-e055-000000000001,"Creeve, Roscommon, 197046",3,10,14,10,9,9,3,14,15,12,1,0,100
Roscommon-Galway,2ae19629-19c8-13a3-e055-000000000001,"Creeve, Roscommon, 197047",2,14,20,16,9,8,7,11,10,13,0,3,113
Roscommon-Galway,2ae19629-19d1-13a3-e055-000000000001,"Cregga, Roscommon",3,9,19,22,12,10,6,11,15,7,1,1,116
Roscommon-Galway,2ae19629-19d2-13a3-e055-000000000001,"Croghan, Roscommon",5,14,32,47,22,27,18,33,42,24,1,8,273
Roscommon-Galway,2ae19629-19d3-13a3-e055-000000000001,"Crossna, Roscommon",8,8,17,25,13,11,9,14,21,17,0,8,151
Roscommon-Galway,2ae19629-19dc-13a3-e055-000000000001,"Culliagh, Roscommon",4,9,21,29,9,12,13,22,15,10,2,6,152
Roscommon-Galway,2ae19629-19dd-13a3-e055-000000000001,"Danesfort, Roscommon",16,38,68,101,56,34,46,62,91,85,4,33,634
Roscommon-Galway,2ae19629-19de-13a3-e055-000000000001,"Drumdaff, Roscommon",8,18,52,72,21,21,22,31,52,30,1,10,338
Roscommon-Galway,2ae19629-19df-13a3-e055-000000000001,"Drumlosh, Roscommon",2,18,40,51,14,13,15,16,28,24,1,5,227
Roscommon-Galway,2ae19629-19e7-13a3-e055-000000000001,"Dunamon, Roscommon",3,19,34,55,17,20,14,18,29,17,1,3,230
Roscommon-Galway,2ae19629-19e8-13a3-e055-000000000001,"Dysart, Roscommon",1,18,22,49,10,12,10,12,17,9,4,3,167
Roscommon-Galway,2ae19629-19f3-13a3-e055-000000000001,"Edmondstown, Roscommon",14,26,72,67,19,27,19,28,27,12,0,8,319
Roscommon-Galway,2ae19629-19f4-13a3-e055-000000000001,"Elia, Roscommon",4,10,13,21,11,7,6,7,8,5,0,3,95
Roscommon-Galway,2ae19629-19f5-13a3-e055-000000000001,"Elphin, Roscommon",22,39,93,126,51,38,28,37,53,38,1,56,582
Roscommon-Galway,2ae19629-1a00-13a3-e055-000000000001,"Estersnow, Roscommon",2,7,7,14,4,6,4,5,10,5,0,4,68
Roscommon-Galway,2ae19629-1a01-13a3-e055-000000000001,"Fairymount, Roscommon",5,19,52,53,19,22,14,17,23,18,2,9,253
Roscommon-Galway,2ae19629-1a02-13a3-e055-000000000001,"Frenchpark, Roscommon",32,59,128,146,63,47,32,36,52,31,3,41,670
Roscommon-Galway,2ae19629-1a03-13a3-e055-000000000001,"Fuerty, Roscommon",9,36,73,101,41,48,24,48,83,56,2,11,532
Roscommon-Galway,2ae19629-1a0d-13a3-e055-000000000001,"Keadew, Roscommon",13,36,55,67,42,21,31,32,45,37,6,16,401
Roscommon-Galway,2ae19629-1a0e-13a3-e055-000000000001,"Kilbride North, Roscommon",5,28,59,52,21,19,18,28,28,21,2,7,288
Roscommon-Galway,2ae19629-1a0f-13a3-e055-000000000001,"Kilbride South, Roscommon",5,26,42,55,11,20,11,20,41,24,0,9,264
Roscommon-Galway,2ae19629-1a16-13a3-e055-000000000001,"Kilbryan, Roscommon",6,15,29,37,27,17,20,14,43,34,1,11,254
Roscommon-Galway,2ae19629-1a17-13a3-e055-000000000001,"Kilcar, Roscommon",10,27,37,61,15,12,16,21,40,23,2,2,266
Roscommon-Galway,2ae19629-1a23-13a3-e055-000000000001,"Kilgefin, Roscommon",15,17,36,45,18,12,8,16,18,18,2,13,218
Roscommon-Galway,2ae19629-1a24-13a3-e055-000000000001,"Kilglass North, Roscommon",9,29,64,77,40,18,20,25,43,28,4,16,373
Roscommon-Galway,2ae19629-1a25-13a3-e055-000000000001,"Kilglass South, Roscommon",5,23,48,47,15,18,26,14,27,15,2,9,249
Roscommon-Galway,2ae19629-1a2e-13a3-e055-000000000001,"Killavackan, Roscommon",4,15,30,44,12,10,7,11,19,5,0,6,163
Roscommon-Galway,2ae19629-1a2f-13a3-e055-000000000001,"Killukin, Roscommon, 197074",6,13,25,39,15,13,9,15,32,21,3,0,191
Roscommon-Galway,2ae19629-1a30-13a3-e055-000000000001,"Killukin, Roscommon, 197075",9,12,22,32,5,9,9,13,10,9,0,6,136
Roscommon-Galway,2ae19629-1a31-13a3-e055-000000000001,"Killummod, Roscommon",0,10,14,13,5,3,7,11,8,9,1,10,91
Roscommon-Galway,2ae19629-1990-13a3-e055-000000000001,"Kilmacumsy/Kilcolagh, Roscommon",14,21,44,79,26,24,14,43,29,22,1,13,330
Roscommon-Galway,2ae19629-1991-13a3-e055-000000000001,"Kilmore, Roscommon",5,11,23,18,9,12,8,14,13,13,0,7,133
Roscommon-Galway,2ae19629-1992-13a3-e055-000000000001,"Kilteevan, Roscommon",9,22,46,64,23,29,18,34,58,50,4,16,373
Roscommon-Galway,2ae19629-199a-13a3-e055-000000000001,"Kiltoom, Roscommon",12,46,136,238,70,63,66,124,188,206,13,20,1182
Roscommon-Galway,2ae19629-199b-13a3-e055-000000000001,"Kiltullagh, Roscommon",44,91,142,164,53,56,34,71,64,34,2,25,780
Roscommon-Galway,2ae19629-199c-13a3-e055-000000000001,"Lackan, Roscommon",4,17,19,56,16,18,15,30,37,22,1,5,240
Roscommon-Galway,2ae19629-19a4-13a3-e055-000000000001,"Lecarrow, Roscommon",6,12,40,27,16,19,16,23,35,30,4,3,231
Roscommon-Galway,869b3460-81b8-43ea-b965-9e0df9601878,"Lisgarve/Mantua, Roscommon",6,16,28,31,17,5,10,15,8,7,0,7,150
Roscommon-Galway,2ae19629-19a6-13a3-e055-000000000001,"Lismaha, Roscommon",6,31,41,57,22,14,10,14,44,19,0,4,262
Roscommon-Galway,2ae19629-19a7-13a3-e055-000000000001,"Lissonuffy, Roscommon",5,9,28,33,11,9,5,7,9,6,1,6,129
Roscommon-Galway,922546d5-3ff0-4121-bfc2-ddab853e004a,"Lough Allen/Altagowlan, Roscommon",3,45,42,43,21,15,12,13,11,18,2,2,227
Roscommon-Galway,2ae19629-19b2-13a3-e055-000000000001,"Loughglinn, Roscommon",39,56,98,115,47,47,25,21,59,25,1,35,568
Roscommon-Galway,2ae19629-19bc-13a3-e055-000000000001,"Moore, Roscommon",10,25,31,43,7,18,14,18,25,13,2,1,207
Roscommon-Galway,2ae19629-19bd-13a3-e055-000000000001,"Mote, Roscommon",6,39,71,132,41,30,48,56,94,77,4,20,618
Roscommon-Galway,2ae19629-19be-13a3-e055-000000000001,"Oakport, Roscommon",5,7,19,63,29,23,25,34,62,43,6,8,324
Roscommon-Galway,2ae19629-19bf-13a3-e055-000000000001,"Ogulla, Roscommon",7,32,42,57,15,16,16,18,34,20,2,12,271
Roscommon-Galway,2ae19629-19c9-13a3-e055-000000000001,"Rockhill, Roscommon",4,21,38,38,19,16,18,27,50,41,2,13,287
Roscommon-Galway,2ae19629-19ca-13a3-e055-000000000001,"Rockingham, Roscommon",6,17,35,44,25,20,15,23,30,24,3,6,248
Roscommon-Galway,2ae19629-19cb-13a3-e055-000000000001,"Roosky, Roscommon",21,43,72,104,60,43,24,43,54,23,3,50,540
Roscommon-Galway,2ae19629-19d4-13a3-e055-000000000001,"Roscommon Rural, Roscommon",86,218,423,716,267,177,184,312,416,376,28,231,3434
Roscommon-Galway,2ae19629-19d5-13a3-e055-000000000001,"Roscommon Urban, Roscommon",53,105,190,294,123,63,58,107,96,75,7,97,1268
Roscommon-Galway,2ae19629-19d6-13a3-e055-000000000001,"Rosmoylan, Roscommon",7,16,10,28,8,13,16,25,6,16,1,6,152
Roscommon-Galway,2ae19629-19d7-13a3-e055-000000000001,"Rossmore, Roscommon",8,10,27,24,8,6,10,5,11,2,0,9,120
Roscommon-Galway,2ae19629-19e0-13a3-e055-000000000001,"Rushfield, Roscommon",5,17,35,57,25,28,25,20,33,29,3,7,284
Roscommon-Galway,2ae19629-19e1-13a3-e055-000000000001,"Scregg, Roscommon",5,27,42,69,20,35,23,25,52,42,1,17,358
Roscommon-Galway,2ae19629-19e2-13a3-e055-000000000001,"Strokestown, Roscommon",26,81,124,182,70,65,64,57,77,61,3,46,856
Roscommon-Galway,2ae19629-19e9-13a3-e055-000000000001,"Taghboy, Roscommon",20,52,51,63,27,21,13,25,38,25,1,12,348
Roscommon-Galway,2ae19629-19ea-13a3-e055-000000000001,"Taghmaconnell, Roscommon",2,24,35,31,12,11,13,16,37,13,2,4,200
Roscommon-Galway,2ae19629-19eb-13a3-e055-000000000001,"Termonbarry, Roscommon",19,44,83,111,38,40,53,62,108,63,4,18,643
Roscommon-Galway,2ae19629-19ec-13a3-e055-000000000001,"Thomastown, Roscommon",9,23,103,107,33,39,44,55,70,44,2,8,537
Roscommon-Galway,2ae19629-19f6-13a3-e055-000000000001,"Tivannagh, Roscommon",7,12,22,47,18,16,13,12,22,23,1,1,194
Roscommon-Galway,2ae19629-19f7-13a3-e055-000000000001,"Tulsk, Roscommon",10,16,45,42,17,14,13,22,21,11,2,4,217
Roscommon-Galway,2ae19629-19f8-13a3-e055-000000000001,"Tumna North, Roscommon",1,13,21,19,10,9,10,12,10,14,1,6,126
Roscommon-Galway,2ae19629-1a04-13a3-e055-000000000001,"Tumna South, Roscommon",3,11,19,34,8,6,9,13,19,14,3,4,143
Roscommon-Galway,2ae19629-1a05-13a3-e055-000000000001,"Turrock, Roscommon",9,23,41,51,13,14,14,13,31,15,1,3,228
Sligo-Leitrim,2ae19629-1a06-13a3-e055-000000000001,"Achonry East, Sligo",5,28,54,88,37,42,19,25,24,19,1,4,346
Sligo-Leitrim,2ae19629-1a07-13a3-e055-000000000001,"Achonry West, Sligo",8,59,77,123,36,44,29,51,54,51,2,12,546
Sligo-Leitrim,2ae19629-1a10-13a3-e055-000000000001,"Aclare, Sligo",1,35,22,24,13,17,10,15,20,15,2,4,178
Sligo-Leitrim,2ae19629-1a11-13a3-e055-000000000001,"Aghanagh, Sligo",1,19,33,58,14,27,14,27,28,22,4,4,251
Sligo-Leitrim,2ae19629-1a19-13a3-e055-000000000001,"Annagh, Sligo",0,18,16,21,12,6,11,17,24,12,1,1,139
Sligo-Leitrim,2ae19629-1a1a-13a3-e055-000000000001,"Aughris, Sligo",2,18,18,26,7,9,6,3,8,12,1,8,118
Sligo-Leitrim,2ae19629-1a1b-13a3-e055-000000000001,"Ballintogher East, Sligo",10,30,63,92,40,36,25,35,54,33,4,9,431
Sligo-Leitrim,2ae19629-1a26-13a3-e055-000000000001,"Ballintogher West, Sligo",6,17,49,59,22,19,23,23,40,32,3,25,318
Sligo-Leitrim,2ae19629-1a27-13a3-e055-000000000001,"Ballymote, Sligo",27,114,205,348,137,85,103,134,134,112,8,100,1507
Sligo-Leitrim,2ae19629-1a28-13a3-e055-000000000001,"Ballynakill, Sligo",8,28,45,77,31,23,19,23,26,18,6,9,313
Sligo-Leitrim,2ae19629-1a32-13a3-e055-000000000001,"Ballynashee, Sligo",4,12,43,45,28,23,21,30,26,11,2,12,257
Sligo-Leitrim,2ae19629-1a33-13a3-e055-000000000001,"Ballysadare East, Sligo",9,48,115,220,79,61,57,90,124,98,9,59,969
Sligo-Leitrim,2ae19629-1a34-13a3-e055-000000000001,"Ballysadare West, Sligo",3,24,33,50,28,18,23,20,31,25,2,9,266
Sligo-Leitrim,2ae19629-1987-13a3-e055-000000000001,"Banada, Sligo",10,47,67,67,41,41,23,33,52,31,1,24,437
Sligo-Leitrim,2ae19629-19b5-13a3-e055-000000000001,"Branchfield/Carrownaskeagh, Sligo",0,13,23,16,12,6,10,12,7,11,0,6,116
Sligo-Leitrim,2ae19629-1989-13a3-e055-000000000001,"Breencorragh, Sligo",2,11,19,14,7,4,6,6,5,5,0,12,91
Sligo-Leitrim,2ae19629-198a-13a3-e055-000000000001,"Bricklieve, Sligo",2,14,29,31,12,15,6,12,9,14,1,8,153
Sligo-Leitrim,2ae19629-19a8-13a3-e055-000000000001,"Buncrowey, Sligo",10,25,45,44,12,12,8,14,21,11,0,12,214
Sligo-Leitrim,2ae19629-19a9-13a3-e055-000000000001,"Calry, Sligo",15,65,148,182,67,76,71,147,204,186,25,32,1218
Sligo-Leitrim,2ae19629-19aa-13a3-e055-000000000001,"Carney, Sligo",8,29,66,75,42,34,38,45,65,58,7,11,478
Sligo-Leitrim,2ae19629-19b4-13a3-e055-000000000001,"Carrickbanagher, Sligo",13,37,79,104,51,44,26,29,55,30,2,11,481
Sligo-Leitrim,2ae19629-19b6-13a3-e055-000000000001,"Cartron, Sligo",1,13,21,29,5,4,9,8,10,10,0,0,110
Sligo-Leitrim,2ae19629-19c0-13a3-e055-000000000001,"Castleconor East, Sligo",0,27,28,46,8,15,7,13,10,8,0,1,163
Sligo-Leitrim,2ae19629-19c1-13a3-e055-000000000001,"Castleconor West, Sligo",7,53,107,171,40,62,35,76,94,72,4,13,734
Sligo-Leitrim,2ae19629-19cc-13a3-e055-000000000001,"Cliffony North, Sligo",9,41,120,124,56,46,33,76,103,77,9,29,723
Sligo-Leitrim,2ae19629-19cd-13a3-e055-000000000001,"Cliffony South, Sligo",4,25,63,77,33,34,30,45,38,43,5,34,431
Sligo-Leitrim,2ae19629-19ce-13a3-e055-000000000001,"Cloonacool, Sligo",3,17,39,31,22,14,14,17,21,17,0,12,207
Sligo-Leitrim,2ae19629-19d8-13a3-e055-000000000001,"Cloonoghill, Sligo",2,24,32,43,16,16,16,14,29,12,3,6,213
Sligo-Leitrim,2ae19629-19d9-13a3-e055-000000000001,"Collooney, Sligo",32,111,217,376,150,108,125,183,326,192,21,95,1936
Sligo-Leitrim,2ae19629-19e3-13a3-e055-000000000001,"Coolaney, Sligo",12,41,112,165,91,64,71,84,147,94,12,27,920
Sligo-Leitrim,2ae19629-19e4-13a3-e055-000000000001,"Coolavin, Sligo",8,27,49,63,22,35,19,27,41,22,0,10,323
Sligo-Leitrim,2ae19629-19ed-13a3-e055-000000000001,"Cuilmore, Sligo",5,42,73,89,37,32,23,22,36,19,1,8,387
Sligo-Leitrim,2ae19629-19ee-13a3-e055-000000000001,"Dromard East, Sligo",1,6,22,24,12,10,4,7,26,15,1,4,132
Sligo-Leitrim,2ae19629-19ef-13a3-e055-000000000001,"Dromard West, Sligo",1,12,15,32,10,13,9,16,17,12,1,1,139
Sligo-Leitrim,2ae19629-19f9-13a3-e055-000000000001,"Dromore, Sligo",6,32,58,67,43,21,23,26,36,22,2,18,354
Sligo-Leitrim,2ae19629-19fa-13a3-e055-000000000001,"Drumcliff East, Sligo",3,40,55,92,37,32,38,65,93,87,13,7,562
Sligo-Leitrim,2ae19629-1a08-13a3-e055-000000000001,"Drumcliff West, Sligo",6,59,88,217,58,36,95,162,241,253,35,38,1288
Sligo-Leitrim,2ae19629-1a09-13a3-e055-000000000001,"Drumcolumb, Sligo",9,18,46,31,22,17,12,11,22,10,2,4,204
Sligo-Leitrim,2ae19629-1a0a-13a3-e055-000000000001,"Drumfin, Sligo",9,15,36,64,19,24,18,22,34,26,5,14,286
Sligo-Leitrim,2ae19629-1a12-13a3-e055-000000000001,"Drumrat, Sligo",9,48,57,82,25,24,19,25,35,28,1,8,361
Sligo-Leitrim,2ae19629-1a13-13a3-e055-000000000001,"Easky East, Sligo",15,60,76,77,37,28,22,34,29,32,2,23,435
Sligo-Leitrim,2ae19629-1a1c-13a3-e055-000000000001,"Easky West, Sligo",18,46,73,111,36,35,21,33,54,44,2,16,489
Sligo-Leitrim,2ae19629-1a1d-13a3-e055-000000000001,"Glencar, Sligo",0,3,11,29,9,12,12,24,23,31,8,6,168
Sligo-Leitrim,2ae19629-1a1e-13a3-e055-000000000001,"Glendarragh, Sligo",0,17,20,23,13,12,8,13,13,15,1,19,154
Sligo-Leitrim,2ae19629-1a1f-13a3-e055-000000000001,"Kilfree, Sligo",2,41,77,86,43,17,16,22,35,32,2,8,381
Sligo-Leitrim,2ae19629-1a29-13a3-e055-000000000001,"Kilglass, Sligo",25,97,162,317,87,79,65,107,151,107,12,26,1235
Sligo-Leitrim,2ae19629-1a2a-13a3-e055-000000000001,"Killadoon, Sligo",7,20,28,41,16,15,15,18,22,14,3,8,207
Sligo-Leitrim,2ae19629-1a35-13a3-e055-000000000001,"Killaraght, Sligo",5,27,66,50,21,18,30,29,36,23,2,16,323
Sligo-Leitrim,2ae19629-1a36-13a3-e055-000000000001,"Kilmacowen, Sligo",29,89,184,285,109,94,105,153,240,218,22,68,1596
Sligo-Leitrim,2ae19629-198b-13a3-e055-000000000001,"Kilmacteige, Sligo",0,22,24,31,12,20,13,12,13,9,1,2,159
Sligo-Leitrim,2ae19629-198c-13a3-e055-000000000001,"Kilmactranny, Sligo",4,17,35,57,9,27,9,21,37,16,3,12,247
Sligo-Leitrim,2ae19629-1993-13a3-e055-000000000001,"Kilshalvy, Sligo",5,22,39,25,15,20,15,12,25,19,2,6,205
Sligo-Leitrim,2ae19629-1994-13a3-e055-000000000001,"Kilturra, Sligo",3,14,24,27,21,12,11,9,15,10,1,2,149
Sligo-Leitrim,2ae19629-199d-13a3-e055-000000000001,"Knockaree, Sligo",31,107,262,416,159,128,151,284,499,520,65,149,2771
Sligo-Leitrim,2ae19629-199e-13a3-e055-000000000001,"Lakeview, Sligo",5,30,56,62,27,24,21,32,28,23,2,18,328
Sligo-Leitrim,2ae19629-1995-13a3-e055-000000000001,"Leitrim, Sligo",6,27,39,42,25,13,21,24,31,23,0,3,254
Sligo-Leitrim,2ae19629-1996-13a3-e055-000000000001,"Lisconny, Sligo",19,15,37,56,16,14,16,18,38,14,2,15,260
Sligo-Leitrim,2ae19629-1997-13a3-e055-000000000001,"Lissadill East, Sligo",10,19,71,72,53,30,40,53,87,82,9,5,531
Sligo-Leitrim,2ae19629-199f-13a3-e055-000000000001,"Lissadill North, Sligo",20,32,136,160,71,61,61,92,139,140,13,30,955
Sligo-Leitrim,2ae19629-19a0-13a3-e055-000000000001,"Lissadill West, Sligo",10,33,69,77,39,26,21,48,47,47,10,19,446
Sligo-Leitrim,759f966a-c2c8-4bea-a71d-5e9c2d452553,"Loughil, Sligo",0,1,10,11,4,5,5,3,7,7,0,3,56
Sligo-Leitrim,2ae19629-19ad-13a3-e055-000000000001,"Owenmore, Sligo",2,11,14,12,8,5,4,4,8,4,0,3,75
Sligo-Leitrim,2ae19629-19b7-13a3-e055-000000000001,"Rathmacurkey, Sligo",4,72,70,103,20,25,16,20,42,21,2,7,402
Sligo-Leitrim,2ae19629-19b8-13a3-e055-000000000001,"Riverstown, Sligo",11,47,71,106,38,35,40,38,42,47,3,15,493
Sligo-Leitrim,2ae19629-19b9-13a3-e055-000000000001,"Rossinver East, Sligo",4,12,27,19,11,7,9,14,13,11,1,9,137
Sligo-Leitrim,2ae19629-19c2-13a3-e055-000000000001,"Rossinver West, Sligo",6,5,27,33,12,13,8,13,20,20,2,1,160
Sligo-Leitrim,2ae19629-19c3-13a3-e055-000000000001,"Shancough, Sligo",1,9,13,22,11,6,5,2,10,11,0,2,92
Sligo-Leitrim,2ae19629-19c4-13a3-e055-000000000001,"Skreen, Sligo",2,10,7,26,15,10,4,8,18,18,2,2,122
Sligo-Leitrim,2ae19629-19fc-13a3-e055-000000000001,"Sligo East, Sligo",94,342,497,690,309,159,199,276,402,259,29,331,3587
Sligo-Leitrim,2ae19629-19fb-13a3-e055-000000000001,"Sligo North, Sligo",78,342,421,577,280,130,153,267,370,211,32,720,3581
Sligo-Leitrim,2ae19629-19c5-13a3-e055-000000000001,"Sligo West, Sligo",108,399,630,1006,462,238,310,463,749,582,58,288,5293
Sligo-Leitrim,2ae19629-19cf-13a3-e055-000000000001,"Streamstown, Sligo",1,20,26,33,13,20,12,17,22,9,3,3,179
Sligo-Leitrim,2ae19629-19d0-13a3-e055-000000000001,"Temple, Sligo",1,12,39,48,27,17,16,24,33,17,1,5,240
Sligo-Leitrim,2ae19629-19da-13a3-e055-000000000001,"Templeboy North, Sligo",8,15,37,50,18,10,10,17,29,11,1,13,219
Sligo-Leitrim,2ae19629-19db-13a3-e055-000000000001,"Templeboy South/Mullagheruse, Sligo",4,26,23,38,15,14,6,13,23,5,1,12,180
Sligo-Leitrim,2ae19629-19e5-13a3-e055-000000000001,"Templevanny, Sligo",3,13,21,32,14,13,9,15,18,14,2,11,165
Sligo-Leitrim,2ae19629-19e6-13a3-e055-000000000001,"Tobercurry, Sligo",50,134,264,390,194,144,144,167,207,111,10,152,1967
Sligo-Leitrim,2ae19629-19f0-13a3-e055-000000000001,"Toberpatrick East, Sligo",3,17,17,37,10,12,10,19,22,25,2,7,181
Sligo-Leitrim,2ae19629-19f1-13a3-e055-000000000001,"Toberpatrick West, Sligo",4,28,29,35,8,14,9,23,37,28,1,4,220
Sligo-Leitrim,2ae19629-19f2-13a3-e055-000000000001,"Toomour, Sligo",1,17,28,21,23,11,12,16,13,6,1,6,155
Cavan-Monaghan,2ae19629-1e0f-13a3-e055-000000000001,"Ardue, Cavan",18,39,105,94,58,60,34,43,65,47,3,30,596
Cavan-Monaghan,2ae19629-1e1a-13a3-e055-000000000001,"Arvagh, Cavan",22,59,98,139,71,42,54,45,63,28,2,28,651
Cavan-Monaghan,2ae19629-1e1b-13a3-e055-000000000001,"Ashfield, Cavan",9,17,35,45,31,11,15,28,38,22,0,16,267
Cavan-Monaghan,2ae19629-1c98-13a3-e055-000000000001,"Bailieborough, Cavan",105,259,464,540,285,197,137,177,207,112,6,340,2829
Cavan-Monaghan,2ae19629-1c99-13a3-e055-000000000001,"Ballintemple, Cavan",10,26,53,62,21,26,23,17,27,20,1,11,297
Cavan-Monaghan,2ae19629-1cd8-13a3-e055-000000000001,"Ballyconnell, Cavan",54,93,173,199,134,84,75,86,119,55,1,80,1153
Cavan-Monaghan,2ae19629-1cd9-13a3-e055-000000000001,"Ballyhaise, Cavan",18,77,105,143,73,59,63,61,65,65,1,9,739
Cavan-Monaghan,2ae19629-1cf1-13a3-e055-000000000001,"Ballyjamesduff, Cavan",72,175,362,508,277,146,143,117,142,84,3,144,2173
Cavan-Monaghan,2ae19629-1cf2-13a3-e055-000000000001,"Ballymachugh, Cavan",25,58,76,101,56,39,40,41,49,45,3,25,558
Cavan-Monaghan,2ae19629-1d13-13a3-e055-000000000001,"Ballymagauran, Cavan",8,20,41,42,20,9,13,12,12,9,1,2,189
Cavan-Monaghan,2ae19629-1d14-13a3-e055-000000000001,"Bawnboy, Cavan",14,42,65,79,32,40,29,32,36,42,1,10,422
Cavan-Monaghan,2ae19629-1d32-13a3-e055-000000000001,"Bellananagh, Cavan",42,88,145,203,122,66,72,63,92,75,3,58,1029
Cavan-Monaghan,2ae19629-1d33-13a3-e055-000000000001,"Belturbet, Cavan",62,98,201,249,141,90,68,79,116,61,2,55,1222
Cavan-Monaghan,2ae19629-1d51-13a3-e055-000000000001,"Bilberry, Cavan",7,20,19,23,14,10,7,9,16,5,1,11,142
Cavan-Monaghan,2ae19629-1d52-13a3-e055-000000000001,"Bruce Hall, Cavan",3,21,25,26,12,16,8,7,9,7,1,3,138
Cavan-Monaghan,2ae19629-1d53-13a3-e055-000000000001,"Butler's Bridge, Cavan",11,22,48,49,31,22,33,35,45,33,3,10,342
Cavan-Monaghan,2ae19629-1d54-13a3-e055-000000000001,"Canningstown, Cavan",22,47,70,63,30,34,28,24,39,15,0,12,384
Cavan-Monaghan,2ae19629-1d72-13a3-e055-000000000001,"Carn, Cavan",12,16,32,32,10,9,9,11,13,10,0,7,161
Cavan-Monaghan,2ae19629-1d73-13a3-e055-000000000001,"Carnagarve, Cavan",19,44,78,86,41,37,26,31,37,20,1,15,435
Cavan-Monaghan,2ae19629-1d74-13a3-e055-000000000001,"Carrafin, Cavan",11,16,37,44,31,19,13,33,48,31,2,11,296
Cavan-Monaghan,2ae19629-1d8f-13a3-e055-000000000001,"Castlerahan, Cavan",29,46,99,125,43,56,45,44,53,42,2,19,603
Cavan-Monaghan,2ae19629-1d90-13a3-e055-000000000001,"Castlesaunderson, Cavan",7,16,33,34,27,29,11,17,25,11,1,3,214
Cavan-Monaghan,2ae19629-1da9-13a3-e055-000000000001,"Cavan Rural, Cavan",99,317,536,861,549,293,333,483,670,527,31,392,5091
Cavan-Monaghan,2ae19629-1daa-13a3-e055-000000000001,"Cavan Urban, Cavan",156,286,333,433,279,111,136,124,143,97,12,255,2365
Cavan-Monaghan,2ae19629-1dab-13a3-e055-000000000001,"Clonervy, Cavan",21,40,94,112,45,51,54,57,76,52,3,14,619
Cavan-Monaghan,2ae19629-1dac-13a3-e055-000000000001,"Cootehill Rural, Cavan",32,80,112,144,74,55,47,71,62,58,2,22,759
Cavan-Monaghan,2ae19629-1dbf-13a3-e055-000000000001,"Cootehill Urban, Cavan",64,152,195,256,102,65,82,61,65,53,3,64,1162
Cavan-Monaghan,2ae19629-1dc0-13a3-e055-000000000001,"Corr, Cavan",5,27,37,38,14,13,17,17,16,4,0,5,193
Cavan-Monaghan,2ae19629-1dc1-13a3-e055-000000000001,"Corraneary, Cavan",19,31,69,75,24,19,17,22,24,19,0,4,323
Cavan-Monaghan,2ae19629-1dd9-13a3-e055-000000000001,"Crossbane, Cavan",10,42,75,87,25,54,26,38,44,33,2,16,452
Cavan-Monaghan,2ae19629-1dda-13a3-e055-000000000001,"Crossdoney, Cavan",10,40,57,71,41,21,38,28,47,34,2,13,402
Cavan-Monaghan,2ae19629-1df9-13a3-e055-000000000001,"Crosskeys, Cavan",13,49,108,99,46,47,23,24,48,24,0,10,491
Cavan-Monaghan,2ae19629-1dfa-13a3-e055-000000000001,"Cuttragh, Cavan",7,24,46,58,27,17,18,20,40,17,0,8,282
Cavan-Monaghan,2ae19629-1dfb-13a3-e055-000000000001,"Denn, Cavan",25,70,86,66,53,34,36,19,46,17,0,19,471
Cavan-Monaghan,2ae19629-1e10-13a3-e055-000000000001,"Derrin, Cavan",16,43,39,37,41,26,17,17,38,24,0,5,303
Cavan-Monaghan,2ae19629-1e11-13a3-e055-000000000001,"Derrylahan, Cavan",7,14,19,7,4,3,5,3,6,2,0,7,77
Cavan-Monaghan,2ae19629-1e1c-13a3-e055-000000000001,"Diamond, Cavan",4,22,16,14,8,11,7,3,14,14,0,6,119
Cavan-Monaghan,2ae19629-1e1d-13a3-e055-000000000001,"Doogary, Cavan",10,13,12,14,22,4,7,2,8,7,1,3,103
Cavan-Monaghan,2ae19629-1e1e-13a3-e055-000000000001,"Dowra, Cavan",5,11,28,15,8,5,11,11,15,8,0,5,122
Cavan-Monaghan,2ae19629-1c9a-13a3-e055-000000000001,"Drumanespick, Cavan",14,28,51,81,22,20,15,21,29,20,0,3,304
Cavan-Monaghan,2ae19629-1c9b-13a3-e055-000000000001,"Drumcarban, Cavan",13,47,73,83,44,41,30,26,28,18,3,7,413
Cavan-Monaghan,2ae19629-1ca9-13a3-e055-000000000001,"Drumcarn, Cavan",14,52,59,69,28,35,18,21,40,15,0,11,362
Cavan-Monaghan,2ae19629-1caa-13a3-e055-000000000001,"Drumlumman, Cavan",16,47,65,66,36,41,24,20,48,42,0,12,417
Cavan-Monaghan,2ae19629-1cab-13a3-e055-000000000001,"Drung, Cavan",16,48,78,54,23,32,19,25,34,18,0,30,377
Cavan-Monaghan,f91caa0f-0c2d-4ce7-a5b0-7a5ac354cb4f,"Dunmakeever/Benbrack/Derrynananta, Cavan",12,36,26,25,11,12,10,15,10,7,0,2,166
Cavan-Monaghan,2ae19629-1cba-13a3-e055-000000000001,"Enniskeen, Cavan",10,23,62,61,26,26,15,14,36,16,1,24,314
Cavan-Monaghan,2ae19629-1cbb-13a3-e055-000000000001,"Eskey, Cavan",11,17,39,50,22,8,20,10,15,13,2,19,226
Cavan-Monaghan,2ae19629-1cac-13a3-e055-000000000001,"Graddum, Cavan",20,40,74,64,41,31,26,25,39,15,1,11,387
Cavan-Monaghan,2ae19629-1cad-13a3-e055-000000000001,"Grilly, Cavan",36,40,50,51,26,22,18,30,38,40,4,4,359
Cavan-Monaghan,2ae19629-1cbc-13a3-e055-000000000001,"Kilbride, Cavan",17,77,115,106,45,71,51,37,66,43,3,29,660
Cavan-Monaghan,2ae19629-1cbd-13a3-e055-000000000001,"Kilcogy, Cavan",13,43,37,45,29,23,19,20,29,7,0,13,278
Cavan-Monaghan,2ae19629-1cda-13a3-e055-000000000001,"Kilconny, Cavan",19,30,52,71,43,37,38,40,40,38,0,13,421
Cavan-Monaghan,2ae19629-1cdb-13a3-e055-000000000001,"Kilgolagh, Cavan",9,26,56,38,20,12,16,16,19,5,0,11,228
Cavan-Monaghan,2ae19629-1cdc-13a3-e055-000000000001,"Kill, Cavan",10,36,46,35,27,16,19,11,27,16,2,3,248
Cavan-Monaghan,2ae19629-1cf3-13a3-e055-000000000001,"Killashandra, Cavan",29,102,156,145,60,57,48,44,69,41,4,23,778
Cavan-Monaghan,06698531-f7f7-4058-a15f-7d455ef0dd94,"Killinagh/Teebane, Cavan",4,11,13,15,15,6,4,1,11,7,0,6,93
Cavan-Monaghan,2ae19629-1cf5-13a3-e055-000000000001,"Killinkere, Cavan",12,23,46,60,21,36,20,36,47,17,2,12,332
Cavan-Monaghan,2ae19629-1d15-13a3-e055-000000000001,"Killykeen, Cavan",19,45,50,65,38,29,30,35,59,36,4,20,430
Cavan-Monaghan,2ae19629-1d16-13a3-e055-000000000001,"Kilnaleck, Cavan",35,70,118,155,93,57,53,40,78,40,3,38,780
Cavan-Monaghan,2ae19629-1d35-13a3-e055-000000000001,"Kinawley, Cavan",5,6,17,12,7,4,4,7,10,4,1,3,80
Cavan-Monaghan,2ae19629-1d36-13a3-e055-000000000001,"Kingscourt, Cavan",70,164,376,434,185,166,148,149,229,128,13,174,2236
Cavan-Monaghan,2ae19629-1d55-13a3-e055-000000000001,"Knappagh, Cavan",11,36,53,62,21,27,13,19,45,25,3,5,320
Cavan-Monaghan,2ae19629-1d56-13a3-e055-000000000001,"Larah North, Cavan",10,28,50,53,25,26,28,22,33,22,2,13,312
Cavan-Monaghan,2ae19629-1d75-13a3-e055-000000000001,"Larah South, Cavan",17,46,58,55,17,30,24,23,34,19,2,5,330
Cavan-Monaghan,2ae19629-1d76-13a3-e055-000000000001,"Lisagoan, Cavan",10,28,61,47,24,27,12,12,28,12,0,9,270
Cavan-Monaghan,2ae19629-1d77-13a3-e055-000000000001,"Lissanover, Cavan",15,13,33,38,9,14,12,16,29,9,0,1,189
Cavan-Monaghan,2ae19629-1d91-13a3-e055-000000000001,"Loughdawan, Cavan",9,30,40,48,25,14,12,12,18,9,0,16,233
Cavan-Monaghan,2ae19629-1d92-13a3-e055-000000000001,"Lurgan, Cavan",13,29,51,74,30,28,28,30,52,33,3,44,415
Cavan-Monaghan,2ae19629-1d93-13a3-e055-000000000001,"Milltown, Cavan",8,35,59,55,20,26,13,15,26,10,0,9,276
Cavan-Monaghan,2ae19629-1dad-13a3-e055-000000000001,"Moynehall, Cavan",30,107,171,199,115,76,84,71,134,88,3,48,1126
Cavan-Monaghan,2ae19629-1dae-13a3-e055-000000000001,"Mullagh, Cavan",48,118,248,321,156,109,100,116,144,94,8,64,1526
Cavan-Monaghan,2ae19629-1dc2-13a3-e055-000000000001,"Munterconnaught, Cavan",13,57,111,151,70,68,40,69,96,63,8,15,761
Cavan-Monaghan,2ae19629-1c9d-13a3-e055-000000000001,"Pedara Vohers/Tircahan, Cavan",9,27,22,19,16,13,9,10,9,3,2,2,141
Cavan-Monaghan,2ae19629-1dc4-13a3-e055-000000000001,"Rakenny, Cavan",14,38,63,56,37,21,13,13,23,17,0,25,320
Cavan-Monaghan,2ae19629-1ddb-13a3-e055-000000000001,"Redhill, Cavan",17,35,57,56,34,27,24,23,26,18,0,3,320
Cavan-Monaghan,2ae19629-1ddc-13a3-e055-000000000001,"Scrabby, Cavan",7,36,63,84,38,43,31,36,39,36,2,36,451
Cavan-Monaghan,2ae19629-1ddd-13a3-e055-000000000001,"Shercock, Cavan",45,67,139,155,92,60,55,47,82,49,2,45,838
Cavan-Monaghan,2ae19629-1dfc-13a3-e055-000000000001,"Skeagh, Cavan",12,27,51,47,29,28,14,19,41,10,1,4,283
Cavan-Monaghan,2ae19629-1dfd-13a3-e055-000000000001,"Springfield, Cavan",12,16,23,20,12,10,7,7,17,6,0,5,135
Cavan-Monaghan,2ae19629-1e13-13a3-e055-000000000001,"Stradone, Cavan",18,47,82,81,54,49,39,46,59,45,2,29,551
Cavan-Monaghan,2ae19629-1e14-13a3-e055-000000000001,"Swanlinbar, Cavan",14,42,38,48,27,14,26,13,30,9,0,21,282
Cavan-Monaghan,2ae19629-1e1f-13a3-e055-000000000001,"Taghart, Cavan",13,38,79,97,29,32,16,21,40,26,1,40,432
Cavan-Monaghan,2ae19629-1e21-13a3-e055-000000000001,"Templeport, Cavan",5,34,42,33,19,25,18,7,11,11,0,4,209
Cavan-Monaghan,2ae19629-1c9c-13a3-e055-000000000001,"Termon, Cavan",8,37,66,71,37,40,21,32,27,32,1,13,385
Cavan-Monaghan,2ae19629-1c9e-13a3-e055-000000000001,"Tuam, Cavan",15,18,44,45,29,11,9,14,36,26,2,17,266
Cavan-Monaghan,2ae19629-1cae-13a3-e055-000000000001,"Tullyvin East, Cavan",15,29,48,64,37,25,25,21,38,29,2,8,341
Cavan-Monaghan,2ae19629-1caf-13a3-e055-000000000001,"Tullyvin West, Cavan",9,21,30,39,18,18,9,17,29,22,0,8,220
Cavan-Monaghan,2ae19629-1faf-13a3-e055-000000000001,"Virginia, Cavan",73,205,418,640,288,258,199,287,393,288,26,160,3235
Cavan-Monaghan,2ae19629-1fb0-13a3-e055-000000000001,"Waterloo, Cavan",30,53,78,98,40,52,37,37,53,35,1,16,530
Donegal,2ae19629-21c1-13a3-e055-000000000001,"Allt na Péiste, Dún na nGall",21,46,48,65,19,14,8,18,23,11,0,9,282
Donegal,2ae19629-21c2-13a3-e055-000000000001,"Anagaire, Dún na nGall",48,193,291,265,118,94,101,100,131,136,7,154,1638
Donegal,2ae19629-21c3-13a3-e055-000000000001,"Árainn Mhór, Dún na nGall",24,78,62,56,20,19,19,20,18,25,2,37,380
Donegal,2ae19629-21cc-13a3-e055-000000000001,"Ard an Rátha, Dún na nGall",28,101,146,164,69,52,48,71,96,63,10,32,880
Donegal,2ae19629-21cd-13a3-e055-000000000001,"Ardmalin, Donegal",15,69,78,75,31,22,23,35,36,36,4,22,446
Donegal,2ae19629-21ce-13a3-e055-000000000001,"Ards, Donegal",24,68,82,98,41,28,31,50,78,67,8,27,602
Sligo-Leitrim,2ae19629-21cf-13a3-e055-000000000001,"Ballintra, Donegal, 057007",18,61,87,108,36,34,32,30,40,28,5,35,514
Sligo-Leitrim,2ae19629-21d0-13a3-e055-000000000001,"Ballintra, Donegal, 057008",9,78,86,69,37,29,31,40,64,46,5,32,526
Donegal,2ae19629-21da-13a3-e055-000000000001,"Ballyarr, Donegal",13,59,87,96,28,25,44,41,43,44,9,21,510
Donegal,2ae19629-21d1-13a3-e055-000000000001,"Ballyliffin, Donegal",40,179,155,171,62,48,63,87,90,69,4,36,1004
Donegal,2ae19629-21db-13a3-e055-000000000001,"Ballymacool, Donegal",44,106,189,293,128,84,111,160,227,191,15,106,1654
Sligo-Leitrim,2ae19629-21e5-13a3-e055-000000000001,"Ballyshannon Rural, Donegal",18,96,150,224,106,75,67,110,110,145,10,36,1147
Sligo-Leitrim,2ae19629-21dc-13a3-e055-000000000001,"Ballyshannon Urban, Donegal",37,148,224,263,123,76,60,69,108,94,5,83,1290
Donegal,2ae19629-21e6-13a3-e055-000000000001,"An Bhinn Bhán, Dún na nGall",5,28,22,18,6,13,6,9,8,5,1,5,126
Donegal,2ae19629-21ee-13a3-e055-000000000001,"Birdstown, Donegal",45,94,152,116,57,30,45,52,111,60,6,77,845
Donegal,2ae19629-21ef-13a3-e055-000000000001,"Bonnyglen, Donegal",4,50,45,37,19,17,27,17,20,27,2,2,267
Donegal,2ae19629-21f7-13a3-e055-000000000001,"Buncrana Rural, Donegal",93,270,418,451,214,111,165,191,291,177,16,102,2499
Donegal,2ae19629-21f8-13a3-e055-000000000001,"Buncrana Urban, Donegal",98,265,405,437,191,97,137,143,217,190,25,94,2299
Sligo-Leitrim,2ae19629-2106-13a3-e055-000000000001,"Bundoran Rural, Donegal",18,40,90,180,67,55,47,78,104,81,4,36,800
Sligo-Leitrim,2ae19629-2107-13a3-e055-000000000001,"Bundoran Urban, Donegal",35,89,218,304,139,68,72,107,152,87,11,87,1369
Donegal,2ae19629-2112-13a3-e055-000000000001,"Burt, Donegal",51,133,163,143,72,53,54,57,101,58,5,38,928
Donegal,2ae19629-2113-13a3-e055-000000000001,"Carndonagh, Donegal",54,235,263,281,160,69,83,104,162,130,6,50,1597
Donegal,2ae19629-2060-13a3-e055-000000000001,"Carraig Airt, Dún na nGall",23,92,122,131,56,23,36,46,63,49,3,30,674
Sligo-Leitrim,2ae19629-2061-13a3-e055-000000000001,"Carrickboy, Donegal",3,21,35,67,35,23,23,17,34,22,0,11,291
Donegal,2ae19629-206a-13a3-e055-000000000001,"An Cheathrú Chaol, Dún na nGall",22,78,95,107,43,33,44,43,65,47,2,54,633
Donegal,2ae19629-206b-13a3-e055-000000000001,"Carthage, Donegal",53,135,121,83,41,14,24,24,58,30,3,43,629
Donegal,2ae19629-206c-13a3-e055-000000000001,"Castlecary, Donegal",27,61,72,55,29,21,28,32,56,39,6,28,454
Donegal,2ae19629-2077-13a3-e055-000000000001,"Castlefinn, Donegal",58,153,186,137,68,24,36,49,64,39,2,40,856
Donegal,2ae19629-2078-13a3-e055-000000000001,"Castleforward, Donegal",28,133,134,163,65,32,57,45,98,73,3,33,864
Donegal,2ae19629-2081-13a3-e055-000000000001,"Castlewray, Donegal",28,115,262,428,146,107,161,228,451,465,34,68,2493
Sligo-Leitrim,2ae19629-2082-13a3-e055-000000000001,"Cavangarden, Donegal",6,49,58,36,33,20,13,18,24,10,4,19,290
Donegal,2ae19629-2083-13a3-e055-000000000001,"Mín an Lábáin, Dún na nGall",13,23,37,36,24,16,10,19,33,17,1,5,234
Sligo-Leitrim,2ae19629-208f-13a3-e055-000000000001,"Cliff, Donegal",4,11,27,32,16,11,9,17,18,16,0,3,164
Donegal,2ae19629-2090-13a3-e055-000000000001,"An Clochán, Dún na nGall",28,96,115,146,42,37,28,31,63,32,2,6,626
Donegal,2ae19629-2091-13a3-e055-000000000001,"Cloghard, Donegal",24,94,72,73,45,15,22,21,46,15,1,18,446
Donegal,2ae19629-2092-13a3-e055-000000000001,"Clogher, Donegal",8,54,107,134,43,32,23,57,68,58,0,12,596
Donegal,2ae19629-209a-13a3-e055-000000000001,"Clonleigh North, Donegal",74,153,215,191,61,42,37,32,70,29,2,72,978
Donegal,2ae19629-209b-13a3-e055-000000000001,"Clonleigh South, Donegal",117,223,303,297,98,48,68,72,109,55,5,73,1468
Donegal,2ae19629-20a8-13a3-e055-000000000001,"Convoy, Donegal",79,222,324,339,131,75,84,104,190,93,3,113,1757
Donegal,2ae19629-20a9-13a3-e055-000000000001,"Corkermore, Donegal",12,35,46,56,17,14,11,16,17,8,0,13,245
Donegal,2ae19629-20b3-13a3-e055-000000000001,"Corravaddy, Donegal",18,76,127,215,66,44,66,94,164,104,7,65,1046
Donegal,2ae19629-20b4-13a3-e055-000000000001,"Creamhghort, Dún na nGall",15,66,93,69,27,27,17,33,41,29,2,19,438
Donegal,2ae19629-20b5-13a3-e055-000000000001,"Críoch na Sméar, Dún na nGall",15,32,37,39,11,10,14,12,21,16,0,12,219
Donegal,2ae19629-20c1-13a3-e055-000000000001,"An Craoslach, Dún na nGall",29,87,72,113,39,17,30,40,63,51,0,29,570
Donegal,2ae19629-20c2-13a3-e055-000000000001,"Na Croisbhealaí, Dún na nGall",95,217,268,236,83,76,82,108,138,95,5,122,1525
Donegal,2ae19629-20c3-13a3-e055-000000000001,"Cró Bheithe, Dún na nGall",4,28,21,15,7,7,6,8,4,9,1,11,121
Donegal,2ae19629-20c4-13a3-e055-000000000001,"Cró Chaorach, Dún na nGall",3,14,26,14,5,2,3,3,5,5,0,1,81
Donegal,2ae19629-20ce-13a3-e055-000000000001,"Crownarad, Donegal",8,39,39,48,28,15,13,26,18,9,2,9,254
Donegal,2ae19629-20cf-13a3-e055-000000000001,"Culdaff, Donegal",27,79,121,127,57,42,44,51,69,44,3,28,692
Donegal,2ae19629-20d0-13a3-e055-000000000001,"Dawros, Donegal",15,79,90,98,36,33,27,44,52,47,11,21,553
Donegal,2ae19629-20d1-13a3-e055-000000000001,"Desertegny, Donegal",23,81,107,72,20,19,17,24,46,53,5,13,480
Donegal,2ae19629-20d9-13a3-e055-000000000001,"Caisleán na dTuath, Dún na nGall",5,19,32,28,19,8,4,19,17,15,0,16,182
Donegal,2ae19629-20da-13a3-e055-000000000001,"Donegal, Donegal",44,286,402,532,259,134,172,259,352,269,24,173,2906
Donegal,2ae19629-20db-13a3-e055-000000000001,"An Dúchoraidh, Dún na nGall",3,12,9,13,6,2,4,2,1,2,0,9,63
Donegal,2ae19629-20e3-13a3-e055-000000000001,"Dooish, Donegal",36,69,112,143,66,43,47,62,82,70,4,31,765
Donegal,2ae19629-20e4-13a3-e055-000000000001,"Dunaff, Donegal",30,101,92,85,26,18,25,29,47,13,1,14,481
Donegal,2ae19629-20e5-13a3-e055-000000000001,"Dún Fionnachaidh, Dún na nGall",32,86,89,134,50,45,49,52,68,74,7,30,716
Donegal,2ae19629-20e6-13a3-e055-000000000001,"An Clochán Liath, Dún na nGall",56,173,266,245,101,86,76,88,128,65,8,75,1367
Donegal,2ae19629-20e7-13a3-e055-000000000001,"Dunkineely, Donegal",25,93,128,114,50,38,36,44,58,32,3,19,640
Donegal,2ae19629-20e8-13a3-e055-000000000001,"Dún Lúiche, Dún na nGall",14,75,95,75,30,22,24,30,54,47,4,20,490
Donegal,2ae19629-20e9-13a3-e055-000000000001,"Eanymore, Donegal",14,66,70,65,23,21,18,37,37,31,1,9,392
Donegal,2ae19629-20f6-13a3-e055-000000000001,"Edenacarnan, Donegal",18,60,141,208,84,55,64,94,170,126,7,45,1072
Donegal,2ae19629-20f7-13a3-e055-000000000001,"Fahan, Donegal",45,126,189,162,73,32,59,76,132,127,9,128,1158
Donegal,2ae19629-20f8-13a3-e055-000000000001,"Fánaid Thuaidh, Dún na nGall",18,58,64,93,25,19,18,20,41,33,1,16,406
Donegal,2ae19629-20f9-13a3-e055-000000000001,"Fánaid Thiar, Dún na nGall",6,47,76,50,13,22,17,16,22,14,1,10,294
Donegal,2ae19629-20fa-13a3-e055-000000000001,"Feddyglass, Donegal",12,45,60,49,17,14,17,23,39,22,0,10,308
Donegal,2ae19629-204b-13a3-e055-000000000001,"Figart, Donegal",31,98,140,137,56,41,42,41,64,38,1,43,732
Donegal,2ae19629-204c-13a3-e055-000000000001,"Baile na Finne, Dún na nGall",4,52,27,52,9,11,9,13,17,9,0,6,209
Donegal,2ae19629-2057-13a3-e055-000000000001,"Gartán, Dún na nGall",2,16,25,22,7,9,10,2,8,13,0,20,134
Donegal,2ae19629-2058-13a3-e055-000000000001,"Glen, Donegal",5,13,35,43,14,9,5,9,15,12,3,29,192
Donegal,2ae19629-2062-13a3-e055-000000000001,"Glenalla, Donegal",8,49,44,48,21,21,16,23,45,45,2,10,332
Donegal,2ae19629-206d-13a3-e055-000000000001,"Gleneely, Donegal, 057073",26,94,115,95,46,22,31,31,54,27,1,20,562
Donegal,2ae19629-206e-13a3-e055-000000000001,"Gleneely, Donegal, 057074",54,171,203,193,94,57,45,62,104,61,5,43,1092
Donegal,2ae19629-2079-13a3-e055-000000000001,"Gleneganon, Donegal",33,82,108,63,42,21,20,29,56,33,1,4,492
Donegal,2ae19629-206f-13a3-e055-000000000001,"Gleann Gheis, Dún na nGall",15,74,98,82,50,33,20,23,59,19,2,10,485
Donegal,2ae19629-2070-13a3-e055-000000000001,"Gleann Léithín, Dún na nGall",5,20,17,18,5,5,8,10,7,3,0,11,109
Donegal,2ae19629-207a-13a3-e055-000000000001,"Na Gleannta, Dún na nGall",42,157,151,204,60,62,65,86,93,61,6,38,1025
Donegal,2ae19629-207b-13a3-e055-000000000001,"Glentogher, Donegal",80,123,190,152,60,16,45,43,60,27,1,24,821
Donegal,2ae19629-2084-13a3-e055-000000000001,"Goland, Donegal",5,28,45,48,12,15,11,22,21,17,3,11,238
Donegal,2ae19629-2085-13a3-e055-000000000001,"Gort an Choirce, Dún na nGall",46,219,210,194,72,59,61,107,107,76,3,42,1196
Donegal,2ae19629-2086-13a3-e055-000000000001,"Gortnavern, Donegal",18,66,109,138,52,46,59,74,119,117,4,43,845
Donegal,2ae19629-2087-13a3-e055-000000000001,"An Ghrafaidh, Dún na nGall",4,31,19,18,10,5,5,5,4,6,1,7,115
Donegal,2ae19629-2088-13a3-e055-000000000001,"Greencastle, Donegal",21,57,112,131,63,38,49,60,109,93,2,30,765
Donegal,2ae19629-2093-13a3-e055-000000000001,"Grianfort, Dún na nGall",11,37,38,32,16,11,13,16,30,30,3,22,259
Donegal,2ae19629-2094-13a3-e055-000000000001,"Grousehall, Donegal",4,9,14,9,4,5,2,2,5,1,0,3,58
Donegal,2ae19629-209c-13a3-e055-000000000001,"Haugh, Donegal",2,25,26,32,13,7,7,16,18,9,0,4,159
Donegal,2ae19629-209d-13a3-e055-000000000001,"Illies, Donegal",27,95,158,102,36,22,22,35,62,25,1,26,611
Donegal,2ae19629-209e-13a3-e055-000000000001,"Inch Island, Donegal",13,37,58,46,14,10,17,16,23,24,2,17,277
Donegal,2ae19629-20aa-13a3-e055-000000000001,"Inis Caoil, Dún na nGall",4,13,18,10,0,3,2,2,9,1,2,3,67
Donegal,2ae19629-20ab-13a3-e055-000000000001,"Inver, Donegal",10,72,110,104,37,32,42,34,61,33,1,18,554
Donegal,2ae19629-20ac-13a3-e055-000000000001,"Cill Charthaigh, Dún na nGall",15,67,94,89,33,41,26,33,30,30,3,25,486
Donegal,2ae19629-20b6-13a3-e055-000000000001,"Kilderry, Donegal",72,120,222,204,118,61,97,98,188,133,12,115,1440
Donegal,2ae19629-20b7-13a3-e055-000000000001,"Cill Ghabhlaigh, Dún na nGall",8,64,53,44,18,16,10,12,15,10,1,15,266
Donegal,2ae19629-20b8-13a3-e055-000000000001,"Killea, Donegal",63,168,209,197,103,62,66,61,133,88,6,44,1200
Donegal,2ae19629-20b9-13a3-e055-000000000001,"Killybegs, Donegal",54,233,278,291,149,115,109,118,122,74,6,78,1627
Donegal,2ae19629-20ba-13a3-e055-000000000001,"Killygarvan, Donegal",4,9,13,18,6,4,8,9,6,7,0,1,85
Donegal,2ae19629-20c5-13a3-e055-000000000001,"Killygordon, Donegal",30,116,166,151,55,37,49,47,72,38,3,9,773
Donegal,2ae19629-20c6-13a3-e055-000000000001,"Killymasny, Donegal",7,55,52,58,16,13,25,19,32,39,0,8,324
Donegal,2ae19629-20c7-13a3-e055-000000000001,"Kilmacrenan, Donegal",45,112,161,167,61,51,49,69,96,79,4,35,929
Donegal,2ae19629-20d2-13a3-e055-000000000001,"Kincraigy, Donegal",38,111,126,113,58,27,29,36,54,37,2,26,657
Donegal,2ae19629-20d3-13a3-e055-000000000001,"Knock, Donegal",40,99,186,272,104,72,56,81,144,115,3,40,1212
Donegal,2ae19629-20dc-13a3-e055-000000000001,"Cnoc Colbha, Dún na nGall",15,30,25,29,18,10,7,12,21,13,4,8,192
Donegal,2ae19629-20dd-13a3-e055-000000000001,"Laghy, Donegal",16,88,77,104,50,47,35,41,40,37,2,54,591
Donegal,2ae19629-20ea-13a3-e055-000000000001,"An Leargaidh Mhór, Dún na nGall",7,52,80,82,35,21,24,19,28,22,2,18,390
Donegal,2ae19629-20eb-13a3-e055-000000000001,"Letterkenny Rural, Donegal",249,650,853,1372,494,300,472,686,1052,837,58,465,7488
Donegal,2ae19629-20ec-13a3-e055-000000000001,"Letterkenny Urban, Donegal",56,117,187,270,138,54,103,114,197,149,8,284,1677
Donegal,2ae19629-20fb-13a3-e055-000000000001,"Leitir Mhic an Bhaird, Dún na nGall",39,77,91,91,29,29,20,42,54,32,4,19,527
Donegal,2ae19629-20fc-13a3-e055-000000000001,"Lettermore, Donegal",13,45,37,45,21,10,9,20,20,15,2,16,253
Donegal,2ae19629-20fd-13a3-e055-000000000001,"Loch Iascaigh, Dún na nGall",4,14,31,48,23,13,15,21,52,37,1,13,272
Donegal,2ae19629-20fe-13a3-e055-000000000001,"Loch Caol, Dún na nGall",6,21,39,36,11,13,15,20,25,15,1,14,216
Donegal,2ae19629-2042-13a3-e055-000000000001,"Maas, Donegal",4,23,35,30,13,13,13,23,23,15,2,6,200
Donegal,2ae19629-2043-13a3-e055-000000000001,"Magheraboy, Donegal",45,149,181,217,69,51,65,92,125,100,9,39,1142
Donegal,2ae19629-2044-13a3-e055-000000000001,"Machaire Chlochair, Dún na nGall",58,243,295,365,142,125,140,171,165,145,4,159,2012
Donegal,2ae19629-2045-13a3-e055-000000000001,"An Machaire, Dún na nGall",21,66,97,92,33,27,31,38,58,44,5,19,531
Donegal,2ae19629-2064-13a3-e055-000000000001,"Malin, Donegal",28,63,67,84,35,20,23,39,55,41,7,48,510
Donegal,2ae19629-2065-13a3-e055-000000000001,"Málainn Bhig, Dún na nGall",2,55,47,52,21,17,14,19,23,17,1,5,273
Donegal,2ae19629-2066-13a3-e055-000000000001,"Manorcunningham, Donegal",36,93,125,164,63,25,54,43,105,57,4,30,799
Donegal,2ae19629-2067-13a3-e055-000000000001,"Mín an Chladaigh, Dún na nGall",32,142,176,142,62,40,45,75,76,85,4,74,953
Donegal,2ae19629-2071-13a3-e055-000000000001,"Mín Charraigeach, Dún na nGall",0,18,17,21,4,10,2,2,6,6,1,2,89
Donegal,2ae19629-2072-13a3-e055-000000000001,"Millford, Donegal",31,106,182,205,113,54,63,87,124,65,6,58,1094
Donegal,2ae19629-2073-13a3-e055-000000000001,"Mintiaghs, Donegal",25,101,118,84,54,25,24,36,50,26,2,18,563
Donegal,2ae19629-207c-13a3-e055-000000000001,"Moville, Donegal",69,183,242,302,141,65,103,128,166,117,12,84,1612
Donegal,2ae19629-207d-13a3-e055-000000000001,"Maol Mosóg, Dún na nGall",4,29,22,36,10,13,13,7,13,11,0,9,167
Donegal,2ae19629-2089-13a3-e055-000000000001,"Newtown Cunningham, Donegal",27,106,141,124,47,36,38,43,57,30,5,27,681
Donegal,2ae19629-208a-13a3-e055-000000000001,"Pettigoe, Donegal",22,54,52,46,26,10,16,12,19,11,0,12,280
Donegal,2ae19629-2095-13a3-e055-000000000001,"Raphoe, Donegal",70,159,227,192,71,23,48,50,66,45,4,67,1022
Donegal,2ae19629-2096-13a3-e055-000000000001,"Rathmelton, Donegal",62,200,252,303,120,80,98,131,216,214,13,61,1750
Donegal,2ae19629-2097-13a3-e055-000000000001,"Rathmullan, Donegal",19,72,88,144,45,32,44,54,111,63,7,29,708
Donegal,2ae19629-209f-13a3-e055-000000000001,"Redcastle, Donegal",31,89,115,88,44,23,33,50,76,59,5,25,638
Donegal,2ae19629-20a0-13a3-e055-000000000001,"Ros Goill, Dún na nGall",21,48,92,92,55,28,40,67,91,58,3,21,616
Donegal,2ae19629-20a1-13a3-e055-000000000001,"Rosnakill, Donegal",3,13,36,32,16,9,11,16,19,19,1,16,191
Donegal,2ae19629-20a2-13a3-e055-000000000001,"Inis Mhic an Doirn, Dún na nGall",38,180,206,188,81,56,69,77,83,52,6,66,1102
Donegal,2ae19629-20ad-13a3-e055-000000000001,"Suí Corr, Dún na nGall",2,10,9,14,5,1,7,5,6,7,0,0,66
Donegal,2ae19629-20ae-13a3-e055-000000000001,"St. Johnstown, Donegal",71,136,189,192,64,36,38,43,78,36,2,46,931
Donegal,2ae19629-20bb-13a3-e055-000000000001,"Straid, Donegal",51,208,186,141,53,24,39,36,75,48,1,23,885
Donegal,2ae19629-20bc-13a3-e055-000000000001,"Stranorlar, Donegal",148,342,542,581,272,130,171,222,336,221,18,124,3107
Donegal,2ae19629-20c8-13a3-e055-000000000001,"Tantallon, Donegal",34,148,207,212,96,73,68,88,118,103,8,29,1184
Donegal,2ae19629-20c9-13a3-e055-000000000001,"Tawnawully, Donegal",3,20,45,43,16,17,23,23,19,23,3,4,239
Donegal,2ae19629-20ca-13a3-e055-000000000001,"Templecarn, Donegal",7,13,15,18,5,4,3,4,7,1,0,4,81
Donegal,2ae19629-20d4-13a3-e055-000000000001,"Templedouglas, Donegal",19,83,129,130,44,35,47,35,68,61,6,12,669
Donegal,2ae19629-20d5-13a3-e055-000000000001,"An Tearmann, Dún na nGall",9,30,48,59,32,32,19,23,53,35,3,24,367
Donegal,2ae19629-20de-13a3-e055-000000000001,"Three Trees, Donegal",30,59,101,72,37,20,17,30,56,50,0,31,503
Donegal,2ae19629-20df-13a3-e055-000000000001,"Tieveskeelta, Donegal",3,11,18,10,7,6,5,7,15,2,0,3,87
Donegal,2ae19629-20ed-13a3-e055-000000000001,"Treantaghmucklagh, Donegal",26,87,101,111,27,22,37,29,48,35,1,40,564
Donegal,2ae19629-20ee-13a3-e055-000000000001,"Tullynaught, Donegal",9,44,80,86,22,27,25,34,50,31,0,15,423
Donegal,2ae19629-20ef-13a3-e055-000000000001,"Turmone, Donegal",12,28,41,36,15,10,9,14,29,18,2,9,223
Donegal,2ae19629-20f0-13a3-e055-000000000001,"Urney West, Donegal",37,50,70,75,41,19,15,21,46,13,1,18,406
Donegal,2ae19629-2063-13a3-e055-000000000001,"West Donegal, Donegal",12,66,95,86,42,36,30,35,44,26,3,29,504
Donegal,2ae19629-20f1-13a3-e055-000000000001,"Whitecastle, Donegal",19,99,142,107,43,23,35,44,77,58,3,9,659
Cavan-Monaghan,2ae19629-1a63-13a3-e055-000000000001,"Aghabog, Monaghan",8,26,60,29,21,10,17,14,22,8,0,3,218
Cavan-Monaghan,2ae19629-1a64-13a3-e055-000000000001,"Anketell Grove, Monaghan",33,82,130,159,59,68,52,59,83,43,3,30,801
Cavan-Monaghan,2ae19629-1a65-13a3-e055-000000000001,"Annayalla, Monaghan",19,48,73,73,17,18,26,30,45,27,1,11,388
Cavan-Monaghan,2ae19629-1a6e-13a3-e055-000000000001,"Anny, Monaghan",17,21,53,42,23,9,14,15,37,12,1,9,253
Cavan-Monaghan,2ae19629-1a6f-13a3-e055-000000000001,"Ballybay Rural, Monaghan",35,103,226,175,84,57,55,65,102,40,4,67,1013
Cavan-Monaghan,2ae19629-1a70-13a3-e055-000000000001,"Ballybay Urban, Monaghan",8,16,39,44,20,13,12,11,24,12,0,24,223
Cavan-Monaghan,2ae19629-1a7b-13a3-e055-000000000001,"Ballymackney, Monaghan",18,55,133,121,57,53,36,35,87,47,7,45,694
Cavan-Monaghan,2ae19629-1a7c-13a3-e055-000000000001,"Bellanode, Monaghan",35,87,173,178,70,60,53,92,133,95,6,33,1015
Cavan-Monaghan,2ae19629-1a7d-13a3-e055-000000000001,"Bellatrain, Monaghan",5,15,43,24,11,13,7,8,24,16,0,2,168
Cavan-Monaghan,2ae19629-1a88-13a3-e055-000000000001,"Bocks, Monaghan",24,42,94,98,31,38,21,25,61,22,1,16,473
Cavan-Monaghan,2ae19629-1a89-13a3-e055-000000000001,"Bragan, Monaghan",10,32,35,37,16,15,8,13,26,15,1,3,211
Cavan-Monaghan,2ae19629-1a8a-13a3-e055-000000000001,"Broomfield, Monaghan",18,48,95,102,36,29,21,41,68,47,1,33,539
Cavan-Monaghan,2ae19629-1a94-13a3-e055-000000000001,"Caddagh, Monaghan",17,44,68,51,27,27,26,18,53,24,1,4,360
Cavan-Monaghan,2ae19629-1a95-13a3-e055-000000000001,"Carrickaslane, Monaghan",18,42,76,80,34,29,22,36,53,33,1,14,438
Cavan-Monaghan,2ae19629-1a96-13a3-e055-000000000001,"Carrickatee, Monaghan",5,26,36,44,14,17,11,18,35,11,1,6,224
Cavan-Monaghan,2ae19629-1a9e-13a3-e055-000000000001,"Carrickmacross Rural, Monaghan",90,194,380,459,217,169,166,209,315,186,8,184,2577
Cavan-Monaghan,2ae19629-1a9f-13a3-e055-000000000001,"Carrickmacross Urban, Monaghan",78,135,234,296,131,95,81,119,142,84,1,118,1514
Cavan-Monaghan,2ae19629-1aaa-13a3-e055-000000000001,"Castleblayney Rural, Monaghan",142,222,437,459,207,143,135,176,253,164,9,156,2503
Cavan-Monaghan,2ae19629-1aa0-13a3-e055-000000000001,"Castleblayney Urban, Monaghan",27,80,111,143,90,41,34,40,64,24,2,60,716
Cavan-Monaghan,2ae19629-1aab-13a3-e055-000000000001,"Castleshane, Monaghan",19,52,135,120,43,34,33,52,69,64,2,12,635
Cavan-Monaghan,2ae19629-1ab4-13a3-e055-000000000001,"Church Hill, Monaghan",36,27,93,85,38,29,31,33,45,36,4,14,471
Cavan-Monaghan,2ae19629-1ab6-13a3-e055-000000000001,"Clones Rural, Monaghan",58,140,182,181,106,66,67,88,104,74,1,26,1093
Cavan-Monaghan,2ae19629-1abe-13a3-e055-000000000001,"Clones Urban, Monaghan",49,101,149,199,64,36,30,29,42,21,0,22,742
Cavan-Monaghan,2ae19629-1ab5-13a3-e055-000000000001,"Clones, Monaghan",18,47,66,49,25,27,24,26,30,26,1,10,349
Cavan-Monaghan,2ae19629-1abf-13a3-e055-000000000001,"Clontibret, Monaghan",24,41,114,94,35,33,28,36,66,33,2,12,518
Cavan-Monaghan,2ae19629-1ac0-13a3-e055-000000000001,"Cormeen, Monaghan",11,38,87,51,19,29,16,24,28,19,1,9,332
Cavan-Monaghan,2ae19629-1ac1-13a3-e055-000000000001,"Corracharra, Monaghan",10,22,32,31,17,12,4,17,23,10,1,11,190
Cavan-Monaghan,2ae19629-1acc-13a3-e055-000000000001,"Creeve, Monaghan",17,60,92,71,20,33,29,32,50,34,0,6,444
Cavan-Monaghan,2ae19629-1acd-13a3-e055-000000000001,"Cremartin, Monaghan",17,75,182,152,65,46,46,56,100,62,1,10,812
Cavan-Monaghan,2ae19629-1ace-13a3-e055-000000000001,"Crossalare, Monaghan",20,56,92,78,34,44,22,40,46,25,1,91,549
Cavan-Monaghan,2ae19629-1ad8-13a3-e055-000000000001,"Currin, Monaghan",11,48,88,76,36,34,28,34,38,30,1,27,451
Cavan-Monaghan,2ae19629-1ad9-13a3-e055-000000000001,"Dawsongrove, Monaghan",24,45,99,95,35,23,36,35,46,38,1,2,479
Cavan-Monaghan,2ae19629-1ae6-13a3-e055-000000000001,"Derrygorry, Monaghan",9,28,31,37,19,15,15,10,21,11,1,8,205
Cavan-Monaghan,2ae19629-1ae7-13a3-e055-000000000001,"Donaghmoyne, Monaghan",21,29,82,94,36,42,32,26,49,28,0,12,451
Cavan-Monaghan,2ae19629-1af2-13a3-e055-000000000001,"Drum, Monaghan",8,15,38,25,12,8,7,5,11,7,0,0,136
Cavan-Monaghan,2ae19629-1af3-13a3-e055-000000000001,"Drumboory, Monaghan",9,27,58,73,19,36,19,21,43,26,2,16,349
Cavan-Monaghan,2ae19629-1af4-13a3-e055-000000000001,"Drumcarrow, Monaghan",8,20,52,56,24,38,16,24,34,28,2,5,307
Cavan-Monaghan,2ae19629-1a3c-13a3-e055-000000000001,"Drumgurra, Monaghan",15,46,91,76,32,25,29,38,62,31,1,24,470
Cavan-Monaghan,2ae19629-1a3d-13a3-e055-000000000001,"Drumhillagh, Monaghan",20,50,102,80,35,38,30,27,41,22,1,7,453
Cavan-Monaghan,2ae19629-1a3e-13a3-e055-000000000001,"Drummully, Monaghan",9,7,16,22,7,7,8,2,10,3,1,0,92
Cavan-Monaghan,2ae19629-1a4b-13a3-e055-000000000001,"Drumsnat, Monaghan",31,70,129,114,74,39,34,48,66,44,2,13,664
Cavan-Monaghan,2ae19629-1a4c-13a3-e055-000000000001,"Emyvale, Monaghan",35,90,106,142,73,39,43,58,76,36,3,72,773
Cavan-Monaghan,2ae19629-1a4d-13a3-e055-000000000001,"Enagh, Monaghan, 177043",18,27,57,75,36,23,14,22,53,21,2,20,368
Cavan-Monaghan,2ae19629-1a5a-13a3-e055-000000000001,"Enagh, Monaghan, 177044",22,41,92,93,48,50,28,30,65,23,1,18,511
Cavan-Monaghan,2ae19629-1a5b-13a3-e055-000000000001,"Figullar, Monaghan",11,23,41,62,35,23,20,26,48,30,0,13,332
Cavan-Monaghan,2ae19629-1a66-13a3-e055-000000000001,"Glaslough, Monaghan",23,52,92,104,68,44,37,63,100,61,4,24,672
Cavan-Monaghan,2ae19629-1a67-13a3-e055-000000000001,"Greagh, Monaghan",13,30,55,62,20,23,12,29,50,17,2,10,323
Cavan-Monaghan,2ae19629-1a71-13a3-e055-000000000001,"Inishkeen, Monaghan",32,69,151,133,75,55,37,50,92,48,2,9,753
Cavan-Monaghan,2ae19629-1a72-13a3-e055-000000000001,"Killeevan, Monaghan",9,29,45,45,21,25,9,19,30,11,1,1,245
Cavan-Monaghan,2ae19629-1a7e-13a3-e055-000000000001,"Killylough, Monaghan",16,62,73,55,31,25,15,19,54,30,1,6,387
Cavan-Monaghan,2ae19629-1a7f-13a3-e055-000000000001,"Killynenagh, Monaghan",10,19,31,20,8,8,8,9,18,8,1,4,144
Cavan-Monaghan,2ae19629-1a80-13a3-e055-000000000001,"Kilmore, Monaghan",6,27,74,67,35,26,22,28,31,25,2,6,349
Cavan-Monaghan,2ae19629-1a8b-13a3-e055-000000000001,"Kilmurry, Monaghan",27,36,82,71,20,38,19,43,45,30,2,10,423
Cavan-Monaghan,2ae19629-1a8c-13a3-e055-000000000001,"Kiltybegs, Monaghan",20,38,111,69,39,31,23,33,60,25,1,2,452
Cavan-Monaghan,2ae19629-1a8d-13a3-e055-000000000001,"Laragh, Monaghan",24,41,70,65,25,17,19,17,49,26,2,9,364
Cavan-Monaghan,2ae19629-1a97-13a3-e055-000000000001,"Lisnaveane, Monaghan",8,33,67,52,23,27,16,14,23,12,1,3,279
Cavan-Monaghan,2ae19629-1a98-13a3-e055-000000000001,"Lough Fea, Monaghan",4,38,73,78,45,32,34,33,57,33,4,23,454
Cavan-Monaghan,2ae19629-1aa1-13a3-e055-000000000001,"Monaghan Rural, Monaghan",184,296,594,763,426,200,220,290,394,280,19,346,4012
Cavan-Monaghan,2ae19629-1aa2-13a3-e055-000000000001,"Monaghan Urban, Monaghan",61,139,218,319,163,59,75,99,98,66,12,214,1523
Cavan-Monaghan,2ae19629-1aa3-13a3-e055-000000000001,"Mullyash, Monaghan",19,28,68,41,25,12,11,13,18,5,3,12,255
Cavan-Monaghan,2ae19629-1aac-13a3-e055-000000000001,"Newbliss, Monaghan",17,68,117,103,53,43,32,34,52,47,3,18,587
Cavan-Monaghan,2ae19629-1aad-13a3-e055-000000000001,"Rackwallace, Monaghan",16,64,125,112,47,39,31,49,80,54,1,17,635
Cavan-Monaghan,2ae19629-1ab7-13a3-e055-000000000001,"Raferagh, Monaghan",15,41,75,39,17,18,13,23,25,27,2,12,307
Cavan-Monaghan,2ae19629-1ab8-13a3-e055-000000000001,"Scotstown, Monaghan",20,78,138,134,81,60,44,57,108,52,4,23,799
Cavan-Monaghan,2ae19629-1ac2-13a3-e055-000000000001,"Shanmullagh, Monaghan",14,23,28,19,11,13,9,7,22,6,0,9,161
Cavan-Monaghan,2ae19629-1ac3-13a3-e055-000000000001,"Sheskin, Monaghan",33,58,89,73,22,29,18,32,40,23,0,12,429
Cavan-Monaghan,2ae19629-1ac4-13a3-e055-000000000001,"St. Tierney, Monaghan",10,23,38,59,27,12,11,28,38,25,1,10,282
Cavan-Monaghan,2ae19629-1ac5-13a3-e055-000000000001,"Tedavnet, Monaghan",27,64,134,117,53,37,42,41,78,35,1,15,644
Cavan-Monaghan,2ae19629-1acf-13a3-e055-000000000001,"Tehallan, Monaghan",21,46,105,120,39,37,43,42,55,57,2,10,577
Cavan-Monaghan,2ae19629-1ad0-13a3-e055-000000000001,"Tullycorbet, Monaghan",16,61,114,80,27,13,21,30,49,31,3,5,450
