NEW CONSTITUENCY,ED_GUID,GEOGDESC,Median Gross Household Income,Mean Gross Household Income,Ireland Median Gross Household Income,Ireland Mean Gross Household Income
Carlow-Kilkenny,2ae19629-1836-13a3-e055-000000000001,"Agha, Carlow",75000,81184,60123,78508
Carlow-Kilkenny,2ae19629-1837-13a3-e055-000000000001,"Ballinacarrig, Carlow",70226,82461,60123,78508
Carlow-Kilkenny,2ae19629-1840-13a3-e055-000000000001,"Ballintemple, Carlow",63819,77472,60123,78508
Carlow-Kilkenny,2ae19629-1841-13a3-e055-000000000001,"Ballon, Carlow",55475,69954,60123,78508
Carlow-Kilkenny,2ae19629-1842-13a3-e055-000000000001,"Ballyellin, Carlow",63022,74473,60123,78508
Carlow-Kilkenny,2ae19629-1843-13a3-e055-000000000001,"Ballymoon, Carlow",69034,74366,60123,78508
Carlow-Kilkenny,2ae19629-184d-13a3-e055-000000000001,"Ballymurphy, Carlow",55884,70523,60123,78508
Carlow-Kilkenny,2ae19629-184e-13a3-e055-000000000001,"Borris, Carlow",49362,60326,60123,78508
Carlow-Kilkenny,2ae19629-184f-13a3-e055-000000000001,"Burton Hall, Carlow",84318,90626,60123,78508
Carlow-Kilkenny,2ae19629-1857-13a3-e055-000000000001,"Carlow Rural, Carlow",53687,65303,60123,78508
Carlow-Kilkenny,2ae19629-1858-13a3-e055-000000000001,"Carlow Urban, Carlow",38222,48776,60123,78508
Carlow-Kilkenny,2ae19629-1859-13a3-e055-000000000001,"Clogrenan, Carlow",65703,78500,60123,78508
Carlow-Kilkenny,2ae19629-185a-13a3-e055-000000000001,"Clonegall, Carlow",57680,67852,60123,78508
Carlow-Kilkenny,2ae19629-1864-13a3-e055-000000000001,"Clonmore, Carlow",64741,77123,60123,78508
Carlow-Kilkenny,2ae19629-1865-13a3-e055-000000000001,"Coonogue, Carlow",47284,58092,60123,78508
Carlow-Kilkenny,2ae19629-1866-13a3-e055-000000000001,"Corries, Carlow",58143,68849,60123,78508
Carlow-Kilkenny,2ae19629-1872-13a3-e055-000000000001,"Cranemore, Carlow",56192,67775,60123,78508
Carlow-Kilkenny,2ae19629-1873-13a3-e055-000000000001,"Fennagh, Carlow",65175,71658,60123,78508
Carlow-Kilkenny,2ae19629-1874-13a3-e055-000000000001,"Garryhill, Carlow",62586,80241,60123,78508
Carlow-Kilkenny,2ae19629-187d-13a3-e055-000000000001,"Glynn, Carlow",57051,71475,60123,78508
Carlow-Kilkenny,2ae19629-1a59-13a3-e055-000000000001,"Graigue Urban, Carlow",36299,44259,60123,78508
Carlow-Kilkenny,2ae19629-187e-13a3-e055-000000000001,"Grangeford, Carlow",74915,83448,60123,78508
Carlow-Kilkenny,2ae19629-187f-13a3-e055-000000000001,"Hacketstown, Carlow",51475,61800,60123,78508
Carlow-Kilkenny,2ae19629-1887-13a3-e055-000000000001,"Haroldstown, Carlow",60444,74338,60123,78508
Carlow-Kilkenny,2ae19629-1888-13a3-e055-000000000001,"Johnstown, Carlow",69140,89367,60123,78508
Carlow-Kilkenny,2ae19629-1889-13a3-e055-000000000001,"Kellistown, Carlow",63836,76376,60123,78508
Carlow-Kilkenny,2ae19629-188a-13a3-e055-000000000001,"Kilbride, Carlow",63545,77292,60123,78508
Carlow-Kilkenny,2ae19629-1895-13a3-e055-000000000001,"Killedmond, Carlow",57449,69698,60123,78508
Carlow-Kilkenny,2ae19629-1896-13a3-e055-000000000001,"Killerrig, Carlow",89364,109837,60123,78508
Carlow-Kilkenny,2ae19629-1897-13a3-e055-000000000001,"Kineagh, Carlow",68057,77051,60123,78508
Carlow-Kilkenny,2ae19629-18a0-13a3-e055-000000000001,"Kyle, Carlow",59018,73287,60123,78508
Carlow-Kilkenny,2ae19629-18a1-13a3-e055-000000000001,"Leighlinbridge, Carlow",51553,68802,60123,78508
Carlow-Kilkenny,2ae19629-18a2-13a3-e055-000000000001,"Marley, Carlow",69985,71939,60123,78508
Carlow-Kilkenny,2ae19629-18ab-13a3-e055-000000000001,"Muinebeag Rural, Carlow",73190,81611,60123,78508
Carlow-Kilkenny,2ae19629-18ac-13a3-e055-000000000001,"Muinebeag Urban, Carlow",43621,53230,60123,78508
Carlow-Kilkenny,2ae19629-18ad-13a3-e055-000000000001,"Myshall, Carlow",49928,63271,60123,78508
Carlow-Kilkenny,2ae19629-18ae-13a3-e055-000000000001,"Nurney, Carlow",66367,82647,60123,78508
Carlow-Kilkenny,2ae19629-18b7-13a3-e055-000000000001,"Oldleighlin, Carlow",62327,77311,60123,78508
Carlow-Kilkenny,2ae19629-18b8-13a3-e055-000000000001,"Rahill, Carlow",59729,71134,60123,78508
Carlow-Kilkenny,2ae19629-18b9-13a3-e055-000000000001,"Rathanna, Carlow",52288,68386,60123,78508
Carlow-Kilkenny,2ae19629-18c2-13a3-e055-000000000001,"Rathornan, Carlow",54868,83959,60123,78508
Carlow-Kilkenny,2ae19629-18c3-13a3-e055-000000000001,"Rathrush, Carlow",81030,85326,60123,78508
Carlow-Kilkenny,2ae19629-18c4-13a3-e055-000000000001,"Rathvilly, Carlow",47815,57552,60123,78508
Carlow-Kilkenny,2ae19629-1816-13a3-e055-000000000001,"Ridge, Carlow",68790,71316,60123,78508
Carlow-Kilkenny,2ae19629-1817-13a3-e055-000000000001,"Shangarry, Carlow",68954,82811,60123,78508
Carlow-Kilkenny,2ae19629-1818-13a3-e055-000000000001,"Sliguff, Carlow",59965,72277,60123,78508
Carlow-Kilkenny,2ae19629-1820-13a3-e055-000000000001,"Tankardstown, Carlow",68848,89474,60123,78508
Carlow-Kilkenny,2ae19629-1821-13a3-e055-000000000001,"Templepeter, Carlow",69272,84974,60123,78508
Carlow-Kilkenny,2ae19629-1822-13a3-e055-000000000001,"Tiknock, Carlow",61924,73323,60123,78508
Carlow-Kilkenny,2ae19629-1823-13a3-e055-000000000001,"Tinnahinch, Carlow",47322,61546,60123,78508
Carlow-Kilkenny,2ae19629-1a55-13a3-e055-000000000001,"Tullow Rural, Carlow",63435,78657,60123,78508
Carlow-Kilkenny,2ae19629-1a56-13a3-e055-000000000001,"Tullow Urban, Carlow",45072,51654,60123,78508
Carlow-Kilkenny,2ae19629-1a57-13a3-e055-000000000001,"Tullowbeg, Carlow",62998,70967,60123,78508
Carlow-Kilkenny,2ae19629-1a58-13a3-e055-000000000001,"Williamstown, Carlow",64123,75101,60123,78508
Dublin Central,2ae19629-1ceb-13a3-e055-000000000001,"Arran Quay A, Dublin City",63642,82213,60123,78508
Dublin Central,2ae19629-1cec-13a3-e055-000000000001,"Arran Quay B, Dublin City",64740,76271,60123,78508
Dublin Central,2ae19629-1ced-13a3-e055-000000000001,"Arran Quay C, Dublin City",65854,81163,60123,78508
Dublin Central,2ae19629-1cee-13a3-e055-000000000001,"Arran Quay D, Dublin City",54430,73101,60123,78508
Dublin Central,2ae19629-1cef-13a3-e055-000000000001,"Arran Quay E, Dublin City",60435,77624,60123,78508
Dublin West,2ae19629-1cf0-13a3-e055-000000000001,"Ashtown A, Dublin City",84641,98539,60123,78508
Dublin West,2ae19629-1d03-13a3-e055-000000000001,"Ashtown B, Dublin City",76806,97490,60123,78508
Dublin Bay North,2ae19629-1d04-13a3-e055-000000000001,"Ayrfield, Dublin City",55504,70333,60123,78508
Dublin Central,2ae19629-1d05-13a3-e055-000000000001,"Ballybough A, Dublin City",44926,58763,60123,78508
Dublin Central,2ae19629-1d06-13a3-e055-000000000001,"Ballybough B, Dublin City",50175,66149,60123,78508
Dublin North-West,2ae19629-1d08-13a3-e055-000000000001,"Ballygall A, Dublin City",56596,68337,60123,78508
Dublin North-West,2ae19629-1d09-13a3-e055-000000000001,"Ballygall B, Dublin City",50719,66611,60123,78508
Dublin North-West,2ae19629-1d07-13a3-e055-000000000001,"Ballygall C, Dublin City",70015,90044,60123,78508
Dublin North-West,2ae19629-1d0a-13a3-e055-000000000001,"Ballygall D, Dublin City",62679,79931,60123,78508
Dublin North-West,2ae19629-1d0b-13a3-e055-000000000001,"Ballymun A, Dublin City",56217,66282,60123,78508
Dublin North-West,2ae19629-1d0c-13a3-e055-000000000001,"Ballymun B, Dublin City",45916,52832,60123,78508
Dublin North-West,2ae19629-1d0d-13a3-e055-000000000001,"Ballymun C, Dublin City",48123,56850,60123,78508
Dublin North-West,2ae19629-1d0e-13a3-e055-000000000001,"Ballymun D, Dublin City",40504,48399,60123,78508
Dublin North-West,2ae19629-1d0f-13a3-e055-000000000001,"Ballymun E, Dublin City",77363,101067,60123,78508
Dublin North-West,2ae19629-1d10-13a3-e055-000000000001,"Ballymun F, Dublin City",68251,80783,60123,78508
Dublin North-West,2ae19629-1d11-13a3-e055-000000000001,"Beaumont A, Dublin City",70286,83634,60123,78508
Dublin North-West,2ae19629-1d12-13a3-e055-000000000001,"Beaumont B, Dublin City",67757,80982,60123,78508
Dublin Bay North,2ae19629-1d21-13a3-e055-000000000001,"Beaumont C, Dublin City",63279,76582,60123,78508
Dublin Bay North,2ae19629-1d22-13a3-e055-000000000001,"Beaumont D, Dublin City",74840,91925,60123,78508
Dublin Bay North,2ae19629-1d23-13a3-e055-000000000001,"Beaumont E, Dublin City",66507,86126,60123,78508
Dublin North-West,2ae19629-1d24-13a3-e055-000000000001,"Beaumont F, Dublin City",75151,90201,60123,78508
Dublin Central,2ae19629-1d25-13a3-e055-000000000001,"Botanic A, Dublin City",68599,95744,60123,78508
Dublin Central,2ae19629-1d26-13a3-e055-000000000001,"Botanic B, Dublin City",80848,114117,60123,78508
Dublin Central,2ae19629-1d27-13a3-e055-000000000001,"Botanic C, Dublin City",77632,117127,60123,78508
Dublin Central,2ae19629-1d28-13a3-e055-000000000001,"Cabra East A, Dublin City",61962,83987,60123,78508
Dublin Central,2ae19629-1d29-13a3-e055-000000000001,"Cabra East B, Dublin City",56113,71454,60123,78508
Dublin Central,2ae19629-1d2a-13a3-e055-000000000001,"Cabra East C, Dublin City",53194,77967,60123,78508
Dublin Central,2ae19629-1d2b-13a3-e055-000000000001,"Cabra West A, Dublin City",50754,61840,60123,78508
Dublin Central,2ae19629-1d2c-13a3-e055-000000000001,"Cabra West B, Dublin City",45150,58442,60123,78508
Dublin Central,2ae19629-1d2d-13a3-e055-000000000001,"Cabra West C, Dublin City",56766,71659,60123,78508
Dublin Central,2ae19629-1d2e-13a3-e055-000000000001,"Cabra West D, Dublin City",63707,80795,60123,78508
Dublin South-Central,2ae19629-1d31-13a3-e055-000000000001,"Carna, Dublin City",50832,59103,60123,78508
Dublin South-Central,2ae19629-1d2f-13a3-e055-000000000001,"Chapelizod, Dublin City",67116,83756,60123,78508
Dublin South-Central,2ae19629-1d30-13a3-e055-000000000001,"Cherry Orchard A, Dublin City",49720,56515,60123,78508
Dublin South-Central,2ae19629-1d42-13a3-e055-000000000001,"Cherry Orchard C, Dublin City",55117,63395,60123,78508
Dublin Bay North,2ae19629-1d43-13a3-e055-000000000001,"Clontarf East A, Dublin City",74642,98443,60123,78508
Dublin Bay North,2ae19629-1d44-13a3-e055-000000000001,"Clontarf East B, Dublin City",90337,138566,60123,78508
Dublin Bay North,2ae19629-1d45-13a3-e055-000000000001,"Clontarf East C, Dublin City",88697,143004,60123,78508
Dublin Bay North,2ae19629-1d46-13a3-e055-000000000001,"Clontarf East D, Dublin City",99350,158665,60123,78508
Dublin Bay North,2ae19629-1d47-13a3-e055-000000000001,"Clontarf East E, Dublin City",92618,132432,60123,78508
Dublin Bay North,2ae19629-1d48-13a3-e055-000000000001,"Clontarf West A, Dublin City",76902,97408,60123,78508
Dublin Bay North,2ae19629-1d49-13a3-e055-000000000001,"Clontarf West B, Dublin City",56943,70929,60123,78508
Dublin Bay North,2ae19629-1d4a-13a3-e055-000000000001,"Clontarf West C, Dublin City",82587,126423,60123,78508
Dublin Bay North,2ae19629-1d4b-13a3-e055-000000000001,"Clontarf West D, Dublin City",61114,81861,60123,78508
Dublin Bay North,2ae19629-1d4c-13a3-e055-000000000001,"Clontarf West E, Dublin City",79440,98534,60123,78508
Dublin South-Central,2ae19629-1d4d-13a3-e055-000000000001,"Crumlin A, Dublin City",58275,67271,60123,78508
Dublin South-Central,2ae19629-1d4e-13a3-e055-000000000001,"Crumlin B, Dublin City",52357,66179,60123,78508
Dublin South-Central,2ae19629-1d4f-13a3-e055-000000000001,"Crumlin C, Dublin City",57394,72553,60123,78508
Dublin South-Central,2ae19629-1d50-13a3-e055-000000000001,"Crumlin D, Dublin City",55493,68504,60123,78508
Dublin South-Central,2ae19629-1d62-13a3-e055-000000000001,"Crumlin E, Dublin City",52885,62037,60123,78508
Dublin South-Central,2ae19629-1d63-13a3-e055-000000000001,"Crumlin F, Dublin City",60005,71806,60123,78508
Dublin South-Central,2ae19629-1d64-13a3-e055-000000000001,"Decies, Dublin City",46888,55746,60123,78508
Dublin Central,2ae19629-1d65-13a3-e055-000000000001,"Drumcondra South A, Dublin City",85016,110883,60123,78508
Dublin Central,2ae19629-1d66-13a3-e055-000000000001,"Drumcondra South B, Dublin City",63154,81779,60123,78508
Dublin Central,2ae19629-1d67-13a3-e055-000000000001,"Drumcondra South C, Dublin City",74618,101735,60123,78508
Dublin South-Central,2ae19629-1d68-13a3-e055-000000000001,"Drumfinn, Dublin City",48674,56499,60123,78508
Dublin Bay North,2ae19629-1d69-13a3-e055-000000000001,"Edenmore, Dublin City",52332,64902,60123,78508
Dublin North-West,2ae19629-1d6a-13a3-e055-000000000001,"Finglas North A, Dublin City",47995,58272,60123,78508
Dublin North-West,2ae19629-1d6b-13a3-e055-000000000001,"Finglas North B, Dublin City",48960,58579,60123,78508
Dublin North-West,2ae19629-1d6c-13a3-e055-000000000001,"Finglas North C, Dublin City",62744,73071,60123,78508
Dublin North-West,2ae19629-1d6d-13a3-e055-000000000001,"Finglas South A, Dublin City",50155,57193,60123,78508
Dublin North-West,2ae19629-1d6e-13a3-e055-000000000001,"Finglas South B, Dublin City",49813,58688,60123,78508
Dublin North-West,2ae19629-1d6f-13a3-e055-000000000001,"Finglas South C, Dublin City",50684,56346,60123,78508
Dublin North-West,2ae19629-1d70-13a3-e055-000000000001,"Finglas South D, Dublin City",50994,58962,60123,78508
Dublin Bay North,2ae19629-1d71-13a3-e055-000000000001,"Grace Park, Dublin City",79470,103002,60123,78508
Dublin Bay North,2ae19629-1d7f-13a3-e055-000000000001,"Grange A, Dublin City",77641,88983,60123,78508
Dublin Bay North,2ae19629-1d80-13a3-e055-000000000001,"Grange B, Dublin City",74263,86401,60123,78508
Dublin Bay North,2ae19629-1d81-13a3-e055-000000000001,"Grange C, Dublin City",56132,66594,60123,78508
Dublin Bay North,2ae19629-1d82-13a3-e055-000000000001,"Grange D, Dublin City",61666,79319,60123,78508
Dublin Bay North,2ae19629-1d83-13a3-e055-000000000001,"Grange E, Dublin City",55567,69756,60123,78508
Dublin Bay North,2ae19629-1d84-13a3-e055-000000000001,"Harmonstown A, Dublin City",58609,72655,60123,78508
Dublin Bay North,2ae19629-1d85-13a3-e055-000000000001,"Harmonstown B, Dublin City",68936,84483,60123,78508
Dublin South-Central,2ae19629-1d86-13a3-e055-000000000001,"Inchicore A, Dublin City",57041,72325,60123,78508
Dublin South-Central,2ae19629-1d87-13a3-e055-000000000001,"Inchicore B, Dublin City",45049,56827,60123,78508
Dublin Central,2ae19629-1d88-13a3-e055-000000000001,"Inns Quay A, Dublin City",60888,75061,60123,78508
Dublin Central,2ae19629-1d89-13a3-e055-000000000001,"Inns Quay B, Dublin City",48435,64072,60123,78508
Dublin Central,2ae19629-1d8a-13a3-e055-000000000001,"Inns Quay C, Dublin City",48718,60463,60123,78508
Dublin South-Central,2ae19629-1d8b-13a3-e055-000000000001,"Kilmainham A, Dublin City",48321,56530,60123,78508
Dublin South-Central,2ae19629-1d8c-13a3-e055-000000000001,"Kilmainham B, Dublin City",73489,90193,60123,78508
Dublin South-Central,2ae19629-1d8d-13a3-e055-000000000001,"Kilmainham C, Dublin City",59545,71983,60123,78508
Dublin North-West,2ae19629-1d97-13a3-e055-000000000001,"Kilmore A, Dublin City",72872,81956,60123,78508
Dublin Bay North,2ae19629-1d98-13a3-e055-000000000001,"Kilmore B, Dublin City",46639,58497,60123,78508
Dublin Bay North,2ae19629-1d8e-13a3-e055-000000000001,"Kilmore C, Dublin City",49876,57783,60123,78508
Dublin Bay North,2ae19629-1d96-13a3-e055-000000000001,"Kilmore D, Dublin City",52940,67335,60123,78508
Dublin South-Central,2ae19629-1d99-13a3-e055-000000000001,"Kimmage A, Dublin City",53079,63724,60123,78508
Dublin South-Central,2ae19629-1d9a-13a3-e055-000000000001,"Kimmage B, Dublin City",53195,64004,60123,78508
Dublin South-Central,2ae19629-1d9b-13a3-e055-000000000001,"Kimmage C, Dublin City",74987,93702,60123,78508
Dublin South-Central,2ae19629-1d9c-13a3-e055-000000000001,"Kimmage D, Dublin City",59917,75698,60123,78508
Dublin South-Central,2ae19629-1d9d-13a3-e055-000000000001,"Kimmage E, Dublin City",54305,71664,60123,78508
Dublin South-Central,2ae19629-1d9e-13a3-e055-000000000001,"Kylemore, Dublin City",48654,58280,60123,78508
Dublin Bay South,2ae19629-1d9f-13a3-e055-000000000001,"Mansion House A, Dublin City",51082,67659,60123,78508
Dublin Bay South,2ae19629-1da0-13a3-e055-000000000001,"Mansion House B, Dublin City",78788,147973,60123,78508
Dublin South-Central,2ae19629-1da1-13a3-e055-000000000001,"Merchants Quay A, Dublin City",43021,56625,60123,78508
Dublin South-Central,2ae19629-1da2-13a3-e055-000000000001,"Merchants Quay B, Dublin City",55724,66675,60123,78508
Dublin South-Central,2ae19629-1da3-13a3-e055-000000000001,"Merchants Quay C, Dublin City",53950,66596,60123,78508
Dublin South-Central,2ae19629-1da4-13a3-e055-000000000001,"Merchants Quay D, Dublin City",74834,95221,60123,78508
Dublin South-Central,2ae19629-1da5-13a3-e055-000000000001,"Merchants Quay E, Dublin City",67052,96472,60123,78508
Dublin South-Central,2ae19629-1da6-13a3-e055-000000000001,"Merchants Quay F, Dublin City",53955,68329,60123,78508
Dublin Central,2ae19629-1da7-13a3-e055-000000000001,"Mountjoy A, Dublin City",42591,56174,60123,78508
Dublin Central,2ae19629-1da8-13a3-e055-000000000001,"Mountjoy B, Dublin City",46845,53077,60123,78508
Dublin Central,2ae19629-1db2-13a3-e055-000000000001,"North City, Dublin City",57782,67270,60123,78508
Dublin Central,2ae19629-1db3-13a3-e055-000000000001,"North Dock A, Dublin City",63621,80050,60123,78508
Dublin Central,2ae19629-1db4-13a3-e055-000000000001,"North Dock B, Dublin City",74734,92553,60123,78508
Dublin Central,2ae19629-1db5-13a3-e055-000000000001,"North Dock C, Dublin City",65165,81763,60123,78508
Dublin Bay South,2ae19629-1db6-13a3-e055-000000000001,"Pembroke East A, Dublin City",66385,87895,60123,78508
Dublin Bay South,2ae19629-1db7-13a3-e055-000000000001,"Pembroke East B, Dublin City",103737,164771,60123,78508
Dublin Bay South,2ae19629-1db8-13a3-e055-000000000001,"Pembroke East C, Dublin City",99125,156931,60123,78508
Dublin Bay South,2ae19629-1db9-13a3-e055-000000000001,"Pembroke East D, Dublin City",84215,138961,60123,78508
Dublin Bay South,2ae19629-1dba-13a3-e055-000000000001,"Pembroke East E, Dublin City",108704,181856,60123,78508
Dublin Bay South,2ae19629-1dbb-13a3-e055-000000000001,"Pembroke West A, Dublin City",98706,127858,60123,78508
Dublin Bay South,2ae19629-1dbc-13a3-e055-000000000001,"Pembroke West B, Dublin City",119866,187700,60123,78508
Dublin Bay South,2ae19629-1dbd-13a3-e055-000000000001,"Pembroke West C, Dublin City",84817,135612,60123,78508
Dublin West,2ae19629-1dbe-13a3-e055-000000000001,"Phoenix Park, Dublin City",69548,82165,60123,78508
Dublin Bay North,2ae19629-1dcc-13a3-e055-000000000001,"Priorswood A, Dublin City",61246,69685,60123,78508
Dublin Bay North,2ae19629-1dcd-13a3-e055-000000000001,"Priorswood B, Dublin City",50255,58735,60123,78508
Dublin Bay North,2ae19629-1dca-13a3-e055-000000000001,"Priorswood C, Dublin City",51020,57653,60123,78508
Dublin Bay North,2ae19629-1dcb-13a3-e055-000000000001,"Priorswood D, Dublin City",54389,61347,60123,78508
Dublin Bay North,2ae19629-1dce-13a3-e055-000000000001,"Priorswood E, Dublin City",62760,71224,60123,78508
Dublin Bay North,2ae19629-1dcf-13a3-e055-000000000001,"Raheny-Foxfield, Dublin City",67016,94965,60123,78508
Dublin Bay North,2ae19629-1dd0-13a3-e055-000000000001,"Raheny-Greendale, Dublin City",54753,83501,60123,78508
Dublin Bay North,2ae19629-1dd1-13a3-e055-000000000001,"Raheny-St. Assam, Dublin City",87302,114269,60123,78508
Dublin Bay South,2ae19629-1dd2-13a3-e055-000000000001,"Rathfarnham, Dublin City",89790,164656,60123,78508
Dublin Bay South,2ae19629-1dd3-13a3-e055-000000000001,"Rathmines East A, Dublin City",78896,141414,60123,78508
Dublin Bay South,2ae19629-1dd4-13a3-e055-000000000001,"Rathmines East B, Dublin City",105697,155721,60123,78508
Dublin Bay South,2ae19629-1dd5-13a3-e055-000000000001,"Rathmines East C, Dublin City",96757,193968,60123,78508
Dublin Bay South,2ae19629-1dd6-13a3-e055-000000000001,"Rathmines East D, Dublin City",95751,150153,60123,78508
Dublin Bay South,2ae19629-1dd7-13a3-e055-000000000001,"Rathmines West A, Dublin City",61981,88579,60123,78508
Dublin Bay South,2ae19629-1dd8-13a3-e055-000000000001,"Rathmines West B, Dublin City",66442,104955,60123,78508
Dublin Bay South,2ae19629-1de6-13a3-e055-000000000001,"Rathmines West C, Dublin City",81350,168336,60123,78508
Dublin Bay South,2ae19629-1de7-13a3-e055-000000000001,"Rathmines West D, Dublin City",68200,128054,60123,78508
Dublin Bay South,2ae19629-1de8-13a3-e055-000000000001,"Rathmines West E, Dublin City",78300,133730,60123,78508
Dublin Bay South,2ae19629-1de9-13a3-e055-000000000001,"Rathmines West F, Dublin City",72745,126594,60123,78508
Dublin Central,2ae19629-1dea-13a3-e055-000000000001,"Rotunda A, Dublin City",44032,53718,60123,78508
Dublin Central,2ae19629-1deb-13a3-e055-000000000001,"Rotunda B, Dublin City",48110,59816,60123,78508
Dublin Bay South,2ae19629-1dec-13a3-e055-000000000001,"Royal Exchange A, Dublin City",56399,74949,60123,78508
Dublin Bay South,2ae19629-1ded-13a3-e055-000000000001,"Royal Exchange B, Dublin City",38475,49719,60123,78508
Dublin Bay South,2ae19629-1dee-13a3-e055-000000000001,"Saint Kevin's, Dublin City",67409,89530,60123,78508
Dublin Bay South,2ae19629-1def-13a3-e055-000000000001,"South Dock, Dublin City",94086,122729,60123,78508
Dublin Bay South,2ae19629-1df0-13a3-e055-000000000001,"Terenure A, Dublin City",79615,109526,60123,78508
Dublin Bay South,2ae19629-1df1-13a3-e055-000000000001,"Terenure B, Dublin City",82188,117718,60123,78508
Dublin Bay South,2ae19629-1df2-13a3-e055-000000000001,"Terenure C, Dublin City",109069,155289,60123,78508
Dublin Bay South,2ae19629-1df3-13a3-e055-000000000001,"Terenure D, Dublin City",109069,191068,60123,78508
Dublin South-Central,2ae19629-1df4-13a3-e055-000000000001,"Ushers A, Dublin City",92342,105246,60123,78508
Dublin South-Central,2ae19629-1df5-13a3-e055-000000000001,"Ushers B, Dublin City",50020,58186,60123,78508
Dublin South-Central,2ae19629-1df6-13a3-e055-000000000001,"Ushers C, Dublin City",48092,60066,60123,78508
Dublin South-Central,2ae19629-1df7-13a3-e055-000000000001,"Ushers D, Dublin City",49876,65506,60123,78508
Dublin South-Central,2ae19629-1df8-13a3-e055-000000000001,"Ushers E, Dublin City",45137,62083,60123,78508
Dublin South-Central,2ae19629-1e05-13a3-e055-000000000001,"Ushers F, Dublin City",69380,86990,60123,78508
Dublin South-Central,2ae19629-1e06-13a3-e055-000000000001,"Walkinstown A, Dublin City",63577,75463,60123,78508
Dublin South-Central,2ae19629-1e07-13a3-e055-000000000001,"Walkinstown B, Dublin City",62006,73676,60123,78508
Dublin South-Central,2ae19629-1e08-13a3-e055-000000000001,"Walkinstown C, Dublin City",61757,73940,60123,78508
Dublin North-West,2ae19629-1e09-13a3-e055-000000000001,"Whitehall A, Dublin City",69441,97525,60123,78508
Dublin North-West,2ae19629-1e0a-13a3-e055-000000000001,"Whitehall B, Dublin City",63310,75977,60123,78508
Dublin North-West,2ae19629-1e0b-13a3-e055-000000000001,"Whitehall C, Dublin City",71209,81923,60123,78508
Dublin North-West,2ae19629-1e0c-13a3-e055-000000000001,"Whitehall D, Dublin City",69196,88885,60123,78508
Dublin Bay South,2ae19629-1e0d-13a3-e055-000000000001,"Wood Quay A, Dublin City",34437,49901,60123,78508
Dublin Bay South,2ae19629-1e0e-13a3-e055-000000000001,"Wood Quay B, Dublin City",58833,95101,60123,78508
Dublin South-West,2ae19629-1e23-13a3-e055-000000000001,"Ballinascorney, South Dublin",67118,81470,60123,78508
Dublin South-West,2ae19629-1e2a-13a3-e055-000000000001,"Ballyboden, South Dublin",90196,110960,60123,78508
Dublin South-West,2ae19629-1ce0-13a3-e055-000000000001,"Bohernabreena, South Dublin",82826,97581,60123,78508
Dublin Mid-West,2ae19629-1d02-13a3-e055-000000000001,"Clondalkin Village, South Dublin",63594,72416,60123,78508
Dublin South-West,2ae19629-1cfc-13a3-e055-000000000001,"Clondalkin-Ballymount, South Dublin",75942,86309,60123,78508
Dublin Mid-West,2ae19629-1cfd-13a3-e055-000000000001,"Clondalkin-Cappaghmore, South Dublin",53417,62931,60123,78508
Dublin Mid-West,2ae19629-1cfe-13a3-e055-000000000001,"Clondalkin-Dunawley, South Dublin",56395,63437,60123,78508
Dublin Mid-West,2ae19629-1cff-13a3-e055-000000000001,"Clondalkin-Monastery, South Dublin",64301,74422,60123,78508
Dublin Mid-West,2ae19629-1d00-13a3-e055-000000000001,"Clondalkin-Moorfield, South Dublin",57248,65490,60123,78508
Dublin Mid-West,2ae19629-1d01-13a3-e055-000000000001,"Clondalkin-Rowlagh, South Dublin",50473,58549,60123,78508
Dublin South-West,2ae19629-1d5f-13a3-e055-000000000001,"Edmondstown, South Dublin",76213,99186,60123,78508
Dublin South-West,2ae19629-1d60-13a3-e055-000000000001,"Firhouse Village, South Dublin",80903,91403,60123,78508
Dublin South-West,2ae19629-1d61-13a3-e055-000000000001,"Firhouse-Ballycullen, South Dublin",108609,123475,60123,78508
Dublin South-West,2ae19629-1d78-13a3-e055-000000000001,"Firhouse-Knocklyon, South Dublin",81904,101689,60123,78508
Dublin Mid-West,2ae19629-1dc8-13a3-e055-000000000001,"Lucan Heights, South Dublin",68878,88099,60123,78508
Dublin Mid-West,2ae19629-1dc7-13a3-e055-000000000001,"Lucan-Esker, South Dublin",87714,98458,60123,78508
Dublin Mid-West,2ae19629-1dde-13a3-e055-000000000001,"Lucan-St. Helens, South Dublin",87643,100169,60123,78508
Dublin Mid-West,2ae19629-1de2-13a3-e055-000000000001,"Newcastle, South Dublin",76839,89506,60123,78508
Dublin Mid-West,2ae19629-1de3-13a3-e055-000000000001,"Palmerston Village, South Dublin",58480,75512,60123,78508
Dublin Mid-West,2ae19629-1de4-13a3-e055-000000000001,"Palmerston West, South Dublin",65615,77387,60123,78508
Dublin Mid-West,2ae19629-1dff-13a3-e055-000000000001,"Rathcoole, South Dublin",79106,94376,60123,78508
Dublin South-West,2ae19629-1e04-13a3-e055-000000000001,"Rathfarnham Village, South Dublin",89027,127543,60123,78508
Dublin South-West,2ae19629-1e00-13a3-e055-000000000001,"Rathfarnham-Ballyroan, South Dublin",88226,118544,60123,78508
Dublin South-West,2ae19629-1e01-13a3-e055-000000000001,"Rathfarnham-Butterfield, South Dublin",86243,127530,60123,78508
Dublin South-West,2ae19629-1e02-13a3-e055-000000000001,"Rathfarnham-Hermitage, South Dublin",95262,111462,60123,78508
Dublin South-West,2ae19629-1e03-13a3-e055-000000000001,"Rathfarnham-St. Enda's, South Dublin",81115,109555,60123,78508
Dublin Mid-West,2ae19629-1e16-13a3-e055-000000000001,"Saggart, South Dublin",76377,91874,60123,78508
Dublin South-West,2ae19629-1cb3-13a3-e055-000000000001,"Tallaght-Avonbeg, South Dublin",45946,54570,60123,78508
Dublin South-West,2ae19629-1cb4-13a3-e055-000000000001,"Tallaght-Belgard, South Dublin",65619,76604,60123,78508
Dublin Mid-West,2ae19629-1cb5-13a3-e055-000000000001,"Tallaght-Fettercairn, South Dublin",61860,75951,60123,78508
Dublin South-West,2ae19629-1cb6-13a3-e055-000000000001,"Tallaght-Glenview, South Dublin",54993,62469,60123,78508
Dublin South-West,2ae19629-1cb7-13a3-e055-000000000001,"Tallaght-Jobstown, South Dublin",60058,69693,60123,78508
Dublin South-West,2ae19629-1cb8-13a3-e055-000000000001,"Tallaght-Killinardan, South Dublin",47630,55927,60123,78508
Dublin South-West,2ae19629-1cca-13a3-e055-000000000001,"Tallaght-Kilnamanagh, South Dublin",61613,73248,60123,78508
Dublin South-West,2ae19629-1ccb-13a3-e055-000000000001,"Tallaght-Kiltipper, South Dublin",62939,69904,60123,78508
Dublin South-West,2ae19629-1ccc-13a3-e055-000000000001,"Tallaght-Kingswood, South Dublin",56582,71598,60123,78508
Dublin South-West,2ae19629-1ccd-13a3-e055-000000000001,"Tallaght-Millbrook, South Dublin",51609,62024,60123,78508
Dublin South-West,2ae19629-1cce-13a3-e055-000000000001,"Tallaght-Oldbawn, South Dublin",61700,74054,60123,78508
Dublin South-West,2ae19629-1ccf-13a3-e055-000000000001,"Tallaght-Springfield, South Dublin",57860,66739,60123,78508
Dublin South-West,2ae19629-1cd0-13a3-e055-000000000001,"Tallaght-Tymon, South Dublin",50045,62749,60123,78508
Dublin South-West,2ae19629-1cd6-13a3-e055-000000000001,"Templeogue Village, South Dublin",97068,128693,60123,78508
Dublin South-West,2ae19629-1cd1-13a3-e055-000000000001,"Templeogue-Cypress, South Dublin",85189,108197,60123,78508
Dublin South-West,2ae19629-1cd2-13a3-e055-000000000001,"Templeogue-Kimmage Manor, South Dublin",106869,142497,60123,78508
Dublin South-West,2ae19629-1cd3-13a3-e055-000000000001,"Templeogue-Limekiln, South Dublin",68766,85276,60123,78508
Dublin South-West,2ae19629-1cd4-13a3-e055-000000000001,"Templeogue-Orwell, South Dublin",76484,100840,60123,78508
Dublin South-West,2ae19629-1cd5-13a3-e055-000000000001,"Templeogue-Osprey, South Dublin",73947,91899,60123,78508
Dublin South-West,2ae19629-1cd7-13a3-e055-000000000001,"Terenure-Cherryfield, South Dublin",63412,79172,60123,78508
Dublin South-West,2ae19629-1ce6-13a3-e055-000000000001,"Terenure-Greentrees, South Dublin",73219,96188,60123,78508
Dublin South-West,2ae19629-1ce7-13a3-e055-000000000001,"Terenure-St. James, South Dublin",48144,68123,60123,78508
Dublin Fingal West,2ae19629-1eef-13a3-e055-000000000001,"Airport, Fingal",72932,84319,60123,78508
Dublin Fingal West,2ae19629-1ef0-13a3-e055-000000000001,"Balbriggan Rural, Fingal",63591,72980,60123,78508
Dublin Fingal West,2ae19629-1ef1-13a3-e055-000000000001,"Balbriggan Urban, Fingal",56005,67311,60123,78508
Dublin Bay North,2ae19629-1ef2-13a3-e055-000000000001,"Baldoyle, Fingal",69265,86070,60123,78508
Dublin Bay North,2ae19629-1e22-13a3-e055-000000000001,"Balgriffin, Fingal",98314,127234,60123,78508
Dublin Fingal West,2ae19629-1e33-13a3-e055-000000000001,"Ballyboghil, Fingal",84073,113830,60123,78508
Dublin Fingal West,2ae19629-1e35-13a3-e055-000000000001,"Balscadden, Fingal",83700,103162,60123,78508
Dublin West,2ae19629-1cc5-13a3-e055-000000000001,"Blanchardstown-Abbotstown, Fingal",79167,91633,60123,78508
Dublin West,2ae19629-1cc6-13a3-e055-000000000001,"Blanchardstown-Blakestown, Fingal",79272,89800,60123,78508
Dublin West,2ae19629-1cc7-13a3-e055-000000000001,"Blanchardstown-Coolmine, Fingal",63712,76580,60123,78508
Dublin West,2ae19629-1cc8-13a3-e055-000000000001,"Blanchardstown-Corduff, Fingal",52247,61148,60123,78508
Dublin West,2ae19629-1cc9-13a3-e055-000000000001,"Blanchardstown-Delwood, Fingal",68157,86581,60123,78508
Dublin West,2ae19629-1cdd-13a3-e055-000000000001,"Blanchardstown-Mulhuddart, Fingal",60852,69871,60123,78508
Dublin West,2ae19629-1cde-13a3-e055-000000000001,"Blanchardstown-Roselawn, Fingal",63524,82935,60123,78508
Dublin West,2ae19629-1cdf-13a3-e055-000000000001,"Blanchardstown-Tyrrelstown, Fingal",47707,53716,60123,78508
Dublin West,2ae19629-1ce5-13a3-e055-000000000001,"Castleknock-Knockmaroon, Fingal",98216,127314,60123,78508
Dublin West,2ae19629-1cf6-13a3-e055-000000000001,"Castleknock-Park, Fingal",109592,145896,60123,78508
Dublin Fingal West,2ae19629-1d17-13a3-e055-000000000001,"Clonmethan, Fingal",78718,102918,60123,78508
Dublin Fingal East,2ae19629-1d38-13a3-e055-000000000001,"Donabate, Fingal",89010,106898,60123,78508
Dublin Fingal West,2ae19629-1d39-13a3-e055-000000000001,"Dubber, Fingal",66259,74907,60123,78508
Dublin Fingal West,2ae19629-1d7d-13a3-e055-000000000001,"Garristown, Fingal",75548,96474,60123,78508
Dublin Fingal West,2ae19629-1d94-13a3-e055-000000000001,"Hollywood, Fingal",82858,102374,60123,78508
Dublin Fingal West,2ae19629-1d95-13a3-e055-000000000001,"Holmpatrick, Fingal",81676,108169,60123,78508
Dublin Bay North,2ae19629-1daf-13a3-e055-000000000001,"Howth, Fingal",86127,141692,60123,78508
Dublin Fingal West,2ae19629-1dc5-13a3-e055-000000000001,"Kilsallaghan, Fingal",73829,99292,60123,78508
Dublin Fingal East,2ae19629-1dc6-13a3-e055-000000000001,"Kinsaley, Fingal",82073,110065,60123,78508
Dublin West,2ae19629-1dc9-13a3-e055-000000000001,"Lucan North, Fingal",128856,167875,60123,78508
Dublin Fingal West,2ae19629-1ddf-13a3-e055-000000000001,"Lusk, Fingal",78709,90250,60123,78508
Dublin Fingal East,2ae19629-1de0-13a3-e055-000000000001,"Malahide East, Fingal",90655,133447,60123,78508
Dublin Fingal East,2ae19629-1de1-13a3-e055-000000000001,"Malahide West, Fingal",92161,123054,60123,78508
Dublin Fingal East,2ae19629-1de5-13a3-e055-000000000001,"Portmarnock North, Fingal",81054,112682,60123,78508
Dublin Fingal East,2ae19629-1dfe-13a3-e055-000000000001,"Portmarnock South, Fingal",92578,115301,60123,78508
Dublin Fingal West,2ae19629-1e15-13a3-e055-000000000001,"Rush, Fingal",73656,87607,60123,78508
Dublin Fingal West,2ae19629-1c9f-13a3-e055-000000000001,"Skerries, Fingal",75119,97625,60123,78508
Dublin Bay North,2ae19629-1ca6-13a3-e055-000000000001,"Sutton, Fingal",72995,100631,60123,78508
Dublin Fingal East,2ae19629-1cb2-13a3-e055-000000000001,"Swords Village, Fingal",63005,75349,60123,78508
Dublin Fingal East,2ae19629-1ca8-13a3-e055-000000000001,"Swords-Forrest, Fingal",81647,93732,60123,78508
Dublin Fingal East,2ae19629-1ca7-13a3-e055-000000000001,"Swords-Glasmore, Fingal",76842,89297,60123,78508
Dublin Fingal East,2ae19629-1cb0-13a3-e055-000000000001,"Swords-Lissenhall, Fingal",78039,90878,60123,78508
Dublin Fingal East,2ae19629-1cb1-13a3-e055-000000000001,"Swords-Seatown, Fingal",86246,104207,60123,78508
Dublin West,2ae19629-1ce8-13a3-e055-000000000001,"The Ward, Fingal",83525,94402,60123,78508
Dublin Fingal West,2ae19629-1cea-13a3-e055-000000000001,"Turnapin, Fingal",80902,90662,60123,78508
Dublin Rathdown,2ae19629-1e25-13a3-e055-000000000001,"Ballinteer-Broadford, Dún Laoghaire-Rathdown",64385,87359,60123,78508
Dublin Rathdown,2ae19629-1e26-13a3-e055-000000000001,"Ballinteer-Ludford, Dún Laoghaire-Rathdown",72176,98356,60123,78508
Dublin Rathdown,2ae19629-1e27-13a3-e055-000000000001,"Ballinteer-Marley, Dún Laoghaire-Rathdown",80476,104103,60123,78508
Dublin Rathdown,2ae19629-1e28-13a3-e055-000000000001,"Ballinteer-Meadowbroads, Dún Laoghaire-Rathdown",76581,115994,60123,78508
Dublin Rathdown,2ae19629-1e29-13a3-e055-000000000001,"Ballinteer-Meadowmount, Dún Laoghaire-Rathdown",58657,84501,60123,78508
Dublin Rathdown,2ae19629-1e24-13a3-e055-000000000001,"Ballinteer-Woodpark, Dún Laoghaire-Rathdown",82671,107056,60123,78508
Dún Laoghaire,2ae19629-1e34-13a3-e055-000000000001,"Ballybrack, Dún Laoghaire-Rathdown",70301,95839,60123,78508
Dún Laoghaire,2ae19629-1e38-13a3-e055-000000000001,"Blackrock-Booterstown, Dún Laoghaire-Rathdown",93792,131420,60123,78508
Dún Laoghaire,2ae19629-1cbe-13a3-e055-000000000001,"Blackrock-Carysfort, Dún Laoghaire-Rathdown",97032,133245,60123,78508
Dún Laoghaire,2ae19629-1cbf-13a3-e055-000000000001,"Blackrock-Central, Dún Laoghaire-Rathdown",107655,182697,60123,78508
Dún Laoghaire,2ae19629-1cc0-13a3-e055-000000000001,"Blackrock-Glenomena, Dún Laoghaire-Rathdown",95656,165357,60123,78508
Dún Laoghaire,2ae19629-1e36-13a3-e055-000000000001,"Blackrock-Monkstown, Dún Laoghaire-Rathdown",88689,136010,60123,78508
Dún Laoghaire,2ae19629-1cc1-13a3-e055-000000000001,"Blackrock-Newpark, Dún Laoghaire-Rathdown",86763,114749,60123,78508
Dún Laoghaire,2ae19629-1e37-13a3-e055-000000000001,"Blackrock-Seapoint, Dún Laoghaire-Rathdown",101205,179228,60123,78508
Dún Laoghaire,2ae19629-1cc2-13a3-e055-000000000001,"Blackrock-Stradbrook, Dún Laoghaire-Rathdown",77361,104331,60123,78508
Dún Laoghaire,2ae19629-1cc3-13a3-e055-000000000001,"Blackrock-Templehill, Dún Laoghaire-Rathdown",82653,136051,60123,78508
Dún Laoghaire,2ae19629-1cc4-13a3-e055-000000000001,"Blackrock-Williamstown, Dún Laoghaire-Rathdown",92553,149648,60123,78508
Dún Laoghaire,2ae19629-1ce1-13a3-e055-000000000001,"Cabinteely-Granitefield, Dún Laoghaire-Rathdown",70817,100028,60123,78508
Dún Laoghaire,2ae19629-1ce2-13a3-e055-000000000001,"Cabinteely-Kilbogget, Dún Laoghaire-Rathdown",65289,89922,60123,78508
Dún Laoghaire,2ae19629-1ce3-13a3-e055-000000000001,"Cabinteely-Loughlinstown, Dún Laoghaire-Rathdown",86259,116825,60123,78508
Dún Laoghaire,2ae19629-1ce4-13a3-e055-000000000001,"Cabinteely-Pottery, Dún Laoghaire-Rathdown",76507,101323,60123,78508
Dublin Rathdown,2ae19629-1cf7-13a3-e055-000000000001,"Churchtown-Castle, Dún Laoghaire-Rathdown",83450,114769,60123,78508
Dublin Rathdown,2ae19629-1cf8-13a3-e055-000000000001,"Churchtown-Landscape, Dún Laoghaire-Rathdown",128160,194845,60123,78508
Dublin Rathdown,2ae19629-1cf9-13a3-e055-000000000001,"Churchtown-Nutgrove, Dún Laoghaire-Rathdown",66628,86034,60123,78508
Dublin Rathdown,2ae19629-1cfa-13a3-e055-000000000001,"Churchtown-Orwell, Dún Laoghaire-Rathdown",94783,152651,60123,78508
Dublin Rathdown,2ae19629-1cfb-13a3-e055-000000000001,"Churchtown-Woodlawn, Dún Laoghaire-Rathdown",100300,140015,60123,78508
Dublin Rathdown,2ae19629-1d19-13a3-e055-000000000001,"Clonskeagh-Belfield, Dún Laoghaire-Rathdown",30953,90831,60123,78508
Dublin Rathdown,2ae19629-1d1a-13a3-e055-000000000001,"Clonskeagh-Farranboley, Dún Laoghaire-Rathdown",58540,93534,60123,78508
Dublin Rathdown,2ae19629-1d18-13a3-e055-000000000001,"Clonskeagh-Milltown, Dún Laoghaire-Rathdown",116946,169644,60123,78508
Dublin Rathdown,2ae19629-1d1b-13a3-e055-000000000001,"Clonskeagh-Roebuck, Dún Laoghaire-Rathdown",93158,147473,60123,78508
Dublin Rathdown,2ae19629-1d1c-13a3-e055-000000000001,"Clonskeagh-Windy Arbour, Dún Laoghaire-Rathdown",84581,119250,60123,78508
Dún Laoghaire,2ae19629-1d1d-13a3-e055-000000000001,"Dalkey Hill, Dún Laoghaire-Rathdown",69381,145382,60123,78508
Dún Laoghaire,2ae19629-1d1e-13a3-e055-000000000001,"Dalkey Upper, Dún Laoghaire-Rathdown",86393,138089,60123,78508
Dún Laoghaire,2ae19629-1d1f-13a3-e055-000000000001,"Dalkey-Avondale, Dún Laoghaire-Rathdown",84748,124713,60123,78508
Dún Laoghaire,2ae19629-1d20-13a3-e055-000000000001,"Dalkey-Bullock, Dún Laoghaire-Rathdown",80068,122499,60123,78508
Dún Laoghaire,2ae19629-1d37-13a3-e055-000000000001,"Dalkey-Coliemore, Dún Laoghaire-Rathdown",63960,113684,60123,78508
Dublin Rathdown,2ae19629-1d5a-13a3-e055-000000000001,"Dundrum-Balally, Dún Laoghaire-Rathdown",85605,102163,60123,78508
Dublin Rathdown,2ae19629-1d5b-13a3-e055-000000000001,"Dundrum-Kilmacud, Dún Laoghaire-Rathdown",94275,126200,60123,78508
Dublin Rathdown,2ae19629-1d5c-13a3-e055-000000000001,"Dundrum-Sandyford, Dún Laoghaire-Rathdown",84556,106815,60123,78508
Dublin Rathdown,2ae19629-1d5d-13a3-e055-000000000001,"Dundrum-Sweetmount, Dún Laoghaire-Rathdown",98721,123143,60123,78508
Dublin Rathdown,2ae19629-1d5e-13a3-e055-000000000001,"Dundrum-Taney, Dún Laoghaire-Rathdown",82846,115568,60123,78508
Dún Laoghaire,2ae19629-1d3a-13a3-e055-000000000001,"Dún Laoghaire-East Central, Dún Laoghaire-Rathdown",72575,108496,60123,78508
Dún Laoghaire,2ae19629-1d3b-13a3-e055-000000000001,"Dún Laoghaire-Glasthule, Dún Laoghaire-Rathdown",77220,139318,60123,78508
Dún Laoghaire,2ae19629-1d3c-13a3-e055-000000000001,"Dún Laoghaire-Glenageary, Dún Laoghaire-Rathdown",113581,146691,60123,78508
Dún Laoghaire,2ae19629-1d3d-13a3-e055-000000000001,"Dún Laoghaire-Monkstown Farm, Dún Laoghaire-Rathdown",66761,84569,60123,78508
Dún Laoghaire,2ae19629-1d3e-13a3-e055-000000000001,"Dún Laoghaire-Mount Town, Dún Laoghaire-Rathdown",53424,81903,60123,78508
Dún Laoghaire,2ae19629-1d3f-13a3-e055-000000000001,"Dún Laoghaire-Sallynoggin East, Dún Laoghaire-Rathdown",69862,100494,60123,78508
Dún Laoghaire,2ae19629-1d40-13a3-e055-000000000001,"Dún Laoghaire-Sallynoggin South, Dún Laoghaire-Rathdown",50777,69623,60123,78508
Dún Laoghaire,2ae19629-1d41-13a3-e055-000000000001,"Dún Laoghaire-Sallynoggin West, Dún Laoghaire-Rathdown",88274,112831,60123,78508
Dún Laoghaire,2ae19629-1d57-13a3-e055-000000000001,"Dún Laoghaire-Salthill, Dún Laoghaire-Rathdown",74026,129810,60123,78508
Dún Laoghaire,2ae19629-1d58-13a3-e055-000000000001,"Dún Laoghaire-Sandycove, Dún Laoghaire-Rathdown",85666,157634,60123,78508
Dún Laoghaire,2ae19629-1d59-13a3-e055-000000000001,"Dún Laoghaire-West Central, Dún Laoghaire-Rathdown",65928,92842,60123,78508
Dún Laoghaire,2ae19629-1d79-13a3-e055-000000000001,"Foxrock-Beechpark, Dún Laoghaire-Rathdown",99129,143853,60123,78508
Dublin Rathdown,2ae19629-1d7a-13a3-e055-000000000001,"Foxrock-Carrickmines, Dún Laoghaire-Rathdown",108829,181944,60123,78508
Dún Laoghaire,2ae19629-1d7b-13a3-e055-000000000001,"Foxrock-Deansgrange, Dún Laoghaire-Rathdown",100378,147784,60123,78508
Dublin Rathdown,2ae19629-1d7c-13a3-e055-000000000001,"Foxrock-Torquay, Dún Laoghaire-Rathdown",109385,180326,60123,78508
Dublin Rathdown,2ae19629-1d7e-13a3-e055-000000000001,"Glencullen, Dún Laoghaire-Rathdown",102170,122858,60123,78508
Dún Laoghaire,2ae19629-1db0-13a3-e055-000000000001,"Killiney North, Dún Laoghaire-Rathdown",91707,158618,60123,78508
Dún Laoghaire,2ae19629-1db1-13a3-e055-000000000001,"Killiney South, Dún Laoghaire-Rathdown",60013,78832,60123,78508
Dún Laoghaire,2ae19629-1e17-13a3-e055-000000000001,"Shankill-Rathmichael, Dún Laoghaire-Rathdown",75972,108299,60123,78508
Dún Laoghaire,94b26e15-6ed2-44c2-a0b0-207c369a2da8,"Shankill-Rathsallagh, Dún Laoghaire-Rathdown",62742,87116,60123,78508
Dún Laoghaire,2ae19629-1e19-13a3-e055-000000000001,"Shankill-Shanganagh, Dún Laoghaire-Rathdown",78072,94194,60123,78508
Dublin Rathdown,2ae19629-1ca0-13a3-e055-000000000001,"Stillorgan-Deerpark, Dún Laoghaire-Rathdown",105398,162692,60123,78508
Dublin Rathdown,2ae19629-1ca1-13a3-e055-000000000001,"Stillorgan-Kilmacud, Dún Laoghaire-Rathdown",93177,123153,60123,78508
Dublin Rathdown,2ae19629-1ca2-13a3-e055-000000000001,"Stillorgan-Leopardstown, Dún Laoghaire-Rathdown",103140,128428,60123,78508
Dublin Rathdown,2ae19629-1ca3-13a3-e055-000000000001,"Stillorgan-Merville, Dún Laoghaire-Rathdown",100117,133885,60123,78508
Dublin Rathdown,2ae19629-1ca4-13a3-e055-000000000001,"Stillorgan-Mount Merrion, Dún Laoghaire-Rathdown",111987,204329,60123,78508
Dún Laoghaire,2ae19629-1ca5-13a3-e055-000000000001,"Stillorgan-Priory, Dún Laoghaire-Rathdown",100391,155242,60123,78508
Dublin Rathdown,2ae19629-1ce9-13a3-e055-000000000001,"Tibradden, Dún Laoghaire-Rathdown",102110,129240,60123,78508
Kildare South,2ae19629-229d-13a3-e055-000000000001,"Athy East Urban, Kildare",47132,61342,60123,78508
Kildare South,2ae19629-223b-13a3-e055-000000000001,"Athy Rural, Kildare",56055,66903,60123,78508
Kildare South,2ae19629-223c-13a3-e055-000000000001,"Athy West Urban, Kildare",42184,51540,60123,78508
Kildare South,2ae19629-223d-13a3-e055-000000000001,"Ballaghmoon, Kildare",61377,83599,60123,78508
Kildare South,2ae19629-2248-13a3-e055-000000000001,"Ballitore, Kildare",57196,67138,60123,78508
Kildare South,2ae19629-2249-13a3-e055-000000000001,"Ballybrackan, Kildare",63107,74064,60123,78508
Kildare South,2ae19629-224a-13a3-e055-000000000001,"Ballymore Eustace, Kildare",65321,84295,60123,78508
Kildare North,2ae19629-224b-13a3-e055-000000000001,"Ballynadrumny, Kildare",57943,75463,60123,78508
Kildare South,2ae19629-2257-13a3-e055-000000000001,"Ballysax East, Kildare",62007,77766,60123,78508
Kildare South,2ae19629-2258-13a3-e055-000000000001,"Ballysax West, Kildare",62833,82644,60123,78508
Kildare South,2ae19629-2259-13a3-e055-000000000001,"Ballyshannon, Kildare",82557,99731,60123,78508
Kildare North,2ae19629-2264-13a3-e055-000000000001,"Balraheen, Kildare",88636,123218,60123,78508
Kildare South,2ae19629-2265-13a3-e055-000000000001,"Belan, Kildare",62127,71843,60123,78508
Kildare South,2ae19629-2266-13a3-e055-000000000001,"Bert, Kildare",47898,59020,60123,78508
Kildare North,2ae19629-2267-13a3-e055-000000000001,"Bodenstown, Kildare",82040,98959,60123,78508
Kildare South,2ae19629-2273-13a3-e055-000000000001,"Burtown, Kildare",58294,79512,60123,78508
Kildare North,2ae19629-2274-13a3-e055-000000000001,"Cadamstown, Kildare",77380,90158,60123,78508
Kildare South,2ae19629-2275-13a3-e055-000000000001,"Carbury, Kildare",63244,74241,60123,78508
Kildare South,2ae19629-227f-13a3-e055-000000000001,"Carnalway, Kildare",67697,89297,60123,78508
Kildare North,2ae19629-2280-13a3-e055-000000000001,"Carragh, Kildare",101677,117484,60123,78508
Kildare South,2ae19629-2281-13a3-e055-000000000001,"Carrick, Kildare",71616,84254,60123,78508
Kildare South,2ae19629-228c-13a3-e055-000000000001,"Carrigeen, Kildare",61031,74821,60123,78508
Kildare South,2ae19629-228d-13a3-e055-000000000001,"Castledermot, Kildare",55245,66196,60123,78508
Kildare North,2ae19629-228e-13a3-e055-000000000001,"Celbridge, Kildare",80388,94712,60123,78508
Kildare South,2ae19629-2298-13a3-e055-000000000001,"Churchtown, Kildare",58376,73088,60123,78508
Kildare North,2ae19629-2299-13a3-e055-000000000001,"Clane, Kildare",75172,90925,60123,78508
Kildare North,2ae19629-229a-13a3-e055-000000000001,"Cloncurry, Kildare, 087026",92308,112746,60123,78508
Kildare South,2ae19629-22a4-13a3-e055-000000000001,"Cloncurry, Kildare, 087027",81085,93072,60123,78508
Kildare North,2ae19629-22a5-13a3-e055-000000000001,"Donadea, Kildare",88095,109483,60123,78508
Kildare North,2ae19629-22a6-13a3-e055-000000000001,"Donaghcumper, Kildare",84751,101318,60123,78508
Kildare North,2ae19629-22af-13a3-e055-000000000001,"Donore, Kildare",83257,100375,60123,78508
Kildare North,2ae19629-22b0-13a3-e055-000000000001,"Downings, Kildare",70963,87256,60123,78508
Kildare South,2ae19629-22b1-13a3-e055-000000000001,"Drehid, Kildare",77215,91110,60123,78508
Kildare South,2ae19629-22b2-13a3-e055-000000000001,"Droichead Nua (Newbridge) Rural, Kildare",95000,112367,60123,78508
Kildare South,2ae19629-22bf-13a3-e055-000000000001,"Droichead Nua (Newbridge) Urban, Kildare",53801,65457,60123,78508
Kildare North,2ae19629-22c0-13a3-e055-000000000001,"Dunfierth, Kildare",80433,93636,60123,78508
Kildare South,2ae19629-22c1-13a3-e055-000000000001,"Dunmanoge, Kildare",62982,73547,60123,78508
Kildare South,2ae19629-22c2-13a3-e055-000000000001,"Dunmurry, Kildare",81227,115164,60123,78508
Kildare South,2ae19629-22c3-13a3-e055-000000000001,"Feighcullen, Kildare",63871,79391,60123,78508
Kildare South,2ae19629-21fb-13a3-e055-000000000001,"Fontstown, Kildare",72313,82761,60123,78508
Kildare South,2ae19629-21fc-13a3-e055-000000000001,"Gilltown, Kildare",77473,106882,60123,78508
Kildare South,2ae19629-21fd-13a3-e055-000000000001,"Graney, Kildare",57786,73772,60123,78508
Kildare South,2ae19629-2204-13a3-e055-000000000001,"Grangemellon, Kildare",57427,70541,60123,78508
Kildare South,2ae19629-2205-13a3-e055-000000000001,"Harristown, Kildare",71636,78282,60123,78508
Kildare South,2ae19629-2206-13a3-e055-000000000001,"Inchaquire, Kildare",71864,90639,60123,78508
Kildare South,2ae19629-2207-13a3-e055-000000000001,"Johnstown, Kildare",58373,86163,60123,78508
Kildare South,2ae19629-2211-13a3-e055-000000000001,"Kilberry, Kildare",49913,63175,60123,78508
Kildare North,2ae19629-2212-13a3-e055-000000000001,"Kilcock, Kildare",81361,92053,60123,78508
Kildare South,2ae19629-2213-13a3-e055-000000000001,"Kilcullen, Kildare",69660,82451,60123,78508
Kildare South,2ae19629-2208-13a3-e055-000000000001,"Kildangan, Kildare",80246,95145,60123,78508
Kildare South,2ae19629-2209-13a3-e055-000000000001,"Kildare, Kildare",63382,73668,60123,78508
Kildare South,2ae19629-220a-13a3-e055-000000000001,"Kilkea, Kildare",59966,70198,60123,78508
Kildare North,2ae19629-2214-13a3-e055-000000000001,"Kill, Kildare",79626,95114,60123,78508
Kildare North,2ae19629-2215-13a3-e055-000000000001,"Killashee, Kildare",102812,127190,60123,78508
Kildare South,2ae19629-2216-13a3-e055-000000000001,"Killinthomas, Kildare",84234,88751,60123,78508
Kildare South,2ae19629-2217-13a3-e055-000000000001,"Kilmeage North, Kildare",66910,76630,60123,78508
Kildare South,2ae19629-2220-13a3-e055-000000000001,"Kilmeage South, Kildare",60211,72440,60123,78508
Kildare South,2ae19629-2221-13a3-e055-000000000001,"Kilpatrick, Kildare",59229,68014,60123,78508
Kildare South,2ae19629-2222-13a3-e055-000000000001,"Kilrainy, Kildare",74735,90684,60123,78508
Kildare South,2ae19629-2223-13a3-e055-000000000001,"Kilrush, Kildare",79982,95107,60123,78508
Kildare North,2ae19629-222b-13a3-e055-000000000001,"Kilteel, Kildare",91838,110192,60123,78508
Kildare South,2ae19629-222c-13a3-e055-000000000001,"Lackagh, Kildare",76312,91692,60123,78508
Kildare North,2ae19629-222d-13a3-e055-000000000001,"Ladytown, Kildare",107483,147297,60123,78508
Kildare North,2ae19629-223e-13a3-e055-000000000001,"Leixlip, Kildare",80021,94080,60123,78508
Kildare South,2ae19629-223f-13a3-e055-000000000001,"Lullymore, Kildare",55343,75611,60123,78508
Kildare North,2ae19629-2240-13a3-e055-000000000001,"Maynooth, Kildare",90056,106458,60123,78508
Kildare South,2ae19629-224c-13a3-e055-000000000001,"Monasterevin, Kildare",61406,70528,60123,78508
Kildare South,2ae19629-224d-13a3-e055-000000000001,"Moone, Kildare",74472,86533,60123,78508
Kildare South,2ae19629-224e-13a3-e055-000000000001,"Morristownbiller, Kildare",69697,81824,60123,78508
Kildare North,2ae19629-225a-13a3-e055-000000000001,"Naas Rural, Kildare",80278,95339,60123,78508
Kildare North,2ae19629-225b-13a3-e055-000000000001,"Naas Urban, Kildare",82020,98152,60123,78508
Kildare South,2ae19629-225c-13a3-e055-000000000001,"Narraghmore, Kildare",83190,99025,60123,78508
Kildare North,2ae19629-2268-13a3-e055-000000000001,"Newtown, Kildare",94667,106879,60123,78508
Kildare South,2ae19629-2269-13a3-e055-000000000001,"Nurney, Kildare",74686,81847,60123,78508
Kildare South,2ae19629-226a-13a3-e055-000000000001,"Oldconnell, Kildare",72814,101696,60123,78508
Kildare North,2ae19629-226b-13a3-e055-000000000001,"Oughterard, Kildare",87102,113201,60123,78508
Kildare South,2ae19629-2276-13a3-e055-000000000001,"Pollardstown, Kildare",82637,112025,60123,78508
Kildare South,2ae19629-2277-13a3-e055-000000000001,"Quinsborough, Kildare",75452,90377,60123,78508
Kildare South,2ae19629-2278-13a3-e055-000000000001,"Rathangan, Kildare",61238,68609,60123,78508
Kildare South,2ae19629-2279-13a3-e055-000000000001,"Rathernan, Kildare",72952,82742,60123,78508
Kildare North,2ae19629-2282-13a3-e055-000000000001,"Rathmore, Kildare",86328,124963,60123,78508
Kildare South,2ae19629-2283-13a3-e055-000000000001,"Robertstown, Kildare",58027,70579,60123,78508
Kildare South,2ae19629-2284-13a3-e055-000000000001,"Skerries, Kildare",58339,76061,60123,78508
Kildare North,2ae19629-228f-13a3-e055-000000000001,"Straffan, Kildare",98828,125862,60123,78508
Kildare South,2ae19629-2290-13a3-e055-000000000001,"Thomastown, Kildare",77317,92396,60123,78508
Kildare North,2ae19629-2291-13a3-e055-000000000001,"Timahoe North, Kildare",72615,87452,60123,78508
Kildare South,2ae19629-2292-13a3-e055-000000000001,"Timahoe South, Kildare",75153,85306,60123,78508
Kildare South,2ae19629-229b-13a3-e055-000000000001,"Usk, Kildare",64539,85782,60123,78508
Kildare South,2ae19629-229c-13a3-e055-000000000001,"Windmill Cross, Kildare",60935,69294,60123,78508
Carlow-Kilkenny,2ae19629-229e-13a3-e055-000000000001,"Aghaviller, Kilkenny",73416,79439,60123,78508
Carlow-Kilkenny,2ae19629-22a7-13a3-e055-000000000001,"Aglish, Kilkenny",58918,73452,60123,78508
Carlow-Kilkenny,2ae19629-22a8-13a3-e055-000000000001,"Attanagh, Kilkenny",71231,80954,60123,78508
Tipperary North,2ae19629-22a9-13a3-e055-000000000001,"Balleen, Kilkenny",70619,75059,60123,78508
Carlow-Kilkenny,2ae19629-22b3-13a3-e055-000000000001,"Ballinamara, Kilkenny",83779,97750,60123,78508
Carlow-Kilkenny,2ae19629-22b4-13a3-e055-000000000001,"Ballincrea, Kilkenny",73031,81246,60123,78508
Tipperary North,2ae19629-22b5-13a3-e055-000000000001,"Ballybeagh, Kilkenny",81478,79709,60123,78508
Carlow-Kilkenny,2ae19629-22c4-13a3-e055-000000000001,"Ballycallan, Kilkenny",70816,84529,60123,78508
Carlow-Kilkenny,2ae19629-22c5-13a3-e055-000000000001,"Ballyconra, Kilkenny",79262,90553,60123,78508
Carlow-Kilkenny,2ae19629-22c6-13a3-e055-000000000001,"Ballyhale, Kilkenny",53823,64872,60123,78508
Carlow-Kilkenny,2ae19629-21fe-13a3-e055-000000000001,"Ballyragget, Kilkenny",54606,63451,60123,78508
Carlow-Kilkenny,2ae19629-21ff-13a3-e055-000000000001,"Ballyvool, Kilkenny",66674,72553,60123,78508
Tipperary North,2ae19629-2200-13a3-e055-000000000001,"Baunmore, Kilkenny",79141,90085,60123,78508
Carlow-Kilkenny,2ae19629-220b-13a3-e055-000000000001,"Bennettsbridge, Kilkenny",55189,73799,60123,78508
Carlow-Kilkenny,2ae19629-220c-13a3-e055-000000000001,"Boolyglass, Kilkenny",58662,74385,60123,78508
Carlow-Kilkenny,2ae19629-220d-13a3-e055-000000000001,"Bramblestown, Kilkenny",97058,96552,60123,78508
Carlow-Kilkenny,2ae19629-220e-13a3-e055-000000000001,"Brownsford, Kilkenny",63364,86066,60123,78508
Carlow-Kilkenny,2ae19629-23b8-13a3-e055-000000000001,"Burnchurch, Kilkenny",79553,107004,60123,78508
Carlow-Kilkenny,2ae19629-23b9-13a3-e055-000000000001,"Callan Rural, Kilkenny",62080,68827,60123,78508
Carlow-Kilkenny,2ae19629-23ba-13a3-e055-000000000001,"Callan Urban, Kilkenny",45608,53712,60123,78508
Carlow-Kilkenny,2ae19629-23bb-13a3-e055-000000000001,"Castlebanny, Kilkenny",74363,81992,60123,78508
Carlow-Kilkenny,2ae19629-23bf-13a3-e055-000000000001,"Castlecomer, Kilkenny",51642,64470,60123,78508
Carlow-Kilkenny,2ae19629-23c0-13a3-e055-000000000001,"Castlegannon, Kilkenny",70050,82846,60123,78508
Carlow-Kilkenny,2ae19629-23c1-13a3-e055-000000000001,"Clara, Kilkenny",71699,93979,60123,78508
Carlow-Kilkenny,2ae19629-23c5-13a3-e055-000000000001,"Clogh, Kilkenny",55947,67706,60123,78508
Carlow-Kilkenny,2ae19629-23c6-13a3-e055-000000000001,"Clogharinka, Kilkenny",59144,64196,60123,78508
Tipperary North,2ae19629-23cb-13a3-e055-000000000001,"Clomantagh, Kilkenny",56472,61420,60123,78508
Carlow-Kilkenny,2ae19629-23cc-13a3-e055-000000000001,"Coolaghmore, Kilkenny",63811,79010,60123,78508
Carlow-Kilkenny,2ae19629-23cd-13a3-e055-000000000001,"Coolcraheen, Kilkenny",74803,88233,60123,78508
Carlow-Kilkenny,2ae19629-23d2-13a3-e055-000000000001,"Coolhill, Kilkenny",74335,88052,60123,78508
Carlow-Kilkenny,2ae19629-23d3-13a3-e055-000000000001,"Danesfort, Kilkenny",72838,82162,60123,78508
Carlow-Kilkenny,2ae19629-23d4-13a3-e055-000000000001,"Dunbell, Kilkenny",67180,91700,60123,78508
Carlow-Kilkenny,2ae19629-23d5-13a3-e055-000000000001,"Dunkitt, Kilkenny",67851,75515,60123,78508
Carlow-Kilkenny,2ae19629-23d9-13a3-e055-000000000001,"Dunmore, Kilkenny",81056,103349,60123,78508
Carlow-Kilkenny,2ae19629-23da-13a3-e055-000000000001,"Dunnamaggan, Kilkenny",66344,87963,60123,78508
Carlow-Kilkenny,2ae19629-23db-13a3-e055-000000000001,"Dysartmoon, Kilkenny",60222,74532,60123,78508
Carlow-Kilkenny,2ae19629-23df-13a3-e055-000000000001,"Earlstown, Kilkenny",71808,75611,60123,78508
Carlow-Kilkenny,2ae19629-23e0-13a3-e055-000000000001,"Ennisnag, Kilkenny",71210,88543,60123,78508
Carlow-Kilkenny,2ae19629-23e1-13a3-e055-000000000001,"Famma, Kilkenny",80854,88001,60123,78508
Carlow-Kilkenny,2ae19629-23e6-13a3-e055-000000000001,"Farnoge, Kilkenny",66524,77164,60123,78508
Carlow-Kilkenny,2ae19629-23e7-13a3-e055-000000000001,"Fiddown, Kilkenny",62304,73937,60123,78508
Carlow-Kilkenny,2ae19629-23e8-13a3-e055-000000000001,"Freaghana, Kilkenny",66116,75953,60123,78508
Tipperary North,2ae19629-23ec-13a3-e055-000000000001,"Freshford, Kilkenny",47228,61598,60123,78508
Tipperary North,2ae19629-23ed-13a3-e055-000000000001,"Galmoy, Kilkenny",65246,79781,60123,78508
Tipperary North,2ae19629-23f0-13a3-e055-000000000001,"Glashare, Kilkenny",78835,80733,60123,78508
Carlow-Kilkenny,2ae19629-23f1-13a3-e055-000000000001,"Goresbridge, Kilkenny",44070,53577,60123,78508
Carlow-Kilkenny,2ae19629-23f2-13a3-e055-000000000001,"Gowran, Kilkenny",59457,73033,60123,78508
Carlow-Kilkenny,2ae19629-23f6-13a3-e055-000000000001,"Graiguenamanagh, Kilkenny",42583,57470,60123,78508
Carlow-Kilkenny,2ae19629-23f7-13a3-e055-000000000001,"Grange, Kilkenny",82923,93765,60123,78508
Carlow-Kilkenny,2ae19629-23f8-13a3-e055-000000000001,"Inistioge, Kilkenny",45419,60108,60123,78508
Carlow-Kilkenny,2ae19629-23fc-13a3-e055-000000000001,"Jerpoint Church, Kilkenny",58068,72296,60123,78508
Carlow-Kilkenny,2ae19629-23fd-13a3-e055-000000000001,"Jerpoint West, Kilkenny",77387,76486,60123,78508
Tipperary North,2ae19629-23fe-13a3-e055-000000000001,"Johnstown, Kilkenny",45674,61344,60123,78508
Carlow-Kilkenny,2ae19629-2402-13a3-e055-000000000001,"Kells, Kilkenny",69833,88308,60123,78508
Carlow-Kilkenny,2ae19629-2403-13a3-e055-000000000001,"Kilbeacon, Kilkenny",95335,97997,60123,78508
Carlow-Kilkenny,2ae19629-2404-13a3-e055-000000000001,"Kilbride, Kilkenny",72985,86260,60123,78508
Carlow-Kilkenny,2ae19629-2408-13a3-e055-000000000001,"Kilcolumb, Kilkenny",76631,85768,60123,78508
Carlow-Kilkenny,2ae19629-2409-13a3-e055-000000000001,"Kilculliheen, Kilkenny",56997,65774,60123,78508
Carlow-Kilkenny,2ae19629-240a-13a3-e055-000000000001,"Kilfane, Kilkenny",57182,71291,60123,78508
Carlow-Kilkenny,2ae19629-240b-13a3-e055-000000000001,"Kilkeasy, Kilkenny",79150,88248,60123,78508
Carlow-Kilkenny,2ae19629-240c-13a3-e055-000000000001,"Kilkenny No. 1 Urban, Kilkenny",44232,58054,60123,78508
Carlow-Kilkenny,2ae19629-240d-13a3-e055-000000000001,"Kilkenny No. 2 Urban, Kilkenny",47319,61111,60123,78508
Carlow-Kilkenny,2ae19629-23b2-13a3-e055-000000000001,"Kilkenny Rural, Kilkenny",60593,77056,60123,78508
Carlow-Kilkenny,2ae19629-23b3-13a3-e055-000000000001,"Kilkieran, Kilkenny",81320,88909,60123,78508
Carlow-Kilkenny,2ae19629-23b5-13a3-e055-000000000001,"Killahy, Kilkenny",58116,72422,60123,78508
Carlow-Kilkenny,2ae19629-23b6-13a3-e055-000000000001,"Killamery, Kilkenny",52030,75385,60123,78508
Carlow-Kilkenny,2ae19629-23b7-13a3-e055-000000000001,"Kilmacar, Kilkenny",75209,83086,60123,78508
Carlow-Kilkenny,2ae19629-23bc-13a3-e055-000000000001,"Kilmaganny, Kilkenny",47820,66096,60123,78508
Carlow-Kilkenny,2ae19629-23bd-13a3-e055-000000000001,"Kilmakevoge, Kilkenny",65370,76535,60123,78508
Carlow-Kilkenny,2ae19629-23be-13a3-e055-000000000001,"Kilmanagh, Kilkenny",66185,76078,60123,78508
Carlow-Kilkenny,2ae19629-23c2-13a3-e055-000000000001,"Kiltorcan, Kilkenny",97824,93644,60123,78508
Carlow-Kilkenny,2ae19629-23c3-13a3-e055-000000000001,"Knocktopher, Kilkenny",63025,83642,60123,78508
Tipperary North,2ae19629-23c4-13a3-e055-000000000001,"Lisdowney, Kilkenny",71432,78987,60123,78508
Carlow-Kilkenny,2ae19629-23c7-13a3-e055-000000000001,"Listerlin, Kilkenny",76592,80413,60123,78508
Carlow-Kilkenny,2ae19629-23c8-13a3-e055-000000000001,"Mallardstown, Kilkenny",50749,67787,60123,78508
Carlow-Kilkenny,2ae19629-23c9-13a3-e055-000000000001,"Moneenroe, Kilkenny",52228,65826,60123,78508
Carlow-Kilkenny,2ae19629-23ca-13a3-e055-000000000001,"Mothell, Kilkenny",60515,73087,60123,78508
Carlow-Kilkenny,2ae19629-23ce-13a3-e055-000000000001,"Muckalee, Kilkenny, 097078",61971,79076,60123,78508
Carlow-Kilkenny,2ae19629-23cf-13a3-e055-000000000001,"Muckalee, Kilkenny, 097079",81130,87662,60123,78508
Carlow-Kilkenny,2ae19629-23d0-13a3-e055-000000000001,"Odagh, Kilkenny",73560,85955,60123,78508
Carlow-Kilkenny,2ae19629-23d1-13a3-e055-000000000001,"Outrath, Kilkenny",72175,104756,60123,78508
Carlow-Kilkenny,2ae19629-23d6-13a3-e055-000000000001,"Paulstown, Kilkenny",65495,73858,60123,78508
Carlow-Kilkenny,2ae19629-23d7-13a3-e055-000000000001,"Pilltown, Kilkenny",51652,62639,60123,78508
Carlow-Kilkenny,2ae19629-23d8-13a3-e055-000000000001,"Pleberstown, Kilkenny",63160,89147,60123,78508
Carlow-Kilkenny,2ae19629-23dc-13a3-e055-000000000001,"Pollrone, Kilkenny",55234,65006,60123,78508
Carlow-Kilkenny,2ae19629-23dd-13a3-e055-000000000001,"Portnascully, Kilkenny",64046,75511,60123,78508
Carlow-Kilkenny,2ae19629-23de-13a3-e055-000000000001,"Powerstown, Kilkenny",58902,70679,60123,78508
Carlow-Kilkenny,2ae19629-23e2-13a3-e055-000000000001,"Rathbeagh, Kilkenny",80188,81857,60123,78508
Carlow-Kilkenny,2ae19629-23e3-13a3-e055-000000000001,"Rathcoole, Kilkenny",76133,87638,60123,78508
Tipperary North,2ae19629-23e4-13a3-e055-000000000001,"Rathealy, Kilkenny",61696,73654,60123,78508
Carlow-Kilkenny,2ae19629-23e5-13a3-e055-000000000001,"Rathpatrick, Kilkenny",58932,70842,60123,78508
Carlow-Kilkenny,2ae19629-23e9-13a3-e055-000000000001,"Rosbercon Rural, Kilkenny",55824,65414,60123,78508
Carlow-Kilkenny,2ae19629-23ea-13a3-e055-000000000001,"Rossinan, Kilkenny",68455,77883,60123,78508
Carlow-Kilkenny,2ae19629-23eb-13a3-e055-000000000001,"Scotsborough, Kilkenny",58984,68724,60123,78508
Carlow-Kilkenny,2ae19629-23ee-13a3-e055-000000000001,"Shanbogh, Kilkenny",72886,78919,60123,78508
Carlow-Kilkenny,2ae19629-23ef-13a3-e055-000000000001,"Shankill, Kilkenny",69551,80517,60123,78508
Carlow-Kilkenny,2ae19629-23f3-13a3-e055-000000000001,"St. Canice, Kilkenny",80030,101512,60123,78508
Carlow-Kilkenny,2ae19629-23f4-13a3-e055-000000000001,"Stonyford, Kilkenny",65579,82364,60123,78508
Carlow-Kilkenny,2ae19629-23f5-13a3-e055-000000000001,"Templeorum, Kilkenny",66324,72796,60123,78508
Carlow-Kilkenny,2ae19629-23f9-13a3-e055-000000000001,"The Rower, Kilkenny",68035,79577,60123,78508
Carlow-Kilkenny,2ae19629-23fa-13a3-e055-000000000001,"Thomastown, Kilkenny",50111,63397,60123,78508
Carlow-Kilkenny,2ae19629-23fb-13a3-e055-000000000001,"Tiscoffin, Kilkenny",75000,88042,60123,78508
Carlow-Kilkenny,2ae19629-23ff-13a3-e055-000000000001,"Tubbrid, Kilkenny",57528,76462,60123,78508
Tipperary North,2ae19629-2400-13a3-e055-000000000001,"Tubbridbrittain, Kilkenny",71463,87244,60123,78508
Carlow-Kilkenny,2ae19629-2401-13a3-e055-000000000001,"Tullaghanbrogue, Kilkenny",72939,109979,60123,78508
Carlow-Kilkenny,2ae19629-2405-13a3-e055-000000000001,"Tullaherin, Kilkenny",72192,88036,60123,78508
Carlow-Kilkenny,2ae19629-2406-13a3-e055-000000000001,"Tullahought, Kilkenny",56512,69103,60123,78508
Tipperary North,2ae19629-2407-13a3-e055-000000000001,"Tullaroan, Kilkenny",64387,74741,60123,78508
Carlow-Kilkenny,2ae19629-240e-13a3-e055-000000000001,"Ullard, Kilkenny",54703,68253,60123,78508
Carlow-Kilkenny,2ae19629-240f-13a3-e055-000000000001,"Ullid, Kilkenny",60261,73166,60123,78508
Tipperary North,2ae19629-2410-13a3-e055-000000000001,"Urlingford, Kilkenny",44970,56671,60123,78508
Carlow-Kilkenny,2ae19629-2411-13a3-e055-000000000001,"Whitechurch, Kilkenny",57692,68325,60123,78508
Carlow-Kilkenny,2ae19629-23b4-13a3-e055-000000000001,"Woolengrange, Kilkenny",71494,85863,60123,78508
Laois,2ae19629-16a8-13a3-e055-000000000001,"Abbeyleix, Laois",50170,65698,60123,78508
Laois,2ae19629-16a9-13a3-e055-000000000001,"Aghmacart, Laois",73360,83346,60123,78508
Laois,2ae19629-16aa-13a3-e055-000000000001,"Arderin, Laois",62442,76580,60123,78508
Laois,2ae19629-16ab-13a3-e055-000000000001,"Ardough, Laois",64914,74692,60123,78508
Laois,2ae19629-16ac-13a3-e055-000000000001,"Arless, Laois",61248,77172,60123,78508
Laois,2ae19629-16ad-13a3-e055-000000000001,"Ballickmoyler, Laois",74347,77226,60123,78508
Laois,2ae19629-16ae-13a3-e055-000000000001,"Ballinakill, Laois",65023,75858,60123,78508
Laois,2ae19629-16a1-13a3-e055-000000000001,"Ballyadams, Laois",74171,94480,60123,78508
Laois,2ae19629-16a2-13a3-e055-000000000001,"Ballybrittas, Laois",83971,103528,60123,78508
Laois,2ae19629-16a3-13a3-e055-000000000001,"Ballybrophy, Laois",75345,79352,60123,78508
Laois,2ae19629-16a4-13a3-e055-000000000001,"Ballycarroll, Laois",81846,90751,60123,78508
Laois,2ae19629-16a5-13a3-e055-000000000001,"Ballyfin, Laois",67700,82189,60123,78508
Laois,2ae19629-16a6-13a3-e055-000000000001,"Ballylehane, Laois",68138,88659,60123,78508
Laois,2ae19629-16a7-13a3-e055-000000000001,"Ballylynan, Laois",62311,75257,60123,78508
Laois,2ae19629-16af-13a3-e055-000000000001,"Ballyroan, Laois",65704,75281,60123,78508
Laois,2ae19629-16b0-13a3-e055-000000000001,"Barrowhouse, Laois",70803,75717,60123,78508
Laois,2ae19629-16b1-13a3-e055-000000000001,"Blandsfort, Laois",63937,79429,60123,78508
Laois,2ae19629-16b2-13a3-e055-000000000001,"Borris, Laois",52776,63474,60123,78508
Laois,2ae19629-16ba-13a3-e055-000000000001,"Borris-In-Ossory, Laois",48394,58626,60123,78508
Laois,2ae19629-16bc-13a3-e055-000000000001,"Caher, Laois",74668,75745,60123,78508
Laois,60df415c-3e8d-4147-9d5f-2524194c8d6c,"Capard/Brisha, Laois",64737,74593,60123,78508
Laois,2ae19629-16be-13a3-e055-000000000001,"Cappalough, Laois",68939,84972,60123,78508
Laois,2ae19629-16bf-13a3-e055-000000000001,"Cardtown, Laois",77740,78430,60123,78508
Laois,2ae19629-16c0-13a3-e055-000000000001,"Castlecuffe, Laois",67536,77042,60123,78508
Laois,2ae19629-16c1-13a3-e055-000000000001,"Castletown, Laois",53688,67987,60123,78508
Laois,2ae19629-16c2-13a3-e055-000000000001,"Clash, Laois",64778,73198,60123,78508
Laois,2ae19629-16c3-13a3-e055-000000000001,"Clonaslee, Laois",51959,64465,60123,78508
Laois,2ae19629-16c4-13a3-e055-000000000001,"Clondarrig, Laois",68208,73669,60123,78508
Laois,2ae19629-16c5-13a3-e055-000000000001,"Clonin, Laois",63876,76358,60123,78508
Laois,2ae19629-16c6-13a3-e055-000000000001,"Clonkeen, Laois",79767,89968,60123,78508
Laois,2ae19629-16c7-13a3-e055-000000000001,"Clonmore, Laois",60860,70818,60123,78508
Laois,2ae19629-16c8-13a3-e055-000000000001,"Colt, Laois",63041,72892,60123,78508
Laois,2ae19629-16c9-13a3-e055-000000000001,"Coolrain, Laois",63832,76457,60123,78508
Laois,2ae19629-16ca-13a3-e055-000000000001,"Cuffsborough, Laois",68939,80337,60123,78508
Laois,2ae19629-16b3-13a3-e055-000000000001,"Cullahill, Laois",65913,79475,60123,78508
Laois,2ae19629-16b4-13a3-e055-000000000001,"Cullenagh, Laois",71453,80922,60123,78508
Laois,2ae19629-16b5-13a3-e055-000000000001,"Curraclone, Laois",85194,97237,60123,78508
Laois,2ae19629-16b6-13a3-e055-000000000001,"Dangans, Laois",52378,63701,60123,78508
Laois,2ae19629-16b7-13a3-e055-000000000001,"Donaghmore, Laois",57561,64212,60123,78508
Laois,2ae19629-16b8-13a3-e055-000000000001,"Donore, Laois",74475,84107,60123,78508
Laois,2ae19629-16b9-13a3-e055-000000000001,"Doonane, Laois",51146,63313,60123,78508
Laois,2ae19629-16d1-13a3-e055-000000000001,"Dunmore, Laois",85485,97845,60123,78508
Laois,2ae19629-16d2-13a3-e055-000000000001,"Durrow, Laois",56522,66939,60123,78508
Laois,2ae19629-16d3-13a3-e055-000000000001,"Dysartgallen, Laois",72240,82853,60123,78508
Laois,2ae19629-16d4-13a3-e055-000000000001,"Emo, Laois",71206,91239,60123,78508
Laois,2ae19629-16d5-13a3-e055-000000000001,"Errill, Laois",53461,66619,60123,78508
Laois,2ae19629-16d6-13a3-e055-000000000001,"Farnans, Laois",50070,71929,60123,78508
Laois,2ae19629-16d7-13a3-e055-000000000001,"Fossy, Laois",74913,85491,60123,78508
Laois,2ae19629-16d8-13a3-e055-000000000001,"Garrymore, Laois",86156,91176,60123,78508
Laois,2ae19629-16da-13a3-e055-000000000001,"Graigue Rural, Laois",59515,67562,60123,78508
Laois,2ae19629-16d9-13a3-e055-000000000001,"Graigue, Laois",51398,71260,60123,78508
Laois,2ae19629-16db-13a3-e055-000000000001,"Grantstown, Laois",69366,75618,60123,78508
Laois,2ae19629-16dc-13a3-e055-000000000001,"Jamestown, Laois",72284,81875,60123,78508
Laois,2ae19629-16dd-13a3-e055-000000000001,"Kilcoke, Laois",70346,76690,60123,78508
Laois,2ae19629-16de-13a3-e055-000000000001,"Kilcolmanbane, Laois",79561,95079,60123,78508
Laois,2ae19629-16df-13a3-e055-000000000001,"Kildellig, Laois",87584,88345,60123,78508
Laois,2ae19629-16cb-13a3-e055-000000000001,"Killabban, Laois",67732,77734,60123,78508
Laois,2ae19629-16cc-13a3-e055-000000000001,"Killermogh, Laois",57541,68872,60123,78508
Laois,2ae19629-16cd-13a3-e055-000000000001,"Kilmullen, Laois",80160,95042,60123,78508
Laois,2ae19629-16ce-13a3-e055-000000000001,"Kilmurry, Laois",83944,99001,60123,78508
Laois,2ae19629-16cf-13a3-e055-000000000001,"Kilnaseer, Laois",77344,87730,60123,78508
Laois,2ae19629-16e0-13a3-e055-000000000001,"Kyle South, Laois",60313,75911,60123,78508
Laois,2ae19629-16d0-13a3-e055-000000000001,"Kyle, Laois",51745,61730,60123,78508
Laois,2ae19629-16e1-13a3-e055-000000000001,"Lacka, Laois",62481,72944,60123,78508
Laois,2ae19629-16e2-13a3-e055-000000000001,"Luggacurren, Laois",68330,73446,60123,78508
Laois,2ae19629-16e9-13a3-e055-000000000001,"Marymount, Laois",57569,65561,60123,78508
Laois,2ae19629-16ea-13a3-e055-000000000001,"Meelick, Laois",59297,81428,60123,78508
Laois,2ae19629-16eb-13a3-e055-000000000001,"Moneenalassa, Laois",53896,73736,60123,78508
Laois,2ae19629-16ec-13a3-e055-000000000001,"Moneymore, Laois",68957,95851,60123,78508
Laois,2ae19629-16ed-13a3-e055-000000000001,"Mountmellick Rural, Laois",73660,83570,60123,78508
Laois,2ae19629-16ee-13a3-e055-000000000001,"Mountmellick Urban, Laois",46634,55286,60123,78508
Laois,2ae19629-16ef-13a3-e055-000000000001,"Mountrath, Laois",47491,61230,60123,78508
Laois,2ae19629-16f0-13a3-e055-000000000001,"Moyanna, Laois",92366,98248,60123,78508
Laois,2ae19629-16f1-13a3-e055-000000000001,"Nealstown, Laois",68461,70869,60123,78508
Laois,2ae19629-16f2-13a3-e055-000000000001,"Newtown, Laois",60342,67550,60123,78508
Laois,2ae19629-16f3-13a3-e055-000000000001,"O'moresforest, Laois",72830,83517,60123,78508
Laois,2ae19629-16f4-13a3-e055-000000000001,"Portarlington South, Laois",54613,66058,60123,78508
Laois,2ae19629-16f5-13a3-e055-000000000001,"Portlaoighise Rural, Laois",61314,71760,60123,78508
Laois,2ae19629-16f6-13a3-e055-000000000001,"Portlaoighise Urban, Laois",45394,56219,60123,78508
Laois,2ae19629-16f7-13a3-e055-000000000001,"Raheen, Laois",78252,91395,60123,78508
Laois,2ae19629-16f8-13a3-e055-000000000001,"Rathaspick, Laois",67333,84532,60123,78508
Laois,2ae19629-16f9-13a3-e055-000000000001,"Rathdowney, Laois",43558,53370,60123,78508
Laois,2ae19629-16e3-13a3-e055-000000000001,"Rathsaran, Laois",55464,69565,60123,78508
Laois,2ae19629-16e4-13a3-e055-000000000001,"Rearymore, Laois",54875,69943,60123,78508
Laois,2ae19629-16e5-13a3-e055-000000000001,"Rosenallis, Laois",65812,79930,60123,78508
Laois,2ae19629-16e6-13a3-e055-000000000001,"Rossmore, Laois",87014,99871,60123,78508
Laois,2ae19629-16e7-13a3-e055-000000000001,"Sallyford, Laois",73657,90585,60123,78508
Laois,2ae19629-16e8-13a3-e055-000000000001,"Shaen, Laois",75947,82561,60123,78508
Laois,2ae19629-16ff-13a3-e055-000000000001,"Shrule, Laois",76708,80079,60123,78508
Laois,2ae19629-1700-13a3-e055-000000000001,"Stradbally, Laois",53053,66547,60123,78508
Laois,2ae19629-1701-13a3-e055-000000000001,"Tankardstown, Laois",70754,79424,60123,78508
Laois,2ae19629-1702-13a3-e055-000000000001,"Timahoe, Laois",75008,84211,60123,78508
Laois,2ae19629-1703-13a3-e055-000000000001,"Timogue, Laois",69422,79301,60123,78508
Laois,2ae19629-1704-13a3-e055-000000000001,"Tinnahinch, Laois",48644,64644,60123,78508
Laois,2ae19629-1705-13a3-e055-000000000001,"Trumra, Laois",65241,76658,60123,78508
Laois,2ae19629-1706-13a3-e055-000000000001,"Turra, Laois",71840,82467,60123,78508
Laois,2ae19629-1707-13a3-e055-000000000001,"Vicarstown, Laois",67780,78854,60123,78508
Longford-Westmeath,2ae19629-1804-13a3-e055-000000000001,"Abbeylara, Longford",47074,59957,60123,78508
Longford-Westmeath,2ae19629-1805-13a3-e055-000000000001,"Aghaboy, Longford",50936,61353,60123,78508
Longford-Westmeath,2ae19629-1806-13a3-e055-000000000001,"Agharra, Longford",56922,72338,60123,78508
Longford-Westmeath,2ae19629-1807-13a3-e055-000000000001,"Ardagh East, Longford",63329,74626,60123,78508
Longford-Westmeath,2ae19629-1808-13a3-e055-000000000001,"Ardagh West, Longford",65994,77306,60123,78508
Longford-Westmeath,2ae19629-1809-13a3-e055-000000000001,"Ballinalee, Longford",39730,59150,60123,78508
Longford-Westmeath,2ae19629-180a-13a3-e055-000000000001,"Ballinamuck East, Longford",53661,62295,60123,78508
Longford-Westmeath,2ae19629-180b-13a3-e055-000000000001,"Ballinamuck West, Longford",40636,52711,60123,78508
Longford-Westmeath,2ae19629-180c-13a3-e055-000000000001,"Ballymahon, Longford",48178,57981,60123,78508
Longford-Westmeath,2ae19629-180d-13a3-e055-000000000001,"Ballymuigh, Longford",42512,55484,60123,78508
Longford-Westmeath,2ae19629-180e-13a3-e055-000000000001,"Breanrisk, Longford",58451,70177,60123,78508
Longford-Westmeath,2ae19629-180f-13a3-e055-000000000001,"Bunlahy, Longford",52031,58799,60123,78508
Longford-Westmeath,2ae19629-1810-13a3-e055-000000000001,"Caldragh, Longford",59527,70516,60123,78508
Longford-Westmeath,2ae19629-17ee-13a3-e055-000000000001,"Cashel East, Longford",46691,57364,60123,78508
Longford-Westmeath,2ae19629-17ef-13a3-e055-000000000001,"Cashel West, Longford",55528,73497,60123,78508
Longford-Westmeath,2ae19629-17f0-13a3-e055-000000000001,"Cloondara, Longford",52224,63523,60123,78508
Longford-Westmeath,2ae19629-17f1-13a3-e055-000000000001,"Cloonee, Longford",66261,71173,60123,78508
Longford-Westmeath,2ae19629-17f2-13a3-e055-000000000001,"Columbkille, Longford",51158,61428,60123,78508
Longford-Westmeath,2ae19629-17f3-13a3-e055-000000000001,"Coolamber, Longford",67918,80525,60123,78508
Longford-Westmeath,2ae19629-18dd-13a3-e055-000000000001,"Corboy, Longford",60087,72513,60123,78508
Longford-Westmeath,2ae19629-18de-13a3-e055-000000000001,"Creevy, Longford",61068,68444,60123,78508
Longford-Westmeath,2ae19629-18df-13a3-e055-000000000001,"Crosagstown, Longford",62181,67648,60123,78508
Longford-Westmeath,2ae19629-18e0-13a3-e055-000000000001,"Currygrane, Longford",62236,67293,60123,78508
Longford-Westmeath,2ae19629-18ea-13a3-e055-000000000001,"Dalystown, Longford",52044,59137,60123,78508
Longford-Westmeath,2ae19629-18eb-13a3-e055-000000000001,"Doory, Longford",61454,70874,60123,78508
Longford-Westmeath,2ae19629-18ec-13a3-e055-000000000001,"Drumgort, Longford",44912,65900,60123,78508
Longford-Westmeath,2ae19629-18f5-13a3-e055-000000000001,"Drumlish, Longford",47217,59762,60123,78508
Longford-Westmeath,2ae19629-18f6-13a3-e055-000000000001,"Drummeel, Longford",42753,60401,60123,78508
Longford-Westmeath,51c9d4b9-75dd-4621-9ef7-f06ff3f5e11d,"Firry/Newgrove, Longford",42680,58466,60123,78508
Longford-Westmeath,2ae19629-1900-13a3-e055-000000000001,"Forgney, Longford",68460,79330,60123,78508
Longford-Westmeath,2ae19629-1901-13a3-e055-000000000001,"Foxhall, Longford",36281,45841,60123,78508
Longford-Westmeath,2ae19629-1902-13a3-e055-000000000001,"Gelshagh, Longford",59887,66510,60123,78508
Longford-Westmeath,2ae19629-1903-13a3-e055-000000000001,"Granard Rural, Longford",67471,74662,60123,78508
Longford-Westmeath,2ae19629-1904-13a3-e055-000000000001,"Granard Urban, Longford",39740,48832,60123,78508
Longford-Westmeath,2ae19629-190f-13a3-e055-000000000001,"Kilcommock, Longford",49213,62825,60123,78508
Longford-Westmeath,2ae19629-1910-13a3-e055-000000000001,"Kilglass, Longford",49306,63549,60123,78508
Longford-Westmeath,2ae19629-1911-13a3-e055-000000000001,"Killashee, Longford",47110,60070,60123,78508
Longford-Westmeath,2ae19629-1918-13a3-e055-000000000001,"Killoe, Longford",44171,57139,60123,78508
Longford-Westmeath,2ae19629-1919-13a3-e055-000000000001,"Knockanbaun, Longford",59003,73368,60123,78508
Longford-Westmeath,2ae19629-191a-13a3-e055-000000000001,"Ledwithstown, Longford",51861,64152,60123,78508
Longford-Westmeath,2ae19629-191b-13a3-e055-000000000001,"Lislea, Longford",41348,54265,60123,78508
Longford-Westmeath,2ae19629-1925-13a3-e055-000000000001,"Longford No. 1 Urban, Longford",32308,38045,60123,78508
Longford-Westmeath,2ae19629-1926-13a3-e055-000000000001,"Longford No. 2 Urban, Longford",52230,68148,60123,78508
Longford-Westmeath,2ae19629-1927-13a3-e055-000000000001,"Longford Rural, Longford",45877,57713,60123,78508
Longford-Westmeath,2ae19629-18f7-13a3-e055-000000000001,"Meathas Truim, Longford",45015,53827,60123,78508
Longford-Westmeath,2ae19629-1928-13a3-e055-000000000001,"Milltown, Longford",58141,66050,60123,78508
Longford-Westmeath,2ae19629-1929-13a3-e055-000000000001,"Moatfarrell, Longford",66078,72879,60123,78508
Longford-Westmeath,2ae19629-1931-13a3-e055-000000000001,"Mountdavis, Longford",66786,78241,60123,78508
Longford-Westmeath,2ae19629-1932-13a3-e055-000000000001,"Moydow, Longford",64258,69320,60123,78508
Longford-Westmeath,2ae19629-1933-13a3-e055-000000000001,"Moyne, Longford",43942,55730,60123,78508
Longford-Westmeath,2ae19629-1940-13a3-e055-000000000001,"Mullanalaghta, Longford",62150,74194,60123,78508
Longford-Westmeath,2ae19629-1942-13a3-e055-000000000001,"Newtown Forbes, Longford",43548,52203,60123,78508
Longford-Westmeath,2ae19629-1943-13a3-e055-000000000001,"Rathcline, Longford",44699,60239,60123,78508
Longford-Westmeath,2ae19629-194d-13a3-e055-000000000001,"Sonnagh, Longford",38069,49489,60123,78508
Louth,2ae19629-194e-13a3-e055-000000000001,"Ardee Rural, Louth",69595,84795,60123,78508
Louth,2ae19629-194f-13a3-e055-000000000001,"Ardee Urban, Louth",47320,56087,60123,78508
Louth,2ae19629-1950-13a3-e055-000000000001,"Ballymascanlan, Louth",59968,75622,60123,78508
Louth,2ae19629-195c-13a3-e055-000000000001,"Barronstown, Louth",66328,79477,60123,78508
Louth,2ae19629-195d-13a3-e055-000000000001,"Carlingford, Louth",45192,65278,60123,78508
Louth,2ae19629-195e-13a3-e055-000000000001,"Castlebellingham, Louth",52098,66463,60123,78508
Louth,2ae19629-1968-13a3-e055-000000000001,"Castlering, Louth",71531,83391,60123,78508
Louth,21a09083-a130-47d2-8690-23338d5ecf18,"Castletown (North), Louth",43945,54449,60123,78508
Louth,feb68bba-797f-474c-9db5-429e7a70c68c,"Castletown (South), Louth",65258,81347,60123,78508
Louth,2ae19629-1972-13a3-e055-000000000001,"Clogher, Louth",67278,76185,60123,78508
Louth,2ae19629-1973-13a3-e055-000000000001,"Clonkeen, Louth",72168,84516,60123,78508
Louth,2ae19629-197d-13a3-e055-000000000001,"Collon, Louth",62277,80048,60123,78508
Louth,2ae19629-197e-13a3-e055-000000000001,"Creggan Upper, Louth",46199,62076,60123,78508
Louth,2ae19629-18c7-13a3-e055-000000000001,"Darver, Louth",70877,91565,60123,78508
Louth,2ae19629-18c9-13a3-e055-000000000001,"Dromin, Louth",67615,101609,60123,78508
Louth,2ae19629-18d6-13a3-e055-000000000001,"Dromiskin, Louth",66764,76625,60123,78508
Louth,2ae19629-18d7-13a3-e055-000000000001,"Drumcar, Louth",67386,80859,60123,78508
Louth,2ae19629-18e1-13a3-e055-000000000001,"Drummullagh, Louth",43941,59756,60123,78508
Louth,2ae19629-1936-13a3-e055-000000000001,"Dundalk No. 1 Urban, Louth",37501,46223,60123,78508
Louth,2ae19629-1937-13a3-e055-000000000001,"Dundalk No. 2 Urban, Louth",37511,44144,60123,78508
Louth,2ae19629-18e3-13a3-e055-000000000001,"Dundalk No. 3 Urban, Louth",41430,54871,60123,78508
Louth,2ae19629-1938-13a3-e055-000000000001,"Dundalk No. 4 Urban, Louth",47375,57053,60123,78508
Louth,f0b72184-af6a-4a08-9f38-8033428dfcf7,"Dundalk Rural (North), Louth",44584,54934,60123,78508
Louth,f26b950c-de46-4c46-b4be-21b2c886958f,"Dundalk Rural (South), Louth",51410,62288,60123,78508
Louth,2ae19629-18e4-13a3-e055-000000000001,"Dunleer, Louth",57579,70902,60123,78508
Louth,2ae19629-18ed-13a3-e055-000000000001,"Dysart, Louth",82924,89304,60123,78508
Louth,2ae19629-18c8-13a3-e055-000000000001,"Fair Gate, Louth",44910,55475,60123,78508
Louth,2ae19629-18ee-13a3-e055-000000000001,"Faughart, Louth",58080,71728,60123,78508
Louth,2ae19629-18ef-13a3-e055-000000000001,"Greenore, Louth",58559,75381,60123,78508
Louth,2ae19629-18f9-13a3-e055-000000000001,"Haggardstown, Louth",66853,84209,60123,78508
Louth,2ae19629-18fa-13a3-e055-000000000001,"Jenkinstown, Louth",66659,78033,60123,78508
Louth,2ae19629-1905-13a3-e055-000000000001,"Killanny, Louth",63656,79164,60123,78508
Louth,2ae19629-1906-13a3-e055-000000000001,"Louth, Louth",57114,71823,60123,78508
Louth,2ae19629-1907-13a3-e055-000000000001,"Mansfieldstown, Louth",73097,84917,60123,78508
Louth,2ae19629-1912-13a3-e055-000000000001,"Monasterboice, Louth",75302,89797,60123,78508
Louth,2ae19629-1913-13a3-e055-000000000001,"Mullary, Louth",84277,103079,60123,78508
Louth,2ae19629-191c-13a3-e055-000000000001,"Rathcor, Louth",61065,69894,60123,78508
Louth,2ae19629-191d-13a3-e055-000000000001,"Ravensdale, Louth",58553,76680,60123,78508
Louth,2ae19629-1935-13a3-e055-000000000001,"St. Lawrence Gate, Louth",59255,68759,60123,78508
Louth,2ae19629-1939-13a3-e055-000000000001,"St. Mary's (Part), Louth",61972,73886,60123,78508
Louth,2ae19629-192a-13a3-e055-000000000001,"St. Peter's, Louth",65025,75236,60123,78508
Louth,2ae19629-192b-13a3-e055-000000000001,"Stabannan, Louth",78543,94504,60123,78508
Louth,2ae19629-192c-13a3-e055-000000000001,"Tallanstown, Louth",58404,72037,60123,78508
Louth,2ae19629-1934-13a3-e055-000000000001,"Termonfeckin, Louth",77516,94518,60123,78508
Louth,2ae19629-191e-13a3-e055-000000000001,"West Gate, Louth",46939,57674,60123,78508
Meath East,2ae19629-1819-13a3-e055-000000000001,"Ardagh, Meath",58097,70013,60123,78508
Meath West,2ae19629-181a-13a3-e055-000000000001,"Ardbraccan, Meath",74123,87171,60123,78508
Meath East,2ae19629-1824-13a3-e055-000000000001,"Ardcath, Meath",68503,81513,60123,78508
Meath East,2ae19629-1825-13a3-e055-000000000001,"Ardmulchan, Meath",84327,99394,60123,78508
Meath West,2ae19629-182f-13a3-e055-000000000001,"Ardnamullan, Meath",65280,78089,60123,78508
Meath West,2ae19629-1830-13a3-e055-000000000001,"Athboy, Meath",55188,68237,60123,78508
Meath West,2ae19629-1831-13a3-e055-000000000001,"Ballinlough, Meath",63716,75387,60123,78508
Meath West,2ae19629-183a-13a3-e055-000000000001,"Ballyboggan, Meath",78121,85415,60123,78508
Meath West,2ae19629-183b-13a3-e055-000000000001,"Ballyconnell, Meath",70529,91556,60123,78508
Meath West,2ae19629-183c-13a3-e055-000000000001,"Balrathboyne, Meath",65359,75702,60123,78508
Meath West,2ae19629-183d-13a3-e055-000000000001,"Bective, Meath",78871,94521,60123,78508
Meath West,2ae19629-1847-13a3-e055-000000000001,"Boherboy, Meath",63890,80381,60123,78508
Meath West,2ae19629-1848-13a3-e055-000000000001,"Burry, Meath",86621,107157,60123,78508
Meath East,2ae19629-1849-13a3-e055-000000000001,"Carrickleck, Meath",63284,74164,60123,78508
Meath West,2ae19629-184a-13a3-e055-000000000001,"Castlejordan, Meath",56715,68576,60123,78508
Meath West,2ae19629-1852-13a3-e055-000000000001,"Castlekeeran, Meath",62897,76406,60123,78508
Meath West,2ae19629-1853-13a3-e055-000000000001,"Castlerickard, Meath",75204,85495,60123,78508
Meath East,2ae19629-1854-13a3-e055-000000000001,"Castletown, Meath",66163,79387,60123,78508
Meath East,2ae19629-18be-13a3-e055-000000000001,"Ceanannas Mór Rural, Meath",62371,73656,60123,78508
Meath East,2ae19629-18bf-13a3-e055-000000000001,"Ceanannas Mór Urban, Meath",36769,46931,60123,78508
Meath West,2ae19629-185f-13a3-e055-000000000001,"Cloghbrack, Meath",62185,75832,60123,78508
Meath West,2ae19629-1860-13a3-e055-000000000001,"Clonmacduff, Meath",72617,96934,60123,78508
Meath West,2ae19629-1861-13a3-e055-000000000001,"Crossakeel, Meath",56628,63491,60123,78508
Meath West,2ae19629-186b-13a3-e055-000000000001,"Crosskeys, Meath",59436,69027,60123,78508
Meath East,2ae19629-186c-13a3-e055-000000000001,"Cruicetown, Meath",72252,84616,60123,78508
Meath East,2ae19629-186d-13a3-e055-000000000001,"Culmullin, Meath",92321,117380,60123,78508
Meath East,2ae19629-186e-13a3-e055-000000000001,"Donaghmore, Meath",77592,91479,60123,78508
Meath East,2ae19629-1878-13a3-e055-000000000001,"Donaghpatrick, Meath",76230,90277,60123,78508
Meath East,2ae19629-1879-13a3-e055-000000000001,"Drumcondra, Meath",59576,71317,60123,78508
Meath East,2ae19629-1882-13a3-e055-000000000001,"Duleek, Meath",63859,73588,60123,78508
Meath East,2ae19629-1883-13a3-e055-000000000001,"Dunboyne, Meath",86938,109112,60123,78508
Meath East,2ae19629-188f-13a3-e055-000000000001,"Dunshaughlin, Meath",87877,101080,60123,78508
Meath West,2ae19629-1890-13a3-e055-000000000001,"Gallow, Meath",86245,100328,60123,78508
Meath West,2ae19629-189c-13a3-e055-000000000001,"Galtrim, Meath",80344,98496,60123,78508
Meath West,2ae19629-189d-13a3-e055-000000000001,"Girley, Meath",59575,77382,60123,78508
Meath East,2ae19629-18a6-13a3-e055-000000000001,"Grangegeeth, Meath",67596,78089,60123,78508
Meath West,2ae19629-18a7-13a3-e055-000000000001,"Grennanstown, Meath",68749,81717,60123,78508
Meath West,2ae19629-18b2-13a3-e055-000000000001,"Hill Of Down, Meath",71941,77955,60123,78508
Meath West,2ae19629-18b3-13a3-e055-000000000001,"Innfield, Meath",78222,88892,60123,78508
Meath East,2ae19629-18bd-13a3-e055-000000000001,"Julianstown, Meath",60773,77620,60123,78508
Meath East,2ae19629-1811-13a3-e055-000000000001,"Kentstown, Meath",79383,96004,60123,78508
Meath East,2ae19629-1812-13a3-e055-000000000001,"Kilbrew, Meath",77609,94635,60123,78508
Meath West,2ae19629-1813-13a3-e055-000000000001,"Kilbride, Meath",87841,98114,60123,78508
Meath West,2ae19629-1832-13a3-e055-000000000001,"Kilcooly, Meath",68273,88631,60123,78508
Meath West,2ae19629-1833-13a3-e055-000000000001,"Kildalkey, Meath",77053,85715,60123,78508
Meath West,2ae19629-1834-13a3-e055-000000000001,"Killaconnigan, Meath",59034,69391,60123,78508
Meath West,2ae19629-183e-13a3-e055-000000000001,"Killallon, Meath",75789,77784,60123,78508
Meath East,2ae19629-183f-13a3-e055-000000000001,"Killary, Meath",62177,73916,60123,78508
Meath West,2ae19629-184b-13a3-e055-000000000001,"Killeagh, Meath",53688,63597,60123,78508
Meath East,2ae19629-184c-13a3-e055-000000000001,"Killeen, Meath",84151,99017,60123,78508
Meath West,2ae19629-1855-13a3-e055-000000000001,"Killyon, Meath",64576,76972,60123,78508
Meath East,2ae19629-1856-13a3-e055-000000000001,"Kilmainham, Meath",46121,61556,60123,78508
Meath West,2ae19629-1862-13a3-e055-000000000001,"Kilmessan, Meath",73209,86161,60123,78508
Meath East,2ae19629-1863-13a3-e055-000000000001,"Kilmore, Meath",85733,111955,60123,78508
Meath West,2ae19629-186f-13a3-e055-000000000001,"Kilskeer, Meath",66914,78325,60123,78508
Meath West,2ae19629-1870-13a3-e055-000000000001,"Knocklough, Meath",60078,67923,60123,78508
Meath West,2ae19629-1871-13a3-e055-000000000001,"Laracor, Meath",79620,96824,60123,78508
Meath West,2ae19629-187a-13a3-e055-000000000001,"Loughan, Meath",63580,92702,60123,78508
Meath East,2ae19629-187b-13a3-e055-000000000001,"Maperath, Meath",69410,83558,60123,78508
Meath West,2ae19629-187c-13a3-e055-000000000001,"Martry, Meath",76160,88029,60123,78508
Meath East,2ae19629-1884-13a3-e055-000000000001,"Mellifont, Meath",71806,89117,60123,78508
Meath East,2ae19629-1885-13a3-e055-000000000001,"Moybolgue, Meath",76353,83466,60123,78508
Meath West,2ae19629-1886-13a3-e055-000000000001,"Moylagh, Meath",52501,68242,60123,78508
Meath East,2ae19629-1891-13a3-e055-000000000001,"Moynalty, Meath",58021,77518,60123,78508
Meath West,2ae19629-1892-13a3-e055-000000000001,"Navan Rural, Meath",66462,77302,60123,78508
Meath West,2ae19629-1893-13a3-e055-000000000001,"Navan Urban, Meath",45234,55768,60123,78508
Meath East,2ae19629-1894-13a3-e055-000000000001,"Newcastle, Meath",70279,77847,60123,78508
Meath East,2ae19629-189e-13a3-e055-000000000001,"Newtown, Meath",62637,76706,60123,78508
Meath East,2ae19629-189f-13a3-e055-000000000001,"Nobber, Meath",59140,69501,60123,78508
Meath West,2ae19629-18a8-13a3-e055-000000000001,"Oldcastle, Meath",46394,59692,60123,78508
Meath East,2ae19629-18a9-13a3-e055-000000000001,"Painestown, Meath",71963,95544,60123,78508
Meath East,2ae19629-18aa-13a3-e055-000000000001,"Posseckstown, Meath",65473,83073,60123,78508
Meath West,2ae19629-18b4-13a3-e055-000000000001,"Rahinstown, Meath",68295,84799,60123,78508
Meath East,2ae19629-18b5-13a3-e055-000000000001,"Rathfeigh, Meath",88317,113356,60123,78508
Meath East,2ae19629-18b6-13a3-e055-000000000001,"Rathkenny, Meath",68256,78278,60123,78508
Meath West,2ae19629-18c1-13a3-e055-000000000001,"Rathmolyon, Meath",72021,81728,60123,78508
Meath West,2ae19629-18c0-13a3-e055-000000000001,"Rathmore, Meath",71377,84079,60123,78508
Meath East,2ae19629-1814-13a3-e055-000000000001,"Ratoath, Meath",94409,112789,60123,78508
Meath East,2ae19629-1815-13a3-e055-000000000001,"Rodanstown, Meath",97193,109511,60123,78508
Meath East,2ae19629-181b-13a3-e055-000000000001,"Skreen, Meath",76280,107362,60123,78508
Meath East,2ae19629-181c-13a3-e055-000000000001,"Slane, Meath",62259,76566,60123,78508
Louth,2ae19629-1826-13a3-e055-000000000001,"St. Mary's, Meath",78046,89997,60123,78508
Meath East,2ae19629-1827-13a3-e055-000000000001,"Stackallan, Meath",76050,93974,60123,78508
Meath East,2ae19629-1828-13a3-e055-000000000001,"Staholmog, Meath",64275,73829,60123,78508
Meath East,2ae19629-1829-13a3-e055-000000000001,"Stamullin, Meath",81409,91516,60123,78508
Meath West,2ae19629-181d-13a3-e055-000000000001,"Stonefield, Meath",60945,71732,60123,78508
Meath West,2ae19629-181e-13a3-e055-000000000001,"Summerhill, Meath",61649,77829,60123,78508
Meath East,2ae19629-181f-13a3-e055-000000000001,"Tara, Meath",79002,105847,60123,78508
Meath West,2ae19629-182a-13a3-e055-000000000001,"Teltown, Meath",62299,82058,60123,78508
Meath West,2ae19629-182b-13a3-e055-000000000001,"Trim Rural, Meath",66479,82193,60123,78508
Meath West,2ae19629-182c-13a3-e055-000000000001,"Trim Urban, Meath",43991,54856,60123,78508
Meath East,2ae19629-1835-13a3-e055-000000000001,"Trohanny, Meath",54422,66913,60123,78508
Offaly,2ae19629-1ada-13a3-e055-000000000001,"Aghancon, Offaly",53169,67338,60123,78508
Offaly,2ae19629-1adc-13a3-e055-000000000001,"Ballincor, Offaly",56118,74621,60123,78508
Offaly,2ae19629-1add-13a3-e055-000000000001,"Ballyburly, Offaly",59039,68419,60123,78508
Offaly,2ae19629-1ae8-13a3-e055-000000000001,"Ballycommon, Offaly",69531,81648,60123,78508
Offaly,2ae19629-1ae9-13a3-e055-000000000001,"Ballycumber, Offaly",55208,67314,60123,78508
Offaly,2ae19629-1aea-13a3-e055-000000000001,"Ballymacwilliam, Offaly",68079,75718,60123,78508
Offaly,2ae19629-1aeb-13a3-e055-000000000001,"Ballyshear, Offaly",67438,83048,60123,78508
Offaly,2ae19629-1af5-13a3-e055-000000000001,"Banagher, Offaly",49066,61954,60123,78508
Offaly,2ae19629-1af6-13a3-e055-000000000001,"Barna, Offaly",57022,77267,60123,78508
Offaly,2ae19629-1af7-13a3-e055-000000000001,"Bawn, Offaly",65958,73189,60123,78508
Offaly,2ae19629-1a3f-13a3-e055-000000000001,"Birr Rural, Offaly",48260,63872,60123,78508
Offaly,2ae19629-1a40-13a3-e055-000000000001,"Birr Urban, Offaly",42662,55586,60123,78508
Offaly,2ae19629-1a41-13a3-e055-000000000001,"Bracknagh, Offaly",64563,76085,60123,78508
Offaly,2ae19629-1a42-13a3-e055-000000000001,"Broughal, Offaly",46826,58904,60123,78508
Offaly,2ae19629-1a4e-13a3-e055-000000000001,"Cangort, Offaly",41797,63425,60123,78508
Offaly,2ae19629-1a4f-13a3-e055-000000000001,"Cappancur, Offaly",65984,79214,60123,78508
Offaly,2ae19629-1a50-13a3-e055-000000000001,"Clara, Offaly",49347,59792,60123,78508
Offaly,2ae19629-1a51-13a3-e055-000000000001,"Cloghan, Offaly",53020,63532,60123,78508
Offaly,2ae19629-1a5c-13a3-e055-000000000001,"Clonbulloge, Offaly",60248,68975,60123,78508
Offaly,2ae19629-1a5d-13a3-e055-000000000001,"Clonmacnoise, Offaly",65781,71993,60123,78508
Offaly,2ae19629-1a5e-13a3-e055-000000000001,"Clonmore, Offaly",68509,75564,60123,78508
Offaly,2ae19629-1a5f-13a3-e055-000000000001,"Clonygowan, Offaly",65575,73396,60123,78508
Offaly,2ae19629-1a68-13a3-e055-000000000001,"Croghan, Offaly",71758,78556,60123,78508
Offaly,2ae19629-1a69-13a3-e055-000000000001,"Cullenwaine, Offaly",56221,70049,60123,78508
Offaly,2ae19629-1a6a-13a3-e055-000000000001,"Daingean, Offaly",55673,62718,60123,78508
Offaly,2ae19629-1a73-13a3-e055-000000000001,"Derrinboy, Offaly",71500,84683,60123,78508
Offaly,2ae19629-1a74-13a3-e055-000000000001,"Derryad, Offaly",62658,75456,60123,78508
Offaly,2ae19629-1a75-13a3-e055-000000000001,"Derrycooly, Offaly",68243,73888,60123,78508
Offaly,2ae19629-1a76-13a3-e055-000000000001,"Doon, Offaly",72543,84295,60123,78508
Offaly,2ae19629-1a81-13a3-e055-000000000001,"Dromoyle, Offaly",73118,80251,60123,78508
Offaly,2ae19629-1a82-13a3-e055-000000000001,"Drumcullen, Offaly",64556,77146,60123,78508
Offaly,2ae19629-1a83-13a3-e055-000000000001,"Dunkerrin, Offaly",75480,82072,60123,78508
Offaly,2ae19629-1a8e-13a3-e055-000000000001,"Durrow, Offaly",84130,97845,60123,78508
Offaly,2ae19629-1a8f-13a3-e055-000000000001,"Edenderry Rural, Offaly",79224,92071,60123,78508
Offaly,2ae19629-1a90-13a3-e055-000000000001,"Edenderry Urban, Offaly",52914,61964,60123,78508
Offaly,2ae19629-1a91-13a3-e055-000000000001,"Eglish, Offaly",50174,68317,60123,78508
Offaly,67112637-b544-4b5c-b9fa-02e36d6f26b7,"Esker/Ballaghassaan, Offaly",60248,69214,60123,78508
Offaly,2ae19629-1a9a-13a3-e055-000000000001,"Ettagh, Offaly",68437,76393,60123,78508
Offaly,2ae19629-1a9b-13a3-e055-000000000001,"Ferbane, Offaly",53605,62970,60123,78508
Offaly,2ae19629-1aa4-13a3-e055-000000000001,"Gallen, Offaly",46177,57973,60123,78508
Offaly,2ae19629-1aa5-13a3-e055-000000000001,"Geashill, Offaly",63762,74799,60123,78508
Offaly,2ae19629-1aa6-13a3-e055-000000000001,"Gorteen, Offaly, 187043",57347,70626,60123,78508
Offaly,2ae19629-1aae-13a3-e055-000000000001,"Gorteen, Offaly, 187044",75453,88885,60123,78508
Offaly,2ae19629-1aaf-13a3-e055-000000000001,"Hammerlane, Offaly",68342,79031,60123,78508
Offaly,2ae19629-1ab0-13a3-e055-000000000001,"Hinds, Offaly",64232,76338,60123,78508
Offaly,2ae19629-1ab1-13a3-e055-000000000001,"Huntston, Offaly",57520,70194,60123,78508
Offaly,2ae19629-1ab9-13a3-e055-000000000001,"Kilclonfert, Offaly",74519,79166,60123,78508
Offaly,2ae19629-1aba-13a3-e055-000000000001,"Kilcolman, Offaly",67832,76550,60123,78508
Offaly,2ae19629-1abb-13a3-e055-000000000001,"Kilcormac, Offaly",46181,55887,60123,78508
Offaly,2ae19629-1ac6-13a3-e055-000000000001,"Kilcumreragh, Offaly",70999,80338,60123,78508
Offaly,2ae19629-1ac7-13a3-e055-000000000001,"Killeigh, Offaly",64074,73947,60123,78508
Offaly,2ae19629-1ac8-13a3-e055-000000000001,"Killooly, Offaly",59608,83710,60123,78508
Offaly,2ae19629-1ad1-13a3-e055-000000000001,"Killoughy, Offaly",65326,79278,60123,78508
Offaly,2ae19629-1ad2-13a3-e055-000000000001,"Killyon, Offaly",60887,91369,60123,78508
Offaly,2ae19629-1ad3-13a3-e055-000000000001,"Kinnitty, Offaly",55851,71079,60123,78508
Offaly,2ae19629-1ad4-13a3-e055-000000000001,"Knockbarron, Offaly",59104,68452,60123,78508
Offaly,2ae19629-1ade-13a3-e055-000000000001,"Knockdrin, Offaly",73609,85963,60123,78508
Offaly,2ae19629-1adf-13a3-e055-000000000001,"Lea, Offaly",52984,63944,60123,78508
Offaly,2ae19629-1ae0-13a3-e055-000000000001,"Letter, Offaly",58287,67229,60123,78508
Offaly,2ae19629-1ae1-13a3-e055-000000000001,"Lumcloon, Offaly",49581,61824,60123,78508
Offaly,2ae19629-1aec-13a3-e055-000000000001,"Lusmagh, Offaly",61027,66317,60123,78508
Offaly,2ae19629-1aed-13a3-e055-000000000001,"Monasteroris, Offaly",71449,84842,60123,78508
Offaly,2ae19629-1aee-13a3-e055-000000000001,"Mountbriscoe, Offaly",71420,79056,60123,78508
Offaly,2ae19629-1af8-13a3-e055-000000000001,"Mounterin, Offaly",62609,75472,60123,78508
Offaly,2ae19629-1af9-13a3-e055-000000000001,"Mountheaton, Offaly",66782,73957,60123,78508
Offaly,2ae19629-1afa-13a3-e055-000000000001,"Moyclare, Offaly",58836,71382,60123,78508
Offaly,2ae19629-1afb-13a3-e055-000000000001,"O'dempsey, Offaly",54810,70166,60123,78508
Offaly,2ae19629-1a43-13a3-e055-000000000001,"Portarlington North, Offaly",53539,64828,60123,78508
Offaly,2ae19629-1a44-13a3-e055-000000000001,"Rahan, Offaly",71449,82837,60123,78508
Offaly,2ae19629-1a45-13a3-e055-000000000001,"Raheenakeeran, Offaly",50379,59021,60123,78508
Offaly,2ae19629-1a46-13a3-e055-000000000001,"Rathfeston, Offaly",69734,80731,60123,78508
Offaly,2ae19629-1a52-13a3-e055-000000000001,"Rathrobin, Offaly",65557,74859,60123,78508
Offaly,2ae19629-1a53-13a3-e055-000000000001,"Roscomroe, Offaly",56745,69756,60123,78508
Offaly,2ae19629-1a54-13a3-e055-000000000001,"Screggan, Offaly",70520,90050,60123,78508
Offaly,2ae19629-1a60-13a3-e055-000000000001,"Seirkieran, Offaly",72154,77865,60123,78508
Offaly,2ae19629-1a61-13a3-e055-000000000001,"Shannonbridge, Offaly",45302,53463,60123,78508
Offaly,2ae19629-1a62-13a3-e055-000000000001,"Shannonharbour, Offaly",59155,70042,60123,78508
Offaly,2ae19629-1a6b-13a3-e055-000000000001,"Shinrone, Offaly",42364,53839,60123,78508
Offaly,2ae19629-1a6c-13a3-e055-000000000001,"Silverbrook, Offaly",77597,96094,60123,78508
Offaly,2ae19629-1a6d-13a3-e055-000000000001,"Srah, Offaly",46521,55873,60123,78508
Offaly,2ae19629-1a77-13a3-e055-000000000001,"Templeharry, Offaly",48508,61505,60123,78508
Offaly,2ae19629-1a78-13a3-e055-000000000001,"Tinamuck, Offaly",65157,80511,60123,78508
Offaly,2ae19629-1a79-13a3-e055-000000000001,"Tinnycross, Offaly",69235,81126,60123,78508
Offaly,2ae19629-1a7a-13a3-e055-000000000001,"Tulla, Offaly",75012,79698,60123,78508
Offaly,2ae19629-1a84-13a3-e055-000000000001,"Tullamore Rural, Offaly",70042,79999,60123,78508
Offaly,2ae19629-1a85-13a3-e055-000000000001,"Tullamore Urban, Offaly",48887,61716,60123,78508
Longford-Westmeath,2ae19629-1bc1-13a3-e055-000000000001,"Ardnaglew, Westmeath",81585,82579,60123,78508
Longford-Westmeath,2ae19629-1bca-13a3-e055-000000000001,"Ardnagragh, Westmeath",69456,84851,60123,78508
Longford-Westmeath,2ae19629-1bcc-13a3-e055-000000000001,"Athlone East Rural, Westmeath",56170,67051,60123,78508
Longford-Westmeath,2ae19629-1bcb-13a3-e055-000000000001,"Athlone East Urban, Westmeath",47553,57316,60123,78508
Longford-Westmeath,2ae19629-1bcd-13a3-e055-000000000001,"Athlone West Urban, Westmeath",41200,51611,60123,78508
Longford-Westmeath,2ae19629-1bce-13a3-e055-000000000001,"Auburn, Westmeath",70047,85755,60123,78508
Longford-Westmeath,2ae19629-1bda-13a3-e055-000000000001,"Ballinalack, Westmeath",58801,78745,60123,78508
Longford-Westmeath,2ae19629-1bdb-13a3-e055-000000000001,"Ballinlough, Westmeath",77889,82004,60123,78508
Longford-Westmeath,2ae19629-1aff-13a3-e055-000000000001,"Ballybroder, Westmeath",78513,83986,60123,78508
Longford-Westmeath,2ae19629-1b00-13a3-e055-000000000001,"Ballyhealy, Westmeath",58132,70806,60123,78508
Longford-Westmeath,2ae19629-1b01-13a3-e055-000000000001,"Ballykilmore, Westmeath",53471,66438,60123,78508
Longford-Westmeath,2ae19629-1b02-13a3-e055-000000000001,"Ballymore, Westmeath",53992,63230,60123,78508
Longford-Westmeath,2ae19629-1bdc-13a3-e055-000000000001,"Ballymorin, Westmeath",66382,84544,60123,78508
Longford-Westmeath,2ae19629-1b24-13a3-e055-000000000001,"Ballynagore, Westmeath",64777,69512,60123,78508
Longford-Westmeath,2ae19629-1b25-13a3-e055-000000000001,"Ballynaskeagh, Westmeath",66932,73445,60123,78508
Longford-Westmeath,2ae19629-1b26-13a3-e055-000000000001,"Bellanalack, Westmeath",70259,79368,60123,78508
Longford-Westmeath,2ae19629-1b27-13a3-e055-000000000001,"Belvidere, Westmeath",73109,108100,60123,78508
Longford-Westmeath,2ae19629-1b31-13a3-e055-000000000001,"Boherquill, Westmeath",49829,66407,60123,78508
Longford-Westmeath,2ae19629-1b32-13a3-e055-000000000001,"Bracklin, Westmeath",66685,73228,60123,78508
Longford-Westmeath,2ae19629-1b33-13a3-e055-000000000001,"Carn, Westmeath",71133,84043,60123,78508
Longford-Westmeath,2ae19629-1b34-13a3-e055-000000000001,"Carrick, Westmeath",66185,88007,60123,78508
Longford-Westmeath,2ae19629-1b40-13a3-e055-000000000001,"Castle, Westmeath",80372,94290,60123,78508
Longford-Westmeath,2ae19629-1b41-13a3-e055-000000000001,"Castledaly, Westmeath",68255,82643,60123,78508
Longford-Westmeath,2ae19629-1b42-13a3-e055-000000000001,"Castlelost, Westmeath",53790,65361,60123,78508
Longford-Westmeath,2ae19629-1b4c-13a3-e055-000000000001,"Castletown, Westmeath",65968,80771,60123,78508
Longford-Westmeath,2ae19629-1b4d-13a3-e055-000000000001,"Churchtown, Westmeath",66605,82494,60123,78508
Longford-Westmeath,2ae19629-1b57-13a3-e055-000000000001,"Cloghan, Westmeath",68771,80801,60123,78508
Longford-Westmeath,2ae19629-1b58-13a3-e055-000000000001,"Clonarney, Westmeath",62199,73955,60123,78508
Longford-Westmeath,2ae19629-1b59-13a3-e055-000000000001,"Clonfad, Westmeath",58419,80636,60123,78508
Longford-Westmeath,2ae19629-1b64-13a3-e055-000000000001,"Clonlost, Westmeath",64483,73478,60123,78508
Longford-Westmeath,2ae19629-1b65-13a3-e055-000000000001,"Collinstown, Westmeath",53884,69369,60123,78508
Longford-Westmeath,2ae19629-1b66-13a3-e055-000000000001,"Coole, Westmeath",51097,64667,60123,78508
Longford-Westmeath,2ae19629-1b67-13a3-e055-000000000001,"Coolure, Westmeath",58034,64929,60123,78508
Longford-Westmeath,2ae19629-1b71-13a3-e055-000000000001,"Copperalley, Westmeath",43570,58196,60123,78508
Longford-Westmeath,2ae19629-1b72-13a3-e055-000000000001,"Delvin, Westmeath",53922,62501,60123,78508
Longford-Westmeath,2ae19629-1b73-13a3-e055-000000000001,"Derrymore, Westmeath",63729,73739,60123,78508
Longford-Westmeath,2ae19629-1b74-13a3-e055-000000000001,"Doonis, Westmeath",71599,83565,60123,78508
Longford-Westmeath,2ae19629-1b83-13a3-e055-000000000001,"Drumraney, Westmeath",78231,79665,60123,78508
Longford-Westmeath,2ae19629-1b84-13a3-e055-000000000001,"Dysart, Westmeath",59913,76931,60123,78508
Longford-Westmeath,2ae19629-1b85-13a3-e055-000000000001,"Emper, Westmeath",61666,73349,60123,78508
Longford-Westmeath,2ae19629-1b86-13a3-e055-000000000001,"Enniscoffey, Westmeath",69027,82964,60123,78508
Longford-Westmeath,2ae19629-1b97-13a3-e055-000000000001,"Faughalstown, Westmeath",67795,77048,60123,78508
Longford-Westmeath,2ae19629-1b98-13a3-e055-000000000001,"Finnea, Westmeath",39132,53101,60123,78508
Longford-Westmeath,2ae19629-1b99-13a3-e055-000000000001,"Fore East, Westmeath",61504,71811,60123,78508
Longford-Westmeath,2ae19629-1bb0-13a3-e055-000000000001,"Fore West, Westmeath",64834,73581,60123,78508
Longford-Westmeath,2ae19629-1bb1-13a3-e055-000000000001,"Gaybrook, Westmeath",85662,91087,60123,78508
Longford-Westmeath,2ae19629-1bb2-13a3-e055-000000000001,"Glassan, Westmeath",76559,100899,60123,78508
Longford-Westmeath,2ae19629-1bc2-13a3-e055-000000000001,"Glenlough, Westmeath",54483,64557,60123,78508
Longford-Westmeath,2ae19629-1bc3-13a3-e055-000000000001,"Glore, Westmeath",48703,65217,60123,78508
Longford-Westmeath,2ae19629-1bc4-13a3-e055-000000000001,"Greenpark, Westmeath",64669,77791,60123,78508
Longford-Westmeath,2ae19629-1bcf-13a3-e055-000000000001,"Griffinstown, Westmeath",75167,92456,60123,78508
Longford-Westmeath,2ae19629-1bd0-13a3-e055-000000000001,"Heathstown, Westmeath",77630,87528,60123,78508
Longford-Westmeath,2ae19629-1bd1-13a3-e055-000000000001,"Hilltown, Westmeath",51083,61936,60123,78508
Longford-Westmeath,2ae19629-1bdd-13a3-e055-000000000001,"Hopestown, Westmeath",78964,110627,60123,78508
Longford-Westmeath,2ae19629-1bde-13a3-e055-000000000001,"Huntingdon, Westmeath",64555,80865,60123,78508
Longford-Westmeath,2ae19629-1bdf-13a3-e055-000000000001,"Jamestown, Westmeath",58169,92867,60123,78508
Longford-Westmeath,2ae19629-1b03-13a3-e055-000000000001,"Kilbeggan, Westmeath",50433,61901,60123,78508
Longford-Westmeath,2ae19629-1b04-13a3-e055-000000000001,"Kilbixy, Westmeath",44588,55858,60123,78508
Longford-Westmeath,2ae19629-1b05-13a3-e055-000000000001,"Kilcumny, Westmeath",53594,59553,60123,78508
Longford-Westmeath,2ae19629-1b0b-13a3-e055-000000000001,"Kilcumreragh, Westmeath",63807,75527,60123,78508
Longford-Westmeath,2ae19629-1b0c-13a3-e055-000000000001,"Killare, Westmeath",61561,71550,60123,78508
Longford-Westmeath,2ae19629-1b0d-13a3-e055-000000000001,"Killinure, Westmeath",77681,100477,60123,78508
Longford-Westmeath,2ae19629-1b18-13a3-e055-000000000001,"Killua, Westmeath",58995,72063,60123,78508
Longford-Westmeath,2ae19629-1b19-13a3-e055-000000000001,"Killucan, Westmeath",65179,72386,60123,78508
Longford-Westmeath,2ae19629-1b1a-13a3-e055-000000000001,"Killulagh, Westmeath",59000,79042,60123,78508
Longford-Westmeath,2ae19629-1b0e-13a3-e055-000000000001,"Kilpatrick, Westmeath",73509,83938,60123,78508
Longford-Westmeath,2ae19629-1b0f-13a3-e055-000000000001,"Kinnegad, Westmeath",62195,70216,60123,78508
Longford-Westmeath,2ae19629-1b10-13a3-e055-000000000001,"Kinturk, Westmeath",42429,54478,60123,78508
Longford-Westmeath,2ae19629-1b11-13a3-e055-000000000001,"Knockarrow, Westmeath",53202,59582,60123,78508
Longford-Westmeath,2ae19629-1b1b-13a3-e055-000000000001,"Knockdrin, Westmeath",73376,83044,60123,78508
Longford-Westmeath,2ae19629-1b1c-13a3-e055-000000000001,"Lackan, Westmeath",53652,73291,60123,78508
Longford-Westmeath,2ae19629-1b1d-13a3-e055-000000000001,"Lauree, Westmeath",65516,77713,60123,78508
Longford-Westmeath,2ae19629-1b28-13a3-e055-000000000001,"Middleton, Westmeath",66373,79841,60123,78508
Longford-Westmeath,2ae19629-1bd2-13a3-e055-000000000001,"Milltown, Westmeath",52754,67280,60123,78508
Longford-Westmeath,2ae19629-1b29-13a3-e055-000000000001,"Moate, Westmeath",55155,65623,60123,78508
Longford-Westmeath,2ae19629-1b2a-13a3-e055-000000000001,"Mount Temple, Westmeath",78895,97892,60123,78508
Longford-Westmeath,2ae19629-1b35-13a3-e055-000000000001,"Moydrum, Westmeath",71029,88095,60123,78508
Longford-Westmeath,2ae19629-1b36-13a3-e055-000000000001,"Muckanagh, Westmeath",61173,70756,60123,78508
Longford-Westmeath,2ae19629-1b9e-13a3-e055-000000000001,"Mullingar North Urban, Westmeath",42872,51068,60123,78508
Longford-Westmeath,2ae19629-1b37-13a3-e055-000000000001,"Mullingar Rural, Westmeath",62760,73742,60123,78508
Longford-Westmeath,2ae19629-1b43-13a3-e055-000000000001,"Mullingar South Urban, Westmeath",51866,66805,60123,78508
Longford-Westmeath,2ae19629-1b44-13a3-e055-000000000001,"Multyfarnham, Westmeath",60823,72017,60123,78508
Longford-Westmeath,2ae19629-1b45-13a3-e055-000000000001,"Newtown, Westmeath",77519,82819,60123,78508
Longford-Westmeath,2ae19629-1b46-13a3-e055-000000000001,"Noughaval, Westmeath",73235,79944,60123,78508
Longford-Westmeath,2ae19629-1b4e-13a3-e055-000000000001,"Owel, Westmeath",74064,88568,60123,78508
Longford-Westmeath,2ae19629-1b4f-13a3-e055-000000000001,"Piercetown, Westmeath",62775,68609,60123,78508
Longford-Westmeath,2ae19629-1b50-13a3-e055-000000000001,"Portloman, Westmeath",71196,83646,60123,78508
Longford-Westmeath,2ae19629-1b51-13a3-e055-000000000001,"Raharney, Westmeath",60093,71307,60123,78508
Longford-Westmeath,2ae19629-1b5a-13a3-e055-000000000001,"Rahugh, Westmeath",52529,73177,60123,78508
Longford-Westmeath,2ae19629-1b5b-13a3-e055-000000000001,"Rathconrath, Westmeath",71104,76228,60123,78508
Longford-Westmeath,2ae19629-1b5c-13a3-e055-000000000001,"Rathowen, Westmeath",54873,63285,60123,78508
Longford-Westmeath,2ae19629-1b5d-13a3-e055-000000000001,"Riverdale, Westmeath",75625,86076,60123,78508
Longford-Westmeath,2ae19629-1b68-13a3-e055-000000000001,"Rosmead, Westmeath",62905,74648,60123,78508
Longford-Westmeath,2ae19629-1b69-13a3-e055-000000000001,"Russellstown, Westmeath",75823,93794,60123,78508
Longford-Westmeath,2ae19629-1b6a-13a3-e055-000000000001,"Skeagh, Westmeath",58487,69696,60123,78508
Longford-Westmeath,2ae19629-1b6b-13a3-e055-000000000001,"Sonna, Westmeath",54876,69830,60123,78508
Longford-Westmeath,2ae19629-1b75-13a3-e055-000000000001,"Stonehall, Westmeath",60093,75337,60123,78508
Longford-Westmeath,2ae19629-1b76-13a3-e055-000000000001,"Streamstown, Westmeath",65249,70954,60123,78508
Longford-Westmeath,2ae19629-1b77-13a3-e055-000000000001,"Street, Westmeath",45364,54729,60123,78508
Longford-Westmeath,2ae19629-1b87-13a3-e055-000000000001,"Taghmon, Westmeath",63090,74096,60123,78508
Longford-Westmeath,2ae19629-1b88-13a3-e055-000000000001,"Templepatrick, Westmeath",52283,74047,60123,78508
Longford-Westmeath,2ae19629-1b89-13a3-e055-000000000001,"Tubbrit, Westmeath",66545,75966,60123,78508
Longford-Westmeath,2ae19629-1b9a-13a3-e055-000000000001,"Tullaghan, Westmeath",79065,97270,60123,78508
Longford-Westmeath,2ae19629-1b9b-13a3-e055-000000000001,"Umma, Westmeath",60275,73297,60123,78508
Longford-Westmeath,2ae19629-1b9c-13a3-e055-000000000001,"Winetown, Westmeath",64263,63967,60123,78508
Longford-Westmeath,2ae19629-1b9d-13a3-e055-000000000001,"Woodland, Westmeath",67419,92784,60123,78508
Wexford,2ae19629-1bb3-13a3-e055-000000000001,"Adamstown, Wexford",51956,63113,60123,78508
Wicklow-Wexford,2ae19629-1bb4-13a3-e055-000000000001,"Ardamine, Wexford",47009,55602,60123,78508
Wexford,2ae19629-1bc5-13a3-e055-000000000001,"Ardcavan, Wexford",59607,78650,60123,78508
Wexford,2ae19629-1bc6-13a3-e055-000000000001,"Ardcolm, Wexford",55693,67068,60123,78508
Wexford,2ae19629-1bd3-13a3-e055-000000000001,"Artramon, Wexford",56000,72347,60123,78508
Wexford,2ae19629-1bd4-13a3-e055-000000000001,"Aughwilliam, Wexford",65058,78180,60123,78508
Wicklow-Wexford,2ae19629-1bd5-13a3-e055-000000000001,"Ballindaggan, Wexford",53124,64215,60123,78508
Wicklow-Wexford,2ae19629-1e4d-13a3-e055-000000000001,"Balloughter, Wexford",70551,83445,60123,78508
Wexford,2ae19629-1be0-13a3-e055-000000000001,"Ballyanne, Wexford",50798,68173,60123,78508
Wicklow-Wexford,2ae19629-1be1-13a3-e055-000000000001,"Ballybeg, Wexford",59086,68761,60123,78508
Wicklow-Wexford,2ae19629-1be2-13a3-e055-000000000001,"Ballycanew, Wexford",54019,61993,60123,78508
Wicklow-Wexford,2ae19629-1b06-13a3-e055-000000000001,"Ballycarney, Wexford",73286,82192,60123,78508
Wicklow-Wexford,2ae19629-1b07-13a3-e055-000000000001,"Ballyellis, Wexford",66356,75275,60123,78508
Wicklow-Wexford,2ae19629-1b08-13a3-e055-000000000001,"Ballygarrett, Wexford",50476,67896,60123,78508
Wexford,2ae19629-1b12-13a3-e055-000000000001,"Ballyhack, Wexford",50283,60388,60123,78508
Wexford,2ae19629-1b13-13a3-e055-000000000001,"Ballyhoge, Wexford",58308,68248,60123,78508
Wexford,2ae19629-1b14-13a3-e055-000000000001,"Ballyhuskard, Wexford",61723,73634,60123,78508
Wicklow-Wexford,2ae19629-1e40-13a3-e055-000000000001,"Ballylarkin, Wexford",63277,80337,60123,78508
Wexford,2ae19629-1e41-13a3-e055-000000000001,"Ballymitty, Wexford",56016,63414,60123,78508
Wicklow-Wexford,2ae19629-1e4b-13a3-e055-000000000001,"Ballymore, Wexford",69080,74190,60123,78508
Wicklow-Wexford,2ae19629-1e4c-13a3-e055-000000000001,"Ballynestragh, Wexford",78150,90425,60123,78508
Wexford,2ae19629-1e56-13a3-e055-000000000001,"Ballyvaldon, Wexford",60875,72133,60123,78508
Wexford,2ae19629-1e57-13a3-e055-000000000001,"Bannow, Wexford",47617,58211,60123,78508
Wexford,2ae19629-1e58-13a3-e055-000000000001,"Barrack Village, Wexford",62597,66063,60123,78508
Wexford,2ae19629-1e62-13a3-e055-000000000001,"Barronstown, Wexford",66862,72289,60123,78508
Wexford,2ae19629-1e63-13a3-e055-000000000001,"Bolaboy, Wexford",51043,61675,60123,78508
Wexford,2ae19629-1e64-13a3-e055-000000000001,"Bree, Wexford",66476,79123,60123,78508
Wexford,2ae19629-1e6e-13a3-e055-000000000001,"Bridgetown, Wexford",59816,65060,60123,78508
Wicklow-Wexford,2ae19629-1e6f-13a3-e055-000000000001,"Cahore, Wexford",61677,70325,60123,78508
Wexford,2ae19629-1e70-13a3-e055-000000000001,"Carnagh, Wexford",53340,69842,60123,78508
Wexford,2ae19629-1e7a-13a3-e055-000000000001,"Carrick, Wexford",70299,92915,60123,78508
Wexford,2ae19629-1e7b-13a3-e055-000000000001,"Carrickbyrne, Wexford",59567,75093,60123,78508
Wexford,2ae19629-1e7c-13a3-e055-000000000001,"Castle Ellis, Wexford",58163,69481,60123,78508
Wexford,2ae19629-1e87-13a3-e055-000000000001,"Castle Talbot, Wexford",50012,63403,60123,78508
Wexford,2ae19629-1e86-13a3-e055-000000000001,"Castleboro, Wexford",55978,67985,60123,78508
Wicklow-Wexford,2ae19629-1e7f-13a3-e055-000000000001,"Castledockrell, Wexford",60255,69212,60123,78508
Wexford,2ae19629-1e88-13a3-e055-000000000001,"Clongeen, Wexford",49481,63994,60123,78508
Wexford,2ae19629-1e89-13a3-e055-000000000001,"Clonleigh, Wexford",67554,74637,60123,78508
Wexford,2ae19629-1e93-13a3-e055-000000000001,"Clonroche, Wexford",52243,59571,60123,78508
Wicklow-Wexford,2ae19629-1e94-13a3-e055-000000000001,"Coolgreany, Wexford",56530,71426,60123,78508
Wicklow-Wexford,2ae19629-1e9d-13a3-e055-000000000001,"Courtown, Wexford",56546,78233,60123,78508
Wexford,2ae19629-1e9e-13a3-e055-000000000001,"Drinagh, Wexford",60219,71820,60123,78508
Wexford,2ae19629-1ea9-13a3-e055-000000000001,"Duncormick, Wexford",49186,58372,60123,78508
Wexford,2ae19629-1eaa-13a3-e055-000000000001,"Dunmain, Wexford",66102,72313,60123,78508
Wexford,2ae19629-1eab-13a3-e055-000000000001,"Edermine, Wexford",59910,69239,60123,78508
Wexford,2ae19629-1eb7-13a3-e055-000000000001,"Enniscorthy Rural, Wexford",46400,56063,60123,78508
Wexford,2ae19629-1eb8-13a3-e055-000000000001,"Enniscorthy Urban, Wexford",32394,41981,60123,78508
Wicklow-Wexford,2ae19629-1eb9-13a3-e055-000000000001,"Ferns, Wexford",42860,52621,60123,78508
Wexford,2ae19629-1eba-13a3-e055-000000000001,"Fethard, Wexford",44085,56687,60123,78508
Wicklow-Wexford,2ae19629-1ec5-13a3-e055-000000000001,"Ford, Wexford",50466,60071,60123,78508
Wexford,2ae19629-1ec6-13a3-e055-000000000001,"Forth, Wexford",67029,81433,60123,78508
Wexford,2ae19629-1ec7-13a3-e055-000000000001,"Glynn, Wexford",63688,77788,60123,78508
Wicklow-Wexford,2ae19629-1ed5-13a3-e055-000000000001,"Gorey Rural, Wexford",53512,64232,60123,78508
Wicklow-Wexford,2ae19629-1ed6-13a3-e055-000000000001,"Gorey Urban, Wexford",45064,55288,60123,78508
Wexford,2ae19629-1ed7-13a3-e055-000000000001,"Harperstown, Wexford",59471,73666,60123,78508
Wexford,2ae19629-1ee3-13a3-e055-000000000001,"Harristown, Wexford",49489,59607,60123,78508
Wexford,2ae19629-1ee4-13a3-e055-000000000001,"Horetown, Wexford",56159,66637,60123,78508
Wicklow-Wexford,2ae19629-1ee5-13a3-e055-000000000001,"Huntingtown, Wexford",68430,82817,60123,78508
Wexford,2ae19629-1e2b-13a3-e055-000000000001,"Inch, Wexford",56972,69900,60123,78508
Wicklow-Wexford,2ae19629-1e2c-13a3-e055-000000000001,"Kilbora, Wexford",71728,77428,60123,78508
Wexford,2ae19629-1e2d-13a3-e055-000000000001,"Kilbride, Wexford",67112,74440,60123,78508
Wicklow-Wexford,2ae19629-1e2e-13a3-e055-000000000001,"Kilcomb, Wexford",57790,70685,60123,78508
Wicklow-Wexford,2ae19629-1e39-13a3-e055-000000000001,"Kilcormick, Wexford",62267,70370,60123,78508
Wexford,2ae19629-1e3a-13a3-e055-000000000001,"Kilcowan, Wexford",52128,59999,60123,78508
Wexford,2ae19629-1e3b-13a3-e055-000000000001,"Kilgarvan, Wexford",57062,64384,60123,78508
Wicklow-Wexford,2ae19629-1e42-13a3-e055-000000000001,"Kilgorman, Wexford",67755,84941,60123,78508
Wexford,2ae19629-1e43-13a3-e055-000000000001,"Killag, Wexford",58285,68422,60123,78508
Wexford,2ae19629-1e4e-13a3-e055-000000000001,"Killann, Wexford",61272,69180,60123,78508
Wicklow-Wexford,2ae19629-1e4f-13a3-e055-000000000001,"Killenagh, Wexford",62081,72119,60123,78508
Wexford,2ae19629-1e59-13a3-e055-000000000001,"Killesk, Wexford",50040,60974,60123,78508
Wicklow-Wexford,2ae19629-1e5a-13a3-e055-000000000001,"Killincooly, Wexford",44522,55458,60123,78508
Wexford,2ae19629-1e65-13a3-e055-000000000001,"Killinick, Wexford",55679,66974,60123,78508
Wexford,2ae19629-1e66-13a3-e055-000000000001,"Killoughrum, Wexford",62430,75216,60123,78508
Wexford,2ae19629-1e71-13a3-e055-000000000001,"Killurin, Wexford",65212,75178,60123,78508
Wexford,2ae19629-1e72-13a3-e055-000000000001,"Kilmallock, Wexford",62176,72453,60123,78508
Wexford,2ae19629-1e73-13a3-e055-000000000001,"Kilmokea, Wexford",46816,56849,60123,78508
Wexford,2ae19629-1e74-13a3-e055-000000000001,"Kilmore, Wexford",44789,57477,60123,78508
Wicklow-Wexford,2ae19629-1e7d-13a3-e055-000000000001,"Kilnahue, Wexford",66223,79372,60123,78508
Wexford,2ae19629-1e7e-13a3-e055-000000000001,"Kilpatrick, Wexford",67874,90324,60123,78508
Wicklow-Wexford,2ae19629-1e80-13a3-e055-000000000001,"Kilrush, Wexford",51048,63788,60123,78508
Wexford,2ae19629-1e8a-13a3-e055-000000000001,"Kilscoran, Wexford",46788,61091,60123,78508
Wexford,2ae19629-1e8b-13a3-e055-000000000001,"Kiltealy, Wexford",54604,66455,60123,78508
Wexford,2ae19629-1e8c-13a3-e055-000000000001,"Lady's Island, Wexford",49692,57112,60123,78508
Wicklow-Wexford,2ae19629-1e95-13a3-e055-000000000001,"Limerick, Wexford",69281,76812,60123,78508
Wexford,2ae19629-1e96-13a3-e055-000000000001,"Marshalstown, Wexford",66432,77536,60123,78508
Wexford,2ae19629-1e97-13a3-e055-000000000001,"Mayglass, Wexford",64844,72412,60123,78508
Wicklow-Wexford,2ae19629-1e9f-13a3-e055-000000000001,"Monamolin, Wexford",58787,66821,60123,78508
Wicklow-Wexford,2ae19629-1ea0-13a3-e055-000000000001,"Monaseed, Wexford",72882,86383,60123,78508
Wicklow-Wexford,2ae19629-1ea1-13a3-e055-000000000001,"Moyacomb, Wexford",66851,83786,60123,78508
Wexford,2ae19629-1ea2-13a3-e055-000000000001,"New Ross Rural, Wexford",51909,60969,60123,78508
Wexford,2ae19629-1eac-13a3-e055-000000000001,"New Ross Urban, Wexford",34324,42929,60123,78508
Wexford,2ae19629-1ead-13a3-e055-000000000001,"Newbawn, Wexford",53320,65377,60123,78508
Wexford,2ae19629-1eae-13a3-e055-000000000001,"Newcastle, Wexford",65115,76114,60123,78508
Wicklow-Wexford,2ae19629-1eaf-13a3-e055-000000000001,"Newtownbarry, Wexford",44900,54908,60123,78508
Wexford,2ae19629-1ebb-13a3-e055-000000000001,"Old Ross, Wexford",66692,80531,60123,78508
Wexford,2ae19629-1eb0-13a3-e055-000000000001,"Oldcourt, Wexford",69444,92585,60123,78508
Wexford,2ae19629-1ebc-13a3-e055-000000000001,"Rathaspick, Wexford",66915,77030,60123,78508
Wexford,2ae19629-1ebd-13a3-e055-000000000001,"Rathroe, Wexford",55021,65855,60123,78508
Wexford,2ae19629-1ec8-13a3-e055-000000000001,"Rochestown, Wexford",70315,78765,60123,78508
Wexford,2ae19629-1ec9-13a3-e055-000000000001,"Rosbercon Urban, Wexford",38868,50358,60123,78508
Wicklow-Wexford,2ae19629-1eca-13a3-e055-000000000001,"Rossard, Wexford",57155,68487,60123,78508
Wexford,2ae19629-1ecb-13a3-e055-000000000001,"Rosslare, Wexford",47313,61093,60123,78508
Wicklow-Wexford,2ae19629-1ecc-13a3-e055-000000000001,"Rossminoge, Wexford",64860,83822,60123,78508
Wexford,2ae19629-1ecd-13a3-e055-000000000001,"St. Helen's, Wexford",43432,52299,60123,78508
Wicklow-Wexford,2ae19629-1ed8-13a3-e055-000000000001,"St. Mary's, Wexford",59096,77358,60123,78508
Wexford,2ae19629-1ed9-13a3-e055-000000000001,"Tacumshin, Wexford",51839,62423,60123,78508
Wexford,2ae19629-1eda-13a3-e055-000000000001,"Taghmon, Wexford",40799,50153,60123,78508
Wexford,2ae19629-1ee6-13a3-e055-000000000001,"Templeludigan, Wexford",72637,79932,60123,78508
Wexford,2ae19629-1ee7-13a3-e055-000000000001,"Templetown, Wexford",50975,65435,60123,78508
Wicklow-Wexford,2ae19629-1ee8-13a3-e055-000000000001,"The Harrow, Wexford",61258,71095,60123,78508
Wexford,2ae19629-1ee9-13a3-e055-000000000001,"The Leap, Wexford",57920,70242,60123,78508
Wicklow-Wexford,2ae19629-1e2f-13a3-e055-000000000001,"Tinnacross, Wexford",63984,74842,60123,78508
Wexford,2ae19629-1e30-13a3-e055-000000000001,"Tintern, Wexford",52598,61800,60123,78508
Wicklow-Wexford,2ae19629-1e3c-13a3-e055-000000000001,"Tombrack, Wexford",55466,64788,60123,78508
Wexford,2ae19629-1e3d-13a3-e055-000000000001,"Tomhaggard, Wexford",51975,66969,60123,78508
Wicklow-Wexford,2ae19629-1e44-13a3-e055-000000000001,"Wells, Wexford",56670,74002,60123,78508
Wexford,2ae19629-1e46-13a3-e055-000000000001,"Wexford No. 1 Urban, Wexford",34682,46589,60123,78508
Wexford,2ae19629-1e5d-13a3-e055-000000000001,"Wexford No. 2 Urban, Wexford",36860,45218,60123,78508
Wexford,2ae19629-1e5c-13a3-e055-000000000001,"Wexford No. 3 Urban, Wexford",34276,45879,60123,78508
Wexford,2ae19629-1e45-13a3-e055-000000000001,"Wexford Rural, Wexford",52834,62433,60123,78508
Wexford,2ae19629-1e50-13a3-e055-000000000001,"Whitechurch, Wexford, 247119",58510,67699,60123,78508
Wexford,2ae19629-1e51-13a3-e055-000000000001,"Whitechurch, Wexford, 247120",67249,77363,60123,78508
Wexford,2ae19629-1e52-13a3-e055-000000000001,"Whitemoor, Wexford",57155,69913,60123,78508
Wicklow-Wexford,2ae19629-1e5b-13a3-e055-000000000001,"Wingfield, Wexford",65385,76715,60123,78508
Wicklow-Wexford,2ae19629-1e5e-13a3-e055-000000000001,"Aghowle, Wicklow",57255,65297,60123,78508
Wicklow,2ae19629-1e67-13a3-e055-000000000001,"Altidore, Wicklow",70860,84088,60123,78508
Wicklow-Wexford,2ae19629-1e69-13a3-e055-000000000001,"Arklow No. 1 Urban, Wicklow",48465,59673,60123,78508
Wicklow-Wexford,2ae19629-1ee1-13a3-e055-000000000001,"Arklow No. 2 Urban, Wicklow",53922,67198,60123,78508
Wicklow-Wexford,2ae19629-1e68-13a3-e055-000000000001,"Arklow Rural, Wicklow",58695,76799,60123,78508
Wicklow-Wexford,2ae19629-1e6a-13a3-e055-000000000001,"Aughrim, Wicklow",53023,70120,60123,78508
Wicklow-Wexford,2ae19629-1e6b-13a3-e055-000000000001,"Ballinaclash, Wicklow",58247,75124,60123,78508
Wicklow-Wexford,2ae19629-1e75-13a3-e055-000000000001,"Ballinacor, Wicklow",60381,72509,60123,78508
Wicklow-Wexford,2ae19629-1e76-13a3-e055-000000000001,"Ballinderry, Wicklow",58199,77421,60123,78508
Wicklow-Wexford,2ae19629-1e77-13a3-e055-000000000001,"Ballingate, Wicklow",53417,62917,60123,78508
Wicklow-Wexford,2ae19629-1e81-13a3-e055-000000000001,"Ballinglen, Wicklow",70126,84124,60123,78508
Wicklow,2ae19629-1e82-13a3-e055-000000000001,"Ballinguile, Wicklow",76220,85429,60123,78508
Wicklow-Wexford,2ae19629-1e83-13a3-e055-000000000001,"Ballyarthur, Wicklow",63502,79711,60123,78508
Wicklow-Wexford,2ae19629-1e8d-13a3-e055-000000000001,"Ballybeg, Wicklow",58277,75723,60123,78508
Wicklow,2ae19629-1e8e-13a3-e055-000000000001,"Ballycullen, Wicklow",60933,91696,60123,78508
Wicklow,2ae19629-1e8f-13a3-e055-000000000001,"Baltinglass, Wicklow",52951,64215,60123,78508
Wicklow,2ae19629-1e98-13a3-e055-000000000001,"Blessington, Wicklow",65876,78511,60123,78508
Wicklow,2ae19629-1ee2-13a3-e055-000000000001,"Bray No. 1, Wicklow",45816,58325,60123,78508
Wicklow,2ae19629-1eed-13a3-e055-000000000001,"Bray No. 2, Wicklow",64884,89238,60123,78508
Wicklow,2ae19629-1e99-13a3-e055-000000000001,"Bray No. 3, Wicklow",61188,80381,60123,78508
Wicklow,2ae19629-1ea3-13a3-e055-000000000001,"Brockagh, Wicklow",58368,77102,60123,78508
Wicklow,2ae19629-1ea4-13a3-e055-000000000001,"Burgage, Wicklow",79782,87244,60123,78508
Wicklow,2ae19629-1eb1-13a3-e055-000000000001,"Calary, Wicklow",79829,107543,60123,78508
Wicklow-Wexford,2ae19629-1eb2-13a3-e055-000000000001,"Carnew, Wicklow",45144,54945,60123,78508
Wicklow-Wexford,2ae19629-1eb3-13a3-e055-000000000001,"Coolattin, Wicklow",53247,77901,60123,78508
Wicklow,2ae19629-1ebe-13a3-e055-000000000001,"Coolballintaggart, Wicklow",49520,61370,60123,78508
Wicklow-Wexford,2ae19629-1ebf-13a3-e055-000000000001,"Coolboy, Wicklow",57969,71638,60123,78508
Wicklow-Wexford,2ae19629-1ec0-13a3-e055-000000000001,"Cronebane, Wicklow",50305,70011,60123,78508
Wicklow-Wexford,2ae19629-1ece-13a3-e055-000000000001,"Cronelea, Wicklow",49897,73416,60123,78508
Wicklow,2ae19629-1ecf-13a3-e055-000000000001,"Delgany, Wicklow",88841,114698,60123,78508
Wicklow,2ae19629-1ed0-13a3-e055-000000000001,"Donaghmore, Wicklow",64403,76389,60123,78508
Wicklow,2ae19629-1ed1-13a3-e055-000000000001,"Donard, Wicklow",58639,76337,60123,78508
Wicklow-Wexford,2ae19629-1edb-13a3-e055-000000000001,"Dunganstown East, Wicklow",68601,97153,60123,78508
Wicklow-Wexford,2ae19629-1edc-13a3-e055-000000000001,"Dunganstown South, Wicklow",65161,80921,60123,78508
Wicklow-Wexford,2ae19629-1eea-13a3-e055-000000000001,"Dunganstown West, Wicklow",69792,86530,60123,78508
Wicklow,2ae19629-1eeb-13a3-e055-000000000001,"Dunlavin, Wicklow",54453,66549,60123,78508
Wicklow,2ae19629-1eec-13a3-e055-000000000001,"Eadestown, Wicklow",53044,76846,60123,78508
Wicklow-Wexford,2ae19629-1e31-13a3-e055-000000000001,"Ennereilly, Wicklow",66833,79027,60123,78508
Wicklow,2ae19629-1e32-13a3-e055-000000000001,"Enniskerry, Wicklow",86972,133466,60123,78508
Wicklow,2ae19629-1e3e-13a3-e055-000000000001,"Glendalough, Wicklow",72327,79941,60123,78508
Wicklow,2ae19629-1e3f-13a3-e055-000000000001,"Glenealy, Wicklow",63445,84835,60123,78508
Wicklow,2ae19629-1e47-13a3-e055-000000000001,"Greystones, Wicklow",82244,115940,60123,78508
Wicklow,2ae19629-1e48-13a3-e055-000000000001,"Hartstown, Wicklow",71197,78043,60123,78508
Wicklow,2ae19629-1e49-13a3-e055-000000000001,"Hollywood, Wicklow",67826,88813,60123,78508
Wicklow,2ae19629-1e4a-13a3-e055-000000000001,"Humewood, Wicklow",53151,65082,60123,78508
Wicklow,2ae19629-1e53-13a3-e055-000000000001,"Imael North, Wicklow",60433,72757,60123,78508
Wicklow,2ae19629-1e54-13a3-e055-000000000001,"Imael South, Wicklow",67830,76608,60123,78508
Wicklow-Wexford,2ae19629-1e55-13a3-e055-000000000001,"Kilballyowen, Wicklow",57690,72305,60123,78508
Wicklow,2ae19629-1e5f-13a3-e055-000000000001,"Kilbride, Wicklow, 257046",71128,91054,60123,78508
Wicklow-Wexford,2ae19629-1e60-13a3-e055-000000000001,"Kilbride, Wicklow, 257047",59403,73316,60123,78508
Wicklow,2ae19629-1e61-13a3-e055-000000000001,"Kilcoole, Wicklow",80028,96319,60123,78508
Wicklow-Wexford,2ae19629-1e6c-13a3-e055-000000000001,"Killinure, Wicklow",51658,65620,60123,78508
Wicklow,2ae19629-1e6d-13a3-e055-000000000001,"Killiskey, Wicklow",76825,97820,60123,78508
Wicklow,2ae19629-1e78-13a3-e055-000000000001,"Kilmacanoge, Wicklow",70686,88631,60123,78508
Wicklow-Wexford,2ae19629-1e79-13a3-e055-000000000001,"Kilpipe, Wicklow",54761,69831,60123,78508
Wicklow,2ae19629-1e84-13a3-e055-000000000001,"Knockrath, Wicklow",60622,65436,60123,78508
Wicklow,2ae19629-1e85-13a3-e055-000000000001,"Lackan, Wicklow",71089,90640,60123,78508
Wicklow,2ae19629-1e90-13a3-e055-000000000001,"Lugglass, Wicklow",77581,95443,60123,78508
Wicklow-Wexford,2ae19629-1e91-13a3-e055-000000000001,"Money, Wicklow",58904,74476,60123,78508
Wicklow,2ae19629-1e92-13a3-e055-000000000001,"Moneystown, Wicklow",68989,88076,60123,78508
Wicklow,2ae19629-1e9a-13a3-e055-000000000001,"Newcastle Lower, Wicklow",71473,89634,60123,78508
Wicklow,2ae19629-1e9b-13a3-e055-000000000001,"Newcastle Upper, Wicklow",66995,82622,60123,78508
Wicklow,2ae19629-1e9c-13a3-e055-000000000001,"Oldtown, Wicklow",66029,85115,60123,78508
Wicklow-Wexford,2ae19629-1ea5-13a3-e055-000000000001,"Ovoca, Wicklow",50734,67214,60123,78508
Wicklow,2ae19629-1ea6-13a3-e055-000000000001,"Powerscourt, Wicklow",82228,123936,60123,78508
Wicklow-Wexford,2ae19629-1ea7-13a3-e055-000000000001,"Rath, Wicklow",67111,82407,60123,78508
Wicklow,2ae19629-1ea8-13a3-e055-000000000001,"Rathdangan, Wicklow",56652,71795,60123,78508
Wicklow-Wexford,2ae19629-1eb4-13a3-e055-000000000001,"Rathdrum, Wicklow",58146,70919,60123,78508
Wicklow,2ae19629-1eee-13a3-e055-000000000001,"Rathmichael (Bray), Wicklow",49605,60822,60123,78508
Wicklow,2ae19629-1eb5-13a3-e055-000000000001,"Rathsallagh, Wicklow",61845,73850,60123,78508
Wicklow-Wexford,2ae19629-1eb6-13a3-e055-000000000001,"Shillelagh, Wicklow",47667,63745,60123,78508
Wicklow,2ae19629-1ec1-13a3-e055-000000000001,"Stratford, Wicklow",60328,67562,60123,78508
Wicklow,2ae19629-1ec2-13a3-e055-000000000001,"Talbotstown, Wicklow",58471,72910,60123,78508
Wicklow,2ae19629-1ec3-13a3-e055-000000000001,"The Grange, Wicklow",71372,96328,60123,78508
Wicklow-Wexford,2ae19629-1ec4-13a3-e055-000000000001,"Tinahely, Wicklow",48707,60667,60123,78508
Wicklow,2ae19629-1ed2-13a3-e055-000000000001,"Tober, Wicklow",68473,80307,60123,78508
Wicklow,2ae19629-1ed3-13a3-e055-000000000001,"Togher, Wicklow, 257073",63731,78584,60123,78508
Wicklow,2ae19629-1ed4-13a3-e055-000000000001,"Togher, Wicklow, 257074",65113,82221,60123,78508
Wicklow,2ae19629-1edd-13a3-e055-000000000001,"Trooperstown, Wicklow",77045,89110,60123,78508
Wicklow,2ae19629-1ede-13a3-e055-000000000001,"Tuckmill, Wicklow",64488,70019,60123,78508
Wicklow,2ae19629-1edf-13a3-e055-000000000001,"Wicklow Rural, Wicklow",72032,85436,60123,78508
Wicklow,2ae19629-1ee0-13a3-e055-000000000001,"Wicklow Urban, Wicklow",50617,64336,60123,78508
Clare,2ae19629-1fb1-13a3-e055-000000000001,"Abbey, Clare",53846,73272,60123,78508
Clare,2ae19629-1fba-13a3-e055-000000000001,"Annagh, Clare",46393,57370,60123,78508
Clare,2ae19629-1fbb-13a3-e055-000000000001,"Ayle, Clare",36536,53101,60123,78508
Clare,2ae19629-1fbc-13a3-e055-000000000001,"Ballagh, Clare",60031,67826,60123,78508
Clare,2ae19629-1fc3-13a3-e055-000000000001,"Ballyblood, Clare",61452,82528,60123,78508
Clare,2ae19629-1fc4-13a3-e055-000000000001,"Ballycannan, Clare",56946,69991,60123,78508
Clare,2ae19629-1fc5-13a3-e055-000000000001,"Ballyea, Clare",49402,60730,60123,78508
Clare,dbab8c3d-d659-4fa5-ad92-f90a6bf64249,"Ballyeighter/Glenroe, Clare",56933,61800,60123,78508
Clare,2ae19629-1fd0-13a3-e055-000000000001,"Ballyglass, Clare",66071,80401,60123,78508
Clare,2ae19629-1fd1-13a3-e055-000000000001,"Ballynacally, Clare",57323,69077,60123,78508
Clare,2ae19629-1fd9-13a3-e055-000000000001,"Ballynahinch, Clare",50523,66796,60123,78508
Clare,2ae19629-1fda-13a3-e055-000000000001,"Ballysteen, Clare",51878,64365,60123,78508
Clare,2ae19629-1fdb-13a3-e055-000000000001,"Ballyvaskin, Clare",49462,63236,60123,78508
Clare,2ae19629-1fe3-13a3-e055-000000000001,"Boherglass, Clare",55391,59064,60123,78508
Clare,2ae19629-1fe4-13a3-e055-000000000001,"Boston, Clare",46318,62891,60123,78508
Clare,2ae19629-1fe5-13a3-e055-000000000001,"Caher, Clare",48743,61146,60123,78508
Clare,2ae19629-1fed-13a3-e055-000000000001,"Caherhurly, Clare",65018,76154,60123,78508
Clare,2ae19629-1fef-13a3-e055-000000000001,"Cahermurphy, Clare",42918,58551,60123,78508
Clare,d2d757ef-f2c3-4a10-b5f8-f976c6c78335,"Cahermurphy/Corlea, Clare",38782,54412,60123,78508
Clare,2ae19629-1ff7-13a3-e055-000000000001,"Cappaghabaun, Clare",38448,71803,60123,78508
Clare,2ae19629-1ff8-13a3-e055-000000000001,"Cappavilla, Clare",33192,60171,60123,78508
Clare,2ae19629-1ff9-13a3-e055-000000000001,"Carran, Clare",44234,52892,60123,78508
Clare,2ae19629-2003-13a3-e055-000000000001,"Carrowbaun, Clare",58340,81228,60123,78508
Clare,2ae19629-2004-13a3-e055-000000000001,"Castlecrine, Clare",77754,85314,60123,78508
Clare,2ae19629-2005-13a3-e055-000000000001,"Castletown, Clare",38222,52547,60123,78508
Clare,2ae19629-2006-13a3-e055-000000000001,"Clareabbey, Clare",60223,73837,60123,78508
Clare,2ae19629-200e-13a3-e055-000000000001,"Clenagh, Clare",52528,62705,60123,78508
Clare,2ae19629-200f-13a3-e055-000000000001,"Cloghaun, Clare",33790,46991,60123,78508
Clare,2ae19629-2018-13a3-e055-000000000001,"Cloghera, Clare",80573,94039,60123,78508
Clare,2ae19629-2019-13a3-e055-000000000001,"Clondagad, Clare",66582,77135,60123,78508
Clare,2ae19629-2021-13a3-e055-000000000001,"Cloonadrum, Clare",43175,65183,60123,78508
Clare,2ae19629-2022-13a3-e055-000000000001,"Cloonanaha, Clare",42598,55343,60123,78508
Clare,2ae19629-2029-13a3-e055-000000000001,"Clooncoorha, Clare",56402,69332,60123,78508
Clare,2ae19629-202a-13a3-e055-000000000001,"Clooney, Clare, 037034",43668,52653,60123,78508
Clare,2ae19629-2037-13a3-e055-000000000001,"Clooney, Clare, 037035",71397,83949,60123,78508
Clare,2ae19629-2038-13a3-e055-000000000001,"Cloontra, Clare",78846,90909,60123,78508
Clare,2ae19629-1f9d-13a3-e055-000000000001,"Cloonusker, Clare",54346,70440,60123,78508
Clare,2ae19629-1f9e-13a3-e055-000000000001,"Coolmeen, Clare",73251,73230,60123,78508
Clare,2ae19629-1f9f-13a3-e055-000000000001,"Coolreagh, Clare",48200,68129,60123,78508
Clare,2ae19629-1fa8-13a3-e055-000000000001,"Cooraclare, Clare",50410,66675,60123,78508
Clare,2ae19629-1fb2-13a3-e055-000000000001,"Corrofin, Clare",49446,59845,60123,78508
Clare,2ae19629-1fb3-13a3-e055-000000000001,"Cratloe, Clare",77828,102369,60123,78508
Clare,2ae19629-1fbd-13a3-e055-000000000001,"Creegh, Clare",54073,60843,60123,78508
Clare,2ae19629-1fbe-13a3-e055-000000000001,"Crusheen, Clare",71725,77494,60123,78508
Clare,2ae19629-1fc6-13a3-e055-000000000001,"Dangan, Clare",66126,84466,60123,78508
Clare,2ae19629-1fc7-13a3-e055-000000000001,"Derreen, Clare",37861,46514,60123,78508
Clare,2ae19629-1fc8-13a3-e055-000000000001,"Derrynagittagh, Clare",58732,64373,60123,78508
Clare,2ae19629-1fd2-13a3-e055-000000000001,"Doonbeg, Clare",44376,56433,60123,78508
Clare,2ae19629-1fd3-13a3-e055-000000000001,"Doora, Clare",76166,91816,60123,78508
Clare,2ae19629-1fdc-13a3-e055-000000000001,"Drumcreehy, Clare",45330,61174,60123,78508
Clare,2ae19629-1fdd-13a3-e055-000000000001,"Drumellihy, Clare",43946,59455,60123,78508
Clare,2ae19629-1fe6-13a3-e055-000000000001,"Drumline, Clare",61250,88176,60123,78508
Clare,2ae19629-1fe7-13a3-e055-000000000001,"Drummaan, Clare",40986,57130,60123,78508
Clare,2ae19629-1ff0-13a3-e055-000000000001,"Dysert, Clare",56412,64798,60123,78508
Clare,2ae19629-1ff1-13a3-e055-000000000001,"Einagh, Clare",48034,63175,60123,78508
Clare,2ae19629-2034-13a3-e055-000000000001,"Ennis No. 1 Urban, Clare",41183,52118,60123,78508
Clare,2ae19629-1ffb-13a3-e055-000000000001,"Ennis No. 2 Urban, Clare",31896,38877,60123,78508
Clare,2ae19629-2035-13a3-e055-000000000001,"Ennis No. 3 Urban, Clare",36735,49978,60123,78508
Clare,2ae19629-2036-13a3-e055-000000000001,"Ennis No. 4 Urban, Clare",39661,48238,60123,78508
Clare,2ae19629-1ffa-13a3-e055-000000000001,"Ennis Rural, Clare",58952,72218,60123,78508
Clare,2ae19629-1ffc-13a3-e055-000000000001,"Ennistimon, Clare",42837,54684,60123,78508
Clare,2ae19629-2007-13a3-e055-000000000001,"Fahymore, Clare",72254,88966,60123,78508
Clare,2ae19629-2008-13a3-e055-000000000001,"Feakle, Clare",53627,63212,60123,78508
Clare,2ae19629-2010-13a3-e055-000000000001,"Formoyle, Clare",47618,62217,60123,78508
Clare,2ae19629-2011-13a3-e055-000000000001,"Furroor, Clare",55343,62995,60123,78508
Clare,2ae19629-201a-13a3-e055-000000000001,"Glendree, Clare",35970,50491,60123,78508
Clare,2ae19629-201b-13a3-e055-000000000001,"Gleninagh, Clare",45736,59657,60123,78508
Clare,2ae19629-2023-13a3-e055-000000000001,"Glenmore, Clare",55745,66200,60123,78508
Clare,474c0dcb-9782-425a-b173-468d6e8de86e,"Inishcaltra South/Inishcaltra North, Clare",40991,50289,60123,78508
Clare,2ae19629-202d-13a3-e055-000000000001,"Kilballyowen, Clare",43370,54708,60123,78508
Clare,2ae19629-202e-13a3-e055-000000000001,"Kilchreest, Clare",60552,73770,60123,78508
Clare,2ae19629-202f-13a3-e055-000000000001,"Kilcloher, Clare",74649,84574,60123,78508
Clare,2ae19629-2039-13a3-e055-000000000001,"Kilfearagh, Clare",44725,58977,60123,78508
Clare,2ae19629-203a-13a3-e055-000000000001,"Kilfenora, Clare",39312,54383,60123,78508
Clare,2ae19629-1fa0-13a3-e055-000000000001,"Kilfiddane, Clare",58296,68048,60123,78508
Clare,2ae19629-1fa1-13a3-e055-000000000001,"Kilkee, Clare",29269,40454,60123,78508
Clare,2ae19629-1fa2-13a3-e055-000000000001,"Kilkishen, Clare",58095,71475,60123,78508
Clare,2ae19629-1faa-13a3-e055-000000000001,"Killadysert, Clare",48926,59420,60123,78508
Clare,2ae19629-1fab-13a3-e055-000000000001,"Killaloe, Clare",51662,64801,60123,78508
Clare,2ae19629-1fac-13a3-e055-000000000001,"Killanena, Clare",42071,57149,60123,78508
Clare,2ae19629-1fb4-13a3-e055-000000000001,"Killanniv, Clare",63159,75226,60123,78508
Clare,2ae19629-1fb5-13a3-e055-000000000001,"Killard, Clare",43171,56866,60123,78508
Clare,2ae19629-1fb6-13a3-e055-000000000001,"Killaspuglonane, Clare",50874,62742,60123,78508
Clare,2ae19629-1fbf-13a3-e055-000000000001,"Killeely, Clare",69760,99201,60123,78508
Clare,2ae19629-1fc0-13a3-e055-000000000001,"Killilagh, Clare",46853,64395,60123,78508
Clare,2ae19629-1fc9-13a3-e055-000000000001,"Killimer, Clare",51602,62860,60123,78508
Clare,2ae19629-1fca-13a3-e055-000000000001,"Killinaboy, Clare",52556,59850,60123,78508
Clare,2ae19629-1fcb-13a3-e055-000000000001,"Killofin, Clare",42342,54465,60123,78508
Clare,2ae19629-1fcc-13a3-e055-000000000001,"Killokennedy, Clare",63718,79644,60123,78508
Clare,2ae19629-1fd4-13a3-e055-000000000001,"Killone, Clare",82779,89579,60123,78508
Clare,2ae19629-1fd5-13a3-e055-000000000001,"Killuran, Clare",59920,70569,60123,78508
Clare,2ae19629-1fde-13a3-e055-000000000001,"Kilmihil, Clare",39974,54506,60123,78508
Clare,2ae19629-1fdf-13a3-e055-000000000001,"Kilmurry, Clare, 037094",49070,64702,60123,78508
Clare,2ae19629-1fe8-13a3-e055-000000000001,"Kilmurry, Clare, 037095",44586,56544,60123,78508
Clare,2ae19629-1fe9-13a3-e055-000000000001,"Kilnamona, Clare",73681,83920,60123,78508
Clare,2ae19629-1ff2-13a3-e055-000000000001,"Kilraghtis, Clare",78498,95199,60123,78508
Clare,2ae19629-1ff3-13a3-e055-000000000001,"Kilrush Rural, Clare",55354,66629,60123,78508
Clare,2ae19629-1ff4-13a3-e055-000000000001,"Kilrush Urban, Clare",35429,46670,60123,78508
Clare,2ae19629-1ffd-13a3-e055-000000000001,"Kilseily, Clare",67423,84480,60123,78508
Clare,2ae19629-1ffe-13a3-e055-000000000001,"Kilshanny, Clare",39149,48730,60123,78508
Clare,2ae19629-2009-13a3-e055-000000000001,"Kiltannon, Clare",66725,78680,60123,78508
Clare,2ae19629-200a-13a3-e055-000000000001,"Kiltenanlea, Clare",75191,85739,60123,78508
Clare,2ae19629-200b-13a3-e055-000000000001,"Kiltoraght, Clare",39776,52976,60123,78508
Clare,2ae19629-2012-13a3-e055-000000000001,"Kinturk, Clare",49335,59382,60123,78508
Clare,2ae19629-2013-13a3-e055-000000000001,"Knock, Clare",51521,58138,60123,78508
Clare,2ae19629-201c-13a3-e055-000000000001,"Knocknaboley, Clare",38259,49348,60123,78508
Clare,2ae19629-201d-13a3-e055-000000000001,"Knocknagore, Clare",52896,67001,60123,78508
Clare,2ae19629-201e-13a3-e055-000000000001,"Kyle, Clare",66885,80678,60123,78508
Clare,2ae19629-2025-13a3-e055-000000000001,"Lackareagh, Clare",66375,69208,60123,78508
Clare,2ae19629-2026-13a3-e055-000000000001,"Liscannor, Clare",48178,64097,60123,78508
Clare,2ae19629-2030-13a3-e055-000000000001,"Liscasey, Clare",62981,70378,60123,78508
Clare,2ae19629-2031-13a3-e055-000000000001,"Lisdoonvarna, Clare",34605,42105,60123,78508
Clare,2ae19629-203b-13a3-e055-000000000001,"Lisheen, Clare",73130,85077,60123,78508
Clare,2ae19629-203c-13a3-e055-000000000001,"Loughea, Clare",46803,63531,60123,78508
Clare,2ae19629-1fa3-13a3-e055-000000000001,"Lurraga, Clare",39073,53829,60123,78508
Clare,2ae19629-1fa4-13a3-e055-000000000001,"Magherareagh, Clare",57516,66253,60123,78508
Clare,2ae19629-1fad-13a3-e055-000000000001,"Milltown Malbay, Clare",42956,54309,60123,78508
Clare,2ae19629-1fae-13a3-e055-000000000001,"Mount Elva, Clare",39541,48875,60123,78508
Clare,2ae19629-1fb7-13a3-e055-000000000001,"Mountievers, Clare",75487,89985,60123,78508
Clare,2ae19629-1fb8-13a3-e055-000000000001,"Mountshannon, Clare",44707,53707,60123,78508
Clare,ee73a85e-7ac6-4aa6-82d2-09c321be7258,"Moveen/Tullig, Clare",48593,66038,60123,78508
Clare,2ae19629-1fc1-13a3-e055-000000000001,"Moy, Clare",51173,63504,60123,78508
Clare,2ae19629-1fc2-13a3-e055-000000000001,"Moyarta, Clare",37817,46963,60123,78508
Clare,2ae19629-1fcd-13a3-e055-000000000001,"Muckanagh, Clare",62918,72488,60123,78508
Clare,2ae19629-1fce-13a3-e055-000000000001,"Mullagh, Clare",36575,47305,60123,78508
Clare,2ae19629-1fd6-13a3-e055-000000000001,"Newgrove, Clare",66219,79999,60123,78508
Clare,2ae19629-1fd7-13a3-e055-000000000001,"Newmarket, Clare",52513,65708,60123,78508
Clare,2ae19629-1fd8-13a3-e055-000000000001,"Noughaval, Clare",62032,66433,60123,78508
Clare,2ae19629-1fe0-13a3-e055-000000000001,"O'briensbridge, Clare",63426,76543,60123,78508
Clare,2ae19629-1fe1-13a3-e055-000000000001,"Ogonnelloe, Clare",69875,93312,60123,78508
Clare,2ae19629-1fe2-13a3-e055-000000000001,"Oughtmama, Clare",57511,63874,60123,78508
Clare,2ae19629-1fea-13a3-e055-000000000001,"Querrin, Clare",50438,58514,60123,78508
Clare,2ae19629-1feb-13a3-e055-000000000001,"Quin, Clare",75178,88701,60123,78508
Clare,2ae19629-1fec-13a3-e055-000000000001,"Rahona, Clare",32891,44158,60123,78508
Clare,2ae19629-1ff5-13a3-e055-000000000001,"Rath, Clare",45023,54643,60123,78508
Clare,2ae19629-1ff6-13a3-e055-000000000001,"Rathborney, Clare",44838,68085,60123,78508
Clare,2ae19629-1fff-13a3-e055-000000000001,"Rathclooney, Clare",64801,75115,60123,78508
Clare,2ae19629-2000-13a3-e055-000000000001,"Rinealon, Clare",49877,61814,60123,78508
Clare,2ae19629-2001-13a3-e055-000000000001,"Rossroe, Clare",88790,103529,60123,78508
Clare,2ae19629-2002-13a3-e055-000000000001,"Ruan, Clare",59404,68908,60123,78508
Clare,2ae19629-200c-13a3-e055-000000000001,"Scarriff, Clare",44342,58379,60123,78508
Clare,2ae19629-200d-13a3-e055-000000000001,"Sixmilebridge, Clare",64000,76315,60123,78508
Clare,2ae19629-2014-13a3-e055-000000000001,"Smithstown, Clare",48163,58381,60123,78508
Clare,2ae19629-2015-13a3-e055-000000000001,"Spancelhill, Clare",72013,88353,60123,78508
Clare,2ae19629-2016-13a3-e055-000000000001,"St. Martin's, Clare",45548,59062,60123,78508
Clare,2ae19629-2017-13a3-e055-000000000001,"Templemaley, Clare",74476,89934,60123,78508
Clare,2ae19629-201f-13a3-e055-000000000001,"Toberbreeda, Clare",75163,84177,60123,78508
Clare,2ae19629-2020-13a3-e055-000000000001,"Tomfinlough, Clare",80707,100932,60123,78508
Clare,2ae19629-2027-13a3-e055-000000000001,"Tulla, Clare",58904,70450,60123,78508
Clare,2ae19629-2032-13a3-e055-000000000001,"Tullycreen, Clare",43473,58225,60123,78508
Clare,2ae19629-2033-13a3-e055-000000000001,"Urlan, Clare",70550,83789,60123,78508
Cork North-Central,2ae19749-1f5b-13a3-e055-300000000001,"Ballincollig, Cork City",74233,91217,60123,78508
Cork South-Central,2ae19629-214b-13a3-e055-000000000001,"Ballinlough A, Cork City",62955,79290,60123,78508
Cork South-Central,2ae19629-214c-13a3-e055-000000000001,"Ballinlough B, Cork City",72049,98379,60123,78508
Cork South-Central,2ae19629-214d-13a3-e055-000000000001,"Ballinlough C, Cork City",69457,95508,60123,78508
Cork South-Central,316a25a0-f7b6-4d01-b188-5efd7bd804c5,"Ballygarvan/Lehenagh, Cork City",78736,89502,60123,78508
Cork South-Central,2ae19629-214e-13a3-e055-000000000001,"Ballyphehane A, Cork City",47226,56902,60123,78508
Cork South-Central,2ae19629-2157-13a3-e055-000000000001,"Ballyphehane B, Cork City",49056,57657,60123,78508
Cork South-Central,2ae19629-2158-13a3-e055-000000000001,"Bishopstown A, Cork City",44852,73401,60123,78508
Cork South-Central,2ae19629-2159-13a3-e055-000000000001,"Bishopstown B, Cork City",48324,70841,60123,78508
Cork South-Central,2ae19629-215a-13a3-e055-000000000001,"Bishopstown C, Cork City",69097,97927,60123,78508
Cork South-Central,2ae19629-215c-13a3-e055-000000000001,"Bishopstown D, Cork City",65259,82666,60123,78508
Cork South-Central,2ae19629-215b-13a3-e055-000000000001,"Bishopstown E, Cork City",61234,76595,60123,78508
Cork South-Central,2ae19629-1efc-13a3-e055-000000000001,"Bishopstown, Cork City",58632,107013,60123,78508
Cork North-Central,2ae19629-215d-13a3-e055-000000000001,"Blackpool A, Cork City",36041,44648,60123,78508
Cork North-Central,2ae19629-215e-13a3-e055-000000000001,"Blackpool B, Cork City",43692,52695,60123,78508
Cork North-Central,2ae19789-1f5b-13a3-e055-700000000001,"Blarney, Cork City",68315,83522,60123,78508
Cork South-Central,2ae19629-215f-13a3-e055-000000000001,"Browningstown, Cork City",82976,122494,60123,78508
Cork North-Central,2ae19629-1f5b-13a3-e055-200000000001,"Caherlag, Cork City",87275,101570,60123,78508
Cork South-Central,591bceee-1721-4c8d-865f-1e0bd869b6ad,"Carrigaline/Monkstown Rural/Douglas, Cork City",80257,101741,60123,78508
Cork North-Central,2ae19849-1f5b-13a3-e055-140000000001,"Carrigrohanebeg, Cork City",65605,91867,60123,78508
Cork South-Central,2ae19629-2160-13a3-e055-000000000001,"Centre A, Cork City",44529,53787,60123,78508
Cork South-Central,2ae19629-2161-13a3-e055-000000000001,"Centre B, Cork City",46403,57575,60123,78508
Cork North-Central,2ae19629-2162-13a3-e055-000000000001,"Churchfield, Cork City",43635,54133,60123,78508
Cork South-Central,2ae19629-2163-13a3-e055-000000000001,"City Hall A, Cork City",73760,94633,60123,78508
Cork South-Central,2ae19629-2164-13a3-e055-000000000001,"City Hall B, Cork City",59162,81229,60123,78508
Cork North-Central,2ae19629-2165-13a3-e055-000000000001,"Commons, Cork City",48255,59682,60123,78508
Cork South-Central,7c85cece-22eb-4ebb-8d1f-9c0f734eaea8,"Douglas/Lehenagh, Cork City",82380,95671,60123,78508
Cork South-Central,2ae19629-2166-13a3-e055-000000000001,"Evergreen, Cork City",47049,58414,60123,78508
Cork North-Central,2ae19629-2167-13a3-e055-000000000001,"Fair Hill A, Cork City",39456,48479,60123,78508
Cork North-Central,2ae19629-2172-13a3-e055-000000000001,"Fair Hill B, Cork City",33136,44709,60123,78508
Cork North-Central,2ae19629-2173-13a3-e055-000000000001,"Fair Hill C, Cork City",48996,59406,60123,78508
Cork North-Central,2ae19629-2174-13a3-e055-000000000001,"Farranferris A, Cork City",36152,44118,60123,78508
Cork North-Central,2ae19629-2175-13a3-e055-000000000001,"Farranferris B, Cork City",40739,49732,60123,78508
Cork North-Central,2ae19629-2176-13a3-e055-000000000001,"Farranferris C, Cork City",38306,49807,60123,78508
Cork South-Central,2ae19629-2178-13a3-e055-000000000001,"Gillabbey A, Cork City",46951,59905,60123,78508
Cork South-Central,2ae19629-2179-13a3-e055-000000000001,"Gillabbey B, Cork City",32874,47698,60123,78508
Cork South-Central,2ae19629-217a-13a3-e055-000000000001,"Gillabbey C, Cork City",48434,73298,60123,78508
Cork South-Central,2ae19629-217b-13a3-e055-000000000001,"Glasheen A, Cork City",75409,86315,60123,78508
Cork South-Central,2ae19629-217c-13a3-e055-000000000001,"Glasheen B, Cork City",48709,64705,60123,78508
Cork South-Central,2ae19629-217d-13a3-e055-000000000001,"Glasheen C, Cork City",49301,70105,60123,78508
Cork South-Central,2ae19629-217e-13a3-e055-000000000001,"Greenmount, Cork City",56725,65955,60123,78508
Cork North-Central,2ae19629-217f-13a3-e055-000000000001,"Gurranebraher A, Cork City",42444,52897,60123,78508
Cork North-Central,2ae19629-2180-13a3-e055-000000000001,"Gurranebraher B, Cork City",30465,43351,60123,78508
Cork North-Central,2ae19629-2181-13a3-e055-000000000001,"Gurranebraher C, Cork City",37119,43758,60123,78508
Cork North-Central,2ae19629-2177-13a3-e055-000000000001,"Gurranebraher D, Cork City",46282,56565,60123,78508
Cork North-Central,2ae19629-2182-13a3-e055-000000000001,"Gurranebraher E, Cork City",40172,48636,60123,78508
Cork South-Central,2ae19809-1f5b-13a3-e055-900000000001,"Inishkenny, Cork City",72513,85404,60123,78508
Cork North-Central,2ae19629-2183-13a3-e055-000000000001,"Knocknaheeny, Cork City",44098,51561,60123,78508
Cork South-Central,2ae19629-2184-13a3-e055-000000000001,"Knockrea A, Cork City",67854,101988,60123,78508
Cork South-Central,2ae19629-218c-13a3-e055-000000000001,"Knockrea B, Cork City",86935,132345,60123,78508
Cork South-Central,2ae19629-218d-13a3-e055-000000000001,"Mahon A, Cork City",60718,80314,60123,78508
Cork South-Central,2ae19629-218e-13a3-e055-000000000001,"Mahon B, Cork City",58930,72807,60123,78508
Cork South-Central,2ae19629-218f-13a3-e055-000000000001,"Mahon C, Cork City",68088,107173,60123,78508
Cork South-Central,2ae19629-2190-13a3-e055-000000000001,"Mardyke, Cork City",44384,67920,60123,78508
Cork North-Central,2ae19769-1f5b-13a3-e055-500000000001,"Matehy, Cork City",80522,103434,60123,78508
Cork North-Central,2ae19629-2191-13a3-e055-000000000001,"Mayfield, Cork City",37639,46514,60123,78508
Cork North-Central,2ae19629-2192-13a3-e055-000000000001,"Montenotte A, Cork City",56039,79394,60123,78508
Cork North-Central,2ae19629-2193-13a3-e055-000000000001,"Montenotte B, Cork City",53658,67782,60123,78508
Cork North-West,2ae19819-1f5b-13a3-e055-110000000001,"Ovens, Cork City",95658,110890,60123,78508
Cork South-Central,2ae19629-2194-13a3-e055-000000000001,"Pouladuff A, Cork City",45794,59281,60123,78508
Cork South-Central,2ae19629-2195-13a3-e055-000000000001,"Pouladuff B, Cork City",44105,54995,60123,78508
Cork North-Central,2ae19779-1f5b-13a3-e055-600000000001,"Rathcooney, Cork City",73843,92967,60123,78508
Cork North-Central,2ae19629-1f5b-13a3-e055-100000000001,"Riverstown, Cork City",83469,93834,60123,78508
Cork North-Central,2ae19629-2196-13a3-e055-000000000001,"Shanakiel, Cork City",55280,69851,60123,78508
Cork North-Central,2ae19629-2197-13a3-e055-000000000001,"Shandon A, Cork City",46568,55258,60123,78508
Cork North-Central,2ae19629-2198-13a3-e055-000000000001,"Shandon B, Cork City",40509,52959,60123,78508
Cork South-Central,2ae19629-2199-13a3-e055-000000000001,"South Gate A, Cork City",50314,58117,60123,78508
Cork South-Central,2ae19629-219a-13a3-e055-000000000001,"South Gate B, Cork City",43353,51471,60123,78508
Cork North-Central,6b896afd-b53d-4ebc-bd6e-0154e333b3af,"St. Mary's (East), Cork City",76195,90328,60123,78508
Cork North-Central,2ae19629-21cb-13a3-e055-000000000001,"St. Mary's (West), Cork City",69623,93977,60123,78508
Cork North-Central,2ae19629-21a6-13a3-e055-000000000001,"St. Patrick's A, Cork City",43275,60485,60123,78508
Cork North-Central,2ae19629-21a7-13a3-e055-000000000001,"St. Patrick's B, Cork City",44845,64077,60123,78508
Cork North-Central,2ae19629-21a8-13a3-e055-000000000001,"St. Patrick's C, Cork City",44397,66297,60123,78508
Cork North-Central,2ae19629-21a9-13a3-e055-000000000001,"Sunday's Well A, Cork City",59816,102695,60123,78508
Cork North-Central,2ae19629-21aa-13a3-e055-000000000001,"Sunday's Well B, Cork City",50387,59344,60123,78508
Cork North-Central,2ae19629-21ab-13a3-e055-000000000001,"The Glen A, Cork City",43367,53469,60123,78508
Cork North-Central,2ae19629-21ac-13a3-e055-000000000001,"The Glen B, Cork City",51552,62183,60123,78508
Cork South-Central,2ae19629-21ad-13a3-e055-000000000001,"The Lough, Cork City",45012,60062,60123,78508
Cork North-Central,2ae19629-21ae-13a3-e055-000000000001,"Tivoli A, Cork City",53928,88632,60123,78508
Cork North-Central,2ae19629-21af-13a3-e055-000000000001,"Tivoli B, Cork City",59836,68522,60123,78508
Cork South-Central,2ae19629-21b0-13a3-e055-000000000001,"Togher A, Cork City",41783,53522,60123,78508
Cork South-Central,2ae19629-21b1-13a3-e055-000000000001,"Togher B, Cork City",45350,58225,60123,78508
Cork South-Central,2ae19629-21b2-13a3-e055-000000000001,"Tramore A, Cork City",54038,77112,60123,78508
Cork South-Central,2ae19629-21b3-13a3-e055-000000000001,"Tramore B, Cork City",75328,98021,60123,78508
Cork South-Central,2ae19629-21b4-13a3-e055-000000000001,"Tramore C, Cork City",58761,75226,60123,78508
Cork South-Central,2ae19629-21b5-13a3-e055-000000000001,"Turner's Cross A, Cork City",50931,66309,60123,78508
Cork South-Central,2ae19629-21b6-13a3-e055-000000000001,"Turner's Cross B, Cork City",48458,63757,60123,78508
Cork South-Central,2ae19629-21b7-13a3-e055-000000000001,"Turner's Cross C, Cork City",50891,60940,60123,78508
Cork South-Central,2ae19629-21c0-13a3-e055-000000000001,"Turner's Cross D, Cork City",51850,71741,60123,78508
Cork North-Central,2ae19759-1f5b-13a3-e055-400000000001,"Whitechurch, Cork City",82172,92286,60123,78508
Cork South-West,2ae19629-203d-13a3-e055-000000000001,"Abbeymahon, Cork County",64728,77298,60123,78508
Cork South-West,2ae19629-203e-13a3-e055-000000000001,"Adrigole, Cork County",33867,49928,60123,78508
Cork South-West,2ae19629-203f-13a3-e055-000000000001,"Aghadown North, Cork County",44573,62485,60123,78508
Cork South-West,2ae19629-2040-13a3-e055-000000000001,"Aghadown South, Cork County",41450,55649,60123,78508
Cork East,2ae19629-2041-13a3-e055-000000000001,"Aghern, Cork County",71436,84741,60123,78508
Cork North-West,2ae19629-1f9a-13a3-e055-000000000001,"Aghinagh, Cork County",81453,95915,60123,78508
Cork North-West,2ae19629-1f9b-13a3-e055-000000000001,"Aglish, Cork County",87401,105653,60123,78508
Cork South-West,2ae19629-1f9c-13a3-e055-000000000001,"Ahil, Cork County",36266,48511,60123,78508
Cork North-West,2ae19629-1fa5-13a3-e055-000000000001,"Allow, Cork County",57126,72079,60123,78508
Cork East,2ae19629-1fa6-13a3-e055-000000000001,"Ardagh, Cork County",74822,82911,60123,78508
Cork South-West,2ae19629-1fa7-13a3-e055-000000000001,"Ardfield, Cork County",70467,85616,60123,78508
Cork North-West,2ae19629-1f0b-13a3-e055-000000000001,"Ardskeagh, Cork County",71100,81884,60123,78508
Cork South-West,2ae19629-1f0c-13a3-e055-000000000001,"Argideen, Cork County",68935,78844,60123,78508
Cork North-West,2ae19629-1f0d-13a3-e055-000000000001,"Aultagh, Cork County",65041,73776,60123,78508
Cork South-West,2ae19629-1f17-13a3-e055-000000000001,"Ballinadee, Cork County",68534,80680,60123,78508
Cork North-Central,2ae19629-1f18-13a3-e055-000000000001,"Ballincollig, Cork County",97083,121578,60123,78508
Cork South-West,2ae19629-1f19-13a3-e055-000000000001,"Ballingurteen, Cork County",66212,73024,60123,78508
Cork South-West,2ae19629-1f21-13a3-e055-000000000001,"Ballinspittle, Cork County",64184,80750,60123,78508
Cork East,2ae19629-1f22-13a3-e055-000000000001,"Ballintemple, Cork County",71501,80090,60123,78508
Cork East,2ae19629-1f23-13a3-e055-000000000001,"Ballyarthur, Cork County",75627,75980,60123,78508
Cork South-West,2ae19629-1f2b-13a3-e055-000000000001,"Ballybane, Cork County",28423,41249,60123,78508
Cork North-West,2ae19629-1f2c-13a3-e055-000000000001,"Ballyclogh, Cork County",70266,85961,60123,78508
Cork East,2ae19629-1f2d-13a3-e055-000000000001,"Ballycottin, Cork County",62316,81714,60123,78508
Cork South-West,2ae19629-1f36-13a3-e055-000000000001,"Ballydehob, Cork County",35141,49586,60123,78508
Cork South-West,2ae19629-1f37-13a3-e055-000000000001,"Ballyfeard, Cork County",79039,93781,60123,78508
Cork South-West,2ae19629-1f38-13a3-e055-000000000001,"Ballyfoyle, Cork County",67897,89084,60123,78508
Cork South-Central,2ae19629-1f39-13a3-e055-000000000001,"Ballygarvan, Cork County",83478,92872,60123,78508
Cork North-West,2ae19629-1f43-13a3-e055-000000000001,"Ballygroman, Cork County",92694,109924,60123,78508
Cork North-West,2ae19629-1f44-13a3-e055-000000000001,"Ballyhoolahan, Cork County",60572,79815,60123,78508
Cork East,2ae19629-1f45-13a3-e055-000000000001,"Ballyhooly, Cork County",61006,76546,60123,78508
Cork South-West,2ae19629-1f46-13a3-e055-000000000001,"Ballymackean, Cork County",63081,93345,60123,78508
Cork South-West,2ae19629-1f4f-13a3-e055-000000000001,"Ballymartle, Cork County",84538,102402,60123,78508
Cork South-West,2ae19629-1f50-13a3-e055-000000000001,"Ballymodan, Cork County",55333,72671,60123,78508
Cork South-West,2ae19629-1f57-13a3-e055-000000000001,"Ballymoney, Cork County",56495,67834,60123,78508
Cork North-West,2ae19629-1f58-13a3-e055-000000000001,"Ballymurphy, Cork County",92919,114081,60123,78508
Cork North-Central,2ae19629-1f59-13a3-e055-000000000001,"Ballynaglogh, Cork County",77790,95817,60123,78508
Cork North-Central,2ae19629-1f66-13a3-e055-000000000001,"Ballynamona, Cork County",76316,88541,60123,78508
Cork East,2ae19629-1f67-13a3-e055-000000000001,"Ballynoe, Cork County",66902,81844,60123,78508
Cork East,2ae19629-1f71-13a3-e055-000000000001,"Ballyspillane, Cork County",71031,87942,60123,78508
Cork South-West,2ae19629-214a-13a3-e055-000000000001,"Bandon, Cork County",39409,51516,60123,78508
Cork North-West,2ae19629-1f72-13a3-e055-000000000001,"Banteer, Cork County",53378,67316,60123,78508
Cork South-West,2ae19629-1f74-13a3-e055-000000000001,"Bantry Urban, Cork County",38835,50797,60123,78508
Cork North-West,2ae19629-1f80-13a3-e055-000000000001,"Barleyhill, Cork County",55055,70970,60123,78508
Cork North-West,2ae19629-1f81-13a3-e055-000000000001,"Barnacurra, Cork County",56375,67767,60123,78508
Cork South-West,2ae19629-1f89-13a3-e055-000000000001,"Baurleigh, Cork County",77764,87014,60123,78508
Cork North-West,2ae19629-1f8a-13a3-e055-000000000001,"Bawncross, Cork County",51274,66453,60123,78508
Cork North-West,2ae19629-1f92-13a3-e055-000000000001,"Bealanageary, Cork County, 047047",50259,65339,60123,78508
Cork North-West,2ae19629-1f93-13a3-e055-000000000001,"Bealanageary, Cork County, 047048",52409,62296,60123,78508
Cork North-West,2ae19629-1ef9-13a3-e055-000000000001,"Bealock, Cork County",47973,60684,60123,78508
Cork South-West,2ae19629-1efa-13a3-e055-000000000001,"Bear, Cork County",36968,47408,60123,78508
Cork North-West,2ae19629-1efb-13a3-e055-000000000001,"Bengour, Cork County",69035,76672,60123,78508
Cork North-Central,2ae19629-1f05-13a3-e055-000000000001,"Blackpool, Cork County",82427,95158,60123,78508
Cork North-Central,2ae19629-1f06-13a3-e055-000000000001,"Blarney, Cork County",78178,95159,60123,78508
Cork North-West,2ae19629-1f0e-13a3-e055-000000000001,"Boherboy, Cork County",51991,68647,60123,78508
Cork South-West,2ae19629-1f0f-13a3-e055-000000000001,"Boulteen, Cork County",68543,86592,60123,78508
Cork South-West,2ae19629-1f10-13a3-e055-000000000001,"Bredagh, Cork County",43851,61049,60123,78508
Cork North-West,2ae19629-1f1a-13a3-e055-000000000001,"Brinny, Cork County",76288,101047,60123,78508
Cork South-West,2ae19629-1f1b-13a3-e055-000000000001,"Butlerstown, Cork County",71758,82057,60123,78508
Cork North-West,2ae19629-1f1c-13a3-e055-000000000001,"Buttevant, Cork County",47490,63332,60123,78508
Cork South-West,2ae19629-1f24-13a3-e055-000000000001,"Caheragh, Cork County",60748,71456,60123,78508
Cork North-West,2ae19629-1f25-13a3-e055-000000000001,"Caherbarnagh, Cork County",70207,80636,60123,78508
Cork North-West,2ae19629-1f2e-13a3-e055-000000000001,"Caherduggan, Cork County",66787,87800,60123,78508
Cork North-Central,2ae19629-1f2f-13a3-e055-000000000001,"Caherlag, Cork County",77250,107157,60123,78508
Cork South-West,2ae19629-1f30-13a3-e055-000000000001,"Cahermore, Cork County",49805,60805,60123,78508
Cork North-West,2ae19629-1f3a-13a3-e055-000000000001,"Candroma, Cork County",58841,71896,60123,78508
Cork North-West,2ae19629-1f3b-13a3-e055-000000000001,"Cannaway, Cork County",84417,94567,60123,78508
Cork South-West,2ae19629-1f3c-13a3-e055-000000000001,"Cape Clear, Cork County",37311,45540,60123,78508
Cork East,2ae19629-1f3d-13a3-e055-000000000001,"Carrig, Cork County, 047069",62118,76129,60123,78508
Cork North-Central,2ae19629-1f47-13a3-e055-000000000001,"Carrig, Cork County, 047070",82517,93257,60123,78508
Cork South-Central,2ae19629-1f48-13a3-e055-000000000001,"Carrigaline, Cork County, 047071",70934,87297,60123,78508
Cork South-Central,2ae19629-1f49-13a3-e055-000000000001,"Carrigaline, Cork County, 047072",76295,91199,60123,78508
Cork South-West,2ae19629-1f51-13a3-e055-000000000001,"Carrigbaun, Cork County",47664,58984,60123,78508
Cork North-West,2ae19629-1f52-13a3-e055-000000000001,"Carrigboy, Cork County",56000,74063,60123,78508
Cork North-Central,2ae19629-1f5a-13a3-e055-000000000001,"Carrignavar, Cork County",83144,94637,60123,78508
Cork North-Central,2ae19629-1f5b-13a3-e055-000000000001,"Carrigrohanebeg, Cork County",88328,108839,60123,78508
Cork East,2ae19629-1f68-13a3-e055-000000000001,"Carrigtohill, Cork County",74135,87069,60123,78508
Cork South-West,2ae19629-1f69-13a3-e055-000000000001,"Cashel, Cork County",78192,92893,60123,78508
Cork East,2ae19629-1f6a-13a3-e055-000000000001,"Castle Hyde, Cork County",79204,94908,60123,78508
Cork East,2ae19629-1f75-13a3-e055-000000000001,"Castlecooke, Cork County",65858,88747,60123,78508
Cork North-West,2ae19629-1f76-13a3-e055-000000000001,"Castlecor, Cork County",56468,68375,60123,78508
Cork South-West,2ae19629-1f77-13a3-e055-000000000001,"Castlehaven North, Cork County",48078,69434,60123,78508
Cork South-West,2ae19629-1f78-13a3-e055-000000000001,"Castlehaven South, Cork County",45905,60151,60123,78508
Cork East,2ae19629-1f79-13a3-e055-000000000001,"Castlelyons, Cork County",66969,79001,60123,78508
Cork North-West,2ae19629-1f82-13a3-e055-000000000001,"Castlemagner, Cork County",66619,70916,60123,78508
Cork East,2ae19629-1f83-13a3-e055-000000000001,"Castlemartyr, Cork County",73325,88930,60123,78508
Cork North-West,2ae19629-1f8b-13a3-e055-000000000001,"Castletown, Cork County",62995,76060,60123,78508
Cork East,2ae19629-1f84-13a3-e055-000000000001,"Castletownroche, Cork County",44920,60464,60123,78508
Cork South-West,2ae19629-1f8c-13a3-e055-000000000001,"Castleventry, Cork County",77265,85654,60123,78508
Cork North-West,2ae19629-1f94-13a3-e055-000000000001,"Churchtown, Cork County",55494,73926,60123,78508
Cork North-West,2ae19629-1f95-13a3-e055-000000000001,"Cleanrath, Cork County",53553,65790,60123,78508
Cork East,2ae19629-1ef3-13a3-e055-000000000001,"Clenor, Cork County",65139,80104,60123,78508
Cork South-West,2ae19629-1ef4-13a3-e055-000000000001,"Cloghdonnell, Cork County",57254,63667,60123,78508
Cork South-West,2ae19629-1f11-13a3-e055-000000000001,"Clonakilty Rural, Cork County",70387,85758,60123,78508
Cork South-West,2ae19629-1f12-13a3-e055-000000000001,"Clonakilty Urban, Cork County",47668,63266,60123,78508
Cork North-West,2ae19629-1f13-13a3-e055-000000000001,"Clondrohid, Cork County",58857,71939,60123,78508
Cork North-West,2ae19629-1f1d-13a3-e055-000000000001,"Clonfert East, Cork County",43970,57729,60123,78508
Cork North-West,2ae19629-1f1e-13a3-e055-000000000001,"Clonfert West, Cork County",33385,51914,60123,78508
Cork North-West,2ae19629-1f26-13a3-e055-000000000001,"Clonmeen, Cork County",68909,83877,60123,78508
Cork North-West,2ae19629-1f27-13a3-e055-000000000001,"Clonmoyle, Cork County",73429,86957,60123,78508
Cork East,2ae19629-1f28-13a3-e055-000000000001,"Clonmult, Cork County",74165,87784,60123,78508
Cork East,2ae19629-1f31-13a3-e055-000000000001,"Clonpriest, Cork County",58727,74285,60123,78508
Cork South-West,2ae19629-1f32-13a3-e055-000000000001,"Cloonkeen, Cork County",46049,68068,60123,78508
Cork East,2ae19629-1f3e-13a3-e055-000000000001,"Cloyne, Cork County",67882,81479,60123,78508
Cork East,2ae19629-1f3f-13a3-e055-000000000001,"Cobh Rural, Cork County",67865,78749,60123,78508
Cork East,2ae19629-1f40-13a3-e055-000000000001,"Cobh Urban, Cork County",50861,69828,60123,78508
Cork South-West,2ae19629-1f4a-13a3-e055-000000000001,"Coolagh, Cork County",28113,40940,60123,78508
Cork North-West,2ae19629-1f4b-13a3-e055-000000000001,"Coolclogh, Cork County",72892,82747,60123,78508
Cork South-West,2ae19629-1f4c-13a3-e055-000000000001,"Coolcraheen, Cork County",57867,69887,60123,78508
Cork East,2ae19629-1f53-13a3-e055-000000000001,"Coole, Cork County",65117,81690,60123,78508
Cork South-West,2ae19629-1f54-13a3-e055-000000000001,"Coolmain, Cork County",76435,88955,60123,78508
Cork North-West,2ae19629-1f5c-13a3-e055-000000000001,"Coolmountain, Cork County",43836,54573,60123,78508
Cork North-West,2ae19629-1f5d-13a3-e055-000000000001,"Coomlogane, Cork County",49593,62406,60123,78508
Cork East,2ae19629-1f5e-13a3-e055-000000000001,"Corkbeg, Cork County",71202,84920,60123,78508
Cork South-West,2ae19629-1f5f-13a3-e055-000000000001,"Coulagh, Cork County",33993,46743,60123,78508
Cork South-West,2ae19629-1f6b-13a3-e055-000000000001,"Courtmacsherry, Cork County",52647,66772,60123,78508
Cork North-West,2ae19629-1f6c-13a3-e055-000000000001,"Crinnaloo, Cork County",62483,73413,60123,78508
Cork South-West,2ae19629-1f6d-13a3-e055-000000000001,"Crookhaven, Cork County",37561,47547,60123,78508
Cork South-West,2ae19629-1f6e-13a3-e055-000000000001,"Cullen, Cork County, 047120",85144,108954,60123,78508
Cork North-West,2ae19629-1f7a-13a3-e055-000000000001,"Cullen, Cork County, 047121",53197,65318,60123,78508
Cork East,2ae19629-1f7b-13a3-e055-000000000001,"Curraglass, Cork County",72811,78732,60123,78508
Cork South-West,2ae19629-1f7c-13a3-e055-000000000001,"Curryglass, Cork County",40218,52340,60123,78508
Cork East,2ae19629-1f7d-13a3-e055-000000000001,"Dangan, Cork County",79304,90511,60123,78508
Cork North-West,2ae19629-1f85-13a3-e055-000000000001,"Derragh, Cork County",61973,69744,60123,78508
Cork South-West,2ae19629-1f86-13a3-e055-000000000001,"Derry, Cork County",58302,75454,60123,78508
Cork North-West,2ae19629-1f8e-13a3-e055-000000000001,"Derryfineen, Cork County",51673,70848,60123,78508
Cork East,2ae19629-1f8f-13a3-e055-000000000001,"Derryvillane, Cork County",52696,70734,60123,78508
Cork North-West,2ae19629-1f96-13a3-e055-000000000001,"Doneraile, Cork County",48247,60505,60123,78508
Cork North-West,2ae19629-1f97-13a3-e055-000000000001,"Doonasleen, Cork County",61374,70778,60123,78508
Cork South-West,2ae19629-1ef5-13a3-e055-000000000001,"Douce, Cork County",32351,43243,60123,78508
Cork South-Central,2ae19629-1ef6-13a3-e055-000000000001,"Douglas, Cork County",94318,87890,60123,78508
Cork South-West,2ae19629-1efd-13a3-e055-000000000001,"Drinagh, Cork County, 047133",50470,61101,60123,78508
Cork South-West,2ae19629-1efe-13a3-e055-000000000001,"Drinagh, Cork County, 047134",54555,64201,60123,78508
Cork North-West,2ae19629-1eff-13a3-e055-000000000001,"Dripsey, Cork County",76849,95993,60123,78508
Cork North-West,2ae19629-1f07-13a3-e055-000000000001,"Drishane, Cork County",57537,68164,60123,78508
Cork South-West,2ae19629-1f00-13a3-e055-000000000001,"Dromdaleague North, Cork County",60549,67221,60123,78508
Cork South-West,2ae19629-1f08-13a3-e055-000000000001,"Dromdaleague South, Cork County",49452,64215,60123,78508
Cork North-West,2ae19629-1f01-13a3-e055-000000000001,"Dromina, Cork County",46560,64006,60123,78508
Cork North-West,2ae19629-1f02-13a3-e055-000000000001,"Dromore, Cork County",68481,78672,60123,78508
Cork South-West,2ae19629-1f09-13a3-e055-000000000001,"Dunbeacon, Cork County",42816,52458,60123,78508
Cork South-West,2ae19629-1f0a-13a3-e055-000000000001,"Dunderrow, Cork County",86873,106683,60123,78508
Cork East,2ae19629-1f14-13a3-e055-000000000001,"Dungourney, Cork County",85442,96187,60123,78508
Cork South-West,2ae19629-1f15-13a3-e055-000000000001,"Dunmanus, Cork County",48238,55770,60123,78508
Cork South-West,2ae19629-1f16-13a3-e055-000000000001,"Dunmanway North, Cork County",47474,59068,60123,78508
Cork South-West,2ae19629-1f1f-13a3-e055-000000000001,"Dunmanway South, Cork County",50889,62479,60123,78508
Cork South-West,2ae19629-1f20-13a3-e055-000000000001,"Durrus East, Cork County",40626,60153,60123,78508
Cork South-West,2ae19629-1f29-13a3-e055-000000000001,"Durrus West, Cork County",37593,50270,60123,78508
Cork East,2ae19629-1f2a-13a3-e055-000000000001,"Farahy, Cork County",65800,76094,60123,78508
Cork South-West,2ae19629-1f33-13a3-e055-000000000001,"Farranbrien, Cork County",70241,92944,60123,78508
Cork East,2ae19629-1f34-13a3-e055-000000000001,"Fermoy Rural, Cork County",55052,67267,60123,78508
Cork East,2ae19629-1f35-13a3-e055-000000000001,"Fermoy Urban, Cork County",42171,52684,60123,78508
Cork North-Central,2ae19629-1f41-13a3-e055-000000000001,"Firmount, Cork County",86226,104006,60123,78508
Cork South-West,2ae19629-1f42-13a3-e055-000000000001,"Garranes, Cork County",51395,62763,60123,78508
Cork North-West,2ae19629-1f4d-13a3-e055-000000000001,"Garrown, Cork County",51318,62903,60123,78508
Cork East,2ae19629-1f4e-13a3-e055-000000000001,"Garryvoe, Cork County",81289,91442,60123,78508
Cork South-West,2ae19629-1f55-13a3-e055-000000000001,"Glanlough, Cork County",37512,48629,60123,78508
Cork East,2ae19629-1f56-13a3-e055-000000000001,"Glanworth East, Cork County",67703,88912,60123,78508
Cork East,2ae19629-1f60-13a3-e055-000000000001,"Glanworth West, Cork County",62897,73577,60123,78508
Cork South-West,2ae19629-1f61-13a3-e055-000000000001,"Glengarriff, Cork County",46203,62159,60123,78508
Cork North-West,2ae19629-1f62-13a3-e055-000000000001,"Glenlara, Cork County",71283,77418,60123,78508
Cork North-Central,2ae19629-1f63-13a3-e055-000000000001,"Glenville, Cork County",83654,90441,60123,78508
Cork South-West,2ae19629-1f64-13a3-e055-000000000001,"Goleen, Cork County",35579,46923,60123,78508
Cork North-West,2ae19629-1f65-13a3-e055-000000000001,"Gortmore, Cork County",68802,80849,60123,78508
Cork South-West,2ae19629-1f6f-13a3-e055-000000000001,"Gortnascreeny, Cork County",50461,66121,60123,78508
Cork East,2ae19629-1f70-13a3-e055-000000000001,"Gortnaskehy, Cork County",53751,74990,60123,78508
Cork North-West,2ae19629-1f7e-13a3-e055-000000000001,"Gortnatubbrid, Cork County",57220,70251,60123,78508
Cork East,2ae19629-1f7f-13a3-e055-000000000001,"Gortroe, Cork County",73745,83614,60123,78508
Cork North-West,2ae19629-1f87-13a3-e055-000000000001,"Gowlane, Cork County",73705,82249,60123,78508
Cork North-West,2ae19629-1f88-13a3-e055-000000000001,"Greenane, Cork County",52274,63561,60123,78508
Cork North-Central,2ae19629-1f90-13a3-e055-000000000001,"Greenfort, Cork County",79717,97650,60123,78508
Cork North-West,2ae19629-1f91-13a3-e055-000000000001,"Greenville, Cork County",78156,87171,60123,78508
Cork East,2ae19629-1f98-13a3-e055-000000000001,"Ightermurragh, Cork County",62776,77895,60123,78508
Cork North-West,2ae19629-1f99-13a3-e055-000000000001,"Imphrick, Cork County",67280,79055,60123,78508
Cork East,2ae19629-1ef7-13a3-e055-000000000001,"Inch, Cork County",80169,90964,60123,78508
Cork North-West,2ae19629-1ef8-13a3-e055-000000000001,"Inchigeelagh, Cork County",54305,68310,60123,78508
Cork South-West,2ae19629-1f03-13a3-e055-000000000001,"Inishannon, Cork County",79478,100120,60123,78508
Cork South-Central,2ae19629-1f04-13a3-e055-000000000001,"Inishkenny, Cork County",97617,135545,60123,78508
Cork North-West,2ae19629-211e-13a3-e055-000000000001,"Kanturk, Cork County",45365,57897,60123,78508
Cork North-West,2ae19629-211f-13a3-e055-000000000001,"Keale, Cork County",66942,79148,60123,78508
Cork South-West,2ae19629-2126-13a3-e055-000000000001,"Kealkill, Cork County",53670,61914,60123,78508
Cork North-West,2ae19629-2127-13a3-e055-000000000001,"Kilberrihert, Cork County",68194,76295,60123,78508
Cork North-West,2ae19629-2128-13a3-e055-000000000001,"Kilbonane, Cork County",88005,105708,60123,78508
Cork North-West,2ae19629-2132-13a3-e055-000000000001,"Kilbrin, Cork County",53513,71018,60123,78508
Cork South-West,2ae19629-2133-13a3-e055-000000000001,"Kilbrittain, Cork County",68897,90644,60123,78508
Cork South-West,2ae19629-213c-13a3-e055-000000000001,"Kilbrogan, Cork County",64533,79280,60123,78508
Cork South-West,2ae19629-213d-13a3-e055-000000000001,"Kilcaskan, Cork County",37027,51514,60123,78508
Cork South-West,2ae19629-213e-13a3-e055-000000000001,"Kilcatherine, Cork County",39130,50831,60123,78508
Cork South-West,2ae19629-213f-13a3-e055-000000000001,"Kilcoe, Cork County",43063,57098,60123,78508
Cork East,2ae19629-2140-13a3-e055-000000000001,"Kilcor, Cork County",67734,80143,60123,78508
Cork North-West,2ae19629-2141-13a3-e055-000000000001,"Kilcorney, Cork County",46783,66066,60123,78508
Cork East,2ae19629-214f-13a3-e055-000000000001,"Kilcronat, Cork County",62386,78152,60123,78508
Cork North-West,2ae19629-2150-13a3-e055-000000000001,"Kilcullen, Cork County",82724,92538,60123,78508
Cork East,2ae19629-2151-13a3-e055-000000000001,"Kilcummer, Cork County",65368,76121,60123,78508
Cork North-Central,2ae19629-2168-13a3-e055-000000000001,"Kildinan, Cork County",78709,96106,60123,78508
Cork East,2ae19629-2169-13a3-e055-000000000001,"Kildorrery, Cork County",60116,72088,60123,78508
Cork South-West,2ae19629-2185-13a3-e055-000000000001,"Kilfaughnabeg, Cork County",43102,61794,60123,78508
Cork East,2ae19629-2186-13a3-e055-000000000001,"Kilgullane, Cork County",58278,76724,60123,78508
Cork South-West,2ae19629-219b-13a3-e055-000000000001,"Kilkerranmore, Cork County",55155,74551,60123,78508
Cork South-West,2ae19629-219c-13a3-e055-000000000001,"Killaconenagh, Cork County",41802,53466,60123,78508
Cork East,2ae19629-219d-13a3-e055-000000000001,"Killathy, Cork County",78637,87023,60123,78508
Cork East,2ae19629-219e-13a3-e055-000000000001,"Killeagh, Cork County, 047202",65642,75078,60123,78508
Cork North-Central,2ae19629-21b8-13a3-e055-000000000001,"Killeagh, Cork County, 047203",87795,97230,60123,78508
Cork South-West,2ae19629-21b9-13a3-e055-000000000001,"Killeenleagh, Cork County",51683,61780,60123,78508
Cork East,2ae19629-21c4-13a3-e055-000000000001,"Kilmacdonogh, Cork County",63175,75378,60123,78508
Cork North-West,2ae19629-21c5-13a3-e055-000000000001,"Kilmaclenine, Cork County",57354,75091,60123,78508
Cork South-West,2ae19629-21d2-13a3-e055-000000000001,"Kilmaloda East, Cork County",68024,91364,60123,78508
Cork South-West,2ae19629-21d3-13a3-e055-000000000001,"Kilmaloda West, Cork County",66727,80155,60123,78508
Cork North-West,2ae19629-21d4-13a3-e055-000000000001,"Kilmeen, Cork County",51913,62124,60123,78508
Cork South-West,2ae19629-21dd-13a3-e055-000000000001,"Kilmonoge, Cork County",76900,88665,60123,78508
Cork South-West,2ae19629-21de-13a3-e055-000000000001,"Kilmoylerane, Cork County",78519,94548,60123,78508
Cork South-West,2ae19629-21df-13a3-e055-000000000001,"Kilnagross, Cork County",64396,78664,60123,78508
Cork South-West,2ae19629-21e0-13a3-e055-000000000001,"Kilnamanagh, Cork County",35477,45435,60123,78508
Cork North-West,2ae19629-21e7-13a3-e055-000000000001,"Kilnamartery, Cork County",70299,83547,60123,78508
Cork South-Central,2ae19629-21e8-13a3-e055-000000000001,"Kilpatrick, Cork County",78352,91012,60123,78508
Cork East,2ae19629-21e9-13a3-e055-000000000001,"Kilphelan, Cork County",57205,77961,60123,78508
Cork North-West,2ae19629-21f0-13a3-e055-000000000001,"Kilshannig, Cork County",65879,80122,60123,78508
Cork East,2ae19629-21f1-13a3-e055-000000000001,"Kilworth, Cork County",66444,77513,60123,78508
Cork North-West,2ae19629-2109-13a3-e055-000000000001,"Kinneigh, Cork County",62771,76055,60123,78508
Cork South-West,2ae19629-210a-13a3-e055-000000000001,"Kinsale Rural, Cork County",72076,102557,60123,78508
Cork South-West,2ae19629-210b-13a3-e055-000000000001,"Kinsale Urban, Cork County",48400,69450,60123,78508
Cork South-West,2ae19629-2114-13a3-e055-000000000001,"Kinure, Cork County",68267,87636,60123,78508
Cork North-Central,2ae19629-2115-13a3-e055-000000000001,"Knockantota, Cork County",83332,93590,60123,78508
Cork North-West,2ae19629-2120-13a3-e055-000000000001,"Knockatooan, Cork County",44933,61602,60123,78508
Cork North-West,2ae19629-2121-13a3-e055-000000000001,"Knockavilly, Cork County",85393,104130,60123,78508
Cork East,2ae19629-2129-13a3-e055-000000000001,"Knockmourne, Cork County",64942,75958,60123,78508
Cork North-West,2ae19629-212a-13a3-e055-000000000001,"Knocknagree, Cork County",51709,62556,60123,78508
Cork East,2ae19629-212b-13a3-e055-000000000001,"Knockraha, Cork County",89180,104746,60123,78508
Cork South-West,2ae19629-212c-13a3-e055-000000000001,"Knockroe, Cork County",83438,96828,60123,78508
Cork South-West,2ae19629-2134-13a3-e055-000000000001,"Knocks, Cork County",68096,87011,60123,78508
Cork South-West,2ae19629-2135-13a3-e055-000000000001,"Knockskagh, Cork County",54181,61823,60123,78508
Cork North-West,2ae19629-2142-13a3-e055-000000000001,"Knocktemple, Cork County",52798,63632,60123,78508
Cork South-West,2ae19629-2143-13a3-e055-000000000001,"Laherne, Cork County",64766,85491,60123,78508
Cork South-West,2ae19629-2152-13a3-e055-000000000001,"Leighmoney, Cork County",93837,102087,60123,78508
Cork East,2ae19629-2153-13a3-e055-000000000001,"Leitrim, Cork County",98289,104304,60123,78508
Cork North-West,2ae19629-2154-13a3-e055-000000000001,"Liscarroll, Cork County",54309,69543,60123,78508
Cork South-Central,2ae19629-216a-13a3-e055-000000000001,"Liscleary, Cork County",84762,100301,60123,78508
Cork East,2ae19629-216b-13a3-e055-000000000001,"Lisgoold, Cork County",86632,98779,60123,78508
Cork South-West,2ae19629-216c-13a3-e055-000000000001,"Lowertown, Cork County",38466,60215,60123,78508
Cork North-West,2ae19629-216d-13a3-e055-000000000001,"Macloneigh, Cork County",64437,82392,60123,78508
Cork North-West,2ae19629-216e-13a3-e055-000000000001,"Macroom Urban, Cork County",52184,65618,60123,78508
Cork North-West,2ae19629-2187-13a3-e055-000000000001,"Magourney, Cork County",64056,78034,60123,78508
Cork North-Central,2ae19629-2149-13a3-e055-000000000001,"Mallow North Urban, Cork County",53319,66502,60123,78508
Cork North-Central,2ae19629-2188-13a3-e055-000000000001,"Mallow Rural, Cork County",58365,70159,60123,78508
Cork North-Central,2ae19629-2189-13a3-e055-000000000001,"Mallow South Urban, Cork County",42885,55437,60123,78508
Cork North-West,2ae19629-219f-13a3-e055-000000000001,"Manch, Cork County",66678,78370,60123,78508
Cork East,2ae19629-21a0-13a3-e055-000000000001,"Marshalstown, Cork County",64381,75566,60123,78508
Cork North-West,2ae19629-21a1-13a3-e055-000000000001,"Mashanaglass, Cork County",72386,88992,60123,78508
Cork North-Central,2ae19629-21ba-13a3-e055-000000000001,"Matehy, Cork County",87985,101989,60123,78508
Cork South-West,2ae19629-21bb-13a3-e055-000000000001,"Mealagh, Cork County",42297,54022,60123,78508
Cork North-West,2ae19629-21c6-13a3-e055-000000000001,"Meens, Cork County",45832,66697,60123,78508
Cork East,2ae19629-21c7-13a3-e055-000000000001,"Midleton Rural, Cork County",70840,84409,60123,78508
Cork East,2ae19629-21c8-13a3-e055-000000000001,"Midleton Urban, Cork County",48568,58501,60123,78508
Cork South-West,2ae19629-21d5-13a3-e055-000000000001,"Milane, Cork County",58503,67571,60123,78508
Cork North-West,2ae19629-21d6-13a3-e055-000000000001,"Milford, Cork County",53681,69827,60123,78508
Cork North-West,2ae19629-21d7-13a3-e055-000000000001,"Milltown, Cork County",72088,88897,60123,78508
Cork East,2ae19629-21e1-13a3-e055-000000000001,"Mitchelstown, Cork County",50579,64271,60123,78508
Cork East,2ae19629-21e2-13a3-e055-000000000001,"Mogeely, Cork County",73391,81471,60123,78508
Cork East,2ae19629-21ea-13a3-e055-000000000001,"Monanimy, Cork County",60294,72601,60123,78508
Cork South-Central,2ae19629-21eb-13a3-e055-000000000001,"Monkstown Rural, Cork County",69145,83426,60123,78508
Cork South-Central,2ae19629-2122-13a3-e055-000000000001,"Monkstown Urban, Cork County",64106,84073,60123,78508
Cork North-West,2ae19629-21f2-13a3-e055-000000000001,"Mountrivers, Cork County",60640,74598,60123,78508
Cork North-West,2ae19629-21f3-13a3-e055-000000000001,"Moviddy, Cork County",81536,91769,60123,78508
Cork North-West,2ae19629-210c-13a3-e055-000000000001,"Murragh, Cork County",90522,100865,60123,78508
Cork South-West,2ae19629-210d-13a3-e055-000000000001,"Myross, Cork County",51065,66891,60123,78508
Cork North-West,2ae19629-210e-13a3-e055-000000000001,"Nad, Cork County",73318,74131,60123,78508
Cork North-West,2ae19629-210f-13a3-e055-000000000001,"Newmarket, Cork County",46454,62797,60123,78508
Cork North-West,2ae19629-2116-13a3-e055-000000000001,"Newtown, Cork County",64547,72230,60123,78508
Cork South-West,2ae19629-2117-13a3-e055-000000000001,"Nohaval, Cork County",88240,94633,60123,78508
Cork North-West,2ae19629-2118-13a3-e055-000000000001,"Ovens, Cork County",85498,108524,60123,78508
Cork North-West,2ae19629-2123-13a3-e055-000000000001,"Rahalisk, Cork County",61352,76083,60123,78508
Cork North-Central,2ae19629-212d-13a3-e055-000000000001,"Rahan, Cork County",68075,82151,60123,78508
Cork South-West,2ae19629-212e-13a3-e055-000000000001,"Rathbarry, Cork County",52465,71899,60123,78508
Cork South-West,2ae19629-212f-13a3-e055-000000000001,"Rathclarin, Cork County",73833,89037,60123,78508
Cork North-West,2ae19629-2136-13a3-e055-000000000001,"Rathcool, Cork County",64966,79561,60123,78508
Cork North-Central,2ae19629-2137-13a3-e055-000000000001,"Rathcooney, Cork County",85538,105438,60123,78508
Cork East,2ae19629-2138-13a3-e055-000000000001,"Rathcormack, Cork County",64409,76250,60123,78508
Cork North-West,2ae19629-1f8d-13a3-e055-000000000001,"Rathluirc, Cork County",43571,53845,60123,78508
Cork North-Central,2ae19629-2145-13a3-e055-000000000001,"Riverstown, Cork County",79252,101141,60123,78508
Cork North-West,2ae19629-2146-13a3-e055-000000000001,"Roskeen, Cork County",69522,75341,60123,78508
Cork North-West,2ae19629-2155-13a3-e055-000000000001,"Rosnalee, Cork County",56615,74883,60123,78508
Cork South-West,2ae19629-2156-13a3-e055-000000000001,"Rosscarbery, Cork County",56327,71314,60123,78508
Cork South-West,2ae19629-216f-13a3-e055-000000000001,"Rossmore, Cork County",53114,72803,60123,78508
Cork East,2ae19629-2170-13a3-e055-000000000001,"Rostellan, Cork County",75388,94914,60123,78508
Cork North-West,2ae19629-2171-13a3-e055-000000000001,"Rowls, Cork County",53396,59618,60123,78508
Cork South-West,2ae19629-218a-13a3-e055-000000000001,"Scart, Cork County",69161,76839,60123,78508
Cork South-West,2ae19629-218b-13a3-e055-000000000001,"Seefin, Cork County",34460,46621,60123,78508
Cork East,2ae19629-21a2-13a3-e055-000000000001,"Shanballymore, Cork County",57798,67559,60123,78508
Cork South-West,2ae19629-21a3-13a3-e055-000000000001,"Sheepshead, Cork County",27636,45650,60123,78508
Cork South-West,2ae19629-21a4-13a3-e055-000000000001,"Shreelane, Cork County",62757,69265,60123,78508
Cork North-West,2ae19629-21a5-13a3-e055-000000000001,"Skagh, Cork County",72996,85546,60123,78508
Cork East,2ae19629-21bc-13a3-e055-000000000001,"Skahanagh, Cork County",55475,67071,60123,78508
Cork South-West,2ae19629-21bd-13a3-e055-000000000001,"Skibbereen Rural, Cork County",54260,65382,60123,78508
Cork South-West,2ae19629-21be-13a3-e055-000000000001,"Skibbereen Urban, Cork County",38167,47530,60123,78508
Cork South-West,2ae19629-21bf-13a3-e055-000000000001,"Skull, Cork County",37480,54680,60123,78508
Cork North-West,2ae19629-21c9-13a3-e055-000000000001,"Slievereagh, Cork County",50844,62851,60123,78508
Cork North-West,2ae19629-21ca-13a3-e055-000000000001,"Springfort, Cork County",57063,73164,60123,78508
Cork North-West,2ae19629-21d8-13a3-e055-000000000001,"Streamhill, Cork County",59338,61125,60123,78508
Cork North-West,2ae19629-21d9-13a3-e055-000000000001,"Teadies, Cork County",58905,70243,60123,78508
Cork North-West,2ae19629-21e3-13a3-e055-000000000001,"Teerelton, Cork County",66600,75985,60123,78508
Cork East,2ae19629-21e4-13a3-e055-000000000001,"Templebodan, Cork County",77034,95118,60123,78508
Cork South-Central,2ae19629-21ec-13a3-e055-000000000001,"Templebreedy, Cork County",70295,90829,60123,78508
Cork North-West,2ae19629-21ed-13a3-e055-000000000001,"Templemartin, Cork County",83871,97623,60123,78508
Cork North-West,2ae19629-21f4-13a3-e055-000000000001,"Templemary, Cork County",55400,76407,60123,78508
Cork South-West,2ae19629-21f5-13a3-e055-000000000001,"Templemichael, Cork County",87416,102469,60123,78508
Cork East,2ae19629-21f6-13a3-e055-000000000001,"Templemolaga, Cork County",60719,74783,60123,78508
Cork East,2ae19629-2110-13a3-e055-000000000001,"Templenacarriga, Cork County",86835,95338,60123,78508
Cork South-West,2ae19629-2111-13a3-e055-000000000001,"Templeomalus, Cork County",61058,74868,60123,78508
Cork South-West,2ae19629-2119-13a3-e055-000000000001,"Timoleague, Cork County",56986,71966,60123,78508
Cork North-West,2ae19629-211a-13a3-e055-000000000001,"Tincoora, Cork County",57285,69597,60123,78508
Cork South-West,2ae19629-211b-13a3-e055-000000000001,"Toormore, Cork County",32638,47516,60123,78508
Cork South-West,2ae19629-211c-13a3-e055-000000000001,"Tullagh, Cork County",49161,66252,60123,78508
Cork North-West,2ae19629-211d-13a3-e055-000000000001,"Tullylease, Cork County",52218,67986,60123,78508
Cork North-West,2ae19629-2124-13a3-e055-000000000001,"Ullanes, Cork County",66519,71402,60123,78508
Cork East,2ae19629-2125-13a3-e055-000000000001,"Wallstown, Cork County",55683,74899,60123,78508
Cork North-West,2ae19629-2130-13a3-e055-000000000001,"Warrenscourt, Cork County",72067,86290,60123,78508
Cork North-Central,2ae19629-2131-13a3-e055-000000000001,"Watergrasshill, Cork County",82126,92378,60123,78508
Cork South-West,6a372d28-f5c8-4acc-b237-4f7bb4a9ad53,"Whiddy/Bantry Rural, Cork County",53875,68485,60123,78508
Cork North-Central,2ae19629-213a-13a3-e055-000000000001,"Whitechurch, Cork County",87265,106271,60123,78508
Cork North-West,2ae19629-2108-13a3-e055-000000000001,"Williamstown, Cork County",50075,61633,60123,78508
Cork South-West,2ae19629-213b-13a3-e055-000000000001,"Woodfort, Cork County",50935,64721,60123,78508
Cork East,2ae19629-2147-13a3-e055-000000000001,"Youghal Rural, Cork County",63492,78483,60123,78508
Cork East,2ae19629-2148-13a3-e055-000000000001,"Youghal Urban, Cork County",42645,55352,60123,78508
Kerry,2ae19629-2387-13a3-e055-000000000001,"Abbeydorney, Kerry",51069,62558,60123,78508
Kerry,2ae19629-2388-13a3-e055-000000000001,"Aghadoe, Kerry",57609,75927,60123,78508
Kerry,2ae19629-2390-13a3-e055-000000000001,"Aglish, Kerry",60458,72466,60123,78508
Kerry,2ae19629-2391-13a3-e055-000000000001,"Arabela, Kerry",62704,73170,60123,78508
Kerry,2ae19629-2392-13a3-e055-000000000001,"Ardagh, Kerry",45852,54317,60123,78508
Kerry,2ae19629-2393-13a3-e055-000000000001,"Ardea, Kerry",34251,41715,60123,78508
Kerry,2ae19629-239d-13a3-e055-000000000001,"Ardfert, Kerry",43276,58421,60123,78508
Kerry,2ae19629-239e-13a3-e055-000000000001,"Astee, Kerry",50003,63559,60123,78508
Kerry,2ae19629-239f-13a3-e055-000000000001,"Bahaghs, Kerry",39759,48602,60123,78508
Kerry,2ae19629-23ac-13a3-e055-000000000001,"Ballincloher, Kerry",53829,60274,60123,78508
Kerry,2ae19629-23ad-13a3-e055-000000000001,"Ballinskelligs, Kerry",40098,53739,60123,78508
Kerry,2ae19629-23ae-13a3-e055-000000000001,"Ballinvoher, Kerry",47314,66135,60123,78508
Kerry,2ae19629-23af-13a3-e055-000000000001,"Ballybrack, Kerry",44369,51958,60123,78508
Kerry,2ae19629-22d3-13a3-e055-000000000001,"Ballyconry, Kerry",53793,68647,60123,78508
Kerry,2ae19629-22d4-13a3-e055-000000000001,"Ballyduff, Kerry, 077015",38858,51904,60123,78508
Kerry,2ae19629-22d5-13a3-e055-000000000001,"Ballyduff, Kerry, 077016",44144,59549,60123,78508
Kerry,2ae19629-22e2-13a3-e055-000000000001,"Ballyegan, Kerry, 077017",67152,76923,60123,78508
Kerry,2ae19629-22e3-13a3-e055-000000000001,"Ballyegan, Kerry, 077018",46527,66118,60123,78508
Kerry,2ae19629-22e4-13a3-e055-000000000001,"Ballyhar, Kerry",54505,60391,60123,78508
Kerry,2ae19629-22ee-13a3-e055-000000000001,"Ballyheige, Kerry",44008,56589,60123,78508
Kerry,2ae19629-22ef-13a3-e055-000000000001,"Ballyhorgan, Kerry",57996,69023,60123,78508
Kerry,2ae19629-22fd-13a3-e055-000000000001,"Ballynacourty, Kerry",58125,60481,60123,78508
Kerry,2ae19629-22fe-13a3-e055-000000000001,"Ballynahaglish, Kerry",59942,80826,60123,78508
Kerry,2ae19629-230d-13a3-e055-000000000001,"Ballynorig, Kerry",63042,66719,60123,78508
Kerry,2ae19629-230e-13a3-e055-000000000001,"Ballyseedy, Kerry",56324,70550,60123,78508
Kerry,2ae19629-230f-13a3-e055-000000000001,"Banawn, Kerry",47846,54149,60123,78508
Kerry,2ae19629-231b-13a3-e055-000000000001,"Banna, Kerry",50761,61293,60123,78508
Kerry,2ae19629-231c-13a3-e055-000000000001,"Baurtregaum, Kerry",52200,61399,60123,78508
Kerry,2ae19629-231d-13a3-e055-000000000001,"Beal, Kerry",48509,60838,60123,78508
Kerry,2ae19629-2329-13a3-e055-000000000001,"Blennerville, Kerry",58919,67831,60123,78508
Kerry,2ae19629-232a-13a3-e055-000000000001,"Boolteens, Kerry",58181,68339,60123,78508
Kerry,2ae19629-2336-13a3-e055-000000000001,"Brandon, Kerry",47497,53112,60123,78508
Kerry,2ae19629-2337-13a3-e055-000000000001,"Brewsterfield, Kerry",71108,78631,60123,78508
Kerry,2ae19629-2342-13a3-e055-000000000001,"Brosna, Kerry",44978,58056,60123,78508
Kerry,2ae19629-2343-13a3-e055-000000000001,"Caher, Kerry",38743,51019,60123,78508
Kerry,2ae19629-2344-13a3-e055-000000000001,"Caherdaniel, Kerry",32208,46370,60123,78508
Kerry,2ae19629-2353-13a3-e055-000000000001,"Cappagh, Kerry",46799,62378,60123,78508
Kerry,2ae19629-2363-13a3-e055-000000000001,"Caragh, Kerry",50343,64248,60123,78508
Kerry,2ae19629-2362-13a3-e055-000000000001,"Carker, Kerry",49383,61029,60123,78508
Kerry,2ae19629-2364-13a3-e055-000000000001,"Carrig, Kerry",38032,53771,60123,78508
Kerry,2ae19629-2365-13a3-e055-000000000001,"Castlecove, Kerry",29480,41532,60123,78508
Kerry,2ae19629-2366-13a3-e055-000000000001,"Castlegregory, Kerry",42796,57356,60123,78508
Kerry,2ae19629-2378-13a3-e055-000000000001,"Castleisland, Kerry",49560,61199,60123,78508
Kerry,2ae19629-2379-13a3-e055-000000000001,"Castlequin, Kerry",50755,60826,60123,78508
Kerry,2ae19629-237a-13a3-e055-000000000001,"Causeway, Kerry",45171,59856,60123,78508
Kerry,2ae19629-2389-13a3-e055-000000000001,"Churchtown, Kerry",62369,74916,60123,78508
Kerry,2ae19629-238a-13a3-e055-000000000001,"Cloghane, Kerry",47801,63475,60123,78508
Kerry,2ae19629-2394-13a3-e055-000000000001,"Clogherbrien, Kerry",65988,86564,60123,78508
Kerry,2ae19629-2396-13a3-e055-000000000001,"Cloontubbrid, Kerry",48457,63386,60123,78508
Kerry,2ae19629-23a0-13a3-e055-000000000001,"Clydagh, Kerry",53322,73545,60123,78508
Kerry,2ae19629-23a1-13a3-e055-000000000001,"Coolies, Kerry",68117,76665,60123,78508
Kerry,2ae19629-23a2-13a3-e055-000000000001,"Coom, Kerry",59186,68630,60123,78508
Kerry,2ae19629-23b0-13a3-e055-000000000001,"Cordal, Kerry",49817,62679,60123,78508
Kerry,2ae19629-23b1-13a3-e055-000000000001,"Crinny, Kerry",56839,66592,60123,78508
Kerry,2ae19629-22c7-13a3-e055-000000000001,"Curraghbeg, Kerry",48290,56005,60123,78508
Kerry,2ae19629-22c8-13a3-e055-000000000001,"Curraghmore, Kerry",59013,69237,60123,78508
Kerry,2ae19629-22c9-13a3-e055-000000000001,"Currans, Kerry",59138,62232,60123,78508
Kerry,2ae19629-22ca-13a3-e055-000000000001,"Darrynane, Kerry",42103,52929,60123,78508
Kerry,2ae19629-22cb-13a3-e055-000000000001,"Dawros, Kerry",42601,58785,60123,78508
Kerry,2ae19629-22cc-13a3-e055-000000000001,"Deelis, Kerry",49212,54986,60123,78508
Kerry,2ae19629-22d6-13a3-e055-000000000001,"Derreen, Kerry",55183,71532,60123,78508
Kerry,842865f1-99a8-46b1-8460-28a9e20b0d17,"Derriana/Cloon, Kerry",31804,43360,60123,78508
Kerry,2ae19629-22d8-13a3-e055-000000000001,"Dingle, Kerry",39714,53578,60123,78508
Kerry,2ae19629-22d9-13a3-e055-000000000001,"Doocarrig, Kerry",70352,78974,60123,78508
Kerry,2ae19629-2218-13a3-e055-000000000001,"Doon, Kerry",69214,81821,60123,78508
Kerry,2ae19629-2219-13a3-e055-000000000001,"Dromin, Kerry",64173,82073,60123,78508
Kerry,2ae19629-221a-13a3-e055-000000000001,"Drommartin, Kerry",53921,65240,60123,78508
Kerry,2ae19629-2224-13a3-e055-000000000001,"Dromore, Kerry",37329,55464,60123,78508
Kerry,2ae19629-2225-13a3-e055-000000000001,"Duagh, Kerry",53217,60445,60123,78508
Kerry,2ae19629-222e-13a3-e055-000000000001,"Dunloe, Kerry",62160,72188,60123,78508
Kerry,2ae19629-222f-13a3-e055-000000000001,"Dunquin, Kerry",47586,63550,60123,78508
Kerry,2ae19629-2230-13a3-e055-000000000001,"Dunurlin, Kerry",41975,50468,60123,78508
Kerry,2ae19629-2231-13a3-e055-000000000001,"Emlagh, Kerry",43233,51829,60123,78508
Kerry,2ae19629-2232-13a3-e055-000000000001,"Ennismore, Kerry",40566,49652,60123,78508
Kerry,2ae19629-2233-13a3-e055-000000000001,"Flesk, Kerry",60416,70891,60123,78508
Kerry,2ae19629-2234-13a3-e055-000000000001,"Glanbehy, Kerry",42233,53803,60123,78508
Kerry,2ae19629-2235-13a3-e055-000000000001,"Glanlee, Kerry",56268,64971,60123,78508
Kerry,2ae19629-2241-13a3-e055-000000000001,"Glanlough, Kerry",43826,59365,60123,78508
Kerry,2ae19629-2242-13a3-e055-000000000001,"Glanmore, Kerry",36969,46285,60123,78508
Kerry,2ae19629-2243-13a3-e055-000000000001,"Glinn, Kerry",52928,62744,60123,78508
Kerry,2ae19629-2244-13a3-e055-000000000001,"Gneeves, Kerry",50372,56021,60123,78508
Kerry,2ae19629-224f-13a3-e055-000000000001,"Greenane, Kerry",37101,63006,60123,78508
Kerry,2ae19629-2250-13a3-e055-000000000001,"Gullane, Kerry",48749,61346,60123,78508
Kerry,2ae19629-2251-13a3-e055-000000000001,"Gunsborough, Kerry",48395,66096,60123,78508
Kerry,2ae19629-225d-13a3-e055-000000000001,"Headfort, Kerry",55660,66191,60123,78508
Kerry,2ae19629-225e-13a3-e055-000000000001,"Inch, Kerry",39247,55660,60123,78508
Kerry,2ae19629-225f-13a3-e055-000000000001,"Kenmare, Kerry",42754,53041,60123,78508
Kerry,2ae19629-2260-13a3-e055-000000000001,"Kerryhead, Kerry",56124,60302,60123,78508
Kerry,2ae19629-226c-13a3-e055-000000000001,"Kilbonane, Kerry",64123,74787,60123,78508
Kerry,2ae19629-226d-13a3-e055-000000000001,"Kilcummin, Kerry",68113,75981,60123,78508
Kerry,2ae19629-226e-13a3-e055-000000000001,"Kilfeighny, Kerry",52865,63830,60123,78508
Kerry,2ae19629-226f-13a3-e055-000000000001,"Kilfelim, Kerry",63842,75323,60123,78508
Kerry,2ae19629-227a-13a3-e055-000000000001,"Kilflyn, Kerry",41761,56929,60123,78508
Kerry,2ae19629-227b-13a3-e055-000000000001,"Kilgarrylander, Kerry",49106,59688,60123,78508
Kerry,2ae19629-227c-13a3-e055-000000000001,"Kilgarvan, Kerry",47340,57679,60123,78508
Kerry,2ae19629-2285-13a3-e055-000000000001,"Kilgobban, Kerry",40191,54974,60123,78508
Kerry,2ae19629-2286-13a3-e055-000000000001,"Kilgobnet, Kerry",55379,64637,60123,78508
Kerry,2ae19629-2287-13a3-e055-000000000001,"Killahan, Kerry",45774,55357,60123,78508
Kerry,2ae19629-2288-13a3-e055-000000000001,"Killarney Rural, Kerry",57023,73318,60123,78508
Kerry,2ae19629-2293-13a3-e055-000000000001,"Killarney Urban, Kerry",46643,58931,60123,78508
Kerry,2ae19629-2294-13a3-e055-000000000001,"Killeentierna, Kerry",55772,64416,60123,78508
Kerry,2ae19629-2295-13a3-e055-000000000001,"Killehenny, Kerry",37109,50971,60123,78508
Kerry,2ae19629-229f-13a3-e055-000000000001,"Killinane, Kerry",40808,52445,60123,78508
Kerry,2ae19629-22a0-13a3-e055-000000000001,"Killorglin, Kerry",46438,58078,60123,78508
Kerry,2ae19629-22a1-13a3-e055-000000000001,"Killury, Kerry",52760,67333,60123,78508
Kerry,2ae19629-22aa-13a3-e055-000000000001,"Kilmalkedar, Kerry",41111,58976,60123,78508
Kerry,2ae19629-22ab-13a3-e055-000000000001,"Kilmeany, Kerry",50044,62886,60123,78508
Kerry,2ae19629-22b6-13a3-e055-000000000001,"Kilmurry, Kerry",47008,57920,60123,78508
Kerry,2ae19629-22b7-13a3-e055-000000000001,"Kilnanare, Kerry",58917,69753,60123,78508
Kerry,2ae19629-22b8-13a3-e055-000000000001,"Kilquane, Kerry",41151,49559,60123,78508
Kerry,2ae19629-2201-13a3-e055-000000000001,"Kilshenane, Kerry",41810,48242,60123,78508
Kerry,2ae19629-2202-13a3-e055-000000000001,"Kiltallagh, Kerry",48023,57377,60123,78508
Kerry,2ae19629-2203-13a3-e055-000000000001,"Kiltomy, Kerry",40035,54828,60123,78508
Kerry,2ae19629-220f-13a3-e055-000000000001,"Kinard, Kerry",46141,61951,60123,78508
Kerry,2ae19629-2210-13a3-e055-000000000001,"Knockglass, Kerry",48998,68099,60123,78508
Kerry,2ae19629-221b-13a3-e055-000000000001,"Knocknagashel, Kerry",48906,59389,60123,78508
Kerry,2ae19629-221c-13a3-e055-000000000001,"Knocknahoe, Kerry",66877,74563,60123,78508
Kerry,2ae19629-2226-13a3-e055-000000000001,"Lack, Kerry",47245,56245,60123,78508
Kerry,2ae19629-2227-13a3-e055-000000000001,"Lackabaun, Kerry",54464,60421,60123,78508
Kerry,2ae19629-2236-13a3-e055-000000000001,"Lahard, Kerry",68136,87726,60123,78508
Kerry,2ae19629-2237-13a3-e055-000000000001,"Leitrim, Kerry",57821,73539,60123,78508
Kerry,2ae19629-2238-13a3-e055-000000000001,"Lickeen, Kerry",41242,47706,60123,78508
Kerry,2ae19629-2245-13a3-e055-000000000001,"Lislaughtin, Kerry",46704,57632,60123,78508
Kerry,2ae19629-2246-13a3-e055-000000000001,"Lisselton, Kerry",54162,67612,60123,78508
Kerry,2ae19629-2247-13a3-e055-000000000001,"Listowel Rural, Kerry",51738,62755,60123,78508
Kerry,2ae19629-2252-13a3-e055-000000000001,"Listowel Urban, Kerry",39481,53955,60123,78508
Kerry,2ae19629-2253-13a3-e055-000000000001,"Lixnaw, Kerry",45844,54256,60123,78508
Kerry,2ae19629-2254-13a3-e055-000000000001,"Loughbrin, Kerry",44074,53780,60123,78508
Kerry,2ae19629-2255-13a3-e055-000000000001,"Loughcurrane, Kerry",35954,46214,60123,78508
Kerry,2ae19629-2256-13a3-e055-000000000001,"Marhin, Kerry",35272,50115,60123,78508
Kerry,f2b35649-c96c-4cf5-b8ab-60770f0291a9,"Mastergeehy/Canuig, Kerry",36353,52126,60123,78508
Kerry,2ae19629-2262-13a3-e055-000000000001,"Maum, Kerry",47074,52832,60123,78508
Kerry,2ae19629-2263-13a3-e055-000000000001,"Millbrook, Kerry",57680,66325,60123,78508
Kerry,2ae19629-2270-13a3-e055-000000000001,"Milltown, Kerry",51761,59201,60123,78508
Kerry,2ae19629-2271-13a3-e055-000000000001,"Minard, Kerry",48729,64275,60123,78508
Kerry,2ae19629-2272-13a3-e055-000000000001,"Molahiffe, Kerry",54872,64590,60123,78508
Kerry,2ae19629-227d-13a3-e055-000000000001,"Mount Eagle, Kerry",42053,59337,60123,78508
Kerry,2ae19629-227e-13a3-e055-000000000001,"Moynsha, Kerry",54381,64858,60123,78508
Kerry,2ae19629-2289-13a3-e055-000000000001,"Muckross, Kerry",70366,85674,60123,78508
Kerry,2ae19629-228a-13a3-e055-000000000001,"Newtownsandes, Kerry",42206,55786,60123,78508
Kerry,2ae19629-228b-13a3-e055-000000000001,"Nohaval, Kerry",54051,66696,60123,78508
Kerry,2ae19629-2296-13a3-e055-000000000001,"O'brennan, Kerry",55269,72398,60123,78508
Kerry,2ae19629-2297-13a3-e055-000000000001,"Portmagee, Kerry",39701,51935,60123,78508
Kerry,2ae19629-22a2-13a3-e055-000000000001,"Ratass, Kerry",58032,71891,60123,78508
Kerry,2ae19629-22a3-13a3-e055-000000000001,"Rathea, Kerry",46434,61882,60123,78508
Kerry,2ae19629-22ac-13a3-e055-000000000001,"Rathmore, Kerry",59140,69056,60123,78508
Kerry,2ae19629-22ad-13a3-e055-000000000001,"Reen, Kerry",59239,80543,60123,78508
Kerry,2ae19629-22ae-13a3-e055-000000000001,"Rockfield, Kerry",60671,68053,60123,78508
Kerry,2ae19629-22b9-13a3-e055-000000000001,"Scartaglin, Kerry",58445,68136,60123,78508
Kerry,2ae19629-22ba-13a3-e055-000000000001,"Shronowen, Kerry",44339,57192,60123,78508
Kerry,2ae19629-22bb-13a3-e055-000000000001,"Sneem, Kerry",34560,45042,60123,78508
Kerry,2ae19629-22bc-13a3-e055-000000000001,"St. Finan's, Kerry",39715,55246,60123,78508
Kerry,2ae19629-22bd-13a3-e055-000000000001,"Stradbally, Kerry",53827,65438,60123,78508
Kerry,2ae19629-22be-13a3-e055-000000000001,"Tahilla, Kerry",31686,42021,60123,78508
Kerry,2ae19629-21f9-13a3-e055-000000000001,"Tarbert, Kerry",44100,60367,60123,78508
Kerry,2ae19629-21fa-13a3-e055-000000000001,"Tarmon, Kerry",51412,63887,60123,78508
Kerry,2ae19629-221d-13a3-e055-000000000001,"Teeranearagh, Kerry",44799,54027,60123,78508
Kerry,2ae19629-221e-13a3-e055-000000000001,"Tralee Rural, Kerry",47450,59877,60123,78508
Kerry,2ae19629-221f-13a3-e055-000000000001,"Tralee Urban, Kerry",30834,39143,60123,78508
Kerry,2ae19629-2228-13a3-e055-000000000001,"Trienearagh, Kerry",44445,57936,60123,78508
Kerry,2ae19629-2229-13a3-e055-000000000001,"Tubrid, Kerry",55946,67280,60123,78508
Kerry,2ae19629-222a-13a3-e055-000000000001,"Urlee, Kerry",45630,60751,60123,78508
Kerry,2ae19629-2239-13a3-e055-000000000001,"Valencia, Kerry",41179,52472,60123,78508
Kerry,2ae19629-223a-13a3-e055-000000000001,"Ventry, Kerry",40694,52641,60123,78508
Limerick City,2ae19629-17cc-13a3-e055-000000000001,"Abbey A, Limerick",57406,72731,60123,78508
Limerick City,2ae19629-17cd-13a3-e055-000000000001,"Abbey B, Limerick",57813,65850,60123,78508
Limerick City,2ae19629-17ce-13a3-e055-000000000001,"Abbey C, Limerick",32533,38864,60123,78508
Limerick City,2ae19629-17cf-13a3-e055-000000000001,"Abbey D, Limerick",36096,43554,60123,78508
Limerick City,2ae19629-17dd-13a3-e055-000000000001,"Ballinacurra A, Limerick",72699,90309,60123,78508
Limerick City,2ae19629-17de-13a3-e055-000000000001,"Ballinacurra B, Limerick",46055,56042,60123,78508
Limerick City,2ae19629-17df-13a3-e055-000000000001,"Ballynanty, Limerick",37342,44064,60123,78508
Limerick City,2ae19629-17e0-13a3-e055-000000000001,"Castle A, Limerick",50636,65689,60123,78508
Limerick City,2ae19629-17e1-13a3-e055-000000000001,"Castle B, Limerick",55142,67992,60123,78508
Limerick City,2ae19629-17e2-13a3-e055-000000000001,"Castle C, Limerick",74872,104834,60123,78508
Limerick City,2ae19629-17e3-13a3-e055-000000000001,"Castle D, Limerick",71421,111514,60123,78508
Limerick City,2ae19629-17e4-13a3-e055-000000000001,"Coolraine, Limerick",55375,69218,60123,78508
Limerick City,2ae19629-17e5-13a3-e055-000000000001,"Custom House, Limerick",35127,40867,60123,78508
Limerick City,2ae19629-17e6-13a3-e055-000000000001,"Dock A, Limerick",38205,45140,60123,78508
Limerick City,2ae19629-17e7-13a3-e055-000000000001,"Dock B, Limerick",38544,48261,60123,78508
Limerick City,2ae19629-17e8-13a3-e055-000000000001,"Dock C, Limerick",45537,65889,60123,78508
Limerick City,2ae19629-17e9-13a3-e055-000000000001,"Dock D, Limerick",56797,78971,60123,78508
Limerick City,2ae19629-17ea-13a3-e055-000000000001,"Farranshone, Limerick",62509,80188,60123,78508
Limerick City,2ae19629-17eb-13a3-e055-000000000001,"Galvone A, Limerick",44125,50139,60123,78508
Limerick City,2ae19629-17ec-13a3-e055-000000000001,"Galvone B, Limerick",33074,39388,60123,78508
Limerick City,2ae19629-17ed-13a3-e055-000000000001,"Glentworth A, Limerick",34678,42870,60123,78508
Limerick City,2ae19629-17f4-13a3-e055-000000000001,"Glentworth B, Limerick",39785,48883,60123,78508
Limerick City,2ae19629-17f5-13a3-e055-000000000001,"Glentworth C, Limerick",35314,40901,60123,78508
Limerick City,2ae19629-17f6-13a3-e055-000000000001,"John's A, Limerick",31216,35264,60123,78508
Limerick City,2ae19629-17f7-13a3-e055-000000000001,"John's B, Limerick",33373,40518,60123,78508
Limerick City,2ae19629-17f8-13a3-e055-000000000001,"John's C, Limerick",39024,46748,60123,78508
Limerick City,2ae19629-17f9-13a3-e055-000000000001,"Killeely A, Limerick",33592,40375,60123,78508
Limerick City,2ae19629-17fa-13a3-e055-000000000001,"Killeely B, Limerick",33033,41428,60123,78508
Limerick City,2ae19629-17c0-13a3-e055-000000000001,"Limerick North Rural, Limerick",51516,63782,60123,78508
Limerick City,2ae19629-17fb-13a3-e055-000000000001,"Market, Limerick",40101,49778,60123,78508
Limerick City,2ae19629-17fc-13a3-e055-000000000001,"Prospect A, Limerick",29863,34790,60123,78508
Limerick City,2ae19629-17fd-13a3-e055-000000000001,"Prospect B, Limerick",34693,39421,60123,78508
Limerick City,2ae19629-17fe-13a3-e055-000000000001,"Rathbane, Limerick",33217,40633,60123,78508
Limerick City,2ae19629-17ff-13a3-e055-000000000001,"Shannon A, Limerick",53823,60010,60123,78508
Limerick City,2ae19629-1800-13a3-e055-000000000001,"Shannon B, Limerick",34815,41453,60123,78508
Limerick City,2ae19629-1801-13a3-e055-000000000001,"Singland A, Limerick",38757,47187,60123,78508
Limerick City,2ae19629-1802-13a3-e055-000000000001,"Singland B, Limerick",56466,64822,60123,78508
Limerick City,2ae19629-1803-13a3-e055-000000000001,"St. Laurence, Limerick",44631,53202,60123,78508
Limerick County,2ae19629-1757-13a3-e055-000000000001,"Abbeyfeale, Limerick",41757,52683,60123,78508
Limerick County,2ae19629-1758-13a3-e055-000000000001,"Abbeyville, Limerick",73510,83334,60123,78508
Limerick City,2ae19629-1759-13a3-e055-000000000001,"Abington, Limerick",73050,82417,60123,78508
Limerick County,2ae19629-175a-13a3-e055-000000000001,"Adare North, Limerick",76665,90376,60123,78508
Limerick County,2ae19629-175b-13a3-e055-000000000001,"Adare South, Limerick",69625,102360,60123,78508
Limerick County,2ae19629-175c-13a3-e055-000000000001,"Anglesborough, Limerick",57319,63342,60123,78508
Limerick County,2ae19629-175d-13a3-e055-000000000001,"Ardagh, Limerick",53824,68654,60123,78508
Limerick County,2ae19629-175e-13a3-e055-000000000001,"Ardpatrick, Limerick",65241,72213,60123,78508
Limerick County,2ae19629-174e-13a3-e055-000000000001,"Askeaton East, Limerick",53419,72225,60123,78508
Limerick County,2ae19629-174f-13a3-e055-000000000001,"Askeaton West, Limerick",49503,60567,60123,78508
Limerick County,2ae19629-1750-13a3-e055-000000000001,"Athlacca, Limerick",56715,70249,60123,78508
Limerick County,2ae19629-1751-13a3-e055-000000000001,"Aughinish, Limerick",63386,78553,60123,78508
Limerick County,2ae19629-1752-13a3-e055-000000000001,"Ballingarry, Limerick",58641,73396,60123,78508
Limerick County,2ae19629-1753-13a3-e055-000000000001,"Ballintober, Limerick",64212,73418,60123,78508
Limerick County,2ae19629-175f-13a3-e055-000000000001,"Ballyagran, Limerick",54239,65004,60123,78508
Limerick County,2ae19629-1760-13a3-e055-000000000001,"Ballyallinan, Limerick",66635,81102,60123,78508
Limerick City,2ae19629-1767-13a3-e055-000000000001,"Ballybricken, Limerick",78732,102384,60123,78508
Limerick City,2ae19629-1768-13a3-e055-000000000001,"Ballycummin, Limerick",71552,85237,60123,78508
Limerick County,2ae19629-1769-13a3-e055-000000000001,"Ballygrennan, Limerick",65863,73537,60123,78508
Limerick County,2ae19629-176a-13a3-e055-000000000001,"Ballylanders, Limerick",44496,58686,60123,78508
Limerick County,2ae19629-176b-13a3-e055-000000000001,"Ballymacshaneboy, Limerick",53858,72948,60123,78508
Limerick County,2ae19629-176c-13a3-e055-000000000001,"Ballynabanoge, Limerick",60353,73341,60123,78508
Limerick County,2ae19629-176d-13a3-e055-000000000001,"Ballynacarriga, Limerick",75832,90294,60123,78508
Limerick County,2ae19629-176f-13a3-e055-000000000001,"Ballynoe West, Limerick",58191,69597,60123,78508
Limerick County,2ae19629-176e-13a3-e055-000000000001,"Ballynoe, Limerick",64281,81004,60123,78508
Limerick City,2ae19629-1770-13a3-e055-000000000001,"Ballysimon, Limerick",76260,93500,60123,78508
Limerick City,2ae19629-1771-13a3-e055-000000000001,"Ballyvarra, Limerick",80480,98677,60123,78508
Limerick County,2ae19629-1772-13a3-e055-000000000001,"Bilboa, Limerick",62433,66639,60123,78508
Limerick County,2ae19629-1773-13a3-e055-000000000001,"Boola, Limerick",70426,82645,60123,78508
Limerick County,2ae19629-1774-13a3-e055-000000000001,"Broadford, Limerick",60391,72187,60123,78508
Limerick County,2ae19629-1761-13a3-e055-000000000001,"Bruff, Limerick",52375,66963,60123,78508
Limerick County,2ae19629-1762-13a3-e055-000000000001,"Bruree, Limerick",52586,64120,60123,78508
Limerick County,2ae19629-1763-13a3-e055-000000000001,"Bulgaden, Limerick",61430,67215,60123,78508
Limerick County,2ae19629-1764-13a3-e055-000000000001,"Caher, Limerick",51421,57907,60123,78508
Limerick City,2ae19629-1765-13a3-e055-000000000001,"Caherconlish East, Limerick",80360,92032,60123,78508
Limerick City,2ae19629-1766-13a3-e055-000000000001,"Caherconlish West, Limerick",59772,71287,60123,78508
Limerick County,2ae19629-177c-13a3-e055-000000000001,"Cahercorney, Limerick",67960,78876,60123,78508
Limerick County,2ae19629-177d-13a3-e055-000000000001,"Caherelly, Limerick",78773,95749,60123,78508
Limerick County,2ae19629-177e-13a3-e055-000000000001,"Cappamore, Limerick",53250,66371,60123,78508
Limerick County,2ae19629-177f-13a3-e055-000000000001,"Carrig, Limerick",78013,87401,60123,78508
Limerick City,2ae19629-1780-13a3-e055-000000000001,"Castleconnell, Limerick",62133,83807,60123,78508
Limerick County,2ae19629-1781-13a3-e055-000000000001,"Castletown, Limerick, 127042",67394,77020,60123,78508
Limerick County,2ae19629-1782-13a3-e055-000000000001,"Castletown, Limerick, 127043",60374,77408,60123,78508
Limerick County,2ae19629-1783-13a3-e055-000000000001,"Clarina, Limerick",76149,90964,60123,78508
Limerick County,2ae19629-1784-13a3-e055-000000000001,"Cleanglass, Limerick",42332,55240,60123,78508
Limerick County,2ae19629-1785-13a3-e055-000000000001,"Cloncagh, Limerick",69010,79537,60123,78508
Limerick City,2ae19629-1786-13a3-e055-000000000001,"Clonkeen, Limerick",74287,84396,60123,78508
Limerick County,2ae19629-1787-13a3-e055-000000000001,"Colmanswell, Limerick",56820,70420,60123,78508
Limerick County,2ae19629-1788-13a3-e055-000000000001,"Coolrus, Limerick",64792,75233,60123,78508
Limerick County,2ae19629-1789-13a3-e055-000000000001,"Craggs, Limerick",61599,82064,60123,78508
Limerick County,2ae19629-1775-13a3-e055-000000000001,"Crean, Limerick",67380,86266,60123,78508
Limerick County,2ae19629-1776-13a3-e055-000000000001,"Crecora, Limerick",81562,100710,60123,78508
Limerick County,2ae19629-1777-13a3-e055-000000000001,"Croagh, Limerick",78130,104245,60123,78508
Limerick County,2ae19629-1778-13a3-e055-000000000001,"Croom, Limerick",55962,70179,60123,78508
Limerick County,2ae19629-1779-13a3-e055-000000000001,"Cullane, Limerick",64190,77314,60123,78508
Limerick County,2ae19629-177a-13a3-e055-000000000001,"Danganbeg, Limerick",59906,78137,60123,78508
Limerick County,2ae19629-177b-13a3-e055-000000000001,"Darragh, Limerick",63169,77830,60123,78508
Limerick County,2ae19629-178a-13a3-e055-000000000001,"Doon South, Limerick",52421,64883,60123,78508
Limerick County,2ae19629-178b-13a3-e055-000000000001,"Doon West, Limerick",52921,63143,60123,78508
Limerick County,2ae19629-1792-13a3-e055-000000000001,"Dromard, Limerick",84470,102783,60123,78508
Limerick County,2ae19629-1793-13a3-e055-000000000001,"Dromcolliher, Limerick",45613,59276,60123,78508
Limerick County,2ae19629-1794-13a3-e055-000000000001,"Dromin, Limerick",66427,78530,60123,78508
Limerick County,2ae19629-1795-13a3-e055-000000000001,"Dromtrasna, Limerick",59553,67649,60123,78508
Limerick County,2ae19629-1796-13a3-e055-000000000001,"Dunmoylan East, Limerick",67083,76338,60123,78508
Limerick County,2ae19629-1798-13a3-e055-000000000001,"Dunnaman, Limerick",84477,114701,60123,78508
Limerick County,2ae19629-1799-13a3-e055-000000000001,"Duntryleague, Limerick",54798,74068,60123,78508
Limerick County,2ae19629-179a-13a3-e055-000000000001,"Emlygrennan, Limerick",54881,66365,60123,78508
Limerick County,2ae19629-179b-13a3-e055-000000000001,"Fedamore, Limerick",59928,73855,60123,78508
Limerick County,2ae19629-179c-13a3-e055-000000000001,"Feenagh, Limerick",49171,63555,60123,78508
Limerick County,2ae19629-179d-13a3-e055-000000000001,"Fleanmore, Limerick",72349,86427,60123,78508
Limerick County,2ae19629-179e-13a3-e055-000000000001,"Galbally, Limerick",46793,63821,60123,78508
Limerick County,2ae19629-178c-13a3-e055-000000000001,"Garrane, Limerick",69070,86249,60123,78508
Limerick County,2ae19629-178d-13a3-e055-000000000001,"Garryduff, Limerick",62889,76590,60123,78508
Limerick County,2ae19629-178e-13a3-e055-000000000001,"Glenagower, Limerick",53602,64581,60123,78508
Limerick County,2ae19629-178f-13a3-e055-000000000001,"Glenbrohane, Limerick",51161,65504,60123,78508
Limerick County,2ae19629-1790-13a3-e055-000000000001,"Glengort, Limerick",47768,61614,60123,78508
Limerick County,2ae19629-1791-13a3-e055-000000000001,"Glensharrold, Limerick",42661,53248,60123,78508
Limerick City,2ae19629-17a6-13a3-e055-000000000001,"Glenstal, Limerick",59294,75931,60123,78508
Limerick County,2ae19629-17a7-13a3-e055-000000000001,"Glin, Limerick",52506,68420,60123,78508
Limerick County,2ae19629-17a8-13a3-e055-000000000001,"Grange, Limerick",63165,73637,60123,78508
Limerick County,2ae19629-17a9-13a3-e055-000000000001,"Grean, Limerick",55042,71069,60123,78508
Limerick County,2ae19629-17aa-13a3-e055-000000000001,"Griston, Limerick",56506,66631,60123,78508
Limerick County,2ae19629-17ab-13a3-e055-000000000001,"Hospital, Limerick",49217,59435,60123,78508
Limerick County,2ae19629-17ac-13a3-e055-000000000001,"Iveruss, Limerick",67647,76193,60123,78508
Limerick County,2ae19629-17ad-13a3-e055-000000000001,"Kilbeheny, Limerick",64595,70590,60123,78508
Limerick County,2ae19629-17ae-13a3-e055-000000000001,"Kilcornan, Limerick",74531,89779,60123,78508
Limerick County,2ae19629-17af-13a3-e055-000000000001,"Kildimo, Limerick",70989,92929,60123,78508
Limerick County,2ae19629-17b0-13a3-e055-000000000001,"Kilfergus, Limerick",49764,64792,60123,78508
Limerick County,2ae19629-179f-13a3-e055-000000000001,"Kilfinnane, Limerick",41245,53364,60123,78508
Limerick County,2ae19629-17a0-13a3-e055-000000000001,"Kilfinny, Limerick",100763,100439,60123,78508
Limerick County,2ae19629-17a1-13a3-e055-000000000001,"Kilflyn, Limerick",54289,65151,60123,78508
Limerick County,2ae19629-17a2-13a3-e055-000000000001,"Kilglass, Limerick",59235,80529,60123,78508
Limerick County,2ae19629-17a3-13a3-e055-000000000001,"Kilmallock, Limerick",43879,56955,60123,78508
Limerick County,2ae19629-17a4-13a3-e055-000000000001,"Kilmeedy, Limerick",59127,71995,60123,78508
Limerick County,2ae19629-17a5-13a3-e055-000000000001,"Kilmoylan, Limerick",47408,56672,60123,78508
Limerick County,2ae19629-17b1-13a3-e055-000000000001,"Kilmurry, Limerick",64666,77638,60123,78508
Limerick County,2ae19629-17b2-13a3-e055-000000000001,"Kilpeacon, Limerick",82927,114560,60123,78508
Limerick County,2ae19629-17ba-13a3-e055-000000000001,"Kilscannell, Limerick",59119,81377,60123,78508
Limerick County,2ae19629-17bb-13a3-e055-000000000001,"Kilteely, Limerick",63048,71128,60123,78508
Limerick County,2ae19629-17bc-13a3-e055-000000000001,"Knockaderry, Limerick",73214,81023,60123,78508
Limerick County,2ae19629-17bd-13a3-e055-000000000001,"Knockainy, Limerick",59532,74541,60123,78508
Limerick County,2ae19629-17be-13a3-e055-000000000001,"Knocklong, Limerick",52965,63160,60123,78508
Limerick County,2ae19629-17bf-13a3-e055-000000000001,"Knocknascrow, Limerick",66676,91154,60123,78508
Limerick City,2ae19629-17c1-13a3-e055-000000000001,"Limerick South Rural, Limerick",68878,76322,60123,78508
Limerick County,2ae19629-17c2-13a3-e055-000000000001,"Lismakeery, Limerick",72610,76302,60123,78508
Limerick County,2ae19629-17c3-13a3-e055-000000000001,"Loghill, Limerick",53265,67546,60123,78508
Limerick County,2ae19629-17c4-13a3-e055-000000000001,"Mahoonagh, Limerick",57666,67463,60123,78508
Limerick County,fbd773f9-3255-4b44-ade1-02facf2621f8,"Mohernagh/Dunmoylan West, Limerick",55778,70647,60123,78508
Limerick County,2ae19629-17c6-13a3-e055-000000000001,"Monagay, Limerick",58642,72829,60123,78508
Limerick County,2ae19629-17c7-13a3-e055-000000000001,"Mountcollins, Limerick",34521,50460,60123,78508
Limerick County,2ae19629-17b3-13a3-e055-000000000001,"Mountplummer, Limerick",76519,80819,60123,78508
Limerick County,2ae19629-17b4-13a3-e055-000000000001,"Nantinan, Limerick",68127,82911,60123,78508
Limerick County,2ae19629-17b5-13a3-e055-000000000001,"Newcastle Rural, Limerick",58901,77341,60123,78508
Limerick County,2ae19629-17b6-13a3-e055-000000000001,"Newcastle Urban, Limerick",47076,55967,60123,78508
Limerick County,2ae19629-17b7-13a3-e055-000000000001,"Oola, Limerick",52024,67222,60123,78508
Limerick County,2ae19629-17b8-13a3-e055-000000000001,"Pallaskenry, Limerick",57359,72490,60123,78508
Limerick County,2ae19629-17b9-13a3-e055-000000000001,"Particles, Limerick",54309,68201,60123,78508
Limerick County,2ae19629-17d0-13a3-e055-000000000001,"Patrickswell, Limerick",53457,72585,60123,78508
Limerick County,2ae19629-17d1-13a3-e055-000000000001,"Port, Limerick",54205,66877,60123,78508
Limerick County,2ae19629-17d2-13a3-e055-000000000001,"Rathkeale Rural, Limerick",60966,77269,60123,78508
Limerick County,2ae19629-17d3-13a3-e055-000000000001,"Rathkeale Urban, Limerick",33808,46835,60123,78508
Limerick County,2ae19629-17d4-13a3-e055-000000000001,"Rathmore, Limerick",62418,80751,60123,78508
Limerick County,2ae19629-17d5-13a3-e055-000000000001,"Rathronan, Limerick",48708,58512,60123,78508
Limerick County,2ae19629-17d6-13a3-e055-000000000001,"Riddlestown, Limerick",74142,91007,60123,78508
Limerick County,2ae19629-17d7-13a3-e055-000000000001,"Riversdale, Limerick",59668,69571,60123,78508
Limerick County,2ae19629-17d8-13a3-e055-000000000001,"Rockhill, Limerick",65178,74839,60123,78508
Limerick County,2ae19629-17d9-13a3-e055-000000000001,"Rooskagh, Limerick",40316,58441,60123,78508
Limerick City,2ae19629-17da-13a3-e055-000000000001,"Roxborough, Limerick",89012,127961,60123,78508
Limerick County,2ae19629-17db-13a3-e055-000000000001,"Shanagolden, Limerick",50102,67496,60123,78508
Limerick County,2ae19629-17dc-13a3-e055-000000000001,"Shanid, Limerick",59448,70869,60123,78508
Limerick County,2ae19629-17c8-13a3-e055-000000000001,"Templebredon, Limerick",72065,80452,60123,78508
Limerick County,2ae19629-17c9-13a3-e055-000000000001,"Templeglentan, Limerick",56608,67676,60123,78508
Limerick County,2ae19629-17ca-13a3-e055-000000000001,"Tobernea, Limerick",67963,84151,60123,78508
Limerick County,2ae19629-17cb-13a3-e055-000000000001,"Uregare, Limerick",62217,78402,60123,78508
Tipperary North,2ae19629-19fd-13a3-e055-000000000001,"Abington, Tipperary",56453,68707,60123,78508
Tipperary North,2ae19629-19fe-13a3-e055-000000000001,"Aghnameadle, Tipperary",73600,84578,60123,78508
Tipperary North,2ae19629-19ff-13a3-e055-000000000001,"Aglishcloghane, Tipperary",49411,60938,60123,78508
Tipperary North,2ae19629-1a0c-13a3-e055-000000000001,"Ardcrony, Tipperary",61840,74202,60123,78508
Tipperary North,2ae19629-1a21-13a3-e055-000000000001,"Ballina, Tipperary",74836,93150,60123,78508
Tipperary North,2ae19629-1a2b-13a3-e055-000000000001,"Ballingarry, Tipperary, 217011",49937,66758,60123,78508
Tipperary North,2ae19629-1a2d-13a3-e055-000000000001,"Ballycahill, Tipperary",63296,75023,60123,78508
Tipperary North,2ae19629-198d-13a3-e055-000000000001,"Ballygibbon, Tipperary",62561,73467,60123,78508
Tipperary North,2ae19629-1998-13a3-e055-000000000001,"Ballylusky, Tipperary",77927,88495,60123,78508
Tipperary North,2ae19629-1999-13a3-e055-000000000001,"Ballymackey, Tipperary",63294,74612,60123,78508
Tipperary South,2ae19629-1bf8-13a3-e055-000000000001,"Ballymurreen, Tipperary",57048,70125,60123,78508
Tipperary North,2ae19629-1bf9-13a3-e055-000000000001,"Ballynaclogh, Tipperary",71264,80068,60123,78508
Tipperary North,2ae19629-1c10-13a3-e055-000000000001,"Birdhill, Tipperary",66583,83694,60123,78508
Tipperary North,2ae19629-1c11-13a3-e055-000000000001,"Borrisnafarney, Tipperary",67626,83252,60123,78508
Tipperary North,2ae19629-1c1a-13a3-e055-000000000001,"Borrisnoe, Tipperary",75707,82367,60123,78508
Tipperary North,2ae19629-1c1b-13a3-e055-000000000001,"Borrisokane, Tipperary",42110,54790,60123,78508
Tipperary North,2ae19629-1c1c-13a3-e055-000000000001,"Borrisoleigh, Tipperary",53389,63374,60123,78508
Tipperary North,2ae19629-1c25-13a3-e055-000000000001,"Bourney East, Tipperary",59403,70354,60123,78508
Tipperary North,2ae19629-1c26-13a3-e055-000000000001,"Bourney West, Tipperary",47913,70667,60123,78508
Tipperary North,2ae19629-1c30-13a3-e055-000000000001,"Burgesbeg, Tipperary",63302,77246,60123,78508
Tipperary North,2ae19629-1c47-13a3-e055-000000000001,"Carrig, Tipperary",67548,76240,60123,78508
Tipperary North,2ae19629-1c48-13a3-e055-000000000001,"Carrigatogher, Tipperary",65360,80500,60123,78508
Tipperary North,2ae19629-1c55-13a3-e055-000000000001,"Castletown, Tipperary",55001,73016,60123,78508
Tipperary North,2ae19629-1c68-13a3-e055-000000000001,"Cloghjordan, Tipperary",46245,53695,60123,78508
Tipperary North,2ae19629-1c69-13a3-e055-000000000001,"Cloghprior, Tipperary",57715,73615,60123,78508
Tipperary North,2ae19629-1c6a-13a3-e055-000000000001,"Clohaskin, Tipperary",58138,65922,60123,78508
Tipperary North,2ae19629-1bf2-13a3-e055-000000000001,"Derrycastle, Tipperary",64944,104139,60123,78508
Tipperary North,2ae19629-1bfc-13a3-e055-000000000001,"Dolla, Tipperary",75344,75087,60123,78508
Tipperary North,2ae19629-1c06-13a3-e055-000000000001,"Drom, Tipperary",73555,81511,60123,78508
Tipperary North,2ae19629-1c14-13a3-e055-000000000001,"Finnoe, Tipperary",62772,74626,60123,78508
Tipperary North,2ae19629-1c1d-13a3-e055-000000000001,"Foilnaman, Tipperary",53762,69902,60123,78508
Tipperary North,2ae19629-1c33-13a3-e055-000000000001,"Glenkeen, Tipperary",70404,79067,60123,78508
Tipperary North,2ae19629-1c3f-13a3-e055-000000000001,"Gortkelly, Tipperary",71200,82214,60123,78508
Tipperary North,2ae19629-1c41-13a3-e055-000000000001,"Graigue, Tipperary, 217084",60900,70988,60123,78508
Tipperary North,2ae19629-1c56-13a3-e055-000000000001,"Holycross, Tipperary",58147,71731,60123,78508
Tipperary North,2ae19629-1c57-13a3-e055-000000000001,"Inch, Tipperary",63374,73040,60123,78508
Tipperary North,2ae19629-1c60-13a3-e055-000000000001,"Kilbarron, Tipperary",54645,70431,60123,78508
Tipperary North,2ae19629-1c6b-13a3-e055-000000000001,"Kilcomenty, Tipperary",75631,80373,60123,78508
Tipperary North,2ae19629-1c82-13a3-e055-000000000001,"Kilkeary, Tipperary",75262,80955,60123,78508
Tipperary North,2ae19629-1c85-13a3-e055-000000000001,"Killavinoge, Tipperary",66269,73334,60123,78508
Tipperary North,2ae19629-1c8f-13a3-e055-000000000001,"Killea, Tipperary",60464,72293,60123,78508
Tipperary North,2ae19629-1be9-13a3-e055-000000000001,"Killoscully, Tipperary",70895,85191,60123,78508
Tipperary North,2ae19629-1bea-13a3-e055-000000000001,"Kilmore, Tipperary",55076,66361,60123,78508
Tipperary North,2ae19629-1bfe-13a3-e055-000000000001,"Kilnaneave, Tipperary",60858,75615,60123,78508
Tipperary North,2ae19629-1bff-13a3-e055-000000000001,"Kilnarath, Tipperary",56680,76297,60123,78508
Tipperary North,2ae19629-1c0a-13a3-e055-000000000001,"Kilrush, Tipperary",75981,84147,60123,78508
Tipperary North,2ae19629-1c20-13a3-e055-000000000001,"Knigh, Tipperary",59667,76370,60123,78508
Tipperary North,92a3af93-8212-46b6-9978-852f51bdf3c6,"Lackagh/Greenhall, Tipperary",72784,83005,60123,78508
Tipperary North,2ae19629-1c2c-13a3-e055-000000000001,"Latteragh, Tipperary",38697,59077,60123,78508
Tipperary North,2ae19629-1c37-13a3-e055-000000000001,"Littleton, Tipperary",47693,61507,60123,78508
Tipperary North,2ae19629-1c42-13a3-e055-000000000001,"Longfordpass, Tipperary",65598,76578,60123,78508
Tipperary North,2ae19629-1c43-13a3-e055-000000000001,"Lorrha East, Tipperary",43307,59040,60123,78508
Tipperary North,2ae19629-1c44-13a3-e055-000000000001,"Lorrha West, Tipperary",53280,73676,60123,78508
Tipperary North,2ae19629-1c4b-13a3-e055-000000000001,"Loughmore, Tipperary",60456,73759,60123,78508
Tipperary North,2ae19629-1c4d-13a3-e055-000000000001,"Mertonhall, Tipperary",65187,81211,60123,78508
Tipperary North,2ae19629-1c59-13a3-e055-000000000001,"Monsea, Tipperary",64218,78233,60123,78508
Tipperary North,2ae19629-1c62-13a3-e055-000000000001,"Moyaliff, Tipperary",55363,60852,60123,78508
Tipperary North,2ae19629-1c63-13a3-e055-000000000001,"Moycarky, Tipperary",56573,69602,60123,78508
Tipperary North,2ae19629-1c64-13a3-e055-000000000001,"Moyne, Tipperary",66913,83627,60123,78508
Tipperary North,2ae19629-1c51-13a3-e055-000000000001,"Nenagh East Urban, Tipperary",45229,54496,60123,78508
Tipperary North,2ae19629-1c6f-13a3-e055-000000000001,"Nenagh Rural, Tipperary",72817,85699,60123,78508
Tipperary North,2ae19629-1c70-13a3-e055-000000000001,"Nenagh West Urban, Tipperary",47565,57870,60123,78508
Tipperary North,2ae19629-1c7a-13a3-e055-000000000001,"Newport, Tipperary",67471,81834,60123,78508
Tipperary North,2ae19629-1c93-13a3-e055-000000000001,"Rahelty, Tipperary",66272,75446,60123,78508
Tipperary North,2ae19629-1c94-13a3-e055-000000000001,"Rathcabban, Tipperary",43700,55669,60123,78508
Tipperary North,2ae19629-1bec-13a3-e055-000000000001,"Rathnaveoge, Tipperary",57784,70719,60123,78508
Tipperary North,2ae19629-1bed-13a3-e055-000000000001,"Redwood, Tipperary",51767,61632,60123,78508
Tipperary North,2ae19629-1bf5-13a3-e055-000000000001,"Riverstown, Tipperary",63142,77924,60123,78508
Tipperary North,2ae19629-1bf7-13a3-e055-000000000001,"Roscrea, Tipperary",45583,55250,60123,78508
Tipperary North,2ae19629-1c02-13a3-e055-000000000001,"Templederry, Tipperary",42088,55485,60123,78508
Tipperary North,2ae19629-1c0b-13a3-e055-000000000001,"Templemore, Tipperary",43184,56700,60123,78508
Tipperary North,2ae19629-1c0d-13a3-e055-000000000001,"Templetouhy, Tipperary",48547,63987,60123,78508
Tipperary North,2ae19629-1c0e-13a3-e055-000000000001,"Terryglass, Tipperary",63282,79131,60123,78508
Tipperary North,2ae19629-1c18-13a3-e055-000000000001,"Thurles Rural, Tipperary",63958,76177,60123,78508
Tipperary North,2ae19629-1c19-13a3-e055-000000000001,"Thurles Urban, Tipperary",42049,52524,60123,78508
Tipperary North,2ae19629-1c21-13a3-e055-000000000001,"Timoney, Tipperary",59286,72948,60123,78508
Tipperary North,2ae19629-1c3a-13a3-e055-000000000001,"Two-Mile-Borris, Tipperary",71559,85727,60123,78508
Tipperary North,2ae19629-1c45-13a3-e055-000000000001,"Upperchurch, Tipperary",53056,64539,60123,78508
Tipperary North,2ae19629-1c46-13a3-e055-000000000001,"Uskane, Tipperary",60901,74346,60123,78508
Tipperary North,2ae19629-1c4e-13a3-e055-000000000001,"Youghalarra, Tipperary",76589,85102,60123,78508
Tipperary South,2ae19629-1a0b-13a3-e055-000000000001,"Anner, Tipperary",65876,73980,60123,78508
Tipperary South,2ae19629-1a14-13a3-e055-000000000001,"Ardfinnan, Tipperary",57183,66090,60123,78508
Tipperary South,2ae19629-1a15-13a3-e055-000000000001,"Ardmayle, Tipperary",54766,68030,60123,78508
Tipperary South,2ae19629-1a20-13a3-e055-000000000001,"Ardsallagh, Tipperary",68362,79420,60123,78508
Tipperary South,2ae19629-1a22-13a3-e055-000000000001,"Ballingarry, Tipperary, 217010",47443,62478,60123,78508
Tipperary South,2ae19629-1a2c-13a3-e055-000000000001,"Ballybacon, Tipperary",68936,81566,60123,78508
Tipperary South,2ae19629-1a37-13a3-e055-000000000001,"Ballycarron, Tipperary",68153,83309,60123,78508
Tipperary South,2ae19629-1a38-13a3-e055-000000000001,"Ballyclerahan, Tipperary",75654,91527,60123,78508
Tipperary South,2ae19629-198e-13a3-e055-000000000001,"Ballygriffin, Tipperary",58244,75970,60123,78508
Tipperary South,2ae19629-198f-13a3-e055-000000000001,"Ballykisteen, Tipperary",51629,65866,60123,78508
Tipperary South,2ae19629-1bfa-13a3-e055-000000000001,"Ballyphilip, Tipperary",51746,63640,60123,78508
Tipperary South,2ae19629-1c03-13a3-e055-000000000001,"Ballyporeen, Tipperary",51930,65219,60123,78508
Tipperary South,2ae19629-1c04-13a3-e055-000000000001,"Ballysheehan, Tipperary",64119,82340,60123,78508
Tipperary South,2ae19629-1c0f-13a3-e055-000000000001,"Bansha, Tipperary",49210,62049,60123,78508
Tipperary South,2ae19629-1c27-13a3-e055-000000000001,"Bruis, Tipperary",69939,81668,60123,78508
Tipperary North,2ae19629-1c2f-13a3-e055-000000000001,"Buolick, Tipperary",47275,60041,60123,78508
Tipperary South,2ae19629-1c31-13a3-e055-000000000001,"Burncourt, Tipperary",62213,74199,60123,78508
Tipperary South,2ae19629-1c32-13a3-e055-000000000001,"Caher, Tipperary",51566,66213,60123,78508
Tipperary North,2ae19629-1c3b-13a3-e055-000000000001,"Cappagh, Tipperary",51881,63699,60123,78508
Tipperary South,2ae19629-1c3c-13a3-e055-000000000001,"Carrick-On-Suir Rural, Tipperary",65029,75101,60123,78508
Tipperary South,2ae19629-1c3d-13a3-e055-000000000001,"Carrick-On-Suir Urban, Tipperary",38831,47481,60123,78508
Tipperary South,2ae19629-1c3e-13a3-e055-000000000001,"Carrickbeg Urban, Tipperary",44436,55871,60123,78508
Tipperary South,2ae19629-1c53-13a3-e055-000000000001,"Cashel Rural, Tipperary",57456,70776,60123,78508
Tipperary South,2ae19629-1c54-13a3-e055-000000000001,"Cashel Urban, Tipperary",41049,55762,60123,78508
Tipperary South,2ae19629-1c5d-13a3-e055-000000000001,"Clogheen, Tipperary",40559,58441,60123,78508
Tipperary North,2ae19629-1c5e-13a3-e055-000000000001,"Clogher, Tipperary",64444,66385,60123,78508
Tipperary South,2ae19629-1c75-13a3-e055-000000000001,"Clonbeg, Tipperary",53007,64188,60123,78508
Tipperary South,2ae19629-1c76-13a3-e055-000000000001,"Cloneen, Tipperary",60389,72023,60123,78508
Tipperary South,2ae19629-1c50-13a3-e055-000000000001,"Clonmel East Urban, Tipperary",45858,60134,60123,78508
Tipperary South,2ae19629-1c7f-13a3-e055-000000000001,"Clonmel Rural, Tipperary",67157,78457,60123,78508
Tipperary South,2ae19629-1c80-13a3-e055-000000000001,"Clonmel West Urban, Tipperary",39454,50255,60123,78508
Tipperary North,2ae19629-1c81-13a3-e055-000000000001,"Clonoulty East, Tipperary",49516,63660,60123,78508
Tipperary North,2ae19629-1c8d-13a3-e055-000000000001,"Clonoulty West, Tipperary",56708,67009,60123,78508
Tipperary South,2ae19629-1c8e-13a3-e055-000000000001,"Colman, Tipperary",74644,84976,60123,78508
Tipperary South,2ae19629-1be6-13a3-e055-000000000001,"Coolagarranroe, Tipperary",70299,80254,60123,78508
Tipperary South,2ae19629-1be7-13a3-e055-000000000001,"Cooleagh, Tipperary",62348,72087,60123,78508
Tipperary South,2ae19629-1be8-13a3-e055-000000000001,"Crohane, Tipperary",49652,66121,60123,78508
Tipperary South,2ae19629-1bf0-13a3-e055-000000000001,"Cullen, Tipperary",53378,66642,60123,78508
Tipperary North,2ae19629-1bf1-13a3-e055-000000000001,"Curraheen, Tipperary",51833,62384,60123,78508
Tipperary South,2ae19629-1bfb-13a3-e055-000000000001,"Derrygrath, Tipperary",69998,82618,60123,78508
Tipperary North,2ae19629-1bfd-13a3-e055-000000000001,"Donohill, Tipperary",50248,65170,60123,78508
Tipperary South,2ae19629-1c05-13a3-e055-000000000001,"Drangan, Tipperary",55432,70922,60123,78508
Tipperary South,2ae19629-1c07-13a3-e055-000000000001,"Drumwood, Tipperary",69178,82903,60123,78508
Tipperary South,2ae19629-1c08-13a3-e055-000000000001,"Emly, Tipperary",55339,64228,60123,78508
Tipperary South,2ae19629-1c12-13a3-e055-000000000001,"Farranrory, Tipperary",44915,58172,60123,78508
Tipperary North,2ae19629-1c13-13a3-e055-000000000001,"Fennor, Tipperary",57445,76888,60123,78508
Tipperary South,2ae19629-1c4f-13a3-e055-000000000001,"Fethard, Tipperary",39476,51222,60123,78508
Tipperary North,2ae19629-1c1e-13a3-e055-000000000001,"Gaile, Tipperary",57279,71785,60123,78508
Tipperary South,2ae19629-1c28-13a3-e055-000000000001,"Garrangibbon, Tipperary",48264,65780,60123,78508
Tipperary North,2ae19629-1c29-13a3-e055-000000000001,"Glengar, Tipperary",60606,66897,60123,78508
Tipperary South,2ae19629-1c34-13a3-e055-000000000001,"Golden, Tipperary",56371,70606,60123,78508
Tipperary South,2ae19629-1c40-13a3-e055-000000000001,"Graigue, Tipperary, 217083",91553,94308,60123,78508
Tipperary South,2ae19629-1c49-13a3-e055-000000000001,"Graystown, Tipperary",56465,73392,60123,78508
Tipperary South,2ae19629-1c5f-13a3-e055-000000000001,"Inishlounaght, Tipperary",65651,80139,60123,78508
Tipperary South,2ae19629-1c61-13a3-e055-000000000001,"Kilcash, Tipperary",61585,85475,60123,78508
Tipperary South,2ae19629-1c6c-13a3-e055-000000000001,"Kilcommon, Tipperary",44115,55698,60123,78508
Tipperary North,2ae19629-1c6d-13a3-e055-000000000001,"Kilcooly, Tipperary",64192,75143,60123,78508
Tipperary South,2ae19629-1c77-13a3-e055-000000000001,"Kilcoran, Tipperary",64967,79673,60123,78508
Tipperary South,2ae19629-1c78-13a3-e055-000000000001,"Kilfeakle, Tipperary",61644,73564,60123,78508
Tipperary South,2ae19629-1c83-13a3-e055-000000000001,"Killadriffe, Tipperary",65483,77432,60123,78508
Tipperary South,2ae19629-1c15-13a3-e055-000000000001,"Killaloan/Kilsheelan, Tipperary",57188,71899,60123,78508
Tipperary South,2ae19629-1c90-13a3-e055-000000000001,"Killeenasteena, Tipperary",67704,85629,60123,78508
Tipperary South,2ae19629-1c91-13a3-e055-000000000001,"Killenaule, Tipperary",42022,55898,60123,78508
Tipperary South,2ae19629-1bf3-13a3-e055-000000000001,"Kilmucklin, Tipperary",62576,78089,60123,78508
Tipperary South,2ae19629-1bf4-13a3-e055-000000000001,"Kilmurry, Tipperary",63620,80249,60123,78508
Tipperary South,2ae19629-1c09-13a3-e055-000000000001,"Kilpatrick, Tipperary",59308,71473,60123,78508
Tipperary South,2ae19629-1c16-13a3-e055-000000000001,"Kiltinan, Tipperary",57462,66154,60123,78508
Tipperary South,2ae19629-1c1f-13a3-e055-000000000001,"Kilvemnon, Tipperary",65500,80885,60123,78508
Tipperary South,2ae19629-1c2a-13a3-e055-000000000001,"Knockgraffon, Tipperary",69606,79473,60123,78508
Tipperary South,2ae19629-1c35-13a3-e055-000000000001,"Lattin, Tipperary",56766,68821,60123,78508
Tipperary South,2ae19629-1c36-13a3-e055-000000000001,"Lisronagh, Tipperary",71172,81591,60123,78508
Tipperary South,2ae19629-1c4c-13a3-e055-000000000001,"Magorban, Tipperary",67704,81347,60123,78508
Tipperary South,2ae19629-1c58-13a3-e055-000000000001,"Modeshil, Tipperary",58319,67142,60123,78508
Tipperary South,2ae19629-1c5a-13a3-e055-000000000001,"Mortlestown, Tipperary",60546,70158,60123,78508
Tipperary South,2ae19629-1c6e-13a3-e055-000000000001,"Mullinahone, Tipperary",48470,58461,60123,78508
Tipperary South,2ae19629-1c71-13a3-e055-000000000001,"New Birmingham, Tipperary",45732,57397,60123,78508
Tipperary South,2ae19629-1c79-13a3-e055-000000000001,"Newcastle, Tipperary",47246,61052,60123,78508
Tipperary South,2ae19629-1c86-13a3-e055-000000000001,"Newtown, Tipperary",46147,58162,60123,78508
Tipperary South,2ae19629-1c87-13a3-e055-000000000001,"Nodstown, Tipperary",73039,83672,60123,78508
Tipperary South,2ae19629-1c88-13a3-e055-000000000001,"Oughterleague, Tipperary",58977,71348,60123,78508
Tipperary South,2ae19629-1c89-13a3-e055-000000000001,"Peppardstown, Tipperary",50703,68551,60123,78508
Tipperary South,2ae19629-1c92-13a3-e055-000000000001,"Poyntstown, Tipperary",38907,57351,60123,78508
Tipperary South,2ae19629-1beb-13a3-e055-000000000001,"Rathlynin, Tipperary",67326,81293,60123,78508
Tipperary South,2ae19629-1bf6-13a3-e055-000000000001,"Rodus, Tipperary",51014,63871,60123,78508
Tipperary South,2ae19629-1c00-13a3-e055-000000000001,"Shronell, Tipperary",51253,65493,60123,78508
Tipperary South,2ae19629-1c01-13a3-e055-000000000001,"Solloghodbeg, Tipperary",52400,62112,60123,78508
Tipperary South,2ae19629-1c0c-13a3-e055-000000000001,"Templeneiry, Tipperary",55042,65934,60123,78508
Tipperary South,2ae19629-1c17-13a3-e055-000000000001,"Thomastown, Tipperary",62430,76160,60123,78508
Tipperary South,2ae19629-1c22-13a3-e055-000000000001,"Tipperary East Urban, Tipperary",35338,43167,60123,78508
Tipperary South,2ae19629-1c23-13a3-e055-000000000001,"Tipperary Rural, Tipperary",57118,70247,60123,78508
Tipperary South,2ae19629-1c24-13a3-e055-000000000001,"Tipperary West Urban, Tipperary",37984,48053,60123,78508
Tipperary South,2ae19629-1c2d-13a3-e055-000000000001,"Tubbrid, Tipperary",71422,83917,60123,78508
Tipperary South,2ae19629-1c2e-13a3-e055-000000000001,"Tullaghmelan, Tipperary",57223,84738,60123,78508
Tipperary South,2ae19629-1c38-13a3-e055-000000000001,"Tullaghorton, Tipperary",63964,73270,60123,78508
Tipperary South,2ae19629-1c39-13a3-e055-000000000001,"Tullamain, Tipperary",57758,69460,60123,78508
Waterford,2ae19629-1b7e-13a3-e055-000000000001,"Ballybeg North, Waterford",41226,46419,60123,78508
Waterford,52b67420-9925-451f-8d49-872af209226e,"Ballybeg South/Ballynaneashagh, Waterford",57666,82517,60123,78508
Waterford,2ae19629-1b80-13a3-e055-000000000001,"Ballybricken, Waterford",35507,45396,60123,78508
Waterford,2ae19629-1b81-13a3-e055-000000000001,"Ballymaclode, Waterford",86101,108588,60123,78508
Waterford,2ae19629-1b82-13a3-e055-000000000001,"Ballynakill, Waterford, 228005",71291,95037,60123,78508
Waterford,2ae19629-1b8e-13a3-e055-000000000001,"Ballytruckle, Waterford",56060,62239,60123,78508
Waterford,2ae19629-1b8f-13a3-e055-000000000001,"Bilberry, Waterford",40000,51161,60123,78508
Waterford,2ae19629-1b90-13a3-e055-000000000001,"Centre A, Waterford",32015,38369,60123,78508
Waterford,2ae19629-1b91-13a3-e055-000000000001,"Centre B, Waterford",28830,36015,60123,78508
Waterford,2ae19629-1b92-13a3-e055-000000000001,"Cleaboy, Waterford",57567,65514,60123,78508
Waterford,2ae19629-1b93-13a3-e055-000000000001,"Custom House A, Waterford",30622,37281,60123,78508
Waterford,2ae19629-1b94-13a3-e055-000000000001,"Custom House B, Waterford",28178,37441,60123,78508
Waterford,2ae19629-1b95-13a3-e055-000000000001,"Farranshoneen, Waterford",72184,84932,60123,78508
Waterford,2ae19629-1b96-13a3-e055-000000000001,"Ferrybank, Waterford",39535,47337,60123,78508
Waterford,2ae19629-1ba2-13a3-e055-000000000001,"Gracedieu, Waterford",47713,58074,60123,78508
Waterford,2ae19629-1bc0-13a3-e055-000000000001,"Grange North, Waterford",36975,48531,60123,78508
Waterford,2ae19629-1ba3-13a3-e055-000000000001,"Grange South, Waterford",49178,66547,60123,78508
Waterford,2ae19629-1ba4-13a3-e055-000000000001,"Grange Upper, Waterford",64950,75889,60123,78508
Waterford,2ae19629-1ba5-13a3-e055-000000000001,"Kilbarry, Waterford, 228019",58781,64543,60123,78508
Waterford,2ae19629-1ba6-13a3-e055-000000000001,"Kingsmeadow, Waterford",29933,39324,60123,78508
Waterford,2ae19629-1ba7-13a3-e055-000000000001,"Larchville, Waterford",33223,40404,60123,78508
Waterford,2ae19629-1ba8-13a3-e055-000000000001,"Lisduggan, Waterford",36036,43155,60123,78508
Waterford,2ae19629-1ba9-13a3-e055-000000000001,"Military Road, Waterford",31918,43050,60123,78508
Waterford,2ae19629-1baa-13a3-e055-000000000001,"Morrisson's Avenue East, Waterford",36926,44805,60123,78508
Waterford,2ae19629-1bab-13a3-e055-000000000001,"Morrisson's Avenue West, Waterford",34271,44011,60123,78508
Waterford,2ae19629-1bac-13a3-e055-000000000001,"Morrisson's Road, Waterford",29500,35231,60123,78508
Waterford,2ae19629-1bad-13a3-e055-000000000001,"Mount Sion, Waterford",29914,37202,60123,78508
Waterford,2ae19629-1bae-13a3-e055-000000000001,"Newport's Square, Waterford",31687,38459,60123,78508
Waterford,2ae19629-1baf-13a3-e055-000000000001,"Newtown, Waterford, 228029",53119,74877,60123,78508
Waterford,2ae19629-1bb8-13a3-e055-000000000001,"Park, Waterford",42986,59661,60123,78508
Waterford,2ae19629-1bb9-13a3-e055-000000000001,"Poleberry, Waterford",33065,50473,60123,78508
Waterford,2ae19629-1bba-13a3-e055-000000000001,"Roanmore, Waterford",36035,42390,60123,78508
Waterford,2ae19629-1bbb-13a3-e055-000000000001,"Shortcourse, Waterford",27642,37660,60123,78508
Waterford,2ae19629-1bbc-13a3-e055-000000000001,"Slievekeale, Waterford",33218,40572,60123,78508
Waterford,2ae19629-1bbd-13a3-e055-000000000001,"The Glen, Waterford",34242,40018,60123,78508
Waterford,2ae19629-1bbe-13a3-e055-000000000001,"Ticor North, Waterford",49858,60135,60123,78508
Waterford,2ae19629-1bbf-13a3-e055-000000000001,"Ticor South, Waterford",40319,51805,60123,78508
Waterford,2ae19629-1c52-13a3-e055-000000000001,"Annestown, Waterford",75858,82660,60123,78508
Waterford,2ae19629-1c5b-13a3-e055-000000000001,"Ardmore, Waterford, 227002",67036,77241,60123,78508
Waterford,2ae19629-1c5c-13a3-e055-000000000001,"Ardmore, Waterford, 227003",45233,62487,60123,78508
Waterford,2ae19629-1c65-13a3-e055-000000000001,"Ballyduff, Waterford",63241,68162,60123,78508
Waterford,2ae19629-1c66-13a3-e055-000000000001,"Ballydurn, Waterford",76504,81811,60123,78508
Waterford,2ae19629-1c67-13a3-e055-000000000001,"Ballyhane, Waterford",53203,64495,60123,78508
Waterford,2ae19629-1c72-13a3-e055-000000000001,"Ballyheeny, Waterford",53301,64496,60123,78508
Waterford,2ae19629-1c73-13a3-e055-000000000001,"Ballyin, Waterford",56408,67314,60123,78508
Waterford,2ae19629-1c74-13a3-e055-000000000001,"Ballylaneen, Waterford",57604,76798,60123,78508
Waterford,2ae19629-1c7b-13a3-e055-000000000001,"Ballymacarbry, Waterford",71307,83597,60123,78508
Waterford,2ae19629-1c7c-13a3-e055-000000000001,"Ballymacart, Waterford",51831,69840,60123,78508
Waterford,2ae19629-1c7d-13a3-e055-000000000001,"Ballynakill, Waterford, 227012",62594,83485,60123,78508
Waterford,2ae19629-1c7e-13a3-e055-000000000001,"Ballynamult, Waterford",74996,79369,60123,78508
Waterford,2ae19629-1c8a-13a3-e055-000000000001,"Ballysaggartmore, Waterford",65154,67378,60123,78508
Waterford,2ae19629-1c8b-13a3-e055-000000000001,"Bohadoon, Waterford",70981,77904,60123,78508
Waterford,2ae19629-1c8c-13a3-e055-000000000001,"Cappagh, Waterford",64547,73765,60123,78508
Waterford,2ae19629-1c95-13a3-e055-000000000001,"Cappoquin, Waterford",38942,50588,60123,78508
Waterford,2ae19629-1c96-13a3-e055-000000000001,"Carrickbeg Rural, Waterford",62970,74950,60123,78508
Waterford,2ae19629-1c97-13a3-e055-000000000001,"Carrigcastle, Waterford",56345,68654,60123,78508
Waterford,2ae19629-1be3-13a3-e055-000000000001,"Carriglea, Waterford",67313,80199,60123,78508
Waterford,2ae19629-1be4-13a3-e055-000000000001,"Castlerichard, Waterford",58117,81160,60123,78508
Waterford,2ae19629-1be5-13a3-e055-000000000001,"Clashmore, Waterford",53260,68867,60123,78508
Waterford,2ae19629-1bee-13a3-e055-000000000001,"Clonea, Waterford, 227023",54764,67972,60123,78508
Waterford,2ae19629-1bef-13a3-e055-000000000001,"Clonea, Waterford, 227024",69238,84564,60123,78508
Waterford,2ae19629-1b1e-13a3-e055-000000000001,"Colligan, Waterford",60281,79803,60123,78508
Waterford,2ae19629-1b1f-13a3-e055-000000000001,"Comeragh, Waterford",52174,63711,60123,78508
Waterford,2ae19629-1b20-13a3-e055-000000000001,"Coumaraglin, Waterford",70656,76439,60123,78508
Waterford,2ae19629-1b2b-13a3-e055-000000000001,"Dromana, Waterford",57840,66992,60123,78508
Waterford,2ae19629-1b2c-13a3-e055-000000000001,"Dromore, Waterford",56614,66965,60123,78508
Waterford,2ae19629-1b2d-13a3-e055-000000000001,"Drumcannon, Waterford",67915,81378,60123,78508
Waterford,2ae19629-1b38-13a3-e055-000000000001,"Drumroe, Waterford",57238,64652,60123,78508
Waterford,2ae19629-1b39-13a3-e055-000000000001,"Dungarvan No. 1 Urban, Waterford",38968,49098,60123,78508
Waterford,2ae19629-1b3a-13a3-e055-000000000001,"Dungarvan No. 2 Urban, Waterford",59369,76866,60123,78508
Waterford,2ae19629-1b3b-13a3-e055-000000000001,"Dungarvan Rural, Waterford",63146,75367,60123,78508
Waterford,2ae19629-1b3c-13a3-e055-000000000001,"Dunhill, Waterford",75343,86986,60123,78508
Waterford,2ae19629-1b47-13a3-e055-000000000001,"Faithlegg, Waterford",59622,79139,60123,78508
Waterford,2ae19629-1b48-13a3-e055-000000000001,"Fenoagh, Waterford",82224,89282,60123,78508
Waterford,2ae19629-1b49-13a3-e055-000000000001,"Fews, Waterford",64485,72666,60123,78508
Waterford,2ae19629-1b52-13a3-e055-000000000001,"Fox's Castle, Waterford",66088,74085,60123,78508
Waterford,2ae19629-1b53-13a3-e055-000000000001,"Gardenmorris, Waterford",57944,73418,60123,78508
Waterford,2ae19629-1b54-13a3-e055-000000000001,"Georgestown, Waterford",70130,79629,60123,78508
Waterford,2ae19629-1b5e-13a3-e055-000000000001,"Glen, Waterford",62313,76274,60123,78508
Waterford,2ae19629-1b5f-13a3-e055-000000000001,"Glenwilliam, Waterford",75503,85003,60123,78508
Waterford,2ae19629-1b60-13a3-e055-000000000001,"Gortnapeaky, Waterford",43418,61876,60123,78508
Waterford,2ae19629-1b6c-13a3-e055-000000000001,"Graignagower, Waterford",57419,67343,60123,78508
Waterford,2ae19629-1b6d-13a3-e055-000000000001,"Grallagh, Waterford",60747,74548,60123,78508
Waterford,2ae19629-1b6e-13a3-e055-000000000001,"Grange, Waterford",68157,78800,60123,78508
Waterford,2ae19629-1b78-13a3-e055-000000000001,"Gurteen, Waterford",61835,90998,60123,78508
Waterford,2ae19629-1b79-13a3-e055-000000000001,"Islandikane, Waterford",82601,94093,60123,78508
Waterford,2ae19629-1b7a-13a3-e055-000000000001,"Keereen, Waterford",51979,62791,60123,78508
Waterford,2ae19629-1b7b-13a3-e055-000000000001,"Kilbarry, Waterford, 227051",150316,204085,60123,78508
Waterford,2ae19629-1b7c-13a3-e055-000000000001,"Kilbarrymeaden, Waterford",50269,61706,60123,78508
Waterford,2ae19629-1b8a-13a3-e055-000000000001,"Kilcockan, Waterford",45615,55313,60123,78508
Waterford,2ae19629-1b8b-13a3-e055-000000000001,"Killea, Waterford",56207,84462,60123,78508
Waterford,2ae19629-1b8c-13a3-e055-000000000001,"Killoteran, Waterford",61601,92463,60123,78508
Waterford,2ae19629-1b9f-13a3-e055-000000000001,"Kilmacleague, Waterford",66308,79192,60123,78508
Waterford,2ae19629-1ba0-13a3-e055-000000000001,"Kilmacomma, Waterford",57070,74879,60123,78508
Waterford,2ae19629-1ba1-13a3-e055-000000000001,"Kilmacthomas, Waterford",48590,61734,60123,78508
Waterford,2ae19629-1bb5-13a3-e055-000000000001,"Kilmeadan, Waterford, 227059",57179,71244,60123,78508
Waterford,2ae19629-1bb6-13a3-e055-000000000001,"Kilmeadan, Waterford, 227060",57648,73723,60123,78508
Waterford,2ae19629-1bb7-13a3-e055-000000000001,"Kilronan, Waterford",82248,99951,60123,78508
Waterford,2ae19629-1bc7-13a3-e055-000000000001,"Kilwatermoy East, Waterford",40379,59210,60123,78508
Waterford,2ae19629-1bc8-13a3-e055-000000000001,"Kilwatermoy West, Waterford",62809,69127,60123,78508
Waterford,2ae19629-1bc9-13a3-e055-000000000001,"Kinsalebeg, Waterford",52772,68561,60123,78508
Waterford,2ae19629-1bd6-13a3-e055-000000000001,"Knockaunbrandaun, Waterford",60028,72089,60123,78508
Waterford,2ae19629-1bd7-13a3-e055-000000000001,"Knockmahon, Waterford",46546,71151,60123,78508
Waterford,2ae19629-1bd8-13a3-e055-000000000001,"Lismore Rural, Waterford",49246,62541,60123,78508
Waterford,2ae19629-1b63-13a3-e055-000000000001,"Lismore Urban, Waterford",43414,52481,60123,78508
Waterford,2ae19629-1bd9-13a3-e055-000000000001,"Mocollop, Waterford",61214,74514,60123,78508
Waterford,2ae19629-1b09-13a3-e055-000000000001,"Modelligo, Waterford, 227069",70116,88672,60123,78508
Waterford,2ae19629-1b0a-13a3-e055-000000000001,"Modelligo, Waterford, 227070",64105,74664,60123,78508
Waterford,2ae19629-1b15-13a3-e055-000000000001,"Mothel, Waterford",72895,81084,60123,78508
Waterford,2ae19629-1b16-13a3-e055-000000000001,"Mountkennedy, Waterford",74994,87428,60123,78508
Waterford,2ae19629-1b17-13a3-e055-000000000001,"Mountstuart, Waterford",69121,83045,60123,78508
Waterford,2ae19629-1b21-13a3-e055-000000000001,"Newcastle, Waterford",79249,91044,60123,78508
Waterford,2ae19629-1b22-13a3-e055-000000000001,"Newtown, Waterford, 227075",65764,75466,60123,78508
Waterford,2ae19629-1b23-13a3-e055-000000000001,"Pembrokestown, Waterford",76856,112171,60123,78508
Waterford,2ae19629-1b2e-13a3-e055-000000000001,"Portlaw, Waterford",49093,61492,60123,78508
Waterford,2ae19629-1b2f-13a3-e055-000000000001,"Rathgormuck, Waterford",58102,68907,60123,78508
Waterford,2ae19629-1b30-13a3-e055-000000000001,"Rathmoylan, Waterford",57170,73519,60123,78508
Waterford,2ae19629-1b3d-13a3-e055-000000000001,"Reisk, Waterford",71721,84461,60123,78508
Waterford,2ae19629-1b3e-13a3-e055-000000000001,"Ringville, Waterford",64251,79096,60123,78508
Waterford,2ae19629-1b3f-13a3-e055-000000000001,"Ross, Waterford",80399,80375,60123,78508
Waterford,2ae19629-1b4a-13a3-e055-000000000001,"Seskinan, Waterford",60505,68268,60123,78508
Waterford,2ae19629-1b4b-13a3-e055-000000000001,"St. Mary's, Waterford",63472,87604,60123,78508
Waterford,2ae19629-1b55-13a3-e055-000000000001,"Stradbally, Waterford",49500,69559,60123,78508
Waterford,2ae19629-1b56-13a3-e055-000000000001,"Tallow, Waterford",46616,58244,60123,78508
Waterford,2ae19629-1b61-13a3-e055-000000000001,"Templemichael, Waterford",67280,80863,60123,78508
Waterford,2ae19629-1b62-13a3-e055-000000000001,"Tinnasaggart, Waterford",61864,75280,60123,78508
Waterford,2ae19629-1b6f-13a3-e055-000000000001,"Tramore, Waterford",52282,65838,60123,78508
Waterford,2ae19629-1b70-13a3-e055-000000000001,"Whitechurch, Waterford",69750,92052,60123,78508
Waterford,2ae19629-1b7d-13a3-e055-000000000001,"Woodstown, Waterford",72280,109497,60123,78508
Galway West,2ae19629-235a-13a3-e055-000000000001,"Ballybaan, Galway City",60084,69857,60123,78508
Galway West,2ae19629-235b-13a3-e055-000000000001,"Ballybrit, Galway City",67365,72099,60123,78508
Galway West,2ae19629-235c-13a3-e055-000000000001,"Barna, Galway City",69769,84260,60123,78508
Galway West,2ae19629-235d-13a3-e055-000000000001,"Castlegar, Galway City",52560,63079,60123,78508
Galway West,2ae19629-235e-13a3-e055-000000000001,"Claddagh, Galway City",53359,74137,60123,78508
Galway West,2ae19629-235f-13a3-e055-000000000001,"Dangan, Galway City",49546,62058,60123,78508
Galway West,2ae19629-2360-13a3-e055-000000000001,"Eyre Square, Galway City",57604,69066,60123,78508
Galway West,2ae19629-2361-13a3-e055-000000000001,"Knocknacarragh, Galway City",79472,117599,60123,78508
Galway West,2ae19629-236f-13a3-e055-000000000001,"Lough Atalia, Galway City",55882,68393,60123,78508
Galway West,2ae19629-2370-13a3-e055-000000000001,"Menlough, Galway City",54345,64615,60123,78508
Galway West,2ae19629-2371-13a3-e055-000000000001,"Mervue, Galway City",50714,58685,60123,78508
Galway West,2ae19629-2372-13a3-e055-000000000001,"Murroogh, Galway City",60443,70938,60123,78508
Galway West,2ae19629-2373-13a3-e055-000000000001,"Newcastle, Galway City",42061,58570,60123,78508
Galway West,2ae19629-2374-13a3-e055-000000000001,"Nuns Island, Galway City",50770,73588,60123,78508
Galway West,2ae19629-2375-13a3-e055-000000000001,"Rahoon, Galway City",66187,87634,60123,78508
Galway West,2ae19629-2376-13a3-e055-000000000001,"Renmore, Galway City",54577,70174,60123,78508
Galway West,2ae19629-2377-13a3-e055-000000000001,"Rockbarton, Galway City",70692,111066,60123,78508
Galway West,2ae19629-2382-13a3-e055-000000000001,"Salthill, Galway City",63715,84850,60123,78508
Galway West,2ae19629-2383-13a3-e055-000000000001,"Shantalla, Galway City",41194,58858,60123,78508
Galway West,2ae19629-2384-13a3-e055-000000000001,"St. Nicholas, Galway City",50062,56777,60123,78508
Galway West,2ae19629-2385-13a3-e055-000000000001,"Taylors Hill, Galway City",58899,89102,60123,78508
Galway West,2ae19629-2386-13a3-e055-000000000001,"Wellpark, Galway City",49145,61727,60123,78508
Galway East,2ae19629-20ff-13a3-e055-000000000001,"Abbey East, Galway County",59959,67677,60123,78508
Galway East,2ae19629-2100-13a3-e055-000000000001,"Abbey West, Galway County",66844,76263,60123,78508
Galway East,2ae19629-2101-13a3-e055-000000000001,"Abbeygormacan, Galway County",66024,75756,60123,78508
Galway East,2ae19629-2102-13a3-e055-000000000001,"Abbeyville, Galway County",51630,69858,60123,78508
Galway East,2ae19629-2046-13a3-e055-000000000001,"Addergoole, Galway County",51311,59108,60123,78508
Roscommon-Galway,2ae19629-2047-13a3-e055-000000000001,"Ahascragh, Galway County",56301,67335,60123,78508
Galway East,2ae19629-204d-13a3-e055-000000000001,"Aille, Galway County",60124,77999,60123,78508
Galway East,2ae19629-204e-13a3-e055-000000000001,"Annagh, Galway County",61292,67521,60123,78508
Galway East,2ae19629-204f-13a3-e055-000000000001,"Annaghdown, Galway County, 067009",67163,79696,60123,78508
Galway East,2ae19629-2059-13a3-e055-000000000001,"Annaghdown, Galway County, 067010",71202,89091,60123,78508
Galway East,2ae19629-205a-13a3-e055-000000000001,"Ardamullivan, Galway County",66386,73738,60123,78508
Galway East,2ae19629-205b-13a3-e055-000000000001,"Ardrahan, Galway County",63289,71638,60123,78508
Galway East,2ae19629-2050-13a3-e055-000000000001,"Athenry, Galway County",62446,70911,60123,78508
Galway East,2ae19629-2051-13a3-e055-000000000001,"Aughrim, Galway County, 067014",70648,81800,60123,78508
Galway East,2ae19629-2052-13a3-e055-000000000001,"Aughrim, Galway County, 067015",58279,70616,60123,78508
Roscommon-Galway,2ae19629-205c-13a3-e055-000000000001,"Ballinasloe Rural, Galway County",68356,79381,60123,78508
Roscommon-Galway,2ae19629-205d-13a3-e055-000000000001,"Ballinasloe Urban, Galway County",50289,61083,60123,78508
Roscommon-Galway,2ae19629-205e-13a3-e055-000000000001,"Ballinastack, Galway County",45212,56186,60123,78508
Galway East,2ae19629-205f-13a3-e055-000000000001,"Ballinderry, Galway County",79168,84179,60123,78508
Galway East,2ae19629-2068-13a3-e055-000000000001,"Ballinduff, Galway County",70276,79556,60123,78508
Galway West,2ae19629-2069-13a3-e055-000000000001,"Ballintemple, Galway County",77684,93479,60123,78508
Galway East,2ae19629-2074-13a3-e055-000000000001,"Ballycahalan, Galway County",48490,58643,60123,78508
Galway East,2ae19629-2075-13a3-e055-000000000001,"Ballyglass, Galway County",54401,65133,60123,78508
Galway East,2ae19629-2076-13a3-e055-000000000001,"Ballymacward, Galway County",55158,63571,60123,78508
Roscommon-Galway,2ae19629-207e-13a3-e055-000000000001,"Ballymoe, Galway County",44670,59868,60123,78508
Galway West,2ae19629-207f-13a3-e055-000000000001,"Ballynacourty, Galway County",75751,93287,60123,78508
Galway East,2ae19629-2080-13a3-e055-000000000001,"Ballynagar, Galway County",50638,62010,60123,78508
Galway East,2ae19629-208b-13a3-e055-000000000001,"Ballynakill, Galway County, 067028",52968,65055,60123,78508
Galway West,2ae19629-208c-13a3-e055-000000000001,"Ballynakill, Galway County, 067029",35637,50661,60123,78508
Roscommon-Galway,2ae19629-208d-13a3-e055-000000000001,"Ballynakill, Galway County, 067030",52443,71259,60123,78508
Galway East,2ae19629-208e-13a3-e055-000000000001,"Ballynapark, Galway County",73140,81148,60123,78508
Galway West,2ae19629-2098-13a3-e055-000000000001,"Barna, Galway County",90901,121058,60123,78508
Galway East,2ae19629-2099-13a3-e055-000000000001,"Beagh, Galway County",61036,70942,60123,78508
Galway East,2ae19629-20a3-13a3-e055-000000000001,"Beaghmore, Galway County",61162,69844,60123,78508
Galway East,2ae19629-20a4-13a3-e055-000000000001,"Belclare, Galway County",68134,73557,60123,78508
Galway East,2ae19629-20a5-13a3-e055-000000000001,"Belleville, Galway County",71531,79612,60123,78508
Galway West,2ae19629-20a6-13a3-e055-000000000001,"Bencorr, Galway County",52690,58884,60123,78508
Roscommon-Galway,2ae19629-20a7-13a3-e055-000000000001,"Boyounagh, Galway County",48211,60690,60123,78508
Galway East,2ae19629-20af-13a3-e055-000000000001,"Bracklagh, Galway County",57653,64660,60123,78508
Galway East,2ae19629-20b0-13a3-e055-000000000001,"Bullaun, Galway County",82630,89170,60123,78508
Galway West,2ae19629-20b1-13a3-e055-000000000001,"Bunowen, Galway County",34966,44125,60123,78508
Galway East,2ae19629-20b2-13a3-e055-000000000001,"Cahermore, Galway County",70389,77957,60123,78508
Galway East,2ae19629-20bd-13a3-e055-000000000001,"Caltra, Galway County",60016,64324,60123,78508
Galway West,2ae19629-20be-13a3-e055-000000000001,"Camus, Galway County",46058,53012,60123,78508
Galway East,2ae19629-20bf-13a3-e055-000000000001,"Cappalusk, Galway County",67258,72993,60123,78508
Galway East,2ae19629-20c0-13a3-e055-000000000001,"Cappard, Galway County",52582,70707,60123,78508
Galway West,2ae19629-20cb-13a3-e055-000000000001,"Carnmore, Galway County",76302,95568,60123,78508
Galway West,2ae19629-20cc-13a3-e055-000000000001,"Carrowbrowne, Galway County",67320,83998,60123,78508
Galway East,2ae19629-20cd-13a3-e055-000000000001,"Carrownagur, Galway County",59950,69080,60123,78508
Galway East,2ae19629-20d6-13a3-e055-000000000001,"Carrowrevagh, Galway County",62490,73008,60123,78508
Galway East,2ae19629-20d7-13a3-e055-000000000001,"Castleblakeney, Galway County",48657,63533,60123,78508
Galway East,2ae19629-20d8-13a3-e055-000000000001,"Castleboy, Galway County",57040,72093,60123,78508
Roscommon-Galway,2ae19629-20e0-13a3-e055-000000000001,"Castleffrench, Galway County",49639,66319,60123,78508
Galway East,2ae19629-20e1-13a3-e055-000000000001,"Castletaylor, Galway County",86259,96803,60123,78508
Galway West,2ae19629-20e2-13a3-e055-000000000001,"Claregalway, Galway County",68375,81723,60123,78508
Galway East,2ae19629-20f2-13a3-e055-000000000001,"Claretuam, Galway County",67626,79102,60123,78508
Galway West,2ae19629-20f3-13a3-e055-000000000001,"Clarinbridge, Galway County",83861,105322,60123,78508
Galway West,2ae19629-20f4-13a3-e055-000000000001,"Cleggan, Galway County",39974,48748,60123,78508
Galway West,2ae19629-20f5-13a3-e055-000000000001,"Clifden, Galway County",40896,51445,60123,78508
Galway East,2ae19629-2103-13a3-e055-000000000001,"Clonbern, Galway County",54942,74226,60123,78508
Galway East,2ae19629-2104-13a3-e055-000000000001,"Clonbrock, Galway County",57838,66748,60123,78508
Galway East,2ae19629-2105-13a3-e055-000000000001,"Clonfert, Galway County",51890,61775,60123,78508
Galway East,2ae19629-2048-13a3-e055-000000000001,"Clontuskert, Galway County",49376,58870,60123,78508
Galway West,2ae19629-2049-13a3-e055-000000000001,"Cloonbur, Galway County",48017,68024,60123,78508
Galway East,2ae19629-204a-13a3-e055-000000000001,"Cloonkeen, Galway County, 067065",56484,66440,60123,78508
Galway East,2ae19629-2053-13a3-e055-000000000001,"Cloonkeen, Galway County, 067066",64205,73828,60123,78508
Galway East,2ae19629-2054-13a3-e055-000000000001,"Cloonkeen, Galway County, 067067",53065,61655,60123,78508
Galway East,2ae19629-2055-13a3-e055-000000000001,"Colmanstown, Galway County",57562,64545,60123,78508
Galway West,e4432984-fa1f-40d8-92f5-5c934939c606,"Cong/Ross, Galway County",43664,55741,60123,78508
Galway East,2ae19629-22e5-13a3-e055-000000000001,"Cooloo, Galway County",64266,72023,60123,78508
Galway East,2ae19629-22e7-13a3-e055-000000000001,"Craughwell, Galway County",80719,92177,60123,78508
Roscommon-Galway,2ae19629-22f0-13a3-e055-000000000001,"Creggs, Galway County",48996,80411,60123,78508
Galway West,2ae19629-2300-13a3-e055-000000000001,"Crump Island, Galway County",49755,52992,60123,78508
Galway West,2ae19629-22f1-13a3-e055-000000000001,"Crumpaun, Galway County",45749,58920,60123,78508
Galway East,2ae19629-22f2-13a3-e055-000000000001,"Cummer, Galway County",74317,86333,60123,78508
Galway West,2ae19629-22f3-13a3-e055-000000000001,"Cur, Galway County",50117,58676,60123,78508
Galway East,2ae19629-22ff-13a3-e055-000000000001,"Curraghmore, Galway County",56110,70741,60123,78508
Galway East,2ae19629-2301-13a3-e055-000000000001,"Deerpark, Galway County",69411,78220,60123,78508
Galway East,2ae19629-2302-13a3-e055-000000000001,"Derrew, Galway County",59976,75353,60123,78508
Galway East,2ae19629-2304-13a3-e055-000000000001,"Derryglassaun, Galway County",63868,74057,60123,78508
Galway East,2ae19629-2310-13a3-e055-000000000001,"Derrylaur, Galway County",44799,57544,60123,78508
Galway West,268c20e2-7574-4e64-ac7a-9383e368fcb7,"Derrylea/Derrycunlagh, Galway County",43371,51117,60123,78508
Galway East,2ae19629-2312-13a3-e055-000000000001,"Donaghpatrick, Galway County",55737,70151,60123,78508
Galway East,2ae19629-2313-13a3-e055-000000000001,"Doonbally, Galway County",65007,75038,60123,78508
Galway West,2ae19629-2314-13a3-e055-000000000001,"Doonloughan, Galway County",36331,51062,60123,78508
Galway East,2ae19629-231e-13a3-e055-000000000001,"Doorus, Galway County",75013,93078,60123,78508
Galway East,2ae19629-231f-13a3-e055-000000000001,"Drumacoo, Galway County",73065,103403,60123,78508
Galway East,2ae19629-2320-13a3-e055-000000000001,"Drumkeary, Galway County",59754,68216,60123,78508
Galway East,2ae19629-2321-13a3-e055-000000000001,"Drummin, Galway County",48669,63965,60123,78508
Galway East,2ae19629-2322-13a3-e055-000000000001,"Dunmore North, Galway County",50747,62262,60123,78508
Galway East,2ae19629-232b-13a3-e055-000000000001,"Dunmore South, Galway County",44555,58335,60123,78508
Galway West,2ae19629-232c-13a3-e055-000000000001,"Errislannan, Galway County",36026,46617,60123,78508
Galway East,2ae19629-232d-13a3-e055-000000000001,"Eyrecourt, Galway County",42816,61737,60123,78508
Galway East,2ae19629-232e-13a3-e055-000000000001,"Foxhall, Galway County",59944,70019,60123,78508
Galway West,2ae19629-2338-13a3-e055-000000000001,"Furbogh, Galway County",68465,107926,60123,78508
Galway West,2ae19629-2339-13a3-e055-000000000001,"Galway Rural, Galway County",99960,120834,60123,78508
Galway East,2ae19629-233a-13a3-e055-000000000001,"Glennamaddy, Galway County",42180,53067,60123,78508
Galway East,2ae19629-2345-13a3-e055-000000000001,"Gort, Galway County",45503,55809,60123,78508
Galway West,2ae19629-2346-13a3-e055-000000000001,"Gorumna, Galway County",37791,47186,60123,78508
Galway East,2ae19629-2347-13a3-e055-000000000001,"Graigabbey, Galway County",68125,80267,60123,78508
Galway East,2ae19629-2348-13a3-e055-000000000001,"Grange, Galway County",66792,77080,60123,78508
Galway East,2ae19629-2354-13a3-e055-000000000001,"Greethill, Galway County",82146,99062,60123,78508
Galway East,2ae19629-2355-13a3-e055-000000000001,"Headford, Galway County",58769,72188,60123,78508
Galway East,2ae19629-2356-13a3-e055-000000000001,"Hillsbrook, Galway County",65813,71276,60123,78508
Galway West,2ae19629-2367-13a3-e055-000000000001,"Illion, Galway County",49444,55493,60123,78508
Galway West,2ae19629-2368-13a3-e055-000000000001,"Inishbofin, Galway County",36610,50716,60123,78508
Galway West,2ae19629-2369-13a3-e055-000000000001,"Inishmore, Galway County",38226,49030,60123,78508
Roscommon-Galway,2ae19629-236a-13a3-e055-000000000001,"Island, Galway County",38552,55060,60123,78508
Roscommon-Galway,2ae19629-237b-13a3-e055-000000000001,"Kellysgrove, Galway County",72063,85176,60123,78508
Galway East,2ae19629-237c-13a3-e055-000000000001,"Kilbeacanty, Galway County",64148,70849,60123,78508
Galway East,2ae19629-237d-13a3-e055-000000000001,"Kilbennan, Galway County",60581,65016,60123,78508
Galway East,2ae19629-238b-13a3-e055-000000000001,"Kilchreest, Galway County",53843,66091,60123,78508
Galway East,2ae19629-238c-13a3-e055-000000000001,"Kilconickny, Galway County",73801,81752,60123,78508
Galway East,2ae19629-2397-13a3-e055-000000000001,"Kilconierin, Galway County",75281,79726,60123,78508
Galway East,2ae19629-2398-13a3-e055-000000000001,"Kilconnell, Galway County",59093,67962,60123,78508
Galway East,2ae19629-2399-13a3-e055-000000000001,"Kilcoona, Galway County",65729,84103,60123,78508
Roscommon-Galway,2ae19629-23a3-13a3-e055-000000000001,"Kilcroan, Galway County",50433,58636,60123,78508
Galway West,2ae19629-23a4-13a3-e055-000000000001,"Kilcummin, Galway County, 067121",48296,61720,60123,78508
Galway West,2ae19629-23a5-13a3-e055-000000000001,"Kilcummin, Galway County, 067122",50233,59949,60123,78508
Galway East,2ae19629-23a6-13a3-e055-000000000001,"Killaan, Galway County",53606,65449,60123,78508
Galway East,2ae19629-23a7-13a3-e055-000000000001,"Killallaghtan, Galway County",61717,67261,60123,78508
Galway West,2ae19629-23a8-13a3-e055-000000000001,"Killannin, Galway County",62170,72204,60123,78508
Galway East,2ae19629-22cd-13a3-e055-000000000001,"Killeany, Galway County",64519,75846,60123,78508
Galway East,2ae19629-22ce-13a3-e055-000000000001,"Killeely, Galway County",85783,102002,60123,78508
Galway East,2ae19629-22cf-13a3-e055-000000000001,"Killeen, Galway County",71556,81307,60123,78508
Galway East,2ae19629-22da-13a3-e055-000000000001,"Killeenavarra, Galway County",81586,90382,60123,78508
Galway East,2ae19629-22db-13a3-e055-000000000001,"Killererin, Galway County",67273,78419,60123,78508
Roscommon-Galway,2ae19629-22e8-13a3-e055-000000000001,"Killeroran, Galway County",51013,66480,60123,78508
Galway East,2ae19629-22e9-13a3-e055-000000000001,"Killian, Galway County",47476,61782,60123,78508
Galway East,2ae19629-22ea-13a3-e055-000000000001,"Killimor, Galway County, 067133",52540,63772,60123,78508
Galway East,2ae19629-22f4-13a3-e055-000000000001,"Killimor, Galway County, 067134",66428,71968,60123,78508
Galway East,2ae19629-22f5-13a3-e055-000000000001,"Killinny, Galway County",67350,74082,60123,78508
Galway East,2ae19629-22f6-13a3-e055-000000000001,"Killogilleen, Galway County",80480,89165,60123,78508
Galway East,2ae19629-22f7-13a3-e055-000000000001,"Killoran, Galway County",56811,62794,60123,78508
Galway East,2ae19629-2305-13a3-e055-000000000001,"Killower, Galway County",69525,85003,60123,78508
Roscommon-Galway,2ae19629-2306-13a3-e055-000000000001,"Killure, Galway County",58573,73011,60123,78508
Galway East,2ae19629-2315-13a3-e055-000000000001,"Killursa, Galway County",63914,66644,60123,78508
Galway East,2ae19629-2316-13a3-e055-000000000001,"Kilmacshane, Galway County",56084,68646,60123,78508
Galway East,2ae19629-2317-13a3-e055-000000000001,"Kilmalinoge, Galway County",52034,61359,60123,78508
Galway East,2ae19629-2323-13a3-e055-000000000001,"Kilmeen, Galway County",67416,79698,60123,78508
Galway East,2ae19629-2324-13a3-e055-000000000001,"Kilmoylan, Galway County",75542,82426,60123,78508
Galway East,2ae19629-2325-13a3-e055-000000000001,"Kilquain, Galway County",56683,74124,60123,78508
Galway East,2ae19629-232f-13a3-e055-000000000001,"Kilreekill, Galway County",66583,78912,60123,78508
Galway East,2ae19629-2330-13a3-e055-000000000001,"Kilshanvy, Galway County",60616,67726,60123,78508
Galway East,2ae19629-2331-13a3-e055-000000000001,"Kiltartan, Galway County",64392,77161,60123,78508
Galway East,2ae19629-233b-13a3-e055-000000000001,"Kilteskill, Galway County",65344,81600,60123,78508
Galway East,2ae19629-233c-13a3-e055-000000000001,"Kilthomas, Galway County",48061,65514,60123,78508
Galway East,2ae19629-233d-13a3-e055-000000000001,"Kiltormer, Galway County",60804,70427,60123,78508
Galway East,2ae19629-2349-13a3-e055-000000000001,"Kiltullagh, Galway County, 067152",74598,84618,60123,78508
Galway East,2ae19629-234a-13a3-e055-000000000001,"Kiltullagh, Galway County, 067153",48685,56554,60123,78508
Galway East,2ae19629-234b-13a3-e055-000000000001,"Kinvarra, Galway County",65964,83667,60123,78508
Galway West,2ae19629-234c-13a3-e055-000000000001,"Knockboy, Galway County",35320,46994,60123,78508
Roscommon-Galway,2ae19629-234d-13a3-e055-000000000001,"Kylemore, Galway County",47896,63877,60123,78508
Galway West,2ae19629-234e-13a3-e055-000000000001,"Lackaghbeg, Galway County",73402,88810,60123,78508
Galway East,2ae19629-2357-13a3-e055-000000000001,"Lackalea, Galway County",81447,125331,60123,78508
Galway East,2ae19629-2358-13a3-e055-000000000001,"Laurencetown, Galway County",54358,62700,60123,78508
Galway East,2ae19629-2359-13a3-e055-000000000001,"Leitrim, Galway County",74047,77872,60123,78508
Galway West,2ae19629-236b-13a3-e055-000000000001,"Letterbrickaun, Galway County",39709,51353,60123,78508
Galway West,2ae19629-236c-13a3-e055-000000000001,"Letterfore, Galway County",42904,58506,60123,78508
Galway West,2ae19629-236d-13a3-e055-000000000001,"Lettermore, Galway County",38853,47709,60123,78508
Galway East,2ae19629-236e-13a3-e055-000000000001,"Levally, Galway County",55914,74352,60123,78508
Galway West,2ae19629-237e-13a3-e055-000000000001,"Liscananaun, Galway County",75876,87937,60123,78508
Galway West,2ae19629-237f-13a3-e055-000000000001,"Lisheenavalla, Galway County",78867,90246,60123,78508
Roscommon-Galway,2ae19629-2380-13a3-e055-000000000001,"Lismanny, Galway County",60436,76832,60123,78508
Galway East,c62169df-44fc-4bf1-98eb-40998a29132a,"Loughatorick/Coos/Marblehill, Galway County",41242,56934,60123,78508
Galway East,2ae19629-238d-13a3-e055-000000000001,"Loughrea Rural, Galway County",68551,84641,60123,78508
Galway East,2ae19629-238e-13a3-e055-000000000001,"Loughrea Urban, Galway County",49948,60475,60123,78508
Galway East,2ae19629-239a-13a3-e055-000000000001,"Meelick, Galway County",59766,65621,60123,78508
Galway East,2ae19629-239b-13a3-e055-000000000001,"Milltown, Galway County",56456,70578,60123,78508
Galway East,2ae19629-239c-13a3-e055-000000000001,"Moat, Galway County",66186,75707,60123,78508
Galway East,2ae19629-23a9-13a3-e055-000000000001,"Monivea, Galway County",67056,89562,60123,78508
Galway East,2ae19629-23aa-13a3-e055-000000000001,"Mount Bellew, Galway County",65222,75064,60123,78508
Galway East,2ae19629-23ab-13a3-e055-000000000001,"Mountain, Galway County",63056,77126,60123,78508
Galway East,2ae19629-22d0-13a3-e055-000000000001,"Mounthazel, Galway County",59557,66886,60123,78508
Galway West,2ae19629-22d1-13a3-e055-000000000001,"Moycullen, Galway County",72014,96441,60123,78508
Galway East,2ae19629-22d2-13a3-e055-000000000001,"Moyne, Galway County",60985,69730,60123,78508
Galway East,2ae19629-22dc-13a3-e055-000000000001,"Moyode, Galway County",60648,81397,60123,78508
Galway West,2ae19629-22dd-13a3-e055-000000000001,"Moyrus, Galway County",42184,49100,60123,78508
Galway East,2ae19629-22de-13a3-e055-000000000001,"Oatfield, Galway County",66279,71831,60123,78508
Galway West,2ae19629-22df-13a3-e055-000000000001,"Oranmore, Galway County",73124,92965,60123,78508
Galway West,2ae19629-22e0-13a3-e055-000000000001,"Oughterard, Galway County",53656,68022,60123,78508
Galway West,2ae19629-22e1-13a3-e055-000000000001,"Owengowla, Galway County",37649,45269,60123,78508
Galway East,2ae19629-22eb-13a3-e055-000000000001,"Pallas, Galway County",51117,68344,60123,78508
Galway East,2ae19629-22ec-13a3-e055-000000000001,"Portumna, Galway County",44717,60198,60123,78508
Galway East,2ae19629-22ed-13a3-e055-000000000001,"Raford, Galway County",69072,89004,60123,78508
Galway East,2ae19629-22f8-13a3-e055-000000000001,"Rahasane, Galway County",87976,98141,60123,78508
Galway East,2ae19629-22f9-13a3-e055-000000000001,"Raheen, Galway County",46491,75529,60123,78508
Galway West,2ae19629-22fa-13a3-e055-000000000001,"Rinvyle, Galway County",40850,51040,60123,78508
Galway West,2ae19629-22fc-13a3-e055-000000000001,"Roundstone, Galway County",30989,43867,60123,78508
Galway East,2ae19629-2307-13a3-e055-000000000001,"Ryehill, Galway County",78444,87439,60123,78508
Galway East,2ae19629-2308-13a3-e055-000000000001,"Scregg, Galway County",59298,67117,60123,78508
Galway West,2ae19629-2309-13a3-e055-000000000001,"Selerna, Galway County",60770,70298,60123,78508
Galway East,2ae19629-230a-13a3-e055-000000000001,"Shankill, Galway County",50078,61473,60123,78508
Galway West,2ae19629-230b-13a3-e055-000000000001,"Sillerna, Galway County",33269,44646,60123,78508
Galway West,2ae19629-230c-13a3-e055-000000000001,"Skannive, Galway County",37383,47727,60123,78508
Galway East,2ae19629-2318-13a3-e055-000000000001,"Skehanagh, Galway County",75740,86369,60123,78508
Galway West,2ae19629-2319-13a3-e055-000000000001,"Slieveaneena, Galway County",69664,82135,60123,78508
Galway West,2ae19629-231a-13a3-e055-000000000001,"Spiddle, Galway County",63319,79819,60123,78508
Galway East,2ae19629-2326-13a3-e055-000000000001,"Stradbally, Galway County",82620,97291,60123,78508
Roscommon-Galway,2ae19629-2327-13a3-e055-000000000001,"Taghboy, Galway County",63831,80129,60123,78508
Galway East,2ae19629-2328-13a3-e055-000000000001,"Templetogher, Galway County",51362,61059,60123,78508
Galway East,2ae19629-2332-13a3-e055-000000000001,"Tiaquin, Galway County",77975,87937,60123,78508
Galway East,2ae19629-2333-13a3-e055-000000000001,"Tiranascragh, Galway County",52720,70420,60123,78508
Galway East,2ae19629-2334-13a3-e055-000000000001,"Toberadosh, Galway County",53229,62469,60123,78508
Roscommon-Galway,2ae19629-2335-13a3-e055-000000000001,"Toberroe, Galway County",46018,61333,60123,78508
Galway East,2ae19629-233e-13a3-e055-000000000001,"Tuam Rural, Galway County",54873,65240,60123,78508
Galway East,2ae19629-233f-13a3-e055-000000000001,"Tuam Urban, Galway County",40695,50929,60123,78508
Galway West,2ae19629-2340-13a3-e055-000000000001,"Tullokyne, Galway County",78686,93364,60123,78508
Galway West,2ae19629-2341-13a3-e055-000000000001,"Turlough, Galway County",36593,50738,60123,78508
Galway East,2ae19629-234f-13a3-e055-000000000001,"Tynagh, Galway County",55974,72249,60123,78508
Galway East,2ae19629-2350-13a3-e055-000000000001,"Woodford, Galway County",42414,52391,60123,78508
Galway West,2ae19629-2351-13a3-e055-000000000001,"Wormhole, Galway County",72185,84031,60123,78508
Sligo-Leitrim,2ae19629-1708-13a3-e055-000000000001,"Aghacashel, Leitrim",43736,57434,60123,78508
Sligo-Leitrim,b166391f-eb14-47de-a3eb-9c2516e63687,"Aghanlish/Aghalateeve, Leitrim",39696,49317,60123,78508
Sligo-Leitrim,2ae19629-170b-13a3-e055-000000000001,"Aghavas, Leitrim",45907,52912,60123,78508
Sligo-Leitrim,2ae19629-170d-13a3-e055-000000000001,"Annaduff, Leitrim",61275,71547,60123,78508
Sligo-Leitrim,23519126-bd85-4c40-a1e2-26c5d2b7e51c,"Arigna/Drumkeeran/Killarga, Leitrim",36799,47111,60123,78508
Sligo-Leitrim,2ae19629-16fb-13a3-e055-000000000001,"Ballaghameehan, Leitrim",41203,52150,60123,78508
Sligo-Leitrim,2ae19629-16fc-13a3-e055-000000000001,"Ballinamore, Leitrim",40109,56183,60123,78508
Sligo-Leitrim,2ae19629-16fd-13a3-e055-000000000001,"Barnameenagh, Leitrim",46814,63034,60123,78508
Sligo-Leitrim,2ae19629-16fe-13a3-e055-000000000001,"Beihy, Leitrim",43600,60790,60123,78508
Sligo-Leitrim,2ae19629-170e-13a3-e055-000000000001,"Belhavel, Leitrim",41636,56709,60123,78508
Sligo-Leitrim,2ae19629-170f-13a3-e055-000000000001,"Breandrum, Leitrim",52016,56596,60123,78508
Sligo-Leitrim,2ae19629-1717-13a3-e055-000000000001,"Bunnybeg, Leitrim",49620,61354,60123,78508
Sligo-Leitrim,2ae19629-1718-13a3-e055-000000000001,"Carrick-On-Shannon, Leitrim",46495,60514,60123,78508
Sligo-Leitrim,2ae19629-1719-13a3-e055-000000000001,"Carrigallen East, Leitrim",33921,44169,60123,78508
Sligo-Leitrim,2ae19629-171a-13a3-e055-000000000001,"Carrigallen West, Leitrim",44346,49655,60123,78508
Sligo-Leitrim,2ae19629-171b-13a3-e055-000000000001,"Cashel, Leitrim",52404,63495,60123,78508
Sligo-Leitrim,2ae19629-171c-13a3-e055-000000000001,"Castlefore, Leitrim",41808,59692,60123,78508
Sligo-Leitrim,2ae19629-171d-13a3-e055-000000000001,"Cattan, Leitrim",48095,63789,60123,78508
Sligo-Leitrim,2ae19629-171e-13a3-e055-000000000001,"Cloonclare, Leitrim",39045,50576,60123,78508
Sligo-Leitrim,2ae19629-171f-13a3-e055-000000000001,"Cloone, Leitrim",42165,54802,60123,78508
Sligo-Leitrim,2ae19629-1720-13a3-e055-000000000001,"Cloonlogher, Leitrim",43864,56318,60123,78508
Sligo-Leitrim,2ae19629-1721-13a3-e055-000000000001,"Cloverhill, Leitrim",41667,59863,60123,78508
Sligo-Leitrim,2ae19629-1722-13a3-e055-000000000001,"Corrala, Leitrim",44857,52097,60123,78508
Sligo-Leitrim,2ae19629-1723-13a3-e055-000000000001,"Corriga, Leitrim",35721,54099,60123,78508
Sligo-Leitrim,2ae19629-1724-13a3-e055-000000000001,"Drumahaire, Leitrim",55528,64838,60123,78508
Sligo-Leitrim,2ae19629-1710-13a3-e055-000000000001,"Drumard, Leitrim",64411,88615,60123,78508
Sligo-Leitrim,2ae19629-172d-13a3-e055-000000000001,"Drumdoo, Leitrim",45140,61771,60123,78508
Sligo-Leitrim,2ae19629-1712-13a3-e055-000000000001,"Drumod, Leitrim",52568,64242,60123,78508
Sligo-Leitrim,2ae19629-1714-13a3-e055-000000000001,"Drumreilly North, Leitrim",38818,52176,60123,78508
Sligo-Leitrim,2ae19629-1715-13a3-e055-000000000001,"Drumreilly South, Leitrim",38068,45249,60123,78508
Sligo-Leitrim,2ae19629-1716-13a3-e055-000000000001,"Drumreilly West/Drumreilly East, Leitrim",34324,50104,60123,78508
Sligo-Leitrim,2ae19629-172b-13a3-e055-000000000001,"Drumshanbo, Leitrim",42805,54490,60123,78508
Sligo-Leitrim,2ae19629-172c-13a3-e055-000000000001,"Drumsna, Leitrim",48481,64196,60123,78508
Sligo-Leitrim,2ae19629-172e-13a3-e055-000000000001,"Fenagh, Leitrim",42905,56399,60123,78508
Sligo-Leitrim,2ae19629-172f-13a3-e055-000000000001,"Garadice, Leitrim",41365,52986,60123,78508
Sligo-Leitrim,2ae19629-1730-13a3-e055-000000000001,"Garvagh, Leitrim",28400,39188,60123,78508
Sligo-Leitrim,2ae19629-1731-13a3-e055-000000000001,"Glenade, Leitrim",46996,62628,60123,78508
Sligo-Leitrim,2ae19629-1732-13a3-e055-000000000001,"Glenaniff, Leitrim",42008,57479,60123,78508
Sligo-Leitrim,2ae19629-1733-13a3-e055-000000000001,"Glenboy, Leitrim",58422,70817,60123,78508
Sligo-Leitrim,2ae19629-1734-13a3-e055-000000000001,"Glencar, Leitrim",60246,69375,60123,78508
Sligo-Leitrim,2ae19629-1735-13a3-e055-000000000001,"Glenfarn, Leitrim",47351,56656,60123,78508
Sligo-Leitrim,2ae19629-1736-13a3-e055-000000000001,"Gortermone, Leitrim",51493,64090,60123,78508
Sligo-Leitrim,2ae19629-1737-13a3-e055-000000000001,"Gortnagullion, Leitrim",54302,62179,60123,78508
Sligo-Leitrim,2ae19629-1725-13a3-e055-000000000001,"Gowel, Leitrim",54790,66135,60123,78508
Sligo-Leitrim,a74249fa-0039-4f59-ad83-53fe986ff7bf,"Greaghglass/Stralongford, Leitrim",45200,54116,60123,78508
Sligo-Leitrim,2ae19629-1727-13a3-e055-000000000001,"Gubacreeny, Leitrim",43446,56495,60123,78508
Sligo-Leitrim,2ae19629-1728-13a3-e055-000000000001,"Keeldra, Leitrim",46496,58035,60123,78508
Sligo-Leitrim,2ae19629-1729-13a3-e055-000000000001,"Keshcarrigan, Leitrim",47652,62887,60123,78508
Sligo-Leitrim,2ae19629-172a-13a3-e055-000000000001,"Killanummery, Leitrim",50651,68341,60123,78508
Sligo-Leitrim,2ae19629-1739-13a3-e055-000000000001,"Killygar, Leitrim",37142,46751,60123,78508
Sligo-Leitrim,2ae19629-173a-13a3-e055-000000000001,"Kiltubbrid, Leitrim",43071,60106,60123,78508
Sligo-Leitrim,2ae19629-1742-13a3-e055-000000000001,"Kiltyclogher, Leitrim",28560,38747,60123,78508
Sligo-Leitrim,2ae19629-1743-13a3-e055-000000000001,"Kinlough, Leitrim",40849,50894,60123,78508
Sligo-Leitrim,2ae19629-1744-13a3-e055-000000000001,"Leitrim, Leitrim",60120,71925,60123,78508
Sligo-Leitrim,2ae19629-1745-13a3-e055-000000000001,"Lisgillock, Leitrim",49707,64880,60123,78508
Sligo-Leitrim,2ae19629-1746-13a3-e055-000000000001,"Lurganboy, Leitrim",54092,63972,60123,78508
Sligo-Leitrim,2ae19629-1747-13a3-e055-000000000001,"Mahanagh, Leitrim",39602,48124,60123,78508
Sligo-Leitrim,2ae19629-1748-13a3-e055-000000000001,"Manorhamilton, Leitrim",44370,53623,60123,78508
Sligo-Leitrim,2ae19629-1749-13a3-e055-000000000001,"Melvin/Aghavoghil, Leitrim",29578,43414,60123,78508
Sligo-Leitrim,2ae19629-174a-13a3-e055-000000000001,"Moher, Leitrim",41068,61259,60123,78508
Sligo-Leitrim,2ae19629-174b-13a3-e055-000000000001,"Mohill, Leitrim",37715,50212,60123,78508
Sligo-Leitrim,2ae19629-174c-13a3-e055-000000000001,"Munakill, Leitrim",50865,61232,60123,78508
Sligo-Leitrim,2ae19629-174d-13a3-e055-000000000001,"Newtowngore, Leitrim",37190,53264,60123,78508
Sligo-Leitrim,2ae19629-173b-13a3-e055-000000000001,"Oughteragh, Leitrim",31494,47746,60123,78508
Sligo-Leitrim,2ae19629-173c-13a3-e055-000000000001,"Rinn, Leitrim",46533,56786,60123,78508
Sligo-Leitrim,2ae19629-173d-13a3-e055-000000000001,"Riverstown, Leitrim",44319,55688,60123,78508
Sligo-Leitrim,2ae19629-173e-13a3-e055-000000000001,"Roosky, Leitrim",51561,59235,60123,78508
Sligo-Leitrim,2ae19629-173f-13a3-e055-000000000001,"Rowan, Leitrim",40844,52935,60123,78508
Sligo-Leitrim,2ae19629-1740-13a3-e055-000000000001,"Sramore, Leitrim",58836,77134,60123,78508
Sligo-Leitrim,2ae19629-1741-13a3-e055-000000000001,"St. Patrick's, Leitrim",53105,58963,60123,78508
Sligo-Leitrim,2ae19629-1755-13a3-e055-000000000001,"Tullaghan, Leitrim",43555,53102,60123,78508
Sligo-Leitrim,2ae19629-1756-13a3-e055-000000000001,"Yugan, Leitrim",39458,48207,60123,78508
Mayo,2ae19629-193a-13a3-e055-000000000001,"Achill, Mayo",31779,44878,60123,78508
Mayo,2ae19629-1944-13a3-e055-000000000001,"Addergoole, Mayo",56401,64346,60123,78508
Mayo,2ae19629-1945-13a3-e055-000000000001,"Aghagower North, Mayo",67352,74810,60123,78508
Mayo,2ae19629-1951-13a3-e055-000000000001,"Aghagower South, Mayo",41976,47003,60123,78508
Mayo,2ae19629-1952-13a3-e055-000000000001,"Aghamore, Mayo",46694,60165,60123,78508
Mayo,2ae19629-1953-13a3-e055-000000000001,"Aillemore, Mayo",39502,51008,60123,78508
Mayo,2ae19629-1954-13a3-e055-000000000001,"An Geata Mór Theas, Mayo",35716,49365,60123,78508
Mayo,2ae19629-1955-13a3-e055-000000000001,"An Geata Mór Thuaidh, Mayo",40344,52364,60123,78508
Mayo,2ae19629-195f-13a3-e055-000000000001,"Ardagh, Mayo",58469,71094,60123,78508
Mayo,2ae19629-1960-13a3-e055-000000000001,"Ardnaree North, Mayo",61171,79555,60123,78508
Mayo,2ae19629-1961-13a3-e055-000000000001,"Ardnaree South Rural, Mayo",62155,72928,60123,78508
Mayo,2ae19629-18bc-13a3-e055-000000000001,"Ardnaree South Urban, Mayo",37147,48561,60123,78508
Mayo,2ae19629-196a-13a3-e055-000000000001,"Attymass East, Mayo",39990,58131,60123,78508
Mayo,2ae19629-196b-13a3-e055-000000000001,"Attymass West, Mayo",43109,55586,60123,78508
Mayo,2ae19629-1974-13a3-e055-000000000001,"Balla, Mayo",56807,68091,60123,78508
Mayo,2ae19629-1975-13a3-e055-000000000001,"Ballina Rural, Mayo",55061,65887,60123,78508
Mayo,2ae19629-1976-13a3-e055-000000000001,"Ballina Urban, Mayo",37768,47519,60123,78508
Mayo,2ae19629-197f-13a3-e055-000000000001,"Ballinafad, Mayo",59177,66625,60123,78508
Mayo,2ae19629-1980-13a3-e055-000000000001,"Ballinamore, Mayo",40205,61112,60123,78508
Mayo,2ae19629-1981-13a3-e055-000000000001,"Ballinchalla, Mayo",40147,52485,60123,78508
Mayo,2ae19629-18ca-13a3-e055-000000000001,"Ballindine, Mayo",53587,73035,60123,78508
Mayo,2ae19629-18cb-13a3-e055-000000000001,"Ballinrobe, Mayo",51477,61504,60123,78508
Mayo,2ae19629-18cc-13a3-e055-000000000001,"Ballycastle, Mayo",34532,47512,60123,78508
Mayo,2ae19629-18cd-13a3-e055-000000000001,"Ballycroy North, Mayo",40250,55316,60123,78508
Mayo,2ae19629-18ce-13a3-e055-000000000001,"Ballycroy South, Mayo",37507,54989,60123,78508
Mayo,2ae19629-18d8-13a3-e055-000000000001,"Ballyhaunis, Mayo",42927,51387,60123,78508
Mayo,2ae19629-18d9-13a3-e055-000000000001,"Ballyhean, Mayo",67307,79534,60123,78508
Mayo,2ae19629-18e5-13a3-e055-000000000001,"Ballyhowly, Mayo",51136,64615,60123,78508
Mayo,2ae19629-18e6-13a3-e055-000000000001,"Ballynagoraher, Mayo",50839,62363,60123,78508
Mayo,2ae19629-18f0-13a3-e055-000000000001,"Ballyovey, Mayo",45691,67517,60123,78508
Mayo,2ae19629-18f1-13a3-e055-000000000001,"Ballysakeery, Mayo",53367,68782,60123,78508
Mayo,2ae19629-18fb-13a3-e055-000000000001,"Bangor, Mayo",42719,53086,60123,78508
Mayo,2ae19629-18fc-13a3-e055-000000000001,"Barroosky, Mayo",34545,46371,60123,78508
Mayo,2ae19629-1908-13a3-e055-000000000001,"Bekan, Mayo",45313,67412,60123,78508
Mayo,2ae19629-1909-13a3-e055-000000000001,"Beldergmore, Mayo",41191,49491,60123,78508
Mayo,2ae19629-190a-13a3-e055-000000000001,"Bellavary, Mayo",52733,64862,60123,78508
Mayo,2ae19629-190b-13a3-e055-000000000001,"Belmullet, Mayo",38303,52431,60123,78508
Mayo,2ae19629-190c-13a3-e055-000000000001,"Bohola, Mayo",45456,58231,60123,78508
Mayo,2ae19629-1914-13a3-e055-000000000001,"Brackloon, Mayo",53694,65011,60123,78508
Mayo,2ae19629-1915-13a3-e055-000000000001,"Breaghwy, Mayo",66084,84802,60123,78508
Mayo,2ae19629-192d-13a3-e055-000000000001,"Burren, Mayo",58267,65608,60123,78508
Mayo,2ae19629-192e-13a3-e055-000000000001,"Burriscarra, Mayo",60861,71034,60123,78508
Mayo,2ae19629-193b-13a3-e055-000000000001,"Callow, Mayo",42236,65410,60123,78508
Mayo,2ae19629-193c-13a3-e055-000000000001,"Cappaghduff, Mayo",46447,62257,60123,78508
Mayo,2ae19629-1946-13a3-e055-000000000001,"Caraun, Mayo",59817,68982,60123,78508
Mayo,2ae19629-1947-13a3-e055-000000000001,"Carrowmore, Mayo",59919,76216,60123,78508
Mayo,2ae19629-1948-13a3-e055-000000000001,"Castlebar Rural, Mayo",59999,71537,60123,78508
Mayo,2ae19629-1949-13a3-e055-000000000001,"Castlebar Urban, Mayo",42958,52893,60123,78508
Mayo,2ae19629-194a-13a3-e055-000000000001,"Clare Island, Mayo",40569,52746,60123,78508
Mayo,2ae19629-1956-13a3-e055-000000000001,"Claremorris, Mayo",51179,62600,60123,78508
Mayo,2ae19629-1957-13a3-e055-000000000001,"Clogher, Mayo, 157052",60687,68903,60123,78508
Mayo,2ae19629-1958-13a3-e055-000000000001,"Clogher, Mayo, 157053",67191,73699,60123,78508
Mayo,2ae19629-1962-13a3-e055-000000000001,"Cloghermore, Mayo",54295,58809,60123,78508
Mayo,2ae19629-1963-13a3-e055-000000000001,"Cloonkeen, Mayo",57748,67906,60123,78508
Mayo,2ae19629-1964-13a3-e055-000000000001,"Cloonmore, Mayo",32388,46408,60123,78508
Mayo,2ae19629-1965-13a3-e055-000000000001,"Cong, Mayo",59596,73470,60123,78508
Mayo,2ae19629-196c-13a3-e055-000000000001,"Coolnaha, Mayo",61575,75061,60123,78508
Mayo,2ae19629-196d-13a3-e055-000000000001,"Coonard, Mayo",50247,68251,60123,78508
Mayo,2ae19629-196e-13a3-e055-000000000001,"Corraun, Mayo",40383,50447,60123,78508
Mayo,2ae19629-196f-13a3-e055-000000000001,"Course, Mayo",46114,57743,60123,78508
Mayo,2ae19629-1977-13a3-e055-000000000001,"Croaghmoyle, Mayo",38630,56112,60123,78508
Mayo,2ae19629-1978-13a3-e055-000000000001,"Croaghpatrick, Mayo",59822,99461,60123,78508
Mayo,2ae19629-1979-13a3-e055-000000000001,"Crossboyne, Mayo",70006,85246,60123,78508
Mayo,2ae19629-197a-13a3-e055-000000000001,"Crossmolina North, Mayo",43466,60470,60123,78508
Mayo,2ae19629-1982-13a3-e055-000000000001,"Crossmolina South, Mayo",52493,63251,60123,78508
Mayo,2ae19629-1983-13a3-e055-000000000001,"Cuildoo, Mayo",36397,50968,60123,78508
Mayo,2ae19629-18cf-13a3-e055-000000000001,"Culnacleha, Mayo",49048,60295,60123,78508
Mayo,2ae19629-18d0-13a3-e055-000000000001,"Dalgan, Mayo",57644,66238,60123,78508
Mayo,2ae19629-18d1-13a3-e055-000000000001,"Deel, Mayo",53144,62216,60123,78508
Mayo,2ae19629-18d2-13a3-e055-000000000001,"Derry, Mayo",44062,56050,60123,78508
Mayo,2ae19629-18d3-13a3-e055-000000000001,"Derryloughan, Mayo",54695,65842,60123,78508
Mayo,2ae19629-18da-13a3-e055-000000000001,"Doocastle, Mayo",34858,52368,60123,78508
Mayo,2ae19629-18db-13a3-e055-000000000001,"Dooega, Mayo",32653,47653,60123,78508
Mayo,2ae19629-18dc-13a3-e055-000000000001,"Drummin, Mayo",38001,50341,60123,78508
Mayo,2ae19629-18e7-13a3-e055-000000000001,"Emlagh, Mayo",41182,53021,60123,78508
Mayo,2ae19629-18e8-13a3-e055-000000000001,"Erriff, Mayo",57261,68141,60123,78508
Mayo,2ae19629-18e9-13a3-e055-000000000001,"Fortland, Mayo",50344,68711,60123,78508
Mayo,2ae19629-18f2-13a3-e055-000000000001,"Garrymore, Mayo",48403,63285,60123,78508
Mayo,2ae19629-18f3-13a3-e055-000000000001,"Glenamoy, Mayo",37766,48205,60123,78508
Mayo,2ae19629-18f4-13a3-e055-000000000001,"Glencastle, Mayo",37529,52189,60123,78508
Mayo,2ae19629-18fe-13a3-e055-000000000001,"Glenhest, Mayo",35421,49823,60123,78508
Mayo,2ae19629-18ff-13a3-e055-000000000001,"Goolamore, Mayo",30605,47008,60123,78508
Mayo,2ae19629-190d-13a3-e055-000000000001,"Hollymount, Mayo",56597,68939,60123,78508
Mayo,2ae19629-190e-13a3-e055-000000000001,"Houndswood, Mayo",53673,68069,60123,78508
Mayo,2ae19629-1916-13a3-e055-000000000001,"Islandeady, Mayo",60701,71874,60123,78508
Mayo,2ae19629-1917-13a3-e055-000000000001,"Kilbeagh, Mayo",42500,57569,60123,78508
Mayo,2ae19629-1921-13a3-e055-000000000001,"Kilcolman, Mayo",68310,74928,60123,78508
Mayo,2ae19629-1922-13a3-e055-000000000001,"Kilcommon, Mayo",52195,66920,60123,78508
Mayo,2ae19629-1923-13a3-e055-000000000001,"Kilfian East, Mayo",41408,54840,60123,78508
Mayo,2ae19629-1924-13a3-e055-000000000001,"Kilfian South, Mayo",48326,66409,60123,78508
Mayo,2ae19629-192f-13a3-e055-000000000001,"Kilfian West, Mayo",37807,43476,60123,78508
Mayo,2ae19629-1930-13a3-e055-000000000001,"Kilgarvan, Mayo",48477,59657,60123,78508
Mayo,2ae19629-193d-13a3-e055-000000000001,"Kilgeever, Mayo",36842,50467,60123,78508
Mayo,2ae19629-193e-13a3-e055-000000000001,"Kilkelly, Mayo",42205,49770,60123,78508
Mayo,2ae19629-193f-13a3-e055-000000000001,"Killala, Mayo",46698,58418,60123,78508
Mayo,2ae19629-194b-13a3-e055-000000000001,"Killavally, Mayo",59339,68854,60123,78508
Mayo,2ae19629-194c-13a3-e055-000000000001,"Killedan, Mayo",49645,59321,60123,78508
Mayo,2ae19629-1959-13a3-e055-000000000001,"Kilmaclasser, Mayo",54992,67465,60123,78508
Mayo,2ae19629-195a-13a3-e055-000000000001,"Kilmaine, Mayo",49483,63682,60123,78508
Mayo,2ae19629-195b-13a3-e055-000000000001,"Kilmeena, Mayo",64433,75969,60123,78508
Mayo,2ae19629-1966-13a3-e055-000000000001,"Kilmovee, Mayo",39479,50062,60123,78508
Mayo,2ae19629-1967-13a3-e055-000000000001,"Kilsallagh, Mayo",51541,68209,60123,78508
Mayo,2ae19629-1970-13a3-e055-000000000001,"Kiltamagh, Mayo",42027,54642,60123,78508
Mayo,2ae19629-1971-13a3-e055-000000000001,"Kilvine, Mayo",49897,60005,60123,78508
Mayo,2ae19629-197b-13a3-e055-000000000001,"Knappagh, Mayo",51620,61010,60123,78508
Mayo,2ae19629-197c-13a3-e055-000000000001,"Knock North, Mayo",36734,46919,60123,78508
Mayo,2ae19629-1984-13a3-e055-000000000001,"Knock South, Mayo",38818,52298,60123,78508
Mayo,2ae19629-1985-13a3-e055-000000000001,"Knockadaff, Mayo",32402,42449,60123,78508
Mayo,2ae19629-1986-13a3-e055-000000000001,"Knocknalower, Mayo",31578,44268,60123,78508
Mayo,2ae19629-18c5-13a3-e055-000000000001,"Lackan North, Mayo",43087,50716,60123,78508
Mayo,2ae19629-18c6-13a3-e055-000000000001,"Lackan South, Mayo",50354,57379,60123,78508
Mayo,2ae19629-18d4-13a3-e055-000000000001,"Letterbrick, Mayo",37618,47960,60123,78508
Mayo,2ae19629-18d5-13a3-e055-000000000001,"Loughanboy, Mayo",46530,54354,60123,78508
Mayo,2ae19629-182d-13a3-e055-000000000001,"Louisburgh, Mayo",42489,56725,60123,78508
Mayo,2ae19629-182e-13a3-e055-000000000001,"Manulla, Mayo",61423,72695,60123,78508
Mayo,2ae19629-1838-13a3-e055-000000000001,"Mayo, Mayo",56435,61063,60123,78508
Mayo,2ae19629-1839-13a3-e055-000000000001,"Meelick, Mayo",46476,60411,60123,78508
Mayo,2ae19629-1844-13a3-e055-000000000001,"Mount Falcon, Mayo",54242,63537,60123,78508
Mayo,2ae19629-1845-13a3-e055-000000000001,"Muingnabo, Mayo",30974,43727,60123,78508
Mayo,2ae19629-1846-13a3-e055-000000000001,"Muings, Mayo",32570,45132,60123,78508
Mayo,2ae19629-1850-13a3-e055-000000000001,"Murneen, Mayo",48533,61978,60123,78508
Mayo,2ae19629-1851-13a3-e055-000000000001,"Neale, Mayo",58060,68953,60123,78508
Mayo,2ae19629-185b-13a3-e055-000000000001,"Newbrook, Mayo",56162,66083,60123,78508
Mayo,2ae19629-185c-13a3-e055-000000000001,"Newport East, Mayo",45108,54722,60123,78508
Mayo,2ae19629-185d-13a3-e055-000000000001,"Newport West, Mayo",42968,56716,60123,78508
Mayo,2ae19629-185e-13a3-e055-000000000001,"Owenbrin, Mayo",29969,46350,60123,78508
Mayo,7d09d455-0fac-4a81-a63b-1b8dbe0d62b1,"Owennadornaun/Bundorragha, Mayo",50898,54356,60123,78508
Mayo,2ae19629-1868-13a3-e055-000000000001,"Pontoon, Mayo",54063,59660,60123,78508
Mayo,2ae19629-1869-13a3-e055-000000000001,"Portroyal, Mayo",53562,64260,60123,78508
Mayo,2ae19629-186a-13a3-e055-000000000001,"Rathhill, Mayo",34340,42221,60123,78508
Mayo,2ae19629-1875-13a3-e055-000000000001,"Rathoma, Mayo",47647,56503,60123,78508
Mayo,2ae19629-1876-13a3-e055-000000000001,"Roslee, Mayo",61533,86574,60123,78508
Mayo,2ae19629-1877-13a3-e055-000000000001,"Sallymount, Mayo",53062,63466,60123,78508
Mayo,396b71f0-9c69-422b-84df-e2ec984a6b49,"Sheskin/Bunaveela/Glenco, Mayo",39663,51988,60123,78508
Mayo,2ae19629-1881-13a3-e055-000000000001,"Shrule, Mayo",68982,74564,60123,78508
Mayo,2ae19629-188b-13a3-e055-000000000001,"Slievemahanagh, Mayo",63700,72020,60123,78508
Mayo,2ae19629-188c-13a3-e055-000000000001,"Slievemore, Mayo",33757,45447,60123,78508
Mayo,2ae19629-188d-13a3-e055-000000000001,"Sonnagh, Mayo",40559,53513,60123,78508
Mayo,2ae19629-188e-13a3-e055-000000000001,"Sraheen, Mayo",43139,59657,60123,78508
Mayo,2ae19629-1898-13a3-e055-000000000001,"Srahmore, Mayo",51350,69986,60123,78508
Mayo,2ae19629-1899-13a3-e055-000000000001,"Strade, Mayo",51433,63556,60123,78508
Mayo,2ae19629-189a-13a3-e055-000000000001,"Swineford, Mayo",41614,55354,60123,78508
Mayo,2ae19629-189b-13a3-e055-000000000001,"Tagheen, Mayo",51717,65056,60123,78508
Mayo,2ae19629-18a3-13a3-e055-000000000001,"Tawnynagry, Mayo",51363,61248,60123,78508
Mayo,2ae19629-18a4-13a3-e055-000000000001,"Toocananagh, Mayo",51284,63428,60123,78508
Mayo,2ae19629-18a5-13a3-e055-000000000001,"Toomore, Mayo",41548,54671,60123,78508
Mayo,2ae19629-18af-13a3-e055-000000000001,"Tumgesh, Mayo",36742,50411,60123,78508
Mayo,2ae19629-18b0-13a3-e055-000000000001,"Turlough, Mayo",68426,78653,60123,78508
Mayo,2ae19629-18b1-13a3-e055-000000000001,"Urlaur, Mayo",37178,49603,60123,78508
Mayo,2ae19629-18ba-13a3-e055-000000000001,"Westport Rural, Mayo",72438,96046,60123,78508
Mayo,2ae19629-18bb-13a3-e055-000000000001,"Westport Urban, Mayo",47395,61945,60123,78508
Roscommon-Galway,2ae19629-1a86-13a3-e055-000000000001,"Aghafin, Roscommon",44637,61207,60123,78508
Roscommon-Galway,2ae19629-1a92-13a3-e055-000000000001,"Annaghmore, Roscommon",47976,59339,60123,78508
Roscommon-Galway,2ae19629-1a93-13a3-e055-000000000001,"Artagh North, Roscommon",39520,54421,60123,78508
Roscommon-Galway,2ae19629-1a9c-13a3-e055-000000000001,"Artagh South, Roscommon",46283,56634,60123,78508
Roscommon-Galway,2ae19629-1a9d-13a3-e055-000000000001,"Athleague East, Roscommon",59648,72984,60123,78508
Roscommon-Galway,2ae19629-1aa7-13a3-e055-000000000001,"Athleague West, Roscommon",46748,57504,60123,78508
Roscommon-Galway,2ae19629-1aa8-13a3-e055-000000000001,"Athlone West Rural, Roscommon",61469,70570,60123,78508
Roscommon-Galway,2ae19629-1aa9-13a3-e055-000000000001,"Aughrim East, Roscommon",60713,75465,60123,78508
Roscommon-Galway,2ae19629-1ab2-13a3-e055-000000000001,"Aughrim West, Roscommon",44703,62563,60123,78508
Roscommon-Galway,2ae19629-1ab3-13a3-e055-000000000001,"Ballaghaderreen, Roscommon",36567,46023,60123,78508
Roscommon-Galway,2ae19629-1abc-13a3-e055-000000000001,"Ballinlough, Roscommon",42159,52731,60123,78508
Roscommon-Galway,2ae19629-1abd-13a3-e055-000000000001,"Ballintober, Roscommon",55433,63042,60123,78508
Roscommon-Galway,2ae19629-1ac9-13a3-e055-000000000001,"Ballydangan, Roscommon",69233,80071,60123,78508
Roscommon-Galway,2ae19629-1aca-13a3-e055-000000000001,"Ballyfarnan, Roscommon",40590,49000,60123,78508
Roscommon-Galway,2ae19629-1acb-13a3-e055-000000000001,"Ballyformoyle, Roscommon",42320,50143,60123,78508
Roscommon-Galway,2ae19629-1ad5-13a3-e055-000000000001,"Ballygarden, Roscommon",54000,62648,60123,78508
Roscommon-Galway,2ae19629-1ad6-13a3-e055-000000000001,"Ballynamona, Roscommon",64914,77086,60123,78508
Roscommon-Galway,2ae19629-1ad7-13a3-e055-000000000001,"Baslick, Roscommon",36839,54839,60123,78508
Roscommon-Galway,2ae19629-1ae2-13a3-e055-000000000001,"Bellanagare, Roscommon",40651,53877,60123,78508
Roscommon-Galway,2ae19629-1ae3-13a3-e055-000000000001,"Boyle Rural, Roscommon",52326,65904,60123,78508
Roscommon-Galway,2ae19629-1ae4-13a3-e055-000000000001,"Boyle Urban, Roscommon",32820,42381,60123,78508
Roscommon-Galway,2ae19629-1ae5-13a3-e055-000000000001,"Breedoge, Roscommon",49723,59902,60123,78508
Roscommon-Galway,2ae19629-1aef-13a3-e055-000000000001,"Buckill, Roscommon",41242,59138,60123,78508
Roscommon-Galway,2ae19629-1af0-13a3-e055-000000000001,"Bumlin, Roscommon",47896,60317,60123,78508
Roscommon-Galway,2ae19629-1af1-13a3-e055-000000000001,"Caltragh, Roscommon",58460,70762,60123,78508
Roscommon-Galway,2ae19629-1afc-13a3-e055-000000000001,"Cams, Roscommon",63553,76733,60123,78508
Roscommon-Galway,2ae19629-1afd-13a3-e055-000000000001,"Carnagh, Roscommon",84677,86743,60123,78508
Roscommon-Galway,2ae19629-1afe-13a3-e055-000000000001,"Carrowduff, Roscommon",61793,74649,60123,78508
Roscommon-Galway,2ae19629-1a39-13a3-e055-000000000001,"Carrowreagh, Roscommon",66588,74981,60123,78508
Roscommon-Galway,2ae19629-1a3a-13a3-e055-000000000001,"Castleplunket, Roscommon",42573,53150,60123,78508
Roscommon-Galway,2ae19629-1a3b-13a3-e055-000000000001,"Castlereagh, Roscommon",39206,53540,60123,78508
Roscommon-Galway,2ae19629-1a47-13a3-e055-000000000001,"Castlesampson, Roscommon",58915,67336,60123,78508
Roscommon-Galway,2ae19629-1a48-13a3-e055-000000000001,"Castleteheen, Roscommon",47072,55554,60123,78508
Roscommon-Galway,2ae19629-1a49-13a3-e055-000000000001,"Cloonburren, Roscommon",74396,78980,60123,78508
Roscommon-Galway,2ae19629-1a4a-13a3-e055-000000000001,"Cloonfinlough, Roscommon",40629,56123,60123,78508
Roscommon-Galway,2ae19629-19a1-13a3-e055-000000000001,"Cloonfower, Roscommon",40694,54730,60123,78508
Roscommon-Galway,2ae19629-19a2-13a3-e055-000000000001,"Cloonown, Roscommon",73371,75100,60123,78508
Roscommon-Galway,2ae19629-19a3-13a3-e055-000000000001,"Cloonteen, Roscommon",53213,66460,60123,78508
Roscommon-Galway,2ae19629-19ae-13a3-e055-000000000001,"Cloontuskert, Roscommon",47988,58511,60123,78508
Roscommon-Galway,2ae19629-19af-13a3-e055-000000000001,"Cloonygormican, Roscommon",55257,62488,60123,78508
Roscommon-Galway,2ae19629-19b0-13a3-e055-000000000001,"Cloonyquin, Roscommon",51393,64519,60123,78508
Roscommon-Galway,2ae19629-19ba-13a3-e055-000000000001,"Coolougher, Roscommon",48466,58733,60123,78508
Roscommon-Galway,2ae19629-19bb-13a3-e055-000000000001,"Crannagh, Roscommon",72995,90380,60123,78508
Roscommon-Galway,2ae19629-19c6-13a3-e055-000000000001,"Creagh, Roscommon",62169,72766,60123,78508
Roscommon-Galway,2ae19629-19c7-13a3-e055-000000000001,"Creeve, Roscommon, 197046",60541,65624,60123,78508
Roscommon-Galway,2ae19629-19c8-13a3-e055-000000000001,"Creeve, Roscommon, 197047",55606,83693,60123,78508
Roscommon-Galway,2ae19629-19d1-13a3-e055-000000000001,"Cregga, Roscommon",64823,75176,60123,78508
Roscommon-Galway,2ae19629-19d2-13a3-e055-000000000001,"Croghan, Roscommon",55827,69201,60123,78508
Roscommon-Galway,2ae19629-19d3-13a3-e055-000000000001,"Crossna, Roscommon",42471,58332,60123,78508
Roscommon-Galway,2ae19629-19dc-13a3-e055-000000000001,"Culliagh, Roscommon",75498,87265,60123,78508
Roscommon-Galway,2ae19629-19dd-13a3-e055-000000000001,"Danesfort, Roscommon",54439,63563,60123,78508
Roscommon-Galway,2ae19629-19de-13a3-e055-000000000001,"Drumdaff, Roscommon",56603,67114,60123,78508
Roscommon-Galway,2ae19629-19df-13a3-e055-000000000001,"Drumlosh, Roscommon",65938,78116,60123,78508
Roscommon-Galway,2ae19629-19e7-13a3-e055-000000000001,"Dunamon, Roscommon",55034,65588,60123,78508
Roscommon-Galway,2ae19629-19e8-13a3-e055-000000000001,"Dysart, Roscommon",47913,62644,60123,78508
Roscommon-Galway,2ae19629-19f3-13a3-e055-000000000001,"Edmondstown, Roscommon",40258,54500,60123,78508
Roscommon-Galway,2ae19629-19f4-13a3-e055-000000000001,"Elia, Roscommon",41024,51594,60123,78508
Roscommon-Galway,2ae19629-19f5-13a3-e055-000000000001,"Elphin, Roscommon",37724,51726,60123,78508
Roscommon-Galway,2ae19629-1a00-13a3-e055-000000000001,"Estersnow, Roscommon",51053,64821,60123,78508
Roscommon-Galway,2ae19629-1a01-13a3-e055-000000000001,"Fairymount, Roscommon",48525,62527,60123,78508
Roscommon-Galway,2ae19629-1a02-13a3-e055-000000000001,"Frenchpark, Roscommon",41594,53073,60123,78508
Roscommon-Galway,2ae19629-1a03-13a3-e055-000000000001,"Fuerty, Roscommon",63129,74467,60123,78508
Roscommon-Galway,2ae19629-1a0d-13a3-e055-000000000001,"Keadew, Roscommon",50530,56619,60123,78508
Roscommon-Galway,2ae19629-1a0e-13a3-e055-000000000001,"Kilbride North, Roscommon",56373,62281,60123,78508
Roscommon-Galway,2ae19629-1a0f-13a3-e055-000000000001,"Kilbride South, Roscommon",60841,72760,60123,78508
Roscommon-Galway,2ae19629-1a16-13a3-e055-000000000001,"Kilbryan, Roscommon",55695,76106,60123,78508
Roscommon-Galway,2ae19629-1a17-13a3-e055-000000000001,"Kilcar, Roscommon",63758,75430,60123,78508
Roscommon-Galway,2ae19629-1a23-13a3-e055-000000000001,"Kilgefin, Roscommon",46053,58601,60123,78508
Roscommon-Galway,2ae19629-1a24-13a3-e055-000000000001,"Kilglass North, Roscommon",42547,58380,60123,78508
Roscommon-Galway,2ae19629-1a25-13a3-e055-000000000001,"Kilglass South, Roscommon",46594,62418,60123,78508
Roscommon-Galway,2ae19629-1a2e-13a3-e055-000000000001,"Killavackan, Roscommon",48438,61264,60123,78508
Roscommon-Galway,2ae19629-1a2f-13a3-e055-000000000001,"Killukin, Roscommon, 197074",81704,90795,60123,78508
Roscommon-Galway,2ae19629-1a30-13a3-e055-000000000001,"Killukin, Roscommon, 197075",42782,51738,60123,78508
Roscommon-Galway,2ae19629-1a31-13a3-e055-000000000001,"Killummod, Roscommon",44311,65563,60123,78508
Roscommon-Galway,2ae19629-1990-13a3-e055-000000000001,"Kilmacumsy/Kilcolagh, Roscommon",48263,59830,60123,78508
Roscommon-Galway,2ae19629-1991-13a3-e055-000000000001,"Kilmore, Roscommon",41680,61694,60123,78508
Roscommon-Galway,2ae19629-1992-13a3-e055-000000000001,"Kilteevan, Roscommon",70243,83980,60123,78508
Roscommon-Galway,2ae19629-199a-13a3-e055-000000000001,"Kiltoom, Roscommon",85217,107536,60123,78508
Roscommon-Galway,2ae19629-199b-13a3-e055-000000000001,"Kiltullagh, Roscommon",44063,51776,60123,78508
Roscommon-Galway,2ae19629-199c-13a3-e055-000000000001,"Lackan, Roscommon",61705,75904,60123,78508
Roscommon-Galway,2ae19629-19a4-13a3-e055-000000000001,"Lecarrow, Roscommon",73209,77370,60123,78508
Roscommon-Galway,869b3460-81b8-43ea-b965-9e0df9601878,"Lisgarve/Mantua, Roscommon",41189,59216,60123,78508
Roscommon-Galway,2ae19629-19a6-13a3-e055-000000000001,"Lismaha, Roscommon",58573,69244,60123,78508
Roscommon-Galway,2ae19629-19a7-13a3-e055-000000000001,"Lissonuffy, Roscommon",49066,62090,60123,78508
Roscommon-Galway,922546d5-3ff0-4121-bfc2-ddab853e004a,"Lough Allen/Altagowlan, Roscommon",34470,46245,60123,78508
Roscommon-Galway,2ae19629-19b2-13a3-e055-000000000001,"Loughglinn, Roscommon",38311,49763,60123,78508
Roscommon-Galway,2ae19629-19bc-13a3-e055-000000000001,"Moore, Roscommon",60526,68349,60123,78508
Roscommon-Galway,2ae19629-19bd-13a3-e055-000000000001,"Mote, Roscommon",65705,78393,60123,78508
Roscommon-Galway,2ae19629-19be-13a3-e055-000000000001,"Oakport, Roscommon",59227,72624,60123,78508
Roscommon-Galway,2ae19629-19bf-13a3-e055-000000000001,"Ogulla, Roscommon",45806,57072,60123,78508
Roscommon-Galway,2ae19629-19c9-13a3-e055-000000000001,"Rockhill, Roscommon",65703,79092,60123,78508
Roscommon-Galway,2ae19629-19ca-13a3-e055-000000000001,"Rockingham, Roscommon",51588,63003,60123,78508
Roscommon-Galway,2ae19629-19cb-13a3-e055-000000000001,"Roosky, Roscommon",47716,57007,60123,78508
Roscommon-Galway,2ae19629-19d4-13a3-e055-000000000001,"Roscommon Rural, Roscommon",58111,71345,60123,78508
Roscommon-Galway,2ae19629-19d5-13a3-e055-000000000001,"Roscommon Urban, Roscommon",40515,48507,60123,78508
Roscommon-Galway,2ae19629-19d6-13a3-e055-000000000001,"Rosmoylan, Roscommon",42844,52601,60123,78508
Roscommon-Galway,2ae19629-19d7-13a3-e055-000000000001,"Rossmore, Roscommon",51881,56157,60123,78508
Roscommon-Galway,2ae19629-19e0-13a3-e055-000000000001,"Rushfield, Roscommon",58350,68307,60123,78508
Roscommon-Galway,2ae19629-19e1-13a3-e055-000000000001,"Scregg, Roscommon",70370,73206,60123,78508
Roscommon-Galway,2ae19629-19e2-13a3-e055-000000000001,"Strokestown, Roscommon",37549,50251,60123,78508
Roscommon-Galway,2ae19629-19e9-13a3-e055-000000000001,"Taghboy, Roscommon",52283,65814,60123,78508
Roscommon-Galway,2ae19629-19ea-13a3-e055-000000000001,"Taghmaconnell, Roscommon",65408,73890,60123,78508
Roscommon-Galway,2ae19629-19eb-13a3-e055-000000000001,"Termonbarry, Roscommon",55915,66368,60123,78508
Roscommon-Galway,2ae19629-19ec-13a3-e055-000000000001,"Thomastown, Roscommon",73794,86320,60123,78508
Roscommon-Galway,2ae19629-19f6-13a3-e055-000000000001,"Tivannagh, Roscommon",50040,69193,60123,78508
Roscommon-Galway,2ae19629-19f7-13a3-e055-000000000001,"Tulsk, Roscommon",41469,59984,60123,78508
Roscommon-Galway,2ae19629-19f8-13a3-e055-000000000001,"Tumna North, Roscommon",48261,57920,60123,78508
Roscommon-Galway,2ae19629-1a04-13a3-e055-000000000001,"Tumna South, Roscommon",48484,61460,60123,78508
Roscommon-Galway,2ae19629-1a05-13a3-e055-000000000001,"Turrock, Roscommon",66139,75846,60123,78508
Sligo-Leitrim,2ae19629-1a06-13a3-e055-000000000001,"Achonry East, Sligo",47013,54738,60123,78508
Sligo-Leitrim,2ae19629-1a07-13a3-e055-000000000001,"Achonry West, Sligo",47516,58542,60123,78508
Sligo-Leitrim,2ae19629-1a10-13a3-e055-000000000001,"Aclare, Sligo",35938,51742,60123,78508
Sligo-Leitrim,2ae19629-1a11-13a3-e055-000000000001,"Aghanagh, Sligo",52077,67732,60123,78508
Sligo-Leitrim,2ae19629-1a19-13a3-e055-000000000001,"Annagh, Sligo",52178,62226,60123,78508
Sligo-Leitrim,2ae19629-1a1a-13a3-e055-000000000001,"Aughris, Sligo",38451,56914,60123,78508
Sligo-Leitrim,2ae19629-1a1b-13a3-e055-000000000001,"Ballintogher East, Sligo",56991,68323,60123,78508
Sligo-Leitrim,2ae19629-1a26-13a3-e055-000000000001,"Ballintogher West, Sligo",64892,75062,60123,78508
Sligo-Leitrim,2ae19629-1a27-13a3-e055-000000000001,"Ballymote, Sligo",44443,54028,60123,78508
Sligo-Leitrim,2ae19629-1a28-13a3-e055-000000000001,"Ballynakill, Sligo",56467,70628,60123,78508
Sligo-Leitrim,2ae19629-1a32-13a3-e055-000000000001,"Ballynashee, Sligo",47837,60935,60123,78508
Sligo-Leitrim,2ae19629-1a33-13a3-e055-000000000001,"Ballysadare East, Sligo",56441,65166,60123,78508
Sligo-Leitrim,2ae19629-1a34-13a3-e055-000000000001,"Ballysadare West, Sligo",61706,69560,60123,78508
Sligo-Leitrim,2ae19629-1987-13a3-e055-000000000001,"Banada, Sligo",42185,59178,60123,78508
Sligo-Leitrim,2ae19629-19b5-13a3-e055-000000000001,"Branchfield/Carrownaskeagh, Sligo",45722,55995,60123,78508
Sligo-Leitrim,2ae19629-1989-13a3-e055-000000000001,"Breencorragh, Sligo",46531,56346,60123,78508
Sligo-Leitrim,2ae19629-198a-13a3-e055-000000000001,"Bricklieve, Sligo",48706,62545,60123,78508
Sligo-Leitrim,2ae19629-19a8-13a3-e055-000000000001,"Buncrowey, Sligo",33879,49894,60123,78508
Sligo-Leitrim,2ae19629-19a9-13a3-e055-000000000001,"Calry, Sligo",72140,86730,60123,78508
Sligo-Leitrim,2ae19629-19aa-13a3-e055-000000000001,"Carney, Sligo",64986,76653,60123,78508
Sligo-Leitrim,2ae19629-19b4-13a3-e055-000000000001,"Carrickbanagher, Sligo",61084,69662,60123,78508
Sligo-Leitrim,2ae19629-19b6-13a3-e055-000000000001,"Cartron, Sligo",51926,57701,60123,78508
Sligo-Leitrim,2ae19629-19c0-13a3-e055-000000000001,"Castleconor East, Sligo",48576,59162,60123,78508
Sligo-Leitrim,2ae19629-19c1-13a3-e055-000000000001,"Castleconor West, Sligo",60323,71169,60123,78508
Sligo-Leitrim,2ae19629-19cc-13a3-e055-000000000001,"Cliffony North, Sligo",51026,59715,60123,78508
Sligo-Leitrim,2ae19629-19cd-13a3-e055-000000000001,"Cliffony South, Sligo",58184,71121,60123,78508
Sligo-Leitrim,2ae19629-19ce-13a3-e055-000000000001,"Cloonacool, Sligo",39759,58480,60123,78508
Sligo-Leitrim,2ae19629-19d8-13a3-e055-000000000001,"Cloonoghill, Sligo",48822,57658,60123,78508
Sligo-Leitrim,2ae19629-19d9-13a3-e055-000000000001,"Collooney, Sligo",54255,64449,60123,78508
Sligo-Leitrim,2ae19629-19e3-13a3-e055-000000000001,"Coolaney, Sligo",59547,67522,60123,78508
Sligo-Leitrim,2ae19629-19e4-13a3-e055-000000000001,"Coolavin, Sligo",37999,52241,60123,78508
Sligo-Leitrim,2ae19629-19ed-13a3-e055-000000000001,"Cuilmore, Sligo",40125,52400,60123,78508
Sligo-Leitrim,2ae19629-19ee-13a3-e055-000000000001,"Dromard East, Sligo",49824,64790,60123,78508
Sligo-Leitrim,2ae19629-19ef-13a3-e055-000000000001,"Dromard West, Sligo",69311,77184,60123,78508
Sligo-Leitrim,2ae19629-19f9-13a3-e055-000000000001,"Dromore, Sligo",44914,58982,60123,78508
Sligo-Leitrim,2ae19629-19fa-13a3-e055-000000000001,"Drumcliff East, Sligo",65376,80290,60123,78508
Sligo-Leitrim,2ae19629-1a08-13a3-e055-000000000001,"Drumcliff West, Sligo",73876,101416,60123,78508
Sligo-Leitrim,2ae19629-1a09-13a3-e055-000000000001,"Drumcolumb, Sligo",50208,61430,60123,78508
Sligo-Leitrim,2ae19629-1a0a-13a3-e055-000000000001,"Drumfin, Sligo",62304,71877,60123,78508
Sligo-Leitrim,2ae19629-1a12-13a3-e055-000000000001,"Drumrat, Sligo",46256,60463,60123,78508
Sligo-Leitrim,2ae19629-1a13-13a3-e055-000000000001,"Easky East, Sligo",36252,50217,60123,78508
Sligo-Leitrim,2ae19629-1a1c-13a3-e055-000000000001,"Easky West, Sligo",40368,54302,60123,78508
Sligo-Leitrim,2ae19629-1a1d-13a3-e055-000000000001,"Glencar, Sligo",80406,82502,60123,78508
Sligo-Leitrim,2ae19629-1a1e-13a3-e055-000000000001,"Glendarragh, Sligo",58476,64958,60123,78508
Sligo-Leitrim,2ae19629-1a1f-13a3-e055-000000000001,"Kilfree, Sligo",41400,51172,60123,78508
Sligo-Leitrim,2ae19629-1a29-13a3-e055-000000000001,"Kilglass, Sligo",41927,57937,60123,78508
Sligo-Leitrim,2ae19629-1a2a-13a3-e055-000000000001,"Killadoon, Sligo",48029,70958,60123,78508
Sligo-Leitrim,2ae19629-1a35-13a3-e055-000000000001,"Killaraght, Sligo",53171,61402,60123,78508
Sligo-Leitrim,2ae19629-1a36-13a3-e055-000000000001,"Kilmacowen, Sligo",68654,84261,60123,78508
Sligo-Leitrim,2ae19629-198b-13a3-e055-000000000001,"Kilmacteige, Sligo",54275,61402,60123,78508
Sligo-Leitrim,2ae19629-198c-13a3-e055-000000000001,"Kilmactranny, Sligo",57283,64405,60123,78508
Sligo-Leitrim,2ae19629-1993-13a3-e055-000000000001,"Kilshalvy, Sligo",43979,54974,60123,78508
Sligo-Leitrim,2ae19629-1994-13a3-e055-000000000001,"Kilturra, Sligo",55711,67204,60123,78508
Sligo-Leitrim,2ae19629-199d-13a3-e055-000000000001,"Knockaree, Sligo",66286,88046,60123,78508
Sligo-Leitrim,2ae19629-199e-13a3-e055-000000000001,"Lakeview, Sligo",58483,61901,60123,78508
Sligo-Leitrim,2ae19629-1995-13a3-e055-000000000001,"Leitrim, Sligo",51178,67110,60123,78508
Sligo-Leitrim,2ae19629-1996-13a3-e055-000000000001,"Lisconny, Sligo",59139,69808,60123,78508
Sligo-Leitrim,2ae19629-1997-13a3-e055-000000000001,"Lissadill East, Sligo",68820,77795,60123,78508
Sligo-Leitrim,2ae19629-199f-13a3-e055-000000000001,"Lissadill North, Sligo",62482,77425,60123,78508
Sligo-Leitrim,2ae19629-19a0-13a3-e055-000000000001,"Lissadill West, Sligo",45962,62162,60123,78508
Sligo-Leitrim,759f966a-c2c8-4bea-a71d-5e9c2d452553,"Loughil, Sligo",53678,61005,60123,78508
Sligo-Leitrim,2ae19629-19ad-13a3-e055-000000000001,"Owenmore, Sligo",42452,51752,60123,78508
Sligo-Leitrim,2ae19629-19b7-13a3-e055-000000000001,"Rathmacurkey, Sligo",40715,56390,60123,78508
Sligo-Leitrim,2ae19629-19b8-13a3-e055-000000000001,"Riverstown, Sligo",47059,60309,60123,78508
Sligo-Leitrim,2ae19629-19b9-13a3-e055-000000000001,"Rossinver East, Sligo",53942,71548,60123,78508
Sligo-Leitrim,2ae19629-19c2-13a3-e055-000000000001,"Rossinver West, Sligo",66274,74103,60123,78508
Sligo-Leitrim,2ae19629-19c3-13a3-e055-000000000001,"Shancough, Sligo",59852,69807,60123,78508
Sligo-Leitrim,2ae19629-19c4-13a3-e055-000000000001,"Skreen, Sligo",44249,51325,60123,78508
Sligo-Leitrim,2ae19629-19fc-13a3-e055-000000000001,"Sligo East, Sligo",42183,53098,60123,78508
Sligo-Leitrim,2ae19629-19fb-13a3-e055-000000000001,"Sligo North, Sligo",39063,47464,60123,78508
Sligo-Leitrim,2ae19629-19c5-13a3-e055-000000000001,"Sligo West, Sligo",47208,60240,60123,78508
Sligo-Leitrim,2ae19629-19cf-13a3-e055-000000000001,"Streamstown, Sligo",45342,69456,60123,78508
Sligo-Leitrim,2ae19629-19d0-13a3-e055-000000000001,"Temple, Sligo",60444,71218,60123,78508
Sligo-Leitrim,2ae19629-19da-13a3-e055-000000000001,"Templeboy North, Sligo",51528,64868,60123,78508
Sligo-Leitrim,2ae19629-19db-13a3-e055-000000000001,"Templeboy South/Mullagheruse, Sligo",51895,62414,60123,78508
Sligo-Leitrim,2ae19629-19e5-13a3-e055-000000000001,"Templevanny, Sligo",56356,67203,60123,78508
Sligo-Leitrim,2ae19629-19e6-13a3-e055-000000000001,"Tobercurry, Sligo",44116,53388,60123,78508
Sligo-Leitrim,2ae19629-19f0-13a3-e055-000000000001,"Toberpatrick East, Sligo",58057,75015,60123,78508
Sligo-Leitrim,2ae19629-19f1-13a3-e055-000000000001,"Toberpatrick West, Sligo",56356,74635,60123,78508
Sligo-Leitrim,2ae19629-19f2-13a3-e055-000000000001,"Toomour, Sligo",42614,51414,60123,78508
Cavan-Monaghan,2ae19629-1e0f-13a3-e055-000000000001,"Ardue, Cavan",50323,62631,60123,78508
Cavan-Monaghan,2ae19629-1e1a-13a3-e055-000000000001,"Arvagh, Cavan",47015,56306,60123,78508
Cavan-Monaghan,2ae19629-1e1b-13a3-e055-000000000001,"Ashfield, Cavan",55845,67897,60123,78508
Cavan-Monaghan,2ae19629-1c98-13a3-e055-000000000001,"Bailieborough, Cavan",51005,60286,60123,78508
Cavan-Monaghan,2ae19629-1c99-13a3-e055-000000000001,"Ballintemple, Cavan",56660,68795,60123,78508
Cavan-Monaghan,2ae19629-1cd8-13a3-e055-000000000001,"Ballyconnell, Cavan",39094,48614,60123,78508
Cavan-Monaghan,2ae19629-1cd9-13a3-e055-000000000001,"Ballyhaise, Cavan",54498,66053,60123,78508
Cavan-Monaghan,2ae19629-1cf1-13a3-e055-000000000001,"Ballyjamesduff, Cavan",52039,60528,60123,78508
Cavan-Monaghan,2ae19629-1cf2-13a3-e055-000000000001,"Ballymachugh, Cavan",58733,72837,60123,78508
Cavan-Monaghan,2ae19629-1d13-13a3-e055-000000000001,"Ballymagauran, Cavan",55243,57677,60123,78508
Cavan-Monaghan,2ae19629-1d14-13a3-e055-000000000001,"Bawnboy, Cavan",46981,61755,60123,78508
Cavan-Monaghan,2ae19629-1d32-13a3-e055-000000000001,"Bellananagh, Cavan",52982,62453,60123,78508
Cavan-Monaghan,2ae19629-1d33-13a3-e055-000000000001,"Belturbet, Cavan",34885,45247,60123,78508
Cavan-Monaghan,2ae19629-1d51-13a3-e055-000000000001,"Bilberry, Cavan",36095,52156,60123,78508
Cavan-Monaghan,2ae19629-1d52-13a3-e055-000000000001,"Bruce Hall, Cavan",48476,66051,60123,78508
Cavan-Monaghan,2ae19629-1d53-13a3-e055-000000000001,"Butler's Bridge, Cavan",52927,71959,60123,78508
Cavan-Monaghan,2ae19629-1d54-13a3-e055-000000000001,"Canningstown, Cavan",49372,68524,60123,78508
Cavan-Monaghan,2ae19629-1d72-13a3-e055-000000000001,"Carn, Cavan",48792,81983,60123,78508
Cavan-Monaghan,2ae19629-1d73-13a3-e055-000000000001,"Carnagarve, Cavan",56571,67388,60123,78508
Cavan-Monaghan,2ae19629-1d74-13a3-e055-000000000001,"Carrafin, Cavan",67274,76056,60123,78508
Cavan-Monaghan,2ae19629-1d8f-13a3-e055-000000000001,"Castlerahan, Cavan",57507,70001,60123,78508
Cavan-Monaghan,2ae19629-1d90-13a3-e055-000000000001,"Castlesaunderson, Cavan",59909,68122,60123,78508
Cavan-Monaghan,2ae19629-1da9-13a3-e055-000000000001,"Cavan Rural, Cavan",57880,70138,60123,78508
Cavan-Monaghan,2ae19629-1daa-13a3-e055-000000000001,"Cavan Urban, Cavan",35752,44002,60123,78508
Cavan-Monaghan,2ae19629-1dab-13a3-e055-000000000001,"Clonervy, Cavan",73788,84624,60123,78508
Cavan-Monaghan,2ae19629-1dac-13a3-e055-000000000001,"Cootehill Rural, Cavan",57319,69326,60123,78508
Cavan-Monaghan,2ae19629-1dbf-13a3-e055-000000000001,"Cootehill Urban, Cavan",38280,48149,60123,78508
Cavan-Monaghan,2ae19629-1dc0-13a3-e055-000000000001,"Corr, Cavan",54489,70930,60123,78508
Cavan-Monaghan,2ae19629-1dc1-13a3-e055-000000000001,"Corraneary, Cavan",55464,64058,60123,78508
Cavan-Monaghan,2ae19629-1dd9-13a3-e055-000000000001,"Crossbane, Cavan",65647,76340,60123,78508
Cavan-Monaghan,2ae19629-1dda-13a3-e055-000000000001,"Crossdoney, Cavan",61260,74768,60123,78508
Cavan-Monaghan,2ae19629-1df9-13a3-e055-000000000001,"Crosskeys, Cavan",60576,69369,60123,78508
Cavan-Monaghan,2ae19629-1dfa-13a3-e055-000000000001,"Cuttragh, Cavan",67581,79648,60123,78508
Cavan-Monaghan,2ae19629-1dfb-13a3-e055-000000000001,"Denn, Cavan",48569,62285,60123,78508
Cavan-Monaghan,2ae19629-1e10-13a3-e055-000000000001,"Derrin, Cavan",54493,66697,60123,78508
Cavan-Monaghan,2ae19629-1e11-13a3-e055-000000000001,"Derrylahan, Cavan",29451,39059,60123,78508
Cavan-Monaghan,2ae19629-1e1c-13a3-e055-000000000001,"Diamond, Cavan",43507,55682,60123,78508
Cavan-Monaghan,2ae19629-1e1d-13a3-e055-000000000001,"Doogary, Cavan",44993,56852,60123,78508
Cavan-Monaghan,2ae19629-1e1e-13a3-e055-000000000001,"Dowra, Cavan",32179,43919,60123,78508
Cavan-Monaghan,2ae19629-1c9a-13a3-e055-000000000001,"Drumanespick, Cavan",58037,70056,60123,78508
Cavan-Monaghan,2ae19629-1c9b-13a3-e055-000000000001,"Drumcarban, Cavan",56226,63047,60123,78508
Cavan-Monaghan,2ae19629-1ca9-13a3-e055-000000000001,"Drumcarn, Cavan",56981,66659,60123,78508
Cavan-Monaghan,2ae19629-1caa-13a3-e055-000000000001,"Drumlumman, Cavan",62483,74753,60123,78508
Cavan-Monaghan,2ae19629-1cab-13a3-e055-000000000001,"Drung, Cavan",58842,68302,60123,78508
Cavan-Monaghan,f91caa0f-0c2d-4ce7-a5b0-7a5ac354cb4f,"Dunmakeever/Benbrack/Derrynananta, Cavan",35038,44279,60123,78508
Cavan-Monaghan,2ae19629-1cba-13a3-e055-000000000001,"Enniskeen, Cavan",63692,73557,60123,78508
Cavan-Monaghan,2ae19629-1cbb-13a3-e055-000000000001,"Eskey, Cavan",45087,61645,60123,78508
Cavan-Monaghan,2ae19629-1cac-13a3-e055-000000000001,"Graddum, Cavan",49924,64543,60123,78508
Cavan-Monaghan,2ae19629-1cad-13a3-e055-000000000001,"Grilly, Cavan",51123,63407,60123,78508
Cavan-Monaghan,2ae19629-1cbc-13a3-e055-000000000001,"Kilbride, Cavan",54232,64076,60123,78508
Cavan-Monaghan,2ae19629-1cbd-13a3-e055-000000000001,"Kilcogy, Cavan",51306,63275,60123,78508
Cavan-Monaghan,2ae19629-1cda-13a3-e055-000000000001,"Kilconny, Cavan",50678,62604,60123,78508
Cavan-Monaghan,2ae19629-1cdb-13a3-e055-000000000001,"Kilgolagh, Cavan",39578,52412,60123,78508
Cavan-Monaghan,2ae19629-1cdc-13a3-e055-000000000001,"Kill, Cavan",56838,66621,60123,78508
Cavan-Monaghan,2ae19629-1cf3-13a3-e055-000000000001,"Killashandra, Cavan",42058,54311,60123,78508
Cavan-Monaghan,06698531-f7f7-4058-a15f-7d455ef0dd94,"Killinagh/Teebane, Cavan",36933,58401,60123,78508
Cavan-Monaghan,2ae19629-1cf5-13a3-e055-000000000001,"Killinkere, Cavan",58546,72591,60123,78508
Cavan-Monaghan,2ae19629-1d15-13a3-e055-000000000001,"Killykeen, Cavan",62827,78470,60123,78508
Cavan-Monaghan,2ae19629-1d16-13a3-e055-000000000001,"Kilnaleck, Cavan",47851,59817,60123,78508
Cavan-Monaghan,2ae19629-1d35-13a3-e055-000000000001,"Kinawley, Cavan",38241,52936,60123,78508
Cavan-Monaghan,2ae19629-1d36-13a3-e055-000000000001,"Kingscourt, Cavan",56244,65868,60123,78508
Cavan-Monaghan,2ae19629-1d55-13a3-e055-000000000001,"Knappagh, Cavan",62139,71489,60123,78508
Cavan-Monaghan,2ae19629-1d56-13a3-e055-000000000001,"Larah North, Cavan",73099,79773,60123,78508
Cavan-Monaghan,2ae19629-1d75-13a3-e055-000000000001,"Larah South, Cavan",64910,71314,60123,78508
Cavan-Monaghan,2ae19629-1d76-13a3-e055-000000000001,"Lisagoan, Cavan",70356,74565,60123,78508
Cavan-Monaghan,2ae19629-1d77-13a3-e055-000000000001,"Lissanover, Cavan",49853,62816,60123,78508
Cavan-Monaghan,2ae19629-1d91-13a3-e055-000000000001,"Loughdawan, Cavan",47149,61717,60123,78508
Cavan-Monaghan,2ae19629-1d92-13a3-e055-000000000001,"Lurgan, Cavan",58962,72236,60123,78508
Cavan-Monaghan,2ae19629-1d93-13a3-e055-000000000001,"Milltown, Cavan",42130,57103,60123,78508
Cavan-Monaghan,2ae19629-1dad-13a3-e055-000000000001,"Moynehall, Cavan",64890,80589,60123,78508
Cavan-Monaghan,2ae19629-1dae-13a3-e055-000000000001,"Mullagh, Cavan",57106,68444,60123,78508
Cavan-Monaghan,2ae19629-1dc2-13a3-e055-000000000001,"Munterconnaught, Cavan",66964,77125,60123,78508
Cavan-Monaghan,2ae19629-1c9d-13a3-e055-000000000001,"Pedara Vohers/Tircahan, Cavan",29479,42477,60123,78508
Cavan-Monaghan,2ae19629-1dc4-13a3-e055-000000000001,"Rakenny, Cavan",50017,60394,60123,78508
Cavan-Monaghan,2ae19629-1ddb-13a3-e055-000000000001,"Redhill, Cavan",53803,69915,60123,78508
Cavan-Monaghan,2ae19629-1ddc-13a3-e055-000000000001,"Scrabby, Cavan",52493,66662,60123,78508
Cavan-Monaghan,2ae19629-1ddd-13a3-e055-000000000001,"Shercock, Cavan",52786,61001,60123,78508
Cavan-Monaghan,2ae19629-1dfc-13a3-e055-000000000001,"Skeagh, Cavan",62448,71207,60123,78508
Cavan-Monaghan,2ae19629-1dfd-13a3-e055-000000000001,"Springfield, Cavan",41995,58525,60123,78508
Cavan-Monaghan,2ae19629-1e13-13a3-e055-000000000001,"Stradone, Cavan",61778,71569,60123,78508
Cavan-Monaghan,2ae19629-1e14-13a3-e055-000000000001,"Swanlinbar, Cavan",29929,43375,60123,78508
Cavan-Monaghan,2ae19629-1e1f-13a3-e055-000000000001,"Taghart, Cavan",57995,66851,60123,78508
Cavan-Monaghan,2ae19629-1e21-13a3-e055-000000000001,"Templeport, Cavan",39346,45937,60123,78508
Cavan-Monaghan,2ae19629-1c9c-13a3-e055-000000000001,"Termon, Cavan",56113,66217,60123,78508
Cavan-Monaghan,2ae19629-1c9e-13a3-e055-000000000001,"Tuam, Cavan",38378,53733,60123,78508
Cavan-Monaghan,2ae19629-1cae-13a3-e055-000000000001,"Tullyvin East, Cavan",67693,78905,60123,78508
Cavan-Monaghan,2ae19629-1caf-13a3-e055-000000000001,"Tullyvin West, Cavan",73265,84179,60123,78508
Cavan-Monaghan,2ae19629-1faf-13a3-e055-000000000001,"Virginia, Cavan",57668,70573,60123,78508
Cavan-Monaghan,2ae19629-1fb0-13a3-e055-000000000001,"Waterloo, Cavan",65526,72368,60123,78508
Donegal,2ae19629-21c1-13a3-e055-000000000001,"Altnapaste, Donegal",50139,59724,60123,78508
Donegal,2ae19629-21c2-13a3-e055-000000000001,"Annagary, Donegal",39008,51840,60123,78508
Donegal,2ae19629-21c3-13a3-e055-000000000001,"Aran, Donegal",25548,37461,60123,78508
Donegal,2ae19629-21cc-13a3-e055-000000000001,"Ardara, Donegal",38446,48004,60123,78508
Donegal,2ae19629-21cd-13a3-e055-000000000001,"Ardmalin, Donegal",35900,46006,60123,78508
Donegal,2ae19629-21ce-13a3-e055-000000000001,"Ards, Donegal",49723,58924,60123,78508
Sligo-Leitrim,2ae19629-21cf-13a3-e055-000000000001,"Ballintra, Donegal, 057007",44949,56549,60123,78508
Sligo-Leitrim,2ae19629-21d0-13a3-e055-000000000001,"Ballintra, Donegal, 057008",37860,55292,60123,78508
Donegal,2ae19629-21da-13a3-e055-000000000001,"Ballyarr, Donegal",58062,66576,60123,78508
Donegal,2ae19629-21d1-13a3-e055-000000000001,"Ballyliffin, Donegal",39913,48903,60123,78508
Donegal,2ae19629-21db-13a3-e055-000000000001,"Ballymacool, Donegal",55759,64217,60123,78508
Sligo-Leitrim,2ae19629-21e5-13a3-e055-000000000001,"Ballyshannon Rural, Donegal",54543,64363,60123,78508
Sligo-Leitrim,2ae19629-21dc-13a3-e055-000000000001,"Ballyshannon Urban, Donegal",34773,45054,60123,78508
Donegal,2ae19629-21e6-13a3-e055-000000000001,"Binbane, Donegal",39673,51778,60123,78508
Donegal,2ae19629-21ee-13a3-e055-000000000001,"Birdstown, Donegal",37373,44264,60123,78508
Donegal,2ae19629-21ef-13a3-e055-000000000001,"Bonnyglen, Donegal",52706,59131,60123,78508
Donegal,2ae19629-21f7-13a3-e055-000000000001,"Buncrana Rural, Donegal",43628,52261,60123,78508
Donegal,2ae19629-21f8-13a3-e055-000000000001,"Buncrana Urban, Donegal",34161,45618,60123,78508
Sligo-Leitrim,2ae19629-2106-13a3-e055-000000000001,"Bundoran Rural, Donegal",51920,65949,60123,78508
Sligo-Leitrim,2ae19629-2107-13a3-e055-000000000001,"Bundoran Urban, Donegal",34981,45004,60123,78508
Donegal,2ae19629-2112-13a3-e055-000000000001,"Burt, Donegal",33976,44745,60123,78508
Donegal,2ae19629-2113-13a3-e055-000000000001,"Carndonagh, Donegal",37646,47576,60123,78508
Donegal,2ae19629-2060-13a3-e055-000000000001,"Carrickart, Donegal",37784,48253,60123,78508
Sligo-Leitrim,2ae19629-2061-13a3-e055-000000000001,"Carrickboy, Donegal",49376,55071,60123,78508
Donegal,2ae19629-206a-13a3-e055-000000000001,"Carrowkeel, Donegal",41607,53655,60123,78508
Donegal,2ae19629-206b-13a3-e055-000000000001,"Carthage, Donegal",34843,42164,60123,78508
Donegal,2ae19629-206c-13a3-e055-000000000001,"Castlecary, Donegal",38815,51596,60123,78508
Donegal,2ae19629-2077-13a3-e055-000000000001,"Castlefinn, Donegal",33161,44080,60123,78508
Donegal,2ae19629-2078-13a3-e055-000000000001,"Castleforward, Donegal",47310,52606,60123,78508
Donegal,2ae19629-2081-13a3-e055-000000000001,"Castlewray, Donegal",66180,82704,60123,78508
Sligo-Leitrim,2ae19629-2082-13a3-e055-000000000001,"Cavangarden, Donegal",45099,59098,60123,78508
Donegal,2ae19629-2083-13a3-e055-000000000001,"Church Hill, Donegal",46809,61213,60123,78508
Sligo-Leitrim,2ae19629-208f-13a3-e055-000000000001,"Cliff, Donegal",53343,60668,60123,78508
Donegal,2ae19629-2090-13a3-e055-000000000001,"Cloghan, Donegal",52320,60992,60123,78508
Donegal,2ae19629-2091-13a3-e055-000000000001,"Cloghard, Donegal",36896,47947,60123,78508
Donegal,2ae19629-2092-13a3-e055-000000000001,"Clogher, Donegal",57518,75659,60123,78508
Donegal,2ae19629-209a-13a3-e055-000000000001,"Clonleigh North, Donegal",39024,48236,60123,78508
Donegal,2ae19629-209b-13a3-e055-000000000001,"Clonleigh South, Donegal",32493,41934,60123,78508
Donegal,2ae19629-20a8-13a3-e055-000000000001,"Convoy, Donegal",40961,51675,60123,78508
Donegal,2ae19629-20a9-13a3-e055-000000000001,"Corkermore, Donegal",40490,48363,60123,78508
Donegal,2ae19629-20b3-13a3-e055-000000000001,"Corravaddy, Donegal",58552,67138,60123,78508
Donegal,2ae19629-20b4-13a3-e055-000000000001,"Cranford, Donegal",39911,50017,60123,78508
Donegal,2ae19629-20b5-13a3-e055-000000000001,"Creenasmear, Donegal",44743,52964,60123,78508
Donegal,2ae19629-20c1-13a3-e055-000000000001,"Creeslough, Donegal",34250,49947,60123,78508
Donegal,2ae19629-20c2-13a3-e055-000000000001,"Cross Roads, Donegal",36149,45959,60123,78508
Donegal,2ae19629-20c3-13a3-e055-000000000001,"Crovehy, Donegal",42024,46799,60123,78508
Donegal,2ae19629-20c4-13a3-e055-000000000001,"Crowkeeragh, Donegal",40841,46460,60123,78508
Donegal,2ae19629-20ce-13a3-e055-000000000001,"Crownarad, Donegal",59964,83029,60123,78508
Donegal,2ae19629-20cf-13a3-e055-000000000001,"Culdaff, Donegal",36109,46339,60123,78508
Donegal,2ae19629-20d0-13a3-e055-000000000001,"Dawros, Donegal",41082,55600,60123,78508
Donegal,2ae19629-20d1-13a3-e055-000000000001,"Desertegny, Donegal",38542,51892,60123,78508
Donegal,2ae19629-20d9-13a3-e055-000000000001,"Doe Castle, Donegal",47756,59047,60123,78508
Donegal,2ae19629-20da-13a3-e055-000000000001,"Donegal, Donegal",46387,59444,60123,78508
Donegal,2ae19629-20db-13a3-e055-000000000001,"Doocharry, Donegal",25433,31848,60123,78508
Donegal,2ae19629-20e3-13a3-e055-000000000001,"Dooish, Donegal",52150,62817,60123,78508
Donegal,2ae19629-20e4-13a3-e055-000000000001,"Dunaff, Donegal",37067,44848,60123,78508
Donegal,2ae19629-20e5-13a3-e055-000000000001,"Dunfanaghy, Donegal",43761,55629,60123,78508
Donegal,2ae19629-20e6-13a3-e055-000000000001,"Dunglow, Donegal",36143,47753,60123,78508
Donegal,2ae19629-20e7-13a3-e055-000000000001,"Dunkineely, Donegal",39671,51554,60123,78508
Donegal,2ae19629-20e8-13a3-e055-000000000001,"Dunlewy, Donegal",38752,51909,60123,78508
Donegal,2ae19629-20e9-13a3-e055-000000000001,"Eanymore, Donegal",36627,50254,60123,78508
Donegal,2ae19629-20f6-13a3-e055-000000000001,"Edenacarnan, Donegal",64083,72668,60123,78508
Donegal,2ae19629-20f7-13a3-e055-000000000001,"Fahan, Donegal",39270,54645,60123,78508
Donegal,2ae19629-20f8-13a3-e055-000000000001,"Fanad North, Donegal",43751,56122,60123,78508
Donegal,2ae19629-20f9-13a3-e055-000000000001,"Fanad West, Donegal",37612,45047,60123,78508
Donegal,2ae19629-20fa-13a3-e055-000000000001,"Feddyglass, Donegal",37861,50315,60123,78508
Donegal,2ae19629-204b-13a3-e055-000000000001,"Figart, Donegal",45755,53316,60123,78508
Donegal,2ae19629-204c-13a3-e055-000000000001,"Fintown, Donegal",50150,60258,60123,78508
Donegal,2ae19629-2057-13a3-e055-000000000001,"Gartan, Donegal",52449,59836,60123,78508
Donegal,2ae19629-2058-13a3-e055-000000000001,"Glen, Donegal",35714,43032,60123,78508
Donegal,2ae19629-2062-13a3-e055-000000000001,"Glenalla, Donegal",54960,65538,60123,78508
Donegal,2ae19629-206d-13a3-e055-000000000001,"Gleneely, Donegal, 057073",36120,43984,60123,78508
Donegal,2ae19629-206e-13a3-e055-000000000001,"Gleneely, Donegal, 057074",50125,57487,60123,78508
Donegal,2ae19629-2079-13a3-e055-000000000001,"Gleneganon, Donegal",43877,51543,60123,78508
Donegal,2ae19629-206f-13a3-e055-000000000001,"Glengesh, Donegal",41623,51671,60123,78508
Donegal,2ae19629-2070-13a3-e055-000000000001,"Glenleheen, Donegal",40455,51577,60123,78508
Donegal,2ae19629-207a-13a3-e055-000000000001,"Glenties, Donegal",40879,52393,60123,78508
Donegal,2ae19629-207b-13a3-e055-000000000001,"Glentogher, Donegal",32351,41282,60123,78508
Donegal,2ae19629-2084-13a3-e055-000000000001,"Goland, Donegal",50060,61904,60123,78508
Donegal,2ae19629-2085-13a3-e055-000000000001,"Gortahork, Donegal",35155,45880,60123,78508
Donegal,2ae19629-2086-13a3-e055-000000000001,"Gortnavern, Donegal",66933,77923,60123,78508
Donegal,2ae19629-2087-13a3-e055-000000000001,"Graffy, Donegal",30369,37150,60123,78508
Donegal,2ae19629-2088-13a3-e055-000000000001,"Greencastle, Donegal",36542,47761,60123,78508
Donegal,2ae19629-2093-13a3-e055-000000000001,"Greenfort, Donegal",34870,47375,60123,78508
Donegal,2ae19629-2094-13a3-e055-000000000001,"Grousehall, Donegal",30360,39147,60123,78508
Donegal,2ae19629-209c-13a3-e055-000000000001,"Haugh, Donegal",52836,65544,60123,78508
Donegal,2ae19629-209d-13a3-e055-000000000001,"Illies, Donegal",43612,49787,60123,78508
Donegal,2ae19629-209e-13a3-e055-000000000001,"Inch Island, Donegal",38488,43279,60123,78508
Donegal,2ae19629-20aa-13a3-e055-000000000001,"Inishkeel, Donegal",35202,39714,60123,78508
Donegal,2ae19629-20ab-13a3-e055-000000000001,"Inver, Donegal",51706,67922,60123,78508
Donegal,2ae19629-20ac-13a3-e055-000000000001,"Kilcar, Donegal",42827,53448,60123,78508
Donegal,2ae19629-20b6-13a3-e055-000000000001,"Kilderry, Donegal",30328,40371,60123,78508
Donegal,2ae19629-20b7-13a3-e055-000000000001,"Kilgoly, Donegal",39011,47054,60123,78508
Donegal,2ae19629-20b8-13a3-e055-000000000001,"Killea, Donegal",29253,41911,60123,78508
Donegal,2ae19629-20b9-13a3-e055-000000000001,"Killybegs, Donegal",46002,63597,60123,78508
Donegal,2ae19629-20ba-13a3-e055-000000000001,"Killygarvan, Donegal",42549,50939,60123,78508
Donegal,2ae19629-20c5-13a3-e055-000000000001,"Killygordon, Donegal",38206,48245,60123,78508
Donegal,2ae19629-20c6-13a3-e055-000000000001,"Killymasny, Donegal",59746,77617,60123,78508
Donegal,2ae19629-20c7-13a3-e055-000000000001,"Kilmacrenan, Donegal",42372,57225,60123,78508
Donegal,2ae19629-20d2-13a3-e055-000000000001,"Kincraigy, Donegal",49376,58270,60123,78508
Donegal,2ae19629-20d3-13a3-e055-000000000001,"Knock, Donegal",54818,62304,60123,78508
Donegal,2ae19629-20dc-13a3-e055-000000000001,"Knockalla, Donegal",35807,46848,60123,78508
Donegal,2ae19629-20dd-13a3-e055-000000000001,"Laghy, Donegal",42639,53004,60123,78508
Donegal,2ae19629-20ea-13a3-e055-000000000001,"Largymore, Donegal",43024,55537,60123,78508
Donegal,2ae19629-20eb-13a3-e055-000000000001,"Letterkenny Rural, Donegal",48819,59056,60123,78508
Donegal,2ae19629-20ec-13a3-e055-000000000001,"Letterkenny Urban, Donegal",33277,43608,60123,78508
Donegal,2ae19629-20fb-13a3-e055-000000000001,"Lettermacaward, Donegal",31679,40928,60123,78508
Donegal,2ae19629-20fc-13a3-e055-000000000001,"Lettermore, Donegal",50560,58550,60123,78508
Donegal,2ae19629-20fd-13a3-e055-000000000001,"Lough Eask, Donegal",46844,57673,60123,78508
Donegal,2ae19629-20fe-13a3-e055-000000000001,"Loughkeel, Donegal",52580,68644,60123,78508
Donegal,2ae19629-2042-13a3-e055-000000000001,"Maas, Donegal",46154,62194,60123,78508
Donegal,2ae19629-2043-13a3-e055-000000000001,"Magheraboy, Donegal",59763,75202,60123,78508
Donegal,2ae19629-2044-13a3-e055-000000000001,"Magheraclogher, Donegal",41475,50168,60123,78508
Donegal,2ae19629-2045-13a3-e055-000000000001,"Maghery, Donegal",43075,69734,60123,78508
Donegal,2ae19629-2064-13a3-e055-000000000001,"Malin, Donegal",40083,47832,60123,78508
Donegal,2ae19629-2065-13a3-e055-000000000001,"Malinbeg, Donegal",40761,47250,60123,78508
Donegal,2ae19629-2066-13a3-e055-000000000001,"Manorcunningham, Donegal",41471,52025,60123,78508
Donegal,2ae19629-2067-13a3-e055-000000000001,"Meenaclady, Donegal",36895,47171,60123,78508
Donegal,2ae19629-2071-13a3-e055-000000000001,"Meencargagh, Donegal",50674,59627,60123,78508
Donegal,2ae19629-2072-13a3-e055-000000000001,"Millford, Donegal",45749,55662,60123,78508
Donegal,2ae19629-2073-13a3-e055-000000000001,"Mintiaghs, Donegal",44467,51800,60123,78508
Donegal,2ae19629-207c-13a3-e055-000000000001,"Moville, Donegal",31075,40869,60123,78508
Donegal,2ae19629-207d-13a3-e055-000000000001,"Mulmosog, Donegal",48680,58211,60123,78508
Donegal,2ae19629-2089-13a3-e055-000000000001,"Newtown Cunningham, Donegal",39003,51594,60123,78508
Donegal,2ae19629-208a-13a3-e055-000000000001,"Pettigoe, Donegal",30185,35949,60123,78508
Donegal,2ae19629-2095-13a3-e055-000000000001,"Raphoe, Donegal",34994,43966,60123,78508
Donegal,2ae19629-2096-13a3-e055-000000000001,"Rathmelton, Donegal",46079,62596,60123,78508
Donegal,2ae19629-2097-13a3-e055-000000000001,"Rathmullan, Donegal",46977,60389,60123,78508
Donegal,2ae19629-209f-13a3-e055-000000000001,"Redcastle, Donegal",35213,47966,60123,78508
Donegal,2ae19629-20a0-13a3-e055-000000000001,"Rosguill, Donegal",43934,56097,60123,78508
Donegal,2ae19629-20a1-13a3-e055-000000000001,"Rosnakill, Donegal",46841,56253,60123,78508
Donegal,2ae19629-20a2-13a3-e055-000000000001,"Rutland, Donegal",32644,46377,60123,78508
Donegal,2ae19629-20ad-13a3-e055-000000000001,"Seacor, Donegal",56061,57303,60123,78508
Donegal,2ae19629-20ae-13a3-e055-000000000001,"St. Johnstown, Donegal",35052,43406,60123,78508
Donegal,2ae19629-20bb-13a3-e055-000000000001,"Straid, Donegal",34524,45468,60123,78508
Donegal,2ae19629-20bc-13a3-e055-000000000001,"Stranorlar, Donegal",41036,51673,60123,78508
Donegal,2ae19629-20c8-13a3-e055-000000000001,"Tantallon, Donegal",48254,60242,60123,78508
Donegal,2ae19629-20c9-13a3-e055-000000000001,"Tawnawully, Donegal",61152,67980,60123,78508
Donegal,2ae19629-20ca-13a3-e055-000000000001,"Templecarn, Donegal",35649,49335,60123,78508
Donegal,2ae19629-20d4-13a3-e055-000000000001,"Templedouglas, Donegal",59565,68258,60123,78508
Donegal,2ae19629-20d5-13a3-e055-000000000001,"Termon, Donegal",57762,70553,60123,78508
Donegal,2ae19629-20de-13a3-e055-000000000001,"Three Trees, Donegal",34794,44146,60123,78508
Donegal,2ae19629-20df-13a3-e055-000000000001,"Tieveskeelta, Donegal",46554,55628,60123,78508
Donegal,2ae19629-20ed-13a3-e055-000000000001,"Treantaghmucklagh, Donegal",48133,59505,60123,78508
Donegal,2ae19629-20ee-13a3-e055-000000000001,"Tullynaught, Donegal",57898,68557,60123,78508
Donegal,2ae19629-20ef-13a3-e055-000000000001,"Turmone, Donegal",31587,42311,60123,78508
Donegal,2ae19629-20f0-13a3-e055-000000000001,"Urney West, Donegal",38619,50309,60123,78508
Donegal,2ae19629-2063-13a3-e055-000000000001,"West Donegal, Donegal",41416,50473,60123,78508
Donegal,2ae19629-20f1-13a3-e055-000000000001,"Whitecastle, Donegal",40496,50753,60123,78508
Cavan-Monaghan,2ae19629-1a63-13a3-e055-000000000001,"Aghabog, Monaghan",53468,64666,60123,78508
Cavan-Monaghan,2ae19629-1a64-13a3-e055-000000000001,"Anketell Grove, Monaghan",59121,66051,60123,78508
Cavan-Monaghan,2ae19629-1a65-13a3-e055-000000000001,"Annayalla, Monaghan",52893,64256,60123,78508
Cavan-Monaghan,2ae19629-1a6e-13a3-e055-000000000001,"Anny, Monaghan",56170,61953,60123,78508
Cavan-Monaghan,2ae19629-1a6f-13a3-e055-000000000001,"Ballybay Rural, Monaghan",45587,56595,60123,78508
Cavan-Monaghan,2ae19629-1a70-13a3-e055-000000000001,"Ballybay Urban, Monaghan",32338,41428,60123,78508
Cavan-Monaghan,2ae19629-1a7b-13a3-e055-000000000001,"Ballymackney, Monaghan",60418,79414,60123,78508
Cavan-Monaghan,2ae19629-1a7c-13a3-e055-000000000001,"Bellanode, Monaghan",55595,70179,60123,78508
Cavan-Monaghan,2ae19629-1a7d-13a3-e055-000000000001,"Bellatrain, Monaghan",58830,71077,60123,78508
Cavan-Monaghan,2ae19629-1a88-13a3-e055-000000000001,"Bocks, Monaghan",67650,79742,60123,78508
Cavan-Monaghan,2ae19629-1a89-13a3-e055-000000000001,"Bragan, Monaghan",45651,60546,60123,78508
Cavan-Monaghan,2ae19629-1a8a-13a3-e055-000000000001,"Broomfield, Monaghan",67751,93454,60123,78508
Cavan-Monaghan,2ae19629-1a94-13a3-e055-000000000001,"Caddagh, Monaghan",62471,71164,60123,78508
Cavan-Monaghan,2ae19629-1a95-13a3-e055-000000000001,"Carrickaslane, Monaghan",50792,71598,60123,78508
Cavan-Monaghan,2ae19629-1a96-13a3-e055-000000000001,"Carrickatee, Monaghan",58505,69549,60123,78508
Cavan-Monaghan,2ae19629-1a9e-13a3-e055-000000000001,"Carrickmacross Rural, Monaghan",53539,64670,60123,78508
Cavan-Monaghan,2ae19629-1a9f-13a3-e055-000000000001,"Carrickmacross Urban, Monaghan",40598,50007,60123,78508
Cavan-Monaghan,2ae19629-1aaa-13a3-e055-000000000001,"Castleblayney Rural, Monaghan",46439,58304,60123,78508
Cavan-Monaghan,2ae19629-1aa0-13a3-e055-000000000001,"Castleblayney Urban, Monaghan",35120,41930,60123,78508
Cavan-Monaghan,2ae19629-1aab-13a3-e055-000000000001,"Castleshane, Monaghan",60773,70930,60123,78508
Cavan-Monaghan,2ae19629-1ab4-13a3-e055-000000000001,"Church Hill, Monaghan",39992,54077,60123,78508
Cavan-Monaghan,2ae19629-1ab6-13a3-e055-000000000001,"Clones Rural, Monaghan",41640,54628,60123,78508
Cavan-Monaghan,2ae19629-1abe-13a3-e055-000000000001,"Clones Urban, Monaghan",33798,40415,60123,78508
Cavan-Monaghan,2ae19629-1ab5-13a3-e055-000000000001,"Clones, Monaghan",53152,63623,60123,78508
Cavan-Monaghan,2ae19629-1abf-13a3-e055-000000000001,"Clontibret, Monaghan",56037,65002,60123,78508
Cavan-Monaghan,2ae19629-1ac0-13a3-e055-000000000001,"Cormeen, Monaghan",55937,61686,60123,78508
Cavan-Monaghan,2ae19629-1ac1-13a3-e055-000000000001,"Corracharra, Monaghan",63721,71820,60123,78508
Cavan-Monaghan,2ae19629-1acc-13a3-e055-000000000001,"Creeve, Monaghan",61956,69252,60123,78508
Cavan-Monaghan,2ae19629-1acd-13a3-e055-000000000001,"Cremartin, Monaghan",52356,64389,60123,78508
Cavan-Monaghan,2ae19629-1ace-13a3-e055-000000000001,"Crossalare, Monaghan",56640,76433,60123,78508
Cavan-Monaghan,2ae19629-1ad8-13a3-e055-000000000001,"Currin, Monaghan",50751,60112,60123,78508
Cavan-Monaghan,2ae19629-1ad9-13a3-e055-000000000001,"Dawsongrove, Monaghan",53598,61807,60123,78508
Cavan-Monaghan,2ae19629-1ae6-13a3-e055-000000000001,"Derrygorry, Monaghan",39954,52472,60123,78508
Cavan-Monaghan,2ae19629-1ae7-13a3-e055-000000000001,"Donaghmoyne, Monaghan",63317,71333,60123,78508
Cavan-Monaghan,2ae19629-1af2-13a3-e055-000000000001,"Drum, Monaghan",50339,62568,60123,78508
Cavan-Monaghan,2ae19629-1af3-13a3-e055-000000000001,"Drumboory, Monaghan",64475,83306,60123,78508
Cavan-Monaghan,2ae19629-1af4-13a3-e055-000000000001,"Drumcarrow, Monaghan",63045,69570,60123,78508
Cavan-Monaghan,2ae19629-1a3c-13a3-e055-000000000001,"Drumgurra, Monaghan",66615,75706,60123,78508
Cavan-Monaghan,2ae19629-1a3d-13a3-e055-000000000001,"Drumhillagh, Monaghan",52336,61124,60123,78508
Cavan-Monaghan,2ae19629-1a3e-13a3-e055-000000000001,"Drummully, Monaghan",50989,60482,60123,78508
Cavan-Monaghan,2ae19629-1a4b-13a3-e055-000000000001,"Drumsnat, Monaghan",46398,56636,60123,78508
Cavan-Monaghan,2ae19629-1a4c-13a3-e055-000000000001,"Emyvale, Monaghan",47542,54502,60123,78508
Cavan-Monaghan,2ae19629-1a4d-13a3-e055-000000000001,"Enagh, Monaghan, 177043",58144,71943,60123,78508
Cavan-Monaghan,2ae19629-1a5a-13a3-e055-000000000001,"Enagh, Monaghan, 177044",61433,69485,60123,78508
Cavan-Monaghan,2ae19629-1a5b-13a3-e055-000000000001,"Figullar, Monaghan",59955,74234,60123,78508
Cavan-Monaghan,2ae19629-1a66-13a3-e055-000000000001,"Glaslough, Monaghan",50809,65368,60123,78508
Cavan-Monaghan,2ae19629-1a67-13a3-e055-000000000001,"Greagh, Monaghan",59513,70342,60123,78508
Cavan-Monaghan,2ae19629-1a71-13a3-e055-000000000001,"Inishkeen, Monaghan",50522,66170,60123,78508
Cavan-Monaghan,2ae19629-1a72-13a3-e055-000000000001,"Killeevan, Monaghan",49665,62115,60123,78508
Cavan-Monaghan,2ae19629-1a7e-13a3-e055-000000000001,"Killylough, Monaghan",54457,62034,60123,78508
Cavan-Monaghan,2ae19629-1a7f-13a3-e055-000000000001,"Killynenagh, Monaghan",53780,67244,60123,78508
Cavan-Monaghan,2ae19629-1a80-13a3-e055-000000000001,"Kilmore, Monaghan",52617,62370,60123,78508
Cavan-Monaghan,2ae19629-1a8b-13a3-e055-000000000001,"Kilmurry, Monaghan",62428,74868,60123,78508
Cavan-Monaghan,2ae19629-1a8c-13a3-e055-000000000001,"Kiltybegs, Monaghan",59446,68448,60123,78508
Cavan-Monaghan,2ae19629-1a8d-13a3-e055-000000000001,"Laragh, Monaghan",54669,66833,60123,78508
Cavan-Monaghan,2ae19629-1a97-13a3-e055-000000000001,"Lisnaveane, Monaghan",56000,63106,60123,78508
Cavan-Monaghan,2ae19629-1a98-13a3-e055-000000000001,"Lough Fea, Monaghan",69891,79465,60123,78508
Cavan-Monaghan,2ae19629-1aa1-13a3-e055-000000000001,"Monaghan Rural, Monaghan",49296,59926,60123,78508
Cavan-Monaghan,2ae19629-1aa2-13a3-e055-000000000001,"Monaghan Urban, Monaghan",36521,43735,60123,78508
Cavan-Monaghan,2ae19629-1aa3-13a3-e055-000000000001,"Mullyash, Monaghan",42641,48887,60123,78508
Cavan-Monaghan,2ae19629-1aac-13a3-e055-000000000001,"Newbliss, Monaghan",50089,59697,60123,78508
Cavan-Monaghan,2ae19629-1aad-13a3-e055-000000000001,"Rackwallace, Monaghan",65650,76377,60123,78508
Cavan-Monaghan,2ae19629-1ab7-13a3-e055-000000000001,"Raferagh, Monaghan",54841,70539,60123,78508
Cavan-Monaghan,2ae19629-1ab8-13a3-e055-000000000001,"Scotstown, Monaghan",60029,71613,60123,78508
Cavan-Monaghan,2ae19629-1ac2-13a3-e055-000000000001,"Shanmullagh, Monaghan",41867,52829,60123,78508
Cavan-Monaghan,2ae19629-1ac3-13a3-e055-000000000001,"Sheskin, Monaghan",47156,57341,60123,78508
Cavan-Monaghan,2ae19629-1ac4-13a3-e055-000000000001,"St. Tierney, Monaghan",55341,68947,60123,78508
Cavan-Monaghan,2ae19629-1ac5-13a3-e055-000000000001,"Tedavnet, Monaghan",54973,63857,60123,78508
Cavan-Monaghan,2ae19629-1acf-13a3-e055-000000000001,"Tehallan, Monaghan",58410,63009,60123,78508
Cavan-Monaghan,2ae19629-1ad0-13a3-e055-000000000001,"Tullycorbet, Monaghan",57335,68121,60123,78508
